$MeshFormat
4.1 0 8
$EndMeshFormat
$PhysicalNames
3
1 7 "airfoil"
1 8 "farfield"
2 9 "fluid"
$EndPhysicalNames
$Entities
84 6 1 0
1 1 0 0 0 
2 0.998459 0.000224 0 0 
3 0.9938439999999999 0.000891 0 0 
4 0.986185 0.00199 0 0 
5 0.975528 0.003501 0 0 
6 0.96194 0.005399 0 0 
7 0.945503 0.007651 0 0 
8 0.92632 0.010221 0 0 
9 0.904508 0.013071 0 0 
10 0.880203 0.016158 0 0 
11 0.853553 0.019438 0 0 
12 0.824724 0.022869 0 0 
13 0.793893 0.026405 0 0 
14 0.761249 0.03 0 0 
15 0.7269949999999999 0.03361 0 0 
16 0.691342 0.037188 0 0 
17 0.654508 0.040686 0 0 
18 0.616723 0.044055 0 0 
19 0.578217 0.047242 0 0 
20 0.53923 0.050196 0 0 
21 0.5 0.052862 0 0 
22 0.46077 0.055184 0 0 
23 0.421783 0.057108 0 0 
24 0.383277 0.058582 0 0 
25 0.345492 0.059557 0 0 
26 0.308658 0.059988 0 0 
27 0.273005 0.059841 0 0 
28 0.238751 0.059088 0 0 
29 0.206107 0.057712 0 0 
30 0.175276 0.055708 0 0 
31 0.146447 0.053083 0 0 
32 0.119797 0.049854 0 0 
33 0.09549199999999999 0.046049 0 0 
34 0.07368 0.041705 0 0 
35 0.054497 0.036867 0 0 
36 0.03806 0.03158 0 0 
37 0.024472 0.025893 0 0 
38 0.013815 0.019854 0 0 
39 0.006156 0.013503 0 0 
40 0.001541 0.006877 0 0 
41 0 0 0 0 
42 0.001541 -0.006877 0 0 
43 0.006156 -0.013503 0 0 
44 0.013815 -0.019854 0 0 
45 0.024472 -0.025893 0 0 
46 0.03806 -0.03158 0 0 
47 0.054497 -0.036867 0 0 
48 0.07368 -0.041705 0 0 
49 0.09549199999999999 -0.046049 0 0 
50 0.119797 -0.049854 0 0 
51 0.146447 -0.053083 0 0 
52 0.175276 -0.055708 0 0 
53 0.206107 -0.057712 0 0 
54 0.238751 -0.059088 0 0 
55 0.273005 -0.059841 0 0 
56 0.308658 -0.059988 0 0 
57 0.345492 -0.059557 0 0 
58 0.383277 -0.058582 0 0 
59 0.421783 -0.057108 0 0 
60 0.46077 -0.055184 0 0 
61 0.5 -0.052862 0 0 
62 0.53923 -0.050196 0 0 
63 0.578217 -0.047242 0 0 
64 0.616723 -0.044055 0 0 
65 0.654508 -0.040686 0 0 
66 0.691342 -0.037188 0 0 
67 0.7269949999999999 -0.03361 0 0 
68 0.761249 -0.03 0 0 
69 0.793893 -0.026405 0 0 
70 0.824724 -0.022869 0 0 
71 0.853553 -0.019438 0 0 
72 0.880203 -0.016158 0 0 
73 0.904508 -0.013071 0 0 
74 0.92632 -0.010221 0 0 
75 0.945503 -0.007651 0 0 
76 0.96194 -0.005399 0 0 
77 0.975528 -0.003501 0 0 
78 0.986185 -0.00199 0 0 
79 0.9938439999999999 -0.000891 0 0 
80 0.998459 -0.000224 0 0 
81 25 25 0 0 
82 -25 -25 0 0 
83 -25 25 0 0 
84 25 -25 0 0 
1 0 0 0 1 0.0594075925925926 0 1 7 2 1 -41 
2 0 -0.0594075925925926 0 1 0 0 1 7 2 41 -1 
3 -25 -25 0 -25 25 0 1 8 2 83 -82 
4 -25 -25 0 25 -25 0 1 8 2 82 -84 
5 25 -25 0 25 25 0 1 8 2 84 -81 
6 -25 25 0 25 25 0 1 8 2 81 -83 
1 -25 -25 0 25 25 0 1 9 6 3 4 5 6 -2 -1 
$EndEntities
$Nodes
13 3061 1 3061
0 1 0 1
1
1 -0 0
0 41 0 1
2
0 0 0
0 81 0 1
3
25 25 0
0 82 0 1
4
-25 -25 0
0 83 0 1
5
-25 25 0
0 84 0 1
6
25 -25 0
1 1 0 148
7
8
9
10
11
12
13
14
15
16
17
18
19
20
21
22
23
24
25
26
27
28
29
30
31
32
33
34
35
36
37
38
39
40
41
42
43
44
45
46
47
48
49
50
51
52
53
54
55
56
57
58
59
60
61
62
63
64
65
66
67
68
69
70
71
72
73
74
75
76
77
78
79
80
81
82
83
84
85
86
87
88
89
90
91
92
93
94
95
96
97
98
99
100
101
102
103
104
105
106
107
108
109
110
111
112
113
114
115
116
117
118
119
120
121
122
123
124
125
126
127
128
129
130
131
132
133
134
135
136
137
138
139
140
141
142
143
144
145
146
147
148
149
150
151
152
153
154
0.9970467901292559 0.0004285597224224748 0
0.993618030067137 0.000923517469625659 0
0.9898865058517299 0.001460384831944762 0
0.9859054759123718 0.002029831620094966 0
0.9817064333816633 0.002627486804389966 0
0.977311302566899 0.00324982616653366 0
0.9727362185504961 0.003893329710872881 0
0.96799446249317 0.004557551498996295 0
0.9630965617117417 0.005238962240707156 0
0.9580514410001377 0.005935717864161775 0
0.9528672528758169 0.00664801836412531 0
0.9475507653657919 0.007373294513986851 0
0.942107985086201 0.008109964405377123 0
0.936544741940381 0.008858743735267047 0
0.9308660545885691 0.00961780927748058 0
0.9250763957843913 0.01038533799615506 0
0.9191802303033836 0.01116199410943802 0
0.9131816530684924 0.01194703172168829 0
0.9070842759575496 0.01273866304238645 0
0.9008915013786079 0.01353582013526636 0
0.8946068876544314 0.01433953374344056 0
0.8882335646318865 0.01514855559340016 0
0.8817743979354352 0.0159614114793584 0
0.8752321908032354 0.01677757149375025 0
0.8686098794670873 0.01759784272542734 0
0.8619100603810765 0.01842115623354593 0
0.8551351546857834 0.01924639750602292 0
0.848287556875057 0.02007329004823496 0
0.8413697814317651 0.02090255749866783 0
0.8343840496814906 0.02173310760356242 0
0.8273324551965739 0.02256380484543337 0
0.8202170598775725 0.02339408878191604 0
0.8130401016929183 0.024224909448744 0
0.8058035752463241 0.02505542217474059 0
0.7985093622265351 0.0258846143425874 0
0.7911592816571303 0.02671165299634016 0
0.7837553258649803 0.02753738691039168 0
0.7762993547863467 0.02836144403385452 0
0.7687931031312092 0.0291829820055684 0
0.7612382400267599 0.03000115885591396 0
0.7536365213513362 0.03081630096328011 0
0.7459897209264503 0.03162869338519187 0
0.7382994468354085 0.03243744205993675 0
0.7305672528588949 0.03324165200750266 0
0.7227946840794569 0.03404078516570518 0
0.7149834470311585 0.03483580783939656 0
0.7071350851334742 0.03562609578416739 0
0.6992510696103396 0.03641075809257484 0
0.6913328337005491 0.0371888947858751 0
0.6833819143438983 0.03796086833192394 0
0.6753998686924797 0.03872705870961059 0
0.6673881090407036 0.03948658508263833 0
0.6593480141468153 0.04023855463583757 0
0.651280955808879 0.04098227757339775 0
0.6431884722112033 0.04171884526194548 0
0.6350719604439196 0.04244775398272707 0
0.626932749154942 0.04316798718360922 0
0.6187721454355773 0.04387851082789378 0
0.6105915129451953 0.04457909272523824 0
0.6023923331621851 0.04527075373172977 0
0.5941759212592325 0.04595264188252961 0
0.5859435681595387 0.04662379305951336 0
0.5776965520184798 0.04728322211560892 0
0.5694362800019067 0.04793161623386105 0
0.5611641341462732 0.04856924456116553 0
0.5528813811377705 0.04919500131726991 0
0.5445892798229414 0.04980775269912167 0
0.5362891006953376 0.05040654550093481 0
0.5279822798585544 0.05099270244238879 0
0.5196701283341916 0.05156578050389 0
0.5113539023787006 0.05212459477114598 0
0.503034858961533 0.05266792167866767 0
0.494714304817421 0.05319521408310801 0
0.4863936694717479 0.05370785741186941 0
0.478074235258866 0.0542049124301961 0
0.4697572740392411 0.05468516360457059 0
0.4614440665535051 0.05514734528010045 0
0.4531359861542227 0.05559167768195213 0
0.4448344330355137 0.05601900456756667 0
0.4365407027785772 0.05642810935544362 0
0.428256103668491 0.05681771027629615 0
0.4199819655541993 0.05718654992960374 0
0.4117197312270966 0.05753573230005057 0
0.4034707805448825 0.05786513626024453 0
0.3952364602804263 0.05817348798554013 0
0.3870181407375736 0.05845944468943512 0
0.3788172375334111 0.05872213178308949 0
0.3706352359601991 0.05896293499873811 0
0.3624735470378575 0.05918096120623082 0
0.3543335983203031 0.05937486970473788 0
0.3462168528064516 0.05954323529839519 0
0.3381248309028863 0.05968598287312427 0
0.330059050957509 0.05980387125277941 0
0.3220210166656569 0.05989578260355866 0
0.3140122717407847 0.05996049414995954 0
0.306034411366139 0.05999683999044295 0
0.2980890514924097 0.0600056493651356 0
0.2901777912896611 0.0599864624662276 0
0.2823022742022775 0.05993808671632958 0
0.2744642010754669 0.05985921771610392 0
0.2666653185668902 0.0597493185482277 0
0.2589073426358742 0.05960895506820982 0
0.2511920361151393 0.05943715996674281 0
0.2435212337510934 0.05923280076317639 0
0.2358968427124035 0.05899474245658436 0
0.2283207540612623 0.05872321242813035 0
0.2207948755679196 0.05841773669711426 0
0.2133212040116683 0.05807738088193468 0
0.2059018346757416 0.05770106000756996 0
0.1985389060832852 0.05728820908743919 0
0.1912345261626947 0.05683860089021174 0
0.1839909019585413 0.05635150301718345 0
0.1768103568886139 0.0558260175267247 0
0.1696953287910438 0.05526120409472044 0
0.1626482305177594 0.05465654043242103 0
0.1556715495410055 0.05401140864545084 0
0.148767927766451 0.05332499444503337 0
0.1419401815306333 0.05259619532169247 0
0.1351911662713799 0.05182396480165274 0
0.12852376658449 0.05100775747909595 0
0.1219410684386058 0.05014683087246067 0
0.1154464260276345 0.04923991238045179 0
0.1090433317412377 0.04828535913550252 0
0.102735268380367 0.04728257238325128 0
0.09652600052458324 0.04623074126611893 0
0.09041973411317648 0.04512805875847692 0
0.0844208773222775 0.04397242224208293 0
0.07853386831073847 0.04276302739082132 0
0.07276362608960953 0.04149864576756922 0
0.06711585726406669 0.04017624301718391 0
0.06159640241303443 0.03879357491010009 0
0.05621156175912302 0.03734880190431217 0
0.05096866415260427 0.03583887938993 0
0.04587600717793194 0.0342595643466229 0
0.04094232354951301 0.03260802713291628 0
0.0361779113020237 0.03088038140915119 0
0.03159522759578913 0.02907054952280847 0
0.02720792885140392 0.02717366148047377 0
0.02303251812009983 0.02518391217970239 0
0.01908952361468741 0.02309352815684039 0
0.01540340006199122 0.02089512476371392 0
0.01200518698237363 0.01858077021746006 0
0.008933193890407837 0.01614450465257989 0
0.006234179991832162 0.01358537521115788 0
0.003964033004300656 0.01091223489650104 0
0.002180522400105578 0.008153369563058295 0
0.0009857843297993029 0.005343866397951374 0
0.0004397321500364448 0.002569507133411275 0
1 2 0 148
155
156
157
158
159
160
161
162
163
164
165
166
167
168
169
170
171
172
173
174
175
176
177
178
179
180
181
182
183
184
185
186
187
188
189
190
191
192
193
194
195
196
197
198
199
200
201
202
203
204
205
206
207
208
209
210
211
212
213
214
215
216
217
218
219
220
221
222
223
224
225
226
227
228
229
230
231
232
233
234
235
236
237
238
239
240
241
242
243
244
245
246
247
248
249
250
251
252
253
254
255
256
257
258
259
260
261
262
263
264
265
266
267
268
269
270
271
272
273
274
275
276
277
278
279
280
281
282
283
284
285
286
287
288
289
290
291
292
293
294
295
296
297
298
299
300
301
302
0.0004397321520453601 -0.002569507146831994 0
0.0009857843376988532 -0.00534386642602144 0
0.002180522422441268 -0.008153369603932641 0
0.003964033043969649 -0.01091223494954157 0
0.006234180052287428 -0.01358537527464012 0
0.0089331939746445 -0.01614450472528637 0
0.01200518709385216 -0.01858077029911562 0
0.01540340020269414 -0.02089512485314112 0
0.01908952378715039 -0.02309352825362007 0
0.02303251832572375 -0.02518391228288687 0
0.02720792909193077 -0.02717366158950816 0
0.03159522787236191 -0.02907054963698464 0
0.03617791161560412 -0.0308803815277141 0
0.04094232390156254 -0.03260802725547718 0
0.04587600756933272 -0.03425956447266634 0
0.05096866458485918 -0.03583887951905706 0
0.05621156223269676 -0.03734880203587428 0
0.06159640292850278 -0.03879357504369763 0
0.06711585782199113 -0.04017624315228224 0
0.07276362669138346 -0.04149864590380993 0
0.07853386895790676 -0.04276302752810769 0
0.08442087801364317 -0.0439724223796131 0
0.09041973485112259 -0.04512805889611749 0
0.0965260013103245 -0.04623074140349154 0
0.1027352692139043 -0.04728257252003372 0
0.1090433326229392 -0.0482853592712442 0
0.1154464269576158 -0.04923991251464497 0
0.1219410694165976 -0.05014683100460909 0
0.1285237676102147 -0.05100775760889439 0
0.1351911673477776 -0.05182396492906697 0
0.1419401826566044 -0.05259619544615571 0
0.1487679289429185 -0.05332499456623776 0
0.1556715507680187 -0.05401140876312421 0
0.1626482317949749 -0.05465654054621755 0
0.1696953301200431 -0.05526120420444375 0
0.1768103582693149 -0.05582601763199816 0
0.1839909033914908 -0.05635150311773894 0
0.1912345276470968 -0.05683860098575579 0
0.1985389076214843 -0.05728820917786019 0
0.2059018362654108 -0.0577010600924525 0
0.2133212056561678 -0.0580773809610239 0
0.2207948772646361 -0.05841773677012806 0
0.2283207558135266 -0.05872321249504341 0
0.2358968445189198 -0.05899474251715396 0
0.2435212356101593 -0.05923280081691003 0
0.2511920380282412 -0.05943716001346213 0
0.2589073446053911 -0.05960895510789607 0
0.2666653205890268 -0.05974931858072082 0
0.2744642031498271 -0.05985921774119683 0
0.2823022763320663 -0.05993808673351379 0
0.2901777934748286 -0.05998646247552163 0
0.2980890537310275 -0.06000564936654697 0
0.3060344136551435 -0.05999683998399287 0
0.3140122740830702 -0.05996049413510958 0
0.3220210190626125 -0.05989578258010086 0
0.3300590534045828 -0.05980387122084056 0
0.3381248334047273 -0.05968598283271503 0
0.3462168553572943 -0.05954323524958068 0
0.3543336009192463 -0.0593748696467448 0
0.3624735496864144 -0.05918096113923024 0
0.3706352386597062 -0.05896293492288322 0
0.3788172402856054 -0.05872213169850343 0
0.3870181435444865 -0.05845944459565581 0
0.3952364631351408 -0.05817348788234411 0
0.4034707834523286 -0.05786513614767857 0
0.411719734187171 -0.05753573217832474 0
0.4199819685656592 -0.05718654979897473 0
0.4282561067322125 -0.05681771013590325 0
0.4365407058915149 -0.05642810920539137 0
0.4448344361958825 -0.05601900440820309 0
0.4531359893619428 -0.05559167751354285 0
0.4614440698094127 -0.0551473451027449 0
0.4697572773429025 -0.05468516341727105 0
0.478074238610244 -0.05420491223324102 0
0.4863936728716367 -0.05370785720549247 0
0.4947143082631261 -0.05319521386775459 0
0.5030348624178517 -0.05266792145634908 0
0.5113539057863512 -0.0521245945452986 0
0.5196701316977642 -0.05156578027485656 0
0.5279822831747714 -0.05099270221099849 0
0.5362891039679321 -0.05040654526749904 0
0.5445892830493901 -0.04980775246350211 0
0.5528813843118767 -0.04919500108002657 0
0.5611641372723607 -0.0485692443225342 0
0.569436283076766 -0.04793161599461245 0
0.5776965550458451 -0.04728322187595 0
0.5859435711346563 -0.04662379281924257 0
0.5941759241860514 -0.04595264164172427 0
0.6023923360397316 -0.04527075349090622 0
0.6105915157702406 -0.04457909248508501 0
0.6187721482136916 -0.04387851058808383 0
0.6269327518801149 -0.04316798694434851 0
0.6350719631202991 -0.04244775374408725 0
0.6431884748251816 -0.04171884502556455 0
0.6512809583668551 -0.04098227733910883 0
0.6593480166472948 -0.04023855440363912 0
0.6673881114855607 -0.03948658485238326 0
0.675399871078228 -0.03872705848198655 0
0.6833819166754541 -0.03796086810680019 0
0.691332835985741 -0.03718889456280305 0
0.6992510718445742 -0.0364107578715791 0
0.7071350873173271 -0.0356260955655097 0
0.714983449163855 -0.03483580762345805 0
0.7227946861630808 -0.03404078495256251 0
0.7305672548860258 -0.03324165179789285 0
0.7382994488024589 -0.03243744185418145 0
0.7459897228405832 -0.03162869318283629 0
0.7536365232155191 -0.03081630076427914 0
0.7612382418389965 -0.03000115866073612 0
0.7687931048971653 -0.02918298181328144 0
0.7762993565017401 -0.02836144384516486 0
0.7837553275315038 -0.02753738672534531 0
0.7911592832690376 -0.02671165281580068 0
0.7985093637911895 -0.02588461416561895 0
0.8058035767601675 -0.02505542200180133 0
0.8130401031516536 -0.02422490928057968 0
0.8202170612846988 -0.02339408861836724 0
0.827332456546372 -0.02256380468720461 0
0.8343840509850031 -0.02173310744927095 0
0.8413697826831071 -0.02090255734925432 0
0.8482875580712324 -0.0200732899042991 0
0.8551351558343064 -0.01924639736677703 0
0.8619100614725271 -0.01842115609999136 0
0.8686098805180464 -0.01759784259574618 0
0.8752321918025567 -0.01677757136951369 0
0.8817743988888135 -0.01596141135994401 0
0.888233565536199 -0.01514855547908 0
0.894606888513344 -0.01433953363398169 0
0.9008915021855736 -0.01353582003172594 0
0.9070842767169123 -0.01273866294423415 0
0.9131816537849189 -0.01194703162827929 0
0.9191802309737057 -0.01116199402140399 0
0.9250763964122954 -0.01038533791322139 0
0.9308660551635164 -0.009617809200930508 0
0.9365447424680521 -0.008858743664470772 0
0.9421079855578398 -0.008109964341712397 0
0.9475507657861654 -0.007373294456879003 0
0.9528672532584219 -0.006648018311725494 0
0.9580514413390504 -0.00593571781746078 0
0.9630965620185201 -0.005238962198209974 0
0.9679944627582657 -0.004557551461970581 0
0.9727362187828739 -0.00389332967824332 0
0.9773113027576932 -0.003249826139615841 0
0.981706433528193 -0.002627486783574896 0
0.9859054760324728 -0.00202983160298097 0
0.9898865050052232 -0.001460384953501754 0
0.9936180301600525 -0.0009235174562532173 0
0.9970467901737757 -0.0004285597159752123 0
1 3 0 18
303
304
305
306
307
308
309
310
311
312
313
314
315
316
317
318
319
320
-25 22.36842105263604 0
-25 19.73684210527208 0
-25 17.10526315791981 0
-25 14.47368421056976 0
-25 11.84210526321515 0
-25 9.210526315860241 0
-25 6.578947368496678 0
-25 3.947368421132708 0
-25 1.315789473768739 0
-25 -1.315789473595224 0
-25 -3.94736842095919 0
-25 -6.578947368323163 0
-25 -9.210526315704001 0
-25 -11.84210526308667 0
-25 -14.47368421046934 0
-25 -17.105263157852 0
-25 -19.73684210523467 0
-25 -22.36842105261733 0
1 4 0 18
321
322
323
324
325
326
327
328
329
330
331
332
333
334
335
336
337
338
-22.36842105263604 -25 0
-19.73684210527208 -25 0
-17.10526315791981 -25 0
-14.47368421056976 -25 0
-11.84210526321515 -25 0
-9.210526315860241 -25 0
-6.578947368496678 -25 0
-3.947368421132708 -25 0
-1.315789473768739 -25 0
1.315789473595224 -25 0
3.94736842095919 -25 0
6.578947368323163 -25 0
9.210526315704001 -25 0
11.84210526308667 -25 0
14.47368421046934 -25 0
17.105263157852 -25 0
19.73684210523467 -25 0
22.36842105261733 -25 0
1 5 0 18
339
340
341
342
343
344
345
346
347
348
349
350
351
352
353
354
355
356
25 -22.36842105263604 0
25 -19.73684210527208 0
25 -17.10526315791981 0
25 -14.47368421056976 0
25 -11.84210526321515 0
25 -9.210526315860241 0
25 -6.578947368496678 0
25 -3.947368421132708 0
25 -1.315789473768739 0
25 1.315789473595224 0
25 3.94736842095919 0
25 6.578947368323163 0
25 9.210526315704001 0
25 11.84210526308667 0
25 14.47368421046934 0
25 17.105263157852 0
25 19.73684210523467 0
25 22.36842105261733 0
1 6 0 18
357
358
359
360
361
362
363
364
365
366
367
368
369
370
371
372
373
374
22.36842105263604 25 0
19.73684210527208 25 0
17.10526315791981 25 0
14.47368421056976 25 0
11.84210526321515 25 0
9.210526315860241 25 0
6.578947368496678 25 0
3.947368421132708 25 0
1.315789473768739 25 0
-1.315789473595224 25 0
-3.94736842095919 25 0
-6.578947368323163 25 0
-9.210526315704001 25 0
-11.84210526308667 25 0
-14.47368421046934 25 0
-17.105263157852 25 0
-19.73684210523467 25 0
-22.36842105261733 25 0
2 1 0 2687
375
376
377
378
379
380
381
382
383
384
385
386
387
388
389
390
391
392
393
394
395
396
397
398
399
400
401
402
403
404
405
406
407
408
409
410
411
412
413
414
415
416
417
418
419
420
421
422
423
424
425
426
427
428
429
430
431
432
433
434
435
436
437
438
439
440
441
442
443
444
445
446
447
448
449
450
451
452
453
454
455
456
457
458
459
460
461
462
463
464
465
466
467
468
469
470
471
472
473
474
475
476
477
478
479
480
481
482
483
484
485
486
487
488
489
490
491
492
493
494
495
496
497
498
499
500
501
502
503
504
505
506
507
508
509
510
511
512
513
514
515
516
517
518
519
520
521
522
523
524
525
526
527
528
529
530
531
532
533
534
535
536
537
538
539
540
541
542
543
544
545
546
547
548
549
550
551
552
553
554
555
556
557
558
559
560
561
562
563
564
565
566
567
568
569
570
571
572
573
574
575
576
577
578
579
580
581
582
583
584
585
586
587
588
589
590
591
592
593
594
595
596
597
598
599
600
601
602
603
604
605
606
607
608
609
610
611
612
613
614
615
616
617
618
619
620
621
622
623
624
625
626
627
628
629
630
631
632
633
634
635
636
637
638
639
640
641
642
643
644
645
646
647
648
649
650
651
652
653
654
655
656
657
658
659
660
661
662
663
664
665
666
667
668
669
670
671
672
673
674
675
676
677
678
679
680
681
682
683
684
685
686
687
688
689
690
691
692
693
694
695
696
697
698
699
700
701
702
703
704
705
706
707
708
709
710
711
712
713
714
715
716
717
718
719
720
721
722
723
724
725
726
727
728
729
730
731
732
733
734
735
736
737
738
739
740
741
742
743
744
745
746
747
748
749
750
751
752
753
754
755
756
757
758
759
760
761
762
763
764
765
766
767
768
769
770
771
772
773
774
775
776
777
778
779
780
781
782
783
784
785
786
787
788
789
790
791
792
793
794
795
796
797
798
799
800
801
802
803
804
805
806
807
808
809
810
811
812
813
814
815
816
817
818
819
820
821
822
823
824
825
826
827
828
829
830
831
832
833
834
835
836
837
838
839
840
841
842
843
844
845
846
847
848
849
850
851
852
853
854
855
856
857
858
859
860
861
862
863
864
865
866
867
868
869
870
871
872
873
874
875
876
877
878
879
880
881
882
883
884
885
886
887
888
889
890
891
892
893
894
895
896
897
898
899
900
901
902
903
904
905
906
907
908
909
910
911
912
913
914
915
916
917
918
919
920
921
922
923
924
925
926
927
928
929
930
931
932
933
934
935
936
937
938
939
940
941
942
943
944
945
946
947
948
949
950
951
952
953
954
955
956
957
958
959
960
961
962
963
964
965
966
967
968
969
970
971
972
973
974
975
976
977
978
979
980
981
982
983
984
985
986
987
988
989
990
991
992
993
994
995
996
997
998
999
1000
1001
1002
1003
1004
1005
1006
1007
1008
1009
1010
1011
1012
1013
1014
1015
1016
1017
1018
1019
1020
1021
1022
1023
1024
1025
1026
1027
1028
1029
1030
1031
1032
1033
1034
1035
1036
1037
1038
1039
1040
1041
1042
1043
1044
1045
1046
1047
1048
1049
1050
1051
1052
1053
1054
1055
1056
1057
1058
1059
1060
1061
1062
1063
1064
1065
1066
1067
1068
1069
1070
1071
1072
1073
1074
1075
1076
1077
1078
1079
1080
1081
1082
1083
1084
1085
1086
1087
1088
1089
1090
1091
1092
1093
1094
1095
1096
1097
1098
1099
1100
1101
1102
1103
1104
1105
1106
1107
1108
1109
1110
1111
1112
1113
1114
1115
1116
1117
1118
1119
1120
1121
1122
1123
1124
1125
1126
1127
1128
1129
1130
1131
1132
1133
1134
1135
1136
1137
1138
1139
1140
1141
1142
1143
1144
1145
1146
1147
1148
1149
1150
1151
1152
1153
1154
1155
1156
1157
1158
1159
1160
1161
1162
1163
1164
1165
1166
1167
1168
1169
1170
1171
1172
1173
1174
1175
1176
1177
1178
1179
1180
1181
1182
1183
1184
1185
1186
1187
1188
1189
1190
1191
1192
1193
1194
1195
1196
1197
1198
1199
1200
1201
1202
1203
1204
1205
1206
1207
1208
1209
1210
1211
1212
1213
1214
1215
1216
1217
1218
1219
1220
1221
1222
1223
1224
1225
1226
1227
1228
1229
1230
1231
1232
1233
1234
1235
1236
1237
1238
1239
1240
1241
1242
1243
1244
1245
1246
1247
1248
1249
1250
1251
1252
1253
1254
1255
1256
1257
1258
1259
1260
1261
1262
1263
1264
1265
1266
1267
1268
1269
1270
1271
1272
1273
1274
1275
1276
1277
1278
1279
1280
1281
1282
1283
1284
1285
1286
1287
1288
1289
1290
1291
1292
1293
1294
1295
1296
1297
1298
1299
1300
1301
1302
1303
1304
1305
1306
1307
1308
1309
1310
1311
1312
1313
1314
1315
1316
1317
1318
1319
1320
1321
1322
1323
1324
1325
1326
1327
1328
1329
1330
1331
1332
1333
1334
1335
1336
1337
1338
1339
1340
1341
1342
1343
1344
1345
1346
1347
1348
1349
1350
1351
1352
1353
1354
1355
1356
1357
1358
1359
1360
1361
1362
1363
1364
1365
1366
1367
1368
1369
1370
1371
1372
1373
1374
1375
1376
1377
1378
1379
1380
1381
1382
1383
1384
1385
1386
1387
1388
1389
1390
1391
1392
1393
1394
1395
1396
1397
1398
1399
1400
1401
1402
1403
1404
1405
1406
1407
1408
1409
1410
1411
1412
1413
1414
1415
1416
1417
1418
1419
1420
1421
1422
1423
1424
1425
1426
1427
1428
1429
1430
1431
1432
1433
1434
1435
1436
1437
1438
1439
1440
1441
1442
1443
1444
1445
1446
1447
1448
1449
1450
1451
1452
1453
1454
1455
1456
1457
1458
1459
1460
1461
1462
1463
1464
1465
1466
1467
1468
1469
1470
1471
1472
1473
1474
1475
1476
1477
1478
1479
1480
1481
1482
1483
1484
1485
1486
1487
1488
1489
1490
1491
1492
1493
1494
1495
1496
1497
1498
1499
1500
1501
1502
1503
1504
1505
1506
1507
1508
1509
1510
1511
1512
1513
1514
1515
1516
1517
1518
1519
1520
1521
1522
1523
1524
1525
1526
1527
1528
1529
1530
1531
1532
1533
1534
1535
1536
1537
1538
1539
1540
1541
1542
1543
1544
1545
1546
1547
1548
1549
1550
1551
1552
1553
1554
1555
1556
1557
1558
1559
1560
1561
1562
1563
1564
1565
1566
1567
1568
1569
1570
1571
1572
1573
1574
1575
1576
1577
1578
1579
1580
1581
1582
1583
1584
1585
1586
1587
1588
1589
1590
1591
1592
1593
1594
1595
1596
1597
1598
1599
1600
1601
1602
1603
1604
1605
1606
1607
1608
1609
1610
1611
1612
1613
1614
1615
1616
1617
1618
1619
1620
1621
1622
1623
1624
1625
1626
1627
1628
1629
1630
1631
1632
1633
1634
1635
1636
1637
1638
1639
1640
1641
1642
1643
1644
1645
1646
1647
1648
1649
1650
1651
1652
1653
1654
1655
1656
1657
1658
1659
1660
1661
1662
1663
1664
1665
1666
1667
1668
1669
1670
1671
1672
1673
1674
1675
1676
1677
1678
1679
1680
1681
1682
1683
1684
1685
1686
1687
1688
1689
1690
1691
1692
1693
1694
1695
1696
1697
1698
1699
1700
1701
1702
1703
1704
1705
1706
1707
1708
1709
1710
1711
1712
1713
1714
1715
1716
1717
1718
1719
1720
1721
1722
1723
1724
1725
1726
1727
1728
1729
1730
1731
1732
1733
1734
1735
1736
1737
1738
1739
1740
1741
1742
1743
1744
1745
1746
1747
1748
1749
1750
1751
1752
1753
1754
1755
1756
1757
1758
1759
1760
1761
1762
1763
1764
1765
1766
1767
1768
1769
1770
1771
1772
1773
1774
1775
1776
1777
1778
1779
1780
1781
1782
1783
1784
1785
1786
1787
1788
1789
1790
1791
1792
1793
1794
1795
1796
1797
1798
1799
1800
1801
1802
1803
1804
1805
1806
1807
1808
1809
1810
1811
1812
1813
1814
1815
1816
1817
1818
1819
1820
1821
1822
1823
1824
1825
1826
1827
1828
1829
1830
1831
1832
1833
1834
1835
1836
1837
1838
1839
1840
1841
1842
1843
1844
1845
1846
1847
1848
1849
1850
1851
1852
1853
1854
1855
1856
1857
1858
1859
1860
1861
1862
1863
1864
1865
1866
1867
1868
1869
1870
1871
1872
1873
1874
1875
1876
1877
1878
1879
1880
1881
1882
1883
1884
1885
1886
1887
1888
1889
1890
1891
1892
1893
1894
1895
1896
1897
1898
1899
1900
1901
1902
1903
1904
1905
1906
1907
1908
1909
1910
1911
1912
1913
1914
1915
1916
1917
1918
1919
1920
1921
1922
1923
1924
1925
1926
1927
1928
1929
1930
1931
1932
1933
1934
1935
1936
1937
1938
1939
1940
1941
1942
1943
1944
1945
1946
1947
1948
1949
1950
1951
1952
1953
1954
1955
1956
1957
1958
1959
1960
1961
1962
1963
1964
1965
1966
1967
1968
1969
1970
1971
1972
1973
1974
1975
1976
1977
1978
1979
1980
1981
1982
1983
1984
1985
1986
1987
1988
1989
1990
1991
1992
1993
1994
1995
1996
1997
1998
1999
2000
2001
2002
2003
2004
2005
2006
2007
2008
2009
2010
2011
2012
2013
2014
2015
2016
2017
2018
2019
2020
2021
2022
2023
2024
2025
2026
2027
2028
2029
2030
2031
2032
2033
2034
2035
2036
2037
2038
2039
2040
2041
2042
2043
2044
2045
2046
2047
2048
2049
2050
2051
2052
2053
2054
2055
2056
2057
2058
2059
2060
2061
2062
2063
2064
2065
2066
2067
2068
2069
2070
2071
2072
2073
2074
2075
2076
2077
2078
2079
2080
2081
2082
2083
2084
2085
2086
2087
2088
2089
2090
2091
2092
2093
2094
2095
2096
2097
2098
2099
2100
2101
2102
2103
2104
2105
2106
2107
2108
2109
2110
2111
2112
2113
2114
2115
2116
2117
2118
2119
2120
2121
2122
2123
2124
2125
2126
2127
2128
2129
2130
2131
2132
2133
2134
2135
2136
2137
2138
2139
2140
2141
2142
2143
2144
2145
2146
2147
2148
2149
2150
2151
2152
2153
2154
2155
2156
2157
2158
2159
2160
2161
2162
2163
2164
2165
2166
2167
2168
2169
2170
2171
2172
2173
2174
2175
2176
2177
2178
2179
2180
2181
2182
2183
2184
2185
2186
2187
2188
2189
2190
2191
2192
2193
2194
2195
2196
2197
2198
2199
2200
2201
2202
2203
2204
2205
2206
2207
2208
2209
2210
2211
2212
2213
2214
2215
2216
2217
2218
2219
2220
2221
2222
2223
2224
2225
2226
2227
2228
2229
2230
2231
2232
2233
2234
2235
2236
2237
2238
2239
2240
2241
2242
2243
2244
2245
2246
2247
2248
2249
2250
2251
2252
2253
2254
2255
2256
2257
2258
2259
2260
2261
2262
2263
2264
2265
2266
2267
2268
2269
2270
2271
2272
2273
2274
2275
2276
2277
2278
2279
2280
2281
2282
2283
2284
2285
2286
2287
2288
2289
2290
2291
2292
2293
2294
2295
2296
2297
2298
2299
2300
2301
2302
2303
2304
2305
2306
2307
2308
2309
2310
2311
2312
2313
2314
2315
2316
2317
2318
2319
2320
2321
2322
2323
2324
2325
2326
2327
2328
2329
2330
2331
2332
2333
2334
2335
2336
2337
2338
2339
2340
2341
2342
2343
2344
2345
2346
2347
2348
2349
2350
2351
2352
2353
2354
2355
2356
2357
2358
2359
2360
2361
2362
2363
2364
2365
2366
2367
2368
2369
2370
2371
2372
2373
2374
2375
2376
2377
2378
2379
2380
2381
2382
2383
2384
2385
2386
2387
2388
2389
2390
2391
2392
2393
2394
2395
2396
2397
2398
2399
2400
2401
2402
2403
2404
2405
2406
2407
2408
2409
2410
2411
2412
2413
2414
2415
2416
2417
2418
2419
2420
2421
2422
2423
2424
2425
2426
2427
2428
2429
2430
2431
2432
2433
2434
2435
2436
2437
2438
2439
2440
2441
2442
2443
2444
2445
2446
2447
2448
2449
2450
2451
2452
2453
2454
2455
2456
2457
2458
2459
2460
2461
2462
2463
2464
2465
2466
2467
2468
2469
2470
2471
2472
2473
2474
2475
2476
2477
2478
2479
2480
2481
2482
2483
2484
2485
2486
2487
2488
2489
2490
2491
2492
2493
2494
2495
2496
2497
2498
2499
2500
2501
2502
2503
2504
2505
2506
2507
2508
2509
2510
2511
2512
2513
2514
2515
2516
2517
2518
2519
2520
2521
2522
2523
2524
2525
2526
2527
2528
2529
2530
2531
2532
2533
2534
2535
2536
2537
2538
2539
2540
2541
2542
2543
2544
2545
2546
2547
2548
2549
2550
2551
2552
2553
2554
2555
2556
2557
2558
2559
2560
2561
2562
2563
2564
2565
2566
2567
2568
2569
2570
2571
2572
2573
2574
2575
2576
2577
2578
2579
2580
2581
2582
2583
2584
2585
2586
2587
2588
2589
2590
2591
2592
2593
2594
2595
2596
2597
2598
2599
2600
2601
2602
2603
2604
2605
2606
2607
2608
2609
2610
2611
2612
2613
2614
2615
2616
2617
2618
2619
2620
2621
2622
2623
2624
2625
2626
2627
2628
2629
2630
2631
2632
2633
2634
2635
2636
2637
2638
2639
2640
2641
2642
2643
2644
2645
2646
2647
2648
2649
2650
2651
2652
2653
2654
2655
2656
2657
2658
2659
2660
2661
2662
2663
2664
2665
2666
2667
2668
2669
2670
2671
2672
2673
2674
2675
2676
2677
2678
2679
2680
2681
2682
2683
2684
2685
2686
2687
2688
2689
2690
2691
2692
2693
2694
2695
2696
2697
2698
2699
2700
2701
2702
2703
2704
2705
2706
2707
2708
2709
2710
2711
2712
2713
2714
2715
2716
2717
2718
2719
2720
2721
2722
2723
2724
2725
2726
2727
2728
2729
2730
2731
2732
2733
2734
2735
2736
2737
2738
2739
2740
2741
2742
2743
2744
2745
2746
2747
2748
2749
2750
2751
2752
2753
2754
2755
2756
2757
2758
2759
2760
2761
2762
2763
2764
2765
2766
2767
2768
2769
2770
2771
2772
2773
2774
2775
2776
2777
2778
2779
2780
2781
2782
2783
2784
2785
2786
2787
2788
2789
2790
2791
2792
2793
2794
2795
2796
2797
2798
2799
2800
2801
2802
2803
2804
2805
2806
2807
2808
2809
2810
2811
2812
2813
2814
2815
2816
2817
2818
2819
2820
2821
2822
2823
2824
2825
2826
2827
2828
2829
2830
2831
2832
2833
2834
2835
2836
2837
2838
2839
2840
2841
2842
2843
2844
2845
2846
2847
2848
2849
2850
2851
2852
2853
2854
2855
2856
2857
2858
2859
2860
2861
2862
2863
2864
2865
2866
2867
2868
2869
2870
2871
2872
2873
2874
2875
2876
2877
2878
2879
2880
2881
2882
2883
2884
2885
2886
2887
2888
2889
2890
2891
2892
2893
2894
2895
2896
2897
2898
2899
2900
2901
2902
2903
2904
2905
2906
2907
2908
2909
2910
2911
2912
2913
2914
2915
2916
2917
2918
2919
2920
2921
2922
2923
2924
2925
2926
2927
2928
2929
2930
2931
2932
2933
2934
2935
2936
2937
2938
2939
2940
2941
2942
2943
2944
2945
2946
2947
2948
2949
2950
2951
2952
2953
2954
2955
2956
2957
2958
2959
2960
2961
2962
2963
2964
2965
2966
2967
2968
2969
2970
2971
2972
2973
2974
2975
2976
2977
2978
2979
2980
2981
2982
2983
2984
2985
2986
2987
2988
2989
2990
2991
2992
2993
2994
2995
2996
2997
2998
2999
3000
3001
3002
3003
3004
3005
3006
3007
3008
3009
3010
3011
3012
3013
3014
3015
3016
3017
3018
3019
3020
3021
3022
3023
3024
3025
3026
3027
3028
3029
3030
3031
3032
3033
3034
3035
3036
3037
3038
3039
3040
3041
3042
3043
3044
3045
3046
3047
3048
3049
3050
3051
3052
3053
3054
3055
3056
3057
3058
3059
3060
3061
10.63652965327025 22.5798138664029 0
10.23665540354899 -22.85394477458437 0
-23.00315298442138 7.882458642831854 0
-22.73460709343126 -7.730314011553877 0
-7.748822962910745 -22.74710239310568 0
-7.657181346861538 22.83852923382664 0
22.70424980140075 -7.930603963893432 0
22.92240482266858 7.706335953120238 0
2.462814676399351 -22.71327424089088 0
2.631578947450723 22.72098577951849 0
-22.73013878854301 -0.2319503835917417 0
22.84592132756116 0.172638917918241 0
-15.80056508316099 22.97722848998214 0
-22.50259928577078 -15.69207346985026 0
22.5868735384793 -15.55736600605108 0
22.77329336194764 15.87425758068425 0
-15.85752229172703 -22.69246271917077 0
-23.24872476696903 15.81792929829924 0
15.8097726890933 22.81199090948634 0
15.73871604669752 -22.70914756929375 0
-2.846044588396546 -22.90289791332032 0
-2.793769431542507 22.88053982847748 0
-21.19811434938349 22.80134069715179 0
20.99135380175868 -22.94651896366762 0
22.4629227570931 20.83862042273613 0
-23.06576428570982 -21.00670515194569 0
-5.216424216706549 -22.77696354440432 0
-6.566302504867619 -20.65035958083568 0
-8.812232705191661 -20.58519467906051 0
-7.652793930076921 -18.72473911079149 0
-9.757292643643549 -18.61462429140445 0
-8.582535063348974 -16.9137240851254 0
-6.635218208723953 -16.95250054187904 0
-7.510279544710292 -15.29658566967538 0
-5.713528003068214 -15.34848210071449 0
-6.51235822223123 -13.86045610493236 0
-4.876544872066285 -13.90963401446838 0
-5.565396188825128 -12.53055426912307 0
-4.113827590627199 -12.59336208815213 0
-4.721530351607045 -11.36406481222115 0
-3.387892406421405 -11.40699510010126 0
-3.94338841824282 -10.33544346126031 0
0.8028717759145401 -0.03176239745659878 0
-2.719011344514711 -10.30529445738921 0
-3.25734879666423 -9.367997817435853 0
0.5906404535965999 -0.05341116723989166 0
-2.220386132697985 -9.357699130798586 0
-2.726928315279864 -8.421042454957924 0
-1.708700508906429 -8.4775646756007 0
-3.879784672679828 -8.469295067677242 0
-3.210159697649521 -7.530859556530055 0
-4.172442434317542 -7.484136844915609 0
-3.666976507797646 -6.670093696740236 0
-4.607401831776789 -6.627073346232113 0
-4.088253087828774 -5.851428875465571 0
-3.235823375818858 -5.929899246612019 0
-5.015982402867165 -5.784453067358241 0
-4.501466250513158 -4.999965825395021 0
-5.424646555635988 -4.954826399892028 0
-4.94236928286018 -4.185648936610936 0
-5.824251111262755 -4.138157742000935 0
-5.339306794366327 -3.407651420894309 0
-6.413093045888424 -4.829827770996434 0
-6.219753797543045 -3.336730830632959 0
-5.73102378703223 -2.606709266322105 0
-6.63588411319476 -2.5356483460912 0
-6.116606036346498 -1.738856641305696 0
-1.202066491489555 -9.356223765035182 0
-0.7025480634391507 -8.491035142378344 0
-0.1850099644964133 -9.371081654764474 0
0.3172552179430875 -8.491608216474113 0
-7.062511741930919 -1.700686558484125 0
-6.532911896833995 -0.9096563283787685 0
0.848521386165608 -9.372852455740285 0
1.343676468780845 -8.476977448803114 0
0.8313770874605521 -7.641696587155902 0
1.804171811821596 -7.627650460446437 0
2.337480190258046 -8.438332211277093 0
2.79476128955956 -7.571962020895161 0
3.360392842458704 -8.419779037264892 0
3.794733213299722 -7.527021137949899 0
4.422299643898529 -8.385080697920408 0
4.826097272424033 -7.254635930437315 0
-7.511966001458967 -0.8399155468089013 0
-6.970802532982585 -0.01512996763595174 0
-8.038056382681194 -1.759666512342604 0
1.383827658905913 -6.839516587665543 0
0.4244382163938153 -0.064162230410454 0
5.575097004500098 -8.345964764972642 0
6.098577905967257 -7.293513531696513 0
5.49004807935831 -6.237983333315704 0
-7.995829038207398 0.07276848278328903 0
-7.394158691710366 0.9499224873680838 0
6.651409897640054 -6.275422525554292 0
6.020281396583218 -5.262036634780687 0
7.163742366125794 -5.247143819825854 0
6.520889378586263 -4.30190895884405 0
-4.480409194578303 -3.438136728488402 0
7.614841261115631 -4.213511278034214 0
7.003563136454282 -3.32763700356183 0
-6.441986826474141 0.7979022168923159 0
-6.808312763158107 1.792522736977426 0
-5.740293623640636 1.56154250792335 0
-6.1901338216638 2.603344798502953 0
-5.181882404170376 2.541085745678704 0
-5.612937305524927 3.442840937885985 0
-4.617514506909187 3.376644562213444 0
-5.043245426090547 4.26996745681925 0
0.7428430401927485 0.03867458769810056 0
-4.043272286814275 4.183113152959359 0
-6.072844822936112 4.371118801220022 0
-4.46621747972273 5.09648846241828 0
-3.516717150956884 4.983032257533027 0
0.5582845471490628 0.05459399055683707 0
-3.876760187661056 5.930552456914806 0
-2.798832420050176 5.682980473920604 0
8.073473539518464 -3.227572974639621 0
7.484210263805318 -2.392539940648101 0
-3.283057904350058 6.808715147447392 0
-2.205589671796727 6.688229045758857 0
8.538617017421828 -2.25924313441562 0
7.791874695068 -1.336754166302367 0
6.820166109876088 -8.347604786948743 0
-8.510445350851599 1.054631326205588 0
-1.716486432902095 5.732514069089465 0
-1.171912455756888 6.570215030422133 0
-0.753814058316328 5.678269458760568 0
-0.2097131898206232 6.439706509840011 0
0.155313279692484 5.587634111624142 0
0.7165307792150495 6.316788677617176 0
1.071336295207186 5.475891397109274 0
1.589703052716479 6.254071754990914 0
0.4005456823964811 7.259005577210299 0
-2.648070375221348 7.750102275838182 0
-3.810704891093075 7.848158408252036 0
5.438226742829698 -4.287201716946229 0
9.045719019518636 -1.241567533989383 0
8.366140712901146 -0.2497178684904656 0
8.378197267192064 -5.146979858814891 0
-7.057331269357968 -12.42918182480883 0
9.621874184858514 -0.1526009628152869 0
8.903063868907109 0.8777778248762347 0
7.681741758117425 0.7558697132637026 0
8.155824570989497 1.912309038744546 0
3.834723868416666 -9.374264917108444 0
-4.765382510909129 1.700575893636432 0
9.429069178393505 2.050265130837104 0
8.617491661843298 3.135287158694361 0
-0.3865031066260838 4.881999133875816 0
0.4078802614308282 0.06483755759265113 0
-3.136697877579454 8.850190652278258 0
-4.392819734435462 8.95626375548089 0
10.32871631338622 -1.210951054756617 0
9.962522205550766 3.325911979786174 0
9.059195518283142 4.454465542994226 0
10.51979826990936 4.6458237477257 0
9.560611285170957 5.847127978713403 0
11.37333103304466 3.504104776399307 0
-2.593610956302048 -12.49885763947013 0
-3.65906341606077 10.05919682691109 0
-5.027197223345366 10.17833672690799 0
11.1329559435895 5.992468177367474 0
10.10513476506549 7.303231518255707 0
11.79848479942935 7.473258114438584 0
10.66720971681027 8.881146535993006 0
2.007730511447122 5.363052659973829 0
-4.222999312551015 11.32967969742264 0
-5.686977906632862 11.44846924103443 0
-2.809236647811262 11.13090208476412 0
-6.503305966929973 10.23260940937846 0
-7.22231558885179 11.56188551493589 0
-8.098688450366309 10.22888792471316 0
-8.835298300830681 11.69913834636623 0
-9.761117485717227 10.2677753286571 0
-10.53806021474384 11.82937164184119 0
2.600395976053732 6.123065759641976 0
-10.62854120887427 -16.76768042296935 0
12.4426988982831 9.125654967916033 0
11.33179916564697 10.52220586817173 0
9.528636587886915 10.25130074457628 0
-11.47601461914761 10.36266482286252 0
6.969622902103586 1.736152866693633 0
-3.452114364847406 12.53811825694956 0
-1.852153904966927 12.32922404430059 0
-5.116189920730364 -7.389961172758122 0
10.19328836721457 11.91054162875269 0
8.400894792145635 11.61914091932519 0
11.90955910074288 12.31957943780989 0
-12.32234693768132 11.95523819306823 0
-10.68066544225793 8.798591887206005 0
-12.40908431995565 8.869531109794401 0
6.536609452808262 0.7028440027821083 0
5.905865625686506 1.555548427928445 0
5.504859947965175 0.6950718900951969 0
4.976584726578201 1.417896498507585 0
4.547440820845499 0.6000138060931399 0
4.174464513228476 1.258113690629319 0
3.846894974062907 0.6771783765021429 0
3.514049559152935 1.164915867565036 0
3.243929604717066 0.6384227908347451 0
2.975038295473809 1.071302693956603 0
0.8921160246362644 0.02022541523385343 0
3.550507036798042 0.2071822701724998 0
3.083922097235562 0.1498689835245648 0
3.339304367196103 -0.2293011447649698 0
2.904145476972607 -0.2496503326843599 0
3.132662111605228 -0.6174557665553854 0
2.672815279821187 -0.6044002016602817 0
2.928783131905371 -0.9823229899782092 0
2.544477999313395 -1.005470181310077 0
0.9286511580768777 -0.01510370381079396 0
2.747248759886467 -1.341507861851436 0
2.391445180791459 -1.360009528664325 0
2.564620301090216 -1.698739529476975 0
2.133748302347614 -1.664226926041372 0
2.368731713534034 -2.065438285246285 0
1.941904678402655 -2.082984633325648 0
0.2626651034642056 -0.06637954602790788 0
1.715120511631199 -1.728486163366084 0
1.534482763837867 -2.085374650981847 0
1.325533197838562 -1.735070027214377 0
1.144301007690118 -2.077814217403298 0
0.9323501438395663 -1.768103105541509 0
0.158603933170112 -0.06034630036722935 0
0.6959856028658159 -0.0438468207511678 0
0.7672923931278941 -2.084918578384081 0
0.5643462138593905 -1.727944209510187 0
0.3953230503165598 -2.086194536179513 0
0.192610176873807 -1.76740533195662 0
0.02180615087845145 -2.095055731859493 0
-0.1796230560956888 -1.773858915761629 0
-0.3627042075717507 -2.105892108199503 0
-0.5918050129477799 -1.745369719227678 0
-0.1630886541630504 -2.469057315734588 0
1.356147513409234 -2.446292737183265 0
-0.6308814735068418 -2.455528858008978 0
-0.372082040773372 -2.885322692587001 0
2.68254512290828 0.07829545831671317 0
1.539639274240199 -1.452390507969274 0
3.174876650059556 -1.3422349662245 0
0.753381676660936 -1.492976905971374 0
-0.8759727023774166 -2.873184548178372 0
-0.6035203568232261 -3.339528240305728 0
-0.0176963657290001 -1.493481027165722 0
2.343461078911812 -0.7262353078386589 0
3.159441175785994 1.582138387849854 0
2.637856716503585 1.513926225793464 0
-1.137413384510834 -3.331072251928104 0
-0.863317873875441 -3.825950410421328 0
-0.2900581849812771 -3.817901970126016 0
-1.406136038533869 -2.84685875774224 0
-0.5615733836000689 -4.32748033214306 0
5.274570488324375 2.31008851838818 0
-3.581743530184275 3.219486074430647 0
-11.58690913047152 7.348926226077055 0
-13.32466876482113 7.391720617689554 0
-7.814565349206065 12.92069016470597 0
-12.50021483536617 5.875297925838838 0
-14.24439367568102 5.913683219843788 0
-13.3826626851529 4.389683821154135 0
13.56249509591575 7.655207269358248 0
2.80523617945915 1.997582022888327 0
2.277839157720308 1.90112199314196 0
2.099730324707278 1.389537231030417 0
1.801680634507726 1.778048350504145 0
0.2707128478317619 0.06885274227975972 0
1.637004980336744 1.3614623658856 0
1.383532856041919 1.652956875879973 0
1.251785137733315 1.254157049365436 0
1.031443461577201 1.570880577859916 0
0.1586039319146887 0.06034630020788492 0
0.9028217403828164 1.242548603983422 0
0.6478716321782553 0.04834822084459679 0
0.7041982585452944 1.513365640480032 0
0.5883128941330992 1.179549775993044 0
0.3808565245111509 1.430879237647426 0
0.2686552660047489 1.119543214192063 0
0.1004234668186297 1.342753456708895 0
-0.01582050510309985 1.07846420813795 0
-0.1836706684587541 1.278104749572571 0
-0.2847218592921792 0.9727782271683563 0
-0.4569384357768275 1.218368939958083 0
-0.5698312222692377 0.9271660325321217 0
-0.7721077345872845 1.165167344319316 0
-0.859782961617817 0.7769762943008074 0
-0.3561517598278277 1.478743683057161 0
0.4235331787865465 1.805732217922527 0
-1.125323168330178 1.102434326004333 0
-1.242851734835871 0.7098627748682098 0
1.535699920086826 1.039301931021569 0
-1.530816285850091 1.026841894823163 0
-1.653450590050336 0.6066527486441959 0
-1.43080257118817 1.49864684371458 0
-1.3028915776493 0.2835667693581972 0
-1.759634871656379 0.1728513652248001 0
1.486843522034834 2.06930768161184 0
0.7903368221692224 0.9734644048371497 0
2.441245586884357 2.457500204022442 0
-0.08643873832947982 0.8201824483870985 0
0.06874684169753913 0.04591521849734626 0
0.1049838326243909 0.05346608432734914 0
-1.962808767096427 0.962594034102241 0
5.034420611071655 -0.02088368628900672 0
9.022243942795889 13.32735764092032 0
7.199786987010802 13.03060349417717 0
8.523456472072112 7.047871995951651 0
-1.693574441345756 -3.334165590628245 0
-1.954274784827537 -2.830044994968824 0
-3.875026113822807 -15.51953647899169 0
-5.228462037837414 -1.851453408555606 0
-2.483972015291918 13.86924459974487 0
-0.8389040011771405 13.70852739288063 0
0.05078156567275316 -4.315740386446702 0
2.17134851702582 -2.464160090090432 0
2.643231182874526 -2.449965118296225 0
2.403058983322519 -2.901137168919603 0
3.160572421092695 -6.746778959663854 0
6.66963155373609 11.36859719568889 0
7.85280654652819 14.79202996814739 0
-0.6079451502663448 0.6131208766903133 0
-15.18574641066292 4.42334462140804 0
-14.33924089251244 2.840197577807603 0
-1.436177333113152 -0.1475049252647849 0
-1.894701272347407 -0.3071778585182694 0
2.94161540620001 -2.870730278658758 0
2.700057166041733 -3.366620068068324 0
2.118934088048713 -3.384842411475967 0
-0.3025213932459218 12.10321538947635 0
0.3164615448671487 -10.3279552563062 0
-14.1821365576867 8.940308697960141 0
14.26389775266895 9.40398427811569 0
-11.29638743299779 13.51764761182609 0
-13.26659586350877 13.64277446443672 0
-12.10221982696421 15.34776753260229 0
9.817965813865911 14.95504687116264 0
-0.246634990914872 -4.918618054762701 0
5.970136027807625 14.47546980174451 0
6.229897504691967 -9.470178523865673 0
7.559060033719264 -9.449759432058684 0
6.910357403205235 -10.67372567840476 0
8.367508948249647 -10.66372804614414 0
7.600537497403551 -12.03364742244462 0
9.201259254405155 -11.94985034612036 0
9.942738628523255 -10.53060324396808 0
10.74884013948589 -11.95140519032234 0
11.61847965509265 -10.37795282186672 0
12.49118797170135 -11.93713286213789 0
8.446168598990649 -13.36935614308913 0
6.725046118414868 -13.43048557797992 0
13.38413686895156 -10.2790770871499 0
7.591308652129918 -14.84806575785862 0
5.838717464580914 -14.86556583149727 0
14.40602492279538 -11.82213903095976 0
13.41941265201516 -13.56878230685823 0
12.40795188587217 -8.784926074993656 0
14.17442794669105 -8.671171092438847 0
13.16593013465012 -7.193845839172251 0
14.93940430309785 -7.062730900580172 0
6.768053597446685 -16.41697946390016 0
2.430781811422025 -3.878760045183214 0
13.7983292962498 -5.387285304916854 0
15.72438003454156 -5.433334040935359 0
14.80925559968102 -3.824301894060802 0
8.525140529783481 -16.12230051137312 0
-14.18700588534554 15.50109702411916 0
-15.36154184702582 13.70302833099452 0
-9.133849142833148 0.09141625905966747 0
4.96684560177273 -16.40441526049303 0
4.053904046115582 -14.83768829777043 0
3.152378573393638 -16.35222430659613 0
-1.501025607026038 15.31009239579284 0
-3.343184769851147 15.45882854947927 0
-4.96730219806229 6.021236688845153 0
6.647027171975972 16.29277418492242 0
9.17516193266577 -3.166253182128224 0
-7.173855914728222 -3.328096813906191 0
2.932714426990389 5.253973211622018 0
3.63182406677115 6.027369043758433 0
3.172842952286079 7.06752969559526 0
15.39837393761894 7.906657112817516 0
16.19943589930524 9.681753493741214 0
-7.243793609747017 2.731334229753879 0
3.571592129922259 -0.6379601799901131 0
-1.063658746462186 -4.362363724465856 0
16.07662900651582 -8.48675580260818 0
3.054904320938745 2.570300862340147 0
-2.257484402334732 0.06484766593351336 0
-2.400285089198221 -0.4399481078219956 0
-2.796709657712881 -0.04786137126130137 0
-2.007445279178374 -0.8113809350731105 0
-2.519454213144347 -0.9673794132086894 0
-2.277221900124525 -3.333415657567849 0
-2.551162734577591 -2.794360267485537 0
-1.175870154789094 -7.665804432428482 0
2.313319620814672 -14.81126879598712 0
1.375480443227128 -16.31708371475058 0
-16.14231022097437 2.895268716478083 0
-15.25693050037689 1.305293822663002 0
16.58585281303408 -3.806374377766441 0
15.61317187771922 -2.301563932873281 0
4.730891621121994 15.95029318209349 0
-9.688880877971464 1.140149034591531 0
-10.37141482232326 0.09502509719636731 0
1.408586526804783 4.724498642489447 0
15.50029032804795 -13.45129753425104 0
-16.01161542552377 6.085347023997775 0
4.326767947673726 6.915668256698217 0
4.645947228019287 5.856628061131649 0
3.858567032080169 8.018063114736027 0
14.49085259041257 -15.27678601786804 0
0.06795756995600806 -2.847337923957196 0
6.449357246125513 -2.61256615561592 0
3.056462689196357 -3.870962302585803 0
-9.924965669780766 7.293744957457651 0
0.3964335960462128 -4.88999027092003 0
-1.703701198809279 -2.286630701014027 0
-5.246249415163414 -10.19263032514165 0
-1.90628706000154 8.715086627366411 0
5.978582338717048 -17.94361297291326 0
14.66165733604322 6.126296487901664 0
16.53099362513439 6.363731308879849 0
15.75389177089936 4.58285947000927 0
17.64963803621444 4.813708939983405 0
5.048211473273396 7.841259359098334 0
10.96098952254695 -0.01944253698358008 0
8.107902856172956 -8.332297820508723 0
0.4247755333670529 -6.815239219213849 0
-16.35333257485494 15.65001205716876 0
16.84491312676302 3.008777048593388 0
-1.037757123630422 -0.05308481928825418 0
-1.126759938945989 -0.4157911844315509 0
-0.827026062743655 -0.2919910065496199 0
-0.833145298264459 -0.6053087654090779 0
-0.5294907950428983 -0.6048191228316337 0
-0.4534911379497589 -0.2696476810244268 0
0.06872461395339691 -0.0460045583272018 0
2.759469878214045 -4.407581586748876 0
-12.99438403603806 17.28031354679883 0
-10.87359463542288 17.08394663259498 0
-17.53115603832243 13.77181180904059 0
2.632519403211834 3.079658335888106 0
3.34432347301317 3.235265609810804 0
-17.1520397456256 1.331731269684434 0
-16.24964248599186 -0.3027492500530714 0
-18.07423211616912 3.024672899073727 0
-2.250422328108279 16.99778878144766 0
-4.149981985924062 17.15603234258107 0
-0.4138662438224153 16.788643381588 0
-14.11847850534728 -0.3350617985192872 0
-15.25029660924237 -1.969712499690698 0
-17.19189105183351 -1.924968063442475 0
-16.24472411250862 -3.546193370446298 0
-14.35239430521133 -3.563470601907595 0
-15.28867473468557 -5.106254760993867 0
-13.46817460027682 -5.07659593517597 0
-14.36217048258558 -6.660908996225988 0
-12.583773832868 -6.62306184116283 0
-13.44394617295349 -8.22434244665072 0
-15.30391145173604 -8.280268602876053 0
-14.31939156639594 -9.916591115924263 0
-16.2789780603957 -9.980858757920359 0
-15.23404686634652 -11.65212938359494 0
-11.66497785734494 -8.082528462202298 0
-13.24719302283325 -11.3993443421625 0
-11.74326019447983 -5.133484339496983 0
-18.19314007868547 -3.599556579585308 0
-17.31721796086642 -11.77583053943284 0
-16.24410707695935 -13.42992522249898 0
-17.26509276821452 -8.270197842147144 0
17.44317774753294 -2.096556221596133 0
18.55158473118831 -3.751364900938023 0
16.62310042822047 -15.18736296571603 0
17.71044821946125 -13.48506856472748 0
0.7201193833914673 -4.273940161886903 0
1.0651540275656 -4.828653850576623 0
3.280417664894681 -13.41343935804905 0
3.948932067111018 14.15675129754369 0
1.459756340743229 -10.3317711950953 0
0.869973812253036 -11.34121177106483 0
3.432381410352176 -4.420263781268636 0
3.701025285762905 -3.768391726404774 0
5.388194847839578 17.84662955995555 0
12.0964997145063 -5.876876020837142 0
2.627577954112016 8.142075617527908 0
3.348105737439103 9.165874629434818 0
2.036710371696358 9.259071953914912 0
-11.64436586943779 4.437219369733997 0
-0.6241919626328319 -0.8602824789821768 0
-0.9370553163725005 -0.9740194579517431 0
-0.3315967167791133 -0.762820027299371 0
-11.83373904408315 -18.48931581868155 0
7.934735232756134 4.125266502016041 0
2.7938881302157 10.34911169188772 0
-10.89047115559622 1.325504979756252 0
7.37962938868165 18.16547919163524 0
-11.75373389795447 19.06401425725392 0
0.5255666538989923 -14.83997694213337 0
11.71777931835674 -1.193786609995997 0
12.40553398887325 0.1083156942898338 0
3.168154319696378 -2.387362984076272 0
-0.4401702354343542 -16.29854426292951 0
0.4468589698194534 -17.90521305021598 0
-1.470621672679589 -17.85694847459484 0
15.71206553283648 -17.1849650474571 0
13.44024074677591 -17.15516683395953 0
-2.941417089847144 -3.332192529598578 0
-2.593482262793112 -3.863505952764953 0
-3.246237934557484 -2.766843122528896 0
18.06144870188255 -17.06895342836565 0
-7.193202687092999 9.009154625641985 0
18.8794946753933 3.026291924999653 0
6.096436665652108 19.82043661455007 0
-0.4011320920772867 -1.060115700309366 0
-0.1449957992415516 -0.9636979516273994 0
-0.0766212835202025 -0.7331501885702904 0
0.3425445387647479 -0.06561682857221192 0
0.3031135038353605 -0.06824054404710343 0
0.07642180220920147 -0.8725536660615225 0
0.1093329186362281 -0.6748533039290293 0
0.5076648685669813 -0.05959998855040069 0
0.4660007882370513 -0.06211306953361824 0
0.5412396737724052 -0.05654958071544391 0
-0.01280520328989925 -0.5321108969263618 0
0.1453877949014749 -0.5013100700393898 0
0.2569133434815168 -0.6142211715954715 0
0.1119299248698819 -0.05480131790664949 0
0.2092868110648529 -0.06429105168729024 0
0.2914951160537826 -0.4731738609669331 0
0.3850156253949765 -0.5669512227469595 0
0.4085899941689884 -0.4444222020619005 0
0.4977480594153564 -0.5245607939120547 0
0.5241570885465013 -0.4060468186069414 0
0.5999444774544774 -0.4834873525767714 0
0.8659981771264308 -0.02399774530335239 0
0.8385927369891366 -0.02733857401062719 0
0.8920344186667744 -0.01969030024205094 0
0.6250692598343393 -0.3931705111403192 0
0.6943116677132976 -0.4491918467236534 0
0.7505146382050505 -0.03782564392073021 0
0.7273712846879983 -0.04035538640147689 0
0.7732778585981877 -0.03544529773790035 0
0.6477101640062136 -0.04720783541836807 0
0.6246873064625112 -0.05168374576552322 0
0.7112608916559886 -0.351929240087887 0
0.9843101272197007 -0.005870904908086554 0
0.9611910942436337 -0.01001843443882193 0
0.782891961459508 -0.4149208271043259 0
0.7691187849402434 -0.5147729756493261 0
0.860668774769094 -0.4759677767202557 0
0.78935255211807 -0.3281172654505418 0
0.8539076468540115 -0.5861916245584262 0
0.9698143900174697 -0.5184281923035788 0
0.4738618532738888 -0.6616029387864384 0
0.9550401659188943 -0.6714238050732405 0
1.086438218921443 -0.6156351962548045 0
1.104189009940928 -0.4690639421353455 0
1.220828424314752 -0.5542248843658624 0
1.226190167406162 -0.3951540718150725 0
0.7382436490653342 -0.2764571669341617 0
0.7969952813280998 -0.2561271432733155 0
1.35319627472733 -0.489047964947687 0
1.359015839756141 -0.3434807955203732 0
0.2060058351845586 -0.3972755448746549 0
0.4485889929333325 -0.3487639152918942 0
1.243063853471424 -0.2667320311876107 0
1.358323625077983 -0.2132971178591525 0
1.488908837457708 -0.2747396891734553 0
1.486160820461218 -0.1174868138263226 0
0.7545811017781116 -0.2099779834161188 0
0.7008040638297289 -0.2286448345583029 0
0.8092855355493727 -0.1984311847544827 0
0.8494566633798617 -0.2324010599368957 0
0.8537290994387113 -0.1730724969404752 0
0.8965743405651529 -0.2074425687999654 0
0.8995967199819767 -0.1507191419175746 0
0.9419808062008175 -0.186115767028865 0
0.9455110885164993 -0.1399404175876428 0
1.639001462975223 -0.1895560195876569 0
1.626878073547346 -0.004581871985827747 0
1.443984881884436 0.05686022074146566 0
0.9506743115901385 -0.01238192138610547 0
1.259836997177122 -0.1472310358175637 0
0.8245094233306093 -0.02925990907039838 0
0.9399678369493462 -0.01325033748080726 0
0.9709527494767669 -0.008400069324256697 0
0.6071414981965663 -0.05267745433500975 0
1.611912064612429 0.1849169705101175 0
0.7111536510716912 -0.1808804195180669 0
0.6688573176181771 -0.1916962896939537 0
0.4826643288184126 -0.06115973309333361 0
0.4493550943903642 -0.06299092160412083 0
0.8520600265340775 -0.02674584582204622 0
0.7117552708007124 -0.04213628728382991 0
0.5243223763233777 -0.05847587152409571 0
0.5582729416486597 -0.05732109178321596 0
0.8780607504013784 -0.02447077228701987 0
0.8155226673948135 -0.1567045316384203 0
0.6640181798482859 -0.04681363903402574 0
0.9047064493214048 -0.0186868393761979 0
1.434579639625597 0.2584637251810481 0
0.9621469877429255 0.01122401370379911 0
0.9869376028276824 -0.167251697420472 0
0.9857777960933541 -0.1197164237195382 0
1.64046282750555 -0.3657364139226281 0
0.6826071668076531 -0.1548915291824246 0
0.6423675585710644 -0.1582314145630077 0
0.6288910829530134 -0.1985570833952645 0
0.6031076729148969 -0.1667992720352892 0
0.7153900813276618 -0.1425846080707847 0
0.5880328946024307 -0.2054469517447909 0
0.5656015742526962 -0.1726618528122527 0
1.348235410285469 -0.6535395391127992 0
1.063903999142557 -0.773846676636719 0
0.9135019713211934 -0.1137393164517922 0
0.6900268647517847 -0.1218419405010603 0
0.7184721078330801 -0.1119334364078918 0
0.576404427737194 -0.1397732270478887 0
0.5446140852898125 -0.1443681516097894 0
0.528740261984731 -0.173826395994564 0
0.5093593944953955 -0.142071729190779 0
0.494709551680566 -0.1755080625102147 0
0.3831661173918499 -0.06482754444855972 0
0.4751662667573674 -0.1476286640481863 0
0.460756136285709 -0.1773566323431877 0
0.4441238808925493 -0.1511031094300263 0
0.4266714859010059 -0.1791881972467571 0
0.4115175719598021 -0.1488316710660989 0
0.3928782892342539 -0.1814650046088889 0
0.3724028389210097 -0.1480014020541167 0
0.3574114370816588 -0.1831322033173785 0
0.3370914333097197 -0.154139613577794 0
0.3219571609476337 -0.1859433917117252 0
0.3008313597239576 -0.1516191297389753 0
0.2860220226395172 -0.1875164046526376 0
0.2651884485838378 -0.1576882152958203 0
0.2501251262881088 -0.1896228108947808 0
0.226339441303627 -0.157187666419143 0
0.2132294646945203 -0.1919311058341143 0
0.1889806783372912 -0.1593407042481582 0
0.1755317904166454 -0.1944267396216054 0
0.151309699929622 -0.1638843024838061 0
0.1358225312040225 -0.1982545184267578 0
0.114439401796509 -0.1639757088283851 0
0.04192810785141571 -0.03817177888701718 0
0.09500660380467438 -0.2017625326498327 0
0.07226166400099589 -0.1613950368451119 0
0.05116137681758495 -0.205126512601414 0
0.01057207254664976 -0.02362084781155454 0
0.02307696122135914 -0.03007737578238637 0
0.02441401293821454 -0.1664906128369296 0
-0.0005993846700259684 -0.2124683739380551 0
-0.03148879163718044 -0.1659507955050912 0
0.05178441638798392 -0.04145971922440285 0
0.399436475467207 -0.06637174584862753 0
0.3666016853126952 -0.06666123055467249 0
0.3066560523998185 -0.2212357885982016 0
0.5093213935527766 -0.2115958512169054 0
-0.06167073162967557 -0.2231623678943574 0
-0.09879604107095413 -0.1649614293636557 0
0.03145564538570583 -0.2599622403618028 0
1.3196731918606 0.1444218921265294 0
1.277708138674401 0.2926735692002006 0
0.8174627882223194 0.03286843334138529 0
0.8524237092642121 0.02555892970071157 0
1.145912589223393 0.2374408545583638 0
1.142389404747728 0.360051664322011 0
1.039439546232169 0.2777901561925905 0
1.023293054279611 0.4051784791263967 0
0.9232153814845917 0.3193264881137612 0
0.9073754691146868 0.4492729777868905 0
0.4826836879420003 0.06148472623545166 0
0.4492507294649547 0.06388737315492724 0
0.516118345987035 0.05837145542217168 0
0.8204428146138931 0.369807466217453 0
0.8228622407306225 0.2595682564476746 0
0.6954848459844911 0.04289537912828432 0
0.6720733852968311 0.04632745916729225 0
0.73667951203667 0.2930619451776961 0
0.7212212989095812 0.3967067630186839 0
0.6512307981447365 0.330115709111637 0
0.3341976018491005 0.06702824314709568 0
0.3667482534403435 0.06636526606032973 0
0.3020682229578208 0.06718308734697112 0
0.6285830457833828 0.4232524175667861 0
0.5628871321718449 0.3562312277779436 0
0.535227830126584 0.4474890660415388 0
0.4639642299864785 0.3776949228684737 0
0.4370446309304667 0.4764603606654865 0
0.3668883237725659 0.4011787352804464 0
0.2092671035276502 0.06454582103108078 0
0.2318626877136776 0.06568886355797228 0
0.1865916424813342 0.06274572721290737 0
0.3928069423218942 0.3089718293525751 0
0.3031907832711574 0.333506505482871 0
0.3509025013187648 0.06771682934307731 0
0.273635451640878 0.416821558855148 0
0.2214663194745866 0.344903060127897 0
0.5880395339039366 0.2684064649857009 0
0.6068927453727841 0.05269143721557629 0
0.5823922061879205 0.0532460258890598 0
0.623470238783167 0.05061660446411901 0
0.6987566913751049 0.4977966219981941 0
0.2546637175287001 0.2684258777950502 0
0.1714825293176062 0.2696288850369441 0
0.1392905802011711 0.3477503631368685 0
0.02756726747817972 0.03109559132530963 0
0.09641331047583634 0.2818883900641318 0
0.05962967549609327 0.3527938908561659 0
0.02092792508499364 0.2828966452228502 0
-0.02496965318083844 0.3618202399151095 0
-0.06853021992017409 0.2659402255635968 0
0.09783738664678404 0.4335389455342473 0
0.06383490754836822 0.2237628492186782 0
0.2156517002080292 0.2119384312215066 0
0.2654828716627247 0.2088396084370454 0
0.7623892380594677 0.2310719421356664 0
0.780747795228421 0.03446362186660673 0
0.7653196889103933 0.03737911537479042 0
0.795783227722816 0.03321482368901901 0
0.8395655178089592 0.1900178247125512 0
0.9286296012655755 0.01496786710577963 0
0.9108574708981001 0.01788873707764159 0
1.009340346742589 0.5394942342731818 0
1.253281158371104 0.4601234041849341 0
0.222384066797632 0.1669453495123202 0
0.1849546345607794 0.1736979464770098 0
0.2752035442859472 0.1652702877758387 0
0.7759581946094655 0.1566587087645293 0
1.77940754937776 -0.08656091123631976 0
0.1346172016859457 -0.1377042557903075 0
0.4453667933153845 -0.2089106237271409 0
0.885713529553509 -0.2536421223161198 0
1.172264388648518 0.09059340666026189 0
0.2363382201580443 -0.2252400602084729 0
0.3773135139373591 -0.2161362155165088 0
0.8872984555697974 -0.8219259056076027 0
-0.05871985711317756 -0.1174351633871301 0
-0.1150353626242037 -0.09675289985828803 0
-0.1010033263043581 -0.04050097547776561 0
-0.1704360155180625 -0.05008532155561093 0
-0.1334201685547097 0.01288339893178636 0
-0.2201897427701927 0.01245114419119814 0
0.9950825473382123 -0.2263116827846872 0
0.1587023851921713 -0.233918747977328 0
-0.1228652235278509 0.3693552041396626 0
0.5154682967133257 0.5622381241725342 0
0.3924873226097192 0.5968564660889728 0
0.2004581710333666 0.1366594609894653 0
0.1662490656502505 0.1432669774430835 0
0.1311547359973767 0.05715629561478622 0
0.1447262732101498 0.05884195809528747 0
0.3032951060218594 0.1935581588505488 0
0.3106337359654333 0.1509701498329282 0
0.3401057706706602 0.1804341357069967 0
0.3492364106752706 0.1420423406128764 0
0.3738197023098061 0.1681072646520845 0
0.3827119351544866 0.1372157270178843 0
0.4052558330432843 0.1575641479383654 0
0.4117007838664823 0.1231906100841377 0
0.4356364527482088 0.1478412506588557 0
1.036919233766309 -0.1458986663259801 0
1.029157512173987 -0.09748406423460261 0
0.2441313863851055 -0.1292071631779384 0
0.2318744063275102 -0.06539891183926913 0
0.2466745101466337 -0.06721867956964625 0
0.04083092084672316 -0.129558017647972 0
1.597093970842738 0.3937869190045981 0
1.805088993737321 0.3059077188864258 0
0.4298425349471907 0.1814013807243789 0
0.4633065353722653 0.1685656498932424 0
0.4641929858386331 0.1333230851678123 0
0.4936021784532839 0.1533862708661479 0
0.4955597819400518 0.1184651747083931 0
0.521304833280242 0.1384200551303816 0
1.040166266642453 -0.9537541288597233 0
-0.1426965356891586 -0.223677489574366 0
0.5581902419369117 -0.1173121584315581 0
0.5826646680278966 -0.1121357717811604 0
0.3217477132714633 -0.1284751082066901 0
0.4578364322098626 -0.1215352099117237 0
0.2842755844139161 0.1299500315493329 0
0.4579892321752466 0.2084840820210415 0
0.5223930124024734 0.1101899061971119 0
0.5486673395092144 0.1225304496357802 0
0.3908656536604518 -0.1202326178604509 0
0.7014805291053018 -0.09297347248666271 0
0.6779158488069712 -0.0988442479125618 0
0.7238639517457981 -0.08641310659344643 0
0.7410262628567926 -0.1016782233082918 0
0.7453834034908261 -0.07761347719895355 0
0.7608873466079423 -0.09194499653059525 0
-0.1872958622703325 0.2707600096194053 0
0.1745133411656817 0.1166444635193681 0
0.147203445542009 0.1159257785244416 0
0.2081635665285696 0.1100696080505534 0
0.1354195110676484 0.142886607249394 0
0.1212824035775112 0.1181047769671562 0
-0.06305245866956639 0.4568356316301294 0
-0.08316958519249337 -0.3030253230556005 0
0.7632304374903288 -0.07148337851579215 0
0.7784229571293053 -0.08345934696276947 0
1.780635000751382 0.5482652787242143 0
2.017854545815794 0.4447233888275591 0
0.5466609587407291 0.155458291957056 0
0.5744224495846839 0.1407420027290915 0
0.5750070929592737 0.1137940728204762 0
0.6011609192525195 0.1212817475749365 0
0.6023845136563207 0.1574361346489102 0
0.629183197594413 0.1374624700515985 0
0.6382987557516917 0.1759735311659651 0
0.6281810028993755 0.1072701299519214 0
0.6539568301285881 0.1188804825205894 0
-0.1985606395691902 -0.1346275409262699 0
0.7610126757145054 -0.1165319410202617 0
0.3849736810408376 0.1142285417885167 0
1.001571296575553 -0.0692396036978052 0
1.033486363731567 -0.0510970200131382 0
1.076794479471816 -0.07682352783401245 0
1.078155071106886 -0.032280342842474 0
0.7818359327647504 -0.06563787023468434 0
0.7949459069096305 -0.07591201100717143 0
0.490230116767583 0.6978849395140216 0
0.684340602592885 -0.07858344922871641 0
0.6649589502634696 -0.08268827200161936 0
0.6800772070945478 -0.04548519978845379 0
0.6575370817987292 -0.1013795168415422 0
0.6448801046575294 -0.08595004801294372 0
0.6371912904648287 -0.1051365747876467 0
0.6265051017576078 -0.08829875068507534 0
0.4145186926561731 0.1011965407325304 0
0.470638734468969 0.1057647168224929 0
-0.1886801802175611 -0.31674442204993 0
0.5659644145941632 -0.09353464657487699 0
0.5431315959281108 -0.0982451409713794 0
0.6485942315501488 0.09278193365227069 0
0.6742792963356137 0.09869438569400851 0
0.6794324146301899 0.1284282047534386 0
0.6999683786941256 0.1089202580258672 0
0.7196020930253667 0.04150106447307184 0
1.128212008204748 -0.05401839795959202 0
0.137436775603865 0.09666654869630059 0
0.1110469096709714 0.1002748167652463 0
0.08650284385685139 0.05022894507152373 0
0.09863698305553287 0.1164375441541366 0
0.0917527784322479 0.0933003412451297 0
0.04707117360346906 0.03940617707306235 0
0.07477064718833996 0.1136368791494409 0
0.05759702799748474 0.04292647931171873 0
0.03708472482778474 0.03581296586202066 0
0.06968309180461255 0.09095870691177643 0
0.05341276386006366 0.1080080412721421 0
-0.2043836612056699 0.5127337002246495 0
-0.3013634049920682 -0.06447116531177267 0
-0.307789607531985 0.08067112182732523 0
0.7960383620312192 -0.0593399849181272 0
0.8112342944687617 -0.06627109702387725 0
0.8093514288053526 -0.08671009570127144 0
0.826214929249643 -0.07804077727387146 0
0.7881698492656923 -0.0335135552451158 0
0.8265769089203355 -0.05943831532133571 0
0.8425873458171815 -0.06620885988439973 0
0.8427512531470818 -0.08894015917577532 0
0.8601727069111061 -0.07767165856193481 0
0.8600463774413362 -0.05819383255548879 0
0.8758998261978379 -0.06648735052966737 0
0.74126491396192 -0.623634275467623 0
-0.4487218560961662 -0.01547149448659951 0
-0.4738377476101854 0.1557290882558748 0
0.6961866311847822 0.08522144127734935 0
0.7177268006790249 0.09091380693493881 0
0.6193309047778187 -0.2426199719307466 0
0.08233454175699438 0.1344967796720685 0
-12.72998983860053 -16.58626063409837 0
-13.90758475077326 -18.43961219186136 0
0.8740212825155718 -0.04796598022613622 0
0.8894042068289473 -0.05592967954675086 0
15.06657027812711 2.936164086186077 0
-1.137027623039133 18.61240784398664 0
0.7141410037686098 18.43622911989701 0
-0.04518770382280003 -0.05763888232764453 0
0.002796590394358609 -0.01364695853969791 0
0.8615970202636906 -0.1007201373901972 0
1.933718655165862 2.868519802932614 0
0.1901752467228779 0.09440749039524984 0
0.343959647663175 0.7395730354158001 0
-3.250933026207734 -3.857810028646654 0
-2.772997310170898 -2.156295164629043 0
-3.499127176217138 -2.151347756976882 0
1.00760773157549 -0.03495823011023515 0
0.9962965057957308 -0.003319640069562358 0
0.5898729145260785 -0.08935010674633984 0
0.5759296260231468 -0.07554875906379994 0
-0.02207002569035155 -0.1019733156667057 0
18.52933732993695 6.624774794058776 0
-0.1803230797113756 -0.5690871058664517 0
0.862903555042112 -1.018710229094969 0
1.028672473126119 -1.17949120847861 0
-2.117266581030743 -1.345226075249662 0
-18.38055244809749 -13.67186853801629 0
-19.55865037139435 -11.74060241635142 0
-16.91804023900871 -15.68331506326619 0
0.7076556597738018 0.1397212345027025 0
-5.248265954332551 15.57161330695885 0
-6.076265769339496 17.27182712488253 0
-5.032110801354231 19.04077219227103 0
-9.290327200703478 18.71655769872173 0
-0.3588180375431934 -11.336719030442 0
0.6266637397713016 0.08157877470587951 0
0.7303086496916223 -0.06738131211862793 0
-2.974422494849074 -4.589743223338264 0
0.5615402167002581 -0.0778599673904415 0
1.12331513964977 -0.1064064792728928 0
0.7433080975139906 -0.06078064874645633 0
0.08120192969108343 0.07451570855700289 0
0.06477761439168883 0.07282208590778982 0
0.09824617700781524 0.07556635231054391 0
0.1179878879779138 0.07763708959062929 0
0.1181578496768804 0.05554763293129486 0
0.7719358661380842 13.45446517063379 0
-11.42967535756101 -14.94242967038401 0
-16.55527892129252 11.86540017323217 0
-18.71364093251937 11.89097376350157 0
-17.7212847154705 9.977418197561317 0
1.989975605192942 0.7246010184483833 0
2.248742541624508 0.5924110093170029 0
0.9631851230995571 -0.08763067495601554 0
0.523145530657698 -0.3226012020372242 0
15.89467097345318 1.32030588292974 0
0.7100762159473761 -0.8987993830113534 0
0.6725773621207832 -1.0827200306521 0
0.5219409055366199 -0.9473236135694867 0
0.462053913304362 -1.200595928473701 0
1.802674171437432 -3.873652254486411 0
1.52398077999613 -3.296973185281323 0
5.497259467608068 -10.67980785141518 0
-8.92036806422081 2.101122265911864 0
0.7631005213395508 -5.478540401429904 0
1.473744270824649 -5.419571807988239 0
0.712672328642007 0.06822781025088255 0
0.7319313152498674 0.07566500009458182 0
0.7397721446548695 0.09591310626747496 0
0.7547360535179776 0.07863202696507349 0
1.225821209694959 -1.057654098986098 0
-0.5298130938476439 -19.53862897075573 0
0.5739409713113274 -0.05364680333778737 0
14.92643170682674 11.26937943298794 0
17.0085673910167 11.56381130796753 0
15.69742129841724 13.24282646921153 0
17.82190399685216 13.59006770522089 0
16.42260616301726 15.30968642509963 0
19.19883827154219 11.81141162778075 0
14.29863651465715 14.94145039602098 0
14.9999496136282 17.02351466937391 0
17.10507955860468 17.55650550735004 0
0.3716286661883881 0.2058320476046445 0
0.7627899673294376 0.101304092968747 0
0.7771281763058713 0.08071085273397142 0
0.7874013128644849 0.1066675428737962 0
0.8041440878645312 0.08861499581330519 0
0.814326137428065 0.1134764787305163 0
0.8333584768303207 0.08673495422702146 0
0.8439167410618872 0.1200856190810866 0
0.8631385098254993 0.09728026127702022 0
0.8755670161629695 0.1277128308508096 0
0.8983698734809322 0.09507917972626988 0
0.9112769055494238 0.1373731173163837 0
0.9361231712905871 0.1075042197180647 0
0.9923726558339677 0.005055455538308727 0
0.9800358331060766 0.006660228396133532 0
0.9709304857390429 0.008259907412373545 0
0.9267466522694751 0.08195821834803482 0
0.9535390651485477 0.07812566224268923 0
0.9739082473951486 0.1126774235993824 0
0.9864820732369144 0.07467588675265403 0
0.9477430135513381 0.05430808765089848 0
0.9454599929421639 0.01240085838927003 0
0.8536172383914198 0.07583516028574955 0
0.8726271526238623 0.02288841886138372 0
1.016521364855508 0.1118416459828217 0
1.049788290076654 0.07541646570700913 0
0.9204024009842365 0.04834993513733815 0
0.7958797969597696 0.06679712239837171 0
1.070776799560247 0.1274147950521651 0
0.7753105032368703 0.06118011065345072 0
0.2434046264676948 0.6136772845327844 0
-9.752719650860733 -1.026172175914061 0
-11.08505274353532 -1.017781540171838 0
-10.36850740986121 -2.26357405303147 0
-11.77061481989795 -2.308910724303379 0
0.3964515246249768 0.08626962885301585 0
0.3836790697979571 0.06578439638035452 0
0.8921099527605707 0.2277203164488932 0
0.9768677570792759 0.1605443698616196 0
-19.27749882580292 -2.039516272455886 0
-20.15773766218754 -3.788846970167859 0
-19.24187430169071 1.341840865266915 0
-20.15375119694984 3.162137769719632 0
-18.88896726438443 4.802514311312747 0
0.7617023316546214 -0.05369047933056323 0
0.5404062206466802 -0.07881162638738848 0
2.977738910786656 -5.121803075431674 0
3.982422445220459 -5.071200416895339 0
0.8885962528010625 -0.03956049207772783 0
0.9037342435054174 -0.04445384538302112 0
0.9047167031508914 -0.06282587159463242 0
0.9186824195602292 -0.05193228529812111 0
0.9213080083075371 -0.07156305167900763 0
0.9363568802484857 -0.05550829816864081 0
0.9291007644682368 -0.04016015027122011 0
0.9497630941137589 -0.04506491307791405 0
-18.55543546000752 15.76198805487511 0
-17.33940768124253 17.73536166558161 0
-19.75509438078995 17.94954497596693 0
0.877887500028577 0.5851016556939155 0
0.9892697186823323 0.6893134520392223 0
1.052879307429179 1.013508577069787 0
12.86750080680975 16.71772983148003 0
13.58120348706672 18.77511076918353 0
11.51814277990787 18.50647201273853 0
11.06870666544373 -2.408006163442405 0
3.048487659326051 15.69508788723389 0
-5.046031259106647 7.927058275022825 0
0.6334389664530518 -0.07103087345939851 0
0.6156688007488088 -0.07448849237940493 0
0.6508302360078374 -0.06850437433778876 0
0.5915105434642489 -0.07313541940579521 0
-2.566931258803133 -19.377780085644 0
19.1298359871275 -2.057731859158636 0
20.84954772203073 -3.453980202149848 0
19.71923627021204 -5.578265807415211 0
0.4490606275578326 0.1096880179054944 0
0.4561234119250673 0.0907975910668419 0
0.4664613295477558 0.0611437106792113 0
0.5674116478117399 -0.24736201563083 0
-1.189985312599994 -14.89952760209146 0
3.506514754561316 -2.820011077942411 0
3.765406604332438 -2.289213101957402 0
4.1299089868146 -2.790265139407816 0
4.407475106675601 -2.194759768305787 0
4.815839423126591 -2.762197743549996 0
5.11226927639048 -2.105193562431979 0
4.688250679508042 -1.590630805875684 0
5.394476522991811 -1.422860829675327 0
0.5102773550859516 0.2904287860935256 0
4.179261262280538 10.24150960133926 0
2.157127461859751 3.57869602714599 0
1.503533595790171 3.362688176246426 0
0.7526412997412144 0.05771073352725754 0
0.291199842016858 -0.375250265490065 0
0.06387032972485099 20.29398211132006 0
0.4736111233702068 0.0831043999319892 0
0.5049804984968047 0.09489129489416334 0
0.4993538143780016 0.06044870142013471 0
0.5238223519745931 0.08558154350445042 0
0.5331348353965989 0.05671430881033876 0
-2.282846997703595 -4.470668331624596 0
-2.620187481691127 0.5030747370313369 0
-3.219594981004762 0.3903781849332955 0
-3.390211721566672 -0.2108854219620401 0
-3.021654773043815 0.9593463439892496 0
-3.858197589761597 0.3015792598937896 0
-4.036128541424086 -0.3933290175602648 0
-4.555273643951464 0.2080923604688747 0
-3.520790683972869 -0.9072451524321268 0
-4.745912003929365 -0.5628045701482037 0
0.6079908869316344 0.09428519782925754 0
0.9469516345969952 -0.03079157590280641 0
0.960521595769036 -0.03489882584267442 0
0.9647440139216101 -0.04994969436706416 0
0.9750590934125705 -0.03809382057896827 0
0.2756785845675609 -0.1288376516572932 0
0.2591155508244822 -0.1070093891173386 0
0.2394486053814443 -0.1094196702964281 0
0.2828309925472329 -0.1033301832815337 0
0.2695933309500469 -0.09034598902997128 0
0.2861982392133607 -0.06676656659282117 0
0.2550068013708702 -0.0893343362199684 0
0.2934327541061932 -0.08899137063691964 0
0.2345900360313694 -0.08767700868465067 0
0.3482292642359919 -0.1263716787340218 0
0.3323235295184571 -0.1066571807662698 0
0.3548772618503697 -0.104460017202487 0
0.3020415793738135 -0.102103943450862 0
0.3080168488574416 -0.08892090140440767 0
0.326119487487214 -0.06679817267861993 0
0.6652897544425246 -0.06764313717271207 0
3.807612098307557 2.535435065508481 0
4.169944047410642 3.375151067073212 0
1.022380714631559 0.04238515856880559 0
14.59599710993762 -19.05015057639599 0
12.34719055646239 -19.02239122557425 0
-19.17274731938503 -5.362813767663171 0
0.6451247878186108 0.07020385560292322 0
0.663348757814563 0.07804846957525426 0
0.6666323636379711 -0.2784838582736959 0
-12.77952113600525 -20.45597474926349 0
0.4183020439342869 -0.1194163640559963 0
0.4057171748833123 -0.1023015081239499 0
0.4258073781085557 -0.101738814290491 0
0.4151597496441489 -0.08671438047881697 0
0.4318146343894494 -0.08548508420738357 0
0.3958683019779244 -0.08578081134388332 0
0.8256400699132558 0.06357724105226992 0
0.8436679920350478 0.04782366473328327 0
0.8315743430086623 0.02822718148923475 0
-13.98326538001184 19.28729268686611 0
0.8595214379799274 -0.04214708337589136 0
12.5104516457946 -2.427915388210569 0
4.018181529557239 19.18327254912085 0
2.092707805398482 -11.26958968927158 0
0.3253871862062 0.1219321680950313 0
0.3488589574019064 0.1139925743616059 0
0.3311336473980304 0.09816239570250752 0
0.3107702397570635 0.1035063219018078 0
0.3516246471734275 0.09159669947011811 0
0.3157927347862319 0.08814041060490073 0
0.2990501570792357 0.08781984438478994 0
0.2856779666708296 0.06814469699221662 0
0.8899098071327234 0.06525409204551789 0
0.6177938017264362 -0.106367581139898 0
0.7017547549454736 -0.07345011454588296 0
-0.1326160680918799 0.1864227114724961 0
1.367129870404783 -19.52218516650336 0
0.8473200162494392 -0.04967868149944597 0
0.07380856315023153 0.06171520069213395 0
0.06134217606877572 0.0584455444520773 0
0.05069278230838662 0.06897174526744967 0
0.05008802295735002 0.05475338044059869 0
0.03686038862429641 0.06393414698314175 0
0.03353100861672376 0.05046557600114621 0
0.02162313799567803 0.05852897026326273 0
0.01389470441936521 0.02602387452934199 0
0.6908302119350597 -0.06217805687915724 0
0.5824156773023932 -2.436926306269806 0
1.061846837059748 0.03845993419338899 0
1.040793554699485 0.00659018793802555 0
0.3442663101281454 -0.08774432116177369 0
0.3625544201041249 -0.08615372043141882 0
0.3740985615716954 -0.1021958999118489 0
-5.280183457136223 -0.03928120401650306 0
2.037794587882999 0.1680915590198779 0
1.549609562711799 10.48208202953269 0
0.6952229772278162 9.330649891193943 0
-18.37630713080856 19.96852408323953 0
0.9703550670322094 -0.02225630119236729 0
0.9831312758760031 -0.02657158209548822 0
-12.4810491036418 21.08222953987305 0
0.3185555491820557 0.06596651916857539 0
0.2054444908205764 0.759509686439638 0
0.07284082211020781 0.6586096466475155 0
-1.642024294590363 -1.212496656788848 0
3.828862099506477 11.50894703267261 0
0.6638706241782741 0.2583662323225431 0
0.5422592372473773 0.09800695044047393 0
0.5415714904575213 0.07793720330519792 0
-20.04031362562284 10.18076660032662 0
-20.9612147262118 11.97211571095454 0
0.7042187692122041 -0.05904179649664672 0
0.3261732891666208 -12.37799950272401 0
0.6076238830037636 0.07369972078918598 0
0.5920948853643812 0.0825343782730129 0
-7.10644851949988 15.95112333741595 0
0.2355932441045462 0.1357731976896263 0
0.6928634055106164 0.06433560961940464 0
0.08956315986581803 -0.1289021410222078 0
0.06891880458310146 -0.09770856505228312 0
0.09231251044892708 -0.05026602118720211 0
0.7846888018204936 -0.05038514228728422 0
0.2190962763915531 -0.1321511323291432 0
0.2109724530917892 -0.1065933496439413 0
0.1799475171318314 -0.06228037450381314 0
0.1944816496019022 -0.06361825503162072 0
0.1844848856407751 -0.1307489386868915 0
0.4595571517422996 0.8570695104854978 0
0.03809432210743195 0.0799972164600925 0
0.01757105573785655 0.08221183373219743 0
0.1229454501636735 0.2175022763194893 0
0.01771992682416054 0.04499761047351141 0
8.196515394163825 19.97782192423478 0
0.09270106686835725 0.06630090409862249 0
0.8993261953186817 -0.03394534342903539 0
2.527950793559858 -0.2404729394513105 0
0.4854927294410223 -0.1207277561760919 0
0.4728403707173361 -0.1010646254950814 0
0.4927639754041546 -0.09945818921403139 0
0.4818386777466358 -0.08310934728449317 0
0.4991820545175486 -0.08349567615066611 0
0.5105984697147472 -0.09593410517195397 0
0.4642660206437835 -0.08330649623068791 0
0.4540511156308151 -0.09975691935204957 0
0.5138525198558165 -0.07946850895925682 0
1.534843205696092 0.6308835754395236 0
0.7968386322981806 -0.04490890883037845 0
-20.77540563244584 4.988683245494274 0
0.7470989481693068 0.1169426901935705 0
0.5328524996802433 0.2309744313362669 0
0.5582370017553379 0.08742259449619884 0
1.854063998631968 -1.403159958528784 0
1.665903107440984 -1.131231954695311 0
1.96540264534949 -1.109367806359315 0
1.825017377702541 -0.8811794719691248 0
0.8069190194482398 -0.0511104655173646 0
0.8225391463952907 -0.04464519314312357 0
-19.06284560450501 8.184426579996151 0
1.501052593572178 -0.5880018126978804 0
1.49420147613604 -0.7625970595716557 0
0.9576772257715678 -0.02204215437979172 0
0.7453554095452097 -0.1625132704125472 0
-0.625048772687859 0.04164248749528138 0
-0.6304698318960242 0.2236105850541466 0
1.114196068327792 0.005424058846737643 0
1.183902535035785 -0.01571584670289829 0
1.324609113941167 0.02271645131567678 0
0.8422494787178794 -0.1133891569342725 0
-2.481504241368854 -5.033421070866708 0
-1.88202652961144 -5.05247902525203 0
-2.230617178500344 -5.598303309296304 0
-1.481768197441339 -5.69176553257619 0
-1.990051059004309 -6.400237865988066 0
-1.094048364749758 -6.340882586583498 0
0.5062750493483149 0.07806728037435823 0
18.45559156756001 -0.4880707028661061 0
0.04955857696836104 -0.4121099926092633 0
1.114225155682007 -0.3543312968229922 0
1.016784568797473 -0.3985043894524332 0
0.5304187005231654 -0.1203794120074014 0
2.818929533337872 0.454244490767844 0
0.650097358086082 -0.121165649396925 0
-3.270094818398768 -17.5205468709412 0
11.54477717788343 1.303888762188433 0
0.6821870320400494 0.1624578504529723 0
0.7268507697383831 0.05781559337897517 0
6.021798764429423 -0.1216133028813797 0
1.774998909193717 -4.809791723702688 0
0.3014066178833081 -1.450374631917106 0
11.38101150096829 -17.21803879902064 0
9.881782954043926 -18.9659315118199 0
1.28444851648403 2.821046584879844 0
0.891131193927874 3.204295850666333 0
0.720817705880051 2.628438186707145 0
0.3381255222811035 3.049484145148986 0
0.1789958318686284 2.536290404511282 0
-0.1825869054897688 2.914072470385782 0
-0.3003957265807503 2.415160366448619 0
-0.6948941089232058 2.775768154649441 0
-0.5794963746631812 3.289711195108602 0
-1.128201471620791 3.157146802851796 0
-1.224747648198122 2.524572006623691 0
-1.706817454830763 2.978595676293817 0
-1.62995424287251 3.557955962244936 0
-1.849964429828644 2.385551912287019 0
0.453841852323029 3.625318318368141 0
-2.320730666304601 2.810589342363047 0
-2.427363985998765 2.209583516430173 0
0.03911200398532513 2.054570799679859 0
0.233639424395079 -0.3124129221063632 0
0.1461800179212517 -0.3274385557498136 0
-4.208050258640846 2.531778883478612 0
-3.934592461786944 1.699456794471863 0
-3.466776753665423 2.313570502865772 0
-4.006071944412758 -2.765135295610778 0
-4.217716841299376 -2.163208281691374 0
3.649745684120536 4.012829491300259 0
4.55218602662281 4.216629683281027 0
20.1834916570911 13.69945080564173 0
21.14538785240754 11.85273697506671 0
-13.53775679719685 -14.72024550256356 0
0.6602121857690871 0.06009845459514098 0
13.00640539579927 1.405975916982248 0
14.25956911147151 0.213069740663513 0
0.6027086853929449 0.1900088973229409 0
-19.56304308115405 -15.68708887831324 0
-18.2566358328107 -17.83084281645883 0
0.8634763148664951 -0.1313688036397754 0
-4.315800488462745 1.008001119575878 0
0.1607670692536139 0.09993289861628309 0
20.36499017172103 10.05640621685643 0
0.6310474259478062 0.6492936133214343 0
6.028577374562545 -3.433100103517978 0
0.9821218522511186 0.04785620148904059 0
1.001445552277718 0.03088670930796761 0
4.35251338994558 -0.1117302611557515 0
0.8773055735279705 -0.03503989418954093 0
0.06102654457415504 -1.086828269553067 0
0.3254949769404927 0.2699680606915547 0
-4.10375455507655 -4.18124211190801 0
-1.955788892669331 1.758919223343308 0
0.2482912374531798 -0.7718417611734092 0
2.192175285970067 -5.366160519180978 0
0.9174924650447307 -0.03462894476345112 0
0.916889331869442 -0.01693482835877323 0
4.683978192986386 -0.6355757266375194 0
-5.099688621649434 0.9492609013995965 0
11.81393713249787 -3.64667425596284 0
1.197991102752816 -1.309257899001287 0
0.5934628148717837 0.0659551921214936 0
0.5807801379016586 0.07408984337095971 0
2.209597770576335 0.9499446266999882 0
-3.582953563933098 -5.134658258479664 0
-0.1236587416108636 -0.4266002035563763 0
0.9797451008529539 -0.01656614660820242 0
0.9882802486469823 -0.01727121517595539 0
-0.6998462106260844 -5.52746535963585 0
0.9267748609999807 -0.02794107578007109 0
-0.08344765384780131 0.6137269452302316 0
-0.2486373208878117 0.7026723549034772 0
0.2926923355176976 -0.9831672905203359 0
4.981103682071994 -5.243738589107641 0
4.465946520796847 -6.0617204124881 0
0.3379856666657239 0.08329787141771097 0
-4.84696635089538 -2.734255616443924 0
13.70579838493379 -20.87860407232034 0
-3.205287283878886 -1.567472400634457 0
0.4848875148255987 4.730199474536421 0
7.039627649098798 21.53900669850532 0
-0.1598824092854275 -7.683576794524654 0
0.1041884550933629 0.06626159303110385 0
-10.05469889015504 -22.58721602579291 0
-1.713598815335628 -1.70993145986096 0
-1.27318620524903 -1.523768084279914 0
-2.797806895598254 -6.666975703798993 0
-2.152642461988982 -7.446409094244268 0
7.113977200832121 -0.3410807186170476 0
6.23477998855927 -1.047865458213254 0
-12.49500245392819 -0.9332211308756956 0
0.7858010841714267 0.05009863332171506 0
0.8021510049305588 0.04861145530662866 0
0.675100428786787 0.06343692769355129 0
-1.231930168729869 4.946518472661178 0
-2.067947887078573 4.883130274856474 0
-0.7823326729642746 4.291230362913922 0
2.316188743399424 4.475721884371611 0
-3.190753341235876 4.059909159105313 0
0.6298504810351722 0.06579846394400797 0
0.588249143764919 -0.2901104398325317 0
-20.70679195739275 -17.84819259473883 0
-19.43357088792071 -20.1097091566117 0
-17.04659769471963 -20.09638028855186 0
1.887240612215322 -6.036870364065498 0
0.7322408095196133 -0.05473343222821279 0
-21.27337752722865 -5.557059008918014 0
-20.19792214440355 -7.241889849728826 0
1.160141350073695 0.6183842628858777 0
0.5315071941204906 -21.23904624809914 0
1.868926084796603 1.04418145597045 0
0.3242613245746045 -0.08741630053898995 0
0.4639871115998663 -0.2853272436663431 0
0.4083784712803384 -0.2990124940568527 0
-2.575359289818448 1.56951964358846 0
1.172446122058455 -0.188420059069494 0
-0.4040127316914102 -1.412299749452877 0
4.874336478868876 -13.32367350237953 0
4.192694626396682 -11.94994331206888 0
0.6036025994567329 -0.1296119494141542 0
-10.81704746849908 5.874899033162565 0
-9.223039826503966 5.873213505713876 0
-8.397232882256287 7.099450368895567 0
-7.766924475613195 5.864422421895805 0
-8.482269001455204 4.660281523110847 0
-7.023015001374739 6.915895922931772 0
-10.01778074617056 4.569617632476823 0
-10.81993799057962 3.076398600430819 0
-12.58782667469715 2.993831315918849 0
-13.55252007358431 1.469135201563029 0
12.05039566607417 14.57548141720737 0
0.3026944419581872 -0.3120798563486769 0
5.202134915066662 3.340806697722618 0
5.659454185890236 4.464990575308493 0
6.212343433930743 3.525652723650694 0
-10.91337131558678 -6.557239555559077 0
-9.996621207019579 -7.924745729902371 0
-10.29922920326568 -5.285991552554902 0
-10.66831668875725 -9.439897463467636 0
-9.031027498047532 -9.223976108307713 0
-8.46026992804803 -7.801762907228641 0
-9.636704401961275 -10.69491487131425 0
-7.583760105540116 -8.983751064651351 0
-7.117358789157461 -7.653052477621472 0
-7.838352118756786 -6.600279206745359 0
-6.631954112976563 -6.578083315593759 0
-6.447892433901399 -8.59725950105809 0
-10.8221462181404 -3.75541468026131 0
-9.274177358363138 -3.423695482925373 0
-8.619382957860418 -4.521227964803443 0
-12.57541076570956 -3.673123322823795 0
-6.606555229842564 -10.01055604069899 0
-4.915974835892659 -8.932094279495214 0
-9.376601236075896 -6.43602964341602 0
12.28343747097735 20.60437061411469 0
4.36679113486962 -3.448778036519678 0
-20.61785579394067 -9.608435245574434 0
-0.7190639395597516 -1.450600912249481 0
0.5540163349859013 0.07131245359032984 0
-9.453830916642923 -15.1611988940335 0
-10.01166971820929 -13.4918394406695 0
0.1018212876089536 10.5591634272805 0
2.792652467925438 -10.20504749066354 0
-6.331779031807147 5.7550675056718 0
-0.4338291582551852 1.993500215147871 0
0.6086885171421523 -0.09024721268393884 0
-0.7540781415281286 2.264247235108 0
-0.8300151219841456 1.803123446372088 0
0.4143027892083602 0.2162699312066363 0
-1.111483700093969 -12.43044287119256 0
-2.21265208237609 -1.887362743368684 0
22.04293041329115 -5.836976979363172 0
0.2916813144902354 0.1068161501933602 0
0.2805268408073348 0.0902853620808487 0
0.2723288582843813 0.1103371669734721 0
0.2615386462983363 0.09398914928253038 0
0.2472733586010724 0.06612397192658137 0
0.254908651986387 0.1092980922279281 0
0.244869588889382 0.09437784660830095 0
0.2521035509065409 0.08079731925707018 0
0.2361701193876417 0.08112801259470571 0
0.228597988488136 0.09372792011651238 0
0.221406084935354 0.08044392078563063 0
0.2342026163705943 0.1106022001878032 0
-5.13967839525952 22.95414762230832 0
-5.708523473641726 -18.74691004715845 0
-7.069535995702558 19.09975255395445 0
-22.27098412651387 3.386456906459593 0
-0.471489224227931 0.3712444055981299 0
-0.3158891317398727 -0.1820300331065499 0
0.353158009306426 -0.0762533066682958 0
-5.552397996652922 -0.9399979813361612 0
0.7054399345262308 0.0535038761118747 0
0.4906236336696415 0.08007939717070069 0
0.5754752007400108 0.09102038857698949 0
-0.1086992295586773 4.131356264165623 0
0.8485485628924488 -0.03702136630556883 0
0.8374424913895588 -0.04097311327603906 0
2.579158608545579 0.7982899962136037 0
-1.721358870070796 -11.21226113657408 0
-8.806157569308741 8.652100010053372 0
-10.45969595927889 22.68676490047912 0
0.3793117241266181 -0.08730440624086235 0
11.46339060659291 -7.330583184682628 0
10.56155398931861 -6.046034448398523 0
9.994527044227066 -7.311672534140829 0
10.52739059470917 -8.866063644089488 0
-6.066500447984422 -11.29243677432722 0
-11.36419187277004 -11.05765882270555 0
0.2151905078192995 0.09405326158420174 0
0.2012208398389379 0.07923763323212966 0
2.305244202925453 0.04891637242501479 0
2.210779578304623 -0.2559504844793362 0
5.210198185124376 12.66956942895034 0
0.5650411963040126 -0.06618400420256335 0
0.4723808837225629 2.177196031361932 0
0.811354017901309 1.93951223033141 0
0.9037457688781099 -0.0850597614516517 0
0.5446110408172783 0.06539210784972782 0
-8.207820097676326 -13.71930045777864 0
1.316792722108084 -0.8457407342639551 0
-20.7494531604811 -13.49398763842644 0
0.800124956990697 0.7371555396889441 0
0.6408190971657679 -0.06082025062796893 0
-0.06598273741547894 -0.0005724451038738899 0
-0.09071197610245685 0.05925559080848128 0
0.002454517340947929 0.01492785744190808 0
-0.04435488295720839 0.04028736562947356 0
-0.0435021429195608 0.09223907525151603 0
-0.03187729432999207 0.008322060046531026 0
-0.01894289931944842 0.02930010550606571 0
-0.00100792993823621 0.008113048819638346 0
-0.003072205758655148 0.001000523622091864 0
-0.002266099915999029 -0.004370628378751723 0
-0.01493923897812008 0.05744967329977743 0
-1.446266101336425 1.999931622529465 0
0.4601264850275668 0.07611799481344617 0
0.445452041583797 0.0757097414046822 0
0.4254621952761576 0.06644684350642596 0
0.4384646820570585 0.09245544275119197 0
0.4294548094587834 0.07912493468244323 0
0.7428672153648748 -0.04708485798326272 0
-0.1258069223978293 22.79362044008089 0
7.777601438965989 9.995767496691478 0
6.063534431747309 9.706632254133449 0
7.182618852432172 8.427126269469522 0
8.838261423486653 8.652321025171847 0
6.979780632534414 6.836587565002806 0
7.899477783736082 5.451245720287019 0
6.52309577404955 5.427594584336519 0
0.7136496832365629 0.1774889187844094 0
13.76002131979633 4.432990341143977 0
12.37050082374852 -15.34880836079946 0
0.5850350759711948 -0.06344137473146863 0
0.4450968069059127 0.2597232408598963 0
1.587670691089986 -13.31545570980168 0
22.8724481797821 5.319678465582854 0
22.85051005279707 2.756934252312362 0
20.89043847415528 1.786451236278113 0
22.75057940392103 -10.45473457037508 0
20.67739532933155 -9.279389304149415 0
20.65738551403953 -11.52614497975184 0
18.59432095400894 -10.37198186723184 0
18.38178612824797 -7.916446524880246 0
22.6658409636441 -12.95508689506929 0
20.21381139275364 -13.88168980366935 0
-0.2553451196761281 -6.226305423314711 0
-0.802966033199595 9.384447132914968 0
-1.346123279486385 10.89579476521175 0
-23.18591193340149 -2.818344757381969 0
7.726270304793877 -22.8140838726733 0
5.186902497379068 -22.80667180376397 0
4.0562964264833 -20.9609837395928 0
6.346445024657511 -20.90590359313794 0
-0.3782739191533379 0.5562473092083343 0
0.09183382312596321 0.1832457886155734 0
0.04333631775565124 0.1689588775815273 0
-0.001038950692282243 0.2146228691113222 0
-0.02083844310586858 0.1451329506926367 0
22.80103102784109 -2.492936510451507 0
3.374759561411615 -1.819390033645513 0
4.432260100552738 1.999971473266647 0
-1.022299975161494 0.4754864923443957 0
1.262216590533009 8.082734248493638 0
-1.527295104620317 -0.6983364869591753 0
1.222219922894344 -3.879870171327588 0
0.9777059439809197 -3.344625676026364 0
0.266212080098907 0.07956547110145849 0
1.915640144402312 -2.872517673899401 0
0.52855121339115 0.07212779732409694 0
0.2628490091517758 -0.08011104746203945 0
0.2762768898089241 -0.07635010867649102 0
0.3686386441228213 0.1052973835501007 0
0.3678818409366214 0.08625713412969628 0
0.3574769468185785 0.0792439330652854 0
-1.1338810749062 -2.403249738481779 0
20.24301110443409 -16.4653823978584 0
22.54455474922221 -18.10494143769562 0
20.08755564980869 -18.83105745721566 0
17.3188459346307 -19.31550708189615 0
0.278647727271583 0.0752072610409571 0
0.2605646123727763 0.06995376769341631 0
0.7188087148678381 -0.05673675714799786 0
0.2787309420706048 -3.788437266575595 0
0.6586395606754929 -0.05718486593301751 0
0.2513958398858145 -0.07685442262826138 0
-8.614904760620332 -12.00333808882793 0
18.44359811506426 -23.00436333292425 0
0.5267418886759447 -0.09051058858956348 0
0.4477307014542792 -0.08314214891113794 0
18.38817126447972 22.76714876733188 0
17.15294678831629 20.29240100957135 0
19.79727111416418 20.70463551625337 0
0.4908808017574556 -0.07063652296381495 0
5.395788779343961 -0.6993940219215395 0
0.9904608423270194 -0.03939870895975258 0
4.025198543285375 -1.697814323911721 0
-16.49779438254531 8.18339872649403 0
22.76259467172179 18.27594527445231 0
20.56772216151542 17.1110538692508 0
0.9477801254023858 -0.02065811480410888 0
0.9399966382613391 -0.02111536905278337 0
-1.25982070779224 -4.962776021899737 0
0.05962994932702456 -5.535832357161333 0
-13.42703290988945 -2.130583346353408 0
13.25446156300132 22.8097408970856 0
-18.47759566901524 22.62810647431736 0
-2.279097002018552 -16.20110707817604 0
-18.35056334500081 -22.61567393955159 0
-22.51280457423011 18.21036493384593 0
0.3684355244479601 -0.1184186615753205 0
-8.112482038187038 -10.35736159129498 0
12.8082139951382 6.079462884051113 0
-6.259662315333552 13.9915830444238 0
-1.564710268705451 7.597451587563596 0
-4.271833706888564 14.00043448223689 0
-14.41034735572325 11.9393029822674 0
1.227530561971812 -2.938566554285113 0
0.4723859707829805 -0.07320062997200531 0
0.002148233499862844 -0.1252601312807959 0
0.02935115181907303 -0.09649644322719998 0
0.0006898588040412275 -0.06493150252608379 0
-4.4179455328161 -20.40825379878448 0
0.2988112029606006 -0.1211515653688707 0
0.7286066065605865 -2.912337240486262 0
0.3324699278324974 -0.0766148442058083 0
20.71435460201137 6.55666771147368 0
-12.47706884791209 -9.70503921579391 0
10.32206307833297 -15.33338050467246 0
-22.58596529915707 10.47977366674787 0
-13.6350302161369 -22.62341335336713 0
3.484410550661996 17.26458276807448 0
-10.21880384403376 15.05889802014184 0
-0.2654673565914625 -0.4373559840388191 0
-0.1702780100183721 0.09198689136010886 0
-2.071250035955577 20.50711750299723 0
-3.379297799042982 -13.80442188039259 0
-0.005286251574999457 8.292302928014497 0
2.283625112774343 -6.799640076286567 0
0.772620364530615 0.0476165102759904 0
-8.951740846922085 16.48513924492703 0
0.50701396873403 -0.1139533858904814 0
0.9883879182958681 -0.005030122379445372 0
0.4048385676545047 -0.07547149800034725 0
0.4172950282377785 -0.07297099871980588 0
1.160118159145993 11.88659806246446 0
2.334134695936403 13.11937137305071 0
11.54207095813766 -13.56197585333874 0
7.265709988524111 3.052704338720211 0
-7.083848375471375 -5.645041152120442 0
-9.197567236751047 3.306501450928043 0
-20.88145360494378 20.12917723821523 0
18.28942081600615 9.883939449908169 0
0.4560149710110588 -0.07331044166011126 0
1.031821969519096 -0.2984977439458742 0
0.9394664334203466 -0.07888521755885645 0
9.215193169733919 -6.14411203005328 0
9.641303040742818 -4.722047288521648 0
7.909244312002663 -6.258048100283388 0
8.753411069773112 -20.87073720782201 0
0.8794942464987192 -0.08554660857015642 0
-17.17464695399814 -5.16457062575215 0
1.109092366371292 0.07090056398995011 0
2.671026107620188 -5.978599026235579 0
-2.778957669012299 3.3301394076044 0
-2.311352105179398 3.919606520313756 0
22.55248557675888 -20.80438612345444 0
5.898427063786027 -12.12525675841194 0
4.659526993422641 -4.56443577965547 0
0.6231989608835202 -0.06255806225045914 0
-9.082738890630045 -2.081284597855769 0
-8.211731298913325 -2.868990534949054 0
0.810156274732547 -0.03102864731992605 0
0.8062546875554508 -0.03978894926929858 0
22.82364990889361 10.20792073402998 0
4.027675682515428 -17.93494787439888 0
0.02406163522869855 0.02934954855563507 0
0.7955380472381809 -0.03255420897795437 0
0.9755701260936533 -0.007456043316349879 0
-14.84343051367515 -16.39714233087932 0
0.5525700663558258 -0.0700213282077925 0
0.611326909739239 -0.06156476592737647 0
2.079505254117439 -0.8162032910357225 0
1.921097619930046 -0.6176457280796928 0
-11.97104997555076 -12.95131429777067 0
0.5823915442456427 -0.05410062080130584 0
-4.228804638320986 -1.048411019577617 0
0.4162630423513884 -0.06333861372573654 0
0.4327355787299438 -0.06379265212400743 0
0.4286867856722678 -0.07233416901236399 0
0.4382875375840216 -0.07330133482214271 0
0.1884595990405927 15.03456661284561 0
0.4348168989152995 0.06943415069741449 0
0.4160957278355905 0.07457740839955856 0
0.9800551747533461 -0.006760782935423405 0
0.9834547477663191 -0.01133903219589183 0
-1.986809964127394 -3.8690809223243 0
3.736754047395542 1.770312757386248 0
16.73391919698291 -11.62683253351286 0
0.9839510875402757 -0.0523741760773852 0
5.56390955765101 -2.71777275968095 0
2.474742310282332 0.3816888001525494 0
0.4415782044088497 -0.06403069822295071 0
0.6392449451382665 0.05736234080566146 0
1.450540434136472 -1.007228523609088 0
0.5003931174131244 0.1929033597838976 0
0.1137809513777006 1.663931207029854 0
3.541484958056849 -5.957087488850373 0
-0.3273375517148797 0.238003025538834 0
-5.737932735785654 9.051105724046739 0
-3.778153433362196 -3.404492283588856 0
1.151688659163413 -6.068174094248286 0
0.2577127971811287 -1.196138232581072 0
0.8173516753292234 -0.03005145323284973 0
0.2599850826449522 0.1332852081658713 0
0.966132349754985 -0.00910564344408752 0
0.9639822240952385 -0.01515972781189931 0
0.5988942835131614 -0.05297141984214976 0
0.5954439849739831 -0.06161880267038815 0
-7.174127021188264 4.651304267856815 0
0.03206367711669637 0.0339416149819501 0
0.03207077987468032 0.04070478981514054 0
0.04011441015813862 0.04282193955860054 0
20.97119646667237 22.89732586878424 0
-0.01380025597877776 0.01288690924114098 0
-0.02129968064841239 -0.008375662730262922 0
0.3996203886382805 0.065143173693895 0
0.4037943140862328 0.07478484902273616 0
0.391157074524529 0.07339818368931642 0
0.3809066181944086 0.08170077631774136 0
20.91485930747159 4.10385941942643 0
0.4162279762647744 0.06411681834565799 0
16.28564878309214 -0.4265354483603634 0
0.4583944464220807 -0.06329576770264914 0
-21.05689090476483 -22.35007312820179 0
0.8315975153177494 -0.02841028602019114 0
0.8289031309540066 -0.03561331951888913 0
0.8845710017095941 -0.02974027307875015 0
1.968674204905357 7.245332249479085 0
0.8657341776136303 -0.3659012218155257 0
17.34103660058515 8.129384604889449 0
-15.124221036265 17.40248103986922 0
1.686140507250691 -0.6800462163487335 0
0.5488271125794834 -0.05847227567576642 0
0.9560688004816532 -0.01087516887762125 0
0.7657489689079853 -0.03634430155352174 0
0.7698938424639857 -0.04361711246821393 0
0.07448530332125959 0.0473557959633848 0
0.631625264180341 -0.04984721406049222 0
0.1482533749834705 0.1753612627073813 0
-19.88068086872939 13.74775597163041 0
-2.276729052356501 9.839269681574432 0
1.127380349932974 0.809900484058436 0
1.324982265443946 0.7353594777823953 0
17.67138970752476 -5.484239835430574 0
0.6159530565442948 -0.05282360522525623 0
4.596941662057192 21.20849649684312 0
0.6880539879896419 -0.04473297514812413 0
18.868765571143 15.8880358419481 0
-13.22793334588253 10.41033871663829 0
-3.262559439244597 1.622020795732956 0
8.949001990597658 -9.397465709925536 0
15.24166814857969 -10.14945871357772 0
0.4078802643725175 -0.06483755752112329 0
0.7732176502841884 -0.05457347934570256 0
0.4750238881077585 -0.06262612039231574 0
-18.31372890129157 -0.3651155842423089 0
0.8453577483633067 -0.02719963824558753 0
0.9521140335461087 -0.3346882384655807 0
1.067076451960976 -0.2258043553210854 0
-2.930152673227106 -0.5805299781956131 0
0.7038891640061138 -0.04300423572132812 0
0.5716259472378787 -0.7778097208409802 0
0.4147479819647664 -0.8059671405574771 0
-18.28084920592218 -10.00802585806999 0
1.924142299872541 -9.34610280450757 0
0.3946323017749445 -0.07410696928060354 0
8.667486259045637 16.51646241385787 0
0.2708031777237908 -0.06700056007190006 0
0.06990479344333986 0.0527495386428067 0
0.04196141490733901 0.03775870144907811 0
0.7581716096603119 -0.03724189365873655 0
0.532644009779445 -0.05790331158039305 0
0.5313249601336434 -0.06821286236964255 0
0.5200635634271332 -0.06824205346335327 0
13.11076117206784 10.86753559120664 0
0.5658538117140073 0.05543251144951541 0
0.7356458196043292 -0.03966711131949119 0
0.551083365314414 0.05864146489388956 0
-3.098357124885509 18.92062227723014 0
-10.83857177064211 -20.42671102793135 0
0.06308789901363421 0.04450712765574227 0
0.05841701016218234 0.04955194230221223 0
0.7807617810513247 -0.03458297595725079 0
0.1656473761820487 0.06107057209760833 0
0.1619225780738668 0.06954206335445443 0
0.1715364171913324 0.07016244925475593 0
0.1512756083746259 0.06675732023375391 0
0.1550168973118215 0.07644622385406624 0
0.143242586096177 0.0756818295292572 0
0.1498486112476396 0.08810170375843429 0
0.1651424118392184 0.08246956414911971 0
0.1788718814807566 0.07801972222851611 0
0.7196014388381698 -0.04142528290025124 0
1.942111535097532 2.307123284193476 0
0.9453533841328559 -0.01280219805566456 0
0.502311932189011 -0.07045452494296918 0
3.893350965470534 4.966210271440367 0
4.121767842061524 -10.51028883965303 0
0.566282015933717 -0.05570108690366034 0
0.08041800810254102 0.04856990337172275 0
0.08213481730078373 0.05546015073272766 0
0.2997039059327119 -0.07792008586081631 0
0.05221100639911026 0.04134300391419499 0
0.8701089722639657 4.196565441423609 0
-3.847705736616638 -1.571115256169071 0
0.655680942095651 -0.047744666581547 0
6.254482546759255 2.514456208247724 0
-0.1341359236705062 -1.21931710614534 0
0.2549041298331859 -0.0666760941295183 0
0.2392936338548576 -0.07425463717704175 0
0.6718557377415337 -0.04672172471494335 0
0.6766353398341448 -0.05316180865954082 0
0.6554170680836447 0.04904803601341221 0
0.2780089572455938 -0.06598290796318458 0
0.2885006691522017 -0.07698507589688156 0
0.4907968619559693 -0.05976722793053466 0
0.1738766225095203 0.06189313492159283 0
0.1797863067807683 0.06762736291678124 0
0.8590942249422254 -0.02521438739138303 0
0.8635157982386908 -0.03116886582181688 0
0.6394004542904544 0.04794487504850728 0
0.3750306659745927 0.0662489913492675 0
0.1518090581613842 0.0586563963254821 0
0.2242906624967914 -0.06515223780436312 0
0.2280029809826074 -0.07421710895286898 0
0.2210812729490558 -0.0849827909957008 0
0.2163912232714313 -0.07258801140327566 0
0.2087030876690367 -0.08180642074513191 0
0.1871701294397189 -0.06313305426451397 0
0.1828958496055645 -0.07054153022168383 0
0.1726699130478602 -0.06870651926161853 0
0.1775563002385601 -0.0794342358364406 0
0.1655657379786823 -0.078235584857587 0
0.1375005064395914 -0.05802341234189679 0
0.170641676953764 -0.09218686602779716 0
0.1567717208427766 -0.08880077402926304 0
0.1840908043597809 -0.09320172700439217 0
0.1605210122105858 -0.1021171024714141 0
0.1525661903141059 -0.07510270958185483 0
0.1428591924133396 -0.08598140877470158 0
0.1378876154194726 -0.07249265607969206 0
0.1279984073979659 -0.08299656952360852 0
0.1247817070671638 -0.05632676533758538 0
0.1332731641354161 -0.09752133136493638 0
0.1166682720545802 -0.09464163274595916 0
0.1128299934546969 -0.07708222166093076 0
0.1003465373508627 -0.08979634032145574 0
0.09776283487205863 -0.07443840343903138 0
0.1245664285071799 -0.06999263336397032 0
0.1062488328613967 -0.06716672009682512 0
0.146736108540937 -0.06635646723202598 0
0.09857546645860699 -0.06168189053915431 0
0.08514102516203553 -0.06717150374867507 0
0.08043896497195155 -0.04842241847833073 0
0.08524326204664708 -0.08424233554027234 0
0.07110557922418706 -0.07600856406025125 0
0.07120178379887032 -0.06201856065275181 0
0.05742205381881661 -0.06764024447679928 0
0.05465283548659885 -0.0854931142770208 0
0.04044166303364211 -0.07369827259052228 0
0.04679350175261006 -0.05646144045017949 0
0.03072055837135574 -0.06036540991494602 0
0.05953923515781417 -0.05367551782247801 0
0.03528639042456289 -0.04862945695545177 0
0.03246553752952397 -0.03485544655139358 0
0.02257892866049972 -0.04747198427402025 0
0.1161516381018042 -0.0634098004786012 0
0.1044627442178252 -0.1098563103967333 0
0.131254813008139 -0.06311139830938613 0
-16.23129033606085 -6.694646392751359 0
0.7426633689634593 -0.03772874965210037 0
0.09225332929878699 0.05021582061113009 0
0.5155288610589072 -0.05959258541338965 0
0.4590575607774777 0.06482705858092004 0
0.8715989733671203 -0.02241879004085584 0
0.4993311980692152 -0.06013681252227767 0
0.2168169559507759 -0.06370528372521619 0
0.639776665275547 -0.0505105922178643 0
0.5897332174491519 0.05477116328812999 0
0.2020821669608597 -0.06453517056203675 0
0.19823433305978 -0.07370186511469951 0
0.2395035127392484 -0.06569627985751479 0
0.5741275235442252 0.05475569632778003 0
0.5723607219502606 0.06503053901398889 0
-11.64243084065918 0.2466796162355157 0
1.360269195427525 -0.08846295587989858 0
0.2942971942232485 -0.06831739737328182 0
0.3913746753152116 -0.06542587076407974 0
5.617546070463967 6.555866509422263 0
0.09871722286345488 0.05214879357213809 0
0.2018626872459808 0.06393423217683185 0
2.219174113959165 -17.85843823792776 0
0.1380807866674708 0.0586982473668495 0
0.1327140226256571 0.06383376034809382 0
0.124785371095953 0.06252588419526107 0
0.19437742130619 0.06364197071593959 0
0.1879796416390674 0.07060591217559112 0
-9.5540415190167 13.17742095423589 0
10.39477412004609 -3.483201920759996 0
0.1249125583586612 0.05527688021857977 0
0.1151690453865334 0.06442292884697835 0
-14.85212176125159 7.302891657197058 0
-22.4762231841821 13.43064718624445 0
0.8863106486872879 -0.02225575666852384 0
-17.00544831885684 4.639042917727309 0
0.317748819960477 -0.06763596483366895 0
0.3225345385154502 -0.07508004790683293 0
4.354186688235772 -1.143311405958634 0
3.698522784341462 -1.17649406216948 0
0.1114162430463531 0.05432108252708856 0
0.3913422267957534 0.06419173728770824 0
0.2167396561800884 0.06503092834169785 0
0.2132682682451693 0.07244881507499029 0
-5.568936993004667 -6.570926805795705 0
0.6152834695903939 0.05160078092136088 0
0.6118414530484024 0.06118936099796882 0
0.6318423841000232 0.0498269872013371 0
0.3587745831270058 0.06676687132606175 0
0.3296772887754166 0.4958231292497225 0
0.3341938600377032 -0.06671793898825774 0
0.7546172649372492 -0.04544279289468046 0
0.6273530173258763 -0.1281579002098618 0
0.8249679173064286 -0.09911613931658292 0
0.8028817281971989 -0.1075568202779184 0
0.3105964288513018 -0.06655376005539047 0
-0.5938243146035997 7.425546066628026 0
8.055995643400077 -17.74598657806651 0
0.224280001098163 0.06546619958140816 0
0.9347312483139631 -0.01469691815343697 0
13.24249904580767 -1.127478087174733 0
-6.084943863928476 -0.1504066398792761 0
0.3581533389257652 -0.06713370247182407 0
0.2783148412865601 0.06669594404818632 0
0.2893504665849347 0.07703723383261754 0
0.9343720886296952 0.01422589079529309 0
0.9324601471910041 0.02095505480672829 0
0.9233417955103885 0.02161672316155893 0
0.9291958743498918 0.02988154062532114 0
0.9397613771244433 0.02680304472675878 0
0.9181065795802361 0.03152735444105682 0
0.9368611239863116 0.04072807272825644 0
0.5083107592052304 0.05999886647536226 0
0.6800888938842151 0.04560042904870274 0
0.08651683479710487 -0.05025186944184988 0
0.08047674927681939 -0.0564894666712893 0
10.188983639264 1.053945315760535 0
0.3749345143912448 -0.06591928955809888 0
0.3715034558421003 -0.07608400551950285 0
0.2941167832873577 0.06685638118791085 0
0.6638833564288461 0.04835479478368211 0
0.2395082293776314 0.0660513315974888 0
0.8980961117607522 -0.01970852930965897 0
0.9108577105809756 -0.01788769900868458 0
0.9082544015032386 -0.02324376331643587 0
0.3259450252964998 0.06739413386106349 0
0.8158159623860423 0.1511126067469306 0
0.4741855550472391 0.0622562053098478 0
0.4795774360327832 0.07114328938647238 0
0.5988740738699304 0.05272026062240302 0
0.09839151432441454 -0.05228000764645746 0
0.1049306788866512 -0.05340772874000997 0
0.5252323515455586 0.06022421001022772 0
-3.647948748391435 0.928097429826267 0
0.05758422078093876 -0.04388990045118333 0
0.05252869819033551 -0.04808556782646253 0
0.04495498304139768 -0.04511467456781822 0
0.0357621313452816 -0.04085457284599643 0
0.3100548580739396 0.06689649856142336 0
0.3076031918324741 0.07670142493112422 0
0.3423259382426144 0.06682410928287769 0
-0.313194796021331 -0.3078991498058898 0
4.719114292836313 8.936913695357134 0
0.9960266742550143 -0.02533375636759583 0
1.010052229433483 -0.02013722153087914 0
1.025560480605035 -0.02758336698013074 0
0.8118084686346922 0.06048270479085014 0
0.8183470304916749 0.04684125386282797 0
0.7279901529641146 0.04052053799746728 0
0.7505201530837567 0.03787757177928428 0
0.7467990581731223 0.04832829515578045 0
0.7580501730544612 0.04539844560263349 0
0.735466892379972 0.04779028020557248 0
0.9226163756355432 0.01496565163723325 0
-0.9916390101132904 1.462552087429883 0
-6.023076914307362 -5.727193085292768 0
-7.387743131452266 -4.512038591434599 0
-0.09080364562537391 -3.329733048183424 0
0.4334526601955567 -3.249865756176668 0
-4.894368860133742 -17.17537053797109 0
14.62162482618054 20.71836091761788 0
0.7112629527395726 0.04305254533590597 0
0.7166663777983966 0.05196649529622757 0
0.7810015176802951 -0.1676855190346545 0
0.78857964771502 -0.1309301215316619 0
0.3464998951319124 0.07566674453141671 0
0.7350333570462277 0.03853289999371595 0
0.7038711175289363 0.04283113995652015 0
0.3504208106345901 -0.06647744611649717 0
0.7578638762624853 0.0364881115417427 0
0.7732553601324931 0.0352514230253709 0
-8.47829828314106 20.80004615056029 0
0.4910242541467095 0.06107263606893835 0
0.4957367119069876 0.06931062575047328 0
0.04740273973236267 0.04579792940510029 0
0.03745520244867759 -0.03547404141351969 0
0.8660069370635735 0.02406811700661829 0
0.870404333981377 0.03105863139807682 0
0.8802942678093495 0.02874505998027191 0
0.876596528964981 0.03966161676981927 0
0.8883862445468855 0.03835592362675988 0
0.8642466039299188 0.04047926873693306 0
0.8741156067888927 0.05424424759955375 0
0.8575225642672704 0.05552248014027988 0
0.06318112132624172 -0.04466578553222643 0
0.6883618118903276 0.04511001788816082 0
0.684679168319235 0.05413456437385329 0
0.9501811934334885 0.01106520580653514 0
0.9489620938950971 0.01819771696547319 0
0.940614821332498 0.01830464620993723 0
0.9503192622001509 0.03059582372989789 0
0.9605060596560384 0.02060662008573312 0
0.9670047906729551 0.03564034044939345 0
0.9738717027211798 0.02292922461374252 0
0.8386015480517017 0.02741269449657976 0
0.8362959134295558 0.03669403729783981 0
0.8465374836062483 0.03431575343511385 0
0.8266869542160711 0.03662885994051945 0
-21.34533314248971 1.441711059512878 0
-0.7259887603374044 -10.26008724336269 0
0.9228247887990554 -0.01603271168215168 0
2.241402972965374 20.28097672570638 0
0.9921514164650955 -0.004873373353558903 0
0.9954298058139621 -0.007670915836379664 0
1.000121213021068 -0.006272042905559263 0
1.004580628865142 -0.00226888883603744 0
0.9982093496576052 -0.01360859673436967 0
0.8244904978798984 0.02911272257538699 0
2.796858266013635 -2.048563622088601 0
0.4290388174838518 0.1078155505892419 0
0.9171742808177645 0.01669986297471817 0
0.3685788529900074 -0.3532172460383068 0
0.3473332001878068 -0.2628195884857289 0
-15.57740524317555 10.14083558349524 0
1.751663442632171 -2.45714115056592 0
-5.695825333268216 6.895940912035946 0
-5.417896929561167 5.134915683177062 0
-7.868438080526815 1.906082088124637 0
0.3302670794203275 0.07541153561469387 0
0.9398199259861878 0.01238002070702891 0
0.9043230482064732 0.01904623567013188 0
0.9088777610761901 0.02521855521527123 0
0.8993488190666912 0.02574884610067281 0
0.9077584416621101 0.03607995329571985 0
0.89932988059271 0.04827422585739512 0
-1.283367165313798 -1.939031137365504 0
0.8095055167380399 0.03910706212647047 0
-1.409543434068012 -3.846870783101839 0
13.81514483601111 12.8005577625736 0
0.9759409714264582 0.006846244459779352 0
0.9778249777692912 0.0124124982621751 0
0.9854504940215459 0.01092160845346601 0
0.9829143687379777 0.01884221523889244 0
0.1622639235709966 -0.06845638087658099 0
9.482478912283451 18.30903939010633 0
2.852331710092247 3.773116415777351 0
0.8592883836970172 0.02508132915626521 0
0.8563749915685048 0.03314458651254033 0
0.4418620619786927 -0.1119533416097011 0
-8.585859851111913 -0.9238090151797296 0
0.8984392181430567 0.01933329536511072 0
4.946840888529475 -9.460930932489228 0
0.8028791253132851 0.03182706215767863 0
0.02331527083506183 0.0354858201811148 0
0.01221367808261147 0.03479952741916834 0
0.007833119441664864 0.02001362935871945 0
0.0111030074317274 0.02217428900063417 0
0.006030643611760469 0.02604383454970343 0
-0.002780723772326358 0.03696705939837434 0
0.006721605605597385 0.05000354491639042 0
0.002138295806821143 0.01991243057713498 0
-0.00376252861251443 0.01649301381088309 0
0.0741120387642939 -0.04631749601437078 0
-6.221025799541779 20.99047712550299 0
0.8276146798797144 -1.258089811889948 0
-6.683671946743997 3.587975964324168 0
0.8847315686362612 -0.1111086150221133 0
0.4088387745340049 0.08601172813450798 0
0.78822614324691 0.03382020877737024 0
0.793054281040607 0.04103948554592697 0
-23.00524199941349 -18.44307617352588 0
11.23622539374468 -20.85762458035481 0
-7.424407890289683 -2.438617753154635 0
0.6040565591918408 -0.616752743261107 0
-7.808195099403867 3.727912750725354 0
0.5903457970495639 0.1005831570149345 0
-2.497478539093728 1.015803352866332 0
0.6690528757405818 0.05473675740143703 0
-1.508570600523596 4.240524258561289 0
0.8857026739719264 0.02110697943259973 0
0.8791261366287618 0.0210958882494728 0
3.288615838088139 -3.324628150313992 0
16.59151778263551 -6.886390434779516 0
-4.446613628923556 6.905276981419693 0
-0.6198918529714598 -6.949031237745143 0
-0.8263570668957969 -2.057509312756912 0
-16.11075710503227 19.52364823045689 0
3.301287361566775 -0.9512935929835376 0
8.57659540824695 -4.09527291642772 0
1.107125691161519 2.309022928986275 0
2.931672707692298 -1.650087202657405 0
-20.34052528220661 -0.3463684364887608 0
0.6005245001758592 -0.1055425243530982 0
3.810122570944367 -0.1937099449599933 0
-22.94747232503499 21.05643457479646 0
0.7808321439524295 -0.1039092531118555 0
-0.4947178525465502 -13.6080733223426 0
0.3721112301437993 0.07447663908154269 0
0.8836690646427927 0.1694353116889367 0
0.9298465519517327 0.1821063256210483 0
0.9664581026649183 0.2219691727184656 0
-0.2229008261020521 0.1762408731549573 0
-0.281940907016667 0.3863906090548359 0
1.602307997125779 16.61539468601684 0
0.6781683416086977 -0.5437160147351634 0
0.8455427716948962 0.02644498988390115 0
1.497804222552305 -0.430950283787129 0
0.9933138396085612 0.01808869049493889 0
1.007103860697569 0.01766634152423071 0
0.1292412358799914 0.07305295947523216 0
13.26820466097688 -3.688322788094836 0
-22.97405611064031 -10.42727889399107 0
0.9667333972443569 0.00876021090225898 0
0.9686689351454725 0.01403207916334706 0
0.9526830926847252 -0.06225629617095304 0
0.1250097474165647 -0.1148535353212084 0
20.70511958849669 -7.308336515940296 0
0.7389812708720032 -0.1276267733304608 0
-10.49262088894394 20.46992250937762 0
-0.350391520323828 -0.566053963147282 0
0.8101380212465262 0.03088049837188939 0
0.6566116460289865 0.1446405077889128 0
0.6731939890125915 0.2047417728711914 0
0.7134298818995277 0.2262156387135689 0
0.8047054861625452 0.4795650003269035 0
0.83199845799773 0.04913712165963272 0
0.6031418219484397 -0.06856034685524152 0
0.3557660083136657 -0.6841168469719512 0
-1.890656587004839 -13.68815085195866 0
1.711386722734948 0.801221468938103 0
0.2263019670233721 -0.09925338211080226 0
0.4175570289910094 -0.2454462344016602 0
0.2744570733439855 -0.2584537682837242 0
9.758615844747045 -2.294870498248707 0
0.5418088602952936 -0.06583623148422726 0
18.5703639693504 -15.21769143206738 0
0.4287699087041827 -6.024818299073617 0
0.2223424438398719 -2.445185248846706 0
0.891582396639975 -0.07226157662183935 0
0.9430411776484205 -0.1072889647782872 0
-1.71776231982209 -10.09831314663195 0
-2.091621163589801 0.4994519422636903 0
1.016765344752741 -1.498515043211476 0
-0.005893015778153793 0.02545165733977497 0
0.2966609079412211 0.8997523674068812 0
1.79900095188117 -0.2773406511596124 0
0.5511388349973335 -0.2084727078084496 0
13.99920762942677 -2.410695968891264 0
-0.09247453280407181 3.468979122036551 0
15.56845445665429 18.94340195338494 0
0.1186819044521011 -0.05593550088531604 0
0.9208389567732046 -0.02307605252766178 0
0.6928131385513411 -0.05208143423193139 0
0.6774404777471933 -0.06346955936747266 0
0.7243702113377652 -0.04820040381834348 0
0.1618212937667911 -0.1368477804951297 0
-1.811388066154166 1.338091906061285 0
11.93366947605504 4.796556914096733 0
-0.6936086034648176 -1.151135809539976 0
17.59565546059678 1.229567035305571 0
0.9677156266770062 -2.482809272335304 0
0.7932644545278755 -0.09194458739383407 0
5.944501175368302 -1.943852431262536 0
0.1885328373003769 -0.07939416409310464 0
0.1972869541826041 -0.08770528231442543 0
0.1969483948036913 -0.1025954550536939 0
0.3160095494079199 -0.09927187371875452 0
2.154268878994754 -0.5392462564853489 0
7.301504678369385 -7.291587407297905 0
10.21137592906485 20.11561583837451 0
0.6795759311429861 0.07920053145350824 0
-2.616301883244294 -1.528981147675681 0
10.69363000988992 13.49657156228411 0
12.66036020002931 -23.00823747822539 0
5.171166377846452 11.27589898334373 0
0.3045496121665696 0.1226349643144921 0
10.92172372283689 16.57238495979703 0
0.1414938936639233 0.5382595972424764 0
20.59799710622783 -0.7995708019846607 0
-22.79675439370081 5.65696478450656 0
-20.94402843839478 7.050645607798046 0
-0.01529069594953101 0.00133171449419805 0
-4.834016894550253 -1.198334781063911 0
-4.005480224842358 21.04260705351592 0
19.39958395034076 8.274948135814579 0
1.165266187803897 0.04132777420993517 0
1.235936666990701 0.05906707163540671 0
0.9554525047672506 0.01227954879830461 0
-1.568328901397617 -21.13797515471444 0
0.5213957436701095 0.1653780191714746 0
10.78333040144013 2.278397032277697 0
-0.0003965345252733374 0.01156068228516233 0
0.4408102125220816 0.06363444467957982 0
0.9855622229474328 0.03142276498396935 0
0.04710243588699784 -0.03896892333419233 0
-5.042718087296207 12.65786653804874 0
-2.210479728180939 -2.382662722941572 0
0.6423584820285776 -1.288506388859747 0
5.198862424625679 -3.349500022723139 0
2.849878333786279 -9.156705292164308 0
0.7156008703604892 -0.06892485731331791 0
0.3787034317963017 0.2499444809315309 0
0.4530363335750592 0.3092046947936177 0
0.1881924087885014 0.4249075762611714 0
1.288600031867321 0.9470032399963364 0
-6.380539564052986 7.944375072913569 0
0.4751163323738734 -0.2375694197503981 0
-17.74689753080211 6.548796587589139 0
0.1048906318400686 0.1448142320892679 0
0.516040484235008 0.06880256340413769 0
1.120102403522086 0.4837652098682288 0
0.9650370417239342 0.05543119200849116 0
1.551124435357198 4.00838749577309 0
0.056059140002754 0.1362192758821286 0
0.02020574582478342 0.1246753600101911 0
0.853297059185927 0.04254293929245108 0
0.8899072979364463 0.02792624093908577 0
0.03293009375056799 0.5176328795246952 0
0.8458557067437612 -0.2917513121150058 0
0.3891722832440004 -0.09956304869619909 0
1.001473009015479 0.01025413898859686 0
1.014880432966441 0.005062308835348224 0
-8.28092353516165 -5.580967701490586 0
0.6278733276268675 0.8165656041116702 0
0.527595575763693 -0.07789448818160233 0
0.3357223303004396 0.2220658438378943 0
1.42395067927057 0.4381899075197752 0
0.03137006446722061 0.1008369024863182 0
0.893036979172309 -0.02703956107715341 0
1.201411238808029 -0.7199026071770499 0
2.236306948597207 -1.058184346508469 0
-1.145400783734208 -0.7657609844258738 0
0.5737067350974923 0.1745815451294589 0
0.1360806021601301 0.08436203339358195 0
0.5409741264614416 0.05792731851691738 0
0.7629861043054066 -0.1410575250659172 0
1.259985736543796 -0.04363576904335665 0
1.192659417160764 -0.09232786361896658 0
-1.439855302405797 -6.961684390592335 0
0.9976724275276797 0.004320510616817496 0
11.11850454868507 -4.754951206689788 0
0.5877357603443354 0.9769737988093978 0
1.098847355918747 -0.1751508325376264 0
22.68363000255441 13.42115741636425 0
0.9519982310408809 0.8446684915387078 0
0.3989699051394059 0.1858349544252219 0
13.47546549551069 2.840653381735031 0
0.5233428335680639 -0.2634700864382109 0
-16.00594853691961 -18.20189912323347 0
-6.603739400174942 -4.028970349794224 0
16.85782257602503 -10.01866685611359 0
3.312789564377398 2.091153819194612 0
0.1442978064311405 -0.05918698974616041 0
0.1514087327690127 -0.06004807163488253 0
-0.6473105002077805 1.427008448552303 0
6.172297712963687 7.668839949352035 0
0.02881003872195008 -0.03993755078050894 0
0.01516733620863164 -0.03874616683467884 0
0.009127887120701736 -0.05035930782723856 0
0.002247672963564938 -0.03937419550568342 0
0.2018294016647308 -0.1198317580952486 0
0.7568492475142388 0.6006678189973154 0
0.07009911924683083 -0.05289882983440375 0
0.8556131374802121 -0.0330234516535488 0
-2.923137584977664 2.666864230442143 0
0.0276779701834538 -0.03280421070931901 0
0.6679060161585826 -0.1160799253505836 0
0.3122224634847173 -0.07624341683908434 0
0.7397675260671313 0.06304900654060981 0
0.6033083148654894 -0.05950272669310396 0
-14.13654096772197 -13.04732670488663 0
-0.5826872971763144 -0.1512400933910863 0
0.009200370392761215 -0.03129787960600045 0
-0.003040035821749588 -0.02623893771773443 0
-0.01278033507784579 -0.03737775215155881 0
0.1686575378467118 0.2096257603524662 0
0.4119574222758026 -0.2062292551001912 0
0.2278803772961407 0.07318509300537886 0
0.1772191325395898 0.0951872745361724 0
0.1906476338167649 0.08235533199612884 0
0.1488603985491101 -0.09833270854113019 0
0.1497779344685879 -0.115782715684585 0
-23.01015852270782 -12.71730829939438 0
-0.4411921317182927 0.7454790053604761 0
0.8360795260471728 -0.05297287847426543 0
0.3421342729108554 -0.2138534375259086 0
-13.20268682691123 23.17982078903037 0
0.9900319448379333 -0.009380594369098197 0
-2.9583973474935 -1.110321618429313 0
0.2707196989658949 -0.2164137665275634 0
-14.87203410438028 -20.41829040424135 0
0.2436455618660155 0.07319190327880044 0
0.1543157776730328 -0.06606198593851473 0
0.1657936647517904 -0.06138964785234045 0
0.172983356664168 -0.06069275269084282 0
0.6569031465633418 -0.2280004075703927 0
-9.903445065023831 2.189935266323702 0
-6.099570838658874 -7.393308794710977 0
18.99013441229821 18.53867884192552 0
-20.95306037411974 15.78012253075811 0
-0.06138547726836749 0.1887398262818648 0
0.8358480156060237 -0.701825101978703 0
0.440095918229499 -0.09675171548545944 0
0.3832561810807319 0.09558000177230605 0
1.789113937270462 0.1041987620671656 0
1.986913344203613 -0.09549994772640594 0
0.9543234367664702 -0.01651668299326484 0
9.886113196507957 -13.47174404041856 0
0.1007385300450343 0.05942741164831672 0
0.7857018964135909 -0.04113274569080482 0
0.1101601992621889 -0.1321547555639782 0
0.6681957356999935 -0.05587475830041028 0
0.9740552406388391 -0.01305162620630492 0
15.68544096910683 -20.70290959925449 0
6.912214460491731 -1.756855821957791 0
0.4873220066052719 0.09649918692074809 0
-8.31754373233534 14.59747579430841 0
0.8150908202916292 -0.03768312961836713 0
0.6018166579892407 0.5160139686200974 0
0.2001082939893319 -0.2299934470262615 0
0.1842501626458904 -0.2738239633774059 0
0.01926788838342072 0.02898936850363383 0
0.2352807338672828 0.4978978292282605 0
0.9327488495564072 -0.2414698093418968 0
0.821684934511973 -0.03576618040124089 0
0.253870641372048 0.06558262787040874 0
4.64612249368238 2.770723301365032 0
2.086361915448723 -4.366229793944671 0
-0.5450159426939912 -23.07241558357369 0
1.079297961935362 0.2076434713102611 0
0.09023568341131806 -0.05635679320577135 0
-0.02002930516007811 -0.02262061781718952 0
-0.03391618404930433 -0.03755593167895997 0
-0.00879907637939718 -0.01596191598378486 0
0.003739407142123557 -0.02172458663082334 0
0.01518388497369156 -0.02743829913492602 0
-0.009726050850809244 -0.007370915677479082 0
-0.003814498390195286 -0.01027891997701004 0
-0.007614692393364705 -0.0009374614465858507 0
-0.007940386602143227 0.004910667643959653 0
-0.05951770600162133 -0.03632078092263768 0
-3.580558686505868 -4.501111988135182 0
8.266592612469015 23.12383049545228 0
0.08604129194437683 -0.1051300319718302 0
1.131113828072355 -0.2605918707711917 0
1.077834774147252 -0.1267153181746824 0
0.8358678975642546 -0.03362484092616965 0
0.4893218022520957 0.2365027800189256 0
-23.28186383249747 -5.1763983935673 0
-0.4272780272761848 -0.4295135144133861 0
-0.002800471194240397 0.005450363799339603 0
0.3271497963949326 0.08425421294389822 0
4.07848595939597 -0.6497969301452486 0
1.796405914454645 -0.4697710448124484 0
1.987052601782823 -0.3698542807216316 0
-8.20767241812991 2.754590557088756 0
8.666754361742596 -7.248192807832642 0
-0.7774990449458465 -0.0800409938734581 0
-0.8189553454739853 0.1188254012275849 0
0.1314503922945773 -0.05605865970536594 0
0.1762644254835884 -0.111664042939894 0
19.53281847850004 -21.04994362664466 0
5.491423648789061 23.16892937041255 0
-6.405247849464096 12.51609890062976 0
0.793752833000912 0.1324888439606947 0
0.005518661294334787 0.01691675944830006 0
0.6028027303351512 0.06167610198978932 0
0.1408741773624616 0.06657372321774138 0
0.4688365816338382 0.06976544311698114 0
-2.574843901443494 -14.88758179626265 0
0.7085879630775654 -0.04989247073899953 0
14.68001928950346 -1.210640739327226 0
0.3840496429315191 -0.07489465893333865 0
-7.201940233110418 -11.22763337396963 0
1.928330702210645 14.64549644686447 0
0.2069395244051921 -0.07138450390248682 0
0.649574123797573 0.05701218157234694 0
0.7779236384386282 -0.0432894589145261 0
0.7010989275426081 -0.04957335158801471 0
0.1201951669901938 0.1673614913813401 0
0.8726925833445145 0.07655965985277356 0
0.763921077774437 0.05536743186084811 0
0.07786052115199286 -0.2451893532314742 0
0.07602268194073306 -0.3138284196177362 0
0.001609364769905757 -0.3271293358637464 0
1.024393283272417 -0.01145886722567765 0
-18.16335198901051 -6.870620867229897 0
6.858564686901656 4.36368911184592 0
0.9930660689035062 0.00957914917744244 0
0.9882959320492881 0.005986381854015441 0
-1.647451063294145 -4.427373134778059 0
0.9238449773921696 -0.09407953023784954 0
0.08378944442926498 0.06306690569357597 0
0.09690741972281276 0.8949783007783314 0
0.7417203910840484 0.1442402954447973 0
12.12892318746654 2.520791017209737 0
-0.1843775469417966 1.743936807076401 0
0.7256570538425293 0.1161085652282252 0
0.7166247197844102 -0.0476782403778844 0
2.513765271777781 1.144678075963116 0
-10.24845213060535 -12.02853953190483 0
-1.242292145843769 -1.123169461484623 0
0.6843083938586548 -0.05351817234578 0
0.7620268035248308 -0.04326731598114318 0
-0.03877048460081453 -0.01618722970106549 0
0.1210113696390097 -0.2315599542850749 0
3.21469375545755 -11.2171774066227 0
-12.88886105332266 0.2946338573157956 0
1.382094592676037 -4.393729074631992 0
-21.42008126255487 -11.56067494111685 0
0.8391470493347525 -0.1400211818225073 0
0.5671878473159035 0.07532834572087406 0
0.02047500880860809 0.4245243174920694 0
0.221417419614289 0.1065844463078721 0
1.187534061953275 7.031586501558222 0
-0.2299162982094668 -0.2270871757796233 0
0.0240539596930113 -0.07654258681496377 0
14.34053625087235 1.743233801699322 0
1.615125508498954 -0.9174123995551448 0
1.397250442151982 -1.24456552351965 0
0.5588094228653913 0.1038531718803082 0
-5.705132020067293 0.5849309132839838 0
-1.00217172128239 8.365537108913555 0
0.9842442895954161 0.005408339836502491 0
0.7165536009576678 -0.7538411828977843 0
0.4473067731177648 -0.07154390983792555 0
0.02259655325958581 -0.03697561879171796 0
0.6951167139599728 0.05046843117968298 0
0.9319559934998107 -0.02177983665486354 0
0.5406742229084539 0.1889811667453389 0
-1.017431237393548 3.723416820120452 0
0.7681202745096092 0.1263836957010225 0
1.164059909743356 1.908336058933883 0
0.4227352506709103 0.09019693421491233 0
-14.6277257729837 21.14019230866413 0
-0.0005200150703011676 0.09568917487384074 0
0.3623941818982224 -0.0744571931291428 0
0.870753044847089 -0.02929143285455462 0
0.6191996810334748 0.06809223684050413 0
0.3193383192837802 0.07496639081223989 0
0.01960974802373171 -0.02764255460721659 0
0.4810048970807942 -0.07030329305368448 0
8.954158811148993 -14.62896939148238 0
0.6318474486187273 -0.05853959651580665 0
0.5614644380715915 0.06338988420423913 0
-8.133378132263474 -3.730809877603732 0
0.9319235549504614 -0.4243575433024655 0
0.9690955261996077 -0.01359467359578315 0
0.0415993140177743 0.0515545944777175 0
1.00329843870684 -0.05022308646206637 0
0.6377471200944755 -0.3297433054314685 0
0.07615029706363115 0.05317011788055517 0
0.8856676136052384 0.04915802117980919 0
0.9586485562717126 -0.01492243370027981 0
0.5821427703174999 0.06130807666856866 0
1.008706189536026 -0.008113884732862489 0
0.8687421614215911 -0.03755975934820338 0
0.2490223620908288 0.156728213368885 0
0.8517068604125302 0.1516728386160629 0
3.798571200019316 -3.230414826117734 0
1.024893588721246 0.1845339351863206 0
1.131449860950969 0.149944454411287 0
0.379743209802929 0.07280891913101489 0
0.0155259849979674 -0.06433365778375841 0
23.07355050638911 23.07355050638409 0
-2.149562427639914 3.319377381763991 0
0.1903228669660647 -0.06981953469118624 0
23.07355050638409 -23.0735505063891 0
0.1323959545835076 -0.2747385034426129 0
4.778760039197893 -3.969434965945556 0
-23.1554254124507 -23.09960348020656 0
0.2596493050743185 -0.07260329252929022 0
2.642305827227648 -12.23413060375143 0
-12.08501157222664 1.768178626501177 0
0.0522933912675006 -0.1059061279405009 0
0.8419856637568564 -0.03308253319121092 0
0.2117180966027545 -0.09386560616519422 0
0.4326822874964606 0.0626595161711884 0
-0.08655535291775093 0.127296174311184 0
0.5361371367220802 0.06660173134749166 0
0.2202428364830082 0.1212324852037001 0
0.2969318004908433 0.2325715099224187 0
-23.09246142165257 23.09246142165772 0
1.220201122739321 21.54350046298983 0
0.9456045266532336 0.1400410912232997 0
0.05133843982323403 0.0869324497175948 0
0.8194246352000196 -0.1248914475505222 0
0.1802111661237556 0.06088874911903791 0
0.1977794369772514 0.07019670326797715 0
0.3432948590805436 -0.07442377842135511 0
0.06429974407709425 0.05023387431003695 0
0.8969461367609688 0.03527703796392669 0
5.455067794289535 5.458474648939282 0
-4.24854922772859 -9.459492190202054 0
18.90308907433035 -12.09250271827728 0
-0.004205088983982154 -0.05143673217822629 0
-0.6088531030755451 -0.3920866972698718 0
0.6200188483087343 0.05819486376547835 0
0.628439975349691 0.05696110069151472 0
0.7656139500659048 -3.768627041257385 0
20.86586753035218 18.99547258298012 0
0.4770540414416619 -0.2021881179095694 0
1.053948009932448 3.679451056495519 0
0.5745533764394357 -0.06244697917914647 0
0.220714877550983 0.07131499135782114 0
0.7493361393161712 0.1880647842846605 0
5.147863454282255 -19.41308021092241 0
1.028146853601326 -0.1924456588872947 0
1.503766285027154 -12.10767745532271 0
3.197582408223013 -19.45554351870883 0
0.6245942323843725 0.2210645835994509 0
1.339439731771082 0.5765881255625013 0
0.5045702802449776 0.06728700335431534 0
0.9020344391967228 -0.02590615931571412 0
0.1246309813832759 -0.3903925165781715 0
9.249115369489889 -8.231138503299444 0
0.2240600022227769 -0.1152216569634577 0
2.514261707933855 11.63597446567611 0
0.2057130924942227 0.07216301125282118 0
-21.23141433073565 8.861962824930217 0
9.668016336167121 -17.28872156798345 0
-4.727412259271162 -8.095538789142839 0
2.381855121918446 -0.4732610379829872 0
0.798815444891755 -0.03762677253371871 0
0.004708759483691476 -0.08534752807621519 0
0.67619895040553 0.05284722753696731 0
0.2279497018250969 -0.2603157448010423 0
0.3382965743434594 0.07375356916051153 0
1.046314004041396 -0.02001708569396566 0
1.068261107047061 -0.000364649511657493 0
0.2358133951282214 0.0718490408068692 0
0.9353555532775956 -0.03100675551940751 0
0.2984377643483646 0.07511959433668275 0
0.2486821156761511 0.1821513881713555 0
0.7515717929992859 -0.054167222611977 0
0.7541779111910594 -0.06368922552116013 0
-2.806780136177016 4.744264644481639 0
0.9138532273125903 -0.02476403456013496 0
0.07569089089628629 0.1535469907681132 0
-0.7668974025721421 0.4215077261215876 0
3.652782003830475 12.80496552205926 0
0.0909767506660762 0.05669270448971925 0
0.05314316144969801 0.04687454707476499 0
0.3668839256790646 0.1225553134661968 0
0.975901908027717 -0.0689618828508391 0
0.4879291447396244 0.06861813492240727 0
-0.005310342628829747 0.01014876805115337 0
1.003721299674948 0.003473613920945029 0
2.213833852352304 0.3179754738751179 0
0.436297214499809 -0.1304295334752963 0
19.32164338177266 5.068509805966539 0
0.9785760780210222 -0.01103472625243449 0
-0.0004293666862374529 -0.007833914498358534 0
0.0004323651738632873 -0.0110045953275672 0
-0.0009646457810622731 -0.01621777780195932 0
0.1235335184364724 0.08833400690035641 0
2.323066115126188 -20.778206582759 0
0.8136579308187806 -0.0452372755411084 0
0.8171474442743327 -0.05305803341852251 0
-21.45365200704032 -19.95155124100478 0
0.7253152571812467 0.04791879427026287 0
-18.90501438029829 -8.399833932550058 0
0.4534717042134491 0.07013554198849391 0
0.1072992212391349 0.05957982007616733 0
0.7930127740214798 -0.03794723825559443 0
0.1490000534072446 0.100611932076385 0
-0.02247493826731667 -0.2651495282227125 0
0.006492853481580711 0.06727842864424829 0
3.128866306014626 4.496370254902321 0
0.5488246875514123 -1.467577754968832 0
0.97153341902756 -0.2773437757555865 0
1.540231296762914 -2.767304191746757 0
1.48585367553893 0.8224473289077404 0
1.569349093367716 2.470823963491086 0
-0.1019991114064096 1.501493980688976 0
0.5770959848945738 0.2123361815198596 0
0.4641545916537087 -0.07073155537746943 0
0.8011497967846436 0.04005686152848342 0
0.7637068613206641 0.06692267127469073 0
0.6184116545007945 -0.1464666210448806 0
0.251469919912744 0.07160402277435197 0
2.358148979922642 -4.814313339801778 0
-5.508821603513871 -8.274906457828951 0
0.9262091516297858 -0.02078667609110841 0
0.6639529273493457 -0.1371682721008285 0
0.7784248906916987 0.0416430931427124 0
0.7852508388758127 0.04021300853086628 0
-16.91728928654219 21.29216421238487 0
0.5787101895474351 -0.3434691795949509 0
1.213824139391431 0.1623568747653415 0
-0.01894167475432128 -0.0647879566889237 0
4.84120124005848 4.992586648020164 0
0.4232390494859111 -0.0793761581045926 0
23.200571152998 -4.278404777641748 0
0.2100824644272545 0.08191888897923937 0
-0.03369311767099788 -0.4001951504022697 0
-1.147861977969879 1.767522644290462 0
0.2429428087332213 -0.09606393788824716 0
0.5230210841412031 -0.1045955558435206 0
0.9074491619802303 -0.03115701512796543 0
2.90175050910029 0.7470199710825783 0
0.108834541355197 0.07342768191729954 0
0.1085669688134363 0.08475671478820085 0
1.299438314289725 -1.478165689166215 0
-0.02753261023521168 -0.1276548514599307 0
3.991203342824249 -6.762423042387693 0
0.3399659513074091 -0.4115158936393013 0
-0.5160868094767506 3.78093875286903 0
1.000318516881591 0.04643430158172319 0
0.9003893820463554 -0.2995447444343258 0
0.6487530487122285 -0.05570249329140921 0
0.2814970456248934 -0.08561005484247242 0
0.4374301213695106 0.125256469489823 0
5.827286193897985 8.580801933850498 0
8.982740672001134 21.48820889454481 0
0.3637347046970075 0.07392521730170185 0
-2.185362668537001 1.284377269389265 0
0.9156715775765358 0.02259024657404934 0
-1.004089995389886 0.2399039663523149 0
0.1075673082356682 -0.06009349155224802 0
0.2446458239752266 -0.08483686851963387 0
0.3133336226386771 -0.1131176346213902 0
1.178648251157987 -0.3192023176492167 0
2.116193415143548 -1.318989713220453 0
0.6017765195659456 -0.07915631561414407 0
-19.37067334284819 6.414807607568691 0
0.2664486970446029 -0.07248891095352572 0
-4.518277092446059 -1.667053588650754 0
-0.03976304005897268 -0.08211395659314244 0
-15.16857555867792 -14.78730101325541 0
-7.661450455507557 17.54494603959703 0
0.8632642500480783 0.03076638656208674 0
0.06517134788323604 -0.04955198160476722 0
-21.13457773342172 -2.225180303422421 0
4.975190556362073 -1.08700933814134 0
12.46455190951283 -4.659613078139632 0
12.53428210237465 3.619019286116957 0
4.080194754184523 -4.254527233096024 0
-7.573352394795528 7.896227744274142 0
0.008074046251819214 -0.01951658588762966 0
0.004893054909351629 -0.01700775199896678 0
1.028272673899113 0.02259208443127043 0
-9.641006242723698 -4.439016714379906 0
1.169619087279216 -0.8701796491847091 0
0.2010940828503762 0.09303392084316386 0
-4.717170102171595 -2.122794455552994 0
0.6730074462615181 -0.07309610444263012 0
0.9533628794338573 0.04267471318418768 0
-1.069163308781632 2.072302199676613 0
-0.9406948787554155 -1.660749022274722 0
0.9323423405936497 0.0618334108761234 0
7.435327409115372 -19.44127899033658 0
0.7916509615371217 0.1944321569587044 0
0.4296408687488695 -2.736539679079642 0
-9.242802638556901 -5.308631443620244 0
0.1393778549994364 -0.06450541068733318 0
0.4401843960331409 1.006577733377377 0
-4.166646976678948 -18.84818489949672 0
0.7321351314440684 -0.04613434535072632 0
0.9111834925089544 0.06679151033177988 0
17.34388390879987 -21.35637424200266 0
-23.26638801813187 1.834868138324743 0
-21.80669373774737 -3.913165886691512 0
19.24944109623109 0.9439295431745649 0
0.9261414947251689 0.03762172573299313 0
0.9899480780943815 -0.09096723596698808 0
4.006108032718261 0.2338318528978272 0
0.1243600764520754 0.1030941545742622 0
0.06771324360200652 -0.1202744994980288 0
2.401306738450833 18.52759756317183 0
1.634078886158267 -0.5156165202633081 0
-2.953748016513759 -5.375773054330773 0
0.01826808456162048 -0.03281642436939439 0
0.1234904979213745 -0.06264898421497329 0
0.02606138855039854 0.0460497467587293 0
0.2009596224121776 -0.1393047211033086 0
0.8148959257415406 0.07417944391458152 0
0.7853464879075498 2.255937847530731 0
0.09623954237711978 -0.1476758538875869 0
0.94343423903571 -0.01741798096308774 0
0.5113740551716457 -0.06749315851057654 0
-2.95486746791396 2.107012498676927 0
-2.635299415014398 -6.062570062048438 0
7.013211586237779 -1.120639041272615 0
-5.667842214603912 -9.359980562143287 0
0.8413527879007747 0.06325767307105595 0
-3.942183264007168 -4.704244545979469 0
0.425034777463479 4.170859874623448 0
-0.9676501815408809 -1.313907124630076 0
21.15836418178394 8.398516037700981 0
1.015098191936445 0.07015069171860273 0
-0.7528301109210436 -4.809526410593971 0
-0.4403430901032687 -0.1481138021736704 0
0.9400045949883349 -0.03986407407293791 0
-0.5157335988014544 1.690191932099835 0
0.7106750265392656 -0.08044038773482751 0
-11.82998545523089 -22.21866303127098 0
20.99691821184278 15.35561806912249 0
-0.06987116598752222 -0.07179377642776805 0
0.1019949021420564 -1.299479938763608 0
0.3999566063005345 0.1010795085608358 0
0.5519600497824089 -0.08416533376887209 0
0.1921783207989295 0.1091952316646443 0
$EndNodes
$Elements
7 6122 1 6122
1 1 1 149
1 1 7 
2 7 8 
3 8 9 
4 9 10 
5 10 11 
6 11 12 
7 12 13 
8 13 14 
9 14 15 
10 15 16 
11 16 17 
12 17 18 
13 18 19 
14 19 20 
15 20 21 
16 21 22 
17 22 23 
18 23 24 
19 24 25 
20 25 26 
21 26 27 
22 27 28 
23 28 29 
24 29 30 
25 30 31 
26 31 32 
27 32 33 
28 33 34 
29 34 35 
30 35 36 
31 36 37 
32 37 38 
33 38 39 
34 39 40 
35 40 41 
36 41 42 
37 42 43 
38 43 44 
39 44 45 
40 45 46 
41 46 47 
42 47 48 
43 48 49 
44 49 50 
45 50 51 
46 51 52 
47 52 53 
48 53 54 
49 54 55 
50 55 56 
51 56 57 
52 57 58 
53 58 59 
54 59 60 
55 60 61 
56 61 62 
57 62 63 
58 63 64 
59 64 65 
60 65 66 
61 66 67 
62 67 68 
63 68 69 
64 69 70 
65 70 71 
66 71 72 
67 72 73 
68 73 74 
69 74 75 
70 75 76 
71 76 77 
72 77 78 
73 78 79 
74 79 80 
75 80 81 
76 81 82 
77 82 83 
78 83 84 
79 84 85 
80 85 86 
81 86 87 
82 87 88 
83 88 89 
84 89 90 
85 90 91 
86 91 92 
87 92 93 
88 93 94 
89 94 95 
90 95 96 
91 96 97 
92 97 98 
93 98 99 
94 99 100 
95 100 101 
96 101 102 
97 102 103 
98 103 104 
99 104 105 
100 105 106 
101 106 107 
102 107 108 
103 108 109 
104 109 110 
105 110 111 
106 111 112 
107 112 113 
108 113 114 
109 114 115 
110 115 116 
111 116 117 
112 117 118 
113 118 119 
114 119 120 
115 120 121 
116 121 122 
117 122 123 
118 123 124 
119 124 125 
120 125 126 
121 126 127 
122 127 128 
123 128 129 
124 129 130 
125 130 131 
126 131 132 
127 132 133 
128 133 134 
129 134 135 
130 135 136 
131 136 137 
132 137 138 
133 138 139 
134 139 140 
135 140 141 
136 141 142 
137 142 143 
138 143 144 
139 144 145 
140 145 146 
141 146 147 
142 147 148 
143 148 149 
144 149 150 
145 150 151 
146 151 152 
147 152 153 
148 153 154 
149 154 2 
1 2 1 149
150 2 155 
151 155 156 
152 156 157 
153 157 158 
154 158 159 
155 159 160 
156 160 161 
157 161 162 
158 162 163 
159 163 164 
160 164 165 
161 165 166 
162 166 167 
163 167 168 
164 168 169 
165 169 170 
166 170 171 
167 171 172 
168 172 173 
169 173 174 
170 174 175 
171 175 176 
172 176 177 
173 177 178 
174 178 179 
175 179 180 
176 180 181 
177 181 182 
178 182 183 
179 183 184 
180 184 185 
181 185 186 
182 186 187 
183 187 188 
184 188 189 
185 189 190 
186 190 191 
187 191 192 
188 192 193 
189 193 194 
190 194 195 
191 195 196 
192 196 197 
193 197 198 
194 198 199 
195 199 200 
196 200 201 
197 201 202 
198 202 203 
199 203 204 
200 204 205 
201 205 206 
202 206 207 
203 207 208 
204 208 209 
205 209 210 
206 210 211 
207 211 212 
208 212 213 
209 213 214 
210 214 215 
211 215 216 
212 216 217 
213 217 218 
214 218 219 
215 219 220 
216 220 221 
217 221 222 
218 222 223 
219 223 224 
220 224 225 
221 225 226 
222 226 227 
223 227 228 
224 228 229 
225 229 230 
226 230 231 
227 231 232 
228 232 233 
229 233 234 
230 234 235 
231 235 236 
232 236 237 
233 237 238 
234 238 239 
235 239 240 
236 240 241 
237 241 242 
238 242 243 
239 243 244 
240 244 245 
241 245 246 
242 246 247 
243 247 248 
244 248 249 
245 249 250 
246 250 251 
247 251 252 
248 252 253 
249 253 254 
250 254 255 
251 255 256 
252 256 257 
253 257 258 
254 258 259 
255 259 260 
256 260 261 
257 261 262 
258 262 263 
259 263 264 
260 264 265 
261 265 266 
262 266 267 
263 267 268 
264 268 269 
265 269 270 
266 270 271 
267 271 272 
268 272 273 
269 273 274 
270 274 275 
271 275 276 
272 276 277 
273 277 278 
274 278 279 
275 279 280 
276 280 281 
277 281 282 
278 282 283 
279 283 284 
280 284 285 
281 285 286 
282 286 287 
283 287 288 
284 288 289 
285 289 290 
286 290 291 
287 291 292 
288 292 293 
289 293 294 
290 294 295 
291 295 296 
292 296 297 
293 297 298 
294 298 299 
295 299 300 
296 300 301 
297 301 302 
298 302 1 
1 3 1 19
299 5 303 
300 303 304 
301 304 305 
302 305 306 
303 306 307 
304 307 308 
305 308 309 
306 309 310 
307 310 311 
308 311 312 
309 312 313 
310 313 314 
311 314 315 
312 315 316 
313 316 317 
314 317 318 
315 318 319 
316 319 320 
317 320 4 
1 4 1 19
318 4 321 
319 321 322 
320 322 323 
321 323 324 
322 324 325 
323 325 326 
324 326 327 
325 327 328 
326 328 329 
327 329 330 
328 330 331 
329 331 332 
330 332 333 
331 333 334 
332 334 335 
333 335 336 
334 336 337 
335 337 338 
336 338 6 
1 5 1 19
337 6 339 
338 339 340 
339 340 341 
340 341 342 
341 342 343 
342 343 344 
343 344 345 
344 345 346 
345 346 347 
346 347 348 
347 348 349 
348 349 350 
349 350 351 
350 351 352 
351 352 353 
352 353 354 
353 354 355 
354 355 356 
355 356 3 
1 6 1 19
356 3 357 
357 357 358 
358 358 359 
359 359 360 
360 360 361 
361 361 362 
362 362 363 
363 363 364 
364 364 365 
365 365 366 
366 366 367 
367 367 368 
368 368 369 
369 369 370 
370 370 371 
371 371 372 
372 372 373 
373 373 374 
374 374 5 
2 1 2 5748
375 1111 1026 2963 
376 947 949 1648 
377 2124 2125 2130 
378 1150 1033 1187 
379 472 1635 1685 
380 1288 1289 1499 
381 1767 2117 2803 
382 1657 970 2796 
383 1632 520 1633 
384 1513 1159 2578 
385 661 1629 2035 
386 1402 1403 2537 
387 1209 1282 1467 
388 1486 1485 1487 
389 1661 667 1844 
390 2279 1355 2392 
391 977 1300 2498 
392 1577 1806 2065 
393 2167 2220 2523 
394 1864 1533 2455 
395 1767 1827 2117 
396 1445 1007 1952 
397 1403 1888 2537 
398 790 1693 1779 
399 1872 1404 2083 
400 415 533 1808 
401 680 1854 1856 
402 163 162 2694 
403 381 345 1780 
404 1454 1003 1939 
405 441 684 1800 
406 1 1264 2373 
407 1640 2003 2602 
408 2000 1757 2804 
409 383 1718 2687 
410 1998 917 2084 
411 1648 949 2425 
412 2316 1037 2366 
413 1046 1846 2551 
414 1302 1644 2061 
415 1208 1917 2957 
416 975 2360 2546 
417 2220 2522 2523 
418 2393 2349 2850 
419 1831 671 2582 
420 108 107 1910 
421 1013 1547 2514 
422 2155 1922 2215 
423 896 2111 2493 
424 2538 1568 2539 
425 2202 2196 2621 
426 2176 2174 2719 
427 2220 2167 2734 
428 2121 1502 2901 
429 897 893 898 
430 1374 2009 2493 
431 1786 1537 1792 
432 2360 2357 2546 
433 2085 384 2370 
434 702 558 1877 
435 1518 1935 1980 
436 1720 2246 2626 
437 1387 1938 2658 
438 1049 1052 1090 
439 880 882 2039 
440 897 898 1597 
441 1446 1448 1449 
442 1417 1698 1923 
443 1041 2459 2819 
444 1309 1727 1996 
445 418 415 1808 
446 2352 2351 2739 
447 1593 1695 1696 
448 2203 2306 2615 
449 1122 1123 1167 
450 1290 1288 1554 
451 1493 2351 2811 
452 1472 1473 1474 
453 1519 2671 2806 
454 1099 1100 1122 
455 1524 673 1679 
456 1088 1099 2892 
457 1167 1168 1650 
458 1198 1197 3005 
459 1190 1191 2808 
460 1137 1445 1446 
461 1741 627 2146 
462 2360 975 2472 
463 2128 2468 2726 
464 2598 1 2906 
465 1931 758 2749 
466 1209 1185 1282 
467 804 806 2716 
468 1226 1679 1680 
469 1486 1487 1489 
470 1782 1896 1909 
471 1581 1519 2045 
472 1037 2316 2395 
473 1836 1833 1838 
474 628 1634 2623 
475 970 1657 2066 
476 423 768 1696 
477 885 1867 2059 
478 704 1926 2241 
479 1757 1758 2804 
480 1740 2380 2381 
481 1935 397 1980 
482 2129 2127 2130 
483 1240 2432 2783 
484 1672 638 1719 
485 507 1892 1966 
486 1399 1198 1460 
487 949 988 2425 
488 1455 1456 1511 
489 479 520 1632 
490 1215 1168 3026 
491 1157 1426 1428 
492 980 1602 2261 
493 377 2538 2539 
494 2061 1644 2730 
495 1078 1551 2634 
496 1487 1488 1490 
497 2240 2234 2468 
498 1207 1265 1266 
499 1867 1866 2059 
500 1151 1208 1600 
501 1682 1376 1683 
502 1313 1243 1538 
503 1853 1419 2311 
504 1153 1454 1455 
505 1092 1968 2320 
506 2003 352 2602 
507 2631 1022 2693 
508 1434 2089 2302 
509 1652 1831 2582 
510 1872 2083 2441 
511 330 383 2687 
512 2284 2193 2621 
513 1654 1348 2570 
514 889 893 897 
515 2301 1429 2838 
516 2503 651 2752 
517 1151 1152 1207 
518 1127 1101 1155 
519 1831 1652 2620 
520 1157 1147 1426 
521 1205 1406 1425 
522 1159 1471 1472 
523 1699 823 1933 
524 792 1876 2080 
525 1271 2423 2501 
526 1428 1426 1595 
527 1133 1131 1189 
528 1872 759 2609 
529 1951 395 2547 
530 1147 1145 1205 
531 1453 2149 2164 
532 1806 1577 2643 
533 1629 661 1824 
534 1849 1847 2021 
535 1129 1127 1485 
536 1286 1724 2596 
537 1780 345 2952 
538 1847 1849 2022 
539 2211 2229 2900 
540 1356 1331 1358 
541 954 974 1035 
542 1245 1469 2654 
543 1664 2510 2896 
544 1129 1485 1486 
545 2264 891 2626 
546 1953 1946 2519 
547 1557 994 1970 
548 1077 1078 1088 
549 2357 2278 2358 
550 1837 1887 2837 
551 989 990 1160 
552 949 951 988 
553 614 1889 2248 
554 1185 1181 1440 
555 1378 1664 2958 
556 1441 1581 1929 
557 823 824 1933 
558 391 1712 1937 
559 2380 1722 2381 
560 8 7 2598 
561 2213 1407 2727 
562 1099 1122 1537 
563 2381 1030 2491 
564 422 423 1696 
565 1558 1559 1560 
566 683 1603 1936 
567 1349 1346 3009 
568 1052 1527 2482 
569 1205 1405 1406 
570 1154 1557 1558 
571 1590 1931 2749 
572 1197 1495 1507 
573 979 983 989 
574 1401 1951 2547 
575 898 902 937 
576 1709 1408 2606 
577 937 902 1423 
578 933 934 943 
579 2321 2319 2627 
580 1805 966 2096 
581 1238 1249 1481 
582 871 1864 2455 
583 1077 1088 1089 
584 1635 1636 1685 
585 2505 1031 2606 
586 1606 1313 2331 
587 1419 1853 2533 
588 1487 1490 2710 
589 1483 2085 2370 
590 2307 1522 2798 
591 1219 1224 1288 
592 2305 1018 2306 
593 1373 1174 2093 
594 954 1035 1587 
595 1437 1649 1667 
596 1442 1519 1581 
597 1642 2152 2289 
598 2049 2050 2412 
599 2413 1506 2680 
600 1926 704 2382 
601 772 823 1738 
602 2089 1633 2302 
603 891 2141 2626 
604 2299 2191 2300 
605 1043 1049 1366 
606 474 786 1653 
607 648 644 1825 
608 2111 2112 2493 
609 2242 2079 2658 
610 1103 2504 2664 
611 1770 1516 1974 
612 1727 1309 2137 
613 1702 1538 2529 
614 1043 1048 1049 
615 1777 1863 2560 
616 759 1872 2441 
617 1306 1305 1681 
618 992 991 1151 
619 1235 1238 1498 
620 1593 1696 2597 
621 2280 2278 2359 
622 1007 1153 1952 
623 1081 1087 1551 
624 610 606 2444 
625 1362 1363 1756 
626 1474 1475 2951 
627 1105 2490 2565 
628 1581 2045 2812 
629 1995 1907 2720 
630 938 906 1301 
631 641 643 664 
632 1770 702 1877 
633 904 906 938 
634 1088 1078 2634 
635 1244 1243 1313 
636 450 801 1690 
637 1690 801 2443 
638 566 1607 1697 
639 1900 1450 2153 
640 1313 1801 2331 
641 2183 2474 2640 
642 1500 1502 2121 
643 1681 1305 2102 
644 1049 1090 3011 
645 1680 655 2642 
646 1946 609 2519 
647 702 1770 1974 
648 2637 2131 2638 
649 1441 1442 1581 
650 1356 1358 1700 
651 1344 2398 2399 
652 1437 1435 1649 
653 1003 1159 1939 
654 694 659 2898 
655 1938 392 2658 
656 1986 749 2447 
657 926 1599 2805 
658 1161 1160 1197 
659 994 1600 1970 
660 945 947 971 
661 1380 1383 1664 
662 1499 1289 1500 
663 1052 1054 1527 
664 673 1524 2752 
665 1906 1907 1995 
666 1609 1306 2041 
667 2639 2183 2640 
668 631 1942 2675 
669 801 1875 2443 
670 1542 1229 1567 
671 2556 1306 2928 
672 1489 1487 1684 
673 926 930 1599 
674 1449 1448 2970 
675 1712 1711 1937 
676 667 1661 2515 
677 1458 1720 2626 
678 937 1423 1630 
679 889 892 893 
680 1009 1007 1445 
681 943 934 945 
682 1499 1500 2108 
683 1005 1003 1454 
684 1072 1418 1570 
685 1219 1288 1290 
686 1600 1208 2957 
687 1949 1140 2833 
688 951 977 2498 
689 1067 1659 2560 
690 944 943 962 
691 1993 628 2623 
692 1094 1049 3011 
693 1858 1856 2228 
694 963 962 979 
695 1282 1440 1534 
696 1467 1282 1708 
697 1524 1523 2752 
698 1826 1989 2425 
699 1345 1339 3018 
700 790 1779 2555 
701 1602 980 2943 
702 1266 1265 1400 
703 401 395 1951 
704 1582 943 2332 
705 1896 640 1909 
706 1440 1181 2434 
707 1698 1417 2521 
708 1858 2228 2851 
709 1194 1229 1542 
710 2010 1998 2084 
711 1537 1122 2839 
712 1514 1437 1667 
713 933 924 934 
714 1469 1245 1709 
715 1162 1164 1283 
716 1160 990 1162 
717 646 649 671 
718 2229 2667 2900 
719 997 994 1557 
720 989 983 990 
721 918 924 933 
722 533 1778 1808 
723 1477 2316 2484 
724 1603 683 2328 
725 1078 1081 1551 
726 1446 1445 1448 
727 1288 1224 1289 
728 1507 1495 1532 
729 1089 1088 2892 
730 1817 2013 2759 
731 2664 2504 2713 
732 572 573 574 
733 1474 1473 1475 
734 1283 1164 1287 
735 2127 2124 2130 
736 1207 1152 1265 
737 1999 460 2408 
738 1611 2266 3010 
739 570 571 572 
740 1448 1452 2970 
741 1446 1449 1451 
742 864 889 1269 
743 1903 1069 2257 
744 1601 1807 2030 
745 1054 1072 1527 
746 1424 1851 1964 
747 1288 1499 2751 
748 1538 1702 2355 
749 1011 1009 1137 
750 1511 1456 1512 
751 947 1648 2769 
752 1472 1471 1473 
753 878 1464 1908 
754 954 1587 2225 
755 1007 1005 1153 
756 661 648 1825 
757 1854 680 1855 
758 1493 1339 2739 
759 1151 991 1152 
760 2005 2412 2680 
761 1455 1454 1456 
762 568 569 570 
763 979 962 983 
764 864 888 889 
765 1137 1446 1447 
766 1191 1263 2808 
767 1140 1020 3027 
768 1558 1560 1563 
769 1067 1068 1659 
770 1764 855 2996 
771 1862 420 2014 
772 447 441 1800 
773 2308 2307 2798 
774 340 341 1906 
775 999 997 1154 
776 1807 1299 2030 
777 1068 1071 1077 
778 804 805 806 
779 1235 1498 2643 
780 1054 1059 1072 
781 1675 1676 2024 
782 1197 1160 1495 
783 1782 1784 1896 
784 2333 2263 2454 
785 1003 1001 1159 
786 1949 2198 2199 
787 1122 1167 3061 
788 1475 1918 2019 
789 1362 1756 1757 
790 605 618 1725 
791 1472 1474 1476 
792 1971 919 2646 
793 582 580 1556 
794 1337 1335 1351 
795 485 1772 2048 
796 162 1022 2694 
797 1341 1339 1345 
798 1667 477 2780 
799 1653 786 2029 
800 2432 2101 2783 
801 653 655 673 
802 1050 2336 2786 
803 1506 2413 2416 
804 1168 1215 2924 
805 1039 1041 2688 
806 1333 1331 1356 
807 1677 710 3050 
808 2330 1801 2336 
809 1519 1520 1675 
810 1743 1741 2146 
811 1834 1833 1836 
812 1017 1015 1104 
813 1137 1009 1445 
814 2135 1565 3039 
815 778 505 1688 
816 1210 1209 1468 
817 1228 1116 1963 
818 1201 1198 1399 
819 1876 1877 2080 
820 943 945 2332 
821 517 566 1697 
822 1724 1286 2601 
823 1133 1189 3059 
824 1306 1609 2928 
825 1186 1185 1209 
826 1378 1380 1664 
827 932 936 939 
828 2744 2580 2814 
829 1942 1536 2675 
830 1698 1607 1923 
831 1049 1048 1052 
832 673 655 1680 
833 684 1685 3004 
834 1313 1538 1801 
835 930 932 1598 
836 1455 1511 1720 
837 628 1632 1634 
838 2299 1541 2689 
839 1635 472 2039 
840 1903 1489 2334 
841 1153 1005 1454 
842 1136 1190 3024 
843 939 956 1724 
844 388 1646 1830 
845 457 465 1683 
846 1857 1858 2746 
847 868 1736 2832 
848 1425 1406 1845 
849 2399 2362 2472 
850 1174 1194 2093 
851 1646 388 1710 
852 1749 1753 1762 
853 1099 1088 1100 
854 394 1686 2532 
855 1733 1730 1735 
856 1203 1201 1397 
857 1937 1711 2063 
858 1061 1063 1067 
859 1373 2075 2762 
860 1360 1999 2408 
861 1490 1491 2308 
862 1736 868 2655 
863 1020 1539 3027 
864 2095 1370 2450 
865 728 721 1976 
866 2349 2393 2811 
867 558 543 1877 
868 643 1390 2563 
869 1459 1954 2259 
870 1909 640 2272 
871 1697 1607 1698 
872 1249 1377 1657 
873 420 1862 2047 
874 1375 1663 1992 
875 2303 2202 2353 
876 2088 1945 2382 
877 1159 1513 1939 
878 638 639 641 
879 985 982 991 
880 1159 1001 1471 
881 1346 1345 3009 
882 1339 1493 3018 
883 1558 1557 1559 
884 499 490 1704 
885 1851 396 1964 
886 1725 887 2517 
887 1081 1083 1087 
888 580 578 612 
889 1255 2913 2999 
890 1167 1123 1168 
891 2009 1374 3060 
892 1348 1346 2570 
893 2053 2420 2502 
894 1351 1335 3044 
895 1314 1313 1606 
896 1670 2218 2298 
897 1560 1559 1561 
898 1122 1100 1123 
899 1519 1675 2671 
900 1800 684 2541 
901 1743 1977 2746 
902 606 607 2444 
903 1739 562 2397 
904 1644 1302 2776 
905 1489 1684 2334 
906 938 1301 1721 
907 749 1986 2238 
908 1567 1576 2002 
909 651 653 2752 
910 1481 1249 2815 
911 1738 823 2766 
912 643 646 1390 
913 1207 1266 1285 
914 866 1857 2746 
915 325 1692 3055 
916 107 640 1910 
917 1929 955 2134 
918 2794 1843 2926 
919 1365 2057 2821 
920 969 1823 2138 
921 1154 997 1557 
922 1127 1155 2534 
923 1442 1444 1519 
924 1226 1680 1883 
925 2828 1764 2996 
926 1015 1013 2514 
927 1528 1428 1529 
928 1487 1485 1488 
929 1660 1260 2039 
930 1979 1736 2655 
931 2063 1711 2918 
932 1846 1046 2921 
933 1160 1162 3054 
934 1551 1087 1884 
935 1664 1383 1678 
936 537 539 1855 
937 582 1556 2881 
938 1083 1085 1886 
939 1285 2009 3060 
940 580 612 1556 
941 1298 1672 1719 
942 1704 1994 2437 
943 1151 1207 1208 
944 1975 851 2733 
945 1204 1133 3059 
946 1011 1137 1543 
947 962 943 1582 
948 1511 1512 1799 
949 1683 1376 2036 
950 641 642 643 
951 1468 1467 1642 
952 595 593 613 
953 1024 1020 1140 
954 1377 1378 1555 
955 1249 1250 1377 
956 2412 2413 2680 
957 704 2088 2382 
958 484 628 1707 
959 2281 1047 2568 
960 801 461 2040 
961 1765 1274 2103 
962 1490 1488 1491 
963 1283 1287 1714 
964 1282 1534 2797 
965 801 2040 2495 
966 1756 1363 1759 
967 1729 861 1735 
968 1397 1201 1399 
969 1139 1914 2148 
970 1434 1723 2089 
971 898 899 902 
972 2057 1365 2250 
973 930 1598 1599 
974 1922 2135 2215 
975 638 641 1719 
976 1212 1210 1243 
977 1453 2164 2165 
978 1169 1122 3061 
979 1901 1489 1902 
980 1109 2381 2490 
981 1351 2352 2739 
982 992 1151 1600 
983 1476 2105 2731 
984 991 982 1728 
985 1527 1072 2869 
986 668 804 2977 
987 1889 1925 2248 
988 335 394 2532 
989 1335 1477 3044 
990 1972 1973 2092 
991 1531 2079 2242 
992 2116 1850 2210 
993 994 992 1600 
994 1664 1678 2510 
995 1737 696 1738 
996 1260 880 2039 
997 1887 1837 2794 
998 1159 1472 2578 
999 445 450 1690 
1000 1147 1205 2674 
1001 1203 1397 1398 
1002 710 1677 1932 
1003 1154 1558 1564 
1004 1238 1239 1249 
1005 1438 1687 2647 
1006 805 697 1893 
1007 1920 1328 2657 
1008 1059 1061 1418 
1009 716 714 1996 
1010 664 643 2563 
1011 1068 1077 1659 
1012 643 644 646 
1013 2458 1367 2459 
1014 1704 490 2895 
1015 1863 1067 2560 
1016 519 1771 2137 
1017 1948 1140 1949 
1018 1597 898 2873 
1019 1399 1460 1913 
1020 1072 1059 1418 
1021 529 531 1857 
1022 457 1683 2964 
1023 1190 1136 1191 
1024 2545 1586 2595 
1025 2351 1493 2739 
1026 975 2471 2472 
1027 1302 2061 2518 
1028 989 1160 1161 
1029 1913 972 2145 
1030 2112 1374 2493 
1031 1356 2315 3035 
1032 866 529 1857 
1033 1266 1400 1862 
1034 2266 1611 2879 
1035 1471 1001 2908 
1036 1077 1071 1078 
1037 2393 1493 2811 
1038 1534 1535 1670 
1039 603 601 1609 
1040 1561 1565 2135 
1041 601 597 615 
1042 605 603 618 
1043 1745 1749 1762 
1044 2300 2191 2978 
1045 1210 1468 2529 
1046 1735 1736 1979 
1047 1968 1092 2339 
1048 379 401 402 
1049 1090 1052 2482 
1050 1485 1127 2534 
1051 566 567 568 
1052 883 878 1908 
1053 985 991 992 
1054 1033 1026 1111 
1055 1730 1729 1735 
1056 1988 376 2430 
1057 375 1763 1934 
1058 1188 2333 2454 
1059 1930 958 2268 
1060 749 2238 2492 
1061 634 696 1737 
1062 1817 838 2013 
1063 659 1891 2898 
1064 1879 376 1988 
1065 1148 1147 1157 
1066 1823 969 2009 
1067 1269 897 1674 
1068 1537 1786 2043 
1069 882 1635 2039 
1070 668 697 804 
1071 1328 1920 2508 
1072 584 582 619 
1073 619 2011 2589 
1074 1451 1449 1899 
1075 1161 1197 1198 
1076 1715 378 1716 
1077 2045 1519 2806 
1078 1146 1145 1147 
1079 572 571 573 
1080 1967 691 1992 
1081 684 439 1685 
1082 317 388 2641 
1083 1669 1271 2501 
1084 1689 2701 2721 
1085 2174 2177 2719 
1086 570 569 571 
1087 1802 1425 2297 
1088 568 677 1607 
1089 1404 1872 2475 
1090 1279 2118 2542 
1091 2668 1567 2923 
1092 824 827 1933 
1093 680 537 1855 
1094 1205 1145 1405 
1095 2511 1532 2737 
1096 933 943 944 
1097 1301 1709 2606 
1098 1811 1476 2731 
1099 632 861 1729 
1100 1587 1035 2545 
1101 1902 1489 1903 
1102 1507 1532 2511 
1103 963 979 980 
1104 593 589 1572 
1105 1530 1531 1958 
1106 621 637 638 
1107 697 698 1893 
1108 1422 1316 2627 
1109 902 904 2965 
1110 1478 2364 2365 
1111 1285 1266 1823 
1112 944 962 963 
1113 902 903 904 
1114 1167 1650 2637 
1115 1126 1101 1127 
1116 1326 1739 2397 
1117 1901 1189 2902 
1118 847 1874 2853 
1119 2523 2524 2835 
1120 718 1815 2090 
1121 889 888 892 
1122 2075 2093 2736 
1123 307 1958 2242 
1124 757 2248 2711 
1125 1687 1438 2144 
1126 2238 1394 2492 
1127 721 719 1976 
1128 2197 2196 2202 
1129 2012 2011 2526 
1130 325 326 1692 
1131 1418 1061 2561 
1132 1850 2116 3017 
1133 1380 1382 1383 
1134 2018 1475 2019 
1135 2392 1355 2393 
1136 1228 1963 2460 
1137 1530 1958 2878 
1138 577 574 578 
1139 1959 325 3055 
1140 1067 1063 1068 
1141 1376 1682 1997 
1142 1786 1783 2043 
1143 657 694 2642 
1144 1168 1171 3026 
1145 1183 1181 1185 
1146 1649 1435 2302 
1147 1284 1673 3030 
1148 578 574 1601 
1149 1529 1428 1898 
1150 389 1873 1874 
1151 574 573 575 
1152 1688 523 1804 
1153 1355 2279 3023 
1154 1892 507 2773 
1155 1698 2521 2673 
1156 618 603 1609 
1157 1035 1036 2948 
1158 2185 2188 2206 
1159 1973 2016 2092 
1160 1406 1405 1848 
1161 2196 2192 2284 
1162 1263 1191 2314 
1163 383 1880 1881 
1164 1028 1972 2092 
1165 2688 1041 2819 
1166 807 808 2855 
1167 1110 2660 2783 
1168 1357 1354 1991 
1169 1491 1782 2273 
1170 2185 2181 2188 
1171 1428 1595 2568 
1172 1512 1811 2287 
1173 1039 1040 1041 
1174 808 862 864 
1175 1339 1337 2739 
1176 477 475 2780 
1177 778 1688 2143 
1178 1884 1885 2897 
1179 1128 1127 1129 
1180 901 2166 2216 
1181 1725 618 2147 
1182 714 1309 1996 
1183 827 829 1759 
1184 1341 1345 1346 
1185 568 567 569 
1186 2717 1584 2898 
1187 386 1866 1867 
1188 2195 2192 2196 
1189 1674 897 2954 
1190 1397 1399 1832 
1191 1377 1555 2587 
1192 1954 1459 2246 
1193 550 753 2067 
1194 1563 1560 1947 
1195 1543 1137 2875 
1196 1408 2505 2606 
1197 884 546 1809 
1198 895 1947 2094 
1199 904 905 906 
1200 1476 1474 1972 
1201 1892 1517 1966 
1202 1294 1768 1769 
1203 1130 1129 1131 
1204 425 422 1696 
1205 966 1805 2622 
1206 1958 1531 2242 
1207 410 514 1828 
1208 677 570 1656 
1209 726 723 1726 
1210 1567 2002 2882 
1211 2178 2402 2651 
1212 2022 524 2060 
1213 2187 2185 2189 
1214 1846 2021 2551 
1215 2601 1135 2866 
1216 964 1922 2155 
1217 1779 1261 2555 
1218 806 807 2855 
1219 1132 1131 1133 
1220 1290 1554 1691 
1221 1822 1526 2533 
1222 479 477 520 
1223 2178 2172 2402 
1224 906 907 911 
1225 1696 768 2597 
1226 1194 1195 1229 
1227 1158 1157 1528 
1228 1720 1511 1954 
1229 911 912 918 
1230 1036 1039 2948 
1231 1383 1382 3052 
1232 1812 857 1813 
1233 1244 1313 1314 
1234 918 921 924 
1235 1560 1561 1922 
1236 2544 1586 2545 
1237 1208 1374 1917 
1238 10 9 2748 
1239 340 1906 1995 
1240 469 471 510 
1241 1174 1175 1194 
1242 613 1572 1573 
1243 1765 2103 2920 
1244 1642 2289 2436 
1245 1209 1467 1468 
1246 460 1999 2000 
1247 2590 1893 2760 
1248 1632 1633 1634 
1249 2061 1596 2518 
1250 471 474 1653 
1251 2108 1500 2849 
1252 1061 1067 2561 
1253 696 772 1738 
1254 1273 1274 1830 
1255 1874 847 2494 
1256 1650 1168 2924 
1257 1508 1953 2519 
1258 932 939 2981 
1259 851 1395 2733 
1260 2281 2568 2871 
1261 408 410 1828 
1262 1162 1163 1164 
1263 1179 1158 1180 
1264 989 2625 2943 
1265 1727 1726 1996 
1266 1447 1446 2956 
1267 1238 1481 1498 
1268 1257 1421 1612 
1269 579 578 580 
1270 389 342 1873 
1271 2896 2293 2958 
1272 1164 1165 1174 
1273 388 1830 2641 
1274 1921 399 2052 
1275 453 691 1967 
1276 539 554 1855 
1277 1540 2194 2195 
1278 2319 1422 2627 
1279 1616 1618 1629 
1280 1138 2149 2221 
1281 1633 520 1649 
1282 1625 1661 1844 
1283 506 550 2067 
1284 1612 1613 1614 
1285 635 538 1941 
1286 1243 1210 2529 
1287 2075 1373 2093 
1288 1850 913 2210 
1289 437 1978 2324 
1290 568 570 677 
1291 1310 1979 2655 
1292 942 954 2225 
1293 2180 2178 2190 
1294 380 2340 2422 
1295 503 501 523 
1296 1187 1114 1227 
1297 1871 1872 2609 
1298 597 595 2501 
1299 1282 1185 1440 
1300 1117 1983 2098 
1301 1473 1471 2407 
1302 1556 612 1820 
1303 2078 1551 2738 
1304 2058 1364 2662 
1305 1693 790 2394 
1306 2058 2456 2821 
1307 685 746 1944 
1308 392 2242 2658 
1309 1707 628 1993 
1310 1368 2095 2450 
1311 1994 1704 2895 
1312 1498 1481 1805 
1313 484 481 628 
1314 481 479 1632 
1315 2189 2185 2206 
1316 1542 1567 2668 
1317 1609 601 2928 
1318 1769 1828 1915 
1319 2377 1889 2449 
1320 2392 2393 2850 
1321 2098 1983 2703 
1322 572 574 577 
1323 1294 551 1768 
1324 1948 1949 2883 
1325 1595 1426 1802 
1326 1977 866 2746 
1327 628 481 1632 
1328 557 685 1944 
1329 2490 1721 2565 
1330 1784 1787 1788 
1331 379 327 401 
1332 396 367 1793 
1333 2362 2360 2472 
1334 1235 1237 1238 
1335 1441 1384 1442 
1336 988 1826 2425 
1337 1248 2607 2649 
1338 384 365 1851 
1339 680 1856 1857 
1340 1492 1909 2272 
1341 640 1896 1910 
1342 1426 1147 2674 
1343 927 2101 2432 
1344 517 556 566 
1345 2149 1138 2164 
1346 1886 1085 2659 
1347 1216 1219 2961 
1348 2126 1125 2162 
1349 646 671 1390 
1350 546 548 1809 
1351 1861 728 1976 
1352 1354 1509 1991 
1353 386 348 1866 
1354 874 1889 2377 
1355 512 517 1697 
1356 1035 974 1036 
1357 2662 1364 3059 
1358 638 1672 2758 
1359 1871 2027 2853 
1360 432 429 1673 
1361 2200 2197 2202 
1362 429 427 430 
1363 1450 1900 2154 
1364 2291 910 2587 
1365 378 1715 2707 
1366 1519 1444 1520 
1367 2371 1971 2646 
1368 383 331 1880 
1369 1852 692 1853 
1370 1904 610 2444 
1371 1646 1273 1830 
1372 436 434 472 
1373 1114 1116 1227 
1374 2263 2333 2845 
1375 1988 1611 3010 
1376 380 1810 2340 
1377 1712 391 2649 
1378 1261 767 2555 
1379 520 477 1667 
1380 2663 1103 2664 
1381 1212 1243 1244 
1382 1889 1411 1925 
1383 2141 891 2226 
1384 2423 615 2501 
1385 2151 2512 2761 
1386 1744 837 1745 
1387 1898 2301 2838 
1388 1772 485 2385 
1389 2701 363 2721 
1390 1261 1779 2530 
1391 1346 1349 2570 
1392 1534 1440 1535 
1393 465 1682 1683 
1394 1595 1802 2342 
1395 2883 1950 2949 
1396 524 2022 2056 
1397 718 720 1815 
1398 1155 1101 2043 
1399 1842 2696 2911 
1400 416 418 419 
1401 646 648 649 
1402 414 415 416 
1403 1131 1129 2902 
1404 410 411 412 
1405 412 413 414 
1406 2420 2053 2905 
1407 2512 2151 2670 
1408 827 1759 1933 
1409 1144 1134 1145 
1410 1673 1284 2700 
1411 1685 1636 3004 
1412 1753 1752 1754 
1413 1633 1649 2302 
1414 1845 2213 2727 
1415 1614 1616 1824 
1416 1291 2240 2468 
1417 408 409 410 
1418 2013 1769 2759 
1419 692 679 1822 
1420 1663 1375 2940 
1421 1630 1423 1740 
1422 1596 1402 2537 
1423 1907 883 1908 
1424 1801 2330 2331 
1425 341 389 1906 
1426 465 469 1682 
1427 1512 1513 1811 
1428 1577 1234 2643 
1429 510 471 1653 
1430 1452 1457 1458 
1431 1914 1139 2149 
1432 2008 1275 2607 
1433 1605 1184 2480 
1434 904 938 2380 
1435 531 680 1857 
1436 538 536 1941 
1437 419 421 422 
1438 1041 1042 1043 
1439 2130 2125 2131 
1440 1043 1366 2459 
1441 584 619 2589 
1442 1614 1615 1616 
1443 949 950 951 
1444 1180 1158 2779 
1445 1069 1903 2334 
1446 965 1982 2062 
1447 1890 1461 2026 
1448 839 1744 1746 
1449 690 688 1897 
1450 1744 1745 1762 
1451 1219 1290 2961 
1452 361 375 1934 
1453 2370 384 2842 
1454 1847 2022 2060 
1455 1842 1841 2697 
1456 1887 2659 2837 
1457 1555 1378 2958 
1458 1749 1751 1752 
1459 570 572 3025 
1460 1526 1822 2899 
1461 399 1921 2859 
1462 566 568 1607 
1463 1868 381 1869 
1464 1011 1543 3034 
1465 2188 2180 2208 
1466 1001 999 2908 
1467 1931 1677 3050 
1468 731 857 1812 
1469 2688 1357 2820 
1470 1166 1119 2461 
1471 2501 595 2962 
1472 513 1985 1986 
1473 988 951 2498 
1474 1398 1397 1998 
1475 389 1874 1905 
1476 487 484 1707 
1477 638 637 639 
1478 2199 2197 2200 
1479 1536 1969 2675 
1480 2325 1758 2581 
1481 2093 1542 2736 
1482 581 580 582 
1483 1938 1387 1980 
1484 594 593 595 
1485 1230 1234 2917 
1486 910 2243 2587 
1487 1538 1243 2529 
1488 898 893 899 
1489 1783 1155 2043 
1490 523 1703 1705 
1491 1650 2129 2130 
1492 939 940 956 
1493 1763 375 2528 
1494 960 2010 2084 
1495 2312 2313 2375 
1496 503 523 1688 
1497 2462 1960 3028 
1498 1676 2312 2375 
1499 945 946 947 
1500 823 1699 2766 
1501 890 2259 2848 
1502 2223 2770 2803 
1503 1637 2136 2927 
1504 1162 1283 2559 
1505 462 1973 2018 
1506 500 499 501 
1507 1844 667 2955 
1508 1978 2325 2581 
1509 350 382 1865 
1510 2217 2077 2802 
1511 1946 1308 2930 
1512 1905 883 1907 
1513 1619 1622 1775 
1514 2186 2185 2187 
1515 1793 380 2422 
1516 333 376 1879 
1517 501 499 1703 
1518 595 613 2962 
1519 1112 1111 3057 
1520 649 650 651 
1521 1812 1814 1815 
1522 652 650 2035 
1523 871 769 1864 
1524 887 1725 2147 
1525 1662 1681 2102 
1526 1664 2896 2958 
1527 1837 1836 1843 
1528 1230 1232 1234 
1529 1726 723 1996 
1530 829 839 1759 
1531 2137 1309 2410 
1532 1589 1284 3030 
1533 1880 1879 1882 
1534 406 407 408 
1535 641 639 642 
1536 898 937 2873 
1537 808 864 2478 
1538 1733 1735 1979 
1539 947 948 949 
1540 2468 2128 2592 
1541 1605 1859 2481 
1542 1626 1804 2507 
1543 1260 1660 2700 
1544 913 1850 2260 
1545 709 1739 2535 
1546 1857 1856 1858 
1547 1041 1043 2459 
1548 971 947 2769 
1549 1556 1820 1821 
1550 918 933 1469 
1551 523 1705 1804 
1552 1596 2537 3022 
1553 1728 982 2938 
1554 1561 1562 1565 
1555 1342 8 2598 
1556 831 837 1744 
1557 1745 1748 1749 
1558 434 432 1660 
1559 829 831 839 
1560 1639 1640 2602 
1561 429 430 1673 
1562 2524 2176 2719 
1563 1208 1207 3060 
1564 1396 2384 2442 
1565 2205 2203 2615 
1566 1229 1230 1576 
1567 613 593 1572 
1568 344 381 1868 
1569 596 595 597 
1570 450 451 461 
1571 1740 2381 2491 
1572 2403 2106 2535 
1573 1375 1992 2036 
1574 514 412 1816 
1575 1802 2297 2904 
1576 2222 1074 2813 
1577 1554 1288 2751 
1578 561 692 1852 
1579 972 1913 2670 
1580 1580 1829 2033 
1581 1769 1768 1828 
1582 2179 2178 2180 
1583 1573 1574 1575 
1584 2640 2514 2719 
1585 403 402 404 
1586 977 1136 3024 
1587 2301 1898 2568 
1588 1308 1897 2930 
1589 470 468 1987 
1590 875 1409 1936 
1591 2002 1576 2916 
1592 450 461 801 
1593 676 2435 2500 
1594 2202 2621 2991 
1595 769 743 850 
1596 657 659 694 
1597 460 2000 2431 
1598 1972 1028 2105 
1599 410 409 411 
1600 412 411 413 
1601 402 401 1951 
1602 838 1817 1956 
1603 414 413 415 
1604 1599 1598 1983 
1605 1186 1209 1210 
1606 400 2063 2918 
1607 2336 1801 2786 
1608 793 2865 3010 
1609 1917 1374 2583 
1610 416 415 418 
1611 1772 1732 2048 
1612 919 2024 2646 
1613 1752 1751 1755 
1614 1973 462 2016 
1615 1909 1492 2273 
1616 937 1630 1631 
1617 556 518 1977 
1618 1639 2602 3056 
1619 1716 378 1765 
1620 1788 1787 1789 
1621 2572 1885 2573 
1622 1853 692 2533 
1623 2026 1461 2610 
1624 432 1673 3045 
1625 788 1729 1730 
1626 1275 1647 2607 
1627 651 652 653 
1628 1746 1744 1762 
1629 1713 461 1967 
1630 2068 2097 2968 
1631 1358 1331 2937 
1632 1087 1083 1886 
1633 408 407 409 
1634 1836 1838 1839 
1635 2362 2399 2401 
1636 1164 1174 2894 
1637 519 2137 2410 
1638 1843 1839 2417 
1639 445 449 450 
1640 2633 2691 2949 
1641 1115 1113 1833 
1642 1104 1015 2514 
1643 1749 1748 1751 
1644 1706 1420 2404 
1645 1808 1281 2368 
1646 1852 1853 1854 
1647 384 2085 2721 
1648 1723 1434 2435 
1649 1735 861 1736 
1650 1731 1730 1732 
1651 643 642 644 
1652 996 2286 2731 
1653 1703 499 1704 
1654 1571 1529 1767 
1655 1216 1218 1219 
1656 472 1660 2039 
1657 474 492 786 
1658 1820 1515 2664 
1659 1043 1044 1048 
1660 1525 1693 1694 
1661 1767 1529 1827 
1662 955 1929 2665 
1663 2166 901 2734 
1664 1866 1865 2059 
1665 1157 1428 1528 
1666 1258 2637 2638 
1667 1013 1011 3034 
1668 1893 1525 2760 
1669 1734 1732 1772 
1670 809 2630 2855 
1671 566 556 567 
1672 510 1653 2557 
1673 839 831 1744 
1674 419 418 421 
1675 1072 1570 2934 
1676 405 404 406 
1677 1316 1314 2627 
1678 743 726 1726 
1679 1476 1811 2578 
1680 1749 1752 1753 
1681 2278 2357 2359 
1682 1450 2154 2226 
1683 1978 1754 2324 
1684 505 503 1688 
1685 513 470 1987 
1686 342 343 1873 
1687 1848 2378 2792 
1688 788 1731 1809 
1689 1675 1520 1676 
1690 1395 1960 2462 
1691 2154 2141 2226 
1692 850 1726 1727 
1693 1812 1813 1814 
1694 1137 1447 2875 
1695 379 402 403 
1696 540 505 778 
1697 1612 1421 1613 
1698 1524 1679 2576 
1699 1881 1880 1882 
1700 1306 1681 2041 
1701 1452 1458 2141 
1702 2291 2587 2872 
1703 1303 1110 2783 
1704 427 425 1695 
1705 1576 1230 2917 
1706 1760 1751 1940 
1707 906 911 2947 
1708 544 884 2038 
1709 1607 677 1923 
1710 591 589 593 
1711 2130 2131 2637 
1712 1316 1422 2937 
1713 1846 1849 2021 
1714 764 1272 1525 
1715 1292 2240 2249 
1716 860 1517 1892 
1717 2355 1702 2884 
1718 2234 1292 2239 
1719 1781 1155 1783 
1720 1183 1185 1186 
1721 406 404 407 
1722 469 510 1682 
1723 1625 1628 1661 
1724 1788 1789 2650 
1725 2021 1847 2836 
1726 1121 1359 2258 
1727 1789 1790 1791 
1728 364 384 2721 
1729 2072 896 2493 
1730 2118 1964 2542 
1731 1670 2298 2725 
1732 564 629 788 
1733 1117 2098 2866 
1734 1500 1501 1502 
1735 423 443 768 
1736 1629 1618 1773 
1737 496 512 1697 
1738 1477 2315 2316 
1739 422 421 423 
1740 804 697 805 
1741 1701 1700 2428 
1742 1828 514 1915 
1743 2202 2303 2304 
1744 1328 2087 2657 
1745 616 610 1904 
1746 523 501 1703 
1747 892 1658 1681 
1748 2437 1624 2789 
1749 2340 1810 2477 
1750 1824 661 1825 
1751 2027 1871 2609 
1752 1246 2567 2897 
1753 2286 2287 2731 
1754 2384 747 2442 
1755 1611 1988 2430 
1756 653 654 655 
1757 475 459 2270 
1758 1102 2295 3011 
1759 1888 386 2537 
1760 1762 1753 2581 
1761 494 490 499 
1762 2177 2640 2719 
1763 2717 2898 2977 
1764 1654 2361 2552 
1765 1189 1131 2902 
1766 476 475 477 
1767 512 516 517 
1768 2011 619 2526 
1769 2181 2180 2188 
1770 2652 2170 2653 
1771 784 728 1861 
1772 465 468 469 
1773 2009 969 2072 
1774 472 434 1660 
1775 1732 1730 1733 
1776 1251 796 1860 
1777 2194 2192 2195 
1778 720 729 1815 
1779 1145 1134 2971 
1780 1486 1489 1901 
1781 789 710 1932 
1782 1752 1755 2656 
1783 632 634 861 
1784 629 632 1729 
1785 711 851 1822 
1786 1994 1624 2437 
1787 1564 1563 1918 
1788 951 976 977 
1789 806 805 807 
1790 1377 1250 1378 
1791 510 2557 2828 
1792 1356 1700 1701 
1793 1679 673 1680 
1794 1713 1967 1992 
1795 612 578 1601 
1796 1047 2301 2568 
1797 698 764 1893 
1798 2223 2222 2813 
1799 548 564 1809 
1800 731 735 857 
1801 1249 1239 1250 
1802 2014 1319 2862 
1803 1895 2327 2858 
1804 1997 2828 2996 
1805 2057 2058 2821 
1806 377 309 2538 
1807 443 445 1690 
1808 1219 1221 1224 
1809 729 731 1812 
1810 1052 1053 1054 
1811 2582 671 2600 
1812 1020 1017 3037 
1813 839 1746 1756 
1814 368 380 1793 
1815 328 395 401 
1816 436 472 1685 
1817 1572 589 2982 
1818 1751 1748 1940 
1819 469 470 471 
1820 613 1573 2778 
1821 1085 1496 2659 
1822 1789 1791 2636 
1823 326 379 1692 
1824 1724 956 2596 
1825 502 501 503 
1826 2412 2050 3033 
1827 2316 1701 2395 
1828 864 1269 2478 
1829 1571 1803 2779 
1830 1695 425 1696 
1831 980 979 2943 
1832 2308 1491 2891 
1833 2009 2072 2493 
1834 701 690 1897 
1835 2165 2164 2166 
1836 1468 1642 1702 
1837 788 629 1729 
1838 1528 1529 1571 
1839 1642 1467 2735 
1840 2056 1364 2057 
1841 1031 2565 2606 
1842 2656 1755 2941 
1843 1521 1810 2645 
1844 607 605 1725 
1845 612 1601 2030 
1846 993 992 994 
1847 2280 2359 3006 
1848 1344 2399 2472 
1849 1871 1869 1872 
1850 864 887 888 
1851 583 582 584 
1852 1610 879 1861 
1853 723 716 1996 
1854 349 1865 1866 
1855 1567 1229 1576 
1856 619 582 2881 
1857 1959 1470 2649 
1858 938 1721 1722 
1859 694 1797 1883 
1860 332 1879 1880 
1861 1606 2321 2627 
1862 471 473 474 
1863 2315 1701 2316 
1864 2187 2192 2194 
1865 889 897 1269 
1866 424 422 425 
1867 1862 1400 2047 
1868 1656 570 3025 
1869 1645 2869 2934 
1870 1722 1721 2490 
1871 1463 1655 2467 
1872 995 994 997 
1873 1308 701 1897 
1874 2184 2181 2185 
1875 1983 1117 2929 
1876 1736 1737 2832 
1877 735 737 2469 
1878 385 312 1878 
1879 441 439 684 
1880 461 1713 2040 
1881 893 892 1662 
1882 1870 1869 1871 
1883 768 443 1690 
1884 1896 1788 1910 
1885 788 1730 1731 
1886 879 784 1861 
1887 939 1724 2703 
1888 1515 2663 2664 
1889 1382 1384 3052 
1890 735 2469 2994 
1891 2034 2548 2788 
1892 671 649 2600 
1893 1076 1652 2677 
1894 1907 1908 2720 
1895 1425 1802 2674 
1896 1614 1613 1615 
1897 1420 1706 2571 
1898 998 997 999 
1899 478 477 479 
1900 2213 1845 2921 
1901 1150 1187 2774 
1902 649 651 3015 
1903 769 850 1864 
1904 1384 1441 3052 
1905 1670 1535 1671 
1906 1616 1629 1824 
1907 647 2032 2160 
1908 424 1761 2852 
1909 1910 1788 2939 
1910 970 2066 2243 
1911 796 794 1860 
1912 911 918 2809 
1913 2766 2224 2832 
1914 1540 2195 2198 
1915 2175 2172 2178 
1916 679 711 1822 
1917 729 1812 1815 
1918 2424 2048 2433 
1919 2512 1507 2761 
1920 1766 1725 2517 
1921 485 2048 2424 
1922 772 818 823 
1923 2227 996 2731 
1924 561 679 692 
1925 2317 2321 2919 
1926 1575 2011 2012 
1927 1839 1838 2053 
1928 426 425 427 
1929 344 345 381 
1930 350 351 382 
1931 347 348 386 
1932 577 578 579 
1933 1728 1494 2451 
1934 439 436 1685 
1935 1731 1732 1734 
1936 1000 999 1001 
1937 1372 2244 2566 
1938 404 402 1794 
1939 564 788 1809 
1940 1049 1094 1366 
1941 861 634 1737 
1942 428 427 429 
1943 850 743 1726 
1944 979 989 2943 
1945 839 1756 1759 
1946 942 953 954 
1947 2521 786 2673 
1948 1771 519 2558 
1949 1287 1164 2894 
1950 1200 1198 1201 
1951 621 638 2758 
1952 554 561 1852 
1953 1283 1714 1911 
1954 368 369 380 
1955 326 327 379 
1956 311 312 385 
1957 2435 1431 2500 
1958 333 334 376 
1959 361 362 375 
1960 328 329 395 
1961 366 367 396 
1962 308 309 377 
1963 314 315 378 
1964 330 331 383 
1965 364 365 384 
1966 2432 1240 2463 
1967 930 931 932 
1968 2295 1102 2723 
1969 1714 1287 1850 
1970 1747 837 1956 
1971 2087 1928 2657 
1972 2136 751 2927 
1973 2488 664 2931 
1974 431 429 432 
1975 1940 1915 2732 
1976 794 635 1941 
1977 2112 2113 2583 
1978 1491 1781 1782 
1979 900 2206 2509 
1980 902 899 903 
1981 1168 1170 1171 
1982 641 664 1719 
1983 1705 2437 2789 
1984 1135 2601 2704 
1985 9 1342 2748 
1986 1504 2050 2051 
1987 1374 2112 2583 
1988 764 1525 1893 
1989 1894 1308 1895 
1990 1006 1005 1007 
1991 1502 1503 2807 
1992 625 616 1904 
1993 1179 1180 1181 
1994 1898 1428 2568 
1995 1307 701 1308 
1996 1745 1747 1748 
1997 1133 1204 2378 
1998 1509 1585 1991 
1999 1190 2028 2903 
2000 1631 1630 2679 
2001 2313 2744 2814 
2002 1846 1848 1849 
2003 1659 1077 2840 
2004 1865 382 1955 
2005 1944 1942 2554 
2006 2450 385 2992 
2007 1238 1237 1239 
2008 1008 1007 1009 
2009 1004 1003 1005 
2010 1677 1875 1932 
2011 926 929 930 
2012 433 432 434 
2013 551 406 1768 
2014 1818 1169 3003 
2015 803 796 1251 
2016 1591 3030 3041 
2017 958 1930 3038 
2018 467 459 475 
2019 945 971 2332 
2020 655 657 2642 
2021 2051 1220 2343 
2022 1002 1001 1003 
2023 1202 1201 1203 
2024 1326 1391 1739 
2025 430 427 1695 
2026 1153 1455 2980 
2027 563 707 1945 
2028 1010 1009 1011 
2029 1688 1804 3046 
2030 1503 1504 2807 
2031 1311 789 1932 
2032 1821 1820 2664 
2033 1089 1101 1126 
2034 332 333 1879 
2035 1158 1528 2779 
2036 2090 1815 2874 
2037 1630 1740 2491 
2038 983 1582 2476 
2039 1918 1563 1982 
2040 1670 1671 2813 
2041 450 449 451 
2042 349 350 1865 
2043 1125 2126 2726 
2044 1782 1909 2273 
2045 494 499 500 
2046 435 434 436 
2047 380 369 1810 
2048 1267 1948 2883 
2049 517 518 556 
2050 746 1277 1944 
2051 1761 424 2880 
2052 2876 1526 2899 
2053 2854 2633 2949 
2054 677 1656 1666 
2055 824 826 827 
2056 1768 408 1828 
2057 1805 2096 2834 
2058 457 464 465 
2059 410 412 514 
2060 1797 694 2898 
2061 2484 1478 3044 
2062 1465 879 1610 
2063 1525 1272 1693 
2064 403 404 405 
2065 1591 1589 3030 
2066 663 668 1891 
2067 1362 1757 1999 
2068 791 1760 1816 
2069 1225 1221 2572 
2070 2353 2202 2991 
2071 554 1852 1855 
2072 1796 310 3020 
2073 414 416 791 
2074 1975 2876 2899 
2075 2417 1839 2502 
2076 600 597 601 
2077 744 743 769 
2078 406 408 1768 
2079 366 396 1851 
2080 1682 510 1997 
2081 453 455 691 
2082 1616 1617 1618 
2083 1641 1294 2013 
2084 2686 1307 2767 
2085 1919 393 1920 
2086 1012 1011 1013 
2087 1657 1377 2066 
2088 858 860 1892 
2089 1782 1783 1784 
2090 1598 932 2981 
2091 808 807 862 
2092 650 661 2035 
2093 1022 2631 2694 
2094 790 625 1904 
2095 1947 895 2935 
2096 1899 1449 1900 
2097 1868 1869 1870 
2098 562 1739 2531 
2099 1758 1757 3001 
2100 2524 1544 2835 
2101 770 769 871 
2102 1575 2012 2071 
2103 1370 2367 2450 
2104 540 778 1706 
2105 1092 2320 2338 
2106 875 871 1409 
2107 1054 1058 1059 
2108 1622 1625 1844 
2109 1162 990 1163 
2110 1024 1140 1948 
2111 897 1597 2954 
2112 2753 1569 2790 
2113 827 828 829 
2114 419 422 424 
2115 1829 1317 2033 
2116 1146 1147 1148 
2117 347 386 1888 
2118 711 775 851 
2119 2321 1606 2919 
2120 385 1878 2992 
2121 1784 1786 1787 
2122 343 344 1868 
2123 2101 927 2102 
2124 687 848 1912 
2125 579 580 581 
2126 1411 1413 1925 
2127 1148 1157 1158 
2128 1446 1451 2956 
2129 653 673 2752 
2130 747 1772 2385 
2131 983 962 1582 
2132 1882 1879 1988 
2133 2198 1949 2833 
2134 670 639 2133 
2135 981 980 982 
2136 1197 1507 2512 
2137 1569 2753 2756 
2138 1585 1509 2888 
2139 904 903 905 
2140 659 663 1891 
2141 1750 1915 1940 
2142 1610 1861 1957 
2143 2191 2299 2689 
2144 2328 1794 3016 
2145 405 406 551 
2146 2106 709 2535 
2147 1686 394 2672 
2148 1808 2368 2499 
2149 1039 2688 2820 
2150 1573 1572 1574 
2151 1068 1070 1071 
2152 1969 1961 2675 
2153 1078 1079 1081 
2154 1957 738 2879 
2155 1739 709 2531 
2156 348 349 1866 
2157 327 328 401 
2158 367 368 1793 
2159 339 340 1995 
2160 1017 1104 2669 
2161 646 644 648 
2162 1174 1373 2894 
2163 1922 964 2800 
2164 1085 1166 1496 
2165 2474 1104 2640 
2166 877 875 1936 
2167 1603 2328 3016 
2168 1292 2234 2240 
2169 331 332 1880 
2170 1778 1281 1808 
2171 1534 1670 2725 
2172 2401 2466 2552 
2173 1772 747 2384 
2174 1026 1024 1948 
2175 602 601 603 
2176 1014 1013 1015 
2177 1207 1285 3060 
2178 2196 2284 2621 
2179 2554 1942 2722 
2180 829 830 831 
2181 1765 378 2470 
2182 1817 1747 1956 
2183 918 912 921 
2184 604 603 605 
2185 860 1516 1517 
2186 500 501 502 
2187 1333 1356 3035 
2188 1331 1316 2937 
2189 2206 900 2978 
2190 2195 2197 2198 
2191 1517 1770 1876 
2192 1845 1406 1846 
2193 359 393 1919 
2194 1710 388 2429 
2195 586 584 587 
2196 1190 2903 3024 
2197 1247 551 1294 
2198 682 625 790 
2199 984 982 985 
2200 1860 794 1941 
2201 663 666 668 
2202 1405 1145 2971 
2203 384 1851 2842 
2204 831 832 837 
2205 1144 1145 1146 
2206 504 503 505 
2207 1702 1642 2436 
2208 906 905 907 
2209 742 726 743 
2210 1860 1941 2516 
2211 575 620 621 
2212 1074 2218 2813 
2213 564 565 629 
2214 518 522 1977 
2215 911 907 912 
2216 1797 1242 2037 
2217 1911 1532 2559 
2218 1181 1180 2434 
2219 480 479 481 
2220 474 491 492 
2221 312 313 1878 
2222 390 1927 1928 
2223 2243 2066 2587 
2224 391 1959 2649 
2225 999 1154 2908 
2226 1301 906 2947 
2227 1742 1858 2851 
2228 1590 1592 1931 
2229 823 818 824 
2230 834 838 1956 
2231 1845 1846 2921 
2232 1661 1628 1723 
2233 1695 1593 3041 
2234 507 1966 2265 
2235 753 858 2067 
2236 2248 2247 2711 
2237 1761 791 2852 
2238 1465 1610 1611 
2239 591 593 594 
2240 707 740 1945 
2241 1505 1503 1550 
2242 932 935 936 
2243 1321 755 1981 
2244 1174 1165 1175 
2245 1194 1175 1195 
2246 1413 1416 1925 
2247 1119 1226 2461 
2248 556 1977 2146 
2249 544 546 884 
2250 629 630 632 
2251 1878 313 2707 
2252 2567 1884 2897 
2253 1775 1622 3007 
2254 803 1251 1302 
2255 2865 1882 3010 
2256 1277 1536 1942 
2257 1687 1261 2530 
2258 1039 1036 1040 
2259 1226 1883 2461 
2260 1152 1728 2451 
2261 2577 2068 2968 
2262 1467 1708 2032 
2263 1957 1976 2666 
2264 1707 1994 2895 
2265 522 529 866 
2266 574 575 2959 
2267 343 1868 1873 
2268 1477 2484 3044 
2269 423 442 443 
2270 1666 1656 2711 
2271 1401 877 1603 
2272 729 730 731 
2273 1985 513 1987 
2274 378 315 2470 
2275 1126 1127 1128 
2276 398 1995 2720 
2277 1592 1594 1677 
2278 1920 393 2329 
2279 1603 877 1936 
2280 1164 1163 1165 
2281 482 481 484 
2282 624 687 1912 
2283 1253 2462 3028 
2284 407 1794 2328 
2285 917 1998 2802 
2286 1961 706 2237 
2287 1234 1232 1235 
2288 1152 991 1728 
2289 335 336 394 
2290 359 360 393 
2291 2131 2125 2157 
2292 337 398 1916 
2293 686 558 702 
2294 1498 1805 1806 
2295 2228 782 2851 
2296 939 936 940 
2297 1884 2567 2738 
2298 834 836 838 
2299 1503 1549 1550 
2300 1895 1308 1946 
2301 2327 1912 2858 
2302 486 484 487 
2303 548 555 564 
2304 2690 2054 2763 
2305 1220 2051 2109 
2306 365 366 1851 
2307 1297 1578 1926 
2308 1229 1195 1230 
2309 531 537 680 
2310 1919 1920 1921 
2311 2720 1908 3019 
2312 1691 1554 2667 
2313 624 1912 2326 
2314 2390 2279 2392 
2315 1858 1742 2746 
2316 618 1609 3058 
2317 720 724 729 
2318 740 814 1295 
2319 1915 514 2732 
2320 1214 1286 2596 
2321 394 336 1916 
2322 1551 1884 2738 
2323 305 392 1938 
2324 2770 1767 2803 
2325 1257 1420 1421 
2326 1878 2707 3021 
2327 1295 1296 1297 
2328 945 934 946 
2329 1592 1677 1931 
2330 954 961 974 
2331 1 2373 2374 
2332 1867 885 3022 
2333 1949 2199 2775 
2334 443 444 445 
2335 513 1986 2447 
2336 1570 1418 2706 
2337 1745 837 1747 
2338 1888 1403 2952 
2339 346 347 1888 
2340 1514 1667 2780 
2341 475 2270 2780 
2342 924 2068 2577 
2343 1128 1129 1130 
2344 594 595 596 
2345 1740 1423 2380 
2346 438 436 439 
2347 2027 847 2853 
2348 639 637 2133 
2349 2019 1918 2784 
2350 1184 1605 2481 
2351 731 732 735 
2352 1016 1015 1017 
2353 323 391 1937 
2354 369 370 1810 
2355 1719 664 2488 
2356 355 399 1927 
2357 1059 1060 1061 
2358 1860 2516 2995 
2359 687 789 848 
2360 2321 2317 2335 
2361 1906 1905 1907 
2362 1297 1926 2382 
2363 391 324 1959 
2364 2248 757 2446 
2365 740 1295 1945 
2366 1329 1777 2560 
2367 358 359 1919 
2368 851 775 1395 
2369 2340 1795 2422 
2370 308 377 1958 
2371 1945 1295 2382 
2372 681 766 2025 
2373 1225 2572 2573 
2374 1897 688 2383 
2375 2571 2143 2861 
2376 2359 2357 2360 
2377 2038 884 2564 
2378 1366 1094 2457 
2379 412 414 1816 
2380 2152 1642 2735 
2381 304 305 1938 
2382 1918 1475 2661 
2383 2097 2068 2805 
2384 581 582 583 
2385 1773 1775 1776 
2386 396 1793 2542 
2387 1877 543 2080 
2388 353 354 390 
2389 341 342 389 
2390 1795 1280 2989 
2391 314 378 2707 
2392 418 1808 2499 
2393 360 361 1934 
2394 2381 1722 2490 
2395 445 448 449 
2396 390 354 1927 
2397 1307 1308 1894 
2398 1130 1131 1132 
2399 1297 1530 1578 
2400 2218 1670 2813 
2401 1413 1415 1416 
2402 465 464 468 
2403 672 1257 2133 
2404 351 352 2003 
2405 467 475 476 
2406 1309 712 2410 
2407 1460 2512 2670 
2408 1957 2666 2801 
2409 1852 1854 1855 
2410 1978 437 2325 
2411 322 323 1937 
2412 373 397 1935 
2413 1908 1464 2672 
2414 2869 1072 2934 
2415 2448 1825 2791 
2416 1326 1327 1391 
2417 317 318 388 
2418 323 324 391 
2419 371 372 387 
2420 305 306 392 
2421 1558 1563 1564 
2422 708 706 1961 
2423 1597 2742 2743 
2424 1512 1456 1513 
2425 1061 1062 1063 
2426 1132 1133 1134 
2427 387 372 1935 
2428 1759 1363 1933 
2429 1681 1658 2041 
2430 1889 614 2449 
2431 1903 2257 2974 
2432 982 980 2938 
2433 1490 2308 2798 
2434 632 633 634 
2435 407 404 1794 
2436 1322 1324 1326 
2437 1814 1813 1985 
2438 490 487 2895 
2439 522 866 1977 
2440 539 553 554 
2441 2148 1914 2830 
2442 336 337 1916 
2443 2201 2200 2203 
2444 1335 1333 3035 
2445 884 1809 2997 
2446 1612 1614 2448 
2447 1280 1795 2340 
2448 355 356 399 
2449 2107 1900 2153 
2450 1225 2573 2586 
2451 354 355 1927 
2452 1809 1731 2997 
2453 2514 1547 2719 
2454 517 516 518 
2455 1517 1876 1966 
2456 2607 1712 2649 
2457 1794 402 1951 
2458 393 360 1934 
2459 1697 1698 3042 
2460 337 338 398 
2461 372 373 1935 
2462 1470 1248 2649 
2463 319 320 400 
2464 373 374 397 
2465 1221 1246 2572 
2466 1234 1235 2643 
2467 1821 2664 2713 
2468 469 468 470 
2469 2198 2197 2199 
2470 1899 1900 2985 
2471 1885 1887 2573 
2472 1686 2430 2532 
2473 1452 1448 1457 
2474 1720 1458 2525 
2475 670 2448 2791 
2476 1739 1391 2535 
2477 1325 1321 1981 
2478 1270 1110 1303 
2479 621 636 637 
2480 1755 1751 1760 
2481 813 708 1961 
2482 411 409 683 
2483 634 695 696 
2484 1509 1463 3000 
2485 502 503 504 
2486 1391 1392 1393 
2487 741 1360 2408 
2488 1637 1638 2136 
2489 1280 813 1969 
2490 1634 1633 2089 
2491 2165 2166 2167 
2492 754 635 794 
2493 1515 1820 2907 
2494 1810 370 2645 
2495 1884 1087 1885 
2496 1101 1089 2892 
2497 2258 1359 2681 
2498 1640 1325 1651 
2499 672 815 1257 
2500 471 470 473 
2501 1532 1911 2729 
2502 1194 1542 2093 
2503 1753 1754 1978 
2504 494 500 1943 
2505 411 683 1965 
2506 2280 1355 3023 
2507 1720 1954 2246 
2508 1700 1358 1968 
2509 849 1312 1608 
2510 1578 1530 2878 
2511 476 477 478 
2512 554 560 561 
2513 1798 809 2310 
2514 1247 1294 1641 
2515 746 821 1277 
2516 1784 1788 1896 
2517 827 826 828 
2518 345 346 2952 
2519 1616 1615 1617 
2520 882 767 1261 
2521 1983 1598 2703 
2522 307 308 1958 
2523 474 473 491 
2524 424 425 426 
2525 791 416 2852 
2526 1262 1261 1687 
2527 1894 848 2767 
2528 1873 1870 1874 
2529 1067 1863 2561 
2530 1748 1747 1750 
2531 1619 1621 1622 
2532 1921 1920 2657 
2533 1433 1438 2099 
2534 1647 1711 1712 
2535 1041 1040 1042 
2536 1403 1780 2952 
2537 735 736 737 
2538 2273 1492 2288 
2539 1277 1278 1536 
2540 742 743 744 
2541 2058 1902 2456 
2542 1202 1494 2261 
2543 1337 1351 2739 
2544 2456 1902 2974 
2545 1832 2217 2802 
2546 1810 1521 2477 
2547 2375 2372 2646 
2548 1641 2013 2629 
2549 1277 1942 1944 
2550 1985 1813 1986 
2551 1630 2491 2885 
2552 1037 2395 2479 
2553 2244 780 2566 
2554 1294 1769 2013 
2555 1552 1505 2418 
2556 2053 1838 2540 
2557 1660 432 3045 
2558 795 794 796 
2559 415 413 533 
2560 1257 1612 2932 
2561 2753 1276 2756 
2562 1806 1805 2834 
2563 1932 1875 2495 
2564 426 427 428 
2565 1315 1314 1316 
2566 696 771 772 
2567 1291 2468 2914 
2568 1517 1516 1770 
2569 1129 1486 2902 
2570 564 555 565 
2571 1298 1719 2488 
2572 874 1411 1889 
2573 428 429 431 
2574 751 540 1706 
2575 1677 1594 1875 
2576 1336 1335 1337 
2577 1778 533 2487 
2578 1977 1743 2146 
2579 1919 1921 2052 
2580 1631 2742 2873 
2581 744 769 770 
2582 2454 2263 2520 
2583 561 678 679 
2584 2667 1554 2900 
2585 878 784 879 
2586 1575 1574 2011 
2587 750 2325 2608 
2588 1610 1957 2879 
2589 2536 1086 2562 
2590 924 921 2068 
2591 1561 1559 1562 
2592 1433 1436 1438 
2593 629 565 630 
2594 1491 2273 2891 
2595 1717 1098 2870 
2596 431 432 433 
2597 1394 527 2492 
2598 389 1905 1906 
2599 1464 879 1465 
2600 773 736 2083 
2601 766 881 2025 
2602 770 871 875 
2603 1234 1577 2917 
2604 615 597 2501 
2605 1769 1915 2759 
2606 679 693 711 
2607 729 724 730 
2608 1317 1829 3002 
2609 864 862 887 
2610 588 587 589 
2611 649 648 650 
2612 881 1284 1430 
2613 433 434 435 
2614 1081 1082 1083 
2615 489 487 490 
2616 1334 1333 1335 
2617 1107 2545 2948 
2618 1512 2287 2795 
2619 737 773 774 
2620 870 813 1280 
2621 440 439 441 
2622 2539 1578 2878 
2623 1736 861 1737 
2624 1584 1797 2898 
2625 1121 1259 1359 
2626 1570 2034 2788 
2627 812 708 813 
2628 1295 814 1296 
2629 435 436 438 
2630 1649 520 1667 
2631 1856 1854 2614 
2632 1304 1303 1305 
2633 1748 1750 1940 
2634 1732 1733 2048 
2635 852 1484 1771 
2636 1265 1774 2983 
2637 451 452 453 
2638 772 817 818 
2639 1982 965 2784 
2640 607 1725 1766 
2641 562 2114 2397 
2642 1651 1325 1981 
2643 686 702 1293 
2644 698 762 764 
2645 1853 2311 2972 
2646 829 828 830 
2647 2481 1859 2482 
2648 1390 671 2603 
2649 1398 2485 2983 
2650 1849 1848 2792 
2651 797 796 803 
2652 1154 1564 2407 
2653 1432 1434 2302 
2654 1758 2325 2804 
2655 496 1697 3042 
2656 1622 1623 1625 
2657 1872 1869 2475 
2658 2249 2240 2922 
2659 2742 1597 2873 
2660 108 1910 2684 
2661 601 615 2928 
2662 1332 1331 1333 
2663 461 451 1967 
2664 852 1771 2104 
2665 858 1892 2067 
2666 1355 3009 3018 
2667 1297 1296 1530 
2668 1326 1324 1327 
2669 1330 1316 1331 
2670 2137 1771 2765 
2671 764 765 1272 
2672 423 421 442 
2673 379 403 1692 
2674 651 650 652 
2675 324 325 1959 
2676 2422 1279 2542 
2677 977 1135 1136 
2678 2619 2524 2719 
2679 2402 2170 2652 
2680 668 669 697 
2681 2145 916 2969 
2682 831 830 832 
2683 447 1800 2270 
2684 1911 1714 2513 
2685 1043 1042 1044 
2686 2195 2196 2197 
2687 622 616 625 
2688 1391 1327 1392 
2689 731 730 732 
2690 714 712 1309 
2691 844 1402 1596 
2692 837 832 1956 
2693 785 611 2326 
2694 1030 2381 2644 
2695 1815 1814 2874 
2696 1902 1903 2974 
2697 2224 868 2832 
2698 306 307 2242 
2699 357 358 2052 
2700 2333 1188 2594 
2701 1322 1326 2397 
2702 2259 1954 2848 
2703 1934 1763 2329 
2704 2077 917 2802 
2705 1374 1208 3060 
2706 554 553 560 
2707 446 441 447 
2708 1430 1589 1590 
2709 1876 1770 1877 
2710 1703 1704 2437 
2711 1359 1523 1524 
2712 321 322 2063 
2713 865 551 1247 
2714 1360 1362 1999 
2715 1573 2033 2778 
2716 1565 1562 1917 
2717 583 584 586 
2718 1393 1392 1763 
2719 1862 2014 2862 
2720 711 748 775 
2721 741 777 1360 
2722 1494 1203 1774 
2723 1203 1398 1774 
2724 1544 2619 2875 
2725 563 1945 2088 
2726 1957 1861 1976 
2727 824 825 826 
2728 1466 1715 1716 
2729 478 479 480 
2730 1984 1300 2473 
2731 382 351 2003 
2732 1019 1017 1020 
2733 1018 2305 2553 
2734 2347 2438 2575 
2735 596 597 600 
2736 722 716 723 
2737 1329 2560 2584 
2738 653 652 654 
2739 1868 1870 1873 
2740 632 630 633 
2741 443 442 444 
2742 1601 574 2959 
2743 692 1822 2533 
2744 1714 1850 3017 
2745 1205 1425 2674 
2746 535 542 544 
2747 1550 2586 2794 
2748 892 888 1658 
2749 1403 845 1404 
2750 1820 612 2030 
2751 1305 1303 2101 
2752 451 453 1967 
2753 569 567 627 
2754 2114 1320 2397 
2755 1371 819 1372 
2756 1999 1757 2000 
2757 754 794 795 
2758 1113 1112 3057 
2759 2024 1676 2646 
2760 1551 2078 2634 
2761 2320 1968 2740 
2762 381 1780 2475 
2763 509 526 1396 
2764 856 886 1483 
2765 2147 618 3058 
2766 525 508 792 
2767 445 444 448 
2768 735 732 736 
2769 1539 1020 3037 
2770 792 508 1943 
2771 2149 1139 2221 
2772 856 1483 1960 
2773 980 2261 2938 
2774 1469 1709 2809 
2775 2528 375 2973 
2776 679 678 693 
2777 2057 1364 2058 
2778 2066 1377 2587 
2779 388 318 2429 
2780 2430 376 2532 
2781 561 560 678 
2782 655 654 656 
2783 541 534 543 
2784 506 505 540 
2785 2105 2227 2731 
2786 872 527 1394 
2787 1813 857 2599 
2788 1647 1710 1711 
2789 1625 1627 1628 
2790 2632 2631 2693 
2791 1141 1176 1566 
2792 2326 1912 2327 
2793 707 739 740 
2794 753 783 858 
2795 2913 2693 2999 
2796 571 569 1890 
2797 1438 2015 2144 
2798 2098 2601 2866 
2799 2208 2180 3014 
2800 848 789 849 
2801 1706 778 2571 
2802 493 490 494 
2803 304 1938 2453 
2804 681 625 682 
2805 310 311 3020 
2806 845 773 2083 
2807 1360 1361 1362 
2808 1875 801 2495 
2809 1595 2342 2871 
2810 1895 1953 2327 
2811 2160 2032 2256 
2812 1455 1720 2525 
2813 878 879 1464 
2814 1482 1394 1668 
2815 1662 892 1681 
2816 1338 1337 1339 
2817 882 1261 1262 
2818 1077 1089 2840 
2819 1532 1495 2559 
2820 787 855 2440 
2821 715 717 718 
2822 1679 1172 2576 
2823 329 330 2687 
2824 949 948 950 
2825 1277 821 1278 
2826 319 400 2429 
2827 740 802 814 
2828 2333 971 2845 
2829 2898 1891 2977 
2830 1584 1242 1797 
2831 812 813 870 
2832 1372 819 2244 
2833 1968 2339 2944 
2834 1590 1591 1592 
2835 799 873 1604 
2836 1925 1416 2247 
2837 1319 2138 2862 
2838 492 491 495 
2839 725 723 726 
2840 1327 1324 1328 
2841 2438 2347 2439 
2842 358 1919 2052 
2843 805 1893 2590 
2844 1716 1765 2920 
2845 844 1596 2061 
2846 405 551 865 
2847 1430 1284 1589 
2848 544 545 546 
2849 634 633 695 
2850 1618 1619 1775 
2851 1464 1465 1686 
2852 2113 1565 2583 
2853 1614 1824 3036 
2854 1864 850 2831 
2855 1052 1048 1053 
2856 497 713 800 
2857 947 946 948 
2858 2378 1204 2792 
2859 1435 1432 2302 
2860 1293 702 1974 
2861 571 1890 2026 
2862 1320 1321 1322 
2863 1216 1171 1218 
2864 2157 1066 2236 
2865 881 1430 2025 
2866 930 929 931 
2867 705 755 1320 
2868 1975 1974 2876 
2869 522 528 529 
2870 840 1369 1466 
2871 362 363 2701 
2872 985 992 993 
2873 1322 1323 1324 
2874 696 695 771 
2875 2135 894 2215 
2876 795 796 797 
2877 509 1396 2442 
2878 1627 1993 2623 
2879 1387 1518 1980 
2880 1273 841 1274 
2881 1177 1142 1515 
2882 2175 2178 2179 
2883 787 854 855 
2884 1694 1693 2394 
2885 763 761 1431 
2886 480 481 482 
2887 1763 1392 2329 
2888 2372 2371 2646 
2889 482 484 486 
2890 2256 2032 2857 
2891 711 693 748 
2892 2601 2098 2703 
2893 586 587 588 
2894 575 573 620 
2895 1280 1969 2989 
2896 1652 1076 2620 
2897 492 495 496 
2898 813 1961 1969 
2899 550 540 751 
2900 1387 1386 1518 
2901 1586 1214 2596 
2902 486 487 489 
2903 1033 1111 1112 
2904 842 1273 1275 
2905 453 454 455 
2906 1811 1513 2578 
2907 737 736 773 
2908 334 335 2532 
2909 2527 800 2715 
2910 504 505 506 
2911 1989 1826 2497 
2912 1115 1833 1834 
2913 718 719 720 
2914 1161 1198 1200 
2915 781 752 782 
2916 824 818 825 
2917 832 833 834 
2918 1733 1979 2433 
2919 627 1741 2685 
2920 1592 1593 1594 
2921 2820 1107 2948 
2922 1895 1946 1953 
2923 774 773 844 
2924 322 1937 2063 
2925 834 835 836 
2926 518 521 522 
2927 1395 775 1960 
2928 668 666 669 
2929 836 841 842 
2930 617 623 624 
2931 2586 1549 2844 
2932 671 1831 2603 
2933 1211 1210 1212 
2934 546 547 548 
2935 1848 1405 2378 
2936 797 803 885 
2937 886 869 1553 
2938 451 449 452 
2939 1760 791 3043 
2940 1323 1321 1325 
2941 548 549 555 
2942 1163 990 2476 
2943 624 626 687 
2944 575 621 2758 
2945 1162 2559 3054 
2946 1676 2375 2646 
2947 552 538 635 
2948 779 846 847 
2949 606 605 607 
2950 514 1816 2732 
2951 727 779 2027 
2952 371 387 2645 
2953 1807 575 2758 
2954 529 530 531 
2955 1927 399 2859 
2956 1804 1626 3046 
2957 1438 1436 2015 
2958 2468 2592 2914 
2959 438 439 440 
2960 720 721 724 
2961 856 748 869 
2962 533 1965 2487 
2963 772 771 817 
2964 2245 2264 2626 
2965 835 833 843 
2966 1757 1756 3001 
2967 647 2152 2735 
2968 2036 691 2964 
2969 458 447 459 
2970 1639 1325 1640 
2971 1573 1575 2777 
2972 1252 1424 1964 
2973 539 552 553 
2974 2187 2189 2191 
2975 1385 802 1386 
2976 352 353 2602 
2977 876 875 877 
2978 2364 1478 2484 
2979 733 726 742 
2980 700 690 701 
2981 1930 2268 2787 
2982 1247 1641 2008 
2983 1618 1617 1619 
2984 569 627 1890 
2985 1466 1716 2745 
2986 2482 1859 2864 
2987 1275 1646 1647 
2988 1608 1312 1663 
2989 1693 1272 1779 
2990 1683 2036 2964 
2991 858 859 860 
2992 766 880 881 
2993 2645 387 2793 
2994 687 710 789 
2995 766 682 767 
2996 512 515 516 
2997 1580 2033 2777 
2998 2184 2185 2186 
2999 775 748 856 
3000 776 498 1310 
3001 269 268 417 
3002 2186 2187 2194 
3003 508 494 1943 
3004 693 678 709 
3005 590 589 591 
3006 537 538 539 
3007 768 1690 2443 
3008 2105 1028 2227 
3009 705 635 754 
3010 531 536 537 
3011 1348 1654 2967 
3012 1268 1955 2543 
3013 778 2143 2571 
3014 1300 977 3024 
3015 734 701 1307 
3016 1122 1169 2839 
3017 1371 1372 1568 
3018 820 745 822 
3019 883 1905 2494 
3020 1647 1646 1710 
3021 1409 871 2455 
3022 1252 822 1253 
3023 1494 1728 2261 
3024 1920 2329 2508 
3025 535 544 2038 
3026 1098 1717 2569 
3027 413 411 1965 
3028 812 870 1480 
3029 727 721 728 
3030 310 1796 2538 
3031 1530 1296 1531 
3032 2179 2180 2181 
3033 242 241 420 
3034 1773 1618 1775 
3035 453 452 454 
3036 795 797 1268 
3037 2638 2236 2847 
3038 1385 1386 1387 
3039 1403 1404 1780 
3040 1416 1415 1417 
3041 1938 1980 2453 
3042 1590 1589 1591 
3043 1275 2008 2988 
3044 1480 870 1521 
3045 1320 755 1321 
3046 1900 2107 2985 
3047 560 553 562 
3048 814 802 1385 
3049 722 723 725 
3050 1039 2820 2948 
3051 880 767 882 
3052 440 441 446 
3053 1322 1321 1323 
3054 1275 1273 1646 
3055 2682 1106 2968 
3056 1718 383 2915 
3057 1318 877 1401 
3058 1980 397 2453 
3059 1789 1787 1790 
3060 764 762 765 
3061 1500 1289 1501 
3062 826 825 840 
3063 2199 2200 2201 
3064 689 699 874 
3065 1478 2365 2574 
3066 1455 2525 2980 
3067 740 739 802 
3068 855 1764 2818 
3069 1404 845 2083 
3070 1141 1566 2585 
3071 2070 1480 2445 
3072 739 708 812 
3073 222 221 462 
3074 856 869 886 
3075 1622 1621 1623 
3076 2476 1582 2594 
3077 1342 2747 2748 
3078 746 820 821 
3079 1466 1369 1715 
3080 622 625 681 
3081 1874 1870 2853 
3082 611 617 2326 
3083 860 867 1516 
3084 963 980 981 
3085 2071 2012 2712 
3086 779 728 784 
3087 409 407 2328 
3088 1791 1790 1818 
3089 1323 1325 1639 
3090 563 549 706 
3091 836 835 841 
3092 842 841 1273 
3093 832 834 1956 
3094 881 1260 1284 
3095 557 543 558 
3096 544 542 545 
3097 995 997 998 
3098 846 784 878 
3099 1547 1013 3034 
3100 933 944 1469 
3101 2203 2305 2306 
3102 725 733 738 
3103 1640 1651 2003 
3104 882 1262 1635 
3105 630 565 704 
3106 727 2027 2091 
3107 316 317 2641 
3108 1993 1627 2824 
3109 993 994 995 
3110 2032 647 2735 
3111 1078 1071 1079 
3112 1324 1323 2087 
3113 1311 1932 2495 
3114 853 703 1281 
3115 2332 971 2333 
3116 1353 1348 3049 
3117 683 1936 2728 
3118 840 1466 1990 
3119 1981 755 2069 
3120 457 463 464 
3121 742 744 2004 
3122 1972 1474 1973 
3123 865 1247 1248 
3124 2295 1094 3011 
3125 608 611 785 
3126 555 549 563 
3127 2022 1849 2792 
3128 732 730 759 
3129 466 459 467 
3130 779 847 2027 
3131 1622 1844 3007 
3132 1533 1281 1778 
3133 705 754 755 
3134 1491 1488 1781 
3135 834 833 835 
3136 446 447 458 
3137 1930 2787 2890 
3138 774 844 2061 
3139 865 1248 1470 
3140 243 242 2046 
3141 2000 750 2431 
3142 775 856 1960 
3143 1098 1036 2585 
3144 685 745 746 
3145 1036 974 2585 
3146 543 534 2080 
3147 600 601 602 
3148 541 543 557 
3149 529 528 530 
3150 547 545 631 
3151 718 717 719 
3152 522 521 528 
3153 548 547 549 
3154 493 494 508 
3155 539 538 552 
3156 2200 2202 2304 
3157 530 528 532 
3158 1453 2489 2956 
3159 844 773 845 
3160 1360 777 1361 
3161 1378 1379 1380 
3162 2903 1300 3024 
3163 998 999 1000 
3164 1168 1123 1170 
3165 681 682 766 
3166 685 558 686 
3167 546 545 547 
3168 1553 869 2403 
3169 876 1318 1497 
3170 832 830 833 
3171 1396 526 2038 
3172 2729 1911 2757 
3173 1252 1253 1424 
3174 1926 780 2241 
3175 602 603 604 
3176 1592 1591 1593 
3177 604 605 606 
3178 626 623 758 
3179 1658 2147 3058 
3180 844 845 1402 
3181 496 511 512 
3182 1398 2010 2485 
3183 1608 2686 2767 
3184 497 463 712 
3185 455 456 457 
3186 1635 1262 1636 
3187 1668 1394 2238 
3188 223 222 2017 
3189 1278 1279 1795 
3190 1987 2527 2715 
3191 817 771 819 
3192 724 721 727 
3193 1021 1020 1024 
3194 840 825 1368 
3195 1451 1899 1914 
3196 766 767 880 
3197 849 1311 1312 
3198 1523 2503 2752 
3199 886 1553 1689 
3200 720 719 721 
3201 1359 1524 2536 
3202 1200 1201 1202 
3203 2379 2276 2976 
3204 1054 1053 1058 
3205 756 2424 2433 
3206 1609 2041 3058 
3207 489 490 493 
3208 707 708 739 
3209 1432 1431 1434 
3210 189 188 2652 
3211 414 791 1816 
3212 1340 1339 1341 
3213 695 633 780 
3214 1364 2056 2426 
3215 1430 1590 2749 
3216 2138 1823 2862 
3217 707 706 708 
3218 535 541 542 
3219 846 878 883 
3220 3003 1169 3061 
3221 1171 1216 3026 
3222 1477 1335 3035 
3223 2877 2252 2953 
3224 1604 873 1643 
3225 2037 1166 2461 
3226 1987 468 2527 
3227 1629 1773 2755 
3228 1312 1311 2040 
3229 782 752 2136 
3230 1219 1218 1221 
3231 1253 822 2462 
3232 552 635 705 
3233 725 726 733 
3234 1992 691 2036 
3235 2630 806 2855 
3236 1274 1765 2768 
3237 828 826 1990 
3238 817 819 1370 
3239 537 536 538 
3240 2365 1038 2406 
3241 419 424 2852 
3242 531 530 536 
3243 299 298 919 
3244 2473 1300 2903 
3245 717 716 722 
3246 818 817 2095 
3247 1869 381 2475 
3248 1774 1265 2451 
3249 567 556 2146 
3250 1202 1203 1494 
3251 1386 2070 2445 
3252 1533 1864 2867 
3253 1750 1747 1817 
3254 1102 2753 2790 
3255 825 818 2095 
3256 727 728 779 
3257 1526 1419 2533 
3258 1262 1687 2144 
3259 272 271 957 
3260 502 504 507 
3261 779 784 846 
3262 2013 838 2629 
3263 881 880 1260 
3264 526 534 535 
3265 1746 1762 3013 
3266 1355 2280 3009 
3267 715 718 2090 
3268 715 714 716 
3269 2402 598 2651 
3270 1278 821 1279 
3271 1371 1568 1796 
3272 665 662 667 
3273 1182 1181 1183 
3274 713 712 714 
3275 621 620 636 
3276 1328 1324 2087 
3277 1257 815 1420 
3278 1737 1738 2832 
3279 244 243 960 
3280 1625 1623 1627 
3281 2741 2742 2827 
3282 1000 1001 1002 
3283 820 822 1252 
3284 715 716 717 
3285 1295 1297 2382 
3286 1362 1361 1363 
3287 1707 1993 1994 
3288 1943 500 2265 
3289 733 742 793 
3290 770 875 876 
3291 449 448 2104 
3292 492 496 2673 
3293 1615 1613 1626 
3294 918 1469 2809 
3295 872 1394 1482 
3296 1865 1955 2059 
3297 563 706 707 
3298 466 498 741 
3299 224 223 2031 
3300 624 623 626 
3301 464 463 497 
3302 1068 1063 1070 
3303 2929 2682 2968 
3304 1483 886 2085 
3305 1442 1443 1444 
3306 1323 1639 2087 
3307 1925 2247 2248 
3308 591 594 2383 
3309 686 1293 2020 
3310 2094 1947 2800 
3311 1307 1894 2767 
3312 1502 2343 2901 
3313 1515 1142 2663 
3314 1929 2134 3038 
3315 2131 2157 2236 
3316 1293 1974 1975 
3317 1006 1007 1008 
3318 1004 1005 1006 
3319 1734 1772 2384 
3320 2205 2615 2785 
3321 392 306 2242 
3322 642 639 670 
3323 271 270 2042 
3324 1189 2662 3059 
3325 932 931 935 
3326 1402 845 1403 
3327 1370 819 1371 
3328 1602 1202 2261 
3329 655 656 657 
3330 550 751 752 
3331 1423 902 2965 
3332 1002 1003 1004 
3333 754 795 2069 
3334 594 609 2383 
3335 685 686 745 
3336 273 272 2064 
3337 858 783 859 
3338 473 470 513 
3339 849 789 1311 
3340 90 89 524 
3341 268 267 2006 
3342 1008 1009 1010 
3343 687 626 710 
3344 493 508 509 
3345 2265 1966 2781 
3346 296 295 959 
3347 588 589 590 
3348 713 714 715 
3349 386 1867 2537 
3350 515 511 527 
3351 1439 1514 1800 
3352 535 534 541 
3353 1837 1843 2794 
3354 848 849 2767 
3355 509 525 526 
3356 1721 1301 2606 
3357 1643 873 1644 
3358 746 745 820 
3359 916 2217 2969 
3360 457 456 463 
3361 1363 1361 1699 
3362 2149 1453 2979 
3363 1270 1303 1304 
3364 840 1368 1369 
3365 2312 1263 2313 
3366 356 3 2823 
3367 3 357 2823 
3368 466 467 498 
3369 241 240 2014 
3370 1393 2403 2535 
3371 526 525 534 
3372 458 459 466 
3373 1582 2332 2594 
3374 1285 1823 2009 
3375 338 6 2826 
3376 6 339 2826 
3377 1356 1701 2315 
3378 320 4 2829 
3379 4 321 2829 
3380 637 636 672 
3381 2325 750 2804 
3382 826 840 1990 
3383 525 792 2080 
3384 2381 1109 2644 
3385 245 244 2084 
3386 1686 1465 2430 
3387 763 1431 1432 
3388 2167 2166 2734 
3389 867 859 1419 
3390 1010 1011 1012 
3391 617 616 622 
3392 1267 2883 2949 
3393 1692 403 2119 
3394 550 752 753 
3395 2037 1228 2460 
3396 1460 1198 3005 
3397 270 269 2001 
3398 876 877 1318 
3399 1248 1247 2008 
3400 1663 1312 1713 
3401 1436 1437 1439 
3402 1144 1146 2034 
3403 225 224 965 
3404 1666 2247 2993 
3405 2203 2200 2305 
3406 1463 1354 3049 
3407 1191 1192 1193 
3408 497 712 713 
3409 512 511 515 
3410 1673 430 3030 
3411 737 774 2506 
3412 2407 1471 2908 
3413 1274 841 2103 
3414 2487 1965 2728 
3415 1433 1435 1436 
3416 590 591 688 
3417 1400 1265 2983 
3418 403 405 2119 
3419 2247 1416 2993 
3420 1580 986 1829 
3421 163 2694 2799 
3422 799 1604 2285 
3423 274 273 909 
3424 1296 814 2079 
3425 426 428 559 
3426 506 540 550 
3427 874 1410 1411 
3428 755 754 2069 
3429 1803 1180 2779 
3430 617 622 623 
3431 1756 1746 3001 
3432 516 515 2285 
3433 433 435 437 
3434 741 776 777 
3435 1436 1439 2015 
3436 509 508 525 
3437 1497 1318 1718 
3438 954 953 961 
3439 814 1385 2079 
3440 1773 1776 3053 
3441 2240 1291 2960 
3442 557 558 685 
3443 1742 1741 1743 
3444 2507 1804 2966 
3445 800 713 2090 
3446 1310 498 2386 
3447 576 2391 2575 
3448 455 454 456 
3449 1830 1274 2768 
3450 2393 1355 3018 
3451 1846 1406 1848 
3452 763 1432 1433 
3453 238 237 969 
3454 467 476 2386 
3455 860 859 867 
3456 2787 1678 2890 
3457 2284 2192 2689 
3458 594 596 609 
3459 822 745 2020 
3460 295 294 2044 
3461 533 413 1965 
3462 1838 2054 2540 
3463 3030 430 3041 
3464 790 1904 2394 
3465 518 516 521 
3466 608 785 2496 
3467 705 1320 2114 
3468 1414 1412 1764 
3469 265 264 915 
3470 565 555 2088 
3471 2069 1268 2543 
3472 1550 2794 2926 
3473 221 220 2016 
3474 1456 1454 1939 
3475 1012 1013 1014 
3476 1661 1723 2975 
3477 1363 1699 1933 
3478 374 5 2841 
3479 5 303 2841 
3480 1638 1462 1741 
3481 1905 1874 2494 
3482 1053 1048 2483 
3483 2637 1258 3061 
3484 421 418 2499 
3485 981 982 984 
3486 2191 2189 2978 
3487 2419 2416 2502 
3488 753 781 783 
3489 446 458 460 
3490 1782 1781 1783 
3491 393 1934 2329 
3492 226 225 2062 
3493 526 535 2038 
3494 698 761 762 
3495 799 527 872 
3496 812 1480 2070 
3497 951 950 976 
3498 857 735 2994 
3499 246 245 917 
3500 1411 1412 1413 
3501 497 800 2527 
3502 730 724 2091 
3503 1834 1836 1837 
3504 2010 960 2628 
3505 614 2248 2446 
3506 275 274 2096 
3507 294 293 920 
3508 255 254 599 
3509 799 872 873 
3510 2232 1125 2726 
3511 589 587 2982 
3512 557 1944 2554 
3513 1713 1312 2040 
3514 2150 972 2670 
3515 1942 631 2722 
3516 793 742 2004 
3517 1709 1301 2947 
3518 1386 802 2070 
3519 1413 1414 1415 
3520 476 478 756 
3521 339 1995 2826 
3522 795 1268 2069 
3523 188 187 598 
3524 237 236 2072 
3525 1864 2831 2867 
3526 1368 825 2095 
3527 480 482 485 
3528 843 833 2209 
3529 753 752 781 
3530 677 1666 1923 
3531 1448 1445 1952 
3532 852 853 1484 
3533 1525 1694 2760 
3534 1178 1158 1179 
3535 405 865 2119 
3536 885 2518 3022 
3537 777 776 868 
3538 1235 1236 1237 
3539 555 563 2088 
3540 91 90 2055 
3541 1663 1713 1992 
3542 256 255 2100 
3543 739 812 2070 
3544 1784 1783 1786 
3545 700 701 734 
3546 2332 2333 2594 
3547 1188 1163 2476 
3548 220 219 2092 
3549 689 874 2377 
3550 809 1798 3051 
3551 1724 2601 2703 
3552 741 498 776 
3553 239 238 2138 
3554 767 682 2555 
3555 515 527 799 
3556 867 1419 1526 
3557 1380 1381 1382 
3558 1304 1305 1306 
3559 697 669 698 
3560 1792 1537 2839 
3561 836 842 2629 
3562 2071 1580 2777 
3563 266 265 2122 
3564 853 1281 1533 
3565 946 934 2577 
3566 783 781 798 
3567 762 761 763 
3568 219 218 1028 
3569 869 748 2106 
3570 2322 2276 2379 
3571 590 688 689 
3572 780 1926 2566 
3573 227 226 895 
3574 2040 1311 2495 
3575 990 983 2476 
3576 1418 1863 2706 
3577 496 495 511 
3578 455 457 2964 
3579 276 275 966 
3580 617 624 2326 
3581 300 299 1971 
3582 681 2025 2396 
3583 1823 1266 2862 
3584 89 88 2060 
3585 1436 1435 1437 
3586 257 256 967 
3587 456 454 519 
3588 1801 1538 2786 
3589 745 686 2020 
3590 562 553 2114 
3591 1258 3003 3061 
3592 1431 761 2500 
3593 1805 1481 2622 
3594 1252 1964 2118 
3595 1738 2766 2832 
3596 835 843 2103 
3597 1760 1940 2732 
3598 1439 1437 1514 
3599 1357 1991 2820 
3600 553 552 2114 
3601 724 727 2091 
3602 1251 1860 2605 
3603 1433 1432 1435 
3604 1936 1409 2728 
3605 608 606 610 
3606 939 2703 2981 
3607 885 803 2518 
3608 254 253 2086 
3609 452 449 2104 
3610 1619 1620 1621 
3611 1822 851 2899 
3612 264 263 2074 
3613 2133 1257 2932 
3614 802 739 2070 
3615 2223 1671 2770 
3616 258 257 2132 
3617 1797 2037 2461 
3618 1941 536 2516 
3619 1876 792 2781 
3620 1149 1271 1317 
3621 781 782 2228 
3622 1059 1058 1060 
3623 236 235 896 
3624 2201 2203 2205 
3625 247 246 2077 
3626 1854 1853 2972 
3627 2764 2741 2827 
3628 72 71 488 
3629 1531 1296 2079 
3630 1647 1712 2607 
3631 1038 2365 2464 
3632 663 665 666 
3633 293 292 2073 
3634 1025 1024 1026 
3635 298 297 2023 
3636 1705 1703 2437 
3637 2361 2360 2362 
3638 1799 1512 2795 
3639 611 610 616 
3640 666 665 676 
3641 693 709 2106 
3642 938 1722 2380 
3643 752 751 2136 
3644 267 266 1233 
3645 228 227 2094 
3646 1026 1948 2963 
3647 1981 2069 2543 
3648 202 201 592 
3649 448 444 703 
3650 748 693 2106 
3651 587 584 2589 
3652 486 489 747 
3653 259 258 914 
3654 1587 2545 2595 
3655 277 276 2158 
3656 318 319 2429 
3657 888 887 2147 
3658 1354 1463 1509 
3659 1913 2145 2969 
3660 240 239 1319 
3661 1314 1606 2627 
3662 1272 765 2530 
3663 383 1881 2915 
3664 1502 1501 1503 
3665 609 1946 2930 
3666 817 1370 2095 
3667 2275 2274 2358 
3668 985 993 2505 
3669 1397 1832 2802 
3670 92 91 2250 
3671 1376 1375 2036 
3672 774 2061 2730 
3673 476 756 2386 
3674 235 234 2111 
3675 468 464 2527 
3676 263 262 2110 
3677 575 1807 2959 
3678 1930 1929 3038 
3679 886 1689 2085 
3680 2187 2191 2192 
3681 182 181 2509 
3682 854 811 1375 
3683 1955 1268 2909 
3684 251 250 972 
3685 248 247 2217 
3686 704 565 2088 
3687 1014 1015 1016 
3688 1230 1231 1232 
3689 1559 1557 1970 
3690 865 1470 2119 
3691 260 259 2116 
3692 252 251 2150 
3693 1465 1611 2430 
3694 1754 1752 2656 
3695 1832 1399 2969 
3696 218 217 2227 
3697 841 835 2103 
3698 1439 1800 2541 
3699 1461 1890 2685 
3700 1115 1834 1963 
3701 2141 1458 2626 
3702 187 186 2612 
3703 1155 1781 2534 
3704 821 820 2118 
3705 1327 1328 2508 
3706 292 291 955 
3707 874 699 1410 
3708 1359 1259 1523 
3709 201 200 2148 
3710 611 616 617 
3711 738 1957 2801 
3712 759 730 2091 
3713 448 703 852 
3714 253 252 1199 
3715 608 610 611 
3716 689 688 690 
3717 1645 1184 2869 
3718 633 630 2241 
3719 2029 786 2521 
3720 521 516 2285 
3721 698 669 761 
3722 758 1931 3050 
3723 229 228 964 
3724 2462 2020 2733 
3725 622 681 2396 
3726 683 409 2328 
3727 876 1497 2231 
3728 2310 1206 2774 
3729 700 734 787 
3730 250 249 2145 
3731 1577 2065 2683 
3732 137 136 2120 
3733 438 440 750 
3734 261 260 2210 
3735 1636 1262 2144 
3736 61 60 647 
3737 1081 1079 1082 
3738 1279 821 2118 
3739 278 277 908 
3740 2056 2022 2426 
3741 1568 1372 2984 
3742 1375 811 2940 
3743 376 334 2532 
3744 9 8 1342 
3745 758 623 2396 
3746 706 549 2237 
3747 699 690 700 
3748 136 135 674 
3749 583 586 614 
3750 987 928 1110 
3751 1441 1929 1930 
3752 197 196 2163 
3753 1881 1882 2865 
3754 713 715 2090 
3755 787 734 811 
3756 1825 644 2791 
3757 1623 1621 1624 
3758 921 922 923 
3759 1143 1134 1144 
3760 121 120 2123 
3761 122 121 645 
3762 1799 2271 2337 
3763 830 828 2209 
3764 901 2219 2734 
3765 1885 1886 1887 
3766 1320 1322 2397 
3767 95 94 1056 
3768 2745 1716 2920 
3769 934 924 2577 
3770 200 199 1139 
3771 262 261 913 
3772 123 122 2162 
3773 1 2374 2906 
3774 2457 1094 2817 
3775 203 202 2107 
3776 279 278 2214 
3777 854 1375 1376 
3778 1111 1267 2987 
3779 1166 2037 2460 
3780 1564 1918 2661 
3781 71 70 2115 
3782 428 431 2253 
3783 787 811 854 
3784 234 233 968 
3785 303 304 2453 
3786 249 248 916 
3787 1413 1412 1414 
3788 143 142 2049 
3789 2182 2509 3032 
3790 230 229 2155 
3791 534 525 2080 
3792 85 84 1046 
3793 135 134 2076 
3794 816 1462 1637 
3795 1689 1553 2973 
3796 816 760 1461 
3797 2986 684 3004 
3798 1619 1617 1620 
3799 69 68 1074 
3800 552 705 2114 
3801 1970 1600 2957 
3802 744 770 2231 
3803 1370 1371 2367 
3804 280 279 970 
3805 1415 1414 2029 
3806 1061 1060 1062 
3807 94 93 2161 
3808 70 69 2222 
3809 1422 2319 2320 
3810 1469 944 2654 
3811 689 690 699 
3812 2158 966 2622 
3813 2278 2275 2358 
3814 852 703 853 
3815 96 95 2257 
3816 630 704 2241 
3817 1249 1657 2815 
3818 1191 1193 2887 
3819 1638 1741 1742 
3820 1269 1674 1962 
3821 1943 2265 2781 
3822 515 799 2285 
3823 1511 1799 2848 
3824 204 203 2153 
3825 1965 683 2728 
3826 2067 1892 2773 
3827 1774 1398 2983 
3828 199 198 2221 
3829 73 72 2117 
3830 785 2326 2327 
3831 209 208 2245 
3832 1134 1133 2971 
3833 579 581 757 
3834 2200 2304 2305 
3835 1218 1171 2567 
3836 448 852 2104 
3837 217 216 996 
3838 604 606 608 
3839 170 169 2553 
3840 181 180 900 
3841 233 232 2212 
3842 242 420 2046 
3843 291 290 2134 
3844 281 280 2243 
3845 1694 2394 3008 
3846 627 567 2146 
3847 850 1727 2831 
3848 2192 2191 2689 
3849 1495 1160 3054 
3850 1371 1796 2367 
3851 60 59 2152 
3852 1411 1410 1412 
3853 88 87 1847 
3854 2279 2390 2976 
3855 134 133 2139 
3856 84 83 2213 
3857 205 204 1450 
3858 1851 1424 2842 
3859 191 190 1545 
3860 1842 2695 2696 
3861 598 2402 2652 
3862 1196 1120 1652 
3863 2702 1540 3027 
3864 231 230 2215 
3865 637 672 2133 
3866 819 771 2244 
3867 68 67 2218 
3868 214 213 2271 
3869 198 197 1138 
3870 125 124 2232 
3871 64 63 1075 
3872 120 119 2156 
3873 195 194 901 
3874 1652 1120 2677 
3875 63 62 2256 
3876 62 61 2160 
3877 1883 1797 2461 
3878 1976 719 2666 
3879 765 762 2099 
3880 282 281 910 
3881 2354 1050 2786 
3882 192 191 2168 
3883 495 491 749 
3884 196 195 2216 
3885 833 830 2209 
3886 139 138 2142 
3887 194 193 2219 
3888 193 192 1546 
3889 2228 1856 2614 
3890 2541 684 2986 
3891 3008 1766 3047 
3892 1281 703 2368 
3893 1800 1514 2270 
3894 93 92 1365 
3895 1804 1705 2966 
3896 820 1252 2118 
3897 124 123 1125 
3898 771 695 2244 
3899 1875 1594 2443 
3900 216 215 2286 
3901 709 678 2531 
3902 1244 1314 1315 
3903 738 733 2266 
3904 1565 2113 3039 
3905 117 116 2235 
3906 183 182 2182 
3907 1521 870 2477 
3908 1795 1279 2422 
3909 573 571 2026 
3910 1424 1253 2370 
3911 1986 1813 2599 
3912 206 205 2226 
3913 791 1761 3043 
3914 1266 1862 2862 
3915 185 184 2173 
3916 2246 2245 2626 
3917 921 912 922 
3918 315 316 2470 
3919 1816 1760 2732 
3920 1826 988 2750 
3921 222 462 2017 
3922 97 96 1069 
3923 780 633 2241 
3924 77 76 1047 
3925 1500 2121 2849 
3926 1265 1152 2451 
3927 21 20 2274 
3928 132 131 2211 
3929 65 64 2254 
3930 1149 1110 1270 
3931 59 58 2289 
3932 210 209 1459 
3933 1099 1537 2816 
3934 2616 2205 2785 
3935 2238 1986 2599 
3936 297 296 2007 
3937 1385 1387 2658 
3938 500 502 2265 
3939 118 117 1066 
3940 127 126 2239 
3941 2004 744 2231 
3942 208 207 2264 
3943 114 113 2251 
3944 2003 1651 3048 
3945 695 780 2244 
3946 67 66 2298 
3947 2530 765 2647 
3948 283 282 2291 
3949 58 57 1051 
3950 1777 1329 2604 
3951 1637 1462 1638 
3952 1969 1536 2989 
3953 1376 1997 2996 
3954 547 631 2237 
3955 106 105 2272 
3956 1922 1561 2135 
3957 2615 2204 2624 
3958 76 75 2301 
3959 232 231 894 
3960 207 206 891 
3961 623 622 2396 
3962 2426 2022 2792 
3963 57 56 2282 
3964 290 289 958 
3965 549 547 2237 
3966 1184 2481 2869 
3967 78 77 2281 
3968 98 97 2309 
3969 750 2000 2804 
3970 215 214 1029 
3971 1798 1227 3051 
3972 600 602 1508 
3973 131 130 2229 
3974 113 112 2267 
3975 115 114 1064 
3976 965 2031 2784 
3977 111 110 2290 
3978 921 923 2068 
3979 129 128 2249 
3980 66 65 1073 
3981 1787 1786 1792 
3982 663 662 665 
3983 444 442 2368 
3984 899 893 1662 
3985 1225 2586 2844 
3986 107 106 640 
3987 2778 1669 2962 
3988 2673 496 3042 
3989 75 74 1429 
3990 459 447 2270 
3991 2361 1654 2570 
3992 284 283 973 
3993 83 82 1407 
3994 1565 1917 2583 
3995 1187 1227 1798 
3996 2522 2220 2825 
3997 656 654 660 
3998 116 115 2230 
3999 1556 1821 2881 
4000 144 143 1080 
4001 126 125 1124 
4002 51 50 2317 
4003 286 285 1665 
4004 105 104 1492 
4005 964 2094 2800 
4006 110 109 1785 
4007 1518 1386 2445 
4008 104 103 2288 
4009 79 78 1427 
4010 48 47 2318 
4011 100 99 2294 
4012 285 284 2292 
4013 2089 1723 3040 
4014 101 100 1522 
4015 138 137 1222 
4016 2217 1832 2969 
4017 102 101 2307 
4018 2276 2279 2976 
4019 1510 2580 2744 
4020 1644 873 2269 
4021 1829 986 2588 
4022 828 1990 2209 
4023 169 168 1018 
4024 712 463 2410 
4025 650 648 661 
4026 180 179 2300 
4027 1100 1088 2634 
4028 763 1433 2099 
4029 141 140 2109 
4030 588 590 2377 
4031 1391 1393 2535 
4032 133 132 1217 
4033 211 210 2259 
4034 1076 2483 2620 
4035 112 111 1065 
4036 977 976 1135 
4037 417 268 2006 
4038 82 81 2296 
4039 904 2380 2965 
4040 1044 1097 1388 
4041 1566 1176 2488 
4042 213 212 2337 
4043 128 127 1292 
4044 2391 576 2409 
4045 1827 1529 2838 
4046 1079 1071 2562 
4047 80 79 2341 
4048 1388 1389 1831 
4049 732 759 2441 
4050 1398 1998 2010 
4051 1961 2237 2675 
4052 560 562 2531 
4053 2054 2692 2695 
4054 375 362 2701 
4055 1994 1993 2824 
4056 2709 1840 2905 
4057 660 2755 3053 
4058 532 528 2549 
4059 762 763 2099 
4060 487 1707 2895 
4061 1539 2207 2702 
4062 1482 1668 2469 
4063 301 300 2371 
4064 905 903 927 
4065 2560 1659 2584 
4066 1671 1535 1803 
4067 1901 1902 2662 
4068 190 189 2653 
4069 498 467 2386 
4070 798 781 2228 
4071 99 98 1055 
4072 770 876 2231 
4073 952 941 978 
4074 420 241 2014 
4075 52 51 1213 
4076 1361 777 2224 
4077 395 329 2687 
4078 1541 2283 2689 
4079 103 102 1057 
4080 50 49 2335 
4081 49 48 483 
4082 53 52 2330 
4083 2747 2400 2748 
4084 846 883 2494 
4085 269 417 2001 
4086 1536 1278 2989 
4087 2083 736 2441 
4088 431 433 2324 
4089 1016 1017 1019 
4090 130 129 675 
4091 960 243 2046 
4092 22 21 1095 
4093 47 46 2338 
4094 1472 1476 2578 
4095 688 591 2383 
4096 733 793 2266 
4097 46 45 1092 
4098 56 55 2354 
4099 2743 1173 2954 
4100 45 44 2339 
4101 44 43 1091 
4102 1425 1845 2727 
4103 1656 2452 2711 
4104 1276 1212 2756 
4105 1563 1947 2935 
4106 2605 1643 2776 
4107 1935 1518 2946 
4108 1189 1901 2662 
4109 1521 2645 2793 
4110 54 53 2336 
4111 2691 2690 2763 
4112 212 211 890 
4113 289 288 2268 
4114 81 80 1045 
4115 2099 1438 2647 
4116 1593 1591 3041 
4117 2433 1979 2714 
4118 223 2017 2031 
4119 1699 1361 2224 
4120 1176 1142 1177 
4121 287 286 2369 
4122 736 732 2441 
4123 662 658 2323 
4124 936 935 2465 
4125 382 2003 3048 
4126 140 139 1220 
4127 166 165 2624 
4128 309 310 2538 
4129 2172 2170 2402 
4130 1434 1431 2435 
4131 466 741 2408 
4132 1399 1913 2969 
4133 31 30 1352 
4134 2536 2562 2681 
4135 1393 1763 2528 
4136 1224 1225 2844 
4137 55 54 1050 
4138 1063 1062 2258 
4139 1390 2081 2563 
4140 179 178 2299 
4141 142 141 1223 
4142 777 868 2224 
4143 667 662 2323 
4144 1533 1778 2455 
4145 161 160 2998 
4146 872 1482 2269 
4147 873 872 2269 
4148 502 507 2265 
4149 1658 888 2147 
4150 1780 1404 2475 
4151 559 428 2253 
4152 86 85 2551 
4153 1979 1310 2714 
4154 659 662 663 
4155 738 2266 2879 
4156 786 492 2673 
4157 416 419 2852 
4158 1419 859 2311 
4159 2400 1343 2782 
4160 1742 1743 2746 
4161 1529 1898 2838 
4162 848 1894 2858 
4163 1300 1984 2498 
4164 2266 793 3010 
4165 176 175 2193 
4166 2325 437 2608 
4167 186 185 2611 
4168 1141 1142 1176 
4169 1133 2378 2971 
4170 869 2106 2403 
4171 907 905 2432 
4172 442 421 2499 
4173 178 177 1541 
4174 1302 1251 2776 
4175 2394 2444 3008 
4176 2287 1811 2731 
4177 74 73 2593 
4178 177 176 2283 
4179 2306 1018 2344 
4180 1820 2030 2907 
4181 1191 1136 1192 
4182 462 221 2016 
4183 2384 1396 2564 
4184 1475 1473 2661 
4185 1819 2638 2847 
4186 1974 1516 2876 
4187 1776 2323 2613 
4188 1032 1026 1033 
4189 37 36 1479 
4190 1839 2053 2502 
4191 1334 1335 1336 
4192 2412 1552 2413 
4193 974 961 1141 
4194 288 287 585 
4195 1317 1271 1669 
4196 506 2067 2773 
4197 1267 1111 2963 
4198 657 658 659 
4199 2151 2150 2670 
4200 162 161 1022 
4201 536 530 2516 
4202 1364 2426 3059 
4203 1461 760 2610 
4204 957 271 2042 
4205 725 738 2801 
4206 672 760 815 
4207 956 2225 2595 
4208 2329 1392 2508 
4209 1475 2018 2951 
4210 2349 2347 2575 
4211 1392 1327 2508 
4212 816 1461 1462 
4213 272 957 2064 
4214 1982 1563 2935 
4215 631 545 2722 
4216 1464 1686 2672 
4217 1083 1082 1084 
4218 1672 1299 1807 
4219 1305 2101 2102 
4220 923 926 2805 
4221 953 952 1103 
4222 1224 1221 1225 
4223 2306 2204 2615 
4224 20 19 2388 
4225 1315 1316 1330 
4226 1298 1177 1299 
4227 2337 890 2848 
4228 23 22 2322 
4229 863 2590 2760 
4230 859 783 2311 
4231 1048 1044 2483 
4232 2602 390 3056 
4233 311 385 3020 
4234 43 42 2427 
4235 30 29 2439 
4236 244 960 2084 
4237 1332 1333 1334 
4238 1684 1487 2710 
4239 1560 1922 2800 
4240 1476 1972 2105 
4241 987 1110 1149 
4242 989 1161 2625 
4243 2366 1037 2376 
4244 783 798 2311 
4245 1341 1346 1347 
4246 965 224 2031 
4247 2316 2366 2484 
4248 923 925 926 
4249 24 23 2379 
4250 1330 1331 1332 
4251 926 928 929 
4252 2104 1771 2558 
4253 36 35 2363 
4254 1176 1177 1298 
4255 1819 2877 2953 
4256 1803 1571 2770 
4257 1723 1628 3040 
4258 1186 1210 1211 
4259 1863 1418 2561 
4260 433 437 2324 
4261 1708 1282 2797 
4262 482 486 2385 
4263 682 790 2555 
4264 541 557 2554 
4265 19 18 1350 
4266 2171 2170 2172 
4267 25 24 1096 
4268 1378 1250 1379 
4269 785 2327 3012 
4270 851 1975 2899 
4271 1239 1237 1989 
4272 41 40 2411 
4273 353 390 2602 
4274 1964 396 2542 
4275 935 931 986 
4276 1388 1831 2620 
4277 1913 1460 2670 
4278 1553 2403 2528 
4279 493 509 2442 
4280 491 473 2447 
4281 154 153 2709 
4282 2062 1982 2935 
4283 956 940 2225 
4284 1165 1163 1188 
4285 1149 1270 1271 
4286 1076 1053 2483 
4287 1579 1580 2071 
4288 870 1280 2477 
4289 188 598 2652 
4290 1624 1994 2824 
4291 270 2001 2042 
4292 2469 737 2506 
4293 2539 1568 2984 
4294 1929 1581 2665 
4295 659 658 662 
4296 1044 1388 2483 
4297 1062 1121 2258 
4298 842 1275 2988 
4299 719 717 2666 
4300 2143 1626 2861 
4301 1599 1983 2097 
4302 1175 1165 2454 
4303 2293 2872 2958 
4304 532 2549 2754 
4305 478 480 2424 
4306 463 456 2410 
4307 678 560 2531 
4308 32 31 2345 
4309 1453 2165 2489 
4310 2204 2306 2344 
4311 929 928 987 
4312 1149 1317 3002 
4313 1478 2352 3044 
4314 2327 1953 3012 
4315 847 846 2494 
4316 1914 1899 2830 
4317 862 807 863 
4318 1825 2448 3036 
4319 1510 2744 2887 
4320 909 273 2064 
4321 2048 1733 2433 
4322 803 1302 2518 
4323 152 151 2550 
4324 2102 927 2486 
4325 2169 1545 2170 
4326 430 1695 3041 
4327 168 167 2344 
4328 935 986 1579 
4329 171 170 1027 
4330 1764 1412 2818 
4331 1123 1100 2078 
4332 1169 1818 2772 
4333 29 28 2438 
4334 160 159 2999 
4335 1958 377 2878 
4336 1522 2294 2798 
4337 642 670 2791 
4338 613 2778 2962 
4339 458 466 2408 
4340 302 301 1264 
4341 2568 1595 2871 
4342 1298 1299 1672 
4343 473 513 2447 
4344 26 25 2389 
4345 1347 1346 1348 
4346 521 2285 2549 
4347 988 2498 2750 
4348 1755 1760 3043 
4349 2180 2190 3014 
4350 849 1608 2767 
4351 2112 968 2113 
4352 440 446 2431 
4353 146 145 2680 
4354 1539 2702 3027 
4355 12 11 1343 
4356 2174 2172 2175 
4357 672 636 760 
4358 1488 1485 2534 
4359 485 482 2385 
4360 1179 1181 1182 
4361 1040 1036 1098 
4362 1953 1508 3012 
4363 1230 1195 1231 
4364 669 666 2500 
4365 2280 1349 3009 
4366 1926 1578 2566 
4367 1694 3008 3047 
4368 1916 398 2720 
4369 1389 1097 1717 
4370 42 41 1093 
4371 2017 2018 2019 
4372 175 174 2421 
4373 90 524 2055 
4374 225 965 2062 
4375 657 656 658 
4376 2164 2163 2166 
4377 756 478 2424 
4378 346 1888 2952 
4379 527 511 2492 
4380 590 689 2377 
4381 2071 2712 3029 
4382 18 17 2356 
4383 2426 1204 3059 
4384 917 245 2084 
4385 2448 670 2932 
4386 446 460 2431 
4387 1114 1113 1115 
4388 489 493 2442 
4389 172 171 2303 
4390 838 836 2629 
4391 1167 2637 3061 
4392 2253 431 2324 
4393 1579 986 1580 
4394 530 532 2516 
4395 816 1637 2404 
4396 1779 1272 2530 
4397 1494 1774 2451 
4398 942 952 953 
4399 1421 1420 2571 
4400 2233 2232 2726 
4401 768 2443 2597 
4402 2443 1594 2597 
4403 1481 2159 2622 
4404 1718 1318 2547 
4405 1235 1232 1236 
4406 1676 1520 2312 
4407 27 26 2409 
4408 2629 842 2988 
4409 1912 848 2858 
4410 1141 961 1142 
4411 363 364 2721 
4412 1245 984 1408 
4413 1843 2417 2418 
4414 524 89 2060 
4415 1106 946 2577 
4416 885 2059 2909 
4417 2082 1717 2870 
4418 652 2035 2933 
4419 868 776 2655 
4420 1407 2296 2727 
4421 460 458 2408 
4422 815 760 816 
4423 2247 1666 2711 
4424 1947 1560 2800 
4425 1381 1826 2750 
4426 2201 2205 2822 
4427 959 295 2044 
4428 925 922 1240 
4429 1421 2571 2861 
4430 165 164 1023 
4431 480 485 2424 
4432 2126 2127 2128 
4433 274 909 2096 
4434 2171 2174 2176 
4435 1242 1228 2037 
4436 1615 1626 2507 
4437 1796 1568 2538 
4438 1776 2613 3053 
4439 370 371 2645 
4440 1458 1457 2525 
4441 2262 2263 2845 
4442 1044 1042 1097 
4443 486 747 2385 
4444 1415 2029 2521 
4445 2173 2208 3014 
4446 2169 2171 2522 
4447 676 665 2515 
4448 969 237 2072 
4449 1148 1158 1178 
4450 703 444 2368 
4451 2183 2181 2184 
4452 1442 1384 1443 
4453 1019 1020 1021 
4454 1700 1968 2944 
4455 2695 1842 2697 
4456 519 454 2558 
4457 454 452 2558 
4458 2298 1073 2725 
4459 184 183 2718 
4460 1924 1263 2312 
4461 940 941 942 
4462 620 573 2026 
4463 2619 1543 2875 
4464 1575 2071 2777 
4465 1211 1212 1276 
4466 665 667 2515 
4467 797 885 2909 
4468 2545 1035 2948 
4469 2219 2220 2734 
4470 2081 1717 2082 
4471 2358 2274 2388 
4472 238 969 2138 
4473 28 27 576 
4474 145 144 2005 
4475 1083 1084 1085 
4476 758 2396 2749 
4477 2020 1293 2733 
4478 1283 1911 2559 
4479 1124 2233 2234 
4480 2126 2128 2726 
4481 645 2124 2126 
4482 666 676 2500 
4483 2467 2466 2579 
4484 33 32 2405 
4485 1062 1120 1121 
4486 761 669 2500 
4487 1611 1610 2879 
4488 609 596 2519 
4489 1962 2310 2708 
4490 173 172 2353 
4491 2691 1254 2949 
4492 267 1233 2006 
4493 437 435 2608 
4494 2016 220 2092 
4495 456 519 2410 
4496 38 37 2376 
4497 895 2062 2935 
4498 1562 1559 1970 
4499 542 541 2554 
4500 1318 1401 2547 
4501 1417 1415 2521 
4502 984 985 2505 
4503 1470 1959 3055 
4504 2017 2019 2031 
4505 35 34 2464 
4506 2262 1231 2263 
4507 1651 1981 2543 
4508 895 226 2062 
4509 2618 2616 2631 
4510 240 1319 2014 
4511 1121 1196 1259 
4512 1227 1116 1228 
4513 265 915 2122 
4514 1336 1337 1338 
4515 1510 1509 3000 
4516 1420 815 2404 
4517 2599 857 2994 
4518 255 599 2100 
4519 894 2135 3039 
4520 2047 1400 2485 
4521 1544 2524 2619 
4522 464 497 2527 
4523 700 787 2440 
4524 2285 1604 2549 
4525 586 588 2449 
4526 2394 1904 2444 
4527 822 2020 2462 
4528 1342 2598 2747 
4529 1193 1214 1585 
4530 1513 1456 1939 
4531 528 521 2549 
4532 313 314 2707 
4533 2270 1514 2780 
4534 294 920 2044 
4535 1354 1353 3049 
4536 2467 2580 3000 
4537 941 936 2465 
4538 1998 1397 2802 
4539 1671 2223 2813 
4540 219 1028 2092 
4541 299 919 1971 
4542 915 264 2074 
4543 919 298 2023 
4544 2170 1545 2653 
4545 2055 2056 2057 
4546 993 1031 2505 
4547 923 922 925 
4548 1678 1383 2890 
4549 966 275 2096 
4550 246 917 2077 
4551 1182 1183 1184 
4552 2319 2318 2320 
4553 1388 1097 1389 
4554 599 254 2086 
4555 174 173 810 
4556 2159 2158 2622 
4557 747 489 2442 
4558 811 734 2686 
4559 2205 2617 2822 
4560 887 862 2517 
4561 40 39 2479 
4562 963 981 2654 
4563 1468 1702 2529 
4564 1516 867 2876 
4565 1482 2469 2506 
4566 1256 1236 1588 
4567 967 256 2100 
4568 167 166 2204 
4569 1086 2536 2576 
4570 926 925 928 
4571 1457 1448 1952 
4572 1128 1130 1329 
4573 2182 2208 2718 
4574 236 896 2072 
4575 483 2319 2321 
4576 581 583 2446 
4577 1395 2462 2733 
4578 944 963 2654 
4579 1090 2482 2864 
4580 1566 2082 2870 
4581 1110 928 2660 
4582 2440 855 2818 
4583 13 12 2398 
4584 1414 1764 2557 
4585 1396 2038 2564 
4586 2580 1510 3000 
4587 1594 1593 2597 
4588 424 426 2880 
4589 2698 1841 2709 
4590 435 438 2608 
4591 1085 1119 1166 
4592 577 579 2452 
4593 1520 1444 1924 
4594 1870 1871 2853 
4595 2269 1482 2506 
4596 1132 1134 1143 
4597 2128 2129 2592 
4598 1237 1236 1256 
4599 1467 2032 2735 
4600 2368 442 2499 
4601 1270 1304 2423 
4602 2124 2123 2125 
4603 2346 1352 2347 
4604 942 941 952 
4605 1200 1202 1602 
4606 1058 1053 1076 
4607 1462 1461 2685 
4608 2355 2354 2786 
4609 159 158 1255 
4610 1547 2619 2719 
4611 2455 1778 2487 
4612 227 895 2094 
4613 504 506 2773 
4614 2676 1577 2683 
4615 257 967 2132 
4616 2348 2347 2349 
4617 1836 1839 1843 
4618 699 700 2440 
4619 1928 2087 3056 
4620 91 2055 2250 
4621 2059 1955 2909 
4622 452 2104 2558 
4623 390 1928 3056 
4624 1319 239 2138 
4625 2365 2406 2574 
4626 598 187 2612 
4627 1885 1087 1886 
4628 1280 2340 2477 
4629 1233 266 2122 
4630 1232 1231 2262 
4631 1251 2605 2776 
4632 940 936 941 
4633 2034 1570 2706 
4634 1802 1426 2674 
4635 394 1916 3019 
4636 1669 2501 2962 
4637 34 33 1038 
4638 2549 1604 2754 
4639 2403 1393 2528 
4640 920 293 2073 
4641 1028 218 2227 
4642 1071 1070 2562 
4643 2699 2691 2763 
4644 109 108 2684 
4645 2260 1373 2762 
4646 2396 2025 2749 
4647 2638 1819 3003 
4648 2751 2140 2900 
4649 750 440 2431 
4650 2029 1414 2557 
4651 2035 1629 2755 
4652 2087 1639 3056 
4653 626 758 3050 
4654 276 966 2158 
4655 1599 2097 2805 
4656 1963 1834 2837 
4657 1706 2404 2927 
4658 511 495 2492 
4659 2483 1388 2620 
4660 1062 1060 1120 
4661 1995 398 2826 
4662 1997 510 2828 
4663 2208 2173 2718 
4664 2189 2206 2978 
4665 2587 1555 2872 
4666 914 258 2132 
4667 993 995 1031 
4668 948 946 1106 
4669 2171 2176 2522 
4670 978 941 2465 
4671 2701 1689 2973 
4672 357 2052 2823 
4673 2342 1802 2904 
4674 1761 2941 3043 
4675 2015 1439 2541 
4676 1380 1379 1381 
4677 1389 1717 2081 
4678 2190 2178 2651 
4679 896 235 2111 
4680 2632 2693 2913 
4681 2046 420 2047 
4682 2032 1708 2857 
4683 1121 1120 1196 
4684 1143 1156 1777 
4685 2166 2163 2216 
4686 604 608 2496 
4687 1750 1817 2759 
4688 998 1000 1105 
4689 2074 263 2110 
4690 247 2077 2217 
4691 1259 1196 1548 
4692 1617 1615 2507 
4693 321 2063 2829 
4694 438 750 2608 
4695 1119 1084 1172 
4696 253 1199 2086 
4697 981 984 1245 
4698 1954 1511 2848 
4699 2050 1504 3033 
4700 1734 2384 2564 
4701 1791 1818 2953 
4702 1718 2547 2687 
4703 1070 1063 2258 
4704 1799 2337 2848 
4705 2367 385 2450 
4706 2169 2522 2825 
4707 1410 699 2440 
4708 1290 1691 2960 
4709 964 228 2094 
4710 2350 2351 2352 
4711 592 201 2148 
4712 1662 2102 2486 
4713 1021 1024 1025 
4714 2277 2275 2278 
4715 1254 2691 2699 
4716 259 914 2116 
4717 1143 1144 1156 
4718 1499 2140 2751 
4719 2429 400 2918 
4720 2364 2363 2365 
4721 2297 1425 2727 
4722 1002 1004 1109 
4723 1624 1621 2789 
4724 2346 2348 2350 
4725 2051 2343 2807 
4726 1928 1927 2859 
4727 1006 1008 1030 
4728 645 2126 2162 
4729 2011 1574 2589 
4730 2017 462 2018 
4731 854 1376 2996 
4732 1984 1381 2750 
4733 2742 1631 2827 
4734 749 491 2447 
4735 1798 2310 2774 
4736 1171 1170 2567 
4737 251 972 2150 
4738 1498 1806 2643 
4739 14 13 1344 
4740 853 1533 2867 
4741 2466 1655 2552 
4742 1628 1627 2623 
4743 614 586 2449 
4744 2001 417 2002 
4745 2537 1867 3022 
4746 602 604 2496 
4747 488 71 2115 
4748 1338 1339 1340 
4749 202 592 2107 
4750 2305 1027 2553 
4751 1246 1218 2567 
4752 1496 1166 2460 
4753 39 38 1037 
4754 1199 252 2150 
4755 1918 1982 2784 
4756 88 1847 2060 
4757 2043 1101 2816 
4758 296 959 2007 
4759 972 250 2145 
4760 908 277 2158 
4761 1626 1613 2861 
4762 1156 1144 2034 
4763 292 955 2073 
4764 72 488 2117 
4765 1176 1298 2488 
4766 1463 2467 3000 
4767 260 2116 2210 
4768 1408 984 2505 
4769 2579 2598 2906 
4770 1124 2234 2239 
4771 1010 1012 1108 
4772 2194 1540 2702 
4773 2585 1566 2870 
4774 1741 1462 2685 
4775 596 600 2519 
4776 1754 2253 2324 
4777 1178 1179 2591 
4778 1915 1750 2759 
4779 234 968 2111 
4780 2350 2352 2574 
4781 1891 668 2977 
4782 776 1310 2655 
4783 200 1139 2148 
4784 262 913 2110 
4785 1248 2008 2607 
4786 757 581 2446 
4787 607 1766 3008 
4788 916 248 2217 
4789 2444 607 3008 
4790 588 2377 2449 
4791 1479 2364 2366 
4792 1226 1172 1679 
4793 2406 2350 2574 
4794 229 964 2155 
4795 1508 602 2496 
4796 1182 1184 1645 
4797 1245 1408 1709 
4798 905 927 2432 
4799 1401 1603 3016 
4800 2346 2350 2990 
4801 2276 2277 2279 
4802 1382 1381 1984 
4803 1793 2422 2542 
4804 2283 2284 2689 
4805 1535 1440 2434 
4806 913 261 2210 
4807 583 614 2446 
4808 249 916 2145 
4809 2034 1146 2548 
4810 217 996 2227 
4811 1082 1079 1086 
4812 1566 2488 2931 
4813 1985 1987 2715 
4814 2419 1835 2724 
4815 399 356 2823 
4816 2320 2318 2338 
4817 1104 2514 2640 
4818 717 722 2666 
4819 1790 1787 1792 
4820 397 374 2841 
4821 843 2209 2745 
4822 1299 1177 2907 
4823 2179 2181 2183 
4824 1256 1588 1648 
4825 2323 658 2613 
4826 148 147 2415 
4827 691 455 2964 
4828 1807 1601 2959 
4829 136 674 2120 
4830 1271 1270 2423 
4831 1086 1079 2562 
4832 278 908 2214 
4833 2064 957 2065 
4834 2091 2027 2609 
4835 645 121 2123 
4836 2113 968 2212 
4837 1381 1379 1826 
4838 1924 2028 2808 
4839 181 900 2509 
4840 1452 2141 2154 
4841 398 338 2826 
4842 751 1706 2927 
4843 2389 2390 2391 
4844 400 320 2829 
4845 1350 2357 2358 
4846 122 645 2162 
4847 1365 92 2250 
4848 1583 1242 1584 
4849 1056 94 2161 
4850 2055 2057 2250 
4851 95 1056 2257 
4852 1139 199 2221 
4853 203 2107 2153 
4854 815 816 2404 
4855 2564 884 2997 
4856 1237 1256 1989 
4857 17 16 2546 
4858 1626 2143 3046 
4859 2115 70 2222 
4860 1409 2487 2728 
4861 69 1074 2222 
4862 2169 2170 2171 
4863 2586 2573 2794 
4864 1014 1016 1118 
4865 674 135 2076 
4866 542 2554 2722 
4867 2031 2019 2784 
4868 61 647 2160 
4869 1781 1488 2534 
4870 647 60 2152 
4871 615 2423 2556 
4872 1357 2688 2819 
4873 1217 2211 2900 
4874 968 233 2212 
4875 1771 1484 2765 
4876 970 279 2214 
4877 2755 1773 3053 
4878 1173 1206 1674 
4879 2171 2172 2174 
4880 1620 1617 2507 
4881 2255 1534 2725 
4882 1173 1674 2954 
4883 230 2155 2215 
4884 2140 1499 2810 
4885 2079 1385 2658 
4886 1095 2275 2276 
4887 2466 2400 2747 
4888 1046 84 2213 
4889 1520 1924 2312 
4890 2304 1027 2305 
4891 955 291 2134 
4892 1894 1895 2858 
4893 579 757 2452 
4894 2489 1447 2956 
4895 495 749 2492 
4896 1501 1289 2844 
4897 2294 2387 2798 
4898 2271 1799 2795 
4899 2012 2526 2713 
4900 2081 2082 2563 
4901 1753 1978 2581 
4902 2453 397 2841 
4903 1991 1585 2544 
4904 600 1508 2519 
4905 1450 204 2153 
4906 903 899 2486 
4907 1206 1150 2774 
4908 189 2652 2653 
4909 1074 68 2218 
4910 1184 1183 2480 
4911 545 542 2722 
4912 2347 1352 2439 
4913 1497 1718 2915 
4914 1192 1136 2704 
4915 1350 2358 2388 
4916 1138 197 2163 
4917 198 1138 2221 
4918 1214 1192 1286 
4919 1989 1256 2425 
4920 915 2074 2075 
4921 1963 1496 2460 
4922 2163 196 2216 
4923 483 2321 2335 
4924 912 907 2463 
4925 1125 123 2162 
4926 280 970 2243 
4927 2123 120 2156 
4928 1170 1123 2078 
4929 2050 1223 2051 
4930 93 1365 2161 
4931 1353 1354 1357 
4932 599 2086 2511 
4933 1821 2526 2881 
4934 1429 2593 2838 
4935 2617 2616 2618 
4936 186 2611 2612 
4937 1284 1260 2700 
4938 929 987 2588 
4939 119 118 2846 
4940 2167 2523 2835 
4941 1211 1276 1605 
4942 1289 1224 2844 
4943 387 1935 2946 
4944 1687 2530 2647 
4945 2174 2175 2177 
4946 2018 1973 2951 
4947 297 2007 2023 
4948 996 216 2286 
4949 164 163 2799 
4950 1069 96 2257 
4951 2416 2413 2417 
4952 1221 1218 1246 
4953 1193 1192 1214 
4954 2125 2123 2156 
4955 191 1545 2168 
4956 734 1307 2686 
4957 2399 1343 2400 
4958 2509 2206 3032 
4959 1075 63 2256 
4960 195 901 2216 
4961 62 2160 2256 
4962 15 14 2471 
4963 901 194 2219 
4964 2872 1555 2958 
4965 1546 192 2168 
4966 1777 1156 1863 
4967 1966 1876 2781 
4968 205 1450 2226 
4969 1422 2320 2740 
4970 2225 1587 2595 
4971 193 1546 2219 
4972 1154 2407 2908 
4973 1794 1951 3016 
4974 2240 1691 2922 
4975 2445 2793 2946 
4976 1960 1483 3028 
4977 1369 1368 2992 
4978 87 86 2836 
4979 2184 2186 2207 
4980 1193 1585 2888 
4981 1545 190 2653 
4982 1606 2331 2919 
4983 2182 182 2509 
4984 1204 2426 2792 
4985 1668 2238 2599 
4986 1212 1244 2756 
4987 1222 137 2120 
4988 910 281 2243 
4989 1459 209 2245 
4990 2076 134 2139 
4991 232 894 2212 
4992 1103 952 2504 
4993 64 1075 2254 
4994 2245 208 2264 
4995 894 231 2215 
4996 1179 1182 2591 
4997 1623 1624 2824 
4998 2152 59 2289 
4999 1668 2599 2994 
5000 85 1046 2551 
5001 1605 1276 1859 
5002 1073 2255 2725 
5003 1890 627 2685 
5004 1902 2058 2662 
5005 124 1125 2232 
5006 2207 1539 2669 
5007 2296 2297 2727 
5008 1180 1803 2434 
5009 1367 2458 2843 
5010 1951 1401 3016 
5011 806 2630 2716 
5012 976 950 1117 
5013 2218 67 2298 
5014 1675 2024 2910 
5015 899 1662 2486 
5016 1671 1803 2770 
5017 83 1407 2213 
5018 914 2132 2513 
5019 2273 2288 2891 
5020 2055 524 2056 
5021 1196 1652 2582 
5022 900 180 2300 
5023 215 1029 2286 
5024 1080 143 2049 
5025 1047 76 2301 
5026 891 206 2226 
5027 147 146 1506 
5028 1029 214 2271 
5029 77 1047 2281 
5030 2474 2207 2669 
5031 1444 1443 2028 
5032 952 978 2504 
5033 2209 1990 2745 
5034 73 2117 2593 
5035 1066 117 2235 
5036 58 1051 2289 
5037 862 863 2517 
5038 1032 1150 1173 
5039 1227 1241 3051 
5040 282 910 2291 
5041 1814 1985 2715 
5042 207 891 2264 
5043 97 1069 2309 
5044 2128 2127 2129 
5045 1199 2150 2151 
5046 1073 65 2254 
5047 2234 2233 2468 
5048 1236 1232 2262 
5049 169 1018 2553 
5050 2588 987 3002 
5051 974 1141 2585 
5052 1124 125 2232 
5053 290 958 2134 
5054 2183 2184 2474 
5055 300 1971 2371 
5056 66 1073 2298 
5057 1315 1330 1569 
5058 1577 2676 2916 
5059 1653 2029 2557 
5060 2705 1806 2834 
5061 75 1429 2301 
5062 1250 1239 2497 
5063 2110 913 2260 
5064 116 2230 2235 
5065 1064 114 2251 
5066 11 10 2782 
5067 2271 213 2337 
5068 2126 2124 2127 
5069 1427 78 2281 
5070 759 2091 2609 
5071 1368 2450 2992 
5072 1051 57 2282 
5073 640 106 2272 
5074 210 1459 2259 
5075 2712 2012 2713 
5076 1334 1336 2295 
5077 185 2173 2611 
5078 115 1064 2230 
5079 1183 1186 2480 
5080 2251 113 2267 
5081 133 1217 2139 
5082 105 1492 2272 
5083 1604 1643 2754 
5084 2445 1480 2793 
5085 1962 1206 2310 
5086 1195 1175 2520 
5087 1142 961 2663 
5088 507 504 2773 
5089 2125 2156 2157 
5090 1717 1097 2569 
5091 126 1124 2239 
5092 110 1785 2290 
5093 2052 399 2823 
5094 138 1222 2142 
5095 907 2432 2463 
5096 973 283 2291 
5097 1882 1988 3010 
5098 1165 1188 2454 
5099 1304 1306 2556 
5100 1955 382 3048 
5101 1613 1421 2861 
5102 1492 104 2288 
5103 2580 2579 2906 
5104 1217 132 2211 
5105 2211 131 2229 
5106 2237 631 2675 
5107 2595 1586 2596 
5108 1407 82 2296 
5109 953 1103 2663 
5110 2111 968 2112 
5111 1522 100 2294 
5112 101 1522 2307 
5113 1293 1975 2733 
5114 1292 127 2239 
5115 112 1065 2267 
5116 935 1579 2465 
5117 1065 111 2290 
5118 1291 2914 2961 
5119 1269 1962 2478 
5120 1241 1228 1242 
5121 1055 98 2309 
5122 79 1427 2341 
5123 1021 1025 1034 
5124 1429 74 2593 
5125 1349 2280 3006 
5126 792 1943 2781 
5127 2565 1721 2606 
5128 284 973 2292 
5129 1241 1242 1583 
5130 2063 400 2829 
5131 765 2099 2647 
5132 1085 1084 1119 
5133 922 912 2463 
5134 1480 1521 2793 
5135 128 1292 2249 
5136 931 929 2588 
5137 1803 1535 2434 
5138 2536 1524 2576 
5139 1665 285 2292 
5140 2131 2236 2638 
5141 2030 1299 2907 
5142 99 1055 2294 
5143 1310 2386 2714 
5144 598 2612 2651 
5145 1384 1382 2473 
5146 16 15 975 
5147 103 1057 2288 
5148 142 1223 2049 
5149 1057 102 2307 
5150 1588 2262 2845 
5151 961 953 2663 
5152 2282 56 2354 
5153 1641 2629 2988 
5154 1025 1026 1032 
5155 2365 2363 2464 
5156 675 129 2249 
5157 1585 1214 1586 
5158 908 2158 2159 
5159 2478 1962 2708 
5160 1220 139 2142 
5161 130 675 2229 
5162 1493 2393 3018 
5163 2611 2173 3014 
5164 1240 922 2463 
5165 1213 51 2317 
5166 2547 395 2687 
5167 2082 1566 2931 
5168 1239 1989 2497 
5169 2317 50 2335 
5170 1990 1466 2745 
5171 1731 1734 2997 
5172 927 903 2486 
5173 1829 2588 3002 
5174 2552 1655 2967 
5175 670 2133 2932 
5176 1451 1914 2979 
5177 2489 2165 2835 
5178 483 48 2318 
5179 2666 722 2801 
5180 2523 2176 2524 
5181 890 211 2259 
5182 2694 2631 3031 
5183 2941 1755 3043 
5184 212 890 2337 
5185 1608 1663 2940 
5186 2318 47 2338 
5187 1382 1984 2473 
5188 1417 1923 2993 
5189 559 2253 2656 
5190 81 1045 2296 
5191 1504 2051 2807 
5192 52 1213 2330 
5193 1762 2581 3013 
5194 2173 184 2718 
5195 2263 1231 2520 
5196 1588 1236 2262 
5197 1045 80 2341 
5198 49 483 2335 
5199 1119 1172 1226 
5200 179 2299 2300 
5201 722 725 2801 
5202 958 289 2268 
5203 2697 1841 2698 
5204 1233 2122 2668 
5205 183 2182 2718 
5206 1831 1389 2603 
5207 1702 2436 2884 
5208 2260 1850 2893 
5209 46 1092 2338 
5210 981 1245 2654 
5211 2563 2082 2931 
5212 286 1665 2369 
5213 1092 45 2339 
5214 1505 1552 3033 
5215 53 2330 2336 
5216 1187 1798 2774 
5217 1571 1767 2770 
5218 44 1091 2339 
5219 1095 2276 2322 
5220 1523 1259 2503 
5221 2359 2360 2361 
5222 2311 798 2972 
5223 940 942 2225 
5224 2389 2391 2409 
5225 1900 1449 2970 
5226 1612 2448 2932 
5227 1883 1680 2642 
5228 1095 21 2274 
5229 2025 1430 2749 
5230 2143 1688 3046 
5231 1678 2787 2942 
5232 55 1050 2354 
5233 1223 141 2109 
5234 151 150 1835 
5235 1711 1710 2918 
5236 2085 1689 2721 
5237 807 805 2590 
5238 2286 1029 2287 
5239 140 1220 2109 
5240 1674 1206 1962 
5241 1734 2564 2997 
5242 1138 2163 2164 
5243 1050 54 2336 
5244 2496 785 3012 
5245 2157 2156 2846 
5246 153 152 1840 
5247 1504 1505 3033 
5248 1094 2295 2817 
5249 2346 2347 2348 
5250 1029 2271 2795 
5251 2219 1546 2220 
5252 2168 1545 2169 
5253 986 931 2588 
5254 1552 2412 3033 
5255 2159 1481 2815 
5256 2253 1754 2656 
5257 1643 1644 2776 
5258 1042 1040 2569 
5259 1146 1148 2548 
5260 1056 2161 2456 
5261 1338 1340 2457 
5262 1161 1200 2625 
5263 1973 1474 2951 
5264 636 620 2610 
5265 660 654 2933 
5266 2522 2176 2523 
5267 1765 2470 2768 
5268 1459 2245 2246 
5269 2115 2222 2223 
5270 2515 1661 2975 
5271 2051 1223 2109 
5272 1847 87 2836 
5273 2401 2400 2466 
5274 756 2433 2714 
5275 1112 1113 1114 
5276 798 2228 2614 
5277 1114 1115 1116 
5278 2205 2616 2617 
5279 1785 109 2684 
5280 2366 2364 2484 
5281 178 1541 2299 
5282 1256 1648 2425 
5283 1416 1417 2993 
5284 645 2123 2124 
5285 1175 2454 2520 
5286 1066 2157 2846 
5287 1107 1991 2544 
5288 1554 2751 2900 
5289 1018 168 2344 
5290 1032 1033 1150 
5291 118 1066 2846 
5292 1655 2466 2467 
5293 656 660 2613 
5294 1923 1666 2993 
5295 937 1631 2873 
5296 1116 1115 1963 
5297 2772 1792 2839 
5298 2156 119 2846 
5299 2407 1564 2661 
5300 1136 1135 2704 
5301 1278 1795 2989 
5302 2274 20 2388 
5303 149 148 2414 
5304 3009 1345 3018 
5305 2350 2348 2351 
5306 1091 43 2427 
5307 176 2193 2283 
5308 843 2745 2920 
5309 674 2076 2108 
5310 2314 1191 2887 
5311 1835 2420 2550 
5312 1040 1098 2569 
5313 2414 2419 2724 
5314 1541 177 2283 
5315 2212 894 3039 
5316 288 585 2268 
5317 2199 2201 2775 
5318 694 1883 2642 
5319 585 287 2369 
5320 1372 2566 2984 
5321 22 1095 2322 
5322 2309 1069 2334 
5323 2470 316 2641 
5324 1073 2254 2255 
5325 2101 1303 2783 
5326 644 642 2791 
5327 1126 1128 2584 
5328 1672 1807 2758 
5329 2614 1854 2972 
5330 1441 1930 2890 
5331 1359 2536 2681 
5332 2140 1217 2900 
5333 1548 2582 2600 
5334 2742 1034 2743 
5335 1479 2366 2376 
5336 2618 2631 2632 
5337 1286 1192 2704 
5338 158 157 2912 
5339 2097 1983 2929 
5340 1352 30 2439 
5341 1627 1623 2824 
5342 1409 2455 2487 
5343 1143 1777 2604 
5344 1066 2235 2236 
5345 2292 973 2293 
5346 2065 1806 2705 
5347 1064 2251 2252 
5348 1227 1228 1241 
5349 2341 1427 2342 
5350 1173 1150 1206 
5351 2692 2632 2913 
5352 1263 1924 2808 
5353 10 2748 2782 
5354 2391 2390 2392 
5355 1621 1620 2789 
5356 2294 1055 2387 
5357 2289 1051 2436 
5358 144 1080 2005 
5359 1948 1267 2963 
5360 2457 1340 2458 
5361 1188 2476 2594 
5362 1528 1571 2779 
5363 2362 2401 2552 
5364 1850 1287 2893 
5365 2387 2710 2798 
5366 2033 1317 2778 
5367 2267 1065 2636 
5368 2290 1785 2650 
5369 2129 1215 2592 
5370 2044 920 2045 
5371 1057 2307 2308 
5372 1124 2232 2233 
5373 2386 756 2714 
5374 86 2551 2836 
5375 2504 978 2712 
5376 2641 1830 2768 
5377 1268 797 2909 
5378 2498 1984 2750 
5379 1347 1353 1367 
5380 2252 1791 2953 
5381 867 1526 2876 
5382 1222 2120 2121 
5383 2277 2278 2280 
5384 2165 2167 2835 
5385 1341 1347 2843 
5386 2296 1045 2297 
5387 2073 955 2665 
5388 2139 1217 2140 
5389 2367 1796 3020 
5390 2177 2639 2640 
5391 1366 2458 2459 
5392 1130 1132 2604 
5393 31 1352 2345 
5394 2375 2313 2814 
5395 1887 1886 2659 
5396 1924 1444 2028 
5397 1727 2137 2765 
5398 2097 2929 2968 
5399 2423 1304 2556 
5400 1638 1742 2950 
5401 2008 1641 2988 
5402 1507 2511 2761 
5403 1952 1153 2980 
5404 1027 170 2553 
5405 658 656 2613 
5406 863 807 2590 
5407 967 2100 2729 
5408 2282 2354 2355 
5409 2229 675 2667 
5410 1410 2440 2818 
5411 960 2046 2628 
5412 2543 1955 3048 
5413 2276 2275 2277 
5414 1186 1211 2480 
5415 1412 1410 2818 
5416 2350 2406 2990 
5417 1479 36 2363 
5418 2033 1573 2777 
5419 1548 1196 2582 
5420 1000 1002 2635 
5421 1182 1645 2591 
5422 1347 1348 1353 
5423 2330 1213 2331 
5424 23 2322 2379 
5425 1259 1548 2503 
5426 2715 800 2874 
5427 426 559 2880 
5428 2193 175 2421 
5429 1379 1250 2497 
5430 1473 2407 2661 
5431 2369 1665 2510 
5432 1177 1515 2907 
5433 2078 1100 2634 
5434 2526 1821 2713 
5435 800 2090 2874 
5436 760 636 2610 
5437 1496 1963 2837 
5438 19 1350 2388 
5439 919 2023 2024 
5440 2573 1887 2794 
5441 1838 1833 2763 
5442 1484 853 2867 
5443 572 577 3025 
5444 1089 1126 2840 
5445 1004 1006 2644 
5446 1231 1195 2520 
5447 483 2318 2319 
5448 1096 24 2379 
5449 2504 2712 2713 
5450 165 1023 2624 
5451 2175 2179 2639 
5452 2793 387 2946 
5453 1258 2638 3003 
5454 1538 2355 2786 
5455 2007 959 2671 
5456 29 2438 2439 
5457 1504 1503 1505 
5458 2208 2182 3032 
5459 1631 2679 2827 
5460 2028 1190 2808 
5461 1008 1010 2648 
5462 2831 1484 2867 
5463 2579 2466 2747 
5464 42 1093 2427 
5465 559 2656 2941 
5466 1366 2457 2458 
5467 1791 2252 2863 
5468 1636 2144 2986 
5469 1644 2269 2730 
5470 1389 2081 2603 
5471 2310 809 2708 
5472 950 948 2682 
5473 1022 161 2998 
5474 2287 1029 2795 
5475 1172 1084 2771 
5476 25 1096 2389 
5477 1032 1173 2925 
5478 1650 2130 2637 
5479 2490 1105 2635 
5480 1840 2550 2905 
5481 1597 2743 2954 
5482 1332 1334 2723 
5483 2601 1286 2704 
5484 385 2367 3020 
5485 1620 2507 2966 
5486 1220 2142 2343 
5487 2865 2004 2868 
5488 2144 2015 2986 
5489 1578 2539 2984 
5490 1104 2474 2669 
5491 2690 2632 2692 
5492 1097 1042 2569 
5493 1264 2372 2373 
5494 1093 41 2411 
5495 2345 1352 2346 
5496 171 1027 2303 
5497 782 2136 2950 
5498 793 2004 2865 
5499 1710 2429 2918 
5500 37 1479 2376 
5501 2618 2632 2633 
5502 2448 1614 3036 
5503 2775 2822 2883 
5504 1826 1379 2497 
5505 2418 1505 2926 
5506 1708 2797 2856 
5507 1019 1021 2741 
5508 2956 1451 2979 
5509 2042 2001 2676 
5510 1699 2224 2766 
5511 157 156 2911 
5512 2186 2194 2702 
5513 2589 1574 2982 
5514 995 998 2860 
5515 1483 2370 3028 
5516 1715 1369 3021 
5517 1443 1384 2473 
5518 957 2042 2683 
5519 1881 2865 2868 
5520 1818 1790 2772 
5521 1723 2435 2975 
5522 925 1240 2660 
5523 2416 2417 2502 
5524 1655 1463 2967 
5525 2103 843 2920 
5526 2283 2193 2284 
5527 1486 1901 2902 
5528 2575 2391 2850 
5529 1574 1572 2982 
5530 2053 2698 2905 
5531 2049 1223 2050 
5532 1264 301 2371 
5533 928 925 2660 
5534 2352 1478 2574 
5535 855 854 2996 
5536 2617 1950 2822 
5537 620 2026 2610 
5538 1060 1058 2677 
5539 1012 1014 2678 
5540 26 2389 2409 
5541 2427 1093 2428 
5542 1479 2363 2364 
5543 1156 2034 2706 
5544 1329 1130 2604 
5545 2081 1390 2603 
5546 1109 2490 2635 
5547 2184 2207 2474 
5548 2452 757 2711 
5549 2136 1638 2950 
5550 2435 676 2975 
5551 1241 1583 2630 
5552 2491 1030 2648 
5553 156 155 1842 
5554 2269 2506 2730 
5555 1643 2605 2754 
5556 1244 1315 2756 
5557 2363 35 2464 
5558 32 2345 2405 
5559 978 2465 3029 
5560 2612 2190 2651 
5561 2395 2411 2479 
5562 651 2503 3015 
5563 1148 1178 2548 
5564 1916 2720 3019 
5565 1350 18 2356 
5566 28 576 2438 
5567 167 2204 2344 
5568 1317 1669 2778 
5569 2047 2485 2628 
5570 909 2064 2705 
5571 2678 1118 2679 
5572 1340 1341 2843 
5573 2593 1827 2838 
5574 1107 2544 2545 
5575 2206 2188 3032 
5576 2177 2175 2639 
5577 1503 1501 1549 
5578 172 2303 2353 
5579 1776 1775 3007 
5580 1708 2856 2857 
5581 1499 2108 2810 
5582 159 1255 2999 
5583 1881 2868 2915 
5584 1200 1602 2625 
5585 2 154 1841 
5586 1424 2370 2842 
5587 2679 1630 2885 
5588 2313 2314 2744 
5589 2411 40 2479 
5590 2760 1694 3047 
5591 2465 1579 3029 
5592 1095 2274 2275 
5593 1534 2255 2797 
5594 1835 2419 2420 
5595 2796 2159 2815 
5596 303 2453 2841 
5597 1112 1114 1187 
5598 174 810 2421 
5599 1673 2700 3045 
5600 710 626 3050 
5601 2383 609 2930 
5602 1540 2198 2833 
5603 576 27 2409 
5604 1120 1060 2677 
5605 1562 1970 2957 
5606 1824 1825 3036 
5607 2352 1351 3044 
5608 417 2006 2882 
5609 2631 2616 3031 
5610 1834 1837 2837 
5611 1542 2668 2736 
5612 1634 2089 3040 
5613 2313 1263 2314 
5614 2231 1497 2868 
5615 1457 1952 2980 
5616 654 652 2933 
5617 577 2452 3025 
5618 1991 1107 2820 
5619 2485 2010 2628 
5620 1128 1329 2584 
5621 2741 1034 2742 
5622 2054 2690 2692 
5623 2119 1470 3055 
5624 1727 2765 2831 
5625 2204 166 2624 
5626 2389 1096 2390 
5627 2421 810 2621 
5628 1108 2491 2648 
5629 2438 576 2575 
5630 1038 2405 2406 
5631 377 2539 2878 
5632 1527 2481 2482 
5633 1897 2383 2930 
5634 1648 1588 2769 
5635 2707 1715 3021 
5636 1585 1586 2544 
5637 2633 2632 2690 
5638 2054 1838 2763 
5639 810 173 2353 
5640 1657 2796 2815 
5641 1700 2944 2945 
5642 2660 1240 2783 
5643 2002 417 2882 
5644 2046 2047 2628 
5645 2506 774 2730 
5646 1211 1605 2480 
5647 664 2563 2931 
5648 1132 1143 2604 
5649 1814 2715 2874 
5650 1583 1584 2717 
5651 1859 1276 2753 
5652 1058 1076 2677 
5653 12 1343 2398 
5654 1343 11 2782 
5655 1105 1000 2635 
5656 1006 1030 2644 
5657 1002 1109 2635 
5658 2822 1950 2883 
5659 1789 2636 2889 
5660 2809 1709 2947 
5661 1031 995 2860 
5662 1692 2119 3055 
5663 998 1105 2860 
5664 2684 1910 2939 
5665 948 1106 2682 
5666 2004 2231 2868 
5667 2096 909 2834 
5668 1109 1004 2644 
5669 1579 2071 3029 
5670 2370 1253 3028 
5671 1173 2743 2925 
5672 2122 915 2736 
5673 2868 1497 2915 
5674 1010 1108 2648 
5675 2678 2679 2885 
5676 1819 2847 2877 
5677 2413 1552 2418 
5678 1917 1562 2957 
5679 1093 2411 2936 
5680 2565 1031 2860 
5681 1030 1008 2648 
5682 1914 2149 2979 
5683 592 2148 2830 
5684 1038 33 2405 
5685 2100 599 2737 
5686 145 2005 2680 
5687 34 1038 2464 
5688 1691 2240 2960 
5689 667 2323 2955 
5690 2659 1496 2837 
5691 2452 1656 3025 
5692 1105 2565 2860 
5693 1968 1358 2740 
5694 1863 1156 2706 
5695 2068 923 2805 
5696 2557 1764 2828 
5697 1550 1549 2586 
5698 2113 2212 3039 
5699 2303 1027 2304 
5700 2387 1684 2710 
5701 1098 2585 2870 
5702 2001 2002 2676 
5703 1014 1118 2678 
5704 1117 950 2682 
5705 2065 957 2683 
5706 2179 2183 2639 
5707 2470 2641 2768 
5708 2615 2624 2785 
5709 1023 164 2799 
5710 1510 2887 2888 
5711 1950 2617 2854 
5712 1508 2496 3012 
5713 1537 2043 2816 
5714 2665 1581 2812 
5715 1070 2258 2681 
5716 2132 967 2757 
5717 1017 2669 3037 
5718 2190 2611 3014 
5719 1037 38 2376 
5720 1350 2356 2357 
5721 2469 1668 2994 
5722 1021 1034 2741 
5723 2679 1118 2827 
5724 1108 1012 2678 
5725 2064 2065 2705 
5726 915 2075 2736 
5727 532 2754 2995 
5728 1790 1792 2772 
5729 2086 1199 2761 
5730 2053 2540 2698 
5731 811 2686 2940 
5732 987 1149 3002 
5733 1788 2650 2939 
5734 599 2511 2737 
5735 2074 2110 2762 
5736 2562 1070 2681 
5737 39 1037 2479 
5738 1840 152 2550 
5739 2572 1246 2897 
5740 956 2595 2596 
5741 2399 2400 2401 
5742 2600 649 3015 
5743 2672 394 3019 
5744 2361 2570 3006 
5745 1334 2295 2723 
5746 2395 1701 2936 
5747 1506 146 2680 
5748 2914 1216 2961 
5749 1347 1367 2843 
5750 1540 2833 3027 
5751 1267 2949 2987 
5752 2755 660 2933 
5753 2356 17 2546 
5754 1549 1501 2844 
5755 1344 13 2398 
5756 2511 2086 2761 
5757 1758 3001 3013 
5758 1315 1569 2756 
5759 2110 2260 2762 
5760 2343 1502 2807 
5761 2075 2074 2762 
5762 2513 2132 2757 
5763 2268 585 2787 
5764 1199 2151 2761 
5765 2710 1490 2798 
5766 2743 1034 2925 
5767 2611 2190 2612 
5768 2605 1860 2995 
5769 2006 1233 2923 
5770 1654 2552 2967 
5771 1518 2445 2946 
5772 1086 2576 2771 
5773 1255 158 2912 
5774 2348 2349 2811 
5775 1348 2967 3049 
5776 2411 2395 2936 
5777 2428 1093 2936 
5778 1084 1082 2771 
5779 1701 2428 2936 
5780 2207 2186 2702 
5781 2624 1023 2785 
5782 2765 1484 2831 
5783 2015 2541 2986 
5784 1126 2584 2840 
5785 1636 2986 3004 
5786 488 2115 2803 
5787 1016 1019 2764 
5788 2214 908 2796 
5789 2686 1608 2940 
5790 2668 2122 2736 
5791 2503 1548 3015 
5792 2261 1728 2938 
5793 2129 1650 2924 
5794 1841 154 2709 
5795 1338 2457 2817 
5796 959 2044 2806 
5797 150 149 2724 
5798 1264 2371 2372 
5799 2998 160 2999 
5800 2754 2605 2995 
5801 2526 619 2881 
5802 1373 2260 2893 
5803 587 2589 2982 
5804 1785 2684 2939 
5805 914 2513 3017 
5806 1233 2668 2923 
5807 1330 1332 2790 
5808 2041 1658 3058 
5809 2154 1900 2970 
5810 2630 1583 2716 
5811 2428 1700 2945 
5812 2323 1776 2955 
5813 2398 1343 2399 
5814 1046 2213 2921 
5815 2567 1170 2738 
5816 1819 2953 3003 
5817 2657 1928 2859 
5818 2516 532 2995 
5819 2650 1785 2939 
5820 1553 2528 2973 
5821 2404 1637 2927 
5822 2042 2676 2683 
5823 2712 978 3029 
5824 1170 2078 2738 
5825 2797 2255 2856 
5826 1082 1086 2771 
5827 2716 1583 2717 
5828 2617 2618 2854 
5829 2744 2314 2887 
5830 1118 2764 2827 
5831 1921 2657 2859 
5832 2005 1080 2412 
5833 920 2073 2812 
5834 1290 2960 2961 
5835 2729 2100 2737 
5836 908 2159 2796 
5837 1255 2912 2913 
5838 1544 2489 2835 
5839 2753 1102 2864 
5840 2161 1365 2821 
5841 1118 1016 2764 
5842 2120 674 2849 
5843 2788 2591 2934 
5844 1452 2154 2970 
5845 2633 2690 2691 
5846 967 2729 2757 
5847 1546 2168 2825 
5848 676 2515 2975 
5849 1453 2956 2979 
5850 900 2300 2978 
5851 1111 2987 3057 
5852 14 1344 2471 
5853 2491 1108 2885 
5854 2458 1340 2843 
5855 1761 2880 2941 
5856 1178 2591 2788 
5857 1509 1510 2888 
5858 1108 2678 2885 
5859 2618 2633 2854 
5860 2076 2139 2810 
5861 2107 592 2985 
5862 2254 1075 2856 
5863 2378 1405 2971 
5864 1135 976 2866 
5865 2220 1546 2825 
5866 2115 2223 2803 
5867 2334 1684 2886 
5868 615 2556 2928 
5869 2512 1460 3005 
5870 2471 1344 2472 
5871 1843 2418 2926 
5872 2775 2201 2822 
5873 1569 1330 2790 
5874 2566 1578 2984 
5875 2168 2169 2825 
5876 2235 2230 2847 
5877 1548 2600 3015 
5878 976 1117 2866 
5879 1023 2799 3031 
5880 1215 2129 2924 
5881 2417 2413 2418 
5882 2279 2277 3023 
5883 2591 1645 2934 
5884 2769 1588 2845 
5885 804 2716 2717 
5886 909 2705 2834 
5887 2456 2161 2821 
5888 1332 2723 2790 
5889 2116 914 3017 
5890 1835 150 2724 
5891 2698 2709 2905 
5892 151 1835 2550 
5893 2117 1827 2593 
5894 1427 2281 2871 
5895 2257 1056 2974 
5896 1075 2256 2857 
5897 1353 1357 2819 
5898 147 1506 2415 
5899 1628 2623 3040 
5900 1056 2456 2974 
5901 798 2614 2972 
5902 2251 2267 2863 
5903 1254 2699 3057 
5904 973 2291 2872 
5905 1019 2741 2764 
5906 2882 2006 2923 
5907 3001 1746 3013 
5908 2255 2254 2856 
5909 2339 1091 2944 
5910 2139 2140 2810 
5911 2121 2120 2849 
5912 2723 1102 2790 
5913 2518 1596 3022 
5914 1684 2387 2886 
5915 1336 1338 2817 
5916 674 2108 2849 
5917 1197 2512 3005 
5918 1833 2699 2763 
5919 2342 1427 2871 
5920 2309 2334 2886 
5921 2380 1423 2965 
5922 1055 2309 2886 
5923 1422 2740 2937 
5924 2267 2636 2863 
5925 2288 1057 2891 
5926 1169 2772 2839 
5927 2236 2235 2847 
5928 1051 2282 2884 
5929 2108 2076 2810 
5930 16 975 2546 
5931 1742 2851 2950 
5932 2290 2650 2889 
5933 375 2701 2973 
5934 2293 973 2872 
5935 2748 2400 2782 
5936 2295 1336 2817 
5937 1065 2290 2889 
5938 2252 2251 2863 
5939 2708 809 2855 
5940 2351 2348 2811 
5941 1651 2543 3048 
5942 1064 2252 2877 
5943 2292 2293 2896 
5944 2373 2372 2375 
5945 2341 2342 2904 
5946 2387 1055 2886 
5947 1241 2630 3051 
5948 1057 2308 2891 
5949 2142 1222 2901 
5950 1665 2292 2896 
5951 2676 2002 2916 
5952 2548 1178 2788 
5953 2584 1659 2840 
5954 2414 148 2415 
5955 1045 2341 2904 
5956 2485 1400 2983 
5957 2230 1064 2877 
5958 2592 1215 2914 
5959 863 2760 3047 
5960 2282 2355 2884 
5961 2315 1477 3035 
5962 2035 2755 2933 
5963 2636 1065 2889 
5964 2789 1620 2966 
5965 2391 2392 2850 
5966 2297 1045 2904 
5967 2436 1051 2884 
5968 975 15 2471 
5969 2740 1358 2937 
5970 1908 2672 3019 
5971 1213 2317 2919 
5972 2581 1758 3013 
5973 2630 809 3051 
5974 2525 1457 2980 
5975 808 2478 2708 
5976 2073 2665 2812 
5977 1577 2916 2917 
5978 2414 2416 2419 
5979 675 2249 2922 
5980 2510 1665 2896 
5981 2576 1172 2771 
5982 2331 1213 2919 
5983 157 2911 2912 
5984 1369 2992 3021 
5985 2023 2007 2910 
5986 2044 2045 2806 
5987 2880 559 2941 
5988 2570 1349 3006 
5989 2343 2142 2901 
5990 1222 2121 2901 
5991 2667 675 2922 
5992 2671 959 2806 
5993 2551 2021 2836 
5994 2369 2510 2942 
5995 2625 1602 2943 
5996 2045 920 2812 
5997 2374 2373 2814 
5998 2513 1714 3017 
5999 2359 2361 3006 
6000 2277 2280 3023 
6001 592 2830 2985 
6002 2028 1443 2903 
6003 1117 2682 2929 
6004 1034 1025 2925 
6005 1373 2893 2894 
6006 156 1842 2911 
6007 1911 2513 2757 
6008 2134 958 3038 
6009 2467 2579 2580 
6010 1367 1353 2819 
6011 1705 2789 2966 
6012 2510 1678 2942 
6013 1505 1550 2926 
6014 2893 1287 2894 
6015 153 1840 2709 
6016 2613 660 3053 
6017 2373 2375 2814 
6018 585 2369 2942 
6019 2427 2428 2945 
6020 2489 1544 2875 
6021 2623 1634 3040 
6022 1570 2788 2934 
6023 1091 2427 2945 
6024 2007 2671 2910 
6025 2481 1527 2869 
6026 2700 1660 3045 
6027 2406 2405 2990 
6028 149 2414 2724 
6029 2559 1495 3054 
6030 1532 2729 2737 
6031 2851 782 2950 
6032 911 2809 2947 
6033 1096 2379 2976 
6034 1025 1032 2925 
6035 1443 2473 2903 
6036 2188 2208 3032 
6037 971 2769 2845 
6038 2785 1023 3031 
6039 2345 2346 2990 
6040 1447 2489 2875 
6041 1441 2890 3052 
6042 2420 2419 2502 
6043 2992 1878 3021 
6044 2024 2023 2910 
6045 2390 1096 2976 
6046 2349 2575 2850 
6047 2953 1818 3003 
6048 2856 1075 2857 
6049 2414 2415 2416 
6050 2987 1254 3057 
6051 2864 1102 3011 
6052 2621 810 2991 
6053 1099 2816 2892 
6054 2540 2054 2695 
6055 810 2353 2991 
6056 2517 863 3047 
6057 2787 585 2942 
6058 2405 2345 2990 
6059 2847 2230 2877 
6060 2703 1598 2981 
6061 1766 2517 3047 
6062 2955 1776 3007 
6063 2695 2692 2696 
6064 2669 1539 3037 
6065 1698 2673 3042 
6066 804 2717 2977 
6067 1859 2753 2864 
6068 1106 2577 2968 
6069 2550 2420 2905 
6070 1950 2854 2949 
6071 2816 1101 2892 
6072 2833 1140 3027 
6073 2914 1215 3026 
6074 2598 2579 2747 
6075 2944 1091 2945 
6076 2916 1576 2917 
6077 2960 1291 2961 
6078 2671 1675 2910 
6079 808 2708 2855 
6080 1885 2572 2897 
6081 1543 2619 3034 
6082 1567 2882 2923 
6083 2636 1791 2863 
6084 2619 1547 3034 
6085 1844 2955 3007 
6086 2911 2696 2912 
6087 1949 2775 2883 
6088 2912 2696 2913 
6089 2650 1789 2889 
6090 2949 1254 2987 
6091 1691 2667 2922 
6092 2967 1463 3049 
6093 2799 2694 3031 
6094 2696 2692 2913 
6095 2830 1899 2985 
6096 1216 2914 3026 
6097 2540 2695 2697 
6098 2616 2785 3031 
6099 1090 2864 3011 
6100 2890 1383 3052 
6101 2887 1193 2888 
6102 2540 2697 2698 
6103 2699 1113 3057 
6104 2693 2998 2999 
6105 1 302 1264 
6106 7 1 2598 
6107 155 2 1842 
6108 2 1841 1842 
6109 2117 488 2803 
6110 970 2214 2796 
6111 2693 1022 2998 
6112 1033 1112 1187 
6113 1080 2049 2412 
6114 1833 1113 2699 
6115 2459 1367 2819 
6116 2415 1506 2416 
6117 2193 2421 2621 
6118 2468 2233 2726 
6119 2357 2356 2546 
6120 2361 2362 2552 
6121 2580 2374 2814 
6122 2374 2580 2906 
$EndElements
