$MeshFormat
4.1 0 8
$EndMeshFormat
$PhysicalNames
3
1 7 "farfield"
1 8 "airfoil"
2 9 "fluid"
$EndPhysicalNames
$Entities
84 6 1 0
1 1 0 0 0 
2 0.998465 0.000265 0 0 
3 0.993868 0.001057 0 0 
4 0.986239 0.002362 0 0 
5 0.975623 0.004161 0 0 
6 0.962085 0.006425 0 0 
7 0.9457100000000001 0.00912 0 0 
8 0.926596 0.012207 0 0 
9 0.904861 0.015645 0 0 
10 0.8806389999999999 0.019387 0 0 
11 0.854078 0.023386 0 0 
12 0.825341 0.027594 0 0 
13 0.794605 0.03196 0 0 
14 0.762059 0.036436 0 0 
15 0.727902 0.04097 0 0 
16 0.692346 0.045509 0 0 
17 0.6556070000000001 0.050001 0 0 
18 0.617912 0.054388 0 0 
19 0.579492 0.058614 0 0 
20 0.540584 0.06262 0 0 
21 0.501427 0.066344 0 0 
22 0.46226 0.06972399999999999 0 0 
23 0.423324 0.072701 0 0 
24 0.384859 0.075214 0 0 
25 0.347099 0.077209 0 0 
26 0.310278 0.078635 0 0 
27 0.274563 0.079446 0 0 
28 0.239831 0.079485 0 0 
29 0.206317 0.078495 0 0 
30 0.174345 0.076298 0 0 
31 0.144248 0.07281 0 0 
32 0.116354 0.06804300000000001 0 0 
33 0.09097 0.062103 0 0 
34 0.068368 0.055171 0 0 
35 0.048771 0.047489 0 0 
36 0.032351 0.039329 0 0 
37 0.019219 0.030969 0 0 
38 0.009431999999999999 0.022669 0 0 
39 0.002997 0.014646 0 0 
40 -0.000123 0.007059 0 0 
41 0 0 0 0 
42 0.003205 -0.006286 0 0 
43 0.009315 -0.011612 0 0 
44 0.018198 -0.016059 0 0 
45 0.029725 -0.01974 0 0 
46 0.04377 -0.02279 0 0 
47 0.060222 -0.025349 0 0 
48 0.07899200000000001 -0.02756 0 0 
49 0.100013 -0.02955 0 0 
50 0.12324 -0.031426 0 0 
51 0.148645 -0.033264 0 0 
52 0.176207 -0.035102 0 0 
53 0.205898 -0.036928 0 0 
54 0.237671 -0.038671 0 0 
55 0.271447 -0.040195 0 0 
56 0.307039 -0.041298 0 0 
57 0.343884 -0.041862 0 0 
58 0.381696 -0.041908 0 0 
59 0.420241 -0.041474 0 0 
60 0.459281 -0.040603 0 0 
61 0.498573 -0.039341 0 0 
62 0.537875 -0.037736 0 0 
63 0.576942 -0.035836 0 0 
64 0.615534 -0.033689 0 0 
65 0.65341 -0.031342 0 0 
66 0.690338 -0.02884 0 0 
67 0.726088 -0.026226 0 0 
68 0.760439 -0.023543 0 0 
69 0.79318 -0.02083 0 0 
70 0.824107 -0.018128 0 0 
71 0.853029 -0.015477 0 0 
72 0.879767 -0.012917 0 0 
73 0.904156 -0.010488 0 0 
74 0.926044 -0.008227999999999999 0 0 
75 0.9452970000000001 -0.006176 0 0 
76 0.961794 -0.004369 0 0 
77 0.975434 -0.002839 0 0 
78 0.986131 -0.001616 0 0 
79 0.99382 -0.000725 0 0 
80 0.998453 -0.000182 0 0 
81 -25 -25 0 0 
82 25 -25 0 0 
83 25 25 0 0 
84 -25 25 0 0 
1 0 0 0 1 0.07957681481481481 0 1 8 2 1 -41 
2 0 -0.04160903566529492 0 1 0 0 1 8 2 41 -1 
3 -25 -25 0 25 -25 0 1 7 2 81 -82 
4 25 -25 0 25 25 0 1 7 2 82 -83 
5 -25 25 0 25 25 0 1 7 2 83 -84 
6 -25 -25 0 -25 25 0 1 7 2 84 -81 
1 -25 -25 0 25 25 0 1 9 6 1 2 -5 -4 -3 -6 
$EndEntities
$Nodes
13 6942 1 6942
0 1 0 1
1
1 -0 0
0 41 0 1
2
0 0 0
0 81 0 1
3
-25 -25 0
0 82 0 1
4
25 -25 0
0 83 0 1
5
25 25 0
0 84 0 1
6
-25 25 0
1 1 0 148
7
8
9
10
11
12
13
14
15
16
17
18
19
20
21
22
23
24
25
26
27
28
29
30
31
32
33
34
35
36
37
38
39
40
41
42
43
44
45
46
47
48
49
50
51
52
53
54
55
56
57
58
59
60
61
62
63
64
65
66
67
68
69
70
71
72
73
74
75
76
77
78
79
80
81
82
83
84
85
86
87
88
89
90
91
92
93
94
95
96
97
98
99
100
101
102
103
104
105
106
107
108
109
110
111
112
113
114
115
116
117
118
119
120
121
122
123
124
125
126
127
128
129
130
131
132
133
134
135
136
137
138
139
140
141
142
143
144
145
146
147
148
149
150
151
152
153
154
0.9970135333941105 0.0005155492220737352 0
0.9935439122411391 0.001112592427366094 0
0.9897660892525665 0.001760152118964144 0
0.9857343097350938 0.002447866532833373 0
0.9814807453667176 0.003170944836626601 0
0.9770275832705941 0.003924436501759142 0
0.97239121569886 0.004704225088565819 0
0.9675852394672707 0.005509412661358244 0
0.9626203238668332 0.006336215870964208 0
0.9575056494649521 0.007183134950714546 0
0.9522494935511598 0.008049628223223254 0
0.9468586587229967 0.008932695911624577 0
0.9413393323696472 0.00983098361294886 0
0.9356975044795006 0.01074479139057678 0
0.9299382216032318 0.01167195406015465 0
0.9240660505310365 0.01261077932871996 0
0.9180856639741508 0.01356207668230866 0
0.9120011387107261 0.01452436514624494 0
0.9058161043023784 0.01549568616753682 0
0.8995341280475387 0.01647550119308845 0
0.8931588638629203 0.0174643561671733 0
0.886693438608115 0.01846067523276367 0
0.8801407451547641 0.01946293566575334 0
0.8735038049535689 0.02047145502100017 0
0.8667855606706198 0.02148616077538167 0
0.8599885972316527 0.02250570494270624 0
0.8531153470547552 0.02352881678362607 0
0.8461684201264127 0.02455604708305364 0
0.83915031582484 0.02558719353870195 0
0.8320632565041259 0.02662099281300319 0
0.8249093475170316 0.02765621817512015 0
0.8176908406856302 0.02869316696828591 0
0.8104099845150755 0.0297319734874906 0
0.8030687793736663 0.03077165025695233 0
0.7956691345680538 0.03181122232354003 0
0.7882130176221986 0.03285062180559734 0
0.7807024974037008 0.0338903611669475 0
0.7731393854625167 0.03492942474372548 0
0.7655254140542382 0.03596678126861276 0
0.7578623070598856 0.03700178656218162 0
0.7501520027547741 0.03803535340973997 0
0.7423962125094796 0.03906676600847338 0
0.7345965535412478 0.04009504885129238 0
0.726754591921821 0.04111924944586323 0
0.7188720719897594 0.04213994029530677 0
0.7109506813638719 0.04315710394009378 0
0.7029919523045364 0.04416983138676764 0
0.6949973747048959 0.0451772061357842 0
0.6869684774561197 0.04617888787257786 0
0.6789069575737345 0.04717578210073892 0
0.670814279259883 0.04816698272979913 0
0.6626918526772698 0.04915143012801184 0
0.6545410605380723 0.0501280741615996 0
0.6463634796830457 0.0510975806415034 0
0.6381606331632736 0.05206002554282934 0
0.6299338951182327 0.05301442356140247 0
0.6216846157727408 0.05395977131506962 0
0.6134141744840349 0.05489546889944991 0
0.6051241497331865 0.05582262899613143 0
0.5968159092880522 0.05674048484152939 0
0.5884907682447039 0.05764794842187576 0
0.580150026257747 0.05854390521070937 0
0.5717951218417276 0.05942858449157891 0
0.5634275489633019 0.06030267106734374 0
0.5550485979777511 0.06116498096555114 0
0.5466595485784137 0.06201429118998754 0
0.5382616882747434 0.06284947681413622 0
0.5298565363075061 0.06367173418143147 0
0.5214454647067863 0.06448074987137033 0
0.5130297505194924 0.0652752645779288 0
0.5046106700388275 0.0660539790054399 0
0.4961895654248804 0.06681624156912126 0
0.4877679602508573 0.06756339902755779 0
0.4793471692108233 0.06829448922091932 0
0.4709284874528932 0.06900825368348586 0
0.4625132178567509 0.06970338106181516 0
0.4541028133030267 0.07038026625804222 0
0.445698738344499 0.07103952768017181 0
0.4373023026697793 0.07167977879220332 0
0.4289148294282178 0.07229957270490443 0
0.420537674449001 0.07289760563300834 0
0.4121723844132424 0.07347516683583483 0
0.4038203752678629 0.07403180511931852 0
0.3954830201276889 0.07456618031320436 0
0.3871617153878993 0.075076878927876 0
0.3788579393674932 0.07556337896431974 0
0.3705732618063536 0.0760268616763298 0
0.3623091177126905 0.07646610967424554 0
0.3540669644878774 0.07687968368177286 0
0.3458482973243084 0.07726609406190516 0
0.3376547425377068 0.07762616578531945 0
0.3294878698029007 0.07795979336163242 0
0.3213492121526236 0.07826546351806755 0
0.3132403431058667 0.07854158472905007 0
0.3051629344345721 0.0787883228849084 0
0.2971187604845165 0.07900893433521881 0
0.2891093621173097 0.07919847061307508 0
0.2811363094331454 0.07935127754055149 0
0.2732012376846177 0.07946204497015097 0
0.2653059443029718 0.07953778609080946 0
0.2574520982188365 0.07957720197795404 0
0.2496414172216987 0.07957138230758595 0
0.2418758222983448 0.07951118279114937 0
0.2341573642560527 0.07939352521945328 0
0.2264878826972085 0.07922671393787029 0
0.2188694639624205 0.0790048960221745 0
0.2113044436222611 0.078721084028608 0
0.2037954008981668 0.07836874377513027 0
0.1963444618844415 0.07795273140710819 0
0.1889539670642813 0.0774722548362366 0
0.181626635886925 0.07692292986564911 0
0.1743654851224211 0.07629987592189411 0
0.16717340798435 0.07560198221200311 0
0.1600529969098766 0.07483087168603889 0
0.1530072717738466 0.07398491268692772 0
0.1460395487289882 0.07306194074118354 0
0.1391534923776148 0.07205912040199319 0
0.1323525485176123 0.07097553248715491 0
0.1256399230489014 0.06981240383984046 0
0.1190190922399736 0.06857047928444777 0
0.112494198354901 0.06724833944019197 0
0.1060702648423158 0.06584098550113331 0
0.09975078578337324 0.06435141069335204 0
0.09353935713481208 0.06278292854352856 0
0.08744070397666111 0.06113546770083657 0
0.08146200916541832 0.05940082165451338 0
0.07560710479913756 0.05758381446944049 0
0.0698796770714296 0.05569035340278433 0
0.06428598425116669 0.05371964588871688 0
0.0588356966813554 0.05166239721562833 0
0.05353301712810461 0.04952585454093403 0
0.04838231613409182 0.04731754738628675 0
0.04339554554820738 0.04502901061915318 0
0.03858301287757382 0.042657517837936 0
0.03395018852560399 0.04021242310832918 0
0.02950705273937055 0.03769621279508676 0
0.02527386904063552 0.03509600857843623 0
0.02126065948523815 0.03242004746166149 0
0.01748067532788614 0.02967467998783909 0
0.01396468269765106 0.02684701818742516 0
0.01073384247336694 0.02394366293958192 0
0.007815303557197071 0.02097165609250773 0
0.005259386140364057 0.01792557891341906 0
0.003106449139530653 0.0148235758142616 0
0.001415105297238408 0.01168776638914991 0
0.0002473082810158294 0.008559604853900331 0
-0.0003113309814115514 0.005507506188874759 0
-0.0001899940971799712 0.002638348103483082 0
1 2 0 148
155
156
157
158
159
160
161
162
163
164
165
166
167
168
169
170
171
172
173
174
175
176
177
178
179
180
181
182
183
184
185
186
187
188
189
190
191
192
193
194
195
196
197
198
199
200
201
202
203
204
205
206
207
208
209
210
211
212
213
214
215
216
217
218
219
220
221
222
223
224
225
226
227
228
229
230
231
232
233
234
235
236
237
238
239
240
241
242
243
244
245
246
247
248
249
250
251
252
253
254
255
256
257
258
259
260
261
262
263
264
265
266
267
268
269
270
271
272
273
274
275
276
277
278
279
280
281
282
283
284
285
286
287
288
289
290
291
292
293
294
295
296
297
298
299
300
301
302
0.0010552268134807 -0.002354574506650789 0
0.002255346219946469 -0.004880536435884784 0
0.004070134720026837 -0.007290583862926335 0
0.006434931429796383 -0.009511534318103866 0
0.009228562054340734 -0.01155548820518061 0
0.01239343088886738 -0.01341291572594313 0
0.01587943299244898 -0.01508929944262707 0
0.0196387006316544 -0.01661373999828188 0
0.02364500055195452 -0.01798875677857312 0
0.02786992500281881 -0.01923926113136217 0
0.0322917458048702 -0.02038792692993569 0
0.03689838745398623 -0.02143349140131164 0
0.04167448296714713 -0.02239692012578682 0
0.0466082338033221 -0.02329411638092284 0
0.05169282137197102 -0.02412072325371068 0
0.05691886876094071 -0.02489200181621766 0
0.06227836456298066 -0.0256222365895213 0
0.06776659599087036 -0.02630635823552853 0
0.07337748139834069 -0.02695231267021743 0
0.07910505686355185 -0.02757192697031228 0
0.08494507049198312 -0.02816523508377527 0
0.09089348888892453 -0.02873173401335043 0
0.09694564399523822 -0.02927994265804392 0
0.1030973838698778 -0.0298158987732431 0
0.109345625367515 -0.03033527962475919 0
0.1156867138453825 -0.0308416757416268 0
0.1221170599052116 -0.0313401026702405 0
0.1286334702398076 -0.03183222277832361 0
0.1352331457306026 -0.0323157154280767 0
0.1419130364402151 -0.03279281913597415 0
0.148670212285454 -0.03326574971226699 0
0.1555019287246437 -0.03373521448658491 0
0.1624056310496335 -0.03420026055931963 0
0.1693787965892777 -0.03466050034508859 0
0.176418987165549 -0.03511556425456858 0
0.1835236978820433 -0.03556712047158936 0
0.1906906032376895 -0.03601483759011676 0
0.1979176048120655 -0.03645588134270034 0
0.2052026484419167 -0.03688755398566419 0
0.2125434824958544 -0.03731156078625915 0
0.2199378709598683 -0.03772993087459907 0
0.2273840323069503 -0.0381377577872988 0
0.2348802137419772 -0.03853030377758318 0
0.2424245211453015 -0.03890631417760116 0
0.250014679951365 -0.03927251547067672 0
0.2576490616430034 -0.03962352151062948 0
0.2653261176760937 -0.03995298870031967 0
0.2730442916810711 -0.04025506996644347 0
0.2808016128710071 -0.04053428441695016 0
0.2885962316745906 -0.04079219762848948 0
0.2964265491566729 -0.04102602272653535 0
0.304291043396676 -0.04123284429512947 0
0.3121882209823268 -0.04141055649894147 0
0.3201164615063 -0.04156132153432977 0
0.3280741713064197 -0.0416864337040871 0
0.3360598166993654 -0.04178687690387345 0
0.3440719112251537 -0.0418635282009343 0
0.3521090052391793 -0.0419157726324602 0
0.360169623609288 -0.04194352373243321 0
0.3682523065723319 -0.04194811003128452 0
0.3763556319630004 -0.04193077829004569 0
0.3844782063214091 -0.04189249746424022 0
0.3926186275538841 -0.0418319227481895 0
0.4007754965117236 -0.04174963460208695 0
0.4089474455894307 -0.04164692351939186 0
0.417133131927816 -0.0415250138454818 0
0.4253312192672873 -0.04138438677336926 0
0.4335403345019776 -0.04122364277697495 0
0.4417591480990701 -0.04104381096487824 0
0.449986354873727 -0.0408461203019166 0
0.4582206652575509 -0.0406317464467094 0
0.466460760870097 -0.04040048523444229 0
0.4747052973911811 -0.04015138149951969 0
0.4829529962530639 -0.03988562862051536 0
0.4912025907455824 -0.0396044004651015 0
0.4994528199938057 -0.03930880995467919 0
0.5077023514009216 -0.03899793012068231 0
0.5159498762173846 -0.03867154410816297 0
0.524194140955594 -0.03833077734203962 0
0.532433894352678 -0.03797671608563184 0
0.5406678749206109 -0.03761022663116291 0
0.5488947242491126 -0.03723000416739822 0
0.5571131616402746 -0.03683642531652254 0
0.5653219370223989 -0.03643055063382588 0
0.5735197948734791 -0.03601341119052005 0
0.58170544346269 -0.03558549123211334 0
0.5898775020343249 -0.03514550203238902 0
0.5980346981923732 -0.03469418131448974 0
0.606175763709621 -0.03423250995332331 0
0.6142994167185831 -0.0337614465173308 0
0.6224043000354124 -0.03328090044545597 0
0.6304890222778156 -0.03279000329748655 0
0.6385522906395362 -0.03228964762084066 0
0.6465927958157535 -0.03178073914865212 0
0.654609204745788 -0.03126413895551489 0
0.6626000665190181 -0.03073906491524062 0
0.6705639901480982 -0.03020542439703933 0
0.6784996285413831 -0.02966406369522109 0
0.6864056054416465 -0.02911581465948365 0
0.6942804907973177 -0.02856118253628926 0
0.7021227476246462 -0.0279991126304856 0
0.7099309575972309 -0.02743015389919062 0
0.7177036915802852 -0.02685516013694046 0
0.7254394807016572 -0.02627497821140324 0
0.7331367476499677 -0.02568944687034307 0
0.7407939027189565 -0.02509797985958351 0
0.7484094367251057 -0.02450132925999256 0
0.7559817914441673 -0.02390024899878957 0
0.7635093410862746 -0.0232952975024425 0
0.770990329647688 -0.02268554683403414 0
0.7784231229118639 -0.02207144503846763 0
0.7858060625610437 -0.02145384949335881 0
0.7931374235011558 -0.02083362104868505 0
0.8004153272043483 -0.02021040677128026 0
0.8076379132381388 -0.019583840304738 0
0.814803382299085 -0.01895481409491146 0
0.8219098499438824 -0.01832422984240789 0
0.8289552927595734 -0.01769239242840414 0
0.8359375847181014 -0.01705840984057468 0
0.8428547190874947 -0.01642313898422861 0
0.849704597323991 -0.01578758032499774 0
0.8564849698111561 -0.01515239503685291 0
0.8631933975078244 -0.01451654656297004 0
0.8698275774549681 -0.01388081162572463 0
0.8763851052277519 -0.01324633787304604 0
0.8828633855289512 -0.01261397405167093 0
0.8892595729856158 -0.0119826788624155 0
0.8955709437459749 -0.01135324823305684 0
0.9017946223587523 -0.01072693570926956 0
0.9079274498688514 -0.01010443160477471 0
0.9139659958139139 -0.009484707620805001 0
0.9199069218614603 -0.00886906525873014 0
0.925746620564139 -0.008259163878755768 0
0.9314809985065609 -0.007655041701918045 0
0.9371057643875088 -0.00705635721475014 0
0.9426164891948199 -0.006464992657248149 0
0.9480081724156413 -0.005882516927708902 0
0.9532751154635859 -0.005307982822571688 0
0.9584113896851624 -0.004742990515437211 0
0.9634102435740056 -0.004189698999583833 0
0.9682636816802099 -0.003647542697570578 0
0.9729629179588898 -0.003118338929822286 0
0.9774974589979788 -0.002604974591820024 0
0.9818542175843028 -0.00210736846433576 0
0.986017270684805 -0.001629076722058509 0
0.9899649859275618 -0.001173187309826964 0
0.9936662542728414 -0.0007428932699066429 0
0.9970682603056226 -0.0003447954969822976 0
1 3 0 18
303
304
305
306
307
308
309
310
311
312
313
314
315
316
317
318
319
320
-22.36842105263604 -25 0
-19.73684210527208 -25 0
-17.10526315791981 -25 0
-14.47368421056976 -25 0
-11.84210526321515 -25 0
-9.210526315860241 -25 0
-6.578947368496678 -25 0
-3.947368421132708 -25 0
-1.315789473768739 -25 0
1.315789473595224 -25 0
3.94736842095919 -25 0
6.578947368323163 -25 0
9.210526315704001 -25 0
11.84210526308667 -25 0
14.47368421046934 -25 0
17.105263157852 -25 0
19.73684210523467 -25 0
22.36842105261733 -25 0
1 4 0 18
321
322
323
324
325
326
327
328
329
330
331
332
333
334
335
336
337
338
25 -22.36842105263604 0
25 -19.73684210527208 0
25 -17.10526315791981 0
25 -14.47368421056976 0
25 -11.84210526321515 0
25 -9.210526315860241 0
25 -6.578947368496678 0
25 -3.947368421132708 0
25 -1.315789473768739 0
25 1.315789473595224 0
25 3.94736842095919 0
25 6.578947368323163 0
25 9.210526315704001 0
25 11.84210526308667 0
25 14.47368421046934 0
25 17.105263157852 0
25 19.73684210523467 0
25 22.36842105261733 0
1 5 0 18
339
340
341
342
343
344
345
346
347
348
349
350
351
352
353
354
355
356
22.36842105263604 25 0
19.73684210527208 25 0
17.10526315791981 25 0
14.47368421056976 25 0
11.84210526321515 25 0
9.210526315860241 25 0
6.578947368496678 25 0
3.947368421132708 25 0
1.315789473768739 25 0
-1.315789473595224 25 0
-3.94736842095919 25 0
-6.578947368323163 25 0
-9.210526315704001 25 0
-11.84210526308667 25 0
-14.47368421046934 25 0
-17.105263157852 25 0
-19.73684210523467 25 0
-22.36842105261733 25 0
1 6 0 18
357
358
359
360
361
362
363
364
365
366
367
368
369
370
371
372
373
374
-25 22.36842105263604 0
-25 19.73684210527208 0
-25 17.10526315791981 0
-25 14.47368421056976 0
-25 11.84210526321515 0
-25 9.210526315860241 0
-25 6.578947368496678 0
-25 3.947368421132708 0
-25 1.315789473768739 0
-25 -1.315789473595224 0
-25 -3.94736842095919 0
-25 -6.578947368323163 0
-25 -9.210526315704001 0
-25 -11.84210526308667 0
-25 -14.47368421046934 0
-25 -17.105263157852 0
-25 -19.73684210523467 0
-25 -22.36842105261733 0
2 1 0 6568
375
376
377
378
379
380
381
382
383
384
385
386
387
388
389
390
391
392
393
394
395
396
397
398
399
400
401
402
403
404
405
406
407
408
409
410
411
412
413
414
415
416
417
418
419
420
421
422
423
424
425
426
427
428
429
430
431
432
433
434
435
436
437
438
439
440
441
442
443
444
445
446
447
448
449
450
451
452
453
454
455
456
457
458
459
460
461
462
463
464
465
466
467
468
469
470
471
472
473
474
475
476
477
478
479
480
481
482
483
484
485
486
487
488
489
490
491
492
493
494
495
496
497
498
499
500
501
502
503
504
505
506
507
508
509
510
511
512
513
514
515
516
517
518
519
520
521
522
523
524
525
526
527
528
529
530
531
532
533
534
535
536
537
538
539
540
541
542
543
544
545
546
547
548
549
550
551
552
553
554
555
556
557
558
559
560
561
562
563
564
565
566
567
568
569
570
571
572
573
574
575
576
577
578
579
580
581
582
583
584
585
586
587
588
589
590
591
592
593
594
595
596
597
598
599
600
601
602
603
604
605
606
607
608
609
610
611
612
613
614
615
616
617
618
619
620
621
622
623
624
625
626
627
628
629
630
631
632
633
634
635
636
637
638
639
640
641
642
643
644
645
646
647
648
649
650
651
652
653
654
655
656
657
658
659
660
661
662
663
664
665
666
667
668
669
670
671
672
673
674
675
676
677
678
679
680
681
682
683
684
685
686
687
688
689
690
691
692
693
694
695
696
697
698
699
700
701
702
703
704
705
706
707
708
709
710
711
712
713
714
715
716
717
718
719
720
721
722
723
724
725
726
727
728
729
730
731
732
733
734
735
736
737
738
739
740
741
742
743
744
745
746
747
748
749
750
751
752
753
754
755
756
757
758
759
760
761
762
763
764
765
766
767
768
769
770
771
772
773
774
775
776
777
778
779
780
781
782
783
784
785
786
787
788
789
790
791
792
793
794
795
796
797
798
799
800
801
802
803
804
805
806
807
808
809
810
811
812
813
814
815
816
817
818
819
820
821
822
823
824
825
826
827
828
829
830
831
832
833
834
835
836
837
838
839
840
841
842
843
844
845
846
847
848
849
850
851
852
853
854
855
856
857
858
859
860
861
862
863
864
865
866
867
868
869
870
871
872
873
874
875
876
877
878
879
880
881
882
883
884
885
886
887
888
889
890
891
892
893
894
895
896
897
898
899
900
901
902
903
904
905
906
907
908
909
910
911
912
913
914
915
916
917
918
919
920
921
922
923
924
925
926
927
928
929
930
931
932
933
934
935
936
937
938
939
940
941
942
943
944
945
946
947
948
949
950
951
952
953
954
955
956
957
958
959
960
961
962
963
964
965
966
967
968
969
970
971
972
973
974
975
976
977
978
979
980
981
982
983
984
985
986
987
988
989
990
991
992
993
994
995
996
997
998
999
1000
1001
1002
1003
1004
1005
1006
1007
1008
1009
1010
1011
1012
1013
1014
1015
1016
1017
1018
1019
1020
1021
1022
1023
1024
1025
1026
1027
1028
1029
1030
1031
1032
1033
1034
1035
1036
1037
1038
1039
1040
1041
1042
1043
1044
1045
1046
1047
1048
1049
1050
1051
1052
1053
1054
1055
1056
1057
1058
1059
1060
1061
1062
1063
1064
1065
1066
1067
1068
1069
1070
1071
1072
1073
1074
1075
1076
1077
1078
1079
1080
1081
1082
1083
1084
1085
1086
1087
1088
1089
1090
1091
1092
1093
1094
1095
1096
1097
1098
1099
1100
1101
1102
1103
1104
1105
1106
1107
1108
1109
1110
1111
1112
1113
1114
1115
1116
1117
1118
1119
1120
1121
1122
1123
1124
1125
1126
1127
1128
1129
1130
1131
1132
1133
1134
1135
1136
1137
1138
1139
1140
1141
1142
1143
1144
1145
1146
1147
1148
1149
1150
1151
1152
1153
1154
1155
1156
1157
1158
1159
1160
1161
1162
1163
1164
1165
1166
1167
1168
1169
1170
1171
1172
1173
1174
1175
1176
1177
1178
1179
1180
1181
1182
1183
1184
1185
1186
1187
1188
1189
1190
1191
1192
1193
1194
1195
1196
1197
1198
1199
1200
1201
1202
1203
1204
1205
1206
1207
1208
1209
1210
1211
1212
1213
1214
1215
1216
1217
1218
1219
1220
1221
1222
1223
1224
1225
1226
1227
1228
1229
1230
1231
1232
1233
1234
1235
1236
1237
1238
1239
1240
1241
1242
1243
1244
1245
1246
1247
1248
1249
1250
1251
1252
1253
1254
1255
1256
1257
1258
1259
1260
1261
1262
1263
1264
1265
1266
1267
1268
1269
1270
1271
1272
1273
1274
1275
1276
1277
1278
1279
1280
1281
1282
1283
1284
1285
1286
1287
1288
1289
1290
1291
1292
1293
1294
1295
1296
1297
1298
1299
1300
1301
1302
1303
1304
1305
1306
1307
1308
1309
1310
1311
1312
1313
1314
1315
1316
1317
1318
1319
1320
1321
1322
1323
1324
1325
1326
1327
1328
1329
1330
1331
1332
1333
1334
1335
1336
1337
1338
1339
1340
1341
1342
1343
1344
1345
1346
1347
1348
1349
1350
1351
1352
1353
1354
1355
1356
1357
1358
1359
1360
1361
1362
1363
1364
1365
1366
1367
1368
1369
1370
1371
1372
1373
1374
1375
1376
1377
1378
1379
1380
1381
1382
1383
1384
1385
1386
1387
1388
1389
1390
1391
1392
1393
1394
1395
1396
1397
1398
1399
1400
1401
1402
1403
1404
1405
1406
1407
1408
1409
1410
1411
1412
1413
1414
1415
1416
1417
1418
1419
1420
1421
1422
1423
1424
1425
1426
1427
1428
1429
1430
1431
1432
1433
1434
1435
1436
1437
1438
1439
1440
1441
1442
1443
1444
1445
1446
1447
1448
1449
1450
1451
1452
1453
1454
1455
1456
1457
1458
1459
1460
1461
1462
1463
1464
1465
1466
1467
1468
1469
1470
1471
1472
1473
1474
1475
1476
1477
1478
1479
1480
1481
1482
1483
1484
1485
1486
1487
1488
1489
1490
1491
1492
1493
1494
1495
1496
1497
1498
1499
1500
1501
1502
1503
1504
1505
1506
1507
1508
1509
1510
1511
1512
1513
1514
1515
1516
1517
1518
1519
1520
1521
1522
1523
1524
1525
1526
1527
1528
1529
1530
1531
1532
1533
1534
1535
1536
1537
1538
1539
1540
1541
1542
1543
1544
1545
1546
1547
1548
1549
1550
1551
1552
1553
1554
1555
1556
1557
1558
1559
1560
1561
1562
1563
1564
1565
1566
1567
1568
1569
1570
1571
1572
1573
1574
1575
1576
1577
1578
1579
1580
1581
1582
1583
1584
1585
1586
1587
1588
1589
1590
1591
1592
1593
1594
1595
1596
1597
1598
1599
1600
1601
1602
1603
1604
1605
1606
1607
1608
1609
1610
1611
1612
1613
1614
1615
1616
1617
1618
1619
1620
1621
1622
1623
1624
1625
1626
1627
1628
1629
1630
1631
1632
1633
1634
1635
1636
1637
1638
1639
1640
1641
1642
1643
1644
1645
1646
1647
1648
1649
1650
1651
1652
1653
1654
1655
1656
1657
1658
1659
1660
1661
1662
1663
1664
1665
1666
1667
1668
1669
1670
1671
1672
1673
1674
1675
1676
1677
1678
1679
1680
1681
1682
1683
1684
1685
1686
1687
1688
1689
1690
1691
1692
1693
1694
1695
1696
1697
1698
1699
1700
1701
1702
1703
1704
1705
1706
1707
1708
1709
1710
1711
1712
1713
1714
1715
1716
1717
1718
1719
1720
1721
1722
1723
1724
1725
1726
1727
1728
1729
1730
1731
1732
1733
1734
1735
1736
1737
1738
1739
1740
1741
1742
1743
1744
1745
1746
1747
1748
1749
1750
1751
1752
1753
1754
1755
1756
1757
1758
1759
1760
1761
1762
1763
1764
1765
1766
1767
1768
1769
1770
1771
1772
1773
1774
1775
1776
1777
1778
1779
1780
1781
1782
1783
1784
1785
1786
1787
1788
1789
1790
1791
1792
1793
1794
1795
1796
1797
1798
1799
1800
1801
1802
1803
1804
1805
1806
1807
1808
1809
1810
1811
1812
1813
1814
1815
1816
1817
1818
1819
1820
1821
1822
1823
1824
1825
1826
1827
1828
1829
1830
1831
1832
1833
1834
1835
1836
1837
1838
1839
1840
1841
1842
1843
1844
1845
1846
1847
1848
1849
1850
1851
1852
1853
1854
1855
1856
1857
1858
1859
1860
1861
1862
1863
1864
1865
1866
1867
1868
1869
1870
1871
1872
1873
1874
1875
1876
1877
1878
1879
1880
1881
1882
1883
1884
1885
1886
1887
1888
1889
1890
1891
1892
1893
1894
1895
1896
1897
1898
1899
1900
1901
1902
1903
1904
1905
1906
1907
1908
1909
1910
1911
1912
1913
1914
1915
1916
1917
1918
1919
1920
1921
1922
1923
1924
1925
1926
1927
1928
1929
1930
1931
1932
1933
1934
1935
1936
1937
1938
1939
1940
1941
1942
1943
1944
1945
1946
1947
1948
1949
1950
1951
1952
1953
1954
1955
1956
1957
1958
1959
1960
1961
1962
1963
1964
1965
1966
1967
1968
1969
1970
1971
1972
1973
1974
1975
1976
1977
1978
1979
1980
1981
1982
1983
1984
1985
1986
1987
1988
1989
1990
1991
1992
1993
1994
1995
1996
1997
1998
1999
2000
2001
2002
2003
2004
2005
2006
2007
2008
2009
2010
2011
2012
2013
2014
2015
2016
2017
2018
2019
2020
2021
2022
2023
2024
2025
2026
2027
2028
2029
2030
2031
2032
2033
2034
2035
2036
2037
2038
2039
2040
2041
2042
2043
2044
2045
2046
2047
2048
2049
2050
2051
2052
2053
2054
2055
2056
2057
2058
2059
2060
2061
2062
2063
2064
2065
2066
2067
2068
2069
2070
2071
2072
2073
2074
2075
2076
2077
2078
2079
2080
2081
2082
2083
2084
2085
2086
2087
2088
2089
2090
2091
2092
2093
2094
2095
2096
2097
2098
2099
2100
2101
2102
2103
2104
2105
2106
2107
2108
2109
2110
2111
2112
2113
2114
2115
2116
2117
2118
2119
2120
2121
2122
2123
2124
2125
2126
2127
2128
2129
2130
2131
2132
2133
2134
2135
2136
2137
2138
2139
2140
2141
2142
2143
2144
2145
2146
2147
2148
2149
2150
2151
2152
2153
2154
2155
2156
2157
2158
2159
2160
2161
2162
2163
2164
2165
2166
2167
2168
2169
2170
2171
2172
2173
2174
2175
2176
2177
2178
2179
2180
2181
2182
2183
2184
2185
2186
2187
2188
2189
2190
2191
2192
2193
2194
2195
2196
2197
2198
2199
2200
2201
2202
2203
2204
2205
2206
2207
2208
2209
2210
2211
2212
2213
2214
2215
2216
2217
2218
2219
2220
2221
2222
2223
2224
2225
2226
2227
2228
2229
2230
2231
2232
2233
2234
2235
2236
2237
2238
2239
2240
2241
2242
2243
2244
2245
2246
2247
2248
2249
2250
2251
2252
2253
2254
2255
2256
2257
2258
2259
2260
2261
2262
2263
2264
2265
2266
2267
2268
2269
2270
2271
2272
2273
2274
2275
2276
2277
2278
2279
2280
2281
2282
2283
2284
2285
2286
2287
2288
2289
2290
2291
2292
2293
2294
2295
2296
2297
2298
2299
2300
2301
2302
2303
2304
2305
2306
2307
2308
2309
2310
2311
2312
2313
2314
2315
2316
2317
2318
2319
2320
2321
2322
2323
2324
2325
2326
2327
2328
2329
2330
2331
2332
2333
2334
2335
2336
2337
2338
2339
2340
2341
2342
2343
2344
2345
2346
2347
2348
2349
2350
2351
2352
2353
2354
2355
2356
2357
2358
2359
2360
2361
2362
2363
2364
2365
2366
2367
2368
2369
2370
2371
2372
2373
2374
2375
2376
2377
2378
2379
2380
2381
2382
2383
2384
2385
2386
2387
2388
2389
2390
2391
2392
2393
2394
2395
2396
2397
2398
2399
2400
2401
2402
2403
2404
2405
2406
2407
2408
2409
2410
2411
2412
2413
2414
2415
2416
2417
2418
2419
2420
2421
2422
2423
2424
2425
2426
2427
2428
2429
2430
2431
2432
2433
2434
2435
2436
2437
2438
2439
2440
2441
2442
2443
2444
2445
2446
2447
2448
2449
2450
2451
2452
2453
2454
2455
2456
2457
2458
2459
2460
2461
2462
2463
2464
2465
2466
2467
2468
2469
2470
2471
2472
2473
2474
2475
2476
2477
2478
2479
2480
2481
2482
2483
2484
2485
2486
2487
2488
2489
2490
2491
2492
2493
2494
2495
2496
2497
2498
2499
2500
2501
2502
2503
2504
2505
2506
2507
2508
2509
2510
2511
2512
2513
2514
2515
2516
2517
2518
2519
2520
2521
2522
2523
2524
2525
2526
2527
2528
2529
2530
2531
2532
2533
2534
2535
2536
2537
2538
2539
2540
2541
2542
2543
2544
2545
2546
2547
2548
2549
2550
2551
2552
2553
2554
2555
2556
2557
2558
2559
2560
2561
2562
2563
2564
2565
2566
2567
2568
2569
2570
2571
2572
2573
2574
2575
2576
2577
2578
2579
2580
2581
2582
2583
2584
2585
2586
2587
2588
2589
2590
2591
2592
2593
2594
2595
2596
2597
2598
2599
2600
2601
2602
2603
2604
2605
2606
2607
2608
2609
2610
2611
2612
2613
2614
2615
2616
2617
2618
2619
2620
2621
2622
2623
2624
2625
2626
2627
2628
2629
2630
2631
2632
2633
2634
2635
2636
2637
2638
2639
2640
2641
2642
2643
2644
2645
2646
2647
2648
2649
2650
2651
2652
2653
2654
2655
2656
2657
2658
2659
2660
2661
2662
2663
2664
2665
2666
2667
2668
2669
2670
2671
2672
2673
2674
2675
2676
2677
2678
2679
2680
2681
2682
2683
2684
2685
2686
2687
2688
2689
2690
2691
2692
2693
2694
2695
2696
2697
2698
2699
2700
2701
2702
2703
2704
2705
2706
2707
2708
2709
2710
2711
2712
2713
2714
2715
2716
2717
2718
2719
2720
2721
2722
2723
2724
2725
2726
2727
2728
2729
2730
2731
2732
2733
2734
2735
2736
2737
2738
2739
2740
2741
2742
2743
2744
2745
2746
2747
2748
2749
2750
2751
2752
2753
2754
2755
2756
2757
2758
2759
2760
2761
2762
2763
2764
2765
2766
2767
2768
2769
2770
2771
2772
2773
2774
2775
2776
2777
2778
2779
2780
2781
2782
2783
2784
2785
2786
2787
2788
2789
2790
2791
2792
2793
2794
2795
2796
2797
2798
2799
2800
2801
2802
2803
2804
2805
2806
2807
2808
2809
2810
2811
2812
2813
2814
2815
2816
2817
2818
2819
2820
2821
2822
2823
2824
2825
2826
2827
2828
2829
2830
2831
2832
2833
2834
2835
2836
2837
2838
2839
2840
2841
2842
2843
2844
2845
2846
2847
2848
2849
2850
2851
2852
2853
2854
2855
2856
2857
2858
2859
2860
2861
2862
2863
2864
2865
2866
2867
2868
2869
2870
2871
2872
2873
2874
2875
2876
2877
2878
2879
2880
2881
2882
2883
2884
2885
2886
2887
2888
2889
2890
2891
2892
2893
2894
2895
2896
2897
2898
2899
2900
2901
2902
2903
2904
2905
2906
2907
2908
2909
2910
2911
2912
2913
2914
2915
2916
2917
2918
2919
2920
2921
2922
2923
2924
2925
2926
2927
2928
2929
2930
2931
2932
2933
2934
2935
2936
2937
2938
2939
2940
2941
2942
2943
2944
2945
2946
2947
2948
2949
2950
2951
2952
2953
2954
2955
2956
2957
2958
2959
2960
2961
2962
2963
2964
2965
2966
2967
2968
2969
2970
2971
2972
2973
2974
2975
2976
2977
2978
2979
2980
2981
2982
2983
2984
2985
2986
2987
2988
2989
2990
2991
2992
2993
2994
2995
2996
2997
2998
2999
3000
3001
3002
3003
3004
3005
3006
3007
3008
3009
3010
3011
3012
3013
3014
3015
3016
3017
3018
3019
3020
3021
3022
3023
3024
3025
3026
3027
3028
3029
3030
3031
3032
3033
3034
3035
3036
3037
3038
3039
3040
3041
3042
3043
3044
3045
3046
3047
3048
3049
3050
3051
3052
3053
3054
3055
3056
3057
3058
3059
3060
3061
3062
3063
3064
3065
3066
3067
3068
3069
3070
3071
3072
3073
3074
3075
3076
3077
3078
3079
3080
3081
3082
3083
3084
3085
3086
3087
3088
3089
3090
3091
3092
3093
3094
3095
3096
3097
3098
3099
3100
3101
3102
3103
3104
3105
3106
3107
3108
3109
3110
3111
3112
3113
3114
3115
3116
3117
3118
3119
3120
3121
3122
3123
3124
3125
3126
3127
3128
3129
3130
3131
3132
3133
3134
3135
3136
3137
3138
3139
3140
3141
3142
3143
3144
3145
3146
3147
3148
3149
3150
3151
3152
3153
3154
3155
3156
3157
3158
3159
3160
3161
3162
3163
3164
3165
3166
3167
3168
3169
3170
3171
3172
3173
3174
3175
3176
3177
3178
3179
3180
3181
3182
3183
3184
3185
3186
3187
3188
3189
3190
3191
3192
3193
3194
3195
3196
3197
3198
3199
3200
3201
3202
3203
3204
3205
3206
3207
3208
3209
3210
3211
3212
3213
3214
3215
3216
3217
3218
3219
3220
3221
3222
3223
3224
3225
3226
3227
3228
3229
3230
3231
3232
3233
3234
3235
3236
3237
3238
3239
3240
3241
3242
3243
3244
3245
3246
3247
3248
3249
3250
3251
3252
3253
3254
3255
3256
3257
3258
3259
3260
3261
3262
3263
3264
3265
3266
3267
3268
3269
3270
3271
3272
3273
3274
3275
3276
3277
3278
3279
3280
3281
3282
3283
3284
3285
3286
3287
3288
3289
3290
3291
3292
3293
3294
3295
3296
3297
3298
3299
3300
3301
3302
3303
3304
3305
3306
3307
3308
3309
3310
3311
3312
3313
3314
3315
3316
3317
3318
3319
3320
3321
3322
3323
3324
3325
3326
3327
3328
3329
3330
3331
3332
3333
3334
3335
3336
3337
3338
3339
3340
3341
3342
3343
3344
3345
3346
3347
3348
3349
3350
3351
3352
3353
3354
3355
3356
3357
3358
3359
3360
3361
3362
3363
3364
3365
3366
3367
3368
3369
3370
3371
3372
3373
3374
3375
3376
3377
3378
3379
3380
3381
3382
3383
3384
3385
3386
3387
3388
3389
3390
3391
3392
3393
3394
3395
3396
3397
3398
3399
3400
3401
3402
3403
3404
3405
3406
3407
3408
3409
3410
3411
3412
3413
3414
3415
3416
3417
3418
3419
3420
3421
3422
3423
3424
3425
3426
3427
3428
3429
3430
3431
3432
3433
3434
3435
3436
3437
3438
3439
3440
3441
3442
3443
3444
3445
3446
3447
3448
3449
3450
3451
3452
3453
3454
3455
3456
3457
3458
3459
3460
3461
3462
3463
3464
3465
3466
3467
3468
3469
3470
3471
3472
3473
3474
3475
3476
3477
3478
3479
3480
3481
3482
3483
3484
3485
3486
3487
3488
3489
3490
3491
3492
3493
3494
3495
3496
3497
3498
3499
3500
3501
3502
3503
3504
3505
3506
3507
3508
3509
3510
3511
3512
3513
3514
3515
3516
3517
3518
3519
3520
3521
3522
3523
3524
3525
3526
3527
3528
3529
3530
3531
3532
3533
3534
3535
3536
3537
3538
3539
3540
3541
3542
3543
3544
3545
3546
3547
3548
3549
3550
3551
3552
3553
3554
3555
3556
3557
3558
3559
3560
3561
3562
3563
3564
3565
3566
3567
3568
3569
3570
3571
3572
3573
3574
3575
3576
3577
3578
3579
3580
3581
3582
3583
3584
3585
3586
3587
3588
3589
3590
3591
3592
3593
3594
3595
3596
3597
3598
3599
3600
3601
3602
3603
3604
3605
3606
3607
3608
3609
3610
3611
3612
3613
3614
3615
3616
3617
3618
3619
3620
3621
3622
3623
3624
3625
3626
3627
3628
3629
3630
3631
3632
3633
3634
3635
3636
3637
3638
3639
3640
3641
3642
3643
3644
3645
3646
3647
3648
3649
3650
3651
3652
3653
3654
3655
3656
3657
3658
3659
3660
3661
3662
3663
3664
3665
3666
3667
3668
3669
3670
3671
3672
3673
3674
3675
3676
3677
3678
3679
3680
3681
3682
3683
3684
3685
3686
3687
3688
3689
3690
3691
3692
3693
3694
3695
3696
3697
3698
3699
3700
3701
3702
3703
3704
3705
3706
3707
3708
3709
3710
3711
3712
3713
3714
3715
3716
3717
3718
3719
3720
3721
3722
3723
3724
3725
3726
3727
3728
3729
3730
3731
3732
3733
3734
3735
3736
3737
3738
3739
3740
3741
3742
3743
3744
3745
3746
3747
3748
3749
3750
3751
3752
3753
3754
3755
3756
3757
3758
3759
3760
3761
3762
3763
3764
3765
3766
3767
3768
3769
3770
3771
3772
3773
3774
3775
3776
3777
3778
3779
3780
3781
3782
3783
3784
3785
3786
3787
3788
3789
3790
3791
3792
3793
3794
3795
3796
3797
3798
3799
3800
3801
3802
3803
3804
3805
3806
3807
3808
3809
3810
3811
3812
3813
3814
3815
3816
3817
3818
3819
3820
3821
3822
3823
3824
3825
3826
3827
3828
3829
3830
3831
3832
3833
3834
3835
3836
3837
3838
3839
3840
3841
3842
3843
3844
3845
3846
3847
3848
3849
3850
3851
3852
3853
3854
3855
3856
3857
3858
3859
3860
3861
3862
3863
3864
3865
3866
3867
3868
3869
3870
3871
3872
3873
3874
3875
3876
3877
3878
3879
3880
3881
3882
3883
3884
3885
3886
3887
3888
3889
3890
3891
3892
3893
3894
3895
3896
3897
3898
3899
3900
3901
3902
3903
3904
3905
3906
3907
3908
3909
3910
3911
3912
3913
3914
3915
3916
3917
3918
3919
3920
3921
3922
3923
3924
3925
3926
3927
3928
3929
3930
3931
3932
3933
3934
3935
3936
3937
3938
3939
3940
3941
3942
3943
3944
3945
3946
3947
3948
3949
3950
3951
3952
3953
3954
3955
3956
3957
3958
3959
3960
3961
3962
3963
3964
3965
3966
3967
3968
3969
3970
3971
3972
3973
3974
3975
3976
3977
3978
3979
3980
3981
3982
3983
3984
3985
3986
3987
3988
3989
3990
3991
3992
3993
3994
3995
3996
3997
3998
3999
4000
4001
4002
4003
4004
4005
4006
4007
4008
4009
4010
4011
4012
4013
4014
4015
4016
4017
4018
4019
4020
4021
4022
4023
4024
4025
4026
4027
4028
4029
4030
4031
4032
4033
4034
4035
4036
4037
4038
4039
4040
4041
4042
4043
4044
4045
4046
4047
4048
4049
4050
4051
4052
4053
4054
4055
4056
4057
4058
4059
4060
4061
4062
4063
4064
4065
4066
4067
4068
4069
4070
4071
4072
4073
4074
4075
4076
4077
4078
4079
4080
4081
4082
4083
4084
4085
4086
4087
4088
4089
4090
4091
4092
4093
4094
4095
4096
4097
4098
4099
4100
4101
4102
4103
4104
4105
4106
4107
4108
4109
4110
4111
4112
4113
4114
4115
4116
4117
4118
4119
4120
4121
4122
4123
4124
4125
4126
4127
4128
4129
4130
4131
4132
4133
4134
4135
4136
4137
4138
4139
4140
4141
4142
4143
4144
4145
4146
4147
4148
4149
4150
4151
4152
4153
4154
4155
4156
4157
4158
4159
4160
4161
4162
4163
4164
4165
4166
4167
4168
4169
4170
4171
4172
4173
4174
4175
4176
4177
4178
4179
4180
4181
4182
4183
4184
4185
4186
4187
4188
4189
4190
4191
4192
4193
4194
4195
4196
4197
4198
4199
4200
4201
4202
4203
4204
4205
4206
4207
4208
4209
4210
4211
4212
4213
4214
4215
4216
4217
4218
4219
4220
4221
4222
4223
4224
4225
4226
4227
4228
4229
4230
4231
4232
4233
4234
4235
4236
4237
4238
4239
4240
4241
4242
4243
4244
4245
4246
4247
4248
4249
4250
4251
4252
4253
4254
4255
4256
4257
4258
4259
4260
4261
4262
4263
4264
4265
4266
4267
4268
4269
4270
4271
4272
4273
4274
4275
4276
4277
4278
4279
4280
4281
4282
4283
4284
4285
4286
4287
4288
4289
4290
4291
4292
4293
4294
4295
4296
4297
4298
4299
4300
4301
4302
4303
4304
4305
4306
4307
4308
4309
4310
4311
4312
4313
4314
4315
4316
4317
4318
4319
4320
4321
4322
4323
4324
4325
4326
4327
4328
4329
4330
4331
4332
4333
4334
4335
4336
4337
4338
4339
4340
4341
4342
4343
4344
4345
4346
4347
4348
4349
4350
4351
4352
4353
4354
4355
4356
4357
4358
4359
4360
4361
4362
4363
4364
4365
4366
4367
4368
4369
4370
4371
4372
4373
4374
4375
4376
4377
4378
4379
4380
4381
4382
4383
4384
4385
4386
4387
4388
4389
4390
4391
4392
4393
4394
4395
4396
4397
4398
4399
4400
4401
4402
4403
4404
4405
4406
4407
4408
4409
4410
4411
4412
4413
4414
4415
4416
4417
4418
4419
4420
4421
4422
4423
4424
4425
4426
4427
4428
4429
4430
4431
4432
4433
4434
4435
4436
4437
4438
4439
4440
4441
4442
4443
4444
4445
4446
4447
4448
4449
4450
4451
4452
4453
4454
4455
4456
4457
4458
4459
4460
4461
4462
4463
4464
4465
4466
4467
4468
4469
4470
4471
4472
4473
4474
4475
4476
4477
4478
4479
4480
4481
4482
4483
4484
4485
4486
4487
4488
4489
4490
4491
4492
4493
4494
4495
4496
4497
4498
4499
4500
4501
4502
4503
4504
4505
4506
4507
4508
4509
4510
4511
4512
4513
4514
4515
4516
4517
4518
4519
4520
4521
4522
4523
4524
4525
4526
4527
4528
4529
4530
4531
4532
4533
4534
4535
4536
4537
4538
4539
4540
4541
4542
4543
4544
4545
4546
4547
4548
4549
4550
4551
4552
4553
4554
4555
4556
4557
4558
4559
4560
4561
4562
4563
4564
4565
4566
4567
4568
4569
4570
4571
4572
4573
4574
4575
4576
4577
4578
4579
4580
4581
4582
4583
4584
4585
4586
4587
4588
4589
4590
4591
4592
4593
4594
4595
4596
4597
4598
4599
4600
4601
4602
4603
4604
4605
4606
4607
4608
4609
4610
4611
4612
4613
4614
4615
4616
4617
4618
4619
4620
4621
4622
4623
4624
4625
4626
4627
4628
4629
4630
4631
4632
4633
4634
4635
4636
4637
4638
4639
4640
4641
4642
4643
4644
4645
4646
4647
4648
4649
4650
4651
4652
4653
4654
4655
4656
4657
4658
4659
4660
4661
4662
4663
4664
4665
4666
4667
4668
4669
4670
4671
4672
4673
4674
4675
4676
4677
4678
4679
4680
4681
4682
4683
4684
4685
4686
4687
4688
4689
4690
4691
4692
4693
4694
4695
4696
4697
4698
4699
4700
4701
4702
4703
4704
4705
4706
4707
4708
4709
4710
4711
4712
4713
4714
4715
4716
4717
4718
4719
4720
4721
4722
4723
4724
4725
4726
4727
4728
4729
4730
4731
4732
4733
4734
4735
4736
4737
4738
4739
4740
4741
4742
4743
4744
4745
4746
4747
4748
4749
4750
4751
4752
4753
4754
4755
4756
4757
4758
4759
4760
4761
4762
4763
4764
4765
4766
4767
4768
4769
4770
4771
4772
4773
4774
4775
4776
4777
4778
4779
4780
4781
4782
4783
4784
4785
4786
4787
4788
4789
4790
4791
4792
4793
4794
4795
4796
4797
4798
4799
4800
4801
4802
4803
4804
4805
4806
4807
4808
4809
4810
4811
4812
4813
4814
4815
4816
4817
4818
4819
4820
4821
4822
4823
4824
4825
4826
4827
4828
4829
4830
4831
4832
4833
4834
4835
4836
4837
4838
4839
4840
4841
4842
4843
4844
4845
4846
4847
4848
4849
4850
4851
4852
4853
4854
4855
4856
4857
4858
4859
4860
4861
4862
4863
4864
4865
4866
4867
4868
4869
4870
4871
4872
4873
4874
4875
4876
4877
4878
4879
4880
4881
4882
4883
4884
4885
4886
4887
4888
4889
4890
4891
4892
4893
4894
4895
4896
4897
4898
4899
4900
4901
4902
4903
4904
4905
4906
4907
4908
4909
4910
4911
4912
4913
4914
4915
4916
4917
4918
4919
4920
4921
4922
4923
4924
4925
4926
4927
4928
4929
4930
4931
4932
4933
4934
4935
4936
4937
4938
4939
4940
4941
4942
4943
4944
4945
4946
4947
4948
4949
4950
4951
4952
4953
4954
4955
4956
4957
4958
4959
4960
4961
4962
4963
4964
4965
4966
4967
4968
4969
4970
4971
4972
4973
4974
4975
4976
4977
4978
4979
4980
4981
4982
4983
4984
4985
4986
4987
4988
4989
4990
4991
4992
4993
4994
4995
4996
4997
4998
4999
5000
5001
5002
5003
5004
5005
5006
5007
5008
5009
5010
5011
5012
5013
5014
5015
5016
5017
5018
5019
5020
5021
5022
5023
5024
5025
5026
5027
5028
5029
5030
5031
5032
5033
5034
5035
5036
5037
5038
5039
5040
5041
5042
5043
5044
5045
5046
5047
5048
5049
5050
5051
5052
5053
5054
5055
5056
5057
5058
5059
5060
5061
5062
5063
5064
5065
5066
5067
5068
5069
5070
5071
5072
5073
5074
5075
5076
5077
5078
5079
5080
5081
5082
5083
5084
5085
5086
5087
5088
5089
5090
5091
5092
5093
5094
5095
5096
5097
5098
5099
5100
5101
5102
5103
5104
5105
5106
5107
5108
5109
5110
5111
5112
5113
5114
5115
5116
5117
5118
5119
5120
5121
5122
5123
5124
5125
5126
5127
5128
5129
5130
5131
5132
5133
5134
5135
5136
5137
5138
5139
5140
5141
5142
5143
5144
5145
5146
5147
5148
5149
5150
5151
5152
5153
5154
5155
5156
5157
5158
5159
5160
5161
5162
5163
5164
5165
5166
5167
5168
5169
5170
5171
5172
5173
5174
5175
5176
5177
5178
5179
5180
5181
5182
5183
5184
5185
5186
5187
5188
5189
5190
5191
5192
5193
5194
5195
5196
5197
5198
5199
5200
5201
5202
5203
5204
5205
5206
5207
5208
5209
5210
5211
5212
5213
5214
5215
5216
5217
5218
5219
5220
5221
5222
5223
5224
5225
5226
5227
5228
5229
5230
5231
5232
5233
5234
5235
5236
5237
5238
5239
5240
5241
5242
5243
5244
5245
5246
5247
5248
5249
5250
5251
5252
5253
5254
5255
5256
5257
5258
5259
5260
5261
5262
5263
5264
5265
5266
5267
5268
5269
5270
5271
5272
5273
5274
5275
5276
5277
5278
5279
5280
5281
5282
5283
5284
5285
5286
5287
5288
5289
5290
5291
5292
5293
5294
5295
5296
5297
5298
5299
5300
5301
5302
5303
5304
5305
5306
5307
5308
5309
5310
5311
5312
5313
5314
5315
5316
5317
5318
5319
5320
5321
5322
5323
5324
5325
5326
5327
5328
5329
5330
5331
5332
5333
5334
5335
5336
5337
5338
5339
5340
5341
5342
5343
5344
5345
5346
5347
5348
5349
5350
5351
5352
5353
5354
5355
5356
5357
5358
5359
5360
5361
5362
5363
5364
5365
5366
5367
5368
5369
5370
5371
5372
5373
5374
5375
5376
5377
5378
5379
5380
5381
5382
5383
5384
5385
5386
5387
5388
5389
5390
5391
5392
5393
5394
5395
5396
5397
5398
5399
5400
5401
5402
5403
5404
5405
5406
5407
5408
5409
5410
5411
5412
5413
5414
5415
5416
5417
5418
5419
5420
5421
5422
5423
5424
5425
5426
5427
5428
5429
5430
5431
5432
5433
5434
5435
5436
5437
5438
5439
5440
5441
5442
5443
5444
5445
5446
5447
5448
5449
5450
5451
5452
5453
5454
5455
5456
5457
5458
5459
5460
5461
5462
5463
5464
5465
5466
5467
5468
5469
5470
5471
5472
5473
5474
5475
5476
5477
5478
5479
5480
5481
5482
5483
5484
5485
5486
5487
5488
5489
5490
5491
5492
5493
5494
5495
5496
5497
5498
5499
5500
5501
5502
5503
5504
5505
5506
5507
5508
5509
5510
5511
5512
5513
5514
5515
5516
5517
5518
5519
5520
5521
5522
5523
5524
5525
5526
5527
5528
5529
5530
5531
5532
5533
5534
5535
5536
5537
5538
5539
5540
5541
5542
5543
5544
5545
5546
5547
5548
5549
5550
5551
5552
5553
5554
5555
5556
5557
5558
5559
5560
5561
5562
5563
5564
5565
5566
5567
5568
5569
5570
5571
5572
5573
5574
5575
5576
5577
5578
5579
5580
5581
5582
5583
5584
5585
5586
5587
5588
5589
5590
5591
5592
5593
5594
5595
5596
5597
5598
5599
5600
5601
5602
5603
5604
5605
5606
5607
5608
5609
5610
5611
5612
5613
5614
5615
5616
5617
5618
5619
5620
5621
5622
5623
5624
5625
5626
5627
5628
5629
5630
5631
5632
5633
5634
5635
5636
5637
5638
5639
5640
5641
5642
5643
5644
5645
5646
5647
5648
5649
5650
5651
5652
5653
5654
5655
5656
5657
5658
5659
5660
5661
5662
5663
5664
5665
5666
5667
5668
5669
5670
5671
5672
5673
5674
5675
5676
5677
5678
5679
5680
5681
5682
5683
5684
5685
5686
5687
5688
5689
5690
5691
5692
5693
5694
5695
5696
5697
5698
5699
5700
5701
5702
5703
5704
5705
5706
5707
5708
5709
5710
5711
5712
5713
5714
5715
5716
5717
5718
5719
5720
5721
5722
5723
5724
5725
5726
5727
5728
5729
5730
5731
5732
5733
5734
5735
5736
5737
5738
5739
5740
5741
5742
5743
5744
5745
5746
5747
5748
5749
5750
5751
5752
5753
5754
5755
5756
5757
5758
5759
5760
5761
5762
5763
5764
5765
5766
5767
5768
5769
5770
5771
5772
5773
5774
5775
5776
5777
5778
5779
5780
5781
5782
5783
5784
5785
5786
5787
5788
5789
5790
5791
5792
5793
5794
5795
5796
5797
5798
5799
5800
5801
5802
5803
5804
5805
5806
5807
5808
5809
5810
5811
5812
5813
5814
5815
5816
5817
5818
5819
5820
5821
5822
5823
5824
5825
5826
5827
5828
5829
5830
5831
5832
5833
5834
5835
5836
5837
5838
5839
5840
5841
5842
5843
5844
5845
5846
5847
5848
5849
5850
5851
5852
5853
5854
5855
5856
5857
5858
5859
5860
5861
5862
5863
5864
5865
5866
5867
5868
5869
5870
5871
5872
5873
5874
5875
5876
5877
5878
5879
5880
5881
5882
5883
5884
5885
5886
5887
5888
5889
5890
5891
5892
5893
5894
5895
5896
5897
5898
5899
5900
5901
5902
5903
5904
5905
5906
5907
5908
5909
5910
5911
5912
5913
5914
5915
5916
5917
5918
5919
5920
5921
5922
5923
5924
5925
5926
5927
5928
5929
5930
5931
5932
5933
5934
5935
5936
5937
5938
5939
5940
5941
5942
5943
5944
5945
5946
5947
5948
5949
5950
5951
5952
5953
5954
5955
5956
5957
5958
5959
5960
5961
5962
5963
5964
5965
5966
5967
5968
5969
5970
5971
5972
5973
5974
5975
5976
5977
5978
5979
5980
5981
5982
5983
5984
5985
5986
5987
5988
5989
5990
5991
5992
5993
5994
5995
5996
5997
5998
5999
6000
6001
6002
6003
6004
6005
6006
6007
6008
6009
6010
6011
6012
6013
6014
6015
6016
6017
6018
6019
6020
6021
6022
6023
6024
6025
6026
6027
6028
6029
6030
6031
6032
6033
6034
6035
6036
6037
6038
6039
6040
6041
6042
6043
6044
6045
6046
6047
6048
6049
6050
6051
6052
6053
6054
6055
6056
6057
6058
6059
6060
6061
6062
6063
6064
6065
6066
6067
6068
6069
6070
6071
6072
6073
6074
6075
6076
6077
6078
6079
6080
6081
6082
6083
6084
6085
6086
6087
6088
6089
6090
6091
6092
6093
6094
6095
6096
6097
6098
6099
6100
6101
6102
6103
6104
6105
6106
6107
6108
6109
6110
6111
6112
6113
6114
6115
6116
6117
6118
6119
6120
6121
6122
6123
6124
6125
6126
6127
6128
6129
6130
6131
6132
6133
6134
6135
6136
6137
6138
6139
6140
6141
6142
6143
6144
6145
6146
6147
6148
6149
6150
6151
6152
6153
6154
6155
6156
6157
6158
6159
6160
6161
6162
6163
6164
6165
6166
6167
6168
6169
6170
6171
6172
6173
6174
6175
6176
6177
6178
6179
6180
6181
6182
6183
6184
6185
6186
6187
6188
6189
6190
6191
6192
6193
6194
6195
6196
6197
6198
6199
6200
6201
6202
6203
6204
6205
6206
6207
6208
6209
6210
6211
6212
6213
6214
6215
6216
6217
6218
6219
6220
6221
6222
6223
6224
6225
6226
6227
6228
6229
6230
6231
6232
6233
6234
6235
6236
6237
6238
6239
6240
6241
6242
6243
6244
6245
6246
6247
6248
6249
6250
6251
6252
6253
6254
6255
6256
6257
6258
6259
6260
6261
6262
6263
6264
6265
6266
6267
6268
6269
6270
6271
6272
6273
6274
6275
6276
6277
6278
6279
6280
6281
6282
6283
6284
6285
6286
6287
6288
6289
6290
6291
6292
6293
6294
6295
6296
6297
6298
6299
6300
6301
6302
6303
6304
6305
6306
6307
6308
6309
6310
6311
6312
6313
6314
6315
6316
6317
6318
6319
6320
6321
6322
6323
6324
6325
6326
6327
6328
6329
6330
6331
6332
6333
6334
6335
6336
6337
6338
6339
6340
6341
6342
6343
6344
6345
6346
6347
6348
6349
6350
6351
6352
6353
6354
6355
6356
6357
6358
6359
6360
6361
6362
6363
6364
6365
6366
6367
6368
6369
6370
6371
6372
6373
6374
6375
6376
6377
6378
6379
6380
6381
6382
6383
6384
6385
6386
6387
6388
6389
6390
6391
6392
6393
6394
6395
6396
6397
6398
6399
6400
6401
6402
6403
6404
6405
6406
6407
6408
6409
6410
6411
6412
6413
6414
6415
6416
6417
6418
6419
6420
6421
6422
6423
6424
6425
6426
6427
6428
6429
6430
6431
6432
6433
6434
6435
6436
6437
6438
6439
6440
6441
6442
6443
6444
6445
6446
6447
6448
6449
6450
6451
6452
6453
6454
6455
6456
6457
6458
6459
6460
6461
6462
6463
6464
6465
6466
6467
6468
6469
6470
6471
6472
6473
6474
6475
6476
6477
6478
6479
6480
6481
6482
6483
6484
6485
6486
6487
6488
6489
6490
6491
6492
6493
6494
6495
6496
6497
6498
6499
6500
6501
6502
6503
6504
6505
6506
6507
6508
6509
6510
6511
6512
6513
6514
6515
6516
6517
6518
6519
6520
6521
6522
6523
6524
6525
6526
6527
6528
6529
6530
6531
6532
6533
6534
6535
6536
6537
6538
6539
6540
6541
6542
6543
6544
6545
6546
6547
6548
6549
6550
6551
6552
6553
6554
6555
6556
6557
6558
6559
6560
6561
6562
6563
6564
6565
6566
6567
6568
6569
6570
6571
6572
6573
6574
6575
6576
6577
6578
6579
6580
6581
6582
6583
6584
6585
6586
6587
6588
6589
6590
6591
6592
6593
6594
6595
6596
6597
6598
6599
6600
6601
6602
6603
6604
6605
6606
6607
6608
6609
6610
6611
6612
6613
6614
6615
6616
6617
6618
6619
6620
6621
6622
6623
6624
6625
6626
6627
6628
6629
6630
6631
6632
6633
6634
6635
6636
6637
6638
6639
6640
6641
6642
6643
6644
6645
6646
6647
6648
6649
6650
6651
6652
6653
6654
6655
6656
6657
6658
6659
6660
6661
6662
6663
6664
6665
6666
6667
6668
6669
6670
6671
6672
6673
6674
6675
6676
6677
6678
6679
6680
6681
6682
6683
6684
6685
6686
6687
6688
6689
6690
6691
6692
6693
6694
6695
6696
6697
6698
6699
6700
6701
6702
6703
6704
6705
6706
6707
6708
6709
6710
6711
6712
6713
6714
6715
6716
6717
6718
6719
6720
6721
6722
6723
6724
6725
6726
6727
6728
6729
6730
6731
6732
6733
6734
6735
6736
6737
6738
6739
6740
6741
6742
6743
6744
6745
6746
6747
6748
6749
6750
6751
6752
6753
6754
6755
6756
6757
6758
6759
6760
6761
6762
6763
6764
6765
6766
6767
6768
6769
6770
6771
6772
6773
6774
6775
6776
6777
6778
6779
6780
6781
6782
6783
6784
6785
6786
6787
6788
6789
6790
6791
6792
6793
6794
6795
6796
6797
6798
6799
6800
6801
6802
6803
6804
6805
6806
6807
6808
6809
6810
6811
6812
6813
6814
6815
6816
6817
6818
6819
6820
6821
6822
6823
6824
6825
6826
6827
6828
6829
6830
6831
6832
6833
6834
6835
6836
6837
6838
6839
6840
6841
6842
6843
6844
6845
6846
6847
6848
6849
6850
6851
6852
6853
6854
6855
6856
6857
6858
6859
6860
6861
6862
6863
6864
6865
6866
6867
6868
6869
6870
6871
6872
6873
6874
6875
6876
6877
6878
6879
6880
6881
6882
6883
6884
6885
6886
6887
6888
6889
6890
6891
6892
6893
6894
6895
6896
6897
6898
6899
6900
6901
6902
6903
6904
6905
6906
6907
6908
6909
6910
6911
6912
6913
6914
6915
6916
6917
6918
6919
6920
6921
6922
6923
6924
6925
6926
6927
6928
6929
6930
6931
6932
6933
6934
6935
6936
6937
6938
6939
6940
6941
6942
0.0003327688273588574 -0.0106396827410841 0
-0.00377833365457592 -0.01432369150705764 0
-0.008300546384704177 -0.01837610114962853 0
-0.01327498038784526 -0.02283375175645652 0
-0.01874685779130045 -0.0277371674239673 0
-0.02476592293510116 -0.03313092465822916 0
-0.03138689459328194 -0.03906405761591721 0
-0.03866996341728079 -0.04559050386937406 0
-0.04668133912367955 -0.05276959474817661 0
-0.05549385240071817 -0.0606665947148594 0
-0.06518761700546066 -0.06935329467821047 0
0.003234119328897854 -0.01336492949435111 0
-0.0002867739820905275 -0.01760366418822308 0
-0.004159756624177747 -0.02226627235148224 0
-0.008420037530473691 -0.02739514133106732 0
-0.01310634652739923 -0.03303689720861092 0
-0.01826128642401731 -0.03924282867390886 0
-0.02393172031029722 -0.04606935328573661 0
-0.03016919758520511 -0.05357853035874713 0
-0.03703042258760379 -0.0618386251390587 0
-0.04457777009024234 -0.07092472939740144 0
-0.05287985234314474 -0.08091944408157843 0
0.006478926568349127 -0.01573918022120693 0
0.003454327533758359 -0.02034124143883588 0
0.0001272685957085136 -0.02540350877822772 0
-0.003532496236146317 -0.03097200285155875 0
-0.007558237551186628 -0.03709734633222288 0
-0.01198655299773097 -0.04383522416095343 0
-0.01685769998892975 -0.05124688977255703 0
-0.02221596167924841 -0.05939972194532099 0
-0.02811004953859893 -0.06836783733536136 0
-0.03459354618388451 -0.07823276426440576 0
-0.04172539249369864 -0.08908418388635458 0
0.8833518038339572 -0.01759006235346799 0
0.8838890639694638 -0.02306375948544476 0
0.884480050118521 -0.0290848263306192 0
0.885130134882484 -0.03570799986031109 0
0.8858452281228433 -0.04299349074297217 0
0.8866318306872385 -0.05100753071389934 0
0.8874970935080733 -0.05982297468191925 0
0.8884488826109914 -0.06951996304674116 0
0.8894958506242014 -0.08018665024804524 0
0.8906475154387326 -0.09192000616947973 0
0.8919143467347166 -0.1048266976830577 0
0.8897532073720918 -0.01695825235765541 0
0.8902962051972155 -0.02243138320241932 0
0.8908935028048515 -0.02845182713165961 0
0.8915505301732511 -0.03507431545382393 0
0.8922732602784907 -0.04235905260820469 0
0.8930682633942543 -0.05037226347802352 0
0.8939427668215942 -0.05918679543482423 0
0.8949047205916681 -0.06888278058730501 0
0.8959628697387495 -0.07954836425503389 0
0.8971268338005389 -0.09128050628953564 0
0.8984071942685072 -0.1041858625274876 0
0.8960693463242395 -0.01632834620985123 0
0.8966175891603306 -0.02180095398432505 0
0.8972206562800308 -0.02782082253624625 0
0.897884030111701 -0.03444267794335958 0
0.8986137413265383 -0.04172671889118423 0
0.8994164236628592 -0.04973916393379135 0
0.9002993742328123 -0.05855285348065919 0
0.9012706198597606 -0.06824791198221382 0
0.9023389900494039 -0.07891247633392391 0
0.9035141972580114 -0.09064349712080501 0
0.9048069251874796 -0.1035476199863742 0
0.7889010221684424 0.03780306113795144 0
0.7896578271693104 0.04325074440354096 0
0.7904903126702653 0.04924319599568942 0
0.7914060467213156 0.05583489274705274 0
0.7924133541774711 0.06308575917355239 0
0.793521392379242 0.071061712242702 0
0.7947402344011901 0.07983526061876656 0
0.796080960625333 0.0894861638324376 0
0.7975557594718901 0.1001021573674757 0
0.799178038203103 0.1117797502560177 0
0.800962544807437 0.1246251024334138 0
0.900302599540255 0.02141609387172237 0
0.901147918182243 0.02685074581821968 0
0.9020777686884299 0.03282886295936673 0
0.9031006042452353 0.03940479181462847 0
0.9042257233577213 0.04663831355541639 0
0.905463354381456 0.05459518747028309 0
0.9068247485075641 0.06334774877663647 0
0.908322282046283 0.07297556621362521 0
0.9099695689388737 0.0835661653943128 0
0.9117815845207236 0.09521582449306916 0
0.9137748016607584 0.1080304495017012 0
0.7430525552781845 0.04402350103696429 0
0.7437745323237598 0.04947590956830428 0
0.7445687070738926 0.05547355895277827 0
0.7454422992990387 0.06207097327569967 0
0.7464032507466994 0.0693281290309132 0
0.7474602973391262 0.07731100036164809 0
0.7486230485907958 0.08609215882545646 0
0.7499020749676322 0.09575143313564569 0
0.7513090039821522 0.1063766348768538 0
0.7528566258981243 0.1180643567921828 0
0.7545590100056936 0.1309208508990446 0
0.9127795376112746 0.01946340376515391 0
0.9136357764018779 0.02489634624595378 0
0.9145776390715417 0.03087258297483364 0
0.9156136880081717 0.03744644337660148 0
0.9167533418384647 0.04467768981854611 0
0.918006961051787 0.0526320609046852 0
0.9193859421864417 0.06138186909943821 0
0.9209028214345617 0.07100665811366651 0
0.9225713886074938 0.08159392602931764 0
0.9244068124977191 0.09323992073653389 0
0.9264257787769669 0.1060505149144718 0
0.01003967415928192 -0.01782906748147367 0
0.0074505417567379 -0.02268683441255726 0
0.004602496113939483 -0.02803037803674921 0
0.001469645906861222 -0.03390827602336036 0
-0.001976489320924863 -0.04037396380863261 0
-0.005767238071489557 -0.0474862203724321 0
-0.009937061697110719 -0.05530970259261153 0
-0.014523867685294 -0.0639155330348089 0
-0.01956935427229561 -0.07338194652122602 0
-0.02511938951799738 -0.08379500135628487 0
-0.03122442828826933 -0.09524936167484957 0
0.013853769364699 -0.01966330235148106 0
0.01162553937417402 -0.02469470555122044 0
0.009174486384596538 -0.03022924907093377 0
0.00647832809606131 -0.03631724694261843 0
0.003512553978672561 -0.04301404460147154 0
0.0002502024495449374 -0.05038052202620998 0
-0.003338384232495446 -0.05848364719342225 0
-0.007285829582739871 -0.06739708487735575 0
-0.01162801946800874 -0.07720186632968261 0
-0.0164044283418045 -0.08798712592724216 0
-0.02165847810297983 -0.09985091148455766 0
0.01788570987269282 -0.02129836263179251 0
0.01595742003783508 -0.0264514475286542 0
0.01383630121949156 -0.03211984091520206 0
0.0115030705193137 -0.0383550736404047 0
0.008936516749118044 -0.04521382963812762 0
0.006113307601902825 -0.05275846123562282 0
0.003007777539966085 -0.06105755599286754 0
-0.0004083055281643294 -0.07018656022583673 0
-0.004165996903107788 -0.08022846488210285 0
-0.008299457415545591 -0.09127456000399559 0
-0.01284626397922717 -0.1034252646380776 0
0.7661975403914022 0.0409214007881769 0
0.7669368793622826 0.04637148225969745 0
0.7677501522302511 0.05236657187837006 0
0.7686447523850164 0.05896117045890993 0
0.7696288125552582 0.06621522889750379 0
0.7707112787425242 0.07419469317995703 0
0.7719019915485168 0.0829721038906556 0
0.7732117756351087 0.09262725567242402 0
0.7746525381303597 0.1032479226323693 0
0.7762373768751359 0.1149306562883091 0
0.7779806994943896 0.1277816633098429 0
0.7963621238569024 0.03676296675879137 0
0.7971244120746358 0.04220988563756785 0
0.7979629291141427 0.04820149640422197 0
0.7988852978576002 0.05479226824754151 0
0.7998999034754034 0.062042117275193 0
0.801015969654987 0.07001695120560963 0
0.802243642452529 0.07878926852906795 0
0.8035940825298251 0.0884388175848721 0
0.8050795666148508 0.09905332154625665 0
0.8067135991083791 0.1107292759037797 0
0.8085110348512603 0.123572825697055 0
0.7738171591681438 0.03988327482793908 0
0.7745627102443335 0.04533250992057405 0
0.7753828164281423 0.05132666852247252 0
0.7762849332303319 0.05792024298456082 0
0.7772772617127405 0.06517317489285795 0
0.7783688230433899 0.07315139999198481 0
0.7795695405071044 0.08192744760102436 0
0.7808903297171902 0.09158109997096785 0
0.7823431978482847 0.1022001175779057 0
0.7839413527924884 0.1138810369455373 0
0.7856993232311127 0.1267300482499321 0
0.6714190282949769 0.05313027685239594 0
0.6720842522335801 0.05858990038725244 0
0.6728159985660438 0.06459548627559458 0
0.6736209195317537 0.07120163075277094 0
0.6745063325940347 0.07846838967766495 0
0.6754802869625438 0.08646182449504836 0
0.6765516367679038 0.09525460279417008 0
0.6777301215537997 0.104926658923204 0
0.6790264548182853 0.1155659206651413 0
0.6804524214092195 0.1272691085812724 0
0.682020984659247 0.1401426152890165 0
0.986573651994273 0.007376913758926512 0
0.9874969284793701 0.01279886570762897 0
0.988512532612977 0.01876301285120167 0
0.9896296971599445 0.02532357470913164 0
0.9908585781616087 0.0325401927528546 0
0.9922103472634395 0.04047847260094987 0
0.9936972932754532 0.04921058043385466 0
0.9953329338886684 0.05881589905004993 0
0.997132138563205 0.06938174952786473 0
0.9991112637051953 0.08100418505346101 0
1.001288301361385 0.09378886413161691 0
0.2418184303042325 0.08451088846649424 0
0.2417552991107089 0.0900105647093736 0
0.241685854797833 0.09606020857654089 0
0.2416094660536695 0.1027148168304249 0
0.2415254384350897 0.1100348859096973 0
0.2414330080546519 0.118086961896897 0
0.2413313346361703 0.1269442454828167 0
0.2412194938758405 0.1366872574273283 0
0.2410964690394778 0.147404570566291 0
0.2409611417194788 0.1591936150191501 0
0.2408122816674799 0.172161563917295 0
0.2340649772697221 0.08439269805524025 0
0.2339633515847585 0.08989178817460589 0
0.2338515633312985 0.0959407873059081 0
0.2337285962524925 0.1025946863503406 0
0.2335933324658059 0.1099139752992162 0
0.2334445423004506 0.1179651931429795 0
0.2332808731185598 0.1268215327711191 0
0.2331008370184799 0.1365635063620726 0
0.232902797308392 0.1472796773121215 0
0.2326849536272954 0.1590674653571753 0
0.2324453255780891 0.1720340322067345 0
0.8183994471744426 0.03364270053713616 0
0.8191789143121361 0.03908718746287144 0
0.8200363281635991 0.04507612308118025 0
0.8209794834002082 0.05166395226131994 0
0.8220169541604783 0.0589105643594736 0
0.8231581719967754 0.06688183766744263 0
0.8244135116167023 0.07565023830620855 0
0.8257943851986218 0.08529547900885108 0
0.8273133461387333 0.09590524378175785 0
0.8289842031728558 0.1075759850319553 0
0.8308221459103907 0.1204138004071725 0
0.6875848055992803 0.05114075717129607 0
0.6882627665567569 0.0565988133998861 0
0.6890085236099811 0.06260267525133513 0
0.6898288563685279 0.06920692328792907 0
0.6907312224029293 0.07647159612818241 0
0.6917238250407708 0.08446273625246106 0
0.6928156879423965 0.09325299038916759 0
0.6940167371341847 0.1029222699395448 0
0.6953378912451518 0.1135584774449597 0
0.6967911607672155 0.1252583057009161 0
0.6983897572414857 0.1381281167824681 0
0.3378665830147126 0.08262168209932359 0
0.3380996075394189 0.08811675004472816 0
0.3383559345165958 0.09416132478467319 0
0.3386378941914905 0.1008103569986127 0
0.3389480498338746 0.1081242924339462 0
0.3392892210404971 0.116169621412813 0
0.3396645093677819 0.1250194832895665 0
0.3400773265277951 0.1347543313539954 0
0.3405314254038097 0.1454626642248671 0
0.3410309341674257 0.1572418303828261 0
0.3415803938074033 0.1701989131565809 0
0.3296837827764456 0.08295596046193615 0
0.3298992870473449 0.08845174427227026 0
0.3301363417453342 0.09449710646363779 0
0.3303971019131224 0.1011470048741421 0
0.3306839380976894 0.1084618931256968 0
0.3309994579007132 0.1165082702024069 0
0.3313465296840393 0.1253592849867881 0
0.331728308645698 0.1350954012496074 0
0.3321482655035226 0.1458051291387087 0
0.3326102180471297 0.15758582981672 0
0.3331183658450975 0.1705446005625326 0
0.8223541094095546 -0.0233044546403067 0
0.8228427948217939 -0.0287827019179954 0
0.8233803487752572 -0.03480877392345295 0
0.8239716581240669 -0.04143745312945628 0
0.8246220984077575 -0.04872900025605993 0
0.8253375827198172 -0.05674970209532395 0
0.8261246154630828 -0.06557247411851437 0
0.826990351480675 -0.07527752334402384 0
0.8279426611000265 -0.08595307749208425 0
0.828990201681313 -0.0976961870549507 0
0.8301424963207282 -0.1106136075741038 0
0.8294046503433854 -0.02267216003872998 0
0.8298989436855786 -0.02814990441008842 0
0.830442666361991 -0.0341754232185827 0
0.8310407613060449 -0.0408034939079264 0
0.831698665744504 -0.04809437166620448 0
0.8324223606268091 -0.05611433720031035 0
0.8332184249973447 -0.06493629928782683 0
0.8340940958049338 -0.07464045758409495 0
0.8350573336932818 -0.08531503170998989 0
0.8361168953704646 -0.09705706324847431 0
0.8372824132153658 -0.1099732979408072 0
0.8363922768910804 -0.02203769309182838 0
0.8368924382813573 -0.02751490466820745 0
0.8374426158106618 -0.03353983740222442 0
0.8380478110928968 -0.04016726340964311 0
0.8387135259033554 -0.04745743201780364 0
0.8394458121948597 -0.05547661748678024 0
0.8402513271155145 -0.0642977215026545 0
0.8411373935282348 -0.0740009359201162 0
0.8421120665822271 -0.08467447177932405 0
0.8431842069416187 -0.09641536122445268 0
0.8443635613369493 -0.1093303396140942 0
0.88745219611666 0.02340276941155099 0
0.8882868293760596 0.02883907300821704 0
0.8892049259613991 0.03481900696454969 0
0.8902148322052725 0.04139693431651562 0
0.8913257290735334 0.04863265440367812 0
0.8925477156286202 0.05659194649955689 0
0.8938919008392158 0.06534716780502353 0
0.8953705045708709 0.07497791124103684 0
0.8969969686756915 0.08557172902065147 0
0.8987860791909942 0.09722492857822757 0
0.9007541007578271 0.1100434480915613 0
0.758529093857376 0.0419571272727873 0
0.7592625593346155 0.04740800205445354 0
0.7600693713595789 0.05340396431428641 0
0.7609568645870387 0.05999952280010258 0
0.7619331071372444 0.06725463713450036 0
0.7630069739424707 0.07523526290233792 0
0.7641882274282197 0.08401395124695923 0
0.7654876062625435 0.09367050842604269 0
0.7669169229802998 0.1042927213230345 0
0.7684891713698316 0.1159771555097255 0
0.7702186445983167 0.1288300331150855 0
0.9943902495517298 0.006040443457641678 0
0.9953212205933797 0.01146107959094482 0
0.9963452887391944 0.01742377933757827 0
0.9974717636995907 0.02398274905887508 0
0.9987108861560265 0.03119761575230156 0
1.000073920858106 0.03913396911507069 0
1.001573259030393 0.04786395781411673 0
1.003222531019909 0.05746694538306739 0
1.005036730208377 0.06803023170891311 0
1.007032349315692 0.0796498466673434 0
1.009227530333738 0.09243142312161672 0
0.8742527522156965 0.0254150451165962 0
0.8750765942040369 0.03085299422175182 0
0.8759828203912113 0.03683473823742302 0
0.8769796691971031 0.04341465665466132 0
0.8780762028835842 0.05065256691362346 0
0.8792823899387133 0.05861426819848181 0
0.8806091956993554 0.067372139611826 0
0.8820686820360616 0.07700579816650462 0
0.8836741170064385 0.0876028225766511 0
0.8854400954738531 0.0992595494278122 0
0.887382671788009 0.1120819489640894 0
0.9684090088474857 0.01044108682317932 0
0.9693151551657221 0.0158659284011825 0
0.9703119161157823 0.021833254136986 0
0.9714083531608484 0.02839731244636985 0
0.972614433910421 0.03561777658669208 0
0.973941122734951 0.04356028714104654 0
0.9754004804419341 0.05229704875083644 0
0.9770057739196154 0.06190748652160534 0
0.9787715967450648 0.07247896806945114 0
0.9807140018530591 0.08410759777208149 0
0.9828506474718529 0.09689909044497488 0
0.750813733879741 0.04299137184668171 0
0.7515416381172046 0.04844299212731763 0
0.7523423327784146 0.05443977443601714 0
0.7532230969057455 0.06103623497558659 0
0.7541919374458096 0.068292341569113 0
0.75525766203988 0.07627405882199204 0
0.7564299590933575 0.08505394780015899 0
0.7577194858521827 0.09471182567614264 0
0.7591379652868905 0.1053354913397247 0
0.7606982926650691 0.1170215235696649 0
0.7624146527810655 0.1298761590225991 0
0.7115846732604718 0.04811674731581413 0
0.7122820643467318 0.0535723550291065 0
0.7130491945416179 0.05957352351372812 0
0.7138930377559924 0.0661748088468119 0
0.7148212652918045 0.07343622271320405 0
0.7158423155811977 0.08142377796623543 0
0.7169654708995303 0.09021008874456993 0
0.7182009417496962 0.09987503060073789 0
0.7195599596848785 0.1105064666425227 0
0.7210548794135792 0.1222010462884859 0
0.72269929111515 0.1350650838990455 0
0.8607275421106608 0.02745080032263227 0
0.8615403814775697 0.03289040524055091 0
0.8624345047811696 0.03887397065026141 0
0.8634180404151295 0.04545589260094296 0
0.8644999296124852 0.05269600674669266 0
0.8656900077295767 0.06066013230701733 0
0.8669990936583772 0.06942067042337448 0
0.8684390881800578 0.07905726235136734 0
0.8700230821539064 0.0896575134721595 0
0.8717654755251399 0.1013177897050309 0
0.8736821082334969 0.1141440935611893 0
0.3708456303388135 0.08101944255867133 0
0.3711452357245194 0.086511281529247 0
0.3714748016487959 0.09255230439688024 0
0.3718373241655 0.09919742955127681 0
0.3722360989338745 0.106507067221113 0
0.3726747511790865 0.1145476686579329 0
0.3731572686488197 0.1233923302384347 0
0.3736880378655262 0.1331214579769867 0
0.3742718840039034 0.143823498489394 0
0.3749141147561182 0.1555957430530419 0
0.3756205685835546 0.1685452120730546 0
0.3625671326043594 0.08145945357082676 0
0.362850948985195 0.0869521318570661 0
0.3631631470041144 0.09299407797192938 0
0.3635065648249256 0.09964021869827899 0
0.363884324427818 0.1069509734972636 0
0.3642998599909996 0.1149928037761466 0
0.3647569491104993 0.1238388170829179 0
0.3652597471419491 0.1335694317203664 0
0.3658128249765438 0.1442731078215597 0
0.366421210594598 0.1560471515328723 0
0.3670904347744576 0.1689985996153162 0
0.8675297831316264 0.02643046450391197 0
0.8683484278387337 0.03186919860529529 0
0.8692489370165517 0.03785180611681696 0
0.8702394971121514 0.04443267437949078 0
0.8713291132173112 0.05167162946843199 0
0.8725276909329869 0.05963448006626731 0
0.8738461264202302 0.06839361572388618 0
0.8752964054561978 0.07802866494726693 0
0.8768917123957622 0.08862721909298577 0
0.878646550029283 0.1002856286532765 0
0.8805768714261559 0.1131098791695963 0
0.6795177188402362 0.05213833981983315 0
0.6801895562333878 0.05759715331083681 0
0.6809285773658547 0.06360184815094085 0
0.6817415006115682 0.07020701247505527 0
0.6826357161818533 0.07747269323158115 0
0.6836193533091667 0.08546494206375961 0
0.6847013541492114 0.09425641577915592 0
0.6858915550732607 0.1039270368660919 0
0.6872007760897149 0.1145647200617214 0
0.6886409192078145 0.1262661715769139 0
0.690225076637724 0.1391377682436256 0
0.6956194362620757 0.05013836011945787 0
0.6963037039749734 0.05559562950149889 0
0.697056398459161 0.06159862582174403 0
0.6978843623917673 0.06820192177401369 0
0.6987951227176343 0.0754655473215103 0
0.699796959076088 0.08345553542375657 0
0.700898979070387 0.09224452233622747 0
0.702111201064116 0.1019124079399455 0
0.7034446452572177 0.1125470821040353 0
0.7049114338696297 0.124245223684534 0
0.7065249013432829 0.1371131794230827 0
0.9188689409251306 0.01850034380846756 0
0.9197305455712084 0.02393243764724235 0
0.920678310681894 0.02990774086989462 0
0.9217208523036481 0.03648057441481212 0
0.9228676480875776 0.04371069131422137 0
0.9241291234499001 0.05166381990357154 0
0.9255167463484548 0.06041226135185674 0
0.927043131536865 0.07003554694497045 0
0.9287221552441163 0.08062116109739555 0
0.9305690813220926 0.09226533666506315 0
0.9326007000078667 0.1050739297894975 0
0.8538491333613482 0.02847468005223854 0
0.8546562982986003 0.03391512964771225 0
0.8555441797295777 0.03989962420273334 0
0.8565208493036529 0.04648256821325654 0
0.8575951858351356 0.05372380662483206 0
0.8587769560197664 0.06168916887756512 0
0.8600769032228606 0.0704510673555715 0
0.861506845146264 0.0800891556813785 0
0.8630797812620077 0.09069105283976622 0
0.8648100109893259 0.1023531397139927 0
0.8667132636893758 0.1151814352756418 0
0.7813856031580706 0.03884347868923281 0
0.7821370194878775 0.04429190796374664 0
0.782963577450665 0.05028518016571187 0
0.7838727912097313 0.05687777958787362 0
0.7848729263447042 0.06412963895225154 0
0.7859730749931744 0.07210668425306727 0
0.7871832385064915 0.08088143408396455 0
0.7885144183711404 0.09053365889795156 0
0.7899787162222544 0.1011511061933373 0
0.7915894438584795 0.1128302982182616 0
0.7933612442583272 0.1256774094456783 0
0.7036200880666498 0.04913021995777787 0
0.7043110374049745 0.05458664738588914 0
0.7050710816771316 0.06058871755681153 0
0.7059071303765045 0.06719099474482616 0
0.7068267839458148 0.07445349965164225 0
0.707838402872056 0.08244225504913996 0
0.7089511836909214 0.09122988598638743 0
0.7101752425916732 0.1008962800173596 0
0.7115217073825003 0.1115293134514291 0
0.71300281865241 0.1232256502289055 0
0.7146320410493108 0.1360916206841295 0
0.8468975409739208 0.02950260023637678 0
0.8476995739061797 0.03494380870503223 0
0.8485818101316644 0.04092913802055323 0
0.8495522699796977 0.04751300026762634 0
0.8506197758125342 0.05475524873940674 0
0.8517940322286546 0.0627217220583652 0
0.8530857142863868 0.07148484270921948 0
0.8545065645498923 0.08112427542515922 0
0.8560694998397483 0.09172765141269293 0
0.85778872865859 0.10339136499898 0
0.8596798803593158 0.1162214499438958 0
0.9476644066985592 0.01386734653871256 0
0.9485507294716781 0.01929546222850935 0
0.9495256845221087 0.02526638948728581 0
0.9505981350775824 0.03183440947193992 0
0.9517778306886036 0.03905923145505944 0
0.9530754958607268 0.04700653563649092 0
0.9545029275500624 0.05574857023606555 0
0.9560731024083314 0.06536480829559763 0
0.9578002947524275 0.07594267016108293 0
0.9597002063309331 0.08757831821311675 0
0.9617901090672893 0.100377531070354 0
0.7102970645462535 -0.0324167332183814 0
0.7106997821901784 -0.03790197046949126 0
0.7111427715984957 -0.0439357314457121 0
0.7116300599476447 -0.05057286851955503 0
0.7121660771317088 -0.05787371930078225 0
0.7127556960341791 -0.06590465516013219 0
0.7134042768268966 -0.07473868460541713 0
0.7141177156988857 -0.08445611699523056 0
0.7149024984580737 -0.09514529262402535 0
0.7157657594931806 -0.1069033858156996 0
0.7167153466317981 -0.1198372883265413 0
0.7180750885827227 -0.03184134813456244 0
0.718483625285404 -0.03732615493194663 0
0.7189330156583533 -0.04335944240906923 0
0.7194273450685976 -0.04999605863390411 0
0.7199711074198664 -0.05729633648122245 0
0.7205692460062619 -0.06532664211327265 0
0.7212271984512971 -0.07415997830852784 0
0.7219509461408358 -0.08387664812330857 0
0.7227470685993282 -0.09456498491956739 0
0.7236228033036701 -0.1063221553954521 0
0.7245861114784461 -0.1192550429189252 0
0.7258160689733751 -0.03126077687887379 0
0.7262303160722648 -0.0367451554130914 0
0.7266859878810435 -0.04277797180073077 0
0.7271872268707001 -0.04941406982713407 0
0.7277385897593224 -0.05671377765617772 0
0.7283450889368068 -0.06474345626812572 0
0.7290122380320397 -0.07357610274126852 0
0.729746102036796 -0.08329201386172561 0
0.7305533524420278 -0.0939795160942284 0
0.7314413278877828 -0.1057357685499815 0
0.7324181008781133 -0.1186676462513099 0
0.6551328339050615 0.05509293206596669 0
0.6557837846087498 0.06055427576077049 0
0.6564998303828068 0.06656175382505466 0
0.6572874807342695 0.07316997969576726 0
0.6581538961208785 0.08043902815355111 0
0.6591069530461484 0.08843498145711334 0
0.6601553156639453 0.0972305300910318 0
0.6613085145435218 0.1069056335883421 0
0.6625770333110561 0.1175482474353835 0
0.6639724039553437 0.1292551226671289 0
0.6655073116640602 0.142132685422049 0
0.646949153210771 0.05606316174120238 0
0.6475933940912687 0.06152530095087125 0
0.6483020590598162 0.06753365408150702 0
0.6490815905252184 0.07414284252520635 0
0.6499390751371609 0.08141294981327563 0
0.6508823082102976 0.08941006783015182 0
0.6519198645907479 0.09820689764871565 0
0.6530611766092433 0.1078834104491359 0
0.6543166198295883 0.1185275745295981 0
0.6556976073719678 0.1302361550181065 0
0.6572166936685852 0.1431155935554658 0
0.3543097021876859 0.08187379427256794 0
0.3545767136574752 0.08736731592244253 0
0.3548704262742435 0.09341018973730457 0
0.3551935101526886 0.1000573509336528 0
0.3555489024189783 0.1073692282496359 0
0.3559398339118969 0.1154122932972173 0
0.3563698585541073 0.1242596648495568 0
0.3568428856605388 0.1339917735571303 0
0.3573632154776135 0.1446970931354611 0
0.3579355782763955 0.156472944671625 0
0.3585651773550559 0.1694263813614053 0
0.3460755050800117 0.08226093493183789 0
0.3463254336112854 0.0877552598887639 0
0.3466003549956865 0.09379901734138252 0
0.3469027685185276 0.100447150539263 0
0.3472354233936529 0.1077600970569315 0
0.3476013437562908 0.1158043382263669 0
0.3480038561551924 0.1246530035127458 0
0.3484466197939841 0.1343865353277626 0
0.348933659796655 0.1450934203242811 0
0.3494694037995931 0.1568709938204514 0
0.3500587222028249 0.1698263246662388 0
0.9688209772033486 -0.008616388311910981 0
0.9694340022788012 -0.01408211848768542 0
0.970108329861799 -0.02009442168103731 0
0.9708500902030964 -0.02670795519372439 0
0.9716660265785237 -0.03398284205768018 0
0.9725635565914938 -0.04198521760803155 0
0.9735508396057608 -0.05078783071341804 0
0.9746368509214547 -0.06047070512934319 0
0.9758314633687177 -0.07112186698686086 0
0.9771455370607073 -0.0828381450301303 0
0.9785910181218956 -0.09572605087772669 0
0.9735239127895454 -0.008086767954446634 0
0.9741410071032667 -0.01355203988153342 0
0.97481981084836 -0.01956383900132888 0
0.9755664949679627 -0.02617681803310389 0
0.9763878474995257 -0.0334510949680564 0
0.9772913352842449 -0.04145279959650416 0
0.9782851718474361 -0.05025467468779671 0
0.9793783920669464 -0.0599367372882185 0
0.9805809343084078 -0.07058700614868249 0
0.9819037307740152 -0.08230230189519286 0
0.9833588068861834 -0.09518912721635427 0
0.9780623728001556 -0.007572959950245846 0
0.9786837779825501 -0.01303774384451425 0
0.9793673236831841 -0.0190490061282095 0
0.9801192239538814 -0.02566139464027427 0
0.9809463142516486 -0.03293502200354551 0
0.9818561135791923 -0.04093601210314388 0
0.9828568928394905 -0.0497371012127021 0
0.9839577500258185 -0.05941829923321613 0
0.9851686929307792 -0.07006761705578157 0
0.9865007301262362 -0.08178186666060355 0
0.9879659710412387 -0.09466754122590773 0
0.6867541833337967 -0.03410364993450421 0
0.6871376190151619 -0.03959026873702683 0
0.6875593982646636 -0.04562554941980172 0
0.6880233554391155 -0.05226435817085408 0
0.6885337083310126 -0.05956704779701169 0
0.6890950965120994 -0.06760000638578506 0
0.6897126235112949 -0.07643626083343576 0
0.6903919032104099 -0.08615614072585154 0
0.6911391108794365 -0.0968480086075089 0
0.6919610393153656 -0.108609063277332 0
0.6928651605948877 -0.1215462234141374 0
0.6946348382195211 -0.03354861147718187 0
0.6950246203839449 -0.03903478331216374 0
0.695453380764811 -0.04506957233064381 0
0.6959250171837637 -0.05170784025097187 0
0.6964438172446117 -0.05900993496333275 0
0.6970144973115445 -0.06704223914692971 0
0.6976422453851706 -0.07587777374888638 0
0.6983327682661593 -0.0855968618110387 0
0.6990923434352468 -0.09628785867940627 0
0.6999278761212432 -0.1080479552346106 0
0.7008469620758391 -0.1209840614453353 0
0.7024831395876331 -0.0329861083656247 0
0.7028795707469186 -0.03847180367427772 0
0.7033156450221327 -0.04450606851379603 0
0.7037953267248682 -0.05114375983726618 0
0.7043229765978772 -0.05844522029308334 0
0.7049033914581871 -0.0664768267944822 0
0.7055418478045281 -0.07531159394602097 0
0.7062441497855032 -0.08502983781271362 0
0.7070166819645758 -0.09571990606607551 0
0.7078664673615556 -0.1074789811447736 0
0.7088012312982334 -0.1204139637313415 0
0.2892164673631488 0.08419733596893383 0
0.2893342831335719 0.08969608786037844 0
0.2894638804810372 0.09574471494096752 0
0.2896064375632491 0.1023982047296155 0
0.2897632503536822 0.1097170434971283 0
0.2899357444231586 0.1177677661413924 0
0.2901254878995826 0.1266235610500828 0
0.290334205723649 0.1363649354496424 0
0.2905637953301221 0.1470804472891578 0
0.2908163438972424 0.1588675103126249 0
0.2910941473210749 0.1718332796384386 0
0.2812191741373972 0.0843506077708108 0
0.2813103253120742 0.08984987102409604 0
0.2814105916042188 0.09589906060270981 0
0.281520884525578 0.102553169139185 0
0.281642206739073 0.1098726885293076 0
0.2817756611739176 0.1179241598584425 0
0.2819224610522467 0.1267807783204909 0
0.2820839409184086 0.1365230586287442 0
0.2822615687711867 0.1472395669678228 0
0.2824569594092426 0.1590277261408093 0
0.2826718891111042 0.1719947012310943 0
0.0509264342202718 -0.02906177470924312 0
0.05008340835340265 -0.0344969313103288 0
0.04915607989984659 -0.04047560357152304 0
0.04813601860093492 -0.04705214305883671 0
0.04701395117213209 -0.05428633649488175 0
0.04577967700044897 -0.06224394927453129 0
0.04442197541159754 -0.07099732333214578 0
0.04292850366386097 -0.08062603479552174 0
0.04128568474135074 -0.09121761740523529 0
0.03947858392658949 -0.1028683582759202 0
0.03749077303035211 -0.1156841732336736 0
0.056216196861973 -0.02984245871791131 0
0.05544325777310853 -0.03528796130977432 0
0.05459302477535761 -0.04127801416082364 0
0.05365776847783159 -0.04786707229697789 0
0.05262898655055297 -0.05511503624674756 0
0.0514973264305465 -0.0630877965914942 0
0.05025250029853937 -0.0718578329707155 0
0.04888319155333153 -0.08150487298785894 0
0.0473769519336029 -0.09211661700671672 0
0.04572008835190142 -0.1037895354274603 0
0.04389753841202978 -0.1166297456902782 0
0.0616314567009854 -0.03058029296810684 0
0.0609198580527906 -0.03603415498455093 0
0.06013709953977632 -0.04203340320263944 0
0.05927606517546061 -0.04863257624253679 0
0.05832892737471333 -0.05589166658642388 0
0.05728707579389133 -0.06387666596469968 0
0.05614103905498713 -0.07266016528080307 0
0.0548803986421925 -0.08232201452851678 0
0.05349369418811841 -0.09295004870100189 0
0.05196831928863692 -0.1046408862907355 0
0.05029040689920727 -0.1175008076394424 0
0.3215281646685789 0.08326226775959206 0
0.3217250124361297 0.08875875242526902 0
0.3219415449804355 0.09480488555751368 0
0.322179730779172 0.1014556320029828 0
0.3224417351577821 0.1087714530929988 0
0.3227299399742533 0.1168188562920165 0
0.3230469652723715 0.1256709998109359 0
0.3233956931003016 0.1354083576817472 0
0.3237792937110247 0.1461194513396397 0
0.32420125438282 0.1579016543633214 0
0.324665411121795 0.1708620776893713 0
0.3134017983386805 0.08353898493633022 0
0.3135793990947757 0.0890361251643384 0
0.3137747599264805 0.09508297941514737 0
0.3139896568413557 0.1017345190910373 0
0.3142260434477183 0.1090512127345161 0
0.3144860687147173 0.1170995757423429 0
0.3147720965084161 0.1259527750509523 0
0.3150867270814849 0.1356912942904227 0
0.3154328207118606 0.1464036654538401 0
0.3158135237052738 0.1581872737335993 0
0.3162322969980282 0.1711492428413344 0
0.9824232489979171 -0.007074883539688425 0
0.9830491835528928 -0.01253915012257636 0
0.9837377115633662 -0.01854984336375308 0
0.9844950923748869 -0.02516160592904748 0
0.9853282112675595 -0.03243454475087132 0
0.9862446420494996 -0.04043477745487754 0
0.9872527159096336 -0.04923503342928439 0
0.988361597155781 -0.05891531500113192 0
0.989581366526543 -0.06956362473016421 0
0.9909231128343814 -0.08127676543209973 0
0.9923990337730036 -0.09416122020422879 0
0.9865894091382583 -0.006596234835587729 0
0.9872187614370569 -0.01206010876046987 0
0.9879110489657353 -0.01807037007784023 0
0.9886725652472816 -0.02468165752694762 0
0.9895102331569825 -0.03195407372096576 0
0.9904316678576536 -0.0399537315343857 0
0.9914452460283917 -0.04875335512914765 0
0.9925601820162036 -0.05843294108338579 0
0.9937866116027967 -0.06908048563304774 0
0.9951356841480491 -0.08079278463767589 0
0.9966196639478268 -0.09367631354276684 0
0.9905404703388937 -0.006139959031776465 0
0.9911735031913589 -0.01160340792592092 0
0.9918698393290705 -0.01761320170947982 0
0.9926358090805533 -0.0242239748713946 0
0.9934783758071845 -0.03149582534950086 0
0.9944051992064786 -0.03949486087541775 0
0.9954247049457022 -0.04829379995392634 0
0.9965461612588482 -0.05797263294028578 0
0.9977797632033089 -0.06861934922528118 0
0.9991367253422155 -0.0803307371387761 0
1.000629383695013 -0.09321326384362053 0
0.5387525259527587 0.06782532795233343 0
0.5392924473985755 0.07329876420435036 0
0.539886360988974 0.07931954408156899 0
0.5405396659384124 0.08594240194650948 0
0.5412583013827946 0.09322754559794402 0
0.5420488003716151 0.101241203614522 0
0.5429183492593176 0.1100562274327578 0
0.5438748530357903 0.1197527536328172 0
0.5449270071899103 0.1304189324528825 0
0.5460843767594422 0.1421517291549543 0
0.5473574832859274 0.1550578055272334 0
0.5303393211533324 0.06864837314306294 0
0.5308703844837412 0.07412267600085753 0
0.5314545541471911 0.08014440914443159 0
0.5320971407769859 0.08676831560236306 0
0.5328039860697602 0.09405461270608768 0
0.5335815158918119 0.1020695395201848 0
0.5344367986960687 0.1108859590156915 0
0.5353776097807513 0.120584020460749 0
0.5364125019739021 0.1312518880503122 0
0.537550883386368 0.1429865423988318 0
0.5388031029400805 0.1558946621822033 0
0.5890287024622972 0.06261892841459804 0
0.5896204301016499 0.06808700640659253 0
0.5902713305049379 0.07410189219778648 0
0.5909873209485546 0.08071826656809983 0
0.591774910436533 0.08799627837544452 0
0.5926412588733092 0.09600209136352367 0
0.5935942421537631 0.1048084856504107 0
0.5946425237622623 0.1144955193659865 0
0.5957956335316115 0.1251512564531199 0
0.5970640542778956 0.1368725672489666 0
0.5984593170988081 0.1497660091243979 0
0.580680304370216 0.06351570764667178 0
0.5812636102939319 0.06898469032623042 0
0.5819052468100195 0.07500057127374492 0
0.5826110469777157 0.08161804031601089 0
0.5833874271621816 0.08889725626250344 0
0.5842414453650941 0.09690439380364525 0
0.5851808653882978 0.1057122450989012 0
0.586214227413822 0.1154008815236828 0
0.5873509256418985 0.1260583815909426 0
0.5886012936927827 0.1377816316649283 0
0.5899766985487552 0.1506772067463126 0
0.8256228797650682 0.03260504413917426 0
0.8264077652379085 0.03804875269963377 0
0.8272711392580328 0.04403683211613924 0
0.8282208506801695 0.05062371947429524 0
0.8292655332445199 0.05786929556826685 0
0.8304146840653054 0.06583942927163562 0
0.8316787499681694 0.07460657634534128 0
0.8330692224613198 0.0842504381264175 0
0.8345987422037852 0.09485868608560134 0
0.8362812139204971 0.1065277588407036 0
0.8381319328088803 0.119363738871316 0
0.8433143136158858 -0.02140197201442022 0
0.843819867597116 -0.02687868834763098 0
0.8443759769764693 -0.03290307631416283 0
0.8449876972937579 -0.03952990307734786 0
0.8456605896427754 -0.04681941251685139 0
0.8464007712266945 -0.05483787290030528 0
0.8472149709690057 -0.06365817932210456 0
0.8481105906855478 -0.07336051638608376 0
0.8490957723737443 -0.08403308715646091 0
0.8501794722307604 -0.09577291500387575 0
0.8513715420734781 -0.1086867256360321 0
0.8501687332483047 -0.02076599199700311 0
0.8506792827650497 -0.02624224483620902 0
0.8512408872334692 -0.03226612295933552 0
0.8518586521487308 -0.03889238889477468 0
0.8525381935555184 -0.04618128142375775 0
0.8532856891029849 -0.05419906320563912 0
0.8541079342051979 -0.06301862316570864 0
0.8550124038176323 -0.07272013912178511 0
0.8560073203913101 -0.08339180667346924 0
0.8571017286223557 -0.09513064098032176 0
0.8583055776765058 -0.1080433587178595 0
0.856954036996741 -0.02013034476070306 0
0.8574700109008845 -0.02560608945693821 0
0.8580375821954422 -0.03162940862279689 0
0.8586619106194558 -0.03825505970524144 0
0.8593486718858708 -0.04554327589593043 0
0.8601041092789272 -0.05356031370568833 0
0.8609350904112893 -0.06237905529642201 0
0.8618491696568876 -0.07207967104622906 0
0.8628546568270457 -0.08275034837101683 0
0.8639606927142196 -0.09448809342828338 0
0.8651773321901109 -0.1073996129912766 0
0.6632900987363277 0.05411551244028572 0
0.6639481694012915 0.059576002983787 0
0.6646720471327516 0.0655825425816384 0
0.6654683126373577 0.07218973613927493 0
0.6663442046924244 0.07945764905267513 0
0.6673076859529978 0.08745235325741535 0
0.6683675153396286 0.09624652788262958 0
0.6695333276649224 0.1059201199703652 0
0.6708157212227456 0.1165610712668745 0
0.6722263541363511 0.1282661176930346 0
0.6737780503413172 0.1411416687618108 0
0.1383999861256615 0.07700213046075798 0
0.137571129248513 0.08243944152539923 0
0.1366593866836495 0.0884204836965046 0
0.1356564698622998 0.09499963008472052 0
0.134553261358815 0.102236691111758 0
0.1333397320049818 0.1101974582414993 0
0.1320048497157652 0.1189543020842147 0
0.130536479197627 0.1285868303112016 0
0.128921271627675 0.1391826113608872 0
0.1271445433007277 0.1508379705155414 0
0.1251901421410858 0.1636588655856611 0
0.1315324894682711 0.07590794104024878 0
0.1306304245139958 0.08133359044865204 0
0.129638153064293 0.08730180479789562 0
0.1285466544696199 0.09386684058206357 0
0.1273460060154794 0.1010883799446483 0
0.126025292715925 0.1090320732434915 0
0.1245725080864151 0.1177701358722191 0
0.1229744449939542 0.1273820047638194 0
0.1212165755922472 0.1379550605445797 0
0.1192829192503695 0.149585421903416 0
0.117155897274304 0.162378819398136 0
0.06257246362553039 0.05841719051795679 0
0.06068759093733045 0.06358448961012068 0
0.05861423098031052 0.06926851861150098 0
0.0563335350275886 0.0755209505130193 0
0.05382476947959448 0.08239862560468944 0
0.05106512737680096 0.0899640682055266 0
0.04802952106372808 0.09828605506644747 0
0.04469035411934792 0.1074402406134604 0
0.04101727048052974 0.1175098447151747 0
0.03697687847782972 0.1285864092270604 0
0.03253244727485972 0.1407706301901347 0
0.05701858032725119 0.05632084544174243 0
0.05501975233773656 0.06144513849046793 0
0.05282104154927047 0.06708186084406598 0
0.05040245968195777 0.07328225543302384 0
0.0477420196279138 0.08010268948087748 0
0.04481553556846543 0.0876051669335165 0
0.04159640310307224 0.0958578921314194 0
0.03805535739113971 0.1049358898491126 0
0.03416020710801393 0.1149216873385751 0
0.02987554179657557 0.1259060645769839 0
0.02516240995399338 0.1379888795392336 0
0.02257791863388617 0.03930795948054948 0
0.01961237318646189 0.04394110547287405 0
0.01635027319429518 0.04903756606443108 0
0.01276196320291179 0.05464367271514381 0
0.008814822212390074 0.06081039003092781 0
0.004472967122816182 0.0675937790782902 0
-0.0003030734757151002 0.07505550703038885 0
-0.005556718134099511 0.08326340777769736 0
-0.01133572725832237 0.09229209859973672 0
-0.01769263729496751 0.10222365850398 0
-0.02468523833527716 0.1131483743986476 0
0.01840386671310628 0.03652477293695309 0
0.01526139466376122 0.04103997095977385 0
0.01180467540948166 0.04600668878487668 0
0.008002284229774139 0.05147007839248979 0
0.003819653932095868 0.05747980696086422 0
-0.0007812393953502278 0.06409050838607609 0
-0.005842222055540938 0.07136227995380914 0
-0.01140930298175072 0.07936122867831552 0
-0.01753309200058148 0.08816007227527252 0
-0.02426925992129531 0.09783880023192522 0
-0.03167904463408053 0.1084854009842432 0
0.4041465637164685 0.07902115793214057 0
0.4045053710099347 0.08450944602624483 0
0.4049000590327475 0.09054656292975952 0
0.4053342158578415 0.09718739152362568 0
0.405811788365445 0.1044923029768784 0
0.4063371181238087 0.1125277055754565 0
0.4069149808580089 0.1213666484338923 0
0.4075506298656291 0.1310894855781718 0
0.4082498437740114 0.1417846064368792 0
0.4090189790732318 0.1535492393814573 0
0.4098650279023743 0.1664903356204932 0
0.3957961043754465 0.0795563731139223 0
0.3961404970479798 0.08504558519471203 0
0.3965193289877665 0.09108371848358074 0
0.3969360441215319 0.0977256651013363 0
0.3973944307686738 0.1050318063808674 0
0.3978986560805298 0.1130685617883517 0
0.3984533039235715 0.1219089927365843 0
0.3990634165509174 0.1316334667796403 0
0.3997345404409978 0.1423303882270018 0
0.4004727767200863 0.1540970018190995 0
0.4012848366270836 0.167040276770407 0
0.1247523159341615 0.07473311039066829 0
0.1237759481079476 0.08014588759657892 0
0.1227019434991123 0.08609994252308062 0
0.1215205384293935 0.09264940294223248 0
0.1202209928527029 0.09985380940329952 0
0.1187914927183431 0.1077786565104733 0
0.1172190425705474 0.1164959883283644 0
0.1154893474079721 0.1260850533280446 0
0.1135866827291393 0.1366330248276929 0
0.1114937515824232 0.148235793477306 0
0.1091915273210354 0.1609988389918804 0
0.1180618264266089 0.07347812191534252 0
0.1170088340319077 0.07887652880932672 0
0.1158505423977365 0.08481477639270936 0
0.1145764216001481 0.09134684873443025 0
0.1131748887228008 0.09853212831032324 0
0.1116332025577189 0.1064359358438055 0
0.1099373477761287 0.115130124130636 0
0.1080719075163796 0.1246937312461496 0
0.1060199232306555 0.1352136990732145 0
0.103762740516359 0.146785663682986 0
0.1012798395306329 0.1595148247537345 0
0.9634394070134873 0.01126867043870436 0
0.9643403984748068 0.01669437046321852 0
0.9653314890822583 0.0226626404901841 0
0.9664216887504549 0.02922773751984624 0
0.9676209083854712 0.03644934425247459 0
0.9689400499839891 0.04439311165836578 0
0.9703911057423588 0.05313125580484609 0
0.9719872670765655 0.06274321436597442 0
0.9737430445441928 0.07331636878321561 0
0.9756743997585828 0.0849468386421809 0
0.9777988904944119 0.09774035548704273 0
0.1026732516638854 -0.0347978873679348 0
0.1022067062372939 -0.04027807482209567 0
0.1016935062680432 -0.04630628102167263 0
0.1011289863018674 -0.05293730784120729 0
0.100508014339074 -0.06023143734269541 0
0.09982494518000132 -0.06825497979433234 0
0.09907356910502135 -0.07708087649113296 0
0.09824705542254339 -0.08678936285761366 0
0.09733789037181763 -0.09746869786074243 0
0.09633780881601929 -0.1092159663641841 0
0.09523771910464111 -0.1221379617179699 0
0.1089394724039332 -0.03531876289588173 0
0.1084927041439933 -0.04080059449411654 0
0.1080012590580593 -0.04683060925217483 0
0.107460669463532 -0.05346362548603895 0
0.106866020909552 -0.06075994334328947 0
0.1062119075001739 -0.06878589298626506 0
0.105492382749858 -0.07761443759353819 0
0.1047009055245106 -0.08732583666153865 0
0.1038302805766284 -0.09800837563633916 0
0.102872593133958 -0.1097591685086197 0
0.1018191369470205 -0.1226850406681283 0
0.1152944695564789 -0.03582626985214109 0
0.114863000838685 -0.04130932337370681 0
0.1143883852491117 -0.0473406822474291 0
0.1138663081005811 -0.05397517700852362 0
0.1132920232371973 -0.06127312124572759 0
0.1126603098874753 -0.06930085990665197 0
0.111965425202781 -0.07813137243366877 0
0.1112010520496172 -0.08784493621338726 0
0.1103602415811372 -0.0985298563710776 0
0.109435350065809 -0.110283268544537 0
0.1084179693989481 -0.1232120219353423 0
1.00085056186646 0.004927123350528563 0
1.001786179919566 0.01034695903610998 0
1.002815359777983 0.01630877829024955 0
1.003947457622242 0.02286677946980306 0
1.005192765250926 0.03008058076731193 0
1.006562603642479 0.03801576219457169 0
1.008069425873187 0.04674446176455742 0
1.009726930326966 0.05634603129154173 0
1.011550185226122 0.06690775777122447 0
1.013555765615195 0.07852565689887549 0
1.015761904043174 0.0913053459392916 0
1.001542532987779 0.004756111014433215 0
1.003239319274336 0.009987833130309752 0
1.005105784189549 0.01574272745777395 0
1.007158895596283 0.02207311121798456 0
1.009417318143691 0.02903653335421623 0
1.011901582945839 0.03669629770407106 0
1.014634274228202 0.04512203848891139 0
1.017640234638802 0.05439035335223574 0
1.020946791090461 0.06458549970189255 0
1.024584003187286 0.07580016068651502 0
1.028584936493794 0.08813628776959974 0
1.002203155565857 0.004488441327747724 0
1.004626626688299 0.009425726788270222 0
1.007292444922986 0.01485674079484497 0
1.010224844981142 0.02083085620207719 0
1.013450485045113 0.02740238315003263 0
1.016998689115481 0.03463106279278362 0
1.020901713592886 0.04258261039980971 0
1.025195040518032 0.05132931276753841 0
1.029917700135692 0.06095068537203999 0
1.035112625715118 0.07153419523699171 0
1.040827043852487 0.0831760560884386 0
1.002819003919934 0.004129554079970231 0
1.005919908231861 0.008672063567937484 0
1.00933090297498 0.01366882400470147 0
1.013082997192412 0.01916526048514184 0
1.017210300831587 0.02521134061362626 0
1.021750334834679 0.03186202875495912 0
1.026744372238081 0.03917778571042526 0
1.032237813381822 0.04722511836143802 0
1.038280598639938 0.05607718427755206 0
1.044927662423866 0.0658144567852775 0
1.052239432586186 0.07652545654377549 0
1.003377562305509 0.003686742854119613 0
1.00709288084157 0.007742159993651187 0
1.011179731231236 0.01220311884713592 0
1.015675266659869 0.01711017358596912 0
1.020620355631366 0.02250793379868565 0
1.026059953500011 0.02844547003267382 0
1.032043511155522 0.03497675989006082 0
1.038625424576584 0.04216117873318652 0
1.045865529339751 0.05006403946062479 0
1.053829644579236 0.05875718626080689 0
1.062590171342669 0.06831964774100718 0
1.003867479268941 0.003169006800924775 0
1.008121706464777 0.006654914281942028 0
1.012801356380197 0.01048941251106101 0
1.017948971287158 0.01470736056309188 0
1.023611347684815 0.01934710342032584 0
1.029839961722238 0.0244508205632832 0
1.036691437163403 0.0300649094205363 0
1.044228060148685 0.0362404071635147 0
1.052518345432495 0.04303345468079096 0
1.061637659244686 0.05050580694979483 0
1.071668904438096 0.05872539444569909 0
1.004278798340427 0.002586867751153534 0
1.008985476514897 0.005432422277422422 0
1.014162822506814 0.0085625322563182 0
1.019857903097922 0.01200565323310355 0
1.026122491748142 0.01579308630756745 0
1.033013539263383 0.01995926268947772 0
1.040593691530148 0.02454205670957903 0
1.04893185902359 0.02958313013169047 0
1.058103843266376 0.03512831089601306 0
1.068193025933441 0.0412280097367679 0
1.079291126867212 0.04793767846159822 0
1.00460316037705 0.001952156382865169 0
1.009666636791804 0.004099528404016855 0
1.015236460848034 0.006461637627283709 0
1.021363267309887 0.009059957772877249 0
1.028102754417925 0.01191810993303014 0
1.035516190236767 0.01506207730919833 0
1.043670969637493 0.01852044142298333 0
1.052641226978292 0.02232464194814683 0
1.062508510053171 0.02650926252582669 0
1.073362521435538 0.03111234516127452 0
1.085301933956141 0.03617573606026715 0
1.004833973443718 0.00127777178926041 0
1.010151344231808 0.00268332075744686 0
1.016000452098706 0.004229424622451956 0
1.022434470752295 0.005930138873957561 0
1.029511891271242 0.007800924550613727 0
1.037297053842084 0.00985878879493551 0
1.045860732670011 0.01212243946368947 0
1.05528077938073 0.01461245519931883 0
1.065642830762521 0.01735147250851113 0
1.077041087282491 0.02036439154862265 0
1.089579169454458 0.02367860249274532 0
1.004966546779549 0.0005774193333761679 0
1.010429748237052 0.001212580600089953 0
1.016439269840306 0.001911257993475116 0
1.023049743603885 0.002679803126198795 0
1.030321264743821 0.003525202772194843 0
1.038319937997752 0.004455142382790495 0
1.047118478577076 0.005478075954445713 0
1.056796873214332 0.006603302883266453 0
1.067443107315313 0.007841052504969267 0
1.079153964826393 0.009202577088842362 0
1.092035908088581 0.01070025413110277 0
1.004998186127119 -0.0001346678828562443 0
1.01049619086695 -0.0002828025539981131 0
1.016543996080765 -0.0004457506922541687 0
1.02319658181596 -0.0006249936443358299 0
1.030514426124675 -0.0008221608916256573 0
1.038564054864262 -0.001039044863644467 0
1.047418646477808 -0.001277617232865158 0
1.057158697252708 -0.001540046839007919 0
1.067872753105098 -0.001828719405764955 0
1.079658214542727 -0.002146259229197695 0
1.092622222124119 -0.002495553034973709 0
1.004928248487244 -0.0008440182746690914 0
1.010349321823213 -0.001772438376805092 0
1.016312502492778 -0.002793700489154693 0
1.0228720012293 -0.003917088812739253 0
1.030087449839475 -0.005152815968682271 0
1.038024443310666 -0.006512115840219588 0
1.046755136128977 -0.008007345698910638 0
1.056358898229119 -0.009652098543470796 0
1.066923036539275 -0.01146132667248697 0
1.078543588680447 -0.01345147761440476 0
1.091326196035735 -0.01564064365051432 0
1.004758155186498 -0.001536215877148045 0
1.009992125891646 -0.003226053342010895 0
1.015749493667309 -0.005084874553360029 0
1.022082598220537 -0.007129577885844078 0
1.029049013229089 -0.00937875155157653 0
1.036712069738496 -0.01185284258388223 0
1.045141431898844 -0.0145743427194185 0
1.054413730275226 -0.01756799286850839 0
1.064613258489247 -0.02086100803250728 0
1.07583273952467 -0.02448332471290605 0
1.088174168663635 -0.0284678730613447 0
1.004491362991923 -0.00219719331757253 0
1.009431862283038 -0.004614105966902315 0
1.014866411503265 -0.007272709881165077 0
1.020844415645514 -0.01019717418685412 0
1.027420220201988 -0.01341408492311206 0
1.03465360521411 -0.01695268673299579 0
1.042610328727444 -0.0208451487238679 0
1.051362724592112 -0.02512685691382723 0
1.060990360043246 -0.02983673592278249 0
1.071580759039493 -0.03501760283263326 0
1.083230197935365 -0.04071655643346912 0
1.004133293859947 -0.002813517703397061 0
1.008679917105888 -0.005908387177133829 0
1.013681202676423 -0.009312743598244274 0
1.019182616804012 -0.01305753566146576 0
1.025234172344359 -0.0171768069310094 0
1.031890883438742 -0.0217080053275074 0
1.039213265642562 -0.0266923235636552 0
1.047267886066765 -0.03217507362341779 0
1.056127968533388 -0.03820609868915663 0
1.065874059246673 -0.04484022626146936 0
1.076594759031287 -0.05213776659101336 0
1.003691224747208 -0.003372663615837865 0
1.007751571969138 -0.007082593593259518 0
1.01221795391326 -0.01116351656842334 0
1.017130974051794 -0.01565253184110353 0
1.022535296204182 -0.02059044864105175 0
1.028480050571808 -0.02602215712099479 0
1.035019280376198 -0.03199703644893214 0
1.042212433161026 -0.03856940370966323 0
1.050124901224337 -0.04579900769646742 0
1.058828616093979 -0.05375157208195203 0
1.068402702450585 -0.0624993929059851 0
1.003174139722643 -0.003863267661078897 0
1.006665693417551 -0.008112862088265683 0
1.010506402481949 -0.01278741595817115 0
1.014731182452788 -0.01792942521506716 0
1.01937844042071 -0.02358563539765277 0
1.024490424185424 -0.02980746659849694 0
1.030113606326609 -0.03665148091942554 0
1.036299106681914 -0.04417989667244699 0
1.043103157072748 -0.05246115400077059 0
1.050587612502667 -0.06157053706192656 0
1.058820513475576 -0.0715908584291981 0
1.002592547386314 -0.004275359405911611 0
1.005444349511259 -0.008978254752414384 0
1.008581331848699 -0.01415143963356743 0
1.012032012419883 -0.01984194300283579 0
1.015827761048185 -0.02610149670903098 0
1.020003084539318 -0.03298700578584569 0
1.024595940379563 -0.04056106577034187 0
1.029648081803833 -0.04889253175328767 0
1.035205437370531 -0.05805714433452806 0
1.041318528493898 -0.06813821817389248 0
1.048042928729601 -0.07922739939719334 0
1.001958267305548 -0.004600564004556611 0
1.004112361341651 -0.009661184409568882 0
1.006481864781364 -0.01522786685508238 0
1.009088318565048 -0.02135121754514723 0
1.011955417727101 -0.02808690330421857 0
1.015109226805359 -0.03549615763919703 0
1.018578416791443 -0.04364633740767335 0
1.022394525776135 -0.0526115351529973 0
1.026592245659296 -0.06247325267285365 0
1.031209737530774 -0.07332114194469562 0
1.036288978589399 -0.08525382014372181 0
1.001284189808589 -0.0048322723987288 0
1.002696798598037 -0.01014777203733048 0
1.00425066826643 -0.01599482163979233 0
1.005959924901662 -0.02242657620250036 0
1.007840107200417 -0.0295015062214792 0
1.009908307729047 -0.03728392924235592 0
1.012183328310541 -0.04584459456532031 0
1.014685850950184 -0.05526132642058115 0
1.017438625853792 -0.06561973146136808 0
1.02046667824776 -0.07701397700623369 0
1.023797535881124 -0.08954764710558587 0
1.000584014017419 -0.004965775632009332 0
1.001226429436581 -0.01042812882721959 0
1.001933086397658 -0.01643671734195089 0
1.002710409054843 -0.02304616470815531 0
1.003565463977747 -0.03031655681098017 0
1.004506024392941 -0.03831398812408752 0
1.005540640849655 -0.0471111625685056 0
1.00667871895204 -0.0567880544573655 0
1.007930604864663 -0.06743263553511139 0
1.009307679368548 -0.07914167472063187 0
1.010822461322823 -0.09202161782470439 0
0.8111136696234517 0.0346822092337418 0
0.8118877232426653 0.04012746855461813 0
0.8127391822238005 0.04611725380758208 0
0.8136757871030491 0.05270601758584244 0
0.8147060524702225 0.05995365774192883 0
0.8158393443741133 0.06792606191362385 0
0.8170859654683933 0.07669570650248839 0
0.8184572486721011 0.08634231555023938 0
0.8199656601961798 0.09695358550276546 0
0.8216249128726664 0.1086259824505442 0
0.8234500908168015 0.1214656190931007 0
0.05161360762173795 0.05414309358379651 0
0.04950225716473463 0.05922205653094523 0
0.04717977166203098 0.06480891577280884 0
0.04462503760905696 0.07095446093885879 0
0.04181483015078554 0.07771456062151375 0
0.03872360194668698 0.0851506702724342 0
0.03532325092217856 0.09333039088844669 0
0.03158286479521931 0.1023280835660604 0
0.02746844005556412 0.1122255455114355 0
0.02294257284194341 0.1231127536513482 0
0.01796411890696063 0.1350886826052521 0
0.04635441541327415 0.05188827957772979 0
0.04412372462037471 0.05691608498831714 0
0.04166996474818533 0.06244667093996321 0
0.03897082888877701 0.06853031548677391 0
0.03600177944342785 0.07522232448826566 0
0.03273582505354378 0.08258353438990659 0
0.02914327522467131 0.09068086528171163 0
0.02519147041291158 0.09958792926269716 0
0.02084448511997588 0.1093856996417813 0
0.01606280129774661 0.1201632470587738 0
0.01080294909329441 0.1320185492174655 0
0.4418738646052316 -0.04604249768641459 0
0.4420000527620094 -0.05154105308010457 0
0.4421388597344649 -0.05758946401316356 0
0.4422915474041659 -0.06424271603952844 0
0.4424595038408371 -0.07156129326852981 0
0.4426442559211753 -0.07961172822043132 0
0.4428474832095475 -0.08846720666752297 0
0.4430710332267568 -0.09820823295932381 0
0.443316938245687 -0.1089233618803047 0
0.4435874337665103 -0.1207100036933837 0
0.4438849788394159 -0.1336753096877706 0
0.4501114484823669 -0.04584455772685355 0
0.4502490514518709 -0.0513428388942842 0
0.4504004147183252 -0.05739094817845791 0
0.450566914311425 -0.06404386839104899 0
0.4507500638638348 -0.07136208062489918 0
0.4509515283714855 -0.07941211408213437 0
0.4511731393299013 -0.0882671508850931 0
0.4514169113841587 -0.09800769136834772 0
0.4516850606438418 -0.1087222858999278 0
0.4519800248294932 -0.1205083398846658 0
0.4523044854337098 -0.1334729992678777 0
0.4583558394404448 -0.045629921482361 0
0.4585045310416281 -0.05112791402157777 0
0.4586680918029297 -0.05717570581471621 0
0.4588480086403615 -0.0638282767871685 0
0.4590459171615364 -0.07114610485686601 0
0.4592636165348289 -0.07919571573353329 0
0.4595030858454506 -0.08805028769786727 0
0.4597665020871345 -0.09779031685863468 0
0.4600562599529867 -0.1085043489354788 0
0.4603749936054242 -0.1202897842200074 0
0.4607256006231054 -0.1332537630329888 0
0.8939228188289369 0.02240564940616649 0
0.8947631692915551 0.027841071969059 0
0.8956875548004352 0.03382003678824076 0
0.8967043788602032 0.0403968980893407 0
0.897822885325948 0.04763144552055062 0
0.8990532424382673 0.05558944769488155 0
0.9004066352618186 0.06434325008664557 0
0.901895367367725 0.073972432717586 0
0.9035329726842221 0.08456453361162047 0
0.9053343385323688 0.09621584459505839 0
0.9073158409653301 0.1090322866768401 0
0.4172132101731411 -0.04652437574457197 0
0.4173012962429987 -0.05202367383357115 0
0.417398190919842 -0.05807290173147026 0
0.4175047750643696 -0.06472705241915927 0
0.4176220176233501 -0.07204661817561719 0
0.4177509844382285 -0.08009814050772089 0
0.4178928479345948 -0.08895481507303497 0
0.4180488977805978 -0.09869715709488047 0
0.418220552611201 -0.1094137333189105 0
0.4184093729248646 -0.1212019671653436 0
0.4186170752698944 -0.1341690243964199 0
0.4254230105441213 -0.04638354781967103 0
0.4255239809486388 -0.05188262497060298 0
0.425635048393608 -0.05793160983662812 0
0.4257572225830741 -0.06458549318925577 0
0.4258916141914869 -0.0719047648771462 0
0.4260394449607409 -0.07995596373382566 0
0.4262020588069202 -0.08881228247617307 0
0.4263809340377176 -0.09855423309275524 0
0.4265776967915947 -0.1092703787709956 0
0.4267941358208595 -0.12105813901706 0
0.4270322187530508 -0.1340246752877309 0
0.4336439377545424 -0.04622257260058964 0
0.4337579013323635 -0.05172139540656581 0
0.4338832612679668 -0.05777010049313959 0
0.4340211571971305 -0.06442367608837074 0
0.4341728427192105 -0.07174260924312502 0
0.4343396967934985 -0.07979343571335473 0
0.4345232362752154 -0.08864934483060741 0
0.4347251297051039 -0.09839084485958535 0
0.4349472124779812 -0.1091064948914611 0
0.4351915035281463 -0.1208937099265244 0
0.4354602236833279 -0.133859646465094 0
0.6629311136837974 -0.03572809470181851 0
0.6632952655650547 -0.04121602746705421 0
0.6636958326344377 -0.04725275350881347 0
0.6641364564107589 -0.05389315215474866 0
0.6646211425647123 -0.06119759066527737 0
0.665154297334061 -0.06923247302685895 0
0.6657407675803445 -0.07807084362459868 0
0.6663858848512565 -0.0877930512821124 0
0.6670955138492596 -0.09848747970537748 0
0.667876105747063 -0.1102513509709691 0
0.6687347568346468 -0.1231916093631198 0
0.6709012704195676 -0.03519403653983913 0
0.6712722787181838 -0.0406815098969189 0
0.6716803878466618 -0.04671773058970666 0
0.6721293078879875 -0.05335757335177319 0
0.6726231199334458 -0.06066140039004637 0
0.67316631318345 -0.06869561013214687 0
0.6737638257584545 -0.07753324084845742 0
0.6744210895909595 -0.08725463463639903 0
0.675144079806715 -0.0979481678031348 0
0.6759393690440461 -0.1097110542865442 0
0.6768141872051102 -0.1226502294182944 0
0.6788427165835726 -0.03465227965507685 0
0.6792201134299811 -0.04013931721091818 0
0.6796352499610305 -0.04617505852234365 0
0.6800919001451847 -0.05281437396491166 0
0.6805942153477544 -0.06011762095173647 0
0.6811467620705811 -0.06815119263724377 0
0.6817545634656905 -0.07698812149130178 0
0.6824231450003108 -0.08670874323076562 0
0.6831585846883931 -0.09740142714417584 0
0.6839675683452836 -0.1091633794489271 0
0.6848574503678632 -0.1221015269841534 0
0.6056765536045162 0.06079202144663063 0
0.6062841978629789 0.06625835314217976 0
0.6069526065472879 0.0722713180072838 0
0.6076878561000278 0.07888557935889824 0
0.6084966306080417 0.08616126684567413 0
0.6093862825668569 0.0941645230811276 0
0.6103648997215537 0.1029681049401264 0
0.6114413785917202 0.1126520449850251 0
0.6126255053489033 0.1233043790344137 0
0.6139280447818047 0.1350219464887412 0
0.6153608381579962 0.1479112706885014 0
0.5973613481667854 0.06171064677670406 0
0.597961330933392 0.06717782490539621 0
0.5986213119766592 0.07319172084695758 0
0.5993472911242532 0.07980700638267507 0
0.6001458681866065 0.08708382047196432 0
0.6010243029551952 0.0950883159701825 0
0.6019905812006427 0.1038932610182225 0
0.603053487270635 0.1135787005710665 0
0.6042226839476266 0.1242326840791949 0
0.6055088002923172 0.1359520659381361 0
0.606923528271477 0.1488433859829714 0
0.3053078414281301 0.08378622872308754 0
0.3054672391210438 0.08928392514508458 0
0.3056425765832489 0.09533139120928133 0
0.3058354477916746 0.1019836038798977 0
0.3060476061209428 0.1093010378175758 0
0.3062809802831379 0.1173502151490217 0
0.3065376918615524 0.1262043102136121 0
0.3068200745978084 0.1359438147846617 0
0.30713069560769 0.1466572698128161 0
0.3074723787185598 0.158442070343786 0
0.3078482301405164 0.1714053509278529 0
0.2972464884169723 0.08400731145743613 0
0.2973869891426738 0.08950552629187516 0
0.2975415399409453 0.09555356260975811 0
0.297711545819044 0.1022064025594294 0
0.2978985522849526 0.1095245265040677 0
0.298104259397452 0.1175744628431699 0
0.2983305372212014 0.1264293928161824 0
0.2985794428273257 0.1361698157864961 0
0.2988532389940625 0.1468842810538411 0
0.2991544147774728 0.1586701928479206 0
0.2994857081392243 0.1716346958214081 0
0.02212269958263427 -0.02275258702556564 0
0.02044816851638199 -0.02799280029725742 0
0.01860618434350448 -0.03375703489611837 0
0.01658000175333923 -0.04009769295486541 0
0.01435120090415745 -0.04707241681948716 0
0.01189951997005749 -0.05474461307057109 0
0.009202670942547534 -0.06318402894676341 0
0.006236137012286581 -0.07246738641057496 0
0.002972949688999534 -0.08267907962076768 0
-0.0006165563666162173 -0.09391194215197965 0
-0.004565013027793541 -0.1062680909363128 0
0.02653104632368188 -0.02405740044640124 0
0.02505827977663126 -0.02935735369294422 0
0.02343823657487557 -0.03518730226414149 0
0.02165618905294431 -0.0416002456924585 0
0.01969593677881993 -0.04865448346360721 0
0.01753965927728311 -0.05641414501187077 0
0.01516775402559261 -0.06494977271496072 0
0.01255865824873305 -0.07433896318835964 0
0.009688652894187542 -0.08466707270909846 0
0.006531647004187482 -0.09602799318191116 0
0.003058940525187417 -0.1085250057020052 0
0.0311091715172856 -0.02524668319530014 0
0.02980833980094254 -0.03059131508720103 0
0.02837742491296517 -0.03647041016829201 0
0.02680341853619007 -0.0429374147574921 0
0.02507201152173745 -0.05005111980561219 0
0.02316746380583958 -0.05787619535854428 0
0.02107246131835191 -0.06648377846676959 0
0.01876795858211548 -0.07595211988581743 0
0.01623300557225541 -0.08636729544677008 0
0.01344455726140933 -0.09782398856381797 0
0.01037726411947864 -0.1104263509925706 0
0.3440317060266739 -0.04686337242922588 0
0.3439874803083462 -0.05236320108034661 0
0.3439388320181856 -0.05841301259657942 0
0.3438853188990091 -0.06506780526443551 0
0.3438264544679149 -0.07238807719907721 0
0.3437617035937112 -0.08044037632718307 0
0.3436904776320872 -0.08929790536809952 0
0.3436121290743008 -0.09904118731310763 0
0.3435259456607357 -0.1097587974526165 0
0.3434311439058141 -0.1215481686060763 0
0.3433268619754004 -0.1345164768748821 0
0.3520841095129924 -0.04691571649526036 0
0.3520567242141868 -0.05241565474434053 0
0.3520266003855007 -0.05846558681832872 0
0.3519934641739459 -0.06512051209971574 0
0.3519570143412357 -0.07244092990924145 0
0.3519169195252544 -0.08049338949971974 0
0.351872815227675 -0.08935109504924585 0
0.3518243005003376 -0.09909457115372458 0
0.3517709343002666 -0.1098123948686512 0
0.3517122314801884 -0.1216020009550705 0
0.3516476583781024 -0.1345705676501316 0
0.3601595623185557 -0.0469435187768046 0
0.3601484948987501 -0.05244351332561314 0
0.3601363207369641 -0.05849350732930254 0
0.3601229291589993 -0.06514850073336087 0
0.3601081984232381 -0.07246899347782504 0
0.3600919946139008 -0.08052153549673562 0
0.3600741704236298 -0.08937933171753726 0
0.3600545638143317 -0.09912290756041905 0
0.3600329965441037 -0.1098408409875891 0
0.3600092725468529 -0.121630567757476 0
0.3599831761498771 -0.1345992672043517 0
-0.003484915132770933 -0.004449854122703338 0
-0.008479071273647727 -0.006754661700361144 0
-0.01397264302861221 -0.009289950035784729 0
-0.02001557195907313 -0.01207876720475068 0
-0.02666279378258015 -0.01514646609061321 0
-0.03397473778843786 -0.018520934865062 0
-0.04201787619488135 -0.02223285051695568 0
-0.05086532844196919 -0.02631595773403872 0
-0.06059752591376583 -0.03080737567283007 0
-0.0713029431327421 -0.03574793540550054 0
-0.08307890207361603 -0.04118255111143807 0
-0.002044823908821502 -0.007481499212828074 0
-0.006775011050466269 -0.01034255826746569 0
-0.01197821690627551 -0.01348972322756707 0
-0.01770174334766569 -0.01695160468367859 0
-0.02399762243319487 -0.02075967428540126 0
-0.03092308942727697 -0.0249485508472962 0
-0.03854110312076729 -0.02955631506538063 0
-0.04692091818360664 -0.0346248557052735 0
-0.05613871475272993 -0.04020025040915567 0
-0.06627829097876554 -0.04633318458342605 0
-0.07743182482740472 -0.05307941217512347 0
0.2263608511640528 0.08422513385453194 0
0.2262211164775816 0.08972339576285976 0
0.2260674083224632 0.09577148386202035 0
0.225898329351833 0.102424380771097 0
0.2257123424841398 0.1097425673710813 0
0.2255077569296772 0.1177925726310641 0
0.2252827128197684 0.1266475784170451 0
0.2250351642988688 0.1363880847816243 0
0.2247628609258791 0.1471026417826613 0
0.2244633272155905 0.1588886544838021 0
0.224133840134273 0.1718532684550569 0
0.2187030812088764 0.08400217096345448 0
0.218520060179978 0.08949917339886244 0
0.2183187370481897 0.09554587607781122 0
0.2180972816032226 0.1021972490246549 0
0.2178536806137587 0.1095137592661829 0
0.2175857195253485 0.1175619205318637 0
0.2172909623280973 0.1264148979241126 0
0.2169667294111209 0.1361531730555864 0
0.2166100732024469 0.1468652757002075 0
0.2162177513729055 0.1586485886092908 0
0.21578619736041 0.1716102328092824 0
0.9942455039901853 -0.005709227260260952 0
0.9948826786792636 -0.01117219464965069 0
0.9955835708372498 -0.01718145877797941 0
0.9963545522110345 -0.023791649319141 0
0.9972026317221978 -0.03106285891441874 0
0.9981355191844773 -0.03906118946922426 0
0.9991616953929848 -0.04785935307951034 0
1.000290489222343 -0.05753733305082502 0
1.001532162434637 -0.06818311101927119 0
1.002898002968161 -0.07989346678456195 0
1.004400427555036 -0.0927748581263818 0
0.9976508238989944 -0.005310741708072387 0
0.9982916438517034 -0.01077328254027149 0
0.9989965457996833 -0.0167820774556905 0
0.9997719379424612 -0.0233917518626514 0
1.000624869299517 -0.03066239371030841 0
1.001563093792278 -0.0386600997427311 0
1.002595140734316 -0.04745757637839608 0
1.003730392370557 -0.05713480067762755 0
1.004979169170422 -0.06777974740678218 0
1.006352823650274 -0.07948918880885225 0
1.007863843578111 -0.09236957435112934 0
0.7195115284998458 0.04709888196002519 0
0.7202149306609407 0.05255371779121545 0
0.7209886730381452 0.05855403720552474 0
0.7218397896530701 0.06515438856126496 0
0.7227760179294873 0.07241477505257921 0
0.7238058690335465 0.08040120019302485 0
0.7249387052480115 0.0891862678475151 0
0.726184825083923 0.09884984226745436 0
0.7275555569034257 0.1094797741293875 0
0.7290633619048786 0.121172699177514 0
0.7307219474064768 0.1340349167304532 0
0.07408148965341224 0.06234560063133193 0
0.07240331299311441 0.0675835654094125 0
0.07055731866678677 0.07334532666530114 0
0.06852672490782638 0.07968326404677864 0
0.06629307177296996 0.08665499516640389 0
0.06383605332462788 0.09432389939799166 0
0.06113333303145161 0.1027596940527382 0
0.0581603407089577 0.1120390681729594 0
0.0548900491542144 0.1222463797052028 0
0.05129272844399678 0.1334744223906704 0
0.04733567566275738 0.1458252693446849 0
0.06826431098613571 0.06042247300648022 0
0.06648740829231242 0.06562780457054569 0
0.0645328153291068 0.07135366929101772 0
0.06238276306958063 0.07765212048353694 0
0.06001770558410184 0.08458041679530807 0
0.05741614235007517 0.09220154273825634 0
0.05455442279264583 0.1005847812754994 0
0.05140653127947355 0.1098063436664668 0
0.04794385061498405 0.119950062296531 0
0.0441349018840456 0.1311081527896015 0
0.0399450582800133 0.1433820523319791 0
0.953819556013188 -0.01027825340111668 0
0.9544184406177504 -0.01574555103751616 0
0.955077213682769 -0.0217595784375556 0
0.9558018640542895 -0.02837500857759898 0
0.9565989794629619 -0.03565198173164671 0
0.9574758064125017 -0.0436566522010992 0
0.9584403160569954 -0.05246178971749693 0
0.9595012766659385 -0.06214744098553445 0
0.9606683333357759 -0.07280165738037572 0
0.9619520956725971 -0.08452129541470113 0
0.9633642342431004 -0.09741289725245907 0
0.9589597632616655 -0.009712828467380179 0
0.9595629741958189 -0.01517965021451744 0
0.9602265062233878 -0.02119315413636844 0
0.9609563914537134 -0.02780800845040453 0
0.9617592652070717 -0.03508434819584422 0
0.9626424263357657 -0.04308832191582789 0
0.9636139035773292 -0.05189269300780993 0
0.964682528543049 -0.06157750120899017 0
0.9658580160053408 -0.07223079023028844 0
0.9671510522138618 -0.08394940815371654 0
0.9685733920432348 -0.09683988786948745 0
0.9639627987074283 -0.009159074130660722 0
0.9645706093541934 -0.0146253867748453 0
0.9652392010656348 -0.02063833068344833 0
0.9659746519482204 -0.02725256898291167 0
0.9667836479190647 -0.03452823111232134 0
0.9676735434869933 -0.04253145945467197 0
0.9686524286117147 -0.05133501063125769 0
0.9697292022489084 -0.06101891692550196 0
0.9709136532498214 -0.07167121384917068 0
0.9722165493508257 -0.08338874046520625 0
0.9736497350619304 -0.09627801974284539 0
0.03585025271122916 -0.02632277110346707 0
0.0346973044941964 -0.03170097877583805 0
0.03342906145546036 -0.03761700721544613 0
0.03203399411285071 -0.04412463849901502 0
0.0304994200359801 -0.05128303291094079 0
0.02881138855142242 -0.05915726676405914 0
0.02695455391840898 -0.06781892400248932 0
0.0249120358220942 -0.07734674696476253 0
0.02266526591614793 -0.08782735222326306 0
0.02019381901960704 -0.09935601800761365 0
0.01747522743341206 -0.1120375503703993 0
0.04073253603433372 -0.02730762594696539 0
0.03969639440823897 -0.03270940235026182 0
0.03855663861953474 -0.03865135639388789 0
0.03730290725196009 -0.04518750584187656 0
0.03592380274762798 -0.05237727023466411 0
0.03440678779286264 -0.06028601106673041 0
0.03273807134262079 -0.06898562598200333 0
0.03090248324735474 -0.07855520238880356 0
0.02888333634256209 -0.08908173643628381 0
0.02666227474729017 -0.1006609238885121 0
0.02421910699249107 -0.1133980300859632 0
0.04575948260961335 -0.02822177426525971 0
0.04482585629653372 -0.03364219793803027 0
0.04379886735214612 -0.03960466397807789 0
0.04266917951331977 -0.04616337662213027 0
0.04142652289061079 -0.0533779605305879 0
0.0400596006056309 -0.06131400282989127 0
0.03855598609215302 -0.07004364935912499 0
0.03690201012732736 -0.07964626054128209 0
0.03508263656601913 -0.0902091328416549 0
0.03308132564858008 -0.101828292372065 0
0.03087988363939712 -0.1146093678555161 0
0.06717130442769297 -0.03127085008220091 0
0.06651648370819783 -0.03673179111354054 0
0.0657961809167532 -0.04273882624801412 0
0.06500384784616409 -0.04934656489593507 0
0.06413228146851607 -0.0566150774086481 0
0.06317355845310325 -0.06461044117263244 0
0.06211896313614915 -0.07340534131301522 0
0.06095890828749963 -0.08307973146743629 0
0.05968284795398517 -0.09372156063729946 0
0.05827918158711926 -0.1054275727241489 0
0.05673514858356676 -0.1183041860196834 0
0.07282258213736359 -0.0319214555370477 0
0.07221219295028879 -0.037387512690561 0
0.07154076484450649 -0.04340017555942563 0
0.07080219392814598 -0.05001410471517673 0
0.0699897659201494 -0.05728942678650293 0
0.06909609511135317 -0.06529228106496175 0
0.06811305722167732 -0.07409542077126646 0
0.06703171554303389 -0.08377887444820163 0
0.06584223969652611 -0.09443067349283034 0
0.06453381626536756 -0.1061476524419219 0
0.06309455049109314 -0.1190363292859226 0
0.07858340388907634 -0.03254466701040937 0
0.07800958561715327 -0.03801468105451617 0
0.07737838551803788 -0.04403169650303365 0
0.07668406540901096 -0.05065041349640289 0
0.07592031328908136 -0.05793100218910904 0
0.07508018595715879 -0.06593964975108582 0
0.07415604589204397 -0.07474916206926027 0
0.07313949182041767 -0.08443962561925217 0
0.07202128234162872 -0.09509913552424326 0
0.07079125191496088 -0.1068245964197335 0
0.06943821844562628 -0.1197226034047727 0
0.03155113985367707 0.04459991270149573 0
0.02891218631455746 0.04942615125397892 0
0.02600933742152589 0.05473501366171044 0
0.02281620363919117 0.06057476231021511 0
0.01930375647862297 0.06699848582357025 0
0.01544006460199795 0.07406458168826088 0
0.01119000353771043 0.08183728713942061 0
0.006514936366994153 0.0903872631356963 0
0.001372362479206246 0.09979223673159957 0
-0.004284468797360448 0.1101377076870931 0
-0.01050698320158381 0.1215177257381361 0
0.02696620076493797 0.04200341249604798 0
0.02417126359306213 0.04674133216710531 0
0.0210968327039987 0.05195304380526838 0
0.01771495872602894 0.05768592660724776 0
0.0139948973502622 0.06399209768942508 0
0.009902829836918779 0.07092888587982013 0
0.005401555572241021 0.07855935288925468 0
0.000450153881095483 0.08695286659963269 0
-0.004996387979164608 0.09618573168104852 0
-0.01098758402545071 0.1063418832706059 0
-0.01757789967636542 0.117513650019119 0
0.9732189631777919 0.009635232755832876 0
0.9741294854046171 0.01505934118982664 0
0.9751310598541246 0.02102586046721978 0
0.976232791748583 0.02758903167235224 0
0.9774446968324874 0.03480851999799793 0
0.9787777924247819 0.0427499571562082 0
0.9802441975763061 0.0514855380302395 0
0.9818572432429826 0.06109467699167394 0
0.9836315934763268 0.0716647298492518 0
0.9855833787330054 0.08329178799258746 0
0.9877303425153519 0.09608155195025669 0
0.9204242893372517 -0.01384222672204612 0
0.9209933935606223 -0.01931270433169369 0
0.9216194082063298 -0.02533022970230603 0
0.9223080243166082 -0.0319495076099796 0
0.9230655020379144 -0.03923071330842053 0
0.9238987275313512 -0.04724003957670554 0
0.9248152755741317 -0.05605029847181905 0
0.9258234784211903 -0.06574158325644393 0
0.9269325015529546 -0.07640199651953131 0
0.9281524269978955 -0.08812845110892741 0
0.9294943449873304 -0.1010275511572631 0
0.9262682262874178 -0.01323188270626191 0
0.9268419925830245 -0.01870187341651867 0
0.9274731355081918 -0.02471886319780111 0
0.9281673927258758 -0.03133755195721179 0
0.9289310756653282 -0.03861810959256354 0
0.9297711268987259 -0.04662672299145047 0
0.9306951832554634 -0.05543619773022609 0
0.9317116452478745 -0.06512661994287927 0
0.9328297534395269 -0.07578608437679778 0
0.9340596724503444 -0.08751149525410813 0
0.9354125833622438 -0.1004094472191495 0
0.9320075117055859 -0.01262724353446263 0
0.9325866762245134 -0.01809666555026167 0
0.9332237571953337 -0.02411302976764063 0
0.9339245462632361 -0.03073103040675747 0
0.9346954142379286 -0.03801083110978599 0
0.9355433690100904 -0.04601861188311738 0
0.9364761192594684 -0.0548271707337819 0
0.9375021445337841 -0.06451658546951287 0
0.9386307723355315 -0.07517494167881694 0
0.9398722629174536 -0.08689913350905143 0
0.9412379025575679 -0.09979574452230935 0
0.01444344104619054 0.03364838337580332 0
0.01110248333632536 0.03801945710256396 0
0.007427429855473679 0.04282763820200067 0
0.003384871026536822 0.04811663741138105 0
-0.001061943685293717 0.05393453654169947 0
-0.005953439868307309 0.06033422558504974 0
-0.01133408566962227 0.06737388353273502 0
-0.01725279605106872 0.07511750727518884 0
-0.02376337747065982 0.08363549339188805 0
-0.03092501703221003 0.09300527812025716 0
-0.03880282054991525 0.1033120413214632 0
0.01072500691361875 0.0306579555465756 0
0.007161363551183208 0.03484998664164108 0
0.003241355852504112 0.03946122084621311 0
-0.001070652616042892 0.04453357847124234 0
-0.005813861931444595 0.0501131718587745 0
-0.01103139217838647 0.05625072458505987 0
-0.01677067545002254 0.06300203258397379 0
-0.0230838870488222 0.07042847138277909 0
-0.03002841980750185 0.07859755406146492 0
-0.03766740584204945 0.08758354500801933 0
-0.04607029048005182 0.09746813504922919 0
0.88089432358194 0.02440582201943727 0
0.8817232598518334 0.02984299700848959 0
0.8826350897487162 0.03582388949644714 0
0.8836381026352873 0.04240287123320045 0
0.8847414168105154 0.04963975114362909 0
0.8859550624032665 0.05760031904510059 0
0.8872900725552926 0.06635694373671924 0
0.8887585837225213 0.07598923089749977 0
0.8903739460064728 0.08658474677435835 0
0.8921508445188195 0.0982398142389028 0
0.8941054328824009 0.1110603884499017 0
0.5901499993819785 -0.04013807240623519 0
0.5904497464643976 -0.04562989981746597 0
0.5907794682550586 -0.05167090996981984 0
0.5911421622247856 -0.05831602113740909 0
0.5915411255914853 -0.06562564342175727 0
0.591979985294855 -0.07366622793454025 0
0.5924627309685616 -0.08251087089860154 0
0.592993751209639 -0.09223997815906898 0
0.593577873474824 -0.1029419961455832 0
0.5942204079665276 -0.1147142159307487 0
0.5949271959074016 -0.1276636576944309 0
0.5983143347946112 -0.0396863567137152 0
0.5986219350570728 -0.04517774965286322 0
0.5989602953457808 -0.05121828188592604 0
0.5993324916633596 -0.05786286734229514 0
0.5997419076126961 -0.06517191134430114 0
0.6001922651569663 -0.07321185974650775 0
0.6006876584556636 -0.08205580298893503 0
0.6012325910842305 -0.09178414055560502 0
0.6018320169756542 -0.102485311878942 0
0.6024913854562203 -0.1142566003346127 0
0.603216690784843 -0.1272050176358505 0
0.6064620165178338 -0.03922431017629913 0
0.6067768946068679 -0.04471529042157252 0
0.6071232605048054 -0.05075536869137326 0
0.6075042629925367 -0.05739945478815407 0
0.607923365729041 -0.06470794949461295 0
0.6083843787391958 -0.07274729367171773 0
0.6088914930503662 -0.08159057226653299 0
0.6094493187926534 -0.09131817872082978 0
0.6100629271091694 -0.1020185458205563 0
0.6107378962573371 -0.1137889496302553 0
0.6114803623203215 -0.1267363938209244 0
0.5655724240142846 -0.04142427360983834 0
0.5658479597053591 -0.04691736888345206 0
0.5661510489655408 -0.05295977368442714 0
0.5664844471517408 -0.05960641896549974 0
0.5668511851565609 -0.06691772877467958 0
0.5672545969618628 -0.07496016956477743 0
0.567698349947695 -0.08380685443388505 0
0.5681864782321104 -0.09353820778990343 0
0.5687234193449673 -0.1042426964815237 0
0.56931405456911 -0.1160176340423059 0
0.5699637533156668 -0.1289700653591664 0
0.5737773371868558 -0.04100677518872585 0
0.5740606337315701 -0.04649947558675223 0
0.5743722599307558 -0.05254144602458125 0
0.5747150487498601 -0.05918761350619317 0
0.5750921164508749 -0.06649839773596627 0
0.5755068909219911 -0.07454026038871669 0
0.5759631428402189 -0.08338630930674217 0
0.5764650199502696 -0.09311696311657019 0
0.5770170847713252 -0.103820682307381 0
0.5776243560744865 -0.1155947734172729 0
0.5782923545079639 -0.128546273638154 0
0.5819703452065825 -0.04057847052959696 0
0.5822617371248642 -0.04607074775682895 0
0.5825822682349741 -0.05211225270678414 0
0.5829348524560949 -0.05875790815173484 0
0.5833226950993279 -0.06606812914118061 0
0.5837493220068841 -0.07410937222957095 0
0.5842186116051959 -0.08295473962680035 0
0.584734830163339 -0.09268464376375268 0
0.5853026705772963 -0.1033875383144002 0
0.5859272950326494 -0.1151607223201126 0
0.5866143819335379 -0.1281112247263961 0
0.9421406567824157 0.01476635419911638 0
0.943022113636461 0.02019526184390065 0
0.9439917161759109 0.02616706025316334 0
0.9450582789693058 0.03273603850335231 0
0.9462314980420402 0.03996191457856017 0
0.947522039022048 0.04791037826128883 0
0.9489416341000566 0.05665368831229034 0
0.950503188685866 0.06627132936839202 0
0.9522208987302564 0.07685073453010385 0
0.9541103797790859 0.08848808020798687 0
0.9561888089327982 0.1012891604536582 0
0.505066320804769 0.07103317636812347 0
0.5055675366473046 0.0765102934670754 0
0.5061188740740937 0.08253512227592252 0
0.5067253452435617 0.08916243396565436 0
0.5073924635299766 0.09645247682435938 0
0.5081262936450329 0.1044715239689349 0
0.5089335067715949 0.113292475827968 0
0.5098214412108131 0.1229955228729044 0
0.510798169093953 0.1336688746223344 0
0.5118725697654071 0.1454095615467074 0
0.5130544105040065 0.1583243171635177 0
0.4966358918125048 0.0717962830008803 0
0.4971268508388917 0.07727432857581525 0
0.4976669057679173 0.08330017870824369 0
0.4982609661898454 0.08992861385391496 0
0.4989144326539663 0.09721989251415337 0
0.4996332457644993 0.1052402990404156 0
0.5004239401860856 0.1140627462193041 0
0.5012937040498305 0.1237674381160814 0
0.50225044429995 0.1344425992025365 0
0.5033028585750814 0.1461852763976371 0
0.504460514277726 0.1591022213122477 0
0.5555563652752949 0.06613913310595014 0
0.5561149093025932 0.07161070046038905 0
0.5567293077326214 0.07762942455027183 0
0.5574051460056523 0.08425002104914291 0
0.5581485681059863 0.09153267719790108 0
0.5589663324163537 0.09954359896153507 0
0.5598658731577578 0.1083556129015325 0
0.5608553679733025 0.1180488282355296 0
0.5619438122704015 0.1287113651029265 0
0.5631411009972104 0.140440155657063 0
0.5644581185967003 0.1533418252666132 0
0.5471587944857841 0.06698930607556618 0
0.5477079649838915 0.07246182244970267 0
0.5483120525318096 0.07848159046125283 0
0.5489765488345196 0.08510333527395798 0
0.5497074947675006 0.09238725456793367 0
0.5505115352937796 0.1003995657913069 0
0.5513959798726865 0.1092131081370175 0
0.5523688689094842 0.1189080047172991 0
0.5534390468499616 0.1295723909556089 0
0.5546162425844868 0.1413032158177497 0
0.5559111578924645 0.1542071231661046 0
0.1832092397199386 -0.04055722301500415 0
0.1828633357416233 -0.04604633581276043 0
0.1824828413654765 -0.05208435989029234 0
0.1820642975517151 -0.05872618637557743 0
0.1816038993565775 -0.06603219550939103 0
0.1810974613419261 -0.07406880555658599 0
0.1805403795258096 -0.08290907660850046 0
0.1799275895280815 -0.09263337476560636 0
0.1792535205305805 -0.1033301027384229 0
0.1785120446333295 -0.115096503508521 0
0.1776964211463533 -0.128039544355629 0
0.190382429181099 -0.04100533272224452 0
0.1900434377188495 -0.04649487736758506 0
0.1896705471103749 -0.05253337647745965 0
0.1892603674410529 -0.0591757254983217 0
0.1888091698047988 -0.06648230942126995 0
0.1883128524049192 -0.07451955173651303 0
0.1877669032650516 -0.08336051828328042 0
0.1871663592111973 -0.09308558148472454 0
0.1865057607519575 -0.1037831510063131 0
0.1857791024467938 -0.1155504774800605 0
0.1849797783111137 -0.1284945366011826 0
0.1976174207142351 -0.04144686411202175 0
0.1972872182066217 -0.0469369451582753 0
0.1969239954482469 -0.0529760343091542 0
0.1965244504140347 -0.059619032375121 0
0.1960849508764012 -0.06692633024768448 0
0.1956015013850044 -0.0749643579075043 0
0.1950697069444679 -0.08380618833330611 0
0.1944847330598777 -0.09353220180168809 0
0.1938412617868285 -0.1042308166169083 0
0.1931334433864745 -0.1159992929136505 0
0.192354843146085 -0.1289446168400669 0
0.7352470966757302 0.04505254850276412 0
0.7359626941236609 0.05050579811938304 0
0.7367498513163846 0.05650437269766385 0
0.7376157242283807 0.06310280473377275 0
0.7385681844315765 0.07036107997349253 0
0.7396158906550918 0.0783451827371843 0
0.7407683675009586 0.08712769577724525 0
0.7420360920314122 0.09678846012131227 0
0.743430589014911 0.107415300899786 0
0.7449645356967598 0.1191048257561071 0
0.7466518770467935 0.1319633030980604 0
0.3200295879280167 -0.04656057355424582 0
0.319934026991905 -0.05205975077615348 0
0.3198289099621822 -0.0581088457202519 0
0.3197132812294871 -0.06476285015876017 0
0.3195860896235225 -0.07208225504111926 0
0.3194461788569615 -0.08013360041171426 0
0.3192922770137444 -0.08899008031936875 0
0.3191229849862054 -0.09873220821778872 0
0.3189367637559127 -0.1094485489060507 0
0.3187319204025906 -0.1212365236631388 0
0.3185065927139364 -0.1342032958959358 0
0.3280033891266555 -0.04668593884403147 0
0.3279255287289148 -0.05218539449797029 0
0.3278398822914 -0.05823479571730299 0
0.3277456712101338 -0.06488913705856897 0
0.3276420390207409 -0.07220891253396153 0
0.3275280436124088 -0.08026066555689335 0
0.3274026486632434 -0.08911759388211835 0
0.3272647142191615 -0.09886021503986586 0
0.3271129863306714 -0.1095770983133881 0
0.3269460856533323 -0.1213656699142626 0
0.3267624949082593 -0.1343330986752246 0
0.3360044204177655 -0.04678657568501148 0
0.3359434845080055 -0.0522862443442633 0
0.3358764550072695 -0.05833587986944031 0
0.33580272255646 -0.06499047894713503 0
0.3357216168605695 -0.07231053793259921 0
0.33563240059509 -0.08036260281660981 0
0.3355342627030625 -0.08921987418902147 0
0.3354263110218322 -0.09896287269867432 0
0.335307564172479 -0.1096801710592924 0
0.3351769426381904 -0.1214691992559724 0
0.3350332589504729 -0.1344371302723203 0
0.2497793532840872 -0.04426697774588166 0
0.2495204939500816 -0.0497608862486071 0
0.2492357486826754 -0.05580418560160508 0
0.2489225288885286 -0.06245181488990285 0
0.2485779871149671 -0.06976420710703041 0
0.2481989911640495 -0.07780783854587071 0
0.2477820956180401 -0.08665583312859505 0
0.2473235105174298 -0.09638862716959183 0
0.2468190669067584 -0.1070947006146883 0
0.24626417893502 -0.1188713814042944 0
0.2456538021661076 -0.1318257302728611 0
0.2574270110381486 -0.04461859426945931 0
0.2571827553728082 -0.05011317430417213 0
0.2569140741409338 -0.05615721234235622 0
0.2566185247858719 -0.06280565418435874 0
0.2562934204953039 -0.07011894021056149 0
0.255935805775679 -0.07816355483938453 0
0.2555424295840917 -0.08701263093108985 0
0.2551097157733456 -0.09674661463196574 0
0.254633730581525 -0.1074539967029292 0
0.2541101468705222 -0.119232116980989 0
0.2535342047884193 -0.1321880492868548 0
0.265121106663839 -0.04494879287383503 0
0.2648955945503589 -0.05044417746470192 0
0.2646475312255308 -0.0564891005146555 0
0.2643746615682198 -0.06313851586960445 0
0.2640745049451777 -0.07045287276004827 0
0.2637443326598314 -0.07849866533953649 0
0.2633811431459506 -0.08734903717697354 0
0.2629816346806816 -0.09708444619815429 0
0.2625421753688857 -0.1077933961214531 0
0.2620587701259102 -0.1195732410370818 0
0.2615270243586372 -0.1325310704442734 0
0.2728565537110109 -0.04525155033872686 0
0.2726500419439446 -0.05074767874823859 0
0.2724228790001717 -0.0567934199987015 0
0.2721729997620215 -0.06344373537421071 0
0.2718981326000562 -0.07075908228727082 0
0.2715957787218945 -0.07880596389163694 0
0.2712631894559166 -0.08765753365643969 0
0.2708973412633409 -0.0973942603977227 0
0.2704949082515076 -0.108104659813134 0
0.270052231938491 -0.1198860991700865 0
0.2695652879941727 -0.1328456824627342 0
0.2806289741870042 -0.04553130838174001 0
0.2804390716346011 -0.05102803474300883 0
0.2802301788269576 -0.05707443374040455 0
0.2800003967385498 -0.06372547263753983 0
0.2797476364413012 -0.07104161542438864 0
0.2794696001143278 -0.07908937248992234 0
0.279163760154657 -0.0879419052620094 0
0.2788273361990192 -0.09767969131130519 0
0.2784572698478175 -0.1083912559655305 0
0.2780501968614957 -0.1201739770851784 0
0.2776024165765418 -0.1331349703167911 0
0.2884388943632472 -0.04578972801167616 0
0.2882658233207693 -0.05128701143318151 0
0.2880754451740438 -0.0573340231968374 0
0.2878660292126456 -0.06398573613685887 0
0.2876356716551077 -0.07130262037088249 0
0.287382278341816 -0.07935119302830848 0
0.287103545697195 -0.08820462295147706 0
0.286796939788112 -0.0979433958669625 0
0.2864596732881208 -0.1086560460739965 0
0.2860886801381303 -0.1204399613017339 0
0.2856805876731409 -0.133402268052245 0
0.5723181260848109 0.06440115716560692 0
0.5728934307522026 0.06987098710703772 0
0.5735262658863334 0.07588780004261161 0
0.5742223845338772 0.08250629427174289 0
0.5749881150461755 0.08978663792378729 0
0.5758304186097035 0.09779501594103612 0
0.5767569525295845 0.1066042317600099 0
0.5777761398414534 0.116294369160881 0
0.5788972458845093 0.1269535203018392 0
0.5801304625318707 0.1386785865568932 0
0.5814870008439683 0.1515761594374526 0
0.5639432406623948 0.06527600764547102 0
0.5645105015313968 0.07074667788141104 0
0.565134488487299 0.07676441514094505 0
0.5658208741387915 0.08338392612643246 0
0.5665758983554332 0.09066538821046863 0
0.5674064249937392 0.0986749965029084 0
0.5683200042958756 0.1074855656245921 0
0.5693249415282258 0.1171771916584443 0
0.5704303724838109 0.1278379802956816 0
0.5716463465349546 0.1395648477966427 0
0.5729839179912126 0.1524644020476999 0
0.4208879187335777 0.07788532685634597 0
0.4212731874466121 0.08337182020201736 0
0.4216969830309499 0.0894069628822559 0
0.4221631581737216 0.09604561983051829 0
0.4226759508307704 0.1033481424736069 0
0.4232400227535241 0.1113809173810044 0
0.4238605018685531 0.1202169697791416 0
0.4245430288950851 0.1299366274170926 0
0.4252938086242702 0.1406282508188387 0
0.4261196663263738 0.1523890365607593 0
0.4270281097986878 0.165325900876872 0
0.4125108602590069 0.07846370065195374 0
0.4128831836893478 0.08395108784968452 0
0.4132927394627229 0.08998721376718841 0
0.4137432508134354 0.09662695227644268 0
0.4142388132992192 0.1039306646366224 0
0.4147839320335814 0.11196474823282 0
0.4153835626413798 0.1208022401886375 0
0.4160431563099581 0.1305234813400366 0
0.4167687093453941 0.1412168466065757 0
0.4175668176843738 0.1529795483997687 0
0.4184447368572514 0.165918520372281 0
0.8327821700274101 0.03156904005046602 0
0.8335729749030225 0.03701189201167514 0
0.8344428602661963 0.04299902916900517 0
0.8353997341656875 0.04958488004206819 0
0.8364522954551278 0.05682931600243753 0
0.8376101128735121 0.06479819555884379 0
0.8388837120337348 0.07356396307089068 0
0.8402846711099797 0.08320630733414226 0
0.8418257260938492 0.093812886023719 0
0.8435208865761057 0.1054801225822534 0
0.8453855631065877 0.1183140827966413 0
0.6387400746244116 0.05702633787439147 0
0.6393774602316634 0.06248928143910981 0
0.6400785843996404 0.06849851936029999 0
0.6408498209844151 0.07510868107360918 0
0.6416981812276673 0.08237985895824931 0
0.6426313774952447 0.09037815463135343 0
0.6436578933895797 0.09917627987176798 0
0.6447870608733484 0.108854217636224 0
0.6460291451054938 0.1194999491771256 0
0.6473954377608538 0.1312102538721173 0
0.6488983596817498 0.1440915890366083 0
0.6305066408703472 0.05798151269646366 0
0.6311366611976731 0.06344531074503096 0
0.6318296835577316 0.06945548859845499 0
0.632592008153796 0.07606668423722143 0
0.6334305652094668 0.08333899943986452 0
0.6343529779707048 0.0913385461627719 0
0.6353676320080665 0.10013804755797 0
0.6364837514491642 0.109817499092688 0
0.6377114828343718 0.1204648957808777 0
0.6390619873581003 0.1321770321378865 0
0.6405475423342015 0.145060382130596 0
0.4713455223693511 0.07399083445826218 0
0.4718042607774549 0.07947167331051613 0
0.4723088730263689 0.08550059604799548 0
0.4728639465001744 0.09213241105922276 0
0.4734745273213604 0.09942740757157278 0
0.474146166224665 0.1074519037351578 0
0.4748849690183002 0.1162788495151013 0
0.4756976520912988 0.1259884898730392 0
0.4765916034715972 0.1366690942667708 0
0.4775749499899256 0.1484177590998756 0
0.4786566311600867 0.161341290416291 0
0.4629196074639526 0.07468684122912889 0
0.4633666360318745 0.08016864741317398 0
0.4638583674565885 0.08619863421562358 0
0.464399272023774 0.09283161969831816 0
0.464994267047678 0.1001279037292822 0
0.4656487615739724 0.1081538161633426 0
0.4663687055528963 0.1169823198408091 0
0.4671606439297125 0.1266936738860222 0
0.4680317761442104 0.1373761633357566 0
0.468990021580158 0.1491269017304645 0
0.4700440915597004 0.1620527139646432 0
0.9022973938033748 -0.01570159404001732 0
0.9028504423924596 -0.02117371820383985 0
0.9034587958404529 -0.02719305478404464 0
0.9041279846332454 -0.03381432502226991 0
0.9048640923053173 -0.0410977222843177 0
0.9056738107445963 -0.04910945927257027 0
0.9065645010278032 -0.0579223699596481 0
0.9075442603393308 -0.06761657171543371 0
0.9086219955820112 -0.07828019364679789 0
0.9098075043489595 -0.09001017777129848 0
0.9111115639926027 -0.1029131603082491 0
0.9084351275034523 -0.01507859195191708 0
0.9089935729015134 -0.02055016833377368 0
0.9096078628393804 -0.02656890235381595 0
0.9102835817710343 -0.03318950977586245 0
0.9110268725958536 -0.04047217794011359 0
0.9118444925031547 -0.04848311292078985 0
0.9127438744011859 -0.05729514139953373 0
0.9137331944890202 -0.06698837272615202 0
0.9148214465856381 -0.07765092718543212 0
0.9160185238919176 -0.08937973709064025 0
0.9173353089288252 -0.1022814279863692 0
0.9144789015947956 -0.0144583314275305 0
0.9150430979537656 -0.01992931761492854 0
0.9156637139486324 -0.02594740242106639 0
0.9163463915429861 -0.03256729570781803 0
0.9170973368967751 -0.03984917832324483 0
0.9179233767859429 -0.0478592492002143 0
0.9188320206640276 -0.05667032716488073 0
0.9198315289299207 -0.06636251292601381 0
0.9209309880224031 -0.07702391726326019 0
0.9221403930241338 -0.0887514620342312 0
0.9234707385260374 -0.1016517612822993 0
0.9530602866979105 0.01298345239228784 0
0.9539521591593363 0.01841065897825889 0
0.9549332188669046 0.02438058622282704 0
0.9560123845452297 0.03094750619185201 0
0.9571994667913875 0.03817111815777948 0
0.9585052572621608 0.04611709132029969 0
0.9599416267800116 0.05485766179907193 0
0.9615216332496475 0.06447228932572138 0
0.9632596403662469 0.0750483796050358 0
0.9651714481945063 0.08668207891228163 0
0.9672744368055917 0.09947914815025206 0
0.00727628607103835 0.02755886217769097 0
0.003472974028476902 0.03153558133961092 0
-0.0007106692183406899 0.03590997241772288 0
-0.005312676789840041 0.04072180260364602 0
-0.01037488511848933 0.04601481580816148 0
-0.01594331428000355 0.05183713033312849 0
-0.02206858635766919 0.0582416763105922 0
-0.0288063856431014 0.06528667688580228 0
-0.03621796485707682 0.07303617751853338 0
-0.04437070199244979 0.08156062821453758 0
-0.05333871284136005 0.0909375239801422 0
0.004111433573132222 0.02433611813742939 0
3.71765906608864e-05 0.02803702638684322 0
-0.004444506090057582 0.03210802546119843 0
-0.009374357038847899 0.03658612444298917 0
-0.01479719308251725 0.04151203332295898 0
-0.02076231273055353 0.04693053309092576 0
-0.02732394434339344 0.05289088283568923 0
-0.03454173911751734 0.05944726755492905 0
-0.04248131336905364 0.06665929074609285 0
-0.05121484504574357 0.07459251625637303 0
-0.06082172989010248 0.08331906431768123 0
0.6145920916936222 -0.03875287436098324 0
0.6149140341661651 -0.04424344498900092 0
0.6152681708859622 -0.05028307267982037 0
0.6156577212777391 -0.05692666313972176 0
0.6160862267086937 -0.06423461264561331 0
0.6165575826827439 -0.072273357102094 0
0.6170760742541989 -0.08111597600422275 0
0.6176464149827995 -0.0908428567965644 0
0.6182737897842601 -0.1015424256681402 0
0.6189639020658668 -0.1133119514268736 0
0.6197230255756342 -0.1262584297614803 0
0.6227037687138282 -0.03827192550725106 0
0.6230331842600855 -0.04376205307522567 0
0.6233955413609685 -0.04980119339999774 0
0.6237941341719399 -0.05644424775724701 0
0.6242325862640083 -0.06375160755022122 0
0.6247148835652837 -0.07178970332249283 0
0.6252454105966866 -0.08063160867199162 0
0.6258289903312299 -0.09035770455644029 0
0.6264709280392273 -0.1010564100293338 0
0.6271770595180246 -0.1128249860495167 0
0.6279538041447016 -0.1257704196717179 0
0.6307953610690825 -0.03778061123577124 0
0.6311323337394762 -0.04327027996788441 0
0.6315030036769093 -0.04930891557320889 0
0.6319107406080856 -0.05595141473906581 0
0.6323592512323797 -0.06325816382150844 0
0.632852612919103 -0.07129558781219533 0
0.6333953107744988 -0.0801367542019509 0
0.6339922784154342 -0.08986203723068203 0
0.6346489428204629 -0.1005598485622863 0
0.6353712736659947 -0.112327441027051 0
0.6361658375960796 -0.1252717927382921 0
0.2574628537933688 0.08457721117263106 0
0.2574746849253543 0.0900772212867758 0
0.2574876991705384 0.09612723241233501 0
0.2575020148402409 0.1027822446504501 0
0.2575177620769137 0.1101027581123768 0
0.2575350840372537 0.1181553229204961 0
0.2575541381936278 0.1270131442094273 0
0.2575750977656392 0.1367567476272517 0
0.2575981532948518 0.1474747113868585 0
0.2576235143769856 0.159264471522426 0
0.2576514115673328 0.1722332076715502 0
0.2496202617642717 0.08457136823730603 0
0.249596990761102 0.09007135275999811 0
0.2495713926576153 0.0961213357349594 0
0.24954323474378 0.1027763170074168 0
0.2495122610385611 0.11009679640712 0
0.2494781899628203 0.1181493237467934 0
0.2494407117795054 0.1270071038204343 0
0.2493994857778591 0.1367506619014392 0
0.2493541371760481 0.1474685757905446 0
0.249304253714056 0.1592582810685605 0
0.2492493819058647 0.1722269568743781 0
0.5219198200862201 0.06945819965389229 0
0.5224416110035972 0.07493339441466645 0
0.5230155810127121 0.08095610865151803 0
0.5236469480227384 0.08758109431205477 0
0.5243414517337673 0.09486857853864517 0
0.5251054058158993 0.1028848111878946 0
0.5259457553062442 0.111702667102069 0
0.5268701397456238 0.1214023086076609 0
0.5278869626289413 0.1320719142638119 0
0.5290054678005905 0.143808480485578 0
0.5302358234894048 0.1567187033295207 0
0.5134950029513271 0.07025357379765797 0
0.5140067806263453 0.07572971393936005 0
0.5145697360688652 0.08175346809523236 0
0.5151889870556373 0.08837959766669189 0
0.5158701631410865 0.09566834019529737 0
0.5166194568350806 0.1036859569767634 0
0.5174436798984742 0.112505335436376 0
0.518350325268207 0.1222066517419499 0
0.5193476351749131 0.1328780996780812 0
0.5204446760722899 0.1446166924078256 0
0.5216514210594044 0.1575291444105445 0
0.3926624164854419 -0.04683173537600545 0
0.3927105843101554 -0.052331529266603 0
0.3927635689173403 -0.0583813025462603 0
0.3928218519852437 -0.06503605315388333 0
0.3928859633599374 -0.07235627882226867 0
0.3929564858721005 -0.08040852705749255 0
0.3930340606354799 -0.08926600011623881 0
0.3931193928751972 -0.09900922048085969 0
0.3932132583388863 -0.1097267628819427 0
0.3933165103489443 -0.121516059523134 0
0.393430087560008 -0.1344842858284443 0
0.4008321043374847 -0.04674931799214067 0
0.4008943729458219 -0.05224896972119978 0
0.4009628684149927 -0.05829858662316479 0
0.4010382134310807 -0.06495316521532629 0
0.4011210929487775 -0.07227320166670397 0
0.401212260418244 -0.0803252417632194 0
0.401312544634657 -0.08918248586938636 0
0.4014228572727115 -0.09892545438617004 0
0.4015442011745713 -0.1096427197546321 0
0.4016776794666171 -0.1214317116599403 0
0.4018245055878676 -0.1343996027557794 0
0.4090160645903217 -0.04664645601599519 0
0.4090915454913017 -0.05214594176225885 0
0.4091745744823798 -0.05819537608314888 0
0.4092659063725657 -0.06484975383612791 0
0.4093663714517701 -0.07216956936440486 0
0.409476883038895 -0.08022136644550948 0
0.4095984457847324 -0.08907834323472458 0
0.4097321648051535 -0.09882101770286118 0
0.4098792557276167 -0.1095379596178115 0
0.4100410557423262 -0.1213265957242567 0
0.4102190357585068 -0.1342940954413466 0
0.2732601688075991 0.08446170958172212 0
0.2733249930428786 0.08996134065445038 0
0.2733962997016861 0.09601093483445149 0
0.2734747370263743 0.1026654884324527 0
0.2735610180835312 0.109985497390254 0
0.273655927246404 0.1180375072438355 0
0.2737603273255639 0.1268947180827751 0
0.27387516741264 0.1366376500056087 0
0.2740014915084235 0.1473548751207256 0
0.2741404480137855 0.1591438227473542 0
0.2742933001696836 0.1721116651366457 0
0.2653425298058489 0.08453766531698144 0
0.2653827738590137 0.09003753246577061 0
0.265427042317495 0.09608738632943871 0
0.2654757376218245 0.1027422255794736 0
0.2655293024565869 0.110062548754512 0
0.2655882237748255 0.1181149042470542 0
0.265653037224888 0.1269724952888507 0
0.2657243320199568 0.1367158454348268 0
0.2658027562945324 0.1474335305954005 0
0.2658890229965656 0.1592229842720316 0
0.2659839163688021 0.1721913833163258 0
0.9778593265729858 0.008854772104599461 0
0.9787742442056167 0.01427814126772381 0
0.9797806536015107 0.0202438473471606 0
0.980887703936994 0.02680612403454107 0
0.9821054593060257 0.03402462839065958 0
0.9834449902119605 0.04196498318238995 0
0.9849184742084888 0.05069937345329335 0
0.9865393066046699 0.0603072027512871 0
0.9883222222404693 0.07087581497908021 0
0.9902834294398485 0.08250128842965264 0
0.9924407573591656 0.09528930922528232 0
0.08609222484200044 0.06595041879556282 0
0.08460889779387371 0.07124686499976168 0
0.08297723804093431 0.07707295582438045 0
0.08118241231270096 0.08348165573146109 0
0.07920810401164427 0.09053122562924978 0
0.07703636488048192 0.09828575251681736 0
0.07464745183620333 0.1068157320931417 0
0.0720196474874969 0.1161987096270985 0
0.0691290627039198 0.1265199849144509 0
0.06594941944198501 0.1378733877305386 0
0.06245181185385673 0.150362130828235 0
0.08002450385072671 0.06418994733021416 0
0.07844324800456595 0.06945798557348501 0
0.07670386657378911 0.07525282764108294 0
0.07479054699993458 0.08162715391544068 0
0.0726858954686946 0.08863891281723418 0
0.07037077878433062 0.09635184760920704 0
0.06782415043153026 0.1048360758803772 0
0.06502285924344983 0.1141687269786643 0
0.06194143893656139 0.1244346431867802 0
0.05855187659898409 0.1357271510157077 0
0.05482335802764905 0.1481489096275279 0
0.9978627832165161 0.005442899070590367 0
0.9987969580211623 0.01086298390395866 0
0.999824550306273 0.01682507722066379 0
1.000954901819895 0.02338337986903943 0
1.002198288484879 0.03059751278225263 0
1.003566013816362 0.03853305898678715 0
1.005070511680992 0.04726215981177513 0
1.006725459332086 0.05686417071926191 0
1.008545901748289 0.06742638271749736 0
1.010548388406113 0.07904481591555636 0
1.012751123729719 0.09182509243342127 0
-0.004924779231711222 -0.001235113924309845 0
-0.01034203638659357 -0.002593739241050674 0
-0.01630101925696415 -0.004088227089465587 0
-0.02285590041437179 -0.005732163722721991 0
-0.03006626968752019 -0.007540494019304035 0
-0.03799767588798342 -0.009529657345544283 0
-0.04672222270849299 -0.01171773700440856 0
-0.05631922421105352 -0.01412462462915926 0
-0.0668759258638701 -0.01677220101638503 0
-0.07848829768196834 -0.01968453504233338 0
-0.09126190668187639 -0.02288810247087656 0
0.6388650286209479 -0.03727985848618266 0
0.6392090404005006 -0.04276909043805887 0
0.6395874533580087 -0.0488072455851227 0
0.6400037076112676 -0.0554492162468929 0
0.6404615872898524 -0.06275538397484012 0
0.6409652549362956 -0.07079216847558209 0
0.6415192893473832 -0.07963263142639823 0
0.6421287271995795 -0.089357140672296 0
0.6427991088369955 -0.1000541008427835 0
0.643536528638153 -0.1118207570303198 0
0.6443476904194264 -0.1247640788366098 0
0.6469114720765099 -0.03677057417957593 0
0.6472620159633421 -0.04225939271359212 0
0.6476476142388574 -0.04829709310100994 0
0.6480717723419243 -0.05493856352716953 0
0.6485383462552978 -0.06224418099594507 0
0.6490515775600088 -0.07028036021159817 0
0.6496161319951907 -0.0791201573488166 0
0.6502371418738909 -0.08884393419975686 0
0.6509202527404612 -0.09954008873579115 0
0.6516716746936885 -0.1113058587254289 0
0.6524982388422385 -0.1242482057140304 0
0.6549338826275484 -0.03625358724298849 0
0.6552910282974848 -0.04174198035920947 0
0.6556838885344147 -0.04777921278705253 0
0.6561160347950378 -0.0544201684576799 0
0.6565913956817231 -0.06172521969537001 0
0.657114292657077 -0.06976077605682914 0
0.6576894793299662 -0.07859988805443417 0
0.6583221846701444 -0.08832291125179972 0
0.6590181605443404 -0.09901823676890181 0
0.659783734005956 -0.1107830948377141 0
0.6606258648137331 -0.1237244387134077 0
0.9065892459492291 0.02043555041956706 0
0.9074397017607647 0.02586940109680032 0
0.9083752031534541 0.0318466368417569 0
0.9094042546854123 0.03842159616120915 0
0.9105362113705664 0.04565405141260662 0
0.9117813637242359 0.05360975218914384 0
0.9131510313132724 0.06236102304333477 0
0.9146576656612123 0.07198742098294481 0
0.9163149634439465 0.08257645871651585 0
0.918137991004954 0.09422440022344399 0
0.9201433213220621 0.1070371358810649 0
-0.00314813961236486 0.01376022089036371 0
-0.008167709012928454 0.01603992084169888 0
-0.01368923535354841 0.01854759078816758 0
-0.01976291432823036 0.02130602772928314 0
-0.0264439612003805 0.02434030836451026 0
-0.03379311275974566 0.02767801706326009 0
-0.04187717947504734 0.03134949663188491 0
-0.05076965286187918 0.03538812415737221 0
-0.06055137358739422 0.03983061443540824 0
-0.07131126638546073 0.04471735374124787 0
-0.08314714846333392 0.05009276697767146 0
-0.004590853743583407 0.009896533992390457 0
-0.00991283197064257 0.01136715604472959 0
-0.01576700802040765 0.01298484030230265 0
-0.02220660167514923 0.01476429298563301 0
-0.02929015469536497 0.0167216909372964 0
-0.03708206301760229 0.01887482868412613 0
-0.04565316217206334 0.02124328020563884 0
-0.0550813712419705 0.02384857687930282 0
-0.06545240121886839 0.0267144032203332 0
-0.07686053419345605 0.02986681219546661 0
-0.08940948046550247 0.03333446206811336 0
0.2049105927601966 -0.04187901843463087 0
0.2045893315103045 -0.04736962932849422 0
0.2042359441354232 -0.0534093013117439 0
0.2038472180230538 -0.06005294049331856 0
0.2034196192994474 -0.06736094359305067 0
0.2029492607034804 -0.07539974700275601 0
0.2024318662479167 -0.08424243075343187 0
0.2018627323467967 -0.09396938287917532 0
0.2012366850555646 -0.1046690302174931 0
0.2005480330352093 -0.1164386422896427 0
0.1997905158128185 -0.1293852155690072 0
0.2122580853354557 -0.04230340985408185 0
0.2119441484590172 -0.04779444382868683 0
0.2115988178949347 -0.0538345812007523 0
0.2112189542744441 -0.06047873231002432 0
0.2108011042919044 -0.06778729853022354 0
0.2103414693111107 -0.07582672137244267 0
0.2098358708322376 -0.08467008649888375 0
0.2092797125054772 -0.09439778813796891 0
0.2086679383460408 -0.1050982599409626 0
0.2079949867706608 -0.1168687789242557 0
0.2072547400377427 -0.129816349805878 0
0.2196599053783345 -0.04272220044558273 0
0.2193541432386473 -0.04821369697366477 0
0.2190178048849914 -0.054254343154555 0
0.2186478326959699 -0.06089905395353426 0
0.2182408632880462 -0.06820823583241145 0
0.2177931969393302 -0.07624833589917634 0
0.2173007639557425 -0.08509244597261775 0
0.2167590876737961 -0.09482096705340329 0
0.2161632437636551 -0.1055223402422674 0
0.2155078154625 -0.1172938507500179 0
0.2147868443312293 -0.1302425123085434 0
0.8398746031122702 0.0305344568827913 0
0.8406713191284435 0.03597644656128958 0
0.841547706746234 0.04196263520763768 0
0.8425117331258037 0.0485474427186206 0
0.8435721621433303 0.05579073098070182 0
0.8447386340626095 0.06375834806899115 0
0.8460217531738168 0.07252272686610942 0
0.8474331841961447 0.0821635435429395 0
0.8489857583207053 0.09276844188745263 0
0.8506935898577221 0.104433830066417 0
0.8525722045484405 0.1172657570632779 0
0.1666629072836118 0.08057593083663342 0
0.1661013565127998 0.08604727432372675 0
0.1654836506649066 0.09206575215952942 0
0.164804174232224 0.09868607777891236 0
0.1640567501562732 0.1059684359602336 0
0.1632345836727273 0.113979029959687 0
0.1623302005408268 0.1227906833590856 0
0.1613353790957363 0.1324835020984242 0
0.1602410755061367 0.1431456027116966 0
0.1590373415575772 0.1548739133862963 0
0.1577132342141617 0.1677750551283559 0
0.159485928705048 0.079798695909199 0
0.1588621536797365 0.08526330255467512 0
0.1581760011518939 0.09127436986469886 0
0.157421233371267 0.09788654390572497 0
0.1565909888125774 0.1051599353508537 0
0.1556777197980189 0.1131606659404953 0
0.1546731238820045 0.121961469589101 0
0.1535680683743886 0.1316423536025674 0
0.1523525073160112 0.1422913260173803 0
0.151015390151796 0.1540051956736746 0
0.1495445612711593 0.1668904522955983 0
0.9248534767526257 0.01754838642337047 0
0.9257196455963739 0.02297975422748602 0
0.9266724313244968 0.02895425881201313 0
0.9277204956254321 0.03552621385499295 0
0.9288733663564609 0.04275536440227076 0
0.9301415241605926 0.05070743000427634 0
0.9315364977451375 0.05945470216648249 0
0.9330709686881368 0.06907670154490925 0
0.9347588867254359 0.07966090086117869 0
0.9366155965664652 0.09130352010907508 0
0.9386579773915973 0.1041104012817611 0
0.1217355710768185 -0.03632553051300991 0
0.1213159333655861 -0.04180950114005628 0
0.1208543318832305 -0.04784186882980727 0
0.1203465702526393 -0.05447747328853338 0
0.119788032458989 -0.06177663819313207 0
0.1191736408859737 -0.06980571958819065 0
0.1184978101556568 -0.07863770912275508 0
0.1177543963523083 -0.08835289761077597 0
0.1169366411686249 -0.09903960494759895 0
0.1160371104665732 -0.1107949830181042 0
0.1150476266943162 -0.12372589889566 0
0.1282625170423409 -0.03681844632917113 0
0.1278544685251276 -0.04230329223510341 0
0.1274056151561929 -0.04833662273162891 0
0.1269118764503648 -0.05497328627780696 0
0.1263687638739538 -0.06227361617860282 0
0.1257713400399017 -0.07030397906947825 0
0.1251141738224445 -0.07913737824944124 0
0.1243912909832415 -0.08885411734740054 0
0.1235961198601182 -0.09954253035515576 0
0.1227214316246826 -0.1112997846636865 0
0.1217592745657035 -0.1242327644030703 0
0.1348723561427034 -0.03730268361794584 0
0.1344754875960142 -0.04278834862680188 0
0.1340389321946562 -0.04882258013654353 0
0.1335587212531623 -0.05546023479725935 0
0.1330304892175191 -0.06276165492404674 0
0.1324494339783115 -0.07079321706351288 0
0.1318102732151832 -0.07962793541692563 0
0.131107196375742 -0.08934612560567966 0
0.1303338118523567 -0.1000361348133091 0
0.1294830888766329 -0.1117951449417015 0
0.1285472936033367 -0.1247300560829331 0
0.1415603660941119 -0.03778036726711462 0
0.1411724287133983 -0.04326667021136913 0
0.1407456975946133 -0.04930160345004909 0
0.1402762933639499 -0.05594003001259706 0
0.1397599487102201 -0.06324229923139982 0
0.1391919695911173 -0.07127479537208287 0
0.1385671925601042 -0.0801105411268342 0
0.1378799378259899 -0.08982986145706068 0
0.1371239576184641 -0.1005211138203098 0
0.1362923793901857 -0.1122814914198838 0
0.1353776433390795 -0.1252179067794153 0
0.1483242581220427 -0.03825376792758015 0
0.1479437085422902 -0.04374058796442463 0
0.1475251040045626 -0.04977609000495357 0
0.1470646390130621 -0.0564151422495354 0
0.1465581275224116 -0.06371809971857541 0
0.1460009648826961 -0.07175135293451942 0
0.145388085979009 -0.08058793147205784 0
0.1447139191849532 -0.09030816786335008 0
0.1439723357114918 -0.1010004278937716 0
0.1431565938906843 -0.1127619139272352 0
0.142259277887796 -0.1256995485640452 0
0.1551624961457764 -0.03872368087623392 0
0.1547891203090223 -0.04421099390484783 0
0.1543784068885928 -0.05024703823632314 0
0.1539266221261204 -0.05688668700094597 0
0.1534296588874007 -0.06419030064203109 0
0.1528829993248091 -0.07222427564722471 0
0.1522816738059583 -0.0810616481529377 0
0.1516202157352224 -0.09078275790922199 0
0.1508926118574129 -0.1014759786411347 0
0.1500922475918224 -0.1132385214462387 0
0.149211846899673 -0.1261773185318531 0
0.227116545653972 -0.04313060134613408 0
0.2268223103356958 -0.04862272926085288 0
0.2264986514855921 -0.05466406996704358 0
0.2261426267504779 -0.06130954474385334 0
0.2257509995418523 -0.06861956699834408 0
0.2253202096123642 -0.07666059147828388 0
0.2248463406899273 -0.08550571840621768 0
0.2243250848752467 -0.09523535802694486 0
0.223751703479098 -0.1059379616097448 0
0.2231209839433345 -0.1177108255508246 0
0.2224271924539946 -0.1306609758860125 0
0.2346249996237126 -0.04352379007682908 0
0.2343442640936214 -0.04901662500599958 0
0.2340354550105211 -0.05505874342808711 0
0.2336957650191108 -0.06170507369238341 0
0.2333221060285595 -0.06901603698310935 0
0.232911081138953 -0.07705809660290786 0
0.2324589537603859 -0.08590436218468622 0
0.2319616136439621 -0.09563525432464245 0
0.2314145395158959 -0.1063392356785943 0
0.2308127579750231 -0.1181136151679413 0
0.230150798280063 -0.131065432606223 0
0.242179578011766 -0.04390031244092225 0
0.2419101405648769 -0.04939371053057545 0
0.2416137593732988 -0.05543644842919397 0
0.2412877400625631 -0.06208346011767434 0
0.2409291188207537 -0.06939517297500275 0
0.2405346354547634 -0.07743805711806401 0
0.240100703752174 -0.08628522967543137 0
0.2396233788793257 -0.0960171194885355 0
0.2390983215191926 -0.10672219828295 0
0.2385207584230462 -0.118497784956806 0
0.2378854390172851 -0.1314509302980476 0
0.9364945811172788 0.01568084999900723 0
0.9373713654188349 0.02111051446828072 0
0.9383358281505465 0.02708314538448157 0
0.9393967371554294 0.03365303939230249 0
0.9405637370608004 0.04087992280090551 0
0.9418474369567087 0.04882949455036883 0
0.9432595068422077 0.05757402347477849 0
0.9448127837162567 0.06719300529162911 0
0.9465213882777105 0.0777738852901648 0
0.9484008532953097 0.08941285328855406 0
0.9504682648146687 0.1022157180867822 0
0.8636677619461585 -0.01949399420865095 0
0.8641895628283258 -0.02496918661889995 0
0.8647635437987099 -0.03099189827017385 0
0.8653949228661325 -0.03761688108657513 0
0.8660894398402973 -0.04490436218461655 0
0.8668534085118785 -0.05292059139246211 0
0.867693774050618 -0.06173844352109223 0
0.8686181761432313 -0.07143808086258535 0
0.869635018445106 -0.0821076819382278 0
0.8707535449771682 -0.0938442431214345 0
0.8719839241624365 -0.1067544604229618 0
0.8703068049791725 -0.0188577932674338 0
0.8708339552557973 -0.02433247307331388 0
0.8714138205600847 -0.03035462085978197 0
0.8720516723948007 -0.03697898342489687 0
0.8727533094129885 -0.04426578224652326 0
0.8735251101329948 -0.05228126095031229 0
0.874374090925002 -0.06109828752448023 0
0.8753079697962097 -0.07079701675606495 0
0.8763352365545384 -0.08146561891080817 0
0.8774652299886998 -0.09320108128102569 0
0.8787082227662774 -0.106110089888265 0
0.8768687359461549 -0.01822289349339251 0
0.8774007297363982 -0.02369710467577364 0
0.8779859229056658 -0.02971873697639288 0
0.8786296353918601 -0.03634253250707405 0
0.8793377191266739 -0.04362870759082332 0
0.880116611234969 -0.05164350018294753 0
0.8809733925540937 -0.06045977203428415 0
0.8819158520051309 -0.07015767107075445 0
0.8829525574012718 -0.08082536001087176 0
0.8840929333370267 -0.09255981784500082 0
0.8853473468663571 -0.1054677214625428 0
0.4666063716628955 -0.04539836741723236 0
0.466766543534974 -0.05089603781830145 0
0.4669427325942603 -0.05694347525947743 0
0.4671365405594752 -0.06359565644477101 0
0.4673497293212115 -0.07091305574859395 0
0.4675842369591216 -0.07896219498279919 0
0.4678421953608227 -0.08781624814042496 0
0.4681259496026938 -0.0975557066138133 0
0.4684380792687521 -0.1082691109345405 0
0.4687814219014161 -0.1200538556873404 0
0.4691590987973466 -0.1330170749154203 0
0.4748612860292568 -0.045148950175637 0
0.4750328735311401 -0.05064627571936604 0
0.4752216197832118 -0.05669333381746799 0
0.4754292406604905 -0.06334509772538013 0
0.4756576236254972 -0.07066203802408348 0
0.4759088448870045 -0.07871067235265718 0
0.4761851882746626 -0.08756417011408824 0
0.4764891660010864 -0.09730301765166241 0
0.4768235415001526 -0.108015749942994 0
0.4771913545491255 -0.1197997554634587 0
0.4775959489029957 -0.13276216153597 0
0.4831186604203834 -0.04488288558367669 0
0.4833008910044349 -0.05037986824315416 0
0.4835013446468914 -0.05642654916857939 0
0.4837218436535937 -0.06307789818654713 0
0.4839643925609662 -0.07039438210631163 0
0.484231196359076 -0.0784425144180526 0
0.4845246805369967 -0.08729545996096766 0
0.4848475131327095 -0.09703370005817424 0
0.4852026289879935 -0.1077457641651015 0
0.485593256428806 -0.1195290346827214 0
0.4860229466136997 -0.1324906322521034 0
0.733518896248032 -0.03067482257916374 0
0.7339392597059027 -0.03615873585886648 0
0.7344016595095604 -0.0421910404665395 0
0.7349102992935839 -0.04882657553497981 0
0.7354698030560097 -0.05612566411026415 0
0.7360852571946782 -0.06415466154307693 0
0.7367622567472134 -0.07298655871917099 0
0.7375069562550023 -0.08270164561287446 0
0.7383261257135699 -0.09338824119594827 0
0.7392272121179945 -0.1051434963373295 0
0.7402184071628614 -0.1180742769928488 0
0.7411816928891836 -0.03008291980846997 0
0.7416082620764334 -0.03556635375224507 0
0.7420774881824082 -0.04159813109039769 0
0.7425936368989804 -0.04823308616236557 0
0.7431614004872098 -0.05553153674153025 0
0.7437859404342623 -0.06355983237861138 0
0.7444729343760199 -0.07239095757940062 0
0.7452286277119533 -0.0821051953002688 0
0.74605989038148 -0.0927908567932238 0
0.7469742793179595 -0.1045450844354743 0
0.7479801071480868 -0.1174747348419498 0
0.7488025154098479 -0.02948585488621852 0
0.7492349019630642 -0.03496883307506708 0
0.7497105271716022 -0.04100010908280049 0
0.750233714900994 -0.04763451269130724 0
0.750809221403325 -0.05493235666066467 0
0.7514422785558891 -0.06295998502695785 0
0.7521386414237096 -0.07179037622988033 0
0.7529046405783121 -0.08150380655309508 0
0.7537472396483749 -0.0921885799086313 0
0.7546740986254439 -0.1039418305997211 0
0.7556936435002198 -0.11687040635992 0
0.5161519580254966 -0.04366746066463698 0
0.5163742480144198 -0.0491629688767584 0
0.5166187670022352 -0.05520802791009195 0
0.5168877378888322 -0.06185759284675885 0
0.517183605864089 -0.06917211427709245 0
0.5175090606368714 -0.07721808785045942 0
0.517867060886932 -0.08606865878116307 0
0.5182608611619987 -0.09580428680493708 0
0.5186940414645721 -0.1065134776310885 0
0.5191705397974028 -0.1182935875398551 0
0.5196946879635165 -0.1312517084394983 0
0.5244046928086129 -0.04332634383522097 0
0.5246362998469336 -0.04882146697772045 0
0.5248910675890864 -0.05486610243446989 0
0.5251713121054545 -0.06151520143689427 0
0.5254795810734594 -0.06882921033956108 0
0.5258186769382648 -0.07687462013249458 0
0.5261916823895507 -0.08572457090472142 0
0.5266019883859653 -0.09545951675417096 0
0.5270533249820213 -0.1061679571885654 0
0.5275497952376829 -0.1179472416663994 0
0.5280959125189105 -0.1309044545920167 0
0.5326523644810635 -0.04297194236273511 0
0.5328926816222874 -0.04846669126754871 0
0.5331570304776339 -0.05451091506284367 0
0.5334478142185148 -0.06115956123766812 0
0.533767676333484 -0.06847307202997502 0
0.5341195246599501 -0.07651793390151261 0
0.5345065578190628 -0.08536728196020396 0
0.5349322942940866 -0.09510156482476445 0
0.535400604416613 -0.105809275975781 0
0.535915745551392 -0.1175877582418992 0
0.5364824007996488 -0.1305440887346292 0
0.4913772576209515 -0.04460135056695244 0
0.4915693911838576 -0.05009799567898848 0
0.4917807381030543 -0.05614430530222813 0
0.4920132197141706 -0.06279524588779174 0
0.4922689494863986 -0.07011128053191171 0
0.4925502522358494 -0.07815891864044366 0
0.4928596852602452 -0.08701132055982884 0
0.4932000615870806 -0.09674896267115252 0
0.4935744755465996 -0.1074603689936086 0
0.4939863309020705 -0.1192429159483102 0
0.4944393717930884 -0.1322037175984821 0
0.4996364546050138 -0.04430543879921765 0
0.4998384526773427 -0.04980173052820994 0
0.5000606505569044 -0.05584765143010148 0
0.5003050682244224 -0.06249816442218216 0
0.5005739276586921 -0.06981372871347091 0
0.5008696730363889 -0.07786084943388855 0
0.5011949929518553 -0.08671268222634793 0
0.5015528448588683 -0.09644969829805328 0
0.5019464819565826 -0.1071604159769291 0
0.5023794827640684 -0.1189422054236926 0
0.5028557836523028 -0.1319021738151324 0
0.5078953298190673 -0.04399420689164568 0
0.5081076060790275 -0.04949011133970539 0
0.5083411099649838 -0.05553560623257107 0
0.5085979642395357 -0.06218565061472332 0
0.5088805039415429 -0.0695006994350908 0
0.5091912976137507 -0.077547253137495 0
0.5095331706531794 -0.08639846221013964 0
0.5099092309965508 -0.09613479219004875 0
0.5103228973742595 -0.1068447551679488 0
0.510777930389739 -0.1186257144436388 0
0.5112784667067665 -0.1315847696468978 0
0.4882051497548263 0.07254425111771978 0
0.4886860582091921 0.078023188416898 0
0.4892150575089945 0.08405001944599401 0
0.4897969567387772 0.09067953357799964 0
0.4904370458915381 0.09797199912320582 0
0.4911411439595751 0.1059937112229326 0
0.4919156518344159 0.1148175945326321 0
0.4927676104967407 0.1245238661733016 0
0.4937047650252979 0.135200764978038 0
0.4947356350067109 0.146945353663248 0
0.4958695919862652 0.159864401216979 0
0.4797746311952936 0.07327618589866843 0
0.4802448393782109 0.07875605224419244 0
0.48076206837942 0.08478390522426886 0
0.48133102028075 0.09141454350235292 0
0.481956867372213 0.09870824560824538 0
0.4826452991728223 0.1067313179247271 0
0.4834025741534926 0.115556697472857 0
0.4842355766322298 0.1252646149757998 0
0.4851518793588408 0.135943324229037 0
0.4861598123581129 0.1476899044075979 0
0.4872685386573122 0.1606111426040149 0
0.5408944372804593 -0.04260509276075006 0
0.5411436558762924 -0.04809944550329593 0
0.5414177963317089 -0.05414323352009639 0
0.5417193508326672 -0.06079140033857688 0
0.5420510607837211 -0.06810438383890544 0
0.5424159417298806 -0.07614866568926684 0
0.5428173107706559 -0.0849973757246644 0
0.5432588167155088 -0.0947309567636017 0
0.543744473254847 -0.1054378959064327 0
0.5442786954481189 -0.1172155289635469 0
0.5448663398607181 -0.1301709253263724 0
0.5491297109362842 -0.04222448098305244 0
0.5493881962921729 -0.04771840548027208 0
0.5496725301836506 -0.05376172242721369 0
0.5499852974642759 -0.06040937106884946 0
0.5503293414729639 -0.06772178457464879 0
0.5507077898825206 -0.07576543943102806 0
0.551124083133033 -0.08461345977304527 0
0.5515820057085966 -0.09434628214926422 0
0.5520857205417166 -0.105052386763105 0
0.5526398068581486 -0.1168291018383299 0
0.5532493018062238 -0.1297834884210773 0
0.5573561890048215 -0.04183051709852099 0
0.5576235191058231 -0.0473240180587193 0
0.5579175822169249 -0.05336686911493745 0
0.5582410516391368 -0.06001400527677739 0
0.55859686800357 -0.06732585505480135 0
0.5589882660044465 -0.07536888981062768 0
0.5594188038054106 -0.08421622804203666 0
0.5598923953864712 -0.09394830009658654 0
0.5604133461256378 -0.1046535793565914 0
0.560986391938721 -0.1164293865425968 0
0.5616167423331125 -0.1293827744472026 0
0.8037671584147096 0.03572263747396769 0
0.8045353753598572 0.0411687234126846 0
0.8053804139995197 0.0471594179452732 0
0.8063099565031483 0.05374918193112066 0
0.8073324532571399 0.06099792231555286 0
0.8084571996865305 0.06897153673842829 0
0.8096944207588602 0.07774251260359125 0
0.811055363938423 0.08739058605527052 0
0.812552401435942 0.09800346685211772 0
0.8141991426832129 0.1096776357286496 0
0.8160105580552108 0.1225192214928347 0
0.2110936543016617 0.08371669398383563 0
0.2108617860490023 0.08921186493458604 0
0.2106067309710769 0.09525655298041147 0
0.2103261703853591 0.1019057098308195 0
0.2100175537410694 0.1092197823662682 0
0.2096780754323508 0.1172652621552619 0
0.2093046492927603 0.1261152899231549 0
0.2088938805392108 0.1358503204678372 0
0.2084420349103063 0.1465588540669878 0
0.2079450047185114 0.1583382410260534 0
0.2073982715075369 0.1712955666810256 0
0.2035389630280247 0.08336221284411097 0
0.2032568813708683 0.08885502881998975 0
0.2029465915479962 0.09489712639345639 0
0.202605272742837 0.1015434337242697 0
0.2022298220571619 0.1088543717881644 0
0.2018168263029192 0.1168964036584485 0
0.2013625309732523 0.125742638715761 0
0.2008628061106187 0.1354734972788048 0
0.2003131087617217 0.1461774416981529 0
0.1997084416779351 0.1579517805594359 0
0.1990433078857697 0.1709035533068472 0
0.4544989079995009 0.07536455503241633 0
0.4549346121656225 0.08084727268422785 0
0.4554138867483563 0.08687826210122053 0
0.4559410887893634 0.09351235045991248 0
0.4565210110344713 0.1008098476544736 0
0.4571589255040899 0.1088370945684909 0
0.4578606314206704 0.1176670661739098 0
0.458632507928909 0.1273800349398707 0
0.4594815720879714 0.1380643005824277 0
0.46041554266294 0.1498169927892403 0
0.4614429102954056 0.1627449542167343 0
0.4460843588198297 0.0760246381646847 0
0.4465085413426934 0.08150825969764888 0
0.4469751421178435 0.08754024338390948 0
0.4474884029705087 0.09417542543879615 0
0.4480529899084403 0.1014741256991715 0
0.4486740355401651 0.1095026959855843 0
0.4493571857350624 0.1183341233006385 0
0.4501086509494495 0.128048693347198 0
0.4509352626852752 0.1387347203984135 0
0.4518445355946835 0.1504893501547506 0
0.4528447357950326 0.1634194428867214 0
0.1523810799523193 0.07894563989359392 0
0.1516922689486392 0.08440243982092674 0
0.1509345768445911 0.09040491974099284 0
0.1501011155301381 0.09700764765306555 0
0.1491843080842399 0.1042706483563455 0
0.1481758198937519 0.1122599491299535 0
0.1470664828842151 0.1210481799809223 0
0.1458462121737246 0.1307152339169879 0
0.144503914392185 0.1413489932466602 0
0.1430273868324915 0.1530461285092996 0
0.1414032065168286 0.165912977298203 0
0.1453511109563199 0.07801442458528379 0
0.1445938294063849 0.08346215681379407 0
0.1437608197014563 0.08945466226515539 0
0.1428445090260349 0.09604641826165283 0
0.1418365672830713 0.1032973498578 0
0.1407278313658114 0.1112733746135619 0
0.1395082218568255 0.1200470018449 0
0.138166651396941 0.1296979917993719 0
0.136690923891068 0.140314080749291 0
0.1350676236346078 0.151991778594202 0
0.1332819933525015 0.1648372462236041 0
0.001282844480526261 0.02096521792274472 0
-0.003091351345295314 0.02430882083300295 0
-0.007902966753699048 0.027986784034287 0
-0.01319574370294316 0.03203254355569945 0
-0.01901779834711168 0.03648287902925315 0
-0.02542205845569704 0.04137824805016222 0
-0.03246674457514095 0.0467631539731622 0
-0.04021589930652925 0.05268655048846217 0
-0.04873996951105638 0.05920228665529216 0
-0.05811644673603622 0.06636959643880513 0
-0.06843057168351405 0.0742536372006694 0
-0.001160362065454364 0.01744521595664084 0
-0.005853854390937881 0.020329020113258 0
-0.01101669594896976 0.02350120468553688 0
-0.01669582166280482 0.02699060771504364 0
-0.02294285994802338 0.03082895104750108 0
-0.0298146020617638 0.03505112871320427 0
-0.03737351838687826 0.03969552414547777 0
-0.04568832634450417 0.04480435912097862 0
-0.05483461509789268 0.05042407759402957 0
-0.06489553272662005 0.05660576791438561 0
-0.07596254211822014 0.06340562726677725 0
0.08445528866265117 -0.03314121354212531 0
0.08391652865038603 -0.03861478984631037 0
0.08332389263689438 -0.04463572378091392 0
0.08267199302205357 -0.05125875110897782 0
0.08195490344572866 -0.05854408116984813 0
0.08116610491177127 -0.06655794423680546 0
0.08029842652441814 -0.07537319361045852 0
0.07934398029832969 -0.08506996792147691 0
0.0782940894496324 -0.09573641966359711 0
0.07713920951606539 -0.1074695165799293 0
0.07586884158914167 -0.1203759231878948 0
0.09043088513202521 -0.0337103011624418 0
0.08992202099943597 -0.03918672502644231 0
0.0893622704535878 -0.04521079127684288 0
0.08874654485315482 -0.05183726415228349 0
0.08806924669267853 -0.05912638431526818 0
0.08732421871615462 -0.06714441649455132 0
0.08650468794197831 -0.07596425189176279 0
0.08560320409038438 -0.08566607082869539 0
0.08461157185363105 -0.09633807165932128 0
0.08352077639320239 -0.1080772725730097 0
0.08232090138673087 -0.120990393578067 0
0.09650308689984452 -0.03426032585505242 0
0.09601627409491145 -0.03973874737176177 0
0.09548078000948508 -0.04576501104014204 0
0.09489173651551606 -0.05239390107536035 0
0.09424378867215015 -0.05968568011410048 0
0.09353104604444765 -0.06770663705671463 0
0.09274702915397488 -0.07652968969359021 0
0.09188461057445485 -0.08623504759415333 0
0.09093595013698282 -0.09691094128477278 0
0.08989242365576358 -0.1086544243444542 0
0.08874454452642241 -0.1215722557101037 0
0.7273994083496028 0.04607749705150864 0
0.7281087064201628 0.05153156941771859 0
0.7288889342977788 0.05753104902054954 0
0.7297471849631563 0.06413047658366357 0
0.7306912606950716 0.07138984690308901 0
0.7317297440001785 0.07937515425445699 0
0.732872075635796 0.08815899234096178 0
0.7341286404349754 0.09782121423611705 0
0.7355108617140725 0.1084496583207878 0
0.7370313051210795 0.1201409468139257 0
0.7387037928687872 0.1330013641563774 0
0.04124765285772161 0.04954468546566216 0
0.03888497089818726 0.05451192779682203 0
0.03628602074269947 0.0599758943610979 0
0.03342717557166291 0.06598625758180135 0
0.03028244588352268 0.07259765712457514 0
0.02682324322656844 0.07987019662162631 0
0.02301812030391877 0.08786999006838261 0
0.01883248508900414 0.09666976285981455 0
0.01422828635259803 0.1063495129303897 0
0.009163667742551326 0.1169972380080223 0
0.003592587271499942 0.1287097355934182 0
0.03631093622956868 0.04711200864229984 0
0.03381165191676302 0.05201194852710006 0
0.0310624391726768 0.05740188240038031 0
0.02803830515418196 0.06333080966098859 0
0.02471175773383764 0.06985262964765768 0
0.02105255557145888 0.07702663163299367 0
0.01702743319284224 0.08491803381686328 0
0.01259979857636394 0.09359857621911985 0
0.00772940049823781 0.1031471728616021 0
0.002371962612299071 0.1136506291683325 0
-0.003521219062233551 0.125204431105736 0
0.9583207065640325 0.01211625618456812 0
0.9592172693730209 0.01754268954180706 0
0.9602034884629082 0.02351176623476988 0
0.9612883294617842 0.030077750597029 0
0.9624816545605478 0.03730033339551402 0
0.9637943121691878 0.04524517447384754 0
0.9652382355386917 0.05398449966001442 0
0.966826551245146 0.06359775736479799 0
0.9685736985222458 0.07417234084005991 0
0.9704955605270555 0.08580438266284802 0
0.9726096087323464 0.09859962866791495 0
-0.005330355873332856 0.005859113544617828 0
-0.01085128325444629 0.006245881635935204 0
-0.01692430337367107 0.006671326536384317 0
-0.02360462550481833 0.007139315926878342 0
-0.03095297984908031 0.007654104256421769 0
-0.03903616962776849 0.008220371418919539 0
-0.0479276783843255 0.008843265297667085 0
-0.0577083380165382 0.009528448564289388 0
-0.06846706361197216 0.01028215015757392 0
-0.08030166176694954 0.0111112219101869 0
-0.09331971973742464 0.01202320083806119 0
-0.005182420584261597 0.00235345639052595 0
-0.01067408972005138 0.002040075506273104 0
-0.01671492576942015 0.001695356533594974 0
-0.0233598454237258 0.00131616566364903 0
-0.03066925704346201 0.0008990557067084927 0
-0.03870960982517184 0.0004402347540739013 0
-0.04755399788505266 -6.446829382414972e-05 0
-0.05728282475092155 -0.0006196416465120056 0
-0.06798453430337735 -0.001230332334468647 0
-0.07975641481107872 -0.001902092091220953 0
-0.09270548336955022 -0.002641027823648489 0
0.990608828496664 0.006688619903542864 0
0.9915358416651713 0.01210993446657946 0
0.9925555561505294 0.01807338048591971 0
0.9936772420844231 0.02463317110719399 0
0.9949110966117063 0.03184894079059569 0
0.9962683365917179 0.03978628744233757 0
0.9977613005697306 0.04851736875925364 0
0.9994035609455445 0.05812155820786131 0
1.00121004735894 0.06868616660132976 0
1.003197182413675 0.08030723583414504 0
1.005383030973883 0.09309041199024186 0
0.3874611121081894 0.08006791185904041 0
0.3877904485005084 0.08555804808332128 0
0.3881527185320594 0.09159719793003022 0
0.3885512155667655 0.09824026276141007 0
0.3889895623049421 0.1055476340759279 0
0.3894717437169364 0.1135857425218975 0
0.3900021432701302 0.1224276618124641 0
0.3905855827786434 0.1321537730320873 0
0.3912273662380078 0.1428524953736729 0
0.3919333280433087 0.154621089949417 0
0.3927098860291396 0.1675665439827355 0
0.379143834428821 0.0805552030192999 0
0.3794583189962815 0.08604620947977809 0
0.3798042520204882 0.0920863165863041 0
0.3801847783471154 0.09873043440348271 0
0.3806033573064055 0.1060389640023792 0
0.3810637941616245 0.1140783465611653 0
0.3815702747023654 0.12292166737583 0
0.3821274032971804 0.1326493202719612 0
0.3827402447514769 0.1433497384577055 0
0.3834143703512031 0.1551201984620243 0
0.3841559085109019 0.1680677044667749 0
0.9823168090528798 0.008100549404546038 0
0.9832364791076581 0.01352311442925742 0
0.9842481161679143 0.01948793595643994 0
0.985360916934196 0.02604923963634071 0
0.9865849977771061 0.03326667368423156 0
0.9879314867043071 0.0412058511369115 0
0.9894126245242281 0.04993894633485942 0
0.9910418761261414 0.05954535105260214 0
0.9928340528882458 0.07011239624211914 0
0.9948054473265608 0.08173614595058784 0
0.9969739812087073 0.0945222706299034 0
0.1620729446115083 -0.03918918140420018 0
0.1617069895295706 -0.04467699433356878 0
0.1613044389394392 -0.05071358855587424 0
0.1608616332902946 -0.05735384220041025 0
0.1603745470762356 -0.06465812120939987 0
0.1598387522407706 -0.07269282811928843 0
0.1592493779217592 -0.08153100572016586 0
0.1586010661708466 -0.09125300108113105 0
0.1578879232448427 -0.1019471959781927 0
0.1571034660262385 -0.1137108103649606 0
0.1562405630857738 -0.1266507861904053 0
0.1690528754179195 -0.03964986773103183 0
0.1686943621294254 -0.0451381718555694 0
0.1682999975120819 -0.05117530639256072 0
0.1678661964330041 -0.05781615438325118 0
0.1673890152460185 -0.06512108717301068 0
0.1668641159403344 -0.07315651324174613 0
0.1662867267040818 -0.08199548191735515 0
0.165651598544204 -0.09171834746052504 0
0.1649529575683384 -0.1024134995580119 0
0.1641844524948862 -0.1141781668652475 0
0.1633390969140888 -0.1271193009032067 0
0.1760991419248443 -0.04010532439529678 0
0.1757473121600692 -0.04559406055009781 0
0.1753602994188166 -0.05163167032037894 0
0.1749345854034387 -0.05827304106768818 0
0.174466299986523 -0.06557854888972835 0
0.1739511860279157 -0.07361460749397253 0
0.1733845606734478 -0.08245427195864113 0
0.172761272783533 -0.09217790286977659 0
0.1720756561046267 -0.1028738968720256 0
0.1713214777578299 -0.1146394902744995 0
0.1704918815763533 -0.1275816430172208 0
0.09856526579027176 0.06920899386274809 0
0.09726119379786013 0.07455233534908376 0
0.09582671460620736 0.08043001098405299 0
0.09424878749538929 0.08689545418251915 0
0.09251306767348942 0.09400744170083192 0
0.09060377586939956 0.1018306279709759 0
0.08850355488490072 0.1104361328681344 0
0.086193311801952 0.1199021882550087 0
0.08365204441070839 0.1303148491805704 0
0.08085665028034043 0.1417687761986883 0
0.07778171673693568 0.154368095918618 0
0.09227542480860329 0.06762071473936539 0
0.09088509924977362 0.0729422795547859 0
0.08935574113506096 0.07879600085174845 0
0.08767344720887706 0.08523509427840727 0
0.08582292389007476 0.09231809704773197 0
0.08378734823939224 0.1001094000939891 0
0.08154821502364146 0.108679833444872 0
0.0790851684863156 0.1181073101308432 0
0.07637581729525715 0.1284775344854115 0
0.07339553098509286 0.1398847812754366 0
0.07011721604391213 0.1524327527444642 0
0.7788373618212681 -0.0270542567627911 0
0.7792930246216128 -0.03253534965954692 0
0.7797942537019918 -0.03856455184597832 0
0.7803456056904088 -0.04519667425105287 0
0.7809520928776674 -0.05249200889663486 0
0.7816192287836521 -0.06051687700677506 0
0.782353078280235 -0.06934423192792927 0
0.7831603127264763 -0.07905432234119891 0
0.7840482706173418 -0.08973542179579551 0
0.7850250242972938 -0.1014846311958518 0
0.786099453345241 -0.1144087615359137 0
0.7862251979743546 -0.02643625162881774 0
0.7866862469289967 -0.03191689397782257 0
0.7871934007791029 -0.03794560056172788 0
0.7877512700142199 -0.04457717780402373 0
0.7883649261728484 -0.05187191277054916 0
0.7890399479473399 -0.05989612123372713 0
0.7897824718992804 -0.0687227505432229 0
0.790599248246415 -0.07843204278366825 0
0.7914977022282631 -0.08911226424815814 0
0.7924860016082961 -0.100860507859097 0
0.7935731309263322 -0.1137835758311298 0
0.7935614534519038 -0.0258156091214795 0
0.7940278863977266 -0.0312957960015534 0
0.7945409626381317 -0.0373240015696347 0
0.7951053465025772 -0.04395502769452412 0
0.7957261687534674 -0.05124915643190248 0
0.7964090732294465 -0.05927269804301868 0
0.7971602681530235 -0.06809859381524649 0
0.7979865825689584 -0.0778070791646971 0
0.7988955284264866 -0.08848641304909277 0
0.7998953688697676 -0.100233680321928 0
0.8009951933573769 -0.1131556743220468 0
0.7563798695679879 -0.02888437779085127 0
0.7568177555041905 -0.03436691946211913 0
0.7572994300340133 -0.04039771530051379 0
0.7578292720168186 -0.04703159072274791 0
0.7584120981979042 -0.05432885368720544 0
0.7590532069970986 -0.06235584294810873 0
0.7597584266762122 -0.07118553113510234 0
0.7605341683232373 -0.0808981881407953 0
0.7613874841349648 -0.09158211084705759 0
0.7623261315278651 -0.1033344258239461 0
0.7633586436600555 -0.1162619722985234 0
0.7639126872203783 -0.02827900294489894 0
0.7643563679678924 -0.03376107893160103 0
0.7648444167901579 -0.03979136251697334 0
0.76538127049465 -0.04642467446088286 0
0.7659718095695913 -0.05372131759918335 0
0.7666214025520267 -0.06174762505131387 0
0.7673359548327057 -0.07057656324865746 0
0.7681219623414526 -0.0802883952657354 0
0.7689865706010741 -0.09097141048452115 0
0.7699376396866577 -0.1027227272251855 0
0.7709838156807999 -0.1156491756399162 0
0.7713992594047601 -0.02766879718949192 0
0.7718490821375394 -0.03315037258049548 0
0.7723438871435967 -0.03918010551059939 0
0.7728881726502597 -0.0458128117337137 0
0.7734868867075889 -0.05310878857913943 0
0.7741454721706511 -0.06113436310910775 0
0.7748699161800195 -0.06996249509207289 0
0.7756668045903248 -0.07967344027333455 0
0.7765433818416606 -0.09035547997272236 0
0.77750761681813 -0.102105723642049 0
0.7785682752922463 -0.1150309916783082 0
0.6222503159312406 0.05892766788356171 0
0.6228725861055904 0.06439235410890301 0
0.6235570832973751 0.07040350895677845 0
0.6243100302083383 0.07701577928944142 0
0.6251382718103978 0.0842892766553707 0
0.6260493375726633 0.0922901237578929 0
0.6270515099111553 0.1010910555706673 0
0.6281538994834965 0.1107720805647192 0
0.6293665280130719 0.1214212080581762 0
0.6307004193956048 0.133135248300979 0
0.632167699916391 0.146020692568062 0
0.613973110129213 0.05986413081178173 0
0.6145879393389088 0.06532965891534673 0
0.6152642514695742 0.07134173982926822 0
0.6160081948133062 0.07795502883458189 0
0.6168265324914114 0.08522964674042689 0
0.6177267039373271 0.09323172643685641 0
0.6187168925278344 0.1020340141029289 0
0.6198060999773923 0.1117165305356086 0
0.621004228171906 0.1223672986115563 0
0.6223221691858712 0.1340831434950988 0
0.623771904301233 0.1469705728669955 0
0.800844676470985 -0.02519193935991788 0
0.8013169606642854 -0.03067162520741926 0
0.8018364732769159 -0.03669927963967079 0
0.8024079371508094 -0.04332969951514747 0
0.8030365474120922 -0.05062316137817181 0
0.8037280186995033 -0.05864596942749858 0
0.8044886371156555 -0.06747105828175805 0
0.8053253173734231 -0.07717865602144344 0
0.8062456656569672 -0.08785701353509739 0
0.8072580487688659 -0.09960320680011675 0
0.8083716701919543 -0.112524019391638 0
0.808072590236085 -0.02456491072172754 0
0.8085507349338259 -0.03004408818041605 0
0.8090766941013409 -0.03607118338497339 0
0.8096552491856074 -0.04270098810998649 0
0.8102916597783004 -0.04999377330750088 0
0.8109917114302628 -0.0580158370247667 0
0.8117617682474215 -0.06684010711375912 0
0.812608830746296 -0.07654680421165079 0
0.813540599495058 -0.08722417101933162 0
0.8145655451186962 -0.09896927450778054 0
0.8156929853046981 -0.1118888883450743 0
0.8152429608109111 -0.02393545424084877 0
0.8157264971739198 -0.02941415840137981 0
0.8162583871732293 -0.03544073297796396 0
0.8168434661724698 -0.04206996501220653 0
0.8174870530716344 -0.04936212024987334 0
0.8181949986607153 -0.05738349101130684 0
0.8189737388087045 -0.06620699884888369 0
0.8198303529714925 -0.07591285747021821 0
0.8207726285505593 -0.08658930195368622 0
0.8218091316875329 -0.09833339088550101 0
0.8229492851382036 -0.1112518887104973 0
0.3682562014580603 -0.04694811309168635 0
0.3682604858323615 -0.05244811645812837 0
0.3682651986440927 -0.0584981201612146 0
0.3682703827369972 -0.06515312423460945 0
0.3682760852391921 -0.07247362871534377 0
0.3682823579916064 -0.08052618364415152 0
0.3682892580192622 -0.08938399406584006 0
0.3682968480496836 -0.09912758552969747 0
0.3683051970831471 -0.1098455361399406 0
0.3683143810199569 -0.1216352818112081 0
0.3683244833504478 -0.1346040020496022 0
0.3763727291740274 -0.04693075319950703 0
0.3763915361061571 -0.05243072559991449 0
0.3764122237314997 -0.05848069524036271 0
0.3764349801193766 -0.06513566184485575 0
0.3764600121460412 -0.0724561251097981 0
0.3764875473753723 -0.08050863470123466 0
0.3765178361276364 -0.08936639525181489 0
0.376551153755127 -0.09910993185745315 0
0.3765878031453666 -0.1098278221236552 0
0.3766281174746302 -0.1216175014164775 0
0.3766724632368202 -0.1345861486385821 0
0.3845085570981348 -0.04689240999854238 0
0.3845419429525332 -0.05239231378627475 0
0.3845786673923713 -0.05844220795278036 0
0.3846190642761934 -0.06509709153593654 0
0.3846635008483976 -0.07241746347740832 0
0.3847123810778222 -0.08046987261302729 0
0.3847661493301893 -0.08932752266220816 0
0.3848252944077931 -0.09907093771630711 0
0.3848903539931573 -0.109788694275816 0
0.3849619195370579 -0.1215782264912757 0
0.3850406416353485 -0.1345467119282814 0
0.9376370997152369 -0.01202804580518068 0
0.9382215685757378 -0.01749690325465428 0
0.9388644843222888 -0.02351264644907523 0
0.9395716916434949 -0.03012996396293829 0
0.9403496196968215 -0.03740901322818764 0
0.9412053405554809 -0.04541596741996193 0
0.9421466335000062 -0.05422361703091366 0
0.9431820557389839 -0.06391203160296055 0
0.9443210202018595 -0.07456928763221216 0
0.9455738811110227 -0.08629226926438888 0
0.9469520281111021 -0.0991875490597833 0
0.9431517461485782 -0.01143626041966593 0
0.9437405287977124 -0.01690465495832549 0
0.9443881897117601 -0.02291988895085101 0
0.9451006167172125 -0.02953664634262908 0
0.94588428642321 -0.03681507947358496 0
0.9467463230998074 -0.04482135591763641 0
0.9476945634440644 -0.05362826000609303 0
0.9487376278227473 -0.0633158545033953 0
0.9498849986392984 -0.0739722084504278 0
0.9511471065375046 -0.08569419779216356 0
0.9525354252255315 -0.09858838606807288 0
0.9485477774070389 -0.01085331497170141 0
0.9491413428975763 -0.01632119282009317 0
0.9497942649371676 -0.02233585845332409 0
0.9505124791807178 -0.02895199064987812 0
0.951302514848623 -0.03622973606608755 0
0.9521715540833189 -0.04423525602391792 0
0.9531274972414844 -0.05304132797753133 0
0.9541790347154663 -0.06272800712650609 0
0.9553357259368465 -0.07338335419037831 0
0.9566080862803646 -0.08510423596063776 0
0.9580076826582347 -0.09799720590792316 0
0.1114628301524754 0.07214096960461869 0
0.1103283251298074 0.07752286278548809 0
0.1090803696048725 0.08344294528444443 0
0.1077076185274442 0.0899550360332964 0
0.106197592342273 0.09711833585703356 0
0.1045365635385847 0.1049979656631444 0
0.1027094318545276 0.1136655584498664 0
0.1006995870020647 0.1231999105152606 0
0.09848875766435559 0.1336876977871942 0
0.09605684539287555 0.1452242637863211 0
0.0933817418942475 0.1579144863853608 0
0.1049618156250874 0.07071673194511163 0
0.1037425214861361 0.07608005303348779 0
0.1024012979332898 0.08197970623070155 0
0.1009259520251588 0.08846932474763672 0
0.09930307152621469 0.09560790511626538 0
0.09751790297737618 0.1034603435217569 0
0.09555421757365383 0.1120980257677976 0
0.09339416362955924 0.1215994762384424 0
0.09101810429105518 0.1320510717561516 0
0.08840443901870071 0.1435478268256318 0
0.08552940721911081 0.1561942574020599 0
0.1960430127786162 0.08294368835201828 0
0.1957114187622084 0.08843374099141937 0
0.1953466653441598 0.09447279889476058 0
0.1949454365843063 0.1011157625884359 0
0.1945040849484675 0.1084230226514788 0
0.1940185981490448 0.1164610087208259 0
0.1934845626696798 0.1253027933971078 0
0.1928971236423783 0.1350287565410178 0
0.1922509407123467 0.1457273159993189 0
0.1915401394893119 0.15749573140345 0
0.1907582581439737 0.1704409883479943 0
0.1886049931039198 0.0824601231913613 0
0.1882211217475222 0.08794677838199848 0
0.1877988632554848 0.09398209909169936 0
0.1873343789142437 0.1006209518723703 0
0.1868234461388784 0.1079236899311084 0
0.1862614200859767 0.1159567017957203 0
0.1856431914277847 0.1247930148467934 0
0.1849631399037736 0.1345129592029738 0
0.1842150832273614 0.1452048979947722 0
0.1833922208833079 0.1569660306657505 0
0.1824870723048491 0.1699032766038266 0
0.1812261281079981 0.08190693610088767 0
0.1807855695511785 0.08738934295965009 0
0.1803009551386769 0.09341999050428874 0
0.1797678792849252 0.1000537028033913 0
0.1791814958457983 0.107350786332404 0
0.1785364740627587 0.1153775782143181 0
0.1778269501014151 0.1242070492844236 0
0.1770464737439372 0.1339194674615396 0
0.1761879497507115 0.1446031274563672 0
0.1752435733581632 0.1563551534506775 0
0.1742047593263601 0.1692823820444189 0
0.1739104210547973 0.08127920237058497 0
0.1734098505804111 0.08675646146414492 0
0.1728592230585862 0.09278144646706087 0
0.1722535327845788 0.09940892997026841 0
0.1715872734831708 0.1066991618237967 0
0.1708543882516219 0.1147184168626778 0
0.1700482144969181 0.1235395974054471 0
0.1691614233667439 0.1332428960024932 0
0.1681859531235524 0.143916524459244 0
0.1671129358560416 0.1556575157616699 0
0.1659326168617798 0.1685726061943383 0
0.4376766479151334 0.07666574910764017 0
0.4380884276850229 0.08215031645462072 0
0.4385413854319014 0.08818334053629931 0
0.4390396389534677 0.09481966702614576 0
0.4395877178271906 0.1021196261649769 0
0.4401906045882859 0.1101495812176911 0
0.4408537800254907 0.1189825317756767 0
0.4415832730064159 0.1286987773894609 0
0.4423857152854337 0.1393866475646235 0
0.4432684017923532 0.1511433047573024 0
0.4442393569499647 0.1640756276692492 0
0.4292771148952231 0.07728643425296201 0
0.4296756289089289 0.08277198195582534 0
0.4301139943240053 0.08880608442897502 0
0.4305961962805893 0.09544359714943966 0
0.4311266184328317 0.1027448611419507 0
0.4317100828002984 0.110776251533713 0
0.4323518936045118 0.1196107809646514 0
0.4330578854891464 0.1293287633386837 0
0.4338344765622446 0.1400185439501192 0
0.4346887267426526 0.1517773026226982 0
0.4356284019411013 0.1647119371625352 0
0.9307302638357622 0.01660882314941468 0
0.9316015102915455 0.02203937914760071 0
0.9325598813929072 0.02801299074560534 0
0.9336140896044051 0.03458396350341044 0
0.9347737186370528 0.04181203353699604 0
0.9360493105729653 0.04976291057394022 0
0.9374524617024689 0.0585088753145788 0
0.9389959279449229 0.06812943652928125 0
0.9406937408116224 0.07871205386545393 0
0.9425613349649918 0.09035293293524389 0
0.9446156885336982 0.1031578999120129 0
0.2962861613063159 -0.04602405938971497 0
0.2961317346709231 -0.05152189971921256 0
0.295961865371991 -0.05756952408165991 0
0.2957750091431658 -0.06422191088035199 0
0.2955694672914581 -0.07153953635891327 0
0.2953433712545795 -0.07958892438533069 0
0.2950946656140131 -0.08844325121438987 0
0.2948210894093901 -0.09818301072635494 0
0.2945201555843047 -0.1088967461895165 0
0.2941891283767108 -0.1206818551989943 0
0.2938249984483575 -0.1336454751094198 0
0.3041690292740546 -0.04623136432149424 0
0.3040348137391711 -0.05172973635049551 0
0.3038871766507992 -0.05777794558239689 0
0.3037247758535902 -0.06443097573748842 0
0.3035461349766602 -0.07174930890808909 0
0.3033496300120373 -0.07979947539574983 0
0.303133474550952 -0.08865465853217666 0
0.3028957035437583 -0.09839535998224616 0
0.3026341554358451 -0.1091101315773226 0
0.3023464525171407 -0.1208963803319067 0
0.3020299793065657 -0.1338612539619492 0
0.3120844015090268 -0.04640948612922909 0
0.3119702000883968 -0.05190830872254545 0
0.3118445785257037 -0.05795701357519346 0
0.3117063948067414 -0.06461058891310628 0
0.3115543927158828 -0.07192952178481037 0
0.3113871904159384 -0.07998034794368487 0
0.3112032678859995 -0.08883625671844683 0
0.3110009531030667 -0.09857775637068497 0
0.3107784068418407 -0.1092934059881469 0
0.310533605954492 -0.1210806205673551 0
0.3102643249784085 -0.1340465566044841 0
10.52936664008131 -22.85088787290186 0
10.5263157895377 22.72098577952647 0
-7.992317885727472 22.55353033023467 0
-8.10326917116002 -22.66529755833562 0
-22.82781456435195 8.261245834794577 0
-22.70482666217829 -8.113998141603304 0
22.58376689226362 8.054230347436793 0
22.72098577952259 -7.894736842178459 0
2.522695371674016 -22.8001612115915 0
2.586450273333748 22.8420439026661 0
-22.6267732115673 0.04148759221955649 0
22.75238049161689 -0.1001970196239597 0
-22.98150830170676 -15.73406689076903 0
-15.80086204902204 22.83465899817975 0
22.6866443157286 -15.40175799319065 0
22.6783383237645 15.85696679766808 0
-15.74271952103409 -22.98136422893515 0
-22.82113274846558 16.03296378862699 0
-2.518810471030752 -22.86902343082888 0
-2.537643649356076 22.7683283022985 0
15.78876819892308 -22.90660025492175 0
15.83850080876689 22.89537379515443 0
-22.95304086558122 -21.19262228992252 0
20.98058680550357 -22.50496888744379 0
-20.93990720995257 22.78514187870752 0
22.6166399196841 20.89685561506737 0
-0.006414514950084124 22.82644202132667 0
-1.308134324454731 20.75813291852812 0
-3.481329028552413 20.62278459872068 0
-2.462589661638603 18.84178472339123 0
-4.422778158267104 18.70633071196827 0
-3.468327948287141 17.03155690981216 0
-1.540239005197377 17.11638228730519 0
-2.451132169507715 15.47989458630289 0
-0.7074050435985086 15.51586052662399 0
-1.470562067492232 14.08325287922531 0
0.08970500709495201 14.0899983632962 0
-0.6645632349506227 12.76682164292817 0
0.8385724920421614 12.77100866230197 0
-2.133087367767184 12.72947171602983 0
-1.314241512672706 11.28378371345195 0
-2.730917258479502 11.41382661877216 0
-2.1207450972408 10.2269847944235 0
-3.341998086372528 10.24977631618356 0
-2.637373932978582 9.199830780356207 0
0.8206386992854706 0.1284064949515888 0
-1.587409661329853 9.171826478971042 0
0.629232835624591 0.1540902196037151 0
-3.87216939936548 9.125037663948087 0
-2.004115354293262 8.25265519560962 0
-1.020599588958982 8.260122719520192 0
-1.433680011852379 7.431722069520962 0
0.4489918768484694 0.1718106055508784 0
-0.5316179353405346 7.440426048554434 0
-0.9202353074476266 6.688943214561061 0
-0.1101067596266317 6.696081548379279 0
-0.4974612612798562 6.008052523376369 0
-1.250151108681175 5.97975427786082 0
0.2831163624577456 6.009494700978752 0
-0.8620689263232265 5.36546604360448 0
-1.541274664211688 5.322321610891477 0
-1.191011602584839 4.765131408027657 0
-1.826678699655568 4.719653906549086 0
0.3030906448719054 0.1809084544151157 0
-1.473490621295799 4.210831390110203 0
-2.08510734186283 4.161181238276854 0
-0.8941841632791725 4.239679211425411 0
-1.139776545694812 3.753177183173642 0
0.1946783999799316 0.1783592252493853 0
-0.6445818100061054 3.76324470140716 0
-0.8494475934653863 3.345548693468851 0
-0.4149678351435793 3.354074861695205 0
-0.6121269239271582 2.977791600109232 0
0.1119688344482779 0.1686794552754055 0
-0.2012362978381792 2.993553837416327 0
-1.021707733294194 2.951955808281558 0
-0.7954014450363345 2.616112035366012 0
-1.171838532076292 2.584957614730525 0
-0.9648866392088945 2.279076529813197 0
-1.319884810120503 2.247146181031828 0
-0.1001753865386152 0.04626788563518252 0
-0.03266153277808878 0.1178987955787846 0
0.04151392633680094 0.1509657270023309 0
0.6809299900504735 6.673008137115079 0
1.052603066548095 6.000899155566213 0
1.475447963901073 6.675800993941671 0
1.867171641335001 5.876843806796202 0
2.321078684838254 6.67961852629631 0
2.760893679022115 5.912711437270506 0
3.220841937632015 6.701270441452966 0
3.654886893451052 5.910263990361724 0
4.149090722025941 6.705682903673232 0
4.552641732177928 5.912112413832505 0
5.186306477265292 6.897398055768458 0
5.575829754087285 5.709146851478993 0
6.310931457771623 6.7437001707285 0
6.830350093508696 5.725881093740377 0
6.282307277041619 4.725111550336134 0
7.366668255562699 4.71455118693727 0
6.821609092524152 3.750145110033051 0
7.498553123231276 6.742808702954581 0
7.882897154119073 3.72893413479232 0
7.306995267972 2.793627235339466 0
-1.113911677512284 1.9710465579272 0
-1.462038051538686 1.929172587769652 0
-0.7955538621850053 1.997259314640004 0
8.375159427386258 2.764495374195509 0
7.828746913387904 1.803064122995349 0
-4.616041197243049 10.19486942671944 0
-5.180284985919928 8.98747096271876 0
-0.9218938981382648 1.719532405769129 0
-0.6484823298912584 1.737035366611395 0
-0.753907112632236 1.508395663901347 0
-0.5243072370571644 1.520180776076238 0
8.884415483403625 1.799030230662469 0
8.326875259323931 0.829139987086098 0
3.17250041263538 5.117272618152233 0
-5.970801464418428 10.14202861373129 0
-6.590320520768504 8.884875550584644 0
-0.6126394616872881 1.32550864861527 0
-0.4131827267383967 1.340065833856791 0
-0.8220380106659906 1.287983326247201 0
9.41367608641778 0.8150744374290684 0
8.795592981734096 -0.1420476181414007 0
7.791799596895315 -0.09124050262010464 0
8.169633568949301 -1.064365364701515 0
7.098296782384283 -0.940716531549709 0
7.574049566611704 -1.926953763906997 0
6.441709900974783 -1.884184417050028 0
0.5988027906719005 -0.136353792867462 0
0.8270966336687339 -0.1171394336348763 0
6.993380115940871 -2.78462871952639 0
5.862033418870991 -2.803245838803861 0
0.241424288786182 -0.1389201981696689 0
6.426029801798006 -3.664855124114715 0
5.384888643421474 -3.694692043079489 0
0.4145263458579938 -0.1415028399054713 0
5.874193631911872 -4.529239095891326 0
4.846126007590593 -4.477919626666862 0
5.278976097790482 -5.40295129782815 0
4.271455288387342 -5.363332891475339 0
6.501951009107144 -5.536451857385212 0
4.690662263886183 -6.316188401942915 0
3.628890455338958 -6.284675105022657 0
8.69167926075141 -1.998704409698861 0
4.107521915896315 -7.278807546188332 0
2.964724443197902 -7.216491711667943 0
2.435148231417414 -6.13613756397713 0
1.850475120789104 -7.088343168447309 0
1.330524146894846 -6.162332170640444 0
0.8017718801366468 -6.987114103307047 0
0.3825123523526529 -6.083828934867842 0
-0.2029219761412062 -6.89357384340433 0
-0.6172936103813546 -5.987754295607312 0
-1.222157031163878 -6.802685011467008 0
-1.659305731510955 -5.873540035233919 0
-2.282056005198523 -6.728413125732142 0
-2.739086440360262 -5.749502347950083 0
-3.401279465202744 -6.661665596295039 0
-3.895650096390523 -5.613956539161628 0
-4.588819123702432 -6.585206171436052 0
-5.078599047094162 -5.503841429657836 0
-5.853042189867338 -6.490819847966743 0
-6.374171595588351 -5.329588376453373 0
0.2470806184824913 -7.703715507350559 0
3.461305745746167 -8.309391254571041 0
9.032699934848431 3.66282397262566 0
-7.207622404299157 -6.434377963465638 0
-0.4888611427819352 1.16855599350192 0
-0.3123810480294578 1.181103071222226 0
0.9540680743560721 0.1067340273155341 0
0.8983213442885618 0.1163586416857089 0
0.8640834450633293 0.1217711033189358 0
-0.228522479216783 1.341624013793902 0
-0.1451363981869476 1.169626791432425 0
-0.05533977935406724 1.338878612470358 0
0.03595282377259965 1.194136222633414 0
0.1124390249880575 1.341987435480265 0
1.020595740685471 0.09772488761113775 0
0.9880590209273263 0.09978800978731764 0
0.1964813615386109 1.203317085623446 0
0.7280046479354998 0.1422077714414108 0
0.6786787254147739 0.1481804076292564 0
0.7750051178784609 0.135009704255528 0
0.2771444405677461 1.345699596386185 0
0.9708707271225652 0.1059833396846156 0
-7.78996837634481 -5.139181288674346 0
-3.975740147982334 -7.673445326000545 0
-0.3826062623759308 1.043437856937697 0
-6.751202653609079 -3.947976681015708 0
6.376233363514924 2.873146046413929 0
-8.316743563746474 -3.832168820507494 0
-7.516523608909591 -2.71185659229251 0
4.711029912296879 -8.380183744909424 0
6.103311325760615 -1.000213846619927 0
0.1269672943781206 1.067581224264518 0
0.2674680533955139 1.072723622410724 0
0.5438050322355339 0.162884544547856 0
0.5008152896214566 0.1668269716687885 0
0.5781087672103502 0.1589713556233475 0
-8.89897816925269 -2.558635350337483 0
-8.080190211488018 -1.462535277286465 0
-7.412281256438723 10.07535481871638 0
-8.089055586466625 8.725726864499576 0
0.2001109806001719 0.9513102491684835 0
0.3272442013048733 0.954743613951575 0
-9.467091848749877 -1.262423629669462 0
0.2687826559499077 0.851670230748594 0
0.380692794978079 0.1757605164771219 0
0.3459090883110356 0.1778312029196813 0
0.387220725352342 0.8528469296014007 0
0.4069074480257195 0.1738896432428133 0
0.44473803912313 0.9530366422366755 0
0.5029238130870155 0.8504881808731143 0
0.5619228548927417 0.9485891338230135 0
0.9315233623961983 -5.237407670153916 0
6.920144805242769 7.808820104591811 0
8.149235221109292 7.823433975730431 0
7.488870663303453 8.990608758011705 0
8.980402562502348 8.994491407766578 0
0.3356587260165257 0.7486897809232375 0
0.2298811176807865 0.7535930419093775 0
-8.640891910440716 -6.287433520889744 0
-8.012699453261497 -7.664460875638185 0
-3.194482350705846 -4.809883308887955 0
0.2771435499650275 0.67399980264169 0
0.1948762325044146 0.6717678953711582 0
0.2425045283795641 0.6057379515154305 0
0.1663049975451084 0.5897594266790854 0
0.3139142298256283 0.6053250251383123 0
4.016789349241227 -9.466007259868171 0
5.356607086694522 -9.539591025913792 0
4.44813036090739 -3.727133835143461 0
-8.954415333281473 10.00684460021644 0
-9.652997468859443 8.575980252335416 0
-9.558519063436645 -7.536616466136534 0
0.2762174733221276 0.5396226090952965 0
0.2449089583010219 0.1793455587900266 0
0.3474986042827665 0.5450375536190906 0
0.2209752686399424 0.1788270414867903 0
0.2703127972141152 0.1807936125052513 0
1.004022162773853 0.09867611900493622 0
0.3200228320390788 0.4919481058062223 0
0.3774259387366571 0.4925875786986157 0
-8.869770784156966 -8.964695474808916 0
-10.33802164462592 -2.423116034057395 0
-10.92608972578252 -1.045504151713543 0
-0.08136645350244785 0.07515163892197813 0
-10.54885886260617 -8.861439149701789 0
8.187036118714051 10.2942941231154 0
1.626998873861506 14.06974232666902 0
9.705098495099492 10.31359834020062 0
10.55335851629393 8.868980217346977 0
0.3518318561801377 0.4449441022158521 0
0.4034826053348328 0.4449027916636715 0
0.2999601214310755 0.4436676687264628 0
0.4319727354616806 0.4912864988335919 0
0.4553609595368218 0.4357430177071075 0
0.4857974229893183 0.4884879065347328 0
0.5115222383813307 0.4340465697984827 0
0.5392649481697014 0.486359116876249 0
0.5644712764524055 0.4398993452047474 0
0.5931446346724647 0.4861500975913882 0
0.6199222815711395 0.4310171336430786 0
0.6481833989997732 0.4835600707330505 0
0.6742388528912705 0.4357507147045469 0
0.7040481605153032 0.4841744254203001 0
0.7280022878479917 0.4364197422614219 0
0.7609393642272412 0.4822749195234921 0
0.7836712178824815 0.4258121318884663 0
0.8201211100187755 0.4816216379040298 0
-7.202064148776943 7.555328206346445 0
4.607990876698857 -10.72493909400429 0
6.055192317603439 -10.80902323280417 0
-10.5758402456179 9.930126753342059 0
0.3292517556199087 0.3964024004176682 0
0.2837110100420264 0.3988147238337434 0
0.4835235785346864 0.3980035300988918 0
0.5833227093067068 0.3945470575729284 0
0.6982383526903289 0.3952004646567971 0
-11.31832115712274 8.384832899474489 0
-6.649521523330153 -1.483223237661993 0
-11.85910116345858 -2.297619746871547 0
0.03329634849106721 1.491445722036639 0
-9.794101178305349 -10.40885675078674 0
0.002058737095781864 3.355002080177874 0
0.2161841187064158 2.994580736692193 0
11.26214080537822 10.35852686055805 0
0.30304071054912 0.3630313468650202 0
0.266231903834289 0.3620688151017638 0
0.1528716216703083 0.1743332917878061 0
-12.46145772917129 -0.8362255835067597 0
-1.679469798974578 2.216740877199953 0
-1.839807740760081 1.875093866422103 0
-2.104052381013403 2.23203884644824 0
-2.247283624873945 1.723660658759264 0
-2.602705419807835 2.181292702863065 0
-7.355312117559714 -0.3864437974040718 0
-2.800524601218136 1.677045922972385 0
-2.47589611240219 1.23432194328714 0
-3.278464594790752 2.098296331022246 0
0.1179037574893143 0.6622900562398567 0
0.08616147418854843 0.5957317264717422 0
5.242362617131431 -12.0456703731849 0
3.857400158001513 -12.10736251559416 0
6.78066345867256 -12.14370149522486 0
7.603041538014963 -10.82850529812895 0
8.380902122346093 -12.16704474143825 0
9.24936168276963 -10.78360743354554 0
10.07712652564577 -12.24807029904279 0
10.9952054641121 -10.73581272287731 0
0.2870420955051654 0.3314050871355873 0
0.318812932962991 0.3317470585362868 0
0.2543703497919674 0.3250492687841074 0
0.2320096071258809 0.3574384338624607 0
0.2172376320752443 0.3224224031363679 0
0.1982441769614681 0.3531363116757397 0
0.1840567507429042 0.3242077599563568 0
0.1648279372296908 0.350137524401668 0
0.1512688695113411 0.3149450253664768 0
0.1307822821718199 0.3460263815451269 0
0.1175966596656946 0.314714948060636 0
0.09768846657538149 0.3381924579915188 0
0.00391111174888453 0.1370228104426163 0
0.08442756913517048 0.3107192731089178 0
0.06387063134266502 0.3382726722482099 0
0.07195979851615059 0.1605217695528363 0
0.05218525430992708 0.3079148817138857 0
0.02771754530476296 0.3365363757205374 0
12.14913186395616 8.797408460141019 0
-11.58985385797096 -10.29149115807534 0
8.865970708292217 11.54776959912487 0
-2.477611753502979 4.699164404765426 0
-9.813565312559357 11.44698156266142 0
-12.29094972501973 9.844076991375463 0
0.733345458724091 0.5366273034167095 0
0.4181314581834636 3.34817822009361 0
0.6374930129371293 2.986699172629856 0
-3.014214756673451 1.152317813404443 0
-2.671133102198495 0.7060973490968638 0
-13.46924293471874 -2.132465519475629 0
-10.73962039180877 -11.98851716843058 0
-8.882579737822923 -12.09957305132175 0
0.03999955985184629 0.6555230874007718 0
11.8594164769309 -12.36894094874777 0
3.67692386182226 7.601182057529002 0
0.007500837347843299 0.5906014203857635 0
-0.06345543213002952 0.09268612116615611 0
0.3063331278391281 0.3050404578552022 0
0.3348044114137514 0.3054247609503332 0
-13.07661945560517 8.209197017038404 0
12.96385693563757 10.39956988543079 0
0.2357750747437387 0.298737183244409 0
5.922734638234601 -13.48779338903286 0
0.1751572500767465 0.2973539670862819 0
-0.5019420760016394 1.938901100814118 0
-0.04866649560564091 0.1086178837946628 0
-0.03897377968699982 0.6485235049228151 0
-0.06945972260124901 0.5592657612520934 0
0.1031313862921936 0.2832870439229004 0
12.75854841697879 -10.78519374416648 0
11.90967125949542 -9.171622587255372 0
0.3234553863350357 0.2822194820911954 0
0.3493071157717496 0.2822269526453332 0
-14.10619409720767 9.755663155493204 0
0.8492799456623041 3.360939336459892 0
1.065280513011761 2.985912216757276 0
-3.266933045912752 0.6145435994770336 0
-2.879678194077893 0.1502999686659135 0
-2.271946707026228 0.2555486985853015 0
-2.48920213251557 -0.2716253217815475 0
-1.967013249904951 -0.1670367917586836 0
-2.078109501718471 -0.6081107293381254 0
-1.614444915274571 -0.6619404187575859 0
-1.79569588722831 -1.016325954697449 0
-1.37419005410512 -0.978196361768688 0
0.1113073975348117 -0.1303067172515481 0
-1.535054046768761 -1.353661073928693 0
-1.055666558377314 -1.256298986929242 0
-1.262050710719638 -1.686478897999314 0
-0.7996826211991446 -1.606849419179215 0
-0.9492092578434483 -2.0153926025386 0
-0.5158486454041307 -1.929955619133882 0
-2.243930073089255 -1.142035823204761 0
-0.3766536486239884 -1.516346791936213 0
0.9502823329403705 -0.1038918381940418 0
-0.1146601388626456 -1.827944083172056 0
0.00662814052937275 -1.41552753850806 0
0.7213701205200375 -0.1257460689020957 0
0.2573203128719636 -1.738065901038431 0
0.3812966630169029 -1.395046016926353 0
0.507553099800975 -0.1392943118208963 0
0.6087598157735536 -1.663621304698668 0
0.7103086511947504 -1.313686439942171 0
0.9432481249816776 -1.580117759626919 0
1.036968593010924 -1.258421535552413 0
1.268375507482508 -1.509273575685832 0
1.357803976870198 -1.1724329484714 0
1.591471352263194 -1.433850877873647 0
1.679640639070683 -1.130374151257348 0
1.498286819214775 -1.770130543724867 0
0.5017309819558354 -2.006715621198853 0
1.913148656004751 -1.364999780772135 0
1.989041202638128 -1.008284629518685 0
2.253074629074705 -1.293283760006757 0
2.347476389807022 -0.9546849744418928 0
2.125579920354895 -0.690233841973786 0
2.445405676253755 -0.6227773699180407 0
2.202430834084264 -0.3777014133982106 0
2.541960478603184 -0.2873474140530718 0
2.291335348884103 -0.0314208068870715 0
2.642122007800303 0.06020807761106881 0
2.385243481154388 0.3222733663158088 0
2.753098613606398 0.431013325285641 0
2.411850168348974 0.7214192147560056 0
2.860455109089385 0.838194431071327 0
2.635367175336501 -0.8601244437907319 0
2.553693928280403 1.152821418978615 0
3.009355738371304 1.266146778651059 0
3.026918052909136 0.1882840611257392 0
-1.464328948201848 -0.1403160831068039 0
-0.6231820914774391 -2.365393878911761 0
-0.2319044088830032 -1.196012906445491 0
-0.06814280753755472 -0.08710453309397997 0
-0.0208577116908608 -0.1078614113006962 0
0.04712089574841224 -0.1218149921674646 0
2.195309858681271 1.048576958736435 0
2.669057816562246 1.613611445612653 0
3.154349305990845 1.741352925082921 0
3.509573946351596 1.36605396933603 0
0.4721419235616678 -1.093124460629698 0
0.3233711728430573 -0.1403059055423464 0
1.508032196770682 -0.9168307629374113 0
1.034680288734471 -0.0985387111154329 0
0.9866778671858972 -0.09999413175020561 0
1.000647765861732 -0.09612537147639313 0
0.9715917091320069 -0.1008969533197503 0
2.784833654301752 2.115995130440196 0
3.313393101905262 2.25409766148836 0
-12.66649504474088 -11.83116631948208 0
-14.16512981603923 -0.7018390386907178 0
-0.120302505321409 0.6371181574757184 0
-0.1550967345484999 0.5535889177858472 0
-0.01765862424881452 0.1265204434680811 0
-11.52054161917724 0.6392343275957684 0
13.86064708350152 8.807411447805851 0
-13.41233949884973 -10.11097117540007 0
-0.5306402853798904 0.9919778620622388 0
-11.77976150445544 -13.63494765882613 0
-0.2095899905291394 0.6316826617980416 0
-0.2450426861395967 0.5456913164599866 0
0.3626717463516269 0.3057469484365212 0
0.3747636355465502 0.2808491649515133 0
13.67793387910078 -9.203024764882556 0
12.82192806209077 -7.65226966578444 0
0.02639974147012394 0.1458815768752617 0
-1.484025759719279 -2.15426623172157 0
-15.21593191843841 -1.992250788291268 0
0.3607098080138338 0.2591416074449275 0
0.3852416241531225 0.2591890383754086 0
0.3983157620638543 0.2789109462390137 0
0.408290410363161 0.2570324705111331 0
0.4217626404878502 0.2759945335326148 0
0.4325121411957088 0.2526603514502996 0
0.4450650799136023 0.2733664148976639 0
0.4557978395497259 0.2529008601342139 0
0.4679765122444369 0.27149250299346 0
0.4783803947260725 0.249897112652713 0
0.475070368892604 0.169212504006711 0
0.4912033313776829 0.2694516304203936 0
0.5026713647667458 0.2501594722363303 0
0.514510847972658 0.2677075726662332 0
0.5245656323312939 0.2477972992460448 0
0.5374372926809042 0.2655737502293861 0
0.5465991209590112 0.2448420682197891 0
0.5603411782665535 0.263294813507348 0
0.5691285730519821 0.2386654537814874 0
0.5833535256302866 0.260454092777513 0
0.5926529470769545 0.2394678995557087 0
0.6025739337883683 0.1577885431006641 0
0.6065358477565983 0.2581563643066276 0
0.6155372974769079 0.234717197451269 0
0.6297471963737566 0.2557804101527452 0
0.639671170780439 0.2351092639343952 0
0.6532128804585062 0.2543307878180938 0
0.6621491859183232 0.2307364523350888 0
0.6765582856907447 0.2520340349588671 0
0.6529967753842265 0.1509939173860058 0
0.6857869251380571 0.2309047862053998 0
0.6998900456602636 0.2498410486434655 0
0.7088945660351342 0.2261251367410916 0
0.7229389495505655 0.2478964140861011 0
0.7328510885195227 0.2263610810511429 0
0.7472438799353732 0.2456354348801893 0
0.7570477786715014 0.2235523108368422 0
0.7722929408639427 0.2452923517940919 0
0.7815429814692384 0.2187998602030913 0
0.7957124834677232 0.2418334578690806 0
0.8057186202471844 0.2195254552035269 0
0.8191818247482239 0.2391656955321043 0
0.8289009160417852 0.217751315732676 0
0.8446250966147353 0.2392779853022718 0
0.8532448218909569 0.2132900666702139 0
0.8689597867338135 0.2358777953442653 0
0.8788920595229999 0.2125760779566604 0
0.8944622930982911 0.2335277761418856 0
0.9044437909364765 0.2058913927863756 0
0.9212988107763668 0.2316537489133657 0
0.9302569347730776 0.1112728275233023 0
0.9092814888847771 0.2592258273514134 0
0.9488524649069003 0.2538491965705427 0
0.9316832336438613 0.2063442943202314 0
0.8346205415659302 0.2672133998970729 0
14.82500193001382 10.35874836747416 0
13.84874658635527 12.04102994712628 0
0.05708622050491694 0.1547197978798784 0
0.7607621703651022 0.2727413472838008 0
2.025254088461194 0.2231955407305706 0
0.8414637521500932 2.614367024528511 0
13.69078072868831 -12.24340466396759 0
0.1282299965266153 0.1711475466841866 0
0.09597214679498747 0.1655823279953835 0
14.63139365632969 -7.665801014785185 0
13.7939971304017 -6.079044888530285 0
15.56463420409148 -6.108146364674501 0
14.76515512457546 -4.529073418147682 0
-0.08354806376976974 0.7063370183433721 0
0.1692231080236407 0.176952190813535 0
9.973829980147494 -0.2196434096627464 0
10.65499101468131 0.8263053953823427 0
0.1383894212543619 0.3812924269592698 0
1.311419595177006 3.372401199244527 0
0.9428015320558999 0.1088203356288103 0
0.8848512548499905 0.1183811575490907 0
0.8159973635935081 0.198601722812139 0
0.7979075977310782 0.1306532975732187 0
0.8498941277074282 0.1240562281358608 0
0.8346760618821405 0.1264845846566398 0
6.714457267714591 10.14543129410116 0
0.9116125627704865 0.1141101533124577 0
0.2867544136060204 0.1809904960019323 0
0.3208982247766963 0.179131658479414 0
10.89796372625001 -13.82431624388175 0
0.4318593975450883 0.1724590550880213 0
-3.516372377651833 0.01915622842007452 0
-3.945677748716019 0.5579818107272825 0
0.7593754468389923 0.1370887849124447 0
0.7440635984512596 0.1401374260051049 0
0.3631978390630274 0.1765868737872494 0
0.7114550402694515 0.1435498469056569 0
0.695180277721445 0.1456914471252228 0
0.5609331437230665 0.161167820386822 0
0.5179368503192494 0.1637528290410797 0
2.908246410943425 2.663044840235194 0
3.483597696823475 2.811566633904004 0
15.32668799744001 -9.417905538614018 0
-14.91403814165674 8.075328040760775 0
-0.1893710855510921 0.4697894178950324 0
-0.2798991862679736 0.4576535280895016 0
-0.2134390398698923 0.3806107843348635 0
-0.3115132248130194 0.3705608131666346 0
-0.3778267895837716 0.4455849981889138 0
-0.4177443095722114 0.3442624716856023 0
-0.1085350621265962 -0.01546136795253227 0
-0.498760223281201 0.4468455925150985 0
-0.5444188144010235 0.310603495159074 0
-0.6409262115242959 0.4169440612368867 0
-0.4360678029059765 0.2198361801700724 0
-0.2553214073473427 0.3128909305765995 0
-0.5853656703352996 0.1780376401372807 0
-0.4862894168991203 0.07832988952135858 0
-0.6287728197672823 0.03658075405181747 0
-0.5045534156500326 -0.07522353784375072 0
-0.6785491635512942 -0.1180431378925832 0
-0.5591759938552914 -0.2359295010588524 0
-10.32060260934509 7.05653251629576 0
0.3872129504226586 0.605819873678914 0
12.94131131753844 7.277954206594218 0
14.69680260281624 7.243005231533332 0
-0.3646908361399717 4.226894060524994 0
-13.83163543535736 -13.46249014255782 0
0.5672499813617482 0.536423546520539 0
0.8642703207089389 0.1928410281628333 0
-2.431142831488788 7.328087511208132 0
0.4126142020503322 0.2988341765822511 0
-13.24914765380668 11.42391070784549 0
0.5276524713459707 0.2865620138865798 0
0.7673804168650964 0.2035699948402352 0
-0.1036586756935288 8.267031546935186 0
0.9177003761186389 0.1855061346587102 0
0.9418723721144481 0.1835155375054599 0
0.9575476476623989 0.2038627392650998 0
0.9656938693725975 0.1777598859228262 0
0.9839893287124206 0.1995890212225281 0
13.76227662235803 5.7336540889314 0
15.52139167301778 5.675182942488135 0
0.04507085315938315 0.3739786338144236 0
-15.19885456193761 11.35134295659686 0
-14.25671102753446 13.15718630599672 0
-0.3100632906170233 0.6248519882914241 0
0.9929329342309199 0.1746087934911282 0
1.015181498162862 0.1967826824501555 0
1.051978263514245 0.09120019765276746 0
0.6742366642117502 0.2116782512537795 0
0.3954597849948209 0.2405117301421514 0
14.57933508316422 4.239266905550021 0
0.6419784359726505 0.2761066037108406 0
-3.520203092089883 12.59974821069146 0
0.7223559313718242 0.2062920213012539 0
-5.460908938236391 16.92044034232989 0
0.6264264717109502 0.2165420151265874 0
0.4643337230429606 0.232797960255351 0
0.5335761001124022 0.2262679305936438 0
-1.854275462867292 -7.738466508754026 0
16.60391534937901 -4.571669101649643 0
15.6949065589632 -3.023411994983274 0
-13.84069419774833 6.527056384817454 0
-15.71890618038456 6.362972020576105 0
0.5828691869209895 0.2176388556708429 0
0.6179410551992263 0.8464272823533217 0
0.6838418647777927 0.9517097343427825 0
0.7499973752760069 0.8237098652316625 0
0.8265667209920051 0.9508683205984698 0
0.7482705295659482 1.085719543662974 0
0.9069180736791312 1.085524738715457 0
0.9919502074791945 0.9175484797391682 0
0.8090528346747035 1.261756020205311 0
1.018158036675081 1.254281245988966 0
0.9007852297660264 1.461770864237316 0
1.153968058255976 1.454776283667984 0
1.253098374693603 1.194101000063782 0
1.423542595918395 1.449962908510943 0
1.237623064211704 2.578928970406076 0
3.912699906450762 2.373089182069484 0
-15.94956337821581 -0.4134497598307616 0
16.36552714156658 4.087909210789674 0
0.4814888108942645 0.2938800428141825 0
1.063654804408863 3.789059914673489 0
-12.77747722748586 -3.64954486153165 0
0.5738880288821669 0.2831061970367361 0
0.6921541228281468 0.2737520805439179 0
0.2101878843568615 0.3892198614952973 0
11.94563291734624 -5.909078973303509 0
-6.745778418356382 11.40202464270128 0
-0.7384492822986082 0.1480376346357884 0
0.001431452747486333 0.368831461922087 0
-0.01167278394484921 0.3225233797824531 0
15.83225674913957 12.00933663184936 0
14.83992344059536 13.73018235108329 0
-12.93201222367235 -15.31597270463992 0
-10.83647603952377 -15.42286404082861 0
4.111417113938229 2.99367623093086 0
7.528840124429349 -3.78810849491265 0
0.9263654042912132 0.1664544421948666 0
0.9082768724029808 0.1672635357474294 0
0.2001598168047592 17.0043678049586 0
-2.763404054364789 4.083742101521021 0
-3.184817563012232 4.666913610449067 0
-3.528672729977585 3.969426713453758 0
-3.989424802436926 4.643173130189044 0
-4.371724453957778 3.851129897291176 0
-4.860695384315418 4.60880901059851 0
-5.29243486043601 3.752857052958015 0
-4.425154200123599 5.483397739392507 0
-15.07112400013945 -15.18593714665096 0
-15.97896347377001 -13.22448129636683 0
2.143707335173525 -1.641857818690641 0
2.528897982513254 -1.566710541270541 0
2.383578622464714 -2.009344407284352 0
2.887672758830142 -1.868640131500168 0
2.724751991187506 -2.367841432973311 0
2.16923713108457 -2.489343920747869 0
2.553129225707619 -2.904108024526988 0
1.953732966729014 -3.010853207515968 0
2.375324002772351 -3.477897128622969 0
-0.3977062694746701 -0.1742487978739207 0
-0.4251412310351103 -0.3253766530704744 0
-0.2812659513738592 -0.3212919148324996 0
-0.324783465056574 -0.4452134645511542 0
-0.1862238948763448 -0.4023371063205708 0
0.1722277075549035 -0.1367695784781944 0
0.2039579781964727 -0.1351261196271933 0
0.1453238942243856 -0.1319290808264355 0
-0.4823815238722561 -0.5186695651113249 0
-0.7405670499598054 -0.2946229330215743 0
-1.46229885350073 2.869683416494726 0
-0.2178901364021549 -0.5453275031218293 0
-0.08535108081527722 -0.4963454109173614 0
-0.06254022367657985 -0.3701622391319646 0
0.03865799012909912 -0.442558727885949 0
0.01859013548499703 -0.581096524218754 0
0.1361442059971147 -0.5248939382040883 0
0.1621853042192625 -0.3954364207321222 0
0.2387966044597601 -0.4688121019264178 0
0.2587736006841654 -0.3722705081227369 0
0.3296719394771289 -0.4181424845320832 0
0.2814105920071061 -0.140247097456446 0
0.3337076629051953 -0.5224424914694228 0
0.4169839405891448 -0.4618455057091909 0
0.4119935453684836 -0.3662551784676727 0
0.4899180718148318 -0.4058938868201133 0
0.6651599205184966 -0.1307197841822338 0
0.6320928872157081 -0.136134083633022 0
0.6893621231741978 -0.1290479230159296 0
0.4642707999463545 -0.1393598112969822 0
0.4398383975605168 -0.1413917751086534 0
0.3646888127176164 -0.1426137813830927 0
0.389998013899789 -0.1419671813895632 0
0.5035319754997465 -0.5015898658618378 0
0.5876486622586552 -0.4288691230793827 0
0.5957068928358458 -0.5371642107443497 0
0.6828593204861273 -0.4728704493951017 0
0.8957117981353047 -0.1100892110374711 0
0.8624614955849119 -0.115079792855449 0
0.9209458080322218 -0.1075635342198371 0
0.7744745922795315 -0.1221916375990653 0
0.7523586135780954 -0.1238319406418101 0
0.7978565322679989 -0.1202120365533867 0
0.6953446944853655 -0.5805622844815207 0
0.7814240503335222 -0.5099893809478299 0
0.7575370396393923 -0.4012222833542793 0
0.8718437091537253 -0.4300677093131034 0
0.8872268998705301 -0.5402204922788236 0
0.9745373460382797 -0.4754695528411904 0
0.8317487438431902 -0.3473352019220894 0
0.7650078308003321 -0.3197471470214611 0
0.73683087807741 -0.1251098086316165 0
0.3470858583403288 -0.1419960739405904 0
0.4820017484879229 -0.1389903816687206 0
0.648653298310683 -0.1327990257234861 0
0.4959067197322145 -0.6201356391039949 0
0.6167834186271718 -0.1326266655967108 0
0.5471379259818744 -0.3520248265341704 0
0.5580563746965189 -0.1379960577725138 0
0.5311637668065029 -0.1392913112132575 0
0.5745164309897292 -0.1363664966656325 0
0.8181501020772994 -0.2740425016432037 0
0.8768884459493367 -0.2960809843366327 0
0.7617369132535531 -0.2554429393480406 0
0.8688506067244599 -0.2351163644371308 0
0.9147160161662452 -0.2547363020484559 0
0.1484277098890346 -0.3159591219883318 0
0.9972323187166943 -0.5744079945804552 0
1.097762341780494 -0.4833591270622556 0
0.9057980032466527 -0.6734627630074771 0
0.2400226629989203 -0.2844609856514647 0
0.9817201770024535 0.1026203339919962 0
0.9883172136411023 0.1063968618778609 0
-1.047115222509238 -5.012901854931557 0
-17.07086382600157 -1.816408316901383 0
-16.29214010707559 -3.5348099887758 0
0.9079405720164797 -0.2094271497894318 0
0.9446588103418689 -0.222069989564007 0
0.9617629510708099 -0.2664533474722914 0
0.9898423417755337 -0.223296836791032 0
0.852373842984234 -0.195765567340258 0
11.26951622836396 -0.3632121589271313 0
2.34902195504216 12.73821934618636 0
3.206599907153677 14.04278338074133 0
-1.566714859691242 1.598219127597476 0
1.572489345285756 3.803009239367396 0
-0.3616314613060025 0.1152857438170396 0
8.278664521089327 -9.485892229437107 0
1.858562203617466 7.444720259813661 0
-4.225681999732794 -0.1093501595029173 0
-4.7205239473054 0.4952400036961897 0
-0.8628799600481034 -0.1468270827865494 0
16.50783679294804 7.206229149741722 0
-12.00020064295732 -17.22987453065133 0
0.1334771315964371 -0.6679972287033961 0
-5.909270322754494 4.679288074036676 0
-6.303046910716468 3.679948080593195 0
-7.043482444127841 4.57739084019857 0
-7.407331809501475 3.278138463243295 0
1.026894888047347 1.679776258545015 0
0.7572940620537737 1.671810636728126 0
1.01184757560828 -0.2756166855342024 0
1.045677537474818 -0.2343833958704825 0
1.069635400097778 -0.0753252208124124 0
-18.25003599847606 -3.371468321455291 0
-17.40812459739239 -5.193918014641254 0
-16.35512010313131 13.04873950990231 0
-15.39743004386647 14.94260457350531 0
-13.23222855650132 15.02724587687195 0
0.9321094281381204 -0.1800916207967917 0
15.26002258549813 2.560010247041904 0
2.749196342367987 -9.299636388730955 0
1.011476234938575 0.09495784486331416 0
1.010928318027294 0.1044569588831629 0
1.022958827124282 0.1107659931814462 0
0.01924750484524144 0.4103075474428415 0
1.579327808282881 11.49001365909306 0
12.80730581170331 13.73832515117025 0
13.80679657014726 15.45226764234664 0
11.75866948713622 15.42620906947215 0
15.79488418910344 15.62671359185846 0
-14.60867883161252 4.834040395735731 0
-16.46476101467396 4.697955124532592 0
-7.390738817174467 -9.069719247933278 0
1.068559815236817 -0.2903144225504082 0
1.109518007871994 -0.2308614808352037 0
1.137639183599323 -0.3057552460696716 0
1.185341196154013 -0.2453077522233886 0
1.098458762575103 -0.03811965924854933 0
1.223524608446721 -0.3306676814345018 0
1.287847154442661 -0.2510125052214132 0
1.104508728247433 0.01902314466520123 0
1.333111992745496 -0.3644510764694302 0
1.414808433843104 -0.2607206632165696 0
1.331205471767524 -0.1287147943283394 0
1.474762796880524 -0.3956355578717023 0
1.506312395907552 -0.1419060978378959 0
1.432877147507196 -0.01986723907632226 0
1.085139573341703 0.06380625961268377 0
1.367707038878883 -0.5034872702766964 0
0.9166639631676371 0.152114956994404 0
0.9320030498823142 0.1499569077405836 0
0.9001508504027285 0.1508915556503879 0
8.794958362033059 6.669940709622177 0
-16.87157684497073 7.892826775636999 0
-0.04393574552831012 0.363342623807046 0
-0.06190530580959872 0.3180382748721517 0
-0.03362307430976918 0.2806423196550636 0
-0.07691804896414778 0.273739723155808 0
-0.04511150235814719 0.2391001441693018 0
-0.08952324649948115 0.2325648200285177 0
-0.06131813349807914 0.2056468434485221 0
-0.1009828429961393 0.195495101000946 0
-0.0294009291511931 0.2080127466442681 0
-0.03918102420969109 0.1823347089712867 0
-0.01145624719783583 0.1859830276941053 0
-0.002505630161821727 0.2085261360181334 0
0.01076467753763612 0.1895607988713661 0
0.01997786833332579 0.2094798197838252 0
0.02997302909470765 0.1915583397460678 0
0.0420621559963785 0.2073853115369558 0
0.03008932074366559 0.2285992811912246 0
0.0519043144829975 0.2285211844390524 0
0.06284885537438417 0.2106173060587829 0
0.07273522604925269 0.2277605201409308 0
0.0818382190500144 0.2110010832490351 0
0.09221988041026452 0.2270584054567394 0
0.1003586932853102 0.2086361494021586 0
0.1104534050769111 0.2262097935599263 0
0.1182653590041556 0.2106505681244936 0
0.1276390181685915 0.2254774253488383 0
0.1352079955244392 0.20911666892606 0
0.1444718916781254 0.2246390933789518 0
0.1518536536040972 0.2103185079396123 0
0.160655981472543 0.2241089455369374 0
0.1677998975888745 0.2080002979177198 0
0.1766464858685045 0.2233985950730387 0
0.1838791905726329 0.2096203889294308 0
0.1920703192694955 0.2228764357405128 0
0.1980742057689602 0.2091279202379162 0
0.2084573557997138 0.2195995554226315 0
0.200325457293323 0.23651755858618 0
0.2171460942518363 0.2353972220737418 0
0.2250794452454339 0.2201928922573748 0
0.2339819775628307 0.2342908494645414 0
0.2407298144822 0.2194698463951038 0
0.2503486083012141 0.2329001172155135 0
0.2566840475646823 0.2160096255594015 0
0.2666596400186034 0.2311947042585078 0
0.273054078653718 0.2165253978529773 0
0.2826904927507395 0.2296507686656571 0
0.288773906447543 0.213464362545203 0
0.2984885992492125 0.2281259722775029 0
0.3047146799646477 0.2138685473105938 0
0.2761102479129943 0.2423963540703141 0
0.3140987484438829 0.2266349804672576 0
0.3200716866226616 0.2108682553762498 0
17.43343442083394 -2.93808452273857 0
17.22781478479441 2.439873161415984 0
0.07726998404398269 0.7418065893296577 0
0.1370867276453437 0.2374490112575769 0
-3.747073639613035 -0.6855905205314621 0
0.5031585823994975 1.040159604107472 0
-9.84605506795406 -17.33177004804215 0
0.0009623122188106073 2.603342626136869 0
12.73674045525507 17.22784822749067 0
10.68236049694767 17.16522318135071 0
3.255904461054731 -2.260750725658818 0
3.411630843172251 -1.699610580354312 0
-0.2718729095395759 -0.1598201310734504 0
18.29029752450298 4.073199804542302 0
0.7053550477778768 -0.2844363068879878 0
0.7156526255944151 -0.2363858148541388 0
0.7471346500599578 -0.2134357388055984 0
0.7134121232427884 -0.1966431617774106 0
0.6843120518563058 -0.2157174050505707 0
0.738614379303591 -0.1843959193496288 0
0.7664414158250842 -0.1886277438569693 0
0.2091828922899765 0.2518456894907152 0
3.822651667131407 -2.126917265504452 0
3.98527112477547 -1.519146281207465 0
3.029796646834091 3.237659136814478 0
1.301650891347042 4.272486692562518 0
0.1162816393947065 0.5401312547717301 0
-0.5898180820929311 0.5699671066904856 0
-0.762025674081787 0.5361058972702313 0
17.41835013236109 -6.157808768003894 0
2.242824759911713 1.989996776940592 0
0.6830738495642725 -0.185048245790119 0
0.6575858042515262 -0.1991831728687519 0
0.6544004142047238 -0.2312809227765365 0
0.6260631255681111 -0.2078190385325341 0
0.3295876617572275 0.2251782490053437 0
0.3357234656105655 0.2111683778350649 0
1.755568159825575 -3.583020759037524 0
12.83413049179484 4.34585202559133 0
3.022287524343371 11.43854589544639 0
0.974021668271298 0.1580190105276887 0
-0.266119917511369 0.7227680853511533 0
1.342386093298263 -3.096828268293057 0
1.157214375534453 -3.703857546943964 0
0.7293825099224601 -3.16899447119962 0
0.5229510318706687 -3.8072573180508 0
1.313304834886865 0.0009189128779619875 0
1.369850597234498 0.1041517786184826 0
1.533599354407735 0.1034603661057861 0
1.435680806071506 0.2353884291050899 0
1.275470302470762 0.2047242879382971 0
1.324616435677341 0.3600114301234495 0
1.507610470438005 0.3906114461501334 0
1.387789390819531 0.5302814334266567 0
1.201624465694358 0.4878452181718814 0
1.583861717362544 0.5677094391658246 0
1.021495452155224 -0.1909828269427551 0
0.1678412367284603 0.2382496389316771 0
1.046633633578987 -0.7145272357423869 0
-14.39188894802656 16.87933119185563 0
-12.09509109404138 16.89376369878766 0
-16.66532365165257 16.67035792545398 0
0.07207006624308543 0.1955521174724333 0
-17.80995475916282 -0.02254678433966184 0
1.008822975407195 0.11829357749514 0
1.023078352749909 0.12842892108081 0
-0.009592777574241925 -0.7338825610440591 0
1.157942685246131 -0.1807798850752433 0
-4.530256058466451 -0.8433972943967192 0
-3.982584076199933 -1.489854694107071 0
2.175393908396396 -4.121838521970075 0
-11.19273773380093 -7.346843253906592 0
-4.372005421981959 1.234044831413368 0
-5.24292924159279 1.19073835129768 0
-2.956679772064169 5.314287867607646 0
0.7684369319465888 -0.1634121859320671 0
0.7879841816576112 -0.1727040042260539 0
0.7994047822257873 -0.1994970474014299 0
0.3453332440982593 0.2244446400359425 0
0.351164911011938 0.2101984840394251 0
0.9229233286128752 0.1385677238610356 0
0.9364560932978593 0.1346739583467777 0
0.2322941230685214 0.2067872004916758 0
0.5539899881787977 0.7555990623964419 0
-0.3876368397631186 0.7157804050196503 0
-0.02268671977141852 0.1663041524065036 0
-0.04389330323241564 0.1604384118552157 0
-2.336783811825925 2.667034202541051 0
-0.1318352835565178 0.2258029870888835 0
-0.1432179527652712 0.182858021914612 0
-0.1132307608364526 0.1601846974421788 0
-0.1467072703968626 0.1353044634680716 0
-0.1888766304329038 0.1701396541213264 0
-0.193881673778438 0.1168200825434682 0
0.2435367147238911 0.2479602533692762 0
12.00348958247383 0.8346669702828935 0
-0.9455432551569561 -0.3513479523263929 0
12.70234855978158 -0.416968668993126 0
11.89340164087606 -1.675496208020879 0
-11.014217317937 -19.20707111247543 0
0.6231928338645835 -0.2447856250442701 0
0.595601655650154 -0.222927107563931 0
0.5973809521566587 -0.1890087682169386 0
0.5694041207875974 -0.202263609186597 0
0.5639027647087306 -0.2351088630571115 0
0.5362258391969853 -0.2078991059655533 0
0.530349158312298 -0.2449163051176903 0
0.501431665537071 -0.2161048288113039 0
0.4953679072572668 -0.2549931707713448 0
0.4697875564918389 -0.2293110385286428 0
0.4723136299103459 -0.1983823901093142 0
0.445211195550324 -0.2061586061572165 0
0.4363081649730782 -0.2380470178595933 0
0.4150523827130069 -0.2141094891119881 0
0.4023273678428592 -0.2444284514190656 0
0.3803852183049416 -0.2112847077970015 0
0.3673839761655184 -0.24875599181751 0
0.346137490823407 -0.2207147351294383 0
-8.295398965406457 4.475785367764444 0
-8.877706745133946 3.289394374985144 0
0.1263923038548888 -0.8311593255962766 0
2.289325529745898 10.26682205158989 0
3.70067250866812 10.20756369682923 0
-17.28332170088903 -15.0115834118237 0
-18.22421884652617 -12.95346228366319 0
-16.35693867015636 -17.04375713740406 0
1.784118326116214 3.365236080305538 0
4.628121329415997 2.416681116605044 0
4.783190789156614 3.128499347817408 0
4.272740401931058 3.706978012781761 0
0.5500355161015842 -0.1820313908177679 0
0.3546401655320464 -0.1978620175688918 0
0.3289873129064379 -0.1946103456865149 0
2.11190629222128 3.800665800618277 0
-0.1018416595064276 -0.03699065878403377 0
-0.1232099960892499 -0.02888674778790673 0
-0.133231885463646 -0.006692928018424207 0
-0.1199054236189994 -0.05658947937619536 0
-0.1512757570799824 -0.02988326673021264 0
-0.1654541929680746 0.002001433082250282 0
-0.1967001244883132 -0.03004733297282699 0
-0.1656843145366851 -0.06785574514404676 0
-0.1258715284082594 -0.09618153340223315 0
0.3125004491485189 -0.2229566083628495 0
0.2983650249774335 -0.1974391344521124 0
0.06694200858078092 0.4151038696352529 0
-12.76684142884207 5.018860027433972 0
9.717967904904938 15.39293331964267 0
8.644972612020332 17.08590311694666 0
7.755826195422991 15.33255645651663 0
6.672294940098402 16.99570289935973 0
7.594759756699689 18.81718721671466 0
5.505125896389895 18.74471223389951 0
0.3613629238568979 0.2240243440980615 0
0.36607694735503 0.208843126500513 0
0.06985456129421702 0.9451492263733676 0
0.1109607197458619 0.1965462589336363 0
1.260291422949654 0.6594264563748635 0
1.08676130379172 0.6150169374879352 0
1.071826088204499 0.4788691217186306 0
0.9253773363200858 0.2928341682524622 0
0.9740959415043007 0.2883229454364595 0
0.8481373242112143 0.4288679338017084 0
0.9485618043664666 0.3329898977792534 0
0.8190855042550252 0.3796322583040205 0
-6.551498769155328 18.91012475580263 0
-7.448503437082921 16.86279017778478 0
-0.2170854867018809 0.02189391771075382 0
-0.2543303924890269 -0.02652266638029841 0
0.6613065243962808 -0.1725855147856441 0
1.004778370019624 0.3285537320057296 0
2.835759961385649 -3.954076558215665 0
0.06425467362984265 0.251933316143352 0
-8.704843865158084 -15.57161363004401 0
-7.722596769642038 -17.36668974799176 0
-6.587040030802733 -15.61972302357058 0
-5.648552137074171 -17.4212627670645 0
-4.521612510587493 -15.7672704360103 0
-3.618211792978484 -17.53453978787831 0
-2.578115542132394 -15.82827576827776 0
-3.439334254369013 -14.15049268929871 0
-1.617856202580936 -14.20935425073089 0
-0.7378494533416333 -15.80257772900563 0
-2.44172516437504 -12.63523056939464 0
-4.191531045418123 -12.55917038786164 0
-0.7324684645257468 -12.69979060997643 0
-1.49386036828814 -11.25883836444568 0
0.0902011743405718 -11.32223987106548 0
4.43800231095527 -1.985764176794332 0
4.595973544047196 -1.350474170057822 0
4.130543400867253 -0.8972255586336552 0
4.744434520916806 -0.7135049521271639 0
4.269992867653652 -0.2809923209830903 0
4.890953978035196 -0.07736548676207235 0
4.403424788339517 0.3477265933386758 0
5.036517192927872 0.5746883792799617 0
0.4250399174909509 -0.1867943167876903 0
-13.54666015189179 3.357521456227328 0
0.8843045231491131 1.907901632916907 0
0.6055438481191222 1.880482118478321 0
1.165775390409714 1.937436206440884 0
0.02419912285935073 0.1756148024365847 0
0.0385733434205475 0.1771333931166125 0
0.2661211945273618 0.2041860484554395 0
0.03999224717171904 0.4538094744398826 0
-0.01356164905826554 0.4527784509326298 0
-8.217136654551368 2.111264135767807 0
-4.3269711529909 7.96384525873054 0
-11.09375335327948 15.0074274438615 0
0.8872028123957115 0.2845417927398825 0
-8.789330401462951 18.76818655713971 0
0.8901272798790991 0.4801485917481364 0
0.8527003147090415 0.5484661600506844 0
-6.378707259545768 15.16893143516854 0
0.739553460230902 4.238762589066036 0
1.530987505047742 -0.553023808482906 0
1.654854188982759 -0.4120272026790357 0
0.7424164136752381 -0.1537776894963773 0
0.8897028136350654 0.1689521195586363 0
0.8843069775584991 0.1526574425530302 0
0.8901362678602746 0.1406764303294982 0
0.8764625475579756 0.1399760390063252 0
0.8706471197921033 0.1514224777391836 0
0.9334262830344128 -0.8281799027967808 0
1.039120281223288 0.1185725673573885 0
1.039703432721627 0.1398486660582891 0
1.061222320902111 0.1282665587828694 0
-16.61096349375699 -10.91519984742221 0
0.2961960475263597 0.2013560050099695 0
6.098797005286368 -8.229631002193223 0
0.1448414145530277 0.198736435273703 0
0.8651714933169782 -12.61918853779215 0
16.24939612459737 0.8449952830247267 0
17.8241882328515 0.4908585788534114 0
-0.1552035675156795 0.0899389579890638 0
0.934151105356146 10.26593465925988 0
-4.849494259719092 -1.652911524594615 0
-4.237110702034773 -2.337427875911822 0
-3.377560842491634 -2.086897800425223 0
-9.77205696657893 4.529647546828524 0
-15.43802777987938 -5.325987934395358 0
0.3070380682467188 0.2426686697596004 0
0.8662046030500612 0.1422794448558846 0
0.857710282269297 0.1485554085569647 0
0.1069876067404744 -3.267657630039052 0
-0.120100228950662 0.306618499294974 0
0.783184463793424 -0.1502469034260929 0
0.8029811615443472 -0.1577576535056094 0
0.6821456383038277 -0.1593010008915694 0
-19.0957062759259 -10.75247686000582 0
-10.35164538855176 3.100817302389426 0
4.428349539316432 11.29672804737484 0
-13.33009630972782 18.84433338099092 0
-19.45741187127252 -5.014419103312957 0
-5.204632130254403 -2.535555028858445 0
-4.554226914220307 -3.446479828778381 0
-16.54779502085426 -7.01676978330998 0
0.3119194479063691 -0.1739562408274797 0
0.3051933171611265 -0.1400039210359263 0
0.2865643607164778 -0.1759030220063738 0
0.2722958648262443 -0.1962763813309606 0
0.2625963352003822 -0.1733881886370124 0
0.2482128159334112 -0.1932867047451886 0
0.2564757895650617 -0.1381893441660498 0
0.2392076954882709 -0.1714566159423983 0
0.2244074659857293 -0.1904385222764789 0
0.213456266596326 -0.1691296959399157 0
0.2010128307312074 -0.1887435050752776 0
0.2182471674976222 -0.1370219362431242 0
0.1905342406307478 -0.1691862936084543 0
0.1766596792584466 -0.1879763665377921 0
0.1877322048599355 -0.211765242521976 0
0.159570284669163 -0.2078831342698146 0
0.07856472954526822 -0.1262497529170895 0
0.06513086012033519 -0.1240091001451417 0
0.09107487092774909 -0.1282512642662479 0
0.1517135490980958 -0.1805868230741897 0
0.1317366857859747 -0.2024177747777098 0
0.1247037085014358 -0.1764021782974639 0
0.1014108362098667 -0.193759258545124 0
0.1122595249442238 -0.2275969604866867 0
0.07879549921459747 -0.2189988165087719 0
0.01341091943544419 -0.1165967748486605 0
-0.001753996955874808 -0.1132749555902081 0
0.02733285249387156 -0.1190655167846014 0
0.07241681234237413 -0.1849506015439897 0
0.04749504560597436 -0.2046251156752258 0
0.08907823156691383 -0.2565320374918293 0
0.03282911783231393 -0.173327366555981 0
0.01236070119025882 -0.1987157176193418 0
0.008029215332802996 -0.1670719492259783 0
-0.0198597041089291 -0.1856330461775421 0
0.01911774484190615 -0.2402085537459946 0
-0.03584220594761869 -0.1541730693451505 0
-0.06074486712966354 -0.1811310645372563 0
-0.03970282589413032 -0.1001881493503505 0
-0.05062973725787207 -0.2257269000662237 0
-0.1002736013657597 -0.2157659601372214 0
4.544071808741477 1.097464574204388 0
5.231687247573065 1.27403441230844 0
5.757570393633179 0.7662491897649197 0
0.06480620204109971 -0.1595145806075117 0
1.104881860866385 -0.8769780162173382 0
-4.678779574163141 2.989801882989207 0
-0.1586325849931486 -3.864458237607399 0
1.553038658382873 1.196170786609975 0
1.756461932839101 1.46359826925869 0
0.1778546486639586 0.1968446506877464 0
11.28186944733332 2.052589038536101 0
0.25482100223727 0.4352070967211935 0
-4.79492302878089 -19.19226447457986 0
0.3273080876042913 0.1986975601596218 0
-0.6921320393032531 0.7089803896128386 0
-0.8869884633264703 0.7013736817567008 0
-0.9650510323242762 0.4869837845065264 0
-1.115099730542791 0.6835843020630642 0
-1.201341945743208 0.4387040092458035 0
-1.38323237459871 0.6471784672026482 0
-1.258751293799172 0.9081224161602874 0
-1.548785706535176 0.9010020268795687 0
1.020470357654155 -0.1034318115735925 0
1.032501111568419 -0.1146777460181702 0
1.017651526060475 -0.1194914119453478 0
1.048734469057376 -0.1088887452548409 0
1.046546048070072 -0.1298419539332223 0
1.071182618624839 -0.1172520889361766 0
1.067479029166783 -0.1492080121147312 0
16.78590581965685 10.25768690926196 0
17.88369436640189 12.01152524181726 0
18.91562669729149 10.18239314788451 0
20.05225400788415 12.01620102886717 0
6.390868314235979 20.75288231129363 0
-0.06224747697734279 -0.1407568777993504 0
-17.26884933100525 11.14311859669105 0
-18.52113100514838 12.93622532341254 0
-19.50361709348947 10.95929030144926 0
-13.23423675830393 -19.0788321383793 0
-0.5924357585543506 -3.270597383626451 0
-18.62015094568291 -16.95095499160134 0
0.294864672717973 0.2798162069350605 0
0.863411378994087 0.1622661159238289 0
0.8499382102457652 0.1606590409802498 0
0.8439553774105351 0.1483644697703866 0
0.8358346576346136 0.1586553291648275 0
0.8410741156583501 0.1718726374477069 0
0.8270671360619135 0.1692397363026565 0
0.8223479470249957 0.1561485532719093 0
0.8134837615933197 0.1660936141019203 0
0.8096784219346256 0.15349165460192 0
0.8006927346741932 0.1629190050148832 0
0.7969006706451804 0.1493426438847049 0
0.7875657937712477 0.1595475691353936 0
0.7916358774416646 0.1723835283072325 0
0.7785205411081293 0.1689642244150265 0
0.7748001570155691 0.1565661926037236 0
0.7658175750087458 0.1651691611479306 0
18.93653372640131 13.9483236601199 0
1.006805653655961 4.784479052833476 0
0.3977793547091959 4.755215635093498 0
1.605110725896465 4.787290919253471 0
1.0055676216825 0.1353486274873479 0
0.3579456187350935 0.1967077338432283 0
0.3715962141690013 0.1955947118634996 0
0.3797106868027434 0.2066217257287628 0
0.3854238305923692 0.1943759793419255 0
0.3930575164977174 0.2043577297548303 0
0.9463005570008525 0.146672823861663 0
0.9499957853807542 0.1333886639960816 0
-1.745478390425201 0.1807600930567498 0
0.8860472573779932 -0.1657795572792832 0
0.09992089580889528 0.2430805304806816 0
0.3978453675798375 0.1927437157683727 0
0.4058994504978729 0.2023418273044105 0
0.7644081617394815 -0.1443263389820367 0
0.2848195768471138 -0.748264202931303 0
-0.6067712593987972 -9.973661477822802 0
-2.148967649287257 -9.919153609811383 0
4.6708113864448 16.89755364730879 0
3.513661328599824 18.57360345536222 0
1.030015563545637 0.2796446328329918 0
1.069301115553932 0.3252890266641502 0
1.096231944058759 0.2518468875777466 0
-0.9962715766849201 -0.8923230813604486 0
0.3386092545635884 0.2385950597650095 0
-0.1079342850852797 0.02656828454828356 0
-0.1197952203506833 0.04177522901994059 0
-20.32436244282504 -3.102047552568105 0
2.423154531636753 15.40126087927467 0
-2.521821989416672 -19.27890770351705 0
-0.7996734787159785 0.8796871912460374 0
3.710908576231172 -0.4942979441480433 0
11.70033697280104 19.01805517025604 0
13.77399500646443 18.96997349956445 0
0.4621508165862563 0.5318601524203349 0
5.930386689499819 1.507890727908664 0
6.520453697339732 0.8425286816599344 0
0.1395651537436821 -0.1573065232155724 0
0.1309330528463773 -0.1299489124923587 0
0.1598105653963814 -0.1606165914860369 0
0.1593638915104287 -0.1332858382310183 0
0.1176761000393514 -0.1544393945882095 0
-5.696265673935111 0.4272240310511383 0
-6.057924778612002 1.198588282157233 0
0.976349466998604 -0.31890315425261 0
0.388585072932628 -0.1889784055496986 0
0.3693313219357903 -0.1679371145810243 0
-0.08243299371096513 -0.07266818659559099 0
0.9420459410286434 0.1244585499005191 0
0.9529445729977654 0.1210184379461834 0
0.9623533227084176 0.1304848958336062 0
0.9637772281847453 0.1192673667729518 0
0.9737244494665402 0.1258555987949929 0
0.2341334665225247 -0.2144317574227625 0
-17.65786027233453 -18.96774171209735 0
0.4106870278741725 0.1901959464509683 0
0.4194151279306699 0.1999793849375188 0
0.4138590576384543 0.2129206318661512 0
0.428135612748849 0.2105401118249078 0
0.4330933601320178 0.1973256938052863 0
0.4421116384548364 0.2076654264838236 0
0.4467334403851959 0.1923914048517472 0
0.4558101742853805 0.2044788228891134 0
0.4605317819195516 0.1915004751915019 0
0.4693012615825408 0.2018472823428425 0
0.4374369619679246 0.2220245208238552 0
0.4736615769680311 0.1873767562147075 0
0.482499720148809 0.1987898693028175 0
0.4861636419967386 0.1872553437820527 0
0.495257746343059 0.1968620086775035 0
0.4914940444832354 0.2099744426575011 0
0.5057613778056804 0.206750937880707 0
0.508371544163759 0.1917210075107803 0
0.5197129044008759 0.2026305162258435 0
0.5237329258749494 0.188855249204178 0
0.5337405928564083 0.1987189464371698 0
0.5370116449409115 0.185618068776481 0
0.5470393776422281 0.1951047006765511 0
0.5497704081074325 0.1807646926711174 0
0.5601983330837874 0.191457849799247 0
0.5570381451743973 0.2061902063740309 0
0.5633243473445244 0.179156906408919 0
0.5734747670840843 0.1885864850770634 0
0.4858343057478144 1.655910549877123 0
0.3288511154557879 1.864330949228482 0
0.4654415314430493 2.0973790330277 0
0.1623932859987399 2.074936035949952 0
-0.7882563148533301 -0.4873402210094293 0
2.626981819105941 -4.698933163588229 0
-0.2344177622833314 0.1510541275419371 0
12.70803437364107 2.042602897413134 0
-0.02680068003104331 0.1468064361512033 0
-0.04700626653627414 0.1411859936261321 0
-0.06178761922216717 0.1522965527618846 0
-0.06418853571267039 0.1331344937823194 0
-0.01249561936821112 0.1481517858396431 0
0.02467337056854098 -0.1497891170956186 0
0.872254834239287 0.3793507660706898 0
-14.63399168229682 -7.069138792814741 0
0.5107058296986229 -0.1884767870804062 0
0.4877353120239596 -0.1696266801569952 0
0.4253598105637935 -0.272625564771948 0
-0.1677603523686201 -0.1103499820963406 0
-0.1327527704161228 -0.1422732907054058 0
-20.52338284294656 -12.70658829069294 0
0.2086839588152216 3.723324316066465 0
-0.1138581041647228 0.06089933093261962 0
0.8173061991848493 0.1447137915472968 0
1.619612022607628 9.224741502195284 0
0.7016483740654484 -0.1692212468899382 0
0.6994624208429882 -0.1492149749396289 0
0.705321066321817 -0.1276120255020982 0
0.7625555951344516 0.1521937024729312 0
0.754446278526166 0.1612469174301826 0
0.7564452000441693 0.1739018295170794 0
0.7436035380565947 0.1680041600672962 0
0.7462967795027559 0.1831848493037584 0
0.7326705909788901 0.1784864011476203 0
0.7297531232126367 0.1651667544611163 0
0.7195827090118361 0.1739192821671249 0
0.7176136256925141 0.1615246951055725 0
0.7069869210054108 0.1692451650490862 0
0.7088891747502473 0.1825246736626921 0
0.6958934506318 0.1773403366455547 0
0.6977934524527953 0.1945324392104885 0
0.6842059302676047 0.1860726569637324 0
0.683045378298728 0.1720566916863571 0
0.6714358991147398 0.1797922200447109 0
0.6713375563068278 0.1652390586283487 0
0.6594470304747765 0.1739352419210268 0
0.6601521458889761 0.1874677375896124 0
0.6475986983494486 0.18144595435425 0
0.6477914792746421 0.1965768297742077 0
0.6354667065930836 0.1891564742552212 0
0.6354906511787505 0.1753951325224833 0
0.6235123252499943 0.1822559778448314 0
0.624197370137342 0.1702702777437726 0
0.6121648644508935 0.1761516061233172 0
0.6119582427302613 0.1891151740297966 0
0.5998193734396551 0.181096291933112 0
0.5982998262132083 0.1942945302196607 0
-6.7023446810044 5.687896633760509 0
-16.30382230710164 1.394874862430194 0
-18.55660211868053 1.790721942822209 0
-3.05002227657755 3.378487282367916 0
-12.21507753388476 -21.06794847989825 0
5.081378440600716 -1.804857390896661 0
-5.79080268058327 2.007416910769636 0
-0.3956408240376424 -0.003143414051459059 0
5.022483067138023 3.896796545525334 0
3.575183067615619 -2.817396503722986 0
0.005479474855600307 -0.1407735314163738 0
-1.959921801090653 5.888244713668893 0
0.1969530555542412 -1.15540887388592 0
-0.1365333605823466 0.4086067368915601 0
0.332695554593222 -0.3352906446827073 0
0.9875192023947279 -2.657110361380238 0
-21.23615583616067 -4.721015522984971 0
0.05636684045594715 0.1935537198965999 0
0.06524023842604378 0.1817449444764686 0
0.07880505620124872 0.1824332670624862 0
1.146431977506801 0.3182805608640202 0
-0.6488144459126262 -1.251325796359087 0
-0.1129868205056234 0.4818683931519022 0
0.7672114015268736 -0.7528765406218408 0
0.8010588406719205 -0.9485821935848274 0
0.8378975218258988 0.1994410575538932 0
0.9098972005455771 0.1392514204750392 0
0.9153865957899743 0.1283110108107154 0
0.9038524843328265 0.1288571198912728 0
0.9260958513649473 0.127174700146895 0
0.09013638386316782 0.455477569009174 0
1.205581799899374 -0.7310956431777251 0
0.1029690860989508 -0.1678088430150676 0
0.09920307752797047 -0.1490202202532506 0
-5.43731610028397 -0.9690594586503555 0
0.7813573047887381 0.1820794064209082 0
-20.77243960334178 12.80169966126173 0
0.1902326952295035 0.2525204862130924 0
0.2003431008016519 0.2700243031970577 0
0.2186143077860284 0.2675420708246422 0
-0.3272576727024706 0.8278080807943524 0
-0.2132792300865472 0.8244464748961042 0
0.5764283342528985 0.1750014250018802 0
-0.04195492953942009 -0.9062276880642456 0
-0.1873129269836624 -0.7858111387335422 0
1.721572188386713 -0.6144276738303395 0
0.6641826579218034 -0.1500844237576595 0
0.6455665927800973 -0.1580093407937333 0
0.5998756901820079 0.2232873055325584 0
0.7990453104576539 -0.1399639969099936 0
0.8129623085558244 -0.11990067444374 0
0.8165507678913092 -0.1448977611964096 0
0.8219766099095642 -0.1634784715671434 0
0.8363928517341993 -0.1493958951411309 0
0.06946701259524217 0.4997237422065025 0
1.592097223183798 1.730906723214682 0
0.1713036243754027 -0.2369024447216303 0
0.7152334916849832 -0.157083584276761 0
0.6268237928761357 1.235645739264004 0
-19.63085037387963 14.6218592390972 0
0.7072243278904984 0.1578219933842074 0
13.37792385089301 -1.730065923057334 0
12.52524935694709 -3.015984110231868 0
11.06284829032694 -2.934258115580624 0
0.05423998071353664 1.840731674289585 0
-0.1177644138368683 2.033384230539316 0
-0.2277863764659066 1.804921684763645 0
0.7870714570239393 -10.15018485627583 0
-8.203499161773866 15.00938566011408 0
1.434159017551136 0.942440490114668 0
1.70031761054241 0.9698473696274693 0
-0.8473718121657222 -4.03920280456472 0
-1.306857673185982 -3.415252412447617 0
-1.627170361380218 -4.18409961498022 0
-2.045559688638352 -3.497495310653204 0
4.472422346819585 4.497006690983415 0
1.233481757207294 -0.1109075789903363 0
1.195361453051854 -0.01844708252389284 0
1.103358191488034 -0.01019048985925164 0
0.3259999609537796 -4.537285401357249 0
0.6682344507382525 -0.387092581045962 0
0.09054788388582118 -0.3427978584394792 0
0.1251990286954818 0.1966412124242299 0
0.1181727384623251 0.1861609388316968 0
0.1050767070216411 0.1838749919260629 0
-0.002391254524104286 0.1679169449477629 0
0.9847732508774694 -0.1766700979744944 0
-0.08662882331898419 -0.09453995749666735 0
-0.06735082283709293 -0.1090950558803584 0
1.008816095249701 -0.1617620101092735 0
0.9694972740564488 -0.154874446052011 0
6.281691705611864 0.1556200144725367 0
0.4639339836091834 0.1796532987574863 0
0.8407976208192963 0.338305308093845 0
0.7961468439152741 0.3385617922834899 0
0.5015413439803605 0.2212761334870639 0
0.1292320729274964 0.1849571892883182 0
0.9726982057454445 0.2267601124616699 0
0.1576170224993292 0.197380818496165 0
0.678362825215835 -0.1422614366752535 0
0.07183252431613603 0.2813041684908083 0
-0.4694282355419207 0.8359434961200415 0
0.6385290822173098 -0.1807372982741348 0
0.6255609924021244 -0.1644581275008588 0
0.7709988260690416 0.3757522919545171 0
0.7540259917781628 0.3336999299263844 0
0.03364310830100922 0.1639930460145993 0
0.01996173021135135 0.1613904694162792 0
-0.2524178816044455 0.09357112421870424 0
1.715023513028612 0.4060421501523909 0
1.828620442558992 0.5882373645630823 0
0.6552994008851469 -0.2689968973620699 0
0.2448401697444575 0.2056297012869025 0
0.2550677829109628 0.1929292640674707 0
0.2366025586794325 0.1955303340171609 0
0.2254948657991285 0.1964608202151714 0
-1.045367636666234 0.252561495232536 0
0.8070919022841319 0.1421568181198453 0
0.9349262564878078 0.5464566598674196 0
0.8905992527682542 0.6280091470812598 0
0.277425961457112 0.2036404821175335 0
0.2276669379470564 -0.1569647202858891 0
0.3101388397403199 0.2007273731047356 0
0.7419418588989548 0.2093000550698416 0
0.3423384975245236 0.1968654049336238 0
0.3339676309961757 0.186865432190882 0
0.8828940865699678 0.1309098352228565 0
0.8740197596413726 0.131171916062713 0
-2.130025263717454 0.7797930582104977 0
0.1348390285829475 0.2879860461462525 0
0.1565163238820743 0.2685905037985281 0
0.3310823849302763 -0.1743575587420699 0
0.557272118195882 -0.265364584572915 0
0.6181671499611281 -0.2913343623603442 0
0.6551901366134659 0.3912346381497344 0
0.6172788136606355 0.3543844838581751 0
0.6775030307634976 0.35057787830513 0
3.948701846551254 -4.50390913060683 0
0.296522480018011 -0.1599843305134763 0
0.3893083118741729 0.2170838030696508 0
0.5452778719053087 0.3951983654890578 0
0.5069736296045697 0.3588560195342131 0
0.5637298501953912 0.3574404804440451 0
0.535360142725872 0.3277143607297836 0
0.9789773048772591 0.1084836260467212 0
0.9850396355512114 0.1173312297633717 0
0.3740230556396085 0.239613183734586 0
-0.01048784351094248 0.2509589878070617 0
0.003816366414806031 0.2807363714242786 0
0.5275334226521278 0.1757887821245516 0
0.5151404193693689 0.1789269699205097 0
0.5044138324444439 0.1810565343214136 0
0.7805473643160692 0.6153293145775189 0
0.2139119794765627 -0.1551309791359185 0
-0.09532426832853463 5.260262521714405 0
0.2169741536353802 0.5520933809356157 0
0.1766902438102179 0.4771312164365716 0
0.9091633037179513 -0.3475757220098664 0
0.08722987853377441 0.1952372225806059 0
0.1910743316306389 -0.1495431645052595 0
0.1875179986390611 -0.1370422516542585 0
0.04568309388656625 0.1656509816630286 0
-3.175464418580054 -1.295947150550766 0
0.8342908886186923 0.724285503585083 0
0.9740177017497385 0.7331070420926294 0
14.11919840122044 -0.3623046639442239 0
0.8850437566380815 0.1896732465546261 0
-19.9489528872185 -18.83747941974188 0
-19.02780743333033 -21.10496052433087 0
0.2769090310221891 -0.160485542961708 0
0.03957141536525171 0.2749879574104893 0
0.8297321170049289 0.1452827715998271 0
0.8399491211239418 0.1383179923642746 0
0.8503143832110396 0.1387153198681411 0
0.3759667250579581 0.4018528549430275 0
0.3601594266953079 0.363815097511223 0
0.3972174801335417 0.3648497242094247 0
0.4199864742976395 0.3991203093407735 0
0.4339000627452471 0.3602980057819749 0
0.9916678404277466 -0.1307023882526893 0
0.4512457170027871 -0.1811365763120917 0
0.4374762944934968 -0.1633358006497978 0
0.4171482155771214 -0.1646132840354085 0
0.4558892196325064 -0.160067795077379 0
4.98741735195618 -2.455806452928216 0
0.08287058720034353 -0.1617706461861822 0
0.08204269549687901 -0.1434958337608145 0
-5.169245683711694 22.43314400676563 0
0.2866903163500107 0.1924661614932262 0
0.7512892099061941 0.1495723428912274 0
0.1910860895255698 0.1959973289958009 0
0.2035532596614804 0.1971884022249686 0
0.1828933722687677 0.1862348088668977 0
1.532991472245375 -2.53896110899037 0
1.006936222804547 2.20435620821579 0
0.5733220162754673 -0.1759802845711679 0
0.5563416403897803 -0.1600994113204505 0
0.5374328214690702 -0.164913539638607 0
0.5751697717045916 -0.1557509343279771 0
-21.71505323653088 10.7486833336187 0
0.7863244249102596 -0.1355629744472683 0
0.4424662903431025 0.7449830740628174 0
0.5034068633905966 0.6704549294925404 0
0.59272106139995 0.6661186896946584 0
0.9884043937486435 0.132889856104616 0
1.955875809754359 -0.139626872909845 0
1.761714409995643 0.07790216182637236 0
-19.969886781657 0.1881923506331559 0
-20.82139287074101 2.102105555983074 0
-19.39775255419439 3.661695962368864 0
-21.25582047066741 4.000529492010229 0
-19.91454572641173 5.604440794586568 0
0.3126808085220775 -0.1564600298825645 0
0.1455651743094956 0.8311845164547438 0
0.2295233431333323 0.1860427265329763 0
0.2430251857184705 -0.1555435597980863 0
0.4865266411624548 -0.3323970625710631 0
0.6586946574369388 0.7438303002575188 0
-1.302175808919623 0.1869074669283435 0
0.4162403047359274 0.2393707275840453 0
-21.46115117192917 -10.65726178326674 0
-20.03264431160574 -8.686296881125021 0
0.2624835970215023 -0.1580172062746997 0
0.2706265849399366 0.1925433551776258 0
0.1594063182038258 11.46943508359562 0
-0.2908371320918205 10.24287980140759 0
0.7976813674804482 0.2010740727851899 0
0.4357967740915558 0.1827728481891864 0
0.4245870858618297 0.1874491207460461 0
0.4830494585580267 0.2236402902994841 0
3.500710533841106 -1.077351577335995 0
0.2193472670301509 0.2077368185447677 0
0.1215493944910858 0.2654183578437952 0
12.61117358880044 20.99640993069592 0
-1.112860159996146 -0.175202450228804 0
-1.203151175352965 -0.4169712975333172 0
-7.145145229669038 13.1818266320626 0
-5.47991747994849 13.65915714123443 0
-4.344037692700695 15.13355573033783 0
0.2784304458651061 0.3024302939993234 0
0.2687472961711591 0.2787918539485068 0
0.213064158905205 0.2909654914627794 0
-2.716169146536777 -1.884214668829709 0
-2.793889042059031 -2.587893734238564 0
-15.72387942465722 -8.742513503676811 0
-0.02335592175745298 1.056083283626491 0
-0.1597905798202574 1.017709607304251 0
1.756367931018282 -4.792656552879324 0
-0.3429542616158506 0.2076120770418972 0
-1.692136215576183 3.68334994826165 0
1.231118471256314 20.67413421139429 0
0.9706657233770701 0.381541578058085 0
0.3179165870126667 0.1906829963542833 0
-0.4108551994180069 2.638259795184284 0
0.7131148898096993 -0.1414354385502215 0
1.082773152365039 -0.3621080865540649 0
-0.01750910654288722 -0.1330620793075806 0
2.896765337037298 9.216951565874227 0
4.207977240534322 8.820698303354956 0
-0.05667786577524969 0.9344113729984889 0
2.520242609961557 3.038678388875245 0
-0.08913578661739335 -0.2804284805509178 0
-0.1507116202307445 -0.2583934095954378 0
0.9188130979359573 0.1191160515147081 0
0.8426008226330955 -0.1690455906706547 0
0.8558617499855352 -0.1527206671393388 0
0.848445411009738 -0.1335913007428466 0
0.8655704908196931 -0.138600886182322 0
0.875927797991892 -0.1124826738325775 0
0.841176769819208 -0.1164374306718847 0
0.8302632173996809 -0.134744994229707 0
0.8260307022531596 -0.187639673855455 0
0.8148536891103568 0.2964550959012466 0
-7.482368176482382 -13.67563805755256 0
1.095689329582815 -0.13350283014863 0
1.102348111051038 -0.1031579598526667 0
0.4444846648633863 2.645313200732869 0
-8.983620143483265 5.922626777689233 0
-2.34643550474148 3.60188419393377 0
1.036413468858836 0.09932825349198218 0
0.6013471334950008 0.1687838947557666 0
11.66297692419102 -4.274083203032392 0
10.243570245472 -4.049243434909391 0
0.02427814487177092 0.8322833376422131 0
0.5912029902340409 -0.1668100648348758 0
0.7762874472736068 0.3022071794029465 0
0.7421587173845766 0.2995950176001992 0
0.7153911533019699 0.3248161771874639 0
-1.625721361131934 -2.782722779262877 0
8.687043803849644 20.73599667137244 0
0.6472303842200872 0.1688122024503735 0
3.619181976326867 4.309770407572419 0
5.324271164307925 2.011215501346146 0
-3.550445420148357 -2.940989056334728 0
-0.2207188182338912 -0.090568323198535 0
-0.3176960479435829 -0.0745887940385923 0
4.275522131415974 1.782515262368784 0
0.5435563891104794 -0.1500252406608829 0
-5.617294033740306 -3.435612172076197 0
-2.126635016511703 -4.971435274506609 0
0.1531708670268696 -0.1476042317198459 0
0.6466196897957351 0.2159126332783213 0
0.5905149413492705 -0.1468270592464156 0
1.132392487523622 0.7871195932931583 0
8.758190765385072 13.80961250587721 0
6.891124682432623 13.79736430967419 0
0.5869113891321747 0.1851221326192317 0
0.5849376867411672 0.1998237509209302 0
0.6930247158937238 0.2119679213193046 0
0.6855184725340291 0.6543233238964246 0
1.064946030203716 -0.1897119290545887 0
0.3447986156957793 -2.680437700438664 0
1.370233882971338 2.212943988902356 0
1.638656514453731 2.51286209120155 0
0.4265498517351461 -0.1518427255014779 0
0.8299997914852075 0.1339035347076805 0
2.170521201202951 1.455068300273635 0
0.1500377754590559 0.1875228288851405 0
0.2814306796255721 -0.2247340880018044 0
0.2832412736980306 -0.2553806939851015 0
0.1358859582070912 -0.2625013777418005 0
0.1629752289644074 0.1860824643216265 0
-0.5825283575577398 2.27239987898785 0
0.6954426275334535 0.1630279953872246 0
0.3027275040185746 0.1915402323160589 0
-10.984444089716 18.83037469688287 0
-12.21513849686062 20.89758135372784 0
21.12243118168174 10.05036516951298 0
19.9108028367417 8.141923658202531 0
21.03291480206225 5.890934779401168 0
0.7267102857586772 0.1531570078716896 0
0.7366768099445153 0.156408683322965 0
0.6828091906664165 0.1591959276055746 0
-8.978098672339128 13.13598539127597 0
0.5534496982839965 0.22449569659321 0
-0.01426580041751901 -22.80204357133316 0
1.275647100775471 -20.70936267658415 0
3.587098589564238 -20.6509865855856 0
2.348568942660303 -18.73776680527994 0
4.52676589405139 -18.59336897048124 0
3.335968273270579 -16.85494363609934 0
5.73240016235339 -20.40818828725428 0
6.684789377655752 -18.41574942192168 0
7.826943980400498 -20.04534628134075 0
8.782472916101336 -18.18796192060512 0
7.587995156063486 -16.56047572173481 0
9.556566909632416 -16.37998420603599 0
10.88323888539312 -18.00325387780852 0
8.335929502411714 -14.98633118656411 0
0.1210424436492734 -18.77471464238597 0
11.5395782239744 -15.79834630682349 0
12.98238894168632 -17.62406700989995 0
13.87530873803918 -15.73998470495966 0
15.1905337869977 -17.40804239943385 0
16.09739806477219 -15.49103981830898 0
17.59512616376023 -17.28489643742544 0
18.49309800509152 -15.1743927731295 0
17.01380491569129 -13.42370320102153 0
19.25343994149635 -13.04915432067009 0
12.41585747673276 -19.45846144551871 0
17.97759224466207 -11.30414758719838 0
20.07083436206655 -10.81934507457274 0
18.68945946274651 -9.139145177408171 0
21.47568757459779 -12.8164350191798 0
16.25218952297074 -19.12860462197204 0
18.72788848263366 -19.23379884961382 0
1.388926368714626 -17.00033335542291 0
2.31293464788906 -15.23310256286996 0
4.443943159164672 -14.90003169907463 0
7.855282684465434 -23.15533668990114 0
-0.230614757473861 0.2091903054149112 0
-5.186534390913945 -22.80532267432249 0
-1.224138592746672 1.675608771440749 0
-1.317560933085014 1.353964946069437 0
-2.041722408048207 1.252449760057174 0
-9.914583952562289 20.90645756736428 0
0.6618599252425006 5.366171749000576 0
22.55764360268081 -10.55196380093659 0
2.991025922448241 -1.399180237710164 0
0.2078448997180527 1.639498918219204 0
5.888008628511846 15.27569969989734 0
5.081388441680962 13.5736878740509 0
6.245847116418314 12.40343062594083 0
11.05635917997484 -7.636694778808296 0
10.23938249385565 -6.234625387446277 0
9.46556942932483 -7.444575782945325 0
8.763721768043208 -6.234425765895701 0
8.066788133786831 -7.374539762959699 0
9.994675901362097 -9.043812221988134 0
3.812480281945068 0.1052291008931626 0
3.876915605782867 0.7585176491847975 0
10.72631551167235 13.58798790667914 0
0.1672886990025433 -0.1481692341574972 0
0.6348977979895797 0.1628400921137514 0
-3.129826873239719 -11.16243892719131 0
-4.896700477235076 -11.00702578069327 0
-3.735470087148011 -9.824848693409251 0
-5.169482265254605 -9.473227019046384 0
-5.861931204475702 -12.37578262873125 0
-6.429646797555387 -10.46677755779814 0
5.49842743956045 -16.7481888258155 0
0.7880834233887735 0.2694883332922016 0
-22.55082918116073 -2.773797389789919 0
-13.64987659551711 -5.393897553599381 0
0.3454702439818887 1.204176580891819 0
0.4567312336176855 1.325973575734338 0
2.407796599682467 5.221905455133965 0
2.639710270217045 4.393879532597323 0
12.09244716307445 5.774251996127956 0
11.26981748218235 4.516373036594154 0
10.60026185485521 5.690685157855491 0
0.9991213661133392 0.1083217517186643 0
0.6580981956286532 0.1600333122210842 0
0.6675714984070281 0.1554838478748695 0
16.57669286110339 -1.133815845169152 0
0.3898416309976157 0.1829044287992518 0
-0.280435850057413 2.328008183020648 0
0.8295745749851429 -0.2212351487192565 0
-0.09389040233494494 -0.05538955973402766 0
0.7972400858696085 -0.2351454915365262 0
5.153496363819148 22.84877157660967 0
1.06531069808072 0.0830770854661312 0
0.3379980991383515 0.2603757838467563 0
0.6302759240180478 -0.1494191580312503 0
0.6149783498687362 -0.1537482961695426 0
6.76689033928653 1.829351103067657 0
0.4532845978516628 0.1820778020150469 0
-3.144561914613219 8.158436143376393 0
-3.5340764243886 7.135889490441883 0
-4.750895201387153 6.746793575719868 0
-5.719197178001002 7.810249042164939 0
-2.662115690455818 6.499702583957522 0
0.6113940724831957 0.2033511617190294 0
13.16271468351415 -22.99315829144483 0
5.389914401645327 -0.5300687175110357 0
0.6267180207457194 0.5885496839147443 0
2.117384614955361 0.5252542047932404 0
0.7718881944156475 0.144992444827845 0
0.7837061440652902 0.1486304812245711 0
0.7895159622564443 0.1407762918890713 0
0.9604129647071891 0.1445128200691047 0
0.817570282659686 -0.1294756006004582 0
5.142229478421086 -22.79080383317584 0
0.34875131322759 0.1890350015717129 0
-0.1409296802913044 0.05607338487639626 0
-0.1200677598979965 0.1010108416031804 0
0.5901803700852237 0.1727894956018812 0
0.5931782079555349 0.1628630406015201 0
-0.02268884281404521 -0.2789960641968092 0
0.04310367273208876 -0.2919838884672987 0
-0.5567736875938054 4.78704570723689 0
0.4160106936493824 0.1798759543985544 0
0.9559952095966572 0.1582775738743708 0
22.75864211973542 -2.555733132937561 0
20.6404571434047 -1.315789473768727 0
20.7409057387631 -3.739680591877196 0
22.7825459354432 -5.120892745493852 0
20.77453006119314 -6.156375291124618 0
20.82509691372377 1.074641530215465 0
22.73691292054824 2.341168757160721 0
20.5941191047658 3.506667747866792 0
0.6137028112739269 -0.8888336330885916 0
-1.014559426846251 1.460289982792955 0
0.5391064171741123 0.1728204712078355 0
1.137727166866348 -2.219798065372002 0
-0.09216763099037607 0.06235108275025073 0
-0.1019234013908048 0.07712314177791338 0
-0.09618373072430686 0.1058065907017998 0
-8.622160515017415 -0.1708097271755034 0
-7.803317802982978 0.8341512913225584 0
-9.083154681113124 1.09617887235005 0
-12.3139363708904 13.12248963230666 0
1.699613948420866 -0.1360987060842561 0
10.41343613650708 -1.593723510485612 0
0.1304137484475404 -0.1456488915640372 0
-1.910975341678873 3.161905148658464 0
1.905376433724783 -0.4669336065723924 0
0.6135000908026366 0.1636995914312001 0
3.207200324039549 -0.575703984563471 0
0.8172055341216046 0.1800009789879082 0
22.27726903326972 11.9640449365493 0
2.405290910874291 2.502526644654696 0
0.2090548718850193 -0.2395759757048245 0
-0.1112887573220553 0.006752252569689868 0
-0.2872839193348366 1.550255752199252 0
-20.39242219139126 9.03776644827261 0
-0.6684584486614122 1.142008390318067 0
-0.2265786914509178 -2.767325614175257 0
0.4126866610859107 0.3332466859079732 0
0.4470110587431014 0.3262352781074997 0
0.4699111531224476 0.3525025800168524 0
0.4965974662622709 0.3246866522950148 0
0.3785007244612452 0.333204431449984 0
1.592380287560225 -11.30159778440247 0
1.061310766937441 -0.08643319793890748 0
1.081262678072556 -0.06795992913638156 0
3.104179566438368 -13.61636098974074 0
11.15557909189404 7.223450556449341 0
0.2657019808919129 0.4786330683452518 0
-17.75761086845661 -8.829325649916189 0
-0.03476681621904758 0.1313410559966149 0
-0.04858208158247365 0.1237516128551063 0
-0.06216359886159784 0.1150547310382031 0
-0.1924164895360979 -0.1519904207485017 0
-1.615751853794078 -17.50215252291929 0
-1.728006985046604 0.6144628153985358 0
18.45914648927261 -1.283068786522841 0
0.3895778692403823 0.6912937795908525 0
-9.90825405591405 -21.12035252336788 0
1.904392972320353 1.745539869270687 0
15.75777942567154 -11.55079707117 0
-15.41992239930855 3.172061943003682 0
-14.28447740573501 1.810894458047998 0
-12.60755632370692 2.049732591832932 0
-6.399183776852929 -20.84398470918432 0
0.07185821686007317 0.1718661775626463 0
0.0833986182969453 0.1719101679941477 0
0.09103125378270052 0.1805948878531137 0
0.06214241652947761 0.1722690419251153 0
-0.08008993794656798 -5.243093189867338 0
1.052841380806646 -4.439375266748431 0
-11.80026737416766 6.629034379501606 0
-0.08785228999757062 -2.285976595719579 0
18.3787697363659 -22.85177232520959 0
18.39136740947333 22.78197819406891 0
17.17871890721246 20.65041539983586 0
19.72135971878809 20.63410953237252 0
18.46737995987464 18.43462717645713 0
20.84784548032984 18.33649229101314 0
0.5292247244984889 -0.1504681612625252 0
0.5203955907639266 -0.1644922124751037 0
0.5226612618943283 -0.1421989365714088 0
0.8603795397724396 -0.1261860165228137 0
0.8736509339216447 -0.1270329123971044 0
0.8808346426584504 -0.1394971101736326 0
0.887851295823504 -0.1283167202405525 0
0.8956079677587956 -0.1400350862073544 0
0.903262839055135 -0.1263741029665711 0
0.9107937209190693 -0.1404961571191349 0
0.9085052013822438 -0.1086555739639224 0
0.9167861456043442 -0.1273904560500755 0
0.9267102483980414 -0.1399035793003818 0
0.9371181223521755 -0.1278956893544124 0
0.9388516822765788 -0.1050996034973788 0
0.9442237777248341 -0.1421946085959157 0
0.9512025332553709 -0.1284721816874066 0
0.9432509572955385 -0.1169884596879596 0
0.9565934739601549 -0.1160556058765737 0
0.9611850469793772 -0.1022803619481856 0
0.965088350698023 -0.1264962309502564 0
0.9321287129815184 -0.117647519330497 0
0.9698404715107383 -0.116247003632645 0
0.9191850770902313 -0.1576485972473916 0
18.64513898247756 6.330888284635273 0
-6.930410307528419 1.7947651690015 0
-0.4339234210390188 0.5758961773459496 0
1.131333503417199 -0.1337938044098943 0
1.134682098580679 -0.08287229677817615 0
-0.05415968062843585 -0.09515578668429049 0
0.556520078936261 0.1704374456909263 0
1.733279450018807 2.101781337400079 0
-0.03975120540443106 0.1124307997221316 0
-8.706991414356224 7.37428678937451 0
22.82763095489295 -18.33292273090009 0
20.41159222621237 -17.11741800135069 0
0.7198408374327411 -0.1761732453503577 0
1.847980491953644 -2.084682824091768 0
-0.03005499586829013 -0.1058418893836444 0
-0.04452983604563476 -0.115011050598693 0
-9.756397540260503 16.5713232648154 0
-22.50828157008353 -18.58868610088295 0
-18.41128742788641 22.72662372246231 0
-19.73029144472871 20.49149512009013 0
-22.56995309112657 20.73360087834332 0
-21.30714152243668 18.39127193789825 0
-17.10522680150864 20.63932230776937 0
1.007238963037918 -0.1104099310613783 0
0.1179312627323511 -0.1396097600056894 0
-0.269440494962233 0.9395464385579604 0
-0.8403350083750685 1.073392118032921 0
0.7281421564715977 -0.1465913011561835 0
3.833784992289857 20.59294660361598 0
1.092147938895956 -0.05384934397895687 0
1.113432507903706 -0.05421635615153231 0
1.116681561141641 -0.02836604810197151 0
1.100340698295834 -0.07562423863817558 0
1.135860471576471 -0.04978851033134678 0
1.148896606211875 -0.01839196132142857 0
1.175192954444814 -0.06523244685654848 0
1.176722701477944 0.01994173136409962 0
1.259918943425221 0.09243644087915073 0
1.17025317031743 0.1629919490797683 0
1.139394176720057 0.01852163751380698 0
1.157552311458086 0.05673276136461013 0
1.120964401187998 0.04922486624069247 0
1.122908000504516 0.08707626947105788 0
-0.4537275640024201 18.87941546085392 0
1.520697125028746 18.46325450222049 0
2.287432568582438 -8.139013637697907 0
12.00103151571475 11.95892249699969 0
0.02189800998058461 -0.1358075264960101 0
0.03583122013209913 -0.1348607194057393 0
9.672384369766618 -2.911590093429626 0
8.812157278705536 -3.951661828995798 0
-6.618296017181823 20.87834714070172 0
-10.00519365518604 0.1212326543221682 0
19.95429391640315 16.1660389184986 0
0.4175013121619308 9.197328647744101 0
0.04327823571768877 -14.1063071712998 0
7.757866325966562 22.84310605646704 0
0.530186732906432 -0.1817321466330055 0
1.500714183402281 2.941804107926887 0
1.99918982750102 2.864918983638484 0
-0.1848040201614137 0.3127281093446375 0
1.024205023233526 0.166854604189462 0
1.056885767712494 0.1622426909051868 0
1.091152227043141 0.1514268058170432 0
6.114239634155383 8.944921799710476 0
5.194885903109048 9.965472746954335 0
5.193639864338737 8.121856357176563 0
-10.4121235412761 1.470720234545701 0
-0.0240844461401889 0.5201668478854342 0
-8.905010310377541 -19.141018420285 0
1.730478960033947 -0.8653083125237158 0
0.04582367659339802 -0.1507208220849029 0
0.05915396094267836 -0.1409114713108855 0
-1.084473538300338 1.174188110839024 0
0.8732410933116239 0.1761997655533615 0
0.6459661822534115 0.1576262189989659 0
-11.10952427023206 5.280639444045574 0
-4.288472575495171 -4.608649185359763 0
0.177242877613885 0.2740725168441926 0
0.1129461528695084 0.417152942622629 0
-18.57448056394456 18.28576218049303 0
0.4661316567693666 0.2154852868778102 0
1.073598698122175 0.07246832960434745 0
1.085825481735973 0.08534640020348537 0
1.067222647554231 0.1012299791403967 0
1.092443542097453 0.1142071613379939 0
1.09629208807302 0.04993453525219369 0
0.2468725753658457 0.2800624536454179 0
-0.02542082385114635 0.1228440227664896 0
-0.01678891684096815 0.1378693294915636 0
0.278619759918608 0.1858902727443061 0
-5.27020758733214 -14.08219530594578 0
0.2731293357175185 -0.9588104893184175 0
0.8735207510460558 -0.1531686651391922 0
0.8653101596277475 -0.171925913972078 0
-3.875118219483307 3.1942832186087 0
-4.0941013439623 2.319968367309888 0
0.8138901955640767 0.135241622604824 0
0.03398800941356585 0.1484651532273291 0
0.198070217757773 0.1882874466268831 0
0.2086665082003848 0.1875147566430093 0
-8.124047231233506 -10.52701329194707 0
0.04917864445419436 0.1553149514400911 0
-6.283477412850411 -2.646876315944834 0
-9.692528737399142 -13.82812109422096 0
0.1200591816431581 0.170025117873419 0
-0.01038208053154798 0.1297429037554283 0
0.2609489618762926 0.1864331050611656 0
0.8710618821958002 0.1204828993067928 0
0.0190129101223778 0.1428920685782664 0
-9.201322505720011 -4.988178168322028 0
14.40456192838774 -20.89018295836119 0
0.8916397983018689 0.1174565811690052 0
0.8959883624664968 0.1231217357604351 0
0.08447252311399807 0.2597889712862541 0
0.8779809960704937 0.1192650993808589 0
0.1364046896852848 0.17236204116096 0
1.195141952905079 0.9544581789862265 0
0.1039094848593025 0.1673476375984894 0
-2.801059225001455 -3.329821220615816 0
-3.480222746362472 -3.889084514172094 0
0.9597907814005414 0.1057568896405878 0
0.9577333444149777 0.1127491597682188 0
0.9506033828788939 0.1127677289432727 0
1.03586170604911 -0.1556618058964679 0
0.8570411791450515 0.1229857304834239 0
0.8615731310220787 0.1284229258126219 0
0.2031978332843503 0.1791326461535141 0
-3.074034185616841 -0.4214468522642265 0
-1.059006316256071 -20.77649908837535 0
0.8426015845645461 0.1250975766371147 0
0.9217851818755229 -0.1153900864578526 0
0.2539509369791731 0.1792736786508697 0
-1.070291586879689 -2.900315515684218 0
-2.073037607468041 -2.248284950332915 0
0.1866313319693509 0.1777519553773368 0
0.5317658277576973 0.166685995554004 0
8.02534089238997 5.678549941733346 0
-0.1842658867731138 0.06582984944350402 0
0.06382398265446926 0.1578403234290137 0
0.07975286687606381 0.163101215468367 0
-6.65549605832701 -7.678018312876768 0
0.8279173578760024 0.1261348067632365 0
-4.880512351894313 1.980440529810153 0
-3.740014792011876 1.650830648183074 0
6.740340291107263 -9.583716449670066 0
0.63779217555701 0.1526977255336092 0
0.1611255795739571 0.1753605219723824 0
0.1730730117320156 0.1860440203747637 0
0.6298811820446378 1.453255834972961 0
0.178085442604164 0.1776947723467965 0
0.7830572615889532 0.1339610857934305 0
0.04048642070612606 0.2491729589642046 0
0.6198643628537729 0.1549138025586719 0
0.4578070503909912 0.1715947802322556 0
0.9049581642926797 0.1152998050510631 0
0.9095295081364838 0.12118233759765 0
0.2949186816920017 0.1786214500289564 0
-11.1997710095781 -3.70570405120359 0
0.3176037735768696 0.2601563968415885 0
0.5461131131920524 0.600163430794232 0
0.1446379589530673 0.1734307718729298 0
0.3122624666398217 0.1785514342410463 0
0.3292407293898575 0.1784380931948809 0
0.4403981376952918 0.172164145997919 0
0.4226557275799526 0.1725888464946125 0
0.472277975075802 -0.1753620432771565 0
0.4748776883180248 -0.1570130349945438 0
0.4911747046287461 -0.1547719326487889 0
-3.016754521830553 14.03118419630345 0
16.0658443092321 18.44288190371842 0
0.7671847352541765 0.1364897068099016 0
0.3969743666787032 0.1748264547526996 0
0.7517010818530678 0.138516400321561 0
3.584254822995715 -3.626200916992734 0
1.180312733303343 0.1038177830231554 0
0.6868335721191859 0.1477442113596107 0
0.354302172948734 0.1779624370546385 0
0.3594258114609205 0.1853118339253799 0
0.3689095701203358 0.1847571231187094 0
0.3376496529652985 0.1777220960828252 0
-11.83658001920724 3.614731044621781 0
0.6117313144460576 0.1549290662832215 0
0.5694939450318111 0.1602960918754651 0
0.7357710485973443 0.1407886514005187 0
0.7033045111066217 0.1444111506837301 0
0.3722283320011099 0.1764153676512838 0
1.899422531095402 1.152195258254175 0
0.01168175695947344 0.1398205633901765 0
0.004867316018507044 0.14548529788738 0
0.4666162553966893 0.1701761997303826 0
0.4923845380896378 0.16779660625645 0
0.5110835749230418 0.1676205092095084 0
0.5518632897040245 0.1623752687624986 0
5.304405268767341 4.655470412748539 0
0.7200058564085257 0.1434972200705298 0
-0.06879826391372917 0.4211133756235569 0
10.14813690185602 -19.77448648565719 0
-1.744343085845138 6.646587412021332 0
0.3219582381099733 7.419084237782263 0
1.031413404941395 8.15218791496927 0
0.4838342043595579 0.168857869116864 0
0.4800709766125971 0.1777088593727272 0
0.805750071382118 0.1316504054659583 0
0.2753764279418491 2.350938992042484 0
0.9364555336246941 0.1097860874521858 0
0.9357006529699163 0.1174187722979068 0
0.7054426034119873 2.313069096306762 0
-14.16631964868257 -17.14385726815274 0
0.7904382732135659 0.1328127799066751 0
0.8563495393736457 0.1748215379515144 0
1.102391069914453 0.03446353498636137 0
3.808377169303096 12.63665682337039 0
20.96723597025145 22.86853254559922 0
0.5038571334884392 -0.164934990878056 0
-14.5877275489241 -11.64651991940187 0
0.2970361892620769 0.2593475917874649 0
22.97939205882142 -20.95692188688228 0
-0.07286879375245259 0.0864760313983384 0
9.925899317847989 7.59376203989537 0
0.4028085722210329 -0.1794178229805698 0
0.3973069148943616 -0.1617755588380277 0
0.4078282543410648 -0.1533561671008946 0
0.9131381541885994 0.4188977946954956 0
-0.09539526464394962 0.8067917973186796 0
-0.0956490791514434 0.3606259339960914 0
-22.95691605719264 2.466882319835999 0
-19.48019707145276 -14.81314460187561 0
-22.83596442932154 -12.90585191173248 0
0.9238955138258609 0.1121324355924537 0
0.9176478595030251 0.1120852451604771 0
0.5170283499581466 0.2173111766585249 0
-3.497757489956469 6.047081495935964 0
-5.485501141291275 5.654894288732908 0
0.7605208862200368 0.1882202230818856 0
20.57229682766739 -14.79015454824706 0
-0.002166541825971962 0.1327106791360315 0
-18.64962816243443 -6.907065656984257 0
-5.250144520151188 -7.921421716413263 0
5.887332897567615 3.819761777029399 0
9.658269652933363 18.92678492332105 0
0.9281317178022636 -0.1085726095954204 0
3.031191537368156 -10.79361601467311 0
7.447957399402395 -6.411181677311792 0
7.905902032538394 -5.081257697864705 0
6.32517541827246 -6.765460782308687 0
3.437610284822106 0.4703023099805733 0
0.05291708547387387 -0.1235233951764147 0
0.04800956978355998 -0.1318785480467859 0
-0.05824777112304086 0.1014217793532391 0
0.1396998806451367 0.1808739720507043 0
9.84560056438049 4.583915884819942 0
10.38609695048023 3.250736481785404 0
-10.1188023498305 -6.155000927866928 0
-11.76639020060544 -5.464534863968732 0
-15.56263965691934 18.73536808665953 0
-17.5986497308336 6.195106025243669 0
-14.54577179845381 20.78093438607488 0
20.62371668440334 -8.639501127042774 0
-17.52074109628708 14.76734967849571 0
-12.24560844789326 -8.716292037974021 0
-1.286540252675949 -8.873289239220979 0
0.3475739216087817 0.3327947842040676 0
-5.339798339781578 11.30790459888193 0
-0.01209085784189355 -0.1142171212191609 0
-14.47378276051918 -3.671492774344847 0
-19.10224398071724 -1.568381821115917 0
1.103519562369916 0.06737937479287336 0
-2.889770410418244 -8.62746366521772 0
0.01741609605127679 -0.3452997556243001 0
0.03918004067372947 -0.1242229913365584 0
15.73965046036452 8.750574631466602 0
-15.93995174706036 9.635817301913871 0
1.076879415872567 0.1936039187455328 0
3.307425637196905 0.889443467069885 0
-4.026792617147803 11.33083276359349 0
-20.92087857741329 -22.75920321772942 0
0.8928944270246637 0.3283365948406654 0
-9.753192301068626 -3.73270685222693 0
7.284216740493055 11.36204677738015 0
12.77150030287216 -14.0067578544787 0
16.81627838290687 -7.926838309310898 0
21.17360875305989 13.96044568329824 0
16.81806347070277 13.97008683410997 0
5.255708446949514 -7.202746247034509 0
0.9446421344771321 -0.1046063940468837 0
1.434077395202567 0.7122567957970172 0
0.6418022482279706 -0.1414598136475242 0
1.130772129181326 0.1327074032936935 0
0.9153467890377749 -0.1086347137380303 0
0.9115985895247096 -0.1170480495229781 0
0.9028345258033796 -0.1151132996833612 0
-1.766392084139624 -1.761585791506415 0
-2.530653496529633 -4.137935953327394 0
0.0277428095532382 0.1544011716462982 0
18.71856549020068 -4.809642554413323 0
0.3312264038598986 -0.1417713803731964 0
0.3240440759675932 -0.1489137316730792 0
0.337555423714006 -0.1502624485028889 0
0.09865761085321553 0.1740366500781724 0
0.5708668873384418 0.2023025247950541 0
0.4989577980476551 -0.1396580338975991 0
0.5027133777773415 -0.1498099184810216 0
0.6057876564278108 -0.6887803889013028 0
0.4668534187126393 -0.7531100253675191 0
-11.47471296339308 11.35424451886495 0
0.7139428525977619 -0.1273129005746952 0
3.271546469826928 -5.348047502773354 0
0.005050724957407287 -0.1158934537881146 0
-0.001054560848090256 -0.1238700392073493 0
0.3388455613680214 -0.1405967019927757 0
0.3494870934656812 -0.1520941377535653 0
0.7286777017026488 -0.126563093663204 0
0.7334607541839598 -0.1347699454260266 0
0.7450009091796509 -0.1322246313466984 0
0.7600517144958545 -0.1231872866815825 0
0.7566715404834753 -0.1327517987256873 0
0.7681375040708179 -0.1303077477191656 0
0.7507051619918641 -0.1435454753720548 0
0.8897515759548869 -0.1098573877990309 0
0.8917150571422761 -0.1171883648699367 0
0.9481650090298099 -0.1099416512165419 0
1.386557392327368 -0.7044493474422391 0
1.230381439579553 -0.5782806693389153 0
0.4022615515211823 0.1827776890102543 0
0.6726920827871076 0.1943439666275862 0
0.7444777830292209 -0.1233430784909848 0
0.7827340410959143 -0.1213000762538084 0
-1.294643763808192 3.311838104895018 0
-1.840501341340406 2.631026670042921 0
1.23362127018556 0.01687269546239668 0
-0.5360681279703131 0.6982153761160516 0
-8.174880703774017 11.54150294127235 0
1.326179382412541 5.386679427817109 0
0.6920871776155101 0.1541171022649686 0
0.7674012540374118 -0.1215195639876506 0
0.03305806031766173 -0.1206394712852296 0
3.079546958676401 3.880367601093991 0
1.632436608416623 0.2460541377914268 0
8.558845275178312 4.655866723757303 0
0.5407073471642507 -0.138166786625368 0
0.636065238471291 0.2044452963287451 0
13.3997184820802 0.8419740703863023 0
0.3554719309151941 -0.1429793875908717 0
0.3599389864395588 -0.1520024976134986 0
0.372614329140334 -0.1510108282344992 0
0.3824634074075389 -0.1610330506151412 0
0.4897796778194646 -0.1399961263586146 0
9.245533183621633 -1.134033844743625 0
0.6973696570321051 -0.1285291215060436 0
0.6937237473769744 -0.1373848138593469 0
0.4730545906399979 -0.142949719538657 0
0.8830890577730651 -0.1116010941263129 0
0.6813837723245708 -0.1300578853933423 0
0.1513617017603515 -8.761467325707564 0
0.4224994444412135 -0.1422828873882085 0
0.7216756707841238 0.1874079284787395 0
0.6733714128442971 -0.1312440441541368 0
0.4049752318104157 -0.1422678091465683 0
0.3976036570945205 -0.1488545607214712 0
-7.75642006675089 5.486811126862298 0
0.7155765088900894 0.1513954206201917 0
0.4639953709049728 0.5897715574340483 0
0.5638793971584588 -0.1488814137907727 0
0.3803354349218515 -0.1424669651641108 0
-0.1786477498175209 0.2197005528189768 0
1.226295491055557 -7.891533145518227 0
1.530819620704975 -9.079933942172026 0
0.4313890039901838 -0.1412340622976087 0
-0.06624168701793792 0.1779404185228814 0
0.9020822208658426 -0.1086160827662135 0
0.5490812013087789 -0.1387369674818938 0
0.2977393619737503 -0.140906881322763 0
0.8484207795937244 -0.1151984344528368 0
0.8456675180634119 -0.1230524270793774 0
0.8691355720383855 -0.1129318943368579 0
-0.7802024105026922 -7.709200896512591 0
0.3753946338427764 0.2208878962458595 0
0.3563937886168493 0.2396886383922795 0
0.1845382659602811 4.139657585510936 0
10.01708987034275 1.815260975241467 0
0.4482781965505894 -0.1412522981824429 0
0.4444507806563555 -0.1501740654491523 0
0.6624614333857972 -0.3224084148595762 0
0.3725139286053748 -0.1418217409601086 0
0.4565698547520846 -0.1408767458106659 0
0.8753645788231275 0.8299038422494025 0
22.82728300309383 4.544571160186138 0
0.6570156377659127 -0.1310249039590526 0
0.07041514880485034 -0.1274786010968103 0
0.07677883502008161 -0.1340588144736939 0
1.10579492168776 0.004175192458037637 0
0.3136776332526141 -0.1434112266809539 0
6.457821943470195 -15.11659020824979 0
0.8345517439024799 -0.1157870103783691 0
0.9195029886392174 0.3682233262888379 0
-20.75914625024017 -6.655865026367845 0
0.2652744787048099 -0.1396296724383039 0
0.2887607723325126 -0.1394907275725179 0
0.8052542968225445 -0.1193606508744322 0
0.8841326920573657 15.38958490081514 0
0.05248908638984814 0.1774335591565546 0
0.05916402040595301 -0.1243204177953469 0
1.240529991461361 -0.443348520846323 0
9.439154581944781 2.717392993238089 0
-1.003025093826849 0.9073326519584062 0
0.2725611227429184 -0.1388921683567748 0
0.3876071909094184 0.3022860279176662 0
0.2252121609128445 -0.1364827365450206 0
13.12493114591892 -4.483976581855364 0
-0.4379603877501611 1.710258936092929 0
1.122619645492866 -0.003724642352305023 0
-0.1609829923643366 0.266024866650991 0
0.7688418662385781 0.1777434663163288 0
0.2336844845431676 -0.1379522291689027 0
0.7347472657619313 0.2723325552162943 0
0.7135907605211003 0.291264075917942 0
0.6826660197269702 0.3073239804946987 0
0.647622078912634 0.322232503357246 0
0.9551321384897502 -0.1022097187571244 0
0.01965498422781652 -0.1186274251695605 0
0.08520444963719254 -0.1265309022484401 0
0.02817686964922451 -0.1270318206331486 0
0.8096554342447609 -0.1269131882081284 0
-18.21319734719602 9.384587784602715 0
0.1247199521706584 -0.1303963800685934 0
0.1655635325557178 -0.1331317018109751 0
0.1791871819675031 -0.1440048614333194 0
0.176323042392165 -0.1576503346463675 0
-0.3614419193321794 -4.539388297665653 0
0.4033081309250647 0.2254482050095206 0
-13.157894736778 23.05672706286773 0
-2.221599289781008 5.302000542856277 0
17.76170853325064 8.630366682982601 0
0.1968490393100711 -0.1373949136431842 0
0.1384028799533189 -0.1313964895514448 0
0.1412388624980395 -0.1397784712856051 0
1.175997745913073 0.2373766142139469 0
1.231547725940136 0.3050832950901677 0
0.8042853646156349 0.1753698066123234 0
-6.264647058162589 6.723180698889377 0
1.112438039144559 0.3975111113679308 0
5.276294827736047 -1.165209149154261 0
0.6406959864849039 -0.1320960434635579 0
-0.1210334956241284 1.476197822398137 0
0.7903873643271427 -0.1209531708397573 0
0.4472658503620754 0.2366724922465656 0
2.919693612846553 -0.2209390042887889 0
3.352468522132264 -0.08785424350013801 0
0.8553930116427575 -0.1143407742036049 0
-2.884310836483733 -7.520661576359947 0
-22.99874292208995 13.06890416137351 0
6.847383319956953 -4.519982454033721 0
0.5663691196948297 -0.1372169358034833 0
0.5833746575118124 -0.136671922606146 0
11.94175771023425 3.243373977283177 0
0.7938262760105622 -0.1283917638741059 0
0.5424983473469307 0.2105216252871855 0
0.5293112589349528 0.2110900390404735 0
-0.08577235580689491 0.144467576077811 0
0.3942541636076023 -0.3071885658111949 0
0.566475209629574 0.1689151319635294 0
1.224662714659719 -0.1818367888970543 0
0.09841628279358068 -0.1288161443592747 0
0.09328236311976534 -0.1368420269778607 0
0.1040600235083428 -0.1362351483658411 0
0.7411948922538638 0.1485713828703346 0
0.4784952283083957 0.2099474342960911 0
5.52852594298996 0.107665074521172 0
0.2263912784677671 0.2498979298674024 0
0.1391941161743313 0.4510899798918085 0
0.1848907397327069 0.4279852269403958 0
1.580152047162564 -0.02891213573875775 0
0.452181667480424 0.2198540849294198 0
0.259864769291505 0.2459524111465455 0
0.1199913044848574 0.2440743688969105 0
0.9279564391993622 0.1185033247868024 0
9.238339463707471 5.603969346223797 0
0.7398743911920369 -0.1425314034152917 0
0.4010864934866565 0.2124304394009126 0
0.2918999976085452 0.242465694128762 0
0.624050055049012 -0.1330365303972134 0
0.3241559342877731 0.2422681899475926 0
3.599380132421686 3.490003003849585 0
0.1526018412270541 0.2385831532783476 0
0.4352333663079497 0.297105347433401 0
0.1845246122813073 0.236793331939742 0
1.864044443349893 4.275945703943407 0
0.4579348127695845 0.296266010960158 0
0.5047371522367681 0.2920973579831765 0
-2.895392139942035 2.687439188591875 0
0.1048041620365407 -0.1282510145160269 0
-5.145184309345652 -0.2326878509936088 0
-6.20317661348309 -0.381949155893173 0
0.2487020114310615 -0.595856061697561 0
0.3762214302216365 -0.6330718685021113 0
-0.1714932532363952 3.760366267563772 0
0.2491373285900825 -0.1390942781724703 0
0.5506450430995182 0.2839041353211837 0
0.563093599838871 0.3075965447175644 0
0.5912803445192194 0.3046870253621946 0
0.08820550783038046 0.1643586892249067 0
-14.43132733003654 -20.97025392922824 0
2.999643080401363 -3.256731824672119 0
0.5985039051632708 0.2798500818156164 0
0.6244277911839512 0.2974915875457962 0
17.06603842290259 5.474681878439421 0
0.1745813952953546 0.3861986656479703 0
0.6675311230964995 0.2769828684672468 0
-0.01272823655551988 0.7318775558262514 0
0.8456317834193707 -1.919298186639075 0
2.76667406200469 7.498752487333363 0
2.341075509057514 8.313339438071825 0
-12.89278596995139 -7.094233213714071 0
0.2446119927375297 0.3940984501803451 0
-0.2279721412640378 -0.9865745789308324 0
-0.4022618826753544 -0.8616577610235814 0
-0.4430214868049613 -1.083582684983911 0
-0.6448760846898168 -0.9243985029574818 0
-0.5473432482241009 -0.7137638247653633 0
4.263899955106718 15.28873832634802 0
0.9648593448754897 0.1105933914297917 0
0.1530992532055987 0.7321284198609589 0
0.5107619422006748 0.5388442850966892 0
-0.8289099675957554 0.3260294893466261 0
-0.9272032932108359 0.05885499373564471 0
-0.1017458342784306 -0.07507374332094291 0
0.2118934000356209 0.1789541980362766 0
3.699838577144149 1.792923798023125 0
8.212081786034247 -2.893607885078386 0
0.2360294166958357 0.1789629460104078 0
-1.508707956766227 2.520675373155482 0
9.467955566670227 -5.111774521839989 0
14.05049316976985 -3.085049073065197 0
0.8808966410688185 -0.1191922552418824 0
0.4064011722259819 0.5400926215904395 0
0.1068739236266449 0.174019488043585 0
0.01554951141058125 0.2488610840657 0
0.0936699737077001 0.372859912116633 0
0.2101290596996836 -0.1353070063296117 0
0.6077542960500295 -0.1341260097040557 0
0.006256421780675478 0.2289443226766561 0
-0.09463031940158892 -0.1243419137001373 0
0.1803218175237869 -0.1348701545045168 0
-1.644467376733918 1.21907510131954 0
-10.57727857895988 23.08879735622035 0
0.2186445007694942 0.1880357573794146 0
0.1180155480488483 -0.1297300611901633 0
3.969449486181196 5.166242931080332 0
0.4707701719638039 0.3163488497052868 0
1.798918930921978 -1.659104369030611 0
14.76595392335018 -14.06555425849196 0
2.619613721356672 3.586464598392127 0
-3.610766765518679 5.230970768714846 0
0.1531027510038578 -0.1314193772527607 0
0.6079232246820634 -0.1686413324837023 0
0.6241371762064626 0.1974776832173685 0
0.2203974469194443 0.4579952657326785 0
0.8760737495904173 0.1627734495488028 0
-5.684888285287605 -1.857525113142048 0
1.200747873556562 -1.848569622458265 0
0.6767414164476472 0.5332192310969878 0
0.6531313469665414 -0.1418774596557896 0
0.8200743863223422 -0.1190704335716266 0
0.8936651195900125 0.131053103397854 0
0.8532318750473629 0.2984041665431705 0
0.8641570006412918 0.2665904259590718 0
-3.702270035047675 -21.0317925329086 0
7.37037176013918 0.8773007123813922 0
3.021722365193368 -2.721365702310845 0
-1.472047100946669 0.4136025703664161 0
-2.627704260509439 -0.8543356571178485 0
-13.30955641957402 -22.99904736951367 0
0.6224074904454705 0.525580525971342 0
0.3548721696009227 -0.1633966651426348 0
1.073662360124076 7.272960308724388 0
-15.38433543411942 -18.98672280796453 0
-0.06731764870602225 1.658785011490532 0
0.3868458462392074 1.058153590541495 0
0.5908467934747845 -0.1351255314281702 0
0.3623267652221193 1.496641942407824 0
0.9485113885278467 0.1067391419772824 0
0.943425269259302 0.1157116520281463 0
0.186429507390948 -2.039919903588517 0
-13.31797366783015 0.5770433981347143 0
0.7212174931216486 -0.1337978928757751 0
0.5773069822101725 3.766653660311738 0
0.9788747759148638 -0.1249397635243016 0
0.9920691276099791 -0.114723455934257 0
0.9954751052046131 -0.09822415194337882 0
1.000822215397804 -0.1031063188085537 0
0.991611896274595 -0.1036736671658715 0
1.010781149542594 -0.1011930639750657 0
0.9842706834861974 -0.1066392819474357 0
0.9907190406478115 -0.09814051839931882 0
-19.02629085873363 7.565751448988739 0
0.965297353184529 0.1045988990485276 0
0.3888749174388879 0.1738251296957167 0
-0.3248899655960417 -0.6438771243587129 0
-21.11715512079894 -1.32685389464544 0
1.016324706084309 -0.09669243038048993 0
0.7258590753135145 0.3627425597627837 0
1.036186234596531 0.2266429008798485 0
0.6621504997538733 0.1492749422659404 0
0.5125259699976189 0.2337994980115932 0
4.302255377456023 -2.608983462218042 0
5.742756733445627 -1.592135817712955 0
-0.1122565759581895 -0.6366966132041959 0
0.4390863580273311 -0.9110765035074211 0
0.2546415480569519 -0.148390699632371 0
0.4892114284404327 0.1771187335889308 0
-5.56423332644969 2.859360334188727 0
23.22856474475569 18.38648399336705 0
7.506560774682943 -13.54966659186221 0
1.299702425993626 1.702725648535425 0
1.048991282061924 -0.09359927591490404 0
0.5540514552144835 -0.1462793060851486 0
0.605728371421053 -0.144935396425238 0
0.9566912117006811 -0.17124193866148 0
2.601384443623458 -1.207056198556217 0
18.92884683821048 -7.275440576036067 0
0.2366280418515558 -0.1475963198039771 0
-0.1338943932767909 0.02180758982712958 0
-0.02428717223820398 0.1330762575747905 0
13.20614972601325 23.13596159232625 0
0.3788304183195864 0.1850325011458747 0
0.008106352453023657 2.278122013537854 0
-22.7967249792804 5.605587282345763 0
7.351399430636345 -8.454305362353409 0
2.766710394289031 -0.5403912787937547 0
-0.9984646785080373 -0.5960455645829077 0
0.6611094771259297 0.2010133809765565 0
0.8320558208120392 0.1831521735332926 0
0.5784400647878858 0.3317046294994478 0
0.8470080960832281 0.1312051349201393 0
4.014430149153064 1.283823460836269 0
0.7109291563697869 0.1959018757911007 0
0.791080060718258 0.5317576094447359 0
0.888739312922768 0.1240875009910681 0
0.8544163592119811 0.129581326970477 0
-0.1168758906071904 0.2628825037446768 0
10.3921666627081 11.66096904587386 0
-0.09532599170993161 4.620707861312907 0
0.7941957483467703 0.1857041611555268 0
10.64014427528182 20.73834418328578 0
-7.377446072385949 -12.15245766903358 0
-3.495051349591554 2.685605907795603 0
1.117770158355554 0.02662739972060781 0
0.1234742400190026 0.1778159513318987 0
0.9964059960455877 0.1520952329057744 0
-0.3052763596407914 0.02548811231959667 0
14.43565210604046 17.14393697299573 0
1.004258773796517 -0.1223942824499587 0
-0.1647058286436973 0.7215240325305114 0
-17.36406997074599 3.24150120696586 0
0.6571145199006682 0.2977452317730291 0
1.286744984523712 -0.9168953183423633 0
0.9025299727034097 0.120963927997226 0
-10.76479812660137 -22.97544098851924 0
-0.3293510747294768 0.5299356016751551 0
1.588570214367382 -0.2742506845006529 0
0.6184351964411683 -0.1821332783472407 0
1.57552564851329 -0.7308079810433222 0
1.176215952259306 -0.1259038001678754 0
0.807401009892589 -0.6114222922674984 0
-0.02112334018151541 0.4032746919456323 0
0.01359248288647808 -0.1256528606676183 0
0.9760504063768487 -0.0998912435529683 0
0.9752399830719387 -0.1065866654694874 0
0.22195617190936 -0.1455452201844194 0
4.50091100654196 -13.27703229675287 0
2.411023584267713 -12.41800076101007 0
0.7358165241191063 0.1935195567916353 0
-3.605809456323522 1.085984625440216 0
-20.8238814368797 -16.64024798916411 0
0.6039513904600755 1.0757901945171 0
2.989398420482824 17.01890510098739 0
-6.836739129116178 -19.05619969764329 0
0.421944189040986 0.2243173503623902 0
0.8466467011440457 0.1859703185302673 0
14.77076677411113 20.91581969184394 0
0.9971003790038777 0.123656779631153 0
0.1142709375368416 0.176762657213678 0
0.965873075415959 -0.1010949118214074 0
19.04465233577199 1.913685323924582 0
0.9647542747069215 -0.1076903109558839 0
0.9738112452851555 0.1402339523212177 0
5.537126149821447 3.083588843441533 0
0.3251450906340821 0.1855026941642605 0
0.01928379421160317 0.1513070812065744 0
0.009512957958558757 0.1563198425766504 0
-0.002177426791317277 0.1539853812663181 0
0.6132441934289423 0.3275354556694572 0
0.5666704981539614 0.2178585474429251 0
0.521242675842162 0.30693875013094 0
0.4612577158753828 -0.2664826022271489 0
0.9782237668135965 -1.022146539956359 0
1.155322671783717 -1.058218423627241 0
1.010966089861298 -0.1385365072964755 0
1.078170855271068 -0.09168954593133995 0
-0.6815560055576817 0.2775175077371146 0
0.325017572091463 -0.2557208855096048 0
17.6210883525751 16.49443952793158 0
0.01116288860176962 0.1707409060875128 0
-23.33964547240577 18.3999883736121 0
-0.1070805117007971 0.1279130623996118 0
0.2851483215602081 -0.1492519159217157 0
13.62264954349443 3.137028995084402 0
0.3262755871603608 -0.1609977684705978 0
0.590986097191632 -0.2590623614970996 0
0.5790750395763994 -0.1447714584948123 0
0.9666190680260554 -0.3872861395486494 0
20.99458408614794 -19.72482603865262 0
0.4262836580730194 -0.5531096698747264 0
2.339747809480973 -5.321953062739475 0
0.261792487953293 0.178301821142919 0
0.8673990337276219 -0.120225219897362 0
1.100858888879635 -0.02478399413359403 0
-0.6274890257096144 0.859788892293009 0
0.9010335219462485 0.1834572858611555 0
0.4450409653744351 0.1802433613209556 0
0.2701014406252529 -0.1482164197856067 0
0.4628894029896519 -0.1480872669515288 0
0.7418097516363473 0.7122956615096416 0
-10.52359918126033 -4.867818708660803 0
0.9464160725469943 0.2244940183061819 0
0.9417583266744941 0.1612341580574451 0
-10.55903798615473 13.11574386135129 0
0.6850123801136454 0.2000395529371255 0
0.2557238966066698 0.2629727763738904 0
-5.368741010461691 -4.483951672368256 0
0.5868873126086961 0.1574197160883823 0
0.06279530426671499 -0.1306256232197855 0
0.5153921480770917 -0.1486622242722069 0
-0.6352834413883315 9.193983950956103 0
0.2777495813672747 0.2588204126272206 0
-0.005033165370089274 0.1407097411169973 0
-0.6080223547804969 -0.3974996910386405 0
2.00608305996356 2.383418052492881 0
0.8995403845462837 0.1381459259488104 0
-0.08186347160430535 0.1216904558484644 0
-18.42105263159594 -23.27069904241373 0
0.2496830630466492 0.1866474519905058 0
0.9334178883734117 -0.105313077121666 0
0.2946248415399952 0.1876927778102286 0
0.01287174705410404 0.1471649707278095 0
5.925349539741986 2.260659932386326 0
0.9593150862862778 -0.1407267022754995 0
-0.08858933088692875 0.09042781911556899 0
0.9763953416458073 0.1026854567756582 0
0.6694491597223085 -0.1385458531786911 0
0.9277760367805895 -0.2967499020239712 0
0.4871635149290817 1.156649880842705 0
-9.388353402125258 2.213674984007625 0
-0.2247234038134427 -0.230330019353052 0
-6.752025505227863 0.4584189461625139 0
-2.527649238791883 3.111718415018073 0
23.17138784394249 10.1391153419408 0
0.2785304320039063 0.1783561495238459 0
0.3867202928930659 -0.1511846908271355 0
0.1864988048839649 -0.2772497012309211 0
0.8129601118276274 0.1282781140424522 0
0.7117191604683303 -0.3429813466338533 0
1.575137584019805 -4.14294552184891 0
0.1500003650652526 0.4127438484124147 0
-0.7671709037752248 -0.004279367651176385 0
0.5161240606307794 -0.138076117194559 0
0.7336715368979801 0.1482266993813837 0
0.763827535188913 0.1430465545675565 0
0.9775156698920381 0.4531802391201212 0
0.1047306874030728 0.260745239772608 0
0.6705987402687615 0.1485701668289949 0
0.7130155805633236 0.2671292258965411 0
14.90018266353711 -1.607081430273279 0
0.3100434934325049 0.186969004782587 0
0.1986102957974085 1.463054722906023 0
0.8083788305773828 -0.1765848441323214 0
1.160269594506631 -0.3794973694021041 0
0.7215026382009828 -2.299610356822632 0
0.4147767268029361 0.1717526600257509 0
0.3853795047351576 0.2297423470053271 0
0.2564954996563404 -0.2143869031177305 0
0.2486113402636357 -0.2409723272304595 0
0.2869899552553253 -0.301661531956103 0
0.9362110966025711 -0.1111608652966469 0
0.4445712406573995 -0.3063153592230045 0
0.2109874557745628 -0.209512019968349 0
0.9716866349455807 0.1152046936638486 0
14.80853930415065 1.118537532635072 0
0.6830039080636937 -0.2473634693862607 0
-0.07476744701180882 0.1019376469459671 0
0.8371667709620892 -1.129200174456143 0
0.2404161255052412 0.1866034774226087 0
0.6197343866926496 -0.1416985152971473 0
0.1401065130805474 0.2564064877223928 0
0.1421512155963711 -0.2274603383995284 0
1.969698955061967 0.8225838119484811 0
0.04389289107148579 0.1894128646905582 0
0.7982736766821341 0.1383499243925215 0
0.7756713184004279 -0.1380959199504673 0
0.3016831405820997 -0.1499451461323413 0
1.051191396410542 0.1077195112850809 0
0.9340291239747039 0.1241859494466533 0
-0.02725914658918681 -0.11835281446747 0
1.650580515147051 -13.87716820966079 0
0.6119130672325157 -0.351470641275654 0
0.7014089714819431 0.5891589738209994 0
14.24234608957589 -10.64006515656013 0
-0.03851237154555438 -0.1341233349950446 0
0.2207105488288507 0.4218417700676117 0
-16.77751710374181 -21.04695704082831 0
0.748468489968647 -15.541631540687 0
0.6202386352900455 0.2734770095063252 0
0.8877243900291045 -0.1502544758014553 0
-8.173897638297481 20.33972276536374 0
19.17892300911472 -2.820449141178171 0
0.2574293517570881 0.2967065349248483 0
0.2286214388362945 0.1775440029383931 0
1.109556324124374 -0.6053574496914049 0
-0.09936238573154949 -0.1667077753445772 0
0.8219965873133457 0.1369966683024929 0
0.08346363062071954 0.2422788253600896 0
0.5747578361063249 0.166035189434626 0
0.5832568047031714 0.1655133703919395 0
0.3976290446020262 -0.1407372930294266 0
0.8595307637265425 0.1368170415899531 0
-0.09028719894913524 0.1714308930994336 0
-0.03143175099217439 -1.110099158392467 0
1.960382451993392 -10.18023028795331 0
0.4523404776534401 0.3885599960085544 0
0.9008964267474001 -0.1542961965902937 0
0.9046058825182994 -0.1770530929944888 0
0.9374941949095941 -0.1598382266589613 0
0.9807527580176274 0.6134832836773044 0
-6.03773167856311 12.4850386165445 0
0.1932621847021703 0.2880316474952418 0
0.1730329870250274 0.254384508535851 0
0.6253722846121055 0.1611377256513483 0
0.3888412677905856 -0.2714814555966698 0
0.3491970815839527 -0.2866831792289649 0
0.5260667909775 -0.2930736754303852 0
-0.1404020045853749 -0.3274323358345654 0
0.07006146174565928 -0.1478606939405463 0
-0.7668608898353186 -0.6947031860245982 0
0.7406805649085044 0.3983920605166867 0
-13.94735753864415 -8.630107185435246 0
0.3421969609950747 0.184363332218773 0
-0.403899139276482 -0.08180113595193068 0
0.06488231863855147 0.1651967713648317 0
-0.16048506933432 0.9112268250227985 0
0.4310798894605246 0.2350090884934312 0
0.5057316715754492 0.1735974082307763 0
0.8104903924562015 0.2628311964983412 0
-0.3315081263987341 0.2938652094421397 0
10.80887422949603 -5.118477187153135 0
1.024058282647073 -0.3435074828153241 0
0.4980427828490771 0.1755736316451197 0
0.05551803879229611 -0.242469682377824 0
0.03560026599348434 0.1561342664198092 0
0.9806981275214934 -0.1006710834690296 0
9.171126413977648 -13.55104986282743 0
0.7570472082480244 0.1440496083089468 0
6.480497586845492 -0.4058629240205984 0
0.08991683046288379 -0.1770723373225909 0
19.31360530657999 -21.10451959466743 0
0.7553777558485786 -0.1547076563612036 0
-18.66421305472543 16.14012350758825 0
-1.270894118944661 -0.6664239576432979 0
-23.08141067394893 -5.870504393894063 0
0.6452402070421199 0.150093966617157 0
-23.47803288240575 -10.52631578939533 0
1.57716722246925 16.61282149559634 0
0.5974869501271445 0.2088480527553046 0
0.68012121367464 -1.069058198167801 0
1.034420834365287 0.3941574681557746 0
0.1380703391964302 0.1900874497116698 0
0.3410853439879392 -0.1628283534407657 0
0.9800590083187434 -0.1138272341016253 0
0.675035328572968 0.1552719554962504 0
1.038200617647642 -0.4268164084520095 0
0.7760903065623775 -0.217866814611534 0
0.04171159360403164 0.1584105475653057 0
23.44212446140108 -13.12126794610892 0
23.16453777953028 13.7612108520389 0
1.019017681238794 0.145029474353395 0
0.108347258196763 -0.9986301571408338 0
1.303375363281171 0.8211266427911299 0
1.707644983974927 -5.510245360526813 0
23.0735505063891 23.07355050638409 0
0.7812975361267473 0.1969090376060862 0
23.07355050638409 -23.0735505063891 0
0.4270828861170165 0.1792695161841849 0
-23.07355050638409 23.07355050638911 0
0.02060864942813142 0.3072509324658528 0
0.1097176159520039 -0.1448261308032476 0
0.7800432395899259 0.1406625776045468 0
-0.2714058680965941 1.055952221384817 0
0.8821910434946914 0.124114280436382 0
-11.29876545605972 2.344121898355911 0
0.4373318688603425 0.6604646428518344 0
1.105999004456608 -0.1716264005802834 0
-23.08694930380852 -23.08694930380341 0
-0.3958745901924891 0.9277427468944581 0
0.1297525889339844 -0.136665221061703 0
-1.905940731907957 -1.398719010831671 0
17.03160858994258 -9.797164608861516 0
0.08472728905552818 -0.1334341216778343 0
0.09981854919473589 0.1939199542045635 0
0.1623950852228147 -0.1409021484252354 0
17.12235786922881 -21.14228844214112 0
-4.30009694405571 -8.742081166630271 0
0.7325282314096452 -0.1644163886087984 0
0.2140789448180191 0.1971698286542358 0
0.7507773861462269 0.1975053845560479 0
2.110939189928151 4.732580107734053 0
-0.1479669812805408 0.3516088929766639 0
1.00051824820137 0.2202609986577367 0
-2.272659609888628 -2.90948325761704 0
-0.0156791862070465 0.2271731987598553 0
0.4168821710410116 -0.1509239969405428 0
-21.40767580626257 -14.40094115444736 0
-1.968864336553872 0.4576411663127712 0
0.7001175189772685 0.1518159314184447 0
-0.2907598919458285 0.1675269689820991 0
-7.730508819513234 6.54764435861113 0
0.9270396289357548 -0.1241969498856137 0
1.90545475111248 0.4011299067296145 0
0.1965555953004541 0.3045962538274056 0
0.70313429299157 -0.1363904793692231 0
0.6881695900772515 -0.1456227243764441 0
0.7506358546681209 -0.1682229306008407 0
0.5477672729227363 0.1700394527703332 0
0.9560187126843972 -0.1070115811580585 0
0.1558072048296504 0.1810274509509825 0
9.596562659928507 12.73693555161685 0
0.8688502718246327 0.1267036857501634 0
0.524926482757057 0.1655574564416383 0
0.8393447099679676 0.131089976627656 0
3.254393463745215 -4.49916312479397 0
0.1676623210235676 0.194712874543687 0
0.6862004116337659 -0.1368749566640632 0
0.02466654801804918 0.4959945949140885 0
-0.661088331255635 -2.814219485524233 0
-0.1500400451822861 -0.1942434793140326 0
0.1277530207291221 0.4913780683208978 0
-4.701771428378684 12.40067822831364 0
-0.3321292576803053 2.100420433755057 0
1.896252572341009 -0.735402361901072 0
0.4266164794671163 0.3156219561110549 0
-0.01082512885800004 -0.1512578117216933 0
-1.14770336316631 0.03422525434603441 0
0.206882866904307 -0.1443248714608 0
7.940318778824964 12.60952656160235 0
0.09145302751164586 0.1712965446291448 0
0.8367611736929365 -0.1244782396600527 0
0.4357640722117447 -0.1486541624922769 0
1.634987459251365 0.7525563129089609 0
11.74562904456092 -21.37048398686487 0
4.482787633197311 7.629363535500443 0
3.077101539524786 0.5634475189066331 0
0.4536154909162375 -0.1480916342942338 0
9.110471856435634 -21.50785354351833 0
-6.399165006955864 2.723925791559271 0
0.4926645010658377 0.2358699055206809 0
19.64061760345215 4.950422654111383 0
1.041281935937996 0.1894493328045168 0
14.24910633135505 -18.90187168703715 0
5.959038731885592 7.607447220415176 0
-0.03983945180811689 0.1211820603930584 0
0.5759774850117902 -0.3040040814721666 0
0.867773512803777 0.1342285088462769 0
19.45257484794811 -0.001381680408108502 0
-1.825464955638443 0.9654370940472758 0
0.4719594975452664 0.176691376263414 0
0.7545729479668153 0.2094420635107393 0
0.191162038813689 0.184816513637381 0
0.6615676467927819 -0.1378872500532818 0
1.202195200470399 0.05777913168479205 0
0.2364594045087274 0.2650461757656934 0
0.7865877851642171 -0.1268570506605336 0
0.778988277653528 -0.129052567771718 0
0.05610668751692705 -0.1300528105491643 0
0.05594304726829254 0.1638967092909434 0
0.826353138748676 -0.1249817403393442 0
0.850660341364327 0.1981355632163389 0
0.8734019957496726 -0.1183729911411568 0
0.9422241759363262 -0.1095593947490822 0
-0.05604632150712493 0.4834336710015193 0
0.1710082153551673 -0.1712032818705681 0
9.526298235983745 -1.933740868783374 0
0.2087022066156649 0.206164505016904 0
-0.1285268427253963 -17.15064115250943 0
0.4843055905251736 -0.1467524539463174 0
-8.218172372486055 -20.84639069585237 0
-4.174389187321717 13.61498614267216 0
-1.910038595867861 1.562209350533795 0
2.524815479293685 19.57598469314824 0
1.010356415278739 0.5414012483742822 0
0.7326049911208561 2.083444087993657 0
0.5395987865704788 0.3025431609572103 0
0.1354507583614421 0.1987462875565823 0
0.8525392852232019 -0.1209394258537616 0
1.073053329086418 1.08118272869872 0
-1.094849561476148 -2.436599104933757 0
0.9514069093104744 0.1712393463737065 0
0.8841330449868867 0.2551281214709579 0
-0.6933192493683928 0.9893708907904548 0
-0.1683259280022329 0.03352123498800679 0
3.177883202091217 8.290184770432674 0
0.8062876029821412 0.1878231378263751 0
5.616542706202818 -2.13866824747764 0
5.601064166058879 -6.246206004664476 0
5.798730539727316 11.26021034253338 0
8.640809210430396 -8.313132416217178 0
5.956788192570651 -0.3345720798315706 0
-20.66743830266246 16.33820602992795 0
-21.00900494756638 -20.54304775426835 0
0.1486108883114437 0.1794376631095127 0
0.9946591663405263 0.2543519196640605 0
1.25422448780108 -0.0513929615077315 0
-14.96573151793495 -10.18048896202605 0
0.246448098752138 0.1947266015463592 0
-1.424001699286653 1.100591280115768 0
0.2615739551540076 0.1957348801493259 0
1.200802249706967 0.3763627921020747 0
4.166153157896091 -3.19106062271931 0
-9.680161244466952 14.62733461913723 0
0.2797153456127454 0.1947840665021453 0
0.8025255072096871 -0.1286871207582755 0
1.123547772064382 0.1883255964546219 0
0.3501707107909434 -0.1778150640446426 0
-0.8364071664161692 -1.081086591901565 0
0.2551225414422683 0.2015360201774832 0
0.5709966913684352 -0.1438958784110932 0
0.6455671258654905 0.3501104461137182 0
0.04904301193957636 0.5468093257726006 0
4.826456543359382 1.71375658145065 0
0.3400915354185151 0.6608015250139992 0
-0.01235455199198429 0.1578755889616932 0
-0.1278715441406454 0.08014236634455386 0
0.7075355814267859 0.1497988686024462 0
5.000091921300603 12.3095761242679 0
1.80797667420291 0.270864779446075 0
-23.66719697025137 10.5263157895377 0
-10.76745166114249 4.131458834471326 0
-0.01233996762973628 -0.2258560563611823 0
-0.4250984975561448 -1.261817044931175 0
-18.14795579937194 4.680139822739511 0
0.5353105824067717 0.3587960076643549 0
1.028705296321875 -0.1316418850179367 0
0.2024048014954274 -0.1580505026556575 0
0.7463443110773178 0.1567689915817994 0
0.9600376853105321 -0.1960897513595812 0
0.1564106676328667 0.2877454104041256 0
5.146439869916298 2.57811101637949 0
1.462881357512299 -2.092534481719867 0
-0.214694607263094 0.2629860281587698 0
1.434968385352931 1.956639843940509 0
0.5946163229895041 0.155363533311831 0
6.987464754601668 0.05096088209941863 0
0.3311440131348363 0.3572016987312798 0
-21.46558088254434 14.4885007112052 0
-6.174559764816228 -8.79378146449857 0
0.1029331746146454 -0.2965846744799812 0
0.9966138338056438 0.1004558995791135 0
0.1314081759607071 0.1774313401032136 0
0.485342961152048 -0.2917744021806271 0
5.18003618471515 8.97725777533042 0
0.7065494909921696 0.2074105882141606 0
0.6193037788260123 0.383111767896072 0
-21.16735331159849 7.27978086558988 0
0.2301571042619091 0.2804706749885884 0
15.33080187092179 -0.2279338247453714 0
0.5196416932213948 0.1710550164453637 0
0.2449712786006486 -0.1459090111153147 0
4.90468267433128 -3.150745963623605 0
-5.163760318637356 20.2121013147127 0
1.062595787514165 -0.1006243453221178 0
13.95979285777289 1.940030748512163 0
0.710372337499751 -0.1338542735476507 0
0.3644693036213377 0.1905928506877043 0
-0.2805443965776409 0.2445158548165658 0
0.5130061465048326 0.3901529136369429 0
0.152432558581066 -0.1374865246234835 0
0.6120734977068186 0.2168285867405836 0
2.950399798929647 -0.9433012867917223 0
0.5927034031152126 0.3573075681174038 0
0.8761663399661597 0.1254412860266277 0
0.2138163396551122 -0.32450637828028 0
0.5241161502180575 -0.1364211763784325 0
9.851828066965718 -14.9016973113691 0
0.6602029957223398 0.2144103483967108 0
-0.6385728663131006 -0.5623952975898713 0
-2.235159149113016 -1.636948051712189 0
0.2525153299772497 -0.1621891713089861 0
0.3852819276724236 -0.173809224285843 0
6.707407785095735 -21.78053771792241 0
0.3454038278886128 -2.284922115913653 0
-14.86867911315122 0.5004636335290642 0
-2.601024441932356 5.8471691964941 0
0.5368906686652741 0.1627251410387335 0
-3.27568236307743 1.573450264743979 0
-1.226696902417735 10.02471451115851 0
6.97649219887991 -7.524829741858319 0
0.4961409813046788 0.1862750088789246 0
0.1581609712504689 0.2527439728353389 0
0.2869104594740708 0.20125838252636 0
0.7718796020478393 0.1897044256530888 0
0.4787309973162133 0.2359899829395318 0
0.2227331100070751 0.5037747185266441 0
4.739371803402202 5.183199175912425 0
0.6020695755110328 -0.1561924298319549 0
0.4943770197374945 -0.1465763872870524 0
9.826643609692139 6.561111817184362 0
0.05444535660409564 -0.1745073536019483 0
0.5361630568949305 -0.1444878749405084 0
1.006080854674474 -0.09700293038210051 0
1.011388413039009 -0.09623248004036314 0
1.775808328104654 -0.2956463705771552 0
0.3713990695281288 -0.1862810889711836 0
0.3479728626636432 0.2495988523078363 0
1.119038923131332 0.01263290891418608 0
0.1711228608536017 0.525711344278424 0
0.9898293245610941 -0.1499244066987212 0
0.9534443089355671 -0.1537751844487735 0
-10.16926850027818 5.926122367405593 0
1.223030932103011 0.1378109740695977 0
-0.1043192632646851 0.09337352055303566 0
-2.599685409565708 -1.362696270283055 0
-0.2012552640654838 -0.3084736333312614 0
0.4011453551323154 -0.1979636987879791 0
1.824158075456733 5.253822737585276 0
-0.3202999540412297 -0.2368920850968124 0
-1.456151341148205 -0.403330561728365 0
-1.714030453418283 -0.373152234956641 0
0.8812998767395275 -0.1944079638663991 0
22.86099117435492 6.267170913836815 0
0.5094505445373402 -0.1563873134724475 0
0.4913869242890401 -0.1854812867188719 0
2.207014155431349 3.331192770365934 0
0.06755439945361849 -0.137479039823063 0
0.002322350603420407 0.178960014071521 0
0.3187165314195197 0.1996267205133951 0
0.8090694604926194 -0.1339875335346531 0
0.975712108657409 -0.1379439896255798 0
$EndNodes
$Elements
8 10406 1 10406
1 1 1 149
1 1 7 
2 7 8 
3 8 9 
4 9 10 
5 10 11 
6 11 12 
7 12 13 
8 13 14 
9 14 15 
10 15 16 
11 16 17 
12 17 18 
13 18 19 
14 19 20 
15 20 21 
16 21 22 
17 22 23 
18 23 24 
19 24 25 
20 25 26 
21 26 27 
22 27 28 
23 28 29 
24 29 30 
25 30 31 
26 31 32 
27 32 33 
28 33 34 
29 34 35 
30 35 36 
31 36 37 
32 37 38 
33 38 39 
34 39 40 
35 40 41 
36 41 42 
37 42 43 
38 43 44 
39 44 45 
40 45 46 
41 46 47 
42 47 48 
43 48 49 
44 49 50 
45 50 51 
46 51 52 
47 52 53 
48 53 54 
49 54 55 
50 55 56 
51 56 57 
52 57 58 
53 58 59 
54 59 60 
55 60 61 
56 61 62 
57 62 63 
58 63 64 
59 64 65 
60 65 66 
61 66 67 
62 67 68 
63 68 69 
64 69 70 
65 70 71 
66 71 72 
67 72 73 
68 73 74 
69 74 75 
70 75 76 
71 76 77 
72 77 78 
73 78 79 
74 79 80 
75 80 81 
76 81 82 
77 82 83 
78 83 84 
79 84 85 
80 85 86 
81 86 87 
82 87 88 
83 88 89 
84 89 90 
85 90 91 
86 91 92 
87 92 93 
88 93 94 
89 94 95 
90 95 96 
91 96 97 
92 97 98 
93 98 99 
94 99 100 
95 100 101 
96 101 102 
97 102 103 
98 103 104 
99 104 105 
100 105 106 
101 106 107 
102 107 108 
103 108 109 
104 109 110 
105 110 111 
106 111 112 
107 112 113 
108 113 114 
109 114 115 
110 115 116 
111 116 117 
112 117 118 
113 118 119 
114 119 120 
115 120 121 
116 121 122 
117 122 123 
118 123 124 
119 124 125 
120 125 126 
121 126 127 
122 127 128 
123 128 129 
124 129 130 
125 130 131 
126 131 132 
127 132 133 
128 133 134 
129 134 135 
130 135 136 
131 136 137 
132 137 138 
133 138 139 
134 139 140 
135 140 141 
136 141 142 
137 142 143 
138 143 144 
139 144 145 
140 145 146 
141 146 147 
142 147 148 
143 148 149 
144 149 150 
145 150 151 
146 151 152 
147 152 153 
148 153 154 
149 154 2 
1 2 1 149
150 2 155 
151 155 156 
152 156 157 
153 157 158 
154 158 159 
155 159 160 
156 160 161 
157 161 162 
158 162 163 
159 163 164 
160 164 165 
161 165 166 
162 166 167 
163 167 168 
164 168 169 
165 169 170 
166 170 171 
167 171 172 
168 172 173 
169 173 174 
170 174 175 
171 175 176 
172 176 177 
173 177 178 
174 178 179 
175 179 180 
176 180 181 
177 181 182 
178 182 183 
179 183 184 
180 184 185 
181 185 186 
182 186 187 
183 187 188 
184 188 189 
185 189 190 
186 190 191 
187 191 192 
188 192 193 
189 193 194 
190 194 195 
191 195 196 
192 196 197 
193 197 198 
194 198 199 
195 199 200 
196 200 201 
197 201 202 
198 202 203 
199 203 204 
200 204 205 
201 205 206 
202 206 207 
203 207 208 
204 208 209 
205 209 210 
206 210 211 
207 211 212 
208 212 213 
209 213 214 
210 214 215 
211 215 216 
212 216 217 
213 217 218 
214 218 219 
215 219 220 
216 220 221 
217 221 222 
218 222 223 
219 223 224 
220 224 225 
221 225 226 
222 226 227 
223 227 228 
224 228 229 
225 229 230 
226 230 231 
227 231 232 
228 232 233 
229 233 234 
230 234 235 
231 235 236 
232 236 237 
233 237 238 
234 238 239 
235 239 240 
236 240 241 
237 241 242 
238 242 243 
239 243 244 
240 244 245 
241 245 246 
242 246 247 
243 247 248 
244 248 249 
245 249 250 
246 250 251 
247 251 252 
248 252 253 
249 253 254 
250 254 255 
251 255 256 
252 256 257 
253 257 258 
254 258 259 
255 259 260 
256 260 261 
257 261 262 
258 262 263 
259 263 264 
260 264 265 
261 265 266 
262 266 267 
263 267 268 
264 268 269 
265 269 270 
266 270 271 
267 271 272 
268 272 273 
269 273 274 
270 274 275 
271 275 276 
272 276 277 
273 277 278 
274 278 279 
275 279 280 
276 280 281 
277 281 282 
278 282 283 
279 283 284 
280 284 285 
281 285 286 
282 286 287 
283 287 288 
284 288 289 
285 289 290 
286 290 291 
287 291 292 
288 292 293 
289 293 294 
290 294 295 
291 295 296 
292 296 297 
293 297 298 
294 298 299 
295 299 300 
296 300 301 
297 301 302 
298 302 1 
1 3 1 19
299 3 303 
300 303 304 
301 304 305 
302 305 306 
303 306 307 
304 307 308 
305 308 309 
306 309 310 
307 310 311 
308 311 312 
309 312 313 
310 313 314 
311 314 315 
312 315 316 
313 316 317 
314 317 318 
315 318 319 
316 319 320 
317 320 4 
1 4 1 19
318 4 321 
319 321 322 
320 322 323 
321 323 324 
322 324 325 
323 325 326 
324 326 327 
325 327 328 
326 328 329 
327 329 330 
328 330 331 
329 331 332 
330 332 333 
331 333 334 
332 334 335 
333 335 336 
334 336 337 
335 337 338 
336 338 5 
1 5 1 19
337 5 339 
338 339 340 
339 340 341 
340 341 342 
341 342 343 
342 343 344 
343 344 345 
344 345 346 
345 346 347 
346 347 348 
347 348 349 
348 349 350 
349 350 351 
350 351 352 
351 352 353 
352 353 354 
353 354 355 
354 355 356 
355 356 6 
1 6 1 19
356 6 357 
357 357 358 
358 358 359 
359 359 360 
360 360 361 
361 361 362 
362 362 363 
363 363 364 
364 364 365 
365 365 366 
366 366 367 
367 367 368 
368 368 369 
369 369 370 
370 370 371 
371 371 372 
372 372 373 
373 373 374 
374 374 3 
2 1 2 6554
375 1 1387 1398 
376 1 1398 1409 
377 1 1409 1420 
378 1 1420 1431 
379 1 1431 1442 
380 1 1442 1453 
381 1 1453 1464 
382 1 1464 1475 
383 1 1475 1486 
384 1 1486 1497 
385 1 1497 1508 
386 1 1508 1519 
387 1 1519 1530 
388 1 1530 1541 
389 1 1541 1552 
390 1 1552 1563 
391 1 1563 1574 
392 1 1574 1585 
393 1 1585 1596 
394 1 1596 1607 
395 4516 6130 5481 
396 4193 6336 4403 
397 4762 4764 4761 
398 5138 6333 6160 
399 5261 6666 5647 
400 6046 6779 5870 
401 5203 5855 4850 
402 4904 6795 4903 
403 5503 6756 4218 
404 4604 6591 6338 
405 4640 6231 5798 
406 4553 6706 6224 
407 4917 5415 5345 
408 5113 5463 4293 
409 5481 6130 5578 
410 5390 6479 5656 
411 5147 6553 5799 
412 5652 6350 4878 
413 5869 6046 5870 
414 4591 6101 4583 
415 5822 6263 4249 
416 5767 6895 5556 
417 4598 4611 4609 
418 5029 6220 6218 
419 5303 5947 4499 
420 5106 5688 5369 
421 5195 6836 5199 
422 6118 6332 6150 
423 4156 6375 5624 
424 4598 4609 4597 
425 5405 6232 5404 
426 4231 6785 5267 
427 5956 6052 4511 
428 4260 6625 5257 
429 5894 5942 4817 
430 5046 5430 5030 
431 4554 6749 6232 
432 4412 5954 5508 
433 5035 5200 5033 
434 4875 5441 5440 
435 4548 5540 4757 
436 4360 5873 5657 
437 5552 6098 4491 
438 4878 6285 5652 
439 5311 6208 4228 
440 6352 6881 4555 
441 4440 6651 5493 
442 4760 4762 4761 
443 6062 6107 5501 
444 5782 6088 5785 
445 6030 6897 4819 
446 5206 5748 5539 
447 4575 6241 6085 
448 4399 6451 6022 
449 6152 6174 4037 
450 4226 6191 5613 
451 5774 6531 5776 
452 5745 5886 3954 
453 4618 6580 5564 
454 5484 6614 4186 
455 5880 5881 4686 
456 4562 5326 4565 
457 4643 6031 4534 
458 5450 5451 4390 
459 4912 6448 5353 
460 4621 5318 5316 
461 5126 6827 6071 
462 5023 5141 5021 
463 4014 6250 6042 
464 5570 5814 4805 
465 1617 6915 1936 
466 5278 6692 5145 
467 5451 6270 4793 
468 4385 6650 5517 
469 5560 6735 4410 
470 6499 6581 5564 
471 5106 5369 4824 
472 5296 5686 5515 
473 5087 5417 5416 
474 6160 6333 4449 
475 5846 6068 6046 
476 4799 4904 4903 
477 5324 5765 4088 
478 4941 5426 5425 
479 6170 6598 6504 
480 6059 6174 6152 
481 4195 6336 4193 
482 4562 6067 5326 
483 5046 6912 5869 
484 4646 6760 5799 
485 5998 6310 4636 
486 6040 6469 5738 
487 4583 6101 4603 
488 4760 4761 4611 
489 4820 5118 4991 
490 4914 4993 4776 
491 4094 5458 4080 
492 5985 6594 5315 
493 4054 5993 5575 
494 5846 6046 5869 
495 5200 5869 5033 
496 4414 5960 5497 
497 4838 5936 5353 
498 5345 5912 4917 
499 4682 6817 4791 
500 5203 6012 5775 
501 4703 4830 4702 
502 4591 6462 5268 
503 5023 5145 5141 
504 5848 6327 5847 
505 4130 6627 5422 
506 5561 5985 5051 
507 5353 5936 4912 
508 4437 5800 4434 
509 4541 5811 4539 
510 5212 5998 5852 
511 5847 6327 4017 
512 5419 5420 4148 
513 5638 6635 5240 
514 5449 6484 6447 
515 6195 6519 6407 
516 4914 5291 4993 
517 4593 4598 4597 
518 5435 5437 5052 
519 3883 5453 5452 
520 5040 5813 5803 
521 5095 5684 5683 
522 6504 6519 4569 
523 6499 6637 6581 
524 5128 6280 5667 
525 5391 6175 4898 
526 4682 6260 5321 
527 5955 6542 3936 
528 4308 6387 1122 
529 4389 5531 5530 
530 5647 6666 367 
531 5331 5334 4801 
532 4283 5450 4390 
533 4184 5484 4186 
534 5355 6754 6594 
535 4793 6136 5451 
536 3975 5670 4063 
537 4462 6517 4379 
538 4776 5213 4762 
539 4231 5267 4315 
540 6386 6388 5821 
541 5782 6089 6088 
542 5577 5974 4055 
543 4701 4702 4699 
544 4836 5690 4979 
545 6024 6425 5455 
546 4978 5659 4977 
547 5613 6468 4226 
548 5472 5962 4416 
549 3880 5702 5701 
550 5474 5879 4484 
551 5476 6788 4728 
552 4505 5439 4391 
553 5279 6357 4154 
554 4084 6122 5696 
555 5729 6375 6242 
556 5294 6941 5296 
557 5887 6534 5904 
558 4701 4703 4702 
559 5399 5621 5103 
560 4609 5662 4612 
561 5103 6440 5399 
562 5030 6661 5024 
563 4228 6744 5311 
564 4154 6291 5279 
565 4349 6491 5579 
566 4752 5661 5498 
567 4225 5486 4188 
568 4379 6517 5411 
569 5434 5971 4420 
570 5403 5762 5264 
571 5606 6056 5622 
572 5754 5805 4775 
573 4703 5330 4830 
574 4293 6748 5479 
575 5461 6638 4605 
576 3898 5773 5771 
577 5965 6790 5966 
578 5536 5652 3989 
579 4627 5331 4801 
580 5777 6247 4586 
581 4587 6039 5929 
582 4130 5422 4127 
583 5775 6531 5774 
584 5212 6310 5998 
585 5027 6464 6106 
586 4513 6306 6215 
587 4889 5002 4877 
588 4747 5528 5458 
589 6022 6451 5286 
590 4498 5548 5409 
591 4168 6793 5619 
592 5457 6190 6095 
593 5762 6705 5329 
594 6002 6005 5189 
595 4534 6031 4536 
596 6081 6500 5101 
597 5965 6520 6149 
598 4836 6503 5690 
599 4568 5259 4572 
600 5145 5719 5141 
601 5255 5845 5200 
602 5811 6348 4539 
603 5746 5806 4229 
604 4856 5425 4855 
605 5243 5551 5244 
606 4559 6396 4551 
607 308 6456 3876 
608 5386 5735 4150 
609 5474 6265 5879 
610 5490 5491 4047 
611 4499 5947 4501 
612 3888 5851 5773 
613 5002 5376 4877 
614 4457 6205 5733 
615 5736 6287 4509 
616 4575 6085 5668 
617 5347 5348 5292 
618 6594 6754 5315 
619 4218 6806 5503 
620 6419 6467 6212 
621 5006 5467 5414 
622 5004 5383 5002 
623 4697 4701 4699 
624 4852 5203 4850 
625 4941 5425 4856 
626 5560 6618 5416 
627 5676 5996 5256 
628 5534 5854 3874 
629 5095 5683 5096 
630 6301 6367 5254 
631 4731 5476 4728 
632 4954 6075 4905 
633 5672 5673 4952 
634 5957 6014 5084 
635 6386 6389 6388 
636 5732 5767 5556 
637 4491 6491 4349 
638 4614 6886 4565 
639 5547 6377 4002 
640 3876 6456 5753 
641 4083 5446 4093 
642 5291 5344 4993 
643 350 5432 3875 
644 6252 6377 5547 
645 4517 6323 6322 
646 4014 6042 6041 
647 4875 5440 4848 
648 5866 6785 4231 
649 5402 6509 4594 
650 5271 6537 4690 
651 5431 6262 5278 
652 5688 5975 4082 
653 4582 6603 5325 
654 6232 6749 5404 
655 6085 6360 5292 
656 4807 5403 5264 
657 4616 6575 6201 
658 5457 6598 6190 
659 5321 6817 4682 
660 4688 5271 4690 
661 4299 5985 5561 
662 4511 6052 5648 
663 4410 5940 5560 
664 5644 6860 5642 
665 5028 6107 6062 
666 5381 6399 5532 
667 4624 6629 4657 
668 4624 4657 4625 
669 4988 6623 5418 
670 4368 5646 4370 
671 4088 5764 5324 
672 4261 6383 6104 
673 5722 6635 5951 
674 5525 5722 4352 
675 4826 5274 4825 
676 5657 6401 4360 
677 5087 5416 5088 
678 5463 6748 4293 
679 5425 5964 4855 
680 4202 5742 4125 
681 4609 4612 4610 
682 5521 6005 6002 
683 4540 5623 4542 
684 5643 5889 5518 
685 3931 5621 5399 
686 4112 6344 5459 
687 5395 6871 5990 
688 5238 5638 5240 
689 4612 4624 4613 
690 4848 5440 4847 
691 5650 6378 5947 
692 5965 5966 5204 
693 4646 5799 4951 
694 5006 5414 5004 
695 4257 4295 4260 
696 5404 6225 5405 
697 4565 4567 4566 
698 5526 6207 4515 
699 4552 4561 4560 
700 3874 5854 344 
701 5543 6528 4062 
702 364 6425 6024 
703 6483 6730 5793 
704 5871 6203 5063 
705 4858 4941 4856 
706 5002 6506 5376 
707 4805 5814 4953 
708 5800 6457 4434 
709 4352 5692 5525 
710 5245 6722 6238 
711 3921 5672 4952 
712 4454 5958 5680 
713 5990 6649 5395 
714 5733 6205 5737 
715 4177 6469 6040 
716 6003 6380 4405 
717 5295 6361 5686 
718 4752 6424 5661 
719 5601 5809 5600 
720 5486 6725 4188 
721 5441 5443 5440 
722 5760 5938 4199 
723 4862 4876 4860 
724 6079 6418 5607 
725 4820 4991 4821 
726 4565 6886 4567 
727 5113 6368 5463 
728 3878 5466 5465 
729 4551 6396 4556 
730 6467 6749 5013 
731 5426 5428 5425 
732 5667 6280 5957 
733 5141 5143 5021 
734 4819 6351 6030 
735 4955 5814 5570 
736 5671 6518 5165 
737 4903 6631 5409 
738 3980 6366 5670 
739 5479 5480 4293 
740 5209 6294 6177 
741 5322 6817 5833 
742 6177 6294 4452 
743 4993 5214 5213 
744 3906 5483 3904 
745 5799 6553 5714 
746 5458 6320 4747 
747 5133 5749 5594 
748 5459 6615 4112 
749 5516 5662 4822 
750 5063 6820 5871 
751 5292 6360 5291 
752 4263 4303 4266 
753 5921 6379 4405 
754 5694 6067 5693 
755 5268 6101 4591 
756 4584 5325 4593 
757 4660 4661 4051 
758 4060 6248 6066 
759 4963 5872 5411 
760 4763 4776 4762 
761 5508 6028 4412 
762 4612 6933 4624 
763 726 4619 4052 
764 5525 5691 5243 
765 5517 6650 5646 
766 5165 6518 5472 
767 5852 5998 4461 
768 5426 6180 5428 
769 5674 6030 4536 
770 5440 5529 4847 
771 4491 6670 5552 
772 3880 5701 327 
773 4181 5633 4183 
774 5992 6037 5253 
775 4947 5351 4946 
776 4777 4914 4776 
777 5316 6227 4621 
778 4788 5765 4790 
779 6638 6767 4605 
780 4567 5259 4568 
781 4611 5664 4609 
782 4889 5004 5002 
783 5141 5545 5143 
784 4628 6933 4612 
785 4126 5419 4148 
786 5517 6363 4385 
787 5617 5707 5618 
788 4826 6600 5274 
789 4914 5347 5292 
790 4825 5272 5271 
791 5798 6304 4640 
792 4978 5751 5659 
793 5296 5515 5298 
794 4049 5490 4047 
795 5409 6184 4498 
796 5528 6307 6022 
797 4830 5195 4831 
798 4526 4688 4527 
799 4980 5469 4664 
800 4707 4946 4705 
801 5206 5539 4886 
802 5670 6544 4063 
803 4689 4825 4688 
804 4882 4883 4880 
805 5929 6087 4587 
806 5501 6601 6062 
807 4725 5435 5052 
808 5118 6597 4991 
809 4260 5257 4263 
810 4593 4597 4594 
811 4621 5544 5318 
812 4567 6581 5259 
813 5532 6215 5381 
814 3888 6080 5851 
815 4309 6483 6481 
816 4682 4791 4685 
817 4886 5539 4885 
818 6044 6246 4292 
819 5011 5366 5009 
820 5657 5873 5535 
821 4609 5664 5662 
822 4707 4947 4946 
823 5668 6591 4575 
824 4980 5470 5469 
825 4235 5957 5084 
826 5551 5552 5244 
827 4850 4875 4848 
828 6066 6708 4060 
829 4991 5294 4992 
830 4671 6860 5644 
831 5259 6258 4572 
832 4456 5996 5676 
833 4080 5458 4077 
834 4715 5403 4713 
835 4719 6798 5327 
836 3936 6542 5569 
837 4621 5764 4026 
838 5491 6694 4047 
839 4005 6873 5429 
840 5798 6231 5573 
841 5388 6431 6297 
842 3887 6033 5608 
843 5243 5691 5551 
844 4759 4760 4611 
845 5447 6697 5446 
846 4854 4855 4852 
847 4621 6227 5764 
848 3991 5675 4144 
849 5926 6369 5407 
850 4320 6700 5346 
851 5160 5473 5159 
852 385 5151 1892 
853 6338 6591 6415 
854 4913 6448 4912 
855 4985 6063 5648 
856 6105 6736 5382 
857 5640 5642 5641 
858 5046 6640 5430 
859 4572 6583 5461 
860 6273 6592 4748 
861 5446 5752 4093 
862 6381 6895 5767 
863 5438 5811 4544 
864 4635 5633 4181 
865 4295 6625 4260 
866 5298 5511 5510 
867 5990 6871 4425 
868 5805 6536 4775 
869 4299 5561 4290 
870 5473 5696 5159 
871 5676 6897 6030 
872 5035 5255 5200 
873 4695 5392 4697 
874 4407 6430 5724 
875 4876 6917 4860 
876 6199 6780 5406 
877 4413 5888 5433 
878 4905 6075 4908 
879 5384 6578 6228 
880 5635 6072 4302 
881 3879 5573 5572 
882 5375 6592 5374 
883 4519 5393 4695 
884 4582 5325 4584 
885 4092 6017 4090 
886 5311 6375 5729 
887 4988 5418 5087 
888 5648 6063 4511 
889 5993 6159 5575 
890 4965 5371 4966 
891 4817 5941 5894 
892 5416 6618 5211 
893 5782 6118 6089 
894 4037 6164 6152 
895 4088 5765 5492 
896 4562 4565 4564 
897 4762 5810 4764 
898 3879 5574 5573 
899 4941 6928 6018 
900 5262 6595 4708 
901 4875 5442 5441 
902 5960 6572 5497 
903 4515 6207 4396 
904 3978 5567 4228 
905 4993 6727 5214 
906 4334 5464 4477 
907 5427 5559 5426 
908 5840 6065 5881 
909 6177 6384 5209 
910 4546 5438 4544 
911 5864 6756 5503 
912 5775 6935 6531 
913 5112 5152 4826 
914 3970 6037 5992 
915 5305 5568 5225 
916 5508 5954 5272 
917 4249 6345 5822 
918 5622 6056 3880 
919 4463 4526 4462 
920 5564 6580 5563 
921 5298 5515 5511 
922 4991 5445 5294 
923 5329 6097 5762 
924 5536 6135 5652 
925 4898 6176 5391 
926 4420 6264 5434 
927 5431 6704 6262 
928 5230 5577 5232 
929 4242 5113 4244 
930 5930 6540 5905 
931 4785 5697 4465 
932 5570 5620 4955 
933 5530 5531 5350 
934 5763 6780 6199 
935 5442 5542 5441 
936 4555 6881 6234 
937 4756 5623 5475 
938 4668 6449 5968 
939 4972 5744 5489 
940 5608 6680 3887 
941 5577 6676 5232 
942 6234 6701 6233 
943 4062 6528 4036 
944 4855 6936 4852 
945 5409 5548 4903 
946 4752 5498 3947 
947 4229 5747 5746 
948 5755 6349 4392 
949 5602 6349 5755 
950 5917 6091 5918 
951 4469 6336 4198 
952 5881 5883 5840 
953 4792 5835 4795 
954 6004 6380 6003 
955 4765 6728 4820 
956 6102 6406 5119 
957 5468 5888 4113 
958 5720 6126 4558 
959 357 5818 358 
960 4483 6354 5677 
961 4094 6320 5458 
962 4440 4634 4443 
963 5213 5810 4762 
964 5397 6435 4208 
965 5299 6833 4771 
966 4440 5493 4634 
967 4435 6651 4440 
968 5746 6766 5806 
969 5742 6017 4125 
970 4678 6260 4682 
971 4616 6677 5500 
972 4389 5646 4368 
973 4568 4572 4571 
974 5624 6375 5309 
975 4715 6705 5403 
976 4962 6728 6709 
977 6319 6585 4058 
978 5650 5947 5303 
979 6285 6712 5652 
980 5830 6497 5740 
981 4208 6604 5397 
982 5469 5470 3913 
983 4159 5521 4752 
984 4270 4305 4272 
985 5151 6324 5663 
986 4430 5258 4432 
987 5093 5362 5095 
988 4941 5427 5426 
989 4573 4605 4582 
990 5314 6754 6084 
991 4113 5905 5468 
992 4329 6801 5533 
993 4198 6336 4195 
994 4830 6836 5195 
995 4572 5461 4573 
996 4473 4785 4465 
997 1397 4051 1408 
998 5972 6301 5254 
999 2112 6039 2563 
1000 5415 6335 5393 
1001 4862 4877 4876 
1002 4173 5942 5894 
1003 4281 5721 5450 
1004 5388 5736 5386 
1005 5761 5938 5760 
1006 6306 6453 6215 
1007 6022 6307 4399 
1008 5327 5328 4901 
1009 4253 5266 4257 
1010 5696 6122 5159 
1011 6272 6533 4742 
1012 6527 6533 6272 
1013 5756 5757 5246 
1014 5501 6107 5255 
1015 4668 6500 6081 
1016 5968 6500 4668 
1017 4846 4847 4779 
1018 5780 6118 5782 
1019 3906 5967 5483 
1020 5348 5668 5292 
1021 5670 6366 5140 
1022 5577 6132 5974 
1023 4947 5406 5351 
1024 3891 6365 5927 
1025 5446 6697 5752 
1026 4979 5936 4838 
1027 5338 5339 4909 
1028 4704 4705 4703 
1029 4690 4965 4964 
1030 5356 6587 4759 
1031 5574 6185 5705 
1032 5705 6762 5574 
1033 4212 5373 4242 
1034 4383 6816 5342 
1035 5688 5976 5975 
1036 5256 6897 5676 
1037 4713 4807 4711 
1038 6447 6484 4785 
1039 4713 5403 4807 
1040 4719 5327 4717 
1041 5875 6528 5000 
1042 5411 6517 4963 
1043 4526 4527 4462 
1044 5009 6892 5006 
1045 4897 5826 5076 
1046 4789 5556 5260 
1047 4688 4690 4527 
1048 5658 6401 5657 
1049 4279 5721 4281 
1050 6303 6453 4479 
1051 4807 5264 5263 
1052 5305 6720 5568 
1053 5330 6836 4830 
1054 4745 6093 4487 
1055 4620 6862 4052 
1056 5432 5849 3875 
1057 4756 5475 4768 
1058 5518 5889 4920 
1059 5607 6703 6079 
1060 4168 5619 4172 
1061 4540 6417 5623 
1062 6383 6877 6104 
1063 4552 6639 4561 
1064 4749 5926 5407 
1065 5500 6575 4616 
1066 4062 5901 5543 
1067 4994 5744 4972 
1068 5272 5273 5271 
1069 5030 6912 5046 
1070 5568 6720 6132 
1071 3883 6024 5453 
1072 4315 5267 4430 
1073 4825 5271 4688 
1074 5444 5730 3877 
1075 4852 6936 5203 
1076 3898 6410 5773 
1077 5555 5922 5071 
1078 5640 5641 5639 
1079 5687 6894 5614 
1080 5495 5841 3900 
1081 5123 5826 4897 
1082 5151 5663 1892 
1083 3883 5647 366 
1084 4700 6624 4835 
1085 5594 5927 5133 
1086 5540 6448 4913 
1087 4456 5676 5673 
1088 4877 6828 4876 
1089 5777 6799 6247 
1090 5376 6828 4877 
1091 4232 6568 5912 
1092 5335 6921 5331 
1093 4807 5263 5262 
1094 5274 5508 5272 
1095 5403 6705 5762 
1096 4790 5765 5324 
1097 5070 6875 6497 
1098 4047 6694 4042 
1099 5802 6461 5801 
1100 6096 6506 6095 
1101 3880 6056 5702 
1102 5579 6255 4485 
1103 6019 6557 6157 
1104 5640 5644 5642 
1105 3951 5567 3978 
1106 5439 6005 4391 
1107 4697 4699 4698 
1108 4860 6917 5149 
1109 5112 5153 5152 
1110 5600 5809 5610 
1111 4367 6772 5368 
1112 4627 4801 4650 
1113 4374 6364 4376 
1114 4248 5127 4251 
1115 4573 5461 4605 
1116 4097 5544 4030 
1117 5204 6936 5964 
1118 4965 4966 4964 
1119 4673 6698 4812 
1120 5433 6542 4413 
1121 4689 4826 4825 
1122 5826 6794 5495 
1123 4772 5800 4437 
1124 5333 5813 5077 
1125 5155 5920 5153 
1126 5374 6592 5477 
1127 5521 6002 4752 
1128 5494 6126 5720 
1129 5518 5902 4215 
1130 4584 4593 4592 
1131 5141 6234 5545 
1132 5578 6130 4206 
1133 5371 5372 4966 
1134 5277 5278 5145 
1135 4825 5274 5272 
1136 4628 5516 5509 
1137 6158 6722 5245 
1138 4251 5266 4253 
1139 4481 6470 6154 
1140 4723 5343 4721 
1141 5539 5748 4757 
1142 6220 6464 6218 
1143 5795 6582 5791 
1144 4951 5799 5714 
1145 5372 6768 4966 
1146 6139 6354 4483 
1147 4553 6225 5637 
1148 6135 6350 5652 
1149 5051 5754 5561 
1150 326 5622 3880 
1151 4550 6927 4552 
1152 6142 6143 5150 
1153 4711 5262 4708 
1154 4456 5673 5672 
1155 5832 5833 5831 
1156 5878 6053 4806 
1157 5199 5887 5195 
1158 5322 5833 5832 
1159 5235 5535 5238 
1160 5342 6523 4383 
1161 5053 6178 6050 
1162 6465 6657 6466 
1163 6164 6165 6152 
1164 5736 6492 6287 
1165 4559 6405 6396 
1166 4757 6930 4548 
1167 4717 4901 4715 
1168 5950 6335 5415 
1169 4152 5381 5379 
1170 5337 5952 5671 
1171 4242 6719 5113 
1172 6398 6915 1617 
1173 5820 6053 5878 
1174 4664 5469 3911 
1175 4526 4689 4688 
1176 5738 6626 6040 
1177 3882 5495 3899 
1178 4257 6844 4295 
1179 3882 5826 5495 
1180 5833 6461 5802 
1181 5257 5890 4303 
1182 4013 6105 5382 
1183 4747 6307 5528 
1184 5941 6409 5048 
1185 5357 5359 4827 
1186 5607 6056 5606 
1187 3899 5495 3900 
1188 5927 6365 5133 
1189 5339 5530 5350 
1190 5331 6921 5334 
1191 4854 4856 4855 
1192 4384 4462 4379 
1193 5613 6191 5645 
1194 5470 6900 3913 
1195 6388 6914 6390 
1196 4090 6017 4691 
1197 4561 4562 4560 
1198 6031 6238 5674 
1199 5399 6440 5695 
1200 5707 5871 5618 
1201 4172 5619 5373 
1202 6290 6291 5146 
1203 6098 6491 4491 
1204 4799 6239 4904 
1205 5511 5512 5510 
1206 5547 6508 6252 
1207 4801 5922 5555 
1208 5471 6687 4369 
1209 4828 5447 5446 
1210 4695 4697 4696 
1211 4445 6645 4548 
1212 3957 5621 3931 
1213 4253 4257 4255 
1214 4536 6031 5674 
1215 5408 6521 4494 
1216 4161 4184 4162 
1217 4148 4161 4149 
1218 325 5622 326 
1219 5533 5932 4329 
1220 5369 5370 5056 
1221 5327 5341 5328 
1222 5671 5952 3925 
1223 4866 5502 5212 
1224 4126 4148 4128 
1225 5369 6644 5370 
1226 4263 5257 4303 
1227 5359 5459 5360 
1228 5956 6522 6052 
1229 5395 5396 5176 
1230 4505 5557 5439 
1231 5338 5517 5339 
1232 5949 6693 5684 
1233 4183 5633 4234 
1234 5846 6220 6068 
1235 5541 6433 6326 
1236 4151 5387 5385 
1237 5091 5211 5093 
1238 5417 6735 5560 
1239 4850 5855 4875 
1240 5153 6380 5152 
1241 4931 5639 5121 
1242 4042 4061 4041 
1243 3978 3984 3983 
1244 5387 6431 5388 
1245 4220 6588 6047 
1246 4717 5327 4901 
1247 3993 4041 3992 
1248 6106 6464 6107 
1249 4242 4244 4243 
1250 4100 5400 4101 
1251 4185 4221 4184 
1252 5211 5362 5093 
1253 4690 6537 4965 
1254 5419 5421 5420 
1255 5634 6246 6044 
1256 4735 5357 4733 
1257 4222 4235 4221 
1258 5279 6291 6290 
1259 5535 5638 5238 
1260 4172 5373 4212 
1261 4093 4098 4094 
1262 4764 6728 4765 
1263 5580 5581 3881 
1264 5757 6896 5246 
1265 3986 3992 3985 
1266 3984 3986 3985 
1267 5431 6938 6188 
1268 4102 4109 4100 
1269 6581 6886 4618 
1270 3980 5670 3975 
1271 5530 5646 4389 
1272 4111 4115 4109 
1273 4721 4975 4719 
1274 5430 5431 5278 
1275 5266 6844 4257 
1276 5346 6516 4320 
1277 5390 6585 5156 
1278 4283 4390 4285 
1279 5054 5743 4128 
1280 4739 5365 4737 
1281 4542 5623 4756 
1282 6837 6925 5711 
1283 4377 4455 4375 
1284 5871 6820 5618 
1285 4116 4126 4115 
1286 4150 6627 4130 
1287 4616 6201 6121 
1288 5055 6365 5759 
1289 5562 6815 6048 
1290 4586 6514 5777 
1291 3984 3985 3983 
1292 5681 6594 4287 
1293 4723 6737 5343 
1294 4519 6691 5393 
1295 4098 4100 4099 
1296 4001 4067 3999 
1297 4529 5523 5248 
1298 4708 6595 4707 
1299 4127 5419 4126 
1300 4513 6215 6214 
1301 4078 4080 4077 
1302 5720 6127 4832 
1303 4759 6181 5356 
1304 5894 6444 4173 
1305 5201 5338 4909 
1306 4389 6213 5531 
1307 4959 6384 6177 
1308 4706 4707 4705 
1309 4628 5662 5516 
1310 4083 4093 4080 
1311 3986 3993 3992 
1312 4232 5912 5345 
1313 4403 6336 5877 
1314 4069 4077 4068 
1315 5270 6430 4407 
1316 5210 6837 5711 
1317 4416 6689 5472 
1318 4224 5844 4387 
1319 5958 6321 6160 
1320 5362 6596 5095 
1321 5464 6228 4477 
1322 4909 5349 4142 
1323 6288 6444 5248 
1324 4287 6594 4299 
1325 4725 5052 4723 
1326 5365 5468 4948 
1327 5462 5554 5448 
1328 4484 6906 5474 
1329 5493 6721 4634 
1330 5193 6721 5615 
1331 5637 6706 4553 
1332 5429 6808 4005 
1333 357 6690 5818 
1334 5951 5980 5722 
1335 5791 6119 5792 
1336 5374 5477 4232 
1337 5869 6912 5033 
1338 4371 5471 4369 
1339 4775 5726 4310 
1340 5413 6608 6539 
1341 3904 5483 4482 
1342 3993 4042 4041 
1343 4764 4765 4761 
1344 4379 5411 4377 
1345 4727 5435 4725 
1346 5787 5795 5791 
1347 4281 5450 4283 
1348 4514 6305 6269 
1349 5088 5416 5091 
1350 4744 5367 4741 
1351 5311 6744 5310 
1352 4373 4407 4371 
1353 5407 5487 4983 
1354 3982 5675 3991 
1355 5180 5394 5178 
1356 5325 6560 4593 
1357 349 5432 350 
1358 5787 5791 5790 
1359 3978 3983 3976 
1360 5734 6286 6283 
1361 5490 5504 5491 
1362 5455 6425 5456 
1363 6425 6868 5456 
1364 4138 5379 4136 
1365 4251 6829 5266 
1366 5984 6423 4081 
1367 5546 6429 5236 
1368 5182 5708 5180 
1369 4973 6542 5433 
1370 6187 6938 6530 
1371 4385 6364 4374 
1372 4565 5326 4614 
1373 4609 4610 4597 
1374 5014 6848 5011 
1375 5214 5499 5302 
1376 5291 6548 5344 
1377 4192 5374 4194 
1378 6215 6216 5381 
1379 4369 4460 4367 
1380 4824 5369 4781 
1381 4733 4827 4731 
1382 5011 5398 5366 
1383 5617 5618 4632 
1384 3951 3978 3976 
1385 4721 5343 4975 
1386 6539 6608 3889 
1387 5937 6780 6646 
1388 4705 6939 4703 
1389 4556 6396 6317 
1390 5586 5687 5582 
1391 5628 5629 4515 
1392 5613 5645 5585 
1393 4367 5368 4365 
1394 4737 4948 4735 
1395 4077 5458 4900 
1396 6012 6936 5204 
1397 5775 5855 5203 
1398 5370 6486 5056 
1399 4002 6415 5547 
1400 5785 6088 5929 
1401 5441 6161 5443 
1402 4186 4225 4188 
1403 5096 5683 5099 
1404 5918 6091 4097 
1405 5349 6642 4142 
1406 4365 4481 4363 
1407 4741 4973 4739 
1408 5170 5337 5167 
1409 5452 6397 3883 
1410 3939 5695 4452 
1411 5771 6011 3898 
1412 3944 3945 3943 
1413 4190 4227 4192 
1414 5759 6365 5616 
1415 5163 5473 5160 
1416 5404 6226 6225 
1417 5556 6576 5260 
1418 4405 6380 5921 
1419 3942 3943 3940 
1420 5511 5777 5512 
1421 4356 4483 4354 
1422 4354 5293 4351 
1423 4086 5446 4083 
1424 4781 5056 4744 
1425 3975 4063 3972 
1426 5498 5567 3949 
1427 5947 6378 5187 
1428 4361 4476 4358 
1429 5383 5457 5002 
1430 6002 6424 4752 
1431 4058 6585 5389 
1432 4334 4477 4332 
1433 4351 4491 4349 
1434 4194 4232 4197 
1435 5178 5395 5176 
1436 4134 5385 4132 
1437 4847 6459 4779 
1438 3934 5695 3939 
1439 5165 5472 5163 
1440 5107 6423 5977 
1441 4899 5106 4824 
1442 6107 6464 5255 
1443 5208 6026 5465 
1444 4056 5969 5682 
1445 5272 5954 5273 
1446 5219 5576 5222 
1447 4347 4485 4345 
1448 4340 4484 4338 
1449 4846 4848 4847 
1450 4336 5464 4334 
1451 5773 6410 3888 
1452 5481 6632 4516 
1453 5186 5552 5551 
1454 5417 5560 5416 
1455 314 5687 5614 
1456 5000 6528 5543 
1457 5511 6752 6172 
1458 4011 4105 4008 
1459 5506 5693 4561 
1460 4867 5863 5503 
1461 4152 6399 5381 
1462 3939 3940 3937 
1463 3947 5498 3945 
1464 4325 4331 4236 
1465 4257 4260 4259 
1466 4450 5742 4202 
1467 4830 4831 4702 
1468 4140 4152 4138 
1469 4928 5639 4931 
1470 6188 6938 6187 
1471 5582 5687 3881 
1472 5077 6606 5038 
1473 4375 5270 4373 
1474 4832 6554 5720 
1475 5465 6668 3878 
1476 5344 6155 6151 
1477 5813 6606 5077 
1478 5639 5641 5121 
1479 6216 6453 6303 
1480 4974 6082 6043 
1481 5564 6581 4618 
1482 4332 5391 4331 
1483 3891 5927 5580 
1484 5835 6924 4795 
1485 5847 6787 5718 
1486 4400 5945 5566 
1487 5498 5661 5567 
1488 330 5704 331 
1489 5921 6380 5153 
1490 4828 5462 5448 
1491 4101 4771 4175 
1492 4369 6687 4460 
1493 4727 5436 5435 
1494 3926 3927 3924 
1495 4132 4150 4130 
1496 3923 3924 3922 
1497 6325 6344 4112 
1498 4136 4151 4134 
1499 4358 5546 4356 
1500 3939 3942 3940 
1501 6629 6933 5114 
1502 4152 5379 4138 
1503 4445 4548 4447 
1504 4634 5252 4443 
1505 5386 5736 5735 
1506 4194 5374 4232 
1507 3877 6841 5444 
1508 4148 4149 4128 
1509 4053 4068 4049 
1510 3989 6346 5536 
1511 4733 5357 4827 
1512 4161 4162 4149 
1513 5920 5921 5153 
1514 5743 6907 4109 
1515 4448 5807 5522 
1516 4407 5471 4371 
1517 4126 4128 4115 
1518 4363 5553 4361 
1519 4128 5743 4115 
1520 4235 5084 4221 
1521 4160 5844 4224 
1522 5389 6585 5390 
1523 4184 4186 4162 
1524 5509 5892 4628 
1525 5328 6480 5329 
1526 5328 5329 4901 
1527 312 5580 3881 
1528 3882 3899 347 
1529 5466 5744 4994 
1530 3934 3939 3937 
1531 4828 5446 4086 
1532 4737 5365 4948 
1533 3876 5616 309 
1534 5056 6486 5497 
1535 4544 5811 4541 
1536 3919 3922 3917 
1537 4814 5407 4983 
1538 4384 4463 4462 
1539 4349 5579 4347 
1540 5227 5568 5230 
1541 4907 4909 4142 
1542 5660 6122 5970 
1543 4993 5213 4776 
1544 5245 6031 4643 
1545 4987 6623 4988 
1546 5780 6332 6118 
1547 5848 6042 4525 
1548 4760 4763 4762 
1549 4492 4828 4086 
1550 327 5701 328 
1551 4631 6318 5626 
1552 6048 6673 5562 
1553 5569 6542 4973 
1554 4565 4566 4564 
1555 5717 6458 4684 
1556 4186 6614 4225 
1557 4246 4248 4247 
1558 4299 6594 5985 
1559 5321 6461 5833 
1560 6160 6321 5138 
1561 4151 5385 4134 
1562 4065 5901 4062 
1563 4572 4573 4571 
1564 5693 6067 4561 
1565 5585 5645 5584 
1566 4741 5367 4973 
1567 5620 6612 4955 
1568 4093 4094 4080 
1569 5150 6828 6372 
1570 6363 6364 4385 
1571 5353 6448 4634 
1572 5167 5671 5165 
1573 5477 6592 6273 
1574 5977 6423 5984 
1575 5674 6238 5675 
1576 5449 6447 5105 
1577 4820 4821 4765 
1578 5536 6281 6135 
1579 3977 5617 4632 
1580 3942 3944 3943 
1581 5567 6744 4228 
1582 5258 6713 4432 
1583 4589 6114 6112 
1584 5698 5699 3884 
1585 5225 5568 5227 
1586 5351 5352 4946 
1587 4789 5260 4787 
1588 5238 5240 5239 
1589 3443 5129 2849 
1590 5686 6221 5295 
1591 6245 6246 5723 
1592 4781 5369 5056 
1593 4430 5267 5258 
1594 5495 5842 5841 
1595 4487 6093 4774 
1596 5719 6234 5141 
1597 3928 3929 3927 
1598 5253 6485 4873 
1599 4712 4713 4711 
1600 4774 6418 6079 
1601 6192 6752 4003 
1602 4302 6433 5635 
1603 5233 5657 5535 
1604 4098 4102 4100 
1605 4612 4613 4610 
1606 6219 6704 5018 
1607 4365 5368 4481 
1608 4024 4088 4022 
1609 5832 5834 5322 
1610 4377 5411 4455 
1611 4899 5107 5106 
1612 4966 6768 4987 
1613 4327 5628 4515 
1614 5421 5737 5420 
1615 4391 6005 5521 
1616 5359 5360 4827 
1617 5964 5965 5204 
1618 4991 4992 4821 
1619 4761 6678 4611 
1620 3919 3923 3922 
1621 5472 6518 5962 
1622 6036 6708 5642 
1623 4161 4185 4184 
1624 4391 5521 4210 
1625 5515 6752 5511 
1626 4351 5293 4491 
1627 5152 6600 4826 
1628 4598 4759 4611 
1629 5343 5562 4975 
1630 6159 6838 5305 
1631 4699 6167 4700 
1632 4098 4099 4094 
1633 5240 6635 5722 
1634 3915 3919 3917 
1635 4373 5270 4407 
1636 4594 6509 4596 
1637 5895 6001 5362 
1638 4210 5521 4159 
1639 4917 5950 5415 
1640 5087 5418 5417 
1641 4787 5438 4546 
1642 366 5647 367 
1643 5000 5918 5875 
1644 5890 6406 4303 
1645 4127 5422 5419 
1646 4102 4111 4109 
1647 4109 5400 4100 
1648 3907 3908 3906 
1649 4245 6932 4246 
1650 4866 5212 4980 
1651 5248 5893 4531 
1652 4895 5625 5122 
1653 4352 6856 5692 
1654 4828 5448 5447 
1655 4185 4222 4221 
1656 5833 6817 5321 
1657 4624 4625 4613 
1658 5022 5023 5021 
1659 4477 5391 4332 
1660 3900 3902 3901 
1661 4700 4835 4834 
1662 6664 6813 5878 
1663 4260 4263 4262 
1664 3944 3947 3945 
1665 4236 5667 4235 
1666 5212 5852 4980 
1667 5230 5232 5231 
1668 5366 5460 5009 
1669 4222 4236 4235 
1670 5329 6480 6334 
1671 3923 3926 3924 
1672 4069 4078 4077 
1673 5115 6568 6273 
1674 4792 4795 4794 
1675 5004 5414 5383 
1676 4325 4332 4331 
1677 4111 4116 4115 
1678 5214 5302 5213 
1679 4053 4069 4068 
1680 3954 6766 5745 
1681 5172 6000 5170 
1682 4989 5556 4789 
1683 3929 3932 3930 
1684 3878 6194 5466 
1685 4771 6742 5299 
1686 5076 5826 5665 
1687 4777 5347 4914 
1688 5184 6255 5579 
1689 6229 6343 5571 
1690 4931 5120 4932 
1691 4116 4127 4126 
1692 5224 5305 5225 
1693 5332 6340 4887 
1694 6020 6156 4009 
1695 4078 4083 4080 
1696 6138 6169 5542 
1697 4763 4777 4776 
1698 3874 6422 5478 
1699 4100 4101 4099 
1700 4874 6281 5536 
1701 5887 5904 4316 
1702 5101 6500 5851 
1703 6322 6323 5361 
1704 4935 5135 4937 
1705 4300 5561 4775 
1706 4212 4242 4241 
1707 4097 6091 5544 
1708 5367 5569 4973 
1709 5866 6833 6739 
1710 5638 5944 3920 
1711 3899 3900 3892 
1712 4053 5649 4069 
1713 5232 5658 5657 
1714 5222 5224 5223 
1715 4279 6745 5721 
1716 4077 4900 4068 
1717 5525 5692 5691 
1718 5399 5695 3932 
1719 6026 6668 5465 
1720 6019 6020 5427 
1721 3931 5399 3929 
1722 5723 6427 6245 
1723 5898 5925 5897 
1724 4270 6454 4305 
1725 5624 6573 4156 
1726 5241 5722 5525 
1727 6029 6402 4485 
1728 4799 4903 4902 
1729 3917 5672 3921 
1730 5459 6344 5360 
1731 5224 6159 5305 
1732 5620 6343 3875 
1733 6129 6516 5346 
1734 5400 6920 4101 
1735 4634 6721 5353 
1736 4714 4715 4713 
1737 5152 6380 6004 
1738 3932 3934 3933 
1739 4021 4022 4020 
1740 4263 4266 4265 
1741 6714 6816 6400 
1742 5043 6433 5541 
1743 5308 5847 5718 
1744 4244 5113 4293 
1745 5774 5776 4607 
1746 5560 5940 3918 
1747 4914 5292 5291 
1748 5517 5530 5339 
1749 4771 6833 4175 
1750 3909 3910 3908 
1751 4629 5718 4401 
1752 329 5698 3884 
1753 4807 5262 4711 
1754 4701 4704 4703 
1755 6093 6418 4774 
1756 5626 6010 4631 
1757 4648 5187 4944 
1758 4228 6208 3984 
1759 3949 3951 3950 
1760 3876 5759 5616 
1761 5222 5575 5224 
1762 4768 5475 4935 
1763 3905 3906 3904 
1764 4750 6550 6473 
1765 3945 3949 3948 
1766 5394 5395 5178 
1767 4308 6914 6388 
1768 4415 6078 5595 
1769 5554 5680 5448 
1770 5085 6008 5872 
1771 4548 6645 5540 
1772 5497 6486 4414 
1773 5680 5958 5448 
1774 4892 5636 5549 
1775 4593 4594 4592 
1776 5188 5624 5309 
1777 6228 6277 5384 
1778 5377 6767 6638 
1779 4866 4980 4664 
1780 5294 5296 4992 
1781 5214 6726 5499 
1782 4008 6873 4005 
1783 4783 5654 5653 
1784 5737 6205 4324 
1785 4982 5538 5000 
1786 4887 6324 5332 
1787 3949 5567 3951 
1788 5929 6039 5795 
1789 4561 6067 4562 
1790 5216 5434 5217 
1791 6001 6596 5362 
1792 3945 5498 3949 
1793 5472 5473 5163 
1794 4735 6830 5357 
1795 5132 6474 6318 
1796 5497 6572 5367 
1797 4791 6128 5835 
1798 3989 5652 5651 
1799 5182 6729 5708 
1800 4588 6778 6115 
1801 5264 5760 5263 
1802 5099 5216 5100 
1803 5522 6923 4448 
1804 5339 5350 5349 
1805 5260 5438 4787 
1806 4232 5345 4197 
1807 3873 5678 316 
1808 4966 4987 4967 
1809 5398 6467 5366 
1810 5529 6353 4847 
1811 4710 4711 4708 
1812 6257 6538 6503 
1813 4074 4154 4065 
1814 6050 6253 5053 
1815 5233 5535 5235 
1816 4519 4695 4694 
1817 5518 6443 5643 
1818 4990 6210 5858 
1819 4690 4964 4963 
1820 4567 4568 4566 
1821 5235 5238 5237 
1822 5517 5646 5530 
1823 5872 6008 4455 
1824 5388 6492 5736 
1825 5568 5577 5230 
1826 4928 4931 4930 
1827 6178 6202 6050 
1828 5021 6786 5015 
1829 5005 5006 5004 
1830 4153 5766 4223 
1831 4448 5766 4153 
1832 4836 4979 4838 
1833 5052 6737 4723 
1834 5437 5946 5052 
1835 5420 6858 4148 
1836 5116 5660 5109 
1837 5345 5415 4200 
1838 6018 6019 5427 
1839 3926 3928 3927 
1840 5489 6818 4972 
1841 5480 6931 4293 
1842 4356 5546 4483 
1843 5675 6238 4144 
1844 5566 5946 4400 
1845 4935 5475 5135 
1846 4494 6184 5408 
1847 5091 5416 5211 
1848 4303 6671 4266 
1849 3915 3917 3916 
1850 5428 5965 5964 
1851 5656 6479 4809 
1852 4338 6244 4336 
1853 4361 5553 4476 
1854 5379 6867 4136 
1855 4239 4391 4210 
1856 6120 6454 5276 
1857 5430 6640 5431 
1858 5851 6080 5101 
1859 5966 6100 6012 
1860 4996 5863 4867 
1861 5458 5528 4900 
1862 5968 6478 5770 
1863 5012 5014 5011 
1864 5065 6398 1606 
1865 4956 6567 6021 
1866 4067 6240 5679 
1867 3913 3915 3914 
1868 5093 5095 5094 
1869 5367 6572 5569 
1870 4214 5902 4321 
1871 6112 6124 4589 
1872 4290 5561 4300 
1873 5091 5093 5092 
1874 3972 6037 3970 
1875 4867 5502 4866 
1876 5195 5196 4831 
1877 5010 5011 5009 
1878 5571 6343 5620 
1879 5688 6644 5369 
1880 4509 6347 5736 
1881 5905 6540 5358 
1882 4925 4928 4926 
1883 3920 6635 5638 
1884 4252 6090 4250 
1885 5026 5030 5024 
1886 3902 3904 3903 
1887 5227 5230 5229 
1888 4287 4299 4290 
1889 3998 3999 3997 
1890 5007 5009 5006 
1891 4197 5345 4200 
1892 5630 5631 5629 
1893 4796 6822 4799 
1894 344 5854 345 
1895 4958 5482 5481 
1896 5205 6583 6258 
1897 3911 5469 3910 
1898 4022 6685 4020 
1899 4939 5635 5043 
1900 4159 4752 3947 
1901 4439 6322 4773 
1902 6273 6568 5477 
1903 4011 5382 4105 
1904 3934 3937 3935 
1905 5109 6423 5107 
1906 4192 6851 5374 
1907 4244 6932 4245 
1908 4266 4268 4267 
1909 5241 5525 5243 
1910 5487 5932 5488 
1911 3989 5651 3961 
1912 3900 3901 3892 
1913 4525 6327 5848 
1914 3951 3976 3952 
1915 4784 4866 4664 
1916 4448 6923 5766 
1917 5137 6478 5968 
1918 6695 6885 5371 
1919 4716 4717 4715 
1920 3905 3907 3906 
1921 6361 6781 5686 
1922 5537 6834 4872 
1923 3929 5399 3932 
1924 5881 6065 4686 
1925 4550 4552 4551 
1926 5314 5915 4503 
1927 4347 5579 4485 
1928 3910 3913 3912 
1929 5735 6627 4150 
1930 5803 5813 5333 
1931 5120 5312 4932 
1932 4028 4621 4026 
1933 5099 5682 5216 
1934 4317 6696 5865 
1935 5544 6091 5318 
1936 4549 6930 4550 
1937 5581 5583 5582 
1938 5791 5792 5790 
1939 4221 5484 4184 
1940 5897 5925 3941 
1941 4408 6596 6001 
1942 5745 6421 5886 
1943 4548 6930 4549 
1944 3961 5651 3959 
1945 5581 5582 3881 
1946 2739 6862 3498 
1947 4428 6703 5755 
1948 4684 6270 5717 
1949 6049 6050 4039 
1950 3902 3905 3904 
1951 5368 6470 4481 
1952 5792 6483 5796 
1953 4796 4799 4798 
1954 4454 6321 5958 
1955 4020 6105 4016 
1956 4463 6524 4526 
1957 5502 6310 5212 
1958 4144 5807 4076 
1959 5992 6908 3967 
1960 4969 5524 4662 
1961 5219 5222 5221 
1962 5385 6880 4132 
1963 5878 6813 5819 
1964 5371 6885 5372 
1965 5569 6572 3936 
1966 5119 6406 5890 
1967 4215 5902 4214 
1968 4501 5947 4648 
1969 5014 6226 5404 
1970 6225 6341 5405 
1971 5778 6332 5780 
1972 4179 5943 4635 
1973 4109 6907 5400 
1974 5822 6345 6223 
1975 5766 6923 5874 
1976 4430 4432 4431 
1977 5550 5627 5626 
1978 5135 5634 4937 
1979 3929 3930 3927 
1980 5822 6692 6263 
1981 4662 5524 4051 
1982 5414 6504 5383 
1983 2563 6039 4587 
1984 5699 5703 3884 
1985 5601 6033 5809 
1986 5407 6926 5487 
1987 5611 5612 5585 
1988 3910 5469 3913 
1989 5286 6451 4786 
1990 4000 4001 3999 
1991 4718 4719 4717 
1992 5583 5585 5584 
1993 6054 6845 5456 
1994 5435 6773 5437 
1995 4215 6443 5518 
1996 3928 3931 3929 
1997 5315 6754 5314 
1998 5210 5710 3953 
1999 4432 5858 4441 
2000 4273 6348 5811 
2001 5397 6604 5554 
2002 5642 6860 6036 
2003 5443 5547 5529 
2004 5523 6554 5248 
2005 5680 6371 4454 
2006 5549 5550 4894 
2007 6191 6411 5593 
2008 4046 4047 4042 
2009 4293 6932 4244 
2010 5644 5899 4671 
2011 5017 5021 5015 
2012 4327 4515 4396 
2013 5792 6730 6483 
2014 6089 6118 4585 
2015 4234 5628 4327 
2016 4892 5549 4894 
2017 5654 5655 5653 
2018 6228 6578 4477 
2019 5195 5745 5196 
2020 4931 4932 4930 
2021 5260 5709 5438 
2022 5088 5091 5090 
2023 4783 5653 4467 
2024 6326 6433 4302 
2025 4673 4812 4675 
2026 5096 5099 5098 
2027 6120 6121 4687 
2028 6007 6596 4408 
2029 5392 6716 4697 
2030 4013 5382 4011 
2031 5188 5309 5190 
2032 3992 5731 3994 
2033 6504 6598 5383 
2034 4928 4930 4926 
2035 5575 6565 4054 
2036 4946 6501 4705 
2037 4432 4441 4433 
2038 325 6680 5622 
2039 4779 5347 4777 
2040 331 6185 332 
2041 4019 4020 4016 
2042 5758 6696 4317 
2043 5375 6851 5876 
2044 4597 5402 4594 
2045 4922 4925 4924 
2046 5628 5630 5629 
2047 4988 5087 5086 
2048 5590 6191 5593 
2049 4823 6176 4898 
2050 5406 6679 5351 
2051 3907 3909 3908 
2052 6185 6934 332 
2053 4720 4721 4719 
2054 6115 6133 4588 
2055 4695 5393 5392 
2056 4478 4783 4467 
2057 5594 5611 5583 
2058 4918 5518 4920 
2059 4125 6017 4092 
2060 4074 4170 4154 
2061 5251 6409 5941 
2062 6244 6648 4336 
2063 5729 6208 5311 
2064 4605 6603 4582 
2065 4467 5653 4450 
2066 5180 5708 5394 
2067 5714 5715 4951 
2068 6721 6879 5615 
2069 6167 6624 4700 
2070 4929 5639 4928 
2071 4276 4279 4278 
2072 3905 5841 4528 
2073 5363 6567 4956 
2074 5894 5941 5048 
2075 4739 6904 5365 
2076 5366 6419 5460 
2077 4248 4251 4250 
2078 6043 6901 4974 
2079 5252 6448 5540 
2080 348 3899 3892 
2081 4704 4706 4705 
2082 3891 5580 311 
2083 5662 5664 4822 
2084 310 5616 3891 
2085 4931 5121 5120 
2086 4843 5718 4629 
2087 3902 5841 3905 
2088 5590 5593 5591 
2089 4055 6676 5577 
2090 5698 5700 5699 
2091 5248 6444 5893 
2092 6466 6483 4309 
2093 6752 6781 4003 
2094 5900 6780 4388 
2095 5574 5798 5573 
2096 4630 4664 3911 
2097 4471 5716 4458 
2098 5832 5837 5834 
2099 5727 6580 4618 
2100 6761 6906 4340 
2101 4515 6652 5526 
2102 5050 5314 4503 
2103 4827 5476 4731 
2104 4331 5667 4236 
2105 4958 5481 5313 
2106 6110 6383 4261 
2107 5804 6259 4424 
2108 5929 6088 6087 
2109 5309 5311 5310 
2110 5556 6895 6576 
2111 4634 6448 5252 
2112 5187 5624 5188 
2113 4482 5483 4958 
2114 3932 5695 3934 
2115 5211 5895 5362 
2116 5538 5918 5000 
2117 5467 6519 5414 
2118 5317 5931 5082 
2119 6149 6790 5965 
2120 3971 3972 3970 
2121 4722 4723 4721 
2122 4925 4926 4924 
2123 5264 5761 5760 
2124 4268 4270 4269 
2125 5704 6185 331 
2126 5183 5185 5182 
2127 5186 5287 5185 
2128 4954 6363 6075 
2129 5232 5657 5233 
2130 5308 5718 4843 
2131 5634 5635 4939 
2132 3996 3997 3988 
2133 5660 6395 4081 
2134 5972 6736 4916 
2135 1936 6914 1925 
2136 5181 5182 5180 
2137 5389 6547 4058 
2138 5203 6936 6012 
2139 4835 6503 4836 
2140 5612 5613 5585 
2141 5179 5180 5178 
2142 4883 4886 4885 
2143 5684 6007 5949 
2144 5673 6030 5674 
2145 5475 5723 5135 
2146 5177 5178 5176 
2147 5343 5566 5562 
2148 4375 6782 5270 
2149 4667 5636 4892 
2150 5824 6203 5871 
2151 4020 6685 6512 
2152 5819 6813 3890 
2153 5898 6344 6325 
2154 5391 6176 4331 
2155 4387 5844 4665 
2156 4749 5407 4814 
2157 6154 6434 4481 
2158 5551 5691 5287 
2159 5721 6916 5450 
2160 5583 5584 5582 
2161 4985 5648 5202 
2162 4858 6928 4941 
2163 5595 6078 5597 
2164 4724 4725 4723 
2165 5337 5671 5167 
2166 3902 3903 3901 
2167 4068 5490 4049 
2168 4492 5462 4828 
2169 5587 5645 5590 
2170 3874 6442 5534 
2171 4142 6642 4140 
2172 5587 5590 5589 
2173 4148 6858 4161 
2174 3945 3948 3943 
2175 4665 5636 4667 
2176 5541 6834 5043 
2177 5219 6849 5576 
2178 4058 6394 6319 
2179 4953 6525 5716 
2180 5263 6199 5262 
2181 4953 5716 4656 
2182 4227 6725 6633 
2183 3974 3975 3972 
2184 4963 6356 5872 
2185 4484 6271 6244 
2186 6037 6485 5253 
2187 3890 6502 5819 
2188 6755 6759 5995 
2189 4831 6167 4702 
2190 5479 6323 4639 
2191 4039 6137 6049 
2192 4937 5634 4939 
2193 3913 6900 3915 
2194 4901 6705 4715 
2195 4028 5544 4621 
2196 5702 6418 6093 
2197 4150 6880 5386 
2198 5374 6851 5375 
2199 4600 6141 6109 
2200 5084 5485 5484 
2201 4742 6533 6278 
2202 5327 6673 5341 
2203 3932 3933 3930 
2204 5713 5714 4170 
2205 4900 5528 5504 
2206 5164 5165 5163 
2207 315 5614 3873 
2208 346 5665 3882 
2209 4257 4259 4255 
2210 4888 4889 4877 
2211 5836 6235 4795 
2212 5492 6685 4088 
2213 4918 5902 5518 
2214 4048 4049 4047 
2215 4726 4727 4725 
2216 3963 3989 3961 
2217 3910 3912 3908 
2218 4558 6127 5720 
2219 5240 5722 5241 
2220 4093 6835 4098 
2221 5428 6520 5965 
2222 329 3884 330 
2223 326 3880 327 
2224 332 3879 333 
2225 6544 6852 6485 
2226 3909 3911 3910 
2227 5584 5645 5587 
2228 5303 6550 5650 
2229 5630 5632 5631 
2230 5171 5172 5170 
2231 5024 5277 5023 
2232 5116 6122 5660 
2233 4485 6402 4345 
2234 4972 6013 4538 
2235 5411 5872 4455 
2236 6096 6108 4600 
2237 5326 6861 4614 
2238 5583 5611 5585 
2239 5166 5167 5165 
2240 5108 5109 5107 
2241 4656 5716 4471 
2242 5684 6693 5683 
2243 6047 6588 5747 
2244 5581 5594 5583 
2245 4907 5201 4909 
2246 4032 4097 4030 
2247 5445 6254 5294 
2248 5240 5241 5239 
2249 5406 6780 5900 
2250 5168 5170 5167 
2251 312 3881 313 
2252 4032 5875 4097 
2253 346 3882 347 
2254 348 3892 349 
2255 350 3875 351 
2256 310 3891 311 
2257 4980 5852 5470 
2258 308 3876 309 
2259 362 3877 363 
2260 365 3883 366 
2261 368 3878 369 
2262 315 3873 316 
2263 343 3874 344 
2264 4734 4735 4733 
2265 4814 4983 4982 
2266 4310 5726 4426 
2267 4354 6882 5293 
2268 6114 6115 5118 
2269 5550 5626 5625 
2270 4732 4733 4731 
2271 5934 6734 5394 
2272 4736 4737 4735 
2273 5931 6740 5082 
2274 4759 6587 4760 
2275 6214 6215 5532 
2276 4489 4891 4669 
2277 4738 4739 4737 
2278 5293 6670 4491 
2279 4170 6291 4154 
2280 4443 5252 4445 
2281 3983 5707 5617 
2282 4623 6063 4985 
2283 5778 5780 5779 
2284 5396 6902 5176 
2285 5777 6514 5778 
2286 6085 6241 4602 
2287 4618 6558 5727 
2288 5663 6324 4882 
2289 5110 5116 5109 
2290 3892 5432 349 
2291 4482 4958 4911 
2292 5736 6347 5735 
2293 5307 5308 4843 
2294 3924 4456 3922 
2295 4115 5743 4109 
2296 5351 6092 5352 
2297 6255 6256 4485 
2298 5154 5155 5153 
2299 4426 5726 5505 
2300 4070 6898 5708 
2301 4101 6920 4771 
2302 6000 6771 5170 
2303 5859 6447 4473 
2304 4272 5868 4276 
2305 5911 6362 5273 
2306 5422 5423 5421 
2307 5117 5159 5116 
2308 3454 5728 3443 
2309 5393 6691 5415 
2310 3884 5704 330 
2311 4925 4929 4928 
2312 4740 4741 4739 
2313 5185 5804 5182 
2314 5238 5239 5237 
2315 6096 6674 6506 
2316 4947 6199 5406 
2317 4300 4775 4310 
2318 5461 6864 6638 
2319 4186 4188 4187 
2320 4882 4886 4883 
2321 4167 6127 4165 
2322 3978 4228 3984 
2323 5641 6708 6066 
2324 5034 5035 5033 
2325 6581 6637 5259 
2326 4023 4024 4022 
2327 4744 6940 5367 
2328 4593 6560 4598 
2329 4343 6761 4340 
2330 6407 6519 5467 
2331 5018 6704 6188 
2332 5423 5733 5421 
2333 5718 6146 4401 
2334 4244 4245 4243 
2335 5769 5770 3894 
2336 5909 6755 5604 
2337 5705 6185 5704 
2338 5526 5527 5308 
2339 4229 6047 5747 
2340 4697 6716 4701 
2341 328 5701 5698 
2342 4606 6251 6161 
2343 3875 6612 5620 
2344 4693 6023 5994 
2345 4667 4892 4754 
2346 5232 5233 5231 
2347 4050 4053 4049 
2348 328 5698 329 
2349 5383 6598 5457 
2350 3881 5687 313 
2351 4757 5540 5539 
2352 4333 4334 4332 
2353 4768 4935 4934 
2354 4390 5681 4285 
2355 4952 5675 3982 
2356 4743 4744 4741 
2357 4892 4894 4893 
2358 4918 4920 4919 
2359 5868 6745 4276 
2360 4388 6780 5937 
2361 5780 5782 5781 
2362 4775 6536 5726 
2363 6059 6066 4486 
2364 4315 4430 4323 
2365 5737 6060 5420 
2366 5111 5112 4826 
2367 6234 6881 5545 
2368 5082 5732 4989 
2369 4270 4272 4271 
2370 5782 5785 5783 
2371 4805 4953 4656 
2372 4074 5713 4170 
2373 4780 4781 4744 
2374 6653 6677 6509 
2375 4706 4708 4707 
2376 5436 5897 5435 
2377 6403 6873 6823 
2378 5418 6432 5417 
2379 5319 5533 5317 
2380 5373 6719 4242 
2381 4697 4698 4696 
2382 4784 4867 4866 
2383 6488 6489 5330 
2384 4242 4243 4241 
2385 5197 6624 6167 
2386 4823 4824 4781 
2387 4989 5732 5556 
2388 4782 4787 4546 
2389 5450 5717 5451 
2390 4627 6850 5331 
2391 5339 5349 4909 
2392 5437 5948 5946 
2393 5659 6870 4977 
2394 5694 6655 5032 
2395 5370 5978 5961 
2396 4019 4021 4020 
2397 3970 5992 3967 
2398 6567 6672 5496 
2399 5717 6270 5451 
2400 3894 6478 6422 
2401 6235 6827 5126 
2402 4898 4899 4824 
2403 4188 4190 4189 
2404 5175 5176 5173 
2405 4223 5766 4489 
2406 5915 6800 4503 
2407 4335 4336 4334 
2408 4867 5503 5502 
2409 317 5678 3893 
2410 4920 4922 4921 
2411 5820 5878 5817 
2412 4305 5868 4272 
2413 4234 5633 5628 
2414 5107 6878 5106 
2415 5816 5820 5817 
2416 5673 5674 4952 
2417 5667 6918 5128 
2418 5590 5591 5589 
2419 5230 5231 5229 
2420 4246 4247 4245 
2421 6042 6250 4525 
2422 4872 6834 5541 
2423 4190 4192 4191 
2424 6396 6405 5289 
2425 5423 5734 5733 
2426 4612 5662 4628 
2427 6257 6624 5197 
2428 4337 4338 4336 
2429 5382 5972 4105 
2430 4370 4371 4369 
2431 5875 5918 4097 
2432 4363 6866 5553 
2433 3924 5996 4456 
2434 3949 3950 3948 
2435 5531 5532 5350 
2436 5612 5741 5613 
2437 5595 6888 4415 
2438 5236 6139 5546 
2439 4339 4340 4338 
2440 4344 4345 4343 
2441 4324 4325 4236 
2442 4730 4731 4728 
2443 4358 6889 5546 
2444 4342 4343 4340 
2445 5785 6723 5786 
2446 5478 6442 3874 
2447 5414 6519 6504 
2448 4891 4942 4669 
2449 4368 4369 4367 
2450 4958 5483 5482 
2451 5350 6399 5349 
2452 5224 5225 5223 
2453 4346 4347 4345 
2454 5162 5163 5160 
2455 4348 4349 4347 
2456 4359 4361 4358 
2457 3937 5494 3938 
2458 4357 4358 4356 
2459 5070 6497 5520 
2460 4355 4356 4354 
2461 4353 4354 4351 
2462 4305 6454 6120 
2463 4350 4351 4349 
2464 5444 6249 5281 
2465 3992 3994 3985 
2466 5696 6689 5963 
2467 5054 6355 5743 
2468 4366 4367 4365 
2469 5602 5755 5605 
2470 5656 6862 4620 
2471 3921 4952 3982 
2472 5232 6676 5658 
2473 3915 3916 3914 
2474 3913 3914 3912 
2475 4710 4712 4711 
2476 6100 6935 6012 
2477 4630 4784 4664 
2478 5058 6203 5134 
2479 4860 6928 4858 
2480 4064 4065 4062 
2481 3969 3970 3967 
2482 4494 5462 4492 
2483 5533 6801 5931 
2484 5561 5754 4775 
2485 4021 4023 4022 
2486 4636 6373 5998 
2487 5033 6912 5031 
2488 4695 4696 4694 
2489 6059 6152 5120 
2490 311 5580 312 
2491 347 3899 348 
2492 309 5616 310 
2493 4227 6851 4192 
2494 4364 4365 4363 
2495 5186 6098 5552 
2496 3904 4482 3903 
2497 5150 6917 6828 
2498 4942 5758 5757 
2499 4712 4714 4713 
2500 5771 5772 5770 
2501 4920 5889 4922 
2502 4553 6341 6225 
2503 4552 4560 4559 
2504 4779 6459 5347 
2505 4129 4130 4127 
2506 6482 6769 4978 
2507 3930 5996 3927 
2508 4585 6168 6089 
2509 4246 6665 4248 
2510 4020 6512 6105 
2511 4362 4363 4361 
2512 4372 4373 4371 
2513 4788 4789 4787 
2514 5187 5188 4944 
2515 3934 3935 3933 
2516 5701 5702 5700 
2517 3883 6397 5647 
2518 4791 5835 4792 
2519 4407 6807 5471 
2520 4192 4194 4193 
2521 5682 6693 4056 
2522 4857 4858 4856 
2523 6075 6363 5338 
2524 5667 5957 4235 
2525 5031 6912 5030 
2526 5267 5994 5258 
2527 4895 5122 4897 
2528 4136 6867 4151 
2529 4929 5640 5639 
2530 4004 4005 4001 
2531 4234 4327 4326 
2532 341 5769 3894 
2533 4953 6824 6525 
2534 5222 5223 5221 
2535 1419 5524 4475 
2536 4101 4175 4174 
2537 4922 4924 4923 
2538 5032 6861 5694 
2539 3993 4046 4042 
2540 4505 5856 5558 
2541 4132 6880 4150 
2542 5716 6103 4458 
2543 5393 6335 5392 
2544 5554 6521 5397 
2545 5874 5979 4891 
2546 6603 6767 5378 
2547 3940 5494 3937 
2548 4958 5313 4911 
2549 4925 5889 4929 
2550 5649 6376 4069 
2551 5844 6439 5636 
2552 316 5678 317 
2553 4948 6830 4735 
2554 4035 5939 4040 
2555 5808 5809 3887 
2556 5810 6709 4764 
2557 4131 4132 4130 
2558 4523 4918 4751 
2559 4465 6802 4463 
2560 5653 5742 4450 
2561 4266 6589 4268 
2562 5330 6501 6488 
2563 6473 6550 5303 
2564 5436 6710 5898 
2565 5602 5605 5603 
2566 5691 6621 5287 
2567 6162 6557 6143 
2568 4894 5625 4895 
2569 4665 5844 5636 
2570 3896 6510 6015 
2571 5448 5958 5447 
2572 4822 6574 5516 
2573 5391 6578 6175 
2574 4133 4134 4132 
2575 5541 6326 4506 
2576 4455 6782 4375 
2577 4024 5764 4088 
2578 5599 5602 5601 
2579 6180 6758 5428 
2580 4329 6090 4252 
2581 5222 5576 5575 
2582 6303 6490 6216 
2583 6709 6728 4764 
2584 5481 5578 5313 
2585 3991 4144 4076 
2586 4489 5766 4891 
2587 4239 4505 4391 
2588 5466 6035 5744 
2589 4906 6816 4383 
2590 5734 6347 6286 
2591 5605 5607 5606 
2592 3951 3952 3950 
2593 5816 5817 3897 
2594 5731 5824 3994 
2595 4179 4635 4181 
2596 4327 4396 4395 
2597 4426 5505 4769 
2598 5216 5217 5100 
2599 5456 6393 6054 
2600 5787 5790 5789 
2601 5106 5976 5688 
2602 5801 6698 5519 
2603 4648 5947 5187 
2604 5318 6091 5319 
2605 3886 5820 5816 
2606 4194 4197 4195 
2607 5964 6936 4855 
2608 4276 6745 4279 
2609 4219 6833 5866 
2610 5869 5870 5046 
2611 4942 5979 5758 
2612 5957 6280 4986 
2613 314 5614 315 
2614 5023 5277 5145 
2615 4175 4219 4216 
2616 5786 6723 5787 
2617 5661 6744 5567 
2618 345 5665 346 
2619 5499 5825 5302 
2620 4859 4860 4858 
2621 6008 6477 4455 
2622 3967 6908 3965 
2623 4929 5889 5643 
2624 4890 6336 4469 
2625 4990 6438 6210 
2626 5933 5948 5437 
2627 4607 6913 5774 
2628 4748 6592 6282 
2629 5197 6167 4831 
2630 4085 4086 4083 
2631 4795 6924 5836 
2632 5519 6698 5071 
2633 5845 6220 5846 
2634 4935 4937 4936 
2635 4081 6423 5660 
2636 5415 6691 4200 
2637 4076 5807 4107 
2638 5373 6770 5750 
2639 4548 4549 4447 
2640 3875 6343 351 
2641 4135 4136 4134 
2642 4321 5902 4523 
2643 5060 6203 5058 
2644 6376 6550 4750 
2645 5733 6746 4457 
2646 5550 5625 4894 
2647 4059 4062 4036 
2648 5769 5771 5770 
2649 323 5808 3887 
2650 317 3893 318 
2651 341 3894 342 
2652 4137 4138 4136 
2653 4279 4281 4280 
2654 4183 4234 4233 
2655 5535 5873 5638 
2656 3886 6229 6055 
2657 6144 6557 6019 
2658 4699 4700 4698 
2659 5792 5796 5794 
2660 319 5768 3896 
2661 5099 5100 5098 
2662 313 5687 314 
2663 4026 5764 4024 
2664 4966 4967 4964 
2665 4073 4074 4065 
2666 4007 4008 4005 
2667 4985 5202 5001 
2668 4139 4140 4138 
2669 3900 5841 3902 
2670 3979 3980 3975 
2671 6670 6882 5677 
2672 5900 6679 5406 
2673 5228 6526 5553 
2674 5665 5826 3882 
2675 4986 6014 5957 
2676 3988 6366 3980 
2677 6734 6871 5394 
2678 4432 6713 5858 
2679 4874 5536 5320 
2680 5703 5705 5704 
2681 4451 4467 4450 
2682 4030 5544 4028 
2683 3873 6759 6755 
2684 5176 6902 5173 
2685 4158 4159 3947 
2686 5685 5697 4785 
2687 4190 6725 4227 
2688 6262 6263 5278 
2689 4869 4972 4538 
2690 3996 3998 3997 
2691 3917 3921 3916 
2692 4690 4963 4527 
2693 5879 6271 4484 
2694 5128 6176 4823 
2695 4503 6800 4500 
2696 4010 4011 4008 
2697 4251 4253 4252 
2698 4364 6213 4366 
2699 4887 6340 5207 
2700 6238 6722 4144 
2701 5130 6420 5689 
2702 4623 4985 4653 
2703 3918 6618 5560 
2704 3893 5768 318 
2705 3912 5967 3908 
2706 5095 5096 5094 
2707 5099 5683 5682 
2708 5584 5587 5586 
2709 5531 6214 5532 
2710 4882 6324 4887 
2711 5287 6259 5185 
2712 5093 5094 5092 
2713 5494 5523 3938 
2714 6742 6920 5401 
2715 5444 6841 6249 
2716 4872 6852 5537 
2717 5402 6549 5148 
2718 5264 5762 5761 
2719 5626 6318 5625 
2720 5341 6446 5328 
2721 4199 6646 5760 
2722 5348 5669 5668 
2723 5654 6253 6050 
2724 4920 4921 4919 
2725 4318 4450 4202 
2726 5465 5466 4994 
2727 5553 6866 5228 
2728 5777 5778 5512 
2729 5307 5526 5308 
2730 4529 5248 4531 
2731 343 6422 3874 
2732 5091 5092 5090 
2733 4374 4375 4373 
2734 4154 5901 4065 
2735 4378 4379 4377 
2736 6143 6144 5150 
2737 4087 4492 4086 
2738 4900 5504 5490 
2739 5170 6771 5337 
2740 3937 3938 3935 
2741 5434 6659 5971 
2742 4396 4398 4397 
2743 5527 5847 5308 
2744 6439 6732 5636 
2745 5722 5980 4352 
2746 5443 5529 5440 
2747 6135 6281 4769 
2748 5817 5818 3897 
2749 5412 6814 5815 
2750 5436 5898 5897 
2751 5802 5830 5828 
2752 4714 4716 4715 
2753 5665 5854 5076 
2754 3896 6662 6510 
2755 4376 4377 4375 
2756 4957 6435 5397 
2757 340 5769 341 
2758 322 5808 323 
2759 4861 4862 4860 
2760 5301 6558 5565 
2761 5105 6479 5449 
2762 5546 6889 6429 
2763 3998 4000 3999 
2764 5829 6515 5323 
2765 4435 4440 4438 
2766 5087 5088 5086 
2767 5135 6246 5634 
2768 4892 4893 4754 
2769 5817 5819 5818 
2770 6305 6562 6269 
2771 5669 6591 5668 
2772 5533 5931 5317 
2773 4061 4320 4041 
2774 4531 5893 4533 
2775 5832 6209 5837 
2776 4801 5555 4650 
2777 5520 5830 5802 
2778 5309 5310 5190 
2779 5587 5589 5588 
2780 323 3887 324 
2781 335 3888 336 
2782 4141 4142 4140 
2783 5859 6682 6447 
2784 5856 5857 5558 
2785 4832 6127 4167 
2786 4678 4682 4681 
2787 4316 6421 5887 
2788 5841 5842 4528 
2789 4894 4895 4893 
2790 4057 5649 4053 
2791 5696 6577 4084 
2792 5550 6750 5627 
2793 6447 6682 5105 
2794 6278 6533 6014 
2795 5536 6346 5320 
2796 5527 5848 5847 
2797 373 5815 3895 
2798 355 5816 3897 
2799 6408 6902 6654 
2800 4835 4836 4834 
2801 5080 5730 5444 
2802 5760 5763 5263 
2803 5580 5927 5581 
2804 371 3885 372 
2805 305 3889 306 
2806 353 3886 354 
2807 359 3890 360 
2808 5943 6426 4635 
2809 3939 4452 3942 
2810 4107 5807 4448 
2811 3940 6126 5494 
2812 4294 5767 5732 
2813 4424 5991 5804 
2814 5837 6445 5839 
2815 5494 5720 5523 
2816 4600 6109 6096 
2817 6258 6583 4572 
2818 4624 6933 6629 
2819 3885 5815 372 
2820 3886 5816 354 
2821 5572 5573 5074 
2822 5122 5123 4897 
2823 5649 6550 6376 
2824 4879 5663 4882 
2825 5735 6347 5734 
2826 4380 4384 4379 
2827 4849 4850 4848 
2828 6422 6478 5478 
2829 5487 5488 4983 
2830 4012 4013 4011 
2831 4983 5538 4982 
2832 5733 5737 5421 
2833 4918 4919 4751 
2834 5678 5909 3893 
2835 318 5768 319 
2836 337 3898 338 
2837 4942 5757 5756 
2838 5622 6680 5608 
2839 5537 6852 6544 
2840 5395 6649 5396 
2841 4987 4988 4967 
2842 5893 5894 5048 
2843 1881 4879 2783 
2844 3999 6857 3997 
2845 6474 6669 5842 
2846 4248 4250 4247 
2847 4489 4669 4490 
2848 4223 4489 4429 
2849 3977 4632 4166 
2850 4107 4448 4153 
2851 319 3896 320 
2852 5627 6750 6077 
2853 372 5815 373 
2854 354 5816 355 
2855 4219 4231 4230 
2856 6041 6043 4014 
2857 373 3895 374 
2858 355 3897 356 
2859 4882 4887 4886 
2860 4716 4718 4717 
2861 4025 4026 4024 
2862 5216 6659 5434 
2863 3969 3971 3970 
2864 6646 6780 5763 
2865 3993 5729 4046 
2866 6318 6474 5122 
2867 4289 6883 6417 
2868 5387 6846 5385 
2869 5154 6484 5156 
2870 5726 5857 5505 
2871 5277 5430 5278 
2872 4926 4927 4924 
2873 5394 6871 5395 
2874 5256 5996 3930 
2875 4413 6542 5955 
2876 4665 4667 4666 
2877 5123 6474 5842 
2878 6181 6603 5378 
2879 6415 6591 5669 
2880 4692 6222 6070 
2881 4082 6644 5688 
2882 5254 6823 5972 
2883 5285 5286 4786 
2884 4533 5893 5048 
2885 4019 5843 4021 
2886 4046 4048 4047 
2887 5698 5701 5700 
2888 4079 5713 4074 
2889 4468 4478 4467 
2890 365 6024 3883 
2891 5625 6318 5122 
2892 4625 6850 4627 
2893 5599 6349 5602 
2894 4926 5853 4927 
2895 3986 5729 3993 
2896 5084 5484 4221 
2897 4476 6526 6123 
2898 5684 6596 6007 
2899 3983 5617 3976 
2900 4922 4923 4921 
2901 5584 5586 5582 
2902 4440 4443 4442 
2903 3957 6131 5621 
2904 5050 5315 5314 
2905 6427 6883 4289 
2906 4790 4989 4789 
2907 3976 5617 3977 
2908 5036 6747 5035 
2909 5579 6491 5184 
2910 4059 4064 4062 
2911 4387 4665 4521 
2912 3956 3957 3931 
2913 5602 5603 5601 
2914 6102 6293 4603 
2915 3976 3977 3952 
2916 4272 4276 4275 
2917 4718 4720 4719 
2918 4063 6037 3972 
2919 4464 4465 4463 
2920 5419 5422 5421 
2921 4219 5866 4231 
2922 5876 6851 4227 
2923 4260 4262 4259 
2924 4619 4620 4052 
2925 3971 3974 3972 
2926 5764 6227 5324 
2927 4533 5048 4535 
2928 4105 6873 4008 
2929 5511 6799 5777 
2930 5366 6467 6419 
2931 4932 4976 4930 
2932 5591 5595 5592 
2933 5862 5863 4411 
2934 4869 4994 4972 
2935 572 6862 4114 
2936 4851 4852 4850 
2937 3878 6668 369 
2938 5703 5704 3884 
2939 5331 6416 5335 
2940 4937 4939 4938 
2941 4570 6292 4566 
2942 5771 5773 5772 
2943 3966 6756 5864 
2944 4001 6404 4067 
2945 362 6841 3877 
2946 4480 5967 3912 
2947 4483 6882 4354 
2948 5755 6605 4428 
2949 5651 6929 3959 
2950 3901 5432 3892 
2951 4460 6772 4367 
2952 3922 5672 3917 
2953 4317 5850 4119 
2954 3948 6126 3943 
2955 4149 5054 4128 
2956 5643 5644 5640 
2957 5248 6554 6288 
2958 4061 6700 4320 
2959 6145 6790 4601 
2960 5678 6755 5909 
2961 371 6026 3885 
2962 345 5854 5665 
2963 4234 4326 4233 
2964 5765 6561 5492 
2965 4611 6678 5664 
2966 5605 5606 5603 
2967 4396 6207 4398 
2968 4791 4792 4685 
2969 5752 6835 4093 
2970 3974 3979 3975 
2971 4899 5108 5107 
2972 3938 5523 4529 
2973 5755 6703 5605 
2974 5159 6122 5116 
2975 4496 6473 5303 
2976 3905 4528 3907 
2977 6269 6607 4514 
2978 5455 5456 5454 
2979 5428 5964 5425 
2980 3908 5967 3906 
2981 6143 6182 6162 
2982 4573 4582 4581 
2983 5572 6555 3879 
2984 4853 4854 4852 
2985 5312 5738 4932 
2986 5898 6710 6344 
2987 4912 6805 4884 
2988 4209 4210 4159 
2989 4720 4722 4721 
2990 4096 4671 4117 
2991 4922 5889 4925 
2992 4759 6560 6181 
2993 5276 6121 6120 
2994 5296 5298 5297 
2995 4268 6495 4270 
2996 5503 6806 5502 
2997 5181 5183 5182 
2998 4226 6411 6191 
2999 4923 5749 5133 
3000 4985 5001 4653 
3001 5183 5186 5185 
3002 4327 4395 4326 
3003 5499 6383 5825 
3004 4263 4265 4262 
3005 5874 6842 5979 
3006 4186 4187 4162 
3007 3959 6131 3957 
3008 4382 6803 4954 
3009 4667 4754 4753 
3010 5809 6510 5610 
3011 5177 5179 5178 
3012 5655 5742 5653 
3013 5179 5181 5180 
3014 5186 5551 5287 
3015 5769 6011 5771 
3016 4872 5541 4506 
3017 4646 4951 4864 
3018 4168 4172 4171 
3019 4498 5915 5548 
3020 5641 6066 5121 
3021 4804 4805 4656 
3022 4482 4911 4910 
3023 4474 6714 6400 
3024 4248 6665 5127 
3025 5628 5633 5630 
3026 4091 5862 4411 
3027 4253 4255 4254 
3028 4508 4658 4478 
3029 5095 6596 5684 
3030 4172 4212 4211 
3031 4550 4551 4549 
3032 6055 6229 5571 
3033 4398 4488 4487 
3034 4040 5939 4096 
3035 5873 5944 5638 
3036 3987 3988 3980 
3037 4027 4028 4026 
3038 4910 6612 5849 
3039 5815 6814 3895 
3040 5703 6769 6482 
3041 4997 5570 4805 
3042 5545 5637 5143 
3043 5872 6356 5085 
3044 4281 4283 4282 
3045 3944 4158 3947 
3046 4048 4050 4049 
3047 5575 6159 5224 
3048 4722 4724 4723 
3049 4119 5850 4079 
3050 4123 4630 3911 
3051 307 6456 308 
3052 5196 5746 5198 
3053 5175 5177 5176 
3054 5202 5489 5001 
3055 5140 6857 5336 
3056 4655 4656 4471 
3057 5562 6673 4975 
3058 5246 6452 5756 
3059 4939 5043 4940 
3060 5298 5510 5509 
3061 4064 4073 4065 
3062 4321 4523 4522 
3063 4566 6292 4564 
3064 5337 5988 5952 
3065 3927 5996 3924 
3066 4523 5902 4918 
3067 4266 4267 4265 
3068 4746 4977 4658 
3069 5610 6707 5609 
3070 5864 6765 3966 
3071 6070 6222 5078 
3072 5595 5597 5596 
3073 5127 6829 4251 
3074 6145 6910 6790 
3075 5811 6853 4273 
3076 3886 6055 5820 
3077 5473 6689 5696 
3078 4285 5681 4287 
3079 4324 6060 5737 
3080 5132 6318 4631 
3081 4724 4726 4725 
3082 4325 4333 4332 
3083 4197 4200 4198 
3084 5766 5874 4891 
3085 5164 5166 5165 
3086 4318 4451 4450 
3087 4157 4215 4214 
3088 5080 6222 5730 
3089 5381 6832 5379 
3090 4782 4788 4787 
3091 5773 5851 5772 
3092 5171 5173 5172 
3093 5573 6231 5074 
3094 5049 5082 4989 
3095 5720 6554 5523 
3096 5634 6044 5635 
3097 5587 5588 5586 
3098 5772 5968 5770 
3099 4523 4751 4641 
3100 5210 5711 5710 
3101 5817 5878 5819 
3102 4635 6811 5633 
3103 4932 5738 4976 
3104 4625 4627 4626 
3105 5398 6749 6467 
3106 5168 5171 5170 
3107 4488 5659 4745 
3108 4005 6808 4001 
3109 4041 5731 3992 
3110 6660 6857 3999 
3111 6592 6903 6282 
3112 5571 5620 5570 
3113 5166 5168 5167 
3114 5967 6792 5483 
3115 5162 5164 5163 
3116 4396 4397 4395 
3117 6172 6799 5511 
3118 4935 4936 4934 
3119 4788 6561 5765 
3120 4871 6937 5857 
3121 4965 6362 5371 
3122 4089 5862 4091 
3123 5382 6736 5972 
3124 4279 4280 4278 
3125 5568 6132 5577 
3126 5150 6372 6142 
3127 4015 4016 4013 
3128 5706 6102 6101 
3129 3894 6422 342 
3130 4079 5850 5713 
3131 5936 6805 4912 
3132 4808 5246 4507 
3133 4726 4728 4727 
3134 4702 6167 4699 
3135 5071 6698 5555 
3136 4950 6463 5994 
3137 5496 6193 6021 
3138 4732 4734 4733 
3139 4164 4317 4119 
3140 4734 4736 4735 
3141 4091 4411 4122 
3142 4736 4738 4737 
3143 6137 6275 6049 
3144 5353 6721 5193 
3145 5121 6059 5120 
3146 4000 4004 4001 
3147 4728 6788 4727 
3148 5241 5243 5242 
3149 4601 6790 6149 
3150 5108 5110 5109 
3151 4844 5753 5249 
3152 5800 6129 4829 
3153 4143 4907 4142 
3154 4799 4902 4798 
3155 5453 5454 5247 
3156 5456 6845 5454 
3157 339 6011 340 
3158 4745 6613 6093 
3159 5360 5476 4827 
3160 3923 4461 3926 
3161 4738 4740 4739 
3162 5654 6049 5655 
3163 4730 4732 4731 
3164 5423 5735 5734 
3165 321 6015 322 
3166 5084 6533 5485 
3167 4102 4449 4111 
3168 4795 4796 4794 
3169 353 6229 3886 
3170 4568 4571 4570 
3171 4820 6663 5118 
3172 4222 4324 4236 
3173 5110 5117 5116 
3174 5597 5599 5598 
3175 4238 4239 4210 
3176 4942 5756 4669 
3177 5644 6443 5899 
3178 4658 6505 4478 
3179 4157 5899 4215 
3180 4973 6904 4739 
3181 5148 6653 6509 
3182 4773 6322 5059 
3183 5117 5160 5159 
3184 4009 6717 6020 
3185 4562 4564 4563 
3186 4146 4179 4178 
3187 5443 6508 5547 
3188 5591 5592 5589 
3189 5845 5846 5200 
3190 6111 6383 6110 
3191 6244 6271 5169 
3192 6123 6429 4476 
3193 5723 6246 5135 
3194 6101 6102 4603 
3195 4900 5490 4068 
3196 6169 6414 5542 
3197 4073 4079 4074 
3198 6258 6636 5205 
3199 4567 6886 6581 
3200 5044 5537 5139 
3201 6749 6848 5404 
3202 6004 6600 5152 
3203 3890 6249 360 
3204 4778 4779 4777 
3205 6490 6832 6216 
3206 4449 6697 6160 
3207 4066 4974 4104 
3208 4740 4743 4741 
3209 6366 6857 5140 
3210 4116 4129 4127 
3211 5158 5413 5412 
3212 4101 4174 4099 
3213 4489 4490 4429 
3214 5429 6873 6403 
3215 4023 4025 4024 
3216 4486 6174 6059 
3217 4891 5979 4942 
3218 4614 6861 5565 
3219 5300 5805 5754 
3220 4121 6058 4816 
3221 5708 5934 5394 
3222 4924 5749 4923 
3223 4661 4662 4051 
3224 5899 6443 4215 
3225 5072 6231 6069 
3226 4844 5867 5753 
3227 5233 5235 5234 
3228 3958 3959 3957 
3229 4067 6404 6240 
3230 5946 5948 4400 
3231 6215 6453 6216 
3232 4308 6388 6387 
3233 6136 6840 5451 
3234 4659 5843 4038 
3235 4268 4269 4267 
3236 5635 6433 5043 
3237 4648 4944 4943 
3238 4970 5860 4971 
3239 4317 6382 5758 
3240 6069 6231 4640 
3241 4340 6906 4484 
3242 5466 6194 6035 
3243 5599 5601 5600 
3244 4743 4780 4744 
3245 5725 6681 334 
3246 5750 6770 5064 
3247 4481 6866 4363 
3248 4582 4584 4583 
3249 6496 6921 5424 
3250 4103 4659 4038 
3251 4594 4596 4595 
3252 4780 4823 4781 
3253 6115 6778 6597 
3254 5059 5361 5061 
3255 5685 6484 5154 
3256 5631 6330 5629 
3257 2849 5129 3953 
3258 3984 6208 3986 
3259 5858 6713 4990 
3260 6432 6735 5417 
3261 4029 4030 4028 
3262 5386 6846 5388 
3263 4823 4898 4824 
3264 6114 6116 6112 
3265 5905 6513 5930 
3266 5146 6553 5147 
3267 4333 4335 4334 
3268 5208 5465 4994 
3269 5039 5077 5038 
3270 4096 5939 4671 
3271 6385 6675 6386 
3272 5632 6041 5631 
3273 4845 4846 4779 
3274 5500 6677 6653 
3275 6291 6553 5146 
3276 6369 6926 5407 
3277 4669 4670 4490 
3278 4665 4666 4521 
3279 5316 5317 5082 
3280 4972 6818 6013 
3281 5120 6152 5312 
3282 5334 5922 4801 
3283 4188 4189 4187 
3284 5676 6030 5673 
3285 5808 6510 5809 
3286 4451 4468 4467 
3287 4312 4319 4203 
3288 5654 6050 6049 
3289 5559 6753 5426 
3290 4868 4869 4538 
3291 4335 4337 4336 
3292 5323 6209 5829 
3293 5195 6421 5745 
3294 5287 6621 6620 
3295 5932 6090 4329 
3296 6662 6707 5610 
3297 5485 6533 6527 
3298 4895 4897 4896 
3299 1408 5524 1419 
3300 5235 5237 5236 
3301 4283 4285 4284 
3302 4537 4538 4453 
3303 5306 5307 4843 
3304 5156 5449 5390 
3305 5609 6707 5909 
3306 4190 4191 4189 
3307 4078 4085 4083 
3308 4239 5856 4505 
3309 4337 4339 4338 
3310 4669 5756 4670 
3311 3985 5707 3983 
3312 4501 4648 4647 
3313 4339 4342 4340 
3314 4366 6213 4389 
3315 4484 6244 4338 
3316 4342 4344 4343 
3317 5442 5774 5542 
3318 4001 6808 6404 
3319 363 6425 364 
3320 6075 6193 4908 
3321 5621 6131 5102 
3322 4018 4019 4016 
3323 4344 4346 4345 
3324 4929 5643 5640 
3325 5286 6647 6022 
3326 4398 4487 4397 
3327 4449 6835 5752 
3328 5313 5814 4911 
3329 5887 6421 5195 
3330 4804 4997 4805 
3331 4923 5133 5055 
3332 5595 5596 5592 
3333 5542 6414 5441 
3334 4176 4177 4145 
3335 5721 6745 5290 
3336 4667 4753 4666 
3337 4346 4348 4347 
3338 5388 6846 5387 
3339 5821 6390 5065 
3340 5310 6744 5661 
3341 4623 4653 4652 
3342 4114 4660 3465 
3343 4336 6648 5464 
3344 5616 6365 3891 
3345 4941 6018 5427 
3346 4348 4350 4349 
3347 4357 4359 4358 
3348 4523 4641 4522 
3349 4919 5867 4751 
3350 4355 4357 4356 
3351 4889 5563 5005 
3352 4430 4431 4323 
3353 4655 4804 4656 
3354 6759 6894 5588 
3355 4353 4355 4354 
3356 4350 4353 4351 
3357 5324 6227 5049 
3358 5741 6468 5613 
3359 4270 4271 4269 
3360 5102 6131 5104 
3361 4402 5053 4840 
3362 5158 5412 5083 
3363 5049 6227 5316 
3364 4842 4843 4629 
3365 4050 4057 4053 
3366 4955 6612 4910 
3367 5056 6940 4744 
3368 4642 6292 5119 
3369 5225 5227 5226 
3370 4368 4370 4369 
3371 5076 5854 5534 
3372 5329 6334 6097 
3373 5814 6824 4953 
3374 340 6011 5769 
3375 5713 5715 5714 
3376 5199 6534 5887 
3377 6228 6476 5161 
3378 5119 6293 6102 
3379 5821 6450 6386 
3380 4596 4616 4615 
3381 4203 6058 4121 
3382 5606 5622 5608 
3383 5430 6661 5030 
3384 5752 6697 4449 
3385 4496 5303 4499 
3386 5592 5995 5589 
3387 322 6015 5808 
3388 4124 4125 4092 
3389 4889 5005 5004 
3390 4025 4027 4026 
3391 4192 4193 4191 
3392 5546 6139 4483 
3393 4366 4368 4367 
3394 3995 3996 3988 
3395 4179 4181 4180 
3396 6151 6738 5344 
3397 5776 6887 4607 
3398 5970 6395 5660 
3399 5357 6819 5359 
3400 4470 5078 4654 
3401 5112 5154 5153 
3402 4528 6198 3907 
3403 5472 6689 5473 
3404 5642 6708 5641 
3405 5118 6116 6114 
3406 3928 3956 3931 
3407 3888 6410 336 
3408 4997 5571 5570 
3409 4482 4910 3903 
3410 4903 5548 4902 
3411 4751 4844 4641 
3412 4477 6578 5391 
3413 4359 4362 4361 
3414 5078 5080 5079 
3415 4689 5111 4826 
3416 5059 6322 5361 
3417 5080 5444 5281 
3418 4869 5208 4994 
3419 367 6666 368 
3420 4754 5136 4753 
3421 4364 4366 4365 
3422 4473 6447 4785 
3423 4129 4131 4130 
3424 4177 6468 5741 
3425 5553 6526 4476 
3426 3960 3961 3959 
3427 4911 4955 4910 
3428 6050 6202 4039 
3429 5227 5229 5228 
3430 5275 5877 4890 
3431 5597 5598 5596 
3432 4330 4623 4622 
3433 4803 6616 5276 
3434 4930 5853 4926 
3435 5702 6093 5700 
3436 4642 5119 4865 
3437 2849 3953 2838 
3438 5183 6098 5186 
3439 5932 6715 5488 
3440 4468 4508 4478 
3441 359 6502 3890 
3442 5719 6701 6234 
3443 4034 5875 4032 
3444 4362 4364 4363 
3445 4175 4216 4174 
3446 4466 4473 4465 
3447 4505 5558 5557 
3448 4584 4592 4591 
3449 4682 4685 4684 
3450 3878 6666 6194 
3451 4146 5943 4179 
3452 4131 4133 4132 
3453 6253 6505 5194 
3454 364 6024 365 
3455 4370 4372 4371 
3456 4042 6694 4061 
3457 4160 4202 4125 
3458 5600 5610 5609 
3459 5589 5995 5588 
3460 5545 6706 5637 
3461 5359 6590 5459 
3462 5344 6727 4993 
3463 3943 6126 3940 
3464 4183 4233 4217 
3465 4957 5397 5364 
3466 4937 4938 4936 
3467 5281 5304 5079 
3468 4561 6639 5506 
3469 4895 4896 4893 
3470 2783 4879 4436 
3471 4223 4429 4237 
3472 5581 5927 5594 
3473 6611 6628 5114 
3474 337 6410 3898 
3475 4153 4223 4207 
3476 4181 4183 4182 
3477 4155 4511 4213 
3478 5017 5022 5021 
3479 4118 5956 4155 
3480 4432 4433 4431 
3481 5857 6937 5505 
3482 6488 6501 5352 
3483 3921 3982 3981 
3484 3909 4123 3911 
3485 4107 4153 4147 
3486 4959 5103 5102 
3487 3979 3987 3980 
3488 4219 4230 4216 
3489 4510 6384 4959 
3490 5121 6066 6059 
3491 2167 4044 682 
3492 4627 4650 4649 
3493 5413 6539 6074 
3494 5453 5455 5454 
3495 5599 5600 5598 
3496 4194 4195 4193 
3497 4746 4978 4977 
3498 4537 4870 4868 
3499 4508 4746 4658 
3500 5022 5024 5023 
3501 4808 5247 5246 
3502 4899 6175 5108 
3503 6223 6701 5822 
3504 792 4406 715 
3505 4121 4816 4108 
3506 6417 6883 5623 
3507 4076 4107 4106 
3508 3982 3991 3990 
3509 5528 6022 5504 
3510 4007 4010 4008 
3511 4784 4996 4867 
3512 4149 6312 5054 
3513 3997 6366 3988 
3514 4004 4007 4005 
3515 4010 4012 4011 
3516 715 5910 2167 
3517 4870 5158 5083 
3518 5073 5101 5075 
3519 4251 4252 4250 
3520 5140 5336 5045 
3521 3962 3963 3961 
3522 5386 6880 6846 
3523 5591 6888 5595 
3524 5489 5744 5001 
3525 4520 5072 4386 
3526 4653 4998 4652 
3527 6041 6042 5631 
3528 5820 6055 6053 
3529 4272 4275 4271 
3530 4224 4318 4202 
3531 4038 5843 4019 
3532 3991 4076 4075 
3533 4537 4868 4538 
3534 5606 5608 5603 
3535 5645 6191 5590 
3536 306 6370 307 
3537 4212 4241 4240 
3538 1254 5903 1243 
3539 5076 5534 4896 
3540 5217 5219 5218 
3541 5026 5031 5030 
3542 4417 5926 4749 
3543 5600 5609 5598 
3544 869 4045 836 
3545 5772 6500 5968 
3546 4510 4959 4770 
3547 5636 6732 5549 
3548 4133 4135 4134 
3549 4452 6294 3942 
3550 4911 5814 4955 
3551 4923 5055 4921 
3552 4542 4756 4755 
3553 5073 5074 5072 
3554 4998 5131 4652 
3555 4488 4745 4487 
3556 5274 6274 5508 
3557 2486 4409 2893 
3558 4751 5867 4844 
3559 5596 5604 5592 
3560 4476 6889 4358 
3561 5075 5572 5074 
3562 4224 4387 4386 
3563 4709 4710 4708 
3564 4040 4096 4095 
3565 2893 5923 869 
3566 5659 5751 4745 
3567 4844 5081 4641 
3568 4788 4790 4789 
3569 5966 6012 5204 
3570 4436 5728 3454 
3571 1342 5916 1331 
3572 6654 6902 5396 
3573 5848 6330 6042 
3574 5309 6375 5311 
3575 4490 4692 4429 
3576 4443 4445 4444 
3577 3887 6680 324 
3578 4829 6129 5346 
3579 1188 5928 2486 
3580 1958 5900 2761 
3581 5219 5221 5220 
3582 4671 5899 4117 
3583 4321 4522 4453 
3584 4123 4631 4630 
3585 5401 6269 6268 
3586 682 5953 1694 
3587 4984 5522 4863 
3588 4927 5749 4924 
3589 4870 5083 4868 
3590 5188 5190 5189 
3591 4237 4458 4207 
3592 5760 6646 5763 
3593 370 6026 371 
3594 5244 6670 5677 
3595 2651 5930 2640 
3596 4217 4415 4182 
3597 4285 4287 4286 
3598 3914 4480 3912 
3599 3987 3995 3988 
3600 6209 6919 5837 
3601 4387 4521 4520 
3602 4661 5656 4809 
3603 6268 6742 5401 
3604 4179 4180 4178 
3605 605 4410 1188 
3606 5217 6849 5219 
3607 4655 4806 4804 
3608 4756 4768 4767 
3609 5619 6770 5373 
3610 4012 4015 4013 
3611 4090 4691 3973 
3612 5336 6266 5045 
3613 4040 4059 4036 
3614 4135 4137 4136 
3615 4085 4087 4086 
3616 4654 4655 4471 
3617 5136 5137 4753 
3618 4035 4036 4034 
3619 5136 5478 5137 
3620 5327 6798 6673 
3621 4214 4321 4312 
3622 4470 4471 4458 
3623 4974 5943 4104 
3624 6141 6142 6109 
3625 4118 4119 4079 
3626 1628 5940 605 
3627 836 5906 759 
3628 5185 6259 5804 
3629 5080 5281 5079 
3630 5909 6707 3893 
3631 3641 3920 3630 
3632 3828 5962 3817 
3633 3267 3918 1628 
3634 4059 5908 4064 
3635 4817 6471 4418 
3636 4844 5249 5081 
3637 4151 6884 5387 
3638 305 6539 3889 
3639 3289 5925 3278 
3640 5837 5839 5838 
3641 759 5913 792 
3642 4802 6634 6284 
3643 5706 6101 5268 
3644 5604 5995 5592 
3645 6293 6511 4603 
3646 5862 6765 5864 
3647 5112 5685 5154 
3648 4768 4934 4933 
3649 5201 6075 5338 
3650 4137 4139 4138 
3651 4633 4871 4404 
3652 4623 4652 4622 
3653 4522 4537 4453 
3654 5338 6363 5517 
3655 5504 6647 5491 
3656 4027 4029 4028 
3657 5629 6652 4515 
3658 5365 6825 5468 
3659 4035 4040 4036 
3660 4040 4095 4059 
3661 528 5949 550 
3662 5143 6786 5021 
3663 4321 4453 4312 
3664 5576 6565 5575 
3665 3817 3925 3311 
3666 6625 6683 5257 
3667 5078 5079 4654 
3668 4644 6760 4646 
3669 4417 4749 4637 
3670 3630 5944 2508 
3671 4395 4428 4326 
3672 5479 6748 6323 
3673 5708 6898 5934 
3674 4657 6850 4625 
3675 4033 4035 4034 
3676 4177 6040 4145 
3677 4146 4178 4176 
3678 5096 5098 5097 
3679 6078 6349 5597 
3680 1331 3946 1254 
3681 4233 4392 4217 
3682 4155 4164 4119 
3683 5756 6452 4670 
3684 5558 5805 5557 
3685 5280 6687 6441 
3686 5012 5015 5014 
3687 2904 5945 3806 
3688 5734 6746 5733 
3689 5623 6883 5475 
3690 4206 6525 5578 
3691 303 6074 304 
3692 1694 4412 462 
3693 334 6555 5725 
3694 4223 4237 4207 
3695 4939 4940 4938 
3696 5010 5012 5011 
3697 4033 4034 4032 
3698 4964 6356 4963 
3699 4345 6402 4343 
3700 1793 5960 1100 
3701 4325 6205 4333 
3702 4153 4207 4147 
3703 1232 4055 561 
3704 4538 6013 4453 
3705 4783 6253 5654 
3706 4666 4668 4521 
3707 693 4056 528 
3708 5043 5044 4940 
3709 1045 4413 1034 
3710 4816 6052 6051 
3711 4107 4147 4106 
3712 2464 4416 3828 
3713 4157 4214 4203 
3714 5897 6773 5435 
3715 6105 6512 5192 
3716 4183 4217 4182 
3717 5007 5010 5009 
3718 4638 4817 4418 
3719 3918 6559 5895 
3720 3333 5914 3322 
3721 4287 4290 4288 
3722 5646 6650 4370 
3723 6044 6072 5635 
3724 3036 4043 2244 
3725 451 6001 539 
3726 4808 5452 5247 
3727 4155 5956 4511 
3728 5741 6469 4177 
3729 5005 5007 5006 
3730 5063 6203 5060 
3731 1034 5955 1804 
3732 4104 4146 4145 
3733 5127 6665 6428 
3734 1804 3936 1793 
3735 4276 4278 4277 
3736 4231 4315 4314 
3737 3322 5959 2915 
3738 561 5974 803 
3739 1100 4414 1089 
3740 4066 6082 4974 
3741 737 5969 693 
3742 5715 6551 4951 
3743 4214 4312 4203 
3744 4290 4300 4291 
3745 473 4419 737 
3746 4317 5865 5850 
3747 4213 4313 4164 
3748 4493 4494 4492 
3749 5145 5822 5719 
3750 3925 6518 5671 
3751 4470 4654 4471 
3752 1089 5961 638 
3753 2332 5971 473 
3754 4073 4118 4079 
3755 5057 6516 6129 
3756 3311 5952 3300 
3757 5723 6883 6427 
3758 5745 6766 5746 
3759 583 4110 2651 
3760 3991 4075 3990 
3761 4181 4182 4180 
3762 3773 3941 3289 
3763 4306 5065 1606 
3764 803 4423 616 
3765 5319 6091 5917 
3766 1298 3954 1287 
3767 957 5975 946 
3768 4552 4559 4551 
3769 4124 4160 4125 
3770 4703 6939 5330 
3771 638 5978 627 
3772 4018 4038 4019 
3773 5344 6548 6155 
3774 4330 4507 4313 
3775 5070 5520 5519 
3776 1771 5951 3641 
3777 4622 4808 4507 
3778 616 5983 814 
3779 3964 3965 3963 
3780 3399 4420 2332 
3781 814 4422 858 
3782 6283 6746 5734 
3783 2266 5990 2255 
3784 4494 6521 5462 
3785 4645 5245 4643 
3786 4596 6677 4616 
3787 4031 4060 4033 
3788 2453 4072 2442 
3789 5994 6463 4693 
3790 5839 6009 5884 
3791 781 5984 770 
3792 1320 4084 1309 
3793 1243 4393 3333 
3794 1573 5739 1584 
3795 2277 5981 2453 
3796 6640 6938 5431 
3797 858 5993 748 
3798 4300 4310 4301 
3799 2475 5963 2464 
3800 4976 5853 4930 
3801 4076 4106 4075 
3802 5075 5725 5572 
3803 5807 6722 5522 
3804 3542 5938 3762 
3805 5088 5090 5089 
3806 4461 6532 5852 
3807 4508 4758 4746 
3808 5073 5075 5074 
3809 2288 4424 2277 
3810 4998 5261 5131 
3811 4160 4224 4202 
3812 3956 3958 3957 
3813 1947 5982 3399 
3814 3212 4071 2266 
3815 4029 4031 4030 
3816 4451 4640 4468 
3817 5618 6342 4632 
3818 3921 3981 3916 
3819 2255 4425 2673 
3820 4754 6038 5136 
3821 4237 4470 4458 
3822 1969 3955 1958 
3823 4547 4782 4546 
3824 3300 5988 2530 
3825 3966 3967 3965 
3826 4520 5073 5072 
3827 3476 5970 1320 
3828 5038 6747 5036 
3829 4224 4386 4318 
3830 4158 4209 4159 
3831 4487 4774 4397 
3832 4147 4206 4106 
3833 2761 4388 2750 
3834 946 4421 781 
3835 748 4054 1947 
3836 5674 5675 4952 
3837 627 4082 957 
3838 4558 6126 3948 
3839 5072 6069 4386 
3840 4015 4018 4016 
3841 4122 4204 4124 
3842 4118 4155 4119 
3843 5147 5251 4818 
3844 3968 3969 3967 
3845 5252 6645 4445 
3846 3806 4400 3795 
3847 5717 6916 6458 
3848 4897 5076 4896 
3849 4139 4141 4140 
3850 4155 4213 4164 
3851 4031 4032 4030 
3852 1144 5991 2288 
3853 4157 4203 4121 
3854 6846 6880 5385 
3855 4096 4117 4108 
3856 3873 6755 5678 
3857 4387 4520 4386 
3858 5994 6785 4950 
3859 3751 4394 1342 
3860 4527 6517 4462 
3861 5661 6424 5310 
3862 1782 5980 1771 
3863 3223 5989 3212 
3864 5192 5492 4815 
3865 4063 6544 6485 
3866 4330 4622 4507 
3867 2783 4436 3454 
3868 4213 4330 4313 
3869 5452 5453 5247 
3870 1914 4112 1903 
3871 550 6007 847 
3872 4117 4157 4121 
3873 5148 6509 5402 
3874 770 4081 3487 
3875 4372 4374 4373 
3876 3795 5948 3784 
3877 2519 5999 3223 
3878 4103 6040 4659 
3879 5849 6612 3875 
3880 4066 4104 4103 
3881 5815 6472 5412 
3882 4975 6798 4719 
3883 1155 4070 1144 
3884 5398 6848 6749 
3885 5077 6617 6340 
3886 4869 6025 5208 
3887 4312 6013 4319 
3888 2530 4341 2519 
3889 3968 4089 3973 
3890 4816 6311 6052 
3891 1166 4352 1782 
3892 5705 6482 4758 
3893 3998 4017 4000 
3894 4749 4814 4813 
3895 4868 6025 4869 
3896 3784 5933 3773 
3897 4949 5275 4890 
3898 5454 6452 5247 
3899 4018 4066 4038 
3900 5700 6613 5699 
3901 4663 4890 4469 
3902 4319 6058 4203 
3903 5261 5647 5131 
3904 4907 6021 5201 
3905 5453 6024 5455 
3906 2926 4405 3839 
3907 2497 4360 935 
3908 5187 6378 5624 
3909 4659 6165 5843 
3910 3995 4401 3996 
3911 5533 6715 5932 
3912 4310 4426 4311 
3913 6317 6396 6314 
3914 4023 4037 4025 
3915 4225 6869 5486 
3916 5994 6023 5258 
3917 847 4408 451 
3918 3968 3973 3969 
3919 3960 3962 3961 
3920 4631 6010 4630 
3921 4091 4122 4092 
3922 4089 6765 5862 
3923 4413 6556 5888 
3924 5750 6719 5373 
3925 1265 5896 1969 
3926 2915 4163 2904 
3927 4231 4314 4230 
3928 4758 6304 5798 
3929 4790 5049 4989 
3930 3933 5256 3930 
3931 3969 5935 3971 
3932 6466 6657 6391 
3933 4016 6105 4013 
3934 5318 5319 5317 
3935 2750 5937 3553 
3936 4178 4226 4176 
3937 4783 6505 6253 
3938 4060 6708 6036 
3939 1287 5886 2090 
3940 4862 4888 4877 
3941 6034 6534 4196 
3942 5809 6033 3887 
3943 4842 5306 4843 
3944 4449 6333 4111 
3945 5269 5706 5268 
3946 4146 4176 4145 
3947 2728 4113 2717 
3948 5149 6928 4860 
3949 4691 5935 3973 
3950 4281 4282 4280 
3951 3966 3968 3967 
3952 5053 5194 4840 
3953 4392 6605 5755 
3954 5457 6506 5002 
3955 4122 4124 4092 
3956 5713 5850 5715 
3957 2079 5904 3421 
3958 4982 5000 4999 
3959 334 6681 335 
3960 4570 6293 6292 
3961 4988 5086 5085 
3962 4096 4108 4095 
3963 4075 4516 3990 
3964 5850 5865 5715 
3965 4283 4284 4282 
3966 4104 4145 4103 
3967 4602 6360 6085 
3968 3982 3990 3981 
3969 4456 5672 3922 
3970 5293 6882 6670 
3971 5770 6478 3894 
3972 5843 6164 4021 
3973 4653 6035 4998 
3974 4104 5943 4146 
3975 5708 6729 4070 
3976 4201 4519 4518 
3977 4117 4121 4108 
3978 4996 6839 6810 
3979 5477 6568 4232 
3980 4360 6667 5873 
3981 5001 6035 4653 
3982 5745 5746 5196 
3983 3901 6874 5432 
3984 5603 6033 5601 
3985 3974 4039 3979 
3986 6726 6877 5499 
3987 4440 4442 4438 
3988 6027 6274 4381 
3989 4545 4546 4544 
3990 3964 3966 3965 
3991 5759 6475 5055 
3992 4209 4238 4210 
3993 5241 5242 5239 
3994 4524 4874 4873 
3995 4864 4995 4984 
3996 4470 6070 5078 
3997 5285 5823 5286 
3998 338 6686 5 
3999 5 6686 339 
4000 4095 5908 4059 
4001 6194 6666 5261 
4002 825 6003 2926 
4003 5566 6731 5562 
4004 4814 4982 4981 
4005 4035 6036 5939 
4006 3990 6061 3981 
4007 3553 4199 3542 
4008 4172 4211 4171 
4009 4031 4033 4032 
4010 3938 4529 4205 
4011 4402 6178 5053 
4012 320 6688 4 
4013 4 6688 321 
4014 5246 6896 4507 
4015 356 6690 6 
4016 6 6690 357 
4017 4543 4544 4541 
4018 4991 6597 5445 
4019 4200 4201 4198 
4020 5818 6690 3897 
4021 3962 3964 3963 
4022 4968 5268 4617 
4023 1276 4328 1265 
4024 5999 6408 5989 
4025 5846 5869 5200 
4026 5334 6496 5922 
4027 4066 4103 4038 
4028 4123 5132 4631 
4029 5852 6532 5470 
4030 484 4381 825 
4031 4188 6725 4190 
4032 3421 6034 3410 
4033 4426 4769 4427 
4034 5668 6085 5292 
4035 2827 6027 484 
4036 4439 6498 6322 
4037 4646 4864 4863 
4038 462 6028 2827 
4039 4197 4198 4195 
4040 5233 5234 5231 
4041 2244 5919 880 
4042 5652 6712 5651 
4043 4461 5997 3926 
4044 4330 6063 4623 
4045 6035 6194 4998 
4046 4641 6006 4522 
4047 4630 6010 4784 
4048 3926 5997 3928 
4049 4871 5857 5856 
4050 4893 6038 4754 
4051 4871 5856 4404 
4052 4524 4872 4506 
4053 5534 6038 4896 
4054 6503 6538 5712 
4055 6157 6557 4580 
4056 352 6343 6229 
4057 5049 5316 5082 
4058 5174 5175 5173 
4059 5866 6739 4950 
4060 4141 4143 4142 
4061 4842 5410 5306 
4062 5037 5694 5693 
4063 5062 5063 5060 
4064 5370 6644 5978 
4065 5712 6925 5690 
4066 4185 6060 4222 
4067 4537 6006 4870 
4068 374 6699 3 
4069 3 6699 303 
4070 4374 4376 4375 
4071 6143 6557 6144 
4072 5695 6440 4452 
4073 4461 5998 5997 
4074 6119 6730 5792 
4075 5083 6025 4868 
4076 5683 6693 5682 
4077 5893 6444 5894 
4078 6353 6459 4847 
4079 4270 6495 6454 
4080 6064 6397 5452 
4081 5699 6613 5751 
4082 5103 5621 5102 
4083 5842 6669 4528 
4084 5058 5134 5057 
4085 4502 4503 4500 
4086 4285 4286 4284 
4087 4212 4240 4211 
4088 5131 6397 6064 
4089 4117 5899 4157 
4090 3907 6198 3909 
4091 5828 5831 5802 
4092 4091 4092 4090 
4093 5655 6911 5742 
4094 5888 6556 4113 
4095 4253 4254 4252 
4096 3958 3960 3959 
4097 4816 6051 4108 
4098 2662 6734 5934 
4099 5304 6057 5079 
4100 5067 5821 5065 
4101 4238 4404 4239 
4102 4729 4730 4728 
4103 5161 5162 5160 
4104 6079 6703 4428 
4105 3995 4402 4401 
4106 2090 4316 2079 
4107 4772 6129 5800 
4108 5475 6883 5723 
4109 3762 6299 3751 
4110 4376 4378 4377 
4111 6052 6311 5648 
4112 1496 6189 1507 
4113 4404 5856 4239 
4114 5648 6311 5202 
4115 4453 6013 4312 
4116 5468 6821 4948 
4117 4803 5276 5047 
4118 5746 5747 5198 
4119 4118 6076 5956 
4120 3962 4218 3964 
4121 5243 5244 5242 
4122 5111 5685 5112 
4123 4522 6006 4537 
4124 5268 6462 4617 
4125 4644 4646 4645 
4126 4164 6382 4317 
4127 4088 6685 4022 
4128 5728 6420 5129 
4129 4384 4464 4463 
4130 4411 6077 4122 
4131 3410 4196 1650 
4132 4175 6833 4219 
4133 4692 6070 4429 
4134 4204 6750 6732 
4135 4201 6691 4519 
4136 4504 5050 4503 
4137 5050 5985 5315 
4138 3965 6346 3963 
4139 4452 6440 6177 
4140 4619 5389 4620 
4141 4874 5320 5253 
4142 4648 4943 4647 
4143 5703 6482 5705 
4144 3936 6572 5960 
4145 6602 6609 5853 
4146 4378 4380 4379 
4147 4854 4857 4856 
4148 5225 5226 5223 
4149 4392 6349 6078 
4150 5073 6081 5101 
4151 5633 6811 5630 
4152 4089 4091 4090 
4153 4804 6053 4997 
4154 5744 6035 5001 
4155 5283 5284 4766 
4156 6264 6849 5434 
4157 4864 4984 4863 
4158 4427 4506 4311 
4159 4187 6312 4162 
4160 4959 5102 4770 
4161 5196 5198 5197 
4162 396 4296 385 
4163 4318 6069 4451 
4164 6400 6763 4474 
4165 6016 6588 4220 
4166 5081 6006 4641 
4167 4027 4486 4029 
4168 5307 6207 5526 
4169 5188 5189 4944 
4170 5284 6267 4766 
4171 4497 4498 4495 
4172 5543 5901 4999 
4173 4829 5285 4786 
4174 5608 6033 5603 
4175 3942 6294 3944 
4176 5471 6807 6441 
4177 3938 4205 3935 
4178 6475 6791 5867 
4179 5614 6894 6759 
4180 5158 6608 5413 
4181 3944 6294 4158 
4182 4010 4014 4012 
4183 370 6668 6026 
4184 5522 6158 4863 
4185 4657 6629 5797 
4186 5427 6717 5559 
4187 5108 6175 5384 
4188 4303 6406 5706 
4189 5778 5779 5512 
4190 4276 4277 4275 
4191 5565 6558 4614 
4192 4959 6177 5103 
4193 4840 4842 4629 
4194 3278 6325 1914 
4195 5934 6898 2662 
4196 4113 6513 5905 
4197 4140 6642 4152 
4198 6342 6793 4632 
4199 4519 4694 4693 
4200 4429 6070 4237 
4201 4064 6076 4073 
4202 5789 6630 5786 
4203 6284 6634 5282 
4204 4122 6077 4204 
4205 4173 6899 5942 
4206 5131 6064 4652 
4207 4397 6079 4395 
4208 3973 5935 3969 
4209 5175 6029 5177 
4210 4463 6802 6524 
4211 5482 6632 5481 
4212 4670 6054 4490 
4213 4015 6082 4018 
4214 4290 4291 4288 
4215 4938 5679 4936 
4216 5255 6464 5845 
4217 5829 6209 5832 
4218 4160 6439 5844 
4219 6121 6616 4616 
4220 5520 5802 5801 
4221 5044 5139 5045 
4222 4995 6551 5865 
4223 5024 6661 5277 
4224 4300 4301 4291 
4225 4287 4288 4286 
4226 4655 6057 4806 
4227 5235 5236 5234 
4228 6054 6393 4692 
4229 5426 6753 6180 
4230 352 6229 353 
4231 5520 6497 5830 
4232 5316 5318 5317 
4233 4896 6038 4893 
4234 4692 6393 6222 
4235 4057 5650 5649 
4236 5706 6406 6102 
4237 3839 6379 3036 
4238 4169 4832 4167 
4239 6370 6456 307 
4240 5251 5941 4818 
4241 3879 6555 333 
4242 6385 6386 5424 
4243 4773 5057 4772 
4244 1639 5907 1276 
4245 5433 6904 4973 
4246 5190 6002 5189 
4247 4646 4863 4645 
4248 5966 6910 6100 
4249 5604 6764 5909 
4250 4771 6920 6742 
4251 5228 6866 6434 
4252 4402 4629 4401 
4253 5288 5289 4811 
4254 5750 6368 5113 
4255 4033 6036 4035 
4256 4511 6063 4213 
4257 5101 6080 5075 
4258 6042 6330 5631 
4259 5044 5045 4940 
4260 5237 6139 5236 
4261 4255 4294 4254 
4262 4402 4840 4629 
4263 4089 4090 3973 
4264 5804 6729 5182 
4265 6127 6329 4165 
4266 4888 5563 4889 
4267 6019 6157 6020 
4268 5139 5670 5140 
4269 4534 4536 4532 
4270 4997 6055 5571 
4271 4310 4311 4301 
4272 4806 6053 4804 
4273 4658 6876 6505 
4274 4386 6069 4318 
4275 4784 6010 4996 
4276 5738 6469 4976 
4277 1650 5986 1639 
4278 5423 6627 5735 
4279 4472 4786 4322 
4280 4898 6175 4899 
4281 4654 6057 4655 
4282 3877 6425 363 
4283 5126 6400 5124 
4284 5217 5218 5100 
4285 4479 6610 6303 
4286 6161 6414 4606 
4287 5891 6611 5114 
4288 6188 6704 5431 
4289 5780 5781 5779 
4290 4970 6682 5859 
4291 6041 6901 6043 
4292 5874 6923 4984 
4293 4036 6528 4034 
4294 3885 6472 5815 
4295 2167 5910 4044 
4296 4243 5926 4241 
4297 5043 6834 5044 
4298 4808 6064 5452 
4299 4490 6054 4692 
4300 4048 4156 4050 
4301 4529 4531 4530 
4302 4406 5910 715 
4303 5154 5156 5155 
4304 6740 6801 4294 
4305 6566 6659 5216 
4306 6148 6726 5214 
4307 5883 6086 5840 
4308 4004 4525 4007 
4309 4067 6660 3999 
4310 5679 6812 4067 
4311 5697 6802 4465 
4312 5184 6098 5183 
4313 5499 6877 6383 
4314 6022 6647 5504 
4315 5792 5794 5790 
4316 5432 6874 5849 
4317 360 6249 361 
4318 4530 4819 4205 
4319 4095 6051 5908 
4320 5053 6253 5194 
4321 4668 6081 4521 
4322 4485 6256 6029 
4323 4916 6301 5972 
4324 4749 4813 4637 
4325 5976 5977 4421 
4326 5895 6559 6001 
4327 5908 6076 4064 
4328 4524 4873 4872 
4329 5565 6593 5301 
4330 6038 6442 5136 
4331 5102 5104 4770 
4332 5818 6502 358 
4333 4650 5555 4673 
4334 5227 5228 5226 
4335 4521 6081 4520 
4336 5361 5463 5061 
4337 5690 6925 6837 
4338 4710 4917 4712 
4339 4846 4849 4848 
4340 4439 4772 4437 
4341 4652 6064 4622 
4342 6074 6539 304 
4343 5079 6057 4654 
4344 5147 5799 5251 
4345 5096 5097 5094 
4346 4217 6078 4415 
4347 4557 5191 4841 
4348 4458 6103 4207 
4349 4790 5324 5049 
4350 5000 5543 4999 
4351 4633 4878 4871 
4352 4535 4644 4643 
4353 5979 6696 5758 
4354 5124 6816 4906 
4355 3963 6346 3989 
4356 4145 6040 4103 
4357 5092 5724 5090 
4358 6084 6684 5314 
4359 5174 5474 5340 
4360 6431 6884 6490 
4361 6020 6157 6156 
4362 4162 6312 4149 
4363 4324 6205 4325 
4364 5763 6199 5263 
4365 4996 6810 5863 
4366 5522 6722 6158 
4367 869 5923 4045 
4368 5020 6704 6219 
4369 4044 5953 682 
4370 4426 4427 4311 
4371 5863 6865 5503 
4372 5139 5140 5045 
4373 4174 6320 4099 
4374 5442 5855 5775 
4375 5681 6724 5355 
4376 4237 6070 4470 
4377 3729 4258 3718 
4378 5782 5783 5781 
4379 4390 6724 5681 
4380 4409 5923 2893 
4381 6222 6393 5730 
4382 4622 6064 4808 
4383 4333 6205 4457 
4384 4451 6069 4640 
4385 4301 4302 4291 
4386 5078 6222 5080 
4387 4060 6036 4033 
4388 6400 6816 5124 
4389 4756 4767 4755 
4390 4729 5282 4766 
4391 4445 4447 4446 
4392 4116 6333 4129 
4393 4982 4999 4981 
4394 594 6328 583 
4395 5677 6882 4483 
4396 3941 6773 5897 
4397 4986 6278 6014 
4398 5488 5917 5538 
4399 2486 5928 4409 
4400 4286 4292 4284 
4401 4144 6722 5807 
4402 333 6555 334 
4403 4951 6551 4864 
4404 5037 6655 5694 
4405 4213 6063 4330 
4406 5758 6382 5757 
4407 4714 5115 4716 
4408 4875 5855 5442 
4409 5690 6837 4979 
4410 4392 6078 4217 
4411 5843 6165 6164 
4412 6018 6893 6019 
4413 4099 6320 4094 
4414 3987 6178 3995 
4415 4874 5253 4873 
4416 6000 6408 5999 
4417 5825 6276 4962 
4418 5942 6471 4817 
4419 4962 6276 6116 
4420 792 5913 4406 
4421 2563 4587 2552 
4422 4238 4510 4404 
4423 4547 4815 4782 
4424 5075 6080 5725 
4425 5129 6420 5130 
4426 4395 6079 4428 
4427 4427 4524 4506 
4428 5716 6525 6103 
4429 4998 6194 5261 
4430 4241 4417 4240 
4431 6298 6303 6302 
4432 4315 4323 4322 
4433 4531 4533 4532 
4434 4401 6146 3996 
4435 5014 6786 6226 
4436 3946 5903 1254 
4437 3928 5997 3956 
4438 4700 4834 4833 
4439 4073 6076 4118 
4440 4108 6051 4095 
4441 4410 5928 1188 
4442 5380 6832 6490 
4443 5785 5786 5783 
4444 6144 6893 5150 
4445 3994 5871 5707 
4446 4774 6079 4397 
4447 4768 4933 4767 
4448 4919 6475 5867 
4449 1936 6915 6914 
4450 5877 6562 4403 
4451 3916 6073 3914 
4452 4547 4916 4815 
4453 5282 5876 5283 
4454 6313 6314 5289 
4455 4934 5250 4933 
4456 1078 4298 1067 
4457 5181 5184 5183 
4458 4644 4645 4643 
4459 1331 5916 3946 
4460 5219 5220 5218 
4461 6006 6374 4870 
4462 4661 4809 4662 
4463 4981 5279 4813 
4464 4573 4581 4571 
4465 6496 6847 5922 
4466 6388 6390 5821 
4467 4814 4981 4813 
4468 4545 4547 4546 
4469 3487 6395 3476 
4470 4474 5859 4473 
4471 4785 6484 5685 
4472 5488 5538 4983 
4473 3914 6073 4480 
4474 3950 4558 3948 
4475 4857 4859 4858 
4476 4706 4709 4708 
4477 4718 4748 4720 
4478 5969 6566 5682 
4479 5686 6781 5515 
4480 4533 4535 4534 
4481 5898 6325 5925 
4482 5162 5169 5164 
4483 605 5940 4410 
4484 4255 5767 4294 
4485 4382 4954 4905 
4486 5682 6566 5216 
4487 4520 6081 5073 
4488 6060 6858 5420 
4489 5129 5130 3953 
4490 5166 5879 5168 
4491 4510 4770 4633 
4492 4018 6082 4066 
4493 5171 5174 5173 
4494 4954 6803 6364 
4495 4111 6333 4116 
4496 5074 6231 5072 
4497 4488 6571 5659 
4498 3201 4264 3190 
4499 4398 6331 4488 
4500 3994 5707 3985 
4501 4707 6595 4947 
4502 4732 4839 4734 
4503 4516 6061 3990 
4504 4736 4742 4738 
4505 5108 5384 5110 
4506 902 4261 891 
4507 5586 6894 5687 
4508 2354 4304 2343 
4509 1595 4306 1606 
4510 4417 4418 4240 
4511 5849 6874 4910 
4512 5273 6455 5911 
4513 4510 4633 4404 
4514 5857 6536 5558 
4515 5081 6374 6006 
4516 3817 5962 3925 
4517 4045 5906 836 
4518 6053 6055 4997 
4519 3918 5940 1628 
4520 5088 5089 5086 
4521 5555 6698 4673 
4522 5117 5161 5160 
4523 5839 6065 5840 
4524 2046 6045 1078 
4525 1430 5666 1441 
4526 4722 4802 4724 
4527 5594 6789 5611 
4528 5483 6792 5482 
4529 913 6110 902 
4530 4610 5402 4597 
4531 1243 5903 4393 
4532 4740 4986 4743 
4533 5508 6274 6027 
4534 4915 5124 4906 
4535 5604 6755 5995 
4536 4222 6060 4324 
4537 6297 6298 4512 
4538 5714 6553 4170 
4539 5082 6740 5732 
4540 6399 6642 5349 
4541 3955 5900 1958 
4542 4579 6143 6142 
4543 5123 6794 5826 
4544 5954 6455 5273 
4545 1694 5953 4412 
4546 6297 6797 5388 
4547 6532 6900 5470 
4548 5320 5992 5253 
4549 3920 5944 3630 
4550 3958 4636 3960 
4551 3113 4599 913 
4552 4780 5128 4823 
4553 5237 6354 6139 
4554 5492 6561 4815 
4555 5660 6423 5109 
4556 5307 6331 6207 
4557 4529 4530 4205 
4558 4949 5299 5275 
4559 4443 4444 4442 
4560 4726 4729 4728 
4561 4176 6468 4177 
4562 4416 5962 3828 
4563 5510 5892 5509 
4564 4333 4457 4335 
4565 3124 6124 3113 
4566 4158 5209 4209 
4567 332 6934 3879 
4568 4767 5254 4755 
4569 5098 5280 5097 
4570 4663 4949 4890 
4571 6032 6711 4460 
4572 4638 5146 4818 
4573 5597 6349 5599 
4574 5724 6807 4407 
4575 4216 4747 4174 
4576 4394 5916 1342 
4577 429 4585 418 
4578 4638 4818 4817 
4579 407 5803 396 
4580 6058 6311 4816 
4581 4504 5300 5051 
4582 4339 4509 4342 
4583 3941 5925 3289 
4584 4280 4289 4278 
4585 5693 6843 5037 
4586 4207 6103 4147 
4587 2365 6094 2354 
4588 3641 5951 3920 
4589 891 6104 1023 
4590 4682 4684 4681 
4591 351 6343 352 
4592 1474 6009 1485 
4593 5451 6840 4390 
4594 5192 6736 6105 
4595 4087 4493 4492 
4596 4344 4459 4346 
4597 3135 4589 3124 
4598 4818 5941 4817 
4599 2761 5900 4388 
4600 3909 6198 4123 
4601 4069 6376 4078 
4602 3925 5952 3311 
4603 3718 6083 2134 
4604 517 4297 506 
4605 4498 6184 4495 
4606 4180 6411 4178 
4607 4259 5767 4255 
4608 5694 6861 5326 
4609 1804 5955 3936 
4610 4291 6072 4288 
4611 4381 6274 6004 
4612 4582 4583 4581 
4613 5125 5126 5124 
4614 3936 5960 1793 
4615 4663 4950 4949 
4616 4943 5439 4945 
4617 3981 6073 3916 
4618 1540 5827 1551 
4619 2552 6087 2541 
4620 4348 4512 4350 
4621 5906 5913 759 
4622 4508 6304 4758 
4623 3597 6113 3135 
4624 4524 6281 4874 
4625 4645 6158 5245 
4626 5250 5429 4933 
4627 5527 6330 5848 
4628 1100 5960 4414 
4629 4129 5138 4131 
4630 3190 6099 3179 
4631 5134 6203 5824 
4632 5313 6824 5814 
4633 3923 6532 4461 
4634 4413 5955 1034 
4635 4320 5731 4041 
4636 3608 6133 3597 
4637 4271 4273 4269 
4638 6330 6652 5629 
4639 4206 6130 4106 
4640 4055 5974 561 
4641 5825 6383 6111 
4642 5157 6580 5727 
4643 4078 6376 4085 
4644 4859 4861 4860 
4645 3953 5710 2838 
4646 4557 6535 5191 
4647 6472 6718 6025 
4648 6014 6533 5084 
4649 5762 6751 5761 
4650 693 5969 4056 
4651 3619 4588 3608 
4652 1848 6108 2365 
4653 4189 4514 4187 
4654 4696 4990 4694 
4655 4403 6562 6305 
4656 3954 5886 1287 
4657 4168 4171 4169 
4658 4879 4880 4436 
4659 4056 5949 528 
4660 2464 5963 4416 
4661 4411 6810 6077 
4662 5860 5861 4971 
4663 3168 4607 3157 
4664 4795 6236 4796 
4665 4950 6785 5866 
4666 6441 6687 5471 
4667 4535 4643 4534 
4668 4355 4479 4357 
4669 5031 5034 5033 
4670 4796 4798 4797 
4671 5306 6331 5307 
4672 6066 6248 4486 
4673 935 6401 924 
4674 2838 5710 3355 
4675 4110 5930 2651 
4676 4265 4274 4262 
4677 3179 6145 3102 
4678 4419 5969 737 
4679 4988 5085 4967 
4680 5467 6892 6407 
4681 4193 4403 4191 
4682 4758 6762 5705 
4683 803 5974 4423 
4684 5709 6576 6308 
4685 4021 6164 4023 
4686 3977 4166 4165 
4687 5380 6867 6832 
4688 5534 6442 6038 
4689 4821 4822 4765 
4690 4414 5961 1089 
4691 2673 6734 2662 
4692 4531 4532 4530 
4693 5276 6616 6121 
4694 1012 6147 1001 
4695 4417 4637 4418 
4696 4393 5914 3333 
4697 1023 5215 1012 
4698 473 5971 4419 
4699 4366 4389 4368 
4700 4314 4399 4230 
4701 5445 6777 6254 
4702 3959 6929 6131 
4703 1969 5896 3955 
4704 3889 6370 306 
4705 5119 5890 4865 
4706 4147 6103 4206 
4707 5174 5340 5175 
4708 6152 6165 5312 
4709 6340 6617 5207 
4710 3971 6137 3974 
4711 4201 4469 4198 
4712 3806 5945 4400 
4713 440 6168 429 
4714 5137 6449 4753 
4715 1001 4576 1760 
4716 3773 5933 3941 
4717 1859 4600 1848 
4718 5787 5789 5786 
4719 4423 5983 616 
4720 2343 6190 3872 
4721 5968 6449 5137 
4722 5220 6032 5218 
4723 4133 4454 4135 
4724 5961 5978 638 
4725 5146 5147 4818 
4726 3102 4601 3091 
4727 4420 5971 2332 
4728 5726 6536 5857 
4729 5729 6242 4046 
4730 4562 4563 4560 
4731 3996 6146 3998 
4732 5296 5297 4992 
4733 5249 6300 5081 
4734 4637 4638 4418 
4735 5244 5677 5242 
4736 3564 6125 3619 
4737 4594 4595 4592 
4738 3245 6169 3234 
4739 1760 6151 1749 
4740 4359 4513 4362 
4741 2453 5981 4072 
4742 814 5983 4422 
4743 5355 6594 5681 
4744 5742 6911 6017 
4745 418 6117 3069 
4746 4568 4570 4566 
4747 1815 6062 517 
4748 5627 6839 5626 
4749 5485 6527 5885 
4750 4533 4534 4532 
4751 4071 5990 2266 
4752 4683 4687 4680 
4753 5885 6614 5485 
4754 5914 5959 3322 
4755 3740 6217 3729 
4756 4916 5192 4815 
4757 3234 6138 3168 
4758 5952 5988 3300 
4759 4659 6626 6165 
4760 5326 6067 5694 
4761 1320 5970 4084 
4762 5895 6618 3918 
4763 3091 6149 3080 
4764 2255 5990 4425 
4765 4082 5975 957 
4766 627 5978 4082 
4767 4424 5981 2277 
4768 6249 6841 361 
4769 4422 5993 858 
4770 4729 4766 4730 
4771 2145 5806 1298 
4772 5283 5486 5284 
4773 946 5975 4421 
4774 1705 4009 2706 
4775 4468 6304 4508 
4776 4904 6672 6567 
4777 3399 5982 4420 
4778 3998 6146 4017 
4779 4106 6130 4075 
4780 4163 5945 2904 
4781 4296 5803 5333 
4782 6021 6567 5496 
4783 4331 6918 5667 
4784 3707 6162 3696 
4785 1771 5980 5951 
4786 4400 5948 3795 
4787 4421 5984 781 
4788 1749 6155 1738 
4789 4943 4945 4647 
4790 3861 6170 3850 
4791 3256 4606 3245 
4792 5055 6475 4921 
4793 5949 6007 550 
4794 4870 6374 5158 
4795 4478 6505 4783 
4796 5935 6137 3971 
4797 3212 5989 4071 
4798 2057 6200 2046 
4799 4542 4755 4543 
4800 1870 6141 1859 
4801 4543 4545 4544 
4802 2288 5991 4424 
4803 3784 5948 5933 
4804 4625 4626 4613 
4805 2706 6156 2695 
4806 748 5993 4054 
4807 5302 5810 5213 
4808 1716 6153 1705 
4809 770 5984 4081 
4810 3069 6150 3058 
4811 4054 5982 1947 
4812 6153 6166 5559 
4813 1727 6166 1716 
4814 4495 6184 4494 
4815 5114 5892 5891 
4816 3977 4165 3952 
4817 5699 6769 5703 
4818 4640 6304 4468 
4819 4315 4322 4314 
4820 5086 6008 5085 
4821 2915 5959 4163 
4822 5563 6580 6579 
4823 2684 4580 3707 
4824 6501 6939 4705 
4825 4849 4851 4850 
4826 3058 5513 3047 
4827 336 6410 337 
4828 5845 6464 6220 
4829 1463 5884 1474 
4830 2541 5784 440 
4831 4709 5950 4710 
4832 5692 6621 5691 
4833 4388 5937 2750 
4834 1661 4578 1727 
4835 6128 6817 5322 
4836 6027 6028 5508 
4837 5083 6472 6025 
4838 4017 6787 5847 
4839 3223 5999 5989 
4840 2530 5988 4341 
4841 6832 6867 5379 
4842 4070 5991 1144 
4843 4763 4778 4777 
4844 6061 6073 3981 
4845 1738 4574 2816 
4846 4542 4543 4541 
4847 1672 6179 1661 
4848 2134 5788 2123 
4849 4196 6534 5987 
4850 3080 4577 1683 
4851 5549 6750 5550 
4852 3685 4579 1870 
4853 5260 6576 5709 
4854 5945 6731 5566 
4855 1683 6183 1672 
4856 4782 6561 4788 
4857 4341 5999 2519 
4858 2662 6898 1155 
4859 5774 6913 5542 
4860 4247 4256 4245 
4861 3696 6182 3685 
4862 5275 6268 5877 
4863 4352 5980 1782 
4864 5917 5918 5538 
4865 4504 5051 5050 
4866 5115 6619 5912 
4867 4501 4647 4502 
4868 6407 6892 5460 
4869 4085 4750 4087 
4870 6431 6490 6298 
4871 671 5514 660 
4872 6316 6317 6314 
4873 4540 4542 4541 
4874 4842 6140 5410 
4875 4408 6001 451 
4876 4666 6449 4668 
4877 4158 6294 5209 
4878 4851 4853 4852 
4879 4233 6605 4392 
4880 5298 5509 5297 
4881 5239 6354 5237 
4882 1199 6171 671 
4883 5925 6325 3278 
4884 3663 5295 3652 
4885 4025 6174 4027 
4886 5282 5283 4766 
4887 4627 4649 4626 
4888 5122 6474 5123 
4889 6315 6316 6314 
4890 3974 6137 4039 
4891 3872 5003 3861 
4892 3966 6765 3968 
4893 5136 6442 5478 
4894 4246 6931 6665 
4895 6221 6941 6826 
4896 5221 6470 5220 
4897 6140 6586 5410 
4898 6049 6275 5655 
4899 342 6422 343 
4900 5397 5408 5364 
4901 4564 4642 4563 
4902 5909 6764 5609 
4903 4023 6164 4037 
4904 6362 6436 5371 
4905 5363 6795 6567 
4906 5287 6620 6259 
4907 4800 5354 4797 
4908 3850 6196 2431 
4909 847 6007 4408 
4910 3553 5937 4199 
4911 5127 6641 6316 
4912 6257 6503 4835 
4913 4139 4208 4141 
4914 4514 6312 4187 
4915 5911 6436 6362 
4916 4558 6329 6127 
4917 4472 5800 4829 
4918 2398 5008 2387 
4919 3986 6208 5729 
4920 4241 5926 4417 
4921 4545 6301 4547 
4922 5609 6764 5598 
4923 4199 5938 3542 
4924 5877 6336 4890 
4925 5759 6791 6475 
4926 5505 6350 4769 
4927 4075 6130 4516 
4928 4415 6658 4182 
4929 5231 6123 5229 
4930 3919 6532 3923 
4931 2431 4569 2420 
4932 5822 6701 5719 
4933 4502 4504 4503 
4934 4836 4838 4837 
4935 3979 6202 3987 
4936 4292 6757 6044 
4937 4584 4591 4583 
4938 2112 6541 6039 
4939 4254 4329 4252 
4940 6525 6824 5578 
4941 5133 6365 5055 
4942 4984 6923 5522 
4943 4619 6547 5389 
4944 2409 6195 2398 
4945 4201 4518 4469 
4946 4124 6439 4160 
4947 5057 6129 4772 
4948 5439 5557 4945 
4949 4535 6409 4644 
4950 4412 6028 462 
4951 5289 6405 4811 
4952 1914 6325 4112 
4953 6269 6562 6268 
4954 3575 6243 3564 
4955 5611 6609 5612 
4956 3751 6299 4394 
4957 5882 6599 4971 
4958 5614 6759 3873 
4959 1067 6068 1056 
4960 5796 6385 5794 
4961 4123 6198 5132 
4962 4171 4173 4169 
4963 2816 6186 2805 
4964 4031 6248 4060 
4965 3366 6187 2068 
4966 4618 6886 6558 
4967 4277 4539 4275 
4968 2420 6204 2409 
4969 5958 6160 5447 
4970 3014 6206 3003 
4971 4694 6023 4693 
4972 4687 6201 4680 
4973 3003 5013 2882 
4974 4812 6260 4675 
4975 4328 5896 1265 
4976 5300 5754 5051 
4977 5987 6534 6489 
4978 5401 6355 6269 
4979 4596 4615 4595 
4980 5194 6140 4840 
4981 5865 6696 4995 
4982 6005 6796 5189 
4983 6362 6537 5273 
4984 4017 6327 4000 
4985 2068 5019 2057 
4986 4445 4446 4444 
4987 5062 5064 5063 
4988 5229 6526 5228 
4989 4284 6245 4282 
4990 2211 6251 3256 
4991 3995 6178 4402 
4992 3047 6173 1221 
4993 5114 6933 5892 
4994 1056 6134 2035 
4995 4166 4168 4167 
4996 5223 6154 5221 
4997 3652 6197 3586 
4998 4840 6140 4842 
4999 6095 6506 5457 
5000 5938 6299 3762 
5001 583 6328 4110 
5002 1980 5793 3740 
5003 6826 6941 5294 
5004 2959 6223 2948 
5005 6040 6626 4659 
5006 368 6666 3878 
5007 4863 6158 4645 
5008 2090 5886 4316 
5009 6732 6750 5549 
5010 5134 6516 5057 
5011 4499 4501 4500 
5012 5487 6891 5932 
5013 5977 5984 4421 
5014 4039 6202 3979 
5015 4540 4541 4539 
5016 4464 4466 4465 
5017 3377 5018 3366 
5018 4976 6602 5853 
5019 3520 5144 3509 
5020 6810 6839 5627 
5021 4829 5346 5285 
5022 4154 6357 5901 
5023 6030 6351 4536 
5024 5876 6634 5375 
5025 6292 6293 5119 
5026 4519 4693 4518 
5027 3935 6230 3933 
5028 4792 4794 4793 
5029 4433 4435 4434 
5030 4037 6174 4025 
5031 5961 6486 5370 
5032 1210 6247 1199 
5033 4773 5058 5057 
5034 2926 6003 4405 
5035 4372 4385 4374 
5036 3476 6395 5970 
5037 5340 6029 5175 
5038 4313 6382 4164 
5039 1419 4475 1430 
5040 4710 5950 4917 
5041 4862 6499 4888 
5042 5768 6662 3896 
5043 4758 6482 4746 
5044 4747 6320 4174 
5045 5650 6550 5649 
5046 4472 4829 4786 
5047 5532 6399 5350 
5048 4518 4663 4469 
5049 4773 5059 5058 
5050 5051 5985 5050 
5051 5139 6544 5670 
5052 4778 4845 4779 
5053 5731 6804 5824 
5054 5861 5883 4971 
5055 5202 6643 5489 
5056 5397 6521 5408 
5057 5266 6316 6315 
5058 4081 6395 3487 
5059 506 5812 495 
5060 5130 5210 3953 
5061 5824 5871 3994 
5062 2321 5405 2310 
5063 5709 6853 5438 
5064 4185 6858 6060 
5065 5542 6913 6138 
5066 5442 5775 5774 
5067 5255 6747 5501 
5068 2970 5142 2959 
5069 2233 6252 2222 
5070 5156 6585 5155 
5071 4102 6835 4449 
5072 2805 4602 2794 
5073 5515 6781 6752 
5074 4428 6605 4326 
5075 5527 6652 6330 
5076 6288 6554 4832 
5077 5288 6313 5289 
5078 4936 6240 4934 
5079 4027 6174 4486 
5080 4129 6333 5138 
5081 4178 6411 4226 
5082 5632 6901 6041 
5083 5823 6700 4061 
5084 5901 6357 4999 
5085 6056 6418 5702 
5086 5753 6791 3876 
5087 5190 6424 6002 
5088 2640 6513 2728 
5089 4168 4169 4167 
5090 5797 6630 4657 
5091 6893 6917 5150 
5092 5970 6122 4084 
5093 6254 6826 5294 
5094 4934 6240 5250 
5095 6298 6302 4512 
5096 5347 6459 5348 
5097 4506 6326 4311 
5098 6458 6916 4961 
5099 6546 6588 6016 
5100 3933 6230 5256 
5101 5680 6604 6359 
5102 4277 4540 4539 
5103 5975 5976 4421 
5104 3586 4590 3575 
5105 4563 6405 4560 
5106 4536 6351 4532 
5107 5100 6211 5098 
5108 6111 6276 5825 
5109 4472 6457 5800 
5110 4424 6259 5981 
5111 4046 6242 4048 
5112 5974 6132 4423 
5113 4043 5919 2244 
5114 5464 6476 6228 
5115 5923 5924 4045 
5116 4439 4773 4772 
5117 6322 6498 4517 
5118 4381 6003 825 
5119 5497 6940 5056 
5120 5786 6630 5797 
5121 4007 6250 4010 
5122 4560 6405 4559 
5123 5612 6609 6602 
5124 4570 6511 6293 
5125 4786 6451 4322 
5126 4070 6729 5991 
5127 6739 6833 5299 
5128 5930 6513 2640 
5129 6469 6602 4976 
5130 4043 5921 5920 
5131 358 6502 359 
5132 5730 6868 3877 
5133 5412 6472 5083 
5134 4910 6874 3903 
5135 4341 6000 5999 
5136 5062 5750 5064 
5137 4809 5105 4810 
5138 5753 6456 5249 
5139 4422 6159 5993 
5140 6360 6774 5291 
5141 3036 6379 4043 
5142 5647 6397 5131 
5143 5300 6855 5805 
5144 4029 6248 4031 
5145 5912 6568 5115 
5146 5827 5830 5740 
5147 1221 4586 1210 
5148 4323 4472 4322 
5149 5982 6264 4420 
5150 5198 6538 6257 
5151 2387 6295 2376 
5152 5643 6443 5644 
5153 5089 6008 5086 
5154 4360 6401 935 
5155 4680 6201 4677 
5156 4885 5539 4913 
5157 6077 6810 5627 
5158 5749 6789 5594 
5159 880 6394 2574 
5160 5098 6211 5280 
5161 5090 6430 5089 
5162 484 6027 4381 
5163 2827 6028 6027 
5164 1276 5907 4328 
5165 5824 6804 5134 
5166 4010 6250 4014 
5167 4378 4382 4380 
5168 5094 6237 5092 
5169 5724 6430 5090 
5170 4547 6301 4916 
5171 2794 6241 2629 
5172 5605 6703 5607 
5173 4968 5269 5268 
5174 6120 6460 4305 
5175 5011 6848 5398 
5176 5819 6502 5818 
5177 6359 6371 5680 
5178 5348 6353 5669 
5179 4501 4502 4500 
5180 4302 6072 4291 
5181 5851 6500 5772 
5182 2222 4608 2211 
5183 1584 6413 1595 
5184 6043 6809 4014 
5185 5790 6545 5789 
5186 5910 5911 4044 
5187 5596 6764 5604 
5188 4273 6853 6358 
5189 5367 6940 5497 
5190 5245 6238 6031 
5191 4557 4639 4446 
5192 4689 6524 5111 
5193 3962 6309 4218 
5194 4854 6493 4857 
5195 5174 6265 5474 
5196 5048 6409 4535 
5197 4526 6524 4689 
5198 5059 5061 5060 
5199 6052 6522 6051 
5200 6207 6331 4398 
5201 4769 6281 4427 
5202 4977 6586 4658 
5203 4435 4438 4437 
5204 4316 5904 2079 
5205 6163 6210 4833 
5206 5179 6255 5181 
5207 5015 6786 5014 
5208 5234 6123 5231 
5209 3025 6212 3014 
5210 5177 6256 5179 
5211 5168 6265 5171 
5212 4902 6084 4798 
5213 4798 4800 4797 
5214 5914 6048 5959 
5215 5859 5860 4970 
5216 4841 5479 4639 
5217 5242 6354 5239 
5218 3388 6219 3377 
5219 5922 6847 5069 
5220 6313 6315 6314 
5221 4335 6283 4337 
5222 4394 6097 5916 
5223 6372 6828 6674 
5224 4865 5288 4811 
5225 1045 6556 4413 
5226 3267 6559 3918 
5227 5690 6503 5712 
5228 5512 5891 5510 
5229 4405 6379 3839 
5230 5249 6456 6370 
5231 5706 6671 4303 
5232 5908 6522 6076 
5233 5862 6865 5863 
5234 5196 5197 4831 
5235 4734 6272 4736 
5236 5946 6737 5052 
5237 5164 6271 5166 
5238 6389 6391 4307 
5239 1837 6106 1826 
5240 4743 6280 4780 
5241 5193 5615 4837 
5242 5110 6277 5117 
5243 4063 6485 6037 
5244 4114 6862 5656 
5245 6074 6814 5413 
5246 4730 6267 4732 
5247 4447 4557 4446 
5248 5748 6741 6552 
5249 4738 6278 4740 
5250 4579 6142 6141 
5251 660 6192 649 
5252 4000 6327 4004 
5253 4940 6266 4938 
5254 4180 6658 6411 
5255 2013 5027 1837 
5256 4921 6475 4919 
5257 6312 6607 5054 
5258 4342 6287 4344 
5259 4729 6284 5282 
5260 5291 6774 6548 
5261 3674 6361 3663 
5262 4960 6120 4687 
5263 4753 6449 4666 
5264 3410 6034 4196 
5265 4571 6511 4570 
5266 4496 4499 4497 
5267 4683 4961 4960 
5268 2882 6337 2871 
5269 4493 4495 4494 
5270 5273 6537 5271 
5271 3890 6859 6249 
5272 4974 6426 5943 
5273 4819 6230 4205 
5274 4267 6308 4265 
5275 5904 6034 3421 
5276 5462 6521 5554 
5277 3987 6202 6178 
5278 6314 6396 5289 
5279 5607 6418 6056 
5280 6001 6559 539 
5281 4337 6286 4339 
5282 3355 4120 3344 
5283 4650 4673 4672 
5284 4709 6335 5950 
5285 5161 6277 6228 
5286 4887 5207 5206 
5287 4990 6023 4694 
5288 6076 6522 5956 
5289 4995 6696 5979 
5290 4881 5728 4436 
5291 4599 6112 6111 
5292 5066 5067 5065 
5293 2629 4575 2618 
5294 6113 6115 6114 
5295 4433 4434 4431 
5296 2860 6232 2321 
5297 4812 6698 5801 
5298 4072 6529 2442 
5299 4143 4956 4907 
5300 4724 6284 4726 
5301 4700 4833 4698 
5302 2717 6556 1045 
5303 4716 6273 4718 
5304 3531 6224 3520 
5305 1364 5020 3388 
5306 4204 6439 4124 
5307 4305 6460 5868 
5308 4642 4865 4811 
5309 2728 6513 4113 
5310 5247 6452 5246 
5311 4196 5986 1650 
5312 5503 6865 5864 
5313 1232 6569 4055 
5314 4961 5721 5290 
5315 4961 5290 4960 
5316 4525 6250 4007 
5317 6450 6496 5424 
5318 5045 6266 4940 
5319 5953 5954 4412 
5320 4346 6296 4348 
5321 4084 6577 1309 
5322 539 6559 3267 
5323 5016 5017 5015 
5324 2475 6577 5963 
5325 5104 6285 4770 
5326 5787 6723 5795 
5327 3509 6352 2992 
5328 6121 6201 4687 
5329 4720 6282 4722 
5330 304 6539 305 
5331 4268 6589 6494 
5332 2024 6218 2013 
5333 5935 6275 6137 
5334 5963 6577 5696 
5335 2035 5029 2024 
5336 4800 5355 5354 
5337 4486 6248 4029 
5338 4769 6350 6135 
5339 2310 6341 2299 
5340 1298 5806 3954 
5341 4642 4811 4563 
5342 4549 6535 4447 
5343 5835 6775 5973 
5344 4984 6842 5874 
5345 3879 6934 5574 
5346 6487 6488 5352 
5347 5853 6609 4927 
5348 4350 6302 4353 
5349 4169 6288 4832 
5350 6199 6595 5262 
5351 4191 6305 4189 
5352 2948 6345 2937 
5353 5226 6154 5223 
5354 5155 6319 5920 
5355 4794 6136 4793 
5356 5798 6762 4758 
5357 4113 6556 2717 
5358 5034 5036 5035 
5359 5944 6667 2508 
5360 6609 6789 4927 
5361 2981 6233 2970 
5362 6036 6860 5939 
5363 4382 4383 4380 
5364 2442 6529 1177 
5365 5354 6840 6136 
5366 1375 6261 1364 
5367 4357 6306 4359 
5368 3952 6329 3950 
5369 4579 6182 6143 
5370 5928 6432 4409 
5371 5352 6501 4946 
5372 6103 6525 4206 
5373 5061 5062 5060 
5374 6026 6718 3885 
5375 6586 6870 5410 
5376 4551 4556 4549 
5377 4676 6515 5829 
5378 4292 6245 4284 
5379 4085 6376 4750 
5380 5679 6240 4936 
5381 3960 6309 3962 
5382 6569 6676 4055 
5383 4112 6615 1903 
5384 2178 6377 2233 
5385 5059 5060 5058 
5386 1639 5986 5907 
5387 6308 6358 5709 
5388 3915 6900 3919 
5389 5044 6834 5537 
5390 5478 6478 5137 
5391 5727 6584 5157 
5392 2618 6279 2607 
5393 5424 6942 6385 
5394 4938 6266 5679 
5395 5456 6868 6393 
5396 4636 6310 6309 
5397 396 5803 4296 
5398 5588 6894 5586 
5399 4650 4672 4649 
5400 4493 4496 4495 
5401 5189 6796 4944 
5402 2156 4229 2145 
5403 4691 6275 5935 
5404 5593 6888 5591 
5405 5840 6086 5973 
5406 6274 6600 6004 
5407 4674 5500 4672 
5408 4766 6267 4730 
5409 5156 6484 5449 
5410 5249 6370 6300 
5411 5354 6136 4797 
5412 5041 5693 5506 
5413 4166 4167 4165 
5414 5434 6849 5217 
5415 4841 5480 5479 
5416 4205 6230 3935 
5417 4166 6793 4168 
5418 924 6569 1232 
5419 5172 6408 6000 
5420 5025 5026 5024 
5421 2376 4006 3025 
5422 4131 6321 4133 
5423 5438 6853 5811 
5424 4846 6507 4849 
5425 4806 6664 5878 
5426 4638 6290 5146 
5427 4683 4960 4687 
5428 4499 4500 4497 
5429 6263 6289 4249 
5430 1309 6577 2475 
5431 4226 6468 4176 
5432 4809 6479 5105 
5433 4746 6482 4978 
5434 5285 6700 5823 
5435 5739 6875 6413 
5436 4230 6307 4216 
5437 3919 6900 6532 
5438 5912 6619 4917 
5439 4438 4439 4437 
5440 6115 6597 5118 
5441 4836 4837 4834 
5442 5619 6793 6342 
5443 5972 6823 4105 
5444 6029 6256 5177 
5445 4427 6281 4524 
5446 4004 6327 4525 
5447 5279 6290 4813 
5448 4243 6369 5926 
5449 4444 4517 4442 
5450 6297 6431 6298 
5451 5016 5727 5301 
5452 1507 5323 1518 
5453 4384 6523 4464 
5454 2497 6667 4360 
5455 5092 6237 5724 
5456 1826 5028 1815 
5457 6116 6663 4962 
5458 6225 6226 5637 
5459 4838 5353 5193 
5460 5041 6843 5693 
5461 5162 6476 5169 
5462 4057 6378 5650 
5463 6372 6674 6109 
5464 4971 6599 4969 
5465 4810 4969 4662 
5466 4137 6359 4139 
5467 4969 6599 5524 
5468 4821 6574 4822 
5469 5312 6626 5738 
5470 5612 6602 5741 
5471 5218 6211 5100 
5472 6364 6803 4376 
5473 1386 6289 1375 
5474 495 5040 407 
5475 1485 4679 1496 
5476 4278 6417 4277 
5477 5485 6614 5484 
5478 6201 6575 4677 
5479 4292 6246 6245 
5480 2607 4604 2200 
5481 5254 6367 4755 
5482 5987 6489 6488 
5483 4595 6462 4592 
5484 5611 6789 6609 
5485 2123 6541 2112 
5486 6300 6374 5081 
5487 4048 6242 4156 
5488 5540 6645 5252 
5489 6021 6193 5201 
5490 6628 6629 5114 
5491 6494 6495 4268 
5492 2695 6622 2684 
5493 6088 6089 5784 
5494 4770 6285 4633 
5495 5524 6599 4475 
5496 2871 4554 2860 
5497 3146 6564 3201 
5498 5173 6902 5172 
5499 1562 4651 1573 
5500 1595 6413 4306 
5501 6094 6096 6095 
5502 4834 6163 4833 
5503 339 6686 6011 
5504 5689 5936 4979 
5505 4557 4841 4639 
5506 5892 6933 4628 
5507 1881 5663 4879 
5508 4971 5883 5882 
5509 5071 5922 5069 
5510 5310 6424 5190 
5511 4943 6796 5439 
5512 4328 6092 5896 
5513 4796 4797 4794 
5514 5554 6604 5680 
5515 5732 6740 4294 
5516 1166 6856 4352 
5517 5161 6476 5162 
5518 5873 6667 5944 
5519 4289 6417 4278 
5520 5574 6762 5798 
5521 5340 6402 6029 
5522 321 6688 6015 
5523 3964 6756 3966 
5524 3877 6868 6425 
5525 4238 6384 4510 
5526 2299 4553 3531 
5527 5566 6737 5946 
5528 5931 6801 6740 
5529 4435 4437 4434 
5530 4311 6326 4301 
5531 4296 5333 5332 
5532 4496 4497 4495 
5533 4954 6364 6363 
5534 4043 6379 5921 
5535 4015 6809 6082 
5536 5450 6916 5717 
5537 5025 5565 5032 
5538 6165 6626 5312 
5539 5422 6627 5423 
5540 4504 6412 5300 
5541 4633 6285 4878 
5542 6298 6490 6303 
5543 5903 6446 4393 
5544 3893 6707 5768 
5545 4610 6549 5402 
5546 4967 6356 4964 
5547 5097 6237 5094 
5548 6823 6873 4105 
5549 4583 4603 4581 
5550 4917 6619 4712 
5551 5868 6460 5290 
5552 5805 6855 5557 
5553 4864 6551 4995 
5554 2992 4555 2981 
5555 6015 6510 5808 
5556 5111 5697 5685 
5557 2937 4249 1386 
5558 6242 6375 4156 
5559 2200 6338 2189 
5560 1903 6615 594 
5561 335 6681 3888 
5562 4592 6462 4591 
5563 4673 4675 4674 
5564 5916 6334 3946 
5565 5169 6271 5164 
5566 4803 5047 4968 
5567 5751 6769 5699 
5568 6507 6767 5377 
5569 4381 6004 6003 
5570 5299 6742 5275 
5571 5801 6461 4812 
5572 5915 6684 5548 
5573 3956 6373 3958 
5574 649 4003 3674 
5575 5429 6403 4933 
5576 5115 6273 4716 
5577 5192 6512 5492 
5578 5526 6652 5527 
5579 1122 6387 1111 
5580 6264 6565 5576 
5581 4813 6290 4637 
5582 5879 6265 5168 
5583 5408 6184 5409 
5584 4301 6326 4302 
5585 3876 6791 5759 
5586 6032 6211 5218 
5587 4686 6065 5884 
5588 4839 6272 4734 
5589 4615 4803 4617 
5590 4564 6292 4642 
5591 6296 6297 4512 
5592 5488 6715 5917 
5593 4265 6308 4274 
5594 3958 6373 4636 
5595 5998 6373 5997 
5596 5839 5840 5838 
5597 4307 6392 6389 
5598 4556 6535 4549 
5599 5991 6729 5804 
5600 5181 6255 5184 
5601 4884 6420 4881 
5602 4742 6278 4738 
5603 5384 6277 5110 
5604 5351 6679 6656 
5605 4269 6358 4267 
5606 369 6668 370 
5607 6153 6717 4009 
5608 6176 6918 4331 
5609 4466 4474 4473 
5610 4887 5206 4886 
5611 4999 6357 4981 
5612 5920 6319 5919 
5613 4748 6282 4720 
5614 5171 6265 5174 
5615 594 6615 6328 
5616 5739 6413 1584 
5617 5198 6257 5197 
5618 4530 6351 4819 
5619 4275 6348 4271 
5620 4615 4617 4595 
5621 4736 6272 4742 
5622 4663 6463 4950 
5623 4811 6405 4563 
5624 5036 5039 5038 
5625 4986 6280 4743 
5626 5166 6271 5879 
5627 6393 6868 5730 
5628 4981 6357 5279 
5629 4732 6267 4839 
5630 6262 6704 5020 
5631 4135 6371 4137 
5632 5677 6354 5242 
5633 6303 6610 6302 
5634 4245 6369 4243 
5635 4798 6084 4800 
5636 4380 6523 4384 
5637 5117 6277 5161 
5638 4740 6278 4986 
5639 3344 6016 2596 
5640 5495 6794 5842 
5641 4225 6614 5885 
5642 4780 6280 5128 
5643 4457 6283 4335 
5644 6213 6214 5531 
5645 4727 6788 5436 
5646 4704 6339 4706 
5647 324 6680 325 
5648 4802 6284 4724 
5649 4599 6124 6112 
5650 4803 4968 4617 
5651 5418 6437 6432 
5652 6428 6641 5127 
5653 6552 6930 4757 
5654 2189 4002 2178 
5655 6552 6741 5507 
5656 4509 6287 4342 
5657 5537 6544 5139 
5658 4344 6287 4459 
5659 4433 6651 4435 
5660 4418 6471 4240 
5661 4718 6273 4748 
5662 4637 6290 4638 
5663 5439 6796 6005 
5664 4339 6286 4509 
5665 5514 6752 6192 
5666 6251 6831 6161 
5667 6113 6133 6115 
5668 6382 6896 5757 
5669 6489 6836 5330 
5670 4545 6367 6301 
5671 5865 6551 5715 
5672 5917 6715 5319 
5673 4636 6309 3960 
5674 5360 6710 5476 
5675 6300 6370 3889 
5676 4459 6296 4346 
5677 4209 6384 4238 
5678 5796 6483 6466 
5679 3885 6718 6472 
5680 4348 6296 4512 
5681 6490 6884 5380 
5682 3898 6686 338 
5683 4256 6926 6369 
5684 4722 6282 4802 
5685 4726 6284 4729 
5686 6401 6569 924 
5687 5725 6555 5572 
5688 4956 6021 4907 
5689 6071 6763 6400 
5690 4173 6288 4169 
5691 4014 6809 4012 
5692 5870 6640 5046 
5693 6058 6643 6311 
5694 5191 6641 6428 
5695 3895 6699 374 
5696 1518 6515 1529 
5697 4306 5066 5065 
5698 5637 6226 5143 
5699 4512 6302 4350 
5700 6391 6657 4307 
5701 3950 6329 4558 
5702 3896 6688 320 
5703 6072 6757 4288 
5704 5418 6623 6437 
5705 3897 6690 356 
5706 6261 6263 6262 
5707 5306 6571 6331 
5708 5979 6842 4995 
5709 5864 6865 5862 
5710 1991 6481 1980 
5711 4425 6871 6734 
5712 5837 5838 5834 
5713 2508 6667 2497 
5714 4879 4882 4880 
5715 6154 6470 5221 
5716 4403 6305 4191 
5717 4399 6307 4230 
5718 5664 6678 4822 
5719 5552 6670 5244 
5720 5615 6163 4837 
5721 5302 6709 5810 
5722 6317 6890 4556 
5723 4598 6560 4759 
5724 5576 6849 6264 
5725 4313 6896 6382 
5726 3443 5728 5129 
5727 4675 4678 4677 
5728 4945 6412 4647 
5729 4216 6307 4747 
5730 4649 5148 4626 
5731 6541 6582 6039 
5732 4189 6305 4514 
5733 4133 6321 4454 
5734 4532 6351 4530 
5735 4479 6306 4357 
5736 5761 6299 5938 
5737 6093 6613 5700 
5738 5138 6321 4131 
5739 5870 6779 6530 
5740 5356 5378 4845 
5741 5016 6584 5727 
5742 5389 5390 4620 
5743 4359 6306 4513 
5744 5191 6428 4841 
5745 6643 6818 5489 
5746 4755 6367 4543 
5747 4143 4957 4956 
5748 4514 6607 6312 
5749 4963 6517 4527 
5750 6420 6805 5689 
5751 5558 6536 5805 
5752 1078 6045 4298 
5753 4098 6835 4102 
5754 5997 6373 3956 
5755 4282 6427 4280 
5756 4156 6573 4050 
5757 5408 5409 5364 
5758 5329 6705 4901 
5759 6077 6750 4204 
5760 4273 6358 4269 
5761 4262 6381 4259 
5762 5211 6618 5895 
5763 4792 4793 4685 
5764 4061 6694 5823 
5765 5886 6421 4316 
5766 4678 4681 4680 
5767 4326 6605 4233 
5768 4196 5987 5986 
5769 2574 4058 3432 
5770 6094 6108 6096 
5771 4240 6471 4211 
5772 6426 6811 4635 
5773 361 6841 362 
5774 5520 5801 5519 
5775 5459 6590 6328 
5776 4853 6493 4854 
5777 4778 5356 4845 
5778 5209 6384 4209 
5779 4838 5193 4837 
5780 5836 6827 6235 
5781 6112 6276 6111 
5782 5547 6909 5529 
5783 4797 6136 4794 
5784 6286 6347 4509 
5785 6386 6675 6391 
5786 902 6110 4261 
5787 5454 6845 6452 
5788 6240 6404 5250 
5789 6921 6942 5424 
5790 6017 6911 4691 
5791 5509 5516 5297 
5792 5319 6715 5533 
5793 4271 6348 4273 
5794 4845 6507 4846 
5795 6051 6522 5908 
5796 4957 5364 5363 
5797 2585 6047 2156 
5798 4258 6083 3718 
5799 1529 4676 1540 
5800 5441 6414 6161 
5801 2354 6094 4304 
5802 6828 6917 4876 
5803 4050 6573 4057 
5804 6268 6562 5877 
5805 4696 6438 4990 
5806 4675 6260 4678 
5807 5179 6256 6255 
5808 2596 4220 2585 
5809 4812 6461 6260 
5810 5860 6763 6071 
5811 4599 6110 913 
5812 4034 6528 5875 
5813 6020 6717 5427 
5814 4266 6671 6589 
5815 4676 5829 5828 
5816 4543 6367 4545 
5817 5491 6647 5823 
5818 5741 6602 6469 
5819 4767 6403 5254 
5820 6416 6922 5335 
5821 4861 6499 4862 
5822 4161 6858 4185 
5823 4261 6104 891 
5824 6082 6809 6043 
5825 5842 6794 5123 
5826 4714 6619 5115 
5827 5025 6593 5565 
5828 4382 4905 4383 
5829 4587 6087 2552 
5830 4681 4683 4680 
5831 4264 6099 3190 
5832 3113 6124 4599 
5833 4849 5377 4851 
5834 4139 6359 4208 
5835 6163 6854 6210 
5836 5460 6892 5009 
5837 5829 5832 5831 
5838 4464 5342 4466 
5839 4712 6619 4714 
5840 5276 6454 5047 
5841 6355 6907 5743 
5842 5356 6181 5378 
5843 5876 6633 5283 
5844 4992 6574 4821 
5845 6358 6853 5709 
5846 5062 6368 5750 
5847 4613 6549 4610 
5848 6089 6168 5784 
5849 6245 6427 4282 
5850 6316 6829 5127 
5851 4274 6381 4262 
5852 5208 6718 6026 
5853 5343 6737 5566 
5854 6283 6286 4337 
5855 4589 6124 3124 
5856 6216 6832 5381 
5857 4304 6190 2343 
5858 5401 6920 6907 
5859 5404 6848 5014 
5860 4675 4677 4674 
5861 5361 6748 5463 
5862 4364 6570 6213 
5863 3729 6217 4258 
5864 5007 5157 5010 
5865 6470 6711 5220 
5866 5250 6808 5429 
5867 4857 5205 4859 
5868 6210 6438 4833 
5869 4043 5920 5919 
5870 4685 6270 4684 
5871 4454 6371 4135 
5872 5563 6579 5005 
5873 6090 6702 4250 
5874 5106 6878 5976 
5875 4915 5125 5124 
5876 4406 6436 5910 
5877 4280 6427 4289 
5878 5861 6086 5883 
5879 5858 6854 4441 
5880 2365 6108 6094 
5881 5012 5016 5015 
5882 5933 6773 3941 
5883 6181 6560 5325 
5884 4905 4908 4906 
5885 5751 6613 4745 
5886 4409 6437 5923 
5887 4933 6403 4767 
5888 4550 6930 6552 
5889 6867 6884 4151 
5890 5973 6086 5836 
5891 3135 6113 4589 
5892 5779 5891 5512 
5893 4277 6417 4540 
5894 5559 6717 6153 
5895 6416 6850 4657 
5896 4165 6329 3952 
5897 5718 6787 6146 
5898 4765 6678 4761 
5899 4259 6381 5767 
5900 6386 6450 5424 
5901 4815 6561 4782 
5902 4580 6622 6157 
5903 4760 6587 4763 
5904 4651 5739 1573 
5905 4006 6419 6212 
5906 6641 6890 6317 
5907 6477 6782 4455 
5908 4431 6457 4323 
5909 5039 6617 5077 
5910 4173 6444 6288 
5911 5172 6902 6408 
5912 4647 6412 4502 
5913 3597 6133 6113 
5914 6157 6622 6156 
5915 4873 6852 4872 
5916 4355 6610 4479 
5917 5113 6719 5750 
5918 6311 6643 5202 
5919 4539 6348 4275 
5920 5085 6356 4967 
5921 4706 6339 4709 
5922 1023 6104 5215 
5923 5463 6368 5061 
5924 4945 6855 6412 
5925 5410 6571 5306 
5926 1551 5740 1562 
5927 5630 6811 5632 
5928 5282 6634 5876 
5929 6665 6931 5480 
5930 2046 6200 6045 
5931 6099 6145 3179 
5932 4588 6133 3608 
5933 5111 6524 5697 
5934 5236 6429 5234 
5935 5267 6785 5994 
5936 6210 6854 5858 
5937 4905 4906 4383 
5938 4962 6709 5825 
5939 5022 5025 5024 
5940 1892 5663 1881 
5941 6097 6334 5916 
5942 6011 6686 3898 
5943 6388 6389 6387 
5944 4678 4680 4677 
5945 4809 4810 4662 
5946 4600 6108 1848 
5947 5823 6647 5286 
5948 5334 6921 6496 
5949 429 6168 4585 
5950 6177 6440 5103 
5951 5201 6193 6075 
5952 5449 6479 5390 
5953 5184 6491 6098 
5954 4479 6453 6306 
5955 3168 6138 4607 
5956 4888 5564 5563 
5957 4908 6193 5496 
5958 4044 6455 5953 
5959 5539 5540 4913 
5960 4585 6117 418 
5961 968 6465 2002 
5962 5799 6760 5251 
5963 3102 6145 4601 
5964 1507 6189 5323 
5965 5274 6600 6274 
5966 4698 6438 4696 
5967 6015 6688 3896 
5968 4267 6358 6308 
5969 5215 6147 1012 
5970 4528 6669 6198 
5971 6214 6570 4513 
5972 1001 6147 4576 
5973 4673 4674 4672 
5974 3619 6125 4588 
5975 4298 6068 1067 
5976 4353 6610 4355 
5977 4979 6837 5689 
5978 4256 6369 4245 
5979 4441 6651 4433 
5980 5378 6767 6507 
5981 5437 6773 5933 
5982 4414 6486 5961 
5983 6071 6400 5126 
5984 6160 6697 5447 
5985 4683 6458 4961 
5986 4295 6315 6313 
5987 4576 6151 1760 
5988 6123 6526 5229 
5989 4908 5496 4915 
5990 4286 6757 4292 
5991 5290 6745 5868 
5992 4601 6149 3091 
5993 3234 6169 6138 
5994 5506 5507 5042 
5995 4323 6457 4472 
5996 1859 6141 4600 
5997 4200 6691 4201 
5998 4978 6769 5751 
5999 5228 6434 5226 
6000 4837 6163 4834 
6001 4885 4912 4884 
6002 6411 6658 5593 
6003 4880 4881 4436 
6004 5962 6518 3925 
6005 4227 6633 5876 
6006 4314 6451 4399 
6007 5919 6394 880 
6008 6571 6870 5659 
6009 4513 6570 4362 
6010 4606 6169 3245 
6011 6582 6784 5791 
6012 2541 6087 5784 
6013 6236 6822 4796 
6014 1705 6153 4009 
6015 4442 6498 4438 
6016 6151 6155 1749 
6017 5507 6741 5042 
6018 5016 5301 5017 
6019 6172 6752 5514 
6020 4009 6156 2706 
6021 3355 5710 4120 
6022 4888 6499 5564 
6023 5932 6891 6090 
6024 3895 6814 6074 
6025 5786 5797 5783 
6026 5884 6065 5839 
6027 6529 6621 5692 
6028 6323 6748 5361 
6029 2134 6083 5788 
6030 4296 5151 385 
6031 4110 6540 5930 
6032 6263 6692 5278 
6033 4322 6451 4314 
6034 6235 6236 4795 
6035 1716 6166 6153 
6036 5351 6656 6092 
6037 6117 6150 3069 
6038 3888 6681 6080 
6039 5784 6168 440 
6040 5125 6239 5265 
6041 4415 6888 6658 
6042 5336 6812 6266 
6043 3946 6480 5903 
6044 3080 6149 4577 
6045 1452 4686 1463 
6046 4578 6166 1727 
6047 3872 6190 5003 
6048 4580 6162 3707 
6049 4957 5363 4956 
6050 5796 6675 6385 
6051 4579 6141 1870 
6052 5169 6648 6244 
6053 5727 6558 5301 
6054 4182 6658 4180 
6055 6711 6772 4460 
6056 5891 5892 5510 
6057 1738 6155 4574 
6058 517 6062 4297 
6059 4306 6413 5068 
6060 4950 6739 4949 
6061 4679 6189 1496 
6062 1661 6179 4578 
6063 5885 6869 4225 
6064 4581 6511 4571 
6065 3201 6564 4264 
6066 5380 6884 6867 
6067 6162 6182 3696 
6068 5280 6441 5097 
6069 6116 6276 6112 
6070 4362 6570 4364 
6071 3058 6150 5513 
6072 5041 5042 5039 
6073 1672 6183 6179 
6074 6819 6830 5358 
6075 4577 6183 1683 
6076 1441 5880 1452 
6077 4319 6818 6643 
6078 3685 6182 4579 
6079 4502 6412 4504 
6080 5413 6814 5412 
6081 4857 6493 5205 
6082 3903 6874 3901 
6083 5748 6552 4757 
6084 6057 6664 4806 
6085 6230 6897 5256 
6086 6390 6398 5065 
6087 4306 5068 5066 
6088 5823 6694 5491 
6089 6092 6487 5352 
6090 4908 4915 4906 
6091 4793 6270 4685 
6092 6261 6289 6263 
6093 5191 6890 6641 
6094 4606 6414 6169 
6095 6287 6492 4459 
6096 5304 6813 6664 
6097 4517 6563 6323 
6098 4617 6462 4595 
6099 5003 6170 3861 
6100 6328 6590 4110 
6101 4518 6463 4663 
6102 4247 6702 4256 
6103 5145 6692 5822 
6104 3564 6243 6125 
6105 5149 6893 6018 
6106 5025 5032 5026 
6107 4475 5666 1430 
6108 5125 5265 5126 
6109 6170 6196 3850 
6110 6634 6903 5375 
6111 5348 6459 6353 
6112 6412 6855 5300 
6113 5436 6788 6710 
6114 6319 6394 5919 
6115 1177 6856 1166 
6116 6529 6856 1177 
6117 5867 6791 5753 
6118 4709 6339 6335 
6119 5794 6545 5790 
6120 5019 6200 2057 
6121 3968 6765 4089 
6122 5061 6368 5062 
6123 4171 6899 4173 
6124 671 6171 5514 
6125 6489 6534 5199 
6126 5234 6429 6123 
6127 4137 6371 6359 
6128 4114 5656 4661 
6129 5482 6743 6632 
6130 3256 6251 4606 
6131 4372 6650 4385 
6132 6620 6621 4072 
6133 4574 6186 2816 
6134 5357 6830 6819 
6135 5578 6824 5313 
6136 5710 5711 4120 
6137 5290 6460 4960 
6138 2431 6196 4569 
6139 6302 6610 4353 
6140 5041 5506 5042 
6141 4701 6716 4704 
6142 5863 6810 4411 
6143 5626 6839 6010 
6144 4839 6527 6272 
6145 4960 6460 6120 
6146 6259 6620 5981 
6147 4883 4884 4881 
6148 6335 6339 5392 
6149 4599 6111 6110 
6150 5513 6173 3047 
6151 4569 6204 2420 
6152 5500 6653 4672 
6153 3965 6908 6346 
6154 5923 6437 5924 
6155 4054 6565 5982 
6156 5031 5037 5034 
6157 6413 6875 5068 
6158 6074 6699 3895 
6159 6175 6578 5384 
6160 2398 6195 5008 
6161 5304 6664 6057 
6162 5793 6217 3740 
6163 4639 6563 4446 
6164 6487 6543 6488 
6165 4841 6428 5480 
6166 4438 6498 4439 
6167 5226 6434 6154 
6168 4141 6435 4143 
6169 2409 6204 6195 
6170 4057 6573 6378 
6171 4383 6523 4380 
6172 5982 6565 6264 
6173 5265 6235 5126 
6174 2002 4309 1991 
6175 6476 6648 5169 
6176 2068 6187 5019 
6177 4849 6507 5377 
6178 5618 6820 6342 
6179 4460 6905 6032 
6180 5295 6197 3652 
6181 4970 4971 4969 
6182 5632 6811 6426 
6183 6113 6114 4589 
6184 3432 6547 1353 
6185 4693 6463 4518 
6186 4810 4970 4969 
6187 4072 6621 6529 
6188 6156 6622 2695 
6189 5068 5070 5069 
6190 4626 6549 4613 
6191 4264 6100 6099 
6192 5482 6792 6743 
6193 2684 6622 4580 
6194 5903 6480 6446 
6195 5768 6707 6662 
6196 6891 6926 4256 
6197 303 6699 6074 
6198 4447 6535 4557 
6199 1199 6247 6171 
6200 6432 6437 4409 
6201 5598 6764 5596 
6202 6012 6935 5775 
6203 5283 6633 5486 
6204 6025 6718 5208 
6205 6147 6148 4576 
6206 5981 6620 4072 
6207 3003 6206 5013 
6208 4464 6523 5342 
6209 5337 6771 5988 
6210 4679 6919 6189 
6211 5035 6747 5255 
6212 4419 6566 5969 
6213 5911 6455 4044 
6214 4507 6896 4313 
6215 5951 6635 3920 
6216 5070 5519 5071 
6217 5506 6639 5507 
6218 6590 6819 6540 
6219 6331 6571 4488 
6220 5910 6436 5911 
6221 6390 6915 6398 
6222 6597 6778 5445 
6223 5896 6656 3955 
6224 1485 6009 4679 
6225 6068 6134 1056 
6226 4750 6473 4087 
6227 5097 6441 6237 
6228 4885 4913 4912 
6229 5018 6187 3366 
6230 4799 6822 6239 
6231 6275 6911 5655 
6232 4480 6792 5967 
6233 5036 5041 5039 
6234 5089 6477 6008 
6235 6299 6751 4394 
6236 6249 6859 5281 
6237 4607 6887 3157 
6238 6161 6831 5443 
6239 5501 6606 6601 
6240 4927 6789 5749 
6241 5207 5748 5206 
6242 4434 6457 4431 
6243 4819 6897 6230 
6244 4319 6643 6058 
6245 5907 6487 4328 
6246 4294 6801 4254 
6247 6166 6753 5559 
6248 5788 6541 2123 
6249 6044 6757 6072 
6250 4585 6118 6117 
6251 2805 6186 4602 
6252 5834 6128 5322 
6253 5288 6625 6313 
6254 5259 6637 6258 
6255 6094 6095 4304 
6256 4791 6817 6128 
6257 5130 5689 5210 
6258 5314 6684 5915 
6259 5251 6760 6409 
6260 5658 6676 6569 
6261 6282 6903 4802 
6262 3157 6887 3146 
6263 6213 6570 6214 
6264 6485 6852 4873 
6265 5988 6771 4341 
6266 6132 6720 4423 
6267 4370 6650 4372 
6268 5977 6878 5107 
6269 6702 6891 4256 
6270 4208 6435 4141 
6271 5355 6724 5354 
6272 6512 6685 5492 
6273 5257 6683 5890 
6274 4493 6473 4496 
6275 4590 6243 3575 
6276 4763 6587 4778 
6277 4229 5806 2145 
6278 5297 6574 4992 
6279 6142 6372 6109 
6280 6179 6180 4578 
6281 6310 6806 6309 
6282 6339 6716 5392 
6283 4616 6616 4615 
6284 5008 6295 2387 
6285 5474 6906 6761 
6286 4577 6520 6183 
6287 5054 6607 6355 
6288 5914 6863 6048 
6289 5493 6879 6721 
6290 5953 6455 5954 
6291 4944 6796 4943 
6292 6087 6088 5784 
6293 5839 6445 6009 
6294 6150 6332 5513 
6295 6430 6477 5089 
6296 4580 6557 6162 
6297 6389 6392 6387 
6298 3586 6197 4590 
6299 5332 6324 5151 
6300 4833 6438 4698 
6301 6048 6815 5959 
6302 5340 6761 6402 
6303 6109 6674 6096 
6304 4425 6734 2673 
6305 4800 6754 5355 
6306 5514 6192 660 
6307 5142 6223 2959 
6308 6488 6543 5987 
6309 3663 6361 5295 
6310 4608 6251 2211 
6311 4378 6803 4382 
6312 5860 6071 5861 
6313 5890 6683 4865 
6314 4110 6590 6540 
6315 4974 6901 6426 
6316 1221 6173 4586 
6317 4422 6838 6159 
6318 6239 6672 4904 
6319 6355 6607 6269 
6320 5118 6663 6116 
6321 5265 6236 6235 
6322 4258 6119 6083 
6323 5378 6507 4845 
6324 4297 5812 506 
6325 6790 6910 5966 
6326 5924 6733 4045 
6327 4500 6800 4497 
6328 3014 6212 6206 
6329 5995 6759 5588 
6330 6013 6818 4319 
6331 4632 6793 4166 
6332 4586 6247 1210 
6333 5281 6859 5304 
6334 4071 6649 5990 
6335 5747 6538 5198 
6336 3377 6219 5018 
6337 6186 6360 4602 
6338 6825 6904 5433 
6339 6171 6172 5514 
6340 5913 6695 4406 
6341 6316 6641 6317 
6342 4517 6498 4442 
6343 4143 6435 4957 
6344 4087 6473 4493 
6345 5545 6881 6706 
6346 5266 6829 6316 
6347 4590 6254 6243 
6348 5003 6598 6170 
6349 5401 6907 6355 
6350 2222 6252 4608 
6351 495 5812 5040 
6352 5013 6337 2882 
6353 4602 6241 2794 
6354 4902 6684 6084 
6355 4516 6632 6061 
6356 5828 5830 5827 
6357 5831 5833 5802 
6358 5795 6723 5929 
6359 6334 6480 3946 
6360 5323 6515 1518 
6361 5666 5880 1441 
6362 6552 6927 4550 
6363 4288 6757 4286 
6364 5028 6062 1815 
6365 6374 6608 5158 
6366 6308 6576 4274 
6367 5068 5069 5066 
6368 4704 6716 6339 
6369 5295 6221 6197 
6370 6080 6681 5725 
6371 5937 6646 4199 
6372 6173 6514 4586 
6373 6196 6504 4569 
6374 4052 6862 2739 
6375 4264 6564 6531 
6376 5928 6735 6432 
6377 6309 6806 4218 
6378 5978 6644 4082 
6379 4684 6458 4681 
6380 3889 6608 6300 
6381 4605 6767 6603 
6382 4883 4885 4884 
6383 5548 6684 4902 
6384 4067 6812 6660 
6385 6252 6508 4608 
6386 5888 6825 5433 
6387 6204 6519 6195 
6388 5939 6860 4671 
6389 1111 6392 990 
6390 5884 6009 1474 
6391 5070 5071 5069 
6392 5468 6825 5888 
6393 5971 6659 4419 
6394 3520 6224 5144 
6395 5346 6700 5285 
6396 6408 6654 5989 
6397 4603 6511 4581 
6398 5144 6352 3509 
6399 5410 6870 6571 
6400 2035 6134 5029 
6401 4218 6756 3964 
6402 3955 6679 5900 
6403 6092 6656 5896 
6404 4296 5332 5151 
6405 4949 6739 5299 
6406 2321 6232 5405 
6407 4250 6702 4247 
6408 4056 6693 5949 
6409 5341 6863 6446 
6410 4865 6683 5288 
6411 5963 6689 4416 
6412 5008 6407 6295 
6413 4012 6809 4015 
6414 4676 5827 1540 
6415 5405 6341 2310 
6416 5364 6631 5363 
6417 6206 6467 5013 
6418 6223 6345 2948 
6419 6359 6604 4208 
6420 4835 6624 6257 
6421 5905 6821 5468 
6422 5125 6672 6239 
6423 5325 6603 6181 
6424 2970 6233 5142 
6425 5077 6340 5333 
6426 3997 6857 6366 
6427 4615 6616 4803 
6428 5132 6669 6474 
6429 4802 6903 6634 
6430 6402 6761 4343 
6431 2233 6377 6252 
6432 4880 4883 4881 
6433 5220 6711 6032 
6434 6328 6615 5459 
6435 2629 6241 4575 
6436 5006 6892 5467 
6437 4968 6494 5269 
6438 6342 6820 5064 
6439 5020 6219 3388 
6440 4822 6678 4765 
6441 5358 6821 5905 
6442 5047 6494 4968 
6443 4328 6487 6092 
6444 5341 6673 6048 
6445 6045 6046 4298 
6446 5574 6934 6185 
6447 5064 6820 5063 
6448 4410 6735 5928 
6449 5474 6761 5340 
6450 5788 6582 6541 
6451 6300 6608 6374 
6452 6155 6548 4574 
6453 6039 6582 5795 
6454 4977 6870 6586 
6455 5615 6854 6163 
6456 5214 6727 6148 
6457 1353 4619 726 
6458 5973 6924 5835 
6459 5269 6671 5706 
6460 5284 6776 6267 
6461 6471 6899 4211 
6462 4152 6642 6399 
6463 6454 6495 5047 
6464 5989 6654 4071 
6465 4995 6842 4984 
6466 5658 6569 6401 
6467 6452 6845 4670 
6468 5825 6709 5302 
6469 5747 6588 6538 
6470 6674 6828 5376 
6471 1551 5827 5740 
6472 5040 5803 407 
6473 5277 6661 5430 
6474 5333 6340 5332 
6475 5005 6579 5007 
6476 5986 6543 5907 
6477 5018 6188 6187 
6478 4170 6553 6291 
6479 3146 6887 6564 
6480 6567 6795 4904 
6481 4965 6537 6362 
6482 5010 6584 5012 
6483 2376 6295 4006 
6484 5320 6908 5992 
6485 979 6657 968 
6486 4881 6420 5728 
6487 2013 6218 5027 
6488 4681 6458 4683 
6489 5019 6530 6200 
6490 6023 6713 5258 
6491 6323 6563 4639 
6492 5409 6631 5364 
6493 6494 6589 5269 
6494 6409 6760 4644 
6495 4916 6736 5192 
6496 6386 6391 6389 
6497 5027 6106 1837 
6498 5128 6918 6176 
6499 4006 6212 3025 
6500 5029 6218 2024 
6501 4839 6776 6527 
6502 6632 6743 6061 
6503 1562 5740 4651 
6504 6353 6909 5669 
6505 5806 6766 3954 
6506 6492 6797 4459 
6507 5296 6941 5686 
6508 6436 6695 5371 
6509 4498 6800 5915 
6510 6338 6415 4002 
6511 4446 6563 4444 
6512 1364 6261 5020 
6513 5288 6683 6625 
6514 4670 6845 6054 
6515 4120 6016 3344 
6516 6623 6768 5924 
6517 4045 6733 5906 
6518 4947 6595 6199 
6519 1155 6898 4070 
6520 4264 6531 6100 
6521 4575 6279 2618 
6522 6446 6863 4393 
6523 5148 6549 4626 
6524 5840 5973 5838 
6525 4423 6720 5983 
6526 4878 6937 4871 
6527 1529 6515 4676 
6528 6010 6839 4996 
6529 5017 6593 5022 
6530 4341 6771 6000 
6531 4406 6695 6436 
6532 4657 6630 6416 
6533 6558 6886 4614 
6534 6073 6743 4480 
6535 4254 6801 4329 
6536 6743 6792 4480 
6537 4163 6731 5945 
6538 5104 6712 6285 
6539 5064 6770 6342 
6540 5358 6830 6821 
6541 6048 6863 5341 
6542 6261 6262 5020 
6543 6279 6591 4604 
6544 5829 5831 5828 
6545 6510 6662 5610 
6546 5066 6847 5067 
6547 4120 6546 6016 
6548 6586 6876 4658 
6549 4051 5524 1408 
6550 6131 6929 5104 
6551 5042 6617 5039 
6552 4691 6911 6275 
6553 1826 6106 5028 
6554 4778 6587 5356 
6555 2871 6337 4554 
6556 4674 6575 5500 
6557 6198 6669 5132 
6558 5365 6904 6825 
6559 4555 6234 6233 
6560 6446 6480 5328 
6561 4686 5884 1463 
6562 4554 6232 2860 
6563 5275 6742 6268 
6564 5615 6879 6854 
6565 6493 6583 5205 
6566 4394 6751 6097 
6567 6189 6209 5323 
6568 1980 6481 5793 
6569 6576 6895 4274 
6570 4651 6497 5739 
6571 4553 6224 3531 
6572 1375 6289 6261 
6573 5516 6574 5297 
6574 4444 6563 4517 
6575 5557 6855 4945 
6576 2299 6341 4553 
6577 649 6192 4003 
6578 4003 6361 3674 
6579 2607 6279 4604 
6580 6821 6830 4948 
6581 6415 6909 5547 
6582 4419 6659 6566 
6583 2992 6352 4555 
6584 5301 6593 5017 
6585 5781 6611 5779 
6586 6776 6869 5885 
6587 2937 6345 4249 
6588 6134 6220 5029 
6589 4555 6233 2981 
6590 6146 6787 4017 
6591 4961 6916 5721 
6592 5791 6784 6119 
6593 6260 6461 5321 
6594 4990 6713 6023 
6595 5359 6819 6590 
6596 5987 6543 5986 
6597 6437 6623 5924 
6598 5047 6495 6494 
6599 6579 6580 5157 
6600 6344 6710 5360 
6601 4211 6899 4171 
6602 5692 6856 6529 
6603 6097 6751 5762 
6604 5812 5813 5040 
6605 5142 6701 6223 
6606 4114 4661 4660 
6607 5686 6941 6221 
6608 5104 6929 6712 
6609 6481 6483 5793 
6610 5105 6682 4810 
6611 5067 6496 6450 
6612 6429 6889 4476 
6613 5976 6878 5977 
6614 4002 6377 2178 
6615 5194 6876 6140 
6616 4249 6289 1386 
6617 4071 6654 6649 
6618 4497 6800 4498 
6619 4320 6804 5731 
6620 5464 6648 6476 
6621 6019 6893 6144 
6622 4604 6338 2200 
6623 5959 6815 4163 
6624 4475 5882 5666 
6625 2574 6394 4058 
6626 5270 6477 6430 
6627 5026 6655 5031 
6628 5443 6831 6508 
6629 6061 6743 6073 
6630 5507 6927 6552 
6631 4376 6803 4378 
6632 4204 6732 6439 
6633 6907 6920 5400 
6634 5983 6838 4422 
6635 6589 6671 5269 
6636 2156 6047 4229 
6637 5368 6711 6470 
6638 5067 6450 5821 
6639 5486 6869 5284 
6640 6226 6786 5143 
6641 6658 6888 5593 
6642 5882 5883 5881 
6643 4677 6575 4674 
6644 6428 6665 5480 
6645 6315 6844 5266 
6646 4859 6636 4861 
6647 5783 6628 5781 
6648 5155 6585 6319 
6649 6218 6464 5027 
6650 6296 6797 6297 
6651 4393 6863 5914 
6652 5761 6751 6299 
6653 6128 6775 5835 
6654 5032 6655 5026 
6655 5388 6797 6492 
6656 6656 6679 3955 
6657 4851 6638 4853 
6658 6224 6706 5144 
6659 5505 6937 6350 
6660 6535 6890 5191 
6661 4676 5828 5827 
6662 2189 6338 4002 
6663 6084 6754 4800 
6664 6516 6804 4320 
6665 5068 6875 5070 
6666 5711 6546 4120 
6667 5906 6885 5913 
6668 5689 6837 5210 
6669 6404 6808 5250 
6670 2596 6016 4220 
6671 6545 6922 5789 
6672 6527 6776 5885 
6673 6106 6107 5028 
6674 5907 6543 6487 
6675 4457 6746 6283 
6676 5038 6606 5501 
6677 6009 6445 4679 
6678 5689 6805 5936 
6679 4297 6601 5812 
6680 5157 6584 5010 
6681 5284 6869 6776 
6682 5007 6579 5157 
6683 6710 6788 5476 
6684 6266 6812 5679 
6685 5565 6861 5032 
6686 5012 6584 5016 
6687 5335 6922 6545 
6688 5529 6909 6353 
6689 5669 6909 6415 
6690 1452 5880 4686 
6691 4672 6653 4649 
6692 6531 6564 5776 
6693 990 4307 979 
6694 4649 6653 5148 
6695 4884 6805 6420 
6696 6403 6823 5254 
6697 6211 6905 5280 
6698 6720 6838 5983 
6699 4220 6047 2585 
6700 6018 6928 5149 
6701 5779 6611 5891 
6702 5666 5881 5880 
6703 6733 6885 5906 
6704 6378 6573 5624 
6705 6346 6908 5320 
6706 5913 6885 6695 
6707 5375 6903 6592 
6708 5377 6638 4851 
6709 6267 6776 4839 
6710 6350 6937 4878 
6711 5022 6593 5025 
6712 6313 6625 4295 
6713 6649 6654 5396 
6714 6140 6876 6586 
6715 5797 6628 5783 
6716 5666 5882 5881 
6717 5870 6938 6640 
6718 6465 6466 4309 
6719 6506 6674 5376 
6720 5205 6636 4859 
6721 6445 6919 4679 
6722 5134 6804 6516 
6723 6426 6901 5632 
6724 4163 6815 6731 
6725 6633 6725 5486 
6726 5428 6758 6520 
6727 6505 6876 5194 
6728 5942 6899 6471 
6729 5502 6806 6310 
6730 5031 6655 5037 
6731 6337 6749 4554 
6732 5344 6738 6727 
6733 4441 6879 6651 
6734 5789 6922 6630 
6735 6727 6738 6148 
6736 5069 6847 5066 
6737 5036 6843 5041 
6738 6237 6807 5724 
6739 6509 6677 4596 
6740 6854 6879 4441 
6741 4459 6797 6296 
6742 6385 6942 5794 
6743 6660 6812 5336 
6744 5215 6726 6147 
6745 2101 4052 2739 
6746 4861 6637 6499 
6747 5149 6917 6893 
6748 4853 6864 6493 
6749 6391 6675 6466 
6750 6493 6864 6583 
6751 5496 6672 4915 
6752 6687 6905 4460 
6753 6712 6929 5651 
6754 5331 6850 6416 
6755 1925 6914 4308 
6756 4474 6763 5859 
6757 5861 6827 6086 
6758 6217 6730 4258 
6759 4006 6872 6419 
6760 4987 6768 6623 
6761 6147 6726 6148 
6762 4274 6895 6381 
6763 5712 6588 6546 
6764 4576 6738 6151 
6765 6104 6877 5215 
6766 6071 6827 5861 
6767 5797 6629 6628 
6768 6148 6738 4576 
6769 5342 6816 6714 
6770 6434 6866 4481 
6771 4578 6753 6166 
6772 6631 6795 5363 
6773 4475 6599 5882 
6774 5838 6775 5834 
6775 6724 6840 5354 
6776 4810 6682 4970 
6777 6100 6910 6099 
6778 5501 6747 5038 
6779 5304 6859 6813 
6780 6183 6758 6179 
6781 6099 6910 6145 
6782 6441 6807 6237 
6783 4915 6672 5125 
6784 4295 6844 6315 
6785 4556 6890 6535 
6786 5342 6714 4466 
6787 6342 6770 5619 
6788 5929 6723 5785 
6789 6125 6778 4588 
6790 6180 6753 4578 
6791 6243 6777 6125 
6792 4309 6481 1991 
6793 5270 6782 6477 
6794 5336 6857 6660 
6795 6497 6875 5739 
6796 6520 6758 6183 
6797 6179 6758 6180 
6798 5335 6942 6921 
6799 6186 6774 6360 
6800 6254 6777 6243 
6801 5788 6784 6582 
6802 5794 6942 6545 
6803 5487 6926 6891 
6804 6173 6783 6514 
6805 5067 6847 6496 
6806 6524 6802 5697 
6807 4003 6781 6361 
6808 6200 6779 6045 
6809 4058 6547 3432 
6810 5973 6775 5838 
6811 5924 6768 6733 
6812 6639 6927 5507 
6813 4466 6714 4474 
6814 6514 6783 5778 
6815 6138 6913 4607 
6816 6083 6784 5788 
6817 4574 6774 6186 
6818 6332 6783 5513 
6819 6601 6606 5813 
6820 5781 6628 6611 
6821 6171 6799 6172 
6822 6247 6799 6171 
6823 4258 6730 6119 
6824 5513 6783 6173 
6825 4590 6826 6254 
6826 6508 6831 4608 
6827 6617 6741 5207 
6828 6239 6822 5265 
6829 5836 6924 5973 
6830 6638 6864 4853 
6831 6032 6905 6211 
6832 5778 6783 6332 
6833 6663 6728 4962 
6834 6387 6392 1111 
6835 6636 6637 4861 
6836 5207 6741 5748 
6837 2002 6465 4309 
6838 6221 6826 6197 
6839 6548 6774 4574 
6840 6538 6588 5712 
6841 5859 6763 5860 
6842 6813 6859 3890 
6843 5812 6601 5813 
6844 4608 6831 6251 
6845 1925 4308 1133 
6846 5387 6884 6431 
6847 6540 6819 5358 
6848 6119 6784 6083 
6849 6197 6826 4590 
6850 6564 6887 5776 
6851 5037 6843 5034 
6852 6531 6935 6100 
6853 5034 6843 5036 
6854 5280 6905 6687 
6855 5305 6838 6720 
6856 6466 6675 5796 
6857 6630 6922 6416 
6858 6407 6872 6295 
6859 5265 6822 6236 
6860 6530 6779 6200 
6861 5372 6885 6733 
6862 5834 6775 6128 
6863 6673 6798 4975 
6864 4552 6927 6639 
6865 6731 6815 5562 
6866 5330 6939 6501 
6867 6651 6879 5493 
6868 6090 6891 6702 
6869 4390 6840 6724 
6870 5368 6772 6711 
6871 6045 6779 6046 
6872 968 6657 6465 
6873 5460 6872 6407 
6874 5144 6881 6352 
6875 6295 6872 4006 
6876 5215 6877 6726 
6877 6086 6827 5836 
6878 572 4114 3465 
6879 5199 6836 6489 
6880 6706 6881 5144 
6881 6189 6919 6209 
6882 5042 6741 6617 
6883 1353 6547 4619 
6884 6777 6778 6125 
6885 6733 6768 5372 
6886 4903 6795 6631 
6887 704 4660 2772 
6888 6931 6932 4293 
6889 4820 6728 6663 
6890 6419 6872 5460 
6891 6530 6938 5870 
6892 5837 6919 6445 
6893 6583 6864 5461 
6894 5711 6925 6546 
6895 6546 6925 5712 
6896 6258 6637 6636 
6897 990 6392 4307 
6898 4307 6657 979 
6899 4246 6932 6931 
6900 6545 6942 5335 
6901 5445 6778 6777 
6902 6914 6915 6390 
6903 3465 4660 704 
6904 726 4052 2101 
6905 1606 6398 1617 
6906 3498 6862 572 
6907 1133 4308 1122 
6908 2772 4660 1397 
6909 1397 4660 4051 
6910 6062 6601 4297 
6911 6046 6068 4298 
6912 6095 6190 4304 
6913 4569 6519 6204 
6914 4575 6591 6279 
6915 6149 6520 4577 
6916 5390 5656 4620 
6917 5740 6497 4651 
6918 6190 6598 5003 
6919 6195 6407 5008 
6920 5013 6749 6337 
6921 6187 6530 5019 
6922 6233 6701 5142 
6923 5793 6730 6217 
6924 5904 6534 6034 
6925 6068 6220 6134 
6926 6118 6150 6117 
6927 6170 6504 6196 
6928 6212 6467 6206 
2 1 3 3478
6929 82 83 3290 2520 
6930 2520 3290 3291 2521 
6931 2521 3291 3292 2522 
6932 2522 3292 3293 2523 
6933 2523 3293 3294 2524 
6934 2524 3294 3295 2525 
6935 2525 3295 3296 2526 
6936 2526 3296 3297 2527 
6937 2527 3297 3298 2528 
6938 2528 3298 3299 2529 
6939 2529 3299 3300 2530 
6940 83 84 3301 3290 
6941 3290 3301 3302 3291 
6942 3291 3302 3303 3292 
6943 3292 3303 3304 3293 
6944 3293 3304 3305 3294 
6945 3294 3305 3306 3295 
6946 3295 3306 3307 3296 
6947 3296 3307 3308 3297 
6948 3297 3308 3309 3298 
6949 3298 3309 3310 3299 
6950 3299 3310 3311 3300 
6951 84 85 3807 3301 
6952 3301 3807 3808 3302 
6953 3302 3808 3809 3303 
6954 3303 3809 3810 3304 
6955 3304 3810 3811 3305 
6956 3305 3811 3812 3306 
6957 3306 3812 3813 3307 
6958 3307 3813 3814 3308 
6959 3308 3814 3815 3309 
6960 3309 3815 3816 3310 
6961 3310 3816 3817 3311 
6962 85 86 3818 3807 
6963 3807 3818 3819 3808 
6964 3808 3819 3820 3809 
6965 3809 3820 3821 3810 
6966 3810 3821 3822 3811 
6967 3811 3822 3823 3812 
6968 3812 3823 3824 3813 
6969 3813 3824 3825 3814 
6970 3814 3825 3826 3815 
6971 3815 3826 3827 3816 
6972 3816 3827 3828 3817 
6973 86 87 2454 3818 
6974 3818 2454 2455 3819 
6975 3819 2455 2456 3820 
6976 3820 2456 2457 3821 
6977 3821 2457 2458 3822 
6978 3822 2458 2459 3823 
6979 3823 2459 2460 3824 
6980 3824 2460 2461 3825 
6981 3825 2461 2462 3826 
6982 3826 2462 2463 3827 
6983 3827 2463 2464 3828 
6984 87 88 2465 2454 
6985 2454 2465 2466 2455 
6986 2455 2466 2467 2456 
6987 2456 2467 2468 2457 
6988 2457 2468 2469 2458 
6989 2458 2469 2470 2459 
6990 2459 2470 2471 2460 
6991 2460 2471 2472 2461 
6992 2461 2472 2473 2462 
6993 2462 2473 2474 2463 
6994 2463 2474 2475 2464 
6995 88 89 1299 2465 
6996 2465 1299 1300 2466 
6997 2466 1300 1301 2467 
6998 2467 1301 1302 2468 
6999 2468 1302 1303 2469 
7000 2469 1303 1304 2470 
7001 2470 1304 1305 2471 
7002 2471 1305 1306 2472 
7003 2472 1306 1307 2473 
7004 2473 1307 1308 2474 
7005 2474 1308 1309 2475 
7006 89 90 1310 1299 
7007 1299 1310 1311 1300 
7008 1300 1311 1312 1301 
7009 1301 1312 1313 1302 
7010 1302 1313 1314 1303 
7011 1303 1314 1315 1304 
7012 1304 1315 1316 1305 
7013 1305 1316 1317 1306 
7014 1306 1317 1318 1307 
7015 1307 1318 1319 1308 
7016 1308 1319 1320 1309 
7017 90 91 3466 1310 
7018 1310 3466 3467 1311 
7019 1311 3467 3468 1312 
7020 1312 3468 3469 1313 
7021 1313 3469 3470 1314 
7022 1314 3470 3471 1315 
7023 1315 3471 3472 1316 
7024 1316 3472 3473 1317 
7025 1317 3473 3474 1318 
7026 1318 3474 3475 1319 
7027 1319 3475 3476 1320 
7028 91 92 3477 3466 
7029 3466 3477 3478 3467 
7030 3467 3478 3479 3468 
7031 3468 3479 3480 3469 
7032 3469 3480 3481 3470 
7033 3470 3481 3482 3471 
7034 3471 3482 3483 3472 
7035 3472 3483 3484 3473 
7036 3473 3484 3485 3474 
7037 3474 3485 3486 3475 
7038 3475 3486 3487 3476 
7039 92 93 760 3477 
7040 3477 760 761 3478 
7041 3478 761 762 3479 
7042 3479 762 763 3480 
7043 3480 763 764 3481 
7044 3481 764 765 3482 
7045 3482 765 766 3483 
7046 3483 766 767 3484 
7047 3484 767 768 3485 
7048 3485 768 769 3486 
7049 3486 769 770 3487 
7050 93 94 771 760 
7051 760 771 772 761 
7052 761 772 773 762 
7053 762 773 774 763 
7054 763 774 775 764 
7055 764 775 776 765 
7056 765 776 777 766 
7057 766 777 778 767 
7058 767 778 779 768 
7059 768 779 780 769 
7060 769 780 781 770 
7061 94 95 936 771 
7062 771 936 937 772 
7063 772 937 938 773 
7064 773 938 939 774 
7065 774 939 940 775 
7066 775 940 941 776 
7067 776 941 942 777 
7068 777 942 943 778 
7069 778 943 944 779 
7070 779 944 945 780 
7071 780 945 946 781 
7072 95 96 947 936 
7073 936 947 948 937 
7074 937 948 949 938 
7075 938 949 950 939 
7076 939 950 951 940 
7077 940 951 952 941 
7078 941 952 953 942 
7079 942 953 954 943 
7080 943 954 955 944 
7081 944 955 956 945 
7082 945 956 957 946 
7083 96 97 617 947 
7084 947 617 618 948 
7085 948 618 619 949 
7086 949 619 620 950 
7087 950 620 621 951 
7088 951 621 622 952 
7089 952 622 623 953 
7090 953 623 624 954 
7091 954 624 625 955 
7092 955 625 626 956 
7093 956 626 627 957 
7094 97 98 628 617 
7095 617 628 629 618 
7096 618 629 630 619 
7097 619 630 631 620 
7098 620 631 632 621 
7099 621 632 633 622 
7100 622 633 634 623 
7101 623 634 635 624 
7102 624 635 636 625 
7103 625 636 637 626 
7104 626 637 638 627 
7105 98 99 1079 628 
7106 628 1079 1080 629 
7107 629 1080 1081 630 
7108 630 1081 1082 631 
7109 631 1082 1083 632 
7110 632 1083 1084 633 
7111 633 1084 1085 634 
7112 634 1085 1086 635 
7113 635 1086 1087 636 
7114 636 1087 1088 637 
7115 637 1088 1089 638 
7116 99 100 1090 1079 
7117 1079 1090 1091 1080 
7118 1080 1091 1092 1081 
7119 1081 1092 1093 1082 
7120 1082 1093 1094 1083 
7121 1083 1094 1095 1084 
7122 1084 1095 1096 1085 
7123 1085 1096 1097 1086 
7124 1086 1097 1098 1087 
7125 1087 1098 1099 1088 
7126 1088 1099 1100 1089 
7127 192 193 2850 2311 
7128 2311 2850 2851 2312 
7129 2312 2851 2852 2313 
7130 2313 2852 2853 2314 
7131 2314 2853 2854 2315 
7132 2315 2854 2855 2316 
7133 2316 2855 2856 2317 
7134 2317 2856 2857 2318 
7135 2318 2857 2858 2319 
7136 2319 2858 2859 2320 
7137 2320 2859 2860 2321 
7138 193 194 2861 2850 
7139 2850 2861 2862 2851 
7140 2851 2862 2863 2852 
7141 2852 2863 2864 2853 
7142 2853 2864 2865 2854 
7143 2854 2865 2866 2855 
7144 2855 2866 2867 2856 
7145 2856 2867 2868 2857 
7146 2857 2868 2869 2858 
7147 2858 2869 2870 2859 
7148 2859 2870 2871 2860 
7149 194 195 2872 2861 
7150 2861 2872 2873 2862 
7151 2862 2873 2874 2863 
7152 2863 2874 2875 2864 
7153 2864 2875 2876 2865 
7154 2865 2876 2877 2866 
7155 2866 2877 2878 2867 
7156 2867 2878 2879 2868 
7157 2868 2879 2880 2869 
7158 2869 2880 2881 2870 
7159 2870 2881 2882 2871 
7160 195 196 2993 2872 
7161 2872 2993 2994 2873 
7162 2873 2994 2995 2874 
7163 2874 2995 2996 2875 
7164 2875 2996 2997 2876 
7165 2876 2997 2998 2877 
7166 2877 2998 2999 2878 
7167 2878 2999 3000 2879 
7168 2879 3000 3001 2880 
7169 2880 3001 3002 2881 
7170 2881 3002 3003 2882 
7171 196 197 3004 2993 
7172 2993 3004 3005 2994 
7173 2994 3005 3006 2995 
7174 2995 3006 3007 2996 
7175 2996 3007 3008 2997 
7176 2997 3008 3009 2998 
7177 2998 3009 3010 2999 
7178 2999 3010 3011 3000 
7179 3000 3011 3012 3001 
7180 3001 3012 3013 3002 
7181 3002 3013 3014 3003 
7182 197 198 3015 3004 
7183 3004 3015 3016 3005 
7184 3005 3016 3017 3006 
7185 3006 3017 3018 3007 
7186 3007 3018 3019 3008 
7187 3008 3019 3020 3009 
7188 3009 3020 3021 3010 
7189 3010 3021 3022 3011 
7190 3011 3022 3023 3012 
7191 3012 3023 3024 3013 
7192 3013 3024 3025 3014 
7193 198 199 2366 3015 
7194 3015 2366 2367 3016 
7195 3016 2367 2368 3017 
7196 3017 2368 2369 3018 
7197 3018 2369 2370 3019 
7198 3019 2370 2371 3020 
7199 3020 2371 2372 3021 
7200 3021 2372 2373 3022 
7201 3022 2373 2374 3023 
7202 3023 2374 2375 3024 
7203 3024 2375 2376 3025 
7204 199 200 2377 2366 
7205 2366 2377 2378 2367 
7206 2367 2378 2379 2368 
7207 2368 2379 2380 2369 
7208 2369 2380 2381 2370 
7209 2370 2381 2382 2371 
7210 2371 2382 2383 2372 
7211 2372 2383 2384 2373 
7212 2373 2384 2385 2374 
7213 2374 2385 2386 2375 
7214 2375 2386 2387 2376 
7215 200 201 2388 2377 
7216 2377 2388 2389 2378 
7217 2378 2389 2390 2379 
7218 2379 2390 2391 2380 
7219 2380 2391 2392 2381 
7220 2381 2392 2393 2382 
7221 2382 2393 2394 2383 
7222 2383 2394 2395 2384 
7223 2384 2395 2396 2385 
7224 2385 2396 2397 2386 
7225 2386 2397 2398 2387 
7226 201 202 2399 2388 
7227 2388 2399 2400 2389 
7228 2389 2400 2401 2390 
7229 2390 2401 2402 2391 
7230 2391 2402 2403 2392 
7231 2392 2403 2404 2393 
7232 2393 2404 2405 2394 
7233 2394 2405 2406 2395 
7234 2395 2406 2407 2396 
7235 2396 2407 2408 2397 
7236 2397 2408 2409 2398 
7237 105 106 2718 2707 
7238 2707 2718 2719 2708 
7239 2708 2719 2720 2709 
7240 2709 2720 2721 2710 
7241 2710 2721 2722 2711 
7242 2711 2722 2723 2712 
7243 2712 2723 2724 2713 
7244 2713 2724 2725 2714 
7245 2714 2725 2726 2715 
7246 2715 2726 2727 2716 
7247 2716 2727 2728 2717 
7248 106 107 2630 2718 
7249 2718 2630 2631 2719 
7250 2719 2631 2632 2720 
7251 2720 2632 2633 2721 
7252 2721 2633 2634 2722 
7253 2722 2634 2635 2723 
7254 2723 2635 2636 2724 
7255 2724 2636 2637 2725 
7256 2725 2637 2638 2726 
7257 2726 2638 2639 2727 
7258 2727 2639 2640 2728 
7259 107 108 2641 2630 
7260 2630 2641 2642 2631 
7261 2631 2642 2643 2632 
7262 2632 2643 2644 2633 
7263 2633 2644 2645 2634 
7264 2634 2645 2646 2635 
7265 2635 2646 2647 2636 
7266 2636 2647 2648 2637 
7267 2637 2648 2649 2638 
7268 2638 2649 2650 2639 
7269 2639 2650 2651 2640 
7270 108 109 573 2641 
7271 2641 573 574 2642 
7272 2642 574 575 2643 
7273 2643 575 576 2644 
7274 2644 576 577 2645 
7275 2645 577 578 2646 
7276 2646 578 579 2647 
7277 2647 579 580 2648 
7278 2648 580 581 2649 
7279 2649 581 582 2650 
7280 2650 582 583 2651 
7281 109 110 584 573 
7282 573 584 585 574 
7283 574 585 586 575 
7284 575 586 587 576 
7285 576 587 588 577 
7286 577 588 589 578 
7287 578 589 590 579 
7288 579 590 591 580 
7289 580 591 592 581 
7290 581 592 593 582 
7291 582 593 594 583 
7292 110 111 1893 584 
7293 584 1893 1894 585 
7294 585 1894 1895 586 
7295 586 1895 1896 587 
7296 587 1896 1897 588 
7297 588 1897 1898 589 
7298 589 1898 1899 590 
7299 590 1899 1900 591 
7300 591 1900 1901 592 
7301 592 1901 1902 593 
7302 593 1902 1903 594 
7303 111 112 1904 1893 
7304 1893 1904 1905 1894 
7305 1894 1905 1906 1895 
7306 1895 1906 1907 1896 
7307 1896 1907 1908 1897 
7308 1897 1908 1909 1898 
7309 1898 1909 1910 1899 
7310 1899 1910 1911 1900 
7311 1900 1911 1912 1901 
7312 1901 1912 1913 1902 
7313 1902 1913 1914 1903 
7314 112 113 3268 1904 
7315 1904 3268 3269 1905 
7316 1905 3269 3270 1906 
7317 1906 3270 3271 1907 
7318 1907 3271 3272 1908 
7319 1908 3272 3273 1909 
7320 1909 3273 3274 1910 
7321 1910 3274 3275 1911 
7322 1911 3275 3276 1912 
7323 1912 3276 3277 1913 
7324 1913 3277 3278 1914 
7325 113 114 3279 3268 
7326 3268 3279 3280 3269 
7327 3269 3280 3281 3270 
7328 3270 3281 3282 3271 
7329 3271 3282 3283 3272 
7330 3272 3283 3284 3273 
7331 3273 3284 3285 3274 
7332 3274 3285 3286 3275 
7333 3275 3286 3287 3276 
7334 3276 3287 3288 3277 
7335 3277 3288 3289 3278 
7336 114 115 3763 3279 
7337 3279 3763 3764 3280 
7338 3280 3764 3765 3281 
7339 3281 3765 3766 3282 
7340 3282 3766 3767 3283 
7341 3283 3767 3768 3284 
7342 3284 3768 3769 3285 
7343 3285 3769 3770 3286 
7344 3286 3770 3771 3287 
7345 3287 3771 3772 3288 
7346 3288 3772 3773 3289 
7347 115 116 3774 3763 
7348 3763 3774 3775 3764 
7349 3764 3775 3776 3765 
7350 3765 3776 3777 3766 
7351 3766 3777 3778 3767 
7352 3767 3778 3779 3768 
7353 3768 3779 3780 3769 
7354 3769 3780 3781 3770 
7355 3770 3781 3782 3771 
7356 3771 3782 3783 3772 
7357 3772 3783 3784 3773 
7358 116 117 3785 3774 
7359 3774 3785 3786 3775 
7360 3775 3786 3787 3776 
7361 3776 3787 3788 3777 
7362 3777 3788 3789 3778 
7363 3778 3789 3790 3779 
7364 3779 3790 3791 3780 
7365 3780 3791 3792 3781 
7366 3781 3792 3793 3782 
7367 3782 3793 3794 3783 
7368 3783 3794 3795 3784 
7369 117 118 3796 3785 
7370 3785 3796 3797 3786 
7371 3786 3797 3798 3787 
7372 3787 3798 3799 3788 
7373 3788 3799 3800 3789 
7374 3789 3800 3801 3790 
7375 3790 3801 3802 3791 
7376 3791 3802 3803 3792 
7377 3792 3803 3804 3793 
7378 3793 3804 3805 3794 
7379 3794 3805 3806 3795 
7380 118 119 2894 3796 
7381 3796 2894 2895 3797 
7382 3797 2895 2896 3798 
7383 3798 2896 2897 3799 
7384 3799 2897 2898 3800 
7385 3800 2898 2899 3801 
7386 3801 2899 2900 3802 
7387 3802 2900 2901 3803 
7388 3803 2901 2902 3804 
7389 3804 2902 2903 3805 
7390 3805 2903 2904 3806 
7391 119 120 2905 2894 
7392 2894 2905 2906 2895 
7393 2895 2906 2907 2896 
7394 2896 2907 2908 2897 
7395 2897 2908 2909 2898 
7396 2898 2909 2910 2899 
7397 2899 2910 2911 2900 
7398 2900 2911 2912 2901 
7399 2901 2912 2913 2902 
7400 2902 2913 2914 2903 
7401 2903 2914 2915 2904 
7402 120 121 3312 2905 
7403 2905 3312 3313 2906 
7404 2906 3313 3314 2907 
7405 2907 3314 3315 2908 
7406 2908 3315 3316 2909 
7407 2909 3316 3317 2910 
7408 2910 3317 3318 2911 
7409 2911 3318 3319 2912 
7410 2912 3319 3320 2913 
7411 2913 3320 3321 2914 
7412 2914 3321 3322 2915 
7413 121 122 3323 3312 
7414 3312 3323 3324 3313 
7415 3313 3324 3325 3314 
7416 3314 3325 3326 3315 
7417 3315 3326 3327 3316 
7418 3316 3327 3328 3317 
7419 3317 3328 3329 3318 
7420 3318 3329 3330 3319 
7421 3319 3330 3331 3320 
7422 3320 3331 3332 3321 
7423 3321 3332 3333 3322 
7424 122 123 1233 3323 
7425 3323 1233 1234 3324 
7426 3324 1234 1235 3325 
7427 3325 1235 1236 3326 
7428 3326 1236 1237 3327 
7429 3327 1237 1238 3328 
7430 3328 1238 1239 3329 
7431 3329 1239 1240 3330 
7432 3330 1240 1241 3331 
7433 3331 1241 1242 3332 
7434 3332 1242 1243 3333 
7435 123 124 1244 1233 
7436 1233 1244 1245 1234 
7437 1234 1245 1246 1235 
7438 1235 1246 1247 1236 
7439 1236 1247 1248 1237 
7440 1237 1248 1249 1238 
7441 1238 1249 1250 1239 
7442 1239 1250 1251 1240 
7443 1240 1251 1252 1241 
7444 1241 1252 1253 1242 
7445 1242 1253 1254 1243 
7446 124 125 1321 1244 
7447 1244 1321 1322 1245 
7448 1245 1322 1323 1246 
7449 1246 1323 1324 1247 
7450 1247 1324 1325 1248 
7451 1248 1325 1326 1249 
7452 1249 1326 1327 1250 
7453 1250 1327 1328 1251 
7454 1251 1328 1329 1252 
7455 1252 1329 1330 1253 
7456 1253 1330 1331 1254 
7457 125 126 1332 1321 
7458 1321 1332 1333 1322 
7459 1322 1333 1334 1323 
7460 1323 1334 1335 1324 
7461 1324 1335 1336 1325 
7462 1325 1336 1337 1326 
7463 1326 1337 1338 1327 
7464 1327 1338 1339 1328 
7465 1328 1339 1340 1329 
7466 1329 1340 1341 1330 
7467 1330 1341 1342 1331 
7468 126 127 3741 1332 
7469 1332 3741 3742 1333 
7470 1333 3742 3743 1334 
7471 1334 3743 3744 1335 
7472 1335 3744 3745 1336 
7473 1336 3745 3746 1337 
7474 1337 3746 3747 1338 
7475 1338 3747 3748 1339 
7476 1339 3748 3749 1340 
7477 1340 3749 3750 1341 
7478 1341 3750 3751 1342 
7479 127 128 3752 3741 
7480 3741 3752 3753 3742 
7481 3742 3753 3754 3743 
7482 3743 3754 3755 3744 
7483 3744 3755 3756 3745 
7484 3745 3756 3757 3746 
7485 3746 3757 3758 3747 
7486 3747 3758 3759 3748 
7487 3748 3759 3760 3749 
7488 3749 3760 3761 3750 
7489 3750 3761 3762 3751 
7490 128 129 3532 3752 
7491 3752 3532 3533 3753 
7492 3753 3533 3534 3754 
7493 3754 3534 3535 3755 
7494 3755 3535 3536 3756 
7495 3756 3536 3537 3757 
7496 3757 3537 3538 3758 
7497 3758 3538 3539 3759 
7498 3759 3539 3540 3760 
7499 3760 3540 3541 3761 
7500 3761 3541 3542 3762 
7501 129 130 3543 3532 
7502 3532 3543 3544 3533 
7503 3533 3544 3545 3534 
7504 3534 3545 3546 3535 
7505 3535 3546 3547 3536 
7506 3536 3547 3548 3537 
7507 3537 3548 3549 3538 
7508 3538 3549 3550 3539 
7509 3539 3550 3551 3540 
7510 3540 3551 3552 3541 
7511 3541 3552 3553 3542 
7512 130 131 2740 3543 
7513 3543 2740 2741 3544 
7514 3544 2741 2742 3545 
7515 3545 2742 2743 3546 
7516 3546 2743 2744 3547 
7517 3547 2744 2745 3548 
7518 3548 2745 2746 3549 
7519 3549 2746 2747 3550 
7520 3550 2747 2748 3551 
7521 3551 2748 2749 3552 
7522 3552 2749 2750 3553 
7523 131 132 2751 2740 
7524 2740 2751 2752 2741 
7525 2741 2752 2753 2742 
7526 2742 2753 2754 2743 
7527 2743 2754 2755 2744 
7528 2744 2755 2756 2745 
7529 2745 2756 2757 2746 
7530 2746 2757 2758 2747 
7531 2747 2758 2759 2748 
7532 2748 2759 2760 2749 
7533 2749 2760 2761 2750 
7534 132 133 1948 2751 
7535 2751 1948 1949 2752 
7536 2752 1949 1950 2753 
7537 2753 1950 1951 2754 
7538 2754 1951 1952 2755 
7539 2755 1952 1953 2756 
7540 2756 1953 1954 2757 
7541 2757 1954 1955 2758 
7542 2758 1955 1956 2759 
7543 2759 1956 1957 2760 
7544 2760 1957 1958 2761 
7545 133 134 1959 1948 
7546 1948 1959 1960 1949 
7547 1949 1960 1961 1950 
7548 1950 1961 1962 1951 
7549 1951 1962 1963 1952 
7550 1952 1963 1964 1953 
7551 1953 1964 1965 1954 
7552 1954 1965 1966 1955 
7553 1955 1966 1967 1956 
7554 1956 1967 1968 1957 
7555 1957 1968 1969 1958 
7556 261 262 3587 3125 
7557 3125 3587 3588 3126 
7558 3126 3588 3589 3127 
7559 3127 3589 3590 3128 
7560 3128 3590 3591 3129 
7561 3129 3591 3592 3130 
7562 3130 3592 3593 3131 
7563 3131 3593 3594 3132 
7564 3132 3594 3595 3133 
7565 3133 3595 3596 3134 
7566 3134 3596 3597 3135 
7567 262 263 3598 3587 
7568 3587 3598 3599 3588 
7569 3588 3599 3600 3589 
7570 3589 3600 3601 3590 
7571 3590 3601 3602 3591 
7572 3591 3602 3603 3592 
7573 3592 3603 3604 3593 
7574 3593 3604 3605 3594 
7575 3594 3605 3606 3595 
7576 3595 3606 3607 3596 
7577 3596 3607 3608 3597 
7578 134 135 1255 1959 
7579 1959 1255 1256 1960 
7580 1960 1256 1257 1961 
7581 1961 1257 1258 1962 
7582 1962 1258 1259 1963 
7583 1963 1259 1260 1964 
7584 1964 1260 1261 1965 
7585 1965 1261 1262 1966 
7586 1966 1262 1263 1967 
7587 1967 1263 1264 1968 
7588 1968 1264 1265 1969 
7589 135 136 1266 1255 
7590 1255 1266 1267 1256 
7591 1256 1267 1268 1257 
7592 1257 1268 1269 1258 
7593 1258 1269 1270 1259 
7594 1259 1270 1271 1260 
7595 1260 1271 1272 1261 
7596 1261 1272 1273 1262 
7597 1262 1273 1274 1263 
7598 1263 1274 1275 1264 
7599 1264 1275 1276 1265 
7600 136 137 1629 1266 
7601 1266 1629 1630 1267 
7602 1267 1630 1631 1268 
7603 1268 1631 1632 1269 
7604 1269 1632 1633 1270 
7605 1270 1633 1634 1271 
7606 1271 1634 1635 1272 
7607 1272 1635 1636 1273 
7608 1273 1636 1637 1274 
7609 1274 1637 1638 1275 
7610 1275 1638 1639 1276 
7611 137 138 1640 1629 
7612 1629 1640 1641 1630 
7613 1630 1641 1642 1631 
7614 1631 1642 1643 1632 
7615 1632 1643 1644 1633 
7616 1633 1644 1645 1634 
7617 1634 1645 1646 1635 
7618 1635 1646 1647 1636 
7619 1636 1647 1648 1637 
7620 1637 1648 1649 1638 
7621 1638 1649 1650 1639 
7622 138 139 3400 1640 
7623 1640 3400 3401 1641 
7624 1641 3401 3402 1642 
7625 1642 3402 3403 1643 
7626 1643 3403 3404 1644 
7627 1644 3404 3405 1645 
7628 1645 3405 3406 1646 
7629 1646 3406 3407 1647 
7630 1647 3407 3408 1648 
7631 1648 3408 3409 1649 
7632 1649 3409 3410 1650 
7633 139 140 3411 3400 
7634 3400 3411 3412 3401 
7635 3401 3412 3413 3402 
7636 3402 3413 3414 3403 
7637 3403 3414 3415 3404 
7638 3404 3415 3416 3405 
7639 3405 3416 3417 3406 
7640 3406 3417 3418 3407 
7641 3407 3418 3419 3408 
7642 3408 3419 3420 3409 
7643 3409 3420 3421 3410 
7644 140 141 2069 3411 
7645 3411 2069 2070 3412 
7646 3412 2070 2071 3413 
7647 3413 2071 2072 3414 
7648 3414 2072 2073 3415 
7649 3415 2073 2074 3416 
7650 3416 2074 2075 3417 
7651 3417 2075 2076 3418 
7652 3418 2076 2077 3419 
7653 3419 2077 2078 3420 
7654 3420 2078 2079 3421 
7655 141 142 2080 2069 
7656 2069 2080 2081 2070 
7657 2070 2081 2082 2071 
7658 2071 2082 2083 2072 
7659 2072 2083 2084 2073 
7660 2073 2084 2085 2074 
7661 2074 2085 2086 2075 
7662 2075 2086 2087 2076 
7663 2076 2087 2088 2077 
7664 2077 2088 2089 2078 
7665 2078 2089 2090 2079 
7666 142 143 1277 2080 
7667 2080 1277 1278 2081 
7668 2081 1278 1279 2082 
7669 2082 1279 1280 2083 
7670 2083 1280 1281 2084 
7671 2084 1281 1282 2085 
7672 2085 1282 1283 2086 
7673 2086 1283 1284 2087 
7674 2087 1284 1285 2088 
7675 2088 1285 1286 2089 
7676 2089 1286 1287 2090 
7677 143 144 1288 1277 
7678 1277 1288 1289 1278 
7679 1278 1289 1290 1279 
7680 1279 1290 1291 1280 
7681 1280 1291 1292 1281 
7682 1281 1292 1293 1282 
7683 1282 1293 1294 1283 
7684 1283 1294 1295 1284 
7685 1284 1295 1296 1285 
7686 1285 1296 1297 1286 
7687 1286 1297 1298 1287 
7688 144 145 2135 1288 
7689 1288 2135 2136 1289 
7690 1289 2136 2137 1290 
7691 1290 2137 2138 1291 
7692 1291 2138 2139 1292 
7693 1292 2139 2140 1293 
7694 1293 2140 2141 1294 
7695 1294 2141 2142 1295 
7696 1295 2142 2143 1296 
7697 1296 2143 2144 1297 
7698 1297 2144 2145 1298 
7699 145 146 2146 2135 
7700 2135 2146 2147 2136 
7701 2136 2147 2148 2137 
7702 2137 2148 2149 2138 
7703 2138 2149 2150 2139 
7704 2139 2150 2151 2140 
7705 2140 2151 2152 2141 
7706 2141 2152 2153 2142 
7707 2142 2153 2154 2143 
7708 2143 2154 2155 2144 
7709 2144 2155 2156 2145 
7710 146 147 2575 2146 
7711 2146 2575 2576 2147 
7712 2147 2576 2577 2148 
7713 2148 2577 2578 2149 
7714 2149 2578 2579 2150 
7715 2150 2579 2580 2151 
7716 2151 2580 2581 2152 
7717 2152 2581 2582 2153 
7718 2153 2582 2583 2154 
7719 2154 2583 2584 2155 
7720 2155 2584 2585 2156 
7721 147 148 2586 2575 
7722 2575 2586 2587 2576 
7723 2576 2587 2588 2577 
7724 2577 2588 2589 2578 
7725 2578 2589 2590 2579 
7726 2579 2590 2591 2580 
7727 2580 2591 2592 2581 
7728 2581 2592 2593 2582 
7729 2582 2593 2594 2583 
7730 2583 2594 2595 2584 
7731 2584 2595 2596 2585 
7732 148 149 3334 2586 
7733 2586 3334 3335 2587 
7734 2587 3335 3336 2588 
7735 2588 3336 3337 2589 
7736 2589 3337 3338 2590 
7737 2590 3338 3339 2591 
7738 2591 3339 3340 2592 
7739 2592 3340 3341 2593 
7740 2593 3341 3342 2594 
7741 2594 3342 3343 2595 
7742 2595 3343 3344 2596 
7743 149 150 3345 3334 
7744 3334 3345 3346 3335 
7745 3335 3346 3347 3336 
7746 3336 3347 3348 3337 
7747 3337 3348 3349 3338 
7748 3338 3349 3350 3339 
7749 3339 3350 3351 3340 
7750 3340 3351 3352 3341 
7751 3341 3352 3353 3342 
7752 3342 3353 3354 3343 
7753 3343 3354 3355 3344 
7754 150 151 2828 3345 
7755 3345 2828 2829 3346 
7756 3346 2829 2830 3347 
7757 3347 2830 2831 3348 
7758 3348 2831 2832 3349 
7759 3349 2832 2833 3350 
7760 3350 2833 2834 3351 
7761 3351 2834 2835 3352 
7762 3352 2835 2836 3353 
7763 3353 2836 2837 3354 
7764 3354 2837 2838 3355 
7765 151 152 2839 2828 
7766 2828 2839 2840 2829 
7767 2829 2840 2841 2830 
7768 2830 2841 2842 2831 
7769 2831 2842 2843 2832 
7770 2832 2843 2844 2833 
7771 2833 2844 2845 2834 
7772 2834 2845 2846 2835 
7773 2835 2846 2847 2836 
7774 2836 2847 2848 2837 
7775 2837 2848 2849 2838 
7776 152 153 3433 2839 
7777 2839 3433 3434 2840 
7778 2840 3434 3435 2841 
7779 2841 3435 3436 2842 
7780 2842 3436 3437 2843 
7781 2843 3437 3438 2844 
7782 2844 3438 3439 2845 
7783 2845 3439 3440 2846 
7784 2846 3440 3441 2847 
7785 2847 3441 3442 2848 
7786 2848 3442 3443 2849 
7787 153 154 3444 3433 
7788 3433 3444 3445 3434 
7789 3434 3445 3446 3435 
7790 3435 3446 3447 3436 
7791 3436 3447 3448 3437 
7792 3437 3448 3449 3438 
7793 3438 3449 3450 3439 
7794 3439 3450 3451 3440 
7795 3440 3451 3452 3441 
7796 3441 3452 3453 3442 
7797 3442 3453 3454 3443 
7798 154 2 2773 3444 
7799 3444 2773 2774 3445 
7800 3445 2774 2775 3446 
7801 3446 2775 2776 3447 
7802 3447 2776 2777 3448 
7803 3448 2777 2778 3449 
7804 3449 2778 2779 3450 
7805 3450 2779 2780 3451 
7806 3451 2780 2781 3452 
7807 3452 2781 2782 3453 
7808 3453 2782 2783 3454 
7809 2 155 1871 2773 
7810 2773 1871 1872 2774 
7811 2774 1872 1873 2775 
7812 2775 1873 1874 2776 
7813 2776 1874 1875 2777 
7814 2777 1875 1876 2778 
7815 2778 1876 1877 2779 
7816 2779 1877 1878 2780 
7817 2780 1878 1879 2781 
7818 2781 1879 1880 2782 
7819 2782 1880 1881 2783 
7820 155 156 1882 1871 
7821 1871 1882 1883 1872 
7822 1872 1883 1884 1873 
7823 1873 1884 1885 1874 
7824 1874 1885 1886 1875 
7825 1875 1886 1887 1876 
7826 1876 1887 1888 1877 
7827 1877 1888 1889 1878 
7828 1878 1889 1890 1879 
7829 1879 1890 1891 1880 
7830 1880 1891 1892 1881 
7831 156 157 375 1882 
7832 1882 375 376 1883 
7833 1883 376 377 1884 
7834 1884 377 378 1885 
7835 1885 378 379 1886 
7836 1886 379 380 1887 
7837 1887 380 381 1888 
7838 1888 381 382 1889 
7839 1889 382 383 1890 
7840 1890 383 384 1891 
7841 1891 384 385 1892 
7842 157 158 386 375 
7843 375 386 387 376 
7844 376 387 388 377 
7845 377 388 389 378 
7846 378 389 390 379 
7847 379 390 391 380 
7848 380 391 392 381 
7849 381 392 393 382 
7850 382 393 394 383 
7851 383 394 395 384 
7852 384 395 396 385 
7853 158 159 397 386 
7854 386 397 398 387 
7855 387 398 399 388 
7856 388 399 400 389 
7857 389 400 401 390 
7858 390 401 402 391 
7859 391 402 403 392 
7860 392 403 404 393 
7861 393 404 405 394 
7862 394 405 406 395 
7863 395 406 407 396 
7864 159 160 485 397 
7865 397 485 486 398 
7866 398 486 487 399 
7867 399 487 488 400 
7868 400 488 489 401 
7869 401 489 490 402 
7870 402 490 491 403 
7871 403 491 492 404 
7872 404 492 493 405 
7873 405 493 494 406 
7874 406 494 495 407 
7875 160 161 496 485 
7876 485 496 497 486 
7877 486 497 498 487 
7878 487 498 499 488 
7879 488 499 500 489 
7880 489 500 501 490 
7881 490 501 502 491 
7882 491 502 503 492 
7883 492 503 504 493 
7884 493 504 505 494 
7885 494 505 506 495 
7886 161 162 507 496 
7887 496 507 508 497 
7888 497 508 509 498 
7889 498 509 510 499 
7890 499 510 511 500 
7891 500 511 512 501 
7892 501 512 513 502 
7893 502 513 514 503 
7894 503 514 515 504 
7895 504 515 516 505 
7896 505 516 517 506 
7897 162 163 1805 507 
7898 507 1805 1806 508 
7899 508 1806 1807 509 
7900 509 1807 1808 510 
7901 510 1808 1809 511 
7902 511 1809 1810 512 
7903 512 1810 1811 513 
7904 513 1811 1812 514 
7905 514 1812 1813 515 
7906 515 1813 1814 516 
7907 516 1814 1815 517 
7908 163 164 1816 1805 
7909 1805 1816 1817 1806 
7910 1806 1817 1818 1807 
7911 1807 1818 1819 1808 
7912 1808 1819 1820 1809 
7913 1809 1820 1821 1810 
7914 1810 1821 1822 1811 
7915 1811 1822 1823 1812 
7916 1812 1823 1824 1813 
7917 1813 1824 1825 1814 
7918 1814 1825 1826 1815 
7919 164 165 1827 1816 
7920 1816 1827 1828 1817 
7921 1817 1828 1829 1818 
7922 1818 1829 1830 1819 
7923 1819 1830 1831 1820 
7924 1820 1831 1832 1821 
7925 1821 1832 1833 1822 
7926 1822 1833 1834 1823 
7927 1823 1834 1835 1824 
7928 1824 1835 1836 1825 
7929 1825 1836 1837 1826 
7930 165 166 2003 1827 
7931 1827 2003 2004 1828 
7932 1828 2004 2005 1829 
7933 1829 2005 2006 1830 
7934 1830 2006 2007 1831 
7935 1831 2007 2008 1832 
7936 1832 2008 2009 1833 
7937 1833 2009 2010 1834 
7938 1834 2010 2011 1835 
7939 1835 2011 2012 1836 
7940 1836 2012 2013 1837 
7941 166 167 2014 2003 
7942 2003 2014 2015 2004 
7943 2004 2015 2016 2005 
7944 2005 2016 2017 2006 
7945 2006 2017 2018 2007 
7946 2007 2018 2019 2008 
7947 2008 2019 2020 2009 
7948 2009 2020 2021 2010 
7949 2010 2021 2022 2011 
7950 2011 2022 2023 2012 
7951 2012 2023 2024 2013 
7952 167 168 2025 2014 
7953 2014 2025 2026 2015 
7954 2015 2026 2027 2016 
7955 2016 2027 2028 2017 
7956 2017 2028 2029 2018 
7957 2018 2029 2030 2019 
7958 2019 2030 2031 2020 
7959 2020 2031 2032 2021 
7960 2021 2032 2033 2022 
7961 2022 2033 2034 2023 
7962 2023 2034 2035 2024 
7963 168 169 1046 2025 
7964 2025 1046 1047 2026 
7965 2026 1047 1048 2027 
7966 2027 1048 1049 2028 
7967 2028 1049 1050 2029 
7968 2029 1050 1051 2030 
7969 2030 1051 1052 2031 
7970 2031 1052 1053 2032 
7971 2032 1053 1054 2033 
7972 2033 1054 1055 2034 
7973 2034 1055 1056 2035 
7974 169 170 1057 1046 
7975 1046 1057 1058 1047 
7976 1047 1058 1059 1048 
7977 1048 1059 1060 1049 
7978 1049 1060 1061 1050 
7979 1050 1061 1062 1051 
7980 1051 1062 1063 1052 
7981 1052 1063 1064 1053 
7982 1053 1064 1065 1054 
7983 1054 1065 1066 1055 
7984 1055 1066 1067 1056 
7985 170 171 1068 1057 
7986 1057 1068 1069 1058 
7987 1058 1069 1070 1059 
7988 1059 1070 1071 1060 
7989 1060 1071 1072 1061 
7990 1061 1072 1073 1062 
7991 1062 1073 1074 1063 
7992 1063 1074 1075 1064 
7993 1064 1075 1076 1065 
7994 1065 1076 1077 1066 
7995 1066 1077 1078 1067 
7996 171 172 2036 1068 
7997 1068 2036 2037 1069 
7998 1069 2037 2038 1070 
7999 1070 2038 2039 1071 
8000 1071 2039 2040 1072 
8001 1072 2040 2041 1073 
8002 1073 2041 2042 1074 
8003 1074 2042 2043 1075 
8004 1075 2043 2044 1076 
8005 1076 2044 2045 1077 
8006 1077 2045 2046 1078 
8007 172 173 2047 2036 
8008 2036 2047 2048 2037 
8009 2037 2048 2049 2038 
8010 2038 2049 2050 2039 
8011 2039 2050 2051 2040 
8012 2040 2051 2052 2041 
8013 2041 2052 2053 2042 
8014 2042 2053 2054 2043 
8015 2043 2054 2055 2044 
8016 2044 2055 2056 2045 
8017 2045 2056 2057 2046 
8018 173 174 2058 2047 
8019 2047 2058 2059 2048 
8020 2048 2059 2060 2049 
8021 2049 2060 2061 2050 
8022 2050 2061 2062 2051 
8023 2051 2062 2063 2052 
8024 2052 2063 2064 2053 
8025 2053 2064 2065 2054 
8026 2054 2065 2066 2055 
8027 2055 2066 2067 2056 
8028 2056 2067 2068 2057 
8029 174 175 3356 2058 
8030 2058 3356 3357 2059 
8031 2059 3357 3358 2060 
8032 2060 3358 3359 2061 
8033 2061 3359 3360 2062 
8034 2062 3360 3361 2063 
8035 2063 3361 3362 2064 
8036 2064 3362 3363 2065 
8037 2065 3363 3364 2066 
8038 2066 3364 3365 2067 
8039 2067 3365 3366 2068 
8040 175 176 3367 3356 
8041 3356 3367 3368 3357 
8042 3357 3368 3369 3358 
8043 3358 3369 3370 3359 
8044 3359 3370 3371 3360 
8045 3360 3371 3372 3361 
8046 3361 3372 3373 3362 
8047 3362 3373 3374 3363 
8048 3363 3374 3375 3364 
8049 3364 3375 3376 3365 
8050 3365 3376 3377 3366 
8051 176 177 3378 3367 
8052 3367 3378 3379 3368 
8053 3368 3379 3380 3369 
8054 3369 3380 3381 3370 
8055 3370 3381 3382 3371 
8056 3371 3382 3383 3372 
8057 3372 3383 3384 3373 
8058 3373 3384 3385 3374 
8059 3374 3385 3386 3375 
8060 3375 3386 3387 3376 
8061 3376 3387 3388 3377 
8062 177 178 1354 3378 
8063 3378 1354 1355 3379 
8064 3379 1355 1356 3380 
8065 3380 1356 1357 3381 
8066 3381 1357 1358 3382 
8067 3382 1358 1359 3383 
8068 3383 1359 1360 3384 
8069 3384 1360 1361 3385 
8070 3385 1361 1362 3386 
8071 3386 1362 1363 3387 
8072 3387 1363 1364 3388 
8073 178 179 1365 1354 
8074 1354 1365 1366 1355 
8075 1355 1366 1367 1356 
8076 1356 1367 1368 1357 
8077 1357 1368 1369 1358 
8078 1358 1369 1370 1359 
8079 1359 1370 1371 1360 
8080 1360 1371 1372 1361 
8081 1361 1372 1373 1362 
8082 1362 1373 1374 1363 
8083 1363 1374 1375 1364 
8084 179 180 1376 1365 
8085 1365 1376 1377 1366 
8086 1366 1377 1378 1367 
8087 1367 1378 1379 1368 
8088 1368 1379 1380 1369 
8089 1369 1380 1381 1370 
8090 1370 1381 1382 1371 
8091 1371 1382 1383 1372 
8092 1372 1383 1384 1373 
8093 1373 1384 1385 1374 
8094 1374 1385 1386 1375 
8095 180 181 2927 1376 
8096 1376 2927 2928 1377 
8097 1377 2928 2929 1378 
8098 1378 2929 2930 1379 
8099 1379 2930 2931 1380 
8100 1380 2931 2932 1381 
8101 1381 2932 2933 1382 
8102 1382 2933 2934 1383 
8103 1383 2934 2935 1384 
8104 1384 2935 2936 1385 
8105 1385 2936 2937 1386 
8106 181 182 2938 2927 
8107 2927 2938 2939 2928 
8108 2928 2939 2940 2929 
8109 2929 2940 2941 2930 
8110 2930 2941 2942 2931 
8111 2931 2942 2943 2932 
8112 2932 2943 2944 2933 
8113 2933 2944 2945 2934 
8114 2934 2945 2946 2935 
8115 2935 2946 2947 2936 
8116 2936 2947 2948 2937 
8117 182 183 2949 2938 
8118 2938 2949 2950 2939 
8119 2939 2950 2951 2940 
8120 2940 2951 2952 2941 
8121 2941 2952 2953 2942 
8122 2942 2953 2954 2943 
8123 2943 2954 2955 2944 
8124 2944 2955 2956 2945 
8125 2945 2956 2957 2946 
8126 2946 2957 2958 2947 
8127 2947 2958 2959 2948 
8128 183 184 2960 2949 
8129 2949 2960 2961 2950 
8130 2950 2961 2962 2951 
8131 2951 2962 2963 2952 
8132 2952 2963 2964 2953 
8133 2953 2964 2965 2954 
8134 2954 2965 2966 2955 
8135 2955 2966 2967 2956 
8136 2956 2967 2968 2957 
8137 2957 2968 2969 2958 
8138 2958 2969 2970 2959 
8139 184 185 2971 2960 
8140 2960 2971 2972 2961 
8141 2961 2972 2973 2962 
8142 2962 2973 2974 2963 
8143 2963 2974 2975 2964 
8144 2964 2975 2976 2965 
8145 2965 2976 2977 2966 
8146 2966 2977 2978 2967 
8147 2967 2978 2979 2968 
8148 2968 2979 2980 2969 
8149 2969 2980 2981 2970 
8150 185 186 2982 2971 
8151 2971 2982 2983 2972 
8152 2972 2983 2984 2973 
8153 2973 2984 2985 2974 
8154 2974 2985 2986 2975 
8155 2975 2986 2987 2976 
8156 2976 2987 2988 2977 
8157 2977 2988 2989 2978 
8158 2978 2989 2990 2979 
8159 2979 2990 2991 2980 
8160 2980 2991 2992 2981 
8161 186 187 3499 2982 
8162 2982 3499 3500 2983 
8163 2983 3500 3501 2984 
8164 2984 3501 3502 2985 
8165 2985 3502 3503 2986 
8166 2986 3503 3504 2987 
8167 2987 3504 3505 2988 
8168 2988 3505 3506 2989 
8169 2989 3506 3507 2990 
8170 2990 3507 3508 2991 
8171 2991 3508 3509 2992 
8172 187 188 3510 3499 
8173 3499 3510 3511 3500 
8174 3500 3511 3512 3501 
8175 3501 3512 3513 3502 
8176 3502 3513 3514 3503 
8177 3503 3514 3515 3504 
8178 3504 3515 3516 3505 
8179 3505 3516 3517 3506 
8180 3506 3517 3518 3507 
8181 3507 3518 3519 3508 
8182 3508 3519 3520 3509 
8183 188 189 3521 3510 
8184 3510 3521 3522 3511 
8185 3511 3522 3523 3512 
8186 3512 3523 3524 3513 
8187 3513 3524 3525 3514 
8188 3514 3525 3526 3515 
8189 3515 3526 3527 3516 
8190 3516 3527 3528 3517 
8191 3517 3528 3529 3518 
8192 3518 3529 3530 3519 
8193 3519 3530 3531 3520 
8194 189 190 2289 3521 
8195 3521 2289 2290 3522 
8196 3522 2290 2291 3523 
8197 3523 2291 2292 3524 
8198 3524 2292 2293 3525 
8199 3525 2293 2294 3526 
8200 3526 2294 2295 3527 
8201 3527 2295 2296 3528 
8202 3528 2296 2297 3529 
8203 3529 2297 2298 3530 
8204 3530 2298 2299 3531 
8205 190 191 2300 2289 
8206 2289 2300 2301 2290 
8207 2290 2301 2302 2291 
8208 2291 2302 2303 2292 
8209 2292 2303 2304 2293 
8210 2293 2304 2305 2294 
8211 2294 2305 2306 2295 
8212 2295 2306 2307 2296 
8213 2296 2307 2308 2297 
8214 2297 2308 2309 2298 
8215 2298 2309 2310 2299 
8216 191 192 2311 2300 
8217 2300 2311 2312 2301 
8218 2301 2312 2313 2302 
8219 2302 2313 2314 2303 
8220 2303 2314 2315 2304 
8221 2304 2315 2316 2305 
8222 2305 2316 2317 2306 
8223 2306 2317 2318 2307 
8224 2307 2318 2319 2308 
8225 2308 2319 2320 2309 
8226 2309 2320 2321 2310 
8227 202 203 2410 2399 
8228 2399 2410 2411 2400 
8229 2400 2411 2412 2401 
8230 2401 2412 2413 2402 
8231 2402 2413 2414 2403 
8232 2403 2414 2415 2404 
8233 2404 2415 2416 2405 
8234 2405 2416 2417 2406 
8235 2406 2417 2418 2407 
8236 2407 2418 2419 2408 
8237 2408 2419 2420 2409 
8238 203 204 2421 2410 
8239 2410 2421 2422 2411 
8240 2411 2422 2423 2412 
8241 2412 2423 2424 2413 
8242 2413 2424 2425 2414 
8243 2414 2425 2426 2415 
8244 2415 2426 2427 2416 
8245 2416 2427 2428 2417 
8246 2417 2428 2429 2418 
8247 2418 2429 2430 2419 
8248 2419 2430 2431 2420 
8249 204 205 3840 2421 
8250 2421 3840 3841 2422 
8251 2422 3841 3842 2423 
8252 2423 3842 3843 2424 
8253 2424 3843 3844 2425 
8254 2425 3844 3845 2426 
8255 2426 3845 3846 2427 
8256 2427 3846 3847 2428 
8257 2428 3847 3848 2429 
8258 2429 3848 3849 2430 
8259 2430 3849 3850 2431 
8260 205 206 3851 3840 
8261 3840 3851 3852 3841 
8262 3841 3852 3853 3842 
8263 3842 3853 3854 3843 
8264 3843 3854 3855 3844 
8265 3844 3855 3856 3845 
8266 3845 3856 3857 3846 
8267 3846 3857 3858 3847 
8268 3847 3858 3859 3848 
8269 3848 3859 3860 3849 
8270 3849 3860 3861 3850 
8271 206 207 3862 3851 
8272 3851 3862 3863 3852 
8273 3852 3863 3864 3853 
8274 3853 3864 3865 3854 
8275 3854 3865 3866 3855 
8276 3855 3866 3867 3856 
8277 3856 3867 3868 3857 
8278 3857 3868 3869 3858 
8279 3858 3869 3870 3859 
8280 3859 3870 3871 3860 
8281 3860 3871 3872 3861 
8282 207 208 2333 3862 
8283 3862 2333 2334 3863 
8284 3863 2334 2335 3864 
8285 3864 2335 2336 3865 
8286 3865 2336 2337 3866 
8287 3866 2337 2338 3867 
8288 3867 2338 2339 3868 
8289 3868 2339 2340 3869 
8290 3869 2340 2341 3870 
8291 3870 2341 2342 3871 
8292 3871 2342 2343 3872 
8293 208 209 2344 2333 
8294 2333 2344 2345 2334 
8295 2334 2345 2346 2335 
8296 2335 2346 2347 2336 
8297 2336 2347 2348 2337 
8298 2337 2348 2349 2338 
8299 2338 2349 2350 2339 
8300 2339 2350 2351 2340 
8301 2340 2351 2352 2341 
8302 2341 2352 2353 2342 
8303 2342 2353 2354 2343 
8304 209 210 2355 2344 
8305 2344 2355 2356 2345 
8306 2345 2356 2357 2346 
8307 2346 2357 2358 2347 
8308 2347 2358 2359 2348 
8309 2348 2359 2360 2349 
8310 2349 2360 2361 2350 
8311 2350 2361 2362 2351 
8312 2351 2362 2363 2352 
8313 2352 2363 2364 2353 
8314 2353 2364 2365 2354 
8315 210 211 1838 2355 
8316 2355 1838 1839 2356 
8317 2356 1839 1840 2357 
8318 2357 1840 1841 2358 
8319 2358 1841 1842 2359 
8320 2359 1842 1843 2360 
8321 2360 1843 1844 2361 
8322 2361 1844 1845 2362 
8323 2362 1845 1846 2363 
8324 2363 1846 1847 2364 
8325 2364 1847 1848 2365 
8326 211 212 1849 1838 
8327 1838 1849 1850 1839 
8328 1839 1850 1851 1840 
8329 1840 1851 1852 1841 
8330 1841 1852 1853 1842 
8331 1842 1853 1854 1843 
8332 1843 1854 1855 1844 
8333 1844 1855 1856 1845 
8334 1845 1856 1857 1846 
8335 1846 1857 1858 1847 
8336 1847 1858 1859 1848 
8337 212 213 1860 1849 
8338 1849 1860 1861 1850 
8339 1850 1861 1862 1851 
8340 1851 1862 1863 1852 
8341 1852 1863 1864 1853 
8342 1853 1864 1865 1854 
8343 1854 1865 1866 1855 
8344 1855 1866 1867 1856 
8345 1856 1867 1868 1857 
8346 1857 1868 1869 1858 
8347 1858 1869 1870 1859 
8348 213 214 3675 1860 
8349 1860 3675 3676 1861 
8350 1861 3676 3677 1862 
8351 1862 3677 3678 1863 
8352 1863 3678 3679 1864 
8353 1864 3679 3680 1865 
8354 1865 3680 3681 1866 
8355 1866 3681 3682 1867 
8356 1867 3682 3683 1868 
8357 1868 3683 3684 1869 
8358 1869 3684 3685 1870 
8359 214 215 3686 3675 
8360 3675 3686 3687 3676 
8361 3676 3687 3688 3677 
8362 3677 3688 3689 3678 
8363 3678 3689 3690 3679 
8364 3679 3690 3691 3680 
8365 3680 3691 3692 3681 
8366 3681 3692 3693 3682 
8367 3682 3693 3694 3683 
8368 3683 3694 3695 3684 
8369 3684 3695 3696 3685 
8370 215 216 3697 3686 
8371 3686 3697 3698 3687 
8372 3687 3698 3699 3688 
8373 3688 3699 3700 3689 
8374 3689 3700 3701 3690 
8375 3690 3701 3702 3691 
8376 3691 3702 3703 3692 
8377 3692 3703 3704 3693 
8378 3693 3704 3705 3694 
8379 3694 3705 3706 3695 
8380 3695 3706 3707 3696 
8381 216 217 2674 3697 
8382 3697 2674 2675 3698 
8383 3698 2675 2676 3699 
8384 3699 2676 2677 3700 
8385 3700 2677 2678 3701 
8386 3701 2678 2679 3702 
8387 3702 2679 2680 3703 
8388 3703 2680 2681 3704 
8389 3704 2681 2682 3705 
8390 3705 2682 2683 3706 
8391 3706 2683 2684 3707 
8392 217 218 2685 2674 
8393 2674 2685 2686 2675 
8394 2675 2686 2687 2676 
8395 2676 2687 2688 2677 
8396 2677 2688 2689 2678 
8397 2678 2689 2690 2679 
8398 2679 2690 2691 2680 
8399 2680 2691 2692 2681 
8400 2681 2692 2693 2682 
8401 2682 2693 2694 2683 
8402 2683 2694 2695 2684 
8403 218 219 2696 2685 
8404 2685 2696 2697 2686 
8405 2686 2697 2698 2687 
8406 2687 2698 2699 2688 
8407 2688 2699 2700 2689 
8408 2689 2700 2701 2690 
8409 2690 2701 2702 2691 
8410 2691 2702 2703 2692 
8411 2692 2703 2704 2693 
8412 2693 2704 2705 2694 
8413 2694 2705 2706 2695 
8414 219 220 1695 2696 
8415 2696 1695 1696 2697 
8416 2697 1696 1697 2698 
8417 2698 1697 1698 2699 
8418 2699 1698 1699 2700 
8419 2700 1699 1700 2701 
8420 2701 1700 1701 2702 
8421 2702 1701 1702 2703 
8422 2703 1702 1703 2704 
8423 2704 1703 1704 2705 
8424 2705 1704 1705 2706 
8425 220 221 1706 1695 
8426 1695 1706 1707 1696 
8427 1696 1707 1708 1697 
8428 1697 1708 1709 1698 
8429 1698 1709 1710 1699 
8430 1699 1710 1711 1700 
8431 1700 1711 1712 1701 
8432 1701 1712 1713 1702 
8433 1702 1713 1714 1703 
8434 1703 1714 1715 1704 
8435 1704 1715 1716 1705 
8436 221 222 1717 1706 
8437 1706 1717 1718 1707 
8438 1707 1718 1719 1708 
8439 1708 1719 1720 1709 
8440 1709 1720 1721 1710 
8441 1710 1721 1722 1711 
8442 1711 1722 1723 1712 
8443 1712 1723 1724 1713 
8444 1713 1724 1725 1714 
8445 1714 1725 1726 1715 
8446 1715 1726 1727 1716 
8447 222 223 1651 1717 
8448 1717 1651 1652 1718 
8449 1718 1652 1653 1719 
8450 1719 1653 1654 1720 
8451 1720 1654 1655 1721 
8452 1721 1655 1656 1722 
8453 1722 1656 1657 1723 
8454 1723 1657 1658 1724 
8455 1724 1658 1659 1725 
8456 1725 1659 1660 1726 
8457 1726 1660 1661 1727 
8458 223 224 1662 1651 
8459 1651 1662 1663 1652 
8460 1652 1663 1664 1653 
8461 1653 1664 1665 1654 
8462 1654 1665 1666 1655 
8463 1655 1666 1667 1656 
8464 1656 1667 1668 1657 
8465 1657 1668 1669 1658 
8466 1658 1669 1670 1659 
8467 1659 1670 1671 1660 
8468 1660 1671 1672 1661 
8469 224 225 1673 1662 
8470 1662 1673 1674 1663 
8471 1663 1674 1675 1664 
8472 1664 1675 1676 1665 
8473 1665 1676 1677 1666 
8474 1666 1677 1678 1667 
8475 1667 1678 1679 1668 
8476 1668 1679 1680 1669 
8477 1669 1680 1681 1670 
8478 1670 1681 1682 1671 
8479 1671 1682 1683 1672 
8480 225 226 3070 1673 
8481 1673 3070 3071 1674 
8482 1674 3071 3072 1675 
8483 1675 3072 3073 1676 
8484 1676 3073 3074 1677 
8485 1677 3074 3075 1678 
8486 1678 3075 3076 1679 
8487 1679 3076 3077 1680 
8488 1680 3077 3078 1681 
8489 1681 3078 3079 1682 
8490 1682 3079 3080 1683 
8491 226 227 3081 3070 
8492 3070 3081 3082 3071 
8493 3071 3082 3083 3072 
8494 3072 3083 3084 3073 
8495 3073 3084 3085 3074 
8496 3074 3085 3086 3075 
8497 3075 3086 3087 3076 
8498 3076 3087 3088 3077 
8499 3077 3088 3089 3078 
8500 3078 3089 3090 3079 
8501 3079 3090 3091 3080 
8502 227 228 3092 3081 
8503 3081 3092 3093 3082 
8504 3082 3093 3094 3083 
8505 3083 3094 3095 3084 
8506 3084 3095 3096 3085 
8507 3085 3096 3097 3086 
8508 3086 3097 3098 3087 
8509 3087 3098 3099 3088 
8510 3088 3099 3100 3089 
8511 3089 3100 3101 3090 
8512 3090 3101 3102 3091 
8513 228 229 3169 3092 
8514 3092 3169 3170 3093 
8515 3093 3170 3171 3094 
8516 3094 3171 3172 3095 
8517 3095 3172 3173 3096 
8518 3096 3173 3174 3097 
8519 3097 3174 3175 3098 
8520 3098 3175 3176 3099 
8521 3099 3176 3177 3100 
8522 3100 3177 3178 3101 
8523 3101 3178 3179 3102 
8524 229 230 3180 3169 
8525 3169 3180 3181 3170 
8526 3170 3181 3182 3171 
8527 3171 3182 3183 3172 
8528 3172 3183 3184 3173 
8529 3173 3184 3185 3174 
8530 3174 3185 3186 3175 
8531 3175 3186 3187 3176 
8532 3176 3187 3188 3177 
8533 3177 3188 3189 3178 
8534 3178 3189 3190 3179 
8535 230 231 3191 3180 
8536 3180 3191 3192 3181 
8537 3181 3192 3193 3182 
8538 3182 3193 3194 3183 
8539 3183 3194 3195 3184 
8540 3184 3195 3196 3185 
8541 3185 3196 3197 3186 
8542 3186 3197 3198 3187 
8543 3187 3198 3199 3188 
8544 3188 3199 3200 3189 
8545 3189 3200 3201 3190 
8546 231 232 3136 3191 
8547 3191 3136 3137 3192 
8548 3192 3137 3138 3193 
8549 3193 3138 3139 3194 
8550 3194 3139 3140 3195 
8551 3195 3140 3141 3196 
8552 3196 3141 3142 3197 
8553 3197 3142 3143 3198 
8554 3198 3143 3144 3199 
8555 3199 3144 3145 3200 
8556 3200 3145 3146 3201 
8557 232 233 3147 3136 
8558 3136 3147 3148 3137 
8559 3137 3148 3149 3138 
8560 3138 3149 3150 3139 
8561 3139 3150 3151 3140 
8562 3140 3151 3152 3141 
8563 3141 3152 3153 3142 
8564 3142 3153 3154 3143 
8565 3143 3154 3155 3144 
8566 3144 3155 3156 3145 
8567 3145 3156 3157 3146 
8568 233 234 3158 3147 
8569 3147 3158 3159 3148 
8570 3148 3159 3160 3149 
8571 3149 3160 3161 3150 
8572 3150 3161 3162 3151 
8573 3151 3162 3163 3152 
8574 3152 3163 3164 3153 
8575 3153 3164 3165 3154 
8576 3154 3165 3166 3155 
8577 3155 3166 3167 3156 
8578 3156 3167 3168 3157 
8579 234 235 3224 3158 
8580 3158 3224 3225 3159 
8581 3159 3225 3226 3160 
8582 3160 3226 3227 3161 
8583 3161 3227 3228 3162 
8584 3162 3228 3229 3163 
8585 3163 3229 3230 3164 
8586 3164 3230 3231 3165 
8587 3165 3231 3232 3166 
8588 3166 3232 3233 3167 
8589 3167 3233 3234 3168 
8590 235 236 3235 3224 
8591 3224 3235 3236 3225 
8592 3225 3236 3237 3226 
8593 3226 3237 3238 3227 
8594 3227 3238 3239 3228 
8595 3228 3239 3240 3229 
8596 3229 3240 3241 3230 
8597 3230 3241 3242 3231 
8598 3231 3242 3243 3232 
8599 3232 3243 3244 3233 
8600 3233 3244 3245 3234 
8601 236 237 3246 3235 
8602 3235 3246 3247 3236 
8603 3236 3247 3248 3237 
8604 3237 3248 3249 3238 
8605 3238 3249 3250 3239 
8606 3239 3250 3251 3240 
8607 3240 3251 3252 3241 
8608 3241 3252 3253 3242 
8609 3242 3253 3254 3243 
8610 3243 3254 3255 3244 
8611 3244 3255 3256 3245 
8612 237 238 2201 3246 
8613 3246 2201 2202 3247 
8614 3247 2202 2203 3248 
8615 3248 2203 2204 3249 
8616 3249 2204 2205 3250 
8617 3250 2205 2206 3251 
8618 3251 2206 2207 3252 
8619 3252 2207 2208 3253 
8620 3253 2208 2209 3254 
8621 3254 2209 2210 3255 
8622 3255 2210 2211 3256 
8623 238 239 2212 2201 
8624 2201 2212 2213 2202 
8625 2202 2213 2214 2203 
8626 2203 2214 2215 2204 
8627 2204 2215 2216 2205 
8628 2205 2216 2217 2206 
8629 2206 2217 2218 2207 
8630 2207 2218 2219 2208 
8631 2208 2219 2220 2209 
8632 2209 2220 2221 2210 
8633 2210 2221 2222 2211 
8634 239 240 2223 2212 
8635 2212 2223 2224 2213 
8636 2213 2224 2225 2214 
8637 2214 2225 2226 2215 
8638 2215 2226 2227 2216 
8639 2216 2227 2228 2217 
8640 2217 2228 2229 2218 
8641 2218 2229 2230 2219 
8642 2219 2230 2231 2220 
8643 2220 2231 2232 2221 
8644 2221 2232 2233 2222 
8645 240 241 2168 2223 
8646 2223 2168 2169 2224 
8647 2224 2169 2170 2225 
8648 2225 2170 2171 2226 
8649 2226 2171 2172 2227 
8650 2227 2172 2173 2228 
8651 2228 2173 2174 2229 
8652 2229 2174 2175 2230 
8653 2230 2175 2176 2231 
8654 2231 2176 2177 2232 
8655 2232 2177 2178 2233 
8656 241 242 2179 2168 
8657 2168 2179 2180 2169 
8658 2169 2180 2181 2170 
8659 2170 2181 2182 2171 
8660 2171 2182 2183 2172 
8661 2172 2183 2184 2173 
8662 2173 2184 2185 2174 
8663 2174 2185 2186 2175 
8664 2175 2186 2187 2176 
8665 2176 2187 2188 2177 
8666 2177 2188 2189 2178 
8667 242 243 2190 2179 
8668 2179 2190 2191 2180 
8669 2180 2191 2192 2181 
8670 2181 2192 2193 2182 
8671 2182 2193 2194 2183 
8672 2183 2194 2195 2184 
8673 2184 2195 2196 2185 
8674 2185 2196 2197 2186 
8675 2186 2197 2198 2187 
8676 2187 2198 2199 2188 
8677 2188 2199 2200 2189 
8678 243 244 2597 2190 
8679 2190 2597 2598 2191 
8680 2191 2598 2599 2192 
8681 2192 2599 2600 2193 
8682 2193 2600 2601 2194 
8683 2194 2601 2602 2195 
8684 2195 2602 2603 2196 
8685 2196 2603 2604 2197 
8686 2197 2604 2605 2198 
8687 2198 2605 2606 2199 
8688 2199 2606 2607 2200 
8689 244 245 2608 2597 
8690 2597 2608 2609 2598 
8691 2598 2609 2610 2599 
8692 2599 2610 2611 2600 
8693 2600 2611 2612 2601 
8694 2601 2612 2613 2602 
8695 2602 2613 2614 2603 
8696 2603 2614 2615 2604 
8697 2604 2615 2616 2605 
8698 2605 2616 2617 2606 
8699 2606 2617 2618 2607 
8700 245 246 2619 2608 
8701 2608 2619 2620 2609 
8702 2609 2620 2621 2610 
8703 2610 2621 2622 2611 
8704 2611 2622 2623 2612 
8705 2612 2623 2624 2613 
8706 2613 2624 2625 2614 
8707 2614 2625 2626 2615 
8708 2615 2626 2627 2616 
8709 2616 2627 2628 2617 
8710 2617 2628 2629 2618 
8711 246 247 2784 2619 
8712 2619 2784 2785 2620 
8713 2620 2785 2786 2621 
8714 2621 2786 2787 2622 
8715 2622 2787 2788 2623 
8716 2623 2788 2789 2624 
8717 2624 2789 2790 2625 
8718 2625 2790 2791 2626 
8719 2626 2791 2792 2627 
8720 2627 2792 2793 2628 
8721 2628 2793 2794 2629 
8722 247 248 2795 2784 
8723 2784 2795 2796 2785 
8724 2785 2796 2797 2786 
8725 2786 2797 2798 2787 
8726 2787 2798 2799 2788 
8727 2788 2799 2800 2789 
8728 2789 2800 2801 2790 
8729 2790 2801 2802 2791 
8730 2791 2802 2803 2792 
8731 2792 2803 2804 2793 
8732 2793 2804 2805 2794 
8733 248 249 2806 2795 
8734 2795 2806 2807 2796 
8735 2796 2807 2808 2797 
8736 2797 2808 2809 2798 
8737 2798 2809 2810 2799 
8738 2799 2810 2811 2800 
8739 2800 2811 2812 2801 
8740 2801 2812 2813 2802 
8741 2802 2813 2814 2803 
8742 2803 2814 2815 2804 
8743 2804 2815 2816 2805 
8744 249 250 1728 2806 
8745 2806 1728 1729 2807 
8746 2807 1729 1730 2808 
8747 2808 1730 1731 2809 
8748 2809 1731 1732 2810 
8749 2810 1732 1733 2811 
8750 2811 1733 1734 2812 
8751 2812 1734 1735 2813 
8752 2813 1735 1736 2814 
8753 2814 1736 1737 2815 
8754 2815 1737 1738 2816 
8755 250 251 1739 1728 
8756 1728 1739 1740 1729 
8757 1729 1740 1741 1730 
8758 1730 1741 1742 1731 
8759 1731 1742 1743 1732 
8760 1732 1743 1744 1733 
8761 1733 1744 1745 1734 
8762 1734 1745 1746 1735 
8763 1735 1746 1747 1736 
8764 1736 1747 1748 1737 
8765 1737 1748 1749 1738 
8766 251 252 1750 1739 
8767 1739 1750 1751 1740 
8768 1740 1751 1752 1741 
8769 1741 1752 1753 1742 
8770 1742 1753 1754 1743 
8771 1743 1754 1755 1744 
8772 1744 1755 1756 1745 
8773 1745 1756 1757 1746 
8774 1746 1757 1758 1747 
8775 1747 1758 1759 1748 
8776 1748 1759 1760 1749 
8777 252 253 991 1750 
8778 1750 991 992 1751 
8779 1751 992 993 1752 
8780 1752 993 994 1753 
8781 1753 994 995 1754 
8782 1754 995 996 1755 
8783 1755 996 997 1756 
8784 1756 997 998 1757 
8785 1757 998 999 1758 
8786 1758 999 1000 1759 
8787 1759 1000 1001 1760 
8788 253 254 1002 991 
8789 991 1002 1003 992 
8790 992 1003 1004 993 
8791 993 1004 1005 994 
8792 994 1005 1006 995 
8793 995 1006 1007 996 
8794 996 1007 1008 997 
8795 997 1008 1009 998 
8796 998 1009 1010 999 
8797 999 1010 1011 1000 
8798 1000 1011 1012 1001 
8799 254 255 1013 1002 
8800 1002 1013 1014 1003 
8801 1003 1014 1015 1004 
8802 1004 1015 1016 1005 
8803 1005 1016 1017 1006 
8804 1006 1017 1018 1007 
8805 1007 1018 1019 1008 
8806 1008 1019 1020 1009 
8807 1009 1020 1021 1010 
8808 1010 1021 1022 1011 
8809 1011 1022 1023 1012 
8810 255 256 881 1013 
8811 1013 881 882 1014 
8812 1014 882 883 1015 
8813 1015 883 884 1016 
8814 1016 884 885 1017 
8815 1017 885 886 1018 
8816 1018 886 887 1019 
8817 1019 887 888 1020 
8818 1020 888 889 1021 
8819 1021 889 890 1022 
8820 1022 890 891 1023 
8821 256 257 892 881 
8822 881 892 893 882 
8823 882 893 894 883 
8824 883 894 895 884 
8825 884 895 896 885 
8826 885 896 897 886 
8827 886 897 898 887 
8828 887 898 899 888 
8829 888 899 900 889 
8830 889 900 901 890 
8831 890 901 902 891 
8832 257 258 903 892 
8833 892 903 904 893 
8834 893 904 905 894 
8835 894 905 906 895 
8836 895 906 907 896 
8837 896 907 908 897 
8838 897 908 909 898 
8839 898 909 910 899 
8840 899 910 911 900 
8841 900 911 912 901 
8842 901 912 913 902 
8843 258 259 3103 903 
8844 903 3103 3104 904 
8845 904 3104 3105 905 
8846 905 3105 3106 906 
8847 906 3106 3107 907 
8848 907 3107 3108 908 
8849 908 3108 3109 909 
8850 909 3109 3110 910 
8851 910 3110 3111 911 
8852 911 3111 3112 912 
8853 912 3112 3113 913 
8854 259 260 3114 3103 
8855 3103 3114 3115 3104 
8856 3104 3115 3116 3105 
8857 3105 3116 3117 3106 
8858 3106 3117 3118 3107 
8859 3107 3118 3119 3108 
8860 3108 3119 3120 3109 
8861 3109 3120 3121 3110 
8862 3110 3121 3122 3111 
8863 3111 3122 3123 3112 
8864 3112 3123 3124 3113 
8865 260 261 3125 3114 
8866 3114 3125 3126 3115 
8867 3115 3126 3127 3116 
8868 3116 3127 3128 3117 
8869 3117 3128 3129 3118 
8870 3118 3129 3130 3119 
8871 3119 3130 3131 3120 
8872 3120 3131 3132 3121 
8873 3121 3132 3133 3122 
8874 3122 3133 3134 3123 
8875 3123 3134 3135 3124 
8876 263 264 3609 3598 
8877 3598 3609 3610 3599 
8878 3599 3610 3611 3600 
8879 3600 3611 3612 3601 
8880 3601 3612 3613 3602 
8881 3602 3613 3614 3603 
8882 3603 3614 3615 3604 
8883 3604 3615 3616 3605 
8884 3605 3616 3617 3606 
8885 3606 3617 3618 3607 
8886 3607 3618 3619 3608 
8887 264 265 3554 3609 
8888 3609 3554 3555 3610 
8889 3610 3555 3556 3611 
8890 3611 3556 3557 3612 
8891 3612 3557 3558 3613 
8892 3613 3558 3559 3614 
8893 3614 3559 3560 3615 
8894 3615 3560 3561 3616 
8895 3616 3561 3562 3617 
8896 3617 3562 3563 3618 
8897 3618 3563 3564 3619 
8898 265 266 3565 3554 
8899 3554 3565 3566 3555 
8900 3555 3566 3567 3556 
8901 3556 3567 3568 3557 
8902 3557 3568 3569 3558 
8903 3558 3569 3570 3559 
8904 3559 3570 3571 3560 
8905 3560 3571 3572 3561 
8906 3561 3572 3573 3562 
8907 3562 3573 3574 3563 
8908 3563 3574 3575 3564 
8909 266 267 3576 3565 
8910 3565 3576 3577 3566 
8911 3566 3577 3578 3567 
8912 3567 3578 3579 3568 
8913 3568 3579 3580 3569 
8914 3569 3580 3581 3570 
8915 3570 3581 3582 3571 
8916 3571 3582 3583 3572 
8917 3572 3583 3584 3573 
8918 3573 3584 3585 3574 
8919 3574 3585 3586 3575 
8920 267 268 3642 3576 
8921 3576 3642 3643 3577 
8922 3577 3643 3644 3578 
8923 3578 3644 3645 3579 
8924 3579 3645 3646 3580 
8925 3580 3646 3647 3581 
8926 3581 3647 3648 3582 
8927 3582 3648 3649 3583 
8928 3583 3649 3650 3584 
8929 3584 3650 3651 3585 
8930 3585 3651 3652 3586 
8931 268 269 3653 3642 
8932 3642 3653 3654 3643 
8933 3643 3654 3655 3644 
8934 3644 3655 3656 3645 
8935 3645 3656 3657 3646 
8936 3646 3657 3658 3647 
8937 3647 3658 3659 3648 
8938 3648 3659 3660 3649 
8939 3649 3660 3661 3650 
8940 3650 3661 3662 3651 
8941 3651 3662 3663 3652 
8942 269 270 3664 3653 
8943 3653 3664 3665 3654 
8944 3654 3665 3666 3655 
8945 3655 3666 3667 3656 
8946 3656 3667 3668 3657 
8947 3657 3668 3669 3658 
8948 3658 3669 3670 3659 
8949 3659 3670 3671 3660 
8950 3660 3671 3672 3661 
8951 3661 3672 3673 3662 
8952 3662 3673 3674 3663 
8953 270 271 639 3664 
8954 3664 639 640 3665 
8955 3665 640 641 3666 
8956 3666 641 642 3667 
8957 3667 642 643 3668 
8958 3668 643 644 3669 
8959 3669 644 645 3670 
8960 3670 645 646 3671 
8961 3671 646 647 3672 
8962 3672 647 648 3673 
8963 3673 648 649 3674 
8964 271 272 650 639 
8965 639 650 651 640 
8966 640 651 652 641 
8967 641 652 653 642 
8968 642 653 654 643 
8969 643 654 655 644 
8970 644 655 656 645 
8971 645 656 657 646 
8972 646 657 658 647 
8973 647 658 659 648 
8974 648 659 660 649 
8975 272 273 661 650 
8976 650 661 662 651 
8977 651 662 663 652 
8978 652 663 664 653 
8979 653 664 665 654 
8980 654 665 666 655 
8981 655 666 667 656 
8982 656 667 668 657 
8983 657 668 669 658 
8984 658 669 670 659 
8985 659 670 671 660 
8986 273 274 1189 661 
8987 661 1189 1190 662 
8988 662 1190 1191 663 
8989 663 1191 1192 664 
8990 664 1192 1193 665 
8991 665 1193 1194 666 
8992 666 1194 1195 667 
8993 667 1195 1196 668 
8994 668 1196 1197 669 
8995 669 1197 1198 670 
8996 670 1198 1199 671 
8997 274 275 1200 1189 
8998 1189 1200 1201 1190 
8999 1190 1201 1202 1191 
9000 1191 1202 1203 1192 
9001 1192 1203 1204 1193 
9002 1193 1204 1205 1194 
9003 1194 1205 1206 1195 
9004 1195 1206 1207 1196 
9005 1196 1207 1208 1197 
9006 1197 1208 1209 1198 
9007 1198 1209 1210 1199 
9008 275 276 1211 1200 
9009 1200 1211 1212 1201 
9010 1201 1212 1213 1202 
9011 1202 1213 1214 1203 
9012 1203 1214 1215 1204 
9013 1204 1215 1216 1205 
9014 1205 1216 1217 1206 
9015 1206 1217 1218 1207 
9016 1207 1218 1219 1208 
9017 1208 1219 1220 1209 
9018 1209 1220 1221 1210 
9019 276 277 3037 1211 
9020 1211 3037 3038 1212 
9021 1212 3038 3039 1213 
9022 1213 3039 3040 1214 
9023 1214 3040 3041 1215 
9024 1215 3041 3042 1216 
9025 1216 3042 3043 1217 
9026 1217 3043 3044 1218 
9027 1218 3044 3045 1219 
9028 1219 3045 3046 1220 
9029 1220 3046 3047 1221 
9030 277 278 3048 3037 
9031 3037 3048 3049 3038 
9032 3038 3049 3050 3039 
9033 3039 3050 3051 3040 
9034 3040 3051 3052 3041 
9035 3041 3052 3053 3042 
9036 3042 3053 3054 3043 
9037 3043 3054 3055 3044 
9038 3044 3055 3056 3045 
9039 3045 3056 3057 3046 
9040 3046 3057 3058 3047 
9041 278 279 3059 3048 
9042 3048 3059 3060 3049 
9043 3049 3060 3061 3050 
9044 3050 3061 3062 3051 
9045 3051 3062 3063 3052 
9046 3052 3063 3064 3053 
9047 3053 3064 3065 3054 
9048 3054 3065 3066 3055 
9049 3055 3066 3067 3056 
9050 3056 3067 3068 3057 
9051 3057 3068 3069 3058 
9052 279 280 408 3059 
9053 3059 408 409 3060 
9054 3060 409 410 3061 
9055 3061 410 411 3062 
9056 3062 411 412 3063 
9057 3063 412 413 3064 
9058 3064 413 414 3065 
9059 3065 414 415 3066 
9060 3066 415 416 3067 
9061 3067 416 417 3068 
9062 3068 417 418 3069 
9063 280 281 419 408 
9064 408 419 420 409 
9065 409 420 421 410 
9066 410 421 422 411 
9067 411 422 423 412 
9068 412 423 424 413 
9069 413 424 425 414 
9070 414 425 426 415 
9071 415 426 427 416 
9072 416 427 428 417 
9073 417 428 429 418 
9074 30 31 782 705 
9075 705 782 783 706 
9076 706 783 784 707 
9077 707 784 785 708 
9078 708 785 786 709 
9079 709 786 787 710 
9080 710 787 788 711 
9081 711 788 789 712 
9082 712 789 790 713 
9083 713 790 791 714 
9084 714 791 792 715 
9085 23 24 474 815 
9086 815 474 475 816 
9087 816 475 476 817 
9088 817 476 477 818 
9089 818 477 478 819 
9090 819 478 479 820 
9091 820 479 480 821 
9092 821 480 481 822 
9093 822 481 482 823 
9094 823 482 483 824 
9095 824 483 484 825 
9096 24 25 2817 474 
9097 474 2817 2818 475 
9098 475 2818 2819 476 
9099 476 2819 2820 477 
9100 477 2820 2821 478 
9101 478 2821 2822 479 
9102 479 2822 2823 480 
9103 480 2823 2824 481 
9104 481 2824 2825 482 
9105 482 2825 2826 483 
9106 483 2826 2827 484 
9107 25 26 452 2817 
9108 2817 452 453 2818 
9109 2818 453 454 2819 
9110 2819 454 455 2820 
9111 2820 455 456 2821 
9112 2821 456 457 2822 
9113 2822 457 458 2823 
9114 2823 458 459 2824 
9115 2824 459 460 2825 
9116 2825 460 461 2826 
9117 2826 461 462 2827 
9118 26 27 1684 452 
9119 452 1684 1685 453 
9120 453 1685 1686 454 
9121 454 1686 1687 455 
9122 455 1687 1688 456 
9123 456 1688 1689 457 
9124 457 1689 1690 458 
9125 458 1690 1691 459 
9126 459 1691 1692 460 
9127 460 1692 1693 461 
9128 461 1693 1694 462 
9129 27 28 672 1684 
9130 1684 672 673 1685 
9131 1685 673 674 1686 
9132 1686 674 675 1687 
9133 1687 675 676 1688 
9134 1688 676 677 1689 
9135 1689 677 678 1690 
9136 1690 678 679 1691 
9137 1691 679 680 1692 
9138 1692 680 681 1693 
9139 1693 681 682 1694 
9140 28 29 2157 672 
9141 672 2157 2158 673 
9142 673 2158 2159 674 
9143 674 2159 2160 675 
9144 675 2160 2161 676 
9145 676 2161 2162 677 
9146 677 2162 2163 678 
9147 678 2163 2164 679 
9148 679 2164 2165 680 
9149 680 2165 2166 681 
9150 681 2166 2167 682 
9151 29 30 705 2157 
9152 2157 705 706 2158 
9153 2158 706 707 2159 
9154 2159 707 708 2160 
9155 2160 708 709 2161 
9156 2161 709 710 2162 
9157 2162 710 711 2163 
9158 2163 711 712 2164 
9159 2164 712 713 2165 
9160 2165 713 714 2166 
9161 2166 714 715 2167 
9162 53 54 804 848 
9163 848 804 805 849 
9164 849 805 806 850 
9165 850 806 807 851 
9166 851 807 808 852 
9167 852 808 809 853 
9168 853 809 810 854 
9169 854 810 811 855 
9170 855 811 812 856 
9171 856 812 813 857 
9172 857 813 814 858 
9173 54 55 606 804 
9174 804 606 607 805 
9175 805 607 608 806 
9176 806 608 609 807 
9177 807 609 610 808 
9178 808 610 611 809 
9179 809 611 612 810 
9180 810 612 613 811 
9181 811 613 614 812 
9182 812 614 615 813 
9183 813 615 616 814 
9184 31 32 749 782 
9185 782 749 750 783 
9186 783 750 751 784 
9187 784 751 752 785 
9188 785 752 753 786 
9189 786 753 754 787 
9190 787 754 755 788 
9191 788 755 756 789 
9192 789 756 757 790 
9193 790 757 758 791 
9194 791 758 759 792 
9195 32 33 826 749 
9196 749 826 827 750 
9197 750 827 828 751 
9198 751 828 829 752 
9199 752 829 830 753 
9200 753 830 831 754 
9201 754 831 832 755 
9202 755 832 833 756 
9203 756 833 834 757 
9204 757 834 835 758 
9205 758 835 836 759 
9206 33 34 859 826 
9207 826 859 860 827 
9208 827 860 861 828 
9209 828 861 862 829 
9210 829 862 863 830 
9211 830 863 864 831 
9212 831 864 865 832 
9213 832 865 866 833 
9214 833 866 867 834 
9215 834 867 868 835 
9216 835 868 869 836 
9217 34 35 2883 859 
9218 859 2883 2884 860 
9219 860 2884 2885 861 
9220 861 2885 2886 862 
9221 862 2886 2887 863 
9222 863 2887 2888 864 
9223 864 2888 2889 865 
9224 865 2889 2890 866 
9225 866 2890 2891 867 
9226 867 2891 2892 868 
9227 868 2892 2893 869 
9228 35 36 2476 2883 
9229 2883 2476 2477 2884 
9230 2884 2477 2478 2885 
9231 2885 2478 2479 2886 
9232 2886 2479 2480 2887 
9233 2887 2480 2481 2888 
9234 2888 2481 2482 2889 
9235 2889 2482 2483 2890 
9236 2890 2483 2484 2891 
9237 2891 2484 2485 2892 
9238 2892 2485 2486 2893 
9239 36 37 1178 2476 
9240 2476 1178 1179 2477 
9241 2477 1179 1180 2478 
9242 2478 1180 1181 2479 
9243 2479 1181 1182 2480 
9244 2480 1182 1183 2481 
9245 2481 1183 1184 2482 
9246 2482 1184 1185 2483 
9247 2483 1185 1186 2484 
9248 2484 1186 1187 2485 
9249 2485 1187 1188 2486 
9250 37 38 595 1178 
9251 1178 595 596 1179 
9252 1179 596 597 1180 
9253 1180 597 598 1181 
9254 1181 598 599 1182 
9255 1182 599 600 1183 
9256 1183 600 601 1184 
9257 1184 601 602 1185 
9258 1185 602 603 1186 
9259 1186 603 604 1187 
9260 1187 604 605 1188 
9261 38 39 1618 595 
9262 595 1618 1619 596 
9263 596 1619 1620 597 
9264 597 1620 1621 598 
9265 598 1621 1622 599 
9266 599 1622 1623 600 
9267 600 1623 1624 601 
9268 601 1624 1625 602 
9269 602 1625 1626 603 
9270 603 1626 1627 604 
9271 604 1627 1628 605 
9272 39 40 3257 1618 
9273 1618 3257 3258 1619 
9274 1619 3258 3259 1620 
9275 1620 3259 3260 1621 
9276 1621 3260 3261 1622 
9277 1622 3261 3262 1623 
9278 1623 3262 3263 1624 
9279 1624 3263 3264 1625 
9280 1625 3264 3265 1626 
9281 1626 3265 3266 1627 
9282 1627 3266 3267 1628 
9283 40 41 529 3257 
9284 3257 529 530 3258 
9285 3258 530 531 3259 
9286 3259 531 532 3260 
9287 3260 532 533 3261 
9288 3261 533 534 3262 
9289 3262 534 535 3263 
9290 3263 535 536 3264 
9291 3264 536 537 3265 
9292 3265 537 538 3266 
9293 3266 538 539 3267 
9294 41 42 441 529 
9295 529 441 442 530 
9296 530 442 443 531 
9297 531 443 444 532 
9298 532 444 445 533 
9299 533 445 446 534 
9300 534 446 447 535 
9301 535 447 448 536 
9302 536 448 449 537 
9303 537 449 450 538 
9304 538 450 451 539 
9305 42 43 837 441 
9306 441 837 838 442 
9307 442 838 839 443 
9308 443 839 840 444 
9309 444 840 841 445 
9310 445 841 842 446 
9311 446 842 843 447 
9312 447 843 844 448 
9313 448 844 845 449 
9314 449 845 846 450 
9315 450 846 847 451 
9316 43 44 540 837 
9317 837 540 541 838 
9318 838 541 542 839 
9319 839 542 543 840 
9320 840 543 544 841 
9321 841 544 545 842 
9322 842 545 546 843 
9323 843 546 547 844 
9324 844 547 548 845 
9325 845 548 549 846 
9326 846 549 550 847 
9327 44 45 518 540 
9328 540 518 519 541 
9329 541 519 520 542 
9330 542 520 521 543 
9331 543 521 522 544 
9332 544 522 523 545 
9333 545 523 524 546 
9334 546 524 525 547 
9335 547 525 526 548 
9336 548 526 527 549 
9337 549 527 528 550 
9338 45 46 683 518 
9339 518 683 684 519 
9340 519 684 685 520 
9341 520 685 686 521 
9342 521 686 687 522 
9343 522 687 688 523 
9344 523 688 689 524 
9345 524 689 690 525 
9346 525 690 691 526 
9347 526 691 692 527 
9348 527 692 693 528 
9349 46 47 727 683 
9350 683 727 728 684 
9351 684 728 729 685 
9352 685 729 730 686 
9353 686 730 731 687 
9354 687 731 732 688 
9355 688 732 733 689 
9356 689 733 734 690 
9357 690 734 735 691 
9358 691 735 736 692 
9359 692 736 737 693 
9360 47 48 463 727 
9361 727 463 464 728 
9362 728 464 465 729 
9363 729 465 466 730 
9364 730 466 467 731 
9365 731 467 468 732 
9366 732 468 469 733 
9367 733 469 470 734 
9368 734 470 471 735 
9369 735 471 472 736 
9370 736 472 473 737 
9371 48 49 2322 463 
9372 463 2322 2323 464 
9373 464 2323 2324 465 
9374 465 2324 2325 466 
9375 466 2325 2326 467 
9376 467 2326 2327 468 
9377 468 2327 2328 469 
9378 469 2328 2329 470 
9379 470 2329 2330 471 
9380 471 2330 2331 472 
9381 472 2331 2332 473 
9382 16 17 2564 3422 
9383 3422 2564 2565 3423 
9384 3423 2565 2566 3424 
9385 3424 2566 2567 3425 
9386 3425 2567 2568 3426 
9387 3426 2568 2569 3427 
9388 3427 2569 2570 3428 
9389 3428 2570 2571 3429 
9390 3429 2571 2572 3430 
9391 3430 2572 2573 3431 
9392 3431 2573 2574 3432 
9393 1 7 2762 1387 
9394 1387 2762 2763 1388 
9395 1388 2763 2764 1389 
9396 1389 2764 2765 1390 
9397 1390 2765 2766 1391 
9398 1391 2766 2767 1392 
9399 1392 2767 2768 1393 
9400 1393 2768 2769 1394 
9401 1394 2769 2770 1395 
9402 1395 2770 2771 1396 
9403 1396 2771 2772 1397 
9404 10 11 3488 562 
9405 562 3488 3489 563 
9406 563 3489 3490 564 
9407 564 3490 3491 565 
9408 565 3491 3492 566 
9409 566 3492 3493 567 
9410 567 3493 3494 568 
9411 568 3494 3495 569 
9412 569 3495 3496 570 
9413 570 3496 3497 571 
9414 571 3497 3498 572 
9415 13 14 716 2091 
9416 2091 716 717 2092 
9417 2092 717 718 2093 
9418 2093 718 719 2094 
9419 2094 719 720 2095 
9420 2095 720 721 2096 
9421 2096 721 722 2097 
9422 2097 722 723 2098 
9423 2098 723 724 2099 
9424 2099 724 725 2100 
9425 2100 725 726 2101 
9426 15 16 3422 1343 
9427 1343 3422 3423 1344 
9428 1344 3423 3424 1345 
9429 1345 3424 3425 1346 
9430 1346 3425 3426 1347 
9431 1347 3426 3427 1348 
9432 1348 3427 3428 1349 
9433 1349 3428 3429 1350 
9434 1350 3429 3430 1351 
9435 1351 3430 3431 1352 
9436 1352 3431 3432 1353 
9437 22 23 815 2916 
9438 2916 815 816 2917 
9439 2917 816 817 2918 
9440 2918 817 818 2919 
9441 2919 818 819 2920 
9442 2920 819 820 2921 
9443 2921 820 821 2922 
9444 2922 821 822 2923 
9445 2923 822 823 2924 
9446 2924 823 824 2925 
9447 2925 824 825 2926 
9448 21 22 2916 3829 
9449 3829 2916 2917 3830 
9450 3830 2917 2918 3831 
9451 3831 2918 2919 3832 
9452 3832 2919 2920 3833 
9453 3833 2920 2921 3834 
9454 3834 2921 2922 3835 
9455 3835 2922 2923 3836 
9456 3836 2923 2924 3837 
9457 3837 2924 2925 3838 
9458 3838 2925 2926 3839 
9459 19 20 3026 2234 
9460 2234 3026 3027 2235 
9461 2235 3027 3028 2236 
9462 2236 3028 3029 2237 
9463 2237 3029 3030 2238 
9464 2238 3030 3031 2239 
9465 2239 3031 3032 2240 
9466 2240 3032 3033 2241 
9467 2241 3033 3034 2242 
9468 2242 3034 3035 2243 
9469 2243 3035 3036 2244 
9470 20 21 3829 3026 
9471 3026 3829 3830 3027 
9472 3027 3830 3831 3028 
9473 3028 3831 3832 3029 
9474 3029 3832 3833 3030 
9475 3030 3833 3834 3031 
9476 3031 3834 3835 3032 
9477 3032 3835 3836 3033 
9478 3033 3836 3837 3034 
9479 3034 3837 3838 3035 
9480 3035 3838 3839 3036 
9481 7 8 694 2762 
9482 2762 694 695 2763 
9483 2763 695 696 2764 
9484 2764 696 697 2765 
9485 2765 697 698 2766 
9486 2766 698 699 2767 
9487 2767 699 700 2768 
9488 2768 700 701 2769 
9489 2769 701 702 2770 
9490 2770 702 703 2771 
9491 2771 703 704 2772 
9492 11 12 2729 3488 
9493 3488 2729 2730 3489 
9494 3489 2730 2731 3490 
9495 3490 2731 2732 3491 
9496 3491 2732 2733 3492 
9497 3492 2733 2734 3493 
9498 3493 2734 2735 3494 
9499 3494 2735 2736 3495 
9500 3495 2736 2737 3496 
9501 3496 2737 2738 3497 
9502 3497 2738 2739 3498 
9503 17 18 870 2564 
9504 2564 870 871 2565 
9505 2565 871 872 2566 
9506 2566 872 873 2567 
9507 2567 873 874 2568 
9508 2568 874 875 2569 
9509 2569 875 876 2570 
9510 2570 876 877 2571 
9511 2571 877 878 2572 
9512 2572 878 879 2573 
9513 2573 879 880 2574 
9514 18 19 2234 870 
9515 870 2234 2235 871 
9516 871 2235 2236 872 
9517 872 2236 2237 873 
9518 873 2237 2238 874 
9519 874 2238 2239 875 
9520 875 2239 2240 876 
9521 876 2240 2241 877 
9522 877 2241 2242 878 
9523 878 2242 2243 879 
9524 879 2243 2244 880 
9525 12 13 2091 2729 
9526 2729 2091 2092 2730 
9527 2730 2092 2093 2731 
9528 2731 2093 2094 2732 
9529 2732 2094 2095 2733 
9530 2733 2095 2096 2734 
9531 2734 2096 2097 2735 
9532 2735 2097 2098 2736 
9533 2736 2098 2099 2737 
9534 2737 2099 2100 2738 
9535 2738 2100 2101 2739 
9536 49 50 3389 2322 
9537 2322 3389 3390 2323 
9538 2323 3390 3391 2324 
9539 2324 3391 3392 2325 
9540 2325 3392 3393 2326 
9541 2326 3393 3394 2327 
9542 2327 3394 3395 2328 
9543 2328 3395 3396 2329 
9544 2329 3396 3397 2330 
9545 2330 3397 3398 2331 
9546 2331 3398 3399 2332 
9547 50 51 1937 3389 
9548 3389 1937 1938 3390 
9549 3390 1938 1939 3391 
9550 3391 1939 1940 3392 
9551 3392 1940 1941 3393 
9552 3393 1941 1942 3394 
9553 3394 1942 1943 3395 
9554 3395 1943 1944 3396 
9555 3396 1944 1945 3397 
9556 3397 1945 1946 3398 
9557 3398 1946 1947 3399 
9558 51 52 738 1937 
9559 1937 738 739 1938 
9560 1938 739 740 1939 
9561 1939 740 741 1940 
9562 1940 741 742 1941 
9563 1941 742 743 1942 
9564 1942 743 744 1943 
9565 1943 744 745 1944 
9566 1944 745 746 1945 
9567 1945 746 747 1946 
9568 1946 747 748 1947 
9569 52 53 848 738 
9570 738 848 849 739 
9571 739 849 850 740 
9572 740 850 851 741 
9573 741 851 852 742 
9574 742 852 853 743 
9575 743 853 854 744 
9576 744 854 855 745 
9577 745 855 856 746 
9578 746 856 857 747 
9579 747 857 858 748 
9580 100 101 1783 1090 
9581 1090 1783 1784 1091 
9582 1091 1784 1785 1092 
9583 1092 1785 1786 1093 
9584 1093 1786 1787 1094 
9585 1094 1787 1788 1095 
9586 1095 1788 1789 1096 
9587 1096 1789 1790 1097 
9588 1097 1790 1791 1098 
9589 1098 1791 1792 1099 
9590 1099 1792 1793 1100 
9591 101 102 1794 1783 
9592 1783 1794 1795 1784 
9593 1784 1795 1796 1785 
9594 1785 1796 1797 1786 
9595 1786 1797 1798 1787 
9596 1787 1798 1799 1788 
9597 1788 1799 1800 1789 
9598 1789 1800 1801 1790 
9599 1790 1801 1802 1791 
9600 1791 1802 1803 1792 
9601 1792 1803 1804 1793 
9602 102 103 1024 1794 
9603 1794 1024 1025 1795 
9604 1795 1025 1026 1796 
9605 1796 1026 1027 1797 
9606 1797 1027 1028 1798 
9607 1798 1028 1029 1799 
9608 1799 1029 1030 1800 
9609 1800 1030 1031 1801 
9610 1801 1031 1032 1802 
9611 1802 1032 1033 1803 
9612 1803 1033 1034 1804 
9613 103 104 1035 1024 
9614 1024 1035 1036 1025 
9615 1025 1036 1037 1026 
9616 1026 1037 1038 1027 
9617 1027 1038 1039 1028 
9618 1028 1039 1040 1029 
9619 1029 1040 1041 1030 
9620 1030 1041 1042 1031 
9621 1031 1042 1043 1032 
9622 1032 1043 1044 1033 
9623 1033 1044 1045 1034 
9624 104 105 2707 1035 
9625 1035 2707 2708 1036 
9626 1036 2708 2709 1037 
9627 1037 2709 2710 1038 
9628 1038 2710 2711 1039 
9629 1039 2711 2712 1040 
9630 1040 2712 2713 1041 
9631 1041 2713 2714 1042 
9632 1042 2714 2715 1043 
9633 1043 2715 2716 1044 
9634 1044 2716 2717 1045 
9635 55 56 793 606 
9636 606 793 794 607 
9637 607 794 795 608 
9638 608 795 796 609 
9639 609 796 797 610 
9640 610 797 798 611 
9641 611 798 799 612 
9642 612 799 800 613 
9643 613 800 801 614 
9644 614 801 802 615 
9645 615 802 803 616 
9646 56 57 551 793 
9647 793 551 552 794 
9648 794 552 553 795 
9649 795 553 554 796 
9650 796 554 555 797 
9651 797 555 556 798 
9652 798 556 557 799 
9653 799 557 558 800 
9654 800 558 559 801 
9655 801 559 560 802 
9656 802 560 561 803 
9657 57 58 1222 551 
9658 551 1222 1223 552 
9659 552 1223 1224 553 
9660 553 1224 1225 554 
9661 554 1225 1226 555 
9662 555 1226 1227 556 
9663 556 1227 1228 557 
9664 557 1228 1229 558 
9665 558 1229 1230 559 
9666 559 1230 1231 560 
9667 560 1231 1232 561 
9668 58 59 914 1222 
9669 1222 914 915 1223 
9670 1223 915 916 1224 
9671 1224 916 917 1225 
9672 1225 917 918 1226 
9673 1226 918 919 1227 
9674 1227 919 920 1228 
9675 1228 920 921 1229 
9676 1229 921 922 1230 
9677 1230 922 923 1231 
9678 1231 923 924 1232 
9679 59 60 925 914 
9680 914 925 926 915 
9681 915 926 927 916 
9682 916 927 928 917 
9683 917 928 929 918 
9684 918 929 930 919 
9685 919 930 931 920 
9686 920 931 932 921 
9687 921 932 933 922 
9688 922 933 934 923 
9689 923 934 935 924 
9690 60 61 2487 925 
9691 925 2487 2488 926 
9692 926 2488 2489 927 
9693 927 2489 2490 928 
9694 928 2490 2491 929 
9695 929 2491 2492 930 
9696 930 2492 2493 931 
9697 931 2493 2494 932 
9698 932 2494 2495 933 
9699 933 2495 2496 934 
9700 934 2496 2497 935 
9701 61 62 2498 2487 
9702 2487 2498 2499 2488 
9703 2488 2499 2500 2489 
9704 2489 2500 2501 2490 
9705 2490 2501 2502 2491 
9706 2491 2502 2503 2492 
9707 2492 2503 2504 2493 
9708 2493 2504 2505 2494 
9709 2494 2505 2506 2495 
9710 2495 2506 2507 2496 
9711 2496 2507 2508 2497 
9712 62 63 3620 2498 
9713 2498 3620 3621 2499 
9714 2499 3621 3622 2500 
9715 2500 3622 3623 2501 
9716 2501 3623 3624 2502 
9717 2502 3624 3625 2503 
9718 2503 3625 3626 2504 
9719 2504 3626 3627 2505 
9720 2505 3627 3628 2506 
9721 2506 3628 3629 2507 
9722 2507 3629 3630 2508 
9723 63 64 3631 3620 
9724 3620 3631 3632 3621 
9725 3621 3632 3633 3622 
9726 3622 3633 3634 3623 
9727 3623 3634 3635 3624 
9728 3624 3635 3636 3625 
9729 3625 3636 3637 3626 
9730 3626 3637 3638 3627 
9731 3627 3638 3639 3628 
9732 3628 3639 3640 3629 
9733 3629 3640 3641 3630 
9734 64 65 1761 3631 
9735 3631 1761 1762 3632 
9736 3632 1762 1763 3633 
9737 3633 1763 1764 3634 
9738 3634 1764 1765 3635 
9739 3635 1765 1766 3636 
9740 3636 1766 1767 3637 
9741 3637 1767 1768 3638 
9742 3638 1768 1769 3639 
9743 3639 1769 1770 3640 
9744 3640 1770 1771 3641 
9745 65 66 1772 1761 
9746 1761 1772 1773 1762 
9747 1762 1773 1774 1763 
9748 1763 1774 1775 1764 
9749 1764 1775 1776 1765 
9750 1765 1776 1777 1766 
9751 1766 1777 1778 1767 
9752 1767 1778 1779 1768 
9753 1768 1779 1780 1769 
9754 1769 1780 1781 1770 
9755 1770 1781 1782 1771 
9756 66 67 1156 1772 
9757 1772 1156 1157 1773 
9758 1773 1157 1158 1774 
9759 1774 1158 1159 1775 
9760 1775 1159 1160 1776 
9761 1776 1160 1161 1777 
9762 1777 1161 1162 1778 
9763 1778 1162 1163 1779 
9764 1779 1163 1164 1780 
9765 1780 1164 1165 1781 
9766 1781 1165 1166 1782 
9767 67 68 1167 1156 
9768 1156 1167 1168 1157 
9769 1157 1168 1169 1158 
9770 1158 1169 1170 1159 
9771 1159 1170 1171 1160 
9772 1160 1171 1172 1161 
9773 1161 1172 1173 1162 
9774 1162 1173 1174 1163 
9775 1163 1174 1175 1164 
9776 1164 1175 1176 1165 
9777 1165 1176 1177 1166 
9778 68 69 2432 1167 
9779 1167 2432 2433 1168 
9780 1168 2433 2434 1169 
9781 1169 2434 2435 1170 
9782 1170 2435 2436 1171 
9783 1171 2436 2437 1172 
9784 1172 2437 2438 1173 
9785 1173 2438 2439 1174 
9786 1174 2439 2440 1175 
9787 1175 2440 2441 1176 
9788 1176 2441 2442 1177 
9789 69 70 2443 2432 
9790 2432 2443 2444 2433 
9791 2433 2444 2445 2434 
9792 2434 2445 2446 2435 
9793 2435 2446 2447 2436 
9794 2436 2447 2448 2437 
9795 2437 2448 2449 2438 
9796 2438 2449 2450 2439 
9797 2439 2450 2451 2440 
9798 2440 2451 2452 2441 
9799 2441 2452 2453 2442 
9800 70 71 2267 2443 
9801 2443 2267 2268 2444 
9802 2444 2268 2269 2445 
9803 2445 2269 2270 2446 
9804 2446 2270 2271 2447 
9805 2447 2271 2272 2448 
9806 2448 2272 2273 2449 
9807 2449 2273 2274 2450 
9808 2450 2274 2275 2451 
9809 2451 2275 2276 2452 
9810 2452 2276 2277 2453 
9811 71 72 2278 2267 
9812 2267 2278 2279 2268 
9813 2268 2279 2280 2269 
9814 2269 2280 2281 2270 
9815 2270 2281 2282 2271 
9816 2271 2282 2283 2272 
9817 2272 2283 2284 2273 
9818 2273 2284 2285 2274 
9819 2274 2285 2286 2275 
9820 2275 2286 2287 2276 
9821 2276 2287 2288 2277 
9822 72 73 1134 2278 
9823 2278 1134 1135 2279 
9824 2279 1135 1136 2280 
9825 2280 1136 1137 2281 
9826 2281 1137 1138 2282 
9827 2282 1138 1139 2283 
9828 2283 1139 1140 2284 
9829 2284 1140 1141 2285 
9830 2285 1141 1142 2286 
9831 2286 1142 1143 2287 
9832 2287 1143 1144 2288 
9833 73 74 1145 1134 
9834 1134 1145 1146 1135 
9835 1135 1146 1147 1136 
9836 1136 1147 1148 1137 
9837 1137 1148 1149 1138 
9838 1138 1149 1150 1139 
9839 1139 1150 1151 1140 
9840 1140 1151 1152 1141 
9841 1141 1152 1153 1142 
9842 1142 1153 1154 1143 
9843 1143 1154 1155 1144 
9844 74 75 2652 1145 
9845 1145 2652 2653 1146 
9846 1146 2653 2654 1147 
9847 1147 2654 2655 1148 
9848 1148 2655 2656 1149 
9849 1149 2656 2657 1150 
9850 1150 2657 2658 1151 
9851 1151 2658 2659 1152 
9852 1152 2659 2660 1153 
9853 1153 2660 2661 1154 
9854 1154 2661 2662 1155 
9855 75 76 2663 2652 
9856 2652 2663 2664 2653 
9857 2653 2664 2665 2654 
9858 2654 2665 2666 2655 
9859 2655 2666 2667 2656 
9860 2656 2667 2668 2657 
9861 2657 2668 2669 2658 
9862 2658 2669 2670 2659 
9863 2659 2670 2671 2660 
9864 2660 2671 2672 2661 
9865 2661 2672 2673 2662 
9866 76 77 2245 2663 
9867 2663 2245 2246 2664 
9868 2664 2246 2247 2665 
9869 2665 2247 2248 2666 
9870 2666 2248 2249 2667 
9871 2667 2249 2250 2668 
9872 2668 2250 2251 2669 
9873 2669 2251 2252 2670 
9874 2670 2252 2253 2671 
9875 2671 2253 2254 2672 
9876 2672 2254 2255 2673 
9877 77 78 2256 2245 
9878 2245 2256 2257 2246 
9879 2246 2257 2258 2247 
9880 2247 2258 2259 2248 
9881 2248 2259 2260 2249 
9882 2249 2260 2261 2250 
9883 2250 2261 2262 2251 
9884 2251 2262 2263 2252 
9885 2252 2263 2264 2253 
9886 2253 2264 2265 2254 
9887 2254 2265 2266 2255 
9888 78 79 3202 2256 
9889 2256 3202 3203 2257 
9890 2257 3203 3204 2258 
9891 2258 3204 3205 2259 
9892 2259 3205 3206 2260 
9893 2260 3206 3207 2261 
9894 2261 3207 3208 2262 
9895 2262 3208 3209 2263 
9896 2263 3209 3210 2264 
9897 2264 3210 3211 2265 
9898 2265 3211 3212 2266 
9899 79 80 3213 3202 
9900 3202 3213 3214 3203 
9901 3203 3214 3215 3204 
9902 3204 3215 3216 3205 
9903 3205 3216 3217 3206 
9904 3206 3217 3218 3207 
9905 3207 3218 3219 3208 
9906 3208 3219 3220 3209 
9907 3209 3220 3221 3210 
9908 3210 3221 3222 3211 
9909 3211 3222 3223 3212 
9910 80 81 2509 3213 
9911 3213 2509 2510 3214 
9912 3214 2510 2511 3215 
9913 3215 2511 2512 3216 
9914 3216 2512 2513 3217 
9915 3217 2513 2514 3218 
9916 3218 2514 2515 3219 
9917 3219 2515 2516 3220 
9918 3220 2516 2517 3221 
9919 3221 2517 2518 3222 
9920 3222 2518 2519 3223 
9921 81 82 2520 2509 
9922 2509 2520 2521 2510 
9923 2510 2521 2522 2511 
9924 2511 2522 2523 2512 
9925 2512 2523 2524 2513 
9926 2513 2524 2525 2514 
9927 2514 2525 2526 2515 
9928 2515 2526 2527 2516 
9929 2516 2527 2528 2517 
9930 2517 2528 2529 2518 
9931 2518 2529 2530 2519 
9932 9 10 562 3455 
9933 3455 562 563 3456 
9934 3456 563 564 3457 
9935 3457 564 565 3458 
9936 3458 565 566 3459 
9937 3459 566 567 3460 
9938 3460 567 568 3461 
9939 3461 568 569 3462 
9940 3462 569 570 3463 
9941 3463 570 571 3464 
9942 3464 571 572 3465 
9943 8 9 3455 694 
9944 694 3455 3456 695 
9945 695 3456 3457 696 
9946 696 3457 3458 697 
9947 697 3458 3459 698 
9948 698 3459 3460 699 
9949 699 3460 3461 700 
9950 700 3461 3462 701 
9951 701 3462 3463 702 
9952 702 3463 3464 703 
9953 703 3464 3465 704 
9954 14 15 1343 716 
9955 716 1343 1344 717 
9956 717 1344 1345 718 
9957 718 1345 1346 719 
9958 719 1346 1347 720 
9959 720 1347 1348 721 
9960 721 1348 1349 722 
9961 722 1349 1350 723 
9962 723 1350 1351 724 
9963 724 1351 1352 725 
9964 725 1352 1353 726 
9965 281 282 430 419 
9966 419 430 431 420 
9967 420 431 432 421 
9968 421 432 433 422 
9969 422 433 434 423 
9970 423 434 435 424 
9971 424 435 436 425 
9972 425 436 437 426 
9973 426 437 438 427 
9974 427 438 439 428 
9975 428 439 440 429 
9976 282 283 2531 430 
9977 430 2531 2532 431 
9978 431 2532 2533 432 
9979 432 2533 2534 433 
9980 433 2534 2535 434 
9981 434 2535 2536 435 
9982 435 2536 2537 436 
9983 436 2537 2538 437 
9984 437 2538 2539 438 
9985 438 2539 2540 439 
9986 439 2540 2541 440 
9987 283 284 2542 2531 
9988 2531 2542 2543 2532 
9989 2532 2543 2544 2533 
9990 2533 2544 2545 2534 
9991 2534 2545 2546 2535 
9992 2535 2546 2547 2536 
9993 2536 2547 2548 2537 
9994 2537 2548 2549 2538 
9995 2538 2549 2550 2539 
9996 2539 2550 2551 2540 
9997 2540 2551 2552 2541 
9998 284 285 2553 2542 
9999 2542 2553 2554 2543 
10000 2543 2554 2555 2544 
10001 2544 2555 2556 2545 
10002 2545 2556 2557 2546 
10003 2546 2557 2558 2547 
10004 2547 2558 2559 2548 
10005 2548 2559 2560 2549 
10006 2549 2560 2561 2550 
10007 2550 2561 2562 2551 
10008 2551 2562 2563 2552 
10009 285 286 2102 2553 
10010 2553 2102 2103 2554 
10011 2554 2103 2104 2555 
10012 2555 2104 2105 2556 
10013 2556 2105 2106 2557 
10014 2557 2106 2107 2558 
10015 2558 2107 2108 2559 
10016 2559 2108 2109 2560 
10017 2560 2109 2110 2561 
10018 2561 2110 2111 2562 
10019 2562 2111 2112 2563 
10020 286 287 2113 2102 
10021 2102 2113 2114 2103 
10022 2103 2114 2115 2104 
10023 2104 2115 2116 2105 
10024 2105 2116 2117 2106 
10025 2106 2117 2118 2107 
10026 2107 2118 2119 2108 
10027 2108 2119 2120 2109 
10028 2109 2120 2121 2110 
10029 2110 2121 2122 2111 
10030 2111 2122 2123 2112 
10031 287 288 2124 2113 
10032 2113 2124 2125 2114 
10033 2114 2125 2126 2115 
10034 2115 2126 2127 2116 
10035 2116 2127 2128 2117 
10036 2117 2128 2129 2118 
10037 2118 2129 2130 2119 
10038 2119 2130 2131 2120 
10039 2120 2131 2132 2121 
10040 2121 2132 2133 2122 
10041 2122 2133 2134 2123 
10042 288 289 3708 2124 
10043 2124 3708 3709 2125 
10044 2125 3709 3710 2126 
10045 2126 3710 3711 2127 
10046 2127 3711 3712 2128 
10047 2128 3712 3713 2129 
10048 2129 3713 3714 2130 
10049 2130 3714 3715 2131 
10050 2131 3715 3716 2132 
10051 2132 3716 3717 2133 
10052 2133 3717 3718 2134 
10053 289 290 3719 3708 
10054 3708 3719 3720 3709 
10055 3709 3720 3721 3710 
10056 3710 3721 3722 3711 
10057 3711 3722 3723 3712 
10058 3712 3723 3724 3713 
10059 3713 3724 3725 3714 
10060 3714 3725 3726 3715 
10061 3715 3726 3727 3716 
10062 3716 3727 3728 3717 
10063 3717 3728 3729 3718 
10064 290 291 3730 3719 
10065 3719 3730 3731 3720 
10066 3720 3731 3732 3721 
10067 3721 3732 3733 3722 
10068 3722 3733 3734 3723 
10069 3723 3734 3735 3724 
10070 3724 3735 3736 3725 
10071 3725 3736 3737 3726 
10072 3726 3737 3738 3727 
10073 3727 3738 3739 3728 
10074 3728 3739 3740 3729 
10075 291 292 1970 3730 
10076 3730 1970 1971 3731 
10077 3731 1971 1972 3732 
10078 3732 1972 1973 3733 
10079 3733 1973 1974 3734 
10080 3734 1974 1975 3735 
10081 3735 1975 1976 3736 
10082 3736 1976 1977 3737 
10083 3737 1977 1978 3738 
10084 3738 1978 1979 3739 
10085 3739 1979 1980 3740 
10086 292 293 1981 1970 
10087 1970 1981 1982 1971 
10088 1971 1982 1983 1972 
10089 1972 1983 1984 1973 
10090 1973 1984 1985 1974 
10091 1974 1985 1986 1975 
10092 1975 1986 1987 1976 
10093 1976 1987 1988 1977 
10094 1977 1988 1989 1978 
10095 1978 1989 1990 1979 
10096 1979 1990 1991 1980 
10097 293 294 1992 1981 
10098 1981 1992 1993 1982 
10099 1982 1993 1994 1983 
10100 1983 1994 1995 1984 
10101 1984 1995 1996 1985 
10102 1985 1996 1997 1986 
10103 1986 1997 1998 1987 
10104 1987 1998 1999 1988 
10105 1988 1999 2000 1989 
10106 1989 2000 2001 1990 
10107 1990 2001 2002 1991 
10108 294 295 958 1992 
10109 1992 958 959 1993 
10110 1993 959 960 1994 
10111 1994 960 961 1995 
10112 1995 961 962 1996 
10113 1996 962 963 1997 
10114 1997 963 964 1998 
10115 1998 964 965 1999 
10116 1999 965 966 2000 
10117 2000 966 967 2001 
10118 2001 967 968 2002 
10119 295 296 969 958 
10120 958 969 970 959 
10121 959 970 971 960 
10122 960 971 972 961 
10123 961 972 973 962 
10124 962 973 974 963 
10125 963 974 975 964 
10126 964 975 976 965 
10127 965 976 977 966 
10128 966 977 978 967 
10129 967 978 979 968 
10130 296 297 980 969 
10131 969 980 981 970 
10132 970 981 982 971 
10133 971 982 983 972 
10134 972 983 984 973 
10135 973 984 985 974 
10136 974 985 986 975 
10137 975 986 987 976 
10138 976 987 988 977 
10139 977 988 989 978 
10140 978 989 990 979 
10141 297 298 1101 980 
10142 980 1101 1102 981 
10143 981 1102 1103 982 
10144 982 1103 1104 983 
10145 983 1104 1105 984 
10146 984 1105 1106 985 
10147 985 1106 1107 986 
10148 986 1107 1108 987 
10149 987 1108 1109 988 
10150 988 1109 1110 989 
10151 989 1110 1111 990 
10152 298 299 1112 1101 
10153 1101 1112 1113 1102 
10154 1102 1113 1114 1103 
10155 1103 1114 1115 1104 
10156 1104 1115 1116 1105 
10157 1105 1116 1117 1106 
10158 1106 1117 1118 1107 
10159 1107 1118 1119 1108 
10160 1108 1119 1120 1109 
10161 1109 1120 1121 1110 
10162 1110 1121 1122 1111 
10163 299 300 1123 1112 
10164 1112 1123 1124 1113 
10165 1113 1124 1125 1114 
10166 1114 1125 1126 1115 
10167 1115 1126 1127 1116 
10168 1116 1127 1128 1117 
10169 1117 1128 1129 1118 
10170 1118 1129 1130 1119 
10171 1119 1130 1131 1120 
10172 1120 1131 1132 1121 
10173 1121 1132 1133 1122 
10174 300 301 1915 1123 
10175 1123 1915 1916 1124 
10176 1124 1916 1917 1125 
10177 1125 1917 1918 1126 
10178 1126 1918 1919 1127 
10179 1127 1919 1920 1128 
10180 1128 1920 1921 1129 
10181 1129 1921 1922 1130 
10182 1130 1922 1923 1131 
10183 1131 1923 1924 1132 
10184 1132 1924 1925 1133 
10185 301 302 1926 1915 
10186 1915 1926 1927 1916 
10187 1916 1927 1928 1917 
10188 1917 1928 1929 1918 
10189 1918 1929 1930 1919 
10190 1919 1930 1931 1920 
10191 1920 1931 1932 1921 
10192 1921 1932 1933 1922 
10193 1922 1933 1934 1923 
10194 1923 1934 1935 1924 
10195 1924 1935 1936 1925 
10196 302 1 1607 1926 
10197 1926 1607 1608 1927 
10198 1927 1608 1609 1928 
10199 1928 1609 1610 1929 
10200 1929 1610 1611 1930 
10201 1930 1611 1612 1931 
10202 1931 1612 1613 1932 
10203 1932 1613 1614 1933 
10204 1933 1614 1615 1934 
10205 1934 1615 1616 1935 
10206 1935 1616 1617 1936 
10207 1387 1388 1399 1398 
10208 1388 1389 1400 1399 
10209 1389 1390 1401 1400 
10210 1390 1391 1402 1401 
10211 1391 1392 1403 1402 
10212 1392 1393 1404 1403 
10213 1393 1394 1405 1404 
10214 1394 1395 1406 1405 
10215 1395 1396 1407 1406 
10216 1396 1397 1408 1407 
10217 1398 1399 1410 1409 
10218 1399 1400 1411 1410 
10219 1400 1401 1412 1411 
10220 1401 1402 1413 1412 
10221 1402 1403 1414 1413 
10222 1403 1404 1415 1414 
10223 1404 1405 1416 1415 
10224 1405 1406 1417 1416 
10225 1406 1407 1418 1417 
10226 1407 1408 1419 1418 
10227 1409 1410 1421 1420 
10228 1410 1411 1422 1421 
10229 1411 1412 1423 1422 
10230 1412 1413 1424 1423 
10231 1413 1414 1425 1424 
10232 1414 1415 1426 1425 
10233 1415 1416 1427 1426 
10234 1416 1417 1428 1427 
10235 1417 1418 1429 1428 
10236 1418 1419 1430 1429 
10237 1420 1421 1432 1431 
10238 1421 1422 1433 1432 
10239 1422 1423 1434 1433 
10240 1423 1424 1435 1434 
10241 1424 1425 1436 1435 
10242 1425 1426 1437 1436 
10243 1426 1427 1438 1437 
10244 1427 1428 1439 1438 
10245 1428 1429 1440 1439 
10246 1429 1430 1441 1440 
10247 1431 1432 1443 1442 
10248 1432 1433 1444 1443 
10249 1433 1434 1445 1444 
10250 1434 1435 1446 1445 
10251 1435 1436 1447 1446 
10252 1436 1437 1448 1447 
10253 1437 1438 1449 1448 
10254 1438 1439 1450 1449 
10255 1439 1440 1451 1450 
10256 1440 1441 1452 1451 
10257 1442 1443 1454 1453 
10258 1443 1444 1455 1454 
10259 1444 1445 1456 1455 
10260 1445 1446 1457 1456 
10261 1446 1447 1458 1457 
10262 1447 1448 1459 1458 
10263 1448 1449 1460 1459 
10264 1449 1450 1461 1460 
10265 1450 1451 1462 1461 
10266 1451 1452 1463 1462 
10267 1453 1454 1465 1464 
10268 1454 1455 1466 1465 
10269 1455 1456 1467 1466 
10270 1456 1457 1468 1467 
10271 1457 1458 1469 1468 
10272 1458 1459 1470 1469 
10273 1459 1460 1471 1470 
10274 1460 1461 1472 1471 
10275 1461 1462 1473 1472 
10276 1462 1463 1474 1473 
10277 1464 1465 1476 1475 
10278 1465 1466 1477 1476 
10279 1466 1467 1478 1477 
10280 1467 1468 1479 1478 
10281 1468 1469 1480 1479 
10282 1469 1470 1481 1480 
10283 1470 1471 1482 1481 
10284 1471 1472 1483 1482 
10285 1472 1473 1484 1483 
10286 1473 1474 1485 1484 
10287 1475 1476 1487 1486 
10288 1476 1477 1488 1487 
10289 1477 1478 1489 1488 
10290 1478 1479 1490 1489 
10291 1479 1480 1491 1490 
10292 1480 1481 1492 1491 
10293 1481 1482 1493 1492 
10294 1482 1483 1494 1493 
10295 1483 1484 1495 1494 
10296 1484 1485 1496 1495 
10297 1486 1487 1498 1497 
10298 1487 1488 1499 1498 
10299 1488 1489 1500 1499 
10300 1489 1490 1501 1500 
10301 1490 1491 1502 1501 
10302 1491 1492 1503 1502 
10303 1492 1493 1504 1503 
10304 1493 1494 1505 1504 
10305 1494 1495 1506 1505 
10306 1495 1496 1507 1506 
10307 1497 1498 1509 1508 
10308 1498 1499 1510 1509 
10309 1499 1500 1511 1510 
10310 1500 1501 1512 1511 
10311 1501 1502 1513 1512 
10312 1502 1503 1514 1513 
10313 1503 1504 1515 1514 
10314 1504 1505 1516 1515 
10315 1505 1506 1517 1516 
10316 1506 1507 1518 1517 
10317 1508 1509 1520 1519 
10318 1509 1510 1521 1520 
10319 1510 1511 1522 1521 
10320 1511 1512 1523 1522 
10321 1512 1513 1524 1523 
10322 1513 1514 1525 1524 
10323 1514 1515 1526 1525 
10324 1515 1516 1527 1526 
10325 1516 1517 1528 1527 
10326 1517 1518 1529 1528 
10327 1519 1520 1531 1530 
10328 1520 1521 1532 1531 
10329 1521 1522 1533 1532 
10330 1522 1523 1534 1533 
10331 1523 1524 1535 1534 
10332 1524 1525 1536 1535 
10333 1525 1526 1537 1536 
10334 1526 1527 1538 1537 
10335 1527 1528 1539 1538 
10336 1528 1529 1540 1539 
10337 1530 1531 1542 1541 
10338 1531 1532 1543 1542 
10339 1532 1533 1544 1543 
10340 1533 1534 1545 1544 
10341 1534 1535 1546 1545 
10342 1535 1536 1547 1546 
10343 1536 1537 1548 1547 
10344 1537 1538 1549 1548 
10345 1538 1539 1550 1549 
10346 1539 1540 1551 1550 
10347 1541 1542 1553 1552 
10348 1542 1543 1554 1553 
10349 1543 1544 1555 1554 
10350 1544 1545 1556 1555 
10351 1545 1546 1557 1556 
10352 1546 1547 1558 1557 
10353 1547 1548 1559 1558 
10354 1548 1549 1560 1559 
10355 1549 1550 1561 1560 
10356 1550 1551 1562 1561 
10357 1552 1553 1564 1563 
10358 1553 1554 1565 1564 
10359 1554 1555 1566 1565 
10360 1555 1556 1567 1566 
10361 1556 1557 1568 1567 
10362 1557 1558 1569 1568 
10363 1558 1559 1570 1569 
10364 1559 1560 1571 1570 
10365 1560 1561 1572 1571 
10366 1561 1562 1573 1572 
10367 1563 1564 1575 1574 
10368 1564 1565 1576 1575 
10369 1565 1566 1577 1576 
10370 1566 1567 1578 1577 
10371 1567 1568 1579 1578 
10372 1568 1569 1580 1579 
10373 1569 1570 1581 1580 
10374 1570 1571 1582 1581 
10375 1571 1572 1583 1582 
10376 1572 1573 1584 1583 
10377 1574 1575 1586 1585 
10378 1575 1576 1587 1586 
10379 1576 1577 1588 1587 
10380 1577 1578 1589 1588 
10381 1578 1579 1590 1589 
10382 1579 1580 1591 1590 
10383 1580 1581 1592 1591 
10384 1581 1582 1593 1592 
10385 1582 1583 1594 1593 
10386 1583 1584 1595 1594 
10387 1585 1586 1597 1596 
10388 1586 1587 1598 1597 
10389 1587 1588 1599 1598 
10390 1588 1589 1600 1599 
10391 1589 1590 1601 1600 
10392 1590 1591 1602 1601 
10393 1591 1592 1603 1602 
10394 1592 1593 1604 1603 
10395 1593 1594 1605 1604 
10396 1594 1595 1606 1605 
10397 1596 1597 1608 1607 
10398 1597 1598 1609 1608 
10399 1598 1599 1610 1609 
10400 1599 1600 1611 1610 
10401 1600 1601 1612 1611 
10402 1601 1602 1613 1612 
10403 1602 1603 1614 1613 
10404 1603 1604 1615 1614 
10405 1604 1605 1616 1615 
10406 1605 1606 1617 1616 
$EndElements
