iter,rho,rhou,rhov,E,time
1,1.0,1.0,1.0,1.0,4391.110897064209
2,0.558847620606818,2.178911203847608,1.6459608517600635,0.5732341738621528,2.3801326751708984
3,0.3586934092174332,2.3163386014323417,1.481320585215355,0.36890901442044544,1.592397689819336
4,0.4781157858274799,1.5601387444720167,1.0134355442636025,0.5002658898931204,1.5673637390136719
5,0.42250611135900434,1.244228999410536,0.8596404924109556,0.4404651773765806,1.7981529235839844
6,0.3068854243966162,1.1858095371115365,0.8570784532000949,0.31605901066264874,1.5769004821777344
7,0.24685700055600682,1.0081047097459208,0.7744770269701979,0.25317986385477925,1.5420913696289062
8,0.20236628480359023,0.8698839376009303,0.6576974415300532,0.20777379742175867,1.5499591827392578
9,0.17898641066891383,0.8390005031552157,0.5246127922623013,0.1830652283440696,1.547098159790039
10,0.18977446908065462,0.7958073866357511,0.40979256240882295,0.19341676026875637,1.5289783477783203
11,0.18644480724827117,0.7454929787244988,0.3843828172033329,0.1907520438118897,1.5604496002197266
12,0.1642121205388432,0.7422701902747186,0.39907645624978977,0.1690525446094643,1.5308856964111328
13,0.15305678293543298,0.7558012059764826,0.3822839722064554,0.15744219039699495,1.5246868133544922
14,0.15806375385286603,0.7417155715015264,0.34648808957775,0.16195481438851614,1.5377998352050781
15,0.1591967078522162,0.7080019779395579,0.3324965235233305,0.16278446973454003,1.5323162078857422
16,0.15039884767880307,0.6839272921081784,0.3434200367044763,0.15365729547741763,1.528024673461914
17,0.14271416666602377,0.6715400168020569,0.3527598947154479,0.1459016995612061,1.5530586242675781
18,0.14494704810268264,0.6527282126292576,0.34763098096331735,0.1478902691354532,1.531839370727539
19,0.1498420348193982,0.6228951193660175,0.33535405169877036,0.15235536121958498,1.538991928100586
20,0.14718314386543502,0.5954437437193532,0.3269399107869494,0.14949370001317328,1.5990734100341797
21,0.13909927904777755,0.5766827816824329,0.32208447499798754,0.14136345802923692,1.7528533935546875
22,0.13402242384095978,0.5627749214257817,0.3136510104060328,0.13616464119667565,1.5947818756103516
23,0.1313969919770554,0.5534901089157775,0.30203030319729485,0.1334245978340102,1.5473365783691406
24,0.12457678970705181,0.5461307465704318,0.2946452567076791,0.1266104690840381,1.5468597412109375
25,0.11374751612219663,0.5317811270890697,0.2922966179354177,0.11588091989367955,1.5285015106201172
26,0.1050227493327378,0.5126273301535158,0.2883683477365119,0.10725840580177486,1.5223026275634766
27,0.10116618212714058,0.5002574650804266,0.27996379656351406,0.10338075433732062,1.5354156494140625
28,0.09829120367064412,0.4973567439030144,0.27162576626515617,0.10051093701733815,1.5358924865722656
29,0.09312975359139136,0.4998546935134685,0.2670303407240768,0.09542364537554295,1.5456676483154297
30,0.08995590566816843,0.5006995947770919,0.26181397774712767,0.09221068982630092,1.5439987182617188
31,0.09439801201645477,0.49127999242964276,0.2515760010009047,0.09645465689719092,1.5282630920410156
32,0.10203195936619874,0.4745698484687174,0.24093374877607823,0.10389486288636053,1.520395278930664
33,0.10542818507195952,0.4631022578328816,0.23580086570555933,0.10723434316024917,1.5306472778320312
34,0.1047159211700289,0.4590468597153547,0.23262483135264692,0.10658656653373819,1.5382766723632812
35,0.1049573994997511,0.4527914042749907,0.22572716684050867,0.10687096449281856,1.5263557434082031
36,0.1073269053163099,0.4404360221821344,0.21734291312244383,0.10922810309990771,1.531362533569336
37,0.10842704964514464,0.4291122828555977,0.2123376716590122,0.11031871393822296,1.5430450439453125
38,0.10721204826505619,0.42218755329158114,0.20998582471760616,0.10907570439021944,1.5392303466796875
39,0.1055989923799033,0.41219052197148626,0.20769881074435695,0.10740806355686396,1.5556812286376953
40,0.1032050522802681,0.3995411619312145,0.20516718688982744,0.10497843857053298,1.5957355499267578
41,0.09730108588807607,0.3969295343929228,0.20279024776055624,0.09910198540126132,1.5680789947509766
42,0.08817137956207935,0.4016017390534586,0.20171429827941295,0.09004163229169924,1.5516281127929688
43,0.07977715809905493,0.39634380504171596,0.2031632799654184,0.08170530377125461,1.5568733215332031
44,0.07384032023072386,0.3819118016954677,0.2061479553830262,0.07581026377884488,1.5382766723632812
45,0.06811957934223078,0.3752218867901181,0.20838984652756543,0.07014506626039953,1.5325546264648438
46,0.06267538461092804,0.3775618644739195,0.20873566761061532,0.06474658067043153,1.529693603515625
47,0.061338679407253585,0.375355749911114,0.20706709271826773,0.06331130100788519,1.5435218811035156
48,0.06537505303970512,0.3659774631861169,0.20356191786641667,0.06710273525130657,1.546621322631836
49,0.07200409153069187,0.356556616287469,0.19806002255492008,0.07351203595922537,1.5482902526855469
50,0.07873583345918217,0.3478123046075607,0.1903027085791782,0.08011875100742091,1.5537738800048828
51,0.08421053795974383,0.3373462579184842,0.18155261308741258,0.08551744084013163,1.8110275268554688
52,0.08777091267062857,0.32941796265190315,0.17394588851791348,0.08902346217830302,1.566171646118164
53,0.08955951978969869,0.3259237759174356,0.16810063503511583,0.09077925560895068,1.5511512756347656
54,0.08991388868882717,0.32079427990006565,0.16319527471541515,0.09108589348730428,1.5728473663330078
55,0.08852447759883655,0.31365191312705704,0.1589803707791966,0.08962877637664508,1.54876708984375
56,0.08460497357847438,0.3116237664251257,0.15634698862440094,0.08564833938016558,1.5723705291748047
57,0.0782938053854368,0.3140010513944704,0.15603354299632766,0.07928308312984558,1.5406608581542969
58,0.07126879719761299,0.31321687434228757,0.1573589642731747,0.07219322824621562,1.8467903137207031
59,0.06487691126184858,0.3091993775515876,0.15913230974465772,0.06572903551085277,1.638174057006836
60,0.058882527768158124,0.3081246782435029,0.16088101332367888,0.059685467796639836,1.6021728515625
61,0.053774281622936806,0.3104578814575998,0.1618832218607912,0.05456571098130205,1.5842914581298828
62,0.051748371820812704,0.3110875240920177,0.16131744672549825,0.052533460446474174,1.6086101531982422
63,0.05367923787918666,0.3075554112331013,0.15965178197190508,0.05442206869763753,1.7147064208984375
64,0.05831536642672718,0.29983258203547963,0.15752923787464532,0.05899896268318288,1.5914440155029297
65,0.06410861917405085,0.2876754289164611,0.1546958319718831,0.06474737819774275,1.5888214111328125
66,0.06949365217737058,0.2737540628287802,0.15095435440382185,0.07007710923807287,1.707315444946289
67,0.07329407454462668,0.263143926608427,0.14654573275572802,0.07380878763969932,1.5540122985839844
68,0.07512471007992642,0.25689087486382045,0.14185260277479134,0.07556850713157942,1.631021499633789
69,0.07481954500124571,0.25294134757443754,0.13771470883431006,0.07518900989872865,1.6138553619384766
70,0.07229631297141699,0.2501593051017153,0.134825488593394,0.0725749270662016,1.6562938690185547
71,0.06799428296218757,0.24727855166494994,0.1329040818899359,0.0681800713196208,1.5480518341064453
72,0.06235412926912535,0.24560531747341738,0.13164648750364336,0.06245756949911513,1.5289783477783203
73,0.055565223484272536,0.24890936262345711,0.13120138356524236,0.05559054742113567,1.5544891357421875
74,0.0489201086508073,0.2537500475483864,0.13176967517256413,0.048891373417887234,1.5683174133300781
75,0.044903908495509515,0.2528842531960879,0.13283993856199236,0.0448521961292536,1.5692710876464844
76,0.044345877720175696,0.24839885899331932,0.13343542226895544,0.04428083658902086,1.550912857055664
77,0.04649257151180703,0.24569449239701516,0.13282611393638033,0.046409841290217066,1.53350830078125
78,0.051312962131835366,0.2410051820913814,0.13039622024183334,0.05122352961837521,1.529693603515625
79,0.05743531427751588,0.2303253443625511,0.1262608469036874,0.05733187873993073,1.543283462524414
80,0.06196152085589703,0.21885692932699308,0.12225891543540843,0.06184344942474107,1.5938282012939453
81,0.06366002795094138,0.2106482701819186,0.11969646701898855,0.0635369971813213,1.6124248504638672
82,0.06318485963842353,0.20383915057691435,0.11742302220841407,0.06305319792467061,1.5478134155273438
83,0.060904251357262754,0.20089695155754245,0.11539643143082005,0.06075982483976657,1.527547836303711
84,0.05673332911325919,0.2060912191253003,0.1149351092201333,0.05658065925286568,1.6264915466308594
85,0.05139587640080146,0.2147491221007757,0.11492955623131394,0.05121964244790839,1.5785694122314453
86,0.046225978754886446,0.2196764002543796,0.1144847741877482,0.045972247401214805,1.537322998046875
87,0.042379388395719315,0.22024715831447123,0.11506845783666264,0.04201255331946603,1.54876708984375
88,0.0408200318887568,0.2187804598607921,0.1158501685391519,0.040359633395315085,1.5647411346435547
89,0.042058980962559875,0.214840671304173,0.11439417249838829,0.04156302787652778,1.5406608581542969
90,0.04541257413055091,0.20686637340706165,0.11150255124301099,0.04494116817450837,1.5740394592285156
91,0.04902760513658402,0.19731075418635177,0.10887004474611114,0.04861302031875171,1.54876708984375
92,0.05130362923999007,0.1909173600351124,0.10616854188851385,0.05093782458768566,1.5592575073242188
93,0.052159832036781005,0.18749954306630837,0.10355797746765516,0.05183067113518576,1.5540122985839844
94,0.051987418042526705,0.18492081335615498,0.10201352354725829,0.051688170981654284,1.6207695007324219
95,0.05027408947041593,0.18706205301163836,0.10132257183112577,0.04996147237520105,1.5597343444824219
96,0.04704466427691245,0.1954007914320392,0.10096560067094974,0.04666325934619662,1.5459060668945312
97,0.04396126644736416,0.20195149392805453,0.10086726159114193,0.04350001901108954,1.5339851379394531
98,0.04204869664101372,0.20279624805612242,0.10093913013736451,0.04153476516173981,1.539468765258789
99,0.040848759400546386,0.20302267441317662,0.10113753048862531,0.040317541244275515,1.535654067993164
100,0.04072159528201391,0.20325099464340343,0.1011690247887345,0.04023298553613941,1.5819072723388672
101,0.04214033143329728,0.19837687229310583,0.10070134565905807,0.041721665511273535,1.7631053924560547
102,0.04400316311898199,0.19024632297162603,0.099881642519427,0.04362700548224155,1.5358924865722656
103,0.045248933562923845,0.18513635390086233,0.0989757465371777,0.0448986288798636,1.556396484375
104,0.04571572836807233,0.1832971087050321,0.09795727444465972,0.04538701018084409,1.5444755554199219
105,0.04534495400939895,0.18356219598075188,0.09666567301817396,0.04502021168211282,1.5523433685302734
106,0.044200785873681765,0.18787326773930468,0.09542506467560981,0.04387603307566822,1.5456676483154297
107,0.04268895637113939,0.19450020768481913,0.0953254133406797,0.0423917879823847,1.6427040100097656
108,0.0415223634450386,0.19807114451669863,0.09591873772430355,0.04126541807472109,1.5327930450439453
109,0.0414450696553652,0.19619954442012133,0.09591990665724345,0.041216518649096444,1.5187263488769531
110,0.04211132760088571,0.19195103126144156,0.09644758281692402,0.041917956107709244,1.5227794647216797
111,0.04263830665997569,0.18941250222406728,0.09721824702589439,0.04248347166361375,1.7113685607910156
112,0.043123455808438425,0.18769899898032524,0.09539310401478653,0.042983370125740404,1.8992424011230469
113,0.043418321151423876,0.1857965649740229,0.09305464438370721,0.04327876700638045,1.6140937805175781
114,0.04259961552798081,0.1886756747535667,0.0932524713037009,0.04249332748105682,1.5633106231689453
115,0.04114280422896871,0.195000579941963,0.09226086907026541,0.04107656629143399,1.5807151794433594
116,0.04020528320842645,0.19629413334251697,0.09049546294527945,0.04015864361072055,1.5413761138916016
117,0.03935188186413031,0.19490132520782516,0.09291224786173795,0.03933500685729522,1.5349388122558594
118,0.038562627775853495,0.19722428116688423,0.09457396526228891,0.03860184556202991,1.5273094177246094
119,0.038911614848222545,0.1965290481384489,0.09219328797806202,0.03896790067439754,1.6372203826904297
120,0.03995527696060936,0.19050619931094467,0.09278815895418047,0.040023481427950834,1.5590190887451172
121,0.04089568254011251,0.1888902805580593,0.09436132555522155,0.04101401237666226,1.544952392578125
122,0.041805014628505624,0.19056479162808015,0.09095500412718835,0.04195553638631649,1.558065414428711
123,0.0419930826076758,0.18936202219862608,0.09028600376818266,0.04214427071104818,1.5571117401123047
124,0.04161759917464568,0.19032463252646542,0.0935274724246855,0.04179895415929021,1.5344619750976562
125,0.04193865299676651,0.1920483036118342,0.09117053835356481,0.04215916638737835,1.5366077423095703
126,0.0420305454672061,0.18860093721095234,0.08891051914802602,0.04224132501400883,1.5864372253417969
127,0.04095091505584496,0.18755733001814617,0.09216341508585953,0.041174178651518366,1.5399456024169922
128,0.04038882067069444,0.18951386772522083,0.09031103464673997,0.04062520286652782,1.5375614166259766
129,0.04014097788114417,0.18568471885647725,0.0863591308904415,0.04033722530328129,1.5497207641601562
130,0.03861713294040228,0.18333054929446774,0.0898657717176917,0.038767330574304676,1.680612564086914
131,0.037539644681829666,0.18800199867015385,0.09014655535950453,0.03771216145609294,1.5654563903808594
132,0.037646017835220355,0.18676102082701018,0.0854681655128965,0.037790969417168904,1.6422271728515625
133,0.036755784525306215,0.1820136979285147,0.08816692161395365,0.03686678000814322,1.8222332000732422
134,0.03597317900617345,0.18399377559144892,0.0899580576155888,0.03609775340290146,1.5857219696044922
135,0.036811838060067895,0.18339875284327622,0.08433625093758933,0.036932706484963475,1.5616416931152344
136,0.03705080567800411,0.17711415620439663,0.08451349950025058,0.037122709023511696,1.5614032745361328
137,0.0369851820090825,0.17701219246167713,0.08700312341116707,0.03707203222163359,1.535654067993164
138,0.038093141809456985,0.17734917999856942,0.08160670049186428,0.03818337916222107,1.6217231750488281
139,0.03816719013560691,0.17132350218831188,0.08065664048352243,0.038212236765108765,1.5447139739990234
140,0.03702843611157678,0.16919898450241638,0.08513534324028738,0.03707209927517604,1.566171646118164
141,0.03713283837735203,0.1699340293148639,0.08156971171950275,0.037198299322261257,1.558542251586914
142,0.037006867690338646,0.1658594173759443,0.07855225004230697,0.03704692472535366,1.550912857055664
143,0.0356932406616633,0.16449744267437671,0.0821027591009664,0.035734637010942975,1.5499591827392578
144,0.03560048063733924,0.16602561527614274,0.07931309267133695,0.0356715640664086,1.5833377838134766
145,0.03566437208516882,0.16197353061219458,0.07539159762708085,0.035709368211109586,1.8756389617919922
146,0.03407311713582892,0.15997669120550057,0.07957643655950554,0.03412085816003965,1.5857219696044922
147,0.03336661665543717,0.16342682838322345,0.07892643989882824,0.03346545924576393,1.5385150909423828
148,0.03373370904912321,0.16166033283460252,0.073756481207159,0.03384122928263191,1.5425682067871094
149,0.03280689711705186,0.15632387956798505,0.07608530908874582,0.03290115990687026,1.5606880187988281
150,0.03194049168724557,0.15530022357533177,0.07700898678027548,0.032067287553433826,1.5420913696289062
151,0.03191742513594597,0.15354585835847895,0.07231775096869751,0.03204414657190323,1.7743110656738281
152,0.031100513021852353,0.1504956892696833,0.07308128053649084,0.031221962706297488,1.5342235565185547
153,0.030727687550490268,0.1516811749120334,0.07446974033055684,0.03089906142919558,1.5761852264404297
154,0.031503979880584454,0.1527744518025841,0.07015626344659379,0.031720086011274844,1.5552043914794922
155,0.03135463470168879,0.1497569287074165,0.0700096211080357,0.031565914238989884,1.5439987182617188
156,0.030900442775323528,0.14775835298797402,0.07291857924247055,0.031124754084117683,1.5654563903808594
157,0.03140143905539387,0.14800109857010454,0.07046518322477933,0.031634895012615835,1.6317367553710938
158,0.03154853702853826,0.1467800745818019,0.06885251645890528,0.03174847068666105,1.5361309051513672
159,0.03160547928137289,0.1442689094838002,0.07083538465645782,0.031782873002544905,1.5211105346679688
160,0.03245183315677607,0.14261948107400557,0.06957954035633826,0.03263961761112214,1.524209976196289
161,0.032678293027326215,0.14178234975085652,0.0677219073261717,0.03286352849205819,1.5926361083984375
162,0.032143575647083915,0.14148002099511672,0.06897146502911776,0.03233822996801721,1.5420913696289062
163,0.03199640174830216,0.141872587287886,0.06830621812752584,0.03222606147493899,1.5866756439208984
164,0.03155944686701304,0.14111045140663486,0.06593529871925657,0.03179695633445925,1.554727554321289
165,0.030382354993259832,0.1374652097042804,0.06614200994319537,0.030595850288791873,1.5532970428466797
166,0.029162742672337226,0.13455274821283603,0.06681115756699761,0.02936904553087143,1.5559196472167969
167,0.027754815698357645,0.13550591681481725,0.06565953178445795,0.02794819583191464,1.5423297882080078
168,0.026415795220504794,0.1360035080475864,0.0647019765233554,0.02658834638206077,1.5172958374023438
169,0.02583939821602801,0.13458466342166947,0.06459554631549107,0.02601317486919685,1.5425682067871094
170,0.025426824148817823,0.13499556414974168,0.06361327152457645,0.02562264278910936,1.6226768493652344
171,0.025207818561894406,0.1346442391681652,0.06186833034585565,0.025404624928349398,1.6057491302490234
172,0.025726541828703407,0.13133704430049745,0.06140655594192899,0.02592768676387922,1.6162395477294922
173,0.026163737323622177,0.13056711299336604,0.06162569169575109,0.026376216903810906,1.5392303466796875
174,0.026691972962498613,0.1306938694105123,0.0601448400817627,0.02690151732567795,1.5292167663574219
175,0.027905553101623716,0.12621816519246393,0.05922803274032909,0.028106184363340038,1.596689224243164
176,0.02863529208200146,0.12350389567721842,0.060461564247744876,0.02884509248778532,1.7342567443847656
177,0.0287475383535191,0.12548004932405168,0.06007469158686129,0.028973879130740742,1.5668869018554688
178,0.029214607897634623,0.12430810579245057,0.05856524532471955,0.029447606464887137,1.5332698822021484
179,0.029109420999150416,0.12239271925998914,0.05962800221356627,0.0293566395299214,1.538991928100586
180,0.028074901434660817,0.12399598623695587,0.05982991158087875,0.028329269575787134,1.6050338745117188
181,0.02754465105966333,0.1219452566231965,0.0579233134853207,0.02779315390040521,1.5943050384521484
182,0.026915229489783653,0.11806097712616836,0.05864859478312376,0.027157916909864646,1.8308162689208984
183,0.025234219935062602,0.1206475434644909,0.059576892018496655,0.025494101763412328,1.9602775573730469
184,0.024212704679449835,0.122190661179736,0.057349775672716645,0.024483888758514455,1.5926361083984375
185,0.024019027960139255,0.11855382344575019,0.05675515357458505,0.02430369918475028,1.8990039825439453
186,0.023044589762534807,0.11846653696144946,0.057724919174959054,0.023352640316340562,1.5833377838134766
187,0.022469732954022045,0.11981042406601417,0.05566846226629393,0.022791262367632893,1.5411376953125
188,0.022937632456783,0.11671004332672992,0.054305033191213645,0.02325230156480802,1.5609264373779297
189,0.022760850859509785,0.11577124170306502,0.05529674104004939,0.023081294403292943,1.5850067138671875
190,0.022684267687070374,0.11706484047597536,0.05393250209091033,0.02300588278699175,1.5339851379394531
191,0.02377318196320298,0.11413711157487222,0.05248717691093846,0.024084070338930605,1.5439987182617188
192,0.024364448483272516,0.11237949608819914,0.05392111508662557,0.02468228371358114,1.5397071838378906
193,0.0244087747354027,0.1147217602283188,0.05371334451429159,0.02473867295990731,1.6570091247558594
194,0.02510587410124948,0.11410235637867708,0.052328490086565004,0.02543829564804414,1.5506744384765625
195,0.025368559225786933,0.11239717699677843,0.05305028012136651,0.025711185276636923,1.6019344329833984
196,0.02475964593996065,0.11344570759350264,0.0527934617318643,0.025112037638919525,1.768350601196289
197,0.024604709767373497,0.11215335819893356,0.051302279317817896,0.02495221519052246,1.5971660614013672
198,0.024354877423924965,0.10969669572258557,0.051704083878814595,0.02470917053586997,1.550912857055664
199,0.023059208293102176,0.1114169748803198,0.05158233081561666,0.023434790646830916,1.8160343170166016
200,0.02200030217823676,0.11246536184758897,0.050041001488522155,0.022390625239003224,2.0456314086914062
201,0.021565374425504078,0.11025683745308565,0.049992810699036445,0.021970289407617555,1.7693042755126953
202,0.020599860407074743,0.10985889613449484,0.049701071196244014,0.02102143351583439,1.5439987182617188
203,0.019705891823197715,0.110167750695981,0.04816459540756396,0.020133354171814853,1.5749931335449219
204,0.019624750795216382,0.10811569296385276,0.048076326816949115,0.020056140307829366,1.546621322631836
205,0.019411363704954273,0.1069201469630409,0.047908857552658106,0.019849205683057446,1.5435218811035156
206,0.019202291839000497,0.10690311602574462,0.04663396986828895,0.01963363296758277,1.5480518341064453
207,0.019838439525076735,0.10515479697308888,0.04710698012275908,0.020260204938559477,1.5413761138916016
208,0.020608135263043188,0.103411237794447,0.04757870676143741,0.021021661215433685,1.5189647674560547
209,0.021036618148737717,0.10275197898466196,0.04631401164302286,0.02143262804920919,1.5294551849365234
210,0.0215696672232464,0.10134327433232218,0.04661577451817787,0.021959703621803776,1.5218257904052734
211,0.021984271227917337,0.09985641681677972,0.04724182997612179,0.022373842868732195,1.5254020690917969
212,0.02193684925493211,0.09894367438871254,0.04561489371606064,0.0223122553716924,1.5299320220947266
213,0.021789945798120762,0.09743821424623964,0.045297254018527466,0.022152786872888575,1.5540122985839844
214,0.02156892318144984,0.09641983111412109,0.0462111344656258,0.021938512478467325,1.5211105346679688
215,0.0209280800907806,0.09666733855363478,0.044613940047061776,0.021295249424159623,1.535654067993164
216,0.020115000868988674,0.09682214956346216,0.04360996799374777,0.020486627664738754,1.5425682067871094
217,0.019458594898017177,0.09669702838497012,0.04469660624941498,0.01984946519429877,1.5323162078857422
218,0.01875671586105764,0.09613848464689968,0.043459519958298644,0.0191505327505921,1.535177230834961
219,0.017964953406522776,0.09449492721204945,0.04187439445381421,0.01834500662712285,1.5368461608886719
220,0.0173983983276619,0.09329764719301009,0.043132443801195845,0.01778896600338465,1.5332698822021484
221,0.01705222980913229,0.09349197665064414,0.04285998558058256,0.01744972320407616,1.5413761138916016
222,0.0168261735602741,0.09363136364607368,0.041185790833331515,0.01721545833086883,1.5168190002441406
223,0.01695498477519145,0.09352150314430874,0.0424228021587805,0.017356105178965756,1.5120506286621094
224,0.01748616668189162,0.09316344270781587,0.0430980911747007,0.01789600280493851,1.5282630920410156
225,0.017994884230890556,0.09183765766935945,0.04143476722395214,0.018392010285148207,1.528024673461914
226,0.01832211220144158,0.09099013372530422,0.04184527568992482,0.018722249538963974,1.5597343444824219
227,0.018674581518160538,0.09133130987496393,0.04270615297065705,0.01908991732281407,1.5311241149902344
228,0.018979957520003983,0.09047081957140925,0.04082480290396889,0.01937993672881925,1.5459060668945312
229,0.019019042842160754,0.08876997698353332,0.04025199579293225,0.019409904419676372,1.5745162963867188
230,0.01891798633616674,0.08879793438274533,0.041341470769914075,0.01932248784882443,1.5575885772705078
231,0.01877565191130391,0.08955544729421215,0.039802474667481165,0.019185876786348702,1.5571117401123047
232,0.01840641613250311,0.08985550608852799,0.038281685994343694,0.01881715696074349,1.5587806701660156
233,0.017912621453273547,0.09046247536255474,0.03935101847540796,0.018342354679636012,1.5647411346435547
234,0.017546397793980765,0.08978233384941005,0.03890404175392737,0.017974005214470172,1.5404224395751953
235,0.01713094697901301,0.08690317142934369,0.037536709075510294,0.01753540456504539,1.5218257904052734
236,0.016513807559386407,0.08531864095803375,0.03866472692433989,0.016922819068949043,1.5325546264648438
237,0.01598865029681274,0.08624116396237022,0.038949169145458214,0.016413139684163896,1.5404224395751953
238,0.015677388532194404,0.08662962140594345,0.037294873893632494,0.01609720094765457,1.5349388122558594
239,0.015446952827305405,0.08604006389535053,0.03777100694798673,0.015863400389550822,1.5654563903808594
240,0.015415721413959584,0.08553682540428248,0.03893019773460828,0.015832477397863292,1.5261173248291016
241,0.01560755210741835,0.08410899523235574,0.03794503811769394,0.01599766884660064,1.5769004821777344
242,0.01576493605066023,0.08236120752206003,0.03779564281258213,0.01613573108730761,1.5575885772705078
243,0.015918265588315546,0.0822724580703451,0.03874894036917522,0.01628653025887888,1.5420913696289062
244,0.016265016680806932,0.08226633743183928,0.03762558763388571,0.016616319845159884,1.5244483947753906
245,0.016599055275988647,0.08059772880704132,0.03643785738703403,0.016922688609682407,1.554727554321289
246,0.016713846703885937,0.07934915142455713,0.037091439448414976,0.017029279310057405,1.5411376953125
247,0.016733173343916188,0.0796474126518864,0.03643897725219598,0.017046070428464073,1.5408992767333984
248,0.016695618605563647,0.07967409583840812,0.03486774999205074,0.016999659580999364,1.5347003936767578
249,0.016515436491781908,0.07913188075795877,0.03539451964955285,0.016819678662246554,1.5401840209960938
250,0.016355787674248758,0.07842072530236144,0.03576910926147172,0.016654963013640008,1.5511512756347656
251,0.016256203141799177,0.0766677057648633,0.0347633712297969,0.016538494127965497,1.714944839477539
252,0.015909346390048044,0.07500809688552755,0.035031995207834336,0.016184357479487585,1.5630722045898438
253,0.015352754774964754,0.07575903845135148,0.03548976526675236,0.01564287933005716,1.5268325805664062
254,0.0149425334760701,0.0772679518779809,0.03420268153747956,0.015242559511815022,1.5327930450439453
255,0.014602110012736367,0.07717469859784527,0.03384030912216102,0.01490898545818852,1.5232563018798828
256,0.014193467987554284,0.07647960758021105,0.034895750656226146,0.014508129638899315,1.5349388122558594
257,0.014021238178233876,0.07583267020367748,0.034661137664475664,0.014335386250625252,1.682281494140625
258,0.014023850958947754,0.07460248829873516,0.03429334428898089,0.014333191851354279,1.558065414428711
259,0.013913981348629242,0.07415553455490535,0.03503051279669695,0.014231898680976945,1.5521049499511719
260,0.014010346423787623,0.07496906935269085,0.034665899923365724,0.014336773327464289,1.7681121826171875
261,0.014438756731259455,0.07473601419132425,0.033475086408732244,0.014761031442836222,1.5583038330078125
262,0.014673989284038595,0.07366521062788814,0.03347809583620502,0.01499634858381759,1.5399456024169922
263,0.014715308091713451,0.07373760985784633,0.03322985257849793,0.01503992788844389,1.5497207641601562
264,0.014880207169217183,0.07378166078979428,0.032104983215610096,0.015201975401572906,1.5399456024169922
265,0.014905569823013581,0.0727274894961894,0.03207313216171183,0.015220229410630158,1.5492439270019531
266,0.014738060146332593,0.07207682848738052,0.03251483433658512,0.015049373345363583,1.5287399291992188
267,0.014743153024340316,0.07157882432215022,0.032052783360393355,0.015048195204663386,1.53350830078125
268,0.014662319441287297,0.07057945146912671,0.03180878398808274,0.014967022385581449,1.5337467193603516
269,0.01419919523947985,0.07088832034213076,0.03186114499456512,0.014511689837922111,1.5411376953125
270,0.013819627133426271,0.07212336434262466,0.031222438372633977,0.014140938751450987,1.542806625366211
271,0.013625747889117997,0.07180866272419746,0.03080792227218478,0.013944159787707456,1.5411376953125
272,0.013249062512376389,0.07064466426840631,0.031116183347756964,0.013557329185488524,1.5246868133544922
273,0.012981786403579177,0.06986310953490545,0.03132262312224462,0.013277587004133904,1.5294551849365234
274,0.01304093830170907,0.06869040834007818,0.031478697097262844,0.01332410956123985,1.5354156494140625
275,0.013002707052355239,0.06802903675323806,0.031626515143293406,0.01327801220828255,1.527547836303711
276,0.01300527332449277,0.06852833696181024,0.03139800167003191,0.013275634094016893,1.552581787109375
277,0.013349382293808573,0.06806059897526202,0.031184444931284125,0.01361417719552572,1.5420913696289062
278,0.013550945985867103,0.06679780584919014,0.03086108520586757,0.013805615326927485,1.5420913696289062
279,0.013437528548462674,0.06668534073640707,0.03016945048846913,0.013684265480512119,1.531839370727539
280,0.013433090544612447,0.06649193301540005,0.029987313989974045,0.01367268401416609,1.524209976196289
281,0.013456599485021176,0.06560240668127705,0.030078119899116743,0.013689302478008978,1.5196800231933594
282,0.013288524887705102,0.06551290497713981,0.029627666641439152,0.013512960295786263,1.5223026275634766
283,0.013212537844249287,0.06513952980764479,0.029730220176589613,0.013432333888371997,1.5549659729003906
284,0.013206005471094791,0.06392919799005506,0.03027675318320841,0.013425478243787396,1.5568733215332031
285,0.012950797514369904,0.06445466077127363,0.029633932415146936,0.013175442919082864,1.5420913696289062
286,0.012657922545419113,0.0658861831906898,0.029045498052038352,0.012890628057097127,1.527547836303711
287,0.012605416869737473,0.06556986425695598,0.02964765456192838,0.012844468312525522,1.531839370727539
288,0.012550224625769555,0.06499776057572447,0.029426965099571743,0.012792095064904111,1.5239715576171875
289,0.012375629360789455,0.06508569786871465,0.028812272977882473,0.012616127510774055,1.5337467193603516
290,0.012316895405601113,0.06418005908647093,0.02974266080376619,0.012558707705169793,1.5349388122558594
291,0.012412104774176173,0.06370296644121903,0.030119964750268964,0.012659601242568113,1.538991928100586
292,0.01251513737569246,0.0648500809595936,0.02911777567959992,0.012768427725371225,1.5254020690917969
293,0.012669384293341489,0.06475953158835786,0.029403308689137306,0.01292522837531218,1.577615737915039
294,0.012906227626758904,0.06341252991873315,0.029955345905986277,0.013167577726854224,1.5549659729003906
295,0.012973607124169825,0.06352224856589556,0.028685506057107107,0.013238775744436484,1.543283462524414
296,0.012775034421737387,0.06386333325036629,0.028171986225253045,0.013040322382036599,1.5649795532226562
297,0.012636430211329756,0.06312900038357024,0.029057743398969566,0.012904342382011458,1.5559196472167969
298,0.01264325471521815,0.06311997296705635,0.02842166730690995,0.012913241968371004,1.5265941619873047
299,0.012473263491453676,0.06321558995925478,0.027698263117159897,0.012738248364673934,1.5230178833007812
300,0.012216795642702163,0.062061464375650396,0.02883040292938091,0.012479256522337792,1.5251636505126953
301,0.012142958526252454,0.06188957720606237,0.028869840927556484,0.012412650512990753,1.7070770263671875
302,0.011990553641474774,0.06312685570035033,0.027646588803791457,0.012260473823685435,1.537322998046875
303,0.011754303572343807,0.06321031080239686,0.02811302448578056,0.012018194693829764,1.5411376953125
304,0.011859910821731065,0.06254288378392844,0.02863986825160147,0.012122737864944727,1.5587806701660156
305,0.01200623290588884,0.062468968895922884,0.027582803090644176,0.012264124439218812,1.5461444854736328
306,0.011829312129677211,0.06196701111369438,0.027611619123570144,0.012071758654829597,1.5358924865722656
307,0.011845110645030165,0.06131501465429393,0.028575242052940802,0.012083195889002422,1.5294551849365234
308,0.01212593743755693,0.06165268498898866,0.027975918895565294,0.012366215220634932,1.5308856964111328
309,0.012140054867336367,0.061624748992053426,0.027397448782309076,0.012367393589897838,1.5556812286376953
310,0.012146181453221277,0.06064964757585229,0.02812474508828868,0.0123660610683911,1.554250717163086
311,0.012353614600534423,0.06029946590715577,0.02786769721694086,0.01258372315511667,1.5330314636230469
312,0.01219296300690788,0.0606044535123816,0.026859168549910144,0.012423548379271093,1.5294551849365234
313,0.011833310863330674,0.06062679130237812,0.027118737596861897,0.012057353837780222,1.5218257904052734
314,0.011866556116821525,0.06056556199868998,0.027378702838985046,0.01210241856955732,1.5902519226074219
315,0.011804854688755759,0.06024941842924173,0.026734376961417172,0.012043289337853704,1.5690326690673828
316,0.011434478074510685,0.059439569454141285,0.026811731232882767,0.011658931432095673,1.5544891357421875
317,0.011410044656333973,0.059002187715516824,0.027355989898574722,0.011641335720886112,1.535654067993164
318,0.011484812464308844,0.05921167134499054,0.02702046801295101,0.01173255172189587,1.5294551849365234
319,0.01124137152583837,0.05951171851966402,0.02662953784835651,0.011483370356330225,1.5647411346435547
320,0.01132162334225769,0.05970263215647018,0.026821363330395646,0.011565546622599114,1.531839370727539
321,0.011646286814250322,0.059467516862874215,0.026719797981009586,0.011906986269696607,1.5277862548828125
322,0.011509450548349376,0.058851755707870886,0.02634884036991809,0.01176377715288357,1.6520023345947266
323,0.011384549674857077,0.058595405022799175,0.02637020101021598,0.011628997651935527,1.6045570373535156
324,0.011598066594665777,0.05842506355528371,0.026522429663562015,0.011856652541187094,1.6002655029296875
325,0.01146443664508468,0.05791356713416209,0.026414554654564253,0.011726201168673636,1.9848346710205078
326,0.01121119282853865,0.057884413845105204,0.026159242064666573,0.011461260736880542,1.6541481018066406
327,0.01136902281615417,0.05819711915965211,0.026036477469983395,0.011633955791893193,1.5692710876464844
328,0.011266120685131047,0.058002602540831026,0.026011426878371123,0.011545924384398176,1.5444755554199219
329,0.010851842330297358,0.05810155657057371,0.025690687903274362,0.01112172759115756,1.5716552734375
330,0.010912772512756559,0.058503408648470645,0.025324749959569712,0.011183349166597354,1.5537738800048828
331,0.010991028708943374,0.05776059802367721,0.02553391717387685,0.01127250392720317,1.538991928100586
332,0.010673055292305823,0.056738943739510286,0.02564039461829845,0.010939148062345246,1.538991928100586
333,0.01074269222395311,0.056804497001816806,0.025136438483630716,0.010997250385904362,1.5363693237304688
334,0.011002249229050614,0.05658921055718249,0.02510642784908615,0.01126994289746715,1.5861988067626953
335,0.010781953859856001,0.05597870753404252,0.025360568216276226,0.011044796946594262,1.5459060668945312
336,0.010766531409834693,0.05644148571226188,0.024680046187439898,0.011013466584611607,1.5468597412109375
337,0.011115516289684949,0.05653609937848273,0.02419167315660302,0.011368548818555355,1.54876708984375
338,0.010963001861956673,0.05527425248223923,0.024779684763602823,0.011214888194131164,1.5668869018554688
339,0.01070013162481773,0.054797719057613686,0.024609889614633253,0.010930693665469423,1.5380382537841797
340,0.010876820623705792,0.05490528920904749,0.02389698585749019,0.011108240586968564,1.5709400177001953
341,0.010693653708460838,0.053819249559976724,0.024444682838450228,0.010931513764610974,1.5316009521484375
342,0.010225158481707413,0.053313829940735843,0.024656483959497013,0.01044902145181497,1.5552043914794922
343,0.010326747051637464,0.05405445537182878,0.023556004689769282,0.010547499181101823,1.5511512756347656
344,0.01034954070390184,0.05354793923160833,0.02356988652462947,0.010583794489693286,1.5599727630615234
345,0.009891000607832295,0.05255015751534898,0.02424213987566181,0.010118073017091134,1.5556812286376953
346,0.009900676685994265,0.05282207428862169,0.023321030010743312,0.010117853659798766,1.5399456024169922
347,0.010108067637385209,0.05221881922449198,0.02281319608296843,0.01033410678694988,1.5251636505126953
348,0.009755297679445675,0.050560166744727894,0.02375025747948771,0.009977248493783359,1.5485286712646484
349,0.00965695395403355,0.0505350088800982,0.023237307564752698,0.009865415240440337,1.5447139739990234
350,0.00999888776824853,0.05073253645702698,0.022072775375150067,0.010214093642183094,1.5721321105957031
351,0.009799550576588234,0.04951743240994297,0.022840220260629655,0.01002079049017799,1.7359256744384766
352,0.009527722670213271,0.049355043551773024,0.02297533513374744,0.009738525335136044,1.5385150909423828
353,0.009843818221859481,0.049963568043504054,0.02157093957321462,0.010056961930683265,1.5439987182617188
354,0.009824977354744942,0.048830096311306595,0.021915691384815132,0.010044015681716931,1.554727554321289
355,0.009439281797860853,0.04788468055242082,0.022747270342477727,0.009649353471504519,1.5835762023925781
356,0.009578915139295378,0.04835569601436024,0.021532837491151063,0.009784257627296329,1.550912857055664
357,0.009628766656877527,0.04756906361993134,0.021153246187151472,0.009841579781706218,1.5358924865722656
358,0.009118768768271623,0.046348625493224015,0.022236808735146295,0.009328018637392455,1.5652179718017578
359,0.009036088286126535,0.04699960683100571,0.02134043588804133,0.009240235515812758,1.5215873718261719
360,0.009246471877048015,0.047069474376558965,0.020105775231390437,0.009457089808049046,1.569509506225586
361,0.00887297606040337,0.045743866196464256,0.021097450470442754,0.009083754192745605,1.5649795532226562
362,0.008603045666386184,0.04569083913631898,0.02096815764498653,0.008805003574871375,1.5532970428466797
363,0.008814857846553701,0.04571933923099215,0.019410301201646173,0.00901536368179657,1.5301704406738281
364,0.00855703273554779,0.04412482806301797,0.019978667456517205,0.008756454732327805,1.5444755554199219
365,0.008139443159180285,0.0436000464578998,0.020495629206272296,0.008329612493649163,1.6071796417236328
366,0.008367607563283891,0.04426107200675629,0.018861110633976514,0.008555384107396456,1.5568733215332031
367,0.00840125841528408,0.043340489773573486,0.018689837585359047,0.00858998433013472,1.5597343444824219
368,0.00800454272910003,0.04241405909339209,0.01977273436104283,0.008185816615069768,1.5201568603515625
369,0.008133015291576264,0.04288843150314778,0.01865158684960145,0.008305509214710103,1.550912857055664
370,0.008374546322579612,0.042134647550180516,0.01782405134092805,0.008544055765306058,1.5828609466552734
371,0.008074330939302782,0.040594634359052,0.019087093127995548,0.00823496707223525,1.5590190887451172
372,0.008016772953675502,0.04066465600801705,0.01869024502350163,0.00816927046960452,1.5406608581542969
373,0.008260066641808813,0.040339026911879905,0.017351434510745948,0.008411764889729726,1.5985965728759766
374,0.007961013119800787,0.038787988112432066,0.01821918346976456,0.008109013032970607,1.550436019897461
375,0.007619310009650391,0.03870010194699984,0.018369440481860618,0.007760266309883398,1.5263557434082031
376,0.007790818918291088,0.03903639146132111,0.01673455202680444,0.007931120958741465,1.697540283203125
377,0.007642645515161292,0.03771069962945924,0.017012844013642274,0.007781244443512172,1.6026496887207031
378,0.007188840242172329,0.03690135331120751,0.01782823005456002,0.007321296513924784,1.527547836303711
379,0.007218468786219865,0.03705520969006754,0.016517188373170816,0.007349634764217759,1.644134521484375
380,0.0071761903052719326,0.03589862465507689,0.01607362612518976,0.0073076395170242345,1.550436019897461
381,0.006701113717588966,0.0348938060051377,0.01700288814347369,0.006828945524680368,1.7299652099609375
382,0.006656993779075205,0.03543321112641687,0.016009661585269185,0.006783357068733367,1.5647411346435547
383,0.006846027091988123,0.03501622689116063,0.01496146811510561,0.006973707509286034,1.5339851379394531
384,0.006555698524218139,0.03377989389539947,0.015986105777696324,0.006680039148958122,1.5270709991455078
385,0.006439504804371791,0.03386938030500777,0.01578073285528398,0.006560992754586224,1.5869140625
386,0.00673242933191265,0.033724591655772136,0.014550828450127751,0.006854229521898714,1.8138885498046875
387,0.00664585047602791,0.032555267385567334,0.01523782206714753,0.006766547954461416,1.6169548034667969
388,0.006468850446453152,0.032473165657549,0.01553355078086328,0.006587737420555427,1.7201900482177734
389,0.006681247461331588,0.0326982561854704,0.014264531194178654,0.006801827871326546,1.5358924865722656
390,0.006612277243128664,0.03167794862653415,0.014426568302796958,0.006733104804932697,1.5988349914550781
391,0.006247856791864389,0.031206235762489983,0.01504808502684454,0.006367506645336314,1.5511512756347656
392,0.006276449249873043,0.031561760648217925,0.013952946574849433,0.006396673378823326,1.7936229705810547
393,0.006277651226246185,0.03090041970735723,0.013571909673713871,0.006398455088405057,1.6236305236816406
394,0.005900268674451462,0.030196005455701128,0.014329947111959477,0.006020281796903248,1.5537738800048828
395,0.005781357292713006,0.03040879239124474,0.013589329087790643,0.005901023586171162,1.5904903411865234
396,0.005792761081050339,0.029929960716552493,0.01277588134098504,0.005911639867549591,1.6434192657470703
397,0.005425410190444492,0.029056581245896603,0.01339024957336798,0.005541742947195008,1.600503921508789
398,0.005238241849931715,0.02914181758977948,0.012982629496951937,0.005351409104863414,1.531839370727539
399,0.005379860813427957,0.028931060604177418,0.011965863625976849,0.005488931426049476,1.790761947631836
400,0.005203233201461127,0.02798846753154517,0.012499494303927884,0.005307173698339029,1.628875732421875
401,0.005032597596430767,0.027738540908842535,0.012615398023673719,0.005130444645223443,1.7352104187011719
402,0.005243036101999891,0.027618775385389017,0.011683616752501158,0.005335366116550598,1.5411376953125
403,0.005246716578456947,0.026804484658175535,0.011944689971983545,0.005332657287417972,1.6055107116699219
404,0.005115901716026178,0.02644564630342533,0.012325626640418932,0.005195400731597293,1.5285015106201172
405,0.005295620962430725,0.02639618870824827,0.011507153883639912,0.005371429355970882,1.6810894012451172
406,0.005321332054720554,0.025592925616731623,0.011443350963092574,0.005393213059107039,1.554727554321289
407,0.005071785877555248,0.02492978025962327,0.011932526411629204,0.005138127412651099,1.6527175903320312
408,0.0050785170202133426,0.024847395634970695,0.01123829677098431,0.005142181791005614,1.5468597412109375
409,0.005091356482598386,0.02430016356382179,0.010821112235556301,0.005152961660917483,1.5292167663574219
410,0.004800624794113209,0.023682255320957538,0.011318052939273425,0.004858176365316242,1.6002655029296875
411,0.004684498399600767,0.02358733933013764,0.010866530885870921,0.004741025557064626,1.8281936645507812
412,0.004683959168288431,0.023110768087618756,0.010223686587895789,0.004741037284891282,1.5521049499511719
413,0.004375902781661918,0.02240143438455609,0.010604706363099568,0.0044304334755410225,1.5308856964111328
414,0.004186884478091939,0.022303693386125093,0.010350472056893151,0.004240077346648007,1.5919208526611328
415,0.004269910164509776,0.02207779828389682,0.00957686296609828,0.0043237020301117365,1.6067028045654297
416,0.004092417771197533,0.021433059374882813,0.009906834234435787,0.004143713527104778,1.5420913696289062
417,0.0039099814696915754,0.021210035684174705,0.01004523717691563,0.003959345832370227,1.7039775848388672
418,0.004064894918939868,0.021053683306315712,0.009382237044689198,0.004116290131641,1.6644001007080078
419,0.004054087128661501,0.020560839051771154,0.009533197444790698,0.004105809823183975,1.5399456024169922
420,0.003930098837304442,0.02049064282705332,0.009840034274294602,0.003981437206515656,1.5895366668701172
421,0.00410406499352392,0.020593232810977143,0.009231894722173764,0.004157902998557569,1.542806625366211
422,0.004159507336790819,0.0201634983634219,0.00911423459311056,0.004214211260506705,1.598358154296875
423,0.003953252817010694,0.01986343076997739,0.009506325441326149,0.004006965680325855,1.5401840209960938
424,0.003966869904502246,0.019927567978070788,0.009027695009645571,0.004022473132054293,1.5954971313476562
425,0.004015677953105558,0.019695474523848153,0.008635373310044683,0.004073283051493948,1.6045570373535156
426,0.0037980434301619725,0.019523490051717888,0.008983492658796102,0.003855244010655458,1.6021728515625
427,0.003723834783172531,0.019696490324996773,0.008676002157383792,0.0037818406947125916,1.5304088592529297
428,0.0037807806970259717,0.019502243641587813,0.00810215685245205,0.003839415275923585,1.581430435180664
429,0.003562071285296305,0.01912197356660251,0.008360336625299496,0.003618527745622659,1.5234947204589844
430,0.003388708379707014,0.01915723605407718,0.008284306927056652,0.003442924448197745,1.8091201782226562
431,0.003476032731418691,0.01906205124364608,0.007674823437509062,0.0035287237633077335,1.5666484832763672
432,0.003377217877228577,0.01865718628225015,0.007827722922034663,0.003425798562623699,1.550436019897461
433,0.003211887612668369,0.01853226396410687,0.00802734389247381,0.003255617684740471,1.5952587127685547
434,0.003317398473803814,0.01838991645650644,0.0075563242855044245,0.0033583747676006965,1.527547836303711
435,0.0033300532729584917,0.01791975594990955,0.007559144934653047,0.003366283229258952,1.5900135040283203
436,0.0031970086728098914,0.01771891317931046,0.007888089852776593,0.0032262975070829077,1.7154216766357422
437,0.003295254144945316,0.017666979150426997,0.007551057247150291,0.0033208350619062473,1.6140937805175781
438,0.0033863543966928165,0.017190634469057206,0.007345977625975495,0.0034084854169530803,1.584768295288086
439,0.003249450073321625,0.016732127784155226,0.00764986129914367,0.003265405735473909,1.5306472778320312
440,0.0032222140468489814,0.016547278718724932,0.0074358168671405525,0.0032353787196349225,1.6236305236816406
441,0.0032822384797683056,0.016119303316835008,0.007033433467140085,0.003294230894599228,1.6312599182128906
442,0.003146624396951856,0.015669514363960694,0.007194885901074266,0.003153449255134627,1.6252994537353516
443,0.0030440792545980483,0.015560594052561825,0.00711646710285875,0.003047405352415023,1.5451908111572266
444,0.003088426584311732,0.015264163764222304,0.006670351057204217,0.0030924726744317385,1.5380382537841797
445,0.0029750421222001886,0.014776104707590812,0.00672504380082793,0.002977140479069602,1.7390251159667969
446,0.0028020509933066413,0.014656233742944284,0.006811892588419674,0.0028023477014208343,1.9900798797607422
447,0.0028091950142374606,0.0145757931550201,0.0064305913621333765,0.002812154648125115,1.8625259399414062
448,0.002752051481357212,0.014237316686436761,0.0063614367269251145,0.002755234750666679,1.7457008361816406
449,0.002577886965554332,0.014115130764048092,0.006582601512710015,0.0025793366000572944,1.5683174133300781
450,0.0025653855030619522,0.01413090698668361,0.006401051634369213,0.0025698533555853233,1.5633106231689453
451,0.0025934287424305767,0.01393259418157307,0.00628395498986415,0.0026014611736606672,1.7447471618652344
452,0.002508770566625853,0.013907785495444445,0.006525013800006751,0.0025181491972388003,1.5740394592285156
453,0.0025410264301047,0.014118149969707068,0.006456215434553132,0.002554188976799369,1.5647411346435547
454,0.0026617701025748617,0.014060923344815039,0.006209804086786824,0.002678796340974959,1.5718936920166016
455,0.0026460853456335923,0.013900613934979452,0.0063036060963909514,0.0026641515585798517,1.5861988067626953
456,0.0026239800391271067,0.013958279398046393,0.006279051463381728,0.002643791862505079,1.547098159790039
457,0.0026970869441560823,0.013933464657419499,0.005955679092922753,0.002719500064638295,1.523733139038086
458,0.00268809048697677,0.013818141592454992,0.005888598997453341,0.002710943746484843,1.5637874603271484
459,0.0026240949984862568,0.013903414338668778,0.005904323494016221,0.0026468165550845883,1.5518665313720703
460,0.0026413164247049395,0.013935175722505334,0.0056112459546991626,0.0026647996386489924,1.5921592712402344
461,0.0026098976849127046,0.013763354560695672,0.005455820910386287,0.0026328264531193355,1.5265941619873047
462,0.002474063215089506,0.013738024115238199,0.0055423903239738585,0.002495479161652721,1.5501976013183594
463,0.002398317015558747,0.013807385794202171,0.005384754710351203,0.0024187829862429484,1.558542251586914
464,0.002352017269223232,0.013682335644627975,0.005218385867354675,0.002370444709619087,1.5637874603271484
465,0.002217886847465241,0.013540709899875679,0.00536706620331004,0.002232462026092269,1.6014575958251953
466,0.0021226113350841136,0.01347214360721902,0.00539660128497785,0.0021337736931352695,1.5392303466796875
467,0.002117776506431667,0.013270015526681033,0.005278724553982903,0.0021257555313394434,1.5635490417480469
468,0.0020699142614014946,0.013075613004929725,0.005395633089194765,0.0020730236232261857,1.535654067993164
469,0.002046871201111161,0.013042602155424503,0.005481409924234981,0.0020452583991587637,1.5263557434082031
470,0.00213653953102958,0.012887617903829312,0.005329186297463842,0.0021319479579317967,1.5730857849121094
471,0.0021924917697380337,0.012550867191395743,0.005309754901157226,0.0021843362335431785,1.5535354614257812
472,0.0021886714955361335,0.012278474507001234,0.005373025531600715,0.0021766752571891245,1.5788078308105469
473,0.0022360942990614875,0.012014684819009898,0.005198563115573786,0.002222040519509174,1.5337467193603516
474,0.0022735532427996283,0.011690035514449457,0.005043425321264471,0.0022570184458870963,1.5499591827392578
475,0.002242160788095593,0.011503750082750876,0.005053717404517135,0.002221871854727196,1.5873908996582031
476,0.0022386497787895763,0.011386640277345374,0.004905196944168793,0.0022163171619691982,1.5401840209960938
477,0.0022478620051403315,0.011144539362029743,0.0047119717253351545,0.0022248249248866827,1.5316009521484375
478,0.002177421929002301,0.010946638805782762,0.004736939848599111,0.002152680293879237,1.5320777893066406
479,0.002098380992501577,0.010879150481405805,0.004690902989946993,0.0020727261213047713,1.5671253204345703
480,0.00206140677541361,0.010750602264049457,0.00452030236692395,0.002036248792486868,1.588582992553711
481,0.0019785310804800423,0.010611594775454303,0.004544145191998872,0.0019526882549324432,1.54876708984375
482,0.0018793799776911351,0.010590272905183636,0.004604233774380488,0.0018532253489145691,1.5349388122558594
483,0.0018511988866806702,0.010558390667478035,0.0045168363226703945,0.0018277501315388798,1.5492439270019531
484,0.0018235653979982568,0.010518301007124812,0.004541685878587273,0.0018033212584646293,1.5239715576171875
485,0.001779427527789638,0.010595284198440306,0.004636967175730532,0.0017622847788569271,1.531362533569336
486,0.0018024918618792937,0.010651945453116093,0.004558730468699976,0.0017900120732583914,1.550436019897461
487,0.0018318752423881484,0.010593295321015392,0.004494967350291824,0.0018235445592088915,1.5604496002197266
488,0.0018032263781632269,0.010577602833919363,0.004542504031115319,0.0017975808492741146,1.5497207641601562
489,0.0017950923842762845,0.010624191024605559,0.004462980464962917,0.0017922457252620495,1.527547836303711
490,0.0018113186406518978,0.010643003848639481,0.004335454204221902,0.001810926110725661,1.5192031860351562
491,0.0017876770719859804,0.010701394420987347,0.004332807358342203,0.0017882925366438322,1.6155242919921875
492,0.0017743549612537451,0.010791963086287945,0.004264901377319684,0.0017755389689004582,1.5342235565185547
493,0.001792663964878596,0.010798816093341544,0.004115666875413266,0.0017942591079057337,1.5501976013183594
494,0.0017709401476407826,0.01078413770859721,0.004091498959995469,0.0017717248887999086,1.5251636505126953
495,0.0017355632749322335,0.010823066209747286,0.004071889808280307,0.0017346205914604651,1.5342235565185547
496,0.001743098022288864,0.010815304891775256,0.003957709586574523,0.0017402495897018185,1.5683174133300781
497,0.0017422664212728123,0.010739132237766378,0.0039414591447593066,0.0017366436716097604,1.5232563018798828
498,0.0017250335873229836,0.010669045733359897,0.0039840307728890465,0.001715929132438086,1.5540122985839844
499,0.0017434579719500978,0.010574135363634916,0.003933903376684338,0.0017314752392596216,1.5857219696044922
500,0.0017638840427899032,0.010446972441950845,0.003922758513550808,0.0017489907516509858,1.5501976013183594
501,0.0017599015392655137,0.01035727437336158,0.003979144519209587,0.001741454665757636,1.9288063049316406
502,0.0017754813651201242,0.010253215428913626,0.003950720493880093,0.0017541278115404066,2.117633819580078
503,0.001791734277874516,0.010062473410791641,0.00391357686499325,0.0017679394868417274,1.6269683837890625
504,0.0017646508713572474,0.009857846749334669,0.003949153643144225,0.001737728230292675,1.5671253204345703
505,0.0017273043005175215,0.009687065673094361,0.003924823961691699,0.0016974750051122437,1.5423297882080078
506,0.0016946511710945135,0.009520015138954445,0.0038527652162566347,0.0016624636964617694,1.6531944274902344
507,0.0016357237241266648,0.009388022412748226,0.003841899843535643,0.001600516824148139,1.6639232635498047
508,0.001574335448533559,0.00929488722392321,0.0038109191700906146,0.0015364158682226448,1.5454292297363281
509,0.0015349798908307188,0.009170170167522479,0.0037330467288825514,0.0014959735584270896,1.5592575073242188
510,0.0014836029934885344,0.009033512904052101,0.0037142228858841777,0.00144379713374794,1.5447139739990234
511,0.0014289093703327108,0.00894488756881796,0.003705599870812283,0.0013887398363722598,1.573801040649414
512,0.001409775940877221,0.008871862958679809,0.0036419116874019403,0.0013711635133845284,1.70135498046875
513,0.0014048089967525856,0.008800018135106233,0.0036122003083930493,0.0013684652168108771,1.5745162963867188
514,0.001404498834366114,0.00876587079826902,0.003616786662773328,0.001370708158814622,1.5616416931152344
515,0.0014359196472187254,0.008747918633869192,0.003582870547045883,0.0014061176663343648,1.5692710876464844
516,0.0014799224805195866,0.008729175420102393,0.00356486605859792,0.0014545459858134138,1.5645027160644531
517,0.00151394789493268,0.00874487646023238,0.003581743592180075,0.0014924290332729317,1.577615737915039
518,0.00155392805516652,0.008779380940910405,0.003558664070948187,0.0015361079962949245,1.5406608581542969
519,0.001588979952225359,0.00879807546416936,0.0035220838429503546,0.0015742980414779578,1.5325546264648438
520,0.0015944486383423558,0.008830534140346746,0.003516884608156093,0.0015817518509550126,1.5246868133544922
521,0.0015835053042716919,0.008891801562659701,0.0034895484672620796,0.0015720652826084571,1.5778541564941406
522,0.0015649318760918636,0.008955456991795988,0.0034411058444135693,0.0015542233405245439,1.5811920166015625
523,0.0015257039941252058,0.009024253355565766,0.003419802516940097,0.001514825034961886,1.5451908111572266
524,0.0014756148870414853,0.009098160423824045,0.0033905366067017093,0.001463843594185693,1.5451908111572266
525,0.0014277407431720567,0.009148209134866803,0.0033373792870566334,0.0014146302798849607,1.5685558319091797
526,0.0013716159431735905,0.009178093420787828,0.0033072904892775742,0.0013563373433044881,1.562356948852539
527,0.0013148877664462544,0.009205060019843869,0.0032855643452264407,0.0012966763130214125,1.5456676483154297
528,0.001280226071661583,0.009209266786214344,0.00324529857509834,0.0012590367326211901,1.535177230834961
529,0.0012639177257827566,0.009178909422033022,0.003222725772169333,0.0012398302547657898,1.543283462524414
530,0.0012623744545375711,0.009127761940244623,0.0032182039392491114,0.0012356398918899674,1.5323162078857422
531,0.0012852162343187528,0.009054114626202382,0.003199982466456017,0.0012567591627895898,1.5690326690673828
532,0.001322133938918091,0.008957201002022979,0.003188530531901909,0.0012926575382409633,1.5604496002197266
533,0.0013602333308688186,0.008852627581401207,0.0031930534635085154,0.0013300260063983356,1.5838146209716797
534,0.0014020760736437766,0.008736330447216865,0.0031850504805090224,0.0013716830368966293,1.5387535095214844
535,0.001439309699477188,0.008597613356394177,0.003173939787004926,0.0014091085744731497,1.5311241149902344
536,0.0014581414194177814,0.008453160545883827,0.003175036545068856,0.0014280714067143505,1.6796588897705078
537,0.0014606816927133556,0.008319113272991901,0.0031653007463901487,0.0014307847954780132,1.6281604766845703
538,0.0014489888692101886,0.008195768243471744,0.0031433305290353404,0.0014193306807179069,1.5587806701660156
539,0.0014184394079306978,0.008089658990396872,0.003127244559879554,0.0013888312409692776,1.5397071838378906
540,0.0013739550209952475,0.008001799025962762,0.003105914090759391,0.0013443663307938782,1.5511512756347656
541,0.001322252681824197,0.007920588801383865,0.0030750352795274535,0.0012929058360663457,1.5566349029541016
542,0.0012622441973069369,0.007849046137918236,0.0030509407549267477,0.0012332324447611514,1.5482902526855469
543,0.001200397422940276,0.007797686974982292,0.0030267600545470586,0.0011719050005817458,1.5289783477783203
544,0.0011493441957915393,0.007762070556627022,0.0029927115608792162,0.0011218843234274281,1.565694808959961
545,0.0011124657530432772,0.0077381057092307205,0.002962763442681581,0.001086506966487077,1.5227794647216797
546,0.0010926154099351799,0.007728085114528056,0.0029392120647413096,0.00106860717348556,1.523733139038086
547,0.0010956167371178201,0.007726818364340702,0.0029132034522225767,0.0010741283290739466,1.5430450439453125
548,0.0011171946460841495,0.00773109507406803,0.0028918637965996874,0.0010984694277050345,1.5597343444824219
549,0.0011497718767728518,0.007745327723381517,0.0028762038013100464,0.0011336494861437015,1.5320777893066406
550,0.0011897940476217421,0.007766878699515506,0.0028549479326526028,0.0011759588580673196,1.5256404876708984
551,0.0012290814188580103,0.007790647089209332,0.0028314674860671616,0.0012170157251237073,1.7528533935546875
552,0.001258705978223884,0.007819716043525514,0.0028116474801159344,0.001247753541338127,1.5795230865478516
553,0.001276954599687202,0.00785505348909737,0.0027886829453871785,0.0012665429512115738,1.5482902526855469
554,0.0012828911818517723,0.007892695227221204,0.002762791434603905,0.0012725203789762131,1.5552043914794922
555,0.0012740971417448432,0.007932003084058292,0.0027393408374536713,0.001263259871265294,1.5349388122558594
556,0.0012519834903907013,0.007971173340849427,0.0027139477392225516,0.001240231001936433,1.5778541564941406
557,0.00121889945824481,0.008005084981069322,0.0026862177003712196,0.0012058319713670628,1.5578269958496094
558,0.0011758777971021988,0.008032742922792949,0.002663113204417759,0.0011610750455894488,1.5463829040527344
559,0.0011278744766691777,0.008054082320300956,0.002643812225271387,0.0011110153078291627,1.5306472778320312
560,0.0010822774377641997,0.008064882234407081,0.0026266366210256947,0.0010632830666215218,1.5459060668945312
561,0.0010435728326327618,0.008062785880384938,0.0026163010017223203,0.0010225913546682008,1.5273094177246094
562,0.0010157649818801574,0.008048625361596404,0.002612200283114612,0.0009932058830232188,1.5723705291748047
563,0.0010027693706596507,0.008021869023032424,0.0026103635696597583,0.0009793108190584096,1.5342235565185547
564,0.0010043309188134404,0.00798250781829756,0.002611911484948789,0.0009807083145745947,1.5456676483154297
565,0.0010180900203019029,0.007931793156823174,0.002615624116608645,0.0009949684902312984,1.5511512756347656
566,0.0010412904806759752,0.007869057324232178,0.0026169270753101607,0.0010192420747314169,1.5327930450439453
567,0.001068327868725934,0.007794614970365962,0.0026155614058423313,0.001047713486162357,1.5704631805419922
568,0.0010931724594971893,0.007712665821866033,0.002611134869142614,0.0010741246612108542,1.5435218811035156
569,0.0011125416940297103,0.00762728751131509,0.0025999469761755285,0.0010950609442352877,1.537322998046875
570,0.0011240892345302969,0.0075406665921306385,0.0025815683127339535,0.0011080701860538289,1.5344619750976562
571,0.0011259495754793489,0.007454673737544631,0.002557824477719451,0.0011112108720169771,1.554727554321289
572,0.0011180836729864673,0.007370002519042615,0.0025287205531250314,0.0011044462726117837,1.5823841094970703
573,0.001101060361022144,0.00728696874604521,0.0024960571757203422,0.0010883616844584484,1.5475749969482422
574,0.0010756742329888298,0.007208050591264498,0.0024632442957852737,0.001063745750247754,1.5311241149902344
575,0.0010445388645362822,0.007136049896190285,0.0024312451430737497,0.0010332283596871323,1.5387535095214844
576,0.0010112369398315613,0.007071859476313229,0.002401319796880647,0.0010004228381932734,1.5702247619628906
577,0.000978700549370035,0.007015950065487172,0.0023766636063969867,0.0009682857651706735,1.7189979553222656
578,0.0009497803910206817,0.006968923351088181,0.0023586310968097507,0.0009397195796388495,1.5568733215332031
579,0.0009269849763993754,0.006930989290079447,0.0023470149747798403,0.0009172952876536498,1.613616943359375
580,0.000911297571406868,0.006902975998623315,0.0023416732552087953,0.0009020149230094833,1.573801040649414
581,0.0009027039672317149,0.006886003137309577,0.002340509618406919,0.0008938497709176306,1.5592575073242188
582,0.0009003842524521145,0.006880086527366156,0.0023403064862084102,0.0008919467401342436,1.5423297882080078
583,0.0009021226776587031,0.0068849102654867786,0.002339267691338621,0.0008940307526072973,1.5842914581298828
584,0.0009054458822732336,0.0069004886011978335,0.0023356481336148423,0.0008975774454180446,1.5442371368408203
585,0.0009087779060543939,0.006926118460170391,0.0023270810984482365,0.0009009921254365548,1.5327930450439453
586,0.0009110012627114985,0.0069602153399858195,0.00231233007858214,0.0009031492111235004,1.5416145324707031
587,0.0009113990203478317,0.007000753962866295,0.002290964933519381,0.0009033312478349386,1.5556812286376953
588,0.0009099593304574285,0.007045024116152865,0.0022628552480293946,0.0009015442858413987,1.554727554321289
589,0.0009069969955539148,0.0070900580534989715,0.0022294462557661742,0.0008981308011063345,1.5332698822021484
590,0.0009032078689700879,0.007133301143854189,0.0021933457521346213,0.0008938292984449181,1.5382766723632812
591,0.0008999893286410062,0.007172186527295704,0.0021569996177320454,0.0008901103402631392,1.5473365783691406
592,0.0008987485150341014,0.007203979950098549,0.00212313758839135,0.0008884673013985197,1.5511512756347656
593,0.0009001733545628081,0.0072264368519207155,0.002094659211564442,0.0008896594183975713,1.8384456634521484
594,0.0009042957020056201,0.007237961602182968,0.002073434262447336,0.0008937651815287242,1.5707015991210938
595,0.000910502664926338,0.007237464466157472,0.002060373095101414,0.0009001847423251146,1.5795230865478516
596,0.0009175695185958335,0.0072244734490900945,0.002055576543028109,0.0009076738041184311,1.5375614166259766
597,0.0009240353456567571,0.007198977276352241,0.002057702201931144,0.0009147378251982018,1.5456676483154297
598,0.0009282896865729846,0.007161325072020356,0.002064379616445766,0.0009197249818730999,1.5683174133300781
599,0.0009285570355832222,0.007112614750461639,0.0020729889366151904,0.0009208069047201832,1.5573501586914062
600,0.0009233339266941252,0.007054724050486902,0.0020806040117650735,0.0009164220642007685,1.5518665313720703
601,0.0009117538312952442,0.006989774291987782,0.002084390990385807,0.0009056469755312924,1.760244369506836
602,0.0008935842830435428,0.006919801021356256,0.002082400467788958,0.0008881952838632253,1.558542251586914
603,0.0008692668625801815,0.0068467019536534186,0.0020736030257033442,0.0008644637872779491,1.5666484832763672
604,0.0008399553392499904,0.00677229132339522,0.0020578419839629328,0.0008355726609430137,1.5411376953125
605,0.0008074439486109024,0.006698546355655118,0.0020360194348310835,0.0008032881364109464,1.5349388122558594
606,0.0007742507132620995,0.006627619847819386,0.0020097888376849407,0.0007701061206906094,1.5478134155273438
607,0.0007436354741681861,0.006561393251906858,0.0019812113487214424,0.0007392798297550611,1.5597343444824219
608,0.000719136680410517,0.006501174779621832,0.0019527862895446497,0.0007143682546235901,1.5842914581298828
609,0.0007038512168228751,0.006447805907760961,0.0019271217024486257,0.0006985255990997475,1.554727554321289
610,0.0006997364754004012,0.006401864886013513,0.0019063014703688311,0.0006937987569114154,1.558542251586914
611,0.0007070239403497278,0.006363848780681672,0.0018915552476128177,0.0007005121391053266,1.5361309051513672
612,0.0007241116033422356,0.006334227079892267,0.0018830376415854952,0.0007171268626885559,1.5780925750732422
613,0.0007480196383548771,0.006313264011508536,0.0018797486692275532,0.0007406836577983116,1.5933513641357422
614,0.0007750162709722447,0.006300903071790296,0.0018799155007209946,0.0007674358140511796,1.5671253204345703
615,0.0008012497438469367,0.006296882257705259,0.00188141579907294,0.0007934978086188897,1.5366077423095703
616,0.000823315808753329,0.006300816975987071,0.0018819805878431007,0.0008154287996755827,1.5807151794433594
617,0.0008385604068901024,0.006312147313614403,0.0018795065054157552,0.0008305423190012067,1.5888214111328125
618,0.0008451533847268837,0.006330058256726195,0.0018724126546703615,0.0008369809224351394,1.5959739685058594
619,0.0008421110329066325,0.006353395324459356,0.0018598299188286927,0.0008337400076580955,1.5490055084228516
620,0.0008293007244684279,0.00638064507772418,0.001841755999586113,0.0008206745313997975,1.5380382537841797
621,0.0008074549509404063,0.006410036173157001,0.0018191116327321872,0.0007985163650562812,1.531362533569336
622,0.0007782311939080365,0.006439635111338745,0.0017935408734632552,0.0007689404520564143,1.5430450439453125
623,0.000744216489851547,0.006467391611672819,0.0017671427347729699,0.0007345764080640688,1.5411376953125
624,0.0007087882983514398,0.006491241605109742,0.00174222316090952,0.0006988738377715499,1.5490055084228516
625,0.0006758517945178008,0.006509267728438199,0.0017209379964366748,0.0006658387114309073,1.5208721160888672
626,0.0006494032837775494,0.006519844647963962,0.0017049166326507934,0.0006395825002653239,1.5530586242675781
627,0.0006328361152404187,0.006521756452739082,0.0016950018192144595,0.0006235920308491713,1.5230178833007812
628,0.0006281121199123564,0.006514266598228149,0.001691083964510712,0.0006198530497472584,1.523733139038086
629,0.0006351481970404587,0.006497138950774586,0.0016921047752802313,0.0006282110031365319,1.596689224243164
630,0.0006518002753449584,0.006470661805875291,0.001696284812027902,0.0006463790280263092,1.5444755554199219
631,0.0006745262576738939,0.006435658873438704,0.001701434510601153,0.0006706580263605093,1.5361309051513672
632,0.0006993338949763802,0.006393417408547679,0.0017052762457670364,0.0006969297046851922,1.6584396362304688
633,0.0007225315682697699,0.006345544318040705,0.0017057899165249183,0.0007214197097281696,1.5687942504882812
634,0.0007411327409056948,0.00629381244938912,0.0017014944184988727,0.0007410933133033188,1.5337467193603516
635,0.0007530085451287249,0.006240034409547943,0.0016916060406005464,0.0007537942331178644,1.5201568603515625
636,0.0007569084817002221,0.006185980187838357,0.0016761055269895698,0.0007582538567387208,1.5234947204589844
637,0.0007524388757701074,0.006133315079319254,0.001655707816961513,0.0007540624732732862,1.580953598022461
638,0.0007400312313228032,0.006083512816286694,0.0016317390678531238,0.0007416347821273129,1.5382766723632812
639,0.0007208788185975439,0.006037759905742349,0.0016059745649156137,0.0007221473913224422,1.538991928100586
640,0.0006968322209944065,0.005996910367854204,0.001580428101555211,0.0006974386572071368,1.5323162078857422
641,0.0006702635083130212,0.005961508696583859,0.0015570608329602638,0.0006698805842553479,1.7006397247314453
642,0.0006438798637064752,0.005931855355207668,0.0015374633250573983,0.0006422034501137366,1.5566349029541016
643,0.0006204468814853191,0.005908077729043483,0.001522591423955051,0.0006172316844987168,1.5969276428222656
644,0.0006024026283403131,0.005890174089403807,0.0015126152471322438,0.0005975061479825807,1.5943050384521484
645,0.0005914048254029315,0.005878032055556237,0.0015069319928365187,0.0005848244281878149,1.5735626220703125
646,0.0005879595873178042,0.005871446858970059,0.0015043285027349748,0.0005798409790783097,1.5349388122558594
647,0.0005913268816494894,0.005870141854871269,0.0015032192254646579,0.0005819328550946948,1.569509506225586
648,0.0005997665616292875,0.005873774393832611,0.0015019138173404446,0.0005894185861207842,1.53350830078125
649,0.0006109943172852944,0.0058819218079837685,0.0014988904570740486,0.000600013744587848,1.5406608581542969
650,0.0006226522289475013,0.005894053520481032,0.0014930326095864235,0.0006113211859466576,1.5437602996826172
651,0.0006326668470239593,0.005909500915586554,0.0014837962501768063,0.0006212128916288859,1.7709732055664062
652,0.0006394654259929536,0.005927440563468593,0.0014712898341024251,0.0006280635922358292,1.5723705291748047
653,0.0006420783474545217,0.005946896563150975,0.0014562506512173527,0.0006308623671247167,1.561880111694336
654,0.0006401601983170822,0.00596675803798912,0.001439924336894182,0.0006292367964298241,1.5339851379394531
655,0.000633950720210501,0.005985811105735247,0.001423873475222074,0.0006234132429327625,1.5192031860351562
656,0.0006241962056862275,0.0060027848011038835,0.001409731461752668,0.0006141355926504386,1.5223026275634766
657,0.0006120463421908848,0.0060164051638647645,0.0013989235998022327,0.0006025583913743866,1.5904903411865234
658,0.0005989246801250111,0.006025454520688855,0.0013924033822094086,0.0005901126457862878,1.5299320220947266
659,0.0005863617676424947,0.006028836323479992,0.0013904599816657634,0.0005783331686891312,1.5480518341064453
660,0.0005757875632809077,0.006025642901699611,0.0013926438573506922,0.000568644473443542,1.5358924865722656
661,0.0005683034510995844,0.0060152201527259455,0.0013978341416937174,0.0005621272231012848,1.5518665313720703
662,0.0005644866716997499,0.00599722054963919,0.0014044284256265118,0.0005593209454053811,1.5499591827392578
663,0.0005642918093700992,0.005971635765502547,0.0014106033885993995,0.0005601297491751672,1.5480518341064453
664,0.0005670837105194431,0.005938807321283203,0.001414593225274015,0.0005638642159045787,1.5561580657958984
665,0.0005717854597397226,0.005899420995445644,0.00141494110060797,0.0005693989177712587,1.5223026275634766
666,0.0005770898223510062,0.005854488606622078,0.0014106897044278005,0.0005753899387569841,1.523733139038086
667,0.0005816768593510655,0.005805314100425678,0.0014014951443763197,0.0005804937815415036,1.520395278930664
668,0.0005843972773840297,0.005753438206952547,0.0013876623298682846,0.0005835485848254716,1.5795230865478516
669,0.0005844034688479684,0.005700559417631462,0.0013701054333390104,0.0005837019298553047,1.5330314636230469
670,0.0005812257268705169,0.005648436905295242,0.0013502395274660717,0.0005804844742149177,1.5401840209960938
671,0.0005748001418713171,0.005598787491496596,0.001329808217771107,0.0005738366626604925,1.5399456024169922
672,0.0005654589859563118,0.005553188284215919,0.0013106517530626514,0.0005640993642804675,1.5561580657958984
673,0.0005538914652646439,0.005512992284894085,0.0012944332226741031,0.0005519760711962912,1.5876293182373047
674,0.0005410748734149838,0.0054792623845251395,0.0012823643641831871,0.0005384663331504024,1.531839370727539
675,0.00052817069820612,0.0054527290930636765,0.0012749902518266927,0.0005247643439445409,1.5270709991455078
676,0.0005163823689778301,0.0054337758449902445,0.001272089878328193,0.0005121181150658571,1.5482902526855469
677,0.0005067831972248644,0.00542245164724787,0.0012727216750415072,0.000501655955673624,1.550912857055664
678,0.0005001422199052463,0.005418505823442351,0.0012753992300714343,0.0004942065286186142,1.5745162963867188
679,0.0004967912015426415,0.005421436078071646,0.0012783477883601948,0.0004901563231355648,1.5454292297363281
680,0.0004965745466353926,0.005430541494340218,0.0012797822985487115,0.0004893896703082119,1.5473365783691406
681,0.000498900449207797,0.005444974057889218,0.0012781584108471568,0.0004913341236270957,1.5692710876464844
682,0.0005028767245878274,0.00546378345589186,0.0012723670200062759,0.0004950970611033034,1.5511512756347656
683,0.0005074884951644714,0.0054859511922031,0.001261861112111331,0.0004996494038728208,1.5821456909179688
684,0.000511770646932082,0.005510412919679268,0.00124671476760041,0.0005040058841666163,1.5642642974853516
685,0.0005149421744268793,0.005536071519288384,0.0012276177860915485,0.0005073658885619825,1.5261173248291016
686,0.0005164889714854756,0.005561806191354104,0.0012058083986351243,0.0005092000447505149,1.53350830078125
687,0.0005161962155864007,0.005586483345920047,0.0011829437935183338,0.0005092837425790522,1.520395278930664
688,0.0005141380990983857,0.005608973721057133,0.0011609082628038195,0.0005076859932601376,1.5807151794433594
689,0.0005106330045442698,0.00562817840826715,0.001141566859895264,0.0005047224023557582,1.5363693237304688
690,0.0005061705111023666,0.0056430647228800914,0.0011264900505183464,0.0005008791977990948,1.5230178833007812
691,0.0005013168649287414,0.0056527104702262815,0.0011166966474170478,0.000496715487841718,1.5149116516113281
692,0.0004966092349901188,0.005656352344294596,0.0011124756391717079,0.000492754752437243,1.5518665313720703
693,0.0004924545997619931,0.005653432450622411,0.0011133379933501281,0.000489382216795414,1.6148090362548828
694,0.000489052704036174,0.005643637565438364,0.001118114078411905,0.00048676818671508106,1.569509506225586
695,0.000486360494758951,0.005626928021127063,0.0011251673256531117,0.00048483481523605186,1.558065414428711
696,0.0004841068828995099,0.005603554817485923,0.0011326646733703415,0.00048327443613609936,1.5892982482910156
697,0.00048185447693822875,0.005574063180462092,0.0011388419625878693,0.000481614920653719,1.5704631805419922
698,0.0004790940775292856,0.005539279441116214,0.00114222129899138,0.00047931680463530893,1.5788078308105469
699,0.0004753522132578628,0.005500278214224392,0.0011417617239386593,0.0004758820693054846,1.5747547149658203
700,0.0004702926852037621,0.00545832951671442,0.001136942424117224,0.0004709558565982351,1.5914440155029297
701,0.0004637977775941555,0.005414829243993166,0.0011277857751492688,0.0004644075155361651,1.7278194427490234
702,0.00045602001044122337,0.005371218981414479,0.0011148281516269226,0.00045638267361881337,1.5320777893066406
703,0.00044739824376019194,0.00532890168962753,0.0010990438747397538,0.0004473207912115448,1.567840576171875
704,0.00043863182683888055,0.00528915960822386,0.001081725659646866,0.00043793215664383097,1.573324203491211
705,0.00043060557516024205,0.00525308118482272,0.0010643260723683802,0.00042912664702382427,1.6713142395019531
706,0.0004242616951716389,0.005221504465174458,0.0010482702734413254,0.0004218887653397806,1.5323162078857422
707,0.00042042776887866513,0.005194983410179315,0.001034760383670773,0.0004171053114392847,1.6179084777832031
708,0.0004196326062409229,0.00517378016788918,0.0010246027348053378,0.0004153749228780769,1.5439987182617188
709,0.00042196238144964033,0.0051578818265529515,0.0010180941957713444,0.00041685210529354726,1.590728759765625
710,0.00042700801947143894,0.005147036789906847,0.0010149960179989719,0.00042118115744853947,1.5511512756347656
711,0.0004339228973308225,0.005140804597475305,0.0010146025178965293,0.00042754530902693597,1.5418529510498047
712,0.00044156622622808445,0.0051386126670825,0.0010158859658858097,0.00043480975626158746,1.5234947204589844
713,0.0004486821667379278,0.0051398130683605135,0.0010176810330914895,0.00044170701983327516,1.5225410461425781
714,0.0004540690995201293,0.005143732290750148,0.0010188692068493447,0.0004470148425192965,1.5964508056640625
715,0.00045671452499854967,0.005149708342278231,0.0010185330747153173,0.00044969867822330684,1.5568733215332031
716,0.0004558909306171116,0.005157113618885249,0.0010160641935581174,0.00044901278039803855,1.5294551849365234
717,0.0004512187085395395,0.005165360093291174,0.0010112196594168129,0.00044456615840101683,1.516103744506836
718,0.00044270469363169395,0.005173900017974186,0.0010041288488076125,0.0004363626608929845,1.516103744506836
719,0.0004307624876563756,0.005182217956917993,0.0009952547731669694,0.0004248218581896877,1.5943050384521484
720,0.0004162151534851539,0.005189821276036942,0.0009853158994679607,0.00041078126541353857,1.5316009521484375
721,0.00040027251059270713,0.005196233916647562,0.0009751759573251928,0.00039547135687757474,1.5225410461425781
722,0.00038446449248487325,0.0052009967356180225,0.0009657129930598938,0.00038044335365907745,1.5416145324707031
723,0.00037050207421497074,0.005203676217544899,0.0009576838615167859,0.0003674198844271425,1.5482902526855469
724,0.00036004045528413006,0.005203880718075227,0.0009516048624520684,0.0003580442500049991,1.5799999237060547
725,0.00035435671584165614,0.005201281220870674,0.0009476702739621824,0.0003535470843961301,1.596689224243164
726,0.00035403037264201135,0.005195633069941158,0.000945725268741886,0.0003544293885967552,1.5270709991455078
727,0.00035877404030407986,0.005186796043465222,0.0009452982425112592,0.00036031310664881637,1.554250717163086
728,0.0003675137707302851,0.0051747510128055665,0.0009456838205486096,0.0003700474665393315,1.5554428100585938
729,0.0003786753468520577,0.005159611279620174,0.0009460572999556296,0.00038201036542783915,1.5676021575927734
730,0.0003905305718761519,0.005141626096597463,0.0009455976909894247,0.00039445342325515853,1.5604496002197266
731,0.0004014784337112747,0.005121174320561698,0.0009435995059431888,0.00040577286449627284,1.5561580657958984
732,0.00041021864417710343,0.005098746005623217,0.0009395598790450948,0.0004146725496452412,1.8553733825683594
733,0.00041583427228420144,0.005074918926734064,0.0009332343617438754,0.0004202398855131547,2.341747283935547
734,0.0004178161366502558,0.005050327652646864,0.0009246597179052616,0.00042196731982086953,1.661539077758789
735,0.0004160543277084873,0.0050256317845450834,0.0009141448173479004,0.0004197436982443209,1.8537044525146484
736,0.0004108105174994077,0.005001484306257696,0.0009022324781097733,0.0004138282955401177,1.7135143280029297
737,0.0004026751624904484,0.004978501339518198,0.0008896358124960248,0.0004048113552291466,1.57928466796875
738,0.00039250747707203796,0.004957235084054203,0.0008771538736216856,0.0003935590889432329,1.5707015991210938
739,0.0003813526348384886,0.004938152887183911,0.0008655738203382072,0.0003811375217411137,1.5783309936523438
740,0.0003703305625259654,0.004921619481081697,0.0008555705404904916,0.00036870843949300496,1.5513896942138672
741,0.00036049661992511626,0.004907890573359973,0.0008476182486450788,0.00035739518286207714,1.5654563903808594
742,0.0003526874491754878,0.004897108274925351,0.000841930130340779,0.0003481271269754249,1.5387535095214844
743,0.0003473844040151402,0.004889300734318069,0.0008384383966444795,0.0003414919585336764,1.5304088592529297
744,0.00034463800079405284,0.004884384621869014,0.0008368194133758203,0.00033764071691385657,1.5497207641601562
745,0.0003440854715799368,0.004882170458737986,0.0008365580359697673,0.0003362856165083855,1.5714168548583984
746,0.0003450589678899455,0.00488237103889885,0.0008370365904294859,0.00033679763093787617,1.528024673461914
747,0.00034674648772678674,0.00488461270126032,0.0008376303364188498,0.00033836945705821683,1.5234947204589844
748,0.00034835548272825245,0.004888449008193821,0.0008377930784029474,0.000340189682319527,1.5156269073486328
749,0.00034924250842539915,0.004893376499954072,0.0008371217348174148,0.0003415844808628228,1.5823841094970703
750,0.0003489945487888294,0.00489885230855393,0.0008353943782971682,0.0003421075730458949,1.5201568603515625
751,0.0003474636287079763,0.004904313315811646,0.0008325806658300642,0.0003415785849236727,1.764059066772461
752,0.00034476217166091685,0.00490919635141525,0.0008288262226173994,0.00034007793147380314,1.5380382537841797
753,0.00034122585691611664,0.004912958888473729,0.0008244142475141529,0.00033790640755393495,1.5447139739990234
754,0.0003373484586888969,0.004915099674171502,0.0008197092302842358,0.00033551563885382703,1.5671253204345703
755,0.0003336930256170761,0.004915178459478022,0.0008150897471352562,0.0003334157025679113,1.52587890625
756,0.00033078765715167225,0.0049128335438652125,0.0008108796311554846,0.00033207031702194874,1.535177230834961
757,0.0003290213858432651,0.004907795696497521,0.0008072883789032167,0.00033179668105242044,1.5377998352050781
758,0.00032856221669975603,0.0048998975195017665,0.0008043712789244742,0.00033269175257245415,1.5189647674560547
759,0.0003293189276407676,0.004889078310176215,0.0008020167350315415,0.00033460386275386823,1.54876708984375
760,0.00033095739918866476,0.004875385055747222,0.0007999631569129266,0.0003371564732542973,1.5268325805664062
761,0.00033296521801722174,0.004858970200199809,0.0007978418923257017,0.0003398150562390309,1.5358924865722656
762,0.0003347447357826346,0.004840086189268451,0.0007952378106074921,0.0003419772790978988,1.5141963958740234
763,0.0003357113952034871,0.004819076444564224,0.0007917566955894706,0.0003430655012351593,1.5304088592529297
764,0.0003353798666838713,0.004796362790130848,0.0007870888055949873,0.00034260675943222015,1.5633106231689453
765,0.0003334293338548048,0.004772429953782264,0.000781060023111172,0.00034029337066733605,1.5530586242675781
766,0.0003297459911840997,0.004747808035541608,0.0007736647289706628,0.00033602295906753644,1.5420913696289062
767,0.00032444370638981594,0.004723053548116779,0.0007650768870534365,0.0003299189853248908,1.560211181640625
768,0.0003178634483719257,0.004698729155552947,0.000755637493479763,0.00032233234191148317,1.5439987182617188
769,0.0003105499125194226,0.0046753823099522996,0.0007458181297164669,0.0003138223973605914,1.684427261352539
770,0.0003032013748513984,0.004653523665221732,0.0007361627427276819,0.0003051131848607511,1.5523433685302734
771,0.0002965884341913223,0.004633607599345236,0.0007272133671696988,0.00029701908238519614,1.5556812286376953
772,0.00029144210157253916,0.0046160109871329225,0.0007194298539518118,0.0002903374138017242,1.810312271118164
773,0.0002883247773545032,0.004601023866444322,0.0007131171448312705,0.00028571735224030556,1.6121864318847656
774,0.00028751310547019343,0.004588837112811894,0.0007083746496910464,0.0002835311970858539,1.6210079193115234
775,0.0002889320829822893,0.00457953666529813,0.000705078820871216,0.00028379007839824793,1.5473365783691406
776,0.00029216622031777206,0.0045731027340436365,0.0007029035759466252,0.0002861381555464165,1.6317367553710938
777,0.0002965433015073584,0.004569414010813715,0.0007013748450237268,0.00028992912093380287,1.6901493072509766
778,0.0003012585636491779,0.0045682564871881316,0.0006999484526580393,0.0002943546043411658,1.5511512756347656
779,0.00030550065920733574,0.004569336073717678,0.0006980968823517376,0.00029858105072575115,1.6405582427978516
780,0.0003085537983774085,0.0045722943351272196,0.0006953906316303424,0.00030186324039124167,1.6200542449951172
781,0.00030986782049175334,0.00457672569738237,0.0006915629685382904,0.00030362251965641157,1.5270709991455078
782,0.00030909928538562357,0.0045821944778240324,0.0006865511135980042,0.0003034921062156782,1.5645027160644531
783,0.0003061307552289361,0.00458825157782225,0.0006805102502081973,0.00030133739911904987,1.5969276428222656
784,0.00030107415441337973,0.0045944496025479235,0.0006737990217276856,0.0002972580709182267,1.5859603881835938
785,0.0002942612133924485,0.004600355872252149,0.0006669364642706123,0.000291575442333087,1.5392303466796875
786,0.0002862208183807327,0.00460556338460408,0.0006605321325456644,0.00028480510292345915,1.52587890625
787,0.000277640135664216,0.0046096999997834185,0.0006551950027994064,0.000277611828932192,1.6405582427978516
788,0.0002693043415022597,0.0046124359529382515,0.0006514325919615922,0.00027074252586498223,1.5230178833007812
789,0.0002620106404542097,0.004613489386231658,0.0006495577389416909,0.0002649352267893794,1.5299320220947266
790,0.00025645911768942494,0.004612629669560031,0.0006496229418662829,0.0002608104731807938,1.596689224243164
791,0.00025313720692657344,0.004609678812896401,0.0006513980427736209,0.0002587650731127202,1.6086101531982422
792,0.0002522301107053488,0.0046045119116934225,0.0006543967217366473,0.0002588995108560452,1.53350830078125
793,0.00025359199296598147,0.004597058333897738,0.000657944936514757,0.00026100680475312323,1.5213489532470703
794,0.00025679211541831866,0.004587302467906867,0.0006612754871880968,0.00026462819837047466,1.52587890625
795,0.0002612177975804818,0.0045752845539135615,0.0006636301003387361,0.00026915404441589215,1.6415119171142578
796,0.00026619572212167604,0.004561100645687462,0.000664353391214346,0.0002739351641899348,1.5277862548828125
797,0.0002710968145519013,0.004544901670167926,0.0006629685377770755,0.000278376503463497,1.5254020690917969
798,0.0002754076366297228,0.004526891916528645,0.0006592298602270814,0.0002820005012522359,1.5780925750732422
799,0.00027876725975656497,0.004507327038726474,0.0006531510479409391,0.0002844802497479703,1.6472339630126953
800,0.0002809762470448206,0.004486510970102542,0.0006450091190707743,0.00028564816852428887,1.5959739685058594
801,0.0002819854537047197,0.004464790745821143,0.0006353238656439818,0.0002854864892423726,1.7304420471191406
802,0.0002818708029141056,0.00444254857146808,0.0006248117433496218,0.00028410449133139487,1.531839370727539
803,0.0002807986031277203,0.0044201912658863056,0.0006143134823116886,0.0002817061290382614,1.6279220581054688
804,0.00027898528258556626,0.004398137749993377,0.0006046975868584518,0.0002785511886858568,1.628875732421875
805,0.00027665561247682197,0.004376805213326795,0.0005967479540936598,0.00027491345839305344,1.6224384307861328
806,0.0002740041541551509,0.0043565942930137245,0.0005910518165717383,0.00027104031172630965,1.5919208526611328
807,0.0002711651742212788,0.004337873610064368,0.000587910448527132,0.0002671190752178194,1.5249252319335938
808,0.00026819590166600574,0.004320964467225887,0.000587294724883617,0.0002632557722903217,1.5761852264404297
809,0.00026507624344481096,0.004306127005445903,0.0005888580688431281,0.00025947053464029507,1.5265941619873047
810,0.0002617250687739797,0.004293549156331592,0.0005920034635476397,0.00025571097605975367,1.6474723815917969
811,0.0002580298391284109,0.004283339264143132,0.0005959865761582354,0.0002518809631073873,1.5246868133544922
812,0.00025388393004101685,0.00427552266701662,0.0006000304121382758,0.00024787897017547705,1.516103744506836
813,0.0002492251992815603,0.00427004218277231,0.0006034295383066262,0.00024363872107769648,1.5225410461425781
814,0.0002440699737509148,0.004266762323449305,0.0006056299487489945,0.00023916513379405708,1.5704631805419922
815,0.0002385377154576093,0.004265476914488057,0.0006062791015095315,0.0002345597665292859,1.5866756439208984
816,0.00023286224873089465,0.004265919518307207,0.0006052464446290205,0.00023003096208817767,1.531839370727539
817,0.0002273853288983208,0.0042677758184070744,0.0006026173581132889,0.00022588442630839885,1.5234947204589844
818,0.00022252828013725543,0.004270697085495292,0.0005986639701975656,0.0002224909314039475,1.5881061553955078
819,0.00021873923578991517,0.004274313965941007,0.0005937963670856322,0.00022023095758641177,1.5788078308105469
820,0.00021641926328092308,0.004278249901168246,0.0005884985599485459,0.0002194227396674963,1.6007423400878906
821,0.000215840525856428,0.004282133462921073,0.0005832556354223014,0.00022024910836074981,1.531362533569336
822,0.00021707911379169665,0.004285608980335192,0.0005784812109359808,0.0002227044237140633,1.5919208526611328
823,0.00021998589340467428,0.004288345224028153,0.0005744562841455757,0.0002265794025449511,1.5234947204589844
824,0.00022420608160619428,0.004290042446508932,0.0005712902795165166,0.0002314881454494059,1.5366077423095703
825,0.00022923892663107603,0.004290438349972069,0.0005689117537211062,0.00023692621998517308,1.5850067138671875
826,0.00023451602740064714,0.004289313339018483,0.0005670903369314906,0.0002423409278299712,1.604318618774414
827,0.00023947701383259155,0.004286494950509171,0.0005654848877479709,0.0002471972624184539,1.5344619750976562
828,0.00024363002826231108,0.004281861128901249,0.0005637077870981344,0.00025103058886849884,1.5244483947753906
829,0.00024659360870608795,0.0042753422703049205,0.0005613932740327252,0.0002534839333056995,1.5676021575927734
830,0.00024812186178164823,0.004266922402560362,0.0005582587944740858,0.00025433147547521324,1.7173290252685547
831,0.00024811626565028995,0.0042566399858041505,0.000554151368234918,0.0002534907774651552,1.5537738800048828
832,0.0002466267328790934,0.004244588412351531,0.0005490744429392601,0.0002510256876900647,1.539468765258789
833,0.00024384309566311517,0.004230915692319207,0.000543193449399423,0.00024714067218592847,1.722574234008789
834,0.00024007672036990862,0.0042158225580329394,0.000536819996370471,0.00024216603457276122,1.5363693237304688
835,0.00023573097329980178,0.004199558492535285,0.0005303758409919584,0.00023653240237184113,1.7092227935791016
836,0.00023125926772136378,0.004182415673201783,0.0005243393461150588,0.00023073243939234495,1.5788078308105469
837,0.0002271111253928501,0.004164721063979476,0.0005191797733904399,0.00022526879724308084,1.6243457794189453
838,0.00022367060860297458,0.004146826756147213,0.0005152882650727149,0.00022059081889880602,1.535654067993164
839,0.00022119696753775405,0.004129098438919536,0.0005129173720287087,0.00021702858734289163,1.5196800231933594
840,0.00021978163458483127,0.004111901947237198,0.0005121414450143515,0.00021473928693170952,1.6460418701171875
841,0.00021933478408082938,0.00409558824895621,0.000512846695857,0.00021368262101307083,1.6064643859863281
842,0.00021960682486009083,0.00408047773501419,0.000514752779820357,0.00021363523802071972,1.5311241149902344
843,0.00022023885812196865,0.004066844945195185,0.000517459992910974,0.00021424081945986876,1.5232563018798828
844,0.00022082794975151487,0.004054904855918846,0.0005205107694852001,0.00021508071506405745,1.5339851379394531
845,0.00022099200773918778,0.004044801693994135,0.0005234528726783043,0.00021574657406661556,1.6608238220214844
846,0.000220423806272544,0.004036601121838793,0.0005258938856162116,0.00021590124065642475,1.5478134155273438
847,0.00021892980155237211,0.004030286542035963,0.0005275405021863067,0.0002153217926556462,1.5311241149902344
848,0.00021645358035703066,0.004025760039229572,0.0005282199661255596,0.00021392424139548126,1.528024673461914
849,0.00021308516287680087,0.004022848114277552,0.0005278838101667713,0.00021177152650104998,1.598358154296875
850,0.00020905664228141528,0.004021311922451408,0.000526595751136655,0.00020906592316542397,1.531839370727539
851,0.00020472298397048773,0.004020861296512677,0.0005245066476457867,0.0002061255062325716,1.8541812896728516
852,0.0002005255302385002,0.004021171466075446,0.0005218202983223961,0.000203343539953496,1.5985965728759766
853,0.00019693640791491218,0.004021901112179799,0.000518754758828061,0.00020113109098020537,1.5249252319335938
854,0.0001943862880982029,0.004022710294884315,0.0005155046163679921,0.00019984777914255463,1.6546249389648438
855,0.00019318617406458008,0.004023276932108317,0.000512209850851894,0.00019973257786919061,1.5568733215332031
856,0.00019346266576718995,0.004023310851298038,0.0005089361389738283,0.00020085207805140988,1.6605854034423828
857,0.00019512807617765897,0.004022564813176583,0.0005056696491953704,0.00020308216316577353,1.5299320220947266
858,0.0001978965858746517,0.004020842156189067,0.0005023268580166883,0.0002061287447984668,1.52587890625
859,0.00020133986904395863,0.004018000834951848,0.0004987772926567541,0.00020957948062206457,1.5299320220947266
860,0.00020496235117671354,0.00401395379796782,0.0004948749779621888,0.000212969830835308,1.5892982482910156
861,0.00020827505242284805,0.004008666009230431,0.0004904931438189021,0.00021584721606628435,1.653909683227539
862,0.00021085482055664844,0.00400214889039095,0.0004855565513919391,0.00021782329891869589,1.5277862548828125
863,0.00021238493035568993,0.003994453286009978,0.0004800664902861218,0.0002186111722890416,1.5256404876708984
864,0.000212678699796998,0.0039856620341581165,0.000474114778092082,0.00021804843782027782,1.583099365234375
865,0.00021168950952102573,0.003975882913684949,0.0004678845978416923,0.0002161085527820715,1.5168190002441406
866,0.00020950993527420745,0.003965242395325719,0.0004616374928125638,0.0002129023909748683,1.584768295288086
867,0.00020636107584586056,0.003953880455481599,0.0004556873028359094,0.0002086706528492401,1.519918441772461
868,0.00020257148424713504,0.003941946691637302,0.00045036347157680713,0.00020376619325392225,1.592874526977539
869,0.0001985440464352877,0.003929597903028287,0.0004459681405810039,0.00019862405454893785,1.51824951171875
870,0.00019470951398871828,0.003916997026418765,0.0004427335304085188,0.0001937168480742178,1.5528202056884766
871,0.00019146816057551244,0.0039043129218748877,0.00044078745069345596,0.00018949541493162053,1.6016960144042969
872,0.00018912651524155015,0.003891720212583494,0.00044013426547043314,0.0001863204389110876,1.6977787017822266
873,0.00018784246769731338,0.0038793983534578477,0.00044065569950272297,0.00018439868432530265,1.5385150909423828
874,0.00018759473078496276,0.003867529322345094,0.00044213119566261026,0.00018374280493332822,1.5232563018798828
875,0.00018818747139612014,0.0038562936336012507,0.00044427287883981977,0.0001841699059907483,1.523733139038086
876,0.00018928901803529644,0.0038458646436973923,0.0004467673573900891,0.00018534053251423023,1.638650894165039
877,0.0001904921007479058,0.0038364013397603324,0.0004493163246732933,0.000186824696611696,1.5442371368408203
878,0.00019137897279950013,0.0038280400304567625,0.0004516696526985335,0.00018817490501007398,1.5225410461425781
879,0.00019157852927822205,0.0038208855990231913,0.0004536472157308744,0.0001889900269137465,1.538991928100586
880,0.00019080950650975553,0.003815003183391665,0.00045514805845497524,0.00018896251505695353,1.554250717163086
881,0.00018890943252611086,0.0038104112454667594,0.0004561473133716974,0.00018790861792646353,1.5606880187988281
882,0.0001858515446731309,0.0038070769321659433,0.00045668253489295884,0.0001857844044176594,1.5382766723632812
883,0.00018175193298053605,0.003804914436524503,0.00045683209174190596,0.0001826904237525312,1.567840576171875
884,0.00017686774290292859,0.0038037867295381634,0.0004566890835656886,0.00017886616719166827,1.5268325805664062
885,0.00017158504545221304,0.0038035106320567424,0.00045633486501089014,0.00017467325738337842,1.5344619750976562
886,0.0001663924287196022,0.0038038648054853448,0.00045581642513021787,0.00017056423892206074,1.5647411346435547
887,0.00016183462035360014,0.0038045999570252256,0.0004551313501190894,0.00016703322143254607,1.5518665313720703
888,0.0001584422372378673,0.003805450427974916,0.0004542228366328696,0.00016454759497869215,1.5320777893066406
889,0.00015664262142904483,0.0038061463304364935,0.0004529854644835951,0.00016346842050705317,1.5308856964111328
890,0.0001566722186152433,0.003806425438629415,0.0004512806179811085,0.0001639786378023527,1.5227794647216797
891,0.000158522646901805,0.0038060440923153283,0.0004489590009081186,0.0001660440930224729,1.5385150909423828
892,0.00016194513150577465,0.0038047864727273227,0.00044588686507386415,0.0001694233506766239,1.5492439270019531
893,0.00016651079143684692,0.003802471828269712,0.00044197236391402213,0.00017372123267507162,1.5630722045898438
894,0.0001716988115442153,0.0037989595462252735,0.0004371886888313493,0.00017846366405827778,1.5206336975097656
895,0.00017698035786658755,0.0037941522724580894,0.0004315911480178582,0.00018316938451505064,1.5425682067871094
896,0.00018187973298278072,0.0037879974446574332,0.0004253259448066563,0.00018740405132062923,1.5263557434082031
897,0.00018600988026879893,0.0037804875862169425,0.000418629012241919,0.00019081365440011292,1.7023086547851562
898,0.00018908767427748625,0.00377165959075292,0.0004118138577956048,0.00019314070724243805,1.5287399291992188
899,0.00019093593340463975,0.0037615931318279974,0.00040524810678054153,0.00019422833651491336,1.5799999237060547
900,0.0001914774913874901,0.003750408296029277,0.0003993195775254092,0.0001940165464375697,1.567840576171875
901,0.00019072463983015663,0.0037382625313664127,0.00039439453584958655,0.00019253351744331828,1.7514228820800781
902,0.00018876579176274909,0.0037253469244110673,0.0003907731926431359,0.0001898836535437102,1.5614032745361328
903,0.0001857504327271142,0.00371188169102605,0.0003886498069723992,0.00018623342008762184,1.5478134155273438
904,0.000181873120198483,0.00369811065513682,0.0003880855956801173,0.00018179571545274317,1.5518665313720703
905,0.00017735725943638866,0.003684294488392924,0.0003890008384399787,0.0001768134620477914,1.5273094177246094
906,0.00017243946641617983,0.003670702611311679,0.00039118813625752186,0.00017154316867014772,1.5294551849365234
907,0.00016735541005001494,0.003657603859784313,0.0003943433988412396,0.0001662393207279416,1.577615737915039
908,0.00016232801327696825,0.0036452562259563547,0.0003981071610097095,0.00016114052430070983,1.5277862548828125
909,0.00015755871152278896,0.003633896152347509,0.0004021077180026555,0.0001564582935860946,1.5208721160888672
910,0.0001532220760968683,0.0036237279921270383,0.00040599908994117483,0.0001523691600114791,1.5170574188232422
911,0.00014946352641631987,0.0036149143474535337,0.00040948961202766766,0.0001490103495003164,1.538991928100586
912,0.0001463991832614654,0.003607568036004603,0.00041235962443803774,0.00014647864852019936,1.5645027160644531
913,0.00014411637162967196,0.0036017463836866413,0.0004144686011007029,0.00014483142193441422,1.5594959259033203
914,0.00014267314994215167,0.0035974483826990496,0.0004157530805766346,0.0001440883421097515,1.5232563018798828
915,0.00014209576453829282,0.0035946150058324255,0.0004162172348713782,0.00014423253688006146,1.5556812286376953
916,0.0001423740770780478,0.0035931326758112813,0.0004159181351266175,0.00014521062135964,1.523733139038086
917,0.0001434563811891441,0.003592839588657309,0.00041494791093913823,0.00014693214739680855,1.5578269958496094
918,0.00014524593793504892,0.0035935343257227997,0.0004134150751947798,0.00014926983893095075,1.5761852264404297
919,0.0001476014853072715,0.0035949860050586142,0.00041142724174314196,0.0001520621415589637,1.5265941619873047
920,0.0001503429340463112,0.003596945150460606,0.00040907723352441686,0.00015511906965844593,1.528024673461914
921,0.0001532620271109511,0.0035991544946681535,0.0004064341231603114,0.00015823144685297457,1.5225410461425781
922,0.0001561366266508905,0.003601359062016112,0.0004035400837120746,0.00016118287251518066,1.5735626220703125
923,0.00015874684496426783,0.0036033150232814585,0.00040041312042487116,0.0001637633462104064,1.550912857055664
924,0.00016089138964203245,0.0036047970108843484,0.0003970549091553016,0.000165783449508969,1.5311241149902344
925,0.0001624028798379226,0.0036056037625034044,0.0003934622225744928,0.00016708810943218792,1.550912857055664
926,0.0001631612580178867,0.0036055621632588536,0.000389639907308101,0.00016756911943592278,1.5516281127929688
927,0.00016310463283119648,0.0036045299292449323,0.0003856131778467289,0.00016717568173004694,1.5430450439453125
928,0.00016223693567728824,0.0036023972735633476,0.00038143713451887606,0.00016592223897695068,1.5482902526855469
929,0.00016063167398397397,0.003599087897019124,0.0003772018337061061,0.00016389276605705696,1.5256404876708984
930,0.00015843083267500036,0.0035945595645252367,0.000373031836116343,0.00016124046900381077,1.550912857055664
931,0.0001558376677845885,0.003588804413247137,0.00036907984461027405,0.00015818150799032005,1.5652179718017578
932,0.0001531019411629724,0.0035818490296074205,0.0003655147843955548,0.000154981085413822,1.5473365783691406
933,0.00015049646422671785,0.003573754238894405,0.0003625054836957503,0.00015193042361637978,1.5544891357421875
934,0.00014828521124383412,0.0035646144626748154,0.00036020195580735876,0.0001493144349756432,1.5714168548583984
935,0.00014668607052566195,0.0035545564146996604,0.0003587170177726211,0.00014737277200806842,1.5511512756347656
936,0.0001458349346420241,0.003543736850300234,0.00035811132733339486,0.00014626101665270305,1.5552043914794922
937,0.00014576030372094966,0.0035323390924246897,0.00035838459173355886,0.0001460219609786495,1.5227794647216797
938,0.00014637642787758282,0.0035205681449466623,0.00035947461216791557,0.00014657629574825375,1.5864372253417969
939,0.00014749764180385628,0.003508644336358194,0.00036126422928247666,0.00014773640167712072,1.531362533569336
940,0.0001488696187201294,0.0034967956248654784,0.000363594636742257,0.00014923905699519872,1.524209976196289
941,0.0001502088170673566,0.0034852488633768004,0.00036628245097892375,0.00015078748847836392,1.5187263488769531
942,0.0001512413327356131,0.003474220478419156,0.00036913761604356643,0.0001520928643234318,1.5544891357421875
943,0.00015173540899781712,0.0034639071377193546,0.0003719795925526199,0.0001529087252806215,1.5637874603271484
944,0.00015152541356780135,0.0034544770602758595,0.000374650041228784,0.00015305593402380497,1.5592575073242188
945,0.00015052746463815455,0.0034460626263675942,0.00037702106689983345,0.00015243844189533916,1.577615737915039
946,0.0001487477409851602,0.00343875486285976,0.00037899884706037255,0.00015105113930242986,1.5473365783691406
947,0.000146284254818751,0.003432600219296341,0.0003805230581938789,0.00014898078966292573,1.5482902526855469
948,0.00014332201129269864,0.003427599837639841,0.0003815629304839027,0.000146400180837111,1.556396484375
949,0.00014012043730535228,0.003423711297957166,0.0003821110248220766,0.00014355465050070831,1.5988349914550781
950,0.00013699117647815128,0.00342085257813264,0.00038217594126053816,0.00014073950628814918,1.5573501586914062
951,0.00013426460162006238,0.0034189077973474933,0.00038177515392679107,0.0001382672547883321,1.7244815826416016
952,0.00013224572288827338,0.00341773417427197,0.0003809290239160942,0.00013642576780119854,1.5349388122558594
953,0.00013116510610043758,0.003417169582684369,0.00037965679480094215,0.00013543281197571095,1.5876293182373047
954,0.00013113626664088536,0.0034170401201186022,0.00037797505153595434,0.00013539715773021535,1.5594959259033203
955,0.00013213330148808717,0.003417167204170713,0.0003758987520911178,0.00013629811345761727,1.5363693237304688
956,0.0001339972709861757,0.003417373851431639,0.00037344455649326397,0.0001379907534051437,1.5320777893066406
957,0.00013646879840560795,0.0034174899506346605,0.0003706358212182441,0.00014023483337675957,1.5749931335449219
958,0.00013923492436566037,0.0034173564937765265,0.0003675083452469652,0.00014273730459628668,1.6019344329833984
959,0.00014197627329916998,0.0034168288591709503,0.0003641157894637715,0.00014519623386441457,1.558065414428711
960,0.00014440513688169195,0.003415779331704839,0.0003605336683958444,0.0001473373943963968,1.5361309051513672
961,0.00014629124172686064,0.003414099086101835,0.000356860933540774,0.00014893998908900656,1.6057491302490234
962,0.00014747613182067691,0.0034116998474522544,0.000353218413738743,0.00014985178488735427,1.752614974975586
963,0.00014787862332331237,0.003408515389786088,0.00034974373136062225,0.0001499955682675066,1.538991928100586
964,0.00014749364318327414,0.0034045029539136597,0.00034658276373257237,0.00014936892029933564,1.528024673461914
965,0.00014638600152029133,0.003399644574890175,0.0003438782587104136,0.00014803873281527775,1.7077922821044922
966,0.00014467989496548363,0.0033939482193589437,0.0003417568006223532,0.00014613123043331859,1.5523433685302734
967,0.0001425444652603547,0.0033874485552317667,0.0003403158499577132,0.00014381782149446032,1.5788078308105469
968,0.00014017566406418998,0.003380207124025381,0.00033961287248193245,0.00014129702879897934,1.5947818756103516
969,0.00013777507764953668,0.0033723123690882527,0.00033965847042698904,0.0001387731522822307,1.5866756439208984
970,0.00013552727563288764,0.0033638764137525635,0.00034041472674064535,0.0001364332630177963,1.5153884887695312
971,0.00013357828982604055,0.0033550325460776744,0.0003417992241281152,0.00013442518428199648,1.527547836303711
972,0.00013201898640190132,0.0033459317820195423,0.00034369389667657214,0.00013284037291873025,1.575469970703125
973,0.00013087690435586159,0.0033367370166039905,0.00034595712112212474,0.00013170545230453302,1.6322135925292969
974,0.0001301186268170068,0.0033276165729127145,0.0003484371164162691,0.00013098457653953256,1.5184879302978516
975,0.00012966229365452735,0.0033187370061318086,0.0003509847143133073,0.00013059224697974995,1.5304088592529297
976,0.00012939724259449778,0.0033102555605310203,0.00035346399087132486,0.00013041345828079592,1.5254020690917969
977,0.00012920635088266955,0.0033023127498083447,0.0003557597895548622,0.00013032657788965637,1.684427261352539
978,0.00012898679108839465,0.0032950255701942577,0.0003577817363546925,0.00013022452817363037,1.5256404876708984
979,0.00012866612796189937,0.003288481828352054,0.00035946485825934715,0.0001300311251707206,1.5766620635986328
980,0.0001282121564931955,0.003282735975341959,0.000360767321665052,0.00012971097281858204,1.592397689819336
981,0.00012763604077783183,0.0032778067132254365,0.000361666089995728,0.00012927251679046808,1.5332698822021484
982,0.00012698901540790085,0.0032736765066178485,0.0003621514595129853,0.00012876458403757762,1.5978813171386719
983,0.0001263533235391737,0.0032702929925289568,0.0003622214777700183,0.00012826715107745154,1.5344619750976562
984,0.00012582845453588406,0.0032675721427420554,0.00036187718636232263,0.00012787746830310363,1.5816688537597656
985,0.00012551430117044678,0.003265402905167663,0.0003611194623014645,0.0001276932081199525,1.5287399291992188
986,0.00012549357111045408,0.0032636529532707316,0.00035994797305341985,0.00012779498508880375,1.5261173248291016
987,0.00012581637272263574,0.0032621751293407182,0.00035836243317502556,0.00012823113205222638,1.5845298767089844
988,0.00012648990523254198,0.003260814172559395,0.0003563659970254487,0.00012900758161727061,1.5940666198730469
989,0.00012747529750474786,0.003259413365685865,0.0003539702834941343,0.00013008480614880175,1.5821456909179688
990,0.0001286919911057506,0.003257820798933542,0.00035120124776440837,0.00013138215754519505,1.5223026275634766
991,0.00013002827648985596,0.0032558950216458795,0.0003481049246760299,0.00013278822508339257,1.5225410461425781
992,0.0001313554062539783,0.0032535099286156565,0.00034475196729327745,0.00013417469742322028,1.642465591430664
993,0.00013254246503666505,0.0032505587978776847,0.00034123996232467987,0.0001354109834598904,1.5366077423095703
994,0.00013346974754104262,0.0032469574409891046,0.0003376926519158923,0.00013637739752142777,1.523733139038086
995,0.00013403930182336873,0.003242646475167024,0.00033425546323918577,0.00013697558710522816,1.5211105346679688
996,0.00013418212952440883,0.00323759275444346,0.00033108714627840566,0.00013713569024734876,1.581430435180664
997,0.00013386209860964126,0.0032317900063551955,0.00032834786911500673,0.0001368202623236299,1.5587806701660156
998,0.00013307691254180727,0.0032252587111678923,0.0003261848018103083,0.00013602530128903174,1.5387535095214844
999,0.00013185657904305989,0.003218045240743685,0.0003247169322583995,0.00013477880717927787,1.5268325805664062
1000,0.00013025982392481143,0.0032102202567561534,0.0003240213927843157,0.00013313732355247913,1.6589164733886719
1001,0.00012836886444633316,0.0032018763611203448,0.00032412368081724796,0.00013118088508357387,1.7676353454589844
1002,0.0001262829306132313,0.003193125030307274,0.00032499366150398395,0.00012900677207257276,1.5978813171386719
1003,0.00012411092093246568,0.003184092831239546,0.0003265482164635171,0.00012672246268021671,1.615285873413086
1004,0.00012196362091528117,0.0031749170153316303,0.0003286600994769861,0.00012443820016108878,1.5411376953125
1005,0.00011994598569965809,0.003165740582589578,0.00033117142241281887,0.00012225963967148207,1.5382766723632812
1006,0.00011815007925764237,0.0031567069503193957,0.0003339095389543703,0.00012028110386945363,1.5227794647216797
1007,0.00011664930016164214,0.003147954409527384,0.0003367029944172348,0.0001185799971492193,1.7940998077392578
1008,0.00011549445612828425,0.003139610607999376,0.00033939556491367187,0.00011721286767319836,1.6722679138183594
1009,0.00011471203431169266,0.0031317873308442327,0.0003418570181084185,0.00011621342664834927,1.5692710876464844
1010,0.00011430467625095975,0.0031245758540717236,0.00034398988029977714,0.00011559255203141465,1.6095638275146484
1011,0.00011425350221879936,0.0031180431276706384,0.0003457320612045996,0.00011533999535591938,1.6295909881591797
1012,0.00011452166470023628,0.0031122290044658953,0.000347055625206167,0.00011542727820390577,1.8320083618164062
1013,0.00011505843228952137,0.0031071446731962982,0.00034796231499694254,0.00011581118481121073,1.6019344329833984
1014,0.00011580321911204397,0.0031027723842917375,0.00034847665878412487,0.00011643734046241009,1.5559196472167969
1015,0.00011668921243298787,0.003099066476580863,0.0003486376501705914,0.00011724356012125567,1.8260478973388672
1016,0.00011764650957849169,0.003095955630322171,0.00034849008252341244,0.00011816287212730908,1.8982887268066406
1017,0.00011860487474093529,0.0030933461901725217,0.0003480766314639341,0.0001191262970522262,1.68609619140625
1018,0.00011949632204218503,0.0030911263374380662,0.00034743167820535823,0.00012006554753836008,1.5997886657714844
1019,0.00012025772559905818,0.003089170851932824,0.00034657763452149935,0.00012091580906976906,1.6291141510009766
1020,0.00012083357701336835,0.003087346194191368,0.00034552417820789743,0.00012161868599552655,1.5804767608642578
1021,0.00012117889183804033,0.0030855156530400366,0.0003442703834763457,0.00012212528482519045,1.558542251586914
1022,0.00012126214162533608,0.003083544332735078,0.0003428093062691117,0.0001223992893190072,1.569986343383789
1023,0.00012106797913644065,0.003081303791171281,0.0003411342339486572,0.00012241978150265712,1.5349388122558594
1024,0.00012059944153407712,0.003078676183089314,0.00033924558477382236,0.00012218349063049816,1.5306472778320312
1025,0.00011987926231173869,0.0030755578083662624,0.0003371573651973339,0.0001217061114309674,1.5442371368408203
1026,0.00011894989859584315,0.0030718620119028744,0.0003349021537551812,0.00012102232511675044,1.6880035400390625
1027,0.00011787189476783362,0.003067521422273258,0.00033253375592062507,0.00012018418883116124,1.5561580657958984
1028,0.00011672027785243345,0.0030624895449708994,0.00033012694052437743,0.00011925764920013038,1.5511512756347656
1029,0.0001155788496980557,0.0030567417401452888,0.0003277740072806425,0.00011831711022170206,1.5590190887451172
1030,0.00011453253980948802,0.003050275616240742,0.0003255783320109246,0.00011743826745587343,1.550436019897461
1031,0.00011365841329704467,0.003043110865054911,0.00032364546936805973,0.0001166898019588907,1.5382766723632812
1032,0.00011301642125486316,0.0030352885554604746,0.0003220728180443855,0.0001161249417517516,1.5594959259033203
1033,0.00011264137401312992,0.003026869895540842,0.000320939196332162,0.00011577420928584714,1.544952392578125
1034,0.00011253769930958214,0.003017934467592546,0.00032029583911333487,0.0001156407138372755,1.5215873718261719
1035,0.0001126781723379585,0.0030085779390929684,0.00032016022309688574,0.00011569901217900465,1.543283462524414
1036,0.00011300702128274599,0.0029989092574441607,0.0003205137236454328,0.00011589789612106417,1.5399456024169922
1037,0.00011344688371174626,0.002989047350170535,0.0003213034658276486,0.00011616668177404806,1.5921592712402344
1038,0.0001139083592845444,0.002979117375854032,0.0003224480054145044,0.00011642394379609415,1.5399456024169922
1039,0.00011430059691643598,0.002969246603256813,0.00032384585058092266,0.0001165873419270418,1.5363693237304688
1040,0.00011454147084380677,0.002959560032854587,0.0003253854603463386,0.00011658324046582778,1.5201568603515625
1041,0.00011456627035118773,0.0029501759111898672,0.00032695528697009507,0.00011635509977997198,1.5766620635986328
1042,0.00011433424568218962,0.002941201319296563,0.00032845262460015514,0.00011586995789928947,1.5435218811035156
1043,0.00011383267827045012,0.0029327280375345387,0.0003297903854505592,0.00011512259832093212,1.9674301147460938
1044,0.00011307833290274337,0.0029248288972087582,0.0003309013389546501,0.00011413716999891902,1.575469970703125
1045,0.00011211622990666556,0.0029175548213971995,0.00033173973781718653,0.00011296610243489034,1.5599727630615234
1046,0.00011101571361032316,0.0029109327272517646,0.0003322805725201947,0.00011168620079793006,1.5289783477783203
1047,0.00010986386983986672,0.002904964437140685,0.0003325169331448822,0.00011039189427602119,1.5397071838378906
1048,0.00010875654230965977,0.002899626665769823,0.000332456105451882,0.000109185837092215,1.5192031860351562
1049,0.00010778756222266292,0.002894872082784202,0.00033211509409649585,0.00010816748459817247,1.5263557434082031
1050,0.00010703730897087478,0.0028906314195481595,0.00033151626127114867,0.00010742085908090132,1.516580581665039
1051,0.00010656221852485129,0.002886816486971818,0.0003306836868591311,0.00010700331131868342,1.7733573913574219
1052,0.00010638708273738248,0.002883323945815336,0.0003296406999123906,0.00010693735496934638,1.5337467193603516
1053,0.00010650169661569773,0.002880039626981712,0.0003284088222663414,0.00010720731080899976,1.5294551849365234
1054,0.00010686256704055323,0.0028768431812496342,0.0003270081276803974,0.00010776150530832554,1.5425682067871094
1055,0.00010739925936737608,0.002873612835847188,0.00032545878919587037,0.00010851945834787503,1.5630722045898438
1056,0.00010802398073573658,0.002870230039846456,0.00032378339365516816,0.0001093824160268033,1.544952392578125
1057,0.00010864252543232622,0.002866583813557424,0.0003220094813662645,0.00011024512373564219,1.537322998046875
1058,0.00010916482214457203,0.0028625746509881793,0.00032017171943417647,0.00011100694840061469,1.5878677368164062
1059,0.00010951381325851565,0.0028581178529121618,0.00031831316415291525,0.00011158106297923276,1.547098159790039
1060,0.00010963198408192205,0.0028531462029902327,0.00031648519019105765,0.00011190107409116444,1.5308856964111328
1061,0.00010948533941124278,0.0028476119336931756,0.00031474585296195856,0.0001119249853895342,1.5168190002441406
1062,0.00010906492389100942,0.002841487958415394,0.00031315668758323946,0.0001116366855999941,1.5308856964111328
1063,0.00010838612553141682,0.0028347683688032,0.0003117782066294079,0.00011104527402457678,1.5437602996826172
1064,0.00010748605170885773,0.0028274682124284616,0.0003106646028920576,0.00011018256268951997,1.5513896942138672
1065,0.0001064192866682795,0.002819622578265085,0.000309858348238399,0.00010909908885779613,1.5354156494140625
1066,0.00010525237502003524,0.0028112850284899888,0.0003093854615529517,0.00010785897796781494,1.5227794647216797
1067,0.00010405745106179761,0.002802525426683796,0.0003092521672735421,0.000106534036599657,1.5251636505126953
1068,0.00010290554733924929,0.0027934272247321728,0.000309443477513007,0.00010519752836927882,1.5292167663574219
1069,0.000101860236143053,0.0027840842843279813,0.00030992393562945454,0.00010391817150327584,1.5156269073486328
1070,0.00010097232549288993,0.0027745973242435384,0.00031064041795105294,0.00010275495344907943,1.5251636505126953
1071,0.0001002762778438666,0.0027650701016359437,0.0003115265779716366,0.0001017533328366039,1.5506744384765625
1072,9.978880193014122e-05,0.002755605453228453,0.00031250829931510186,0.00010094325159094771,1.5180110931396484
1073,9.95097043206533e-05,0.002746301338477813,0.000313509436585426,0.00010033910845732822,1.5349388122558594
1074,9.942466757138318e-05,0.002737247039207195,0.00031445716609784644,9.994150281836303e-05,1.5616416931152344
1075,9.950927475141075e-05,0.0027285196767588152,0.0003152864104449645,9.9740239443302e-05,1.5349388122558594
1076,9.9733431014207e-05,0.002720181206385835,0.0003159429973213673,9.971788714569573e-05,1.51824951171875
1077,0.00010006537599538635,0.002712276036923177,0.00031638542191673503,9.985316154850216e-05,1.5556812286376953
1078,0.0001004746939627647,0.002704829400301486,0.00031658527285788926,0.00010012354619127282,1.546621322631836
1079,0.00010093402712373839,0.0026978465598291824,0.00031652653555999996,0.00010050681950463305,1.5423297882080078
1080,0.00010141949675323884,0.0026913129012109175,0.000316204093971699,0.00010098144159878137,1.71661376953125
1081,0.00010191007838778616,0.002685194900619621,0.0003156218065550926,0.00010152600748035235,1.5587806701660156
1082,0.00010238633268524298,0.0026794419151518777,0.0003147905335767566,0.00010211814784909613,1.5413761138916016
1083,0.00010282895594252834,0.0026739886965692337,0.0003137264432834879,0.00010273333447286283,1.529693603515625
1084,0.00010321758998122385,0.002668758491979478,0.0003124498325875792,0.00010334402396041032,1.5788078308105469
1085,0.0001035302355767429,0.0026636665666242075,0.0003109845766919254,0.0001039194683923098,1.5361309051513672
1086,0.00010374347009885914,0.0026586239663709643,0.0003093581881668305,0.00010442636387685988,1.5330314636230469
1087,0.00010383350733339168,0.0026535413325265316,0.0003076023372968361,0.00010483033560357825,1.5270709991455078
1088,0.00010377798480655329,0.0026483325903039418,0.0003057535796880219,0.00010509810514691295,1.5444755554199219
1089,0.00010355824438698056,0.002642918352634317,0.00030385396950276256,0.00010520007665208039,1.5358924865722656
1090,0.0001031617976995754,0.0026372289096688066,0.0003019512191082015,0.00010511302226784704,1.577615737915039
1091,0.00010258463959571053,0.002631206706242929,0.0003000981048850243,0.00010482253951824026,1.6987323760986328
1092,0.00010183308308390575,0.002624808241563449,0.0002983509148195202,0.00010432498221174783,1.5451908111572266
1093,0.00010092482732252333,0.0026180053551595676,0.00029676687867358784,0.00010362861849385637,1.569509506225586
1094,9.988902859659417e-05,0.00261078589051683,0.0002954006997344236,0.00010275383494761251,1.5559196472167969
1095,9.876522046276268e-05,0.0026031537520619934,0.0002943004925141554,0.00010173228024668107,1.5263557434082031
1096,9.760102769550732e-05,0.002595128391463156,0.00029350358962879167,0.00010060492746854028,1.5475749969482422
1097,9.644874664244055e-05,0.0025867437692403857,0.00029303277549553366,9.941913532741658e-05,1.5730857849121094
1098,9.536102657693564e-05,0.0025780468660260526,0.00029289351392797696,9.822490957035137e-05,1.5530586242675781
1099,9.43860703854608e-05,0.0025690958029047513,0.0002930726247407862,9.707069908071621e-05,1.527547836303711
1100,9.356293987659e-05,0.002559957612446403,0.00029353866764917,9.599918413287846e-05,1.539468765258789
1101,9.291765246330565e-05,0.0025507057627959947,0.00029424404670608283,9.504360003449703e-05,1.7609596252441406
1102,9.246072179570252e-05,0.0025414174920516197,0.0002951285879469154,9.422513589744109e-05,1.5337467193603516
1103,9.218659228397966e-05,0.0025321710324452784,0.000296124140234723,9.355182610181453e-05,1.5401840209960938
1104,9.207508008537701e-05,0.0025230428069275158,0.00029715963363731294,9.301911882350682e-05,1.5256404876708984
1105,9.209455235584299e-05,0.0025141046824502956,0.0002981660125676768,9.261201049910136e-05,1.5206336975097656
1106,9.220626715850737e-05,0.0025054213659936983,0.000299080532190335,9.230835521897051e-05,1.5130043029785156
1107,9.236914323871453e-05,0.0024970480311651087,0.00029985003931232813,9.208276993327885e-05,1.5187263488769531
1108,9.254425073017642e-05,0.002489028263802881,0.0003004330200485542,9.191050129602052e-05,1.524209976196289
1109,9.269846740591288e-05,0.0024813924121485993,0.0003008003583042931,9.177069156600785e-05,1.5523433685302734
1110,9.280695923784694e-05,0.0024741564184615305,0.0003009348943106951,9.164863816721113e-05,1.5325546264648438
1111,9.28543566210513e-05,0.0024673211927888506,0.0003008299922497605,9.153683414059251e-05,1.5375614166259766
1112,9.283467421881431e-05,0.00246087256674543,0.00030048741524950356,9.143476632646242e-05,1.5273094177246094
1113,9.275015422576042e-05,0.002454781838399913,0.0002999148602102932,9.134761369216965e-05,1.5189647674560547
1114,9.26093052643512e-05,0.00244900689121101,0.0002991235187849862,9.128412167839121e-05,1.5392303466796875
1115,9.242446842464161e-05,0.002443493844161637,0.00029812600234472897,9.12540237046895e-05,1.5416145324707031
1116,9.22092684953052e-05,0.002438179163692123,0.0002969348990536699,9.126542894962507e-05,1.5513896942138672
1117,9.19763008939957e-05,0.002432992146788619,0.0002955621294600713,9.132258865638247e-05,1.5244483947753906
1118,9.173535414638652e-05,0.0024278576654593385,0.0002940191434538403,9.142438115893953e-05,1.5521049499511719
1119,9.149237734189293e-05,0.0024226990527908966,0.0002923178744725578,9.156372847944742e-05,1.5871524810791016
1120,9.124927784812375e-05,0.002417441003652766,0.00029047225197308113,9.172799256251377e-05,1.6074180603027344
1121,9.100449857859984e-05,0.0024120123697927783,0.00028849998488051027,9.190023333616109e-05,1.5497207641601562
1122,9.075420059747734e-05,0.0024063487432143082,0.0002864242777972092,9.206107771696571e-05,1.5921592712402344
1123,9.049378663711032e-05,0.0024003947339951955,0.000284275134095487,9.219087051625456e-05,1.5518665313720703
1124,9.021946119168327e-05,0.0023941058676451256,0.0002820899366671279,9.227176543292574e-05,1.5387535095214844
1125,8.992953578023073e-05,0.002387450082489956,0.00027991307632539887,9.228945815608806e-05,1.5358924865722656
1126,8.962524762702446e-05,0.002380408640919876,0.0002777945061128276,9.223434640489728e-05,1.5270709991455078
1127,8.93109479786312e-05,0.0023729766396689304,0.000275787253696506,9.210200151704419e-05,1.5261173248291016
1128,8.899363174921539e-05,0.0023651630801748954,0.00027394405877245563,9.189294684639138e-05,1.535654067993164
1129,8.868189056210481e-05,0.00235699037602017,0.00027231345067884547,9.161183288163543e-05,1.5404224395751953
1130,8.838446639394147e-05,0.0023484934553599343,0.0002709357102355148,9.126617515765732e-05,1.5316009521484375
1131,8.810865860317089e-05,0.0023397184616583385,0.00026983921076724634,9.086487771739628e-05,1.5342235565185547
1132,8.785887084822175e-05,0.0023307210997927886,0.00026903762571536246,9.041679130660661e-05,1.5270709991455078
1133,8.763556930808659e-05,0.0023215646855455695,0.00026852839720298207,8.99295455397955e-05,1.5606880187988281
1134,8.743485936361676e-05,0.002312317959061825,0.00026829269435546066,8.94088488341165e-05,1.5339851379394531
1135,8.724878194411508e-05,0.002303052731015495,0.00026829687637440225,8.885837082790908e-05,1.5673637390136719
1136,8.70663069430395e-05,0.002293841431159337,0.0002684952568858364,8.828022398551952e-05,1.5463829040527344
1137,8.687487761037068e-05,0.00228475463924462,0.0002688337988631149,8.767595283127231e-05,1.5289783477783203
1138,8.666226894035197e-05,0.002275858676816599,0.000269254274793146,8.704784791861256e-05,1.5327930450439453
1139,8.641847517039233e-05,0.0022672133376761576,0.00026969841601008626,8.640033818259608e-05,1.5325546264648438
1140,8.613733955107201e-05,0.0022588698347727493,0.00027011163295327244,8.57411886091599e-05,1.5995502471923828
1141,8.581767740045253e-05,0.0022508690398287505,0.0002704459934624925,8.508224255880407e-05,1.5418529510498047
1142,8.546371149798636e-05,0.0022432400859800235,0.00027066227588012616,8.443949838515595e-05,1.5463829040527344
1143,8.508472778288355e-05,0.0022359993916998225,0.00027073104547019214,8.383239498894711e-05,1.5349388122558594
1144,8.469396086941291e-05,0.002229150147502105,0.00027063281838506987,8.328229511436064e-05,1.5256404876708984
1145,8.430682511129446e-05,0.002222682287779142,0.00027035746549863566,8.28102887768148e-05,1.5211105346679688
1146,8.393870797465379e-05,0.002216572950941905,0.0002699030644490402,8.243457535477008e-05,1.52587890625
1147,8.360262480674092e-05,0.0022107874120303123,0.00026927443327155704,8.21677962081624e-05,1.5773773193359375
1148,8.330708060965423e-05,0.0022052804526196002,0.0002684815764207641,8.201474902041717e-05,1.5408992767333984
1149,8.305447862070849e-05,0.002199998113183542,0.000267538247156856,8.197089352489087e-05,1.6918182373046875
1150,8.284034729390403e-05,0.002194879755108634,0.00026646078261641297,8.202194574754022e-05,1.7812252044677734
1151,8.265353578262238e-05,0.002189860347825905,0.0002652673037338367,8.21446768049213e-05,1.7597675323486328
1152,8.247737194806714e-05,0.0021848728884752873,0.0002639772991399995,8.230882303915698e-05,1.5349388122558594
1153,8.229162334481464e-05,0.002179850859792701,0.0002626115408214188,8.247983413967357e-05,1.5327930450439453
1154,8.207498688422597e-05,0.002174730636098519,0.0002611922207274114,8.26220791996923e-05,1.5687942504882812
1155,8.180777198276322e-05,0.002169453748610246,0.0002597431599409597,8.270210534069223e-05,1.5327930450439453
1156,8.147443886400908e-05,0.0021639689365577242,0.0002582899287709139,8.269158781665039e-05,1.6744136810302734
1157,8.106569501510459e-05,0.0021582338950469075,0.0002568597208771724,8.256969414743598e-05,1.5413761138916016
1158,8.057992574136679e-05,0.002152216658712252,0.000255480865762749,8.232468630505418e-05,1.544952392578125
1159,8.002381609775333e-05,0.0021458966278619864,0.0002541819363234413,8.195467778617051e-05,1.5697479248046875
1160,7.94120866132825e-05,0.0021392651473201097,0.0002529904573515273,8.146752015990863e-05,1.5416145324707031
1161,7.876636483630593e-05,0.002132325646982623,0.0002519313071779692,8.087987734919832e-05,1.554727554321289
1162,7.81132849592189e-05,0.002125093342572716,0.00025102497304504593,8.021558870237688e-05,1.5404224395751953
1163,7.748198909925354e-05,0.002117594509894467,0.00025028586471501047,7.950347119455729e-05,1.514434814453125
1164,7.690128537289776e-05,0.0021098653590344275,0.0002497209077010812,7.877476076151576e-05,1.547098159790039
1165,7.639678603099818e-05,0.002101950550360854,0.00024932861861751463,7.80604370857531e-05,1.5325546264648438
1166,7.598838417247743e-05,0.00209390140844368,0.0002490988111750372,7.738870533970907e-05,1.5919208526611328
1167,7.568840765558301e-05,0.002085773902530003,0.00024901300046713433,7.678290782362772e-05,1.5292167663574219
1168,7.550069999703278e-05,0.0020776264757948154,0.0002490454806077302,7.62600943670798e-05,1.5196800231933594
1169,7.542073220198995e-05,0.002069517807951953,0.00024916496487016447,7.583039310599785e-05,1.5125274658203125
1170,7.543667221727645e-05,0.0020615046023286458,0.0002493366108015771,7.549719882949712e-05,1.5583038330078125
1171,7.553117966084193e-05,0.002053639487615644,0.0002495242180271624,7.525806435039942e-05,1.5690326690673828
1172,7.568359108358979e-05,0.002045969119266608,0.0002496923837617353,7.510607103745204e-05,1.5256404876708984
1173,7.587213498164244e-05,0.0020385325573500047,0.00024980842653904087,7.50313936351687e-05,1.5544891357421875
1174,7.607586124575332e-05,0.002031359985614545,0.0002498439351413102,7.50227735988835e-05,1.554250717163086
1175,7.627606447784215e-05,0.0020244718187550793,0.00024977585652169215,7.506867003294922e-05,1.5294551849365234
1176,7.645709556465363e-05,0.002017878227508554,0.0002495870992541559,7.51579495385276e-05,1.543283462524414
1177,7.66065673740296e-05,0.0020115790810484088,0.00024926668206904436,7.528008409792814e-05,1.5652179718017578
1178,7.671505387232115e-05,0.0020055643030827863,0.00024880950328963085,7.542492856934688e-05,1.522064208984375
1179,7.677543772824819e-05,0.0019998145882136604,0.00024821582989513117,7.558221846792536e-05,1.5273094177246094
1180,7.678210464601577e-05,0.0019943024416365957,0.00024749062506300223,7.574098222782843e-05,1.512289047241211
1181,7.673017743999102e-05,0.001988993479297045,0.0002466428237360983,7.588905947716044e-05,1.5652179718017578
1182,7.661495929071596e-05,0.001983847921411902,0.00024568464790091567,7.601288848114792e-05,1.5778541564941406
1183,7.643170747800526e-05,0.001978822208666071,0.0002446310242523282,7.609766861011675e-05,1.527547836303711
1184,7.617579530366248e-05,0.001973870671096969,0.00024349913165316048,7.61279312999082e-05,1.5263557434082031
1185,7.584325035155638e-05,0.001968947184759119,0.00024230806906571582,7.608847923861406e-05,1.5423297882080078
1186,7.543159176947244e-05,0.0019640067599628447,0.00024107860146980594,7.59655908336615e-05,1.528024673461914
1187,7.494083645958883e-05,0.0019590070151039468,0.0002398329168777995,7.574834365989726e-05,1.695871353149414
1188,7.437450974510092e-05,0.0019539094999170012,0.00023859431611483379,7.54298898678355e-05,1.556396484375
1189,7.374048250451484e-05,0.0019486808400810474,0.00023738676125554996,7.500851711512185e-05,1.5516281127929688
1190,7.305146378923506e-05,0.0019432936818769549,0.0002362342287889066,7.448834668635186e-05,1.5304088592529297
1191,7.23250042414706e-05,0.001937727421635842,0.00023515984740894535,7.387955174666294e-05,1.5425682067871094
1192,7.158291044144121e-05,0.0019319687104708354,0.00023418484311087164,7.319802019338582e-05,2.000093460083008
1193,7.085003362641945e-05,0.0019260117300133341,0.00023332735916432076,7.246443714265274e-05,1.9156932830810547
1194,7.015247751780885e-05,0.0019198582390058145,0.0002326012575725056,7.170282164700724e-05,1.5628337860107422
1195,6.951536501165609e-05,0.0019135173935513545,0.0002320150339948745,7.09386196826465e-05,1.5442371368408203
1196,6.896040064954012e-05,0.0019070053465689353,0.0002315709838352552,7.019652622050022e-05,1.5320777893066406
1197,6.850354431792746e-05,0.001900344635142347,0.00023126474054379134,6.949827294648192e-05,1.5337467193603516
1198,6.815314504039516e-05,0.0018935633692875548,0.00023108526958903194,6.886065907701157e-05,1.524209976196289
1199,6.79088494387406e-05,0.0018866942415958386,0.0002310153484734741,6.8294102978893e-05,1.5482902526855469
1200,6.776149175531632e-05,0.0018797733840903597,0.00023103250352312743,6.780193973191893e-05,1.5285015106201172
1201,6.769401088807301e-05,0.0018728391053629218,0.00023111031807339347,6.73805858271427e-05,1.7542839050292969
1202,6.768326586635947e-05,0.0018659305470546145,0.00023121998376464777,6.702055568209033e-05,1.537322998046875
1203,6.770248110320388e-05,0.0018590863038494537,0.00023133194342018189,6.670817728099738e-05,1.5282630920410156
1204,6.77239788994661e-05,0.0018523430549384455,0.00023141747278635316,6.642774902378335e-05,1.5246868133544922
1205,6.772185548793009e-05,0.0018457342571361723,0.00023145006736611867,6.616382807128255e-05,1.5447139739990234
1206,6.767431198829279e-05,0.0018392889500111309,0.00023140653458187275,6.590334554278927e-05,1.5425682067871094
1207,6.756543547022697e-05,0.0018330307209982772,0.00023126773413910468,6.563729347238746e-05,1.5239715576171875
1208,6.738631288868025e-05,0.001826976873164731,0.0002310189542716025,6.53618033135285e-05,1.5211105346679688
1209,6.713543655258348e-05,0.001821137830344558,0.00023064995324832308,6.507851856386096e-05,1.5375614166259766
1210,6.681841950314169e-05,0.0018155168040248047,0.0002301547298708471,6.479424430494309e-05,1.520395278930664
1211,6.644708540590008e-05,0.0018101097345715425,0.00022953111056941064,6.451993041296192e-05,1.5196800231933594
1212,6.603803593077548e-05,0.0018049055071010975,0.00022878025192619251,6.426911274546328e-05,1.5590190887451172
1213,6.561083356775348e-05,0.001799886430187431,0.00022790615497451496,6.40559966565086e-05,1.5134811401367188
1214,6.51859703369357e-05,0.0017950289547609363,0.00022691527211485363,6.389341464185504e-05,1.5218257904052734
1215,6.478281889844655e-05,0.0017903046023395783,0.00022581626081861916,6.379091497218276e-05,1.5211105346679688
1216,6.441777530642386e-05,0.001785681056169624,0.00022461990615810047,6.375323053819297e-05,1.535654067993164
1217,6.41027886601077e-05,0.001781123382145955,0.00022333919517036595,6.377932651696922e-05,1.5323162078857422
1218,6.384443530621235e-05,0.0017765953208021225,0.00022198949496148054,6.386214330442886e-05,1.5399456024169922
1219,6.364362282240819e-05,0.0017720606008864849,0.00022058875728734643,6.398904193024386e-05,1.5361309051513672
1220,6.34959207026801e-05,0.0017674842282054948,0.00021915765460652682,6.414285404602047e-05,1.581430435180664
1221,6.339242803653384e-05,0.0017628337033593938,0.00021771954860004227,6.430336084105552e-05,1.683950424194336
1222,6.332102071364017e-05,0.0017580801267343916,0.00021630020325884639,6.444898749488255e-05,1.5380382537841797
1223,6.326778616254938e-05,0.001753199154233252,0.00021492718064428462,6.455850418187057e-05,1.5411376953125
1224,6.321845594114636e-05,0.0017481717728984468,0.00021362889644450372,6.461256161214549e-05,1.5997886657714844
1225,6.315967922724962e-05,0.001742984871813361,0.00021243336072030277,6.459494348908078e-05,1.566171646118164
1226,6.308003088972669e-05,0.001737631591010977,0.00021136668068480032,6.449347543075589e-05,1.5368461608886719
1227,6.29707025882718e-05,0.0017321114391132455,0.00021045144949862241,6.430057911198823e-05,1.5382766723632812
1228,6.282587371514293e-05,0.0017264301787010253,0.00020970518003433805,6.401349639525477e-05,1.5301704406738281
1229,6.264279491012812e-05,0.0017205994863917385,0.00020913895756597033,6.363423000199557e-05,1.5208721160888672
1230,6.242163845592205e-05,0.001714636402445121,0.00020875647501637586,6.316925628775568e-05,1.520395278930664
1231,6.216517843626813e-05,0.0017085625917729512,0.00020855357778988196,6.262906504685779e-05,1.5456676483154297
1232,6.187836122594135e-05,0.0017024034454079901,0.00020851838657295,6.202757334537042e-05,1.535177230834961
1233,6.156781676518676e-05,0.001696187058029313,0.0002086319959690994,6.138144801035702e-05,1.5490055084228516
1234,6.124134662587486e-05,0.0016899431224049848,0.0002088696770055553,6.0709357509086596e-05,1.5215873718261719
1235,6.090740954066067e-05,0.0016837017853631488,0.00020920245472449758,6.0031161676409086e-05,1.5256404876708984
1236,6.0574612095708184e-05,0.0016774925113489287,0.00020959889701410313,5.936704028268618e-05,1.512765884399414
1237,6.0251204497752875e-05,0.0016713429990064192,0.00021002694113878768,5.873656183177774e-05,1.5184879302978516
1238,5.994458029321845e-05,0.0016652781932459013,0.00021045559808410851,5.815770391641713e-05,1.5780925750732422
1239,5.966078487254666e-05,0.0016593194303806125,0.00021085640644831895,5.764585560125342e-05,1.5265941619873047
1240,5.940404900602034e-05,0.0016534837472704112,0.00021120454992327705,5.721285720331994e-05,1.5246868133544922
1241,5.9176377634120166e-05,0.0016477833772950172,0.00021147959834340934,5.686615727177257e-05,1.5273094177246094
1242,5.8977236661801465e-05,0.0016422254466906855,0.00021166587571535734,5.66081822846374e-05,1.5194416046142578
1243,5.880338738710701e-05,0.0016368118750921964,0.00021175249468690152,5.643601393028621e-05,1.5304088592529297
1244,5.8648916023400204e-05,0.001631539474769105,0.00021173312274240644,5.634144766557441e-05,1.5404224395751953
1245,5.8505493154148726e-05,0.0016264002348407225,0.0002116055595523862,5.631146639849975e-05,1.5306472778320312
1246,5.836287611131818e-05,0.0016213817702130707,0.00021137120778849357,5.632911259410937e-05,1.5213489532470703
1247,5.82096398212634e-05,0.0016164679100141876,0.0002110345128367729,5.637469237568698e-05,1.5234947204589844
1248,5.803409338520798e-05,0.0016116393969054597,0.00021060243225520553,5.642720686040161e-05,1.5184879302978516
1249,5.7825315325309364e-05,0.0016068746656195923,0.0002100839759382049,5.646588538145665e-05,1.5287399291992188
1250,5.7574221981405853e-05,0.0016021506742365,0.00020948983585554278,5.647169168308716e-05,1.5339851379394531
1251,5.727457618338357e-05,0.0015974437516618914,0.00020883210100038863,5.642868707251745e-05,1.8682479858398438
1252,5.692383950928917e-05,0.0015927304358368947,0.0002081240342555116,5.6325151572985026e-05,1.5530586242675781
1253,5.652377578333336e-05,0.0015879882777752783,0.00020737987333387307,5.615438475499664e-05,1.528024673461914
1254,5.608072570822658e-05,0.0015831965887293307,0.00020661461248647743,5.591513044421069e-05,1.5261173248291016
1255,5.560548954925193e-05,0.0015783371105349154,0.00020584372529262328,5.5611590013588564e-05,1.5246868133544922
1256,5.511277842342019e-05,0.0015733945903581206,0.0002050827993390185,5.525300949014906e-05,1.550912857055664
1257,5.4620228656463354e-05,0.0015683572429702874,0.00020434707005072622,5.48528503262033e-05,1.5616416931152344
1258,5.414701922092772e-05,0.00156321708686538,0.00020365086149137663,5.4427584660101934e-05,1.5437602996826172
1259,5.371218804257269e-05,0.0015579701440431182,0.0002030069633336071,5.399519367108501e-05,1.535654067993164
1260,5.333280307101374e-05,0.0015526164965296385,0.00020242599170427675,5.357349006209485e-05,1.528024673461914
1261,5.3022196124898726e-05,0.0015471601962953692,0.0002019157938736643,5.317842620671331e-05,1.523733139038086
1262,5.278849445532598e-05,0.0015416090296157911,0.00020148096065406414,5.2822577153902155e-05,1.5234947204589844
1263,5.263367030562875e-05,0.0015359741422422202,0.0002011225046919917,5.2513989821049245e-05,1.5375614166259766
1264,5.255326541442013e-05,0.0015302695377998954,0.00020083774794434108,5.225555697088132e-05,1.5611648559570312
1265,5.253684442524098e-05,0.0015245114678984375,0.00020062043959593906,5.20450067845505e-05,1.5385150909423828
1266,5.2569112888200494e-05,0.0015187177381739425,0.00020046110029142466,5.1875507431221886e-05,1.5332698822021484
1267,5.2631532655671996e-05,0.001512906959249913,0.00020034756403080803,5.173679144819613e-05,1.5399456024169922
1268,5.270420447365393e-05,0.001507097775122561,0.00020026566932853688,5.161662926602366e-05,1.5316009521484375
1269,5.276777340913771e-05,0.001501308103439834,0.00020020003865813834,5.1502440262009875e-05,1.7039775848388672
1270,5.280514054427456e-05,0.0014955544222655817,0.00020013488095007627,5.138282739438895e-05,1.535654067993164
1271,5.2802817642775684e-05,0.0014898511362071356,0.0002000547556547697,5.124885105127697e-05,1.5232563018798828
1272,5.2751823361660214e-05,0.0014842100503258248,0.00019994524770097595,5.109490744856289e-05,1.527547836303711
1273,5.264807756295192e-05,0.001478639973997639,0.0001997935181858534,5.091913423559697e-05,1.5311241149902344
1274,5.2492299472124614e-05,0.0014731464691993823,0.00019958871319769911,5.07233231989583e-05,1.535654067993164
1275,5.228945569412489e-05,0.0014677317486808405,0.00019932223028498651,5.05123730936794e-05,1.5554428100585938
1276,5.204783744686497e-05,0.0014623947206406581,0.0001989878559989204,5.0293363062925956e-05,1.542806625366211
1277,5.177787475744542e-05,0.0014571311685904226,0.0001985817972124862,5.007436790480341e-05,1.5287399291992188
1278,5.14908185200808e-05,0.0014519340486139707,0.00019810263300815,4.986316775462709e-05,1.5263557434082031
1279,5.119743629512317e-05,0.0014467938815022087,0.00019755121323845,4.966602152986181e-05,1.52587890625
1280,5.090686971792615e-05,0.001441699214310588,0.00019693052540641103,4.948666982037488e-05,1.5223026275634766
1281,5.0625785501311386e-05,0.0014366371249906972,0.000196245544205787,4.932570476602744e-05,1.5485286712646484
1282,5.035791609723561e-05,0.0014315937449276975,0.00019550306939454756,4.918039280743517e-05,2.3338794708251953
1283,5.0104032742313045e-05,0.0014265547771365396,0.00019471154888216493,4.904496850447388e-05,1.6527175903320312
1284,4.986233113182831e-05,0.0014215059919901792,0.00019388087690874796,4.891134692117272e-05,1.6281604766845703
1285,4.962914993736186e-05,0.0014164336868865233,0.00019302215312750156,4.877014254265807e-05,1.6682147979736328
1286,4.939989658576224e-05,0.0014113251005058434,0.00019214738866587145,4.861184532481623e-05,1.5506744384765625
1287,4.917003105432311e-05,0.0014061687760167992,0.00019126914966426464,4.8427993543246646e-05,1.5773773193359375
1288,4.893595913602039e-05,0.001400954870225323,0.0001904001369166687,4.821219614213986e-05,1.5480518341064453
1289,4.869570872694342e-05,0.0013956754076259324,0.0001895527106377478,4.796088749647311e-05,1.556396484375
1290,4.8449299928768714e-05,0.0013903244789870016,0.00018873838042948,4.767373691642595e-05,1.5501976013183594
1291,4.819876547558217e-05,0.0013848983841305298,0.00018796729055140847,4.735367760473054e-05,1.5299320220947266
1292,4.794782634377754e-05,0.001379395717571861,0.00018724773784625114,4.700656132799449e-05,1.5869140625
1293,4.77012738439773e-05,0.0013738173946099789,0.00018658576263876325,4.6640484112313524e-05,1.5270709991455078
1294,4.7464149887857624e-05,0.0013681666144414397,0.0001859848505080764,4.626486364247441e-05,1.5954971313476562
1295,4.724084701468607e-05,0.0013624487568562455,0.0001854457749249895,4.588937873584386e-05,1.5282630920410156
1296,4.7034264429497346e-05,0.0013566712100627515,0.0001849665980841536,4.552290171652975e-05,1.5292167663574219
1297,4.684515173152776e-05,0.0013508431289587257,0.00018454283143404132,4.517256091914687e-05,1.5361309051513672
1298,4.667174653729936e-05,0.0013449751257779321,0.00018416774108954772,4.484305832139532e-05,1.5649795532226562
1299,4.650976839108434e-05,0.0013390789011073624,0.000183832769497367,4.453633452470833e-05,1.561880111694336
1300,4.635277754721363e-05,0.001333166822822251,0.00018352803398864493,4.4251624034317446e-05,1.5480518341064453
1301,4.619285210256262e-05,0.0013272514673155376,0.00018324285849875447,4.3985884575355225e-05,1.7626285552978516
1302,4.602149227824607e-05,0.001321345141545345,0.0001829662960031522,4.373452773664235e-05,1.5361309051513672
1303,4.5830633103377517e-05,0.001315459406780223,0.00018268760494771349,4.34923351049418e-05,1.5208721160888672
1304,4.561363875468135e-05,0.0013096046266689214,0.00018239665285374836,4.3254421689667495e-05,1.5511512756347656
1305,4.5366161176085356e-05,0.0013037895621155447,0.00018208423256869526,4.301710864558546e-05,1.5480518341064453
1306,4.5086767168797634e-05,0.0012980210336353375,0.00018174228934512274,4.277858668012092e-05,1.531839370727539
1307,4.477726656161409e-05,0.0012923036684895654,0.00018136406803547655,4.253928428648422e-05,1.5368461608886719
1308,4.4442705091362784e-05,0.0012866397453113714,0.00018094419762954703,4.230189493061512e-05,1.5442371368408203
1309,4.40910171169592e-05,0.001281029143595545,0.00018047873435422468,4.2071059862623326e-05,1.5799999237060547
1310,4.373236471874488e-05,0.0012754693993178659,0.00017996518438138646,4.185274512322455e-05,1.5413761138916016
1311,4.337822088554568e-05,0.0012699558619001863,0.00017940252322085336,4.165338990655187e-05,1.5270709991455078
1312,4.3040284155676116e-05,0.0012644819418953974,0.00017879122184739937,4.147893499433207e-05,1.5192031860351562
1313,4.272933760044175e-05,0.0012590394341570003,0.0001781332808459843,4.13338606010095e-05,1.5645027160644531
1314,4.245418089410129e-05,0.0012536188980847543,0.0001774322645918374,4.1220366784790306e-05,1.5575885772705078
1315,4.222076443274996e-05,0.0012482100747691729,0.0001766933193876951,4.113781330006962e-05,1.5435218811035156
1316,4.2031634505378094e-05,0.001242802320508393,0.00017592315387170745,4.108249950613288e-05,1.5425682067871094
1317,4.188575831263918e-05,0.001237385037150013,0.00017512995784019016,4.104781431385123e-05,1.5494823455810547
1318,4.1778743200858317e-05,0.00123194808142846,0.00017432323765496016,4.102473126115232e-05,1.5230178833007812
1319,4.1703407092954585e-05,0.0012264821379593888,0.0001735135526587318,4.100257633453182e-05,1.5375614166259766
1320,4.165060934408529e-05,0.0012209790433846983,0.00017271214696964828,4.096996511983305e-05,1.562356948852539
1321,4.1610222909579944e-05,0.0012154320522624047,0.00017193048370575271,4.0915795189186894e-05,1.5411376953125
1322,4.1572123287376735e-05,0.001209836038358721,0.00017117970246149857,4.083018745537816e-05,1.5196800231933594
1323,4.1527084354589636e-05,0.0012041876277260495,0.00017047003395590998,4.070529082655845e-05,1.516103744506836
1324,4.146749886090907e-05,0.0011984852622901512,0.00016981021618976255,4.053589089863438e-05,1.5187263488769531
1325,4.1387874222894504e-05,0.0011927291947042976,0.0001692069622268038,4.031979001502984e-05,1.583099365234375
1326,4.1285085198472736e-05,0.00118692141701399,0.0001686645295219131,4.0057948422217396e-05,1.5528202056884766
1327,4.1158391093244596e-05,0.0011810655274621456,0.0001681844338196507,3.9754393966257044e-05,1.5239715576171875
1328,4.100924418757286e-05,0.0011751665416198612,0.00016776533793928347,3.941592022264792e-05,1.522064208984375
1329,4.084092893648595e-05,0.001169230655590373,0.00016740312845936256,3.905160195624454e-05,1.5316009521484375
1330,4.065807899371775e-05,0.0011632649707480202,0.00016709117417135157,3.867216355730019e-05,1.5904903411865234
1331,4.046612240183463e-05,0.0011572771906608749,0.00016682074170613716,3.828924198631181e-05,1.561880111694336
1332,4.027070521778586e-05,0.0011512753028076884,0.00016658152840063725,3.791459137111996e-05,1.5263557434082031
1333,4.007714055520511e-05,0.0011452672577211278,0.0001663622627765673,3.755928133071943e-05,1.5606880187988281
1334,3.988992409784387e-05,0.0011392606594690334,0.00016615131966795548,3.7232944446552843e-05,1.565694808959961
1335,3.971234887413618e-05,0.0011332624815858319,0.00016593729953452314,3.694312840719246e-05,1.7168521881103516
1336,3.954624172327856e-05,0.001127278820911513,0.00016570952989233278,3.6694803121311227e-05,1.8358230590820312
1337,3.9391832454045566e-05,0.0011213147002317237,0.0001654584592590548,3.6490061568071176e-05,1.8198490142822266
1338,3.924775572545169e-05,0.0011153739277823076,0.00016517592839889638,3.632803616602445e-05,1.725912094116211
1339,3.911117611410516e-05,0.0011094590186876171,0.00016485531799672023,3.620503193630974e-05,1.6090869903564453
1340,3.8978019519465686e-05,0.0011035711799506943,0.00016449158437134153,3.611485709547351e-05,1.5332698822021484
1341,3.884328941426895e-05,0.001097710357044855,0.00016408120442228263,3.604931465785094e-05,1.5337467193603516
1342,3.870144438534796e-05,0.0010918753367131417,0.00016362205688583476,3.5998807920312564e-05,1.520395278930664
1343,3.854681336901452e-05,0.001086063897427801,0.00016311326907230805,3.595300930402171e-05,1.9097328186035156
1344,3.837402604500135e-05,0.0010802729966364441,0.00016255505640730132,3.5901544866133536e-05,1.5821456909179688
1345,3.817843706190606e-05,0.0010744989825188487,0.00016194857696483341,3.583465352659031e-05,1.5878677368164062
1346,3.79565234306876e-05,0.00106873781764284,0.00016129581552469077,3.574378802573365e-05,1.5289783477783203
1347,3.770623426649055e-05,0.0010629853024571286,0.00016059950274172183,3.562213177192379e-05,1.5168190002441406
1348,3.742727118536056e-05,0.001057237287932257,0.0001598630661897717,3.5465010902709095e-05,1.5468597412109375
1349,3.712127662441478e-05,0.0010514898684483966,0.00015909060248289495,3.5270183969980965e-05,1.6632080078125
1350,3.679190694784523e-05,0.001045739548318739,0.0001582868544064388,3.503799331212591e-05,1.5840530395507812
1351,3.644476847386745e-05,0.0010399833775973245,0.00015745717464393693,3.477136352887252e-05,1.8873214721679688
1352,3.608719877066017e-05,0.0010342190551259694,0.00015660745844301214,3.447563498644935e-05,1.5649795532226562
1353,3.572788394366193e-05,0.001028444998570745,0.00015574403148855596,3.4158225494341394e-05,1.5320777893066406
1354,3.5376316116453545e-05,0.0010226603826713739,0.0001548734855848429,3.382812254497647e-05,1.5232563018798828
1355,3.504211401842318e-05,0.001016865147773865,0.00015400246285120016,3.34952226882157e-05,1.6453266143798828
1356,3.473425213561328e-05,0.0010110599811333472,0.00015313739765742356,3.316955346663417e-05,1.5635490417480469
1357,3.446026684117856e-05,0.001005246273559839,0.00015228423339005547,3.2860434915011374e-05,1.5223026275634766
1358,3.4225525981501665e-05,0.000999426053819385,0.0001514481371324973,3.257565797680808e-05,1.5277862548828125
1359,3.403265529397838e-05,0.0009936019029971083,0.00015063323846138476,3.2320770590269656e-05,1.5969276428222656
1360,3.388120577094446e-05,0.0009877768508994016,0.00014984241837526007,3.209856261225169e-05,1.5926361083984375
1361,3.3767619445013164e-05,0.000981954256671326,0.00014907717063363424,3.1908824294193144e-05,1.5926361083984375
1362,3.368551099860993e-05,0.0009761376761885041,0.00014833755097979725,3.174842005904361e-05,1.5213489532470703
1363,3.3626237732666214e-05,0.0009703307194412613,0.0001476222208026177,3.1611675669661286e-05,1.581430435180664
1364,3.357969101162374e-05,0.0009645369019871582,0.00014692858190199163,3.1491032143832735e-05,1.5680789947509766
1365,3.353521652461367e-05,0.000958759495476414,0.00014625298971715698,3.137788406927012e-05,1.6086101531982422
1366,3.3482561989234224e-05,0.0009530013831093888,0.00014559102475426766,3.126350017395769e-05,1.5316009521484375
1367,3.3412757602314736e-05,0.0009472649265171139,0.00014493779709668424,3.1139921769632277e-05,1.5854835510253906
1368,3.331885158252837e-05,0.0009415518508562003,0.00014428825722326549,3.100074681424319e-05,1.5292167663574219
1369,3.31964447930803e-05,0.0009358631546971573,0.00014363748795751376,3.08417281923629e-05,1.5223026275634766
1370,3.304399018856293e-05,0.0009301990505222579,0.00014298095676499827,3.0661138814222205e-05,1.6710758209228516
1371,3.286284238864288e-05,0.0009245589402329724,0.00014231471399473543,3.0459879530109606e-05,1.59454345703125
1372,3.265705977217747e-05,0.0009189414283379837,0.00014163553006384273,3.0241327190103716e-05,1.5215873718261719
1373,3.2432977162350564e-05,0.0009133443731797091,0.00014094097186242456,3.001093982434691e-05,1.5187263488769531
1374,3.219858271740962e-05,0.0009077649744728356,0.0001402294249425924,2.9775654865798567e-05,1.5714168548583984
1375,3.196274880942612e-05,0.0009021998931648055,0.00013950007257654233,2.9543135195941724e-05,1.6016960144042969
1376,3.1734382773859685e-05,0.0008966453977595846,0.00013875284520650823,2.9320935689480575e-05,1.531362533569336
1377,3.1521577074180066e-05,0.0008910975298185674,0.00013798835390480994,2.9115677145708935e-05,1.5285015106201172
1378,3.13308457010133e-05,0.0008855522803784379,0.00013720781967023357,2.8932320696355966e-05,1.5790462493896484
1379,3.116653037583099e-05,0.0008800057686926342,0.00013641300687349943,2.8773629699656344e-05,1.5213489532470703
1380,3.103044346584671e-05,0.0008744544150279596,0.00013560616482556225,2.8639885302696665e-05,1.589059829711914
1381,3.0921785104362995e-05,0.0008688951001006238,0.0001347899769127605,2.852888799478798e-05,1.5423297882080078
1382,3.083733438591155e-05,0.0008633253049376117,0.00013396751276716735,2.8436236450256005e-05,1.6031265258789062
1383,3.077187647665315e-05,0.0008577432264512535,0.0001331421762156631,2.8355835708195207e-05,1.5468597412109375
1384,3.071879732873739e-05,0.0008521478654892448,0.00013231764068853097,2.8280557793039978e-05,1.5218257904052734
1385,3.06707613314006e-05,0.0008465390855866841,0.0001314977645666882,2.8202964503133653e-05,1.516103744506836
1386,3.062038645844613e-05,0.0008409176417978876,0.0001306864814959666,2.811600482864434e-05,1.6834735870361328
1387,3.056084385169203e-05,0.0008352851800640346,0.0001298876645863408,2.8013614685243346e-05,1.5327930450439453
1388,3.0486329524736676e-05,0.000829644208188359,0.00012910496815874965,2.789116890546036e-05,1.5254020690917969
1389,3.0392379529039587e-05,0.0008239980399715409,0.0001283416554066264,2.7745759234156985e-05,1.5232563018798828
1390,3.0276022314843576e-05,0.0008183507142599016,0.00012760042436792078,2.757629375666437e-05,1.6021728515625
1391,3.013578049077298e-05,0.0008127068908138276,0.00012688324720824004,2.7383430736400644e-05,1.592397689819336
1392,2.9971547694063064e-05,0.0008070717250322122,0.00012619123846970543,2.7169372847688823e-05,1.5282630920410156
1393,2.978437476415063e-05,0.0008014507238184646,0.00012552456650049304,2.6937556577750447e-05,1.5821456909179688
1394,2.957620317279172e-05,0.0007958495854161065,0.00012488241877760755,2.6692276540053797e-05,1.5773773193359375
1395,2.9349583273259427e-05,0.0007902740265666919,0.00012426302676261903,2.6438285968357562e-05,1.5299320220947266
1396,2.9107410816477087e-05,0.0007847296011449427,0.00012366374987836555,2.6180412729749947e-05,1.5850067138671875
1397,2.885270810963752e-05,0.0007792215159884866,0.00012308121266453776,2.5923224920954934e-05,1.5311241149902344
1398,2.8588466552636346e-05,0.0007737544493664051,0.00012251148324694832,2.5670771436416723e-05,1.59454345703125
1399,2.8317556484764275e-05,0.0007683323793129725,0.00012195027802693768,2.5426411646755142e-05,1.5249252319335938
1400,2.8042699808813207e-05,0.0007629584294656641,0.00012139317579821046,2.5192736123937206e-05,1.5263557434082031
1401,2.7766491427812074e-05,0.0007576347399115904,0.00012083582493994741,2.497156818493188e-05,1.8110275268554688
1402,2.749144897103881e-05,0.0007523623704637704,0.00012027412953005417,2.476402643299674e-05,1.5621185302734375
1403,2.7220067305452915e-05,0.0007471412427159798,0.00011970440393751235,2.4570622809277096e-05,1.5516281127929688
1404,2.6954855315486673e-05,0.0007419701257433802,0.00011912349002596004,2.439136986280962e-05,1.531362533569336
1405,2.6698337147657927e-05,0.0007368466682683039,0.0001185288358647703,2.422587486151503e-05,1.5499591827392578
1406,2.6453007797992184e-05,0.0007317674777691873,0.00011791853902727661,2.4073406036307727e-05,1.5587806701660156
1407,2.6221242196215e-05,0.000726728244638408,0.00011729136056122931,2.3932925753732316e-05,1.5325546264648438
1408,2.600516675625257e-05,0.0007217239066606539,0.0001166467173208596,2.3803095296600562e-05,1.5177726745605469
1409,2.580651096295428e-05,0.0007167488466757218,0.00011598466061133768,2.3682264084500685e-05,2.1543502807617188
1410,2.5626461482856196e-05,0.0007117971151620062,0.00011530584781001472,2.356846014302167e-05,2.002716064453125
1411,2.546554331425515e-05,0.0007068626675101353,0.00011461151092741233,2.345939984059244e-05,1.5742778778076172
1412,2.5323549867043474e-05,0.0007019396047018432,0.00011390342323359643,2.3352531885392933e-05,1.5769004821777344
1413,2.519953714812696e-05,0.0006970224063168595,0.00011318386198657746,2.324512446309705e-05,1.9986629486083984
1414,2.5091887515431587e-05,0.0006921061457024206,0.00011245556265045905,2.313439636595136e-05,1.5702247619628906
1415,2.4998437721379156e-05,0.0006871866784737021,0.0001117216584832757,2.3017684712804278e-05,1.5773773193359375
1416,2.491665629417471e-05,0.0006822607969495719,0.00011098559923027819,2.2892634917610322e-05,1.5778541564941406
1417,2.4843848361034897e-05,0.0006773263448820846,0.00011025104414150666,2.275739388513523e-05,1.5385150909423828
1418,2.47773626808013e-05,0.0006723822889017594,0.00010952172737674232,2.2610785350130135e-05,1.5387535095214844
1419,2.4714776250988666e-05,0.0006674287453962843,0.00010880129768826766,2.2452446820667042e-05,1.5561580657958984
1420,2.465403588100192e-05,0.0006624669636823224,0.00010809313882505705,2.2282910538722408e-05,1.5740394592285156
1421,2.459354276241006e-05,0.0006574992680519653,0.00010740018155181431,2.210361574263713e-05,1.5423297882080078
1422,2.4532174133535833e-05,0.0006525289626335517,0.00010672472181568053,2.1916845846204755e-05,1.5459060668945312
1423,2.4469244337999153e-05,0.0006475602040001181,0.00010606826169585669,2.17255912616494e-05,1.5263557434082031
1424,2.4404414898659488e-05,0.0006425978472835891,0.00010543138970726666,2.153334594385675e-05,1.5385150909423828
1425,2.433756885200097e-05,0.0006376472720955166,0.00010481371470548077,2.134385275916886e-05,1.516580581665039
1426,2.426866802845235e-05,0.0006327141949738238,0.0001042138631039253,2.11608188556965e-05,1.5535354614257812
1427,2.419761296138975e-05,0.0006278044749722126,0.0001036295431980008,2.0987626614282266e-05,1.5194416046142578
1428,2.4124123655719797e-05,0.0006229239188551045,0.00010305767367634913,2.0827067650535007e-05,1.5354156494140625
1429,2.4047655750368196e-05,0.0006180780919899838,0.00010249456674661264,2.0681125931555027e-05,1.5239715576171875
1430,2.3967361255707287e-05,0.0006132721407789848,0.00010193615059767614,2.0550831120694563e-05,1.5249252319335938
1431,2.3882096759701487e-05,0.0006085106321617567,0.00010137821176007175,2.043619504167852e-05,1.547098159790039
1432,2.3790475814079517e-05,0.000603797415313986,0.00010081663617579339,2.0336233995832025e-05,1.5497207641601562
1433,2.369095705754536e-05,0.0005991355100125186,0.00010024762851800384,2.0249069352434147e-05,1.5285015106201172
1434,2.3581956165964565e-05,0.0005945270252347988,9.966789248239316e-05,2.0172090266807466e-05,1.5492439270019531
1435,2.3461968315167403e-05,0.0005899731106266518,9.90747597987802e-05,2.010215708665369e-05,1.546621322631836
1436,2.332968837299406e-05,0.0005854739423644284,9.84662618242154e-05,2.0035822530367934e-05,2.0170211791992188
1437,2.3184118140903568e-05,0.0005810287439050161,9.784114392959991e-05,1.9969549825850855e-05,1.7938613891601562
1438,2.3024653065195677e-05,0.0005766358408453722,9.719882885642879e-05,1.9899911654224693e-05,1.5447139739990234
1439,2.285114429587239e-05,0.0005722927477448722,9.653934020934643e-05,1.9823759644694458e-05,1.7046928405761719
1440,2.2663935212557332e-05,0.000567996283368638,9.586320063002411e-05,1.9738360023005924e-05,1.619577407836914
1441,2.2463874067261974e-05,0.0005637427094691014,9.517132077523029e-05,1.9641495779834637e-05,1.5413761138916016
1442,2.2252305914693662e-05,0.0005595278871914342,9.4464894572971e-05,1.9531538817366812e-05,1.5554428100585938
1443,2.2031047395727513e-05,0.0005553474444456146,9.374531366906834e-05,1.940749676658177e-05,1.705169677734375
1444,2.1802347272619494e-05,0.0005511969472129085,9.301410970705505e-05,1.9269038694155367e-05,1.5401840209960938
1445,2.1568834172305396e-05,0.0005470720676488645,9.227292789816657e-05,1.9116502214736697e-05,1.5363693237304688
1446,2.133345119034763e-05,0.0005429687421399504,9.152352985169827e-05,1.895088212806824e-05,1.581430435180664
1447,2.1099375358219e-05,0.0005388833130619922,9.076781872216119e-05,1.8773798273175153e-05,1.5208721160888672
1448,2.0869919143539386e-05,0.0005348126488806979,9.000787571057706e-05,1.8587438616950984e-05,1.5187263488769531
1449,2.064841111749847e-05,0.0005307542388614906,8.924599496188922e-05,1.8394472459596535e-05,1.5184879302978516
1450,2.043805505291011e-05,0.000526706259366354,8.848470343499964e-05,1.8197929994771055e-05,1.5132427215576172
1451,2.0241769829654245e-05,0.0005226676107405116,8.772675412045267e-05,1.8001046791377314e-05,1.7337799072265625
1452,2.0062017050125087e-05,0.0005186379251939415,8.69750844292747e-05,1.780707612609446e-05,1.5742778778076172
1453,1.990062837400296e-05,0.0005146175471201774,8.62327364869089e-05,1.7619077869906143e-05,1.5480518341064453
1454,1.9758649106919202e-05,0.0005106074882442529,8.550274167352046e-05,1.7439698934892696e-05,1.5392303466796875
1455,1.9636217245362345e-05,0.0005066093610253559,8.478797735580588e-05,1.7270965853106047e-05,1.5277862548828125
1456,1.953249693824789e-05,0.0005026252943326552,8.409100836235973e-05,1.711411342876346e-05,1.52587890625
1457,1.9445681692925593e-05,0.0004986578358558139,8.341392907562514e-05,1.6969473310752916e-05,1.6176700592041016
1458,1.937307591956985e-05,0.0004947098455868711,8.275822312656708e-05,1.6836442072604973e-05,1.7273426055908203
1459,1.931125460010785e-05,0.0004907843844883789,8.212465671720282e-05,1.6713540128837263e-05,1.5637874603271484
1460,1.9256291546980236e-05,0.0004868846020835736,8.151321842868164e-05,1.659856179872517e-05,1.5349388122558594
1461,1.92040384649848e-05,0.0004830136263983936,8.092311340677862e-05,1.6488804968098406e-05,1.5306472778320312
1462,1.9150431237839506e-05,0.00047917445925456983,8.035281381216924e-05,1.6381358428556727e-05,1.5194416046142578
1463,1.9091797075025666e-05,0.000475369879525947,7.980016114491309e-05,1.627341775651958e-05,1.5149116516113281
1464,1.9025136307949413e-05,0.00047160235646817014,7.926251048892008e-05,1.6162597390288826e-05,1.516580581665039
1465,1.89483551050942e-05,0.00046787397485147835,7.87369025123814e-05,1.6047207195034005e-05,1.5397071838378906
1466,1.886042941519314e-05,0.000464186373332577,7.822024675386663e-05,1.5926465417967e-05,1.528024673461914
1467,1.8761485415608017e-05,0.0004605406973922154,7.770949955640946e-05,1.5800625573022953e-05,1.5196800231933594
1468,1.8652787371896066e-05,0.00045693756794771005,7.720182182991848e-05,1.567100176153348e-05,1.512289047241211
1469,1.8536630058332005e-05,0.0004533770665756234,7.669470537754661e-05,1.5539884906875577e-05,1.5187263488769531
1470,1.84161398268684e-05,0.00044985873802750497,7.618606102101359e-05,1.5410351371740236e-05,1.512765884399414
1471,1.8294996130192338e-05,0.00044638161035290817,7.567426664728861e-05,1.5285975554274116e-05,1.5311241149902344
1472,1.817709354071644e-05,0.0004429442326631098,7.515817779718545e-05,1.5170469089183442e-05,1.531839370727539
1473,1.8066172327708546e-05,0.0004395447300208482,7.46371070061121e-05,1.5067280279365648e-05,1.52587890625
1474,1.7965452157380315e-05,0.0004361808744549211,7.411078053222417e-05,1.4979196471666696e-05,1.5151500701904297
1475,1.7877306789335396e-05,0.00043285017034204345,7.35792820999602e-05,1.4907996745660215e-05,1.5347003936767578
1476,1.780301606350861e-05,0.0004295499516089701,7.304299300972562e-05,1.4854199975813141e-05,1.5239715576171875
1477,1.77426241450794e-05,0.00042627748754951966,7.25025363118079e-05,1.481694284484221e-05,1.6810894012451172
1478,1.7694920353101263e-05,0.0004230300934101981,7.195873022329401e-05,1.4794004711736412e-05,1.567840576171875
1479,1.7657543028052673e-05,0.0004198052414943039,7.141255285921117e-05,1.4781974906765805e-05,1.5358924865722656
1480,1.7627190892177993e-05,0.0004166006682197792,7.08651173326777e-05,1.4776537829608319e-05,1.7733573913574219
1481,1.7599913523411768e-05,0.00041341447245219187,7.031765375031723e-05,1.4772836756182135e-05,1.5606880187988281
1482,1.7571445173233348e-05,0.0004102452004700056,6.977149304993738e-05,1.4765870975758953e-05,1.5485286712646484
1483,1.7537544947924024e-05,0.00040709191330897505,6.922804711143549e-05,1.4750882740339809e-05,1.5323162078857422
1484,1.749431049922734e-05,0.0004039542328476562,6.868878014707317e-05,1.4723698340031775e-05,1.5518665313720703
1485,1.74384400111327e-05,0.0004008323639032706,6.815516798004649e-05,1.4680998438079462e-05,1.5494823455810547
1486,1.7367426424026716e-05,0.00039772709063961697,6.762864406452576e-05,1.462050392969369e-05,1.5327930450439453
1487,1.7279676763874357e-05,0.00039463974677631083,6.711053383716347e-05,1.4541073242764442e-05,1.5404224395751953
1488,1.7174557134554086e-05,0.00039157216024160175,6.660198162776016e-05,1.4442714473503201e-05,1.5349388122558594
1489,1.7052369847765947e-05,0.00038852657419428065,6.610387651883554e-05,1.432652100220289e-05,1.5316009521484375
1490,1.691427329421108e-05,0.0003855055474649052,6.56167848953767e-05,1.4194542689252704e-05,1.5430450439453125
1491,1.67621576418035e-05,0.0003825118386396277,6.514089750836853e-05,1.4049606855281632e-05,1.598358154296875
1492,1.659849053975392e-05,0.00037954827891671026,6.467599794770491e-05,1.3895104427214702e-05,1.7223358154296875
1493,1.6426146930481635e-05,0.0003766176395437553,6.422145733230966e-05,1.3734757106666442e-05,1.5480518341064453
1494,1.62482360037503e-05,0.0003737225000370882,6.377625728848347e-05,1.3572381257139547e-05,1.5425682067871094
1495,1.6067936442580245e-05,0.0003708651234218808,6.333904020992295e-05,1.3411663354106057e-05,1.535654067993164
1496,1.5888348586222443e-05,0.000368047344510018,6.29081828453377e-05,1.325596017352316e-05,1.5299320220947266
1497,1.571236922005683e-05,0.0003652704767128311,6.248188683742103e-05,1.3108134347893352e-05,1.5575885772705078
1498,1.5542591707562614e-05,0.0003625352419848484,6.205827824175084e-05,1.2970432555503598e-05,1.5330314636230469
1499,1.538123148262303e-05,0.0003598417274924724,6.163550758476929e-05,1.2844409731136419e-05,1.5301704406738281
1500,1.5230074861933782e-05,0.00035718937120015167,6.121184248983268e-05,1.2730898741458135e-05,1.5430450439453125
1501,1.5090448023578416e-05,0.0003545769771477622,6.078574643100393e-05,1.263002156952167e-05,1.7879009246826172
1502,1.4963202865166135e-05,0.00035200275968027184,6.0355939224481176e-05,1.2541235660444918e-05,1.5494823455810547
1503,1.4848717250151175e-05,0.00034946441447390416,5.9921437288577776e-05,1.2463408024474736e-05,1.5499591827392578
1504,1.4746908481974291e-05,0.00034695921282128814,5.9481574029698824e-05,1.239490991357458e-05,1.5380382537841797
1505,1.4657260311843065e-05,0.0003444841146316857,5.9036002632398106e-05,1.2333726082328971e-05,1.5320777893066406
1506,1.457886479992941e-05,0.0003420358946394686,5.858468485874861e-05,1.2277574205970054e-05,1.5282630920410156
1507,1.4510480631041485e-05,0.0003396112758614799,5.812787003650138e-05,1.2224031490261784e-05,1.5344619750976562
1508,1.4450608720819341e-05,0.00033720706404471345,5.766606824180592e-05,1.2170666307487799e-05,1.531839370727539
1509,1.4397584279439356e-05,0.00033482027698466616,5.720002086862615e-05,1.2115172696658018e-05,1.529693603515625
1510,1.4349682159911557e-05,0.00033244826302006975,5.6730670484441656e-05,1.2055504727972896e-05,1.5454292297363281
1511,1.4305229774243146e-05,0.0003300888037059522,5.625913047583983e-05,1.1990006296080567e-05,1.5325546264648438
1512,1.4262719580236195e-05,0.00032774019654294623,5.578665363334754e-05,1.1917530169356504e-05,1.5368461608886719
1513,1.4220911556705813e-05,0.0003254013147438942,5.531459788225532e-05,1.183753844161996e-05,1.5270709991455078
1514,1.417891550645522e-05,0.0003230716421621601,5.484438699933237e-05,1.1750175244650676e-05,1.531362533569336
1515,1.4136243637981697e-05,0.0003207512826024641,5.4377464408010804e-05,1.165630196985118e-05,1.5206336975097656
1516,1.4092825671367787e-05,0.0003184409444073358,5.391523956200351e-05,1.1557485692468553e-05,1.630544662475586
1517,1.4048981782910648e-05,0.0003161419005429167,5.3459026963806714e-05,1.145593312170976e-05,1.6663074493408203
1518,1.400535243922248e-05,0.00031385592820735466,5.3009980541396444e-05,1.135436560237497e-05,1.5513896942138672
1519,1.3962788964499244e-05,0.0003115852303811714,5.256902773146168e-05,1.1255835863927937e-05,1.5375614166259766
1520,1.3922213559065436e-05,0.0003093323428853702,5.213680890397326e-05,1.116349411310536e-05,1.5628337860107422
1521,1.3884462002620527e-05,0.00030710003119502436,5.1713628416115814e-05,1.1080319212822759e-05,1.5506744384765625
1522,1.3850125756906842e-05,0.00030489118146122463,5.129942344967906e-05,1.100883889140452e-05,1.5513896942138672
1523,1.3819411826697941e-05,0.00030270869002577345,5.0893755775643676e-05,1.0950869286913472e-05,2.0227432250976562
1524,1.3792038045390354e-05,0.00030055535548391155,5.0495829669454494e-05,1.0907306550782382e-05,1.8436908721923828
1525,1.3767178149182391e-05,0.0002984337770235184,5.010453653614037e-05,1.0877999874315715e-05,1.6448497772216797
1526,1.3743465461405258e-05,0.0002963462623878788,4.9718523857157943e-05,1.086172584791611e-05,1.5716552734375
1527,1.371905697268455e-05,0.0002942947483279548,4.933628318858937e-05,1.0856269950373643e-05,1.5881061553955078
1528,1.369175236609826e-05,0.00029228073588500594,4.895624964882499e-05,1.0858605476631613e-05,1.6579627990722656
1529,1.3659156214213144e-05,0.0002903052420751091,4.857690388579464e-05,1.0865146911883809e-05,1.5532970428466797
1530,1.3618867195800349e-05,0.00028836876896820796,4.8196867149167715e-05,1.0872046587169429e-05,1.5947818756103516
1531,1.3568676111570577e-05,0.00028647129049570746,4.781498084632729e-05,1.0875501330827012e-05,1.5206336975097656
1532,1.3506754689333292e-05,0.00028461225675173506,4.743036379229436e-05,1.0872039034872421e-05,1.6002655029296875
1533,1.3431819149787202e-05,0.0002827906150515977,4.704244291026322e-05,1.0858761584510371e-05,1.596689224243164
1534,1.3343255628839083e-05,0.0002810048465386798,4.665095624306458e-05,1.0833528367612098e-05,1.5304088592529297
1535,1.3241198222495356e-05,0.00027925301674628424,4.625593025402692e-05,1.0795071929724396e-05,1.626729965209961
1536,1.3126554160297136e-05,0.00027753283812794637,4.585763631420773e-05,1.0743043419641331e-05,1.5573501586914062
1537,1.3000974222108961e-05,0.0002758417423112663,4.545653350023692e-05,1.0677990103813238e-05,1.5425682067871094
1538,1.2866769883879191e-05,0.0002741769595390451,4.5053206186111476e-05,1.06012706793043e-05,1.5881061553955078
1539,1.2726782074846534e-05,0.0002725356027975125,4.464830523646836e-05,1.0514916961462335e-05,1.5969276428222656
1540,1.2584209457173758e-05,0.0002709147538891107,4.4242500476680085e-05,1.042145274957422e-05,1.6062259674072266
1541,1.2442407500156744e-05,0.00026931154891669226,4.3836450351177105e-05,1.0323683168451237e-05,1.6889572143554688
1542,1.2304672635013161e-05,0.00026772326052224504,4.343079195080656e-05,1.022447000929652e-05,1.5635490417480469
1543,1.2174028187990552e-05,0.00026614737445455775,4.3026151354063686e-05,1.0126510352978805e-05,1.722574234008789
1544,1.2053030011921797e-05,0.0002645816582168197,4.262317104468633e-05,1.003213648417986e-05,1.6074180603027344
1545,1.1943609207455608e-05,0.00026302421980074466,4.222254837055699e-05,9.943154217476748e-06,1.537322998046875
1546,1.1846966507508254e-05,0.00026147355480713954,4.1825077027482124e-05,9.860733722303318e-06,1.5614032745361328
1547,1.176352784670391e-05,0.0002599285805804431,4.143168276808805e-05,9.78536180110048e-06,1.5981197357177734
1548,1.1692963885384724e-05,0.0002583886563063483,4.104344484889298e-05,9.71685786676872e-06,1.6303062438964844
1549,1.16342689385177e-05,0.0002568535885652016,4.0661596287874304e-05,9.65444870881048e-06,1.5287399291992188
1550,1.1585888269970618e-05,0.00025532362213097636,4.028749854872539e-05,9.596890854608668e-06,1.535654067993164
1551,1.154587823868339e-05,0.0002537994164821099,3.99225895460274e-05,9.542625128044638e-06,1.766204833984375
1552,1.1512081955210265e-05,0.0002522820087524018,3.956830747458696e-05,9.489946383303875e-06,1.5413761138916016
1553,1.1482303911296609e-05,0.0002507727644572996,3.9225996482428526e-05,9.437172346552526e-06,1.5680789947509766
1554,1.145446979409669e-05,0.00024927331765334335,3.889680312946925e-05,9.38279827717e-06,1.6014575958251953
1555,1.1426761500491931e-05,0.0002477855027054812,3.8581574438349666e-05,9.325627848233887e-06,1.5370845794677734
1556,1.1397721259024012e-05,0.00024631128007910236,3.828076885377692e-05,9.264874296340979e-06,1.5268325805664062
1557,1.136632211750786e-05,0.0002448526590256941,3.799439051093414e-05,9.20022886853759e-06,1.5223026275634766
1558,1.1332004531391397e-05,0.0002434116200257262,3.772195489994218e-05,9.1318956275531e-06,1.5742778778076172
1559,1.1294680334282543e-05,0.0002419900399901623,3.7462490592264046e-05,9.060592736739668e-06,1.5287399291992188
1560,1.1254706240085806e-05,0.0002405896231159388,3.7214577712199876e-05,8.987520773150883e-06,1.5292167663574219
1561,1.1212829497759684e-05,0.00023921184002481918,3.697641975151043e-05,8.914298782582237e-06,1.56402587890625
1562,1.1170108737122964e-05,0.0002378578775478256,3.674594171932789e-05,8.842869182673206e-06,1.5528202056884766
1563,1.1127813715798253e-05,0.0002365286010086195,3.6520905078615654e-05,8.77537369243875e-06,1.56402587890625
1564,1.1087308710507955e-05,0.00023522453028149056,3.6299028621453405e-05,8.714004469543464e-06,1.5323162078857422
1565,1.104992576730391e-05,0.00023394583031251847,3.60781045275516e-05,8.660837672456351e-06,1.5420913696289062
1566,1.1016835642457377e-05,0.00023269231605084728,3.58561002113294e-05,8.617660266356286e-06,1.5633106231689453
1567,1.0988925783092447e-05,0.0002314634711097088,3.5631238908291816e-05,8.58580440201192e-06,1.5408992767333984
1568,1.0966695541598588e-05,0.00023025847885516201,3.540205479470003e-05,8.56600593831906e-06,1.5726089477539062
1569,1.095017863777421e-05,0.00022907626417167346,3.5167421512432824e-05,8.558303628046342e-06,1.5339851379394531
1570,1.0938901331409715e-05,0.00022791554365617377,3.492655576105773e-05,8.561992496439412e-06,1.5571117401123047
1571,1.0931881875135485e-05,0.00022677488182467362,3.4678999944710566e-05,8.575639138180862e-06,1.5461444854736328
1572,1.0927672918745652e-05,0.00022565275074023223,3.442458940121089e-05,8.597159129091081e-06,1.5568733215332031
1573,1.092444420742537e-05,0.00022454759044577706,3.4163410534578566e-05,8.62394907798441e-06,1.5869140625
1574,1.0920098882725413e-05,0.00022345786778955846,3.389575599590104e-05,8.653059680835521e-06,1.5952587127685547
1575,1.0912413568756435e-05,0.00022238213138481354,3.362208227158039e-05,8.681392566250969e-06,1.5442371368408203
1576,1.0899190579644028e-05,0.00022131906078912245,3.334297357369558e-05,8.705902968082788e-06,1.5244483947753906
1577,1.0878410095335853e-05,0.0002202675083064829,3.3059114189504914e-05,8.723791832221172e-06,1.573801040649414
1578,1.0848370879478757e-05,0.00021922653215430515,3.277126957977483e-05,8.732674000950512e-06,1.64794921875
1579,1.0807809651491098e-05,0.00021819542010925117,3.248027487154598e-05,8.730712631897921e-06,1.583099365234375
1580,1.0755991320213356e-05,0.0002171737030066752,3.218702807481401e-05,8.716713430922414e-06,1.554727554321289
1581,1.0692764567597164e-05,0.0002161611578521966,3.189248469406928e-05,8.690175205588419e-06,1.554250717163086
1582,1.0618579591717054e-05,0.0002151578005036454,3.159765022998639e-05,8.651295667050016e-06,1.6589164733886719
1583,1.0534467122447197e-05,0.0002141638682344146,3.1303567652425955e-05,8.600933492966116e-06,1.577615737915039
1584,1.0441980076632564e-05,0.0002131797927161726,3.101129789731711e-05,8.54052960660209e-06,1.5864372253417969
1585,1.0343101506054586e-05,0.00021220616428134498,3.07218928515007e-05,8.47199267318285e-06,1.5952587127685547
1586,1.0240124777646967e-05,0.00021124368864721378,3.0436361761468077e-05,8.397556045369816e-06,1.5521049499511719
1587,1.0135514175773517e-05,0.00021029313760181662,3.015563339198822e-05,8.319615790336453e-06,1.5392303466796875
1588,1.0031756100924005e-05,0.00020935529552167627,2.9880517331908728e-05,8.240561700163267e-06,1.5239715576171875
1589,9.93121248240111e-06,0.00020843090390470717,2.961166843297165e-05,8.162614918258959e-06,1.6663074493408203
1590,9.83598849731498e-06,0.0002075206063978375,2.9349558343062553e-05,8.087686382251482e-06,1.5354156494140625
1591,9.74782584242821e-06,0.0002066248970064846,2.9094457524953077e-05,8.017269139796437e-06,1.5294551849365234
1592,9.668030420439633e-06,0.000205744074266683,2.8846430049359877e-05,7.952374449347796e-06,1.5554428100585938
1593,9.597439488433173e-06,0.00020487820411489415,2.8605341998055155e-05,7.893516579688961e-06,1.661539077758789
1594,9.536428549421727e-06,0.0002040270939127472,2.837088276745871e-05,7.840745095696565e-06,1.6198158264160156
1595,9.484953341921481e-06,0.00020319027970194063,2.8142597074223396e-05,7.793717282405815e-06,1.54876708984375
1596,9.442618104138409e-06,0.00020236702812776768,2.7919924346556313e-05,7.751798439535914e-06,1.5437602996826172
1597,9.408758688700662e-06,0.00020155635371774417,2.7702241485397166e-05,7.714175037062103e-06,1.722097396850586
1598,9.382528457252233e-06,0.00020075705129296028,2.7488904861862026e-05,7.679965530926718e-06,1.550436019897461
1599,9.362976270765863e-06,0.00019996774239261497,2.727928781395821e-05,7.64831586405638e-06,1.672506332397461
1600,9.349108774798759e-06,0.00019918693365608752,2.7072810758931834e-05,7.618470538863889e-06,1.5583038330078125
1601,9.3399330070235e-06,0.0001984130843013106,2.6868962144345266e-05,7.589814916421455e-06,1.8050670623779297
1602,9.334479241458911e-06,0.00019764467913167095,2.666730973425037e-05,7.561889073993466e-06,1.5416145324707031
1603,9.331807409093829e-06,0.0001968803031395312,2.6467502894469082e-05,7.5343776229751735e-06,1.5833377838134766
1604,9.331002770201553e-06,0.00019611871350609745,2.6269267467160492e-05,7.507082733517179e-06,1.6326904296875
1605,9.33116764091872e-06,0.00019535890493621648,2.6072395484192714e-05,7.4798891354810235e-06,1.6665458679199219
1606,9.331415774880217e-06,0.00019460016459910568,2.587673216841194e-05,7.452729904511077e-06,1.5416145324707031
1607,9.330874659116756e-06,0.0001938421135853878,2.5682162525997945e-05,7.4255605283259015e-06,1.5878677368164062
1608,9.328698846730083e-06,0.00019308473254493706,2.5488599387638143e-05,7.398346360480214e-06,1.5974044799804688
1609,9.324094881036348e-06,0.0001923283701314818,2.5295974084967835e-05,7.371065469751905e-06,1.6300678253173828
1610,9.316355817056044e-06,0.0001915737339043317,2.51042301691024e-05,7.343725572441274e-06,1.544952392578125
1611,9.304901218190453e-06,0.00019082186428336754,2.491331991942047e-05,7.316390744689076e-06,1.5451908111572266
1612,9.289317037991106e-06,0.00019007409314722364,2.4723202843736494e-05,7.2892113324398715e-06,1.5950202941894531
1613,9.269389221610817e-06,0.00018933198937089992,2.4533845079059784e-05,7.262449343157568e-06,1.5301704406738281
1614,9.245125149168095e-06,0.00018859729427991078,2.4345218610454488e-05,7.23649168359372e-06,1.615762710571289
1615,9.216758191244481e-06,0.0001878718503297121,2.4157299479188253e-05,7.211845001800016e-06,1.5332698822021484
1616,9.184732468678706e-06,0.00018715752654602415,2.3970064583273167e-05,7.1891083847697076e-06,1.5544891357421875
1617,9.149667226584074e-06,0.00018645614411927879,2.3783487214883763e-05,7.168923499267354e-06,1.5451908111572266
1618,9.112302829247388e-06,0.00018576940539498718,2.359753202362587e-05,7.151905556773195e-06,1.5215873718261719
1619,9.073432897719042e-06,0.00018509882902106585,2.3412150475956323e-05,7.138562124174236e-06,1.5561580657958984
1620,9.03382932893978e-06,0.00018444569351790005,2.3227278047754657e-05,7.1292097672735855e-06,1.538991928100586
1621,8.994168436917069e-06,0.00018381099095036443,2.3042834349781566e-05,7.123900135000869e-06,1.523733139038086
1622,8.95496698740328e-06,0.00018319539178718647,2.28587269893537e-05,7.122366922282034e-06,1.512765884399414
1623,8.916536257983207e-06,0.00018259922145049835,2.2674859484638947e-05,7.124003070288057e-06,1.5413761138916016
1624,8.878960396417297e-06,0.0001820224486064814,2.249114280698572e-05,7.127873778540963e-06,1.5742778778076172
1625,8.842102510274645e-06,0.00018146468477266747,2.230750948864466e-05,7.132766164682479e-06,1.5459060668945312
1626,8.805638433409769e-06,0.00018092519459486268,2.2123928600550608e-05,7.137271507103253e-06,1.5370845794677734
1627,8.76911457862089e-06,0.00018040291584660588,2.1940419605575468e-05,7.139891921185772e-06,1.537322998046875
1628,8.732023198429968e-06,0.00017989648816753333,2.1757062973781004e-05,7.139160589727432e-06,1.546621322631836
1629,8.693886195896764e-06,0.00017940428938639566,2.1574005733884684e-05,7.133763572520898e-06,1.5797615051269531
1630,8.654337609082032e-06,0.00017892447834599268,2.1391460717010175e-05,7.122651608072538e-06,1.5444755554199219
1631,8.61319503885417e-06,0.00017845504304589036,2.120969902347089e-05,7.1051317822070295e-06,1.5468597412109375
1632,8.570511526274168e-06,0.0001779938529708563,2.102903626525973e-05,7.0809311139707454e-06,1.5521049499511719
1633,8.526601433675675e-06,0.000177538714391847,2.0849814000293666e-05,7.050226559306327e-06,1.5292167663574219
1634,8.48203652676378e-06,0.00017708742742687076,2.0672378642584444e-05,7.0136384931378155e-06,1.7316341400146484
1635,8.437611456501326e-06,0.00017663784354595788,2.0497060624054046e-05,6.972187329111803e-06,1.8167495727539062
1636,8.394281019087503e-06,0.0001761879222135784,2.032415670744888e-05,6.927215620100371e-06,1.7902851104736328
1637,8.353074651939698e-06,0.00017573578519159764,2.0153918087474295e-05,6.8802807529519385e-06,1.6036033630371094
1638,8.314996419656287e-06,0.00017527976713390116,1.9986546182168725e-05,6.8330262309120556e-06,1.5413761138916016
1639,8.280920868826789e-06,0.00017481846099793186,1.982219696814327e-05,6.787042267089465e-06,1.8646717071533203
1640,8.251496212036793e-06,0.0001743507569108668,1.9660993456117546e-05,6.743728551486087e-06,1.678466796875
1641,8.22706605373144e-06,0.00017387587323324403,1.9503044634831048e-05,6.7041731103560175e-06,1.5461444854736328
1642,8.207619095647356e-06,0.00017339337867973293,1.9348468054042388e-05,6.669060497473829e-06,1.529693603515625
1643,8.192773102154476e-06,0.00017290320464836346,1.9197412453073437e-05,6.638619911772922e-06,1.7800331115722656
1644,8.181795313476353e-06,0.00017240564708877982,1.9050076517770533e-05,6.612619340113061e-06,1.7940998077392578
1645,8.173657095606213e-06,0.00017190135760932187,1.8906720029959133e-05,6.590406131503415e-06,1.5757083892822266
1646,8.167116756172118e-06,0.00017139132381541406,1.876766446145015e-05,6.5709886835265775e-06,1.6036033630371094
1647,8.1608216217709e-06,0.00017087683921064906,1.8633281234116828e-05,6.553149154127534e-06,1.5399456024169922
1648,8.153419114254915e-06,0.0001703594633652202,1.8503967441261676e-05,6.535574256492641e-06,1.5261173248291016
1649,8.143666546642274e-06,0.00016984097338548662,1.8380110484119893e-05,6.516990412352824e-06,1.6307830810546875
1650,8.130530495357088e-06,0.0001693233080089412,1.8262044704360116e-05,6.496290632827128e-06,1.5802383422851562
1651,8.113268392397798e-06,0.00016880850600575853,1.8150004394506925e-05,6.472642802221138e-06,1.7349720001220703
1652,8.09148707538376e-06,0.00016829864075632755,1.8044078398401153e-05,6.445571883433593e-06,1.5513896942138672
1653,8.065175035977838e-06,0.00016779575312525814,1.7944171705263692e-05,6.4150112871212786e-06,1.5339851379394531
1654,8.034706930661919e-06,0.00016730178487798247,1.784997891204638e-05,6.381321043196221e-06,1.5745162963867188
1655,8.000820466547758e-06,0.00016681851495306028,1.7760973276443965e-05,6.345272286099449e-06,1.5475749969482422
1656,7.964567152325826e-06,0.000166347500907079,1.7676413405650653e-05,6.307999142082002e-06,1.5671253204345703
1657,7.927239700105297e-06,0.0001658900277445012,1.7595367662939248e-05,6.27092058190498e-06,1.5289783477783203
1658,7.890280199707402e-06,0.0001654470660972136,1.7516754414499715e-05,6.2356364369633565e-06,1.5497207641601562
1659,7.855174582200478e-06,0.00016501924149098192,1.7439394564513166e-05,6.203803729086645e-06,1.56402587890625
1660,7.823340269309566e-06,0.00016460681596465771,1.736207159938796e-05,6.177001634120937e-06,1.522064208984375
1661,7.796015107976859e-06,0.00016420968287428092,1.728359379528564e-05,6.1565955708834785e-06,1.5518665313720703
1662,7.774156385129703e-06,0.00016382737513990247,1.7202853296770647e-05,6.143612418336605e-06,1.5299320220947266
1663,7.758358643137179e-06,0.00016345908665909098,1.711887745884335e-05,6.138639191673885e-06,1.5206336975097656
1664,7.748797881333751e-06,0.00016310370596145778,1.7030868903830066e-05,6.141756013115384e-06,1.5518665313720703
1665,7.745207569714327e-06,0.0001627598606838446,1.6938232174048144e-05,6.1525108935921705e-06,1.5573501586914062
1666,7.746888865142604e-06,0.00016242597096140915,1.6840586305666053e-05,6.169939053456263e-06,1.5463829040527344
1667,7.752754025512862e-06,0.00016210030938350418,1.6737764053438058e-05,6.1926242275113365e-06,1.5559196472167969
1668,7.761398782770614e-06,0.00016178106495718078,1.662979965235842e-05,6.218794710528938e-06,1.5528202056884766
1669,7.771196917028974e-06,0.00016146640835911622,1.651690781912392e-05,6.246443712191581e-06,1.712799072265625
1670,7.780408779228898e-06,0.00016115455576762959,1.6399457208137334e-05,6.2734623047990636e-06,1.5456676483154297
1671,7.787295101966533e-06,0.0001608438286958712,1.627794150678497e-05,6.29777372120207e-06,1.5664100646972656
1672,7.790227958802945e-06,0.00016053270757032635,1.6152951092504887e-05,6.3174594619054345e-06,1.5785694122314453
1673,7.787791855317755e-06,0.00016021987709105898,1.6025147520214828e-05,6.3308699007966306e-06,1.5621185302734375
1674,7.778869364525602e-06,0.00015990426192937852,1.5895242267797603e-05,6.336714328825353e-06,1.5957355499267578
1675,7.762707127114385e-06,0.0001595850517619447,1.5763980242294275e-05,6.3341272048596724e-06,1.5480518341064453
1676,7.738959341266916e-06,0.00015926171517466543,1.5632127675939064e-05,6.322708766591193e-06,1.527547836303711
1677,7.70770696912305e-06,0.00015893400241732313,1.5500463294916696e-05,6.302539076832498e-06,1.566171646118164
1678,7.669451852691379e-06,0.00015860193750635187,1.5369771154366114e-05,6.274165251441904e-06,1.535654067993164
1679,7.625085882548428e-06,0.00015826580047564716,1.5240833419199308e-05,6.238562241121161e-06,1.683950424194336
1680,7.575836378311511e-06,0.00015792610099956962,1.5114421462320526e-05,6.197068323588451e-06,2.056121826171875
1681,7.523190066076592e-06,0.00015758354476203945,1.4991284159617094e-05,6.151297597105753e-06,1.5614032745361328
1682,7.468799477405094e-06,0.00015723899420814872,1.4872132870451611e-05,6.103033320491377e-06,1.547098159790039
1683,7.4143772284646675e-06,0.00015689342532446195,1.4757623442629308e-05,6.054107925341074e-06,1.9321441650390625
1684,7.361585266540994e-06,0.00015654788222999998,1.4648336206041674e-05,6.006277656266129e-06,1.5931129455566406
1685,7.3119275219861814e-06,0.00015620343124219343,1.4544755682144552e-05,5.961101728254302e-06,1.5366077423095703
1686,7.2666550742015825e-06,0.00015586111611832725,1.4447251954000836e-05,5.9198370155947075e-06,1.7435550689697266
1687,7.226692603870918e-06,0.00015552191598141235,1.4356065783543263e-05,5.883359063595766e-06,2.040386199951172
1688,7.192593265452719e-06,0.00015518670738875117,1.4271299268759088e-05,5.852118218591718e-06,1.6217231750488281
1689,7.16452630324292e-06,0.0001548562317844327,1.4192913255883215e-05,5.826135983520844e-06,1.5630722045898438
1690,7.142297999961858e-06,0.00015453106940288786,1.4120731982279899e-05,5.805041790584609e-06,1.5566349029541016
1691,7.125402602161859e-06,0.0001542116204933029,1.405445458789616e-05,5.788145230593849e-06,1.7070770263671875
1692,7.113096379950739e-06,0.00015389809443160137,1.3993672368040652e-05,5.774534410212152e-06,1.5702247619628906
1693,7.104485567683691e-06,0.00015359050708646966,1.3937890019623902e-05,5.763188341257844e-06,1.5404224395751953
1694,7.098617975237266e-06,0.00015328868642866924,1.3886548805428633e-05,5.753090506082341e-06,1.8191337585449219
1695,7.0945685219168796e-06,0.00015299228609703586,1.3839049557834244e-05,5.7433317679208284e-06,1.5616416931152344
1696,7.091510604367174e-06,0.00015270080629911227,1.379477364562299e-05,5.73319318491477e-06,1.5308856964111328
1697,7.0887676012662245e-06,0.00015241362110848824,1.375310058740931e-05,5.722202319071358e-06,1.5559196472167969
1698,7.085841542555846e-06,0.0001521300109353088,1.3713421571472229e-05,5.710159854654487e-06,1.5339851379394531
1699,7.082418641526285e-06,0.00015184919866105916,1.3675148842643042e-05,5.697136340704623e-06,1.9750595092773438
1700,7.078353767068694e-06,0.0001515703878417453,1.3637721503729414e-05,5.6834415009379855e-06,1.6257762908935547
1701,7.07363784977277e-06,0.00015129280115504836,1.3600608702714955e-05,5.6695707731300344e-06,1.934051513671875
1702,7.06835359444686e-06,0.00015101571736890216,1.3563311442624596e-05,5.656135499871205e-06,1.743316650390625
1703,7.062625627735796e-06,0.00015073850510734758,1.3525364244317693e-05,5.643784444727512e-06,1.9173622131347656
1704,7.0565713465911235e-06,0.0001504606518930567,1.3486337667438713e-05,5.633124967278464e-06,2.0415782928466797
1705,7.050258206876547e-06,0.00015018178719759622,1.3445842366050339e-05,5.624652040954256e-06,1.556396484375
1706,7.043672102756181e-06,0.00014990169855528073,1.3403534863156637e-05,5.618692316027692e-06,1.5578269958496094
1707,7.036699896803046e-06,0.00014962034012664519,1.3359124761565184e-05,5.615368536920734e-06,1.5473365783691406
1708,7.029127328316606e-06,0.00014933783352944047,1.3312382701011181e-05,5.614587084275771e-06,1.7359256744384766
1709,7.020651621571609e-06,0.00014905446111393602,1.3263148066450387e-05,5.616048504315556e-06,1.6057491302490234
1710,7.010906445725034e-06,0.00014877065220659372,1.3211335335565886e-05,5.6192781466601595e-06,1.8932819366455078
1711,6.999495605512319e-06,0.0001484869631684305,1.315693800764404e-05,5.623671835914559e-06,1.5456676483154297
1712,6.986031128100688e-06,0.00014820405234560144,1.3100029284155382e-05,5.628550215512889e-06,1.5377998352050781
1713,6.970171285896739e-06,0.00014792265116479595,1.3040758999021172e-05,5.633215124991501e-06,1.524209976196289
1714,6.95165448848894e-06,0.00014764353270562127,1.297934677095859e-05,5.637001987504411e-06,1.5227794647216797
1715,6.930325801184228e-06,0.00014736747908639943,1.291607172843371e-05,5.63932350341193e-06,1.516580581665039
1716,6.906153919638111e-06,0.00014709524896190152,1.2851259627460897e-05,5.639701613279802e-06,1.6109943389892578
1717,6.8792376108964116e-06,0.00014682754631517854,1.2785268388443779e-05,5.637786450325512e-06,1.5532970428466797
1718,6.849801776482344e-06,0.00014656499158057773,1.271847329266898e-05,5.633362596179156e-06,1.5892982482910156
1719,6.818184300592298e-06,0.0001463080959512282,1.2651252996602874e-05,5.6263442525573585e-06,1.5339851379394531
1720,6.784815604650171e-06,0.00014605723960896727,1.258397737878483e-05,5.616761820393965e-06,1.523733139038086
1721,6.750193336428979e-06,0.00014581265436170766,1.2516997927515164e-05,5.604742859773721e-06,1.5192031860351562
1722,6.714854811849589e-06,0.00014557441112828377,1.2450640964925978e-05,5.590490474008726e-06,1.5215873718261719
1723,6.679349712185021e-06,0.0001453424124786739,1.2385203647930863e-05,5.574261848841707e-06,1.8792152404785156
1724,6.644215179675825e-06,0.00014511639041507298,1.2320952324082176e-05,5.556349120904782e-06,1.5692710876464844
1725,6.609954859088757e-06,0.00014489590941847952,1.2258122538284112e-05,5.537063945088748e-06,1.5342235565185547
1726,6.577022740739107e-06,0.00014468037472581914,1.2196919963955905e-05,5.516726298402522e-06,1.565694808959961
1727,6.545811914191732e-06,0.00014446904569583483,1.2137521505943309e-05,5.495657201763402e-06,1.5327930450439453
1728,6.51664771812738e-06,0.00014426105403716433,1.2080076056342283e-05,5.4741744005098905e-06,1.590728759765625
1729,6.489784275472819e-06,0.0001440554265148252,1.2024704647670912e-05,5.452589566484296e-06,1.5912055969238281
1730,6.465403190520502e-06,0.00014385111169027028,1.1971500110233898e-05,5.431205468384855e-06,1.5337467193603516
1731,6.443613197228029e-06,0.00014364701003000515,1.1920526602744307e-05,5.410311698331569e-06,1.5289783477783203
1732,6.424449829941716e-06,0.00014344200664693685,1.1871819631922472e-05,5.390177989679445e-06,1.5254020690917969
1733,6.407874635413714e-06,0.0001432350057104701,1.1825387240285386e-05,5.371044796558427e-06,1.6939640045166016
1734,6.3937739744214365e-06,0.00014302496553486124,1.1781212987726568e-05,5.353111540536625e-06,1.5344619750976562
1735,6.381957990961101e-06,0.00014281093314895296,1.1739261050777278e-05,5.3365236372951196e-06,1.5621185302734375
1736,6.372160714482327e-06,0.00014259207718872913,1.1699483471534218e-05,5.321359980654852e-06,1.5349388122558594
1737,6.3640424690300275e-06,0.00014236771784914809,1.1661829082070415e-05,5.307622866136157e-06,1.5180110931396484
1738,6.3571957274728106e-06,0.00014213735275503758,1.1626253251257769e-05,5.295232326743328e-06,1.5153884887695312
1739,6.351155285178585e-06,0.0001419006776485803,1.1592727209373155e-05,5.2840265298095455e-06,1.5118122100830078
1740,6.345413180298474e-06,0.00014165760098956264,1.1561245523112397e-05,5.273769251157942e-06,1.5156269073486328
1741,6.339438208445621e-06,0.00014140825172680266,1.1531830298395425e-05,5.264164635564909e-06,1.5094280242919922
1742,6.3326992980248775e-06,0.00014115297977608933,1.1504530883664536e-05,5.254878570711327e-06,1.5442371368408203
1743,6.324691471633346e-06,0.0001408923489796874,1.1479418310012637e-05,5.245565181854223e-06,1.5108585357666016
1744,6.314962698344464e-06,0.00014062712264988753,1.1456574288753322e-05,5.235896285328318e-06,1.5261173248291016
1745,6.303139719721353e-06,0.00014035824203443626,1.1436075309719615e-05,5.225591253172516e-06,1.5130043029785156
1746,6.288950867300484e-06,0.00014008679835726228,1.1417973089448367e-05,5.214444587872554e-06,1.5158653259277344
1747,6.272244016036412e-06,0.00013981399934284055,1.1402273239556712e-05,5.202348645385396e-06,1.5113353729248047
1748,6.252998109250864e-06,0.00013954113130910026,1.1388914502660739e-05,5.1893093046940904e-06,1.5399456024169922
1749,6.231327087687428e-06,0.00013926951816008198,1.1377751016841738e-05,5.1754529224459814e-06,1.5244483947753906
1750,6.20747555686447e-06,0.00013900047866032372,1.1368539992478092e-05,5.161023570421511e-06,1.5430450439453125
1751,6.181806077618926e-06,0.00013873528352283213,1.1360936723690117e-05,5.146370311764452e-06,1.7521381378173828
1752,6.154778542119344e-06,0.00013847511380725823,1.1354498135864699e-05,5.131925039702458e-06,1.5344619750976562
1753,6.126922688680488e-06,0.00013822102211409834,1.1348695205467304e-05,5.1181722068369555e-06,1.5320777893066406
1754,6.098805346538071e-06,0.0001379738979722671,1.1342933655242131e-05,5.105612494059514e-06,1.5308856964111328
1755,6.070994476557413e-06,0.0001377344386481135,1.1336581416189448e-05,5.0947230970986666e-06,1.569986343383789
1756,6.044022445416725e-06,0.00013750312645198276,1.132900066421563e-05,5.085917766719767e-06,1.537322998046875
1757,6.018351146119164e-06,0.00013728021335165065,1.131958178533689e-05,5.079509914389575e-06,1.53350830078125
1758,5.994341579376549e-06,0.00013706571343087348,1.1307776444783302e-05,5.0756819920825995e-06,1.5230178833007812
1759,5.972230263911782e-06,0.0001368594034907349,1.1293127131211202e-05,5.07446389256863e-06,1.5256404876708984
1760,5.952114342497738e-06,0.00013666083170901533,1.127529087910059e-05,5.075722328487448e-06,1.5180110931396484
1761,5.93394660253336e-06,0.00013646933403610762,1.1254055565375791e-05,5.079162186920475e-06,1.5516281127929688
1762,5.917540785345583e-06,0.000136284057674587,1.1229347848662862e-05,5.084339718692629e-06,1.5261173248291016
1763,5.902586736180131e-06,0.0001361039907237997,1.1201232642788565e-05,5.0906864093735385e-06,1.5265941619873047
1764,5.888674133578008e-06,0.00013592799685692872,1.116990474008226e-05,5.097541496755267e-06,1.5368461608886719
1765,5.875322919847802e-06,0.00013575485368154313,1.1135673831180994e-05,5.104190538883236e-06,1.5323162078857422
1766,5.8620180943480125e-06,0.00013558329337138374,1.1098944691460815e-05,5.109907147441776e-06,1.5244483947753906
1767,5.8482463411793995e-06,0.00013541204400080429,1.1060194511467347e-05,5.113995023463034e-06,1.5330314636230469
1768,5.833531956088128e-06,0.00013523987008264016,1.1019949483292578e-05,5.115827666322675e-06,1.5714168548583984
1769,5.817469711699273e-06,0.00013506561089174994,1.0978762496206114e-05,5.114883481334989e-06,1.5435218811035156
1770,5.7997526161414486e-06,0.0001348882151835087,1.0937193535661081e-05,5.110774471010434e-06,1.5463829040527344
1771,5.7801928826876e-06,0.00013470677120767572,1.0895793752482806e-05,5.103267100437136e-06,1.531362533569336
1772,5.758734865207978e-06,0.00013452053107247143,1.0855093671255362e-05,5.092294378170171e-06,1.7032623291015625
1773,5.73545915998258e-06,0.00013432892878278068,1.0815595348168642e-05,5.077958565801896e-06,1.6138553619384766
1774,5.7105775487780085e-06,0.00013413159152404115,1.0777767762447095e-05,5.060524332465235e-06,1.5864372253417969
1775,5.684418953611725e-06,0.0001339283440898708,1.0742044371230146e-05,5.040402571303409e-06,1.5506744384765625
1776,5.657407114463541e-06,0.0001337192065535864,1.0708821532981984e-05,5.018125553191233e-06,1.5323162078857422
1777,5.630031242663288e-06,0.00013350438556374242,1.0678456555810644e-05,4.994314594089013e-06,1.5347003936767578
1778,5.602811483771439e-06,0.00013328425986528227,1.0651264319148002e-05,4.96964197669043e-06,1.5234947204589844
1779,5.5762615274788076e-06,0.000133059360793425,1.0627511875720489e-05,4.944789418412368e-06,1.5299320220947266
1780,5.550851130498593e-06,0.00013283034866195514,1.060741090098016e-05,4.920405894015985e-06,1.5175342559814453
1781,5.52697152736323e-06,0.00013259798605121402,1.0591108388889546e-05,4.897067941236828e-06,1.5807151794433594
1782,5.5049066853003105e-06,0.00013236310902143712,1.0578676517756399e-05,4.875245688658162e-06,1.5330314636230469
1783,5.484812985863052e-06,0.00013212659733481672,1.0570102881103119e-05,4.855277557485929e-06,1.5597343444824219
1784,5.466709271145823e-06,0.00013188934469372262,1.056528252396335e-05,4.8373559874364136e-06,1.5375614166259766
1785,5.450478224731955e-06,0.0001316522299787625,1.0564013104145276e-05,4.821525521065651e-06,1.5306472778320312
1786,5.435878987051281e-06,0.00013141609032767237,1.0565994295870584e-05,4.807693392657108e-06,1.5273094177246094
1787,5.4225697825643055e-06,0.00013118169684581176,1.0570832128771701e-05,4.7956514632614396e-06,1.5726089477539062
1788,5.410138371169156e-06,0.00013094973357366427,1.0578048429670575e-05,4.785107184657461e-06,1.5549659729003906
1789,5.398137412570451e-06,0.00013072078019066521,1.0587095012485271e-05,4.775720359082889e-06,1.531362533569336
1790,5.386121483864226e-06,0.00013049529883723448,1.0597371780788886e-05,4.767142001166415e-06,1.6024112701416016
1791,5.373682438060581e-06,0.0001302736252532668,1.060824751486288e-05,4.759051488321037e-06,1.5685558319091797
1792,5.3604801326452715e-06,0.00013005596431769285,1.0619081935422834e-05,4.751188552905054e-06,1.5957355499267578
1793,5.346266066322678e-06,0.00012984238994037098,1.0629247591864248e-05,4.743377265408738e-06,1.65557861328125
1794,5.330898214734811e-06,0.00012963284909534007,1.0638150236621411e-05,4.7355400346316934e-06,1.6238689422607422
1795,5.314346158730729e-06,0.0001294271697666631,1.0645246606988494e-05,4.727700619971906e-06,1.5621185302734375
1796,5.296686424268135e-06,0.00012922507233343157,1.0650058901290871e-05,4.719976153097199e-06,1.5456676483154297
1797,5.2780887735982485e-06,0.00012902618397467184,1.0652185549909971e-05,4.712559163207601e-06,1.6164779663085938
1798,5.258794897976744e-06,0.0001288300555137421,1.0651308306822302e-05,4.7056914807972995e-06,1.9099712371826172
1799,5.239091585057246e-06,0.00012863618007064747,1.0647195923678006e-05,4.699632648219678e-06,1.718282699584961
1800,5.219280873536529e-06,0.00012844401289763459,1.0639704932640712e-05,4.6946259850918764e-06,1.5552043914794922
1801,5.1996499451337105e-06,0.00012825299170933147,1.0628778124572116e-05,4.690865697981945e-06,1.768350601196289
1802,5.180443516680614e-06,0.00012806255683332464,1.0614441373554915e-05,4.688468344533217e-06,1.8334388732910156
1803,5.16184122176609e-06,0.0001278721705229618,1.0596799343844408e-05,4.687451506311972e-06,1.611471176147461
1804,5.143941975809338e-06,0.0001276813348300856,1.0576030482000076e-05,4.687721776863093e-06,1.585245132446289
1805,5.1267565810951656e-06,0.00012748960745590784,1.0552381522962215e-05,4.689073147700539e-06,1.5959739685058594
1806,5.1102089993198785e-06,0.00012729661509765174,1.0526161543560096e-05,4.6911957878836935e-06,1.558542251586914
1807,5.094145834025156e-06,0.00012710206390694493,1.0497735427868565e-05,4.693694131512076e-06,1.786947250366211
1808,5.078352781456903e-06,0.00012690574673132802,1.0467516522514159e-05,4.696112321832912e-06,1.5659332275390625
1809,5.062576191968654e-06,0.00012670754698337005,1.0435958164030544e-05,4.697964475358263e-06,1.539468765258789
1810,5.046547517195705e-06,0.00012650743901418767,1.0403543868203103e-05,4.6987669700725925e-06,1.5342235565185547
1811,5.030008312804682e-06,0.00012630548506856664,1.037077600711557e-05,4.698070049269639e-06,1.523733139038086
1812,5.012733598823077e-06,0.00012610182896107528,1.0338163026811314e-05,4.695486348430799e-06,1.5838146209716797
1813,4.9945517085918416e-06,0.0001258966867184448,1.0306205429817511e-05,4.690714450302947e-06,1.5366077423095703
1814,4.975359235553097e-06,0.00012569033459115299,1.0275380979827051e-05,4.683556176298325e-06,1.5377998352050781
1815,4.955130186200925e-06,0.00012548309487289772,1.0246129782420392e-05,4.673926882567116e-06,1.531839370727539
1816,4.933918997261465e-06,0.00012527532006030722,1.021884002419483e-05,4.6618586014247e-06,1.5282630920410156
1817,4.9118575460931926e-06,0.00012506737600058652,1.019383523246636e-05,4.647496306494601e-06,1.5270709991455078
1818,4.889146697667872e-06,0.00012485962460019565,1.017136388751658e-05,4.631087955659691e-06,1.5561580657958984
1819,4.86604326049674e-06,0.00012465240685790674,1.0151592090774885e-05,4.612969243239034e-06,1.5368461608886719
1820,4.842843454484796e-06,0.0001244460268096864,1.0134599809292713e-05,4.59354418362479e-06,1.538991928100586
1821,4.819864135828001e-06,0.00012424073708455695,1.0120380942830225e-05,4.573262767889636e-06,1.5637874603271484
1822,4.797423076380631e-06,0.00012403672664606285,1.0108847207015324e-05,4.5525969978736716e-06,1.5501976013183594
1823,4.775819579943016e-06,0.000123834111242223,1.0099835503190907e-05,4.532016615115995e-06,1.5718936920166016
1824,4.755316616782104e-06,0.00012363292697928918,1.0093118264314577e-05,4.511965796175935e-06,1.535177230834961
1825,4.73612550501646e-06,0.0001234331273369512,1.0088416057093479e-05,4.492842002463313e-06,1.6031265258789062
1826,4.718393970516485e-06,0.0001232345837695687,1.008541165079682e-05,4.474978038310519e-06,1.5804767608642578
1827,4.702198168033297e-06,0.00012303708993055123,1.0083764721247819e-05,4.458628184858934e-06,1.5685558319091797
1828,4.687539003253507e-06,0.00012284036936739811,1.0083126457468933e-05,4.44395905247598e-06,1.5697479248046875
1829,4.6743428217882926e-06,0.00012264408642582026,1.0083153384068797e-05,4.431045524700821e-06,1.5609264373779297
1830,4.662466289875714e-06,0.00012244785991645448,1.0083519892154404e-05,4.419871877935808e-06,1.6245841979980469
1831,4.651705072411375e-06,0.0001222512790094445,1.0083929079641373e-05,4.4103378712260746e-06,1.6095638275146484
1832,4.6418057253716845e-06,0.00012205392069042304,1.0084121659955375e-05,4.402269310960268e-06,1.5516281127929688
1833,4.6324800709394375e-06,0.00012185536807268018,1.0083882759178254e-05,4.395432349278335e-06,1.5375614166259766
1834,4.6234212404659025e-06,0.0001216552287685064,1.0083046539450413e-05,4.389550585410573e-06,1.5227794647216797
1835,4.614320494078561e-06,0.00012145315255821728,1.0081498625266582e-05,4.3843238941585326e-06,1.5273094177246094
1836,4.604883922589175e-06,0.00012124884760819064,1.0079176327421092e-05,4.379447845555364e-06,1.5249252319335938
1837,4.5948481425962044e-06,0.00012104209452550331,1.0076066723216278e-05,4.37463256496997e-06,1.5244483947753906
1838,4.583994156858306e-06,0.00012083275767205422,1.0072202652768582e-05,4.369619951266003e-06,1.5442371368408203
1839,4.572158621759751e-06,0.00012062079321832542,1.0067656766167054e-05,4.36419826862164e-06,1.53350830078125
1840,4.559241879196428e-06,0.00012040625363535467,1.0062533824754589e-05,4.3582132843017245e-06,1.519918441772461
1841,4.5452122649926715e-06,0.0001201892883599292,1.0056961530044711e-05,4.351575328361698e-06,1.5227794647216797
1842,4.530106365635915e-06,0.0001199701406507246,1.0051080300479571e-05,4.344261861884785e-06,1.5163421630859375
1843,4.514025127775318e-06,0.0001197491407055076,1.0045032490733177e-05,4.336315420115502e-06,1.520395278930664
1844,4.497125952960374e-06,0.00011952669533226352,1.0038951652225035e-05,4.327837063658517e-06,1.535177230834961
1845,4.479611176704641e-06,0.00011930327454588939,1.0032952509314402e-05,4.318975767189042e-06,1.5544891357421875
1846,4.4617135943234115e-06,0.00011907939563888243,1.0027122297087537e-05,4.309914461666132e-06,1.6300678253173828
1847,4.443679955219292e-06,0.00011885560532380067,1.0021514127966336e-05,4.300853722627434e-06,1.5358924865722656
1848,4.425753537004864e-06,0.00011863246060945452,1.0016142850262476e-05,4.291994283717185e-06,1.5451908111572266
1849,4.408157079445009e-06,0.00011841050919694608,1.001098377320085e-05,4.283519728438716e-06,1.5325546264648438
1850,4.391077352216566e-06,0.00011819027004512535,1.0005974343702928e-05,4.2755806932652995e-06,1.5325546264648438
1851,4.374652599640342e-06,0.00011797221488470824,1.000101866702002e-05,4.2682818725226834e-06,1.7921924591064453
1852,4.3589638655210775e-06,0.00011775675133502989,9.99599447441505e-06,4.2616728588326256e-06,1.5451908111572266
1853,4.344030912110014e-06,0.00011754420819610583,9.990761964087826e-06,4.255743549811818e-06,1.5411376953125
1854,4.329813044915515e-06,0.00011733482348260361,9.985173760071102e-06,4.250424434579697e-06,1.53350830078125
1855,4.316214712615046e-06,0.00011712873555029825,9.979085147602736e-06,4.245591625374229e-06,1.5299320220947266
1856,4.303095349813915e-06,0.00011692597762222175,9.972363770085034e-06,4.241076102641505e-06,1.5299320220947266
1857,4.290282545522891e-06,0.00011672647588344592,9.964898013967109e-06,4.236676258500245e-06,1.5649795532226562
1858,4.277587375229174e-06,0.00011653005115119428,9.956603504349809e-06,4.232172593580368e-06,1.5366077423095703
1859,4.264820592408832e-06,0.0001163364240429939,9.947427320422714e-06,4.227343297501486e-06,1.5273094177246094
1860,4.2518083641698334e-06,0.00011614522341519134,9.937349786626104e-06,4.221979442295787e-06,1.5232563018798828
1861,4.238406349069036e-06,0.00011595599776090235,9.926383964846628e-06,4.215898647849208e-06,1.5270709991455078
1862,4.224511103683675e-06,0.00011576822914515422,9.914573135973653e-06,4.208956276663911e-06,1.734018325805664
1863,4.21006807989853e-06,0.0001155813492018412,9.901986815386852e-06,4.201053488332872e-06,1.5544891357421875
1864,4.195075759370546e-06,0.00011539475660059253,9.888715871981837e-06,4.192141764760813e-06,1.5532970428466797
1865,4.179585776493982e-06,0.00011520783548579132,9.874867397516654e-06,4.182223814674666e-06,1.52587890625
1866,4.163699170147583e-06,0.00011501997417466145,9.860559895534887e-06,4.171351025583689e-06,1.528024673461914
1867,4.147559147970025e-06,0.00011483058361186197,9.845919259380437e-06,4.159617856620247e-06,1.5196800231933594
1868,4.131340976179932e-06,0.00011463911494647128,9.831075808289755e-06,4.147153755448516e-06,1.5325546264648438
1869,4.11523975987796e-06,0.0001144450757198842,9.816162461761756e-06,4.134113300085267e-06,1.5213489532470703
1870,4.099456996728128e-06,0.00011424804415724365,9.801313918443125e-06,4.120665344997744e-06,1.542806625366211
1871,4.0841868387533195e-06,0.00011404768117090595,9.786666521412211e-06,4.106981969106587e-06,1.5308856964111328
1872,4.0696029969515266e-06,0.00011384373973473453,9.772358361751012e-06,4.0932279964226054e-06,1.529693603515625
1873,4.055847145106247e-06,0.00011363607134792503,9.758529111056403e-06,4.079551764385227e-06,1.5299320220947266
1874,4.043019582330472e-06,0.00011342462947207856,9.745319093031252e-06,4.066077722773226e-06,1.5273094177246094
1875,4.031172714547565e-06,0.00011320946986817051,9.73286717230444e-06,4.052901263158842e-06,1.529693603515625
1876,4.020307734259589e-06,0.00011299074783538083,9.721307234563361e-06,4.040086034484167e-06,1.5387535095214844
1877,4.0103746360114075e-06,0.00011276871252038468,9.710763202988404e-06,4.0276638009048145e-06,1.5513896942138672
1878,4.001275471886168e-06,0.00011254369848246305,9.701342772165985e-06,4.0156367260890305e-06,1.5251636505126953
1879,3.992870550923861e-06,0.00011231611481800352,9.693130258349107e-06,4.003981812189409e-06,1.5239715576171875
1880,3.9849870850821415e-06,0.00011208643219606008,9.686179146735068e-06,3.992657072870915e-06,1.5196800231933594
1881,3.977429656219545e-06,0.00011185516824105727,9.680505004059031e-06,3.981608921787338e-06,1.733541488647461
1882,3.969991787291883e-06,0.00011162287170867984,9.676079511261983e-06,3.970780185658597e-06,1.6109943389892578
1883,3.962467865364197e-06,0.00011139010596245618,9.672826267264602e-06,3.960118123704006e-06,1.6853809356689453
1884,3.95466466740121e-06,0.00011115743225330771,9.670618954042227e-06,3.949581827395316e-06,1.5721321105957031
1885,3.946411811612003e-06,0.00011092539331513177,9.669282195657096e-06,3.939148437180163e-06,1.5344619750976562
1886,3.937570518088504e-06,0.00011069449776178015,9.668595270601698e-06,3.928817659008094e-06,1.5249252319335938
1887,3.928040207226124e-06,0.00011046520574717374,9.668298553379418e-06,3.918614197285606e-06,1.5270709991455078
1888,3.91776257871843e-06,0.00011023791631260378,9.66810235144761e-06,3.908587830390815e-06,1.5265941619873047
1889,3.906722973889972e-06,0.00011001295676282498,9.667697607778644e-06,3.898811022237367e-06,1.5535354614257812
1890,3.8949489850985225e-06,0.00010979057438435226,9.666767807006177e-06,3.889374139252002e-06,1.5425682067871094
1891,3.882506441742656e-06,0.0001095709306995949,9.665001374844618e-06,3.880378521489853e-06,1.5363693237304688
1892,3.869493074154295e-06,0.00010935409841251839,9.662103852732707e-06,3.8719278533810745e-06,1.5327930450439453
1893,3.856030300256632e-06,0.00010914006108770785,9.657809212481006e-06,3.864118427665259e-06,1.5304088592529297
1894,3.842253733124675e-06,0.00010892871552869737,9.65188977621681e-06,3.8570290519802265e-06,1.542806625366211
1895,3.828303102981222e-06,0.00010871987676625033,9.644164368559981e-06,3.850711422519783e-06,1.5358924865722656
1896,3.814312342044281e-06,0.00010851328542209942,9.634504469848783e-06,3.845181791492156e-06,1.5490055084228516
1897,3.800400597034992e-06,0.00010830861724316539,9.62283826921616e-06,3.840414720954802e-06,1.5387535095214844
1898,3.7866648502384235e-06,0.00010810549441467841,9.609152678562536e-06,3.8363395422603005e-06,1.5304088592529297
1899,3.773174727023251e-06,0.00010790349835993115,9.593493411686432e-06,3.832839960835317e-06,1.5268325805664062
1900,3.7599698651235362e-06,0.00010770218352446013,9.575963323148094e-06,3.8297569680057165e-06,1.5311241149902344
1901,3.747060011423373e-06,0.00010750109174884424,9.556719206362415e-06,3.826894956869017e-06,1.950979232788086
1902,3.734427751668565e-06,0.00010729976677224759,9.535967263098094e-06,3.824030655059315e-06,1.5490055084228516
1903,3.7220335590791213e-06,0.00010709776836464643,9.513957410716445e-06,3.820924272219444e-06,1.5377998352050781
1904,3.7098226240542427e-06,0.00010689468567822329,9.490976580116406e-06,3.817332073626139e-06,1.5358924865722656
1905,3.697732798916298e-06,0.00010669014937578557,9.467341133726469e-06,3.8130195154543602e-06,1.535177230834961
1906,3.685702890875891e-06,0.00010648384213517025,9.44338848664276e-06,3.807774045635875e-06,1.524209976196289
1907,3.6736805354192655e-06,0.00010627550725147533,9.419468058203521e-06,3.8014167351092698e-06,1.5659332275390625
1908,3.6616289576283304e-06,0.00010606495499787931,9.395931672736481e-06,3.793812026785754e-06,1.5447139739990234
1909,3.6495320371571505e-06,0.00010585206661525849,9.373123579991226e-06,3.7848750393207305e-06,1.5380382537841797
1910,3.6373972758264006e-06,0.00010563679578334725,9.351370343302158e-06,3.7745760492856886e-06,1.5316009521484375
1911,3.625256460250924e-06,0.00010541916756706935,9.330970874470812e-06,3.762941973667458e-06,1.5418529510498047
1912,3.6131640111739988e-06,0.00010519927490136027,9.312186978800398e-06,3.7500548480942705e-06,1.523733139038086
1913,3.6011932234568405e-06,0.00010497727277024492,9.295234805329765e-06,3.7360474957283237e-06,1.535654067993164
1914,3.589430750274196e-06,0.00010475337034335922,9.280277609574335e-06,3.7210967049892e-06,1.5943050384521484
1915,3.577969827258558e-06,0.00010452782135562099,9.267420219830568e-06,3.705414371424426e-06,1.5347003936767578
1916,3.566902817973283e-06,0.00010430091316035231,9.256705534462185e-06,3.6892371506101602e-06,1.5349388122558594
1917,3.5563136875249893e-06,0.0001040729548602708,9.248113292474194e-06,3.6728152171146745e-06,1.5294551849365234
1918,3.5462709914892536e-06,0.00010384426500818202,9.241561220753157e-06,3.656400749111428e-06,1.528024673461914
1919,3.5368219031132056e-06,0.00010361515938359221,9.236908541597772e-06,3.6402367469119745e-06,1.5189647674560547
1920,3.5279876863054413e-06,0.00010338593927643117,9.233961684256447e-06,3.6245467385714827e-06,1.5673637390136719
1921,3.519760892170093e-06,0.00010315688078327425,9.232481887034901e-06,3.6095258612464883e-06,1.560211181640625
1922,3.512104409736208e-06,0.00010292822548698473,9.23219432265357e-06,3.5953336956706977e-06,1.5597343444824219
1923,3.5049523561976673e-06,0.00010270017288264252,9.232798262470647e-06,3.5820891261574436e-06,1.5761852264404297
1924,3.498212668160699e-06,0.00010247287478681585,9.233977783186808e-06,3.5698673668299876e-06,1.5354156494140625
1925,3.4917711604681375e-06,0.00010224643191166709,9.235412539878505e-06,3.558699183631523e-06,1.5366077423095703
1926,3.4854967488985817e-06,0.00010202089267525231,9.236788121956808e-06,3.5485722201942626e-06,1.5292167663574219
1927,3.479247502358496e-06,0.00010179625418530803,9.237805642583738e-06,3.539434242872432e-06,1.7549991607666016
1928,3.4728771847441405e-06,0.0001015724653324029,9.2381901999122e-06,3.5311980419359313e-06,1.5451908111572266
1929,3.4662419606917143e-06,0.00010134943172333008,9.237698035042833e-06,3.523747665234917e-06,1.539468765258789
1930,3.459206972992055e-06,0.00010112702219974201,9.236122197729345e-06,3.5169456248423786e-06,1.5325546264648438
1931,3.4516525188148472e-06,0.00010090507660735731,9.233296697116851e-06,3.5106406929815987e-06,1.5285015106201172
1932,3.443479600068979e-06,0.00010068341442740842,9.229099098979417e-06,3.504675900892401e-06,1.5339851379394531
1933,3.434614628253303e-06,0.00010046184386853152,9.223451627640543e-06,3.498896352584563e-06,1.600027084350586
1934,3.425013101850015e-06,0.00010024017104768012,9.216320861440466e-06,3.4931564944963154e-06,1.5816688537597656
1935,3.4146620736230982e-06,0.00010001820884305668,9.207716110800358e-06,3.487326490256347e-06,1.5287399291992188
1936,3.4035812597744378e-06,9.97957851036033e-05,9.197686615482876e-06,3.4812974056288765e-06,1.5268325805664062
1937,3.3918226644773847e-06,9.957274989506702e-05,9.18631768852851e-06,3.4749849543771317e-06,1.537322998046875
1938,3.3794686288130814e-06,9.934898155017713e-05,9.173725966028174e-06,3.4683316121577394e-06,1.5337467193603516
1939,3.366628292739679e-06,9.912439131346248e-05,9.160053920504582e-06,3.461307007638248e-06,1.5537738800048828
1940,3.3534325161873414e-06,9.889892648808349e-05,9.14546381971599e-06,3.4539065743816176e-06,1.5416145324707031
1941,3.340027421610404e-06,9.867257199929212e-05,9.130131331733189e-06,3.4461485662754917e-06,1.531839370727539
1942,3.3265668281518535e-06,9.844535040010597e-05,9.114238986294602e-06,3.438069651872155e-06,1.5723705291748047
1943,3.313203954686876e-06,9.821732034901108e-05,9.09796971761852e-06,3.429719401695432e-06,1.5435218811035156
1944,3.3000828818334953e-06,9.798857370880671e-05,9.081500711929135e-06,3.421154090191754e-06,1.52587890625
1945,3.2873303289795565e-06,9.775923136688649e-05,9.064997780105995e-06,3.4124302944857752e-06,1.5320777893066406
1946,3.275048356733744e-06,9.752943802562187e-05,9.04861046330151e-06,3.403598823025472e-06,1.6057491302490234
1947,3.263308557125719e-06,9.729935610806546e-05,9.032468022406001e-06,3.394699473901066e-06,1.5702247619628906
1948,3.252148246461853e-06,9.706915906422235e-05,9.016676436541945e-06,3.3857570945683547e-06,1.5366077423095703
1949,3.2415690251353277e-06,9.683902431724964e-05,9.001316479885668e-06,3.3767792941286e-06,1.5268325805664062
1950,3.2315378811598423e-06,9.660912605389895e-05,8.986442876360148e-06,3.3677560153437094e-06,1.5225410461425781
1951,3.221990818429737e-06,9.637962817877112e-05,8.972084480166149e-06,3.3586610202023017e-06,1.7638206481933594
1952,3.2128387479602288e-06,9.615067760404497e-05,8.958245405595755e-06,3.3494551420053253e-06,1.5997886657714844
1953,3.2039751953609394e-06,9.592239814426178e-05,8.944906922178538e-06,3.3400909993433877e-06,1.5499591827392578
1954,3.195285210215943e-06,9.569488520365754e-05,8.932029999190745e-06,3.3305187260317854e-06,1.5363693237304688
1955,3.1866547548334587e-06,9.546820142469424e-05,8.91955829870443e-06,3.3206921590986534e-06,1.5263557434082031
1956,3.17797981216393e-06,9.524237348320291e-05,8.907421471878856e-06,3.310574885674108e-06,1.523733139038086
1957,3.1691744903376846e-06,9.501739009758455e-05,8.895538618334848e-06,3.300145562460949e-06,1.5277862548828125
1958,3.1601774759178483e-06,9.479320136615483e-05,8.883821784768794e-06,3.289401971669081e-06,1.51824951171875
1959,3.150956346303286e-06,9.456971944922302e-05,8.872179439059839e-06,3.2783634026535734e-06,1.6112327575683594
1960,3.1415094151934143e-06,9.434682060412993e-05,8.86051986108097e-06,3.2670710869559694e-06,1.5420913696289062
1961,3.1318649899478946e-06,9.412434849501018e-05,8.848754419076427e-06,3.255586588815518e-06,1.5399456024169922
1962,3.1220781343103302e-06,9.390211872021401e-05,8.83680072097193e-06,3.24398825018129e-06,1.5368461608886719
1963,3.112225208693751e-06,9.367992440354679e-05,8.82458559829623e-06,3.2323659438442348e-06,1.5554428100585938
1964,3.1023966596578024e-06,9.345754267346058e-05,8.812047910807286e-06,3.2208145718007805e-06,1.5306472778320312
1965,3.0926886496387567e-06,9.323474184731627e-05,8.799141085948281e-06,3.2094268534742974e-06,1.5845298767089844
1966,3.0831942285441892e-06,9.301128907048628e-05,8.785835331743519e-06,3.1982860292000925e-06,1.5556812286376953
1967,3.073994775468001e-06,9.278695817230618e-05,8.772119384264212e-06,3.1874591325652056e-06,1.837015151977539
1968,3.0651524234548247e-06,9.25615374802394e-05,8.758001675432618e-06,3.176991436076936e-06,1.5709400177001953
1969,3.0567040894217316e-06,9.233483730948627e-05,8.74351077879409e-06,3.1669025897882346e-06,1.5382766723632812
1970,3.0486575912762362e-06,9.210669689666957e-05,8.7286949959606e-06,3.1571848170803583e-06,1.5325546264648438
1971,3.0409901507776845e-06,9.187699051438506e-05,8.713621002656844e-06,3.1478033538281233e-06,1.5740394592285156
1972,3.0336493728734417e-06,9.164563254181341e-05,8.698371479682546e-06,3.1386991208140384e-06,1.544952392578125
1973,3.026556571446283e-06,9.141258131784319e-05,8.683041760397601e-06,3.129793414624115e-06,1.5304088592529297
1974,3.0196121297919747e-06,9.117784160213175e-05,8.667735559572255e-06,3.120994242478815e-06,1.531362533569336
1975,3.012702411365948e-06,9.094146556145352e-05,8.652559957128853e-06,3.1122037797937345e-06,1.5285015106201172
1976,3.005707644582677e-06,9.070355218420764e-05,8.637619877477604e-06,3.1033263572323214e-06,1.5254020690917969
1977,2.998510145517795e-06,9.046424515617633e-05,8.623012335302866e-06,3.0942763469776227e-06,1.5218257904052734
1978,2.991002243732826e-06,9.02237292062487e-05,8.608820817484062e-06,3.084985337634501e-06,1.5742778778076172
1979,2.9830933444798982e-06,8.998222504103867e-05,8.59511014288621e-06,3.0754080571146532e-06,1.5370845794677734
1980,2.9747156373727237e-06,8.973998301922825e-05,8.581922138684223e-06,3.0655265992328516e-06,1.520395278930664
1981,2.9658280943234214e-06,8.949727574858538e-05,8.569272440285494e-06,3.0553526391094733e-06,1.5211105346679688
1982,2.956418529187267e-06,8.92543898470388e-05,8.55714866218533e-06,3.044927461440128e-06,1.522064208984375
1983,2.9465036297953555e-06,8.901161715410239e-05,8.545510058201649e-06,3.034319773304508e-06,1.5454292297363281
1984,2.9361270281441624e-06,8.876924566495339e-05,8.534288736584975e-06,3.0236214316828408e-06,1.5637874603271484
1985,2.9253555803791097e-06,8.852755050813889e-05,8.523392357224362e-06,3.0129413428801784e-06,1.5368461608886719
1986,2.914274169834912e-06,8.828678527953935e-05,8.51270816687349e-06,3.002397936275823e-06,1.523733139038086
1987,2.902979426288376e-06,8.804717401783452e-05,8.502108102470114e-06,2.992110715062825e-06,1.5256404876708984
1988,2.8915728315176928e-06,8.780890412488327e-05,8.49145470001684e-06,2.9821914637332977e-06,1.5294551849365234
1989,2.880153719532525e-06,8.757212045332132e-05,8.480607426112356e-06,2.9727357398186316e-06,1.5301704406738281
1990,2.8688127028569725e-06,8.733692078182048e-05,8.469429120240204e-06,2.9638152798183384e-06,1.527547836303711
1991,2.8576260037902406e-06,8.710335283634404e-05,8.457792200494939e-06,2.9554718862024737e-06,1.5649795532226562
1992,2.8466511221096054e-06,8.68714129344444e-05,8.44558433310937e-06,2.9477132782442062e-06,1.6965866088867188
1993,2.8359241568903267e-06,8.664104632162451e-05,8.432713340473432e-06,2.9405112396142686e-06,1.5361309051513672
1994,2.8254589703642266e-06,8.64121491663063e-05,8.41911114207305e-06,2.933802220935184e-06,1.5430450439453125
1995,2.815248233493118e-06,8.618457212074017e-05,8.404736634956325e-06,2.927490372437564e-06,1.7766952514648438
1996,2.805266235410213e-06,8.5958125353288e-05,8.389577423987697e-06,2.9214527887313784e-06,1.5532970428466797
1997,2.7954731872421337e-06,8.573258481152977e-05,8.373650424348406e-06,2.9155465786530705e-06,1.5761852264404297
1998,2.7858206356563888e-06,8.550769954752121e-05,8.357001354604911e-06,2.90961725001715e-06,1.5411376953125
1999,2.7762574959017814e-06,8.528319981783867e-05,8.339703202003139e-06,2.9035078035930377e-06,1.5225410461425781
2000,2.766736185800893e-06,8.505880567703877e-05,8.321853751277213e-06,2.8970679118699705e-06,1.5223026275634766
2001,2.7572183137413227e-06,8.483423579517533e-05,8.303572291634794e-06,2.890162558229036e-06,1.783132553100586
2002,2.7476794363901378e-06,8.460921618325645e-05,8.284995638195476e-06,2.882679589902e-06,1.5559196472167969
2003,2.738112468486766e-06,8.438348855901395e-05,8.266273580256644e-06,2.8745357266136753e-06,1.5294551849365234
2004,2.7285294427404424e-06,8.415681808040507e-05,8.247563902323647e-06,2.865680684490583e-06,1.5709400177001953
2005,2.7189614564257358e-06,8.392900019898876e-05,8.229027139591544e-06,2.856099223297309e-06,1.522064208984375
2006,2.709456790139655e-06,8.369986645633458e-05,8.210821196055937e-06,2.8458110575479085e-06,1.5292167663574219
2007,2.7000773314809007e-06,8.346928900903954e-05,8.193095992024623e-06,2.8348687119778706e-06,1.5277862548828125
2008,2.690893593542483e-06,8.323718379625156e-05,8.175988319752171e-06,2.823353543408713e-06,1.5196800231933594
2009,2.681978718190157e-06,8.30035122733663e-05,8.159617060608284e-06,2.8113702415005086e-06,1.5211105346679688
2010,2.6734019802904015e-06,8.276828163828789e-05,8.144078946839312e-06,2.799040241277112e-06,1.5511512756347656
2011,2.665222326145056e-06,8.253154364210109e-05,8.12944501590713e-06,2.786494513040249e-06,1.5375614166259766
2012,2.6574825043693797e-06,8.229339198283681e-05,8.115757908095629e-06,2.773866236454848e-06,1.5287399291992188
2013,2.650204295713877e-06,8.205395845051335e-05,8.103030120772572e-06,2.761283858044655e-06,1.5306472778320312
2014,2.6433852529142313e-06,8.181340793600397e-05,8.091243310405285e-06,2.7488649739680654e-06,1.5234947204589844
2015,2.636997222662248e-06,8.157193251370332e-05,8.080348666449288e-06,2.7367114027136795e-06,1.5697479248046875
2016,2.6309867719859127e-06,8.132974482049339e-05,8.070268359383051e-06,2.724905699099511e-06,1.5604496002197266
2017,2.6252774583254634e-06,8.108707094458772e-05,8.060898018342101e-06,2.7135092259905625e-06,1.5957355499267578
2018,2.6197737360163913e-06,8.084414310159644e-05,8.052110109870825e-06,2.702561767072496e-06,1.554250717163086
2019,2.6143661523072578e-06,8.060119232066202e-05,8.043758102109104e-06,2.6920825334653375e-06,1.5304088592529297
2020,2.608937395882609e-06,8.03584414187144e-05,8.035681235519366e-06,2.6820723072544497e-06,1.5308856964111328
2021,2.6033687190906063e-06,8.011609847157776e-05,8.027709692774074e-06,2.67251639707184e-06,1.5213489532470703
2022,2.5975462505147076e-06,7.987435097779606e-05,8.019669989111512e-06,2.663388037346536e-06,1.5869140625
2023,2.5913667715116004e-06,7.963336092476085e-05,8.011390359577628e-06,2.654651876087216e-06,1.6028881072998047
2024,2.584742599147451e-06,7.939326085824876e-05,8.002705971491023e-06,2.646267231556211e-06,1.5728473663330078
2025,2.5776053247470745e-06,7.915415108011727e-05,7.99346377691459e-06,2.6381908721695086e-06,1.554727554321289
2026,2.5699082598025774e-06,7.891609800583018e-05,7.983526871862924e-06,2.630379154082023e-06,1.5347003936767578
2027,2.5616275679754405e-06,7.867913370110739e-05,7.972778240762697e-06,2.622789464228975e-06,1.5370845794677734
2028,2.552762131197246e-06,7.844325656037828e-05,7.96112378986374e-06,2.6153809777462347e-06,1.5423297882080078
2029,2.5433323031185e-06,7.820843306935556e-05,7.948494624067632e-06,2.6081148393410216e-06,1.617431640625
2030,2.5333777489182535e-06,7.79746005246956e-05,7.934848513171042e-06,2.600953920114955e-06,2.0449161529541016
2031,2.522954597452371e-06,7.774167058453408e-05,7.920170557214851e-06,2.593862320385449e-06,1.7809867858886719
2032,2.512132157748454e-06,7.75095335178432e-05,7.90447303948841e-06,2.5868048130719473e-06,1.5494823455810547
2033,2.5009894265668046e-06,7.72780629332918e-05,7.887794496676322e-06,2.579746380924986e-06,1.9469261169433594
2034,2.4896115914948647e-06,7.704712086725077e-05,7.870198061764539e-06,2.572651975477912e-06,1.6071796417236328
2035,2.478086697720841e-06,7.681656300435217e-05,7.851769116857626e-06,2.5654865703307838e-06,1.567840576171875
2036,2.466502595916601e-06,7.658624389137547e-05,7.832612346486065e-06,2.5582155349580075e-06,1.5506744384765625
2037,2.4549442483381334e-06,7.635602195231548e-05,7.812848263729638e-06,2.550805296751314e-06,1.8229484558105469
2038,2.4434914322161863e-06,7.612576416541682e-05,7.792609320932222e-06,2.5432242342955142e-06,1.608133316040039
2039,2.4322168362881905e-06,7.589535027071023e-05,7.772035713596153e-06,2.535443697415879e-06,1.558542251586914
2040,2.4211845490910484e-06,7.566467637652384e-05,7.751271007916152e-06,2.5274390645412036e-06,1.5308856964111328
2041,2.4104489056961616e-06,7.543365788971663e-05,7.730457720470908e-06,2.5191907309155943e-06,1.5435218811035156
2042,2.4000536735951055e-06,7.520223168032375e-05,7.709733002360237e-06,2.51068494403611e-06,1.6109943389892578
2043,2.3900315669324274e-06,7.497035743389224e-05,7.68922456082209e-06,2.5019144371491438e-06,1.5628337860107422
2044,2.3804040800983038e-06,7.473801818387856e-05,7.669046957589237e-06,2.4928788210939694e-06,1.560211181640625
2045,2.3711816485384667e-06,7.450522000027226e-05,7.649298401885484e-06,2.483584741329095e-06,1.5757083892822266
2046,2.362364143464083e-06,7.427199088017519e-05,7.630058153914011e-06,2.4740458174860055e-06,1.5666484832763672
2047,2.3539417057674326e-06,7.403837887347721e-05,7.611384611903901e-06,2.464282400551773e-06,1.554250717163086
2048,2.3458959059846493e-06,7.380444952622542e-05,7.5933141488724955e-06,2.4543211872859916e-06,1.6913414001464844
2049,2.3382012045109625e-06,7.357028274060567e-05,7.575860714716341e-06,2.4441947296469613e-06,1.5950202941894531
2050,2.330826649388856e-06,7.333596915619822e-05,7.559016215462339e-06,2.4339408542277975e-06,1.5459060668945312
2051,2.3237377321046263e-06,7.310160618767249e-05,7.542751623714094e-06,2.423602003543153e-06,1.7576217651367188
2052,2.316898288412856e-06,7.286729387838334e-05,7.527018779467168e-06,2.413224477675306e-06,1.556396484375
2053,2.3102723186983557e-06,7.263313070366689e-05,7.511752777631312e-06,2.4028575505544774e-06,1.5578269958496094
2054,2.3038255953814326e-06,7.239920949976432e-05,7.496874887371377e-06,2.3925524200837554e-06,1.562356948852539
2055,2.29752693575844e-06,7.21656136713014e-05,7.4822958404843416e-06,2.3823609561542583e-06,1.5273094177246094
2056,2.2913490295576537e-06,7.193241381198475e-05,7.4679194230338855e-06,2.3723342177368167e-06,1.6727447509765625
2057,2.2852687588656655e-06,7.169966490262179e-05,7.453646216399159e-06,2.3625207405511293e-06,1.5816688537597656
2058,2.279266984576142e-06,7.146740415533181e-05,7.439377366207765e-06,2.3529646258083486e-06,1.5316009521484375
2059,2.273327823931956e-06,7.123564964517174e-05,7.425018276855031e-06,2.343703495854106e-06,1.5647411346435547
2060,2.2674374988087644e-06,7.100439973077214e-05,7.410482079817927e-06,2.3347664225792007e-06,1.5671253204345703
2061,2.261582881632454e-06,7.077363334773898e-05,7.395692794485459e-06,2.326171973764104e-06,1.5611648559570312
2062,2.255749896104126e-06,7.054331111128283e-05,7.380588045168663e-06,2.3179265302813036e-06,1.537322998046875
2063,2.249921959515775e-06,7.031337721990973e-05,7.365121254977011e-06,2.310023049302298e-06,1.5304088592529297
2064,2.2440786558213585e-06,7.008376207563105e-05,7.3492632131243186e-06,2.3024404326684923e-06,1.547098159790039
2065,2.238194806611468e-06,6.985438549940689e-05,7.333002965063586e-06,2.2951436199747556e-06,1.5594959259033203
2066,2.2322400875041576e-06,6.962516043504082e-05,7.3163479628732874e-06,2.288084501140347e-06,1.5366077423095703
2067,2.2261792798075746e-06,6.939599696598539e-05,7.299323456353986e-06,2.2812036660970063e-06,1.5876293182373047
2068,2.2199731853563768e-06,6.91668064954807e-05,7.281971126965118e-06,2.2744329424712096e-06,1.5659332275390625
2069,2.2135801810367293e-06,6.893750589689403e-05,7.2643470269624905e-06,2.267698620601604e-06,1.617431640625
2070,2.2069583145892664e-06,6.870802149501433e-05,7.246518859466172e-06,2.260925188931436e-06,1.5978813171386719
2071,2.2000677980536555e-06,6.847829267344486e-05,7.228562744340476e-06,2.2540393616332235e-06,1.5377998352050781
2072,2.1928737036173687e-06,6.824827500369817e-05,7.210559587066977e-06,2.246974146037757e-06,1.529693603515625
2073,2.1853486537146555e-06,6.801794271473128e-05,7.19259123349574e-06,2.2396726867131295e-06,1.5501976013183594
2074,2.177475276898482e-06,6.77872904572693e-05,7.174736585779633e-06,2.232091629179723e-06,1.6732215881347656
2075,2.169248224558623e-06,6.755633422838907e-05,7.1570678720509575e-06,2.224203772841369e-06,1.6453266143798828
2076,2.160675557751474e-06,6.73251114729459e-05,7.139647269115827e-06,2.215999816481919e-06,1.7917156219482422
2077,2.151779375156288e-06,6.709368029980437e-05,7.122524038580841e-06,2.2074890737405072e-06,1.552581787109375
2078,2.1425955874791456e-06,6.68621178950679e-05,7.105732332317243e-06,2.1986990769916734e-06,1.5611648559570312
2079,2.1331728207950165e-06,6.663051814043002e-05,7.089289761240349e-06,2.189674076240203e-06,1.558065414428711
2080,2.1235704845561707e-06,6.63989885677129e-05,7.073196802609391e-06,2.1804724991182572e-06,1.5649795532226562
2081,2.113856115993722e-06,6.616764673354568e-05,7.057437048225179e-06,2.1711635195694793e-06,1.5375614166259766
2082,2.1041021540264684e-06,6.593661618130997e-05,7.041978263000579e-06,2.1618229321935135e-06,1.5261173248291016
2083,2.094382356511909e-06,6.570602213148585e-05,7.026774159311536e-06,2.152528590093938e-06,1.5215873718261719
2084,2.0847681016380552e-06,6.547598705758845e-05,7.011766798070907e-06,2.1433556968659496e-06,1.5764236450195312
2085,2.0753248330547785e-06,6.524662634286247e-05,6.996889419607655e-06,2.1343722643018733e-06,1.5344619750976562
2086,2.0661089023785533e-06,6.501804415070525e-05,6.982069596528361e-06,2.1256350407179113e-06,1.543283462524414
2087,2.0571650375174347e-06,6.479032968855152e-05,6.96723249675782e-06,2.117186186153175e-06,1.528024673461914
2088,2.0485246246889926e-06,6.456355400026588e-05,6.952304120010262e-06,2.1090509281845513e-06,1.5406608581542969
2089,2.0402049285045907e-06,6.433776739445022e-05,6.937214353899607e-06,2.1012363549903626e-06,1.5423297882080078
2090,2.032209298849293e-06,6.411299760519462e-05,6.921899731235779e-06,2.093731422028131e-06,1.5518665313720703
2091,2.0245283407923135e-06,6.38892487621885e-05,6.906305787292641e-06,2.086508160747463e-06,1.5501976013183594
2092,2.017141940212844e-06,6.36665011799055e-05,6.890388958802304e-06,2.079523984493952e-06,1.5578269958496094
2093,2.010021972635261e-06,6.34447119846704e-05,6.874117980314727e-06,2.072724907936308e-06,1.5339851379394531
2094,2.0031354688262843e-06,6.322381654014899e-05,6.8574747567980544e-06,2.0660494330345817e-06,1.5163421630859375
2095,1.996447968534239e-06,6.300373061450315e-05,6.840454732309e-06,2.059432807374557e-06,1.5559196472167969
2096,1.9899267947519554e-06,6.278435319887964e-05,6.823066767107494e-06,2.052811351794625e-06,1.5411376953125
2097,1.9835439757987645e-06,6.256556988594053e-05,6.8053325549132455e-06,2.0461265496230413e-06,1.5375614166259766
2098,1.977278580606846e-06,6.234725666523008e-05,6.787285623727676e-06,2.0393286224188933e-06,1.5256404876708984
2099,1.9711182772373503e-06,6.212928400673439e-05,6.76896997261896e-06,2.0323793621810136e-06,1.5609264373779297
2100,1.9650599928713095e-06,6.191152110297612e-05,6.750438384718106e-06,2.0252540547838844e-06,1.5957355499267578
2101,1.9591096143868323e-06,6.16938401057606e-05,6.731750468082988e-06,2.0179423887486566e-06,1.7437934875488281
2102,1.9532807592510366e-06,6.147612022920026e-05,6.712970496090174e-06,2.010448331016143e-06,1.5430450439453125
2103,1.9475927092104893e-06,6.125825157466879e-05,6.694165091466207e-06,2.0027890120723333e-06,1.543283462524414
2104,1.9420676769765558e-06,6.104013858446499e-05,6.6754008277505815e-06,1.994992738802588e-06,1.546621322631836
2105,1.9367276356065506e-06,6.0821702986248294e-05,6.656741819809861e-06,1.987096317661316e-06,1.5859603881835938
2106,1.9315909660404648e-06,6.060288616344712e-05,6.638247384002226e-06,1.979141896605673e-06,1.5490055084228516
2107,1.9266692255416663e-06,6.038365087233725e-05,6.619969837391662e-06,1.9711735963749436e-06,1.5408992767333984
2108,1.9219643092259384e-06,6.016398229071941e-05,6.601952519941905e-06,1.963234183905223e-06,1.5416145324707031
2109,1.917466263884092e-06,5.994388832518148e-05,6.5842281332308e-06,1.9553620447274746e-06,1.5249252319335938
2110,1.9131519641548054e-06,5.972339922768912e-05,6.566817439937656e-06,1.947588687267402e-06,1.5833377838134766
2111,1.908984780426467e-06,5.9502566514460364e-05,6.549728409895716e-06,1.939936947519956e-06,1.5597343444824219
2112,1.9049152934871268e-06,5.928146124318118e-05,6.532955830884383e-06,1.9324200105369154e-06,1.5709400177001953
2113,1.900883026168138e-06,5.9060171704804773e-05,6.5164814251141776e-06,1.9250412932836052e-06,1.5287399291992188
2114,1.8968190706267105e-06,5.883880060625616e-05,6.5002744718249835e-06,1.917795147448559e-06,1.5301704406738281
2115,1.8926494252019487e-06,5.8617461855721695e-05,6.484292890043707e-06,1.910668280407092e-06,1.5654563903808594
2116,1.8882988023248978e-06,5.839627703502539e-05,6.468484774619411e-06,1.9036417269517887e-06,1.5518665313720703
2117,1.883694633852314e-06,5.817537168563806e-05,6.452790289450694e-06,1.89669316680955e-06,1.5249252319335938
2118,1.8787709949132598e-06,5.795487152343126e-05,6.437143855754545e-06,1.8897993522964241e-06,1.5521049499511719
2119,1.873472186915449e-06,5.7734898709111836e-05,6.421476534298937e-06,1.8829384280147645e-06,1.5442371368408203
2120,1.8677557439666143e-06,5.751556828144893e-05,6.4057185125001185e-06,1.8760919236031969e-06,1.703500747680664
2121,1.8615946867378717e-06,5.72969848720565e-05,6.3898015940047585e-06,1.8692462577729758e-06,1.5749931335449219
2122,1.8549789031825024e-06,5.70792398073108e-05,6.373661595754959e-06,1.8623936396937918e-06,1.5535354614257812
2123,1.8479155934691464e-06,5.686240866557279e-05,6.357240579527289e-06,1.8555323073065675e-06,1.5954971313476562
2124,1.8404287925915882e-06,5.6646549394536517e-05,6.340488823163935e-06,1.8486661202009796e-06,1.59454345703125
2125,1.8325580291299212e-06,5.6431701006715026e-05,6.3233664918249025e-06,1.8418035672015106e-06,1.5592575073242188
2126,1.8243562469210939e-06,5.621788290955808e-05,6.305844950819389e-06,1.8349563185193436e-06,1.5888214111328125
2127,1.8158871371653992e-06,5.600509487691309e-05,6.287907690943679e-06,1.8281374704568058e-06,1.584768295288086
2128,1.8072220862380918e-06,5.579331765074956e-05,6.2695508475773726e-06,1.821359680784647e-06,1.619577407836914
2129,1.798436928819806e-06,5.558251413009946e-05,6.25078331051173e-06,1.8146333685741336e-06,1.5540122985839844
2130,1.789608717599188e-06,5.5372631133921334e-05,6.2316264188180615e-06,1.807965162525349e-06,1.5447139739990234
2131,1.780812703330876e-06,5.51636016179526e-05,6.212113265058982e-06,1.80135675161253e-06,1.5747547149658203
2132,1.7721196798041556e-06,5.495534731278017e-05,6.192287626720224e-06,1.7948042355953424e-06,1.5523433685302734
2133,1.7635938256342791e-06,5.474778165456172e-05,6.172202561532208e-06,1.7882980438944205e-06,1.5263557434082031
2134,1.7552911256627235e-06,5.454081291603167e-05,6.151918705655167e-06,1.781823429007603e-06,1.5323162078857422
2135,1.74725839331687e-06,5.4334347427677284e-05,6.131502326165118e-06,1.7753614829838104e-06,1.5406608581542969
2136,1.7395328876463492e-06,5.4128292775372455e-05,6.111023183260343e-06,1.7688905947626622e-06,1.5673637390136719
2137,1.7321424579861586e-06,5.392256087762334e-05,6.090552266737109e-06,1.7623882146990375e-06,1.56402587890625
2138,1.7251061244055788e-06,5.3717070813590507e-05,6.070159485476856e-06,1.7558327830716857e-06,1.5404224395751953
2139,1.718434976519855e-06,5.3511751339665956e-05,6.049911376370875e-06,1.749205661221703e-06,1.5518665313720703
2140,1.7121332628162474e-06,5.330654299341259e-05,6.029868922707832e-06,1.7424929136951676e-06,1.5265941619873047
2141,1.7061995447263643e-06,5.310139971157023e-05,6.0100855575076144e-06,1.7356868045572921e-06,1.5628337860107422
2142,1.7006277997615955e-06,5.289628995635776e-05,5.99060542044892e-06,1.7287868922268328e-06,1.585245132446289
2143,1.6954083866619861e-06,5.2691197262600895e-05,5.971461949367797e-06,1.7218006490829174e-06,1.535654067993164
2144,1.6905288025228546e-06,5.248612023281549e-05,5.952676858069634e-06,1.71474355365088e-06,1.5337467193603516
2145,1.6859742032995421e-06,5.228107200083479e-05,5.934259542467608e-06,1.7076386549746569e-06,1.529693603515625
2146,1.6817276741723824e-06,5.207607915527076e-05,5.916206931737496e-06,1.7005156268232684e-06,1.6431808471679688
2147,1.6777702801178534e-06,5.187118021303134e-05,5.898503819032589e-06,1.6934093790391583e-06,1.5423297882080078
2148,1.6740809278522944e-06,5.166642369479899e-05,5.881123626198943e-06,1.6863582987934484e-06,1.5406608581542969
2149,1.6706361042141929e-06,5.146186587765917e-05,5.864029591426497e-06,1.6794022358559748e-06,1.5337467193603516
2150,1.6674095524716485e-06,5.125756832958919e-05,5.8471763292519064e-06,1.6725803424193187e-06,1.573324203491211
2151,1.6643719579266366e-06,5.1053595321682915e-05,5.830511683007168e-06,1.6659288982116136e-06,1.9664764404296875
2152,1.6614907039011852e-06,5.085001123174736e-05,5.813978812891645e-06,1.6594792396449359e-06,1.9848346710205078
2153,1.6587297583065025e-06,5.064687802007387e-05,5.797518428577996e-06,1.6532559164934465e-06,1.638174057006836
2154,1.6560497403844351e-06,5.044425290541442e-05,5.7810710667363066e-06,1.6472751812893625e-06,1.550436019897461
2155,1.6534081886052042e-06,5.02421863028003e-05,5.7645793422865865e-06,1.6415438883284695e-06,1.546621322631836
2156,1.6507600595494103e-06,5.004072012415732e-05,5.747990085580242e-06,1.6360588776170829e-06,1.649618148803711
2157,1.6480584522069903e-06,4.9839886482898225e-05,5.731256261349347e-06,1.6308068691058367e-06,1.5478134155273438
2158,1.6452555429588254e-06,4.963970686368964e-05,5.71433864307781e-06,1.6257648762311458e-06,1.523733139038086
2159,1.6423037106930638e-06,4.944019175995614e-05,5.6972071452016585e-06,1.6209011190732418e-06,1.5213489532470703
2160,1.6391568056989017e-06,4.924134078778902e-05,5.67984178876276e-06,1.6161763832330345e-06,1.516103744506836
2161,1.6357715169780445e-06,4.9043143273309176e-05,5.6622332482883885e-06,1.6115457543038889e-06,1.5156269073486328
2162,1.6321087806877557e-06,4.884557925056839e-05,5.644382994630589e-06,1.606960636210972e-06,1.6357898712158203
2163,1.6281351616615174e-06,4.8648620837542074e-05,5.626302996270342e-06,1.602370940787707e-06,1.9907951354980469
2164,1.6238241506741744e-06,4.845223390062649e-05,5.608015012471514e-06,1.5977273453647959e-06,1.7590522766113281
2165,1.6191573062752144e-06,4.82563799613241e-05,5.589549502770093e-06,1.5929834954771737e-06,1.5349388122558594
2166,1.6141251799793112e-06,4.806101821330098e-05,5.570944204729416e-06,1.5880980455829942e-06,1.53350830078125
2167,1.6087279725561417e-06,4.7866107596769404e-05,5.552242420638169e-06,1.5830364407705685e-06,1.523733139038086
2168,1.6029758691044313e-06,4.767160883750745e-05,5.533491105618261e-06,1.5777723504123515e-06,1.6164779663085938
2169,1.596889023088509e-06,4.7477486342322344e-05,5.514738818684358e-06,1.5722886909990332e-06,2.0723342895507812
2170,1.590497170134993e-06,4.7283709898137475e-05,5.4960336365418826e-06,1.566578196138875e-06,1.6446113586425781
2171,1.5838388644194771e-06,4.709025610874758e-05,5.477421121044979e-06,1.5606435082961534e-06,1.5687942504882812
2172,1.5769603614639066e-06,4.689710948263184e-05,5.458942421962532e-06,1.554496802661731e-06,1.589059829711914
2173,1.569914178390739e-06,4.6704263190639e-05,5.440632597131288e-06,1.5481589681969693e-06,1.5902519226074219
2174,1.562757383874183e-06,4.6511719415577053e-05,5.422519236733059e-06,1.541658394383406e-06,1.547098159790039
2175,1.5555496938544052e-06,4.6319489320110914e-05,5.404621432001264e-06,1.5350294372039745e-06,1.5501976013183594
2176,1.5483514602418867e-06,4.6127592638888465e-05,5.386949133877924e-06,1.5283106569813139e-06,1.6846656799316406
2177,1.541221641794462e-06,4.593605689166367e-05,5.369502926338554e-06,1.5215429183713634e-06,1.547098159790039
2178,1.5342158648934078e-06,4.5744916300062425e-05,5.352274208569974e-06,1.5147674672318358e-06,1.5294551849365234
2179,1.5273846639788e-06,4.555421041884777e-05,5.335245756923373e-06,1.508024084198409e-06,1.5256404876708984
2180,1.5207719966196865e-06,4.5363982562566316e-05,5.318392629266941e-06,1.5013494182514494e-06,1.6226768493652344
2181,1.514414105367472e-06,4.517427807873394e-05,5.301683360056109e-06,1.4947755881781556e-06,1.6486644744873047
2182,1.5083387726240363e-06,4.4985142550977726e-05,5.2850813719529314e-06,1.4883291122483189e-06,1.5416145324707031
2183,1.5025650070164433e-06,4.4796619993941396e-05,5.268546520222367e-06,1.4820302251870393e-06,1.5990734100341797
2184,1.4971031489398898e-06,4.460875111093e-05,5.252036721551163e-06,1.4758925868653125e-06,1.730203628540039
2185,1.4919553713489804e-06,4.44215716956679e-05,5.235509553859745e-06,1.4699233828173637e-06,1.5401840209960938
2186,1.48711652557419e-06,4.423511120424086e-05,5.21892381075799e-06,1.4641237829105701e-06,1.6608238220214844
2187,1.4825752517543046e-06,4.404939159483951e-05,5.202240903604809e-06,1.4584897008123673e-06,1.705169677734375
2188,1.478315269917166e-06,4.386442643348687e-05,5.185426109655792e-06,1.4530127803913814e-06,1.5459060668945312
2189,1.4743167532584197e-06,4.368022032766091e-05,5.168449613706351e-06,1.4476815276617976e-06,1.6322135925292969
2190,1.4705576841563938e-06,4.3496768692836216e-05,5.1512873300159044e-06,1.4424824924792328e-06,1.5454292297363281
2191,1.4670151071695893e-06,4.3314057849226e-05,5.133921490864065e-06,1.4374014177210859e-06,1.6734600067138672
2192,1.4636661996777623e-06,4.3132065460842536e-05,5.116341025183448e-06,1.4324242738647805e-06,1.5342235565185547
2193,1.460489099659534e-06,4.295076127426471e-05,5.098541700328592e-06,1.4275381109117578e-06,1.5575885772705078
2194,1.4574634561891035e-06,4.2770108150111715e-05,5.080526080192408e-06,1.4227316833343152e-06,1.6279220581054688
2195,1.454570682777116e-06,4.25900633274261e-05,5.0623032798249046e-06,1.417995811680633e-06,1.5921592712402344
2196,1.4517939233927665e-06,4.241057988659138e-05,5.043888551981706e-06,1.413323477663097e-06,1.596689224243164
2197,1.4491177589649322e-06,4.2231608348426474e-05,5.0253027158951484e-06,1.4087096608018713e-06,1.5308856964111328
2198,1.4465277033345518e-06,4.205309835706832e-05,5.0065714558250075e-06,1.4041509501007726e-06,1.5375614166259766
2199,1.44400955006704e-06,4.1875000379377365e-05,4.987724489530749e-06,1.3996449771316494e-06,1.5947818756103516
2200,1.4415486438359292e-06,4.169726737026085e-05,4.9687946373349445e-06,1.395189730074353e-06,1.5406608581542969
2201,1.439129153161625e-06,4.151985635119442e-05,4.949816811808515e-06,1.3907828178928016e-06,1.8177032470703125
2202,1.4367334270329025e-06,4.1342729827448806e-05,4.930826943464842e-06,1.3864207577203532e-06,1.6067028045654297
2203,1.4343414980531305e-06,4.116585703110991e-05,4.911860877744328e-06,1.3820983491074344e-06,1.5347003936767578
2204,1.4319307986953513e-06,4.098921491242136e-05,4.892953266872243e-06,1.3778082006231353e-06,1.7151832580566406
2205,1.4294761341144844e-06,4.081278888368781e-05,4.874136506791415e-06,1.3735404606171781e-06,1.531839370727539
2206,1.426949930474054e-06,4.0636573277768656e-05,4.855439721071619e-06,1.369282777081446e-06,1.6989707946777344
2207,1.4243227688889457e-06,4.04605714981235e-05,4.836887878720628e-06,1.3650205092857144e-06,1.5304088592529297
2208,1.4215641841104581e-06,4.0284795882326605e-05,4.818501039891197e-06,1.3607371809547172e-06,1.524209976196289
2209,1.4186436888506836e-06,4.0109267271471676e-05,4.800293780576249e-06,1.3564151510370613e-06,1.5621185302734375
2210,1.4155319672763058e-06,3.993401429995111e-05,4.782274823614217e-06,1.35203645438943e-06,1.5959739685058594
2211,1.412202168892644e-06,3.975907243770877e-05,4.764446885583848e-06,1.3475837571022986e-06,1.5938282012939453
2212,1.4086312219988397e-06,3.9584482815160986e-05,4.746806764684597e-06,1.3430413554365882e-06,1.5227794647216797
2213,1.4048010832706815e-06,3.941029086999496e-05,4.7293456474876045e-06,1.3383961415712348e-06,1.5420913696289062
2214,1.4006998477695732e-06,3.923654486670769e-05,4.712049630960124e-06,1.3336384697803972e-06,1.5897750854492188
2215,1.3963226372177916e-06,3.9063294328964875e-05,4.694900447963709e-06,1.3287628452020378e-06,1.5859603881835938
2216,1.3916722132227083e-06,3.8890588436162754e-05,4.677876331552925e-06,1.3237683882867016e-06,1.585245132446289
2217,1.3867592621300768e-06,3.871847446202653e-05,4.66095300834985e-06,1.3186590283638945e-06,1.5327930450439453
2218,1.3816023345522598e-06,3.854699626690144e-05,4.6441047619835195e-06,1.313443411751553e-06,1.6353130340576172
2219,1.3762274256957227e-06,3.8376192927396294e-05,4.62730551429102e-06,1.3081345204281719e-06,1.5249252319335938
2220,1.3706672157133545e-06,3.820609754000633e-05,4.610529896894994e-06,1.302749023453757e-06,1.5702247619628906
2221,1.364960009764689e-06,3.8036736228478355e-05,4.593754236928207e-06,1.2973064073705529e-06,1.5683174133300781
2222,1.3591484292948158e-06,3.786812740284137e-05,4.57695745266935e-06,1.2918279424466091e-06,1.6026496887207031
2223,1.353277926903992e-06,3.770028129552893e-05,4.560121803449762e-06,1.2863355564054659e-06,1.524209976196289
2224,1.3473952023911778e-06,3.753319976353405e-05,4.543233472323406e-06,1.2808506955408262e-06,1.5347003936767578
2225,1.341546613486548e-06,3.736687641213478e-05,4.526282970835585e-06,1.275393258778169e-06,1.5964508056640625
2226,1.3357766611887877e-06,3.720129697311309e-05,4.509265359739217e-06,1.2699806771118895e-06,1.6627311706542969
2227,1.3301266294445831e-06,3.703643997941235e-05,4.492180272250208e-06,1.2646272036083048e-06,1.5506744384765625
2228,1.3246334490056028e-06,3.687227766945018e-05,4.475031746429353e-06,1.259343464051224e-06,1.522064208984375
2229,1.319328832208452e-06,3.670877711075771e-05,4.4578279075387295e-06,1.254136293506551e-06,1.641988754272461
2230,1.3142387032554301e-06,3.654590148729688e-05,4.440580470341914e-06,1.249008858575766e-06,1.6446113586425781
2231,1.309382941723749e-06,3.638361149893786e-05,4.423304121432591e-06,1.243961056363016e-06,1.6434192657470703
2232,1.3047754129136594e-06,3.622186684358268e-05,4.40601579916968e-06,1.2389901383080514e-06,1.5485286712646484
2233,1.3004242513550009e-06,3.606062768127517e-05,4.38873388709306e-06,1.2340915040980841e-06,1.5988349914550781
2234,1.2963323528919081e-06,3.5899856077878016e-05,4.371477370777905e-06,1.2292595971489246e-06,1.5201568603515625
2235,1.2924980039664906e-06,3.573951732317684e-05,4.354264976397072e-06,1.224488819211767e-06,1.5189647674560547
2236,1.2889155905612636e-06,3.557958111407e-05,4.337114334481694e-06,1.2197743921411547e-06,1.6510486602783203
2237,1.2855763161449137e-06,3.542002253662582e-05,4.32004119273707e-06,1.2151130929481522e-06,1.6062259674072266
2238,1.2824688716079158e-06,3.526082281932737e-05,4.3030587209314446e-06,1.2105038022710943e-06,1.5230178833007812
2239,1.279580008016836e-06,3.510196982516751e-05,4.2861769231732445e-06,1.2059478212101915e-06,1.51824951171875
2240,1.2768949878615684e-06,3.494345828334133e-05,4.269402194873707e-06,1.2014489395873964e-06,1.5239715576171875
2241,1.2743978842888757e-06,3.478528974150029e-05,4.252737033975075e-06,1.1970132359505473e-06,1.6732215881347656
2242,1.2720717433240108e-06,3.462747225100415e-05,4.23617992537492e-06,1.192648641154084e-06,1.5447139739990234
2243,1.2698986080055709e-06,3.4470019809557024e-05,4.21972540743293e-06,1.188364277951719e-06,1.5239715576171875
2244,1.2678594461471824e-06,3.431295157841719e-05,4.203364307969738e-06,1.1841696448799614e-06,1.5387535095214844
2245,1.265934006772081e-06,3.415629091474188e-05,4.187084154370046e-06,1.1800736880528076e-06,1.5912055969238281
2246,1.2641006518371115e-06,3.400006427835417e-05,4.170869735431421e-06,1.1760838382177032e-06,1.6307830810546875
2247,1.2623362066760289e-06,3.384430003072724e-05,4.154703782406925e-06,1.172205078658078e-06,1.5478134155273438
2248,1.2606158651140563e-06,3.368902720796986e-05,4.138567757016191e-06,1.168439110635249e-06,1.7445087432861328
2249,1.2589131956055676e-06,3.353427430148835e-05,4.122442692346841e-06,1.1647836872371634e-06,1.5568733215332031
2250,1.257200260598901e-06,3.3380068095973056e-05,4.106310067724235e-06,1.1612321509035033e-06,1.6701221466064453
2251,1.2554478837873438e-06,3.322643263103389e-05,4.090152662473349e-06,1.1577732294276817e-06,1.832723617553711
2252,1.2536260580531952e-06,3.3073388287073304e-05,4.07395537428702e-06,1.1543910964213654e-06,1.631021499633789
2253,1.2517044991847435e-06,3.292095107028994e-05,4.057705929211849e-06,1.1510657099831243e-06,1.580953598022461
2254,1.2496533248611453e-06,3.2769132097374845e-05,4.041395497917128e-06,1.14777341019115e-06,1.5249252319335938
2255,1.2474438357059435e-06,3.261793729656605e-05,4.025019154938759e-06,1.1444877469688463e-06,1.5225410461425781
2256,1.245049367782772e-06,3.2467367338065706e-05,4.008576176971726e-06,1.1411804969880594e-06,1.6787052154541016
2257,1.2424461720761645e-06,3.231741777107344e-05,3.992070178847603e-06,1.1378228103549918e-06,1.603841781616211
2258,1.2396142846979396e-06,3.2168079381960885e-05,3.9755090564376544e-06,1.1343864319909425e-06,1.7168521881103516
2259,1.2365383403063078e-06,3.2019338731558366e-05,3.958904758514285e-06,1.1308449278677724e-06,1.5702247619628906
2260,1.2332082809256705e-06,3.187117884528887e-05,3.9422728921635475e-06,1.1271748493139334e-06,1.628875732421875
2261,1.2296199273548393e-06,3.172358003227039e-05,3.925632163678646e-06,1.1233567805985669e-06,1.6391277313232422
2262,1.225775368503869e-06,3.157652078899557e-05,3.909003710206866e-06,1.1193762060596065e-06,1.5592575073242188
2263,1.221683147043193e-06,3.1429978749441804e-05,3.892410309680066e-06,1.115224160672068e-06,1.6813278198242188
2264,1.2173582163173466e-06,3.128393164672454e-05,3.875875530400901e-06,1.110897624749561e-06,1.5861988067626953
2265,1.2128216604761192e-06,3.113835824609071e-05,3.859422835943969e-06,1.1063996442209116e-06,1.54876708984375
2266,1.2081001797336356e-06,3.0993239206629046e-05,3.843074700105256e-06,1.1017391726134346e-06,1.6214847564697266
2267,1.2032253544864826e-06,3.0848557866257306e-05,3.826851737955973e-06,1.0969306440290075e-06,1.7535686492919922
2268,1.1982327121146466e-06,3.0704300879921593e-05,3.8107719270628565e-06,1.091993298391885e-06,1.5764236450195312
2269,1.1931606348998942e-06,3.0560458743190386e-05,3.7948499101822833e-06,1.0869503012072736e-06,1.5692710876464844
2270,1.1880491598818894e-06,3.0417026139190144e-05,3.7790964401725683e-06,1.081827705975749e-06,1.5377998352050781
2271,1.182938718064707e-06,3.0274002135251342e-05,3.7635179674325748e-06,1.0766533156776223e-06,1.6565322875976562
2272,1.1778688820950549e-06,3.0131390203052632e-05,3.748116391056949e-06,1.0714555131852416e-06,1.5659332275390625
2273,1.172877176814237e-06,2.998919808866629e-05,3.7328889868732007e-06,1.0662621241342311e-06,1.5401840209960938
2274,1.1679980138152681e-06,2.984743751410064e-05,3.717828503489411e-06,1.0610993752887695e-06,1.5404224395751953
2275,1.163261802922385e-06,2.9706123759194865e-05,3.702923417389195e-06,1.0559910094177806e-06,1.611948013305664
2276,1.1586942770202611e-06,2.9565275098470336e-05,3.6881583533071203e-06,1.0509575996324511e-06,1.6179084777832031
2277,1.1543160590757e-06,2.9424912170617687e-05,3.6735146113575413e-06,1.0460160948587018e-06,1.6164779663085938
2278,1.1501424794879482e-06,2.9285057241396405e-05,3.6589708207376684e-06,1.041179609223482e-06,1.6405582427978516
2279,1.1461836383527467e-06,2.9145733444592088e-05,3.644503638390221e-06,1.0364574552811322e-06,1.5866756439208984
2280,1.1424446825241969e-06,2.900696398899987e-05,3.6300885242993453e-06,1.0318553905427588e-06,1.5940666198730469
2281,1.1389262656984127e-06,2.886877137460782e-05,3.615700502415932e-06,1.0273760485155924e-06,1.6319751739501953
2282,1.1356251326069015e-06,2.8731176635844257e-05,3.6013149258590667e-06,1.023019490930601e-06,1.6121864318847656
2283,1.1325347817994653e-06,2.8594198650811317e-05,3.586908203281433e-06,1.0187838398363637e-06,1.56402587890625
2284,1.1296461394737529e-06,2.84578535152329e-05,3.572458449068189e-06,1.0146659114373552e-06,1.6710758209228516
2285,1.126948193962679e-06,2.8322154037396036e-05,3.55794608449056e-06,1.0106618047072832e-06,1.5621185302734375
2286,1.124428544722792e-06,2.8187109317681134e-05,3.543354331008977e-06,1.0067673894056996e-06,1.6663074493408203
2287,1.1220738284362929e-06,2.8052724477242922e-05,3.5286696183060575e-06,1.0029786519284332e-06,1.5397071838378906
2288,1.1198700060439414e-06,2.7919000507476404e-05,3.5138818948007393e-06,9.992918815616733e-07,1.5826225280761719
2289,1.1178024977368407e-06,2.7785934263405285e-05,3.498984845323586e-06,9.957036785918804e-07,1.5201568603515625
2290,1.115856187502118e-06,2.765351858716599e-05,3.483976006518987e-06,9.922108062974297e-07,1.6355514526367188
2291,1.1140153084318812e-06,2.752174256365237e-05,3.4688567979081754e-06,9.888098959389495e-07,1.5988349914550781
2292,1.1122632532449212e-06,2.7390591907185307e-05,3.453632460195122e-06,9.854970543230554e-07,1.5397071838378906
2293,1.1105823487712859e-06,2.7260049436390816e-05,3.438311913214e-06,9.822674135695195e-07,1.5723705291748047
2294,1.1089536344571397e-06,2.7130095659463884e-05,3.4229075316837692e-06,9.791146719073938e-07,1.5931129455566406
2295,1.1073567029148503e-06,2.7000709415631354e-05,3.4074348477974007e-06,9.760306910036584e-07,1.53350830078125
2296,1.1057696281361942e-06,2.6871868569480578e-05,3.3919121754231356e-06,9.730051818862867e-07,1.6028881072998047
2297,1.104169024626833e-06,2.674355073295801e-05,3.3763601834071425e-06,9.700255329300156e-07,1.5385150909423828
2298,1.1025302515301537e-06,2.661573399235571e-05,3.360801379103847e-06,9.67076803593777e-07,1.6560554504394531
2299,1.1008277732395064e-06,2.6488397603253772e-05,3.345259562317071e-06,9.641419003032682e-07,1.5206336975097656
2300,1.0990356699875463e-06,2.6361522634805046e-05,3.3297592289330896e-06,9.61201932964208e-07,1.5273094177246094
2301,1.0971282819906457e-06,2.623509256696992e-05,3.3143249375148685e-06,9.582367427609702e-07,1.8732547760009766
2302,1.09508095915085e-06,2.6109093775373345e-05,3.2989806731173752e-06,9.552255693662067e-07,1.5468597412109375
2303,1.092870876072239e-06,2.5983515928769354e-05,3.283749208561943e-06,9.521478220366072e-07,1.5377998352050781
2304,1.0904778705529632e-06,2.585835227131632e-05,3.2686514984396937e-06,9.489839040062473e-07,1.529693603515625
2305,1.087885258215825e-06,2.5733599772493053e-05,3.2537061137773864e-06,9.457160455323334e-07,1.5959739685058594
2306,1.0850805749018547e-06,2.5609259161895762e-05,3.2389287518539467e-06,9.423290868652521e-07,1.6124248504638672
2307,1.0820562025553533e-06,2.5485334825087646e-05,3.224331832662545e-06,9.388111672886219e-07,1.5451908111572266
2308,1.0788098452769313e-06,2.536183459484742e-05,3.2099242013342146e-06,9.351542796779052e-07,1.5308856964111328
2309,1.0753448181150947e-06,2.5238769414916807e-05,3.1957109528402936e-06,9.313546517679297e-07,1.6489028930664062
2310,1.0716701314106393e-06,2.511615291952273e-05,3.181693378996485e-06,9.274129346979987e-07,1.524209976196289
2311,1.0678003599687758e-06,2.499400092872888e-05,3.1678690433577963e-06,9.233341869610651e-07,1.5935897827148438
2312,1.063755298706247e-06,2.4872330884744515e-05,3.154231979793692e-06,9.191276578551605e-07,1.665353775024414
2313,1.059559411749233e-06,2.475116124365747e-05,3.140773000973008e-06,9.148063748022979e-07,1.6169548034667969
2314,1.0552411067710447e-06,2.4630510857290152e-05,3.127480100665611e-06,9.103865738189465e-07,1.611471176147461
2315,1.050831855868209e-06,2.4510398354323327e-05,3.1143389455757945e-06,9.058869924592964e-07,1.5687942504882812
2316,1.0463652114245102e-06,2.439084156134475e-05,3.101333398461561e-06,9.013280784814536e-07,1.6198158264160156
2317,1.0418757582368705e-06,2.42718569603297e-05,3.0884460922179296e-06,8.967311565104859e-07,1.6040802001953125
2318,1.037398048643403e-06,2.415345922403917e-05,3.0756589905646014e-06,8.921175974116377e-07,1.5292167663574219
2319,1.0329655732108138e-06,2.4035660829468796e-05,3.0629539434324646e-06,8.875080441564306e-07,1.5859603881835938
2320,1.0286098097745338e-06,2.3918471768250117e-05,3.0503131959255257e-06,8.82921732050754e-07,1.5902519226074219
2321,1.0243593949258328e-06,2.3801899357025794e-05,3.0377198459937997e-06,8.783759406729913e-07,1.5933513641357422
2322,1.0202394449022666e-06,2.3685948161059972e-05,3.0251582349641058e-06,8.738856009084696e-07,1.5459060668945312
2323,1.0162710544769104e-06,2.3570620015378848e-05,3.0126142538555652e-06,8.694630701322689e-07,1.5368461608886719
2324,1.012470979510084e-06,2.3455914160470495e-05,3.000075584749499e-06,8.651180781872162e-07,1.584768295288086
2325,1.0088515047454875e-06,2.334182746197989e-05,2.987531842210229e-06,8.608578278134865e-07,1.520395278930664
2326,1.005420485259808e-06,2.322835471148029e-05,2.9749746513342993e-06,8.566872304469446e-07,1.5761852264404297
2327,1.0021815360349681e-06,2.3115488994890368e-05,2.962397646448528e-06,8.526092406181952e-07,1.5418529510498047
2328,9.991343478529934e-07,2.3003222118001915e-05,2.9497964091939618e-06,8.486252575960766e-07,1.5902519226074219
2329,9.962750843230246e-07,2.2891545041145282e-05,2.9371683598640597e-06,8.447355424482519e-07,1.5320777893066406
2330,9.935968350481243e-07,2.2780448351760248e-05,2.92451259521834e-06,8.409396200515313e-07,1.5804767608642578
2331,9.910900832276027e-07,2.266992270041257e-05,2.9118297059370805e-06,8.372366233153533e-07,1.52587890625
2332,9.887431612099817e-07,2.2559959231088317e-05,2.899121563891537e-06,8.336255528720017e-07,1.6543865203857422
2333,9.865426682651287e-07,2.245054995650972e-05,2.8863911166057086e-06,8.3010542996846e-07,1.5399456024169922
2334,9.844738341934975e-07,2.23416880625934e-05,2.8736421670143175e-06,8.26675336268201e-07,1.5211105346679688
2335,9.82520824230693e-07,2.2233368164439922e-05,2.860879171467391e-06,8.233343412088192e-07,1.5239715576171875
2336,9.80666979813796e-07,2.2125586474090506e-05,2.848107067771341e-06,8.200813286273918e-07,1.5990734100341797
2337,9.788950058556139e-07,2.201834087446567e-05,2.835331102293944e-06,8.169147429051982e-07,1.611471176147461
2338,9.771871173609499e-07,2.19116309288774e-05,2.8225567105395204e-06,8.1383228811409e-07,1.5606880187988281
2339,9.755251576918007e-07,2.1805457789438355e-05,2.809789417189243e-06,8.108306044031241e-07,1.5370845794677734
2340,9.738907119942157e-07,2.1699824047904166e-05,2.7970347716456467e-06,8.079049681214035e-07,1.6667842864990234
2341,9.722652249064341e-07,2.159473352011867e-05,2.7842983234971945e-06,8.050490348312051e-07,1.5943050384521484
2342,9.70630144174722e-07,2.149019096862151e-05,2.7715856187296795e-06,8.022546644779985e-07,1.6815662384033203
2343,9.689670971170647e-07,2.1386201807185917e-05,2.758902225359314e-06,7.995118468938321e-07,1.6329288482666016
2344,9.672581023675874e-07,2.1282771765543356e-05,2.746253776934035e-06,7.968087360510253e-07,1.5835762023925781
2345,9.654858251843568e-07,2.1179906568533373e-05,2.733646029970903e-06,7.941318091654172e-07,1.5480518341064453
2346,9.636338626072352e-07,2.107761161952545e-05,2.7210849248478512e-06,7.914661356883282e-07,1.5683174133300781
2347,9.61687056656981e-07,2.0975891693924843e-05,2.7085766464595823e-06,7.887957502909803e-07,1.6415119171142578
2348,9.596318193319575e-07,2.0874750700712117e-05,2.6961276679988462e-06,7.861041107888447e-07,1.531362533569336
2349,9.574564545195363e-07,2.0774191477441997e-05,2.68374477921045e-06,7.833746132452944e-07,1.5225410461425781
2350,9.551514614808248e-07,2.0674215638299737e-05,2.6714350898644116e-06,7.805911390374705e-07,1.523733139038086
2351,9.527098049743847e-07,2.057482349457654e-05,2.6592060021767697e-06,7.777386086982648e-07,1.8630027770996094
2352,9.501271358300842e-07,2.0476014034004846e-05,2.6470651495427433e-06,7.748035084487209e-07,1.600503921508789
2353,9.474019495304174e-07,2.0377784953437168e-05,2.6350203037647867e-06,7.71774370240008e-07,1.5370845794677734
2354,9.445356740521673e-07,2.0280132767252852e-05,2.623079250433766e-06,7.68642180564537e-07,1.5399456024169922
2355,9.41532683278255e-07,2.0183052939527968e-05,2.6112496413464365e-06,7.654007058450582e-07,1.6055107116699219
2356,9.384002252634102e-07,2.0086540093884418e-05,2.599538816982558e-06,7.620467122082278e-07,1.5299320220947266
2357,9.35148273597631e-07,1.9990588215784403e-05,2.5879536095827864e-06,7.585800837252794e-07,1.5964508056640625
2358,9.317893013172162e-07,1.989519091334874e-05,2.5765001536141665e-06,7.550038286297107e-07,1.5358924865722656
2359,9.283379824712888e-07,1.980034166181282e-05,2.565183679881144e-06,7.513239743001917e-07,1.5943050384521484
2360,9.248108330412577e-07,1.9706034065923928e-05,2.5540083266029366e-06,7.475493627055735e-07,1.5239715576171875
2361,9.212258017468402e-07,1.9612262104140436e-05,2.5429769772644846e-06,7.436913526348113e-07,1.6760826110839844
2362,9.176018192733102e-07,1.951902035626008e-05,2.5320911102249914e-06,7.397634355564246e-07,1.7213821411132812
2363,9.139583281317926e-07,1.9426304218048264e-05,2.5213506885589176e-06,7.357807928201575e-07,1.5339851379394531
2364,9.103147987635908e-07,1.93341100753847e-05,2.510754089327044e-06,7.317597968874128e-07,1.5590190887451172
2365,9.066902552336838e-07,1.924243544111622e-05,2.500298073902584e-06,7.277174876116976e-07,1.5282630920410156
2366,9.031028254412354e-07,1.915127907694576e-05,2.489977800407636e-06,7.236710424526201e-07,1.5933513641357422
2367,8.995693280412912e-07,1.9060641045013906e-05,2.479786894274783e-06,7.196372564813053e-07,1.6269683837890625
2368,8.961049129594049e-07,1.8970522758451926e-05,2.469717537121753e-06,7.156320604818791e-07,1.5316009521484375
2369,8.927227724548751e-07,1.8880926965287293e-05,2.459760622237063e-06,7.116700982489942e-07,1.5239715576171875
2370,8.894339225332322e-07,1.879185771254089e-05,2.4499059342226974e-06,7.07764370507063e-07,1.5854835510253906
2371,8.862470742032958e-07,1.8703320276428154e-05,2.440142352383298e-06,7.039259773164886e-07,1.5177726745605469
2372,8.83168585484309e-07,1.8615321055320395e-05,2.4304580887358453e-06,7.001639490386746e-07,1.6341209411621094
2373,8.802025037709569e-07,1.8527867444409076e-05,2.4208409385599665e-06,6.964851899857107e-07,1.5301704406738281
2374,8.773506818767352e-07,1.844096767582892e-05,2.41127853032786e-06,6.928945151328322e-07,1.581430435180664
2375,8.74612965091959e-07,1.8354630641547522e-05,2.4017585904890747e-06,6.893947840185368e-07,1.5201568603515625
2376,8.719874287402985e-07,1.8268865698689406e-05,2.3922691926391257e-06,6.859871081295e-07,1.664876937866211
2377,8.694706549305917e-07,1.8183682458769955e-05,2.382798998475897e-06,6.826711250211884e-07,1.5935897827148438
2378,8.670580199259135e-07,1.809909056997338e-05,2.373337477823626e-06,6.794452963883113e-07,1.642465591430664
2379,8.647439821834601e-07,1.8015099485841155e-05,2.3638751105227227e-06,6.763072265776095e-07,1.6231536865234375
2380,8.625223415625831e-07,1.793171824054416e-05,2.354403565704199e-06,6.732539566989469e-07,1.5327930450439453
2381,8.603864609524722e-07,1.7848955221807326e-05,2.34491584475656e-06,6.70282222452953e-07,1.588582992553711
2382,8.583294321922779e-07,1.776681795942872e-05,2.335406411725238e-06,6.673886512020367e-07,1.7151832580566406
2383,8.563441780097828e-07,1.7685312919599447e-05,2.3258712802797047e-06,6.645698799334981e-07,1.537322998046875
2384,8.54423493834515e-07,1.7604445322872158e-05,2.316308089633751e-06,6.618225971093257e-07,1.5311241149902344
2385,8.525600216852823e-07,1.752421899368133e-05,2.3067161357397127e-06,6.591434957306135e-07,1.5876293182373047
2386,8.507461761201356e-07,1.7444636226469594e-05,2.2970964000266354e-06,6.565291538695151e-07,1.531839370727539
2387,8.489740328018951e-07,1.7365697689826933e-05,2.287451531856479e-06,6.539758574129157e-07,1.6803741455078125
2388,8.472351931689888e-07,1.728740238964441e-05,2.2777858157735773e-06,6.514793790597534e-07,1.5711784362792969
2389,8.455206527498936e-07,1.7209747631027698e-05,2.2681051169037976e-06,6.490347451655506e-07,1.6355514526367188
2390,8.438206932689376e-07,1.7132729061131305e-05,2.258416787805547e-06,6.466360176573236e-07,1.5368461608886719
2391,8.421248151934718e-07,1.705634072580807e-05,2.2487295684352587e-06,6.442761143605136e-07,1.5344619750976562
2392,8.404217340155803e-07,1.6980575181877272e-05,2.2390534385476866e-06,6.419466984211004e-07,1.5873908996582031
2393,8.386994473563439e-07,1.6905423641052256e-05,2.2293994593493816e-06,6.396381482204833e-07,1.6579627990722656
2394,8.369453874006389e-07,1.6830876144719817e-05,2.2197795784955835e-06,6.373396327469209e-07,1.535654067993164
2395,8.35146651093816e-07,1.67569217677748e-05,2.210206411164926e-06,6.350392835743892e-07,1.6884803771972656
2396,8.332903123138478e-07,1.6683548857023347e-05,2.200692999215566e-06,6.327244760959217e-07,1.5521049499511719
2397,8.313637950085772e-07,1.66107452600881e-05,2.191252547507425e-06,6.303821944900976e-07,1.6596317291259766
2398,8.293552967580562e-07,1.6538498587535194e-05,2.1818981444827044e-06,6.279994726404194e-07,1.5397071838378906
2399,8.272542335007757e-07,1.646679645547695e-05,2.172642485506477e-06,6.255638764408858e-07,1.5344619750976562
2400,8.250516889468489e-07,1.6395626747192043e-05,2.1634975808356914e-06,6.230640102309508e-07,1.5246868133544922
2401,8.227408348846759e-07,1.6324977831919797e-05,2.1544744879044997e-06,6.2049000608897e-07,1.8105506896972656
2402,8.203172994994395e-07,1.6254838792152313e-05,2.1455830502520948e-06,6.178339684210247e-07,1.6400814056396484
2403,8.177794631835655e-07,1.6185199614576796e-05,2.1368316734981007e-06,6.150903526267558e-07,1.6090869903564453
2404,8.151286551961855e-07,1.6116051355928526e-05,2.128227127926788e-06,6.122562400482461e-07,1.5985965728759766
2405,8.123692462110157e-07,1.6047386279125024e-05,2.11977440306329e-06,6.093315080999876e-07,1.5344619750976562
2406,8.095086186253994e-07,1.597919795515091e-05,2.111476609837171e-06,6.063188722510864e-07,1.5349388122558594
2407,8.065570202975445e-07,1.5911481341029803e-05,2.103334936351845e-06,6.032238033042548e-07,1.5883445739746094
2408,8.035272986134415e-07,1.5844232814077197e-05,2.0953486436958478e-06,6.00054320615149e-07,1.6031265258789062
2409,8.004345338607064e-07,1.5777450188450624e-05,2.0875151370342257e-06,5.968206779186029e-07,1.5344619750976562
2410,7.972955814204296e-07,1.571113269176526e-05,2.079830061516401e-06,5.93534955501079e-07,1.5268325805664062
2411,7.941285504227044e-07,1.5645280922398665e-05,2.0722874538982214e-06,5.902105901715489e-07,1.5282630920410156
2412,7.909522386929494e-07,1.557989678228647e-05,2.0648799285209447e-06,5.86861861824552e-07,1.6467571258544922
2413,7.877855556624942e-07,1.551498338632353e-05,2.0575988886198144e-06,5.835033763336943e-07,1.5444755554199219
2414,7.846469547777477e-07,1.5450544966402455e-05,2.050434753573942e-06,5.801495642719658e-07,1.5897750854492188
2415,7.815539084290436e-07,1.5386586741638665e-05,2.0433771935080503e-06,5.768142328018573e-07,1.5597343444824219
2416,7.785224429758596e-07,1.5323114793401942e-05,2.036415388958997e-06,5.735101885839933e-07,1.5978813171386719
2417,7.755667551234482e-07,1.5260135924410978e-05,2.029538245259305e-06,5.702489496865558e-07,1.592397689819336
2418,7.726989212550963e-07,1.519765750607548e-05,2.022734634131679e-06,5.670405584151316e-07,1.5399456024169922
2419,7.699287070440847e-07,1.513568732544202e-05,2.0159936027744267e-06,5.638934970274352e-07,1.5544891357421875
2420,7.672634757532017e-07,1.5074233415491217e-05,2.0093045634236805e-06,5.608146972042816e-07,1.5938282012939453
2421,7.647081919200736e-07,1.5013303902375004e-05,2.002657475767859e-06,5.578096357805713e-07,1.5234947204589844
2422,7.6226550466819e-07,1.4952906816953518e-05,1.99604299577029e-06,5.548824932109741e-07,1.5871524810791016
2423,7.5993589905834e-07,1.4893049932752033e-05,1.9894526177130435e-06,5.520363531576881e-07,1.5645027160644531
2424,7.577178927324246e-07,1.4833740584423177e-05,1.9828787890478177e-06,5.492734157109753e-07,1.6434192657470703
2425,7.556082601733975e-07,1.4774985497328347e-05,1.976315006780892e-06,5.465952006492908e-07,1.5494823455810547
2426,7.536022659268722e-07,1.471679061341527e-05,1.969755906224728e-06,5.440027131292267e-07,1.5282630920410156
2427,7.516938885745966e-07,1.4659160920021348e-05,1.9631973264233534e-06,5.414965580769892e-07,1.5361309051513672
2428,7.498760245884089e-07,1.4602100303840653e-05,1.9566363604739825e-06,5.390769873573172e-07,1.6753673553466797
2429,7.481406603124003e-07,1.4545611393291831e-05,1.9500713948196335e-06,5.367438734403163e-07,1.5270709991455078
2430,7.464790131988032e-07,1.4489695437915604e-05,1.943502128783091e-06,5.344966179249032e-07,1.5516281127929688
2431,7.448816389054375e-07,1.4434352199692487e-05,1.9369295787624313e-06,5.323339976886419e-07,1.6078948974609375
2432,7.433385119332803e-07,1.4379579866436955e-05,1.930356069371097e-06,5.302539689510704e-07,1.5406608581542969
2433,7.418390911053585e-07,1.4325375002635755e-05,1.9237851998645914e-06,5.282534552532638e-07,1.5950202941894531
2434,7.403723763852233e-07,1.42717325236208e-05,1.917221796109001e-06,5.263281359122862e-07,1.580953598022461
2435,7.389269738522049e-07,1.4218645711174586e-05,1.910671837920253e-06,5.244722688832841e-07,1.6613006591796875
2436,7.374911785105838e-07,1.4166106262448915e-05,1.9041423759877406e-06,5.226785684015578e-07,1.5399456024169922
2437,7.360530850173011e-07,1.411410437446477e-05,1.8976414131310547e-06,5.209381620841633e-07,1.5323162078857422
2438,7.346007315884933e-07,1.4062628874065436e-05,1.8911777759141113e-06,5.192406361390437e-07,1.5935897827148438
2439,7.331222847348161e-07,1.4011667375498953e-05,1.8847609610804828e-06,5.175741835222845e-07,1.6016960144042969
2440,7.316062565358562e-07,1.3961206473928638e-05,1.8784009726732982e-06,5.159258497076631e-07,1.7714500427246094
2441,7.300417544548422e-07,1.3911231967445267e-05,1.8721081248443212e-06,5.142818688072471e-07,1.5399456024169922
2442,7.284187552115706e-07,1.3861729103158514e-05,1.865892848063774e-06,5.126280804058886e-07,1.573324203491211
2443,7.267283830853334e-07,1.3812682836957331e-05,1.8597654810152597e-06,5.109503966926729e-07,1.6682147979736328
2444,7.249631852909461e-07,1.3764078109255201e-05,1.85373604809553e-06,5.092352981228256e-07,1.6264915466308594
2445,7.231173864335179e-07,1.3715900118649584e-05,1.847814044263216e-06,5.074703368701906e-07,1.6658306121826172
2446,7.211871016190296e-07,1.366813459011194e-05,1.8420082231264118e-06,5.056446036547075e-07,1.6021728515625
2447,7.191705036607553e-07,1.3620768030773162e-05,1.8363263902915175e-06,5.037491490812674e-07,1.5337467193603516
2448,7.170679228272337e-07,1.3573787959815462e-05,1.8307752062787799e-06,5.017773253307285e-07,1.6095638275146484
2449,7.148818773695711e-07,1.3527183123099083e-05,1.8253600278806732e-06,4.99725035899819e-07,1.5573501586914062
2450,7.12617026738908e-07,1.3480943655097784e-05,1.8200847531048754e-06,4.975908784619067e-07,1.6086101531982422
2451,7.102800470370673e-07,1.3435061210661103e-05,1.81495171922679e-06,4.953761723477926e-07,1.7769336700439453
2452,7.078794368779802e-07,1.3389529055405735e-05,1.80996161438551e-06,4.93084883453772e-07,1.538991928100586
2453,7.05425254764467e-07,1.334434209945165e-05,1.805113447140333e-06,4.907234341474298e-07,1.603841781616211
2454,7.029288060772338e-07,1.3299496904217796e-05,1.8004045455352842e-06,4.883004270319198e-07,1.5900135040283203
2455,7.004022895625056e-07,1.3254991620609914e-05,1.7958305991635447e-06,4.858262883658051e-07,1.527547836303711
2456,6.978584222078192e-07,1.3210825898766046e-05,1.7913857499583578e-06,4.833128562527986e-07,1.573324203491211
2457,6.953100584123273e-07,1.3167000755158702e-05,1.7870627106211808e-06,4.807729353146193e-07,1.5249252319335938
2458,6.927698178201775e-07,1.3123518406317009e-05,1.7828529357697035e-06,4.782198326061557e-07,1.6396045684814453
2459,6.902497424396227e-07,1.3080382074800822e-05,1.7787468060150348e-06,4.7566690879974906e-07,1.5463829040527344
2460,6.877609941250758e-07,1.3037595775546802e-05,1.7747338447707768e-06,4.731271571819279e-07,1.5521049499511719
2461,6.853136015143005e-07,1.2995164093070212e-05,1.7708029611809367e-06,4.7061282885632584e-07,1.547098159790039
2462,6.829162650942877e-07,1.2953091941894203e-05,1.7669426925264376e-06,4.681351165255153e-07,1.5468597412109375
2463,6.805762272523444e-07,1.2911384350044693e-05,1.763141455433183e-06,4.65703912853808e-07,1.575469970703125
2464,6.782992022151078e-07,1.2870046232349535e-05,1.7593877983476584e-06,4.6332764023678067e-07,1.544952392578125
2465,6.760893672444555e-07,1.2829082197846735e-05,1.7556706335625462e-06,4.6101315794190793e-07,1.52587890625
2466,6.73949406463236e-07,1.2788496360281594e-05,1.7519794652591043e-06,4.587657377602427e-07,1.5621185302734375
2467,6.718806000259436e-07,1.2748292192990304e-05,1.7483045772235638e-06,4.5658910635409463e-07,1.5325546264648438
2468,6.69882948885991e-07,1.2708472402279168e-05,1.7446372111770555e-06,4.544855392160227e-07,1.5597343444824219
2469,6.679553241781002e-07,1.2669038831393328e-05,1.7409697033936258e-06,4.524559976439663e-07,1.5459060668945312
2470,6.660956287242584e-07,1.2629992395398206e-05,1.737295595259512e-06,4.505002910982709e-07,1.544952392578125
2471,6.643009640930912e-07,1.2591333053226974e-05,1.7336097054071185e-06,4.4861725565421924e-07,1.5451908111572266
2472,6.625677887424163e-07,1.2553059791782165e-05,1.7299081691536116e-06,4.468049331287638e-07,1.5273094177246094
2473,6.608920643879005e-07,1.2515170651978142e-05,1.7261884461296707e-06,4.4506074116033273e-07,1.5716552734375
2474,6.592693824947058e-07,1.2477662761831203e-05,1.7224493012275878e-06,4.4338162580358345e-07,1.5399456024169922
2475,6.576950672900232e-07,1.2440532397562979e-05,1.7186907477858149e-06,4.4176418652582434e-07,1.5261173248291016
2476,6.561642556217058e-07,1.2403775051866361e-05,1.7149139751778795e-06,4.4020477640386144e-07,1.5158653259277344
2477,6.546719500198161e-07,1.2367385509251685e-05,1.7111212542834922e-06,4.3869956659502486e-07,1.5773773193359375
2478,6.53213052387535e-07,1.2331357927153527e-05,1.7073158267250104e-06,4.372445855932251e-07,1.5740394592285156
2479,6.517823800561461e-07,1.2295685926676984e-05,1.7035017788115128e-06,4.358357334927883e-07,1.5802383422851562
2480,6.503746651125195e-07,1.2260362667507656e-05,1.6996839121768813e-06,4.344687702372259e-07,1.528024673461914
2481,6.489845506556161e-07,1.2225380928246951e-05,1.6958676068524736e-06,4.331392950767717e-07,1.60980224609375
2482,6.47606583574184e-07,1.219073317667323e-05,1.6920586841996155e-06,4.3184271802299943e-07,1.5239715576171875
2483,6.462352127659585e-07,1.2156411633029515e-05,1.6882632766242662e-06,4.305742310343648e-07,1.5180110931396484
2484,6.448647968177174e-07,1.212240831492132e-05,1.6844876999393901e-06,4.293287886138862e-07,1.592874526977539
2485,6.434896274686405e-07,1.2088715094754038e-05,1.6807383297236875e-06,4.2810110451104733e-07,1.5673637390136719
2486,6.421039725715415e-07,1.2055323721607704e-05,1.6770214944232376e-06,4.2688566884993466e-07,1.5368461608886719
2487,6.407021365784822e-07,1.2022225861753128e-05,1.673343365788117e-06,4.256767891449572e-07,1.5292167663574219
2488,6.392785473066554e-07,1.1989413113112093e-05,1.6697098756004646e-06,4.244686620191198e-07,1.5437602996826172
2489,6.378278570192555e-07,1.1956877012473542e-05,1.6661266257594207e-06,4.232554647833493e-07,1.596689224243164
2490,6.363450634025998e-07,1.1924609067312589e-05,1.6625988220407352e-06,4.220314759511596e-07,1.5659332275390625
2491,6.348256427307547e-07,1.18926007424689e-05,1.6591312080796809e-06,4.20791213937666e-07,1.5392303466796875
2492,6.332656887035405e-07,1.18608434800383e-05,1.655728013775396e-06,4.1952958926540294e-07,1.5211105346679688
2493,6.316620527924617e-07,1.1829328709931924e-05,1.6523929096706424e-06,4.1824206207911905e-07,1.5561580657958984
2494,6.300124743694782e-07,1.1798047854554515e-05,1.6491289738737636e-06,4.1692479702007705e-07,1.5976428985595703
2495,6.283156955968118e-07,1.176699235778017e-05,1.645938663307295e-06,4.155748031202836e-07,1.5344619750976562
2496,6.26571555911676e-07,1.1736153693046614e-05,1.6428237989260555e-06,4.141900576254441e-07,1.5344619750976562
2497,6.247810523961585e-07,1.170552340426121e-05,1.6397855564799463e-06,4.127695961582224e-07,1.5773773193359375
2498,6.229463690868075e-07,1.1675093134768172e-05,1.636824465876744e-06,4.113135697644245e-07,1.53350830078125
2499,6.210708629494921e-07,1.1644854684281501e-05,1.6339404276952876e-06,4.098232594791076e-07,1.5857219696044922
2500,6.191590122083371e-07,1.1614800049901915e-05,1.6311327324980036e-06,4.083010484619473e-07,1.5358924865722656
2501,6.172163206639276e-07,1.1584921493077825e-05,1.6284000934865596e-06,4.06750351283691e-07,1.7423629760742188
2502,6.152491830406123e-07,1.1555211612551335e-05,1.6257406861350062e-06,4.0517550033972974e-07,1.5430450439453125
2503,6.132647171817107e-07,1.152566341272113e-05,1.6231521971645888e-06,4.035815979013701e-07,1.5528202056884766
2504,6.112705648933864e-07,1.1496270387008203e-05,1.6206318836550397e-06,4.019743379087909e-07,1.7364025115966797
2505,6.092746743616801e-07,1.1467026598498337e-05,1.6181766265134944e-06,4.003598089982391e-07,1.5590190887451172
2506,6.072850703613121e-07,1.1437926764481428e-05,1.6157829999210574e-06,3.9874428763424474e-07,1.5892982482910156
2507,6.053096212532823e-07,1.1408966331741927e-05,1.6134473308708528e-06,3.971340308599595e-07,1.5444755554199219
2508,6.033558164524137e-07,1.1380141547571034e-05,1.611165759073567e-06,3.9553508487345594e-07,1.5714168548583984
2509,6.014305610153505e-07,1.1351449528943089e-05,1.6089342983898095e-06,3.939531136963065e-07,1.6062259674072266
2510,5.995399967593708e-07,1.1322888306806603e-05,1.6067488839790684e-06,3.92393259243256e-07,1.552581787109375
2511,5.976893583515717e-07,1.12944568550637e-05,1.6046054139206085e-06,3.908600401844628e-07,1.5347003936767578
2512,5.958828667461351e-07,1.126615512060248e-05,1.602499792397093e-06,3.893572904787562e-07,1.5587806701660156
2513,5.941236660765892e-07,1.1237983993660339e-05,1.6004279532059531e-06,3.878881393890849e-07,1.5363693237304688
2514,5.924138025159562e-07,1.1209945291347056e-05,1.598385881578059e-06,3.8645503408515145e-07,1.5799999237060547
2515,5.907542423938678e-07,1.1182041688579915e-05,1.5963696325258673e-06,3.85059793243073e-07,1.5408992767333984
2516,5.891449275798653e-07,1.1154276635968766e-05,1.5943753444436384e-06,3.8370368825154037e-07,1.5594959259033203
2517,5.875848627988787e-07,1.1126654246501269e-05,1.5923992455791845e-06,3.823875442624587e-07,1.5430450439453125
2518,5.860722226379534e-07,1.109917915273955e-05,1.5904376708032008e-06,3.811118443212399e-07,1.5382766723632812
2519,5.846044769364968e-07,1.1071856348603478e-05,1.5884870785285173e-06,3.7987683242926e-07,1.5821456909179688
2520,5.831785196693999e-07,1.1044691005209845e-05,1.5865440643296495e-06,3.786825978111373e-07,1.5940666198730469
2521,5.817908008894359e-07,1.1017688267558497e-05,1.5846053917484515e-06,3.775291440601234e-07,1.5349388122558594
2522,5.80437446096594e-07,1.0990853052657177e-05,1.5826680229351351e-06,3.764164211919262e-07,1.54876708984375
2523,5.791143655420747e-07,1.0964189822371372e-05,1.5807291570600088e-06,3.7534432752009035e-07,1.5287399291992188
2524,5.77817345181199e-07,1.0937702377373484e-05,1.5787862741750044e-06,3.743126788311034e-07,1.5444755554199219
2525,5.765421179026612e-07,1.0911393646203964e-05,1.5768371857519838e-06,3.7332114418198437e-07,1.577138900756836
2526,5.752844179212233e-07,1.0885265489485175e-05,1.574880078372212e-06,3.723691581387962e-07,1.5347003936767578
2527,5.740400155403084e-07,1.0859318538694054e-05,1.572913570145433e-06,3.714558136458575e-07,1.5256404876708984
2528,5.72804739343754e-07,1.0833552045242887e-05,1.5709367457688658e-06,3.705797491737323e-07,1.5475749969482422
2529,5.715744904467965e-07,1.0807963774066388e-05,1.5689492005474299e-06,3.6973904135103564e-07,1.5418529510498047
2530,5.703452490312107e-07,1.0782549938101105e-05,1.5669510600176915e-06,3.6893111058694916e-07,1.5833377838134766
2531,5.691130845779474e-07,1.0757305165976724e-05,1.5649429994396438e-06,3.681526579437818e-07,1.873016357421875
2532,5.678741691478502e-07,1.0732222516981317e-05,1.5629262408556e-06,3.673996332876358e-07,1.7769336700439453
2533,5.666248030075986e-07,1.0707293550192044e-05,1.5609025324480595e-06,3.6666725430624437e-07,1.97601318359375
2534,5.653614488213296e-07,1.0682508423151538e-05,1.5588741180685668e-06,3.6595006588834114e-07,1.5861988067626953
2535,5.640807804752845e-07,1.0657856045983467e-05,1.5568436843026143e-06,3.6524205254865854e-07,1.6107559204101562
2536,5.627797435486058e-07,1.0633324272702346e-05,1.5548142902240727e-06,3.645367927359281e-07,1.5611648559570312
2537,5.614556254812426e-07,1.0608900109812295e-05,1.5527892899970893e-06,3.638276515620785e-07,1.5730857849121094
2538,5.601061338494226e-07,1.0584569977135228e-05,1.5507722312024159e-06,3.631080034449712e-07,1.5709400177001953
2539,5.587294728855791e-07,1.0560319961526567e-05,1.5487667544313045e-06,3.623714690135155e-07,1.5947818756103516
2540,5.573244192706082e-07,1.0536136110107398e-05,1.5467764839232923e-06,3.616121587994247e-07,1.5778541564941406
2541,5.558903847835456e-07,1.0512004698584677e-05,1.5448049060802742e-06,3.6082490352515267e-07,1.5223026275634766
2542,5.544274654101391e-07,1.0487912511308678e-05,1.5428552631173495e-06,3.6000546252390217e-07,1.5246868133544922
2543,5.529364675837308e-07,1.0463847109146094e-05,1.5409304373115314e-06,3.591506964230593e-07,1.6446113586425781
2544,5.514189106005061e-07,1.0439797056716396e-05,1.5390328550812623e-06,3.582586935520144e-07,1.5423297882080078
2545,5.498770008234934e-07,1.0415752147363512e-05,1.5371643879408054e-06,3.5732884418697085e-07,1.5807151794433594
2546,5.483135780219374e-07,1.0391703566098852e-05,1.5353262867286362e-06,3.5636185720869013e-07,1.6849040985107422
2547,5.467320346282632e-07,1.0367644041771593e-05,1.5335191138038942e-06,3.553597197334567e-07,1.5397071838378906
2548,5.451362106810896e-07,1.0343567931830625e-05,1.5317427022203166e-06,3.543256005486095e-07,1.6205310821533203
2549,5.435302696550808e-07,1.031947127237829e-05,1.5299961435015412e-06,3.53263703829874e-07,1.5277862548828125
2550,5.419185611785963e-07,1.0295351795391551e-05,1.5282777766187467e-06,3.5217908463228043e-07,1.5788078308105469
2551,5.40305474973692e-07,1.027120887501177e-05,1.526585222316579e-06,3.510774273226006e-07,1.8019676208496094
2552,5.386953000352691e-07,1.0247043466430249e-05,1.5249154164706316e-06,3.4996481369398874e-07,1.5377998352050781
2553,5.370920878544518e-07,1.0222857972498385e-05,1.5232646799511153e-06,3.4884747764220747e-07,1.5919208526611328
2554,5.354995354890489e-07,1.0198656102315055e-05,1.521628795097429e-06,3.477315722610953e-07,1.6016960144042969
2555,5.339208877263367e-07,1.0174442693857602e-05,1.5200031052275723e-06,3.4662295492027047e-07,1.5480518341064453
2556,5.323588658662395e-07,1.0150223514899383e-05,1.518382616467647e-06,3.4552699941098554e-07,1.5273094177246094
2557,5.30815624292441e-07,1.0126005045190339e-05,1.516762122765516e-06,3.444484464124376e-07,1.5316009521484375
2558,5.29292739150345e-07,1.0101794257536138e-05,1.5151363233063558e-06,3.4339129760466193e-07,1.6553401947021484
2559,5.277912216417073e-07,1.007759839118384e-05,1.5134999498451431e-06,3.423587509943459e-07,1.5289783477783203
2560,5.263115618900755e-07,1.005342473288114e-05,1.511847887227948e-06,3.413531847175856e-07,1.527547836303711
2561,5.248537874094082e-07,1.002928040471244e-05,1.510175287202318e-06,3.403761758290791e-07,1.5826225280761719
2562,5.234175425577089e-07,1.0005172166561931e-05,1.5084776840865153e-06,3.394285585714411e-07,1.5881061553955078
2563,5.220021742142036e-07,9.981106242116275e-06,1.506751079983071e-06,3.3851050692004625e-07,1.5888214111328125
2564,5.206068178723569e-07,9.957088161163951e-06,1.5049920357304228e-06,3.3762163399694626e-07,1.5392303466796875
2565,5.192304837030946e-07,9.933122636860407e-06,1.5031977274993092e-06,3.367611037388742e-07,1.5268325805664062
2566,5.178721299475022e-07,9.909213457164844e-06,1.5013660034034953e-06,3.359277420197476e-07,1.592397689819336
2567,5.165307192520259e-07,9.885363414795332e-06,1.499495403674873e-06,3.351201351518847e-07,1.5430450439453125
2568,5.152052616278704e-07,9.861574266019631e-06,1.4975851797675186e-06,3.3433672089500495e-07,1.7011165618896484
2569,5.138948336257144e-07,9.837846703503165e-06,1.4956352806216656e-06,3.335758560663579e-07,1.5952587127685547
2570,5.125985785122354e-07,9.81418036997313e-06,1.4936463385782894e-06,3.32835864370607e-07,1.56402587890625
2571,5.11315688500914e-07,9.7905738869859e-06,1.4916196212820513e-06,3.3211506266706605e-07,1.627206802368164
2572,5.100453696187803e-07,9.767024907866071e-06,1.4895569815432872e-06,3.314117655103848e-07,1.5916824340820312
2573,5.087867954265192e-07,9.743530192391843e-06,1.487460796565943e-06,3.3072427393119946e-07,1.672506332397461
2574,5.075390530688576e-07,9.72008569050753e-06,1.4853338899104454e-06,3.300508507175624e-07,1.5714168548583984
2575,5.063010896189766e-07,9.696686637244777e-06,1.4831794500268959e-06,3.293896900667179e-07,1.5645027160644531
2576,5.050716579589701e-07,9.67332766746455e-06,1.4810009454135768e-06,3.287388832319267e-07,1.5451908111572266
2577,5.038492778447163e-07,9.650002928840753e-06,1.478802031928411e-06,3.280963922130914e-07,1.6303062438964844
2578,5.026322056911349e-07,9.626706183159654e-06,1.4765864659621118e-06,3.274600299772644e-07,1.6074180603027344
2579,5.014184231496051e-07,9.603430940294545e-06,1.474358016897962e-06,3.268274559012265e-07,1.5482902526855469
2580,5.0020564842934e-07,9.580170556398242e-06,1.4721203783409287e-06,3.2619618984223127e-07,1.5609264373779297
2581,4.989913639809359e-07,9.556918343591316e-06,1.4698770906763048e-06,3.255636404134791e-07,1.5900135040283203
2582,4.977728680352081e-07,9.533667664046944e-06,1.4676314701390967e-06,3.2492715359614643e-07,1.5900135040283203
2583,4.965473455113198e-07,9.510412026269276e-06,1.4653865423745835e-06,3.242840796879521e-07,1.6357898712158203
2584,4.953119508658678e-07,9.487145156372584e-06,1.4631449838755051e-06,3.2363184702224014e-07,1.5363693237304688
2585,4.94063908414666e-07,9.46386106525423e-06,1.4609090821727104e-06,3.229680519171976e-07,1.5976428985595703
2586,4.928006159712658e-07,9.440554108623153e-06,1.458680694993029e-06,3.222905460525119e-07,1.5408992767333984
2587,4.915197488359499e-07,9.417219025704118e-06,1.456461231760734e-06,3.2159752333435396e-07,1.5265941619873047
2588,4.902193639589714e-07,9.393850980999285e-06,1.4542516362248823e-06,3.20887601751212e-07,1.6481876373291016
2589,4.888979879683056e-07,9.370445575848621e-06,1.452052385006837e-06,3.201598841244898e-07,1.547098159790039
2590,4.875546950509502e-07,9.346998878932228e-06,1.4498634950004408e-06,3.1941400718658294e-07,1.543283462524414
2591,4.861891617090413e-07,9.323507418975791e-06,1.4476845437555081e-06,3.186501649757638e-07,1.5211105346679688
2592,4.848017001380217e-07,9.299968197795034e-06,1.4455146966779227e-06,3.178691059275301e-07,1.5881061553955078
2593,4.833932652796218e-07,9.27637868357327e-06,1.443352741683912e-06,3.170721059021106e-07,1.6314983367919922
2594,4.819654368952931e-07,9.252736804974447e-06,1.4411971341734862e-06,3.162609177974124e-07,1.5406608581542969
2595,4.805203763091931e-07,9.229040948877474e-06,1.4390460419741204e-06,3.1543769490013394e-07,1.542806625366211
2596,4.790607577549732e-07,9.205289951805249e-06,1.4368974046449631e-06,3.146048966596275e-07,1.6067028045654297
2597,4.775896804955373e-07,9.181483094281356e-06,1.4347489871408886e-06,3.1376517957421736e-07,1.539468765258789
2598,4.761105629164386e-07,9.157620097555178e-06,1.4325984383238985e-06,3.1292128012354024e-07,1.7561912536621094
2599,4.746270298368832e-07,9.13370112621272e-06,1.430443346981242e-06,3.12075900285203e-07,1.577138900756836
2600,4.7314278588241823e-07,9.109726785518046e-06,1.428281301383991e-06,3.112315894469181e-07,1.6093254089355469
2601,4.716614969458396e-07,9.08569811829806e-06,1.4261099356319223e-06,3.103906481679357e-07,1.7347335815429688
2602,4.7018667007811687e-07,9.061616622981303e-06,1.4239269771127079e-06,3.0955504141158097e-07,1.547098159790039
2603,4.6872154672274794e-07,9.037484236879447e-06,1.421730287542103e-06,3.0872633787161086e-07,1.665353775024414
2604,4.672690095514592e-07,9.013303348253023e-06,1.4195178928303274e-06,3.079056725567138e-07,1.6071796417236328
2605,4.6583150817832717e-07,8.98907678597825e-06,1.4172880085094584e-06,3.0709373767440677e-07,1.5347003936767578
2606,4.644110022649482e-07,8.96480781476285e-06,1.4150390483468663e-06,3.062907962313277e-07,1.5299320220947266
2607,4.630089297305288e-07,8.940500114638266e-06,1.412769632959388e-06,3.054967234791131e-07,1.5246868133544922
2608,4.6162619133428895e-07,8.916157755615431e-06,1.4104785845594995e-06,3.0471106584788695e-07,1.6679763793945312
2609,4.6026315852804774e-07,8.891785163061366e-06,1.4081649161707537e-06,3.039331139805172e-07,1.5404224395751953
2610,4.589196968738661e-07,8.867387066022964e-06,1.4058278095189823e-06,3.0316199006777427e-07,1.5268325805664062
2611,4.575952046157537e-07,8.842968443015515e-06,1.4034665965104434e-06,3.023967322118569e-07,1.584768295288086
2612,4.562886632812431e-07,8.818534441471737e-06,1.4010807285691305e-06,3.0163638019384433e-07,1.5273094177246094
2613,4.549986950901743e-07,8.794090304292158e-06,1.3986697503397583e-06,3.0088004985044257e-07,1.5811920166015625
2614,4.537236241377064e-07,8.76964126830755e-06,1.3962332710671034e-06,3.001269939175455e-07,1.5921592712402344
2615,4.524615393453847e-07,8.74519246033465e-06,1.393770937685791e-06,2.993766436715844e-07,1.5931129455566406
2616,4.512103553128484e-07,8.720748793381957e-06,1.3912824139789013e-06,2.9862863274302157e-07,1.5277862548828125
2617,4.4996786960337185e-07,8.696314842004938e-06,1.3887673652437912e-06,2.978827976968932e-07,1.5456676483154297
2618,4.4873181339148786e-07,8.67189474100084e-06,1.3862254464755727e-06,2.971391587811814e-07,1.5790462493896484
2619,4.4749989884838963e-07,8.64749205828192e-06,1.3836563004472525e-06,2.963978840343207e-07,1.6126632690429688
2620,4.4626985628197784e-07,8.623109704012923e-06,1.3810595538709484e-06,2.9565923440303137e-07,1.5347003936767578
2621,4.4503946993559755e-07,8.598749820193284e-06,1.3784348355160767e-06,2.9492350542291106e-07,1.5559196472167969
2622,4.4380660708294356e-07,8.574413712774785e-06,1.3757817895762896e-06,2.94190959995633e-07,1.531362533569336
2623,4.4256924409003773e-07,8.550101773845932e-06,1.3731000830856357e-06,2.9346176180410237e-07,1.5828609466552734
2624,4.413254905303198e-07,8.52581345244443e-06,1.3703894445894304e-06,2.927359175436406e-07,1.5892982482910156
2625,4.400736131576945e-07,8.501547219809107e-06,1.367649673989853e-06,2.9201322804460723e-07,1.5804767608642578
2626,4.388120583901946e-07,8.477300579761527e-06,1.364880672206981e-06,2.91293255461367e-07,1.51824951171875
2627,4.3753947667916403e-07,8.453070097708115e-06,1.3620824562231391e-06,2.905753087641919e-07,1.5919208526611328
2628,4.3625474721398786e-07,8.42885145395408e-06,1.3592551816072474e-06,2.898584480967435e-07,1.52587890625
2629,4.349570018378949e-07,8.40463952654195e-06,1.3563991481856615e-06,2.8914150930141686e-07,1.5790462493896484
2630,4.336456483867599e-07,8.380428494724774e-06,1.3535148157098006e-06,2.8842314442815515e-07,1.5301704406738281
2631,4.323203929378008e-07,8.356211964162005e-06,1.3506027947653195e-06,2.8770188144902917e-07,1.5876293182373047
2632,4.3098125659991444e-07,8.331983111905273e-06,1.3476638504965902e-06,2.86976193323761e-07,1.6701221466064453
2633,4.296285872254473e-07,8.30773484971353e-06,1.3446988839433282e-06,2.8624457367949525e-07,1.5442371368408203
2634,4.2826306438025823e-07,8.283459991118279e-06,1.3417089177167185e-06,2.855056180670535e-07,1.8045902252197266
2635,4.26885691417078e-07,8.259151424460456e-06,1.3386950746122078e-06,2.8475809649947637e-07,1.6055107116699219
2636,4.2549778159061166e-07,8.234802302333708e-06,1.3356585462709315e-06,2.8400102280202564e-07,1.5456676483154297
2637,4.241009294462893e-07,8.210406195210855e-06,1.3326005717669564e-06,2.8323371013994794e-07,1.5261173248291016
2638,4.226969712159113e-07,8.185957276507487e-06,1.3295223965086177e-06,2.824558088792986e-07,1.6036033630371094
2639,4.212879348078962e-07,8.161450456030878e-06,1.3264252521791617e-06,2.816673285783073e-07,1.604318618774414
2640,4.198759772013741e-07,8.136881523843367e-06,1.3233103146693289e-06,2.8086863646855017e-07,1.5685558319091797
2641,4.184633178452488e-07,8.11224725171982e-06,1.3201786785177142e-06,2.80060441746744e-07,1.5380382537841797
2642,4.1705216093137895e-07,8.087545487561705e-06,1.3170313332907846e-06,2.792437544846698e-07,1.5904903411865234
2643,4.156446218750564e-07,8.062775205173059e-06,1.3138691366330164e-06,2.7841983574024333e-07,1.5289783477783203
2644,4.142426479804738e-07,8.037936537731064e-06,1.3106927973489401e-06,2.7759012847053593e-07,1.580953598022461
2645,4.128479489048619e-07,8.013030780771889e-06,1.3075028557489182e-06,2.767561837240263e-07,1.5382766723632812
2646,4.114619341192365e-07,7.98806036091595e-06,1.3042996829907836e-06,2.759195826692672e-07,1.6829967498779297
2647,4.100856609333703e-07,7.963028776332054e-06,1.3010834689695902e-06,2.7508185941071745e-07,1.5358924865722656
2648,4.08719797627429e-07,7.93794052037898e-06,1.297854229192921e-06,2.742444270236374e-07,1.5294551849365234
2649,4.073646043315e-07,7.912800968413737e-06,1.2946118077240567e-06,2.734085174398606e-07,1.6222000122070312
2650,4.060199294861496e-07,7.887616254252304e-06,1.291355889370903e-06,2.725751302733392e-07,1.6160011291503906
2651,4.0468522750958424e-07,7.86239312712288e-06,1.2880860190064942e-06,2.717450011821606e-07,1.7070770263671875
2652,4.0335959018752174e-07,7.837138798033398e-06,1.2848016161995109e-06,2.709185814769232e-07,1.5349388122558594
2653,4.0204179627671695e-07,7.81186076783427e-06,1.2815020012782561e-06,2.700960402398914e-07,1.5416145324707031
2654,4.0073037403894244e-07,7.786566671303463e-06,1.2781864220339666e-06,2.692772789887275e-07,1.6608238220214844
2655,3.994236743647055e-07,7.761264098734263e-06,1.274854078148773e-06,2.684619625301586e-07,1.5265941619873047
2656,3.981199477533698e-07,7.735960444774347e-06,1.2715041544617262e-06,2.676495585819736e-07,1.5778541564941406
2657,3.968174261992644e-07,7.710662745641338e-06,1.268135850045427e-06,2.6683938838450015e-07,1.5981197357177734
2658,3.9551440163491573e-07,7.685377553204043e-06,1.2647484020330192e-06,2.660306788820068e-07,1.531362533569336
2659,3.9420930093068945e-07,7.660110796162673e-06,1.2613411187142713e-06,2.652226182395714e-07,1.6121864318847656
2660,3.9290074796719255e-07,7.634867688109053e-06,1.2579134002630708e-06,2.6441440592423345e-07,1.552581787109375
2661,3.9158761582086604e-07,7.609652631533693e-06,1.2544647620418992e-06,2.6360529649032297e-07,1.588582992553711
2662,3.902690651625911e-07,7.584469162439859e-06,1.2509948571016692e-06,2.627946377079638e-07,1.5337467193603516
2663,3.8894456546197974e-07,7.559319908976822e-06,1.2475034872353851e-06,2.619818950547372e-07,1.528024673461914
2664,3.8761390106802175e-07,7.534206571872626e-06,1.2439906132540908e-06,2.6116666717099746e-07,1.6052722930908203
2665,3.8627716165584905e-07,7.509129934575816e-06,1.2404563657054444e-06,2.603486910796733e-07,1.6086101531982422
2666,3.84934717379123e-07,7.484089884710813e-06,1.2369010399781092e-06,2.595278323321775e-07,1.5485286712646484
2667,3.835871816701361e-07,7.459085466153084e-06,1.2333251004413528e-06,2.587040726497037e-07,1.5878677368164062
2668,3.822353648882809e-07,7.434114938831239e-06,1.2297291674948446e-06,2.578774856573869e-07,1.527547836303711
2669,3.8088022055420954e-07,7.409175866013636e-06,1.2261140078557365e-06,2.5704821189159335e-07,1.6486644744873047
2670,3.7952278700325806e-07,7.384265199516769e-06,1.2224805205773593e-06,2.5621643013373165e-07,1.537322998046875
2671,3.781641288664333e-07,7.359379390553414e-06,1.2188297143562359e-06,2.553823289975477e-07,1.5366077423095703
2672,3.7680528251723075e-07,7.334514501948131e-06,1.2151626885414715e-06,2.545460842724499e-07,1.6620159149169922
2673,3.7544720503529397e-07,7.309666312653413e-06,1.2114806076975899e-06,2.537078398887821e-07,1.6131401062011719
2674,3.7409073098096467e-07,7.284830447103909e-06,1.2077846753499755e-06,2.528676937716212e-07,1.6171932220458984
2675,3.7273654006529887e-07,7.260002479226098e-06,1.2040761054002939e-06,2.520256941247503e-07,1.5370845794677734
2676,3.7138513609764657e-07,7.23517804938208e-06,1.2003560978055987e-06,2.5118184397560595e-07,1.5327930450439453
2677,3.7003683506420325e-07,7.210352958419325e-06,1.1966258092401606e-06,2.503361097566129e-07,1.6977787017822266
2678,3.6869176668329703e-07,7.185523271487595e-06,1.192886326351835e-06,2.4948843915498294e-07,1.6367435455322266
2679,3.673498856268989e-07,7.160685391256909e-06,1.1891386441301574e-06,2.4863878267731514e-07,1.6124248504638672
2680,3.660109923096678e-07,7.1358361273652955e-06,1.1853836404991168e-06,2.4778711979182144e-07,1.8475055694580078
2681,3.6467476094127204e-07,7.1109727578313225e-06,1.1816220587426681e-06,2.4693348178451215e-07,2.267122268676758
2682,3.6334077291019706e-07,7.086093060942738e-06,1.1778544959655174e-06,2.460779767647504e-07,2.167940139770508
2683,3.620085542831577e-07,7.061195349099927e-06,1.1740813870178534e-06,2.452208111340185e-07,1.989126205444336
2684,3.606776130079307e-07,7.03627847281396e-06,1.170303004086931e-06,2.443623024987738e-07,1.7333030700683594
2685,3.593474739369726e-07,7.01134183130042e-06,1.1665194484364134e-06,2.4350288532022474e-07,1.5759468078613281
2686,3.5801771148755755e-07,6.986385350396529e-06,1.1627306608316222e-06,2.4264310958595496e-07,1.634359359741211
2687,3.5668797634022335e-07,6.961409458060075e-06,1.158936422270123e-06,2.417836288692178e-07,1.6214847564697266
2688,3.553580150478742e-07,6.936415060296215e-06,1.1551363730299692e-06,2.4092517925650414e-07,1.7135143280029297
2689,3.5402768081223133e-07,6.911403491185118e-06,1.1513300239400652e-06,2.400685474803588e-07,1.5981197357177734
2690,3.526969397471585e-07,6.886376473855541e-06,1.1475167830208713e-06,2.392145361962005e-07,1.5933513641357422
2691,3.5136586409014996e-07,6.861336070488543e-06,1.1436959723373742e-06,2.3836391865349317e-07,1.546621322631836
2692,3.500346244063636e-07,6.836284635436888e-06,1.1398668588190838e-06,2.3751739533976665e-07,1.5387535095214844
2693,3.4870347042382377e-07,6.811224763881392e-06,1.136028678345364e-06,2.366755474039554e-07,1.5871524810791016
2694,3.4737270976907447e-07,6.7861592465269325e-06,1.1321806637789535e-06,2.35838792432679e-07,1.580953598022461
2695,3.460426847491238e-07,6.761091029716772e-06,1.128322072210953e-06,2.350073495020907e-07,1.5399456024169922
2696,3.447137455364983e-07,6.736023172988896e-06,1.1244522091608024e-06,2.3418120813803753e-07,2.2068023681640625
2697,3.4338622637581637e-07,6.710958817980829e-06,1.1205704532611684e-06,2.333601115165365e-07,2.1903514862060547
2698,3.420604230389112e-07,6.685901160101871e-06,1.1166762785171828e-06,2.32543550919179e-07,1.9345283508300781
2699,3.407365748959175e-07,6.660853424751886e-06,1.112769264380294e-06,2.3173077270039266e-07,2.009868621826172
2700,3.3941485153169133e-07,6.635818852211607e-06,1.1088491132074708e-06,2.3092080107768896e-07,1.6436576843261719
2701,3.380953433813068e-07,6.610800677154033e-06,1.1049156543145334e-06,2.3011247049227459e-07,1.9252300262451172
2702,3.367780618528904e-07,6.585802120597433e-06,1.100968849607536e-06,2.2930447279894828e-07,1.7788410186767578
2703,3.3546294026096687e-07,6.560826380934939e-06,1.097008787529772e-06,2.2849540945749894e-07,2.3322105407714844
2704,3.3414984332044153e-07,6.535876616407066e-06,1.0930356778171355e-06,2.2768385389849114e-07,2.248048782348633
2705,3.328385773406935e-07,6.51095594712567e-06,1.0890498415127238e-06,2.2686841297455765e-07,2.2513866424560547
2706,3.3152890692190347e-07,6.486067423059427e-06,1.0850516982567847e-06,2.2604779107837243e-07,1.8041133880615234
2707,3.302205689773913e-07,6.461214033711558e-06,1.0810417429256839e-06,2.2522084737242144e-07,1.5566349029541016
2708,3.2891328829120274e-07,6.436398661427044e-06,1.077020534380759e-06,2.2438664627370075e-07,1.5382766723632812
2709,3.276067929692116e-07,6.411624087348326e-06,1.0729886697783193e-06,2.2354449880403638e-07,1.5370845794677734
2710,3.2630082465936287e-07,6.386892932334194e-06,1.0689467668750522e-06,2.2269398923249676e-07,1.5497207641601562
2711,3.249951493294274e-07,6.362207648051385e-06,1.0648954473881288e-06,2.2183499079822073e-07,1.552581787109375
2712,3.236895606113039e-07,6.337570475670872e-06,1.0608353175681717e-06,2.2096766428948293e-07,1.5952587127685547
2713,3.223838826396316e-07,6.312983404279472e-06,1.05676695181047e-06,2.20092445248717e-07,1.5401840209960938
2714,3.210779678231146e-07,6.288448138360426e-06,1.052690884385145e-06,2.1921001546485384e-07,1.5408992767333984
2715,3.197716941936088e-07,6.263966051549023e-06,1.048607599589046e-06,2.1832126806975068e-07,1.5430450439453125
2716,3.1846495972960877e-07,6.239538156921895e-06,1.0445175294236796e-06,2.1742726068686756e-07,1.5306472778320312
2717,3.1715767852248694e-07,6.215165068264579e-06,1.0404210479830982e-06,2.1652916684296127e-07,1.5370845794677734
2718,3.15849772588507e-07,6.190846976951558e-06,1.0363184781018744e-06,2.15628219798898e-07,1.6455650329589844
2719,3.1454117355694224e-07,6.16658362603527e-06,1.0322100938306942e-06,2.147256665945745e-07,1.5382766723632812
2720,3.132318184905092e-07,6.142374302879676e-06,1.0280961318036661e-06,2.1382271710139527e-07,1.5518665313720703
2721,3.1192165728454704e-07,6.118217830792964e-06,1.0239767965326647e-06,2.1292050875218614e-07,1.5633106231689453
2722,3.10610658598845e-07,6.094112578534416e-06,1.0198522759790038e-06,2.1202007473977596e-07,1.5347003936767578
2723,3.0929881952114734e-07,6.0700564903030574e-06,1.0157227514326802e-06,2.1112232223369491e-07,1.5234947204589844
2724,3.079861812089736e-07,6.046047099563007e-06,1.0115884062276573e-06,2.1022802493187317e-07,1.5437602996826172
2725,3.066728429984522e-07,6.022081594023789e-06,1.007449441101963e-06,2.0933782212305378e-07,1.5408992767333984
2726,3.0535897970564513e-07,5.998156852609091e-06,1.0033060863185846e-06,2.0845222858231853e-07,1.5652179718017578
2727,3.040448568027856e-07,5.974269530406439e-06,9.991586010387138e-07,2.0757165256062732e-07,1.600503921508789
2728,3.027308424921092e-07,5.9504161186265e-06,9.95007285417389e-07,2.0669641323831296e-07,1.7409324645996094
2729,3.0141741858812336e-07,5.926593035127878e-06,9.908524862651564e-07,2.058267687978855e-07,1.5540122985839844
2730,3.0010518264542793e-07,5.902796714015465e-06,9.866945989614702e-07,2.049629375652994e-07,1.5494823455810547
2731,2.9879484556889845e-07,5.879023694920148e-06,9.825340646513e-07,2.0410511922773444e-07,1.5869140625
2732,2.974872197630378e-07,5.855270721792565e-06,9.783713714616953e-07,2.0325350959624486e-07,1.5416145324707031
2733,2.961832008790357e-07,5.831534830768004e-06,9.742070515968586e-07,2.0240831034110843e-07,1.5244483947753906
2734,2.9488374169235814e-07,5.80781343665798e-06,9.7004167576498e-07,2.0156972991997749e-07,1.5468597412109375
2735,2.935898195225942e-07,5.784104416936664e-06,9.65875845921697e-07,2.007379766637705e-07,1.5358924865722656
2736,2.9230239646095316e-07,5.7604061819909974e-06,9.61710192893099e-07,1.9991324360117357e-07,1.5614032745361328
2737,2.9102237992396315e-07,5.736717735370164e-06,9.575453662367025e-07,1.9909569118906942e-07,1.5552043914794922
2738,2.8975057624035013e-07,5.713038727345992e-06,9.533820278702941e-07,1.982854191782179e-07,1.5408992767333984
2739,2.884876497665355e-07,5.689369479962204e-06,9.492208461990692e-07,1.974824417337281e-07,1.523733139038086
2740,2.872340850237694e-07,5.6657110133515134e-06,9.450624814803266e-07,1.9668666137424907e-07,1.5485286712646484
2741,2.859901505008805e-07,5.642065041818732e-06,9.409075844121025e-07,1.9589784189159874e-07,1.5330314636230469
2742,2.847558742429993e-07,5.6184339615398845e-06,9.367567857286145e-07,1.9511559034808515e-07,1.5337467193603516
2743,2.835310301427582e-07,5.594820812000636e-06,9.326106920876918e-07,1.943393465958785e-07,1.5246868133544922
2744,2.823151324091253e-07,5.571229238754906e-06,9.284698723359099e-07,1.9356837992824615e-07,1.54876708984375
2745,2.811074427660894e-07,5.5476634174058686e-06,9.24334865261453e-07,1.9280179585023993e-07,1.5332698822021484
2746,2.799069916388279e-07,5.524127985551545e-06,9.202061592334622e-07,1.9203855472169273e-07,1.5652179718017578
2747,2.7871260566758416e-07,5.500627951425062e-06,9.160841956395261e-07,1.9127749501011365e-07,1.5430450439453125
2748,2.7752294987091395e-07,5.477168602536534e-06,9.11969362233121e-07,1.905173719365579e-07,1.5316009521484375
2749,2.763365744722317e-07,5.453755379385043e-06,9.0786199255535e-07,1.8975689645012812e-07,1.5332698822021484
2750,2.7515196864594173e-07,5.430393783418323e-06,9.037623645594197e-07,1.8899478209768954e-07,1.558542251586914
2751,2.7396761667421027e-07,5.407089255194668e-06,8.99670700180549e-07,1.8822979265753466e-07,1.7979145050048828
2752,2.727820562652744e-07,5.383847061398438e-06,8.955871679953703e-07,1.8746079049923753e-07,1.5475749969482422
2753,2.715939306959245e-07,5.360672194812029e-06,8.915118852043384e-07,1.8668677702807522e-07,1.5292167663574219
2754,2.704020401024206e-07,5.3375692560404854e-06,8.874449177864838e-07,1.8590693315003147e-07,1.5337467193603516
2755,2.6920538149386345e-07,5.314542373499379e-06,8.833862899933553e-07,1.8512064486681933e-07,1.5289783477783203
2756,2.680031820920375e-07,5.2915951099156284e-06,8.793359896056477e-07,1.843275245723953e-07,1.535654067993164
2757,2.66794924767357e-07,5.268730396330858e-06,8.752939780493067e-07,1.8352742223968417e-07,1.5621185302734375
2758,2.655803583001024e-07,5.245950477584485e-06,8.712601961216528e-07,1.8272042303889875e-07,1.5294551849365234
2759,2.643595005772602e-07,5.223256873234253e-06,8.67234569586074e-07,1.8190683795773283e-07,1.6567707061767578
2760,2.6313262866784186e-07,5.200650357741818e-06,8.632170260600455e-07,1.810871834053066e-07,1.5377998352050781
2761,2.619002618170925e-07,5.178130957682979e-06,8.592074944724454e-07,1.802621547663226e-07,1.5273094177246094
2762,2.606631357267243e-07,5.1556979593019625e-06,8.552059200070111e-07,1.7943259500202277e-07,1.565694808959961
2763,2.594221698384341e-07,5.133349950528438e-06,8.512122679071927e-07,1.785994574550962e-07,1.5549659729003906
2764,2.5817843304009624e-07,5.11108486167713e-06,8.472265343862244e-07,1.7776377368024713e-07,1.5347003936767578
2765,2.569331029822679e-07,5.088900037325347e-06,8.432487490909391e-07,1.7692661477996708e-07,1.5480518341064453
2766,2.5568742808071204e-07,5.066792303245958e-06,8.392789794031095e-07,1.7608906124755432e-07,1.5213489532470703
2767,2.544426901644088e-07,5.0447580665770265e-06,8.353173317298225e-07,1.7525217694804162e-07,1.5327930450439453
2768,2.5320016792070225e-07,5.022793405235221e-06,8.313639523658661e-07,1.7441698465113208e-07,1.5192031860351562
2769,2.5196110572366437e-07,5.000894183387393e-06,8.274190282030265e-07,1.735844530754609e-07,1.5411376953125
2770,2.5072668673704764e-07,4.979056144207647e-06,8.23482779734726e-07,1.7275548579253887e-07,1.5420913696289062
2771,2.494980112926779e-07,4.9572750324224924e-06,8.195554621658195e-07,1.71930920759077e-07,1.5332698822021484
2772,2.4827607895159743e-07,4.935546702634854e-06,8.156373539680415e-07,1.7111152897831896e-07,1.569986343383789
2773,2.470617766126524e-07,4.913867211355414e-06,8.117287527779678e-07,1.7029802120899265e-07,1.5406608581542969
2774,2.4585587036491657e-07,4.892232925594902e-06,8.078299671070832e-07,1.6949105521081452e-07,1.5301704406738281
2775,2.446590020280584e-07,4.870640605868015e-06,8.039413045572617e-07,1.6869124339153526e-07,1.5206336975097656
2776,2.434716868889481e-07,4.849087478043122e-06,8.000630726669059e-07,1.6789915980134823e-07,1.5659332275390625
2777,2.4229431468235986e-07,4.827571301338178e-06,7.961955573159458e-07,1.6711534575770753e-07,1.9786357879638672
2778,2.4112715345129464e-07,4.8060904044949865e-06,7.923390319739523e-07,1.663403109537519e-07,1.6109943389892578
2779,2.3997035215053904e-07,4.784643739290705e-06,7.88493739595277e-07,1.6557453243558767e-07,1.554727554321289
2780,2.388239451482715e-07,4.763230881685659e-06,7.846598889634169e-07,1.6481844697471095e-07,1.550436019897461
2781,2.3768785501941e-07,4.741852032584729e-06,7.808376615914404e-07,1.6407243970534688e-07,1.5680789947509766
2782,2.365618980114897e-07,4.72050801259496e-06,7.770271942830628e-07,1.6333683140389527e-07,1.619577407836914
2783,2.3544578707657707e-07,4.69920022419166e-06,7.732285987309541e-07,1.6261185975941858e-07,1.6052722930908203
2784,2.3433913606501744e-07,4.677930617645175e-06,7.694419502607483e-07,1.618976603783906e-07,1.5702247619628906
2785,2.3324146563535953e-07,4.6567016300623975e-06,7.656673022332181e-07,1.611942488796082e-07,1.539468765258789
2786,2.3215220616798308e-07,4.6355161321470225e-06,7.619046860099779e-07,1.60501500019792e-07,1.531362533569336
2787,2.3107070723150132e-07,4.614377341402783e-06,7.581541220086664e-07,1.5981913513373533e-07,1.5690326690673828
2788,2.2999624288073654e-07,4.593288765261596e-06,7.544156285443879e-07,1.5914670830000447e-07,1.5418529510498047
2789,2.2892802248309973e-07,4.572254102339878e-06,7.506892308569408e-07,1.584836011014963e-07,1.5552043914794922
2790,2.2786520202372455e-07,4.551277174756008e-06,7.469749730984053e-07,1.578290218028525e-07,1.5833377838134766
2791,2.2680689884073846e-07,4.530361838900677e-06,7.432729266466645e-07,1.5718201415049397e-07,1.5289783477783203
2792,2.2575220430508236e-07,4.509511918127048e-06,7.395831976290817e-07,1.5654146821197902e-07,1.5676021575927734
2793,2.247002030912002e-07,4.488731119181537e-06,7.359059382683585e-07,1.5590614318532687e-07,1.5325546264648438
2794,2.2364999067530195e-07,4.468022978791993e-06,7.322413476319686e-07,1.5527469314988022e-07,1.5168190002441406
2795,2.2260069326869843e-07,4.44739078948211e-06,7.285896838541116e-07,1.5464570016309227e-07,1.5175342559814453
2796,2.2155148662606332e-07,4.4268375681312855e-06,7.249512583977811e-07,1.5401771081341572e-07,1.5273094177246094
2797,2.205016146888037e-07,4.406365997830874e-06,7.213264442980587e-07,1.5338927542984322e-07,1.5225410461425781
2798,2.1945040819819525e-07,4.3859784140654696e-06,7.177156693381518e-07,1.5275899034074178e-07,1.5387535095214844
2799,2.183973010264542e-07,4.36567677101877e-06,7.141194102678874e-07,1.521255369084822e-07,1.5327930450439453
2800,2.1734184253918928e-07,4.345462632932642e-06,7.105381852999746e-07,1.5148772010343421e-07,1.5513896942138672
2801,2.162837097956308e-07,4.3253371772077945e-06,7.069725533804061e-07,1.5084450468999563e-07,1.7437934875488281
2802,2.152227142696711e-07,4.305301186005432e-06,7.034230960537708e-07,1.501950443979367e-07,1.5406608581542969
2803,2.1415880515859746e-07,4.285355072283665e-06,6.998904111045926e-07,1.495387063014384e-07,1.5625953674316406
2804,2.13092069459022e-07,4.26549889241945e-06,6.963750978434236e-07,1.488750890004275e-07,1.5366077423095703
2805,2.1202272673202695e-07,4.245732373651888e-06,6.928777442428735e-07,1.4820403034680377e-07,1.523733139038086
2806,2.1095112074055022e-07,4.226054935197034e-06,6.89398918192167e-07,1.4752561089589823e-07,1.5387535095214844
2807,2.098777081140176e-07,4.206465731278882e-06,6.8593914904734e-07,1.4684014723360238e-07,1.550912857055664
2808,2.0880304354722264e-07,4.186963673428557e-06,6.824989264701225e-07,1.461481791778712e-07,1.561880111694336
2809,2.0772776367931958e-07,4.1675474728062455e-06,6.79078684293656e-07,1.4545045201325429e-07,1.5323162078857422
2810,2.066525682602183e-07,4.148215674267735e-06,6.756787922583127e-07,1.4474789059905033e-07,1.5261173248291016
2811,2.055782012299904e-07,4.128966693198621e-06,6.722995577528753e-07,1.440415720191923e-07,1.5711784362792969
2812,2.045054321947292e-07,4.109798845935598e-06,6.689412158912499e-07,1.4333269313484458e-07,1.535654067993164
2813,2.034350384292549e-07,4.090710388468864e-06,6.656039247465758e-07,1.4262253828188458e-07,1.550436019897461
2814,2.023677894816362e-07,4.071699541687241e-06,6.62287775223201e-07,1.41912447516394e-07,1.5478134155273438
2815,2.0130443262505742e-07,4.052764526567792e-06,6.589927847210706e-07,1.4120378325492069e-07,1.5709400177001953
2816,2.0024568229346136e-07,4.033903585009087e-06,6.557189092761398e-07,1.40497902107329e-07,1.5299320220947266
2817,1.9919221337450279e-07,4.015115015007087e-06,6.524660395051782e-07,1.3979613018525573e-07,1.5375614166259766
2818,1.9814465373899666e-07,3.996397181725307e-06,6.492340177537888e-07,1.3909973956811363e-07,1.5840530395507812
2819,1.9710358482426136e-07,3.9777485475257416e-06,6.460226404435705e-07,1.3840993183745858e-07,1.5461444854736328
2820,1.96069538667892e-07,3.959167684093632e-06,6.428316657210802e-07,1.3772782169048822e-07,1.5239715576171875
2821,1.9504300232757458e-07,3.940653293373868e-06,6.396608287775941e-07,1.3705443007009484e-07,1.5609264373779297
2822,1.9402441923628035e-07,3.922204219707118e-06,6.365098448010709e-07,1.3639067445866006e-07,1.5406608581542969
2823,1.930141933681017e-07,3.9038194630092875e-06,6.333784255976427e-07,1.3573736627904828e-07,1.5659332275390625
2824,1.92012691480728e-07,3.885498188034491e-06,6.302662835348997e-07,1.3509520643386797e-07,1.752614974975586
2825,1.9102024529072152e-07,3.867239739930896e-06,6.271731449108391e-07,1.3446478528000627e-07,1.5399456024169922
2826,1.9003715077373914e-07,3.849043646132989e-06,6.240987548047764e-07,1.3384657888285865e-07,1.5769004821777344
2827,1.890636657698206e-07,3.8309096200823195e-06,6.210428916811183e-07,1.332409470117488e-07,1.6236305236816406
2828,1.8810000466107429e-07,3.8128375747044623e-06,6.180053660948731e-07,1.3264812940870044e-07,1.6248226165771484
2829,1.8714633203904635e-07,3.7948276223183024e-06,6.149860375647825e-07,1.32068241093294e-07,1.5845298767089844
2830,1.8620275077860323e-07,3.7768800630688028e-06,6.119848128437778e-07,1.3150126439001342e-07,1.535177230834961
2831,1.8526929411958874e-07,3.758995411199724e-06,6.090016533280224e-07,1.3094704453946675e-07,1.5871524810791016
2832,1.843459112181057e-07,3.7411743666605343e-06,6.060365783337221e-07,1.304052825250998e-07,1.6896724700927734
2833,1.834324546099546e-07,3.7234178239544145e-06,6.030896679986583e-07,1.298755263163201e-07,1.5895366668701172
2834,1.825286698075794e-07,3.7057268632634697e-06,6.001610597231873e-07,1.2935716931391278e-07,1.6295909881591797
2835,1.8163418570393775e-07,3.6881027409023057e-06,5.972509542500003e-07,1.2884944673591646e-07,1.5423297882080078
2836,1.8074850933775703e-07,3.6705468780460395e-06,5.943596112739088e-07,1.2835143968053042e-07,1.5194416046142578
2837,1.798710221406419e-07,3.653060847204411e-06,5.914873396651899e-07,1.278620798195699e-07,1.5599727630615234
2838,1.790009849947242e-07,3.635646355365088e-06,5.886345020842495e-07,1.2738016444968045e-07,1.6379356384277344
2839,1.781375429200743e-07,3.618305227377066e-06,5.858015008629003e-07,1.2690437088214373e-07,1.539468765258789
2840,1.7727974250399284e-07,3.601039383209188e-06,5.829887735059403e-07,1.264332834364502e-07,1.5327930450439453
2841,1.764265462922906e-07,3.5838508073047473e-06,5.801967828803066e-07,1.2596541898650352e-07,1.5158653259277344
2842,1.7557686022460244e-07,3.566741534407475e-06,5.774260074300367e-07,1.2549926360535735e-07,1.5802383422851562
2843,1.747295581557213e-07,3.54971361230329e-06,5.746769296766787e-07,1.2503330664348368e-07,1.5819072723388672
2844,1.738835152251021e-07,3.532769073422982e-06,5.719500259679187e-07,1.2456608202032412e-07,1.5876293182373047
2845,1.730376378451323e-07,3.515909903868081e-06,5.692457567241429e-07,1.240962056084534e-07,1.5256404876708984
2846,1.72190897220312e-07,3.4991380104770135e-06,5.665645549812055e-07,1.236224138000522e-07,1.6207695007324219
2847,1.7134236273579348e-07,3.4824551824594992e-06,5.639068167579405e-07,1.2314359986839235e-07,1.5840530395507812
2848,1.704912295562242e-07,3.4658630693218364e-06,5.612728924688127e-07,1.2265884487290335e-07,1.5552043914794922
2849,1.6963684546018643e-07,3.4493631364179977e-06,5.58663081704808e-07,1.221674420626386e-07,1.5981197357177734
2850,1.687787317947495e-07,3.4329566441106994e-06,5.56077623601309e-07,1.216689182772589e-07,1.6045570373535156
2851,1.6791659802315524e-07,3.41664461274383e-06,5.535166978882163e-07,1.2116304171811554e-07,1.7485618591308594
2852,1.6705035010613016e-07,3.4004278055239124e-06,5.509804177912744e-07,1.2064982533583394e-07,1.543283462524414
2853,1.661800945101309e-07,3.3843067016300544e-06,5.484688319303071e-07,1.2012952346137286e-07,1.6505718231201172
2854,1.6530613239236677e-07,3.3682814868598803e-06,5.459819249422252e-07,1.1960261804402671e-07,1.6167163848876953
2855,1.6442894942713595e-07,3.352352031676326e-06,5.43519623502855e-07,1.190697978623783e-07,1.5399456024169922
2856,1.6354920042736485e-07,3.336517903365329e-06,5.410817966542199e-07,1.1853193574437663e-07,1.5337467193603516
2857,1.6266768939405026e-07,3.3207783578077185e-06,5.386682639291892e-07,1.1799005870374749e-07,1.5833377838134766
2858,1.6178534253432917e-07,3.3051323522514595e-06,5.362788023494723e-07,1.1744531242633762e-07,1.6145706176757812
2859,1.6090318500035147e-07,3.2895785582379677e-06,5.339131514202281e-07,1.1689893118007041e-07,1.6329288482666016
2860,1.6002230957380363e-07,3.274115391252465e-06,5.315710224602925e-07,1.1635220101530347e-07,1.5926361083984375
2861,1.5914385029199772e-07,3.2587410326686495e-06,5.292521036964049e-07,1.1580642855042673e-07,1.5916824340820312
2862,1.5826895468792074e-07,3.243453466902231e-06,5.269560777227413e-07,1.1526291163600948e-07,1.5594959259033203
2863,1.5739875895281327e-07,3.228250523698766e-06,5.246826164741304e-07,1.1472291279770307e-07,1.6040802001953125
2864,1.5653436371813487e-07,3.213129925919597e-06,5.224313954667172e-07,1.1418763922149032e-07,1.5897750854492188
2865,1.5567681493547863e-07,3.198089337221896e-06,5.202020955913805e-07,1.1365822341202611e-07,1.5883445739746094
2866,1.5482708566118135e-07,3.183126405305183e-06,5.179944117039313e-07,1.1313571180972694e-07,1.5320777893066406
2867,1.53986062919461e-07,3.168238822978497e-06,5.158080521088661e-07,1.1262105534347583e-07,1.5211105346679688
2868,1.5315453686343014e-07,3.153424381876248e-06,5.136427461438854e-07,1.1211510404183206e-07,1.5964508056640625
2869,1.5233319211420754e-07,3.13868100660958e-06,5.11498247215961e-07,1.1161860550971602e-07,1.6071796417236328
2870,1.5152260298788424e-07,3.124006829623856e-06,5.093743278635924e-07,1.1113220426453978e-07,1.5251636505126953
2871,1.5072322797379878e-07,3.1094002105866325e-06,5.072707849276035e-07,1.1065643926965026e-07,1.5451908111572266
2872,1.4993540905850862e-07,3.094859787191294e-06,5.051874406033374e-07,1.1019174781660826e-07,1.5261173248291016
2873,1.4915936670579451e-07,3.0803845015149573e-06,5.031241354653404e-07,1.0973846065838409e-07,1.6589164733886719
2874,1.4839520372154078e-07,3.065973635446439e-06,5.010807360948385e-07,1.0929680538245504e-07,1.6014575958251953
2875,1.4764289915567227e-07,3.0516268132356593e-06,4.990571269275945e-07,1.0886689693124174e-07,1.5342235565185547
2876,1.4690231381503342e-07,3.037344021558615e-06,4.970532135589637e-07,1.0844874128930034e-07,1.5802383422851562
2877,1.4617318718259665e-07,3.023125608321059e-06,4.950689200899702e-07,1.0804222420652388e-07,1.5294551849365234
2878,1.4545514169153245e-07,3.0089722683631566e-06,4.931041875145154e-07,1.0764711034429535e-07,1.596212387084961
2879,1.4474768249232705e-07,2.9948850410121403e-06,4.911589720312978e-07,1.0726303529677898e-07,1.5232563018798828
2880,1.4405020350692814e-07,2.9808652677505314e-06,4.892332497298281e-07,1.0688950321243923e-07,1.5876293182373047
2881,1.433619947573905e-07,2.9669145774990123e-06,4.873270114658256e-07,1.0652588691991097e-07,1.5292167663574219
2882,1.426822489657635e-07,2.95303483938933e-06,4.854402649519077e-07,1.0617142739939915e-07,1.5187263488769531
2883,1.420100744780312e-07,2.9392281224118836e-06,4.835730348184972e-07,1.0582524046016382e-07,1.6033649444580078
2884,1.4134450781061184e-07,2.9254966455922897e-06,4.817253627239156e-07,1.0548632604021236e-07,1.6057491302490234
2885,1.406845298002549e-07,2.9118427328048653e-06,4.798973074865694e-07,1.0515358064140383e-07,1.5995502471923828
2886,1.400290859487211e-07,2.898268754750744e-06,4.780889454019001e-07,1.048258172215579e-07,1.5268325805664062
2887,1.3937710688013733e-07,2.8847770811210292e-06,4.763003697167066e-07,1.0450178708847182e-07,1.5239715576171875
2888,1.3872753206933372e-07,2.871370022709055e-06,4.745316880169062e-07,1.0418020560174064e-07,1.8050670623779297
2889,1.380793313953249e-07,2.8580497824371833e-06,4.7278302407538e-07,1.0385977966857566e-07,1.5594959259033203
2890,1.37431531061113e-07,2.8448184066548966e-06,4.710545120089139e-07,1.0353923952163963e-07,1.6705989837646484
2891,1.3678323519250644e-07,2.831677750755851e-06,4.6934629863610313e-07,1.0321736777495166e-07,1.6384124755859375
2892,1.361336485887919e-07,2.8186294261230055e-06,4.676585313855361e-07,1.028930306933689e-07,1.6124248504638672
2893,1.3548209546626482e-07,2.8056747813613824e-06,4.659913654527437e-07,1.025652053269135e-07,1.604318618774414
2894,1.3482803511304352e-07,2.7928148644174525e-06,4.6434494752387425e-07,1.0223300469792159e-07,1.5289783477783203
2895,1.3417107640165246e-07,2.7800504077719452e-06,4.627194202347471e-07,1.0189570021116424e-07,1.5859603881835938
2896,1.3351098418389393e-07,2.7673818197434728e-06,4.611149108228012e-07,1.0155273824842312e-07,1.5797615051269531
2897,1.3284768376466282e-07,2.754809178502276e-06,4.595315286229742e-07,1.0120374979899267e-07,1.5325546264648438
2898,1.3218126039154874e-07,2.7423322271098857e-06,4.579693562332968e-07,1.0084855819769388e-07,1.6245841979980469
2899,1.3151195376408498e-07,2.7299503941695353e-06,4.564284443017752e-07,1.0048717887842382e-07,1.6133785247802734
2900,1.3084014796320977e-07,2.717662799973204e-06,4.549088093163523e-07,1.0011981262579167e-07,1.5366077423095703
2901,1.3016635947409824e-07,2.7054682849025372e-06,4.534104267748557e-07,9.974683798415434e-08,1.7323493957519531
2902,1.2949121914579748e-07,2.693365434580053e-06,4.519332262488745e-07,9.936879501798892e-08,1.5349388122558594
2903,1.2881545508108156e-07,2.681352613019029e-06,4.5047709024663585e-07,9.898636639446866e-08,1.6722679138183594
2904,1.2813987001293836e-07,2.669427994693225e-06,4.490418524813438e-07,9.860035774398545e-08,1.5904903411865234
2905,1.2746532177885064e-07,2.657589616563158e-06,4.476272920151077e-07,9.821167358928164e-08,1.550436019897461
2906,1.2679269991585489e-07,2.6458354045218344e-06,4.4623313843793816e-07,9.782129334539148e-08,1.5940666198730469
2907,1.2612290534474545e-07,2.6341632233043858e-06,4.448590730940262e-07,9.743024723992706e-08,1.7056465148925781
2908,1.254568315769559e-07,2.6225709207251335e-06,4.4350472670893144e-07,9.703959391549231e-08,2.0074844360351562
2909,1.2479534695653465e-07,2.6110563688962045e-06,4.4216968222159346e-07,9.665039823276298e-08,1.7671585083007812
2910,1.2413927752382817e-07,2.599617500474964e-06,4.408534886933092e-07,9.626370910131799e-08,1.6086101531982422
2911,1.2348939663782778e-07,2.5882523533945006e-06,4.3955565487540343e-07,9.588054524669575e-08,1.5747547149658203
2912,1.228464136039756e-07,2.5769591017629444e-06,4.382756596221052e-07,9.550187780996805e-08,1.5904903411865234
2913,1.222109665589374e-07,2.5657360851777323e-06,4.370129585456686e-07,9.51286177622383e-08,1.749277114868164
2914,1.21583617350348e-07,2.554581844786836e-06,4.357669901055773e-07,9.47616081086549e-08,1.5957355499267578
2915,1.2096484717966254e-07,2.5434951312878537e-06,4.345371811536599e-07,9.440161129198359e-08,1.5308856964111328
2916,1.2035505769459472e-07,2.532474929582122e-06,4.333229600125013e-07,9.404930719219972e-08,1.5864372253417969
2917,1.197545696668605e-07,2.5215204665197985e-06,4.3212375329091917e-07,9.370528586198863e-08,1.5270709991455078
2918,1.191636230640517e-07,2.510631222349048e-06,4.309390042034378e-07,9.337004226489154e-08,1.6434192657470703
2919,1.1858238098596297e-07,2.4998069176642667e-06,4.297681751724568e-07,9.304397748560665e-08,1.5304088592529297
2920,1.180109270525624e-07,2.4890475225846683e-06,4.2861075121318697e-07,9.272738970856448e-08,1.5337467193603516
2921,1.1744926956305847e-07,2.4783532328736688e-06,4.274662529547763e-07,9.242047583757571e-08,1.5625953674316406
2922,1.1689734016290445e-07,2.4677244664683285e-06,4.263342371683426e-07,9.212332470913618e-08,1.6019344329833984
2923,1.1635499733555315e-07,2.457161832313619e-06,4.252143061387997e-07,9.183591921984741e-08,1.5861988067626953
2924,1.1582202254460366e-07,2.4466661175555567e-06,4.241061079110703e-07,9.155812766035766e-08,1.5211105346679688
2925,1.1529812364428479e-07,2.4362382550203945e-06,4.2300934797079885e-07,9.128970738114637e-08,1.5213489532470703
2926,1.147829327704235e-07,2.4258793004248614e-06,4.219237843840351e-07,9.103029988246524e-08,1.6434192657470703
2927,1.1427600880275337e-07,2.4155903998894454e-06,4.208492329525404e-07,9.077943351298604e-08,1.520395278930664
2928,1.1377683865740466e-07,2.405372758070566e-06,4.197855709416278e-07,9.05365260351734e-08,1.5935897827148438
2929,1.1328483995308757e-07,2.395227614178517e-06,4.1873273138783113e-07,9.030088802969691e-08,1.5864372253417969
2930,1.1279936661926963e-07,2.38515620972986e-06,4.176907054293411e-07,9.007173137569148e-08,1.5223026275634766
2931,1.1231971512997553e-07,2.375159755228374e-06,4.1665954161517563e-07,8.984817878368627e-08,1.5187263488769531
2932,1.1184513366058122e-07,2.3652394095567657e-06,4.156393403157132e-07,8.962927789818046e-08,1.5151500701904297
2933,1.1137483370826445e-07,2.3553962554906692e-06,4.1463024935284105e-07,8.941401736514719e-08,1.6858577728271484
2934,1.1090800213008607e-07,2.3456312734227455e-06,4.136324552534504e-07,8.920134520770995e-08,1.600027084350586
2935,1.1044381715036172e-07,2.3359453279484606e-06,4.1264618314826084e-07,8.899019022348203e-08,1.5490055084228516
2936,1.099814642812567e-07,2.3263391482670333e-06,4.1167168067426346e-07,8.877948428243146e-08,1.5251636505126953
2937,1.0952015392489059e-07,2.316813317903887e-06,4.1070921538333356e-07,8.856818528092814e-08,1.6546249389648438
2938,1.0905914034815365e-07,2.307368261852757e-06,4.0975906619232125e-07,8.835530353382748e-08,1.5954971313476562
2939,1.0859773763453798e-07,2.2980042429883542e-06,4.0882150873335773e-07,8.813992195554069e-08,1.5304088592529297
2940,1.0813533815607439e-07,2.2887213584037264e-06,4.0789681325596745e-07,8.792121960578469e-08,1.5363693237304688
2941,1.076714270529596e-07,2.279519539917532e-06,4.069852274973964e-07,8.769849058229922e-08,1.6765594482421875
2942,1.0720559460559573e-07,2.2703985515878915e-06,4.0608697599257136e-07,8.747115851365234e-08,1.5537738800048828
2943,1.0673754937489333e-07,2.261357998512811e-06,4.052022451626851e-07,8.723879310724928e-08,1.5943050384521484
2944,1.062671216761094e-07,2.252397335538038e-06,4.0433118352287574e-07,8.700111466909937e-08,1.5397071838378906
2945,1.0579427086031333e-07,2.2435158678112397e-06,4.0347389223456585e-07,8.675800162330038e-08,1.5950202941894531
2946,1.0531908506206161e-07,2.2347127709320042e-06,4.026304173492385e-07,8.650948943149747e-08,1.5337467193603516
2947,1.0484177617722578e-07,2.225987097555503e-06,4.0180075136182593e-07,8.625576535408698e-08,1.600503921508789
2948,1.0436267453473313e-07,2.2173377914808347e-06,4.0098482906603445e-07,8.59971602522304e-08,1.6069412231445312
2949,1.0388222036695408e-07,2.20876370060769e-06,4.0018252845284175e-07,8.573413858105202e-08,1.6024112701416016
2950,1.0340094860381446e-07,2.2002635909036425e-06,3.993936686793169e-07,8.54672793121389e-08,1.5454292297363281
2951,1.0291947645201565e-07,2.1918361694567034e-06,3.9861801717759074e-07,8.519726184095824e-08,2.017498016357422
2952,1.0243848624400049e-07,2.1834800870499163e-06,3.9785528802808173e-07,8.492484492073284e-08,1.5718936920166016
2953,1.0195870759016041e-07,2.1751939673042087e-06,3.9710514692991513e-07,8.465084613538526e-08,1.6210079193115234
2954,1.0148090177064383e-07,2.166976415886094e-06,3.963672170969341e-07,8.437612426164932e-08,1.5535354614257812
2955,1.0100584196323186e-07,2.158826036530099e-06,3.9564108450547853e-07,8.410155517601241e-08,1.5511512756347656
2956,1.0053429754427613e-07,2.1507414554659174e-06,3.94926303377983e-07,8.3828016011965e-08,1.5614032745361328
2957,1.0006701834872604e-07,2.1427213249396697e-06,3.9422240221546207e-07,8.35563671068462e-08,1.5485286712646484
2958,9.960472068087799e-08,2.134764343663509e-06,3.935288893583921e-07,8.328743615734941e-08,1.5876293182373047
2959,9.91480764336144e-08,2.1268692793279114e-06,3.9284526238742815e-07,8.302200652655468e-08,1.550436019897461
2960,9.869769980069387e-08,2.1190349678092246e-06,3.921710092784917e-07,8.27608038933379e-08,1.5649795532226562
2961,9.82541417745661e-08,2.111260341351096e-06,3.915056191873945e-07,8.250448989040827e-08,1.5430450439453125
2962,9.781788267304541e-08,2.1035444283105312e-06,3.908485800063757e-07,8.225365470999059e-08,1.5251636505126953
2963,9.738932728908077e-08,2.0958863681308147e-06,3.901993953840003e-07,8.20088114264788e-08,1.569986343383789
2964,9.696880062764934e-08,2.0882854214557642e-06,3.8955757591443516e-07,8.177039237903254e-08,1.5561580657958984
2965,9.655654739847162e-08,2.080740971587579e-06,3.889226527633113e-07,8.153874788571418e-08,1.5411376953125
2966,9.615273039672288e-08,2.0732525381326184e-06,3.882941770034522e-07,8.1314144719991e-08,1.5506744384765625
2967,9.575742938808075e-08,2.0658197678430066e-06,3.876717256419579e-07,8.109676291658436e-08,1.5230178833007812
2968,9.537064169122237e-08,2.058442444754555e-06,3.8705490064791064e-07,8.088669701076689e-08,1.5799999237060547
2969,9.499228518892461e-08,2.0511204813771975e-06,3.8644333589197735e-07,8.068395599080798e-08,1.552581787109375
2970,9.462219529921265e-08,2.0438539197355162e-06,3.8583669572175936e-07,8.04884606764376e-08,1.535177230834961
2971,9.426013042575046e-08,2.0366429205711018e-06,3.852346776278954e-07,8.030004537065589e-08,1.5277862548828125
2972,9.390577360770478e-08,2.0294877587090437e-06,3.846370131594462e-07,8.011846028446837e-08,1.5668869018554688
2973,9.355873336230558e-08,2.0223888049940054e-06,3.840434708321586e-07,7.994336775845118e-08,1.538991928100586
2974,9.321855023892355e-08,2.015346519845349e-06,3.834538521331613e-07,7.977434980966287e-08,1.5571117401123047
2975,9.288470042367057e-08,2.008361434689131e-06,3.8286799830285047e-07,7.961090784868533e-08,1.528024673461914
2976,9.255660243246156e-08,2.001434135262708e-06,3.8228578395905943e-07,7.945247025976514e-08,1.5687942504882812
2977,9.223362411064516e-08,1.9945652473672944e-06,3.817071187114143e-07,7.929839700236767e-08,1.5215873718261719
2978,9.191509379353812e-08,1.9877554141435218e-06,3.8113194520104135e-07,7.914799126488139e-08,1.5308856964111328
2979,9.160030813992212e-08,1.9810052796405775e-06,3.8056024069887845e-07,7.900050683229006e-08,1.6303062438964844
2980,9.128854505289763e-08,1.974315467580227e-06,3.799920098492807e-07,7.885516224591945e-08,1.543283462524414
2981,9.09790780534362e-08,1.967686564152445e-06,3.794272838772506e-07,7.871115626835901e-08,1.529693603515625
2982,9.067118792348292e-08,1.9611190976146485e-06,3.7886612012853064e-07,7.856768088917353e-08,1.5244483947753906
2983,9.036417948967892e-08,1.9546135235324817e-06,3.783085952340889e-07,7.842394047489166e-08,1.5420913696289062
2984,9.005739468539562e-08,1.948170203169442e-06,3.777548016747475e-07,7.827916684976292e-08,1.60980224609375
2985,8.97502276376893e-08,1.9417893962249722e-06,3.772048469956478e-07,7.813263733246998e-08,1.5571117401123047
2986,8.944213791582492e-08,1.9354712415319952e-06,3.7665884429886676e-07,7.798369037571875e-08,1.5251636505126953
2987,8.913266295390653e-08,1.92921575120473e-06,3.761169121310533e-07,7.78317411623806e-08,1.5442371368408203
2988,8.882142802309015e-08,1.923022797382636e-06,3.755791636240351e-07,7.767629390427556e-08,1.5358924865722656
2989,8.850815470460873e-08,1.9168921139584143e-06,3.750457079422397e-07,7.751695486664055e-08,1.5633106231689453
2990,8.819266664745918e-08,1.9108232830497876e-06,3.7451664312957523e-07,7.735343732422415e-08,1.5912055969238281
2991,8.78748917492012e-08,1.9048157438602733e-06,3.739920504201701e-07,7.71855681162905e-08,1.5685558319091797
2992,8.755486419554983e-08,1.8988687914168375e-06,3.734719910839632e-07,7.701329157424662e-08,1.5327930450439453
2993,8.723272012631783e-08,1.8929815832108673e-06,3.7295650325293626e-07,7.683666560378829e-08,1.5263557434082031
2994,8.69086932984547e-08,1.8871531446920486e-06,3.724455977435224e-07,7.665585959289158e-08,1.5408992767333984
2995,8.658310663474717e-08,1.8813823780533907e-06,3.7193925481438467e-07,7.647114617264426e-08,1.5714168548583984
2996,8.625636209365523e-08,1.8756680854606951e-06,3.714374212141614e-07,7.628289152783273e-08,1.5342235565185547
2997,8.592892996230342e-08,1.8700089705391295e-06,3.7094001423508834e-07,7.609154480428226e-08,1.5327930450439453
2998,8.560133453498964e-08,1.86440366116476e-06,3.70446914320846e-07,7.589762425633968e-08,1.5566349029541016
2999,8.527414092912279e-08,1.8588507359201192e-06,3.6995796646011893e-07,7.570170378686879e-08,1.5790462493896484
3000,8.494793987083595e-08,1.8533487281338128e-06,3.694729869992973e-07,7.550439532460689e-08,1.546621322631836
3001,8.462333566216536e-08,1.8478961596265785e-06,3.6899175618993013e-07,7.530633825952642e-08,1.8069744110107422
3002,8.430092924939715e-08,1.8424915521780696e-06,3.6851402738862963e-07,7.510817996571228e-08,1.544952392578125
3003,8.398130787080316e-08,1.837133460442351e-06,3.6803952789175495e-07,7.491056562479662e-08,1.5597343444824219
3004,8.366503455102515e-08,1.8318204778609135e-06,3.675679595132347e-07,7.471412529540284e-08,1.5740394592285156
3005,8.335263502935214e-08,1.8265512666094138e-06,3.670990078812391e-07,7.451946107912057e-08,1.5552043914794922
3006,8.304459361510764e-08,1.8213245756882493e-06,3.666323452098058e-07,7.432714093637526e-08,1.5320777893066406
3007,8.27413420567688e-08,1.8161392506537126e-06,3.6616763202046854e-07,7.41376865562155e-08,1.5673637390136719
3008,8.24432601167548e-08,1.8109942538086788e-06,3.6570452576306223e-07,7.395157215746321e-08,1.538991928100586
3009,8.215066666470865e-08,1.8058886707701932e-06,3.652426832321106e-07,7.376921478157335e-08,1.5170574188232422
3010,8.18638222591491e-08,1.8008217312197173e-06,3.647817693606544e-07,7.359097607215845e-08,1.550912857055664
3011,8.158292342982596e-08,1.7957928000696583e-06,3.643214561376725e-07,7.341715418846896e-08,1.5597343444824219
3012,8.130810708049027e-08,1.7908013900091734e-06,3.63861436918453e-07,7.324798794244668e-08,1.5211105346679688
3013,8.103944841210519e-08,1.7858471585634758e-06,3.634014206860871e-07,7.308365228886656e-08,1.5337467193603516
3014,8.077696412553134e-08,1.7809299040027118e-06,3.629411452995152e-07,7.292426134093899e-08,1.5730857849121094
3015,8.052061040629484e-08,1.776049563893595e-06,3.624803737766644e-07,7.276986401885923e-08,1.6770362854003906
3016,8.027028793333271e-08,1.7712061956612392e-06,3.620189040927319e-07,7.262044830224729e-08,1.5826225280761719
3017,8.002584105063027e-08,1.766399975826636e-06,3.6155656670795935e-07,7.247593942962126e-08,1.5480518341064453
3018,7.978706123207724e-08,1.7616311788324437e-06,3.610932297619785e-07,7.233620122120123e-08,1.5590190887451172
3019,7.955368770627701e-08,1.7569001622205793e-06,3.6062880212516623e-07,7.220103699980656e-08,1.5594959259033203
3020,7.932541052679205e-08,1.7522073447645975e-06,3.6016323189879236e-07,7.207019110491607e-08,1.566171646118164
3021,7.910187213346856e-08,1.747553193106636e-06,3.596965049553535e-07,7.194334922457203e-08,1.5497207641601562
3022,7.888267393496256e-08,1.7429382023680142e-06,3.592286486247686e-07,7.182014572807547e-08,1.5740394592285156
3023,7.866737514847976e-08,1.7383628644641068e-06,3.587597257383751e-07,7.17001607332351e-08,1.5459060668945312
3024,7.845550382037934e-08,1.7338276651085952e-06,3.582898399542777e-07,7.158293217731796e-08,1.5239715576171875
3025,7.824655763256515e-08,1.7293330487887168e-06,3.578191219690173e-07,7.146795664520641e-08,1.5692710876464844
3026,7.804001493945697e-08,1.7248794121849707e-06,3.573477365202105e-07,7.13547005292541e-08,1.5554428100585938
3027,7.78353399612573e-08,1.7204670773593893e-06,3.568758740209664e-07,7.124260642054406e-08,1.5370845794677734
3028,7.763199529465683e-08,1.716096290978152e-06,3.5640374346427725e-07,7.113110600761041e-08,1.554727554321289
3029,7.742944882051978e-08,1.7117672000976672e-06,3.559315701309386e-07,7.101962823779351e-08,1.529693603515625
3030,7.722718509740768e-08,1.7074798442049952e-06,3.554595925581403e-07,7.090761186286145e-08,1.5902519226074219
3031,7.702471795206537e-08,1.7032341569524187e-06,3.549880503849964e-07,7.07945190589398e-08,1.5482902526855469
3032,7.682159778903961e-08,1.6990299471363124e-06,3.545171835522089e-07,7.067984450163451e-08,1.5552043914794922
3033,7.661742474330911e-08,1.694866912458176e-06,3.5404722258656953e-07,7.056312984231131e-08,1.535654067993164
3034,7.641185602888843e-08,1.6907446244039153e-06,3.5357839000855424e-07,7.04439714856068e-08,1.5609264373779297
3035,7.620461515159996e-08,1.6866625475022186e-06,3.5311088455538505e-07,7.032203250368951e-08,1.561880111694336
3036,7.599549748076721e-08,1.682620030872249e-06,3.5264488339515404e-07,7.019704748110021e-08,1.5408992767333984
3037,7.578437510479101e-08,1.6786163277988424e-06,3.521805343939965e-07,7.00688304184875e-08,1.5308856964111328
3038,7.557119923959439e-08,1.6746505970219713e-06,3.5171795593177216e-07,6.99372766748104e-08,1.5549659729003906
3039,7.535600105868175e-08,1.6707219208905942e-06,3.5125722474206674e-07,6.980236523022654e-08,1.5292167663574219
3040,7.513888917270137e-08,1.6668293124747964e-06,3.507983861856021e-07,6.966415684284031e-08,1.5323162078857422
3041,7.492004596523568e-08,1.6629717294950582e-06,3.503414435976903e-07,6.952279082686882e-08,1.5521049499511719
3042,7.469972180866118e-08,1.6591480967991871e-06,3.498863596357557e-07,6.937847965847163e-08,1.5380382537841797
3043,7.447822675719019e-08,1.6553573094018613e-06,3.4943305732627656e-07,6.923150138973746e-08,1.554250717163086
3044,7.425592187121164e-08,1.6515982612510558e-06,3.489814220908429e-07,6.908219194800547e-08,1.5225410461425781
3045,7.403320747203082e-08,1.647869841209466e-06,3.4853130164938667e-07,6.893093217383423e-08,1.5311241149902344
3046,7.381051523176144e-08,1.644170968351345e-06,3.480825113388922e-07,6.877814198940626e-08,1.5859603881835938
3047,7.358829347530826e-08,1.6405005906374148e-06,3.4763483465658146e-07,6.862426519976558e-08,1.5306472778320312
3048,7.336699789950518e-08,1.6368576976346116e-06,3.4718802791847e-07,6.846975997769267e-08,1.5273094177246094
3049,7.314708232918622e-08,1.6332413394703703e-06,3.4674182778202815e-07,6.831509093898901e-08,1.5463829040527344
3050,7.292898439441519e-08,1.6296506289022846e-06,3.4629595031095903e-07,6.816071414190546e-08,1.5578269958496094
3051,7.271312072435717e-08,1.626084756879521e-06,3.458501001571889e-07,6.800707287113576e-08,1.7523765563964844
3052,7.249987787746435e-08,1.6225429851003127e-06,3.4540397357023774e-07,6.785458825485428e-08,1.5256404876708984
3053,7.228960457899223e-08,1.619024667396026e-06,3.449572626663225e-07,6.770365175806976e-08,1.5516281127929688
3054,7.208261000197937e-08,1.6155292390133786e-06,3.445096636568429e-07,6.755462332774356e-08,1.5556812286376953
3055,7.1879156199001e-08,1.6120562251902253e-06,3.440608771187148e-07,6.74078227758636e-08,1.5239715576171875
3056,7.167945838731779e-08,1.6086052346174812e-06,3.4361061340076876e-07,6.726353055607549e-08,1.566171646118164
3057,7.148368215760611e-08,1.6051759668180294e-06,3.431585962447063e-07,6.712198380544763e-08,1.5630722045898438
3058,7.129194304840136e-08,1.6017681951468865e-06,3.4270456913201074e-07,6.698337466299564e-08,1.5668869018554688
3059,7.110430848230463e-08,1.5983817714686825e-06,3.4224829424110697e-07,6.684785201359339e-08,1.59454345703125
3060,7.092079657557594e-08,1.5950166175923011e-06,3.4178955770874606e-07,6.671551822508561e-08,1.5437602996826172
3061,7.074137846638255e-08,1.5916727147589731e-06,3.413281687381484e-07,6.658643021345436e-08,1.6770362854003906
3062,7.056598029241968e-08,1.5883500956861602e-06,3.408639635767783e-07,6.646060000996262e-08,1.5594959259033203
3063,7.039448538456592e-08,1.5850488422322029e-06,3.4039680901290356e-07,6.633799565026207e-08,1.537322998046875
3064,7.022673397312135e-08,1.5817690664493678e-06,3.399265948147259e-07,6.62185383930521e-08,1.5337467193603516
3065,7.006252882700171e-08,1.578510906209357e-06,3.3945324724771935e-07,6.61021074897533e-08,1.5597343444824219
3066,6.990163688424528e-08,1.5752745123469354e-06,3.389767141613415e-07,6.598853990991594e-08,1.5716552734375
3067,6.974379079365187e-08,1.5720600400195735e-06,3.3849697706777355e-07,6.587762972603566e-08,1.535177230834961
3068,6.958869388501289e-08,1.5688676455474204e-06,3.380140425975243e-07,6.5769132404921e-08,1.5256404876708984
3069,6.943602313570842e-08,1.5656974663522965e-06,3.375279459265856e-07,6.566276694583619e-08,1.5435218811035156
3070,6.928543386745394e-08,1.562549622026738e-06,3.370387449743881e-07,6.555821909992635e-08,1.5516281127929688
3071,6.913656318215009e-08,1.5594242004042676e-06,3.365465246563258e-07,6.54551443568141e-08,1.5635490417480469
3072,6.898903794811304e-08,1.5563212567917626e-06,3.360513873848023e-07,6.535317617616048e-08,1.56402587890625
3073,6.884247888495554e-08,1.5532408050410965e-06,3.3555345846068217e-07,6.525192970395397e-08,1.5456676483154297
3074,6.869650710141731e-08,1.550182815454729e-06,3.350528769484931e-07,6.5151008305176e-08,1.5566349029541016
3075,6.855075162214218e-08,1.5471472055252727e-06,3.345497978334535e-07,6.505001322066833e-08,1.544952392578125
3076,6.840485685716356e-08,1.5441338473199388e-06,3.3404438488342277e-07,6.494855059261348e-08,1.5387535095214844
3077,6.825848806492378e-08,1.5411425574828804e-06,3.335368130012936e-07,6.484623891355886e-08,1.596212387084961
3078,6.811133997679323e-08,1.5381731015086137e-06,3.3302725927417045e-07,6.474271926552069e-08,1.537322998046875
3079,6.796314078498656e-08,1.5352251929788127e-06,3.325159032288513e-07,6.463766065842708e-08,1.5342235565185547
3080,6.781366085291003e-08,1.5322984951992288e-06,3.3200292422289865e-07,6.453077100713075e-08,1.6911029815673828
3081,6.766271597652189e-08,1.5293926201438428e-06,3.314884959379513e-07,6.442180113418397e-08,1.5528202056884766
3082,6.75101706064659e-08,1.526507138201191e-06,3.309727871255472e-07,6.431055115165951e-08,1.6222000122070312
3083,6.73559413407522e-08,1.523641576282189e-06,3.3045595314119017e-07,6.419687523541609e-08,1.5347003936767578
3084,6.719999755357933e-08,1.5207954238573796e-06,3.299381387597091e-07,6.408068393537445e-08,1.5838146209716797
3085,6.704236184161609e-08,1.5179681346670898e-06,3.294194752622993e-07,6.396194657932025e-08,1.546621322631836
3086,6.688310559939891e-08,1.5151591367538853e-06,3.2890007389925474e-07,6.384068713106311e-08,1.5358924865722656
3087,6.672235017435962e-08,1.512367831857481e-06,3.2838003034850576e-07,6.371698813700162e-08,2.1131038665771484
3088,6.656025917300868e-08,1.5095936025111158e-06,3.278594201065366e-07,6.359098248025719e-08,1.8343925476074219
3089,6.63970347140025e-08,1.5068358171935366e-06,3.2733829796048505e-07,6.346285155606248e-08,1.5475749969482422
3090,6.623291132323811e-08,1.5040938399758403e-06,3.268166972057062e-07,6.333281894051748e-08,1.5337467193603516
3091,6.606814706857445e-08,1.5013670274106988e-06,3.262946316897016e-07,6.320114200416839e-08,1.5468597412109375
3092,6.590301965078324e-08,1.4986547377286952e-06,3.257720919807039e-07,6.306810721638125e-08,1.5463829040527344
3093,6.573781623824911e-08,1.4959563406518733e-06,3.252490511350344e-07,6.293402074885874e-08,1.5251636505126953
3094,6.557282890971573e-08,1.4932712132810447e-06,3.247254622091135e-07,6.279920237093788e-08,2.063751220703125
3095,6.540834640917091e-08,1.4905987518331962e-06,3.242012608318526e-07,6.266397706683359e-08,1.5835762023925781
3096,6.524464687360733e-08,1.4879383764297253e-06,3.236763664122322e-07,6.252866642941599e-08,1.585245132446289
3097,6.508199534313738e-08,1.4852895309788649e-06,3.2315068301526064e-07,6.239358556198976e-08,1.5566349029541016
3098,6.492063666058491e-08,1.482651692467867e-06,3.2262410552138766e-07,6.225903403114366e-08,1.5404224395751953
3099,6.476079132496577e-08,1.4800243717919388e-06,3.220965175437118e-07,6.212529091767529e-08,1.5578269958496094
3100,6.460265623713431e-08,1.4774071149388543e-06,3.215677969694877e-07,6.199261418675325e-08,1.5511512756347656
3101,6.444639905719823e-08,1.4747995132526554e-06,3.2103781643484383e-07,6.186123338249993e-08,1.7995834350585938
3102,6.42921583321701e-08,1.4722012018572785e-06,3.205064473374626e-07,6.173134900119586e-08,1.558542251586914
3103,6.414004261920197e-08,1.4696118626949214e-06,3.1997356032968526e-07,6.160312945511278e-08,1.5680789947509766
3104,6.399013225551699e-08,1.4670312199636647e-06,3.1943903214002433e-07,6.147671280467328e-08,1.5406608581542969
3105,6.384247785745923e-08,1.4644590509241932e-06,3.1890274349957704e-07,6.135220313721332e-08,1.5344619750976562
3106,6.36971016236117e-08,1.4618951804313505e-06,3.1836458458116233e-07,6.122967133662021e-08,1.6236305236816406
3107,6.355400082613927e-08,1.4593394769687859e-06,3.178244555073747e-07,6.110915754154052e-08,1.5709400177001953
3108,6.341314771562908e-08,1.456791859265321e-06,3.172822693838047e-07,6.099067175460004e-08,1.5308856964111328
3109,6.327448859031243e-08,1.454252287986735e-06,3.1673795226672003e-07,6.087419043738424e-08,1.5251636505126953
3110,6.313794899143175e-08,1.4517207635405322e-06,3.1619144866759096e-07,6.075966290081306e-08,1.5399456024169922
3111,6.300343178829275e-08,1.4491973226801413e-06,3.156427186469903e-07,6.064700893727157e-08,1.607656478881836
3112,6.287082274507294e-08,1.4466820349138743e-06,3.150917400331856e-07,6.053612414017811e-08,1.5401840209960938
3113,6.273998696771843e-08,1.4441749963703118e-06,3.145385083665394e-07,6.04268769230523e-08,1.5482902526855469
3114,6.261077445077146e-08,1.4416763205901174e-06,3.13983042409307e-07,6.031911481438375e-08,1.5485286712646484
3115,6.248301688612436e-08,1.4391861418537814e-06,3.134253754640884e-07,6.02126611897633e-08,1.5413761138916016
3116,6.235653429014912e-08,1.4367045995802421e-06,3.1286556067009725e-07,6.010732307878324e-08,1.5244483947753906
3117,6.223113239156009e-08,1.434231833660136e-06,3.123036681601159e-07,6.000288909758962e-08,1.577138900756836
3118,6.210660900552026e-08,1.4317679812664514e-06,3.117397851585576e-07,5.989913665573685e-08,1.547098159790039
3119,6.198275140435081e-08,1.429313164912478e-06,3.1117401357623985e-07,5.979583018828734e-08,1.5835762023925781
3120,6.185934390621396e-08,1.4268674945299736e-06,3.106064681465061e-07,5.969272978106699e-08,1.5323162078857422
3121,6.173616817929498e-08,1.4244310494140703e-06,3.1003727546735726e-07,5.9589591975309124e-08,1.5256404876708984
3122,6.161300599987734e-08,1.4220038832614735e-06,3.0946656972168634e-07,5.948617347880576e-08,1.5778541564941406
3123,6.148964576419776e-08,1.4195860161140882e-06,3.088944916592857e-07,5.938223916049682e-08,1.5263557434082031
3124,6.136588360883983e-08,1.417177427084293e-06,3.0832118486318963e-07,5.927756303900985e-08,1.5294551849365234
3125,6.124152883925484e-08,1.414778056158719e-06,3.077467942915906e-07,5.917193457423477e-08,1.5461444854736328
3126,6.111640675383976e-08,1.4123877966540556e-06,3.0717146074526815e-07,5.906516143404389e-08,1.5726089477539062
3127,6.099036373352067e-08,1.410006501423999e-06,3.065953211762391e-07,5.895707662996845e-08,1.5859603881835938
3128,6.086326931475506e-08,1.4076339707937688e-06,3.0601850425672463e-07,5.884753861792111e-08,1.5413761138916016
3129,6.073501974441224e-08,1.4052699658436555e-06,3.05441126548119e-07,5.873643646230598e-08,1.5273094177246094
3130,6.060553953266365e-08,1.4029142030676797e-06,3.048632927460798e-07,5.86236912368557e-08,1.544952392578125
3131,6.047478439792131e-08,1.4005663538796613e-06,3.0428509052880003e-07,5.850925832250488e-08,1.527547836303711
3132,6.034274138358754e-08,1.3982260572806356e-06,3.037065905415678e-07,5.8393127468459304e-08,1.6012191772460938
3133,6.020942981553113e-08,1.3958929143652588e-06,3.0312784638363785e-07,5.827532403760899e-08,1.5380382537841797
3134,6.007489802873369e-08,1.3935664991019453e-06,3.0254888878689007e-07,5.8155904393063565e-08,1.5478134155273438
3135,5.993922507698166e-08,1.3912463627266051e-06,3.0196973089855534e-07,5.803495795602638e-08,1.5227794647216797
3136,5.980251569262201e-08,1.3889320381307117e-06,3.013903623534626e-07,5.791260184226353e-08,1.5125274658203125
3137,5.966489950269137e-08,1.3866230479349828e-06,3.0081075237565036e-07,5.7788978641251794e-08,1.5482902526855469
3138,5.952652506863005e-08,1.3843189098597146e-06,3.002308501279482e-07,5.766425139687153e-08,1.6019344329833984
3139,5.938755808776265e-08,1.3820191455729769e-06,2.996505879198077e-07,5.7538600465537316e-08,1.5366077423095703
3140,5.924817488447762e-08,1.3797232832367402e-06,2.9906987977762805e-07,5.74122171036059e-08,1.5473365783691406
3141,5.910855994832501e-08,1.3774308720265645e-06,2.9848862335024225e-07,5.728530012032721e-08,1.5184879302978516
3142,5.8968901099133906e-08,1.375141474798381e-06,2.979067032293867e-07,5.7158051553061634e-08,1.5423297882080078
3143,5.8829383268483606e-08,1.3728546906248625e-06,2.9732399510426357e-07,5.7030670299180266e-08,1.5573501586914062
3144,5.869018707168873e-08,1.3705701447719936e-06,2.96740362921296e-07,5.6903349697869054e-08,1.6646385192871094
3145,5.8551484664598774e-08,1.3682875042850034e-06,2.9615566670503325e-07,5.677627433850337e-08,1.5535354614257812
3146,5.841343511208185e-08,1.3660064763505212e-06,2.955697643075167e-07,5.664961489580529e-08,1.596212387084961
3147,5.8276184163116573e-08,1.3637268112383175e-06,2.9498251353665866e-07,5.65235287975249e-08,1.5573501586914062
3148,5.813986066347588e-08,1.3614483079780734e-06,2.94393773973949e-07,5.6398155326123566e-08,1.5745162963867188
3149,5.800457611328613e-08,1.3591708059509162e-06,2.93803412473946e-07,5.627361680936557e-08,1.5766620635986328
3150,5.7870423023670376e-08,1.3568941982096572e-06,2.932113036507956e-07,5.6150016233970685e-08,1.5480518341064453
3151,5.773747449792027e-08,1.3546184237333081e-06,2.926173303754429e-07,5.602743750430811e-08,1.7418861389160156
3152,5.760578344658988e-08,1.352343458372544e-06,2.920213903941428e-07,5.590594426561053e-08,1.5413761138916016
3153,5.747538596257457e-08,1.3500693274305068e-06,2.914233926181608e-07,5.578558366214781e-08,1.5871524810791016
3154,5.734629727376298e-08,1.3477960909725667e-06,2.908232652952197e-07,5.566638258157855e-08,1.5342235565185547
3155,5.721851537604498e-08,1.3455238359961694e-06,2.9022095368755806e-07,5.554835012730229e-08,1.5406608581542969
3156,5.709201956832913e-08,1.3432526859712223e-06,2.8961641965878173e-07,5.54314775455259e-08,1.5316009521484375
3157,5.696677306910966e-08,1.3409827824890071e-06,2.890096434908288e-07,5.5315739939187224e-08,1.5475749969482422
3158,5.68427220199029e-08,1.3387142815167795e-06,2.884006250855427e-07,5.520109462510283e-08,1.56402587890625
3159,5.671979719882386e-08,1.3364473505604286e-06,2.877893825874288e-07,5.508748348227141e-08,1.5420913696289062
3160,5.659791505115639e-08,1.3341821631502603e-06,2.87175955791173e-07,5.497483305748494e-08,1.5354156494140625
3161,5.6476978046968986e-08,1.3319188848663908e-06,2.8656040131819557e-07,5.4863054545054436e-08,1.544952392578125
3162,5.635687405803413e-08,1.3296576763320674e-06,2.8594279205359886e-07,5.4752043478657455e-08,1.5635490417480469
3163,5.623748046338142e-08,1.32739868231133e-06,2.853232203241634e-07,5.4641682745589606e-08,1.6477108001708984
3164,5.6118664646459675e-08,1.325142029976114e-06,2.84701789633677e-07,5.4531843493974614e-08,1.5437602996826172
3165,5.600028416365014e-08,1.322887822571573e-06,2.84078620759959e-07,5.44223840893641e-08,1.5664100646972656
3166,5.588219066630637e-08,1.320636131116111e-06,2.834538439703749e-07,5.431315505349586e-08,1.5320777893066406
3167,5.5764231261712375e-08,1.3183870011791779e-06,2.8282759952256154e-07,5.420399972655094e-08,1.5194416046142578
3168,5.5646252455206764e-08,1.316140445104408e-06,2.8220003536936655e-07,5.4094757984818593e-08,1.5518665313720703
3169,5.552809897967506e-08,1.3138964403980215e-06,2.815713063393747e-07,5.398526537122053e-08,1.5461444854736328
3170,5.5409623573869924e-08,1.3116549261251206e-06,2.809415690208531e-07,5.387536357138024e-08,1.5490055084228516
3171,5.529068390169913e-08,1.3094158126781253e-06,2.8031098138309554e-07,5.3764896418682693e-08,1.5246868133544922
3172,5.5171149702468156e-08,1.3071789765358544e-06,2.796796996543231e-07,5.365371893554404e-08,1.5273094177246094
3173,5.505090366547148e-08,1.3049442611325456e-06,2.790478750927964e-07,5.354169742481548e-08,1.583099365234375
3174,5.49298450995912e-08,1.3027114860292857e-06,2.7841565634530965e-07,5.3428714537628874e-08,1.5387535095214844
3175,5.480789299202559e-08,1.3004804405085826e-06,2.777831788075424e-07,5.331467177888731e-08,1.5490055084228516
3176,5.4684987771240084e-08,1.2982508973036094e-06,2.771505710645825e-07,5.3199493286084776e-08,1.5647411346435547
3177,5.456109108554853e-08,1.2960226078523709e-06,2.765179491259828e-07,5.308312492156629e-08,1.5575885772705078
3178,5.443618910324489e-08,1.29379531220905e-06,2.758854166379059e-07,5.2965539092184225e-08,1.5559196472167969
3179,5.431029101123414e-08,1.291568743181854e-06,2.7525305792900806e-07,5.2846733248255365e-08,1.5301704406738281
3180,5.4183429814405355e-08,1.2893426265096524e-06,2.746209470568243e-07,5.272673144347878e-08,1.5294551849365234
3181,5.4055659954413734e-08,1.2871166911802173e-06,2.7398913797716074e-07,5.260558223895366e-08,1.5821456909179688
3182,5.392705528051952e-08,1.2848906658220062e-06,2.7335767072901026e-07,5.2483357113429284e-08,1.5513896942138672
3183,5.3797708079518926e-08,1.2826642929748308e-06,2.727265650971292e-07,5.236014974872056e-08,1.581430435180664
3184,5.3667725345840875e-08,1.280437321464543e-06,2.7209582688266647e-07,5.223607254815441e-08,1.547098159790039
3185,5.35372244462121e-08,1.2782095162507799e-06,2.714654428608508e-07,5.2111251770782e-08,1.5513896942138672
3186,5.3406331687931776e-08,1.2759806591022587e-06,2.708353890342777e-07,5.198582683729665e-08,1.5301704406738281
3187,5.3275177946352986e-08,1.2737505523119199e-06,2.7020562354938116e-07,5.185994522811021e-08,1.5277862548828125
3188,5.314389521643303e-08,1.2715190171592823e-06,2.6957609409749537e-07,5.1733758622570455e-08,1.5900135040283203
3189,5.301261382915661e-08,1.2692858984584538e-06,2.6894673594096064e-07,5.160741987823118e-08,1.5423297882080078
3190,5.288145837669685e-08,1.2670510654562424e-06,2.683174739881018e-07,5.148107904884578e-08,1.5261173248291016
3191,5.275054580647195e-08,1.2648144059468784e-06,2.6768822899655667e-07,5.1354879611817175e-08,1.5234947204589844
3192,5.261998440287411e-08,1.2625758334460769e-06,2.6705891352507465e-07,5.1228957554957847e-08,1.5649795532226562
3193,5.248987074559126e-08,1.260335285981318e-06,2.664294370028169e-07,5.110343747518022e-08,1.5385150909423828
3194,5.236028931860385e-08,1.2580927161043645e-06,2.657997080487163e-07,5.0978432054496426e-08,1.5692710876464844
3195,5.223131018180312e-08,1.2558481053485871e-06,2.651696365784404e-07,5.085403755321845e-08,1.537322998046875
3196,5.2102990784805933e-08,1.2536014486640117e-06,2.645391323794652e-07,5.07303366835885e-08,1.550436019897461
3197,5.1975375203881635e-08,1.2513527583187395e-06,2.6390811428208497e-07,5.060739602508187e-08,1.5347003936767578
3198,5.184849406588556e-08,1.2491020629533467e-06,2.632765043875488e-07,5.0485265456930534e-08,1.5325546264648438
3199,5.172236518283138e-08,1.2468494031777008e-06,2.626442330836195e-07,5.036397859530459e-08,1.5516281127929688
3200,5.159699640449252e-08,1.2445948327079368e-06,2.620112391042348e-07,5.0243555411012464e-08,1.5447139739990234
3201,5.1472382313991416e-08,1.2423384130902673e-06,2.6137747134508447e-07,5.012399777143298e-08,1.7502307891845703
3202,5.134850840569935e-08,1.240080213784883e-06,2.6074289287502993e-07,5.000529374056041e-08,1.5282630920410156
3203,5.1225350452795176e-08,1.2378203103034727e-06,2.6010747542222635e-07,4.988741773216659e-08,1.5444755554199219
3204,5.110287656112357e-08,1.2355587780368322e-06,2.594712051593152e-07,4.9770331109743036e-08,1.5857219696044922
3205,5.098104649773504e-08,1.2332956965394437e-06,2.588340811397829e-07,4.96539826612815e-08,1.5366077423095703
3206,5.0859812637351655e-08,1.2310311446809256e-06,2.58196113819022e-07,4.953830979375704e-08,1.5609264373779297
3207,5.07391203696386e-08,1.228765198211558e-06,2.575573250684516e-07,4.942323888169422e-08,1.531839370727539
3208,5.0618910664699427e-08,1.226497931147436e-06,2.569177519482142e-07,4.930868899455965e-08,1.5447139739990234
3209,5.049911786335331e-08,1.224229411289464e-06,2.562774395003357e-07,4.919456918039868e-08,1.7209053039550781
3210,5.037967071301431e-08,1.2219597018893193e-06,2.5563644551532844e-07,4.908078132257742e-08,1.5497207641601562
3211,5.0260496508762115e-08,1.2196888589277346e-06,2.5499483347062637e-07,4.896722474218078e-08,1.5811920166015625
3212,5.0141516974321404e-08,1.2174169302499215e-06,2.543526759200063e-07,4.885379261023035e-08,1.5559196472167969
3213,5.0022652739969543e-08,1.2151439514497464e-06,2.5371005431515523e-07,4.874037705643791e-08,1.561880111694336
3214,4.990382362324205e-08,1.2128699620795092e-06,2.530670524444242e-07,4.862687100915267e-08,1.8832683563232422
3215,4.9784948896904304e-08,1.210594975886828e-06,2.5242375513766095e-07,4.851316844333839e-08,2.022981643676758
3216,4.9665949550191e-08,1.2083190088823378e-06,2.517802520887508e-07,4.839916756170031e-08,1.6129016876220703
3217,4.95467499783607e-08,1.2060420609662116e-06,2.5113663085814026e-07,4.828477339601465e-08,1.5499591827392578
3218,4.9427278428170985e-08,1.2037641219373468e-06,2.5049297815329175e-07,4.816989844876062e-08,1.565694808959961
3219,4.9307469271523194e-08,1.2014851783826093e-06,2.498493757666685e-07,4.8054465793409224e-08,1.9826889038085938
3220,4.918726452470231e-08,1.1992051998638112e-06,2.4920590039531583e-07,4.7938410749497355e-08,1.5881061553955078
3221,4.906661578144429e-08,1.1969241513050282e-06,2.485626232879572e-07,4.782168275078974e-08,1.5425682067871094
3222,4.8945482569144136e-08,1.1946419837147934e-06,2.4791960645228527e-07,4.770424409873237e-08,1.7180442810058594
3223,4.882383655768417e-08,1.1923586419021619e-06,2.4727690416467477e-07,4.7586073723432556e-08,1.814126968383789
3224,4.870166118787426e-08,1.1900740636899436e-06,2.466345589997299e-07,4.746716740500805e-08,1.5554428100585938
3225,4.857895067322052e-08,1.187788178732529e-06,2.45992605926537e-07,4.7347535611562515e-08,1.5697479248046875
3226,4.84557120961361e-08,1.1855009081518851e-06,2.4535106610353174e-07,4.722720542868437e-08,2.0415782928466797
3227,4.833196265866478e-08,1.1832121694882427e-06,2.4470994995410966e-07,4.710621764380205e-08,1.726388931274414
3228,4.8207730963716504e-08,1.1809218720865218e-06,2.440692578305585e-07,4.698462655269912e-08,1.8129348754882812
3229,4.808305717530714e-08,1.1786299184723697e-06,2.43428980515998e-07,4.686250028689941e-08,2.0351409912109375
3230,4.79579869808817e-08,1.1763362166921284e-06,2.4278909566369485e-07,4.673991328695495e-08,1.6193389892578125
3231,4.783257616846545e-08,1.1740406660178466e-06,2.421495722844597e-07,4.661695145482969e-08,1.5528202056884766
3232,4.770688517459263e-08,1.1717431678776222e-06,2.4151037352750123e-07,4.649370446195317e-08,1.5654563903808594
3233,4.758097801485176e-08,1.1694436208302823e-06,2.408714509106878e-07,4.6370264493174864e-08,1.6753673553466797
3234,4.745492186812847e-08,1.1671419302965628e-06,2.402327538286056e-07,4.624672552300368e-08,1.5370845794677734
3235,4.732878480854558e-08,1.1648380033312057e-06,2.39594223143685e-07,4.612317980195926e-08,1.5218257904052734
3236,4.720263316479775e-08,1.162531748537608e-06,2.3895579843578005e-07,4.5999715441479336e-08,1.5444755554199219
3237,4.707653340985628e-08,1.1602230848048323e-06,2.3831741944385248e-07,4.587641681929463e-08,1.580953598022461
3238,4.695054631208987e-08,1.1579119389740517e-06,2.376790217513746e-07,4.57533594213437e-08,1.626729965209961
3239,4.682472922773718e-08,1.1555982450689556e-06,2.3704054679185024e-07,4.563061185982449e-08,1.5301704406738281
3240,4.669913403012603e-08,1.1532819500692223e-06,2.3640193272433445e-07,4.5508232488375647e-08,1.5461444854736328
3241,4.657380800398684e-08,1.1509630112679765e-06,2.357631273522218e-07,4.538627134566361e-08,1.603841781616211
3242,4.6448792165695574e-08,1.1486413968573715e-06,2.3512408069772786e-07,4.526476897855725e-08,1.529693603515625
3243,4.6324121263502726e-08,1.1463170920590087e-06,2.3448474979960057e-07,4.514375483788021e-08,1.6522407531738281
3244,4.619982386371585e-08,1.143990094061737e-06,2.3384509929466678e-07,4.5023250031746205e-08,1.5952587127685547
3245,4.607592380388159e-08,1.141660418708839e-06,2.3320510205367373e-07,4.490326693089397e-08,1.5287399291992188
3246,4.59524373810825e-08,1.1393280864905236e-06,2.3256473831112364e-07,4.478380794571945e-08,1.5246868133544922
3247,4.582937799036845e-08,1.136993143845264e-06,2.319239985539103e-07,4.466487059656103e-08,1.5201568603515625
3248,4.5706752754245094e-08,1.134655640193651e-06,2.3128288310738463e-07,4.454644364045003e-08,1.6434192657470703
3249,4.558456528842722e-08,1.1323156475199716e-06,2.3064139825887515e-07,4.44285122013923e-08,1.522064208984375
3250,4.546281341713069e-08,1.1299732394735706e-06,2.2999956440861537e-07,4.431105359837938e-08,1.5385150909423828
3251,4.534149232390769e-08,1.1276285062751666e-06,2.2935740823216906e-07,4.419404285814951e-08,1.7421245574951172
3252,4.5220592629779797e-08,1.1252815456882356e-06,2.2871496403984874e-07,4.407745029004364e-08,1.6069412231445312
3253,4.51001013671424e-08,1.122932457811831e-06,2.2807227766700023e-07,4.396124344858814e-08,1.6243457794189453
3254,4.498000147955535e-08,1.1205813519958695e-06,2.274294001168072e-07,4.384538603788801e-08,1.6024112701416016
3255,4.486027208305082e-08,1.1182283365509647e-06,2.2678639000462937e-07,4.3729839365738305e-08,1.5325546264648438
3256,4.474088929810543e-08,1.1158735205176505e-06,2.2614331060303955e-07,4.3614563124142724e-08,1.592874526977539
3257,4.4621825168194295e-08,1.1135170109441812e-06,2.2550023249452467e-07,4.349951452807382e-08,1.5175342559814453
3258,4.45030489223663e-08,1.1111589108133768e-06,2.2485722992273418e-07,4.3384649544433496e-08,1.5826225280761719
3259,4.438452605808493e-08,1.1087993149020195e-06,2.2421438100587187e-07,4.3269922737161926e-08,1.5308856964111328
3260,4.426621916485726e-08,1.1064383108752143e-06,2.2357176375191641e-07,4.315528717481358e-08,1.596212387084961
3261,4.414808941761911e-08,1.1040759768926832e-06,2.2292946007143367e-07,4.3040696645094897e-08,1.5380382537841797
3262,4.403009564680392e-08,1.1017123775014019e-06,2.222875499532314e-07,4.2926104538134726e-08,1.5308856964111328
3263,4.391219570205145e-08,1.0993475679510288e-06,2.2164611497170104e-07,4.281146512352309e-08,1.5959739685058594
3264,4.379434755554392e-08,1.096981585942703e-06,2.210052335618265e-07,4.2696735442005807e-08,1.6775131225585938
3265,4.367650984558533e-08,1.0946144611177858e-06,2.203649817517057e-07,4.258187446154066e-08,1.5344619750976562
3266,4.3558644116789226e-08,1.0922462047121243e-06,2.1972543012083316e-07,4.2466845831046166e-08,1.5287399291992188
3267,4.3440713566285706e-08,1.0898768153458812e-06,2.1908664687474503e-07,4.235161707454126e-08,1.5401840209960938
3268,4.332268508178591e-08,1.087506282633722e-06,2.1844869341970382e-07,4.223616082645963e-08,1.6579627990722656
3269,4.320453211216337e-08,1.0851345792680135e-06,2.1781162429812286e-07,4.212045769835077e-08,1.5401840209960938
3270,4.308623222638137e-08,1.0827616711921291e-06,2.1717548950864586e-07,4.2004494665232256e-08,1.538991928100586
3271,4.2967769343177186e-08,1.0803875122141306e-06,2.165403272218342e-07,4.188826588428041e-08,1.5988349914550781
3272,4.28491339257784e-08,1.0780120521670268e-06,2.159061732980287e-07,4.177177397388868e-08,1.5339851379394531
3273,4.273032384835414e-08,1.0756352302958928e-06,2.1527304800267613e-07,4.165502953156593e-08,1.707315444946289
3274,4.261134339207456e-08,1.0732569873959924e-06,2.1464096770350248e-07,4.1538051331672384e-08,1.54876708984375
3275,4.249220382729305e-08,1.0708772587745715e-06,2.1400993964092073e-07,4.1420866195246436e-08,1.7659664154052734
3276,4.237292132847198e-08,1.0684959812070853e-06,2.1337996017830198e-07,4.1303506530237746e-08,1.5575885772705078
3277,4.22535186287091e-08,1.0661130960373915e-06,2.127510207196447e-07,4.118601196774512e-08,1.560211181640625
3278,4.213402310145718e-08,1.0637285431279053e-06,2.1212310049830159e-07,4.106842738542465e-08,1.5900135040283203
3279,4.201446472684999e-08,1.0613422732279728e-06,2.114961722689736e-07,4.0950800310624885e-08,1.6121864318847656
3280,4.189487719237679e-08,1.058954241531879e-06,2.1087020242687755e-07,4.083318233692176e-08,1.5711784362792969
3281,4.1775296828833e-08,1.056564415281149e-06,2.1024515114894e-07,4.0715627408313955e-08,1.529693603515625
3282,4.165575785219557e-08,1.0541727651207992e-06,2.0962097037048228e-07,4.0598186769984386e-08,1.5277862548828125
3283,4.1536296491060605e-08,1.0517792775332038e-06,2.0899760951156347e-07,4.048091313285658e-08,1.6605854034423828
3284,4.1416946602179984e-08,1.049383950393888e-06,2.0837501358685503e-07,4.036385526240637e-08,1.588582992553711
3285,4.129774155898426e-08,1.0469867865084123e-06,2.0775312607360436e-07,4.0247060043730626e-08,1.6372203826904297
3286,4.117871075702246e-08,1.0445878082875958e-06,2.0713188741132454e-07,4.0130569426484625e-08,1.5406608581542969
3287,4.1059882021924456e-08,1.0421870430624393e-06,2.0651123752816356e-07,4.001442075284582e-08,1.6582012176513672
3288,4.0941279930243686e-08,1.0397845312703478e-06,2.0589111681146833e-07,3.989864657223232e-08,1.6770362854003906
3289,4.082292642589314e-08,1.037380326065445e-06,2.0527146619558187e-07,3.97832739620438e-08,1.630544662475586
3290,4.07048404205611e-08,1.0349744858064835e-06,2.0465223454407883e-07,3.966832452354949e-08,1.6570091247558594
3291,4.05870379425486e-08,1.0325670749406242e-06,2.040333685073893e-07,3.9553813323765355e-08,1.5842914581298828
3292,4.0469532015023526e-08,1.030158173482302e-06,2.0341482044802816e-07,3.943975002658312e-08,1.5826225280761719
3293,4.035233519341681e-08,1.027747856167107e-06,2.0279655203447056e-07,3.932614060917789e-08,1.6050338745117188
3294,4.02354567085824e-08,1.0253362132477236e-06,2.021785270020438e-07,3.9212984563166845e-08,1.6007423400878906
3295,4.011890565143064e-08,1.0229233275132647e-06,2.0156071954534922e-07,3.910027849317081e-08,1.6207695007324219
3296,4.000268796830012e-08,1.0205092915213093e-06,2.0094310833536718e-07,3.898801213331749e-08,1.5609264373779297
3297,3.9886810364450554e-08,1.0180941923270042e-06,2.0032568180163643e-07,3.88761745351168e-08,1.5587806701660156
3298,3.977127683000919e-08,1.0156781222819209e-06,1.9970843468127907e-07,3.876474867341132e-08,1.6484260559082031
3299,3.9656091820903715e-08,1.0132611659767153e-06,1.9909137249483857e-07,3.865371630308091e-08,1.5406608581542969
3300,3.954125670916368e-08,1.0108434102383134e-06,1.9847450626502657e-07,3.854305469549247e-08,1.5254020690917969
3301,3.942677263975346e-08,1.00842493342438e-06,1.9785785716935493e-07,3.8432739457872934e-08,1.7497539520263672
3302,3.9312639086684184e-08,1.0060058135841863e-06,1.972414517908005e-07,3.832274388909834e-08,1.6052722930908203
3303,3.919885334057795e-08,1.0035861211456248e-06,1.9662532320879204e-07,3.821303899597882e-08,1.6093254089355469
3304,3.9085410748086424e-08,1.0011659231323294e-06,1.9600951424908786e-07,3.8103594158094244e-08,1.5375614166259766
3305,3.897230359683046e-08,9.987452778726636e-07,1.953940699299296e-07,3.7994376958683235e-08,1.636505126953125
3306,3.885952242417236e-08,9.96324244249629e-07,1.9477904127492041e-07,3.788535505469824e-08,1.649618148803711
3307,3.874705503517274e-08,9.93902867092216e-07,1.9416448137309844e-07,3.7776495011797544e-08,1.5666484832763672
3308,3.863488681967616e-08,9.91481196878023e-07,1.935504493797041e-07,3.766776420856111e-08,1.6489028930664062
3309,3.8523001164284764e-08,9.890592674417026e-07,1.929370003860062e-07,3.7559130707596614e-08,1.7399787902832031
3310,3.8411378508795764e-08,9.866371174329624e-07,1.9232419668832774e-07,3.745056385467854e-08,1.5609264373779297
3311,3.8299998865567846e-08,9.84214777293622e-07,1.9171209344497585e-07,3.73420359792418e-08,1.5556812286376953
3312,3.818883947684895e-08,9.817922765925942e-07,1.9110074649060563e-07,3.7233521646279836e-08,1.524209976196289
3313,3.807787891112648e-08,9.793696389691947e-07,1.9049020919335266e-07,3.7125000073884186e-08,1.6744136810302734
3314,3.796709499417987e-08,9.76946889114871e-07,1.8988052999764638e-07,3.701645515305269e-08,1.535654067993164
3315,3.785646596502894e-08,9.745240464904506e-07,1.892717515368515e-07,3.690787502815162e-08,1.527547836303711
3316,3.774597185371193e-08,9.721011349954685e-07,1.8866391202035878e-07,3.6799254032707905e-08,1.5821456909179688
3317,3.7635593881493556e-08,9.69678169613252e-07,1.8805704222201787e-07,3.6690591560921615e-08,1.5914440155029297
3318,3.752531729309708e-08,9.672551732722133e-07,1.8745116881888157e-07,3.658189502762311e-08,1.5823841094970703
3319,3.741512854561468e-08,9.648321660255343e-07,1.8684630500096961e-07,3.647317594017341e-08,1.5370845794677734
3320,3.7305018011740606e-08,9.624091643177452e-07,1.862424636183264e-07,3.636445216855977e-08,1.5225410461425781
3321,3.719497990946604e-08,9.599861909579663e-07,1.856396440874272e-07,3.6255747555230414e-08,1.5914440155029297
3322,3.7085010877434846e-08,9.575632641481339e-07,1.85037843215676e-07,3.6147089992714936e-08,1.5587806701660156
3323,3.6975111291535066e-08,9.551404042019123e-07,1.8443704747518184e-07,3.6038510840077733e-08,1.5664100646972656
3324,3.686528522598776e-08,9.527176323834536e-07,1.838372382524892e-07,3.593004597530757e-08,1.6109943389892578
3325,3.6755539261833994e-08,9.502949730951911e-07,1.8323839112092788e-07,3.582173258441823e-08,1.5244483947753906
3326,3.664588222227201e-08,9.478724438224088e-07,1.8264047573005378e-07,3.5713607861632535e-08,1.5239715576171875
3327,3.65363254725036e-08,9.454500697884951e-07,1.820434596053405e-07,3.560571003451727e-08,1.5985965728759766
3328,3.6426881598671536e-08,9.430278702795083e-07,1.8144730514372385e-07,3.54980754199418e-08,1.6531944274902344
3329,3.6317564943244066e-08,9.406058695764814e-07,1.8085197529453612e-07,3.539073849686585e-08,1.5573501586914062
3330,3.620839012985153e-08,9.381840898427616e-07,1.8025742814226658e-07,3.5283730161326345e-08,1.5540122985839844
3331,3.609937348036487e-08,9.357625525048385e-07,1.7966362656267838e-07,3.5177078641057646e-08,1.5268325805664062
3332,3.599052970955322e-08,9.333412847873462e-07,1.7907053027851848e-07,3.507080612020484e-08,1.7313957214355469
3333,3.588187492393431e-08,9.309203087881927e-07,1.7847810297793185e-07,3.496493150321564e-08,1.5842914581298828
3334,3.577342384450445e-08,9.284996464836865e-07,1.7788631444147768e-07,3.485946745329048e-08,1.6179084777832031
3335,3.566519177246414e-08,9.260793285042776e-07,1.7729513470231613e-07,3.4754422735652585e-08,1.5282630920410156
3336,3.5557192972935223e-08,9.236593806874523e-07,1.7670453925392673e-07,3.464980063499035e-08,1.7242431640625
3337,3.5449442239076655e-08,9.212398334481549e-07,1.761145108139018e-07,3.4545601115391814e-08,1.588582992553711
3338,3.5341953160458475e-08,9.188207211738146e-07,1.7552503541079849e-07,3.4441819008907786e-08,1.7247200012207031
3339,3.523473936901335e-08,9.164020788144329e-07,1.7493610754109832e-07,3.433844615982917e-08,1.577615737915039
3340,3.5127813525042106e-08,9.139839435364192e-07,1.7434772834787997e-07,3.423547035116635e-08,1.596212387084961
3341,3.502119013175311e-08,9.115663572340187e-07,1.7375990363059624e-07,3.4132879722905e-08,1.5239715576171875
3342,3.4914881782739524e-08,9.091493689876076e-07,1.7317264482759393e-07,3.403065890077765e-08,1.5254020690917969
3343,3.4808901356494855e-08,9.06733026118905e-07,1.7258597137185862e-07,3.392879203138238e-08,1.6777515411376953
3344,3.47032620918258e-08,9.043173828244556e-07,1.719999089270026e-07,3.382726324164932e-08,1.5561580657958984
3345,3.459797650664427e-08,9.01902498386619e-07,1.714144857710254e-07,3.372605694620253e-08,1.5363693237304688
3346,3.449305571724224e-08,8.99488434239209e-07,1.7082973485431983e-07,3.362515689283232e-08,1.538991928100586
3347,3.43885104586352e-08,8.970752567092191e-07,1.7024569396568477e-07,3.3524548337333974e-08,1.5916824340820312
3348,3.428435077114686e-08,8.946630354495269e-07,1.696624058797455e-07,3.342421783406677e-08,1.6183853149414062
3349,3.4180584559293936e-08,8.922518434222525e-07,1.690799114442844e-07,3.332415275067396e-08,1.5611648559570312
3350,3.407721804534476e-08,8.898417557121663e-07,1.6849825598376027e-07,3.3224341421666666e-08,1.5411376953125
3351,3.397425581335028e-08,8.874328497426587e-07,1.6791748215568747e-07,3.3124773813396446e-08,1.8253326416015625
3352,3.3871700020200866e-08,8.850252016988584e-07,1.6733763697490624e-07,3.302544070256874e-08,1.5544891357421875
3353,3.376955044292958e-08,8.826188906657285e-07,1.667587615626543e-07,3.292633398603916e-08,1.5621185302734375
3354,3.3667804398035384e-08,8.802139961058946e-07,1.6618089941982503e-07,3.2827447430063794e-08,1.5804767608642578
3355,3.3566455999087544e-08,8.778105955951956e-07,1.656040902803798e-07,3.2728774319073634e-08,1.588582992553711
3356,3.3465499286296e-08,8.754087626993664e-07,1.6502836921651417e-07,3.2630311436076534e-08,1.5285015106201172
3357,3.336492411194386e-08,8.730085710063318e-07,1.6445376913994856e-07,3.253205439839953e-08,1.5521049499511719
3358,3.3264719294851726e-08,8.706100875251762e-07,1.6388031999850785e-07,3.2434001198751425e-08,1.584768295288086
3359,3.316487226475637e-08,8.682133796152133e-07,1.6330804451823852e-07,3.233615103643321e-08,1.6579627990722656
3360,3.306536924034173e-08,8.658185090713775e-07,1.6273696385918044e-07,3.223850432549942e-08,1.5261173248291016
3361,3.296619612406294e-08,8.634255283696573e-07,1.6216709168491887e-07,3.2141062757789195e-08,1.5225410461425781
3362,3.28673383567071e-08,8.610344908068777e-07,1.6159843687271365e-07,3.204382998297727e-08,1.5721321105957031
3363,3.27687818556582e-08,8.586454431674631e-07,1.6103100501193978e-07,3.1946810700501674e-08,1.5931129455566406
3364,3.2670513423595005e-08,8.562584231193233e-07,1.6046479508063838e-07,3.1850011830866745e-08,1.5788078308105469
3365,3.2572520028267656e-08,8.538734676481555e-07,1.598998035785897e-07,3.175344069604512e-08,1.53350830078125
3366,3.247479140053181e-08,8.514906048779805e-07,1.5933601807672533e-07,3.1657107815488045e-08,1.592874526977539
3367,3.237731761057367e-08,8.491098648004202e-07,1.587734268233708e-07,3.1561023843248865e-08,1.537322998046875
3368,3.228009076101078e-08,8.467312678640926e-07,1.5821201049742015e-07,3.146520096407261e-08,1.520395278930664
3369,3.218310502342621e-08,8.443548341247087e-07,1.5765174823253005e-07,3.1369651957852247e-08,1.6446113586425781
3370,3.208635462043768e-08,8.419805790477891e-07,1.570926136972038e-07,3.1274389762023696e-08,1.6016960144042969
3371,3.198983636895532e-08,8.396085174531913e-07,1.56534580638898e-07,3.117942761322765e-08,1.5254020690917969
3372,3.189354806779255e-08,8.372386620736153e-07,1.5597761936972627e-07,3.108477839141847e-08,1.5189647674560547
3373,3.179748772863193e-08,8.348710256392789e-07,1.5542169940445873e-07,3.099045375684136e-08,1.5118122100830078
3374,3.170165503482909e-08,8.32505623690133e-07,1.5486678875228753e-07,3.0896465093545856e-08,1.6584396362304688
3375,3.1606050079269725e-08,8.301424712206661e-07,1.5431285351179198e-07,3.080282199253557e-08,1.5361309051513672
3376,3.1510672878283604e-08,8.277815833515021e-07,1.537598623744772e-07,3.0709532148327637e-08,1.5339851379394531
3377,3.141552255336274e-08,8.25422981595084e-07,1.5320778250393998e-07,3.061659982154858e-08,1.5244483947753906
3378,3.132059922953349e-08,8.230666873828761e-07,1.526565840728967e-07,3.0524028310650635e-08,1.585245132446289
3379,3.122590267580142e-08,8.207127277821675e-07,1.5210623694183254e-07,3.0431818364741545e-08,1.6508102416992188
3380,3.1131432444637645e-08,8.183611327492754e-07,1.5155671434699775e-07,3.0339968256160924e-08,1.5366077423095703
3381,3.103718857508587e-08,8.160119379697291e-07,1.5100799164055145e-07,3.024847511636002e-08,1.5451908111572266
3382,3.094317062656843e-08,8.136651827358728e-07,1.504600439642596e-07,3.015733245528815e-08,1.59454345703125
3383,3.0849379538877986e-08,8.113209109294431e-07,1.499128553464544e-07,3.0066534123907464e-08,1.5342235565185547
3384,3.075581544007412e-08,8.089791712128161e-07,1.4936640766211029e-07,2.997607073644092e-08,1.60980224609375
3385,3.06624797187247e-08,8.06640013243124e-07,1.4882068918076947e-07,2.9885932536878114e-08,1.6624927520751953
3386,3.056937557792004e-08,8.043034945701057e-07,1.4827568983584407e-07,2.979610991171893e-08,1.6210079193115234
3387,3.0476508004530194e-08,8.019696730560336e-07,1.477314043634944e-07,2.9706593318908505e-08,1.552581787109375
3388,3.038388267183448e-08,7.996386120062074e-07,1.4718783114698468e-07,2.9617372936439005e-08,1.5344619750976562
3389,3.029150684927342e-08,7.973103739185181e-07,1.46644970475927e-07,2.9528439273089635e-08,1.5935897827148438
3390,3.01993903104997e-08,7.949850257068943e-07,1.4610282897961103e-07,2.9439784217641613e-08,1.6591548919677734
3391,3.010754367127695e-08,7.926626316824944e-07,1.4556141547847812e-07,2.9351400208036673e-08,1.5358924865722656
3392,3.00159799392075e-08,7.903432571332622e-07,1.4502074267969492e-07,2.9263281211228056e-08,1.5232563018798828
3393,2.9924713199811396e-08,7.880269702934389e-07,1.444808250338335e-07,2.9175421932225433e-08,1.5912055969238281
3394,2.98337602876463e-08,7.857138355769162e-07,1.4394168177289267e-07,2.9087820880672392e-08,1.596689224243164
3395,2.974313716600074e-08,7.834039174533532e-07,1.434033314124855e-07,2.900047550836643e-08,1.5478134155273438
3396,2.9652860553792562e-08,7.810972754735413e-07,1.4286579980479037e-07,2.8913384498135986e-08,1.5289783477783203
3397,2.9562947129152614e-08,7.787939710584671e-07,1.4232911082758542e-07,2.882654827168391e-08,1.5954971313476562
3398,2.9473413316266467e-08,7.764940581716133e-07,1.4179329073687356e-07,2.8739967347837108e-08,1.5287399291992188
3399,2.938427393281501e-08,7.741975921061182e-07,1.4125836885933776e-07,2.865364292205708e-08,1.5881061553955078
3400,2.9295544257631374e-08,7.71904622377572e-07,1.40724373352724e-07,2.856757866088915e-08,1.6727447509765625
3401,2.9207236627575294e-08,7.696151994474118e-07,1.4019133511120263e-07,2.848177709048525e-08,1.8768310546875
3402,2.9119361097881854e-08,7.673293658275491e-07,1.3965928106231508e-07,2.8396241223682465e-08,1.680612564086914
3403,2.9031925829200353e-08,7.650471660572295e-07,1.391282402752986e-07,2.831097472519485e-08,1.5554428100585938
3404,2.8944936434133917e-08,7.62768640612321e-07,1.3859824039388888e-07,2.822598151333628e-08,1.7364025115966797
3405,2.8858394796771385e-08,7.604938254669233e-07,1.3806930798282765e-07,2.8141264890439318e-08,1.6713142395019531
3406,2.877230153163804e-08,7.582227590000115e-07,1.375414662992261e-07,2.8056829647891865e-08,1.538991928100586
3407,2.868665406272272e-08,7.559554809411383e-07,1.3701473741745962e-07,2.7972680614898832e-08,1.5387535095214844
3408,2.860144689589047e-08,7.536920178969435e-07,1.3648914183154032e-07,2.788882223759125e-08,1.615762710571289
3409,2.851667195397627e-08,7.514324100051552e-07,1.3596469350792906e-07,2.780525979640974e-08,1.5926361083984375
3410,2.8432320111057046e-08,7.491766889457945e-07,1.3544140809005808e-07,2.7721999988768788e-08,1.5490055084228516
3411,2.8348378816815697e-08,7.469248902689647e-07,1.3491929473116956e-07,2.76390483004071e-08,1.5933513641357422
3412,2.826483489560308e-08,7.446770499759158e-07,1.343983583146022e-07,2.7556411742387067e-08,1.5969276428222656
3413,2.8181671673258578e-08,7.424332002752465e-07,1.3387860216585216e-07,2.7474095765384522e-08,1.5382766723632812
3414,2.809887534026275e-08,7.401933841645321e-07,1.3336002595005644e-07,2.73921096681074e-08,1.6188621520996094
3415,2.8016427931164205e-08,7.379576348863875e-07,1.328426226790001e-07,2.7310459525133255e-08,1.5425682067871094
3416,2.7934311216239796e-08,7.3572599065795e-07,1.3232638664582844e-07,2.7229151254255733e-08,1.6150474548339844
3417,2.7852508102644707e-08,7.334984930567387e-07,1.3181130520922194e-07,2.714819234508176e-08,1.5478134155273438
3418,2.777100000289695e-08,7.312751793504767e-07,1.3129736771266652e-07,2.7067587385875896e-08,1.5256404876708984
3419,2.768976997438147e-08,7.290560914050296e-07,1.3078455399996584e-07,2.6987341370229318e-08,1.6167163848876953
3420,2.760880060005144e-08,7.268412703189505e-07,1.302728489391152e-07,2.6907457407870274e-08,1.5673637390136719
3421,2.752807526479939e-08,7.246307542740901e-07,1.2976223122360038e-07,2.682793721920261e-08,1.5516281127929688
3422,2.744757853237141e-08,7.224245853031348e-07,1.2925268078188405e-07,2.6748780736086037e-08,1.5270709991455078
3423,2.736729534237544e-08,7.202227990594735e-07,1.2874417697708303e-07,2.666998519073517e-08,1.535177230834961
3424,2.7287212615548474e-08,7.180254345081847e-07,1.2823669980459843e-07,2.6591546710508225e-08,1.556396484375
3425,2.720731859644971e-08,7.158325277962495e-07,1.277302288721799e-07,2.6513459347482093e-08,1.9347667694091797
3426,2.712760400700022e-08,7.136441132964813e-07,1.2722474643843895e-07,2.6435715346047354e-08,1.5838146209716797
3427,2.7048059779472958e-08,7.114602238355433e-07,1.267202344641219e-07,2.635830372010828e-08,1.5857219696044922
3428,2.6968680436171055e-08,7.09280891066141e-07,1.2621667681436457e-07,2.628121319121314e-08,1.8699169158935547
3429,2.6889462891297958e-08,7.071061392077431e-07,1.257140626465105e-07,2.6204431377095107e-08,1.569986343383789
3430,2.6810405091108932e-08,7.049359998468299e-07,1.252123832128002e-07,2.6127943122970505e-08,1.5430450439453125
3431,2.673150885886117e-08,7.027704929044457e-07,1.247116326668806e-07,2.6051734127934224e-08,1.5285015106201172
3432,2.6652778075131507e-08,7.006096458740012e-07,1.2421180796835413e-07,2.597578966633897e-08,1.5289783477783203
3433,2.6574219760115042e-08,6.984534763649112e-07,1.237129094893918e-07,2.5900094995704462e-08,1.5616416931152344
3434,2.64958431864817e-08,6.963020083199182e-07,1.2321494249485296e-07,2.5824636425251787e-08,1.6012191772460938
3435,2.641766051906634e-08,6.941552588153851e-07,1.2271791300420573e-07,2.5749401215094283e-08,1.5316009521484375
3436,2.6339684917687017e-08,6.920132471146773e-07,1.222218317443537e-07,2.5674376725112222e-08,1.5385150909423828
3437,2.6261934050060583e-08,6.898759973026522e-07,1.2172671463775044e-07,2.5599555131283894e-08,1.531839370727539
3438,2.6184424451725087e-08,6.877435227194718e-07,1.2123257762980114e-07,2.552492699411244e-08,1.5339851379394531
3439,2.6107175867182187e-08,6.856158513072383e-07,1.2073943775303003e-07,2.54504877018589e-08,1.5797615051269531
3440,2.603020965983791e-08,6.834930022373611e-07,1.2024731762597894e-07,2.5376234605355714e-08,1.5642642974853516
3441,2.59535455917139e-08,6.813750026700393e-07,1.1975623789087465e-07,2.530216644346152e-08,2.070903778076172
3442,2.587720478521512e-08,6.792618785911838e-07,1.19266221952759e-07,2.522828466196326e-08,1.5864372253417969
3443,2.5801207654096822e-08,6.771536606088604e-07,1.1877729355891245e-07,2.5154593139425768e-08,1.5399456024169922
3444,2.5725573639293052e-08,6.750503802362516e-07,1.1828947578520486e-07,2.508109786516162e-08,1.5635490417480469
3445,2.5650319911614154e-08,6.729520761364233e-07,1.1780279010834849e-07,2.5007805424001667e-08,1.5363693237304688
3446,2.5575462729417665e-08,6.708587819459327e-07,1.1731726065890687e-07,2.4934725551555962e-08,1.5544891357421875
3447,2.550101560728332e-08,6.687705440083809e-07,1.1683290461440278e-07,2.4861868122717712e-08,1.5349388122558594
3448,2.5426989447139544e-08,6.666874041458345e-07,1.1634974044561713e-07,2.4789244873835187e-08,1.5285015106201172
3449,2.5353391693263236e-08,6.646094096266336e-07,1.1586778475417163e-07,2.4716866287963944e-08,1.5344619750976562
3450,2.5280228077183027e-08,6.625366082049796e-07,1.1538704912346202e-07,2.4644745603236567e-08,1.5833377838134766
3451,2.5207500127656126e-08,6.604690505081277e-07,1.1490754567799984e-07,2.4572894573009878e-08,1.7118453979492188
3452,2.513520720765707e-08,6.584067891145164e-07,1.1442927852230632e-07,2.450132559729337e-08,1.5342235565185547
3453,2.5063344366817545e-08,6.563498757557183e-07,1.1395225335210872e-07,2.4430049288018866e-08,1.5583038330078125
3454,2.4991905377559655e-08,6.542983647876823e-07,1.1347646926587554e-07,2.435907735149685e-08,1.5552043914794922
3455,2.492088039145201e-08,6.52252305860333e-07,1.1300192395902901e-07,2.4288419350219536e-08,1.554727554321289
3456,2.4850258832457684e-08,6.502117516086809e-07,1.1252861189033896e-07,2.4218085557758582e-08,1.5411376953125
3457,2.478002671730429e-08,6.481767541257383e-07,1.120565240719814e-07,2.4148083520773566e-08,1.5206336975097656
3458,2.4710169753373743e-08,6.461473585026518e-07,1.1158564913444012e-07,2.4078421185713457e-08,1.5494823455810547
3459,2.4640671327780346e-08,6.441236123217196e-07,1.1111597053919082e-07,2.4009103577915406e-08,1.5347003936767578
3460,2.457151458011417e-08,6.42105555797565e-07,1.1064747356133676e-07,2.3940135275457673e-08,1.5635490417480469
3461,2.4502682204394373e-08,6.400932288571735e-07,1.1018014066224746e-07,2.387151943621334e-08,1.5268325805664062
3462,2.4434155700723555e-08,6.380866646857176e-07,1.0971395075262786e-07,2.380325642720137e-08,1.5680789947509766
3463,2.4365918029950286e-08,6.360858957521016e-07,1.0924888730521465e-07,2.3735346997426577e-08,1.687765121459961
3464,2.4297951592590644e-08,6.340909491440397e-07,1.0878492693856568e-07,2.3667788473294263e-08,1.539468765258789
3465,2.4230239547671356e-08,6.321018479063228e-07,1.083220502276777e-07,2.3600577536960673e-08,1.5790462493896484
3466,2.4162765809775257e-08,6.301186105263189e-07,1.0786023351256282e-07,2.353370886497416e-08,1.5573501586914062
3467,2.4095514308644178e-08,6.281412540366921e-07,1.0739945785669857e-07,2.3467174372979447e-08,1.531362533569336
3468,2.4028469139113226e-08,6.26169787466608e-07,1.06939707242552e-07,2.3400963463755628e-08,1.5277862548828125
3469,2.3961617794803523e-08,6.242042188772432e-07,1.0648096270895982e-07,2.33350666765087e-08,1.5306472778320312
3470,2.389494666398443e-08,6.222445535234729e-07,1.0602321207577376e-07,2.3269470731340276e-08,1.5704631805419922
3471,2.3828444025242944e-08,6.202907943888542e-07,1.0556643967064958e-07,2.3204161134240447e-08,1.5401840209960938
3472,2.3762098874404495e-08,6.183429425292059e-07,1.0511063576787884e-07,2.3139122490847237e-08,1.5392303466796875
3473,2.3695900944472127e-08,6.1640099705951e-07,1.0465579276911787e-07,2.3074337048211633e-08,1.5239715576171875
3474,2.362984201523459e-08,6.144649555741565e-07,1.0420190635993069e-07,2.3009787508382492e-08,1.5871524810791016
3475,2.356391567040695e-08,6.125348149230778e-07,1.0374897321484115e-07,2.294545602294487e-08,1.5559196472167969
3476,2.349811619449695e-08,6.106105751547315e-07,1.0329699512168791e-07,2.288132447597217e-08,1.5404224395751953
3477,2.3432439797952062e-08,6.086922331204535e-07,1.02845976112853e-07,2.2817375029055896e-08,1.5370845794677734
3478,2.3366884845464764e-08,6.067797896940455e-07,1.0239592156735828e-07,2.2753590830415294e-08,1.5523433685302734
3479,2.330145103212794e-08,6.048732465306745e-07,1.0194683974210283e-07,2.268995597374859e-08,1.539468765258789
3480,2.3236140152296364e-08,6.029726056925139e-07,1.0149874311928455e-07,2.2626456103886708e-08,1.5604496002197266
3481,2.317095661054785e-08,6.010778726881295e-07,1.0105164247220898e-07,2.2563078845511514e-08,1.5552043914794922
3482,2.3105905561959388e-08,5.991890581207706e-07,1.0060555700040099e-07,2.2499813316852807e-08,1.5268325805664062
3483,2.3040994930258754e-08,5.973061686654035e-07,1.0016049990175743e-07,2.2436651597209753e-08,1.5254020690917969
3484,2.297623568552857e-08,5.954292179660862e-07,9.971649092077776e-08,2.237358916788626e-08,1.5249252319335938
3485,2.2911638641122544e-08,5.935582228219388e-07,9.927354781963963e-08,2.2310622420156028e-08,1.5556812286376953
3486,2.2847217819810568e-08,5.916931992880515e-07,9.883169109894541e-08,2.224775183109825e-08,1.561880111694336
3487,2.2782987830814025e-08,5.898341682471436e-07,9.839094035876444e-08,2.2184979917792948e-08,1.5423297882080078
3488,2.271896453768069e-08,5.879811524278074e-07,9.795131631143691e-08,2.2122311839573506e-08,1.5480518341064453
3489,2.265516466791982e-08,5.861341735404007e-07,9.751283834970211e-08,2.2059754692857438e-08,1.5463829040527344
3490,2.259160568495673e-08,5.842932581371232e-07,9.707552712462285e-08,2.1997318712908212e-08,1.5420913696289062
3491,2.2528304368044576e-08,5.824584297798965e-07,9.663940006441172e-08,2.193501453871751e-08,1.5892982482910156
3492,2.246527755786758e-08,5.806297210552038e-07,9.620447427770598e-08,2.187285549290751e-08,1.5337467193603516
3493,2.2402541490452218e-08,5.788071556236655e-07,9.57707655597144e-08,2.181085538417577e-08,1.544952392578125
3494,2.2340112206165817e-08,5.769907605729012e-07,9.53382913250319e-08,2.1749029701880813e-08,1.5377998352050781
3495,2.2278001999334163e-08,5.751805643534406e-07,9.490706124206865e-08,2.1687392309488445e-08,1.5270709991455078
3496,2.221622395167932e-08,5.733765914084572e-07,9.447708828946045e-08,2.1625959711475774e-08,1.588582992553711
3497,2.2154787909693633e-08,5.715788696679738e-07,9.404838204002006e-08,2.1564746829927464e-08,1.5523433685302734
3498,2.2093701153943642e-08,5.697874220860752e-07,9.362094952660743e-08,2.150376751841225e-08,1.5397071838378906
3499,2.2032969573797717e-08,5.680022743147672e-07,9.31947960943524e-08,2.1443036179653313e-08,1.512765884399414
3500,2.1972595776373006e-08,5.662234434440021e-07,9.276992628920203e-08,2.138256513474298e-08,1.5316009521484375
3501,2.1912579916653845e-08,5.644509537578841e-07,9.234634279761899e-08,2.132236560923822e-08,1.806020736694336
3502,2.1852921482901218e-08,5.626848226069158e-07,9.192404287433584e-08,2.1262449514860695e-08,1.5501976013183594
3503,2.1793614237929417e-08,5.609250662989665e-07,9.150302476818919e-08,2.1202823730503645e-08,1.5459060668945312
3504,2.1734652982696987e-08,5.591717042914138e-07,9.108328506163334e-08,2.1143497111283234e-08,1.5363693237304688
3505,2.167602674338887e-08,5.57424747024463e-07,9.066481856110655e-08,2.108447338863232e-08,1.5399456024169922
3506,2.161772501672665e-08,5.556842114932336e-07,9.024761717338544e-08,2.102575716333102e-08,1.5716552734375
3507,2.1559734798449887e-08,5.539501021889027e-07,8.98316739821775e-08,2.0967350087196057e-08,1.5370845794677734
3508,2.150204040325577e-08,5.522224324866483e-07,8.941697775882828e-08,2.0909251044580402e-08,1.5194416046142578
3509,2.1444626814177444e-08,5.505012103457861e-07,8.900351976870949e-08,2.085145992377076e-08,1.5363693237304688
3510,2.1387474938822365e-08,5.487864424052307e-07,8.859128779516229e-08,2.0793971195639178e-08,1.5482902526855469
3511,2.1330566853323075e-08,5.470781344281362e-07,8.818027181302328e-08,2.073677976971892e-08,1.5726089477539062
3512,2.1273883455699555e-08,5.453762953123121e-07,8.777046028261852e-08,2.067987825688189e-08,1.543283462524414
3513,2.1217403980539673e-08,5.436809234990516e-07,8.736183920986366e-08,2.0623255614754468e-08,1.5521049499511719
3514,2.116110875495928e-08,5.41992024054719e-07,8.695440117769308e-08,2.056690120381484e-08,1.5168190002441406
3515,2.1104978480746413e-08,5.403095946415952e-07,8.654813422967092e-08,2.0510802616264506e-08,1.5263557434082031
3516,2.104899240013602e-08,5.386336397851464e-07,8.614303097138659e-08,2.0454943866224016e-08,1.5680789947509766
3517,2.099313218401956e-08,5.369641556869579e-07,8.573908130908259e-08,2.0399310103057972e-08,1.5850067138671875
3518,2.0937379590168862e-08,5.353011441325195e-07,8.533627934286607e-08,2.0343883433918173e-08,1.5399456024169922
3519,2.0881717980570067e-08,5.336445993443207e-07,8.493461877227775e-08,2.0288646243444184e-08,1.5239715576171875
3520,2.0826132472640033e-08,5.319945173857502e-07,8.45340962675145e-08,2.0233579555792814e-08,1.5358924865722656
3521,2.0770609352679934e-08,5.303508895574057e-07,8.413471098770748e-08,2.0178663899857965e-08,1.5249252319335938
3522,2.0715137849093118e-08,5.287137120785985e-07,8.373646395126341e-08,2.0123881451493453e-08,1.558065414428711
3523,2.065970860194004e-08,5.270829734542704e-07,8.333935599926344e-08,2.0069212876138952e-08,1.5327930450439453
3524,2.060431587652107e-08,5.254586666484284e-07,8.294339167129348e-08,2.0014641226009793e-08,1.5397071838378906
3525,2.054895512999957e-08,5.238407802311499e-07,8.254857651065726e-08,1.9960148994620943e-08,1.535654067993164
3526,2.0493626146435014e-08,5.22229303574593e-07,8.215492050642081e-08,1.9905722029627248e-08,1.514434814453125
3527,2.043832950851443e-08,5.20624222145855e-07,8.176243294917859e-08,1.9851345720123884e-08,1.5850067138671875
3528,2.038307140452729e-08,5.190255199624866e-07,8.137112405109761e-08,1.9797010356940404e-08,1.6851425170898438
3529,2.0327858693687283e-08,5.17433186426422e-07,8.098100642860304e-08,1.974270684167873e-08,1.5408992767333984
3530,2.027270102653363e-08,5.158472053448512e-07,8.059209568817628e-08,1.9688428314689225e-08,1.5575885772705078
3531,2.0217610827455204e-08,5.142675602604004e-07,8.020440520324147e-08,1.963417143560562e-08,1.5301704406738281
3532,2.016260266018736e-08,5.126942388825234e-07,7.981795109587285e-08,1.957993506149232e-08,1.6014575958251953
3533,2.0107692572891e-08,5.111272236423441e-07,7.94327488468166e-08,1.9525721028450185e-08,1.5494823455810547
3534,2.005289828376194e-08,5.095665035354059e-07,7.904881453602925e-08,1.947153382632605e-08,1.5337467193603516
3535,1.9998237637992787e-08,5.080120612071394e-07,7.866616252626573e-08,1.9417379214063972e-08,1.5187263488769531
3536,1.994373111896097e-08,5.064638878317254e-07,7.828480902427852e-08,1.9363267780122862e-08,1.5439987182617188
3537,1.9889396939999827e-08,5.049219694746237e-07,7.790476765569813e-08,1.9309209795902017e-08,1.5680789947509766
3538,1.9835253862194516e-08,5.033862993343136e-07,7.752604971313706e-08,1.9255217907847708e-08,1.556396484375
3539,1.978132041156058e-08,5.01856867736346e-07,7.714866910689478e-08,1.9201306858481176e-08,1.531362533569336
3540,1.9727613097378453e-08,5.003336689135369e-07,7.67726331417874e-08,1.9147491902449406e-08,1.5544891357421875
3541,1.967414746887676e-08,4.988166994545522e-07,7.639795059746906e-08,1.9093788999205203e-08,1.577138900756836
3542,1.9620936272727675e-08,4.973059555982216e-07,7.602462768894227e-08,1.904021422718971e-08,1.596689224243164
3543,1.9567991009380166e-08,4.958014368267367e-07,7.565266935432816e-08,1.898678468514826e-08,1.5532970428466797
3544,1.951531976094697e-08,4.943031473480887e-07,7.52820774735916e-08,1.89335162225444e-08,1.5387535095214844
3545,1.9462929872868876e-08,4.928110882320129e-07,7.491285151494465e-08,1.888042552160065e-08,1.5223026275634766
3546,1.941082400422507e-08,4.913252676696437e-07,7.454498973241712e-08,1.8827527116187648e-08,1.5246868133544922
3547,1.9359002367255025e-08,4.898456895611046e-07,7.417848632908091e-08,1.877483361181157e-08,1.5671253204345703
3548,1.9307463213682098e-08,4.883723635871011e-07,7.38133356581311e-08,1.8722357622756138e-08,1.5628337860107422
3549,1.9256201616647644e-08,4.869052969736943e-07,7.344953148286223e-08,1.8670109439312807e-08,1.5456676483154297
3550,1.9205211328568243e-08,4.854444986882414e-07,7.308706319733037e-08,1.8618098429414913e-08,1.527547836303711
3551,1.9154483012414392e-08,4.839899801015239e-07,7.272592177197948e-08,1.8566331569188795e-08,1.7671585083007812
3552,1.9104005867262167e-08,4.82541748976391e-07,7.236609354164715e-08,1.851481403840642e-08,1.5490055084228516
3553,1.9053766256092674e-08,4.810998135464192e-07,7.200756826279459e-08,1.8463548334988773e-08,1.5630722045898438
3554,1.9003749570776188e-08,4.796641825915513e-07,7.16503316939807e-08,1.8412534653821415e-08,1.556396484375
3555,1.895394045128074e-08,4.782348582292686e-07,7.129437127688281e-08,1.8361771723117174e-08,1.554250717163086
3556,1.8904322515245412e-08,4.768118473259952e-07,7.093967548533561e-08,1.831125645527222e-08,1.5397071838378906
3557,1.8854878968933297e-08,4.753951495517888e-07,7.058623118030913e-08,1.826098343363931e-08,1.5385150909423828
3558,1.880559253762353e-08,4.7398476398465577e-07,7.023402832983703e-08,1.8210945214188056e-08,1.5568733215332031
3559,1.8756445810796883e-08,4.7258068626275996e-07,6.988305434483794e-08,1.8161132154592958e-08,1.569509506225586
3560,1.8707421068064105e-08,4.7118290946047965e-07,6.953330236532915e-08,1.8111532601419803e-08,1.546621322631836
3561,1.8658501983244195e-08,4.6979142366207235e-07,6.918476453634015e-08,1.806213418365264e-08,1.5363693237304688
3562,1.8609671850787464e-08,4.6840621116306895e-07,6.883743563188405e-08,1.8012921676718916e-08,1.5327930450439453
3563,1.8560916807334005e-08,4.670272551715478e-07,6.849131230951912e-08,1.796388096648497e-08,1.5881061553955078
3564,1.8512221563279433e-08,4.6565453322819425e-07,6.814639442192952e-08,1.7914994111302776e-08,1.5339851379394531
3565,1.8463574238915422e-08,4.6428802055173625e-07,6.780268350041385e-08,1.7866244776017756e-08,1.5304088592529297
3566,1.8414962841614905e-08,4.629276928527854e-07,6.746018121116071e-08,1.7817614878439106e-08,1.5463829040527344
3567,1.8366377594193488e-08,4.615735167553986e-07,6.711889376944191e-08,1.7769086243401342e-08,1.5480518341064453
3568,1.8317810040957565e-08,4.6022545555933796e-07,6.677882869601226e-08,1.772064077417651e-08,1.573801040649414
3569,1.8269254281561088e-08,4.588834754285784e-07,6.643999453320484e-08,1.76722616503496e-08,1.5478134155273438
3570,1.8220705142939993e-08,4.5754753743571807e-07,6.610240659473249e-08,1.762393163609717e-08,1.5463829040527344
3571,1.8172160235582488e-08,4.562176016413767e-07,6.576607716133259e-08,1.7575635397132232e-08,1.5482902526855469
3572,1.8123618195448592e-08,4.5489362608245023e-07,6.543102153261016e-08,1.7527358034636796e-08,1.5263557434082031
3573,1.8075081185564875e-08,4.53575572223499e-07,6.509725740580639e-08,1.74790884250316e-08,1.5709400177001953
3574,1.8026551915260752e-08,4.5226339747340453e-07,6.476480180925426e-08,1.7430815377268246e-08,1.6567707061767578
3575,1.797803437669769e-08,4.5095706098946814e-07,6.443367256022133e-08,1.738252969710002e-08,1.5478134155273438
3576,1.7929535908480823e-08,4.4965651859764055e-07,6.410388867921482e-08,1.7334225559492946e-08,1.5285015106201172
3577,1.7881063907144728e-08,4.483617376731349e-07,6.37754706652862e-08,1.7285898559821486e-08,1.5151500701904297
3578,1.7832628936300577e-08,4.470726759403092e-07,6.344843755389093e-08,1.723754800396452e-08,1.5344619750976562
3579,1.7784241369473068e-08,4.4578929947962586e-07,6.312280767934874e-08,1.7189174534183285e-08,2.038240432739258
3580,1.7735914212835815e-08,4.445115774432583e-07,6.279859895537143e-08,1.7140782597159265e-08,1.8002986907958984
3581,1.7687659799766477e-08,4.432394758790817e-07,6.247582814154747e-08,1.7092377479436364e-08,1.5554428100585938
3582,1.7639491248557796e-08,4.4197297095708255e-07,6.215450770202901e-08,1.7043966745613917e-08,1.5454292297363281
3583,1.7591422863774567e-08,4.4071203185774494e-07,6.183465605676588e-08,1.699556060927795e-08,1.5575885772705078
3584,1.7543468623502485e-08,4.3945663878012976e-07,6.151628456590941e-08,1.6947171215096742e-08,1.5377998352050781
3585,1.749564194428844e-08,4.382067705381304e-07,6.11994042965098e-08,1.6898811615530148e-08,1.5234947204589844
3586,1.744795637682269e-08,4.369624146284476e-07,6.088402171030261e-08,1.685049646804093e-08,1.5435218811035156
3587,1.7400424158730285e-08,4.357235511514101e-07,6.057014468207549e-08,1.6802241169678164e-08,1.5192031860351562
3588,1.7353057131205087e-08,4.344901704776085e-07,6.025777828380019e-08,1.675406204613556e-08,1.566171646118164
3589,1.7305864913578965e-08,4.3326226102414234e-07,5.994692328300493e-08,1.670597459935807e-08,1.537322998046875
3590,1.725885593510826e-08,4.320398130844971e-07,5.963758044344339e-08,1.665799456798425e-08,1.5528202056884766
3591,1.7212038035847186e-08,4.308228201266158e-07,5.93297507919351e-08,1.6610138297466118e-08,1.5342235565185547
3592,1.7165416859808363e-08,4.296112790023482e-07,5.902342686507756e-08,1.656242124879476e-08,1.6636848449707031
3593,1.7118995304377545e-08,4.2840518093604245e-07,5.871860624680669e-08,1.6514856491364603e-08,1.5664100646972656
3594,1.707277629128378e-08,4.272045231827483e-07,5.841527984020476e-08,1.6467457834849475e-08,1.5692710876464844
3595,1.7026759198377012e-08,4.2600929917772703e-07,5.811343926309621e-08,1.6420236140817163e-08,1.5571117401123047
3596,1.6980942162476235e-08,4.2481950458830934e-07,5.781307539918911e-08,1.6373200971904772e-08,1.5404224395751953
3597,1.6935322166965827e-08,4.236351293252304e-07,5.75141795132209e-08,1.6326361347226052e-08,1.5323162078857422
3598,1.688989357230398e-08,4.2245617209155624e-07,5.721673954436642e-08,1.6279722851695872e-08,1.5382766723632812
3599,1.6844650339696185e-08,4.2128261943067564e-07,5.6920744375383696e-08,1.6233290665667573e-08,1.5692710876464844
3600,1.6799584370627652e-08,4.2011446572211975e-07,5.662617914581726e-08,1.6187067504775136e-08,1.5251636505126953
3601,1.6754686079601502e-08,4.189516960618785e-07,5.633303477081605e-08,1.6141053352235097e-08,1.7364025115966797
3602,1.670994472494331e-08,4.1779429556778995e-07,5.6041296694626025e-08,1.6095246180814004e-08,1.5900135040283203
3603,1.6665349114467076e-08,4.1664224700001805e-07,5.57509575214341e-08,1.6049642813119138e-08,1.5282630920410156
3604,1.662088817378643e-08,4.154955346761606e-07,5.5462004538074985e-08,1.6004238973375226e-08,1.5630722045898438
3605,1.6576548247274942e-08,4.143541337384079e-07,5.5174430825136596e-08,1.5959026007601134e-08,1.5304088592529297
3606,1.653231692230325e-08,4.1321802286978707e-07,5.48882254132871e-08,1.5913995609486473e-08,1.5442371368408203
3607,1.648818105186868e-08,4.120871743189913e-07,5.460338484230656e-08,1.586913752234661e-08,1.522064208984375
3608,1.644412734036199e-08,4.1096155841315896e-07,5.431990072025246e-08,1.5824439409586756e-08,1.523733139038086
3609,1.6400142934546277e-08,4.0984114379330976e-07,5.403777051696418e-08,1.577988804522431e-08,1.5625953674316406
3610,1.6356214725411437e-08,4.0872589734198974e-07,5.3756994401078975e-08,1.5735468614290354e-08,1.5261173248291016
3611,1.631233131738913e-08,4.076157823536298e-07,5.3477570369680515e-08,1.5691166346193256e-08,1.5246868133544922
3612,1.6268481065432344e-08,4.065107628927405e-07,5.319950253899399e-08,1.5646965185846635e-08,1.5244483947753906
3613,1.6224654186223466e-08,4.054107988596984e-07,5.292279365923276e-08,1.560284971766217e-08,1.5778541564941406
3614,1.61808405515875e-08,4.043158466825731e-07,5.264745029609071e-08,1.5558802676576193e-08,1.565694808959961
3615,1.6137033106955196e-08,4.032258628786062e-07,5.2373478108925666e-08,1.5514809346765967e-08,1.5461444854736328
3616,1.6093224611411025e-08,4.021408058767421e-07,5.210088844337202e-08,1.5470853579023864e-08,1.5254020690917969
3617,1.60494099469842e-08,4.010606318016241e-07,5.182969194796844e-08,1.5426920508257915e-08,1.5492439270019531
3618,1.6005585291484374e-08,3.999852938092417e-07,5.155989940488864e-08,1.5382996768943198e-08,1.5366077423095703
3619,1.5961749046686203e-08,3.989147463809481e-07,5.12915261114632e-08,1.533907042911252e-08,1.5726089477539062
3620,1.5917900901399114e-08,3.9784894257997516e-07,5.1024585462200513e-08,1.5295130833975598e-08,1.561880111694336
3621,1.587404289382522e-08,3.9678784129810726e-07,5.075909415823442e-08,1.5251169803153216e-08,1.5795230865478516
3622,1.5830177566112608e-08,3.9573139461308767e-07,5.049506553731514e-08,1.5207179804945183e-08,1.539468765258789
3623,1.5786310764741773e-08,3.9467955772904027e-07,5.0232516528182093e-08,1.51631571018487e-08,1.5332698822021484
3624,1.5742448709603533e-08,3.936322902605114e-07,4.997146233187405e-08,1.5119099185106282e-08,1.6367435455322266
3625,1.5698599107329164e-08,3.9258954535112913e-07,4.971191913157069e-08,1.5075005322987684e-08,1.5799999237060547
3626,1.565477180311361e-08,3.9155128964176775e-07,4.945390124708175e-08,1.5030878264119767e-08,1.5468597412109375
3627,1.5610976535067803e-08,3.9051747650040047e-07,4.919742357096611e-08,1.4986721745001996e-08,1.5206336975097656
3628,1.556722585051895e-08,3.89488072828021e-07,4.89424983487587e-08,1.4942543504640035e-08,1.5234947204589844
3629,1.552353102331667e-08,3.8846304160366894e-07,4.8689136380671526e-08,1.4898351102854463e-08,1.588582992553711
3630,1.5479904605259154e-08,3.874423488438857e-07,4.843734886690893e-08,1.4854154869124034e-08,1.5599727630615234
3631,1.5436358757756163e-08,3.8642596442401185e-07,4.8187143184538505e-08,1.4809966048233372e-08,1.539468765258789
3632,1.5392907006961556e-08,3.8541385712839645e-07,4.793852602464634e-08,1.4765798854534918e-08,1.5339851379394531
3633,1.534956077289499e-08,3.8440599578359893e-07,4.7691502789915743e-08,1.4721666394545276e-08,1.5544891357421875
3634,1.530633144660427e-08,3.8340235849559017e-07,4.744607571393384e-08,1.4677583643601577e-08,1.5537738800048828
3635,1.5263230186518233e-08,3.8240291712427654e-07,4.7202245542210264e-08,1.4633565703579754e-08,1.5606880187988281
3636,1.5220265407427568e-08,3.814076505082305e-07,4.6960009893041604e-08,1.4589627052712968e-08,1.5273094177246094
3637,1.5177446100825787e-08,3.8041653779712624e-07,4.6719367945892794e-08,1.454578331353973e-08,1.5513896942138672
3638,1.5134779307343677e-08,3.794295586046833e-07,4.648031217353511e-08,1.4502049443378938e-08,1.5358924865722656
3639,1.5092270067151045e-08,3.784466939527205e-07,4.62428377826167e-08,1.4458439090905016e-08,1.5246868133544922
3640,1.5049922029400564e-08,3.7746792718679877e-07,4.600693620881584e-08,1.4414964650484374e-08,1.5575885772705078
3641,1.5007736764891024e-08,3.7649323997530116e-07,4.577259737421501e-08,1.4371637288537679e-08,1.5377998352050781
3642,1.4965715687668524e-08,3.755226196632652e-07,4.5539810453462624e-08,1.4328468778489636e-08,1.519918441772461
3643,1.4923856617215924e-08,3.7455604756404305e-07,4.53085644678276e-08,1.4285466445211063e-08,1.5201568603515625
3644,1.4882157523930796e-08,3.735935109052799e-07,4.507884497687675e-08,1.4242638284875293e-08,1.527547836303711
3645,1.4840613636193191e-08,3.726349929412332e-07,4.485064244297094e-08,1.4199989016177973e-08,1.8472671508789062
3646,1.4799219794521721e-08,3.716804779792876e-07,4.4623939801269524e-08,1.4157522773907762e-08,2.028942108154297
3647,1.4757968939429563e-08,3.707299492717501e-07,4.4398728518482604e-08,1.4115240487946696e-08,1.6701221466064453
3648,1.4716853795395468e-08,3.6978339071922355e-07,4.4174994617131736e-08,1.4073143025658501e-08,1.5752315521240234
3649,1.4675865538542628e-08,3.68840782072713e-07,4.395272645089597e-08,1.4031227847652259e-08,1.5246868133544922
3650,1.4634994551552475e-08,3.6790210591182876e-07,4.3731912929337904e-08,1.3989491618588312e-08,1.5861988067626953
3651,1.4594230893126729e-08,3.669673412940321e-07,4.3512544882318925e-08,1.3947928586500158e-08,1.7328262329101562
3652,1.4553564340362118e-08,3.660364636996963e-07,4.3294612245062e-08,1.3906532372293557e-08,1.5518665313720703
3653,1.4512984374825578e-08,3.651094472669673e-07,4.3078110862463895e-08,1.3865293597408464e-08,1.5480518341064453
3654,1.4472481411105171e-08,3.641862683184832e-07,4.2863034282830054e-08,1.3824204145068874e-08,1.5382766723632812
3655,1.4432044500958956e-08,3.6326689505255496e-07,4.264937935420245e-08,1.3783252754920972e-08,1.5835762023925781
3656,1.4391664053398083e-08,3.623513001058003e-07,4.2437145349818123e-08,1.3742427929461871e-08,1.6794204711914062
3657,1.4351330490956648e-08,3.614394472463798e-07,4.222633085298144e-08,1.3701716921461118e-08,1.5397071838378906
3658,1.4311034717181111e-08,3.605313038135559e-07,4.20169382505171e-08,1.3661106687533394e-08,1.5873908996582031
3659,1.4270769186994848e-08,3.596268305818247e-07,4.1808971537550926e-08,1.3620584433261884e-08,1.5649795532226562
3660,1.4230526498931046e-08,3.5872598684984153e-07,4.1602438278537585e-08,1.3580136421582024e-08,1.5604496002197266
3661,1.419030070456521e-08,3.5782873354713885e-07,4.13973428227297e-08,1.3539749790811898e-08,1.5404224395751953
3662,1.4150087089342367e-08,3.569350253938038e-07,4.119369740538997e-08,1.3499412454648843e-08,1.5332698822021484
3663,1.4109881911179828e-08,3.560448204486409e-07,4.099150898755386e-08,1.3459112258699583e-08,1.54876708984375
3664,1.4069681662464556e-08,3.551580739354687e-07,4.079079067695547e-08,1.3418837110466459e-08,1.5363693237304688
3665,1.4029485220116879e-08,3.5427473668386257e-07,4.0591553697212516e-08,1.3378577087608169e-08,1.5606880187988281
3666,1.3989292480648374e-08,3.5339476251718633e-07,4.039381108319673e-08,1.3338323480122091e-08,1.5463829040527344
3667,1.3949104808915859e-08,3.5251810361721156e-07,4.019757660036646e-08,1.3298069000253918e-08,1.5501976013183594
3668,1.3908924940759118e-08,3.5164471137633195e-07,4.000286265302905e-08,1.3257807952492106e-08,1.5249252319335938
3669,1.386875598863509e-08,3.50774537954757e-07,3.980968293386061e-08,1.3217535510269377e-08,1.5208721160888672
3670,1.3828602899563815e-08,3.4990754036628083e-07,3.9618049079168494e-08,1.3177249579881908e-08,1.5614032745361328
3671,1.3788471944277531e-08,3.4904367189457387e-07,3.9427974935032423e-08,1.313694962964014e-08,1.5938282012939453
3672,1.3748369574733206e-08,3.4818288328994474e-07,3.923946792543645e-08,1.3096636091285498e-08,1.5256404876708984
3673,1.3708303711044967e-08,3.473251336511037e-07,3.9052541130082014e-08,1.305631226565488e-08,1.5256404876708984
3674,1.3668282394645593e-08,3.464703790501274e-07,3.886720288829727e-08,1.3015982333961869e-08,1.5256404876708984
3675,1.3628315273964863e-08,3.4561858390617193e-07,3.8683460520591205e-08,1.2975653475148699e-08,1.584768295288086
3676,1.3588410050399593e-08,3.447697048308554e-07,3.8501318129649156e-08,1.293533180383092e-08,1.5642642974853516
3677,1.3548577605871716e-08,3.439237118925282e-07,3.8320780782383944e-08,1.289502788930082e-08,1.5263557434082031
3678,1.3508825940508751e-08,3.4308056797907714e-07,3.8141846946123225e-08,1.2854750230895002e-08,1.531839370727539
3679,1.3469164816103052e-08,3.422402450397401e-07,3.796451829867823e-08,1.2814510444227945e-08,1.535654067993164
3680,1.342960198818888e-08,3.4140271121855585e-07,3.778879337207349e-08,1.277431944382679e-08,1.5752315521240234
3681,1.3390146788948521e-08,3.405679418788059e-07,3.7614666255108313e-08,1.2734190250479373e-08,1.5521049499511719
3682,1.3350805655154571e-08,3.3973591202509345e-07,3.744213212058688e-08,1.2694134549090048e-08,1.531839370727539
3683,1.3311585804901234e-08,3.389066033272318e-07,3.7271182872389615e-08,1.2654164956420944e-08,1.5497207641601562
3684,1.3272492148661152e-08,3.3807999026978765e-07,3.7101807578262536e-08,1.26142929397422e-08,1.5347003936767578
3685,1.32335291965318e-08,3.3725606247013717e-07,3.693399675877478e-08,1.2574530121752136e-08,1.535177230834961
3686,1.319470030568797e-08,3.3643479556592143e-07,3.676773655481181e-08,1.253488753260788e-08,1.546621322631836
3687,1.3156008243539823e-08,3.356161820060355e-07,3.660301230326088e-08,1.2495375768397081e-08,1.5857219696044922
3688,1.311745402736259e-08,3.348002033527078e-07,3.6439812664669566e-08,1.2456004021145802e-08,1.5289783477783203
3689,1.3079037865776964e-08,3.3398684881122377e-07,3.6278118515617165e-08,1.2416780627202062e-08,1.5323162078857422
3690,1.304075748314789e-08,3.3317610565658196e-07,3.611791498053939e-08,1.2377711537210891e-08,1.5227794647216797
3691,1.3002611650269914e-08,3.323679628426681e-07,3.59591857569147e-08,1.233880329951125e-08,1.5864372253417969
3692,1.2964596935425913e-08,3.315624072760997e-07,3.580191343629087e-08,1.2300059948618997e-08,1.5418529510498047
3693,1.2926709231096127e-08,3.307594279649571e-07,3.564608189846968e-08,1.2261484395582704e-08,1.5330314636230469
3694,1.288894348759957e-08,3.299590098268003e-07,3.549167442310965e-08,1.2223077670492336e-08,1.5285015106201172
3695,1.2851294533237345e-08,3.2916114150401327e-07,3.533867566129499e-08,1.2184840229423412e-08,1.5468597412109375
3696,1.2813756167327524e-08,3.2836580427009784e-07,3.518707052879141e-08,1.2146770401249449e-08,1.585245132446289
3697,1.277632165481453e-08,3.2757298406256867e-07,3.503684799099008e-08,1.2108865719768285e-08,1.5337467193603516
3698,1.273898421514754e-08,3.267826618947161e-07,3.488799034915803e-08,1.207112183646641e-08,1.5647411346435547
3699,1.2701737093076489e-08,3.259948191563063e-07,3.474048832161538e-08,1.203353386162914e-08,1.554727554321289
3700,1.2664573049174965e-08,3.252094309645131e-07,3.4594331249504554e-08,1.1996095056707232e-08,1.5635490417480469
3701,1.262748495006175e-08,3.244264749988322e-07,3.444951090159302e-08,1.1958797603333682e-08,1.779317855834961
3702,1.2590466367385577e-08,3.2364592436393994e-07,3.430602092490447e-08,1.1921633754759274e-08,1.5780925750732422
3703,1.255351022859255e-08,3.22867752882329e-07,3.416385285466454e-08,1.1884594007282326e-08,1.5385150909423828
3704,1.251661101801277e-08,3.2209192959958736e-07,3.4023005199620266e-08,1.1847668981065961e-08,1.573324203491211
3705,1.2479762261563579e-08,3.2131842066060153e-07,3.388347430388097e-08,1.1810848076069854e-08,1.5473365783691406
3706,1.2442959024048066e-08,3.205471937899183e-07,3.37452597663548e-08,1.1774120871229463e-08,1.59454345703125
3707,1.2406197660276146e-08,3.1977821451223635e-07,3.3608360423885225e-08,1.1737477992403906e-08,1.5642642974853516
3708,1.2369473851491239e-08,3.1901144411850403e-07,3.347277929394919e-08,1.1700908238822705e-08,1.5306472778320312
3709,1.2332784556941726e-08,3.1824684545171597e-07,3.333851928157396e-08,1.166440115896834e-08,1.5535354614257812
3710,1.2296128310757068e-08,3.1748437629721497e-07,3.3205584012041466e-08,1.1627948145480685e-08,1.5473365783691406
3711,1.2259502998105348e-08,3.1672400130898004e-07,3.307397761646925e-08,1.1591539474834459e-08,1.5611648559570312
3712,1.2222909014585977e-08,3.1596567664101233e-07,3.294370577408225e-08,1.1555167716149087e-08,1.5497207641601562
3713,1.2186346648775018e-08,3.1520936255251323e-07,3.2814775667655024e-08,1.151882595405606e-08,1.528024673461914
3714,1.2149817216482187e-08,3.144550193134581e-07,3.2687190703691224e-08,1.1482507526477459e-08,1.550912857055664
3715,1.2113323173636003e-08,3.1370260595819605e-07,3.256095579156005e-08,1.144620817671513e-08,1.5261173248291016
3716,1.2076867822919696e-08,3.1295208170875057e-07,3.243607952801166e-08,1.1409924580661402e-08,1.5866756439208984
3717,1.2040454926757041e-08,3.1220340738810343e-07,3.2312567217318655e-08,1.1373654785474448e-08,1.5494823455810547
3718,1.2004088653040619e-08,3.1145654633062923e-07,3.2190423216209936e-08,1.1337397906101764e-08,1.5621185302734375
3719,1.1967774386741611e-08,3.10711464748917e-07,3.2069649923809105e-08,1.130115538081616e-08,1.5468597412109375
3720,1.1931518041082627e-08,3.099681249017949e-07,3.195024963786777e-08,1.1264929896956058e-08,1.5292167663574219
3721,1.1895325100190282e-08,3.0922649581799773e-07,3.183222381176484e-08,1.1228724477709774e-08,1.6646385192871094
3722,1.1859201995252293e-08,3.0848654625158106e-07,3.171557079789952e-08,1.1192544615007745e-08,1.5659332275390625
3723,1.182315492802693e-08,3.0774824749061184e-07,3.160029082184818e-08,1.1156396304174269e-08,1.5881061553955078
3724,1.1787190071059914e-08,3.070115729921154e-07,3.148637923896269e-08,1.1120286803029842e-08,1.5304088592529297
3725,1.1751313941118931e-08,3.0627649770882884e-07,3.1373830249675547e-08,1.1084224304922951e-08,1.5375614166259766
3726,1.1715532581655317e-08,3.055430006366796e-07,3.1262636971853956e-08,1.1048217985926052e-08,1.5516281127929688
3727,1.1679851695037404e-08,3.0481105921715666e-07,3.1152790536984716e-08,1.1012277204054122e-08,1.5599727630615234
3728,1.1644275935207967e-08,3.040806551484129e-07,3.1044279238981204e-08,1.0976411582641108e-08,1.5299320220947266
3729,1.1608810243695618e-08,3.0335177461991393e-07,3.093709172656964e-08,1.0940631089569888e-08,1.5499591827392578
3730,1.1573458461872371e-08,3.0262439931747347e-07,3.0831213265734755e-08,1.0904946082407768e-08,1.5740394592285156
3731,1.1538223916824806e-08,3.018985186876824e-07,3.0726629505315225e-08,1.0869366209153892e-08,1.5320777893066406
3732,1.1503107831130641e-08,3.011741194193447e-07,3.062332147852861e-08,1.0833899800954728e-08,1.5759468078613281
3733,1.1468113650756641e-08,3.0045119114322893e-07,3.0521272535725264e-08,1.0798557406927212e-08,1.5790462493896484
3734,1.1433240263182334e-08,2.99729725992816e-07,3.042046194581729e-08,1.0763345067518837e-08,1.5506744384765625
3735,1.1398488917434379e-08,2.990097134665514e-07,3.032087116948556e-08,1.0728271363654623e-08,1.5485286712646484
3736,1.1363859529192018e-08,2.982911446368052e-07,3.022248033653407e-08,1.0693343092009216e-08,1.531362533569336
3737,1.1329349254150135e-08,2.9757401441088524e-07,3.012526594634705e-08,1.0658564485685113e-08,1.5854835510253906
3738,1.1294956136122761e-08,2.9685831385966167e-07,3.002920754361449e-08,1.0623939316503691e-08,1.535177230834961
3739,1.1260677831297992e-08,2.961440341664483e-07,2.993428531298903e-08,1.0589471215570629e-08,1.5265941619873047
3740,1.1226512011101039e-08,2.9543116943591825e-07,2.9840475649903906e-08,1.0555162398442027e-08,1.5196800231933594
3741,1.1192454393172212e-08,2.9471970594817585e-07,2.974776088800509e-08,1.052101319283485e-08,1.5671253204345703
3742,1.1158500841732268e-08,2.9400963790769425e-07,2.9656121154497754e-08,1.048702246169517e-08,1.5614032745361328
3743,1.1124647707293826e-08,2.933009536448354e-07,2.9565537118737068e-08,1.0453188869610145e-08,1.5425682067871094
3744,1.1090890583594138e-08,2.9259364107163773e-07,2.94759906989631e-08,1.0419510086915943e-08,1.527547836303711
3745,1.1057224705652529e-08,2.918876879534011e-07,2.9387466438944067e-08,1.0385981484687517e-08,1.5385150909423828
3746,1.1023646158692957e-08,2.9118307856351507e-07,2.9299947065758136e-08,1.0352598762764694e-08,1.53350830078125
3747,1.0990150869667707e-08,2.904797997900663e-07,2.9213418865247837e-08,1.0319356426961255e-08,1.5532970428466797
3748,1.0956733870457722e-08,2.897778331959705e-07,2.9127871244917485e-08,1.0286247447689976e-08,1.5778541564941406
3749,1.0923392452608575e-08,2.890771595356136e-07,2.9043291940414678e-08,1.0253266074344655e-08,1.5621185302734375
3750,1.0890122461514627e-08,2.883777600304954e-07,2.895967025994677e-08,1.0220404454629264e-08,1.5420913696289062
3751,1.0856920250286694e-08,2.876796121438436e-07,2.8876998733253828e-08,1.018765421363031e-08,1.7745494842529297
3752,1.0823783283877962e-08,2.8698269526364433e-07,2.8795270222716025e-08,1.0155007920383831e-08,1.581430435180664
3753,1.0790708567126575e-08,2.862869845618058e-07,2.8714477058257098e-08,1.0122456798420659e-08,1.5740394592285156
3754,1.0757694132906654e-08,2.855924536034651e-07,2.8634617728609147e-08,1.00899931754178e-08,1.524209976196289
3755,1.0724738483042532e-08,2.8489907950313446e-07,2.8555686313289343e-08,1.005760900997761e-08,1.5501976013183594
3756,1.0691840931038617e-08,2.842068321685475e-07,2.8477679721711027e-08,1.0025297740416448e-08,1.5273094177246094
3757,1.065900010732766e-08,2.8351568594649145e-07,2.840059704911791e-08,9.993051773051634e-09,1.5413761138916016
3758,1.062621543188983e-08,2.8282561277319313e-07,2.832443573514383e-08,9.96086410058893e-09,1.560211181640625
3759,1.05934882322826e-08,2.8213658109078435e-07,2.8249194948996996e-08,9.92872999068741e-09,1.5308856964111328
3760,1.0560818300403837e-08,2.814485680631835e-07,2.8174870680551597e-08,9.896643695094222e-09,1.524209976196289
3761,1.052820781945663e-08,2.807615418541109e-07,2.8101465813243447e-08,9.864602485132069e-09,1.5332698822021484
3762,1.0495657450962414e-08,2.8007547226012556e-07,2.8028977454686924e-08,9.832602135354414e-09,1.552581787109375
3763,1.046317015999557e-08,2.7939033424695527e-07,2.7957402436060594e-08,9.800641767870276e-09,1.5463829040527344
3764,1.0430747164837268e-08,2.787061015124486e-07,2.7886738892467976e-08,9.76871916677378e-09,1.5223026275634766
3765,1.0398391608046923e-08,2.7802274685156474e-07,2.7816982615522495e-08,9.736834809014116e-09,1.5566349029541016
3766,1.0366106770511168e-08,2.7734024489027425e-07,2.774812945123701e-08,9.704990048960375e-09,1.5439987182617188
3767,1.0333896272089317e-08,2.766585733271289e-07,2.768017546880452e-08,9.67318742551184e-09,1.5382766723632812
3768,1.0301762591623301e-08,2.7597770463448776e-07,2.761311524654905e-08,9.641429138667864e-09,1.5997886657714844
3769,1.0269709927601006e-08,2.752976228650593e-07,2.754693865648074e-08,9.60971970867758e-09,1.5354156494140625
3770,1.0237740620396102e-08,2.746183048616247e-07,2.7481640183157152e-08,9.578063156142077e-09,1.5761852264404297
3771,1.020585901536293e-08,2.7393973473192844e-07,2.74172075826573e-08,9.546465332616628e-09,1.538991928100586
3772,1.0174067868874122e-08,2.732618959609058e-07,2.735363040663925e-08,9.514931934698355e-09,1.5532970428466797
3773,1.0142371009307302e-08,2.725847703242875e-07,2.7290895289614963e-08,9.483469481936206e-09,1.5933513641357422
3774,1.011077089621781e-08,2.719083476436023e-07,2.7228990558468283e-08,9.452084263057647e-09,1.5614032745361328
3775,1.007927051228672e-08,2.712326144794358e-07,2.7167901540296642e-08,9.420783876849772e-09,1.5342235565185547
3776,1.0047871396374708e-08,2.7055756321150345e-07,2.7107612824175104e-08,9.389574096822227e-09,1.5413761138916016
3777,1.0016575709498862e-08,2.698831840200381e-07,2.7048107028564975e-08,9.35846219725649e-09,1.5377998352050781
3778,9.985384310939399e-09,2.6920946875220956e-07,2.6989367260507817e-08,9.327454000805418e-09,1.5571117401123047
3779,9.954298330091115e-09,2.6853641324498687e-07,2.693137666807134e-08,9.296555968300503e-09,1.5392303466796875
3780,9.9233185227964e-09,2.678640125451475e-07,2.6874114198374993e-08,9.26577428998687e-09,1.5578269958496094
3781,9.892445252073378e-09,2.6719226314928723e-07,2.681756256311542e-08,9.235114420695622e-09,1.5552043914794922
3782,9.861677090921923e-09,2.665211631480424e-07,2.676170322015356e-08,9.204579711829368e-09,1.5430450439453125
3783,9.83101358901348e-09,2.658507113938206e-07,2.6706513948599972e-08,9.174174829663573e-09,1.550912857055664
3784,9.800453652769162e-09,2.6518090386319115e-07,2.665197900340885e-08,9.143902755069706e-09,1.6391277313232422
3785,9.769995166635218e-09,2.6451174258485497e-07,2.6598076640910443e-08,9.113765825767617e-09,1.544952392578125
3786,9.73963710707341e-09,2.6384322342665436e-07,2.6544789564364033e-08,9.083766199503474e-09,1.6629695892333984
3787,9.70937650642735e-09,2.631753486465918e-07,2.6492096914509624e-08,9.053904160117722e-09,1.584768295288086
3788,9.679211308034188e-09,2.625081170352561e-07,2.6439984812303325e-08,9.024180091587742e-09,1.5647411346435547
3789,9.649138973012403e-09,2.6184152542445106e-07,2.6388433108366805e-08,8.994593808926392e-09,1.5914440155029297
3790,9.61915648446497e-09,2.6117557373510283e-07,2.6337425005240936e-08,8.965142788833125e-09,1.5308856964111328
3791,9.589261191417708e-09,2.60510257471933e-07,2.6286943866690703e-08,8.935825385776578e-09,1.5301704406738281
3792,9.55945032814277e-09,2.5984557213762524e-07,2.6236977976106876e-08,8.906638674669315e-09,1.5435218811035156
3793,9.529721406712136e-09,2.591815152047009e-07,2.618750873037687e-08,8.877579418710053e-09,1.5244483947753906
3794,9.500071969211097e-09,2.5851807841525444e-07,2.613852829471057e-08,8.848643488572208e-09,1.6181468963623047
3795,9.470499030321748e-09,2.5785525583162505e-07,2.6090022742474103e-08,8.81982620281336e-09,1.5265941619873047
3796,9.441000505995093e-09,2.5719303955919956e-07,2.6041980905925592e-08,8.791122819360136e-09,1.544952392578125
3797,9.411574437623718e-09,2.565314185627757e-07,2.599439134754018e-08,8.762528306711987e-09,1.6646385192871094
3798,9.382218952626387e-09,2.558703806843247e-07,2.594724616162218e-08,8.734036991010189e-09,1.558065414428711
3799,9.352932078053574e-09,2.5520991655662196e-07,2.590053641918198e-08,8.705642841221984e-09,1.5566349029541016
3800,9.32371309457335e-09,2.5455001131991646e-07,2.585425541621651e-08,8.677340706596883e-09,1.5316009521484375
3801,9.29456035234311e-09,2.538906501947073e-07,2.580839584172246e-08,8.649124096038606e-09,1.7371177673339844
3802,9.265473280306984e-09,2.532318143806509e-07,2.5762955401590883e-08,8.620987542655688e-09,1.569509506225586
3803,9.236451978105114e-09,2.5257349133934337e-07,2.571792567283175e-08,8.592926313392795e-09,1.5573501586914062
3804,9.207496208599552e-09,2.519156605888338e-07,2.567330226490095e-08,8.56493511627375e-09,1.5301704406738281
3805,9.178605797849005e-09,2.512583042878463e-07,2.5629081543992474e-08,8.537008615059412e-09,1.5463829040527344
3806,9.14978165616927e-09,2.506014054211732e-07,2.5585258180590333e-08,8.509142577265676e-09,1.5218257904052734
3807,9.121024909261052e-09,2.4994494433686327e-07,2.554183055616188e-08,8.48133407244193e-09,1.580953598022461
3808,9.0923363783813e-09,2.492889030631618e-07,2.549879555717724e-08,8.453579323302041e-09,1.5301704406738281
3809,9.063717506932144e-09,2.486332573898672e-07,2.545614842765521e-08,8.425876104053148e-09,1.546621322631836
3810,9.035169758297731e-09,2.4797799561201525e-07,2.5413885048265735e-08,8.398222560714291e-09,1.5892982482910156
3811,9.006694978131933e-09,2.4732309657040827e-07,2.5372001499807796e-08,8.370617799929992e-09,1.5511512756347656
3812,8.97829560879859e-09,2.466685448146551e-07,2.5330493562197586e-08,8.343061748608765e-09,1.5401840209960938
3813,8.949973229343932e-09,2.460143243130399e-07,2.528935722715866e-08,8.315554640239478e-09,1.5292167663574219
3814,8.921729879135094e-09,2.4536041989108745e-07,2.5248585915948296e-08,8.288097437366525e-09,1.5435218811035156
3815,8.893567305411622e-09,2.447068160538922e-07,2.5208174592814672e-08,8.260691817645946e-09,1.5845298767089844
3816,8.86548789308797e-09,2.4405350268711743e-07,2.51681168385362e-08,8.233340336245196e-09,1.5337467193603516
3817,8.837493780965698e-09,2.4340046950643547e-07,2.512840424623491e-08,8.206046482779483e-09,1.5444755554199219
3818,8.809586245134079e-09,2.4274770661208053e-07,2.508902782006955e-08,8.178813162184929e-09,1.528024673461914
3819,8.78176692292197e-09,2.4209520696876006e-07,2.5049978584759395e-08,8.151644725711136e-09,1.5594959259033203
3820,8.754037000344377e-09,2.414429636020342e-07,2.5011250058884525e-08,8.124544648677457e-09,1.554250717163086
3821,8.726397389073668e-09,2.407909724823329e-07,2.4972828911683272e-08,8.097517904943863e-09,1.5382766723632812
3822,8.698848955805636e-09,2.4013923142330963e-07,2.4934703316324655e-08,8.070569306271392e-09,1.5246868133544922
3823,8.671391226328894e-09,2.3948773872388445e-07,2.4896862296497296e-08,8.043702234412995e-09,1.5583038330078125
3824,8.644024989010188e-09,2.3883649308940705e-07,2.4859293753523734e-08,8.016922568514417e-09,1.5251636505126953
3825,8.616749141085596e-09,2.38185499446832e-07,2.4821983387398076e-08,7.990233699046022e-09,1.5671253204345703
3826,8.589563466588687e-09,2.3753475570725716e-07,2.4784919665158632e-08,7.9636402762147e-09,1.5647411346435547
3827,8.562466267728992e-09,2.3688427002241076e-07,2.4748086931844426e-08,7.937145870491546e-09,1.535654067993164
3828,8.535456293410965e-09,2.3623404332379215e-07,2.4711471173643005e-08,7.910753364558844e-09,1.5330314636230469
3829,8.50853196760774e-09,2.355840841160062e-07,2.467505823728766e-08,7.884466338017138e-09,1.5316009521484375
3830,8.481691133646903e-09,2.3493439266725632e-07,2.4638832465228107e-08,7.858286685733707e-09,1.7364025115966797
3831,8.454931773989772e-09,2.3428498062535219e-07,2.460278093251085e-08,7.8322162553913e-09,1.739501953125
3832,8.428251938931211e-09,2.3363584988749115e-07,2.4566890114957534e-08,7.806256796905997e-09,1.5490055084228516
3833,8.401648797473577e-09,2.329870069713345e-07,2.453114419058125e-08,7.780408251523706e-09,1.5327930450439453
3834,8.375121094630641e-09,2.3233845800132547e-07,2.4495530979923886e-08,7.754671836159443e-09,1.5478134155273438
3835,8.348665516204898e-09,2.3169020792661496e-07,2.4460035477577812e-08,7.729046119512242e-09,1.5683174133300781
3836,8.322280173311563e-09,2.310422608345262e-07,2.4424647366792032e-08,7.70353012637863e-09,1.5344619750976562
3837,8.295963711977165e-09,2.3039462017692024e-07,2.4389354497333077e-08,7.678122798355278e-09,1.5444755554199219
3838,8.269713699524348e-09,2.2974728961187796e-07,2.4354145301903984e-08,7.652821533643068e-09,1.550436019897461
3839,8.243528184130804e-09,2.2910026760203936e-07,2.43190101928848e-08,7.6276238448947e-09,1.5263557434082031
3840,8.217406475851669e-09,2.2845355774935866e-07,2.4283938654928735e-08,7.602527049226564e-09,1.5673637390136719
3841,8.191347038376393e-09,2.2780716051515188e-07,2.4248921741149917e-08,7.577527749262839e-09,1.5349388122558594
3842,8.165349121481533e-09,2.2716107387657264e-07,2.421395368392208e-08,7.552621828708572e-09,1.5561580657958984
3843,8.13941250099577e-09,2.2651529108437497e-07,2.41790266558818e-08,7.527805867108755e-09,1.52587890625
3844,8.113536610803345e-09,2.2586981285236952e-07,2.4144134835485983e-08,7.503075475653574e-09,1.5201568603515625
3845,8.087721541532017e-09,2.2522463468822142e-07,2.4109272749033778e-08,7.478427315887135e-09,1.51824951171875
3846,8.061967302184102e-09,2.2457974922136918e-07,2.4074436987059724e-08,7.453856439905624e-09,1.5680789947509766
3847,8.036274372807092e-09,2.239351487782551e-07,2.4039621938370966e-08,7.42935847896212e-09,1.5380382537841797
3848,8.010643470525181e-09,2.23290829130025e-07,2.4004826736401034e-08,7.4049297883616605e-09,1.5552043914794922
3849,7.985076172312354e-09,2.2264678009595392e-07,2.3970048301690042e-08,7.380566994199135e-09,1.5208721160888672
3850,7.95957286259622e-09,2.2200299304450182e-07,2.3935284809993113e-08,7.356265790088096e-09,1.5540122985839844
3851,7.93413463439553e-09,2.2135945946756e-07,2.3900535156804503e-08,7.332022693748602e-09,1.8689632415771484
3852,7.908762914443744e-09,2.2071616939715716e-07,2.3865796976102575e-08,7.307835177148695e-09,1.5521049499511719
3853,7.883458856259994e-09,2.200731145210612e-07,2.3831071231599295e-08,7.283700435274024e-09,1.5785694122314453
3854,7.858223856543266e-09,2.1943028526894022e-07,2.3796354229820897e-08,7.25961625254316e-09,1.5697479248046875
3855,7.833059056566996e-09,2.1878767427048422e-07,2.3761647492229763e-08,7.235580722026498e-09,1.5442371368408203
3856,7.807966062738316e-09,2.1814526929771866e-07,2.372694850594903e-08,7.2115927751106966e-09,1.88446044921875
3857,7.782946024844565e-09,2.175030650669426e-07,2.3692257413497514e-08,7.187651566299083e-09,1.5761852264404297
3858,7.75800060973979e-09,2.168610512855459e-07,2.3657573058165573e-08,7.163757330332247e-09,1.5537738800048828
3859,7.733129553410047e-09,2.1621922244569778e-07,2.3622892421483394e-08,7.139909138743019e-09,1.5761852264404297
3860,7.708333756148485e-09,2.1557757053944416e-07,2.3588216168925397e-08,7.11610761612558e-09,1.5497207641601562
3861,7.683614568126449e-09,2.1493609309251662e-07,2.3553538927783727e-08,7.092354519507208e-09,1.581430435180664
3862,7.658971923679776e-09,2.142947845059306e-07,2.3518860864270447e-08,7.068651128306792e-09,1.5416145324707031
3863,7.634405687584975e-09,2.136536422385703e-07,2.3484175675136673e-08,7.04499872363605e-09,1.5323162078857422
3864,7.6099166603344e-09,2.1301266332517658e-07,2.3449482752568744e-08,7.021400081527001e-09,1.5516281127929688
3865,7.585503324076908e-09,2.1237184579209824e-07,2.341477534047137e-08,6.997856111799044e-09,1.5537738800048828
3866,7.561166019285424e-09,2.117311918992514e-07,2.3380049619405833e-08,6.974370323352444e-09,1.5583038330078125
3867,7.536903830165494e-09,2.1109070138970402e-07,2.334530015086928e-08,6.950944797021395e-09,1.5287399291992188
3868,7.512715028875554e-09,2.1045037772189283e-07,2.331052182923869e-08,6.927581422809725e-09,1.5523433685302734
3869,7.488599269986663e-09,2.0981022254784784e-07,2.327570890493952e-08,6.904283752562873e-09,1.5499591827392578
3870,7.464554724379757e-09,2.091702430123003e-07,2.3240854190123307e-08,6.881053402041061e-09,1.5332698822021484
3871,7.440579941349809e-09,2.0853044069563776e-07,2.320595103931147e-08,6.857893179029973e-09,1.5628337860107422
3872,7.416672830287376e-09,2.0789082446236256e-07,2.3170992803780223e-08,6.834804852609955e-09,1.5459060668945312
3873,7.39283137070755e-09,2.0725140226740916e-07,2.3135971240205865e-08,6.8117899853454475e-09,1.54876708984375
3874,7.369053759685092e-09,2.0661217532280788e-07,2.3100881329196514e-08,6.788850259797067e-09,1.5435218811035156
3875,7.3453378719710444e-09,2.0597315721760433e-07,2.306571443529738e-08,6.765986901359866e-09,1.5308856964111328
3876,7.321682628069557e-09,2.053343541532157e-07,2.3030463717246927e-08,6.7432020161614964e-09,1.7006397247314453
3877,7.298085030157106e-09,2.0469577524632163e-07,2.299512105338507e-08,6.720495138572542e-09,1.6970634460449219
3878,7.274543446910642e-09,2.0405743070226584e-07,2.2959678933241567e-08,6.697867061432324e-09,1.550436019897461
3879,7.251055568213028e-09,2.034193274574377e-07,2.2924132302760227e-08,6.675317100930691e-09,1.5513896942138672
3880,7.22762077519767e-09,2.0278147487959254e-07,2.2888473297693503e-08,6.6528461798656834e-09,1.5480518341064453
3881,7.20423707087126e-09,2.02143881877974e-07,2.285269634602032e-08,6.630453130083225e-09,1.5935897827148438
3882,7.180902220967864e-09,2.0150655901625543e-07,2.2816792740514307e-08,6.60813598502165e-09,1.5404224395751953
3883,7.157616413699241e-09,2.0086951205647092e-07,2.278075972729646e-08,6.585895290191409e-09,1.5194416046142578
3884,7.134378836184685e-09,2.0023274831694038e-07,2.2744590860421145e-08,6.563729326793074e-09,1.5344619750976562
3885,7.1111881490695835e-09,1.995962768625591e-07,2.2708281227408366e-08,6.541635802598267e-09,1.5494823455810547
3886,7.08804439512505e-09,1.98960102365489e-07,2.2671825420287134e-08,6.519613469652325e-09,1.5854835510253906
3887,7.06494736034111e-09,1.9832423351487959e-07,2.2635220513332947e-08,6.497659988920588e-09,1.5418529510498047
3888,7.041897096743175e-09,1.9768867221925196e-07,2.25984636481968e-08,6.4757733927912865e-09,1.5568733215332031
3889,7.018894304588677e-09,1.9705342647163067e-07,2.25615497559309e-08,6.453951839105678e-09,1.531839370727539
3890,6.995939485318172e-09,1.9641849719724526e-07,2.2524476418586858e-08,6.432192881255876e-09,1.5413761138916016
3891,6.973033838475603e-09,1.957838894746073e-07,2.2487240647288922e-08,6.410494759777e-09,1.5430450439453125
3892,6.950177961937314e-09,1.9514960203731496e-07,2.2449843433543576e-08,6.388854707036686e-09,1.569986343383789
3893,6.9273725911152045e-09,1.9451564209844986e-07,2.24122796978416e-08,6.367270303427844e-09,1.5475749969482422
3894,6.9046195915410955e-09,1.9388200478633248e-07,2.2374551139959766e-08,6.345739842182928e-09,1.5561580657958984
3895,6.881920256891195e-09,1.9324869330256235e-07,2.2336653684039514e-08,6.324261031927305e-09,1.5411376953125
3896,6.8592755966272874e-09,1.926157070745613e-07,2.229858837995471e-08,6.302831531622941e-09,1.5568733215332031
3897,6.8366878034708515e-09,1.91983042321452e-07,2.2260355902334408e-08,6.281450419823568e-09,1.5645027160644531
3898,6.814158020875078e-09,1.913506999763025e-07,2.222195577896356e-08,6.260115433380989e-09,1.527547836303711
3899,6.79168658603076e-09,1.9071867784263787e-07,2.2183388267348713e-08,6.238824360422073e-09,1.5344619750976562
3900,6.769276019005428e-09,1.9008697232784768e-07,2.2144652076213026e-08,6.217576699530288e-09,1.5697479248046875
3901,6.746926388776573e-09,1.8945558318232376e-07,2.2105750673425186e-08,6.1963704690472335e-09,1.7418861389160156
3902,6.724640260085766e-09,1.8882450610402013e-07,2.2066680229121405e-08,6.175205923609076e-09,1.5714168548583984
3903,6.70241780347142e-09,1.8819374042599588e-07,2.2027443576368696e-08,6.15408167541174e-09,1.5256404876708984
3904,6.680259970943461e-09,1.875632816627461e-07,2.1988043103265134e-08,6.132997206847542e-09,1.5528202056884766
3905,6.658166738503881e-09,1.8693313046814991e-07,2.1948477382894725e-08,6.111951793005174e-09,1.5225410461425781
3906,6.6361391828012015e-09,1.8630328496485586e-07,2.1908747522093056e-08,6.0909463636977114e-09,1.524209976196289
3907,6.6141772768496374e-09,1.8567374199888482e-07,2.1868851846958475e-08,6.069980491696879e-09,1.5606880187988281
3908,6.592281051733997e-09,1.8504450418203747e-07,2.1828794152557453e-08,6.04905469618782e-09,1.550912857055664
3909,6.570450262929944e-09,1.8441557220331441e-07,2.178857140130886e-08,6.028169655800006e-09,1.5311241149902344
3910,6.548683991558771e-09,1.8378694487449022e-07,2.174818563951735e-08,6.00732588604662e-09,1.5194416046142578
3911,6.526982128265804e-09,1.831586251848815e-07,2.1707635144312856e-08,5.986524621403917e-09,1.5606880187988281
3912,6.505342938528751e-09,1.8253061706323355e-07,2.1666921418729466e-08,5.965766330347059e-09,1.5873908996582031
3913,6.483765378579507e-09,1.819029225497428e-07,2.1626041365010695e-08,5.945052155526379e-09,1.5392303466796875
3914,6.4622482956852605e-09,1.8127554826202344e-07,2.1584996282334008e-08,5.924383678544631e-09,1.5208721160888672
3915,6.440789591808152e-09,1.806485017478966e-07,2.1543782275488457e-08,5.903761404248959e-09,1.6660690307617188
3916,6.41938787807705e-09,1.800217849384495e-07,2.150240044611256e-08,5.883186839204949e-09,1.560211181640625
3917,6.398040531492517e-09,1.7939541176349626e-07,2.1460847071899396e-08,5.86266065887272e-09,1.6086101531982422
3918,6.376746001324104e-09,1.7876938390440587e-07,2.1419122920465857e-08,5.842184028149815e-09,1.5726089477539062
3919,6.355501358413227e-09,1.7814371621616676e-07,2.1377225711783387e-08,5.8217576428546605e-09,1.5537738800048828
3920,6.334304863068749e-09,1.775184157410839e-07,2.1335150021397125e-08,5.801382581786647e-09,1.5282630920410156
3921,6.313154098626578e-09,1.7689349595062046e-07,2.1292897366538712e-08,5.7810590227639455e-09,1.5244483947753906
3922,6.292046852236259e-09,1.7626896509618677e-07,2.1250463542591357e-08,5.760787549175834e-09,1.5668869018554688
3923,6.270980577949282e-09,1.7564483695376508e-07,2.1207847122868116e-08,5.7405683948498234e-09,1.569986343383789
3924,6.249953638559649e-09,1.750211223390012e-07,2.1165045353928034e-08,5.720402001422469e-09,1.5425682067871094
3925,6.228963655512483e-09,1.743978312954623e-07,2.1122057325681194e-08,5.7002880484854296e-09,1.5439987182617188
3926,6.208008869074086e-09,1.737749805373208e-07,2.1078878272752008e-08,5.680226533775629e-09,1.5358924865722656
3927,6.187087334428486e-09,1.7315258060892672e-07,2.1035507386903973e-08,5.6602162630141246e-09,1.5840530395507812
3928,6.166198700516307e-09,1.725306442817192e-07,2.0991942159192075e-08,5.6402580163006915e-09,1.5494823455810547
3929,6.145341422599877e-09,1.7190918089824842e-07,2.0948179755670777e-08,5.620350147787347e-09,1.5292167663574219
3930,6.124514889993605e-09,1.7128820422718503e-07,2.0904219564021895e-08,5.600491912854628e-09,1.5158653259277344
3931,6.1037188347198906e-09,1.7066772242937328e-07,2.0860060888267003e-08,5.580683087710552e-09,1.6057491302490234
3932,6.08295303684846e-09,1.70047747887504e-07,2.0815700636727874e-08,5.560922331115157e-09,1.5406608581542969
3933,6.062217573320991e-09,1.694282890138419e-07,2.077113909940287e-08,5.541208229620923e-09,1.5530586242675781
3934,6.041513468183803e-09,1.6880935663452467e-07,2.0726373045610156e-08,5.521540396325754e-09,1.5218257904052734
3935,6.0208413201167195e-09,1.6819095851450958e-07,2.068140381640253e-08,5.5019167939260965e-09,1.535177230834961
3936,6.00020244187578e-09,1.6757309879096267e-07,2.063623065964718e-08,5.482336580174601e-09,1.550912857055664
3937,5.979597459249737e-09,1.6695578544741277e-07,2.0590854008489515e-08,5.462797635303123e-09,1.5232563018798828
3938,5.959029510629301e-09,1.6633902454200646e-07,2.0545274911032094e-08,5.443300234869369e-09,1.6283988952636719
3939,5.938499770227884e-09,1.6572282374054788e-07,2.0499494429411253e-08,5.423842695075797e-09,1.5671253204345703
3940,5.918010021960918e-09,1.6510718465120957e-07,2.0453512812848917e-08,5.404423732647665e-09,1.5532970428466797
3941,5.8975628868013404e-09,1.6449211156268898e-07,2.040732971340998e-08,5.385042932252819e-09,1.5437602996826172
3942,5.877160304176771e-09,1.6387760884907823e-07,2.0360948251924605e-08,5.365698454872542e-09,1.5316009521484375
3943,5.856804529598451e-09,1.6326367602498052e-07,2.0314368625903248e-08,5.3463895555782526e-09,1.5788078308105469
3944,5.836497333487379e-09,1.6265031668882988e-07,2.0267593978663266e-08,5.327114909747002e-09,1.5978813171386719
3945,5.816241398688027e-09,1.6203752977781315e-07,2.022062894753174e-08,5.307874285719207e-09,1.5714168548583984
3946,5.796039067644914e-09,1.6142532106389493e-07,2.0173473207212092e-08,5.288668068217631e-09,1.5459060668945312
3947,5.775891599090389e-09,1.6081368797224364e-07,2.0126128943353423e-08,5.26949500843708e-09,1.5482902526855469
3948,5.755800672888149e-09,1.6020263554125802e-07,2.0078600214705622e-08,5.250355087601191e-09,1.5447139739990234
3949,5.735767930873583e-09,1.5959216206331529e-07,2.0030888312042127e-08,5.231247913998298e-09,1.5461444854736328
3950,5.715794282526165e-09,1.589822686717827e-07,1.9982996189923153e-08,5.212173631890412e-09,1.5213489532470703
3951,5.6958802006472e-09,1.5837295814844408e-07,1.9934927363887203e-08,5.1931316979058495e-09,1.773834228515625
3952,5.676027313321707e-09,1.5776423205626374e-07,1.988668294795732e-08,5.174123889787479e-09,1.5311241149902344
3953,5.656234878335581e-09,1.5715609508508706e-07,1.98382661751571e-08,5.155149144210785e-09,1.558542251586914
3954,5.636503325536531e-09,1.5654854846996274e-07,1.9789678749124135e-08,5.1362084368201995e-09,1.5757083892822266
3955,5.6168321273992735e-09,1.5594159589713894e-07,1.974092377479451e-08,5.117302495542682e-09,1.5254020690917969
3956,5.597220532692005e-09,1.553352421727458e-07,1.9692002194094393e-08,5.0984314748382186e-09,1.5404224395751953
3957,5.577667309057954e-09,1.547294923960098e-07,1.9642915989735442e-08,5.07959592845274e-09,1.5482902526855469
3958,5.558171520198699e-09,1.5412435156844036e-07,1.959366817246136e-08,5.060796956021672e-09,1.5881061553955078
3959,5.538731077249595e-09,1.535198277967016e-07,1.9544257697686333e-08,5.042034920755147e-09,1.5418529510498047
3960,5.519344298989116e-09,1.5291592713448402e-07,1.9494688164736152e-08,5.023310115003158e-09,1.5273094177246094
3961,5.500009263387476e-09,1.5231265951269173e-07,1.9444959597917924e-08,5.004623651876669e-09,1.546621322631836
3962,5.480723149156396e-09,1.517100314173648e-07,1.9395073897545406e-08,4.985975122096799e-09,1.5592575073242188
3963,5.461483822710642e-09,1.511080526786129e-07,1.9345031304547615e-08,4.9673652593449585e-09,1.5475749969482422
3964,5.442289034692809e-09,1.505067348242061e-07,1.9294832122332754e-08,4.948794807272136e-09,1.5566349029541016
3965,5.423135384567439e-09,1.4990608743866612e-07,1.9244477747709923e-08,4.930262877366448e-09,1.5659332275390625
3966,5.404021305296491e-09,1.4930612051264735e-07,1.9193968555157046e-08,4.911770816556936e-09,1.5702247619628906
3967,5.384943500311381e-09,1.4870684826761039e-07,1.914330304629979e-08,4.893317520446378e-09,1.5740394592285156
3968,5.365899660901277e-09,1.4810827786559683e-07,1.9092484986223842e-08,4.8749034413161715e-09,1.5556812286376953
3969,5.3468874508500426e-09,1.475104267853958e-07,1.9041511274163957e-08,4.8565277225218575e-09,1.554250717163086
3970,5.327904780546541e-09,1.4691330401195286e-07,1.899038374157354e-08,4.838190292093889e-09,1.6558170318603516
3971,5.308949193443304e-09,1.4631692261215892e-07,1.8939101962175004e-08,4.819890019106272e-09,1.5521049499511719
3972,5.29001949693444e-09,1.4572129246231367e-07,1.8887667633056592e-08,4.801627109416487e-09,1.554727554321289
3973,5.271113877552833e-09,1.4512642956488997e-07,1.883607992520662e-08,4.78340044617642e-09,1.5370845794677734
3974,5.252231353112357e-09,1.4453234483823293e-07,1.8784340384974103e-08,4.765209477028414e-09,1.5621185302734375
3975,5.233370923426172e-09,1.439390492879236e-07,1.8732448020928426e-08,4.747053444296047e-09,1.5561580657958984
3976,5.2145325492700336e-09,1.4334655572145546e-07,1.8680403689841164e-08,4.728931509859883e-09,1.54876708984375
3977,5.1957160791861286e-09,1.4275487330730567e-07,1.8628208845411855e-08,4.710843202953675e-09,1.5354156494140625
3978,5.17692190124557e-09,1.4216401392134706e-07,1.857586271523464e-08,4.692787757754343e-09,1.5406608581542969
3979,5.158150165573129e-09,1.4157398796877128e-07,1.8523368114773416e-08,4.674763809409553e-09,1.5668869018554688
3980,5.13940277685892e-09,1.4098480368572623e-07,1.8470724598772853e-08,4.656771933891298e-09,1.6863346099853516
3981,5.120680321154176e-09,1.4039647142229052e-07,1.8417933698988927e-08,4.638811067996333e-09,1.5311241149902344
3982,5.1019846252687556e-09,1.3980900055309685e-07,1.836499591696382e-08,4.620880627813093e-09,1.565694808959961
3983,5.083317559838637e-09,1.392223973470628e-07,1.8311915106847815e-08,4.602980330515941e-09,1.5976428985595703
3984,5.064681253014299e-09,1.3863666832837078e-07,1.8258691705375163e-08,4.5851099391095995e-09,1.5861988067626953
3985,5.04607791872564e-09,1.380518224275396e-07,1.8205325683917107e-08,4.567269124622259e-09,1.5559196472167969
3986,5.027510309103687e-09,1.3746786725066068e-07,1.815182047113457e-08,4.549458194990368e-09,1.5368461608886719
3987,5.0089803300150094e-09,1.3688480513950683e-07,1.809817894219456e-08,4.5316764122742865e-09,1.5206336975097656
3988,4.9904916360519654e-09,1.3630264261336427e-07,1.804440246094178e-08,4.513925236814696e-09,1.5227794647216797
3989,4.972046299403028e-09,1.3572138494835955e-07,1.799049215755191e-08,4.496204185568721e-09,1.5861988067626953
3990,4.9536464126881894e-09,1.3514103973583757e-07,1.7936451219309e-08,4.47851299912156e-09,1.5416145324707031
3991,4.9352947892398655e-09,1.345616062283288e-07,1.788228010460552e-08,4.460852497110975e-09,1.5256404876708984
3992,4.916993560914388e-09,1.3398309125329793e-07,1.782798367072562e-08,4.443223041490207e-09,1.5323162078857422
3993,4.898745306221119e-09,1.3340549603683516e-07,1.7773564481897396e-08,4.425625699374206e-09,1.5518665313720703
3994,4.880551408873947e-09,1.328288272742669e-07,1.7719023775173033e-08,4.408059796371569e-09,1.5745162963867188
3995,4.8624139774338036e-09,1.3225308632726394e-07,1.7664365966116428e-08,4.390527158452098e-09,1.5571117401123047
3996,4.8443343506028154e-09,1.316782785518893e-07,1.7609592338807815e-08,4.373028183828155e-09,1.542806625366211
3997,4.826313314416775e-09,1.3110440714520556e-07,1.7554703803419425e-08,4.35556274131463e-09,1.561880111694336
3998,4.8083513282523566e-09,1.3053147565738002e-07,1.749970518545524e-08,4.338131413167734e-09,1.5516281127929688
3999,4.790449468841053e-09,1.2995948820894376e-07,1.7444600888847453e-08,4.3207350673386075e-09,1.5456676483154297
4000,4.772607914063231e-09,1.293884485704825e-07,1.738939186211265e-08,4.3033747703047265e-09,1.5411376953125
4001,4.754825770314654e-09,1.2881836184627202e-07,1.7334081898462734e-08,4.286050143434273e-09,1.7921924591064453
4002,4.7371031687812966e-09,1.2824923466632257e-07,1.7278672214443967e-08,4.268762395797692e-09,1.5659332275390625
4003,4.719439433672699e-09,1.276810690404085e-07,1.722316660748723e-08,4.251512215021593e-09,1.544952392578125
4004,4.701832776024364e-09,1.271138766411415e-07,1.7167566182069665e-08,4.234298561036705e-09,1.5459060668945312
4005,4.684281374178329e-09,1.2654765764938758e-07,1.711187624002543e-08,4.217122021030111e-09,1.5766620635986328
4006,4.6667841041463375e-09,1.2598242296481089e-07,1.7056098241190956e-08,4.199983048976501e-09,1.5377998352050781
4007,4.649339229901871e-09,1.2541817757910806e-07,1.7000234463084875e-08,4.182882302181602e-09,1.5513896942138672
4008,4.63194443075576e-09,1.2485493127027607e-07,1.6944288942452084e-08,4.165818999688486e-09,1.5702247619628906
4009,4.6145970134972194e-09,1.242926924107582e-07,1.688826328290169e-08,4.148793048471373e-09,1.552581787109375
4010,4.59729493237843e-09,1.2373146958760832e-07,1.683215909565647e-08,4.1318042929483455e-09,1.5687942504882812
4011,4.580035469220243e-09,1.2317127347427023e-07,1.6775979057741327e-08,4.114851766518382e-09,1.535654067993164
4012,4.5628163674176405e-09,1.2261211007208064e-07,1.6719727044722737e-08,4.097935840091895e-09,1.5306472778320312
4013,4.545635143138979e-09,1.2205399161939682e-07,1.6663404701339586e-08,4.081055728879579e-09,1.535654067993164
4014,4.528489360500319e-09,1.2149692877420307e-07,1.6607014754376115e-08,4.064210815555037e-09,1.5337467193603516
4015,4.511376753732091e-09,1.2094093325583727e-07,1.6550559735340693e-08,4.047400853805189e-09,1.5990734100341797
4016,4.494295182512558e-09,1.2038601464162833e-07,1.6494040198271247e-08,4.030624683816509e-09,1.5337467193603516
4017,4.477242360331945e-09,1.1983218589006828e-07,1.6437458440226002e-08,4.013881641698046e-09,1.5451908111572266
4018,4.4602166968954575e-09,1.19279455204607e-07,1.6380818373544806e-08,3.997171077756576e-09,1.5370845794677734
4019,4.443216651525493e-09,1.1872783474420824e-07,1.6324120093907422e-08,3.980492252325445e-09,1.5332698822021484
4020,4.426241148809446e-09,1.181773358098318e-07,1.6267367516562537e-08,3.963844697288057e-09,1.6820430755615234
4021,4.409288962706477e-09,1.1762797016960342e-07,1.6210562370478137e-08,3.947227520209041e-09,1.6100406646728516
4022,4.392360031323446e-09,1.1707974751241116e-07,1.6153705862931073e-08,3.930640632746694e-09,1.5523433685302734
4023,4.375454572604329e-09,1.1653268052412344e-07,1.609679957059692e-08,3.914083810314071e-09,1.6503334045410156
4024,4.358571524676618e-09,1.1598677823957847e-07,1.6039845615752785e-08,3.8975551913705525e-09,1.6112327575683594
4025,4.341712590932539e-09,1.1544204920190787e-07,1.598284831777335e-08,3.881055473066026e-09,1.664876937866211
4026,4.324878148186362e-09,1.1489850399787518e-07,1.592580559326742e-08,3.86458463432301e-09,1.6582012176513672
4027,4.308069722155416e-09,1.1435615210919514e-07,1.586872336829089e-08,3.848142451961527e-09,1.538991928100586
4028,4.291288907651013e-09,1.1381500248849507e-07,1.5811600761446307e-08,3.831729441089318e-09,1.6789436340332031
4029,4.274537165869787e-09,1.1327506242704696e-07,1.575444000400875e-08,3.815344946570453e-09,1.5327930450439453
4030,4.257816927264873e-09,1.1273633971080076e-07,1.5697243228198157e-08,3.798989507975948e-09,1.5997886657714844
4031,4.24113055360003e-09,1.1219884047350598e-07,1.56400140987584e-08,3.7826635701530415e-09,1.5537738800048828
4032,4.224480569208837e-09,1.1166256967852821e-07,1.5582751758213692e-08,3.766367577119339e-09,1.6503334045410156
4033,4.207869637311304e-09,1.1112753717731515e-07,1.552546146033053e-08,3.750101985640036e-09,1.5900135040283203
4034,4.1913008761455124e-09,1.105937448689124e-07,1.546814525601914e-08,3.7338682063307754e-09,1.5549659729003906
4035,4.174776359142862e-09,1.1006120137100814e-07,1.5410803640022636e-08,3.7176661739730644e-09,1.6772747039794922
4036,4.158299928483312e-09,1.0952990870895725e-07,1.5353439742351712e-08,3.701497852377e-09,1.5370845794677734
4037,4.141873287966016e-09,1.0899987398312041e-07,1.5296054506554294e-08,3.6853629311023884e-09,1.5208721160888672
4038,4.125499403748827e-09,1.0847109756803521e-07,1.523865298605934e-08,3.6692622916209145e-09,1.531362533569336
4039,4.109181047783875e-09,1.0794358609768624e-07,1.5181235631820243e-08,3.6531977744919083e-09,1.6663074493408203
4040,4.092919383781169e-09,1.0741734118563366e-07,1.5123807114901407e-08,3.637169258866793e-09,1.5995502471923828
4041,4.076718221993875e-09,1.0689236749767949e-07,1.5066368797876762e-08,3.6211788589497424e-09,1.5444755554199219
4042,4.060578442156848e-09,1.0636866865130398e-07,1.5008923744069665e-08,3.605226991611289e-09,1.5256404876708984
4043,4.044501994461089e-09,1.058462466190017e-07,1.495147478205647e-08,3.5893147758503906e-09,1.6014575958251953
4044,4.0284899633784515e-09,1.0532510832347501e-07,1.4894022629816061e-08,3.5734433005454357e-09,1.684427261352539
4045,4.0125425223658014e-09,1.0480525327294668e-07,1.4836572274496586e-08,3.5576121961068235e-09,1.6129016876220703
4046,3.996660515026872e-09,1.0428668635859146e-07,1.4779126987359288e-08,3.5418227095427374e-09,1.6536712646484375
4047,3.980844435595619e-09,1.0376941057410674e-07,1.4721689576119342e-08,3.5260759202268745e-09,1.6362667083740234
4048,3.965093784588467e-09,1.0325343383776519e-07,1.4664264161900282e-08,3.510372439151563e-09,1.5630722045898438
4049,3.9494083886376236e-09,1.0273875890743394e-07,1.4606851606612016e-08,3.494712926689631e-09,1.6014575958251953
4050,3.933787035644477e-09,1.022253908887205e-07,1.454945504937161e-08,3.4790975487963754e-09,1.600027084350586
4051,3.9182284951625534e-09,1.0171333659488333e-07,1.4492077176873554e-08,3.4635261819564607e-09,1.804351806640625
4052,3.90273090245201e-09,1.0120260044406871e-07,1.4434720225553877e-08,3.447998910079499e-09,1.5647411346435547
4053,3.887292879955279e-09,1.0069318780305635e-07,1.4377387427193346e-08,3.4325157856594087e-09,1.5304088592529297
4054,3.87191241544581e-09,1.0018510625499331e-07,1.432008489683712e-08,3.417076478944398e-09,1.6021728515625
4055,3.856587405132676e-09,9.967836363792831e-08,1.4262812195348515e-08,3.4016809950862242e-09,1.600027084350586
4056,3.841315591963451e-09,9.917296850974762e-08,1.4205573884035785e-08,3.386329490457997e-09,1.5366077423095703
4057,3.82609465308854e-09,9.866892751173397e-08,1.4148371721021113e-08,3.3710214143952197e-09,1.519918441772461
4058,3.810921428080664e-09,9.816625033809871e-08,1.4091206902546307e-08,3.3557555954551995e-09,1.589059829711914
4059,3.795793289976623e-09,9.766494259402353e-08,1.4034082907991136e-08,3.3405307369390477e-09,1.5461444854736328
4060,3.780708725846971e-09,9.716501515645982e-08,1.3977002368555537e-08,3.325346977020244e-09,1.65557861328125
4061,3.765665021022103e-09,9.666647510773107e-08,1.3919969868013723e-08,3.3102032172725104e-09,1.5444755554199219
4062,3.750660137711551e-09,9.616933123097466e-08,1.3862987276674072e-08,3.2950989852384533e-09,1.5933513641357422
4063,3.735691314160845e-09,9.567359947147796e-08,1.3806056262421277e-08,3.2800329978431704e-09,1.5292167663574219
4064,3.720757364413168e-09,9.517928013201709e-08,1.3749177442743402e-08,3.2650049669252946e-09,1.531839370727539
4065,3.705855961523627e-09,9.468638722259212e-08,1.3692356098638074e-08,3.2500132630448085e-09,1.6078948974609375
4066,3.6909866101134485e-09,9.419493095750799e-08,1.3635592609751643e-08,3.2350575795737387e-09,1.6031265258789062
4067,3.6761475879825563e-09,9.370491607462567e-08,1.3578890608454994e-08,3.2201363618867406e-09,1.5277862548828125
4068,3.661339084347265e-09,9.321635245713637e-08,1.3522253469786216e-08,3.205250210134999e-09,1.544952392578125
4069,3.6465595693250142e-09,9.272925039778006e-08,1.3465681126856565e-08,3.1903969919209674e-09,1.5299320220947266
4070,3.6318104208013257e-09,9.224361625300773e-08,1.3409176578551911e-08,3.1755776132989834e-09,1.7445087432861328
4071,3.6170915158078393e-09,9.175946274541695e-08,1.3352742807341272e-08,3.1607913251525253e-09,1.5604496002197266
4072,3.6024033269741043e-09,9.127679179888095e-08,1.3296379538394725e-08,3.1460372234720162e-09,1.546621322631836
4073,3.587747417099665e-09,9.079561102369626e-08,1.3240092707611747e-08,3.131315826163636e-09,1.5277862548828125
4074,3.5731251900517095e-09,9.031592947151032e-08,1.3183883106652087e-08,3.1166275186009588e-09,1.650094985961914
4075,3.558538036998408e-09,8.983775388942565e-08,1.312775181865168e-08,3.1019718453871913e-09,1.6338825225830078
4076,3.543988180270587e-09,8.936108801815304e-08,1.307170075335513e-08,3.08734972502661e-09,1.5544891357421875
4077,3.529478462790218e-09,8.888594022545219e-08,1.3015734304993082e-08,3.072761639239809e-09,1.5735626220703125
4078,3.5150107616324756e-09,8.841231084523726e-08,1.2959854037137056e-08,3.058208436600248e-09,1.5492439270019531
4079,3.5005875354601086e-09,8.794020905899474e-08,1.2904060733628836e-08,3.0436906742620177e-09,1.5549659729003906
4080,3.486211881577584e-09,8.746963753013937e-08,1.2848358988980468e-08,3.029209627194766e-09,1.5671253204345703
4081,3.47188627025298e-09,8.700060197551985e-08,1.2792749453457209e-08,3.014766184785552e-09,1.57928466796875
4082,3.457613894158939e-09,8.653310127729738e-08,1.2737234981309846e-08,3.0003617338601883e-09,1.5354156494140625
4083,3.4433976847507645e-09,8.606714477883698e-08,1.2681815622119764e-08,2.985998047166093e-09,1.5385150909423828
4084,3.4292397985040455e-09,8.560273385309737e-08,1.2626495799886862e-08,2.971675765258766e-09,1.535654067993164
4085,3.415142399920218e-09,8.513986830745641e-08,1.2571278628786124e-08,2.957395674847436e-09,1.5497207641601562
4086,3.4011086321164516e-09,8.467855642817665e-08,1.25161645770686e-08,2.94316026593675e-09,1.5685558319091797
4087,3.387140311073801e-09,8.42187959043265e-08,1.2461156866221064e-08,2.928970413603219e-09,1.524209976196289
4088,3.3732395934441487e-09,8.376059235298573e-08,1.2406256845970251e-08,2.9148275624724973e-09,1.5163421630859375
4089,3.3594080607213513e-09,8.330394730523032e-08,1.235146785903746e-08,2.9007333368340946e-09,1.5435218811035156
4090,3.3456464442738708e-09,8.284886605813337e-08,1.2296790584734945e-08,2.8866880590151014e-09,1.519918441772461
4091,3.3319562135535245e-09,8.239534914058136e-08,1.2242228572888407e-08,2.872693030335023e-09,1.5900135040283203
4092,3.3183381918204243e-09,8.194340080984593e-08,1.2187784710350877e-08,2.85874971221355e-09,1.54876708984375
4093,3.304792394969178e-09,8.149302063326041e-08,1.2133460211671174e-08,2.844858481070322e-09,1.5552043914794922
4094,3.291319412258097e-09,8.104421647553791e-08,1.2079258732888645e-08,2.8310205551228736e-09,1.5401840209960938
4095,3.2779185867923064e-09,8.059699051581574e-08,1.2025180323519309e-08,2.8172361385627677e-09,1.5490055084228516
4096,3.2645894189153744e-09,8.015134652365502e-08,1.1971229902997159e-08,2.803505830685167e-09,1.5840530395507812
4097,3.251330831503913e-09,7.970728646153545e-08,1.1917408175600402e-08,2.7898294455908232e-09,1.5745162963867188
4098,3.238141897467857e-09,7.926481623815676e-08,1.186371985876667e-08,2.7762076850236985e-09,1.5282630920410156
4099,3.2250212938766447e-09,7.88239391738688e-08,1.1810166968399259e-08,2.7626409291375696e-09,1.5497207641601562
4100,3.211966379426096e-09,7.838466188303239e-08,1.1756750258511073e-08,2.749127667341739e-09,1.5339851379394531
4101,3.198975919488199e-09,7.794698908232308e-08,1.1703473932563225e-08,2.7356681480810123e-09,1.795053482055664
4102,3.1860476382380437e-09,7.751092488707185e-08,1.1650340185931677e-08,2.722261996700853e-09,1.5614032745361328
4103,3.1731794262545193e-09,7.707647492156005e-08,1.1597352074768095e-08,2.7089084482865597e-09,1.57928466796875
4104,3.1603685424397738e-09,7.664364622245112e-08,1.1544513081902098e-08,2.69560613636086e-09,1.5387535095214844
4105,3.147613331286564e-09,7.621244286357656e-08,1.1491824515732874e-08,2.6823553139844895e-09,1.5571117401123047
4106,3.134910827356433e-09,7.578287504747714e-08,1.1439290091397948e-08,2.6691546560024496e-09,1.5554428100585938
4107,3.122259207830273e-09,7.53549462354808e-08,1.1386910261619115e-08,2.65600289634532e-09,1.5485286712646484
4108,3.109655769569127e-09,7.492866409552038e-08,1.1334688049885954e-08,2.6428988771945975e-09,1.6772747039794922
4109,3.097098643643676e-09,7.450403374829007e-08,1.1282626735490268e-08,2.6298413077445423e-09,1.5325546264648438
4110,3.0845856553434162e-09,7.408106076218137e-08,1.1230728969003729e-08,2.616829024264342e-09,1.5649795532226562
4111,3.0721159826738086e-09,7.365975338436848e-08,1.1179000203181516e-08,2.6038621628516785e-09,1.5790462493896484
4112,3.059687203396245e-09,7.32401180772728e-08,1.1127439700596747e-08,2.5909383142850974e-09,1.566171646118164
4113,3.047299131147649e-09,7.282216322456474e-08,1.1076049191616993e-08,2.578058070316686e-09,1.546621322631836
4114,3.034949609691998e-09,7.240589247338415e-08,1.1024831782318193e-08,2.565218861255475e-09,1.5473365783691406
4115,3.0226391662160516e-09,7.199131290980625e-08,1.0973790219046569e-08,2.5524213076637107e-09,1.5256404876708984
4116,3.010367009431191e-09,7.157843177213289e-08,1.0922927152700856e-08,2.5396639128628305e-09,1.5876293182373047
4117,2.9981336395188898e-09,7.116725089994142e-08,1.0872243544218618e-08,2.526946790718279e-09,1.5461444854736328
4118,2.9859390435401895e-09,7.075777890715992e-08,1.0821743159428229e-08,2.5142693274791563e-09,1.5521049499511719
4119,2.9737845060948754e-09,7.035002178307173e-08,1.0771426404358586e-08,2.5016322333534237e-09,1.5516281127929688
4120,2.9616711789901217e-09,6.994398311575352e-08,1.07212949568987e-08,2.4890355437966915e-09,1.5554428100585938
4121,2.949600024245892e-09,6.953966686926663e-08,1.0671352499088508e-08,2.476479351048335e-09,1.5411376953125
4122,2.9375722429430345e-09,6.91370789864765e-08,1.0621598409999494e-08,2.4639631792299275e-09,1.5628337860107422
4123,2.925589916512206e-09,6.873622134259663e-08,1.057203564259973e-08,2.4514878151144843e-09,1.5540122985839844
4124,2.9136554492665214e-09,6.833709801927954e-08,1.0522667031365388e-08,2.4390545042705333e-09,1.5606880187988281
4125,2.9017709914934627e-09,6.793971320594271e-08,1.0473493387197882e-08,2.4266643681227527e-09,1.5361309051513672
4126,2.8899390736124705e-09,6.754407139182426e-08,1.0424515408750046e-08,2.414318849117815e-09,1.550436019897461
4127,2.8781617361975386e-09,6.715017408769242e-08,1.0375734610084868e-08,2.4020180110100102e-09,1.5566349029541016
4128,2.8664414374201855e-09,6.675802279534036e-08,1.032715222109259e-08,2.389763573299165e-09,1.562356948852539
4129,2.854781275310322e-09,6.636762067782704e-08,1.0278769247186986e-08,2.377557248015876e-09,1.5499591827392578
4130,2.843183001315527e-09,6.597896780680992e-08,1.0230588627206131e-08,2.3653995175292083e-09,1.5683174133300781
4131,2.8316492131293114e-09,6.559206822384539e-08,1.0182611211002931e-08,2.3532922744175463e-09,1.5239715576171875
4132,2.8201826951050836e-09,6.520692183854151e-08,1.0134839022944856e-08,2.341237254911499e-09,1.5757083892822266
4133,2.8087854857581365e-09,6.482353157617655e-08,1.008727185784201e-08,2.3292362395736574e-09,1.5377998352050781
4134,2.7974588336669052e-09,6.444189869983866e-08,1.0039911074264514e-08,2.3172898408400206e-09,1.5544891357421875
4135,2.7862045756352486e-09,6.406202356437752e-08,9.992759162195141e-09,2.305399515298765e-09,1.5413761138916016
4136,2.7750241495004692e-09,6.368390759662647e-08,9.945817525203637e-09,2.2935664846315596e-09,1.5382766723632812
4137,2.7639190181196178e-09,6.330755300161039e-08,9.899086339528529e-09,2.281792352600147e-09,1.554727554321289
4138,2.7528895307406742e-09,6.293295881137911e-08,9.852570344223838e-09,2.2700775959042377e-09,1.5425682067871094
4139,2.7419364504195033e-09,6.256012896078413e-08,9.806267707415116e-09,2.2584237395575153e-09,1.5287399291992188
4140,2.731059847064486e-09,6.218906557045314e-08,9.760181292763332e-09,2.2468312583342464e-09,1.5420913696289062
4141,2.720259498909794e-09,6.181976816825723e-08,9.714313529775793e-09,2.2353007592619394e-09,1.5282630920410156
4142,2.709535210693518e-09,6.14522395201209e-08,9.668663338132914e-09,2.223832825836562e-09,1.5833377838134766
4143,2.6988861058623117e-09,6.108648277827625e-08,9.623235263474096e-09,2.212427497888542e-09,1.5420913696289062
4144,2.6883110885881515e-09,6.072249884182159e-08,9.578030530016528e-09,2.2010851491296344e-09,1.5461444854736328
4145,2.6778089305502603e-09,6.036029460340009e-08,9.533051641144199e-09,2.189805780527796e-09,1.5418529510498047
4146,2.6673781493223445e-09,5.999986793888928e-08,9.488298244855293e-09,2.1785890765209127e-09,1.6012191772460938
4147,2.657016497615593e-09,5.964122524226478e-08,9.443772337066587e-09,2.1674341874628386e-09,1.5976428985595703
4148,2.6467225722415356e-09,5.928436636084974e-08,9.399476350476308e-09,2.156341079380954e-09,1.5628337860107422
4149,2.6364942000123816e-09,5.89292975077151e-08,9.355413473199899e-09,2.1453089882956793e-09,1.5316009521484375
4150,2.626329188111523e-09,5.8576022634145015e-08,9.311585666922779e-09,2.134337218925616e-09,1.547098159790039
4151,2.6162253583916017e-09,5.8224545796523596e-08,9.26799122914684e-09,2.123425040888928e-09,1.7473697662353516
4152,2.6061799145504996e-09,5.78748699340498e-08,9.224635970539754e-09,2.1125707639217236e-09,1.5726089477539062
4153,2.5961913542151022e-09,5.7526999913153986e-08,9.181519035369406e-09,2.101773694257223e-09,1.5368461608886719
4154,2.5862570750256252e-09,5.7180939136853086e-08,9.138642726098445e-09,2.0910320729817143e-09,1.5201568603515625
4155,2.576375188333948e-09,5.6836689961787824e-08,9.096010861535841e-09,2.080345151660925e-09,1.5878677368164062
4156,2.566543899198175e-09,5.6494260310181447e-08,9.053625720187324e-09,2.0697122774143274e-09,1.53350830078125
4157,2.5567617271403856e-09,5.615365174072131e-08,9.011487253781083e-09,2.0591325830858e-09,1.5206336975097656
4158,2.5470260398936794e-09,5.581487384273885e-08,8.969596800613355e-09,2.0486041648001556e-09,1.546621322631836
4159,2.537336249651023e-09,5.5477925116462704e-08,8.927953585056773e-09,2.0381260339918224e-09,1.5606880187988281
4160,2.52769082092795e-09,5.514281063172873e-08,8.886563362587584e-09,2.0276967041423486e-09,1.5425682067871094
4161,2.5180889767639494e-09,5.4809535210115946e-08,8.8454269927372e-09,2.0173156310268876e-09,1.5451908111572266
4162,2.508530791914786e-09,5.447810111670116e-08,8.80454590711929e-09,2.006982533337453e-09,1.5354156494140625
4163,2.4990157436254776e-09,5.414851363971597e-08,8.763919991715372e-09,1.9966968862591724e-09,1.5797615051269531
4164,2.4895438985489214e-09,5.382077402371572e-08,8.723551001429661e-09,1.986457875584668e-09,1.531362533569336
4165,2.4801153149171486e-09,5.34948872191508e-08,8.68344027431904e-09,1.976265098026835e-09,1.5392303466796875
4166,2.4707310747209884e-09,5.317085574294585e-08,8.64358822484104e-09,1.966118687128771e-09,1.5439987182617188
4167,2.4613910769920877e-09,5.2848681760744e-08,8.60399678092334e-09,1.9560178558747275e-09,1.5411376953125
4168,2.4520969605903244e-09,5.252836458063088e-08,8.564666244465544e-09,1.945963163729571e-09,1.5828609466552734
4169,2.4428502156016e-09,5.2209908341066696e-08,8.525598380512866e-09,1.9359554351863444e-09,1.5308856964111328
4170,2.4336526279026266e-09,5.189331668803285e-08,8.486793405608725e-09,1.925995637185608e-09,1.5349388122558594
4171,2.424505515603912e-09,5.157858829143845e-08,8.448251937692562e-09,1.9160839419971143e-09,1.5468597412109375
4172,2.4154107384118062e-09,5.1265725695049394e-08,8.409972744120131e-09,1.9062211472754156e-09,1.53350830078125
4173,2.4063702267110234e-09,5.0954729241866054e-08,8.371957695174983e-09,1.8964078545056096e-09,1.7092227935791016
4174,2.397386163747884e-09,5.064559791980631e-08,8.334207756961428e-09,1.8866457359745524e-09,1.5561580657958984
4175,2.388460627222357e-09,5.0338333962396413e-08,8.296722151756895e-09,1.8769358040472366e-09,1.5819072723388672
4176,2.379595500166704e-09,5.003293399479489e-08,8.259503554893068e-09,1.8672793063889437e-09,1.5594959259033203
4177,2.3707932277174252e-09,4.9729403774777755e-08,8.222550696396322e-09,1.8576782059614299e-09,1.5492439270019531
4178,2.3620547367643604e-09,4.942773961144931e-08,8.185863864143415e-09,1.848133039614702e-09,1.5995502471923828
4179,2.3533824312127616e-09,4.912794355266893e-08,8.149442780454165e-09,1.8386457037231283e-09,1.5516281127929688
4180,2.3447778244373823e-09,4.883001486102481e-08,8.113287612783236e-09,1.8292172712725527e-09,1.5382766723632812
4181,2.336241481717123e-09,4.853395004613788e-08,8.077399056751322e-09,1.8198485314441198e-09,1.5354156494140625
4182,2.3277755147045393e-09,4.823975222801459e-08,8.041776483275288e-09,1.8105416019393768e-09,1.5571117401123047
4183,2.319380088974069e-09,4.7947420939647365e-08,8.006420614775554e-09,1.8012969022014593e-09,1.5721321105957031
4184,2.3110567493351464e-09,4.765695649004704e-08,7.971332196702156e-09,1.7921163868592978e-09,1.5587806701660156
4185,2.3028052868405255e-09,4.736835781413271e-08,7.936509589603929e-09,1.7830001095598142e-09,1.528024673461914
4186,2.2946262546992536e-09,4.708162698610533e-08,7.901952705757003e-09,1.7739494467645539e-09,1.5442371368408203
4187,2.28651876789029e-09,4.679676068348866e-08,7.867664422738891e-09,1.7649639808639401e-09,1.5461444854736328
4188,2.278483480789483e-09,4.651376067312182e-08,7.83364348301004e-09,1.7560456273303948e-09,1.552581787109375
4189,2.270518971893804e-09,4.623262820354435e-08,7.79988744985417e-09,1.7471937741091283e-09,1.5387535095214844
4190,2.2626249851001306e-09,4.5953364627952526e-08,7.766400681614371e-09,1.738408824161981e-09,1.5430450439453125
4191,2.2548002401659576e-09,4.5675968722004705e-08,7.733180017655527e-09,1.729690985466201e-09,1.5482902526855469
4192,2.2470428222399897e-09,4.5400442946183684e-08,7.700227262898148e-09,1.7210391999356106e-09,1.522064208984375
4193,2.2393518487518286e-09,4.5126786970748875e-08,7.667542772975034e-09,1.712454003163042e-09,1.5265941619873047
4194,2.2317254561511672e-09,4.485500142177062e-08,7.635126040003514e-09,1.7039344700358777e-09,1.5788078308105469
4195,2.2241614672860746e-09,4.458508941641968e-08,7.602978916992925e-09,1.6954796052809918e-09,1.5485286712646484
4196,2.216658493207394e-09,4.4317051086984406e-08,7.571099564907805e-09,1.6870893868710063e-09,1.5399456024169922
4197,2.2092142572608535e-09,4.405088724036626e-08,7.53948967619858e-09,1.678762584093381e-09,1.5287399291992188
4198,2.201826291899567e-09,4.3786599726802286e-08,7.508150141182381e-09,1.6704974752281747e-09,1.5685558319091797
4199,2.1944929632849967e-09,4.352419206181028e-08,7.47707901233262e-09,1.6622934860130667e-09,1.556396484375
4200,2.187212022129819e-09,4.326366259942998e-08,7.446278087963856e-09,1.654148763624125e-09,1.5599727630615234
4201,2.179981519336031e-09,4.300501252166405e-08,7.415747311431094e-09,1.646062500499448e-09,1.7466545104980469
4202,2.17280002584156e-09,4.274824524126012e-08,7.3854877463698025e-09,1.6380332780620084e-09,1.5482902526855469
4203,2.165664954617657e-09,4.2493359202176316e-08,7.3554987157475176e-09,1.630059630392498e-09,1.535654067993164
4204,2.158574882636957e-09,4.2240357480759646e-08,7.325781983830593e-09,1.6221404044478482e-09,1.5838146209716797
4205,2.151528400594265e-09,4.198924118382769e-08,7.296336387186076e-09,1.6142743959657035e-09,1.5337467193603516
4206,2.1445240971700915e-09,4.174000971100536e-08,7.267162484242552e-09,1.6064606801987889e-09,1.5747547149658203
4207,2.1375611897345796e-09,4.149266599036501e-08,7.238259291596267e-09,1.5986979388009672e-09,1.5189647674560547
4208,2.1306386500187468e-09,4.12472079596766e-08,7.209627237250206e-09,1.5909849050230133e-09,1.5323162078857422
4209,2.1237556298159526e-09,4.100363687828933e-08,7.181266732556541e-09,1.5833206062800233e-09,1.5947818756103516
4210,2.116912329631672e-09,4.0761953418820886e-08,7.1531781291276095e-09,1.5757051801246346e-09,1.5647411346435547
4211,2.110108154695445e-09,4.052215515255802e-08,7.125361615912704e-09,1.5681375102896935e-09,1.5211105346679688
4212,2.1033438309402634e-09,4.028424347227786e-08,7.097815087811532e-09,1.5606176808410532e-09,1.528024673461914
4213,2.0966190330712887e-09,4.0048218128865825e-08,7.070539203552627e-09,1.553144741147661e-09,1.569986343383789
4214,2.0899346850375583e-09,3.981407710604727e-08,7.043532404495932e-09,1.5457192772975598e-09,1.5871524810791016
4215,2.083291487671245e-09,3.958181865786751e-08,7.016795645367962e-09,1.5383410099845547e-09,1.5404224395751953
4216,2.076689853231266e-09,3.9351442230601816e-08,6.990326418259072e-09,1.5310099967100464e-09,1.5215873718261719
4217,2.070131256371088e-09,3.912294556042331e-08,6.964125729089609e-09,1.5237270654341651e-09,1.5377998352050781
4218,2.0636168997887747e-09,3.889632686521663e-08,6.938191100555757e-09,1.5164927412929664e-09,1.5757083892822266
4219,2.057148145928955e-09,3.8671586693302434e-08,6.912522744569531e-09,1.5093083463531724e-09,1.6052722930908203
4220,2.0507262972020885e-09,3.844871829987838e-08,6.8871170523000485e-09,1.502174087808888e-09,1.5516281127929688
4221,2.0443524519080946e-09,3.822772531480889e-08,6.861974163497883e-09,1.4950907377517854e-09,1.547098159790039
4222,2.0380282640669e-09,3.800859937520529e-08,6.837092552348735e-09,1.4880592617283692e-09,1.5397071838378906
4223,2.0317553134567944e-09,3.779134112868766e-08,6.812470120537692e-09,1.481080939396652e-09,1.5366077423095703
4224,2.025534985874124e-09,3.7575946033061484e-08,6.788107393872337e-09,1.474156768724683e-09,1.5254020690917969
4225,2.019368973031269e-09,3.736241163442959e-08,6.764002551640695e-09,1.4672884115039047e-09,1.5978813171386719
4226,2.01325823274742e-09,3.7150733788488165e-08,6.7401519815164e-09,1.4604766708400666e-09,1.542806625366211
4227,2.0072040448042473e-09,3.694091174461593e-08,6.716554938179612e-09,1.4537228915342191e-09,1.5244483947753906
4228,2.001206509693267e-09,3.673294123210932e-08,6.693209211709295e-09,1.447027023046253e-09,1.5208721160888672
4229,1.9952667836396063e-09,3.6526816962984764e-08,6.67011368012544e-09,1.4403904755564289e-09,1.5566349029541016
4230,1.989385414252383e-09,3.632253705258245e-08,6.6472661095306e-09,1.4338142235083857e-09,1.6007423400878906
4231,1.9835632357433816e-09,3.6120097446070674e-08,6.6246683891515874e-09,1.4272995769728908e-09,1.5516281127929688
4232,1.9777997509750795e-09,3.5919495763990546e-08,6.602315087357811e-09,1.420846732951805e-09,1.5399456024169922
4233,1.9720948722552037e-09,3.5720729825481156e-08,6.580206555081341e-09,1.4144564772405252e-09,1.5406608581542969
4234,1.966448114201715e-09,3.552379565956003e-08,6.558338495620524e-09,1.4081285973094207e-09,1.5218257904052734
4235,1.960859233426687e-09,3.532868752916182e-08,6.536709957503993e-09,1.4018636336325583e-09,1.5723705291748047
4236,1.95532725785672e-09,3.513540566505362e-08,6.515320345986848e-09,1.3956614501209575e-09,1.5227794647216797
4237,1.949851038138299e-09,3.494394448791853e-08,6.494169736628481e-09,1.389521525770038e-09,1.5370845794677734
4238,1.944429935136616e-09,3.475430080104423e-08,6.473254341835008e-09,1.3834444084689722e-09,1.6970634460449219
4239,1.9390622000761875e-09,3.4566472177955605e-08,6.452572570606746e-09,1.3774290250063337e-09,1.535177230834961
4240,1.933746961179518e-09,3.438045523302799e-08,6.432124144133327e-09,1.3714758262531718e-09,1.6143321990966797
4241,1.928481335012556e-09,3.419624770805298e-08,6.4119070418273e-09,1.365582078948617e-09,1.5766620635986328
4242,1.9232648339860465e-09,3.401384475058544e-08,6.39191922494144e-09,1.3597484807658469e-09,1.5251636505126953
4243,1.918095075404738e-09,3.383324274701072e-08,6.372160407367677e-09,1.3539732581944168e-09,1.5416145324707031
4244,1.912970343651065e-09,3.365443529321734e-08,6.3526300790643915e-09,1.3482548162148454e-09,1.5163421630859375
4245,1.9078887089626853e-09,3.3477424279267655e-08,6.333326245948136e-09,1.3425930635928265e-09,1.6121864318847656
4246,1.9028486390354127e-09,3.3302203472362876e-08,6.314247668610297e-09,1.3369867976824763e-09,1.5523433685302734
4247,1.8978476070185234e-09,3.312877156167957e-08,6.2953910734085554e-09,1.33143380650309e-09,1.5299320220947266
4248,1.89288422659458e-09,3.295712167424045e-08,6.276757164046871e-09,1.3259332804500569e-09,1.5392303466796875
4249,1.8879565257517698e-09,3.278725037903647e-08,6.258344224314221e-09,1.3204830822478456e-09,1.5349388122558594
4250,1.883062999161746e-09,3.2619155242810043e-08,6.240150918256376e-09,1.3150826886389487e-09,1.596689224243164
4251,1.8782025625765524e-09,3.2452829554313556e-08,6.222176139070814e-09,1.3097310052907468e-09,1.7426013946533203
4252,1.8733731168809496e-09,3.228827198575411e-08,6.2044171479131584e-09,1.3044257256982092e-09,1.672983169555664
4253,1.868574261627718e-09,3.2125473778692364e-08,6.186874154496042e-09,1.2991667063450415e-09,1.5413761138916016
4254,1.8638045232357035e-09,3.196443431245243e-08,6.1695432990517516e-09,1.293951738012399e-09,1.5380382537841797
4255,1.8590635269352931e-09,3.1805142363554076e-08,6.152425438549195e-09,1.2887806675765805e-09,1.6167163848876953
4256,1.8543512764516953e-09,3.1647596868829755e-08,6.135517515755239e-09,1.2836530016712307e-09,1.6121864318847656
4257,1.8496662008932044e-09,3.1491791122216635e-08,6.118818974390122e-09,1.2785666159257675e-09,1.5606880187988281
4258,1.845008290482754e-09,3.133771799892743e-08,6.102327382352764e-09,1.2735213495720058e-09,1.5320777893066406
4259,1.8403786143359925e-09,3.118537074200173e-08,6.086041306358811e-09,1.2685180787612249e-09,1.5513896942138672
4260,1.8357764787591123e-09,3.103474379455981e-08,6.069958004618493e-09,1.2635552314821625e-09,1.6450881958007812
4261,1.8312017603293041e-09,3.088583205882442e-08,6.054075945057254e-09,1.258632156292671e-09,1.5439987182617188
4262,1.826655335453861e-09,3.073862567429554e-08,6.038392591966133e-09,1.2537494680281775e-09,1.5978813171386719
4263,1.8221379276542491e-09,3.0593118956167596e-08,6.022905541816001e-09,1.2489073737333447e-09,1.651763916015625
4264,1.8176503950720162e-09,3.044930119353518e-08,6.007613677263785e-09,1.2441061497269572e-09,1.5878677368164062
4265,1.813192971621286e-09,3.030716914411044e-08,5.992513818772415e-09,1.2393454726785888e-09,1.5940666198730469
4266,1.8087671352429782e-09,3.0166711397166475e-08,5.977602919890702e-09,1.2346265502563195e-09,1.535177230834961
4267,1.8043739701182851e-09,3.002792187139424e-08,5.962880001454039e-09,1.229950111234423e-09,1.5573501586914062
4268,1.8000140191632733e-09,2.989079155049506e-08,5.948339442983218e-09,1.2253156038835326e-09,1.5881061553955078
4269,1.7956883996621324e-09,2.9755309302722485e-08,5.933982065728657e-09,1.2207243849589407e-09,1.5325546264648438
4270,1.791398002993945e-09,2.962146854454307e-08,5.919804118239912e-09,1.2161772008944632e-09,1.5974044799804688
4271,1.7871437154098767e-09,2.9489260634650467e-08,5.905802809237254e-09,1.2116746618734269e-09,1.6033649444580078
4272,1.7829268378817685e-09,2.9358678043539024e-08,5.891975257953559e-09,1.207218394746701e-09,1.5406608581542969
4273,1.7787469490169121e-09,2.9229707913309543e-08,5.878318809596328e-09,1.2028072376332895e-09,1.5804767608642578
4274,1.7746057301755314e-09,2.910234445779568e-08,5.864832235214279e-09,1.1984436978276645e-09,1.5234947204589844
4275,1.7705029400652297e-09,2.8976577199576417e-08,5.8515101318399505e-09,1.1941272719898894e-09,1.5788078308105469
4276,1.766439441507066e-09,2.8852395385351365e-08,5.838352898299405e-09,1.1898591387719945e-09,1.5869140625
4277,1.7624155305033145e-09,2.872979099805086e-08,5.825354844280574e-09,1.1856400642452376e-09,1.5239715576171875
4278,1.7584305337592288e-09,2.8608755944339404e-08,5.812515163326304e-09,1.1814690513992306e-09,1.5175342559814453
4279,1.7544851296877993e-09,2.8489277601824218e-08,5.7998312506992156e-09,1.1773475221505904e-09,1.6245841979980469
4280,1.7505785509620687e-09,2.837134940521551e-08,5.787300355955952e-09,1.1732755569353628e-09,1.5425682067871094
4281,1.7467101398359141e-09,2.8254958329316378e-08,5.774918494026296e-09,1.1692527737889542e-09,1.590728759765625
4282,1.7428794865148867e-09,2.814009743990617e-08,5.762686185256903e-09,1.1652789265942198e-09,1.5401840209960938
4283,1.7390857820639753e-09,2.8026757402526883e-08,5.750598775641871e-09,1.1613543201682046e-09,1.6505718231201172
4284,1.7353284718801847e-09,2.79149279997989e-08,5.738655070609796e-09,1.157478554895144e-09,1.5261173248291016
4285,1.7316058691803891e-09,2.780459794908372e-08,5.726850976659786e-09,1.1536505473473548e-09,1.5168190002441406
4286,1.7279172450554637e-09,2.7695760511207503e-08,5.715185863770615e-09,1.149870178708447e-09,1.5799999237060547
4287,1.7242613216690824e-09,2.7588402008390216e-08,5.703657816063826e-09,1.146136285489997e-09,1.6140937805175781
4288,1.7206369968526026e-09,2.7482514526969567e-08,5.692262917203238e-09,1.1424489485499662e-09,1.5594959259033203
4289,1.7170425781326125e-09,2.7378087665099313e-08,5.681001748361004e-09,1.1388062148024239e-09,1.6329288482666016
4290,1.713476051064503e-09,2.7275110121890936e-08,5.669870055304191e-09,1.135206784280669e-09,1.6281604766845703
4291,1.7099370373949639e-09,2.7173574877896557e-08,5.65886755974807e-09,1.1316508423426166e-09,1.6567707061767578
4292,1.7064227461842303e-09,2.7073467539510383e-08,5.647991977864132e-09,1.1281354054841868e-09,1.5368461608886719
4293,1.7029325957383237e-09,2.6974779257699405e-08,5.637240324520813e-09,1.1246606453507306e-09,1.5230178833007812
4294,1.699465129886155e-09,2.6877499083124584e-08,5.626611782950418e-09,1.1212253658643864e-09,1.6486644744873047
4295,1.6960187535946373e-09,2.6781618183462683e-08,5.616104374830426e-09,1.117827939150935e-09,1.5282630920410156
4296,1.692591831055958e-09,2.668712266048429e-08,5.605715621454989e-09,1.114466419795439e-09,1.5866756439208984
4297,1.6891837377811116e-09,2.6594002374702253e-08,5.5954444217162555e-09,1.111140417174384e-09,1.5218257904052734
4298,1.6857930852622523e-09,2.650224466126554e-08,5.5852880513416324e-09,1.1078481695356137e-09,1.5904903411865234
4299,1.6824183899479035e-09,2.6411840662630292e-08,5.575245361149761e-09,1.1045880108340183e-09,1.5323162078857422
4300,1.679060136538111e-09,2.6322775401460786e-08,5.565315855857349e-09,1.101360471798417e-09,1.5215873718261719
4301,1.6757164731969191e-09,2.6235038718192002e-08,5.555496499402908e-09,1.0981634508695444e-09,1.8000602722167969
4302,1.67238734308037e-09,2.6148618367828645e-08,5.545785427676892e-09,1.094996076627859e-09,1.7254352569580078
4303,1.6690718767273823e-09,2.6063501157807298e-08,5.536180420914457e-09,1.091857798297575e-09,1.5358924865722656
4304,1.6657697661889793e-09,2.5979675103752428e-08,5.5266804572939905e-09,1.0887475804278916e-09,1.680135726928711
4305,1.6624808395404452e-09,2.5897128421093372e-08,5.517283785975239e-09,1.0856649868661196e-09,1.5683174133300781
4306,1.6592050193467257e-09,2.5815844856099354e-08,5.507987520395418e-09,1.082609227742049e-09,1.6520023345947266
4307,1.6559428478822485e-09,2.5735815341928182e-08,5.498790772644061e-09,1.0795808504822963e-09,1.5325546264648438
4308,1.6526939354545391e-09,2.5657025479952437e-08,5.489691281094505e-09,1.0765786116963868e-09,1.527547836303711
4309,1.6494588006343318e-09,2.5579463924306836e-08,5.480685606622172e-09,1.0736026195569765e-09,1.5571117401123047
4310,1.6462380133153237e-09,2.55031131683713e-08,5.471772923782302e-09,1.0706529944770227e-09,1.5888214111328125
4311,1.6430322719397169e-09,2.5427961972640246e-08,5.462950045826278e-09,1.0677299950452456e-09,1.5823841094970703
4312,1.6398416611446248e-09,2.5353995745905073e-08,5.454215997956923e-09,1.0648330975286963e-09,1.5289783477783203
4313,1.6366670218962324e-09,2.5281201149709438e-08,5.445568987697327e-09,1.061962924225231e-09,1.523733139038086
4314,1.633508814176243e-09,2.5209566835874952e-08,5.437005282863622e-09,1.0591198706701013e-09,1.5845298767089844
4315,1.6303680874029186e-09,2.5139076872218237e-08,5.428523913749564e-09,1.0563047483707059e-09,1.5900135040283203
4316,1.6272448746376361e-09,2.5069717438840595e-08,5.420121821922535e-09,1.05351723097841e-09,1.5993118286132812
4317,1.6241400262587225e-09,2.5001477020319364e-08,5.4117966535675204e-09,1.0507577835482781e-09,1.6078948974609375
4318,1.6210540223362823e-09,2.493433998046403e-08,5.403547282556993e-09,1.0480270042911155e-09,1.5406608581542969
4319,1.6179876407341848e-09,2.486829387396547e-08,5.395368841965619e-09,1.0453254397555097e-09,1.680612564086914
4320,1.6149411148345394e-09,2.4803324138301903e-08,5.387262537838089e-09,1.0426531108727642e-09,1.683950424194336
4321,1.6119150538597613e-09,2.4739419342870882e-08,5.379223744278926e-09,1.0400112381342242e-09,1.6796588897705078
4322,1.6089092543137793e-09,2.467656280240101e-08,5.371251210048047e-09,1.0373989794762712e-09,1.5480518341064453
4323,1.6059241753686213e-09,2.4614743263818655e-08,5.363341552963938e-09,1.0348174133956087e-09,1.5416145324707031
4324,1.6029599999631373e-09,2.4553947974150125e-08,5.355493351809376e-09,1.0322669353748018e-09,1.5246868133544922
4325,1.600016778353362e-09,2.449416263874645e-08,5.34770360328528e-09,1.0297473369690053e-09,1.6431808471679688
4326,1.5970938314072816e-09,2.443537255690352e-08,5.339971777447713e-09,1.0272576802327269e-09,1.6126632690429688
4327,1.5941915628264867e-09,2.4377566779008415e-08,5.332295331064703e-09,1.0247996498418928e-09,1.546621322631836
4328,1.5913091126826401e-09,2.432073104639343e-08,5.3246718390444165e-09,1.0223717886117177e-09,1.5411376953125
4329,1.5884460234501504e-09,2.426485268774381e-08,5.317099406260186e-09,1.0199744148091013e-09,1.5952587127685547
4330,1.5856019709163694e-09,2.420991815534783e-08,5.309576175235311e-09,1.017607225594434e-09,1.5382766723632812
4331,1.5827756940345021e-09,2.4155915245596906e-08,5.302100693090789e-09,1.0152697298358251e-09,1.6047954559326172
4332,1.5799667588058588e-09,2.410282868584968e-08,5.294670394280419e-09,1.0129610757440129e-09,1.5544891357421875
4333,1.5771738308051879e-09,2.4050648637485058e-08,5.287285308426991e-09,1.0106810315602867e-09,1.600027084350586
4334,1.5743969045524399e-09,2.399936119743972e-08,5.2799412801039665e-09,1.0084290560645267e-09,1.5437602996826172
4335,1.571634420397846e-09,2.3948953174623813e-08,5.272639517253798e-09,1.0062039848298274e-09,1.524209976196289
4336,1.5688859153388852e-09,2.3899413098787382e-08,5.2653764098786636e-09,1.0040053309420134e-09,1.718282699584961
4337,1.5661500547251994e-09,2.3850725747287566e-08,5.258150434981466e-09,1.0018319547838389e-09,1.5513896942138672
4338,1.5634254896084626e-09,2.380287876900161e-08,5.250961741995882e-09,9.996825283996387e-10,1.5594959259033203
4339,1.560711636658774e-09,2.3755859470584975e-08,5.243808500134692e-09,9.97556888679529e-10,1.5404224395751953
4340,1.5580069387168196e-09,2.3709655567977805e-08,5.236688906601196e-09,9.954533197291015e-10,1.6071796417236328
4341,1.5553107210675915e-09,2.366425266585141e-08,5.229603002884675e-09,9.933712732017257e-10,1.600027084350586
4342,1.552621497126952e-09,2.3619639591229057e-08,5.22254832112152e-09,9.91309201657167e-10,1.5399456024169922
4343,1.5499392339155794e-09,2.3575802767346323e-08,5.215524016979838e-09,9.892668708397533e-10,1.531839370727539
4344,1.5472623679381666e-09,2.353272845669259e-08,5.2085284980143115e-09,9.872425390906439e-10,1.6963481903076172
4345,1.544590554306323e-09,2.349040501732459e-08,5.201561072567815e-09,9.852359721241103e-10,1.5289783477783203
4346,1.5419231337259543e-09,2.3448819607640104e-08,5.194620459190587e-09,9.832459613834435e-10,1.6565322875976562
4347,1.5392593994857215e-09,2.3407957938777342e-08,5.187706078690807e-09,9.812713671120614e-10,1.585245132446289
4348,1.536599041705594e-09,2.3367805729473835e-08,5.180816603300417e-09,9.793117582676416e-10,1.59454345703125
4349,1.533941196085009e-09,2.3328353975586597e-08,5.1739499726642974e-09,9.773657284520974e-10,1.5304088592529297
4350,1.531286230407034e-09,2.3289585670352653e-08,5.167106794257419e-09,9.754340427894468e-10,1.52587890625
4351,1.5286339492257529e-09,2.3251491673547072e-08,5.160283918015012e-09,9.735155298761253e-10,1.832723617553711
4352,1.5259838334464902e-09,2.3214055797747283e-08,5.153482219627871e-09,9.716097872799094e-10,1.6140937805175781
4353,1.523335575986063e-09,2.3177268362298996e-08,5.146698718949487e-09,9.697154575205326e-10,1.537322998046875
4354,1.5206904075805743e-09,2.3141115080392293e-08,5.139933900729174e-09,9.678336997368986e-10,1.5304088592529297
4355,1.5180475620245095e-09,2.3105582282243542e-08,5.133185114622617e-09,9.659631909122632e-10,1.5835762023925781
4356,1.5154083983403603e-09,2.3070656367310393e-08,5.12645352421186e-09,9.641051440458228e-10,1.5938282012939453
4357,1.512772075637276e-09,2.3036328302174726e-08,5.11973580674908e-09,9.622585763971528e-10,1.5909671783447266
4358,1.5101394629576215e-09,2.3002583084749478e-08,5.113030327743997e-09,9.604237661042383e-10,1.5294551849365234
4359,1.5075101025416807e-09,2.296940992266895e-08,5.106337657364177e-09,9.585998341997536e-10,1.6086101531982422
4360,1.5048852760089239e-09,2.2936795566388694e-08,5.099654898015016e-09,9.567885502199501e-10,1.5423297882080078
4361,1.5022649646902407e-09,2.290472824521497e-08,5.092981036060114e-09,9.54988899749661e-10,1.5518665313720703
4362,1.499649666885185e-09,2.287319645913128e-08,5.0863169839197124e-09,9.532020391148423e-10,1.6274452209472656
4363,1.4970400018188209e-09,2.284218752530612e-08,5.079657687116702e-09,9.51427597351126e-10,1.5895366668701172
4364,1.4944365351530977e-09,2.281169274993648e-08,5.073004884375806e-09,9.496666829008279e-10,1.5377998352050781
4365,1.4918393959938622e-09,2.278169789472158e-08,5.066355459363695e-09,9.479182988577846e-10,1.544952392578125
4366,1.4892492909037733e-09,2.2752191616327717e-08,5.059709084358131e-09,9.461834916614896e-10,1.6586780548095703
4367,1.4866663670766847e-09,2.2723164667834492e-08,5.053063777943996e-09,9.444620387894227e-10,1.741170883178711
4368,1.4840912926192305e-09,2.2694603478415056e-08,5.046419707451274e-09,9.427551574588595e-10,1.6505718231201172
4369,1.4815239189487208e-09,2.2666499016700283e-08,5.0397744962457896e-09,9.410623324608326e-10,1.5301704406738281
4370,1.478964674386253e-09,2.26388408656458e-08,5.033127143296634e-09,9.393841894650914e-10,1.5408992767333984
4371,1.476413017264897e-09,2.2611618521342623e-08,5.026477255813768e-09,9.37720185893078e-10,1.6291141510009766
4372,1.473869604904445e-09,2.2584819504430525e-08,5.0198222165890576e-09,9.360711590503676e-10,1.6160011291503906
4373,1.4713334690700694e-09,2.2558436811726502e-08,5.0131614334824656e-09,9.344360156721263e-10,1.5325546264648438
4374,1.4688052266964812e-09,2.253245715887126e-08,5.00649543755611e-09,9.328151663475706e-10,1.529693603515625
4375,1.4662844567712968e-09,2.250687228969067e-08,4.999822473027488e-09,9.312088658734871e-10,1.5909671783447266
4376,1.4637709131873233e-09,2.2481671787855986e-08,4.993140235611199e-09,9.296165202560701e-10,1.535177230834961
4377,1.4612640229251982e-09,2.245684516069378e-08,4.986450433861674e-09,9.280381951198773e-10,1.5876293182373047
4378,1.4587632373379225e-09,2.2432385219053466e-08,4.979749557886252e-09,9.264734099621568e-10,1.6546249389648438
4379,1.456267931562523e-09,2.240828201108188e-08,4.973038188991934e-09,9.249214255493422e-10,1.5308856964111328
4380,1.4537776223769042e-09,2.238452262456024e-08,4.966315326992626e-09,9.233819564400373e-10,1.5463829040527344
4381,1.4512920948017118e-09,2.2361103888698872e-08,4.959580597899833e-09,9.218550791761628e-10,1.5301704406738281
4382,1.4488102952599362e-09,2.233801115796284e-08,4.952832770261988e-09,9.203393235945971e-10,1.6632080078125
4383,1.4463319864211628e-09,2.2315237596288498e-08,4.9460724452028355e-09,9.188350228104888e-10,1.5511512756347656
4384,1.4438561042857444e-09,2.2292773849664434e-08,4.9392978711002444e-09,9.173409939184797e-10,1.5337467193603516
4385,1.4413824386422738e-09,2.2270612947451443e-08,4.93250905328794e-09,9.158568942328844e-10,1.5273094177246094
4386,1.4389097711448208e-09,2.2248743015759776e-08,4.925704905378001e-09,9.143815480679311e-10,1.580953598022461
4387,1.4364381706589672e-09,2.2227155328485827e-08,4.918887065142812e-09,9.129150262686105e-10,1.5883445739746094
4388,1.4339664805958126e-09,2.220584164976499e-08,4.912054426419052e-09,9.114557924428838e-10,1.5888214111328125
4389,1.4314943936688557e-09,2.2184794434462545e-08,4.905205271139815e-09,9.100042841866032e-10,1.5299320220947266
4390,1.4290210449288779e-09,2.2164004937447762e-08,4.898339781629842e-09,9.085590588469228e-10,1.5895366668701172
4391,1.4265457046503344e-09,2.2143464187797485e-08,4.891457274616035e-09,9.071193989580983e-10,1.5215873718261719
4392,1.4240690302237024e-09,2.2123163218581247e-08,4.88455930540701e-09,9.056852891430367e-10,1.5976428985595703
4393,1.421589417121184e-09,2.210309213889886e-08,4.877644122192344e-09,9.042555636379401e-10,1.539468765258789
4394,1.4191071119542738e-09,2.2083244406119047e-08,4.870712158921056e-09,9.028299803600193e-10,1.5959739685058594
4395,1.416622119336987e-09,2.2063612146824625e-08,4.863762091183997e-09,9.014087082599906e-10,1.523733139038086
4396,1.4141336328626423e-09,2.2044187087675244e-08,4.85679403450556e-09,8.999901093913983e-10,1.5180110931396484
4397,1.4116418979219245e-09,2.2024959461257867e-08,4.84980800235802e-09,8.985748150722248e-10,1.5952587127685547
4398,1.4091466311619455e-09,2.200592323612921e-08,4.842803564314274e-09,8.971617496715385e-10,1.605987548828125
4399,1.406648102066789e-09,2.1987068708406167e-08,4.8357804102865e-09,8.957514112578612e-10,1.5881061553955078
4400,1.4041464153186575e-09,2.196839043446135e-08,4.82873701327882e-09,8.943430515279519e-10,1.5349388122558594
4401,1.4016411866766921e-09,2.1949878044075196e-08,4.821675573283457e-09,8.92936697603652e-10,1.8053054809570312
4402,1.3991332200902774e-09,2.193152597979396e-08,4.814593393832934e-09,8.915324936962292e-10,1.622915267944336
4403,1.396622306680608e-09,2.1913326150298986e-08,4.807492854579576e-09,8.901301659342184e-10,1.5621185302734375
4404,1.3941088812996945e-09,2.1895270111124067e-08,4.800370429768269e-09,8.887299219910877e-10,1.5354156494140625
4405,1.3915931967608967e-09,2.1877352844152848e-08,4.7932261252287585e-09,8.873319380808188e-10,1.5976428985595703
4406,1.3890755257701717e-09,2.185956780064717e-08,4.786060354914252e-09,8.859360121118418e-10,1.5277862548828125
4407,1.3865563310284012e-09,2.1841904072649818e-08,4.778873199472315e-09,8.84542478705052e-10,1.5993118286132812
4408,1.3840360979241025e-09,2.1824358068446346e-08,4.771663808245183e-09,8.831513263752628e-10,1.5370845794677734
4409,1.3815149145568442e-09,2.1806923360406034e-08,4.764430509097892e-09,8.81762972896396e-10,1.6736984252929688
4410,1.3789931771095477e-09,2.178959239970936e-08,4.75717448708799e-09,8.803779943944588e-10,1.52587890625
4411,1.3764713352131894e-09,2.1772360983096614e-08,4.749894447204399e-09,8.789960076688479e-10,1.5289783477783203
4412,1.3739494578818722e-09,2.1755220775734064e-08,4.742589626970309e-09,8.776172845067695e-10,1.5799999237060547
4413,1.3714282513667155e-09,2.1738167321404233e-08,4.735260285786398e-09,8.762421554430625e-10,1.6140937805175781
4414,1.3689077605665841e-09,2.1721193711456723e-08,4.727906054951382e-09,8.748710660219178e-10,1.5308856964111328
4415,1.3663883934461477e-09,2.1704294412398274e-08,4.720524781960591e-09,8.735040619015747e-10,1.5192031860351562
4416,1.3638700549128976e-09,2.1687465515407786e-08,4.713117018377928e-09,8.721408274690669e-10,1.528024673461914
4417,1.3613528685869261e-09,2.167070009242818e-08,4.705683383471583e-09,8.707817403427523e-10,1.6934871673583984
4418,1.3588370511594943e-09,2.1653993266850518e-08,4.6982224317724795e-09,8.694272677401309e-10,1.5633106231689453
4419,1.356322393490863e-09,2.1637338600992464e-08,4.690734286958694e-09,8.680765467368763e-10,1.5418529510498047
4420,1.353809132440732e-09,2.162073481526123e-08,4.683218577617227e-09,8.66730698446458e-10,1.7054080963134766
4421,1.3512968532626844e-09,2.1604171245063974e-08,4.6756737713740106e-09,8.653884618857314e-10,1.5990734100341797
4422,1.3487860325444755e-09,2.1587649442323115e-08,4.668101119138684e-09,8.640512135919972e-10,1.6167163848876953
4423,1.3462757857279936e-09,2.157115999937283e-08,4.6604993333606494e-09,8.627179090723655e-10,1.6281604766845703
4424,1.34376606654623e-09,2.155470060587427e-08,4.652868686842999e-09,8.613881087346853e-10,1.592397689819336
4425,1.3412567312938843e-09,2.1538266063239496e-08,4.6452088877882664e-09,8.600625341576907e-10,1.584768295288086
4426,1.3387471365273444e-09,2.152185101873372e-08,4.63752061860792e-09,8.587399196546714e-10,1.5316009521484375
4427,1.3362374865220886e-09,2.1505452409891192e-08,4.62980232905856e-09,8.574213961957458e-10,1.5726089477539062
4428,1.3337272485476438e-09,2.1489067142978867e-08,4.622054184449107e-09,8.561055883659652e-10,1.611948013305664
4429,1.3312160516321618e-09,2.1472687441426164e-08,4.6142773145059065e-09,8.547923256384595e-10,1.5306472778320312
4430,1.328703333044382e-09,2.145631208267609e-08,4.606470372858269e-09,8.53481233034118e-10,1.7130374908447266
4431,1.3261891845241322e-09,2.1439935658810038e-08,4.598634451749523e-09,8.521725365471194e-10,1.5444755554199219
4432,1.3236730355540274e-09,2.1423553719612802e-08,4.590769308122115e-09,8.508655576673852e-10,1.7590522766113281
4433,1.321154170545477e-09,2.1407162598990965e-08,4.5828739150144985e-09,8.495594745045206e-10,1.8591880798339844
4434,1.318632444240657e-09,2.139075830075192e-08,4.5749507630796566e-09,8.482545704547073e-10,1.598358154296875
4435,1.3161074611107894e-09,2.1374336841596317e-08,4.5669971293756894e-09,8.469501073848428e-10,1.5330314636230469
4436,1.3135790945883845e-09,2.1357894305742456e-08,4.559014992027613e-09,8.456460443908881e-10,1.6226768493652344
4437,1.3110466885366001e-09,2.1341426425871324e-08,4.551003719393143e-09,8.443414487455339e-10,1.5804767608642578
4438,1.3085103651916786e-09,2.1324929906028257e-08,4.5429646188063714e-09,8.430363757009507e-10,1.5366077423095703
4439,1.30596936346871e-09,2.1308399878379336e-08,4.5348969107256e-09,8.417301797167134e-10,1.6040802001953125
4440,1.303424211756063e-09,2.1291834235272808e-08,4.5268005386820755e-09,8.404229802788054e-10,1.6622543334960938
4441,1.3008742138065731e-09,2.127522817363841e-08,4.518675966869904e-09,8.391142447414233e-10,1.5819072723388672
4442,1.2983195203618343e-09,2.1258577868437185e-08,4.5105229589569325e-09,8.3780402294175e-10,1.5964508056640625
4443,1.295759810068693e-09,2.1241877527497328e-08,4.502342834628732e-09,8.364913664308435e-10,1.6160011291503906
4444,1.2931958177022035e-09,2.1225129710643164e-08,4.494135550352774e-09,8.351774981028322e-10,1.535177230834961
4445,1.2906264583230028e-09,2.120832291935556e-08,4.485898969815082e-09,8.338606263476714e-10,1.523733139038086
4446,1.2880528787567177e-09,2.1191459612181993e-08,4.477636418920544e-09,8.325422807297003e-10,1.6829967498779297
4447,1.2854742732999712e-09,2.1174535709101358e-08,4.469346714369144e-09,8.312208586028476e-10,1.6503334045410156
4448,1.2828911525221242e-09,2.115754580200068e-08,4.461029163771714e-09,8.298969593362962e-10,1.5423297882080078
4449,1.2803040749156365e-09,2.1140488976207625e-08,4.452684860140741e-09,8.285715486034004e-10,1.5323162078857422
4450,1.2777129219338642e-09,2.112336095573422e-08,4.444314088169239e-09,8.272433081213317e-10,1.5227794647216797
4451,1.2751182685301701e-09,2.110616026257459e-08,4.435915999004599e-09,8.259133944793655e-10,1.844644546508789
4452,1.2725197894675705e-09,2.1088880906986465e-08,4.427490541602427e-09,8.2458141054639e-10,1.603841781616211
4453,1.269917613425346e-09,2.107152349012431e-08,4.4190385838998406e-09,8.232469345926635e-10,1.5475749969482422
4454,1.2673123693064802e-09,2.1054084756336747e-08,4.4105607073061864e-09,8.219104633341288e-10,1.5332698822021484
4455,1.2647049546820984e-09,2.103656151585178e-08,4.402056276812024e-09,8.205732630575606e-10,1.5978813171386719
4456,1.2620947688809132e-09,2.1018951709988782e-08,4.393523649853753e-09,8.192344065881669e-10,1.5587806701660156
4457,1.259482442654088e-09,2.1001252754985025e-08,4.384964684718435e-09,8.178942746307713e-10,1.6052722930908203
4458,1.2568678309984294e-09,2.098346230355579e-08,4.3763796312575895e-09,8.165527486767374e-10,1.6019344329833984
4459,1.2542516127581682e-09,2.0965578580369547e-08,4.367767193294662e-09,8.152103630044694e-10,1.5299320220947266
4460,1.251633640928893e-09,2.094759898019025e-08,4.3591279624604955e-09,8.138667232093253e-10,1.5251636505126953
4461,1.2490144650107217e-09,2.092952339503226e-08,4.3504617364141706e-09,8.125227264123392e-10,1.5287399291992188
4462,1.2463940567548031e-09,2.0911349049696455e-08,4.34176926955829e-09,8.111781989869553e-10,1.7104148864746094
4463,1.2437728931710738e-09,2.0893072103559483e-08,4.333049605091749e-09,8.098336667372598e-10,1.5463829040527344
4464,1.2411507091960684e-09,2.087469486097666e-08,4.324302838822062e-09,8.084888636653517e-10,1.5387535095214844
4465,1.2385273927773704e-09,2.0856210515138475e-08,4.315530213118124e-09,8.071434160168704e-10,1.5227794647216797
4466,1.2359034237972617e-09,2.0837622424446648e-08,4.306730377258224e-09,8.05797761416842e-10,1.5902519226074219
4467,1.2332787045865632e-09,2.0818926247491853e-08,4.297904316215659e-09,8.044521978434016e-10,1.5690326690673828
4468,1.2306529691803565e-09,2.080012252377259e-08,4.289051922249441e-09,8.031060619377689e-10,1.5320777893066406
4469,1.228026710418573e-09,2.0781209755287923e-08,4.2801717755935326e-09,8.017604453762259e-10,1.538991928100586
4470,1.2253992504439816e-09,2.0762184519316687e-08,4.2712666042676874e-09,8.004142004169792e-10,1.6012191772460938
4471,1.2227715923135075e-09,2.074304620148341e-08,4.262335699591648e-09,7.99068391381839e-10,1.54876708984375
4472,1.2201418382497413e-09,2.072379434025886e-08,4.253379298352178e-09,7.977217000052944e-10,1.5892982482910156
4473,1.2175109909012616e-09,2.0704428223876997e-08,4.244396114930747e-09,7.963748725880033e-10,1.611471176147461
4474,1.2148784833189645e-09,2.0684944751590143e-08,4.235387721081911e-09,7.950273358511653e-10,1.5974044799804688
4475,1.212244335681783e-09,2.0665346527180308e-08,4.226353487499789e-09,7.936791279417531e-10,1.5404224395751953
4476,1.2096081738062263e-09,2.064562743460064e-08,4.217294908782201e-09,7.923299868507715e-10,1.5285015106201172
4477,1.2069702807529228e-09,2.062578949286209e-08,4.208210673078801e-09,7.909802239939099e-10,1.5482902526855469
4478,1.2043298496578428e-09,2.0605828644123942e-08,4.1991025768211234e-09,7.896290273688654e-10,1.644134521484375
4479,1.2016867881805773e-09,2.0585747572141247e-08,4.189969433344244e-09,7.882761995835838e-10,1.524209976196289
4480,1.199041060890182e-09,2.0565543518503182e-08,4.180812618538385e-09,7.869217453864622e-10,1.5363693237304688
4481,1.1963926565890237e-09,2.054521412409437e-08,4.171633717619483e-09,7.855657089838526e-10,1.5187263488769531
4482,1.1937412876502944e-09,2.0524760103142163e-08,4.162430292562235e-09,7.84207989341604e-10,1.6062259674072266
4483,1.191086627492859e-09,2.050417759097319e-08,4.153204755407787e-09,7.828480409018189e-10,1.6810894012451172
4484,1.1884285308373393e-09,2.0483467507099192e-08,4.143955799041622e-09,7.81485400364541e-10,1.5401840209960938
4485,1.185767077863944e-09,2.0462628078701365e-08,4.134685300133577e-09,7.801203498665469e-10,1.6055107116699219
4486,1.1831019782615398e-09,2.0441660044964284e-08,4.1253928447176685e-09,7.78752666761642e-10,1.5451908111572266
4487,1.1804330272316824e-09,2.0420559823691885e-08,4.11607967149624e-09,7.773818651508412e-10,1.5485286712646484
4488,1.1777605786420668e-09,2.0399327666551297e-08,4.106744361172726e-09,7.760086152929866e-10,1.5807151794433594
4489,1.175084686784478e-09,2.037796194479973e-08,4.097388210754801e-09,7.746326046749446e-10,1.6012191772460938
4490,1.172405257138249e-09,2.0356463604612693e-08,4.088011730062868e-09,7.73253563164683e-10,1.5308856964111328
4491,1.1697221768078806e-09,2.0334830215179418e-08,4.078614753092131e-09,7.718715980129416e-10,1.5208721160888672
4492,1.1670354790505431e-09,2.031306093664335e-08,4.069198496659019e-09,7.704860190396175e-10,1.522064208984375
4493,1.164345685726503e-09,2.0291153588813112e-08,4.059763486690111e-09,7.690977391713391e-10,1.7075538635253906
4494,1.1616527195468026e-09,2.0269110462853504e-08,4.050307441891232e-09,7.677064656747019e-10,1.6629695892333984
4495,1.1589564448844845e-09,2.024692992596439e-08,4.0408339160047045e-09,7.663121493503212e-10,1.528024673461914
4496,1.156257108785432e-09,2.0224608987529602e-08,4.031340493913408e-09,7.649149029170706e-10,1.6369819641113281
4497,1.153554776362963e-09,2.0202152099398522e-08,4.021828538552415e-09,7.635147898128996e-10,1.6345977783203125
4498,1.1508500446944764e-09,2.0179551864060396e-08,4.0122993326382334e-09,7.621118339541717e-10,1.5990734100341797
4499,1.1481426588298194e-09,2.0156813329486605e-08,4.002750871047018e-09,7.607061760832948e-10,1.5683174133300781
4500,1.1454330083998652e-09,2.0133933847768508e-08,3.993184501269038e-09,7.592979039963614e-10,1.6100406646728516
4501,1.1427216858165082e-09,2.0110914478737995e-08,3.983600909388558e-09,7.578878057229973e-10,1.8203258514404297
4502,1.1400080244786199e-09,2.008775310858796e-08,3.974000121758269e-09,7.564748002886116e-10,1.5323162078857422
4503,1.1372932189586799e-09,2.006445114920742e-08,3.9643808445317445e-09,7.550601124741686e-10,1.5938282012939453
4504,1.134576948877527e-09,2.0041007303328308e-08,3.954744533991901e-09,7.536432690067884e-10,1.6536712646484375
4505,1.1318593053653195e-09,2.0017422009627537e-08,3.945092193954358e-09,7.522245173246948e-10,1.535177230834961
4506,1.1291400790698907e-09,1.9993696106471058e-08,3.935421699484363e-09,7.50803421891073e-10,1.5254020690917969
4507,1.1264204464815152e-09,1.9969828246285994e-08,3.925734737533596e-09,7.493813375809167e-10,1.5230178833007812
4508,1.1236999080994745e-09,1.994581803205131e-08,3.916031301784272e-09,7.479573139672915e-10,1.65557861328125
4509,1.1209790371607396e-09,1.992166742671749e-08,3.906311001884965e-09,7.465323591404798e-10,1.577615737915039
4510,1.11825744886153e-09,1.9897374860717353e-08,3.896574011204338e-09,7.4510569805008e-10,1.5244483947753906
4511,1.1155355519432548e-09,1.9872941826256205e-08,3.886821811232841e-09,7.436777995617087e-10,1.5349388122558594
4512,1.112813142458793e-09,1.984836845546077e-08,3.877053114465809e-09,7.422488746599766e-10,1.5873908996582031
4513,1.1100906393866148e-09,1.9823652916508718e-08,3.8672686234085715e-09,7.408188508064548e-10,1.5964508056640625
4514,1.1073673532747709e-09,1.9798797784538147e-08,3.857468333620692e-09,7.393872267555873e-10,1.5866756439208984
4515,1.104644173387726e-09,1.977380298449727e-08,3.847652828132693e-09,7.379551993797773e-10,1.598358154296875
4516,1.1019204857203817e-09,1.9748666050196396e-08,3.8378225413518224e-09,7.365215834113371e-10,1.5532970428466797
4517,1.0991964225780257e-09,1.9723391983865154e-08,3.827976826612358e-09,7.350869721969093e-10,1.5234947204589844
4518,1.096472046283337e-09,1.9697976913803378e-08,3.818116659548117e-09,7.336513681495792e-10,1.558065414428711
4519,1.0937472014514708e-09,1.9672424988345295e-08,3.8082420581398744e-09,7.322141387989299e-10,1.5332698822021484
4520,1.0910222850535541e-09,1.964673201929826e-08,3.7983537051593635e-09,7.307765412648973e-10,1.5461444854736328
4521,1.0882968670489727e-09,1.96209011532834e-08,3.788450921810279e-09,7.293371799292665e-10,1.5511512756347656
4522,1.0855708837929532e-09,1.959493429059712e-08,3.778534767214582e-09,7.278964465662935e-10,1.5320777893066406
4523,1.0828445425432558e-09,1.9568827871680407e-08,3.768605778466055e-09,7.264547223500309e-10,1.580953598022461
4524,1.0801175018434465e-09,1.9542585274082258e-08,3.758663596508833e-09,7.250114629717068e-10,1.5535354614257812
4525,1.0773891740295719e-09,1.951620432826752e-08,3.748709905921382e-09,7.235663555906221e-10,1.573324203491211
4526,1.0746598547760437e-09,1.9489686151355755e-08,3.738743835386936e-09,7.221197941715148e-10,1.5347003936767578
4527,1.0719298971652744e-09,1.946303271099404e-08,3.728766215599479e-09,7.206717406414717e-10,1.535654067993164
4528,1.0691984823444756e-09,1.9436242972532903e-08,3.7187766117162855e-09,7.192218879766683e-10,1.5702247619628906
4529,1.06646592894104e-09,1.9409315635193633e-08,3.7087755244630766e-09,7.177701837847363e-10,1.5559196472167969
4530,1.0637322065531838e-09,1.9382252097805834e-08,3.698764593895603e-09,7.163167638415988e-10,1.5485286712646484
4531,1.060997077644633e-09,1.9355053304807335e-08,3.688742959068516e-09,7.148610638987159e-10,1.5344619750976562
4532,1.0582606738700868e-09,1.9327718662650394e-08,3.6787122237642198e-09,7.134035005360711e-10,1.5516281127929688
4533,1.0555231111272622e-09,1.9300248497840565e-08,3.668672170075564e-09,7.11944380548665e-10,1.5227794647216797
4534,1.0527838944147123e-09,1.9272646208275164e-08,3.6586220450531065e-09,7.104827657677473e-10,1.5807151794433594
4535,1.0500434192748138e-09,1.92449072604118e-08,3.648564447939859e-09,7.090190192395651e-10,1.5556812286376953
4536,1.0473017591836388e-09,1.921703380189282e-08,3.638497299037603e-09,7.075536424857517e-10,1.5523433685302734
4537,1.0445589045681523e-09,1.9189027151580976e-08,3.628422748548715e-09,7.060861168413284e-10,1.5187263488769531
4538,1.0418151056913613e-09,1.916088656047953e-08,3.6183401645931772e-09,7.046169367689877e-10,1.5225410461425781
4539,1.0390697543646418e-09,1.913261343932953e-08,3.6082499251400808e-09,7.031450541680094e-10,1.5857219696044922
4540,1.0363235581999451e-09,1.9104207633551524e-08,3.5981538063807157e-09,7.016716165575031e-10,1.5482902526855469
4541,1.0335765243121524e-09,1.9075668421220503e-08,3.588050909057104e-09,7.00196183051563e-10,1.5363693237304688
4542,1.0308286342562299e-09,1.9046997524821565e-08,3.577940589116415e-09,6.987189751005402e-10,1.524209976196289
4543,1.028080209261453e-09,1.9018194685068162e-08,3.567825185440946e-09,6.972399341955507e-10,1.5418529510498047
4544,1.0253314541289552e-09,1.8989260170443784e-08,3.557702190159064e-09,6.957594872292629e-10,1.561880111694336
4545,1.022582200590741e-09,1.8960195876286188e-08,3.54757502840336e-09,6.942774480668679e-10,1.535177230834961
4546,1.019832755216243e-09,1.893100271874608e-08,3.537442304770523e-09,6.927939463328654e-10,1.5437602996826172
4547,1.0170833057774312e-09,1.8901678934782804e-08,3.5273038780373944e-09,6.913089609042956e-10,1.5537738800048828
4548,1.0143338770870383e-09,1.8872225906879227e-08,3.5171609806294937e-09,6.898224231481025e-10,1.524209976196289
4549,1.0115841993203543e-09,1.8842646251215928e-08,3.507013135236294e-09,6.883345185565028e-10,1.5676021575927734
4550,1.0088352010713986e-09,1.8812937800921262e-08,3.4968611553867426e-09,6.868455388354393e-10,1.5306472778320312
4551,1.006086585178413e-09,1.8783104341561222e-08,3.4867046231930775e-09,6.85355442756357e-10,1.7490386962890625
4552,1.003338953567279e-09,1.8753144642643125e-08,3.4765447178819755e-09,6.838648047885883e-10,1.539468765258789
4553,1.0005924546852212e-09,1.8723059772993146e-08,3.4663810680212105e-09,6.823735035048881e-10,1.531839370727539
4554,9.978466555276805e-10,1.8692851377357912e-08,3.45621409735778e-09,6.808813451638504e-10,1.5845298767089844
4555,9.951018153358441e-10,1.8662521449415058e-08,3.4460418972502196e-09,6.793883738105707e-10,1.5625953674316406
4556,9.923582659744393e-10,1.8632068842403528e-08,3.4358677425513004e-09,6.778946163647476e-10,1.5225410461425781
4557,9.896156011571448e-10,1.8601493892621088e-08,3.4256900948535014e-09,6.764001448023582e-10,1.5566349029541016
4558,9.86874485615921e-10,1.8570800822424715e-08,3.4155094627328877e-09,6.749058857581493e-10,1.6639232635498047
4559,9.841344079253121e-10,1.8539986926474915e-08,3.4053263543173157e-09,6.734106954448959e-10,1.5978813171386719
4560,9.81396041099291e-10,1.850905440566171e-08,3.3951401197207815e-09,6.719154168162751e-10,1.5804767608642578
4561,9.786588063148085e-10,1.8478005845529973e-08,3.3849529628549067e-09,6.704193826963868e-10,1.5344619750976562
4562,9.759232770700634e-10,1.8446839705604043e-08,3.3747625437300764e-09,6.689231065797847e-10,1.5423297882080078
4563,9.731894391872498e-10,1.8415558376208088e-08,3.3645712569150207e-09,6.674270523481998e-10,1.5523433685302734
4564,9.704567894549576e-10,1.838416290137181e-08,3.354377368448047e-09,6.659298965821877e-10,1.5194416046142578
4565,9.677256175221785e-10,1.8352651794669298e-08,3.344183506327086e-09,6.644325868923064e-10,1.5707015991210938
4566,9.649957067126951e-10,1.8321030006102616e-08,3.3339878802167015e-09,6.629346448021911e-10,1.5251636505126953
4567,9.622676414951915e-10,1.8289297490184542e-08,3.323791877772748e-09,6.614367778565862e-10,1.539468765258789
4568,9.59540595243488e-10,1.8257451679321444e-08,3.3135958720519744e-09,6.599383332057707e-10,1.5490055084228516
4569,9.56815134240337e-10,1.8225497714883647e-08,3.3033999850461606e-09,6.584395953429026e-10,1.5132427215576172
4570,9.540907974038922e-10,1.819343461110281e-08,3.2932027520073992e-09,6.569406245537019e-10,1.5804767608642578
4571,9.513675992984167e-10,1.8161261597060955e-08,3.2830072751368452e-09,6.554409152117356e-10,1.539468765258789
4572,9.48645721586183e-10,1.8128983943992648e-08,3.2728115285363184e-09,6.539408589225053e-10,1.5430450439453125
4573,9.459252290277384e-10,1.8096597757468326e-08,3.262616478658096e-09,6.524404053541416e-10,1.5594959259033203
4574,9.432061367483953e-10,1.806410653449928e-08,3.2524237722222e-09,6.509393811200341e-10,1.5959739685058594
4575,9.404885526864552e-10,1.8031510005631305e-08,3.242232378413803e-09,6.494383431264737e-10,1.5795230865478516
4576,9.377718516507658e-10,1.799881032400574e-08,3.232042538919277e-09,6.479362396095256e-10,1.539468765258789
4577,9.350561868753336e-10,1.7966008183456943e-08,3.221856031574764e-09,6.464340830741449e-10,1.550912857055664
4578,9.323417053077775e-10,1.7933100997344163e-08,3.211671269030591e-09,6.449314319453736e-10,1.5664100646972656
4579,9.296283163394706e-10,1.7900092932205254e-08,3.201488870544131e-09,6.434279815515303e-10,1.5552043914794922
4580,9.269163805024169e-10,1.7866983818904897e-08,3.1913106009385336e-09,6.419245705615729e-10,1.5854835510253906
4581,9.242057757791585e-10,1.7833775427273423e-08,3.181135861050627e-09,6.404202689021855e-10,1.5411376953125
4582,9.214961833381055e-10,1.780046506888955e-08,3.1709644688458384e-09,6.389153930607534e-10,1.5425682067871094
4583,9.187879453187312e-10,1.7767057840017577e-08,3.160797294258472e-09,6.374105054018099e-10,1.5404224395751953
4584,9.16080888084717e-10,1.77335530361224e-08,3.150634100225859e-09,6.35904980615755e-10,1.5423297882080078
4585,9.133756107147157e-10,1.7699950850682237e-08,3.140476713469089e-09,6.343997242533924e-10,1.5552043914794922
4586,9.106717299400691e-10,1.7666252773412422e-08,3.13032249772511e-09,6.328940837763364e-10,1.5642642974853516
4587,9.079696725479797e-10,1.7632459814315912e-08,3.120174144800965e-09,6.313882301364642e-10,1.529693603515625
4588,9.052691589561777e-10,1.759857282059974e-08,3.1100306858980732e-09,6.29881810562765e-10,1.5401840209960938
4589,9.025705571951157e-10,1.7564591678246635e-08,3.099893742913426e-09,6.283758323961014e-10,1.5439987182617188
4590,8.998739596859373e-10,1.7530517670479486e-08,3.0897616890844754e-09,6.268693958549668e-10,1.5845298767089844
4591,8.971790965570776e-10,1.7496351877180173e-08,3.07963657390856e-09,6.253632561600829e-10,1.5399456024169922
4592,8.944864514422157e-10,1.7462096104681148e-08,3.069515257191386e-09,6.238573995625047e-10,1.539468765258789
4593,8.917959039465332e-10,1.7427751535210787e-08,3.059402372392385e-09,6.22351646941596e-10,1.5361309051513672
4594,8.891076060375447e-10,1.7393316629640893e-08,3.0492956198916333e-09,6.208461290084433e-10,1.5475749969482422
4595,8.864217805099742e-10,1.7358794706281314e-08,3.039195359771837e-09,6.193406877608236e-10,1.5401840209960938
4596,8.837384177536572e-10,1.7324185838456665e-08,3.029101756975153e-09,6.178360744248034e-10,1.5511512756347656
4597,8.810576814613409e-10,1.7289493296398707e-08,3.0190159049441815e-09,6.163319805089065e-10,1.529693603515625
4598,8.783796451977934e-10,1.7254714266667994e-08,3.008937647400707e-09,6.148281068073508e-10,1.544952392578125
4599,8.757046508481085e-10,1.7219853101383995e-08,2.9988659142481707e-09,6.13324822739399e-10,1.5506744384765625
4600,8.730325158650438e-10,1.718490993935161e-08,2.9888019896590984e-09,6.118226282881383e-10,1.552581787109375
4601,8.703630953754433e-10,1.7149884566781473e-08,2.978746230967407e-09,6.10320631885839e-10,1.7619132995605469
4602,8.676967934494321e-10,1.7114780110827165e-08,2.9686982338587203e-09,6.088195765615476e-10,1.5778541564941406
4603,8.650332789421321e-10,1.707959714270175e-08,2.958658101029645e-09,6.073189686424877e-10,1.5506744384765625
4604,8.623731372420225e-10,1.7044336289652768e-08,2.9486264671936125e-09,6.058194005264479e-10,1.5363693237304688
4605,8.597162935934146e-10,1.7009000454609134e-08,2.9386025445402727e-09,6.0432083682228e-10,1.5895366668701172
4606,8.570626442720926e-10,1.697358798441121e-08,2.9285872516134014e-09,6.028232109312474e-10,1.580953598022461
4607,8.544122981688488e-10,1.6938100510871625e-08,2.918580853733945e-09,6.013263302578607e-10,1.5604496002197266
4608,8.517652690471256e-10,1.6902541686495175e-08,2.908583459403813e-09,5.998303155493643e-10,1.5268325805664062
4609,8.491213701319794e-10,1.6866910917788428e-08,2.8985956299068604e-09,5.983349586645929e-10,1.5523433685302734
4610,8.464808369549007e-10,1.6831208292862204e-08,2.8886166196050884e-09,5.968405146112885e-10,1.5497207641601562
4611,8.438436257306455e-10,1.6795435898208013e-08,2.878647926440681e-09,5.95347129979742e-10,1.5532970428466797
4612,8.412100040104114e-10,1.6759595831552066e-08,2.868688667953563e-09,5.938549863768363e-10,1.5184879302978516
4613,8.385793772266636e-10,1.672368814181608e-08,2.8587390831030978e-09,5.923631742817763e-10,1.5528202056884766
4614,8.359524557484716e-10,1.668771363255851e-08,2.848800238101424e-09,5.90872426681134e-10,1.5327930450439453
4615,8.333286770215008e-10,1.6651671826275942e-08,2.8388716356669815e-09,5.893823620571294e-10,1.5189647674560547
4616,8.307086250070137e-10,1.6615567475800524e-08,2.8289539079187574e-09,5.878939872978395e-10,1.5673637390136719
4617,8.28091814647242e-10,1.6579399201377074e-08,2.819047188836629e-09,5.864061067590432e-10,1.5573501586914062
4618,8.254782332998433e-10,1.6543169761744014e-08,2.8091504579565425e-09,5.84919157030452e-10,1.5568733215332031
4619,8.228682605778312e-10,1.6506877791730984e-08,2.7992663834091935e-09,5.834333193323012e-10,1.5316009521484375
4620,8.202615026928048e-10,1.6470526710348786e-08,2.7893938440007887e-09,5.819483227869248e-10,1.5244483947753906
4621,8.176581058835769e-10,1.6434115491541902e-08,2.779533759858545e-09,5.804644699104869e-10,1.6074180603027344
4622,8.150582961523482e-10,1.6397644919167965e-08,2.7696850573250866e-09,5.789817889134574e-10,1.5442371368408203
4623,8.124615520229521e-10,1.636111776007988e-08,2.7598486253625753e-09,5.774999117082345e-10,1.6779899597167969
4624,8.098680855069594e-10,1.6324534273898773e-08,2.7500258391929575e-09,5.760193329487211e-10,1.5439987182617188
4625,8.072778481055639e-10,1.6287894910661095e-08,2.740214224898858e-09,5.74539379396267e-10,1.5704631805419922
4626,8.046913746965082e-10,1.625120181035786e-08,2.7304169190462836e-09,5.7306096012093e-10,1.5864372253417969
4627,8.02108487301541e-10,1.6214453331935868e-08,2.7206326949844143e-09,5.715838538652627e-10,1.5492439270019531
4628,7.995289475349481e-10,1.6177653553225838e-08,2.7108617527026733e-09,5.701077268956881e-10,1.5285015106201172
4629,7.969530032092782e-10,1.6140801072841176e-08,2.7011044114632983e-09,5.68633128543179e-10,1.5451908111572266
4630,7.943805307836263e-10,1.610389716480601e-08,2.6913603051600906e-09,5.67159444277855e-10,1.519918441772461
4631,7.918117404511943e-10,1.6066945411203165e-08,2.681630933693191e-09,5.656871168767332e-10,1.5637874603271484
4632,7.892470726440548e-10,1.6029943584516804e-08,2.6719162520249076e-09,5.642166772932496e-10,1.5611648559570312
4633,7.866858681161404e-10,1.599289284164215e-08,2.662216622578668e-09,5.627473425537127e-10,1.554250717163086
4634,7.841286167664949e-10,1.595579636176491e-08,2.6525298375827858e-09,5.612798551705075e-10,1.5287399291992188
4635,7.815750514141497e-10,1.5918653020857995e-08,2.642859270554639e-09,5.598137118609742e-10,1.5349388122558594
4636,7.790254184401529e-10,1.5881464718251627e-08,2.633202913805605e-09,5.58349011992772e-10,1.5299320220947266
4637,7.764802031266413e-10,1.5844231973156904e-08,2.6235613473365963e-09,5.568860794506728e-10,1.5828609466552734
4638,7.739387640114666e-10,1.5806956505055862e-08,2.6139357422695613e-09,5.554248671176631e-10,1.531839370727539
4639,7.714016945540646e-10,1.576963960504244e-08,2.604326042060941e-09,5.539656444653587e-10,1.5180110931396484
4640,7.688684538519361e-10,1.5732280769381762e-08,2.594731624846507e-09,5.525073883030547e-10,1.5170574188232422
4641,7.663395918581037e-10,1.5694883225913426e-08,2.585152797009339e-09,5.510513079165231e-10,1.5354156494140625
4642,7.638154589924245e-10,1.5657445868738235e-08,2.5755892204471338e-09,5.495973936329571e-10,1.5628337860107422
4643,7.612956642846988e-10,1.5619971078395048e-08,2.5660420720047023e-09,5.481455874707407e-10,1.5442371368408203
4644,7.58780190575623e-10,1.5582459177011368e-08,2.5565110733003744e-09,5.466954714070086e-10,1.5687942504882812
4645,7.562693474365123e-10,1.5544912772998763e-08,2.5469953484831747e-09,5.452473683638001e-10,1.5354156494140625
4646,7.537628312920864e-10,1.550733197375482e-08,2.53749700659977e-09,5.438009527377554e-10,1.56402587890625
4647,7.512608150803867e-10,1.5469716175943286e-08,2.528014642176139e-09,5.423564487211289e-10,1.5854835510253906
4648,7.4876365450001e-10,1.543206856374284e-08,2.5185488308535095e-09,5.409141775392682e-10,1.5549659729003906
4649,7.462714302542417e-10,1.5394390385417124e-08,2.5090994560284706e-09,5.394743791243024e-10,1.5478134155273438
4650,7.437838619001379e-10,1.5356682572095033e-08,2.499667342294443e-09,5.380360088795547e-10,1.5568733215332031
4651,7.413012624975838e-10,1.5318943611497455e-08,2.4902520339352993e-09,5.366000958498109e-10,1.7156600952148438
4652,7.388229523920589e-10,1.5281180076207036e-08,2.480853122836214e-09,5.351660170206416e-10,1.6138553619384766
4653,7.363494686668879e-10,1.524338857275703e-08,2.4714719264532866e-09,5.337338725339265e-10,1.5645027160644531
4654,7.338810518073833e-10,1.52055713726509e-08,2.4621074760050827e-09,5.323037866770178e-10,1.5413761138916016
4655,7.31417624066754e-10,1.516772992093553e-08,2.452760419665771e-09,5.308757231102748e-10,1.523733139038086
4656,7.289589744582399e-10,1.5129864044878836e-08,2.4434304289078157e-09,5.294495439153862e-10,1.5730857849121094
4657,7.265053053326522e-10,1.5091975364119664e-08,2.4341185434565586e-09,5.280256991423611e-10,1.5990734100341797
4658,7.240565137811817e-10,1.505406577518356e-08,2.4248250359750715e-09,5.266039096997892e-10,1.5497207641601562
4659,7.216126447123357e-10,1.5016137020320897e-08,2.4155503443130767e-09,5.251843604390429e-10,1.5704631805419922
4660,7.191733979008451e-10,1.4978189084143033e-08,2.4062927555949384e-09,5.237668782880104e-10,1.5666484832763672
4661,7.167391494860705e-10,1.4940222278631966e-08,2.397052792379146e-09,5.223514169898188e-10,1.547098159790039
4662,7.143097439591305e-10,1.490223839878225e-08,2.387830770144793e-09,5.20937985068023e-10,1.5609264373779297
4663,7.118852508422297e-10,1.4864237485497384e-08,2.378627847283619e-09,5.195260599303368e-10,1.5404224395751953
4664,7.094659928345698e-10,1.4826220664695163e-08,2.369444691750647e-09,5.18116630403944e-10,1.569509506225586
4665,7.070518987003306e-10,1.4788191037478306e-08,2.3602807336113347e-09,5.16709693418486e-10,1.523733139038086
4666,7.046420875313998e-10,1.475014766008754e-08,2.3511340211602764e-09,5.153044243818832e-10,1.5311241149902344
4667,7.022380450892069e-10,1.471209201204291e-08,2.3420074860899136e-09,5.139026046157728e-10,1.544952392578125
4668,6.998381452640664e-10,1.4674026707743049e-08,2.3328991731371055e-09,5.125016127698411e-10,1.567840576171875
4669,6.974434725026131e-10,1.4635948025559419e-08,2.323811200261848e-09,5.111028653736988e-10,1.5375614166259766
4670,6.950539165206353e-10,1.459786007903249e-08,2.3147435900284805e-09,5.097067547964681e-10,1.5327930450439453
4671,6.926690128251529e-10,1.4559764997390408e-08,2.305694732985787e-09,5.083126104934068e-10,1.5273094177246094
4672,6.902893435391688e-10,1.4521660828464538e-08,2.296666103400682e-09,5.069208922541339e-10,1.547098159790039
4673,6.879151647098271e-10,1.4483550164682308e-08,2.287657405127661e-09,5.055323500902877e-10,1.5497207641601562
4674,6.855458730273345e-10,1.4445434202290072e-08,2.2786695789415514e-09,5.041456261059296e-10,1.5304088592529297
4675,6.831815719110684e-10,1.4407312014882379e-08,2.269701971035601e-09,5.027615040386196e-10,1.5392303466796875
4676,6.808227079813827e-10,1.4369185658533389e-08,2.2607540375347692e-09,5.013798448121047e-10,1.5406608581542969
4677,6.784691736332576e-10,1.433105520111495e-08,2.2518271666855308e-09,5.000005863814947e-10,1.5177726745605469
4678,6.761205912181049e-10,1.4292923099142913e-08,2.2429200978917403e-09,4.986237122474366e-10,1.5532970428466797
4679,6.737772215562981e-10,1.4254789667733799e-08,2.2340354558220666e-09,4.972497335384923e-10,1.542806625366211
4680,6.714393722668313e-10,1.4216655719460983e-08,2.225172670592983e-09,4.958784956319926e-10,1.5196800231933594
4681,6.691064307478787e-10,1.4178522688652908e-08,2.216328534656713e-09,4.945096562768158e-10,1.552581787109375
4682,6.667790585029434e-10,1.4140389394890869e-08,2.207506607661169e-09,4.931438374021637e-10,1.5342235565185547
4683,6.644573560686581e-10,1.4102257518115302e-08,2.1987054895773013e-09,4.917808686183324e-10,1.5871524810791016
4684,6.621408632851801e-10,1.4064128603567644e-08,2.1899262103987354e-09,4.90420086578179e-10,1.5714168548583984
4685,6.598303268229648e-10,1.4026003980625574e-08,2.181168012691631e-09,4.890627987975226e-10,1.5544891357421875
4686,6.57525258532964e-10,1.398788491631171e-08,2.172431836187088e-09,4.87708115041617e-10,1.5323162078857422
4687,6.552254794020426e-10,1.3949770490485787e-08,2.1637169370934706e-09,4.863560209162132e-10,1.5485286712646484
4688,6.529317412457342e-10,1.3911662522340342e-08,2.1550243207613905e-09,4.850070903119113e-10,1.7087459564208984
4689,6.506434394614455e-10,1.3873563313514712e-08,2.146352405052099e-09,4.836609508989636e-10,1.550436019897461
4690,6.483608743601172e-10,1.3835471735222877e-08,2.137704824922406e-09,4.823177608218917e-10,1.5594959259033203
4691,6.460837035579486e-10,1.3797390663092021e-08,2.1290773741054714e-09,4.809772761875599e-10,1.5561580657958984
4692,6.438124914961282e-10,1.3759319414923604e-08,2.120470870023251e-09,4.796397915218088e-10,1.5490055084228516
4693,6.415472756154173e-10,1.3721261016395517e-08,2.1118871527979183e-09,4.78305337424012e-10,1.558065414428711
4694,6.392876947542341e-10,1.3683215092355817e-08,2.1033248142570232e-09,4.769734011680038e-10,1.5370845794677734
4695,6.370336870468505e-10,1.3645180285102484e-08,2.094786116279195e-09,4.756439786829468e-10,1.5611648559570312
4696,6.347858820863867e-10,1.3607161844881723e-08,2.0862698091376847e-09,4.743182122865041e-10,1.5599727630615234
4697,6.325434326301071e-10,1.356915690208007e-08,2.0777755015592487e-09,4.729949474626561e-10,1.5289783477783203
4698,6.303065718821241e-10,1.3531170019830856e-08,2.069303801515458e-09,4.716745240878424e-10,1.5540122985839844
4699,6.280762356797425e-10,1.3493199043320664e-08,2.060854956100651e-09,4.703572069173621e-10,1.5559196472167969
4700,6.258509835738882e-10,1.3455247723522993e-08,2.0524276245116683e-09,4.690423955301621e-10,1.5339851379394531
4701,6.236318143523459e-10,1.3417314863383189e-08,2.0440236110389077e-09,4.677301270920277e-10,1.7282962799072266
4702,6.214181667512903e-10,1.337940156746302e-08,2.0356430537862716e-09,4.664206706425467e-10,1.547098159790039
4703,6.192107076515734e-10,1.3341510240288135e-08,2.027285649029438e-09,4.65114130397333e-10,1.5435218811035156
4704,6.170089296662882e-10,1.3303641021076783e-08,2.018951151399591e-09,4.638106197468018e-10,1.5614032745361328
4705,6.148130330035702e-10,1.3265795312079913e-08,2.010638374350885e-09,4.625099663266521e-10,1.535177230834961
4706,6.126228216479943e-10,1.322797172222235e-08,2.0023501101711384e-09,4.6121192967649206e-10,1.5330314636230469
4707,6.10438932131463e-10,1.3190173637996563e-08,1.9940850955409706e-09,4.599168211404525e-10,1.5633106231689453
4708,6.082605352362942e-10,1.3152400952779063e-08,1.9858434874169162e-09,4.586241519121159e-10,1.547098159790039
4709,6.060882400783089e-10,1.3114653040061392e-08,1.9776243854970343e-09,4.5733420043528085e-10,1.562356948852539
4710,6.039212232695099e-10,1.3076934879235556e-08,1.9694298641280193e-09,4.5604689517506623e-10,1.539468765258789
4711,6.017603062964073e-10,1.3039242557567357e-08,1.9612591157668876e-09,4.547626072029058e-10,1.5411376953125
4712,5.996053031883542e-10,1.3001580204600983e-08,1.9531122412072736e-09,4.5348111591319393e-10,1.5218257904052734
4713,5.974562247690576e-10,1.2963946221094848e-08,1.9449898055295993e-09,4.5220243424298554e-10,1.522064208984375
4714,5.953131936853392e-10,1.2926344689229721e-08,1.9368895669915266e-09,4.5092656354759085e-10,1.5914440155029297
4715,5.931761389588141e-10,1.2888772834178214e-08,1.928815271658231e-09,4.4965382499413676e-10,1.5511512756347656
4716,5.910444912465176e-10,1.2851231634886317e-08,1.920764530642899e-09,4.483835020390898e-10,1.531362533569336
4717,5.88919329844582e-10,1.281372613054007e-08,1.9127377769247176e-09,4.471167622908606e-10,1.5332698822021484
4718,5.867995959519769e-10,1.2776250965830956e-08,1.904736431066833e-09,4.458521180226046e-10,1.611471176147461
4719,5.846862715141149e-10,1.2738811614457503e-08,1.896759694521036e-09,4.4459116407461726e-10,1.583099365234375
4720,5.82578609602547e-10,1.2701406650461584e-08,1.8888060067269117e-09,4.4333273060017384e-10,1.5649795532226562
4721,5.804767742237738e-10,1.2664036311147197e-08,1.880878078692096e-09,4.4207733808935933e-10,1.5430450439453125
4722,5.783812995762283e-10,1.2626702127367134e-08,1.8729756247450552e-09,4.408252454218251e-10,1.5444755554199219
4723,5.762917695561939e-10,1.2589406615344139e-08,1.865097650132705e-09,4.395764752739695e-10,1.5404224395751953
4724,5.74208354500542e-10,1.2552147673298219e-08,1.8572443767218946e-09,4.3833104963189237e-10,1.5683174133300781
4725,5.721308563975626e-10,1.2514928036929558e-08,1.849416130401516e-09,4.370882528850903e-10,1.5382766723632812
4726,5.70059798233425e-10,1.2477746552717788e-08,1.8416134398933068e-09,4.358488662327993e-10,1.5537738800048828
4727,5.679943241092753e-10,1.2440603763921915e-08,1.8338356596925637e-09,4.346123117197265e-10,1.562356948852539
4728,5.659357229263861e-10,1.2403503961956669e-08,1.8260830622340237e-09,4.333799871182223e-10,1.5556812286376953
4729,5.638828151680171e-10,1.236644545909247e-08,1.8183554796607257e-09,4.32150087038295e-10,1.6140937805175781
4730,5.618361116591815e-10,1.2329428945219802e-08,1.8106527513375736e-09,4.309238169069749e-10,1.5668869018554688
4731,5.597958181807899e-10,1.2292454678986656e-08,1.802975472378239e-09,4.297009156433222e-10,1.5757083892822266
4732,5.577616936625184e-10,1.2255526650908777e-08,1.795323992138353e-09,4.2848151783544277e-10,1.5501976013183594
4733,5.557333319997844e-10,1.2218640121766883e-08,1.7876977642718308e-09,4.272645094566487e-10,1.5344619750976562
4734,5.537115288372827e-10,1.2181800535290128e-08,1.7800965139887996e-09,4.260515106357779e-10,1.5764236450195312
4735,5.516961161187039e-10,1.2145007764429543e-08,1.7725200666152385e-09,4.2484196314131216e-10,1.5513896942138672
4736,5.496863859254733e-10,1.2108260738077668e-08,1.7649696104321699e-09,4.2363482301912815e-10,1.5368461608886719
4737,5.47683098887058e-10,1.2071561399181233e-08,1.757445298781387e-09,4.224313941131659e-10,1.5301704406738281
4738,5.456860535349792e-10,1.203490939451619e-08,1.7499463373384996e-09,4.212314009396285e-10,1.5537738800048828
4739,5.436951488447838e-10,1.1998308389307787e-08,1.7424723552605236e-09,4.2003449496295897e-10,1.542806625366211
4740,5.417104848094488e-10,1.1961755474685755e-08,1.7350237853860265e-09,4.1884062554746433e-10,1.5835762023925781
4741,5.397322958742045e-10,1.1925254173185957e-08,1.7276016156072665e-09,4.176501026967292e-10,1.5442371368408203
4742,5.377601394972115e-10,1.188880388777589e-08,1.7202055817275063e-09,4.164627681923427e-10,1.5463829040527344
4743,5.357941461073554e-10,1.1852405313938539e-08,1.7128344898649896e-09,4.1527835203365836e-10,1.5227794647216797
4744,5.338342972554655e-10,1.1816059740469084e-08,1.7054909561559521e-09,4.1409700965123885e-10,1.5308856964111328
4745,5.318804322636761e-10,1.1779766920668266e-08,1.6981709721204969e-09,4.1291883144912057e-10,1.5625953674316406
4746,5.299329335846183e-10,1.1743532223141528e-08,1.6908784439611208e-09,4.1174410596135986e-10,1.5556812286376953
4747,5.279916222624965e-10,1.1707350742139793e-08,1.6836105224098523e-09,4.105721073562712e-10,1.5349388122558594
4748,5.260565136173201e-10,1.1671224435828441e-08,1.6763690879203076e-09,4.094030041756584e-10,1.5261173248291016
4749,5.241275980419301e-10,1.1635154680006073e-08,1.6691540354388425e-09,4.082371667650976e-10,1.5285015106201172
4750,5.222044056040913e-10,1.1599142601811012e-08,1.6619654930820613e-09,4.0707378629751936e-10,1.5788078308105469
4751,5.202875339529686e-10,1.1563188037842915e-08,1.6548028199448575e-09,4.059135197414183e-10,1.7211437225341797
4752,5.183767926681412e-10,1.1527290707760635e-08,1.6476661644071118e-09,4.0475616034429223e-10,1.5630722045898438
4753,5.164724123556986e-10,1.1491453783688864e-08,1.6405568550728297e-09,4.036020120237253e-10,1.6705989837646484
4754,5.14574067492407e-10,1.1455675824639035e-08,1.6334734609734514e-09,4.0245058207814425e-10,1.5451908111572266
4755,5.126813496074325e-10,1.1419959869253587e-08,1.626415853038524e-09,4.013016773762055e-10,1.6095638275146484
4756,5.107951991714998e-10,1.1384303941192862e-08,1.6193853365823555e-09,4.001562200658512e-10,1.600027084350586
4757,5.089150560058305e-10,1.1348709623973557e-08,1.6123819280172333e-09,3.990135240428466e-10,1.573324203491211
4758,5.070407773714237e-10,1.13131779994555e-08,1.6054042710747955e-09,3.9787308499081983e-10,1.5268325805664062
4759,5.051730472456162e-10,1.1277709478705e-08,1.5984535262815196e-09,3.967364512796256e-10,1.5320777893066406
4760,5.033111271135101e-10,1.1242303109918213e-08,1.5915298677218774e-09,3.956025388646591e-10,1.5676021575927734
4761,5.014553082915963e-10,1.1206962821317292e-08,1.5846331329488346e-09,3.9447151109106316e-10,1.5594959259033203
4762,4.996053902595262e-10,1.1171684864848407e-08,1.5777635454912896e-09,3.9334331764578024e-10,1.5337467193603516
4763,4.977617683608316e-10,1.1136471676403061e-08,1.5709196472111017e-09,3.922183624443354e-10,1.5532970428466797
4764,4.959241675440049e-10,1.1101326198635866e-08,1.5641031394900156e-09,3.9109616331278973e-10,1.5344619750976562
4765,4.940927037385773e-10,1.1066245945327033e-08,1.5573144495527774e-09,3.899768888629093e-10,1.5950202941894531
4766,4.922676136429979e-10,1.1031231018951094e-08,1.5505526246695713e-09,3.8886096342572883e-10,1.5845298767089844
4767,4.904487233960542e-10,1.0996285295453651e-08,1.5438178357511934e-09,3.8774829366830196e-10,1.5687942504882812
4768,4.886358653494706e-10,1.0961407300276059e-08,1.5371100433573022e-09,3.866383773783783e-10,1.5478134155273438
4769,4.868291810209216e-10,1.0926598559740973e-08,1.5304293480531856e-09,3.8553175327159667e-10,1.546621322631836
4770,4.850288318609772e-10,1.0891856450761688e-08,1.5237763881593206e-09,3.844282284989245e-10,1.5676021575927734
4771,4.832345647063373e-10,1.085718468058016e-08,1.5171501019951076e-09,3.833281959345818e-10,1.5630722045898438
4772,4.814463864812641e-10,1.0822583473547115e-08,1.510551751655162e-09,3.8223089194725845e-10,1.5323162078857422
4773,4.796646540241828e-10,1.078805132182955e-08,1.5039805976701496e-09,3.811372560946492e-10,1.543283462524414
4774,4.778889485568593e-10,1.0753591435493717e-08,1.4974368293454004e-09,3.8004660127691416e-10,1.5132427215576172
4775,4.761196208733562e-10,1.0719201834421384e-08,1.4909214841347666e-09,3.789592854146556e-10,1.5156269073486328
4776,4.743565209524892e-10,1.0684885205622149e-08,1.4844316295432834e-09,3.7787535708466573e-10,1.554250717163086
4777,4.725995300868524e-10,1.065064062894569e-08,1.4779695894574978e-09,3.767945168466132e-10,1.5561580657958984
4778,4.708486006666205e-10,1.0616470264184322e-08,1.4715338284903957e-09,3.757166791497451e-10,1.5304088592529297
4779,4.691038409572831e-10,1.0582372529129944e-08,1.4651268656547696e-09,3.746419470795145e-10,1.5277862548828125
4780,4.673653756771485e-10,1.0548349759083357e-08,1.4587465811953868e-09,3.7357072696840185e-10,1.5261173248291016
4781,4.656334441658153e-10,1.0514400919003243e-08,1.4523944444954984e-09,3.7250296574422394e-10,1.5864372253417969
4782,4.6390756815402956e-10,1.0480527113803305e-08,1.4460699161444127e-09,3.7143842926715856e-10,1.5413761138916016
4783,4.621874288275017e-10,1.0446731473625566e-08,1.4397709884788313e-09,3.7037691369621144e-10,1.5201568603515625
4784,4.6047364640647543e-10,1.0413009636006266e-08,1.4334995304276365e-09,3.693182730732924e-10,1.5311241149902344
4785,4.587660568281244e-10,1.0379365332365124e-08,1.4272569607096008e-09,3.68262736357126e-10,1.537322998046875
4786,4.5706429216672734e-10,1.0345795844660393e-08,1.4210411042766766e-09,3.6720963045636565e-10,1.5709400177001953
4787,4.5536892433415163e-10,1.0312306504049292e-08,1.414854522027607e-09,3.661601658659574e-10,1.535654067993164
4788,4.536798393523036e-10,1.0278894272273367e-08,1.4086962511203557e-09,3.65113951217074e-10,1.5468597412109375
4789,4.519966243345182e-10,1.0245561500588286e-08,1.4025627498326564e-09,3.640709759161317e-10,1.5726089477539062
4790,4.503192511391405e-10,1.0212308025244998e-08,1.3964582082674529e-09,3.63030892558618e-10,1.5375614166259766
4791,4.486475663287989e-10,1.017913425848505e-08,1.3903804906762092e-09,3.619932457163946e-10,1.573801040649414
4792,4.4698179209525253e-10,1.014604056635682e-08,1.3843299448992715e-09,3.6095849281783145e-10,1.580953598022461
4793,4.4532180527562847e-10,1.0113025771917375e-08,1.3783094520185012e-09,3.5992608685915703e-10,1.5277862548828125
4794,4.4366805104224403e-10,1.0080091702558077e-08,1.3723163573992982e-09,3.588969661369105e-10,1.5416145324707031
4795,4.4202011088518925e-10,1.0047242085516607e-08,1.3663495977839997e-09,3.578705559661788e-10,1.5430450439453125
4796,4.403780570596718e-10,1.001447250466309e-08,1.3604112358742617e-09,3.568470937894898e-10,1.59454345703125
4797,4.387421343688622e-10,9.981787165753776e-09,1.3545002540865823e-09,3.558265581623316e-10,1.544952392578125
4798,4.371115823799175e-10,9.949183303187727e-09,1.3486164220306006e-09,3.548084362611076e-10,1.5532970428466797
4799,4.3548679100502784e-10,9.916664896742896e-09,1.3427605683975324e-09,3.5379247896431477e-10,1.5327930450439453
4800,4.3386812281248953e-10,9.884227248500095e-09,1.336933272836731e-09,3.527791221237778e-10,1.543283462524414
4801,4.32255612883882e-10,9.851874172528641e-09,1.3311332906819468e-09,3.5176900495597236e-10,1.7559528350830078
4802,4.306487695753215e-10,9.819605794789564e-09,1.3253627705636016e-09,3.5076125649367234e-10,1.5459060668945312
4803,4.29047356327675e-10,9.787423368640755e-09,1.3196189988851478e-09,3.497560514444231e-10,1.5518665313720703
4804,4.2745191606061445e-10,9.7553252218568e-09,1.313903467305102e-09,3.4875396939016323e-10,1.5592575073242188
4805,4.258617657568352e-10,9.723311438122634e-09,1.3082153727269451e-09,3.477536696487435e-10,1.5282630920410156
4806,4.2427801649864686e-10,9.691386709006038e-09,1.3025561064481732e-09,3.467565304755962e-10,1.5234947204589844
4807,4.2270008762568686e-10,9.659543287896945e-09,1.2969255768316186e-09,3.457620010255894e-10,1.546621322631836
4808,4.211280482240647e-10,9.627789748452095e-09,1.2913227822059021e-09,3.4477039682314396e-10,1.5578269958496094
4809,4.19561271447786e-10,9.59612212906527e-09,1.2857479252825947e-09,3.4378095351747696e-10,1.5192031860351562
4810,4.1800054527282133e-10,9.56454036184178e-09,1.2802011407048744e-09,3.4279475005811856e-10,1.5265941619873047
4811,4.164455721804432e-10,9.5330454141054e-09,1.2746824862145685e-09,3.41811162628646e-10,1.5521049499511719
4812,4.1489653223832715e-10,9.50164129385305e-09,1.2691922835449233e-09,3.408306298191295e-10,1.5823841094970703
4813,4.1335313787483e-10,9.470322276664073e-09,1.2637299977670807e-09,3.3985246462477587e-10,1.5337467193603516
4814,4.118154247499794e-10,9.439092577423716e-09,1.2582962494628464e-09,3.388768596598977e-10,1.5459060668945312
4815,4.102835840506055e-10,9.407951255612573e-09,1.2528899898848816e-09,3.379043223287761e-10,1.5323162078857422
4816,4.087577611240658e-10,9.376898036271111e-09,1.2475131521297352e-09,3.369348448773106e-10,1.5523433685302734
4817,4.072372537810506e-10,9.345934768783562e-09,1.2421635165533577e-09,3.359675733154415e-10,1.5819072723388672
4818,4.0572294527087855e-10,9.315059874732963e-09,1.2368416909177874e-09,3.350036702310638e-10,1.6961097717285156
4819,4.0421438789638376e-10,9.284275980207627e-09,1.2315485060703266e-09,3.340425456026535e-10,1.560211181640625
4820,4.02711580799295e-10,9.253580139778295e-09,1.226283993923824e-09,3.330843017822224e-10,1.554250717163086
4821,4.012145497501222e-10,9.222976375796144e-09,1.2210472565079599e-09,3.3212892834017805e-10,1.5761852264404297
4822,3.997231283459167e-10,9.19246341699809e-09,1.21583786011352e-09,3.3117647115724525e-10,1.5859603881835938
4823,3.982375020738264e-10,9.162040435375912e-09,1.2106566181073128e-09,3.3022691493292766e-10,1.6167163848876953
4824,3.9675783259294604e-10,9.131707151980865e-09,1.2055025721278542e-09,3.2928016914712463e-10,1.5714168548583984
4825,3.9528346297840407e-10,9.101464867782946e-09,1.200376904057765e-09,3.2833590207768487e-10,1.5914440155029297
4826,3.938147622585128e-10,9.071315299808438e-09,1.195281289006861e-09,3.273945936597154e-10,1.5420913696289062
4827,3.923522801106711e-10,9.041257275990228e-09,1.1902122007119945e-09,3.2645629466376666e-10,1.5723705291748047
4828,3.90894847555895e-10,9.011290956267145e-09,1.1851719173405364e-09,3.255204382436389e-10,1.539468765258789
4829,3.894436269623332e-10,8.981416317203092e-09,1.1801593889076927e-09,3.245881933504467e-10,1.5294551849365234
4830,3.879977934954816e-10,8.951634235672815e-09,1.1751730208428271e-09,3.2365851842328407e-10,1.5456676483154297
4831,3.8655692831082464e-10,8.9219462996948e-09,1.1702164100746103e-09,3.227306033949124e-10,1.5447139739990234
4832,3.851224713368999e-10,8.892350208605566e-09,1.1652877808977146e-09,3.218062238875155e-10,1.5492439270019531
4833,3.836929031537302e-10,8.86284731676994e-09,1.16038601799207e-09,3.2088380393989445e-10,1.535177230834961
4834,3.8226897936795245e-10,8.8334377388712e-09,1.155513059902286e-09,3.199642019998764e-10,1.5308856964111328
4835,3.8085068432485377e-10,8.80412187989617e-09,1.1506672151903237e-09,3.1904746385945843e-10,1.5721321105957031
4836,3.7943792898760555e-10,8.774900429205412e-09,1.1458495861727517e-09,3.1813323216937895e-10,1.535177230834961
4837,3.7802992639580665e-10,8.745772732909356e-09,1.1410591006182366e-09,3.172207939159673e-10,1.56402587890625
4838,3.7662729638276466e-10,8.716740618935302e-09,1.1362965410421349e-09,3.1631081343487613e-10,1.5397071838378906
4839,3.752305155585763e-10,8.687800486448954e-09,1.1315620274895798e-09,3.1540388376223e-10,1.5447139739990234
4840,3.7383922939581467e-10,8.658955868885048e-09,1.1268561973551564e-09,3.144992710682954e-10,1.5323162078857422
4841,3.724529155222823e-10,8.630205557480353e-09,1.1221764272491767e-09,3.1359688877826735e-10,1.5225410461425781
4842,3.710718344814164e-10,8.60155114469316e-09,1.1175268416817336e-09,3.1269661305180094e-10,1.5316009521484375
4843,3.6969585660266675e-10,8.572990317986947e-09,1.1129036261681803e-09,3.1179845252781315e-10,1.5854835510253906
4844,3.683252721967898e-10,8.544525694881892e-09,1.108309722067253e-09,3.1090297920963396e-10,1.527547836303711
4845,3.6696004125710894e-10,8.516156868337391e-09,1.1037436481017473e-09,3.100099409839678e-10,1.516103744506836
4846,3.6559928119918266e-10,8.487882637117542e-09,1.0992043021163828e-09,3.091185688958266e-10,1.5382766723632812
4847,3.642440014335013e-10,8.459704956343066e-09,1.0946937327775138e-09,3.0822957594262106e-10,1.5480518341064453
4848,3.628939930081464e-10,8.431623091154885e-09,1.0902103587505303e-09,3.073431170388003e-10,1.5468597412109375
4849,3.615495377690041e-10,8.403636111956567e-09,1.0857545515884954e-09,3.064591063593353e-10,1.5218257904052734
4850,3.602098346188842e-10,8.375745902179897e-09,1.0813266005677708e-09,3.055771050409159e-10,1.5344619750976562
4851,3.588748545829059e-10,8.347951919944348e-09,1.0769270602371143e-09,3.046966720732015e-10,1.7461776733398438
4852,3.575454597852072e-10,8.320253186345704e-09,1.07255473362903e-09,3.0381899370671807e-10,1.5234947204589844
4853,3.5622099445480435e-10,8.292651292452907e-09,1.0682106235110893e-09,3.0294346658051857e-10,1.5637874603271484
4854,3.5490160757953255e-10,8.265144415993027e-09,1.0638935391968374e-09,3.02069906706368e-10,1.5597343444824219
4855,3.535873056980711e-10,8.237735779524389e-09,1.0596044613482469e-09,3.0119881295217005e-10,1.5347003936767578
4856,3.5227827206805854e-10,8.210421957720591e-09,1.0553425796356688e-09,3.003298440696193e-10,1.5790462493896484
4857,3.509743040236941e-10,8.183203736847277e-09,1.0511102133115423e-09,2.9946314478256396e-10,1.5468597412109375
4858,3.496755709560269e-10,8.15608371182161e-09,1.0469034529810078e-09,2.9859888880669963e-10,1.5842914581298828
4859,3.4838217675276347e-10,8.12905928504767e-09,1.0427264526041923e-09,2.9773713817155864e-10,1.5401840209960938
4860,3.4709294177999606e-10,8.102130460024843e-09,1.0385745600704641e-09,2.9687673159590465e-10,1.5361309051513672
4861,3.458096852370345e-10,8.075301114963652e-09,1.0344510175256638e-09,2.9601966832797677e-10,1.5671253204345703
4862,3.4453132013302743e-10,8.048565128563419e-09,1.0303558995008127e-09,2.951647555261504e-10,1.5647411346435547
4863,3.4325827414663636e-10,8.021925625429499e-09,1.0262876616449122e-09,2.943125155521931e-10,1.5740394592285156
4864,3.419900245555934e-10,7.995384330447074e-09,1.0222463307184031e-09,2.9346224613978505e-10,1.54876708984375
4865,3.4072676210837726e-10,7.968937138974537e-09,1.0182325631545446e-09,2.926145381415593e-10,1.5492439270019531
4866,3.3946823904404234e-10,7.942590138837828e-09,1.0142450368672837e-09,2.917687582659073e-10,1.5497207641601562
4867,3.382149525810217e-10,7.91633696319603e-09,1.0102867024025873e-09,2.9092583331326334e-10,1.5497207641601562
4868,3.369667354171132e-10,7.890180557099476e-09,1.0063539439396424e-09,2.900851267233459e-10,1.5666484832763672
4869,3.357237667951426e-10,7.864120629018568e-09,1.002450237753588e-09,2.892471441893035e-10,1.5606880187988281
4870,3.3448572314568894e-10,7.838157669791939e-09,9.98571255866402e-10,2.884115171015367e-10,1.5530586242675781
4871,3.33252386515611e-10,7.812291830517055e-09,9.947189705141496e-10,2.875783566433098e-10,1.5339851379394531
4872,3.320241800751745e-10,7.78652124245169e-09,9.90893906639776e-10,2.8674698237055204e-10,1.5227794647216797
4873,3.308006775112477e-10,7.760847640299338e-09,9.870953781727573e-10,2.859180752634684e-10,1.531839370727539
4874,3.295821611858484e-10,7.73527191894538e-09,9.833235576012774e-10,2.8509144394426367e-10,1.5904903411865234
4875,3.283682799621539e-10,7.709790456236366e-09,9.795801824436413e-10,2.842670162891403e-10,1.560211181640625
4876,3.271598707392502e-10,7.684406290574006e-09,9.75862565969633e-10,2.834453253456994e-10,1.543283462524414
4877,3.2595625559900676e-10,7.659117626283795e-09,9.721713779667192e-10,2.8262590734962984e-10,1.5349388122558594
4878,3.247572264178339e-10,7.633927707280995e-09,9.685061699039247e-10,2.818083619928745e-10,1.556396484375
4879,3.235632247349098e-10,7.608834699577662e-09,9.648657018801425e-10,2.8099357970291385e-10,1.5549659729003906
4880,3.2237335188427373e-10,7.583835632891344e-09,9.612538917380784e-10,2.8018031482039874e-10,1.5316009521484375
4881,3.2118827854320626e-10,7.558934477975933e-09,9.576671196513662e-10,2.793690641862389e-10,1.5461444854736328
4882,3.2000793891181975e-10,7.534127356717269e-09,9.541075054433846e-10,2.785604036722479e-10,1.550436019897461
4883,3.188321329063774e-10,7.509416737803881e-09,9.50573825618294e-10,2.777534529583186e-10,1.6732215881347656
4884,3.17661118794581e-10,7.484802769753784e-09,9.470660971166497e-10,2.7694878435977154e-10,1.5685558319091797
4885,3.164946393862047e-10,7.460285941778312e-09,9.435858839609228e-10,2.761461845198176e-10,1.5385150909423828
4886,3.153325739067172e-10,7.4358645913757275e-09,9.401298784297215e-10,2.753454841529616e-10,1.561880111694336
4887,3.1417523231896046e-10,7.411540286914738e-09,9.366999306063476e-10,2.7454702109889973e-10,1.5964508056640625
4888,3.1302216675920606e-10,7.3873101391442155e-09,9.332960472387159e-10,2.7375031672111384e-10,1.5726089477539062
4889,3.1187327466673507e-10,7.363174952279493e-09,9.299184265526107e-10,2.729549911617024e-10,1.5828609466552734
4890,3.1072913045460587e-10,7.339135864639389e-09,9.265661007506298e-10,2.7216194424332764e-10,1.5301704406738281
4891,3.0958956586539004e-10,7.315192475284633e-09,9.232397753189379e-10,2.7137066216760773e-10,1.5256404876708984
4892,3.084543354897054e-10,7.2913435629983146e-09,9.199389306988718e-10,2.705812021141948e-10,1.5273094177246094
4893,3.073236413795187e-10,7.267591428162678e-09,9.166639271026924e-10,2.697938039118592e-10,1.550912857055664
4894,3.0619690565247924e-10,7.243932083320651e-09,9.134148047914635e-10,2.69007826916324e-10,1.5628337860107422
4895,3.050747580114374e-10,7.220369157983793e-09,9.101903209774924e-10,2.682238587950957e-10,1.5385150909423828
4896,3.0395701055833205e-10,7.196899652762272e-09,9.069916390391972e-10,2.6744155670786157e-10,1.5277862548828125
4897,3.028433227200959e-10,7.173524933048639e-09,9.038191934329379e-10,2.6666085892774903e-10,1.5797615051269531
4898,3.0173433155583565e-10,7.150245356821686e-09,9.006711101258143e-10,2.658825616849667e-10,1.556396484375
4899,3.006291792918467e-10,7.127059470311126e-09,8.97548480891896e-10,2.6510553018280683e-10,1.575469970703125
4900,2.995289278191403e-10,7.103968105359278e-09,8.944512516380573e-10,2.643308168747483e-10,1.5931129455566406
4901,2.984327737032633e-10,7.080969440608545e-09,8.913775888797368e-10,2.635578930204704e-10,1.7919540405273438
4902,2.9734061352962125e-10,7.0580666757541385e-09,8.883289635949242e-10,2.627866323906842e-10,1.543283462524414
4903,2.9625292763138947e-10,7.035254647216294e-09,8.853062548806146e-10,2.620170014631711e-10,1.5263557434082031
4904,2.951697220815521e-10,7.01253567846904e-09,8.823081227566966e-10,2.6124948785759917e-10,1.5926361083984375
4905,2.9409092017089037e-10,6.989909525599344e-09,8.793348825969291e-10,2.6048409640954674e-10,1.5621185302734375
4906,2.930158981633087e-10,6.9673773984099454e-09,8.763860660186072e-10,2.597202916531069e-10,1.5277862548828125
4907,2.919457370369645e-10,6.944938948988784e-09,8.734611321793709e-10,2.5895913196033027e-10,1.5347003936767578
4908,2.908797890336756e-10,6.922591804116504e-09,8.705605576267752e-10,2.5819967717769224e-10,1.5344619750976562
4909,2.8981757057080706e-10,6.900335681315851e-09,8.676842410706232e-10,2.5744144491381597e-10,1.5637874603271484
4910,2.8876021332246833e-10,6.878172165313643e-09,8.648317138315291e-10,2.5668587901532484e-10,1.5597343444824219
4911,2.8770665299905596e-10,6.856099346485736e-09,8.620039614735071e-10,2.559317030967704e-10,1.524209976196289
4912,2.8665754238185667e-10,6.834118810281061e-09,8.592000665527902e-10,2.5517981563356404e-10,1.5385150909423828
4913,2.8561292841041935e-10,6.81222866913273e-09,8.564202739047467e-10,2.544304338848083e-10,1.5518665313720703
4914,2.8457208433200597e-10,6.790431625334579e-09,8.536633031930348e-10,2.5368235306211806e-10,1.5430450439453125
4915,2.8353603494111555e-10,6.768725003341657e-09,8.509290619679313e-10,2.52937187381613e-10,1.5647411346435547
4916,2.8250331910196145e-10,6.747108869401878e-09,8.482187449987731e-10,2.5219312956149483e-10,1.5268325805664062
4917,2.8147515095961207e-10,6.725583189992784e-09,8.455302516525019e-10,2.5145126865339165e-10,1.5447139739990234
4918,2.8045121224308667e-10,6.704145938226548e-09,8.428658446252463e-10,2.5071149476764103e-10,1.5285015106201172
4919,2.7943155824500947e-10,6.682799468283064e-09,8.402252862104109e-10,2.4997382618875175e-10,1.5439987182617188
4920,2.7841569806542124e-10,6.661542820266802e-09,8.376055391709843e-10,2.4923785976842204e-10,1.5969276428222656
4921,2.774039932598672e-10,6.6403750771602296e-09,8.350107671763642e-10,2.4850393407495216e-10,1.567840576171875
4922,2.7639667268766656e-10,6.619296642283737e-09,8.324377690069422e-10,2.477719793654585e-10,1.5447139739990234
4923,2.753931434584646e-10,6.598305743619698e-09,8.298873721552107e-10,2.470417535793555e-10,1.5361309051513672
4924,2.7439376695019435e-10,6.577403442933187e-09,8.27359990482452e-10,2.4631353855454153e-10,1.5892982482910156
4925,2.7339843679430614e-10,6.556590545746994e-09,8.248532921950703e-10,2.4558716325577456e-10,1.5645027160644531
4926,2.7240703060101356e-10,6.535866168021721e-09,8.223706872914919e-10,2.4486279513439536e-10,1.5974044799804688
4927,2.7141940688466063e-10,6.515231766226916e-09,8.199078608125017e-10,2.4414034903487606e-10,1.600027084350586
4928,2.704353716986612e-10,6.49468188590004e-09,8.174676806774129e-10,2.4341926492794725e-10,1.5592575073242188
4929,2.6945536320869225e-10,6.474219005456493e-09,8.150494420006279e-10,2.4270031869294237e-10,1.5501976013183594
4930,2.684794037876367e-10,6.453845171866224e-09,8.126528569198069e-10,2.419830444248846e-10,1.5513896942138672
4931,2.6750736057303254e-10,6.433555694700434e-09,8.102770454838824e-10,2.412672628716439e-10,1.5769004821777344
4932,2.665388924496144e-10,6.413354322886211e-09,8.079241617944447e-10,2.4055320924013373e-10,1.5494823455810547
4933,2.655745937298032e-10,6.393239242263729e-09,8.055911212500724e-10,2.3984125708747375e-10,1.5897750854492188
4934,2.646136060978028e-10,6.373208554781143e-09,8.03280214126109e-10,2.3913059334882186e-10,1.5232563018798828
4935,2.636566857120682e-10,6.353263393977622e-09,8.009899054062482e-10,2.384218459869571e-10,1.5621185302734375
4936,2.6270317856645095e-10,6.3334044857647e-09,7.987201598669698e-10,2.377143333072325e-10,1.5590190887451172
4937,2.61753414753431e-10,6.3136284535283945e-09,7.964718409547049e-10,2.3700847093461933e-10,1.5370845794677734
4938,2.6080719122956334e-10,6.293938870441803e-09,7.942443978790353e-10,2.363042289120676e-10,1.5285015106201172
4939,2.598646928320058e-10,6.274332672471637e-09,7.920366417449731e-10,2.356016263168202e-10,1.5273094177246094
4940,2.5892565671352794e-10,6.2548110729501655e-09,7.89850591879192e-10,2.3490052283772036e-10,1.6040802001953125
4941,2.5799021461209513e-10,6.235371459724828e-09,7.876850533039794e-10,2.3420087960684113e-10,1.5332698822021484
4942,2.570587202273598e-10,6.2160147710025275e-09,7.855385111789481e-10,2.3350310301811976e-10,1.543283462524414
4943,2.561308753690239e-10,6.1967419355728e-09,7.834125296051881e-10,2.3280687331722663e-10,1.5332698822021484
4944,2.552065137862603e-10,6.177551188612966e-09,7.813051188345787e-10,2.3211215849775958e-10,1.5366077423095703
4945,2.542850908283293e-10,6.158443534236755e-09,7.792193625177543e-10,2.314184296087634e-10,1.5261173248291016
4946,2.533674403812152e-10,6.139417092114802e-09,7.771524896267612e-10,2.3072646255691062e-10,1.57928466796875
4947,2.5245379343907554e-10,6.120471091837307e-09,7.751055310735741e-10,2.3003659888661385e-10,1.5246868133544922
4948,2.515434151732771e-10,6.101606395719303e-09,7.730778382719827e-10,2.2934788508522535e-10,1.6918182373046875
4949,2.506368553761465e-10,6.082821581920601e-09,7.710691874992787e-10,2.2866099357679908e-10,1.54876708984375
4950,2.4973378825596573e-10,6.06411752455425e-09,7.69078601422313e-10,2.279757976326064e-10,1.5740394592285156
4951,2.4883431989905607e-10,6.045493288294572e-09,7.671089364556496e-10,2.2729226767261674e-10,1.821756362915039
4952,2.479382921863994e-10,6.0269503930259566e-09,7.651564043152933e-10,2.2661028140795977e-10,1.5861988067626953
4953,2.470456673810546e-10,6.008484475637027e-09,7.632225821848314e-10,2.259300336182986e-10,1.537322998046875
4954,2.4615660698026023e-10,5.990098490034108e-09,7.613074772600141e-10,2.2525118226816127e-10,1.5347003936767578
4955,2.452713647490731e-10,5.9717905360494e-09,7.594098612562422e-10,2.2457423270466474e-10,1.5454292297363281
4956,2.443895505997831e-10,5.953557679836343e-09,7.575316514474335e-10,2.2389893623457915e-10,1.5685558319091797
4957,2.4351169257506133e-10,5.935405325668988e-09,7.556708836635903e-10,2.2322599667221267e-10,1.5308856964111328
4958,2.426367218315682e-10,5.917329534484656e-09,7.53827910092181e-10,2.2255406469028343e-10,1.5435218811035156
4959,2.4176540501848975e-10,5.899331073990011e-09,7.520027997207888e-10,2.2188394779930395e-10,1.558065414428711
4960,2.4089765284740045e-10,5.881409569854958e-09,7.501937293045355e-10,2.2121581568082843e-10,1.5287399291992188
4961,2.4003334567005177e-10,5.863562149691966e-09,7.484029023547319e-10,2.205491474694046e-10,1.550912857055664
4962,2.3917247889164674e-10,5.845792072630379e-09,7.466282506792878e-10,2.1988445434741738e-10,1.5299320220947266
4963,2.383151249919877e-10,5.828096260624856e-09,7.44872181494638e-10,2.1922135813519506e-10,1.5757083892822266
4964,2.374614190948576e-10,5.810475546211967e-09,7.431313892605955e-10,2.185604771542298e-10,1.56402587890625
4965,2.3661109360273963e-10,5.7929306211718776e-09,7.414071946229864e-10,2.1790109834809892e-10,1.5645027160644531
4966,2.357638014120801e-10,5.775458605885058e-09,7.396985316046302e-10,2.1724308238384101e-10,1.6350746154785156
4967,2.3492031744887385e-10,5.758061680854813e-09,7.380076180532966e-10,2.1658725006945438e-10,1.6162395477294922
4968,2.3408022204382875e-10,5.74073570254423e-09,7.363331678082781e-10,2.1593335254703242e-10,1.6529560089111328
4969,2.3324309175436894e-10,5.723483443751529e-09,7.346746927332377e-10,2.1528060449167822e-10,1.5676021575927734
4970,2.3240977999057477e-10,5.706305115344215e-09,7.330304492867067e-10,2.1463010516625225e-10,1.589059829711914
4971,2.315793832633893e-10,5.689199113137582e-09,7.314029999519154e-10,2.1398089765199124e-10,1.6803741455078125
4972,2.3075194788172356e-10,5.67216557308609e-09,7.297901689671531e-10,2.1333323345505304e-10,1.5380382537841797
4973,2.2992814736876425e-10,5.6552019864128734e-09,7.281919215366665e-10,2.1268749310547262e-10,1.5311241149902344
4974,2.2910759298897373e-10,5.6383108284286835e-09,7.266092627342323e-10,2.120431610098779e-10,1.6608238220214844
4975,2.2829038932610087e-10,5.6214877878958036e-09,7.250415627210594e-10,2.1140074241694586e-10,1.5523433685302734
4976,2.274763592354118e-10,5.604737996244588e-09,7.234884937847534e-10,2.1075981438972223e-10,1.6522407531738281
4977,2.2666543016329715e-10,5.588055595189146e-09,7.219504608958658e-10,2.1012036091569607e-10,1.5463829040527344
4978,2.2585743901226374e-10,5.5714440236494874e-09,7.204261782902396e-10,2.0948224136229157e-10,1.636505126953125
4979,2.250526721424348e-10,5.5549005229227e-09,7.189164090018248e-10,2.088457784609444e-10,1.5349388122558594
4980,2.242508404613841e-10,5.5384248655464984e-09,7.17421509959879e-10,2.08210547750722e-10,1.5294551849365234
4981,2.2345215821343127e-10,5.522019262124723e-09,7.15941440525847e-10,2.0757695594716257e-10,1.7504692077636719
4982,2.2265692712150063e-10,5.5056799423732065e-09,7.144752543679675e-10,2.069451793483293e-10,1.6036033630371094
4983,2.2186469104848216e-10,5.489410086440965e-09,7.130220624196272e-10,2.0631486915024182e-10,1.5358924865722656
4984,2.2107541761367874e-10,5.473205515636863e-09,7.1158156974561e-10,2.056859851055808e-10,1.592397689819336
4985,2.2028908688601618e-10,5.4570678566883274e-09,7.101542646545621e-10,2.050585531233489e-10,1.5368461608886719
4986,2.1950539768423842e-10,5.440997014950342e-09,7.087407270319982e-10,2.0443194638737148e-10,1.665353775024414
4987,2.1872529252437357e-10,5.424990571857007e-09,7.073403517159433e-10,2.038072424831125e-10,1.5408992767333984
4988,2.179481778556553e-10,5.409049312367034e-09,7.059525715172598e-10,2.031839476091553e-10,1.5332698822021484
4989,2.1717397490888147e-10,5.393172322801524e-09,7.045792351036266e-10,2.0256219443153964e-10,1.5659332275390625
4990,2.1640273547583227e-10,5.3773602771043345e-09,7.032187519256958e-10,2.0194185290260815e-10,1.6202926635742188
4991,2.1563427822688058e-10,5.361613050049658e-09,7.018696512424063e-10,2.013232123924048e-10,1.6009807586669922
4992,2.1486908767278813e-10,5.345927280758929e-09,7.00533479775654e-10,2.0070599013128654e-10,1.5413761138916016
4993,2.1410650718481808e-10,5.3303065223709455e-09,6.992089187453311e-10,2.0008992727027808e-10,1.5399456024169922
4994,2.1334664287635803e-10,5.314748098833509e-09,6.978953746213133e-10,1.9947524846104355e-10,1.6002655029296875
4995,2.1259004951893608e-10,5.2992513354225116e-09,6.965948443495801e-10,1.9886250712549646e-10,1.5933513641357422
4996,2.1183664961636726e-10,5.2838169358832926e-09,6.953062390408468e-10,1.9825133380392885e-10,1.569509506225586
4997,2.1108610954294746e-10,5.268442310243904e-09,6.940289052181907e-10,1.9764147244986838e-10,1.623392105102539
4998,2.103384044462678e-10,5.253131054569294e-09,6.927616577808398e-10,1.9703320502824152e-10,1.5320777893066406
4999,2.095933356705552e-10,5.237878082891938e-09,6.915055257013866e-10,1.9642607708433687e-10,1.5149116516113281
5000,2.0885112242924992e-10,5.222684490409671e-09,6.902620455325199e-10,1.9582035806337792e-10,2.5398731231689453
5001,2.081121152959551e-10,5.2075533936917016e-09,6.890287445050279e-10,1.9521661730214672e-10,1.8947124481201172
5002,2.0737630147693555e-10,5.192479253521546e-09,6.878072234632633e-10,1.946145635949339e-10,1.5473365783691406
5003,2.0664321239499946e-10,5.177463561880533e-09,6.865949837975065e-10,1.940140707841629e-10,1.5439987182617188
5004,2.0591307125463242e-10,5.162506955616151e-09,6.853932899200828e-10,1.934150733410257e-10,1.650094985961914
5005,2.0518557117616802e-10,5.147608671022238e-09,6.84200680230897e-10,1.9281742272462581e-10,1.5382766723632812
5006,2.044615389847925e-10,5.1327657988834445e-09,6.830192290717516e-10,1.9222179275753305e-10,1.6071796417236328
5007,2.0374034005238525e-10,5.11798132057612e-09,6.81847915735918e-10,1.9162778306465743e-10,1.5285015106201172
5008,2.030218021456331e-10,5.103252855207783e-09,6.806860189419448e-10,1.9103542099311724e-10,1.5816688537597656
5009,2.0230586263762447e-10,5.0885811778345215e-09,6.79533586726723e-10,1.9044440124710598e-10,1.527547836303711
5010,2.0159294535320556e-10,5.073967435405151e-09,6.783900482471986e-10,1.898553479501081e-10,1.52587890625
5011,2.0088232633375326e-10,5.059406506665854e-09,6.772537785847379e-10,1.892671713432129e-10,1.584768295288086
5012,2.0017533683403416e-10,5.044899621615907e-09,6.761280350286113e-10,1.8868122401204584e-10,1.5993118286132812
5013,1.994710390109605e-10,5.030448995790544e-09,6.750111928053955e-10,1.8809681684155608e-10,1.6710758209228516
5014,1.987693514370026e-10,5.016051490972812e-09,6.739037439977385e-10,1.875140061869796e-10,1.5437602996826172
5015,1.9807097645831711e-10,5.001707280108641e-09,6.728044419460659e-10,1.869329951543148e-10,1.6565322875976562
5016,1.9737509433395119e-10,4.987416096339375e-09,6.717137573151339e-10,1.86353544704031e-10,1.7809867858886719
5017,1.9668148773061327e-10,4.973180422461935e-09,6.706300648839552e-10,1.8577532991687045e-10,1.5442371368408203
5018,1.9599079384068576e-10,4.958995789689358e-09,6.695554118203951e-10,1.8519856328619572e-10,1.56402587890625
5019,1.9530297285773258e-10,4.944860918367803e-09,6.68488575071147e-10,1.8462368347581023e-10,1.5332698822021484
5020,1.9461754606489337e-10,4.930779787003136e-09,6.674305379315814e-10,1.8404985895982932e-10,1.634836196899414
5021,1.9393516018786735e-10,4.9167488551570505e-09,6.663794811974734e-10,1.8347797708184876e-10,1.615285873413086
5022,1.9325542234098307e-10,4.902770657908357e-09,6.653355111057434e-10,1.8290744959135637e-10,1.5418529510498047
5023,1.925785840166715e-10,4.888843079603497e-09,6.642979180842418e-10,1.8233892933556183e-10,1.5957355499267578
5024,1.9190398796018785e-10,4.874965759406655e-09,6.632679034099537e-10,1.8177122987480956e-10,1.5344619750976562
5025,1.9123145041217928e-10,4.861135351405569e-09,6.622452549693261e-10,1.8120439493783496e-10,1.585245132446289
5026,1.9056221772907068e-10,4.847354927608827e-09,6.612283366907522e-10,1.806398704739137e-10,1.6188621520996094
5027,1.8989549985706009e-10,4.833624075697557e-09,6.602202555849374e-10,1.8007648939809904e-10,1.6064643859863281
5028,1.892314668735722e-10,4.819940941313784e-09,6.592180143431078e-10,1.7951483962241724e-10,1.5339851379394531
5029,1.885694341871695e-10,4.8063058826941094e-09,6.582228783646648e-10,1.789540601521809e-10,1.5435218811035156
5030,1.8791060023709577e-10,4.79271915954382e-09,6.572340944431773e-10,1.783953978228515e-10,1.53350830078125
5031,1.8725430352402043e-10,4.7791779152729145e-09,6.56252083091263e-10,1.7783809634141194e-10,1.6939640045166016
5032,1.8660021255406506e-10,4.765686562534947e-09,6.552740534525626e-10,1.7728190569063123e-10,1.5397071838378906
5033,1.8594859096308762e-10,4.752238111829955e-09,6.543024193171982e-10,1.767270108007386e-10,1.5370845794677734
5034,1.852995561663472e-10,4.738837245530032e-09,6.53338124317107e-10,1.761737200790698e-10,1.5578269958496094
5035,1.8465314368482393e-10,4.725482667961719e-09,6.523799752138597e-10,1.7562224084630077e-10,1.608133316040039
5036,1.8400911943247195e-10,4.7121729038885644e-09,6.514258266802333e-10,1.7507193093779393e-10,1.6622543334960938
5037,1.833675108594288e-10,4.698907122099448e-09,6.504774401007615e-10,1.7452302736895513e-10,1.5361309051513672
5038,1.827285935345278e-10,4.685687096223302e-09,6.495344592771717e-10,1.739757901863736e-10,1.5308856964111328
5039,1.820918054944894e-10,4.672509289614163e-09,6.485970558679969e-10,1.7342946978081912e-10,1.6064643859863281
5040,1.814576263747043e-10,4.659376075377499e-09,6.476644532177596e-10,1.7288472129908352e-10,1.5397071838378906
5041,1.8082611793787352e-10,4.646286326466367e-09,6.467370929819719e-10,1.7234163020134964e-10,1.6143321990966797
5042,1.801968236529593e-10,4.633239932836347e-09,6.458138195204985e-10,1.7180009725538107e-10,1.5511512756347656
5043,1.7957008571305856e-10,4.6202339038867756e-09,6.44895451536865e-10,1.7125968014868032e-10,1.6009807586669922
5044,1.7894530283863153e-10,4.60727205181758e-09,6.439806425238979e-10,1.7072044919761293e-10,1.531839370727539
5045,1.783229234865268e-10,4.594350243340161e-09,6.430705967287036e-10,1.701823118751286e-10,1.5251636505126953
5046,1.777037234843945e-10,4.581469579979483e-09,6.42164986799887e-10,1.6964651062138197e-10,1.7178058624267578
5047,1.7708626106136055e-10,4.5686300001868086e-09,6.412642223013445e-10,1.6911121686857418e-10,1.546621322631836
5048,1.7647214201803372e-10,4.555830456176694e-09,6.403672153664322e-10,1.6857848525238945e-10,1.5339851379394531
5049,1.758598233231931e-10,4.543069502163486e-09,6.394750949305991e-10,1.68046786481422e-10,1.5232563018798828
5050,1.7524986071065019e-10,4.5303497535251705e-09,6.385850198432669e-10,1.6751637056178232e-10,1.5888214111328125
5051,1.7464214118248632e-10,4.517670456263208e-09,6.376981219982407e-10,1.6698737260821902e-10,1.8241405487060547
5052,1.740369215139303e-10,4.5050288385079505e-09,6.368159847129964e-10,1.6645974894494228e-10,1.5561580657958984
5053,1.7343429171024826e-10,4.492423633605518e-09,6.359370576286085e-10,1.6593384603655166e-10,1.636505126953125
5054,1.728343799518573e-10,4.479859540319668e-09,6.350615270495281e-10,1.654099237376504e-10,1.6171932220458984
5055,1.7223650117365334e-10,4.467332598761061e-09,6.341899368926426e-10,1.648871946616142e-10,1.5306472778320312
5056,1.7164082445910786e-10,4.454842669774829e-09,6.333205641157351e-10,1.6436583318437705e-10,1.6376972198486328
5057,1.7104741508026225e-10,4.442390806465382e-09,6.324530189878335e-10,1.6384595197747626e-10,1.6181468963623047
5058,1.7045669970913337e-10,4.429974917547939e-09,6.315892073046891e-10,1.6332796600534087e-10,1.6560554504394531
5059,1.69868110322159e-10,4.41759538213358e-09,6.307278222974016e-10,1.628111555027173e-10,1.6579627990722656
5060,1.6928217435436555e-10,4.405252383004234e-09,6.298679708091729e-10,1.6229606334863497e-10,1.5413761138916016
5061,1.686984573503159e-10,4.392944490842281e-09,6.290119189409602e-10,1.6178252733610654e-10,1.680612564086914
5062,1.6811682772193384e-10,4.380673124579634e-09,6.281581301292711e-10,1.61270172067792e-10,1.5878677368164062
5063,1.6753773029163955e-10,4.368435188698251e-09,6.273062416096159e-10,1.607597658813772e-10,1.542806625366211
5064,1.6696067304226438e-10,4.356235521269536e-09,6.264553744551249e-10,1.6025044144770037e-10,1.5370845794677734
5065,1.6638572595649282e-10,4.344067601001055e-09,6.25607257771231e-10,1.5974234589094855e-10,1.5861988067626953
5066,1.65813401651451e-10,4.331934165336934e-09,6.247620244208671e-10,1.5923630148326377e-10,1.6064643859863281
5067,1.6524330353080295e-10,4.319833782819647e-09,6.239186511705421e-10,1.5873160368718635e-10,1.5985965728759766
5068,1.6467499774613443e-10,4.3077698207281765e-09,6.230754684913075e-10,1.58227912236881e-10,1.5325546264648438
5069,1.6410871927700752e-10,4.295737149792842e-09,6.222341459826625e-10,1.577253117025146e-10,1.5883445739746094
5070,1.6354525130896876e-10,4.283736871525045e-09,6.213940694665988e-10,1.5722477369384797e-10,1.8503665924072266
5071,1.6298390087973413e-10,4.271770121157474e-09,6.205560140081609e-10,1.5672564906628426e-10,1.5761852264404297
5072,1.6242442928168448e-10,4.259834255505286e-09,6.197189304932172e-10,1.5622746003285633e-10,1.5366077423095703
5073,1.6186735169880322e-10,4.247930996871413e-09,6.188835577846594e-10,1.55730879283405e-10,1.5888214111328125
5074,1.6131243621026602e-10,4.2360592341934765e-09,6.180493269520526e-10,1.5523609529974159e-10,1.5823841094970703
5075,1.6075952026046072e-10,4.224218193524036e-09,6.172161062709802e-10,1.5474213475115018e-10,1.605987548828125
5076,1.6020892001070517e-10,4.212408509616664e-09,6.163838131125978e-10,1.5424985344603685e-10,1.538991928100586
5077,1.596603160592492e-10,4.20062952309545e-09,6.155526892040537e-10,1.5375889495689193e-10,1.8529891967773438
5078,1.5911421285465057e-10,4.188880106714213e-09,6.147213369112761e-10,1.5326966014079476e-10,1.535177230834961
5079,1.5856938603740784e-10,4.1771645072584944e-09,6.138907428763375e-10,1.5278105368855974e-10,1.6429424285888672
5080,1.5802707901082945e-10,4.16547554567028e-09,6.13061573802902e-10,1.5229433112824337e-10,1.7387866973876953
5081,1.5748631540827173e-10,4.153816259270672e-09,6.122326347278949e-10,1.5180828207345038e-10,1.5916824340820312
5082,1.569482488591723e-10,4.142185737818478e-09,6.114042341616282e-10,1.5132435442814596e-10,1.5406608581542969
5083,1.5641215633814503e-10,4.130584421585554e-09,6.105766481878218e-10,1.508415643741863e-10,1.5404224395751953
5084,1.558781873599349e-10,4.119013514366777e-09,6.097488882165922e-10,1.5036016402825667e-10,1.725912094116211
5085,1.553458796040197e-10,4.1074672990084305e-09,6.089206027163559e-10,1.4987975674971788e-10,1.651763916015625
5086,1.5481557317932656e-10,4.09595217445594e-09,6.08093217321319e-10,1.494004560902312e-10,1.528024673461914
5087,1.542875441756855e-10,4.0844628273298264e-09,6.072655023663576e-10,1.4892282783908413e-10,1.5273094177246094
5088,1.537613786658568e-10,4.073000946015275e-09,6.064377755003286e-10,1.4844632990315708e-10,1.641988754272461
5089,1.5323748256285666e-10,4.061565896252928e-09,6.056101835770041e-10,1.4797139498031242e-10,1.5287399291992188
5090,1.5271548963064153e-10,4.050157534220933e-09,6.047820287491012e-10,1.4749772960113387e-10,1.6071796417236328
5091,1.5219554188774689e-10,4.038775380422506e-09,6.039541982887735e-10,1.4702518578720074e-10,1.5304088592529297
5092,1.5167740438379677e-10,4.027419560381116e-09,6.031263797748319e-10,1.465540985155424e-10,1.7063617706298828
5093,1.5116120627882468e-10,4.016089693824667e-09,6.022969037885364e-10,1.4608421855470858e-10,1.5625953674316406
5094,1.5064745661745496e-10,4.004785867085114e-09,6.014672394567701e-10,1.456161822269778e-10,1.5230178833007812
5095,1.5013541808954185e-10,3.993507715970367e-09,6.006366233451238e-10,1.451491515178286e-10,1.6660690307617188
5096,1.496256835661238e-10,3.982254406502554e-09,5.998076119753919e-10,1.446838768106929e-10,1.5532970428466797
5097,1.4911719276219085e-10,3.971025632418167e-09,5.989757011708658e-10,1.442194040762812e-10,1.52587890625
5098,1.4861130213242064e-10,3.959822302457579e-09,5.981440838455427e-10,1.4375691614759757e-10,1.5909671783447266
5099,1.4810681976986646e-10,3.948643878238398e-09,5.973103413588109e-10,1.432953406069276e-10,1.5926361083984375
5100,1.4760443720266316e-10,3.937488382634857e-09,5.96477122644691e-10,1.4283513973788774e-10,1.6012191772460938
5101,1.4710424160166491e-10,3.926356832962544e-09,5.956415463668926e-10,1.423765025489637e-10,1.7499923706054688
5102,1.4660592944411314e-10,3.9152486170106455e-09,5.948050334425154e-10,1.4191901871178313e-10,1.5439987182617188
5103,1.461101595951997e-10,3.904163632316451e-09,5.939677338421047e-10,1.4146357568575017e-10,1.5974044799804688
5104,1.4561572354099574e-10,3.893102693166371e-09,5.931299401509715e-10,1.4100901299935788e-10,1.538991928100586
5105,1.451229520035189e-10,3.882066167394445e-09,5.922891384716214e-10,1.4055589371884273e-10,1.5835762023925781
5106,1.44632192700751e-10,3.871050154755464e-09,5.914471532635581e-10,1.4010397811362977e-10,1.5320777893066406
5107,1.441434049961243e-10,3.86005886755735e-09,5.906049433935989e-10,1.3965360671892387e-10,1.5897750854492188
5108,1.436561225434178e-10,3.8490884406040955e-09,5.897605208734296e-10,1.3920418957313864e-10,1.5196800231933594
5109,1.4317120306052926e-10,3.838138938965922e-09,5.88914302884921e-10,1.3875652217762984e-10,1.577138900756836
5110,1.4268836542612008e-10,3.827214175470725e-09,5.880671800846015e-10,1.383105194019062e-10,1.6019344329833984
5111,1.4220670976611137e-10,3.816308511290477e-09,5.872182645333574e-10,1.378652539654073e-10,1.604318618774414
5112,1.4172740416301782e-10,3.805426454672771e-09,5.863666746175371e-10,1.3742188318585677e-10,1.5244483947753906
5113,1.4124962482619918e-10,3.794564815479496e-09,5.855146262437206e-10,1.3697923108798366e-10,1.531362533569336
5114,1.407735180675124e-10,3.78372500209755e-09,5.846602685340332e-10,1.3653782051143017e-10,1.524209976196289
5115,1.4029957985637933e-10,3.772903799794069e-09,5.838044274125682e-10,1.3609821199378738e-10,1.6613006591796875
5116,1.3982783174294082e-10,3.762106569137482e-09,5.829461555240193e-10,1.3566022915090126e-10,1.5413761138916016
5117,1.3935722758758892e-10,3.751328431897566e-09,5.820861303269987e-10,1.3522302566119605e-10,1.524209976196289
5118,1.3888834328697445e-10,3.740569385862402e-09,5.812232566271856e-10,1.3478693361229958e-10,1.5974044799804688
5119,1.3842115051062521e-10,3.729832242844078e-09,5.803593368119453e-10,1.3435204286750966e-10,1.584768295288086
5120,1.3795614306449898e-10,3.719114173404663e-09,5.794925957838097e-10,1.3391878559600716e-10,1.6012191772460938
5121,1.3749269855407406e-10,3.7084173603715428e-09,5.786240318415918e-10,1.33486602711347e-10,1.5430450439453125
5122,1.3703090426317785e-10,3.697738752935572e-09,5.777542364597051e-10,1.3305551175885353e-10,1.5909671783447266
5123,1.3657100411763766e-10,3.687077714583694e-09,5.768818595562442e-10,1.326259009254045e-10,1.5320777893066406
5124,1.361129990033217e-10,3.676437751132942e-09,5.760068569508089e-10,1.3219762869631955e-10,1.531362533569336
5125,1.3565641347645398e-10,3.6658176743910513e-09,5.751288732930933e-10,1.3177025971548319e-10,1.5997886657714844
5126,1.352015104825143e-10,3.6552140820118904e-09,5.742493377519294e-10,1.3134407022273623e-10,1.6026496887207031
5127,1.3474823660799976e-10,3.644631340568908e-09,5.73367086976819e-10,1.3091907744441718e-10,1.5263557434082031
5128,1.3429690166704212e-10,3.6340644215106584e-09,5.724825650500023e-10,1.3049548040665726e-10,1.5175342559814453
5129,1.3384679078309313e-10,3.623517108291988e-09,5.715962408645073e-10,1.3007283216607375e-10,1.5327930450439453
5130,1.3339870610908087e-10,3.6129869547191963e-09,5.707074631242035e-10,1.2965170833016104e-10,1.7130374908447266
5131,1.3295233775055597e-10,3.602476108659276e-09,5.698155749412993e-10,1.2923164612177723e-10,1.5480518341064453
5132,1.325070306738331e-10,3.5919830739451714e-09,5.689219909091557e-10,1.2881238546067849e-10,1.5273094177246094
5133,1.3206351434019577e-10,3.581506003992146e-09,5.680249151257321e-10,1.2839429442973418e-10,1.5227794647216797
5134,1.3162172668584534e-10,3.5710481006592685e-09,5.6712545653127e-10,1.2797756708726963e-10,1.615285873413086
5135,1.3118208033269237e-10,3.560608065106937e-09,5.662241403768483e-10,1.2756259595090685e-10,1.5311241149902344
5136,1.3074365717032638e-10,3.5501833660475273e-09,5.653194602980911e-10,1.2714825078116275e-10,1.6849040985107422
5137,1.3030711303446939e-10,3.539776443444549e-09,5.644115863947015e-10,1.2673543652357883e-10,1.5387535095214844
5138,1.2987169369053286e-10,3.52938628759094e-09,5.635011455225867e-10,1.2632320193777483e-10,1.7342567443847656
5139,1.2943830015515077e-10,3.519011592818994e-09,5.625889471702003e-10,1.2591275984711006e-10,1.562356948852539
5140,1.2900630175633449e-10,3.508654286638214e-09,5.616730748091696e-10,1.255031263066094e-10,1.5377998352050781
5141,1.2857601633839505e-10,3.4983139605713286e-09,5.60755230322662e-10,1.2509503790805218e-10,1.8696784973144531
5142,1.281471245424347e-10,3.4879886108420433e-09,5.598349732027756e-10,1.2468783074887446e-10,1.5423297882080078
5143,1.277200894179689e-10,3.4776806526123167e-09,5.589105405669309e-10,1.242824203105796e-10,1.634836196899414
5144,1.2729435559565743e-10,3.46738713274336e-09,5.579833906024604e-10,1.2387764267950934e-10,1.5921592712402344
5145,1.2687053856648362e-10,3.4571108819011713e-09,5.57053390545443e-10,1.234745823522099e-10,1.67083740234375
5146,1.2644784855447047e-10,3.446850269926263e-09,5.561201396499789e-10,1.2307226707520128e-10,1.645803451538086
5147,1.2602676454198763e-10,3.436605670215228e-09,5.55184600042985e-10,1.226712349800657e-10,1.53350830078125
5148,1.2560754688705428e-10,3.4263766720487925e-09,5.542450845604342e-10,1.2227177612802484e-10,1.5316009521484375
5149,1.2518962311316736e-10,3.4161623289926327e-09,5.533031012857257e-10,1.218732297041862e-10,1.5978813171386719
5150,1.247734716042915e-10,3.405963603663572e-09,5.523580228511395e-10,1.2147620497866459e-10,1.5347003936767578
5151,1.2435854254461724e-10,3.3957797022829494e-09,5.514096035923744e-10,1.2107998599731315e-10,1.8835067749023438
5152,1.2394519985737893e-10,3.3856120994182647e-09,5.504586486944728e-10,1.2068491821208996e-10,1.5370845794677734
5153,1.2353303673942053e-10,3.3754584577061157e-09,5.495045146493733e-10,1.2029091627403857e-10,1.596212387084961
5154,1.2312262233696594e-10,3.3653202305507866e-09,5.485471764304513e-10,1.1989823509166005e-10,1.535177230834961
5155,1.2271371248444415e-10,3.3551959748990845e-09,5.475860474261261e-10,1.195067072944415e-10,1.5788078308105469
5156,1.223065093650979e-10,3.345088071246337e-09,5.466219947572354e-10,1.1911667418708722e-10,1.6014575958251953
5157,1.2190045274627345e-10,3.3349929846540133e-09,5.456544858639289e-10,1.1872727453662427e-10,1.5289783477783203
5158,1.2149610818324232e-10,3.3249139844602387e-09,5.446849892270106e-10,1.1833936062065095e-10,1.5168190002441406
5159,1.2109311846152762e-10,3.3148485248508373e-09,5.437104192270976e-10,1.1795262094470734e-10,1.5308856964111328
5160,1.2069125128669843e-10,3.304799438657427e-09,5.427337681962013e-10,1.1756668079151285e-10,1.583099365234375
5161,1.2029101788605244e-10,3.2947631615721146e-09,5.417532806722933e-10,1.1718203508215865e-10,1.65557861328125
5162,1.198925525720968e-10,3.284740215995671e-09,5.407709232854547e-10,1.167989198320518e-10,1.5370845794677734
5163,1.1949479973980935e-10,3.2747309268915427e-09,5.397836610926795e-10,1.1641583070220273e-10,1.5308856964111328
5164,1.1909881711694653e-10,3.264737699411291e-09,5.387941064699004e-10,1.1603462212195522e-10,1.5902519226074219
5165,1.1870425695062216e-10,3.2547574660783253e-09,5.378010635728705e-10,1.156542694569126e-10,1.5294551849365234
5166,1.1831118843136266e-10,3.2447908944044997e-09,5.368050701055324e-10,1.1527504173979215e-10,1.6140937805175781
5167,1.1791981440490455e-10,3.234838971701966e-09,5.358048972374169e-10,1.148972966824139e-10,1.5347003936767578
5168,1.1752968943653966e-10,3.2249003961465796e-09,5.348016324878074e-10,1.1452055430489666e-10,1.5943050384521484
5169,1.1714034878808326e-10,3.214976450156526e-09,5.337958399238446e-10,1.1414418931124757e-10,1.5306472778320312
5170,1.16752630766418e-10,3.205063780429144e-09,5.327859025904583e-10,1.1376907514529041e-10,1.5337467193603516
5171,1.1636669015243854e-10,3.195165425401129e-09,5.317731540782569e-10,1.1339533727219131e-10,1.6133785247802734
5172,1.1598186060897658e-10,3.1852805796064482e-09,5.307570305209296e-10,1.130224742908435e-10,1.634359359741211
5173,1.1559828165538694e-10,3.1754089983314638e-09,5.297372050867195e-10,1.1265048834371067e-10,1.5273094177246094
5174,1.1521607830945221e-10,3.1655502539971412e-09,5.28714389398989e-10,1.1227953168340502e-10,1.531839370727539
5175,1.1483502766968884e-10,3.1557059073290733e-09,5.276877820830935e-10,1.1190978205362716e-10,1.519918441772461
5176,1.1445514254550822e-10,3.1458737598278797e-09,5.266584727738619e-10,1.1154059731890193e-10,1.6927719116210938
5177,1.1407711277229776e-10,3.1360545052809426e-09,5.256255794465502e-10,1.1117309317412786e-10,1.5408992767333984
5178,1.1370018126491902e-10,3.1262490953396927e-09,5.245905713722643e-10,1.1080634457380725e-10,1.5277862548828125
5179,1.1332429446644783e-10,3.1164578550668547e-09,5.235508038779215e-10,1.1044037276373965e-10,1.516580581665039
5180,1.129499105118594e-10,3.10667796596291e-09,5.225074528660858e-10,1.1007551701773718e-10,1.6050338745117188
5181,1.1257665079668691e-10,3.0969112144230344e-09,5.214616793477794e-10,1.0971181176956329e-10,1.6112327575683594
5182,1.1220491454178272e-10,3.087156918253793e-09,5.204128070480273e-10,1.0934927509729617e-10,1.5919208526611328
5183,1.1183422600616604e-10,3.0774176771937657e-09,5.193595463748616e-10,1.0898753812599606e-10,1.6682147979736328
5184,1.1146507611143329e-10,3.067688965391417e-09,5.183044660834729e-10,1.0862678127367826e-10,1.5270709991455078
5185,1.1109687072539331e-10,3.057972624619681e-09,5.172440880487213e-10,1.082669071543608e-10,1.5213489532470703
5186,1.1073018660912433e-10,3.0482694880409702e-09,5.161815683712172e-10,1.0790825216019798e-10,1.6024112701416016
5187,1.1036490832975339e-10,3.0385794124277454e-09,5.151163374708626e-10,1.0755098104468595e-10,1.596212387084961
5188,1.1000025389578634e-10,3.028902585904111e-09,5.14046162622442e-10,1.0719406706055267e-10,1.5292167663574219
5189,1.0963714209243915e-10,3.0192383751998637e-09,5.129741874851752e-10,1.0683841146901952e-10,1.5308856964111328
5190,1.0927528221236976e-10,3.009585578852593e-09,5.118985321260026e-10,1.0648390264362538e-10,1.5327930450439453
5191,1.0891461514020042e-10,2.9999468594782234e-09,5.108194535024651e-10,1.0613025195050236e-10,1.6694068908691406
5192,1.0855517911771707e-10,2.9903196389069215e-09,5.097368027118201e-10,1.0577781388271676e-10,1.5757083892822266
5193,1.0819659645132714e-10,2.980706094640186e-09,5.086503937318156e-10,1.0542588309095544e-10,1.6405582427978516
5194,1.0783933635286445e-10,2.97110403403487e-09,5.075605614929997e-10,1.0507520392728944e-10,1.5673637390136719
5195,1.0748342540933754e-10,2.9615145920850494e-09,5.064686451386586e-10,1.0472553696786212e-10,1.6155242919921875
5196,1.0712855643344153e-10,2.951937262975863e-09,5.053724594470959e-10,1.0437684541269889e-10,1.6167163848876953
5197,1.0677506527010056e-10,2.9423718384106365e-09,5.042738550817443e-10,1.040292361766922e-10,1.672983169555664
5198,1.0642285809624629e-10,2.932820813014768e-09,5.031709165991354e-10,1.0368277468387108e-10,1.5649795532226562
5199,1.0607132872676315e-10,2.9232821881382872e-09,5.020643967923767e-10,1.033370810261424e-10,1.676321029663086
5200,1.0572135539249976e-10,2.913755810135958e-09,5.009553518186618e-10,1.0299245933478229e-10,1.5339851379394531
5201,1.0537192919656669e-10,2.9042417219703096e-09,4.998434849026234e-10,1.0264821303727984e-10,1.813650131225586
5202,1.0502418663982745e-10,2.8947400446196722e-09,4.987275273231886e-10,1.0230526705290617e-10,1.6155242919921875
5203,1.0467730299425316e-10,2.8852501657195722e-09,4.976090370876701e-10,1.019632453123642e-10,1.5985965728759766
5204,1.0433194460494886e-10,2.87577295858636e-09,4.964879026742905e-10,1.0162251976739217e-10,1.5299320220947266
5205,1.0398750627346259e-10,2.8663082881546277e-09,4.953621051155638e-10,1.0128241917949194e-10,1.6663074493408203
5206,1.0364380673576458e-10,2.8568564156360608e-09,4.942335260961576e-10,1.0094293600850417e-10,1.6543865203857422
5207,1.0330176967803469e-10,2.847415608808696e-09,4.931021291957407e-10,1.0060477870299777e-10,1.6388893127441406
5208,1.0296044709971665e-10,2.8379891238103114e-09,4.919679003444834e-10,1.0026732614797033e-10,1.5931129455566406
5209,1.0262070623504367e-10,2.8285750588684427e-09,4.908299049129343e-10,9.993110295772206e-11,1.53350830078125
5210,1.0228140724370234e-10,2.819173142480277e-09,4.896879419593933e-10,9.959536571567675e-11,1.588582992553711
5211,1.0194375014767904e-10,2.8097835583590465e-09,4.885441402285036e-10,9.926100434350119e-11,1.5892982482910156
5212,1.0160711650145386e-10,2.800405971572206e-09,4.873967623390609e-10,9.892732579159971e-11,1.546621322631836
5213,1.0127168076385301e-10,2.7910419019315926e-09,4.862457445886732e-10,9.859479670419154e-11,1.5499591827392578
5214,1.0093727310522903e-10,2.7816893453559536e-09,4.850919519133567e-10,9.826276151071504e-11,1.6016960144042969
5215,1.006037598773405e-10,2.772350136106609e-09,4.839354571236383e-10,9.793171800492288e-11,1.6238689422607422
5216,1.0027133873117187e-10,2.763022191578963e-09,4.827767259148541e-10,9.760141074725655e-11,1.5921592712402344
5217,9.993996681945871e-11,2.753708637095215e-09,4.816136848716991e-10,9.727200029483627e-11,1.5676021575927734
5218,9.960974792929675e-11,2.744405669891315e-09,4.804479845350021e-10,9.694351857777351e-11,1.59454345703125
5219,9.928077030621661e-11,2.735115556143456e-09,4.792795991081703e-10,9.661609209539153e-11,1.5690326690673828
5220,9.895244816741586e-11,2.7258389637142255e-09,4.781085660087124e-10,9.628907752821415e-11,1.5304088592529297
5221,9.862540184337036e-11,2.716573867544307e-09,4.769338367005168e-10,9.596338576485315e-11,1.6567707061767578
5222,9.829910323924313e-11,2.707322177346388e-09,4.757568214979514e-10,9.563820915983413e-11,1.5463829040527344
5223,9.797395482759155e-11,2.698082621533731e-09,4.745772058415227e-10,9.531390341325244e-11,1.53350830078125
5224,9.764986234865475e-11,2.688856200350546e-09,4.733929840696738e-10,9.499072493516936e-11,1.5871524810791016
5225,9.732685179567856e-11,2.679642531402556e-09,4.722068181039307e-10,9.466814135587843e-11,1.5931129455566406
5226,9.700471115260406e-11,2.670442197014416e-09,4.710183037262747e-10,9.434630462111312e-11,1.5876293182373047
5227,9.668385487350638e-11,2.661252993545442e-09,4.698266290759289e-10,9.402554774306514e-11,1.5380382537841797
5228,9.636381680431464e-11,2.6520779835939652e-09,4.686321886258371e-10,9.370574945936971e-11,1.5323162078857422
5229,9.604454719327697e-11,2.642915911699894e-09,4.674354319915258e-10,9.33864589168847e-11,1.5957355499267578
5230,9.572663616082122e-11,2.633765103093889e-09,4.662346454592587e-10,9.306835538846318e-11,1.5320777893066406
5231,9.540920297011033e-11,2.6246292390953243e-09,4.650320123670047e-10,9.275075244066528e-11,1.5587806701660156
5232,9.509313159313855e-11,2.6155067891814363e-09,4.6382688703755525e-10,9.243428788915237e-11,1.5652179718017578
5233,9.477798086960038e-11,2.6063956983738873e-09,4.6261905344790237e-10,9.211873048455619e-11,1.5976428985595703
5234,9.446356257431335e-11,2.5972978714972783e-09,4.614073745255186e-10,9.18036941603777e-11,1.5308856964111328
5235,9.415002148873557e-11,2.5882120252219664e-09,4.6019380483993583e-10,9.148942500541647e-11,1.5742778778076172
5236,9.383737405114095e-11,2.5791414360537075e-09,4.589770394132862e-10,9.117576817934563e-11,1.5304088592529297
5237,9.352594001105596e-11,2.570082026832787e-09,4.5775831324250757e-10,9.086318997804253e-11,1.6565322875976562
5238,9.321557861123689e-11,2.5610382603594015e-09,4.565363372848596e-10,9.055155548198152e-11,1.5521049499511719
5239,9.290620913909562e-11,2.5520045361310648e-09,4.5531210066052817e-10,9.024073861236595e-11,1.5316009521484375
5240,9.259777670111678e-11,2.5429852864620183e-09,4.5408608318988125e-10,8.993085146138861e-11,1.5273094177246094
5241,9.22897387092865e-11,2.533979487888566e-09,4.528570072519352e-10,8.962121518668524e-11,1.741647720336914
5242,9.198269805420614e-11,2.5249873255782033e-09,4.5162586742462417e-10,8.931254738349166e-11,1.634836196899414
5243,9.167651514496259e-11,2.5160080061412623e-09,4.503920658521243e-10,8.900452888280755e-11,1.53350830078125
5244,9.137187687211434e-11,2.5070440963487554e-09,4.4915519838874424e-10,8.869777571323673e-11,1.5344619750976562
5245,9.106792277260497e-11,2.498090924282757e-09,4.479160317529222e-10,8.839165577860506e-11,1.6384124755859375
5246,9.076499941392303e-11,2.48915248331086e-09,4.4667443807153014e-10,8.808660561557614e-11,1.5289783477783203
5247,9.046289959955777e-11,2.480226295858084e-09,4.4543057916301686e-10,8.778205171432343e-11,1.5892982482910156
5248,9.016155816969279e-11,2.471315747444306e-09,4.441835909061947e-10,8.747827135602112e-11,1.6148090362548828
5249,8.986096625894639e-11,2.462417078806507e-09,4.4293475571771993e-10,8.717500273851031e-11,1.5418529510498047
5250,8.956135787305778e-11,2.4535321678605766e-09,4.416845563920898e-10,8.687265942152595e-11,1.5196800231933594
5251,8.926277745831488e-11,2.444661837307689e-09,4.404325028872985e-10,8.657137500018609e-11,1.744985580444336
5252,8.896485200817586e-11,2.43580595086694e-09,4.391775299163615e-10,8.627067355360448e-11,1.6682147979736328
5253,8.866787755620068e-11,2.4269636279315487e-09,4.3791902550121073e-10,8.597095793695994e-11,1.5497207641601562
5254,8.83715258147406e-11,2.4181347941423996e-09,4.366601318360647e-10,8.567145599026989e-11,1.5439987182617188
5255,8.807651163297975e-11,2.4093217859978773e-09,4.353986079929899e-10,8.537322155309407e-11,1.5337467193603516
5256,8.778193356824434e-11,2.400520225920108e-09,4.3413481638186485e-10,8.50752700953837e-11,1.605987548828125
5257,8.748858600241275e-11,2.3917354504829614e-09,4.3286843162193943e-10,8.477860648577558e-11,1.5921592712402344
5258,8.719631745291634e-11,2.382963152112294e-09,4.3159978825010793e-10,8.448284683057782e-11,1.5311241149902344
5259,8.690465318185543e-11,2.374206433342587e-09,4.303287156479415e-10,8.418769695207194e-11,1.542806625366211
5260,8.661372676892208e-11,2.3654638759631565e-09,4.2905607486717853e-10,8.389299459990223e-11,1.5881061553955078
5261,8.632389498988239e-11,2.3567351886780555e-09,4.2778176405947114e-10,8.359920588412866e-11,1.524209976196289
5262,8.60342956220262e-11,2.3480220616024763e-09,4.2650599395087065e-10,8.330554083605848e-11,1.5780925750732422
5263,8.574608981504913e-11,2.33932244342229e-09,4.2522801995395867e-10,8.301335224748877e-11,1.5325546264648438
5264,8.545856735667553e-11,2.33063816586511e-09,4.239476653742497e-10,8.272170427958661e-11,1.5835762023925781
5265,8.517190996443628e-11,2.3219688220902706e-09,4.2266523988020594e-10,8.243070102646618e-11,1.5277862548828125
5266,8.488638521935755e-11,2.3133140426393327e-09,4.2138164491321483e-10,8.21406112489864e-11,1.546621322631836
5267,8.460127499684013e-11,2.3046732538634685e-09,4.2009519045644095e-10,8.185082363247111e-11,1.6584396362304688
5268,8.431718716462742e-11,2.296047393210104e-09,4.1880798543762507e-10,8.156182984085716e-11,1.5997886657714844
5269,8.403383573608973e-11,2.287436917400774e-09,4.1751812563500727e-10,8.127358120059656e-11,1.6651153564453125
5270,8.37513405532303e-11,2.2788421397374615e-09,4.1622724335341226e-10,8.098609913037773e-11,1.5339851379394531
5271,8.347009129972662e-11,2.2702606649454073e-09,4.1493380330517235e-10,8.069963936029999e-11,1.6946792602539062
5272,8.318979386480798e-11,2.2616943315878728e-09,4.1364066526485227e-10,8.041410254843633e-11,1.6565322875976562
5273,8.290995025969566e-11,2.253145180031437e-09,4.1234435506824194e-10,8.012911569007931e-11,1.6016960144042969
5274,8.263039049700678e-11,2.244609331978334e-09,4.1104665098554115e-10,7.984414008098515e-11,1.5299320220947266
5275,8.235174114475497e-11,2.2360897867522035e-09,4.0974785210609706e-10,7.95598789551842e-11,1.596689224243164
5276,8.207383323401024e-11,2.2275851067134994e-09,4.0844733780518855e-10,7.927633147275e-11,1.5521049499511719
5277,8.179718186419693e-11,2.219096922741574e-09,4.071454409775477e-10,7.899396933730504e-11,1.659393310546875
5278,8.15215955500559e-11,2.2106238367555603e-09,4.0584220913540103e-10,7.871272560018588e-11,1.5518665313720703
5279,8.124658827389593e-11,2.2021664164393943e-09,4.045364418694721e-10,7.843185411207768e-11,1.5902519226074219
5280,8.097221873304526e-11,2.1937258527703465e-09,4.0322956605291566e-10,7.815155402667276e-11,1.5234947204589844
5281,8.06985944083861e-11,2.1852985758562174e-09,4.0192169649564e-10,7.787197452532452e-11,1.5239715576171875
5282,8.042574671560496e-11,2.176889249274434e-09,4.006120100767677e-10,7.759317577370516e-11,1.611471176147461
5283,8.015326327974497e-11,2.1684957886582557e-09,3.9930130559262003e-10,7.731473123868364e-11,1.604318618774414
5284,7.988213448110179e-11,2.160116879470838e-09,3.979898423647747e-10,7.703747800622335e-11,1.5368461608886719
5285,7.961156498258048e-11,2.151754568583827e-09,3.9667638671239326e-10,7.676089742818297e-11,1.5363693237304688
5286,7.934175448581743e-11,2.1434095005244697e-09,3.953616024477812e-10,7.648486135341069e-11,1.5211105346679688
5287,7.90728208183357e-11,2.1350797418528326e-09,3.940455341443864e-10,7.62097196521572e-11,1.6455650329589844
5288,7.880402066914693e-11,2.1267667273601195e-09,3.9272864968738873e-10,7.593438612958517e-11,1.596689224243164
5289,7.8536366323287e-11,2.1184701166346274e-09,3.914102310607192e-10,7.566019589891572e-11,1.5726089477539062
5290,7.826974199562183e-11,2.1101896232483413e-09,3.900909722398856e-10,7.538698711560565e-11,1.596212387084961
5291,7.800397511087441e-11,2.1019267319005328e-09,3.8877110348407965e-10,7.511468342594262e-11,1.5702247619628906
5292,7.773872640293791e-11,2.093679862946645e-09,3.874498549303379e-10,7.484267572539408e-11,1.6148090362548828
5293,7.747435674569287e-11,2.0854501045525085e-09,3.861269228103609e-10,7.4571434884207e-11,1.5370845794677734
5294,7.721062322182655e-11,2.0772372364076587e-09,3.848032799643237e-10,7.430069296176971e-11,1.6369819641113281
5295,7.694753302417298e-11,2.069039733585237e-09,3.834786665617294e-10,7.403053993043137e-11,1.6448497772216797
5296,7.668530047686782e-11,2.0608599253241016e-09,3.821532131038497e-10,7.376101028549122e-11,1.5642642974853516
5297,7.642382483482451e-11,2.0526974935050963e-09,3.8082742296730603e-10,7.349232571859338e-11,1.5985965728759766
5298,7.61632763995748e-11,2.0445514755184685e-09,3.795012008187798e-10,7.322454135148021e-11,1.6183853149414062
5299,7.590293818228162e-11,2.0364243266437626e-09,3.7817286115910257e-10,7.295703818372044e-11,1.5349388122558594
5300,7.564380327140489e-11,2.028313013981897e-09,3.7684465060528533e-10,7.269064261208796e-11,1.5277862548828125
5301,7.538530981799998e-11,2.0202195683425735e-09,3.755150681757574e-10,7.24247803730415e-11,1.725912094116211
5302,7.512765984632871e-11,2.0121448474631214e-09,3.7418440328909573e-10,7.215956177754778e-11,1.665353775024414
5303,7.487062483251856e-11,2.004086514992998e-09,3.728533478125319e-10,7.189480676317445e-11,1.5370845794677734
5304,7.461434176935864e-11,1.9960453278449067e-09,3.715225764227758e-10,7.163076888452569e-11,1.5263557434082031
5305,7.435877986921314e-11,1.9880207426219672e-09,3.7019162569511884e-10,7.136736395399504e-11,1.5192031860351562
5306,7.410418233540272e-11,1.980015870449711e-09,3.6885933990243116e-10,7.110518489779734e-11,1.5864372253417969
5307,7.385004343687565e-11,1.9720280570366212e-09,3.6752586018428885e-10,7.084343854858815e-11,1.5826225280761719
5308,7.359680617668137e-11,1.9640611539272227e-09,3.661919178723756e-10,7.058257236510837e-11,1.544952392578125
5309,7.33440008921797e-11,1.9561103321624977e-09,3.6485752376640953e-10,7.032189357233425e-11,1.6012191772460938
5310,7.309187189352864e-11,1.9481776173841314e-09,3.6352276981255864e-10,7.00617901305585e-11,1.5840530395507812
5311,7.28404635724602e-11,1.940264082545731e-09,3.621879801825118e-10,6.980229009881591e-11,1.5323162078857422
5312,7.258996675662676e-11,1.932365935040008e-09,3.60851986329883e-10,6.954353335884882e-11,1.5597343444824219
5313,7.2340381428831e-11,1.924487923001654e-09,3.595166741658533e-10,6.928565498447076e-11,1.6036033630371094
5314,7.209196203643175e-11,1.916630801101286e-09,3.581794235491275e-10,6.902878152122127e-11,1.5413761138916016
5315,7.184390301201222e-11,1.9087880891419196e-09,3.568435409769738e-10,6.877228890519505e-11,1.524209976196289
5316,7.159673694175889e-11,1.900967493469306e-09,3.555060188543482e-10,6.851640826988392e-11,1.5404224395751953
5317,7.134968692420853e-11,1.8931641582175098e-09,3.5416912609728973e-10,6.826080504066857e-11,1.5993118286132812
5318,7.110353514774248e-11,1.885378657723001e-09,3.5283229271142994e-10,6.800573838498209e-11,1.6086101531982422
5319,7.085843668165549e-11,1.8776130885007633e-09,3.5149458019782947e-10,6.775188502813638e-11,1.5900135040283203
5320,7.061398399231769e-11,1.8698652902238684e-09,3.5015781147184845e-10,6.749838867798312e-11,1.5366077423095703
5321,7.037042224907015e-11,1.8621370320099312e-09,3.4881999949647933e-10,6.724570974774779e-11,1.5931129455566406
5322,7.012727961800045e-11,1.8544296253351536e-09,3.4748367066472186e-10,6.69935964980457e-11,1.5399456024169922
5323,6.988541265593965e-11,1.8467401179409488e-09,3.461452681303396e-10,6.674259057516103e-11,1.6205310821533203
5324,6.964393664633802e-11,1.8390705191028233e-09,3.4480785270963354e-10,6.649206818396415e-11,1.5366077423095703
5325,6.940286602447925e-11,1.831419027491328e-09,3.4346957712358943e-10,6.624161494979198e-11,1.550436019897461
5326,6.916272363593325e-11,1.8237866755951336e-09,3.4213268353468326e-10,6.599213203340648e-11,1.5244483947753906
5327,6.892312155245828e-11,1.8161750422935273e-09,3.4079592084768794e-10,6.574314579667518e-11,1.5261173248291016
5328,6.868447132592501e-11,1.8085819846797866e-09,3.394594224456496e-10,6.549534097508564e-11,1.5518665313720703
5329,6.844611541174704e-11,1.8010099780957923e-09,3.3812339547166184e-10,6.524786647764747e-11,1.5952587127685547
5330,6.820894159827077e-11,1.7934584688626715e-09,3.367866745317875e-10,6.500166092058533e-11,1.5611648559570312
5331,6.797183624357655e-11,1.7859259221768545e-09,3.3545012149309893e-10,6.47552924525419e-11,1.5225410461425781
5332,6.773591327343775e-11,1.7784125875812948e-09,3.341136246175681e-10,6.451001173793732e-11,1.5270709991455078
5333,6.750063356092294e-11,1.770920473390022e-09,3.3277837572507676e-10,6.426536582188469e-11,1.972198486328125
5334,6.726575026894687e-11,1.7634474056734357e-09,3.314427268016747e-10,6.402101485551124e-11,1.5635490417480469
5335,6.703146587146409e-11,1.7559953633604013e-09,3.30107195277389e-10,6.377736541195722e-11,1.6131401062011719
5336,6.679842190580477e-11,1.7485642257824908e-09,3.287724928463785e-10,6.353475443089352e-11,1.5931129455566406
5337,6.656592769438343e-11,1.74115369295221e-09,3.274381874471265e-10,6.329300633278394e-11,1.5406608581542969
5338,6.633398971290578e-11,1.7337627861537742e-09,3.261037365229882e-10,6.305131085645796e-11,1.5647411346435547
5339,6.610258602531552e-11,1.7263937118932705e-09,3.247703122931027e-10,6.281031354661393e-11,1.5523433685302734
5340,6.58721621370989e-11,1.7190445086905439e-09,3.234378104750208e-10,6.257012043178722e-11,1.5566349029541016
5341,6.56419525687526e-11,1.7117162621207056e-09,3.2210542029902554e-10,6.233008081107987e-11,1.5444755554199219
5342,6.541329578111312e-11,1.704408008929616e-09,3.2077392235117984e-10,6.209142297782752e-11,1.5461444854736328
5343,6.518513879208739e-11,1.697121875804326e-09,3.1944270755810256e-10,6.185341117864242e-11,1.5692710876464844
5344,6.495723701912868e-11,1.6898551859537712e-09,3.181115388266686e-10,6.161543621498118e-11,1.5633106231689453
5345,6.473038715904674e-11,1.6826127159327231e-09,3.1678209336738814e-10,6.137844028249294e-11,1.523733139038086
5346,6.450383695848482e-11,1.675387044069888e-09,3.1545222301751977e-10,6.114147539153883e-11,1.5273094177246094
5347,6.427822737929328e-11,1.6681843918606582e-09,3.141249134759069e-10,6.090550109267142e-11,1.5299320220947266
5348,6.405352147141218e-11,1.661002340747475e-09,3.127981836498881e-10,6.067040457379462e-11,1.583099365234375
5349,6.382972833369682e-11,1.6538426038201142e-09,3.114724776161513e-10,6.043603132670531e-11,1.546621322631836
5350,6.360670923779418e-11,1.6467031256269639e-09,3.1014664100896475e-10,6.020264907671583e-11,1.5308856964111328
5351,6.338402213533218e-11,1.6395870861642417e-09,3.0882224248151203e-10,5.996951321779921e-11,1.7285346984863281
5352,6.316191243987571e-11,1.6324918667126296e-09,3.074987550338725e-10,5.973697062951106e-11,1.562356948852539
5353,6.294049785919404e-11,1.625419475733389e-09,3.061764616780026e-10,5.950521868860692e-11,1.5609264373779297
5354,6.271973395347677e-11,1.61836675260699e-09,3.048548988099436e-10,5.927388074417505e-11,1.5380382537841797
5355,6.250012137112301e-11,1.6113371710882328e-09,3.035348487692377e-10,5.904372914114418e-11,1.5251636505126953
5356,6.228090183412722e-11,1.6043299616657013e-09,3.0221582442993667e-10,5.881410629482619e-11,1.5594959259033203
5357,6.20623153424325e-11,1.5973439175840514e-09,3.0089753718329845e-10,5.858485517784693e-11,1.5227794647216797
5358,6.18445302521409e-11,1.5903801448812785e-09,2.995800140304184e-10,5.835647970410632e-11,1.5494823455810547
5359,6.162741681990441e-11,1.5834389763016584e-09,2.98263838680004e-10,5.8128686287414355e-11,1.5304088592529297
5360,6.141124945585549e-11,1.5765207070598166e-09,2.969487828437844e-10,5.79019115374632e-11,1.5358924865722656
5361,6.119560770761287e-11,1.5696248953019482e-09,2.956343783714855e-10,5.767551714949253e-11,1.561880111694336
5362,6.098013272714085e-11,1.5627500544135618e-09,2.9432207859905665e-10,5.7449324760954656e-11,1.5327930450439453
5363,6.076558332730285e-11,1.5558994287627596e-09,2.9301056762023287e-10,5.722385641002031e-11,1.5282630920410156
5364,6.055235833872844e-11,1.5490694663576084e-09,2.917008431456776e-10,5.69997468594436e-11,1.5635490417480469
5365,6.033957126863458e-11,1.5422637168691578e-09,2.903923758725766e-10,5.6775870561731314e-11,1.52587890625
5366,6.012753204850897e-11,1.5354806773655361e-09,2.890853661328616e-10,5.6552702624483645e-11,1.5337467193603516
5367,5.991634824998297e-11,1.528720660435488e-09,2.877797965460496e-10,5.633012248341796e-11,1.5189647674560547
5368,5.970581850353505e-11,1.5219818161635131e-09,2.864753060876551e-10,5.610830435635541e-11,1.5692710876464844
5369,5.94962506510872e-11,1.5152668227651074e-09,2.851731204730333e-10,5.588756726730893e-11,1.558542251586914
5370,5.928680514814671e-11,1.5085756266129904e-09,2.838722639294821e-10,5.5666768166825484e-11,1.5277862548828125
5371,5.907829809283288e-11,1.5019057034405235e-09,2.825724229837904e-10,5.5446864814932425e-11,1.5659332275390625
5372,5.887064798052291e-11,1.4952608184795397e-09,2.8127372076743054e-10,5.522764935014249e-11,1.5888214111328125
5373,5.866355677205027e-11,1.4886386140216903e-09,2.799777469342305e-10,5.5008948464049796e-11,1.542806625366211
5374,5.845746935336849e-11,1.4820385931143794e-09,2.786839377183904e-10,5.479125349710438e-11,1.5823841094970703
5375,5.825207917730628e-11,1.4754630568172323e-09,2.773908287156129e-10,5.4574491674842966e-11,1.6298294067382812
5376,5.8046621998645444e-11,1.4689115458706051e-09,2.7609900595132556e-10,5.4357741788749376e-11,1.5494823455810547
5377,5.7842303884463376e-11,1.4623812421574217e-09,2.7480953949758e-10,5.4141966122078834e-11,1.5325546264648438
5378,5.763863771639084e-11,1.4558772237120354e-09,2.735208560194679e-10,5.392683450683914e-11,1.5513896942138672
5379,5.7435584757097665e-11,1.449396133968648e-09,2.7223567363265587e-10,5.371215649550696e-11,1.5857219696044922
5380,5.723345823458829e-11,1.4429381250807686e-09,2.709517180797316e-10,5.349854246708863e-11,1.5447139739990234
5381,5.7031903264448016e-11,1.4365046585728207e-09,2.6966914405882927e-10,5.32856569723798e-11,1.5654563903808594
5382,5.683094330126006e-11,1.4300954084706074e-09,2.6838923771808297e-10,5.3073154632108336e-11,1.5442371368408203
5383,5.663055575599989e-11,1.4237091979643139e-09,2.671100316618008e-10,5.286130490423138e-11,1.5482902526855469
5384,5.643119618983816e-11,1.4173472809712332e-09,2.658338023280398e-10,5.265032469045436e-11,1.5506744384765625
5385,5.623254070599816e-11,1.4110098749884451e-09,2.6455962102708414e-10,5.243999694336237e-11,1.5327930450439453
5386,5.6034373752842754e-11,1.4046965191746505e-09,2.6328697866583596e-10,5.223013370498496e-11,1.5282630920410156
5387,5.5837098195297914e-11,1.3984084185615721e-09,2.620161615435887e-10,5.202126733574441e-11,1.5530586242675781
5388,5.564043733555499e-11,1.3921425485874246e-09,2.6074788615392687e-10,5.181297669560793e-11,1.5282630920410156
5389,5.5444364959820714e-11,1.3859015560509197e-09,2.59481050159807e-10,5.160511067791077e-11,1.5680789947509766
5390,5.524906240662464e-11,1.3796849209893323e-09,2.582169722620865e-10,5.1397985210095544e-11,1.5397071838378906
5391,5.505441696964314e-11,1.3734940595023732e-09,2.569545871203266e-10,5.1191491521274024e-11,1.5645027160644531
5392,5.486080777229119e-11,1.367327556808363e-09,2.5569420923920793e-10,5.0986125703710454e-11,1.5263557434082031
5393,5.4667586774884386e-11,1.3611853780334952e-09,2.544364035576074e-10,5.0781038341517927e-11,1.5544891357421875
5394,5.4475277946764094e-11,1.3550680302578296e-09,2.531796553946767e-10,5.057704029473095e-11,1.5561580657958984
5395,5.428307344742185e-11,1.3489754075062087e-09,2.519275723841212e-10,5.037289625775416e-11,1.5742778778076172
5396,5.4092067813949447e-11,1.3429053880240916e-09,2.5067747341547715e-10,5.016990989992076e-11,1.560211181640625
5397,5.3901571583902295e-11,1.3368626949040745e-09,2.494287432913568e-10,4.996746053536633e-11,1.6872882843017578
5398,5.371232491384473e-11,1.3308438448803764e-09,2.4818254245733627e-10,4.9766321416472e-11,1.5707015991210938
5399,5.352384975708138e-11,1.3248491811563277e-09,2.469389904539462e-10,4.956565457230379e-11,1.5840530395507812
5400,5.333578550641003e-11,1.31888041867619e-09,2.4569734936984933e-10,4.936537901670551e-11,1.6489028930664062
5401,5.3148269905424675e-11,1.3129373268755435e-09,2.444582145683495e-10,4.9165668066481575e-11,1.7757415771484375
5402,5.296152910248407e-11,1.3070193208995084e-09,2.432223979622513e-10,4.896643508957684e-11,1.6291141510009766
5403,5.277578412400034e-11,1.301124298470054e-09,2.4198891692989523e-10,4.876843425398836e-11,1.5521049499511719
5404,5.259053593878123e-11,1.2952549796074746e-09,2.40758262312127e-10,4.8570792484079573e-11,1.6472339630126953
5405,5.2406598115359097e-11,1.2894119084761696e-09,2.395299209125713e-10,4.837457100916262e-11,1.5718936920166016
5406,5.2222618599941814e-11,1.2835956302551126e-09,2.383024741814003e-10,4.8178406180811775e-11,1.5630722045898438
5407,5.203951219634845e-11,1.2778036091898475e-09,2.370796186824055e-10,4.7982963081988614e-11,1.5556812286376953
5408,5.185709816301449e-11,1.2720379219962113e-09,2.3585820668034195e-10,4.778849854420914e-11,1.5413761138916016
5409,5.167526234348208e-11,1.266296363473597e-09,2.3464047312664387e-10,4.7594243100477513e-11,1.5304088592529297
5410,5.1494106760547905e-11,1.2605809962908594e-09,2.3342464942291857e-10,4.740075012001973e-11,1.5978813171386719
5411,5.13142424126912e-11,1.2548909905467656e-09,2.3221210438750296e-10,4.720876979348066e-11,1.5387535095214844
5412,5.1134963004230755e-11,1.2492275570547822e-09,2.3100177081120528e-10,4.7017327807065885e-11,1.5232563018798828
5413,5.0955786272159115e-11,1.2435903531980874e-09,2.2979464135452793e-10,4.682587060103809e-11,1.523733139038086
5414,5.0777992033457254e-11,1.2379781625342684e-09,2.2858973531888399e-10,4.6635647778612394e-11,1.5377998352050781
5415,5.060111212205308e-11,1.2323911689677844e-09,2.2738836622058294e-10,4.6446186498286926e-11,1.5685558319091797
5416,5.0424642330268975e-11,1.2268281199820406e-09,2.2618960111417397e-10,4.625731394581323e-11,1.6069412231445312
5417,5.024859024111337e-11,1.2212929483023608e-09,2.2499410550561384e-10,4.606888199253413e-11,1.5544891357421875
5418,5.0073754501459386e-11,1.2157837304195125e-09,2.2380145588942545e-10,4.5881529379509545e-11,1.5447139739990234
5419,4.98997167917713e-11,1.21029971734292e-09,2.226120949772778e-10,4.5694965383309934e-11,1.531839370727539
5420,4.972620537721006e-11,1.2048431211144844e-09,2.2142497927664899e-10,4.550906405644987e-11,1.5621185302734375
5421,4.9553294757096004e-11,1.1994127514344209e-09,2.2024151219230613e-10,4.532382973086524e-11,1.5540122985839844
5422,4.9380757511886905e-11,1.1940078520728448e-09,2.190599878239176e-10,4.513911213130031e-11,1.5518665313720703
5423,4.9208749432379067e-11,1.1886280487302174e-09,2.178823915432406e-10,4.495481279243131e-11,1.522064208984375
5424,4.903849605777196e-11,1.1832753625339353e-09,2.1670778525821945e-10,4.47724121767205e-11,1.5196800231933594
5425,4.886815716813156e-11,1.1779492547068076e-09,2.1553574647830093e-10,4.4589764052016455e-11,1.5506744384765625
5426,4.869885285420253e-11,1.1726485543345263e-09,2.1436681537580856e-10,4.4407963779823196e-11,1.5690326690673828
5427,4.8529971961587124e-11,1.1673739112073244e-09,2.1320132815906723e-10,4.4226470177329917e-11,1.5959739685058594
5428,4.8362547903369606e-11,1.162125333785737e-09,2.1203897807751436e-10,4.404631997252446e-11,1.5556812286376953
5429,4.819550436061297e-11,1.1569026482871102e-09,2.1087924779141592e-10,4.386660536562283e-11,1.5387535095214844
5430,4.802908634410373e-11,1.151706420780323e-09,2.097237520583704e-10,4.3687275584287786e-11,1.5714168548583984
5431,4.7863549696649434e-11,1.1465379794136404e-09,2.0857149710085724e-10,4.3508899664784344e-11,1.5511512756347656
5432,4.769852196690759e-11,1.1413941015889252e-09,2.0742278539939045e-10,4.333135605117532e-11,1.531839370727539
5433,4.753417170869056e-11,1.136275989171699e-09,2.0627787358367101e-10,4.315456411131119e-11,1.6281604766845703
5434,4.737074556949004e-11,1.1311861946897568e-09,2.051352838625968e-10,4.2978705328237144e-11,1.535654067993164
5435,4.720746714250573e-11,1.1261217481680853e-09,2.0399579350174541e-10,4.280293938788879e-11,1.5597343444824219
5436,4.704529219951024e-11,1.1210867449244951e-09,2.028610029715876e-10,4.2628601294256035e-11,1.5633106231689453
5437,4.6883737101395996e-11,1.1160753368644768e-09,2.0172834513893928e-10,4.245475132525908e-11,1.5916824340820312
5438,4.6722817407237015e-11,1.111092368028122e-09,2.0059923438048017e-10,4.228166541409862e-11,1.5840530395507812
5439,4.656281377327878e-11,1.1061352800439038e-09,1.9947345640891561e-10,4.2109524198588966e-11,1.547098159790039
5440,4.6402950897359016e-11,1.1012061681051545e-09,1.9835073479613716e-10,4.193745708302048e-11,1.5447139739990234
5441,4.624379780236878e-11,1.0963002439464473e-09,1.972326826066944e-10,4.1765918623260246e-11,1.5645027160644531
5442,4.6085704920937445e-11,1.0914236695946105e-09,1.961184539963514e-10,4.1595456322987745e-11,1.5573501586914062
5443,4.5928820715054995e-11,1.0865724125078456e-09,1.9500742898660142e-10,4.142631962958571e-11,1.535654067993164
5444,4.5772566987570444e-11,1.0817493508615873e-09,1.9389890642816905e-10,4.1257779759027566e-11,1.5325546264648438
5445,4.561665127611401e-11,1.076951407844938e-09,1.9279466586805963e-10,4.108963193690223e-11,1.550436019897461
5446,4.546173182288832e-11,1.072179531305741e-09,1.9169377945213227e-10,4.0922252742418013e-11,1.558542251586914
5447,4.5307123898855085e-11,1.0674373294604653e-09,1.9059678989475896e-10,4.0755311527642684e-11,1.5518665313720703
5448,4.515361613868441e-11,1.062720371062289e-09,1.8950459850580623e-10,4.0589312380748156e-11,1.5904903411865234
5449,4.500097593568949e-11,1.0580280937400377e-09,1.8841497118210576e-10,4.0424331217454145e-11,1.5892982482910156
5450,4.484885510208004e-11,1.0533638741210101e-09,1.8732956605334525e-10,4.025983298380747e-11,1.537322998046875
5451,4.4697381869841876e-11,1.0487275838846661e-09,1.8624741206026195e-10,4.009593945042441e-11,1.794576644897461
5452,4.45469353439842e-11,1.0441165885928235e-09,1.851682146915809e-10,3.993326307027722e-11,1.5790462493896484
5453,4.439695663877948e-11,1.0395332416333734e-09,1.840944190274194e-10,3.977116504881777e-11,1.5494823455810547
5454,4.4247613807583315e-11,1.034975891370965e-09,1.8302353621109735e-10,3.960954681203568e-11,1.5506744384765625
5455,4.409901011510615e-11,1.0304458427326064e-09,1.819565726447888e-10,3.9448716576374855e-11,1.5959739685058594
5456,4.395133575933752e-11,1.0259413909119566e-09,1.8089415052164229e-10,3.928862770022047e-11,1.5609264373779297
5457,4.380423200993247e-11,1.0214647221423095e-09,1.7983472431519635e-10,3.912919806483514e-11,1.6341209411621094
5458,4.365763520208257e-11,1.0170151453932564e-09,1.7877868764890923e-10,3.8970455568366055e-11,1.5559196472167969
5459,4.351200518323204e-11,1.0125916746444158e-09,1.7772787511174084e-10,3.881254591690516e-11,1.5342235565185547
5460,4.336702593509341e-11,1.0081938438384129e-09,1.7668150063538916e-10,3.865541556517799e-11,1.6512870788574219
5461,4.322303706562381e-11,1.0038236475274303e-09,1.7563788133379192e-10,3.849928981269478e-11,1.7476081848144531
5462,4.307962155232295e-11,9.994819794734634e-10,1.745977045574338e-10,3.834378373614725e-11,1.5718936920166016
5463,4.29368018666682e-11,9.951645909264376e-10,1.7356266409866502e-10,3.818890242207155e-11,1.5361309051513672
5464,4.279490243331214e-11,9.90873733390799e-10,1.7253161574315494e-10,3.8035021521245776e-11,1.6193389892578125
5465,4.265347251292219e-11,9.866112679531683e-10,1.715044466446322e-10,3.788150160183342e-11,1.5401840209960938
5466,4.2512894151906854e-11,9.823745722070276e-10,1.7048103552867168e-10,3.7728932575615756e-11,1.5740394592285156
5467,4.2373085098755253e-11,9.7816381377596e-10,1.6946241656606852e-10,3.757707624964636e-11,1.6326904296875
5468,4.223438051285213e-11,9.739796742438914e-10,1.6844701279703231e-10,3.7426341268549234e-11,1.6415119171142578
5469,4.209557891555145e-11,9.698229537257927e-10,1.6743550267888558e-10,3.727536478750113e-11,1.5289783477783203
5470,4.195758451898306e-11,9.656923187766e-10,1.6642945340668674e-10,3.7125539109469795e-11,1.5554428100585938
5471,4.1820541419341014e-11,9.615890109208341e-10,1.6542738628169589e-10,3.697695336947627e-11,1.6520023345947266
5472,4.1683741703174884e-11,9.57511470492864e-10,1.644295567412317e-10,3.6828307638124285e-11,1.5943050384521484
5473,4.154778663867427e-11,9.534613211034468e-10,1.634354605089205e-10,3.668089123279425e-11,1.5597343444824219
5474,4.1412534542369485e-11,9.494362988522532e-10,1.6244660629711282e-10,3.6534316475925486e-11,1.531362533569336
5475,4.127795010917097e-11,9.454387069452142e-10,1.6146051063278443e-10,3.6388397874408265e-11,1.550912857055664
5476,4.1144101102036304e-11,9.414689668726921e-10,1.6047871366788398e-10,3.624337806986291e-11,1.680135726928711
5477,4.1010799189235025e-11,9.375245375996518e-10,1.595014626632508e-10,3.60989272590719e-11,1.5354156494140625
5478,4.087827108605377e-11,9.336078334113442e-10,1.5852821001729966e-10,3.595491382393717e-11,1.5828609466552734
5479,4.07464438557721e-11,9.297156643458369e-10,1.575596721403206e-10,3.5811881716501524e-11,1.634359359741211
5480,4.061577754311246e-11,9.25849443377949e-10,1.5659552442451507e-10,3.5669793237913844e-11,1.5268325805664062
5481,4.0485434742385845e-11,9.220080245502744e-10,1.5563622401152052e-10,3.552817976257033e-11,1.59454345703125
5482,4.035610090814615e-11,9.181953982697311e-10,1.5468122989895725e-10,3.5387782568505195e-11,1.5287399291992188
5483,4.0227068322818414e-11,9.144074386728689e-10,1.5373065896984727e-10,3.5247539079406834e-11,1.5854835510253906
5484,4.009887594550215e-11,9.10647544148217e-10,1.5278457583543843e-10,3.51081932110558e-11,1.5583038330078125
5485,3.997124657626141e-11,9.069125532130219e-10,1.5184271153638243e-10,3.496958550985381e-11,1.5349388122558594
5486,3.984399624745542e-11,9.032029944926377e-10,1.5090492973377593e-10,3.483124315682235e-11,1.6248226165771484
5487,3.9717522521832166e-11,8.995194208736585e-10,1.499723540068355e-10,3.469363915208637e-11,1.6095638275146484
5488,3.9592294905989213e-11,8.958625106961806e-10,1.4904342475021753e-10,3.455775511663631e-11,1.5408992767333984
5489,3.946707846698521e-11,8.922298748161396e-10,1.4812016300314936e-10,3.442148001818706e-11,1.589059829711914
5490,3.9342788776501186e-11,8.886256309770737e-10,1.4720147396576018e-10,3.428665441187601e-11,1.5921592712402344
5491,3.9219480914749776e-11,8.850459264356568e-10,1.462875628336892e-10,3.415263204399984e-11,1.6548633575439453
5492,3.909663044792167e-11,8.814927344093341e-10,1.4537591574059323e-10,3.401902954226882e-11,1.543283462524414
5493,3.897443258339052e-11,8.779631774232845e-10,1.4446996801101784e-10,3.388570022162201e-11,1.5382766723632812
5494,3.8853140792034306e-11,8.744596983472754e-10,1.4356897018005208e-10,3.375363445721838e-11,1.5494823455810547
5495,3.8732446720495195e-11,8.709817067653556e-10,1.4267325193224243e-10,3.362196588009936e-11,1.5897750854492188
5496,3.861256651784971e-11,8.675298230961434e-10,1.417819990413819e-10,3.349148456431337e-11,1.5892982482910156
5497,3.849324283896265e-11,8.641041700042856e-10,1.4089679549488964e-10,3.336192411301384e-11,1.580953598022461
5498,3.837415276863797e-11,8.607039388293999e-10,1.400141765456e-10,3.323255877676358e-11,1.5361309051513672
5499,3.825578345498596e-11,8.573303683484999e-10,1.3913593914732367e-10,3.310400822734842e-11,1.6613006591796875
5500,3.8137748382735276e-11,8.539785898509087e-10,1.3826314567512573e-10,3.297599872885169e-11,1.5909671783447266
5501,3.802076215982837e-11,8.50652733649179e-10,1.3739372074425793e-10,3.2848811602317366e-11,1.8405914306640625
5502,3.790468603860687e-11,8.473535263494582e-10,1.3653133439563203e-10,3.272273294975504e-11,1.621246337890625
5503,3.778922224916747e-11,8.440781503495702e-10,1.3567351119929337e-10,3.259743189149382e-11,1.5416145324707031
5504,3.767409884518804e-11,8.408299689668667e-10,1.3481850885103606e-10,3.2472361203238856e-11,1.531839370727539
5505,3.7559505555232924e-11,8.376043894018811e-10,1.3397010461958755e-10,3.234809726533475e-11,1.5664100646972656
5506,3.7446417372736286e-11,8.344035889858512e-10,1.3312569471121123e-10,3.222509020477117e-11,1.6512870788574219
5507,3.7333188673897745e-11,8.312286021415083e-10,1.3228624068209188e-10,3.2102211897621524e-11,1.5845298767089844
5508,3.7220627859246154e-11,8.280767172258933e-10,1.3145180722006195e-10,3.198003706268287e-11,1.531362533569336
5509,3.7108852233996856e-11,8.249507262638028e-10,1.3062275540048294e-10,3.185886587972809e-11,1.528024673461914
5510,3.699759639865902e-11,8.218512824049008e-10,1.297984341071821e-10,3.17383777787617e-11,1.6574859619140625
5511,3.688725603059872e-11,8.187726397957814e-10,1.289788381553504e-10,3.161879392985987e-11,1.5974044799804688
5512,3.6777395473538434e-11,8.157189054531132e-10,1.2816420771283132e-10,3.149991189784542e-11,1.5349388122558594
5513,3.666840859254357e-11,8.12690870536114e-10,1.2735300715728303e-10,3.1381900415686606e-11,1.5251636505126953
5514,3.655963882483543e-11,8.096857385363754e-10,1.2654785833659386e-10,3.126409165392249e-11,1.5826225280761719
5515,3.64517259364101e-11,8.0670531816648e-10,1.2574723992028945e-10,3.114703987796139e-11,1.552581787109375
5516,3.634450683218308e-11,8.037488654226418e-10,1.249518501414615e-10,3.103070777562225e-11,1.6074180603027344
5517,3.6237640888442116e-11,8.008133780836122e-10,1.241620110315735e-10,3.091476376300672e-11,1.5447139739990234
5518,3.613204423673532e-11,7.979033795903719e-10,1.2337695784025827e-10,3.0800124382687634e-11,1.6052722930908203
5519,3.6026640104118635e-11,7.950180369210109e-10,1.2259771119408943e-10,3.068604506758974e-11,1.5370845794677734
5520,3.59217174289092e-11,7.921538999410873e-10,1.2182317445979125e-10,3.0572488674715974e-11,1.6033649444580078
5521,3.5817323605759224e-11,7.893156113688646e-10,1.210530730901576e-10,3.045962206518104e-11,1.67083740234375
5522,3.5713523161846705e-11,7.864988837890193e-10,1.202873099768076e-10,3.034747544601598e-11,1.5430450439453125
5523,3.5610195506345335e-11,7.837079482087793e-10,1.1952706987330845e-10,3.0236181008174034e-11,1.5430450439453125
5524,3.5507344822900554e-11,7.809384173318916e-10,1.1877288171132306e-10,3.012531993390619e-11,1.5408992767333984
5525,3.54051471515026e-11,7.781907882298585e-10,1.180243231382647e-10,3.0015236701708616e-11,1.7342567443847656
5526,3.530379998823058e-11,7.754686766990153e-10,1.1727901899231546e-10,2.9906153044244165e-11,1.6415119171142578
5527,3.520258602814609e-11,7.727691275576838e-10,1.1653881115091847e-10,2.979724197447896e-11,1.5711784362792969
5528,3.510224228028378e-11,7.700924086990468e-10,1.158037318453185e-10,2.968935009863418e-11,1.6148090362548828
5529,3.5002202966680396e-11,7.674357098234663e-10,1.1507450771124797e-10,2.9581746963553126e-11,1.5971660614013672
5530,3.49028775938702e-11,7.648027325700744e-10,1.1434942843383004e-10,2.94749358573196e-11,1.5473365783691406
5531,3.480457907260766e-11,7.621924039926918e-10,1.1363075917945761e-10,2.9369234187034275e-11,1.6651153564453125
5532,3.470676845063508e-11,7.596041616653674e-10,1.1291741068301649e-10,2.92642407498588e-11,1.554727554321289
5533,3.460907130281681e-11,7.570383320113978e-10,1.1220824703042833e-10,2.915914881885731e-11,1.6019344329833984
5534,3.4512434366171546e-11,7.544961115034428e-10,1.1150476718525838e-10,2.9055669433335985e-11,1.5254020690917969
5535,3.441594702146877e-11,7.519730643458585e-10,1.1080570322595714e-10,2.8952051803910428e-11,1.6663074493408203
5536,3.432011341704258e-11,7.494726790846274e-10,1.1011338787683807e-10,2.8849178342576308e-11,1.691579818725586
5537,3.422540348320381e-11,7.469927906316039e-10,1.094253913940641e-10,2.8747600609476603e-11,1.5530586242675781
5538,3.413077955748514e-11,7.4453398708198e-10,1.087434857661459e-10,2.8646117276738715e-11,1.5342235565185547
5539,3.4037185297515634e-11,7.420984657101765e-10,1.080650027297783e-10,2.8545946652555024e-11,1.5213489532470703
5540,3.394401057062401e-11,7.39682643330008e-10,1.0739248415704337e-10,2.8446342776692908e-11,1.5835762023925781
5541,3.3850718598538714e-11,7.372902102235143e-10,1.0672603107670922e-10,2.8346510715136617e-11,1.6317367553710938
5542,3.375810581146478e-11,7.349160564052105e-10,1.0606448335004778e-10,2.8247571342681156e-11,1.5473365783691406
5543,3.366607888559496e-11,7.325631784644373e-10,1.0540772608027813e-10,2.8149339992575742e-11,1.51824951171875
5544,3.357468276218677e-11,7.302315352721628e-10,1.0475685446825933e-10,2.8052109476599544e-11,1.5785694122314453
5545,3.34838382945023e-11,7.279208464569629e-10,1.0411127427210259e-10,2.7955612899597632e-11,1.5435218811035156
5546,3.339317377334238e-11,7.256306733001088e-10,1.0347050351983022e-10,2.785945521424643e-11,1.547098159790039
5547,3.3303128178706284e-11,7.233611100033372e-10,1.0283487405963503e-10,2.7763841592213937e-11,1.6322135925292969
5548,3.321365490105113e-11,7.211118430392746e-10,1.0220446092467502e-10,2.7668923149943813e-11,1.5981197357177734
5549,3.312440198302328e-11,7.188807670985155e-10,1.0157822624012014e-10,2.7574052789222688e-11,1.5256404876708984
5550,3.303646096639632e-11,7.166703028705533e-10,1.0095941689738099e-10,2.748055916475254e-11,1.5137195587158203
5551,3.29491456704481e-11,7.14479588072346e-10,1.003457908131877e-10,2.7387939087537178e-11,1.745462417602539
5552,3.286191057377894e-11,7.123091369602036e-10,9.973732079986782e-11,2.7295688216193638e-11,1.7330646514892578
5553,3.2775014722534775e-11,7.101568206646839e-10,9.913412686892271e-11,2.7203813669262535e-11,1.5277862548828125
5554,3.268864188003772e-11,7.080245253772054e-10,9.853521004434048e-11,2.7112479233013835e-11,1.5416145324707031
5555,3.2603075963294404e-11,7.059121209303648e-10,9.794140646049183e-11,2.702202924084975e-11,1.5404224395751953
5556,3.2517970034546435e-11,7.038180113995861e-10,9.735394549520424e-11,2.693233638493503e-11,1.6055107116699219
5557,3.2433212057770763e-11,7.017412603059926e-10,9.677168185848047e-11,2.6842945420835835e-11,1.7366409301757812
5558,3.2348707571992104e-11,6.996836893544947e-10,9.619645830953238e-11,2.675392929145493e-11,1.5268325805664062
5559,3.2264893567121523e-11,6.976467204765266e-10,9.562567890256017e-11,2.6666017352283775e-11,1.6570091247558594
5560,3.2181832813764955e-11,6.956269749725865e-10,9.505847712096389e-11,2.6578917279154773e-11,1.5368461608886719
5561,3.209889628765352e-11,6.936259429105496e-10,9.449669266168523e-11,2.6492156977140833e-11,1.5249252319335938
5562,3.201627902458403e-11,6.916431751632759e-10,9.394000396160128e-11,2.6405684200295916e-11,1.6398429870605469
5563,3.1934194325978745e-11,6.896785251358292e-10,9.338969447442713e-11,2.6319741548965197e-11,1.6014575958251953
5564,3.185275615089214e-11,6.877302067977517e-10,9.284508007053887e-11,2.6234573539956856e-11,1.5289783477783203
5565,3.177211745944589e-11,6.858005671867564e-10,9.230560228345133e-11,2.6150474244385045e-11,1.5194416046142578
5566,3.1691358525471e-11,6.838878556169953e-10,9.177092378804532e-11,2.6066447556272484e-11,1.524209976196289
5567,3.161134572791691e-11,6.81992901581631e-10,9.124214910237494e-11,2.5983044423794264e-11,1.6298294067382812
5568,3.153168612125e-11,6.801156308321807e-10,9.071802658194291e-11,2.5900157195403783e-11,1.5194416046142578
5569,3.145232868333536e-11,6.782538016436196e-10,9.019896423904829e-11,2.581780099953051e-11,1.5366077423095703
5570,3.137362107481663e-11,6.764114926583068e-10,8.968562110684328e-11,2.5736227675006014e-11,1.5151500701904297
5571,3.1295152558152685e-11,6.74584051756e-10,8.917819342752665e-11,2.5655270128406544e-11,1.5909671783447266
5572,3.12173997698799e-11,6.727733457512535e-10,8.867644263203711e-11,2.5575034214260516e-11,1.5807151794433594
5573,3.113959479154998e-11,6.709801277281843e-10,8.817819848662396e-11,2.5494910668410918e-11,1.589059829711914
5574,3.106222974584145e-11,6.69202536538222e-10,8.768534885657071e-11,2.541532855342271e-11,1.5592575073242188
5575,3.098556767449551e-11,6.674413874550202e-10,8.719891424571802e-11,2.5336755985637942e-11,1.5864372253417969
5576,3.090883430636209e-11,6.656947435243387e-10,8.671685248003609e-11,2.5257782412234193e-11,1.5330314636230469
5577,3.083312704317782e-11,6.639644520976654e-10,8.624084533053905e-11,2.5180136316190983e-11,1.5823841094970703
5578,3.075777320549322e-11,6.622505636541633e-10,8.577034805595617e-11,2.5102966467059066e-11,1.5420913696289062
5579,3.0682788240679836e-11,6.605514988139389e-10,8.530479608419735e-11,2.50262644758484e-11,1.5921592712402344
5580,3.06083777023314e-11,6.58866353399639e-10,8.484471728574774e-11,2.495046451842494e-11,1.537322998046875
5581,3.053384205183948e-11,6.571988579656373e-10,8.43887119803726e-11,2.4874844671291348e-11,1.519918441772461
5582,3.0459544115543935e-11,6.555463067221795e-10,8.393802954849478e-11,2.4799195830453425e-11,1.5964508056640625
5583,3.0385875806627896e-11,6.539069553112062e-10,8.34934146581171e-11,2.4724144221863328e-11,1.6047954559326172
5584,3.031260201659864e-11,6.522835993627957e-10,8.305292253263104e-11,2.4649831799422512e-11,1.5826225280761719
5585,3.023982121274909e-11,6.506727614575683e-10,8.261874085794707e-11,2.45764796883878e-11,1.5201568603515625
5586,3.016723057503071e-11,6.490772264943448e-10,8.218958163896846e-11,2.4503519318313503e-11,1.5139579772949219
5587,3.0094871551780357e-11,6.474969568458604e-10,8.176554269891402e-11,2.4430916024077236e-11,1.6522407531738281
5588,3.002279212216551e-11,6.459305274790634e-10,8.134643366667031e-11,2.435863658552128e-11,1.5361309051513672
5589,2.9951527065025495e-11,6.443774304208425e-10,8.09318324428659e-11,2.4287018836180343e-11,1.6682147979736328
5590,2.9880701198092155e-11,6.428392297218841e-10,8.052288886846439e-11,2.421595190617812e-11,1.6055107116699219
5591,2.980994004582752e-11,6.413133128613273e-10,8.011821832442174e-11,2.4144816306488022e-11,1.6255378723144531
5592,2.9739648958766794e-11,6.398013404413123e-10,7.971991025305044e-11,2.4074587451850805e-11,1.6579627990722656
5593,2.9669903713276616e-11,6.382999408941473e-10,7.93262355547171e-11,2.400491667803516e-11,1.5721321105957031
5594,2.960031799732864e-11,6.368145646576027e-10,7.893790682933682e-11,2.3935704091993575e-11,1.6613006591796875
5595,2.953148999528129e-11,6.353418748573565e-10,7.855349993016197e-11,2.3867283328437364e-11,1.5265941619873047
5596,2.9462573872339265e-11,6.338814104106755e-10,7.817383193182955e-11,2.3799012019732018e-11,1.5423297882080078
5597,2.939410111377756e-11,6.324342190374376e-10,7.779920470311918e-11,2.373101929151045e-11,1.5981197357177734
5598,2.9325813508820925e-11,6.309987103800157e-10,7.743141966624003e-11,2.3663403610094556e-11,1.6093254089355469
5599,2.9257832444904424e-11,6.295752329383978e-10,7.706728741833749e-11,2.3596199200821288e-11,1.5363693237304688
5600,2.9190345203597276e-11,6.281634958124092e-10,7.67079278874362e-11,2.3529908687319674e-11,1.5251636505126953
5601,2.912362807256104e-11,6.267643940909672e-10,7.63544684911696e-11,2.346448127227786e-11,1.735687255859375
5602,2.905685393812861e-11,6.253763340267608e-10,7.600376703671133e-11,2.3399026780602296e-11,1.6989707946777344
5603,2.8990358413859206e-11,6.240010610077987e-10,7.565903179995575e-11,2.3333819942957328e-11,1.5609264373779297
5604,2.8923915536519097e-11,6.226368454297819e-10,7.531884827727049e-11,2.3268837720401562e-11,1.5909671783447266
5605,2.885795426871007e-11,6.212845815140964e-10,7.498437532498428e-11,2.320454160743878e-11,1.5974044799804688
5606,2.8792293171958196e-11,6.19941566812926e-10,7.465428555619475e-11,2.3140801339695545e-11,1.5285015106201172
5607,2.8727075516463498e-11,6.186113789949344e-10,7.432886855774379e-11,2.3077872719105286e-11,1.590728759765625
5608,2.866175375212755e-11,6.172920308459627e-10,7.400787555741548e-11,2.3014863389621927e-11,1.5635490417480469
5609,2.8597010052028057e-11,6.159818223091043e-10,7.369116667107122e-11,2.2952480983726672e-11,1.5797615051269531
5610,2.8532296487361693e-11,6.146851656604048e-10,7.337862026432902e-11,2.289034170823577e-11,1.5475749969482422
5611,2.84679775220731e-11,6.133976581244336e-10,7.307074328036828e-11,2.28282600154485e-11,1.5377998352050781
5612,2.8404118672028396e-11,6.121206613755387e-10,7.276810231235832e-11,2.276729920215297e-11,1.6009807586669922
5613,2.8340723200503e-11,6.108515851003696e-10,7.247066250319916e-11,2.2706449190380533e-11,1.5742778778076172
5614,2.8277500008747945e-11,6.095946403445889e-10,7.217686296890121e-11,2.2646180239022768e-11,1.5316009521484375
5615,2.8214085449809412e-11,6.083472446690662e-10,7.188664035799654e-11,2.2585364728681954e-11,1.550436019897461
5616,2.8151446598496737e-11,6.071080369594425e-10,7.160110520130765e-11,2.252573505901269e-11,1.5287399291992188
5617,2.8088924330593526e-11,6.058786464544507e-10,7.132182144184927e-11,2.2466214516772192e-11,1.5418529510498047
5618,2.8026490411092976e-11,6.046589736963131e-10,7.104664013789966e-11,2.240725091451926e-11,1.5616416931152344
5619,2.7963945002731336e-11,6.03448576547658e-10,7.07752507356044e-11,2.2348288475974642e-11,1.5358924865722656
5620,2.7901974111107353e-11,6.022480993465024e-10,7.050839155203813e-11,2.229050744402678e-11,1.5244483947753906
5621,2.7839794150560402e-11,6.010570503963954e-10,7.024426194893677e-11,2.223251859726859e-11,1.5902519226074219
5622,2.7778097903128782e-11,5.99874240273688e-10,6.998469030613744e-11,2.217506694976179e-11,1.5568733215332031
5623,2.7716822051228345e-11,5.986999407966654e-10,6.972872235041379e-11,2.211775336861474e-11,1.5819072723388672
5624,2.765611080093675e-11,5.975328694212459e-10,6.947733370129313e-11,2.206107352044706e-11,1.5342235565185547
5625,2.7595238961988086e-11,5.963759095012507e-10,6.923083147993298e-11,2.2004256979080228e-11,1.5480518341064453
5626,2.753488102948178e-11,5.95227114186057e-10,6.898918822081072e-11,2.1948258786208187e-11,1.5506744384765625
5627,2.7474918109795565e-11,5.94083599046722e-10,6.875140235651972e-11,2.1892668945212914e-11,1.527547836303711
5628,2.741494985804924e-11,5.929513529109716e-10,6.851606938539686e-11,2.183697301384075e-11,1.5633106231689453
5629,2.735537648094192e-11,5.918249570778802e-10,6.828451343665047e-11,2.1782128538215003e-11,1.5380382537841797
5630,2.729577374434704e-11,5.907068209035282e-10,6.805782825722388e-11,2.172740870001588e-11,1.5215873718261719
5631,2.7236449062142754e-11,5.895958084938279e-10,6.783446731749079e-11,2.1673160184836144e-11,1.5256404876708984
5632,2.7177320037885464e-11,5.884935278743533e-10,6.76172029462339e-11,2.16192139786459e-11,1.531362533569336
5633,2.7118275221961505e-11,5.873957212515694e-10,6.740187740723077e-11,2.1565456154070903e-11,1.5683174133300781
5634,2.7059338054197682e-11,5.863080610963203e-10,6.718947868158469e-11,2.1511924807188766e-11,1.577615737915039
5635,2.7000886322700552e-11,5.852267120110615e-10,6.698171397724222e-11,2.1458941834844605e-11,1.5330314636230469
5636,2.6942386018149506e-11,5.841518089595996e-10,6.677657247633835e-11,2.1406048006794604e-11,1.524209976196289
5637,2.6884114985803648e-11,5.830846268701749e-10,6.657555542913904e-11,2.1353582706538035e-11,1.5506744384765625
5638,2.6825852709654668e-11,5.820229337963545e-10,6.637845840870941e-11,2.130112988173642e-11,1.5835762023925781
5639,2.676820996582764e-11,5.809674338450415e-10,6.61851560091349e-11,2.1249417331532213e-11,1.5442371368408203
5640,2.6710573729876955e-11,5.799194979258967e-10,6.599506922479104e-11,2.1197917220804337e-11,1.5192031860351562
5641,2.665298009350797e-11,5.788759272511287e-10,6.580741724309413e-11,2.1146462729410274e-11,1.5530586242675781
5642,2.659544742594572e-11,5.778409446371243e-10,6.562373534987775e-11,2.1095430721729468e-11,1.531839370727539
5643,2.6538317560870332e-11,5.768099632411563e-10,6.544276617982754e-11,2.1044790238161304e-11,1.5461444854736328
5644,2.6481546804719776e-11,5.757866856980002e-10,6.526513505182002e-11,2.0994495523657224e-11,1.5707015991210938
5645,2.6424756954874484e-11,5.747677887342375e-10,6.509117199034412e-11,2.0944112073889233e-11,1.5251636505126953
5646,2.6368498463969044e-11,5.737547665593636e-10,6.492106839384194e-11,2.089442289663975e-11,1.5704631805419922
5647,2.631237465878605e-11,5.727462120611946e-10,6.475397557734222e-11,2.0844900256355674e-11,1.569509506225586
5648,2.6256270226504754e-11,5.717432321239122e-10,6.458959480124801e-11,2.079548014111635e-11,1.5552043914794922
5649,2.6200196261961755e-11,5.70747132931032e-10,6.4428776006449e-11,2.0746505886922942e-11,1.5592575073242188
5650,2.6144222071304827e-11,5.697547059212994e-10,6.42702247780184e-11,2.0697595901432142e-11,1.531839370727539
5651,2.6088176964952417e-11,5.6876860356106e-10,6.411528332868617e-11,2.064868172221371e-11,1.7397403717041016
5652,2.6032530942739508e-11,5.677850271788406e-10,6.396308412150293e-11,2.0600515800143134e-11,1.5559196472167969
5653,2.597713317898349e-11,5.668054410777689e-10,6.38127939414372e-11,2.0552432457353674e-11,1.6672611236572266
5654,2.5921843450531976e-11,5.658327052138362e-10,6.366583084584061e-11,2.0504711951930373e-11,1.5764236450195312
5655,2.586642758861938e-11,5.64864742680682e-10,6.352137234068962e-11,2.045707892369675e-11,1.5482902526855469
5656,2.5811204137573826e-11,5.639023891166413e-10,6.338019670307018e-11,2.0409441543630554e-11,1.580953598022461
5657,2.5756402655508043e-11,5.629423657832273e-10,6.324123033676868e-11,2.036227759432391e-11,1.5439987182617188
5658,2.5701768012431825e-11,5.619871546006225e-10,6.310565206862887e-11,2.031511168160122e-11,1.5392303466796875
5659,2.5647470018983104e-11,5.610348450130939e-10,6.29722715727576e-11,2.0268842635175464e-11,1.56402587890625
5660,2.5593189665857673e-11,5.600882284397724e-10,6.284103992455771e-11,2.0222306465019937e-11,1.5635490417480469
5661,2.5538575404247874e-11,5.591448805938055e-10,6.271346331509914e-11,2.017543885684958e-11,1.5306472778320312
5662,2.548408341844341e-11,5.582058634799377e-10,6.258689862892661e-11,2.0129048969858007e-11,1.5327930450439453
5663,2.5430283942892958e-11,5.572697614956774e-10,6.246324561455791e-11,2.0083606437507963e-11,1.5413761138916016
5664,2.537615202715941e-11,5.563379159253163e-10,6.234250364333805e-11,2.003794549356835e-11,1.5833377838134766
5665,2.5322241189972985e-11,5.554095656241058e-10,6.222381005281974e-11,1.999269280007828e-11,1.531839370727539
5666,2.5268255493077728e-11,5.544830943987888e-10,6.210724784405843e-11,1.9947530682888146e-11,1.5439987182617188
5667,2.5214350003972544e-11,5.535606927728404e-10,6.199189161029916e-11,1.99023328020986e-11,1.5249252319335938
5668,2.5160492797705366e-11,5.526412626644271e-10,6.188037620310229e-11,1.98574923665142e-11,1.5420913696289062
5669,2.510696473956303e-11,5.517274245802941e-10,6.17699810224734e-11,1.9812956315737506e-11,1.5726089477539062
5670,2.505332161156664e-11,5.508146774126407e-10,6.16621869265123e-11,1.976827209363824e-11,1.5490055084228516
5671,2.499991859255854e-11,5.499061808235839e-10,6.155562626569012e-11,1.9724107066087705e-11,1.5251636505126953
5672,2.4946577063136896e-11,5.489982029252314e-10,6.145091396106895e-11,1.967991561419658e-11,1.5397071838378906
5673,2.489356637121427e-11,5.48094665482716e-10,6.134901216202299e-11,1.963651125957853e-11,1.5382766723632812
5674,2.4840595982468947e-11,5.471942884658271e-10,6.124846786371273e-11,1.9593186087728903e-11,1.5544891357421875
5675,2.4787387012128148e-11,5.462954732390599e-10,6.115051324452803e-11,1.95492715576972e-11,1.5451908111572266
5676,2.4734741565656584e-11,5.45400679118951e-10,6.105352624390523e-11,1.9506123547182066e-11,1.5418529510498047
5677,2.468209596908129e-11,5.445061366213585e-10,6.095808428833221e-11,1.9462993909630802e-11,1.52587890625
5678,2.462928337113797e-11,5.436151468450118e-10,6.08648438852296e-11,1.941994021724766e-11,1.5177726745605469
5679,2.4576654901422807e-11,5.427254870877028e-10,6.07738802908467e-11,1.937711851007616e-11,1.5926361083984375
5680,2.4524306385722886e-11,5.418384641710044e-10,6.06843749484132e-11,1.93347058860762e-11,1.5540122985839844
5681,2.447177164348474e-11,5.409550773017231e-10,6.059542200734749e-11,1.9292074446385184e-11,1.5575885772705078
5682,2.4419282785497596e-11,5.400724847985724e-10,6.050837926165894e-11,1.92496610078492e-11,1.5425682067871094
5683,2.4366926378758188e-11,5.391903689258208e-10,6.042380992053006e-11,1.9207278436720745e-11,1.5532970428466797
5684,2.4314874117453705e-11,5.383115466778653e-10,6.033959433308758e-11,1.9165447800771478e-11,1.5349388122558594
5685,2.4262481612704053e-11,5.374335163557318e-10,6.025797282204828e-11,1.9123291537958e-11,1.5690326690673828
5686,2.4210132129813804e-11,5.365567701353079e-10,6.017749527951018e-11,1.908129146493132e-11,1.5761852264404297
5687,2.4158072847826335e-11,5.356825252028384e-10,6.009658014416475e-11,1.9039496987890948e-11,1.5621185302734375
5688,2.4106087864984742e-11,5.348105780131241e-10,6.001836258348177e-11,1.89980898931273e-11,1.535177230834961
5689,2.405416301275244e-11,5.339396504855051e-10,5.994184816234811e-11,1.8956576975181457e-11,1.5375614166259766
5690,2.4002359267277177e-11,5.330690419000832e-10,5.986635093342111e-11,1.8915113547866374e-11,1.6064643859863281
5691,2.3950973189649584e-11,5.322005367205137e-10,5.97918291400859e-11,1.8874528938255403e-11,1.5654563903808594
5692,2.38995680318202e-11,5.31332298281877e-10,5.97194613447877e-11,1.8833705759714134e-11,1.5702247619628906
5693,2.384799710590391e-11,5.304675941801499e-10,5.964753992398353e-11,1.8793020437804644e-11,1.5490055084228516
5694,2.3796384430722074e-11,5.296031521032016e-10,5.957621394992799e-11,1.875237036481772e-11,1.538991928100586
5695,2.3744608043849453e-11,5.287378822461478e-10,5.950617839023606e-11,1.871157751373642e-11,1.5833377838134766
5696,2.369290994996107e-11,5.278755536330105e-10,5.943848877276853e-11,1.8670819418987113e-11,1.5311241149902344
5697,2.3641722514092396e-11,5.27014405190291e-10,5.936979221204208e-11,1.8631005653402758e-11,1.5201568603515625
5698,2.3590380121351337e-11,5.261536152740466e-10,5.930243004551115e-11,1.8591219145949973e-11,1.5175342559814453
5699,2.3538831881382163e-11,5.25293524592028e-10,5.923554698372807e-11,1.855071043093136e-11,1.5590190887451172
5700,2.348750554131861e-11,5.244342165055084e-10,5.916982840814823e-11,1.851058302473463e-11,1.6245841979980469
5701,2.34365136669609e-11,5.235753389757805e-10,5.910458325077201e-11,1.8470930882482948e-11,1.7580986022949219
5702,2.3385120631736358e-11,5.227174806792291e-10,5.904060944935512e-11,1.8430562421459052e-11,1.5404224395751953
5703,2.333418419144325e-11,5.218584591485661e-10,5.897813440098916e-11,1.8390873743334384e-11,1.5573501586914062
5704,2.328338865533377e-11,5.210004554978901e-10,5.89164235684322e-11,1.835110536920591e-11,1.8286705017089844
5705,2.323251116838563e-11,5.201420229729048e-10,5.885541052372151e-11,1.8311382039440614e-11,1.7788410186767578
5706,2.3181539836222567e-11,5.192859579287251e-10,5.879500125623705e-11,1.827192204888741e-11,1.5456676483154297
5707,2.3130662803449527e-11,5.184300161038281e-10,5.873501407451404e-11,1.8232668720192113e-11,1.5316009521484375
5708,2.307936369754124e-11,5.175735833478508e-10,5.867620373124272e-11,1.8193030115481963e-11,1.5423297882080078
5709,2.3028236869326305e-11,5.167186254807988e-10,5.861661447743261e-11,1.8153917190923437e-11,1.5225410461425781
5710,2.2977257474880946e-11,5.158631513515472e-10,5.855893655967574e-11,1.811468221521261e-11,1.561880111694336
5711,2.292660136266817e-11,5.150072995492519e-10,5.850131017337309e-11,1.8075929489026622e-11,1.520395278930664
5712,2.2875701641871365e-11,5.141521243453406e-10,5.84446903607052e-11,1.803698124407684e-11,1.5268325805664062
5713,2.2825043151817907e-11,5.132969782002372e-10,5.838828385075057e-11,1.799812174540143e-11,1.5170574188232422
5714,2.277415429811565e-11,5.124420478351351e-10,5.833247823537198e-11,1.7959240050011342e-11,1.6472339630126953
5715,2.272365442098328e-11,5.115871814017258e-10,5.827628218716075e-11,1.7920832119186348e-11,1.6832351684570312
5716,2.267302512126969e-11,5.107313775003231e-10,5.822186623954066e-11,1.788213359772869e-11,1.6589164733886719
5717,2.2621980127667577e-11,5.098754970154423e-10,5.816568083913731e-11,1.784324882304146e-11,1.8973350524902344
5718,2.2571519803369767e-11,5.090198401222182e-10,5.811106805205415e-11,1.7804937142492423e-11,1.598358154296875
5719,2.252087505520151e-11,5.081639928632692e-10,5.805667866446677e-11,1.7766660989291457e-11,1.538991928100586
5720,2.24705662880588e-11,5.0730754849334e-10,5.800274190482274e-11,1.7728845607648916e-11,1.566171646118164
5721,2.2419807088165637e-11,5.064507697310375e-10,5.794902715990324e-11,1.7690382015772576e-11,1.554250717163086
5722,2.2369257322916484e-11,5.055937318393761e-10,5.78956282808315e-11,1.7651965796913724e-11,1.7099380493164062
5723,2.2318573961513497e-11,5.047360014855714e-10,5.784238783038548e-11,1.7613712959020195e-11,1.5544891357421875
5724,2.226814182253661e-11,5.038773391907804e-10,5.778946627466247e-11,1.757530799826284e-11,1.5366077423095703
5725,2.221752027671299e-11,5.030191702123893e-10,5.7738154918534413e-11,1.7537169447568937e-11,1.5366077423095703
5726,2.21672578077754e-11,5.021613008279582e-10,5.768540048981451e-11,1.7499531493304185e-11,1.5263557434082031
5727,2.2116558223392507e-11,5.013009969324992e-10,5.763263221335251e-11,1.7461759042748873e-11,1.554727554321289
5728,2.206568573464668e-11,5.004411854004357e-10,5.75809160662364e-11,1.7423512071501128e-11,1.5368461608886719
5729,2.2015125379395344e-11,4.995808883478664e-10,5.7528712550599275e-11,1.7386001569153536e-11,1.6374588012695312
5730,2.1963923298543394e-11,4.987198266594027e-10,5.7476326223786015e-11,1.7347906500601732e-11,1.5723705291748047
5731,2.1913030569893547e-11,4.978581263972516e-10,5.742424085337988e-11,1.7310134340725633e-11,1.5447139739990234
5732,2.1862613023393032e-11,4.969966791520338e-10,5.7370943468898574e-11,1.7272757966693648e-11,1.5306472778320312
5733,2.181226448964316e-11,4.961338462448077e-10,5.731915524701982e-11,1.7235515143930137e-11,1.5323162078857422
5734,2.1761948820772762e-11,4.952699950552189e-10,5.7267299473019244e-11,1.719810630478332e-11,1.5230178833007812
5735,2.1711287052572713e-11,4.944054904224178e-10,5.721508389305203e-11,1.7160458221253806e-11,1.5692710876464844
5736,2.1660921520987745e-11,4.935389800186731e-10,5.716355799671458e-11,1.7123015647448767e-11,1.5463829040527344
5737,2.1610698453875013e-11,4.926720343017856e-10,5.711155908662703e-11,1.7085893761298394e-11,1.5301704406738281
5738,2.1560302259729786e-11,4.918060609392938e-10,5.7058065624284785e-11,1.704865204353407e-11,1.523733139038086
5739,2.150994624842698e-11,4.909381699687684e-10,5.7006314677307373e-11,1.7011459011861502e-11,1.5246868133544922
5740,2.1459547861730098e-11,4.900679498159937e-10,5.695345394344602e-11,1.6974243104067823e-11,1.5149116516113281
5741,2.1409263842424583e-11,4.891979304330909e-10,5.6900946551107825e-11,1.6937096834445975e-11,1.5645027160644531
5742,2.1358522458611854e-11,4.883275669851643e-10,5.684849681190405e-11,1.6899448149979577e-11,1.6384124755859375
5743,2.130822368750145e-11,4.874545823626282e-10,5.6796623241687204e-11,1.6862213582688033e-11,1.5385150909423828
5744,2.1258269604496634e-11,4.865818562230326e-10,5.674288456502174e-11,1.6825483136855496e-11,1.524209976196289
5745,2.120801316753655e-11,4.857094388933512e-10,5.668925712412042e-11,1.67881705497946e-11,1.528024673461914
5746,2.1157751751886835e-11,4.84834511708032e-10,5.6635315252125266e-11,1.6750980162141915e-11,1.5130043029785156
5747,2.1107561601924135e-11,4.83958126674866e-10,5.6582179884246773e-11,1.6713992932058322e-11,1.5447139739990234
5748,2.1057488378534505e-11,4.830807193206255e-10,5.652797375847487e-11,1.6676980269197932e-11,1.6050338745117188
5749,2.1007101026308454e-11,4.82200396563416e-10,5.6473397687902264e-11,1.6639780095353448e-11,1.5833377838134766
5750,2.0956756408887112e-11,4.813211364824149e-10,5.6419801924375497e-11,1.6602852527667384e-11,1.5535354614257812
5751,2.090654690448209e-11,4.804409850641513e-10,5.636512172321638e-11,1.6565961629056246e-11,1.737356185913086
5752,2.0856292813023566e-11,4.795593037341138e-10,5.631042605920255e-11,1.6529000942306716e-11,1.537322998046875
5753,2.0805839161358225e-11,4.78674403955961e-10,5.625562653619935e-11,1.649204375401295e-11,1.544952392578125
5754,2.0755435592587137e-11,4.777888706379724e-10,5.620105434377455e-11,1.6455151519725388e-11,1.6548633575439453
5755,2.0704609072495083e-11,4.769030680259211e-10,5.614549161373044e-11,1.6417862460990447e-11,1.5735626220703125
5756,2.065424719468245e-11,4.760150621763716e-10,5.6088370664008444e-11,1.638097345637199e-11,1.5513896942138672
5757,2.0603652470829273e-11,4.751274660384019e-10,5.603278007238205e-11,1.6344120654040655e-11,1.5583038330078125
5758,2.0553508215973994e-11,4.742369812933804e-10,5.597742781009278e-11,1.6307814284272393e-11,1.5456676483154297
5759,2.0502785040303576e-11,4.733465051247697e-10,5.592063552151598e-11,1.6270846563965528e-11,1.5332698822021484
5760,2.0452113887023998e-11,4.724537773056399e-10,5.5863120998220056e-11,1.623402436022345e-11,1.5287399291992188
5761,2.040207173661928e-11,4.715595125694257e-10,5.5804982287396056e-11,1.619753479967932e-11,1.6736984252929688
5762,2.0351271482530624e-11,4.706650379754218e-10,5.57466856348692e-11,1.616034677974368e-11,1.552581787109375
5763,2.030112626928716e-11,4.69768950904838e-10,5.56884546332492e-11,1.61237017135694e-11,1.547098159790039
5764,2.0251144380952153e-11,4.688705973641146e-10,5.562945683341317e-11,1.608707278040076e-11,1.5544891357421875
5765,2.0200850395402273e-11,4.679714456083888e-10,5.557015838318457e-11,1.6050020167919985e-11,1.5304088592529297
5766,2.0150848949279028e-11,4.670710333478042e-10,5.55107201438596e-11,1.6013664823185586e-11,1.5282630920410156
5767,2.010037846817787e-11,4.661690090738265e-10,5.545098420683494e-11,1.5976667808753563e-11,1.5866756439208984
5768,2.0050173759881406e-11,4.6526701178352166e-10,5.5391307183478664e-11,1.5940133474088685e-11,1.588582992553711
5769,1.9999680790908075e-11,4.6436190396064916e-10,5.533034066210355e-11,1.5903179272024637e-11,1.5513896942138672
5770,1.9949156043843998e-11,4.63455860163826e-10,5.5268710159569427e-11,1.586637732765361e-11,1.556396484375
5771,1.9899114472140783e-11,4.6254872805561865e-10,5.520638099076581e-11,1.583020467110878e-11,1.5587806701660156
5772,1.9848554908366264e-11,4.6164048802741844e-10,5.5144962834097844e-11,1.5793379217590878e-11,1.714944839477539
5773,1.979842758744538e-11,4.6072834547716507e-10,5.5082526877099744e-11,1.575682737407603e-11,1.584768295288086
5774,1.9748053534785656e-11,4.598165028928228e-10,5.5019105268407257e-11,1.5720199487752083e-11,1.54876708984375
5775,1.9697381350344e-11,4.5890494341777657e-10,5.495548134060238e-11,1.5683628633767595e-11,1.5304088592529297
5776,1.9646635456796994e-11,4.5799067662063433e-10,5.489219335395923e-11,1.5646592725134125e-11,1.524209976196289
5777,1.9596083116539573e-11,4.5707561416553637e-10,5.4827016038021514e-11,1.5610233985845545e-11,1.5180110931396484
5778,1.9545742501123225e-11,4.561592988915911e-10,5.476352109810019e-11,1.5573800933855447e-11,1.5230178833007812
5779,1.9495143441568257e-11,4.552396792196128e-10,5.469774677048842e-11,1.5537296563772008e-11,1.5263557434082031
5780,1.9444944599688464e-11,4.543192324619378e-10,5.463150549178255e-11,1.550105865396064e-11,1.5728473663330078
5781,1.9394449889365795e-11,4.533970266934935e-10,5.456528495754662e-11,1.5464772148866285e-11,1.6541481018066406
5782,1.9343926477677897e-11,4.52474060571658e-10,5.4498955701936566e-11,1.54279394274418e-11,1.5387535095214844
5783,1.9293585597705957e-11,4.51549190105986e-10,5.443095690660011e-11,1.5391618463528736e-11,1.5680789947509766
5784,1.924325782665517e-11,4.506229886645212e-10,5.4362769284195505e-11,1.535520307661788e-11,1.7206668853759766
5785,1.919294876091445e-11,4.496948356642788e-10,5.429373285850465e-11,1.531856462250491e-11,1.5614032745361328
5786,1.9143131155509182e-11,4.487652864064582e-10,5.422521424353024e-11,1.5282598334334695e-11,1.5685558319091797
5787,1.9092670663280712e-11,4.4783521160173826e-10,5.415563235965156e-11,1.5246025614540668e-11,1.5480518341064453
5788,1.9042108522484367e-11,4.4690391810192755e-10,5.408641636305637e-11,1.520941120496635e-11,1.5416145324707031
5789,1.899183530491652e-11,4.459712416192291e-10,5.4016311113240394e-11,1.517344166523779e-11,1.5261173248291016
5790,1.894103878178494e-11,4.450371244491389e-10,5.3944448903922803e-11,1.513650460273103e-11,1.5752315521240234
5791,1.8890403053156438e-11,4.4410125236700403e-10,5.387314597224777e-11,1.5099904992419748e-11,1.5270709991455078
5792,1.8840006708853647e-11,4.4316364353298485e-10,5.380048541201514e-11,1.5063254687898964e-11,1.5411376953125
5793,1.878970338707875e-11,4.4222347999659883e-10,5.3727752071485594e-11,1.502670370165489e-11,1.5637874603271484
5794,1.8739524081398735e-11,4.4128291366622235e-10,5.365439910765906e-11,1.4990175294555726e-11,1.544952392578125
5795,1.8689092918130467e-11,4.403406347465884e-10,5.358133439355842e-11,1.4953612738246287e-11,1.5232563018798828
5796,1.863879677693029e-11,4.3939787158361167e-10,5.3507401395734886e-11,1.4917322930332407e-11,1.5370845794677734
5797,1.8588197255130192e-11,4.3845418858323133e-10,5.3432494465782936e-11,1.4880676387921083e-11,1.5189647674560547
5798,1.8537742735047133e-11,4.375075697294446e-10,5.3357160289114487e-11,1.484405279391264e-11,1.5497207641601562
5799,1.8487342239871905e-11,4.3655954018949975e-10,5.328069675636551e-11,1.480724954150267e-11,1.5614032745361328
5800,1.8437198240830457e-11,4.3561014720357486e-10,5.320474199142202e-11,1.4770734945335642e-11,1.5330314636230469
5801,1.8387275103362565e-11,4.346594766008411e-10,5.312875552637671e-11,1.4734629633801344e-11,1.744985580444336
5802,1.8336380109600778e-11,4.33708847843404e-10,5.3052070717693565e-11,1.4697843116517395e-11,1.5339851379394531
5803,1.8285815743026744e-11,4.3275529405724906e-10,5.297511484459412e-11,1.466108998269104e-11,1.5308856964111328
5804,1.823506816562034e-11,4.3180199480243504e-10,5.289615511465969e-11,1.462450208281852e-11,1.539468765258789
5805,1.8184939952308754e-11,4.308455428877045e-10,5.281696728314481e-11,1.458852175047162e-11,1.5544891357421875
5806,1.8134609314804873e-11,4.298881861509714e-10,5.273708429667752e-11,1.4552226770173e-11,1.8262863159179688
5807,1.8084042902359334e-11,4.289292517502284e-10,5.265718076691166e-11,1.4515789262948118e-11,1.5692710876464844
5808,1.803386299332032e-11,4.279688203522733e-10,5.257715375181738e-11,1.4479677338266517e-11,1.5401840209960938
5809,1.798336366155676e-11,4.270078123392509e-10,5.2495839049457887e-11,1.444320259535685e-11,1.5330314636230469
5810,1.7932971920046628e-11,4.260456035549353e-10,5.2414743491843836e-11,1.4406647941634649e-11,1.5442371368408203
5811,1.788265003201765e-11,4.250809983504325e-10,5.2332026078079234e-11,1.4370051025072768e-11,1.5404224395751953
5812,1.783249896745897e-11,4.241171786665788e-10,5.2248325741500757e-11,1.4333948130290104e-11,1.5780925750732422
5813,1.7782115159135796e-11,4.23149724516498e-10,5.216486388880383e-11,1.4297469460546131e-11,1.5842914581298828
5814,1.7731634450157776e-11,4.2218115208910966e-10,5.208231404055342e-11,1.4260970468732943e-11,1.5444755554199219
5815,1.7681401415119823e-11,4.2121129733537175e-10,5.199818870949521e-11,1.4224657161373194e-11,1.5397071838378906
5816,1.7630935249880298e-11,4.202414497151582e-10,5.191243692492414e-11,1.418806712100273e-11,1.5292167663574219
5817,1.758084840292627e-11,4.192707474640071e-10,5.182618248366764e-11,1.4151960412620243e-11,1.539468765258789
5818,1.7530625292928878e-11,4.182973860927592e-10,5.1739841774349975e-11,1.4115319875501179e-11,1.5735626220703125
5819,1.74806851064535e-11,4.173209108536815e-10,5.165311461416901e-11,1.4078764369664252e-11,1.5442371368408203
5820,1.7430852886288072e-11,4.163453788933406e-10,5.156682043563127e-11,1.4042273578946119e-11,1.5366077423095703
5821,1.7380794713934192e-11,4.15367009089057e-10,5.14802200526313e-11,1.4005335973759982e-11,1.5285015106201172
5822,1.7330432405983124e-11,4.1438883812164825e-10,5.1393067141755605e-11,1.3968553743764824e-11,1.531362533569336
5823,1.7280297940396565e-11,4.1340983589762984e-10,5.130443640554702e-11,1.3932055672520486e-11,1.5230178833007812
5824,1.7230465846195215e-11,4.124302754892275e-10,5.1215805320593764e-11,1.3895951171124844e-11,1.5249252319335938
5825,1.7180228838455002e-11,4.1144871942461513e-10,5.112576390616813e-11,1.3859330027491642e-11,1.5606880187988281
5826,1.713024686705025e-11,4.104641775632989e-10,5.103538646777951e-11,1.3822647693812948e-11,1.5416145324707031
5827,1.708025518433185e-11,4.0947916225209724e-10,5.094568084155216e-11,1.3786321665513394e-11,1.5227794647216797
5828,1.7029943978219806e-11,4.084930626878325e-10,5.085537344736294e-11,1.3749464673549253e-11,1.5287399291992188
5829,1.6979880408748053e-11,4.075057692471977e-10,5.0764089199223164e-11,1.3713004401068074e-11,1.5342235565185547
5830,1.6929702506855162e-11,4.0651972421921396e-10,5.067179042749324e-11,1.367670700374205e-11,1.524209976196289
5831,1.6879732034291985e-11,4.0553135691162006e-10,5.057974587771483e-11,1.3640465465660143e-11,1.5633106231689453
5832,1.682984022342544e-11,4.045413342604714e-10,5.048767898345825e-11,1.3604215013847324e-11,1.5416145324707031
5833,1.6779691167151955e-11,4.035490573386015e-10,5.0393708533926004e-11,1.356802905903081e-11,1.5273094177246094
5834,1.6729436106788394e-11,4.0255717890392453e-10,5.030011129607021e-11,1.3531691072909505e-11,1.5254020690917969
5835,1.6679024099118894e-11,4.0156386349589583e-10,5.020600724148447e-11,1.3495054088259704e-11,1.53350830078125
5836,1.662915135163743e-11,4.005711560262987e-10,5.0111446751284125e-11,1.3458800468113619e-11,1.5251636505126953
5837,1.657909171759901e-11,3.9957791709046123e-10,5.001608367199798e-11,1.3422582273455981e-11,1.5268325805664062
5838,1.6529689604715487e-11,3.9858118974575374e-10,4.9919649220072835e-11,1.3386843378268373e-11,1.5728473663330078
5839,1.6479359527195246e-11,3.975853588521084e-10,4.982263102423748e-11,1.3350213322872833e-11,1.5320777893066406
5840,1.6429318979549423e-11,3.9658576954508814e-10,4.9726579599813195e-11,1.3313960166520592e-11,1.535177230834961
5841,1.6379359575642815e-11,3.95586958789572e-10,4.962927764526834e-11,1.327773555361631e-11,1.5227794647216797
5842,1.6329108864918355e-11,3.9458817804343634e-10,4.953052101152789e-11,1.3241120293015855e-11,1.5156269073486328
5843,1.6279714229237685e-11,3.935883786394557e-10,4.943172001554922e-11,1.3205223100727758e-11,1.5184879302978516
5844,1.6230189931745096e-11,3.925862501847442e-10,4.933231940287741e-11,1.3169120539186639e-11,1.5609264373779297
5845,1.6180264679945452e-11,3.9158513207715656e-10,4.923350609446181e-11,1.31323728272737e-11,1.9910335540771484
5846,1.613077668437518e-11,3.9058003791246345e-10,4.91334914119801e-11,1.309621331406012e-11,2.1810531616210938
5847,1.6080884686899044e-11,3.8957581797534895e-10,4.903366522525003e-11,1.3059640001667729e-11,2.1440982818603516
5848,1.6031244455882066e-11,3.88569904704797e-10,4.8932979120094036e-11,1.3023106281927492e-11,2.130270004272461
5849,1.5981758387111857e-11,3.8756329983034497e-10,4.8831651223299885e-11,1.298682977535385e-11,1.8465518951416016
5850,1.5932391093908562e-11,3.865556032350078e-10,4.873066581030614e-11,1.2950629516217326e-11,1.5654563903808594
5851,1.5883153077586254e-11,3.8554885531785795e-10,4.863014397259329e-11,1.29144171351552e-11,1.7561912536621094
5852,1.5833528603182096e-11,3.8453886494653033e-10,4.852800086697252e-11,1.2877935862749336e-11,1.542806625366211
5853,1.5783922031926087e-11,3.835288813508034e-10,4.842600371513747e-11,1.2841532693342285e-11,1.53350830078125
5854,1.573447838673849e-11,3.82517945838795e-10,4.832331378880264e-11,1.280507873888144e-11,1.5385150909423828
5855,1.5685573623403095e-11,3.815072408746456e-10,4.8219401426142455e-11,1.2769292668197738e-11,1.5680789947509766
5856,1.5636622630850304e-11,3.8049574183037614e-10,4.811624492677167e-11,1.273339933900626e-11,1.5544891357421875
5857,1.558712536450325e-11,3.794824504235786e-10,4.801251637254563e-11,1.2696876404058633e-11,1.6226768493652344
5858,1.5537851353938915e-11,3.7846973783672864e-10,4.7907862332698685e-11,1.2660889716775153e-11,1.8947124481201172
5859,1.5488418830304904e-11,3.7745675401622834e-10,4.780301843889719e-11,1.262462055893363e-11,1.566171646118164
5860,1.543896829634018e-11,3.764418535411205e-10,4.769734771157657e-11,1.2588521408313386e-11,1.5361309051513672
5861,1.5389975480053974e-11,3.754272282551973e-10,4.759075346444054e-11,1.2552371346674227e-11,1.5990734100341797
5862,1.5340830136923846e-11,3.7441264668820123e-10,4.748391762345977e-11,1.2516109895671405e-11,1.5418529510498047
5863,1.5292173060863397e-11,3.733950294010097e-10,4.737748670734308e-11,1.2480215951657449e-11,1.5251636505126953
5864,1.5242920196209024e-11,3.7237815130843857e-10,4.727112727390579e-11,1.2443963185373538e-11,1.5363693237304688
5865,1.519361184722447e-11,3.7135935945953807e-10,4.716465976884834e-11,1.2407546093796515e-11,1.5292167663574219
5866,1.5144719057679565e-11,3.7034116059873647e-10,4.705678659940607e-11,1.237185930991828e-11,1.5304088592529297
5867,1.5095549951489775e-11,3.693202123113479e-10,4.6948887265232666e-11,1.2335417604539813e-11,1.5230178833007812
5868,1.5046737712447094e-11,3.6830066219504323e-10,4.6840627940298366e-11,1.2299902017726153e-11,1.5594959259033203
5869,1.4997537053420345e-11,3.6728179507895096e-10,4.673173592698232e-11,1.2263622860423346e-11,1.5273094177246094
5870,1.4948727755422823e-11,3.66260810748104e-10,4.662383538300008e-11,1.2227795788424018e-11,1.5287399291992188
5871,1.4899938506716734e-11,3.6523981149038704e-10,4.6514215239805824e-11,1.2191958721965426e-11,1.5230178833007812
5872,1.4851039224413953e-11,3.6421810516341573e-10,4.640452402568438e-11,1.2155849217323454e-11,1.520395278930664
5873,1.4802452708124934e-11,3.631963676324314e-10,4.629411166679579e-11,1.212008367336618e-11,1.575469970703125
5874,1.4753961753708747e-11,3.621752198483561e-10,4.61839175249834e-11,1.2084233669731219e-11,1.5413761138916016
5875,1.470539191785823e-11,3.611527576105924e-10,4.607324292579126e-11,1.2048194540626764e-11,1.5828609466552734
5876,1.4656923585546003e-11,3.601299442996201e-10,4.59625438288544e-11,1.201227084712803e-11,1.5597343444824219
5877,1.460836108613613e-11,3.5910640187695827e-10,4.5852017814080246e-11,1.1976336326399639e-11,1.5447139739990234
5878,1.4560018215132025e-11,3.580823171624986e-10,4.574074839340001e-11,1.1940919003349e-11,1.5442371368408203
5879,1.451180473362142e-11,3.570582189695509e-10,4.562755782832848e-11,1.1905573700174713e-11,1.5368461608886719
5880,1.446359851043074e-11,3.5603617991458175e-10,4.551490530118349e-11,1.1869945403932584e-11,1.5327930450439453
5881,1.4415027994243932e-11,3.550105454656457e-10,4.540242343698205e-11,1.1833833248550982e-11,1.569986343383789
5882,1.4367034012418958e-11,3.539845594349422e-10,4.5289902631377334e-11,1.1798246388667225e-11,1.5430450439453125
5883,1.4318650322378982e-11,3.5296053446553833e-10,4.517756101463678e-11,1.1762284467550495e-11,1.53350830078125
5884,1.427107428847909e-11,3.519343472502565e-10,4.5063706439960286e-11,1.1726943937961114e-11,1.5292167663574219
5885,1.4223062049163078e-11,3.509083223930554e-10,4.49490081257585e-11,1.1691387591192782e-11,1.524209976196289
5886,1.4175167117811404e-11,3.4988359193570484e-10,4.483534551048204e-11,1.1655900489055554e-11,1.5354156494140625
5887,1.412736670886686e-11,3.4885704490575077e-10,4.472108254552572e-11,1.1620507851050814e-11,1.5521049499511719
5888,1.4079096998642962e-11,3.478293983167315e-10,4.460553808067287e-11,1.1584431139086274e-11,1.5354156494140625
5889,1.4031209459908568e-11,3.468035413852337e-10,4.449205544699255e-11,1.154886159284111e-11,1.5370845794677734
5890,1.39832865206149e-11,3.4577684406589453e-10,4.43780874982062e-11,1.151322868121064e-11,1.5444755554199219
5891,1.393541020028337e-11,3.4474984049951817e-10,4.426225451606506e-11,1.1477525836980331e-11,1.5735626220703125
5892,1.3887965289972606e-11,3.437227743585213e-10,4.4146265665312146e-11,1.1442126325310083e-11,1.5437602996826172
5893,1.3840645668927027e-11,3.4269706245943425e-10,4.4031279612147054e-11,1.1407097458136732e-11,1.5304088592529297
5894,1.3793222937942722e-11,3.416689551774503e-10,4.3915598109611164e-11,1.1371458517587854e-11,1.558065414428711
5895,1.374599489742117e-11,3.406416695510438e-10,4.3800083779184514e-11,1.1336320108766744e-11,1.5292167663574219
5896,1.3698482039923418e-11,3.3961415240203997e-10,4.368416442632272e-11,1.1300738670033441e-11,1.5277862548828125
5897,1.365139127243395e-11,3.385881252094507e-10,4.3567276112938745e-11,1.1265710787086513e-11,1.5249252319335938
5898,1.3604277080540023e-11,3.3756174514816287e-10,4.34505927366629e-11,1.1230539413209264e-11,1.5196800231933594
5899,1.3557323183305848e-11,3.365356522168106e-10,4.333342700313255e-11,1.1195497187505942e-11,1.527547836303711
5900,1.3509826347391213e-11,3.3550868870448174e-10,4.3216122901838895e-11,1.1160015726716925e-11,1.524209976196289
5901,1.3462599973619473e-11,3.3448227617990533e-10,4.30989177431209e-11,1.1124630860909468e-11,1.7788410186767578
5902,1.3415732778189814e-11,3.334558314542193e-10,4.2980842622047186e-11,1.1089893802803671e-11,1.5342235565185547
5903,1.33687426199161e-11,3.324288325163043e-10,4.28634113257377e-11,1.1055005692202814e-11,1.5423297882080078
5904,1.3321956482385715e-11,3.314030145628764e-10,4.274540907842091e-11,1.1020143225663779e-11,1.5337467193603516
5905,1.3275419243098023e-11,3.303759000771162e-10,4.2626344799157894e-11,1.0985376063442887e-11,1.5256404876708984
5906,1.3228503401280772e-11,3.293492303307737e-10,4.2508249653033665e-11,1.0949905951269209e-11,1.5368461608886719
5907,1.3181737155673135e-11,3.283224995877798e-10,4.239046162132575e-11,1.0914731253960102e-11,1.580953598022461
5908,1.3135215022120788e-11,3.272953092280491e-10,4.227243054475636e-11,1.087978985262196e-11,1.5377998352050781
5909,1.3088931444091243e-11,3.2626873011453017e-10,4.215421181565874e-11,1.0844937295306833e-11,1.5323162078857422
5910,1.304269350036737e-11,3.252442011081763e-10,4.203537945804371e-11,1.0810646513001364e-11,1.6651153564453125
5911,1.2996342841733663e-11,3.2421939166029125e-10,4.19157113038838e-11,1.0775815676014616e-11,1.5308856964111328
5912,1.2950385481509184e-11,3.2319533306766104e-10,4.17957775713145e-11,1.0741186583212558e-11,1.5306472778320312
5913,1.2904198202342153e-11,3.2216986653132127e-10,4.1677105398244285e-11,1.0706007255901887e-11,1.5609264373779297
5914,1.2857980237464207e-11,3.2114666306439975e-10,4.1557991127129085e-11,1.0671377004813723e-11,1.537322998046875
5915,1.281200659304075e-11,3.201217839229094e-10,4.1439296751605083e-11,1.063702625593476e-11,1.5273094177246094
5916,1.276647146134059e-11,3.1909893621073964e-10,4.131919005943502e-11,1.060279931334287e-11,1.5292167663574219
5917,1.272053784765874e-11,3.180756575554924e-10,4.119877390116741e-11,1.0568173191327284e-11,1.5289783477783203
5918,1.2674567325830647e-11,3.170545187499678e-10,4.107803475317703e-11,1.053328073560128e-11,1.5361309051513672
5919,1.2628844859728904e-11,3.1603173267372076e-10,4.0958028307668186e-11,1.0499136165863666e-11,1.535177230834961
5920,1.2583189604685496e-11,3.1500950553965863e-10,4.083839417320499e-11,1.0464671917035727e-11,1.5614032745361328
5921,1.2537791929764291e-11,3.139881228521205e-10,4.071853566921711e-11,1.0430279576621757e-11,1.5382766723632812
5922,1.2492188306972961e-11,3.129661607483613e-10,4.05982756529386e-11,1.0395828007497692e-11,1.5268325805664062
5923,1.2446872683822623e-11,3.119454904643751e-10,4.047832467788407e-11,1.0361927752411157e-11,1.5807151794433594
5924,1.2401642620739667e-11,3.1092551707065197e-10,4.0357361339023346e-11,1.0328078502455467e-11,1.6033649444580078
5925,1.2356767586007096e-11,3.099055774905166e-10,4.0236438154067075e-11,1.0294087474812827e-11,1.5377998352050781
5926,1.231191303995051e-11,3.0888742050872486e-10,4.0116205898856904e-11,1.0260196535430507e-11,1.565694808959961
5927,1.2266238333559355e-11,3.0786870154559126e-10,3.9994871125982615e-11,1.022526204805484e-11,1.567840576171875
5928,1.2221528203154911e-11,3.0684907610916694e-10,3.987352924933155e-11,1.0191338461032296e-11,1.5697479248046875
5929,1.217693341648058e-11,3.0583165158727416e-10,3.975290504987031e-11,1.0157437259290315e-11,1.5430450439453125
5930,1.2132372099978684e-11,3.048147969983387e-10,3.9632682255476594e-11,1.0123656581709554e-11,1.5339851379394531
5931,1.2087999829152594e-11,3.037981560149179e-10,3.951239523810344e-11,1.0089919297078188e-11,1.5230178833007812
5932,1.2043366550903544e-11,3.0278368609962613e-10,3.9392348876730163e-11,1.005599187626669e-11,1.5287399291992188
5933,1.1999033839059871e-11,3.017691043633756e-10,3.927066468400887e-11,1.0022302670820778e-11,1.621246337890625
5934,1.1954741103871782e-11,3.007545577177922e-10,3.9148722828214854e-11,9.988552199969832e-12,1.699686050415039
5935,1.1910330821183286e-11,2.9974140893212453e-10,3.902887493649711e-11,9.954733644614606e-12,1.5761852264404297
5936,1.1865873610239122e-11,2.987298831826073e-10,3.8907214554818993e-11,9.921072649983755e-12,1.5385150909423828
5937,1.1821931349657026e-11,2.977178567713438e-10,3.8786008500273476e-11,9.887604742625778e-12,1.5330314636230469
5938,1.1778100739093586e-11,2.9670598819487805e-10,3.866508967489983e-11,9.854362668383173e-12,1.5254020690917969
5939,1.1734317317297825e-11,2.956952337005747e-10,3.8544379666983036e-11,9.821112742976055e-12,1.5604496002197266
5940,1.1690152048046897e-11,2.9468621845085274e-10,3.842255037008857e-11,9.787629698423125e-12,1.5671253204345703
5941,1.1646272213162936e-11,2.936771619807088e-10,3.830086158177508e-11,9.754326310157387e-12,1.5339851379394531
5942,1.1602443467217819e-11,2.9266876616683184e-10,3.818047978515892e-11,9.721037942529497e-12,1.5289783477783203
5943,1.1558829566866894e-11,2.916609922771071e-10,3.805950736007476e-11,9.687668665540337e-12,1.519918441772461
5944,1.151557106645579e-11,2.9065402031286927e-10,3.7938729981259717e-11,9.654763442337183e-12,1.5323162078857422
5945,1.1471943902638323e-11,2.8965047070597896e-10,3.7817582247618615e-11,9.621686992073874e-12,1.5196800231933594
5946,1.1428882852582297e-11,2.8864653888697e-10,3.769615259934257e-11,9.588851418282908e-12,1.561880111694336
5947,1.138564077020046e-11,2.8764243758074643e-10,3.757377786786577e-11,9.555735669331726e-12,1.5239715576171875
5948,1.1342369751230697e-11,2.866400220142388e-10,3.7453046190610135e-11,9.522581199083067e-12,1.529693603515625
5949,1.1299669923373887e-11,2.8563798261822403e-10,3.733205104347199e-11,9.49000377362602e-12,1.5330314636230469
5950,1.12570373274161e-11,2.846369178927023e-10,3.721113564737138e-11,9.457357949993577e-12,1.5451908111572266
5951,1.1214231961687945e-11,2.8363771436116347e-10,3.7090081809740575e-11,9.424431652452866e-12,1.7614364624023438
5952,1.1171728017080964e-11,2.826388255258276e-10,3.6969002903453484e-11,9.391709189474602e-12,1.5933513641357422
5953,1.1129256425026455e-11,2.816420932516041e-10,3.6848201456062886e-11,9.359092843256068e-12,1.5463829040527344
5954,1.1087024908142395e-11,2.806461153628983e-10,3.6727506753783145e-11,9.326707248482543e-12,1.5273094177246094
5955,1.1044713632778883e-11,2.796499873027513e-10,3.660599915397935e-11,9.294230635872423e-12,1.5349388122558594
5956,1.1002407597519135e-11,2.78654407987642e-10,3.64856644280786e-11,9.26155065492408e-12,1.550436019897461
5957,1.0960324698412009e-11,2.776606252395677e-10,3.636546532393465e-11,9.229369347701423e-12,1.539468765258789
5958,1.0918286327039e-11,2.766684289533619e-10,3.6244444325130425e-11,9.197002903278102e-12,1.556396484375
5959,1.0876686476152611e-11,2.7567708874648004e-10,3.612330471325202e-11,9.164956266967079e-12,1.539468765258789
5960,1.0834998163644302e-11,2.746873381651525e-10,3.60027349495542e-11,9.132723887155889e-12,1.5292167663574219
5961,1.0793262098640808e-11,2.7369915888978845e-10,3.588202101219879e-11,9.100505505439101e-12,1.5234947204589844
5962,1.0751525179825687e-11,2.727095737164289e-10,3.576175139041278e-11,9.068220830228436e-12,1.5401840209960938
5963,1.0710081440010603e-11,2.717234083282936e-10,3.5642572343696243e-11,9.035951581428438e-12,1.5201568603515625
5964,1.0668806070894598e-11,2.707363200710744e-10,3.5522880391721724e-11,9.00405858171937e-12,1.528024673461914
5965,1.0628008208648983e-11,2.697519714147761e-10,3.5403948102461395e-11,8.972536962718395e-12,1.5468597412109375
5966,1.0587020199280587e-11,2.687696141306576e-10,3.5284101294117394e-11,8.940847947909295e-12,1.523733139038086
5967,1.0546190739503503e-11,2.6778802881350777e-10,3.5163876536020197e-11,8.90941627789867e-12,1.512289047241211
5968,1.0505028758638703e-11,2.6680798726169677e-10,3.504389326442078e-11,8.877569269508494e-12,1.5206336975097656
5969,1.046411848548688e-11,2.658284809768617e-10,3.492389968495297e-11,8.845935254426088e-12,1.5130043029785156
5970,1.0423481133758552e-11,2.648491063637894e-10,3.4805193060012856e-11,8.814318260960018e-12,1.5158653259277344
5971,1.0382727064814522e-11,2.638719296198264e-10,3.468702712087123e-11,8.782777249074036e-12,1.5451908111572266
5972,1.034265385764957e-11,2.628970699887606e-10,3.4568425349270136e-11,8.752091313628645e-12,1.5420913696289062
5973,1.030237721887207e-11,2.619235658092721e-10,3.4448806920178497e-11,8.721044370676805e-12,1.5175342559814453
5974,1.0261978953341e-11,2.609523881658641e-10,3.4328986453256914e-11,8.689892686141202e-12,1.5292167663574219
5975,1.0221498690710783e-11,2.5998134547499695e-10,3.421022864731567e-11,8.658333454016603e-12,1.6677379608154297
5976,1.0181169587075287e-11,2.590096151295997e-10,3.4091624316832705e-11,8.626966658585718e-12,1.5485286712646484
5977,1.01410711467183e-11,2.5804169546685414e-10,3.397392218730746e-11,8.595925253769056e-12,1.5397071838378906
5978,1.0101455566463453e-11,2.570754025695401e-10,3.3856163644974335e-11,8.565302716563699e-12,1.5876293182373047
5979,1.0061678786519239e-11,2.561118160246973e-10,3.373785814414446e-11,8.534419343943327e-12,1.5323162078857422
5980,1.0022423587800032e-11,2.5514937500909433e-10,3.361955581359572e-11,8.504172466211513e-12,1.542806625366211
5981,9.983027622784086e-12,2.541863879364404e-10,3.350048562018193e-11,8.473088721037631e-12,1.5380382537841797
5982,9.943855309141945e-12,2.532260588207442e-10,3.33826369505334e-11,8.442307578417578e-12,1.5366077423095703
5983,9.90488918060685e-12,2.522660438475124e-10,3.3265096249419594e-11,8.411721653841871e-12,1.544952392578125
5984,9.865932931078554e-12,2.513093545003383e-10,3.314712912996019e-11,8.38134644074125e-12,1.5606880187988281
5985,9.82677586615783e-12,2.5035106452269265e-10,3.303013028736706e-11,8.350587214096497e-12,1.5540122985839844
5986,9.78831377665027e-12,2.4939795714442353e-10,3.291301088304295e-11,8.320565471534442e-12,1.531362533569336
5987,9.749607805514511e-12,2.4844414485153326e-10,3.2795892634052454e-11,8.290300270588748e-12,1.539468765258789
5988,9.711499695451692e-12,2.4749283020159444e-10,3.267889198309451e-11,8.260205049369077e-12,1.5590190887451172
5989,9.672841787200784e-12,2.4654158027157525e-10,3.256307822263288e-11,8.229679647573788e-12,1.5265941619873047
5990,9.634617449430244e-12,2.45591525377253e-10,3.244761172832928e-11,8.199432419772192e-12,1.5342235565185547
5991,9.596723021781919e-12,2.446444479926518e-10,3.233190740742581e-11,8.16956920813674e-12,1.5723705291748047
5992,9.558724799994725e-12,2.4369946785159736e-10,3.221570855821775e-11,8.139603338562833e-12,1.5332698822021484
5993,9.520678056851166e-12,2.427557007707715e-10,3.210015501574058e-11,8.109703039922445e-12,1.5261173248291016
5994,9.482777034770315e-12,2.4181352683985317e-10,3.198505780301565e-11,8.079972806127172e-12,1.5392303466796875
5995,9.44524803701789e-12,2.408737538970477e-10,3.187105601662768e-11,8.050608034322807e-12,1.5244483947753906
5996,9.407487390438965e-12,2.3993320431363244e-10,3.175614848669153e-11,8.020919151349901e-12,1.5172958374023438
5997,9.370066879329479e-12,2.3899768451047537e-10,3.164193996651209e-11,7.991469470479486e-12,1.5447139739990234
5998,9.332535326837959e-12,2.380635145850203e-10,3.152746413363233e-11,7.962071483142236e-12,1.5439987182617188
5999,9.29546149626091e-12,2.371301697239009e-10,3.141370320954344e-11,7.933027081701322e-12,1.5292167663574219
6000,9.25826896292941e-12,2.361989661440459e-10,3.129934345208524e-11,7.903941956922688e-12,1.5246868133544922
6001,9.221355124494229e-12,2.352696244802834e-10,3.118544457452083e-11,7.874923985614294e-12,1.7857551574707031
6002,9.184586029241313e-12,2.343422481867793e-10,3.107187614823679e-11,7.845985704402278e-12,1.547098159790039
6003,9.147623512737454e-12,2.334155640655598e-10,3.095740804956581e-11,7.816572716879166e-12,1.56402587890625
6004,9.11102784547962e-12,2.3249178608024857e-10,3.08444385520048e-11,7.78788988484668e-12,1.6131401062011719
6005,9.074434626152304e-12,2.3156859098797947e-10,3.073229713032137e-11,7.759165812989896e-12,1.5442371368408203
6006,9.038222964987212e-12,2.3064992280042217e-10,3.0619909658594204e-11,7.730628587007283e-12,1.5363693237304688
6007,9.001950722879453e-12,2.297320454881606e-10,3.050673534942339e-11,7.701923652713466e-12,1.5304088592529297
6008,8.965938280976673e-12,2.2881574625550464e-10,3.039392991272003e-11,7.673626804855378e-12,1.546621322631836
6009,8.92973073014727e-12,2.2790039076647715e-10,3.0281040072183177e-11,7.644707139705379e-12,1.5494823455810547
6010,8.893643214479235e-12,2.2698877917001233e-10,3.0169073765197894e-11,7.615893228209998e-12,1.5354156494140625
6011,8.858259786732675e-12,2.260769693091239e-10,3.005770136222959e-11,7.587589199655735e-12,1.5501976013183594
6012,8.822794009404942e-12,2.2516709457946876e-10,2.9946723312659e-11,7.55940009091193e-12,1.5423297882080078
6013,8.787708002771643e-12,2.2426025595782607e-10,2.9836661455486043e-11,7.531305693248422e-12,1.5385150909423828
6014,8.752603373243511e-12,2.2335605070337796e-10,2.972577516048049e-11,7.503216570997544e-12,1.5366077423095703
6015,8.717460640263769e-12,2.224528990174645e-10,2.961442996824552e-11,7.474957930245123e-12,1.5413761138916016
6016,8.682445609007894e-12,2.21552028347447e-10,2.950495856976585e-11,7.446868176681854e-12,1.5337467193603516
6017,8.647439631224332e-12,2.2065220291167047e-10,2.939507744389543e-11,7.418647759653062e-12,1.5501976013183594
6018,8.613162638727672e-12,2.1975410499429654e-10,2.9285674488392404e-11,7.391158311121333e-12,1.5289783477783203
6019,8.578433384078072e-12,2.1885859720218584e-10,2.9178495651042285e-11,7.363287713802213e-12,1.5311241149902344
6020,8.544159393913032e-12,2.1796636811326785e-10,2.9069710193406298e-11,7.336129329731591e-12,1.5294551849365234
6021,8.51005205167881e-12,2.1707533338207302e-10,2.896045593512944e-11,7.309084172006969e-12,1.522064208984375
6022,8.47558137915171e-12,2.161869784278733e-10,2.885171047032995e-11,7.28146546871916e-12,2.069711685180664
6023,8.441209703797812e-12,2.1529949640726037e-10,2.8743398791353387e-11,7.2536943782815564e-12,1.6553401947021484
6024,8.40741904929259e-12,2.1441409891764298e-10,2.863559374013975e-11,7.2268803139811765e-12,1.54876708984375
6025,8.373552575231986e-12,2.1353146468478016e-10,2.8528973828443956e-11,7.199529208462817e-12,1.6434192657470703
6026,8.339580646415459e-12,2.1264912706588652e-10,2.842254093539334e-11,7.17240326233262e-12,1.8591880798339844
6027,8.306135186627427e-12,2.1177058659132896e-10,2.8316280286769718e-11,7.145651150104899e-12,1.5633106231689453
6028,8.272970208985501e-12,2.1089519572662946e-10,2.820921081563463e-11,7.1189645145044815e-12,1.5683174133300781
6029,8.239963234645659e-12,2.1002198660261652e-10,2.8103111720820054e-11,7.092461074239305e-12,1.6455650329589844
6030,8.206522731231956e-12,2.0914999727225302e-10,2.799780355310991e-11,7.0655423453717855e-12,1.5549659729003906
6031,8.173445911683163e-12,2.0828055634703059e-10,2.7891937523265586e-11,7.038807055191946e-12,1.5592575073242188
6032,8.140160587558983e-12,2.0741329010010779e-10,2.7786501291265242e-11,7.0118452318086455e-12,1.5399456024169922
6033,8.107508439533502e-12,2.0654652842566447e-10,2.7681653453929814e-11,6.985566933301028e-12,1.5265941619873047
6034,8.075058966437971e-12,2.0568366369826682e-10,2.7577120769935535e-11,6.959374967125368e-12,1.9600391387939453
6035,8.042574220290981e-12,2.0482260239912944e-10,2.7473391842499477e-11,6.933283961745285e-12,1.5566349029541016
6036,8.010216555901102e-12,2.0396536541673755e-10,2.7369931923253405e-11,6.907320853753954e-12,1.5749931335449219
6037,7.977882752673645e-12,2.0310752548278957e-10,2.7265251898370382e-11,6.881160577484548e-12,1.5530586242675781
6038,7.945715260368569e-12,2.0225544033074454e-10,2.716051791739372e-11,6.854974774848799e-12,1.550912857055664
6039,7.913746205048082e-12,2.0140130461180723e-10,2.7058605188813928e-11,6.828682992708872e-12,1.6942024230957031
6040,7.882095780793866e-12,2.0055111118743033e-10,2.6955695696277235e-11,6.802645323771706e-12,1.575469970703125
6041,7.850766325320233e-12,1.9970332467667755e-10,2.6854151571919476e-11,6.777247424895634e-12,1.5594959259033203
6042,7.819264111253326e-12,1.9885989857880987e-10,2.675200622069151e-11,6.751689331291125e-12,1.5742778778076172
6043,7.78784893996159e-12,1.9801710368400017e-10,2.6651945930885113e-11,6.726217298018559e-12,1.5392303466796875
6044,7.756701466688572e-12,1.9717788742609894e-10,2.6549642350504797e-11,6.700844560352945e-12,1.5516281127929688
6045,7.725598155912277e-12,1.9633957497404337e-10,2.6448708466823363e-11,6.675207699105025e-12,1.5416145324707031
6046,7.694626046634333e-12,1.9550378304904185e-10,2.6348426216423724e-11,6.649675007239302e-12,1.561880111694336
6047,7.66388478561196e-12,1.9466968326321292e-10,2.624863388643148e-11,6.624581619220083e-12,1.527547836303711
6048,7.633326550245302e-12,1.9383772593308025e-10,2.6149117798433756e-11,6.5995970750204955e-12,1.5461444854736328
6049,7.6026702433478e-12,1.9301129783678465e-10,2.6049375675073088e-11,6.574758228838918e-12,1.9097328186035156
6050,7.57214840003321e-12,1.9218556519625442e-10,2.5950119146109732e-11,6.549765456479275e-12,1.7843246459960938
6051,7.542035407441245e-12,1.9136104154263335e-10,2.585162268537031e-11,6.525044406434525e-12,1.77001953125
6052,7.51145777427425e-12,1.905411503983251e-10,2.5753092949444915e-11,6.500025516095453e-12,1.6562938690185547
6053,7.4814427329263e-12,1.897226418303542e-10,2.565479319496861e-11,6.475300706525704e-12,1.9974708557128906
6054,7.45201610242969e-12,1.8890508596886458e-10,2.5557418605526713e-11,6.451282610526091e-12,1.5654563903808594
6055,7.421804123510138e-12,1.8809127560483282e-10,2.54611761934757e-11,6.4263795014959445e-12,1.5361309051513672
6056,7.392284340228911e-12,1.8727870795712509e-10,2.536305529348518e-11,6.402340173942576e-12,1.5246868133544922
6057,7.362923834883401e-12,1.8647147455531673e-10,2.5266997693942652e-11,6.378064409750958e-12,1.5299320220947266
6058,7.333772787630628e-12,1.8566389464823073e-10,2.517029257324259e-11,6.354205511055365e-12,1.5273094177246094
6059,7.304438882753638e-12,1.848599906981145e-10,2.5074737666590484e-11,6.330120846639999e-12,1.54876708984375
6060,7.275307864814905e-12,1.8405806939309747e-10,2.4979999962385752e-11,6.306165713800715e-12,1.5599727630615234
6061,7.246352379502463e-12,1.8325907714807208e-10,2.488553684994977e-11,6.282061886436731e-12,1.5349388122558594
6062,7.217708836763183e-12,1.8246120360098002e-10,2.4790377796946383e-11,6.258384193431407e-12,1.5323162078857422
6063,7.1891918014372435e-12,1.816676950778664e-10,2.4696831187163406e-11,6.234770910774016e-12,1.5299320220947266
6064,7.160556783044484e-12,1.8087621937808934e-10,2.4602694655704015e-11,6.2108935447782116e-12,1.5540122985839844
6065,7.1326353508739534e-12,1.8008756887434468e-10,2.45084821184405e-11,6.187526100232675e-12,1.531362533569336
6066,7.10398747644506e-12,1.7930076195101532e-10,2.4416340714242482e-11,6.163635915266407e-12,1.5828609466552734
6067,7.075726672554268e-12,1.7851642592903764e-10,2.432394191748661e-11,6.139988510360829e-12,1.5418529510498047
6068,7.0476871869460804e-12,1.777346082047125e-10,2.4231710912255478e-11,6.116529448176155e-12,1.5468597412109375
6069,7.020088590691155e-12,1.7695716858100778e-10,2.4139362274779758e-11,6.093702568427978e-12,1.5327930450439453
6070,6.992429448081797e-12,1.761804860432118e-10,2.404757288395454e-11,6.070724772099759e-12,1.5361309051513672
6071,6.9648548790689254e-12,1.754078428820997e-10,2.3956400997478828e-11,6.047866446053165e-12,1.5196800231933594
6072,6.937565623977918e-12,1.746384098860766e-10,2.3865232928377567e-11,6.024790333109025e-12,1.5206336975097656
6073,6.910131395258057e-12,1.738691263247127e-10,2.377445822651598e-11,6.001842557474267e-12,1.5692710876464844
6074,6.883005688181579e-12,1.731026656177903e-10,2.36855411626495e-11,5.978916270346747e-12,1.589059829711914
6075,6.856007583370517e-12,1.7233985397744168e-10,2.3596626732213194e-11,5.956397612989195e-12,1.5397071838378906
6076,6.82949064054646e-12,1.715777837871951e-10,2.3509117235718084e-11,5.9341578781695164e-12,1.5354156494140625
6077,6.802401351057363e-12,1.7082032147142983e-10,2.3419844080222902e-11,5.911371925786493e-12,1.5332698822021484
6078,6.775981245492745e-12,1.700660578619613e-10,2.3332452057480224e-11,5.889367686432807e-12,1.5189647674560547
6079,6.749659202971942e-12,1.6931440516656299e-10,2.324416605007874e-11,5.8674546302078135e-12,1.583099365234375
6080,6.723288883931123e-12,1.6856546327400902e-10,2.3156876081802605e-11,5.845324384375626e-12,1.712799072265625
6081,6.696779518975058e-12,1.6781875801690242e-10,2.3069122127398356e-11,5.82306780087079e-12,1.556396484375
6082,6.670925957305924e-12,1.6707559055514147e-10,2.298214035981716e-11,5.801244978879147e-12,1.546621322631836
6083,6.6451602163633326e-12,1.6633324010458987e-10,2.2896988691834477e-11,5.779567737220857e-12,1.5239715576171875
6084,6.619295928304749e-12,1.655943812480572e-10,2.2810993008255067e-11,5.757819523216787e-12,1.552581787109375
6085,6.59364936836266e-12,1.6485812844917088e-10,2.2724836799119674e-11,5.736233371825425e-12,1.5532970428466797
6086,6.567608895205658e-12,1.641260506557694e-10,2.264050937730517e-11,5.714223592995048e-12,1.56402587890625
6087,6.542365864206901e-12,1.633950096227125e-10,2.2554431647589844e-11,5.692794428868583e-12,1.5330314636230469
6088,6.517173956550231e-12,1.6266649593099816e-10,2.2471121494158585e-11,5.671405210959752e-12,1.5337467193603516
6089,6.4919581837845736e-12,1.6194034142677375e-10,2.238675807915684e-11,5.6498684091076515e-12,1.5287399291992188
6090,6.466746002010948e-12,1.6121846670937016e-10,2.2303563076922403e-11,5.628555850815516e-12,1.554250717163086
6091,6.441954316942299e-12,1.604994663670658e-10,2.222058867764705e-11,5.607679067716961e-12,1.5380382537841797
6092,6.417132949116846e-12,1.5978477433939166e-10,2.213821916785387e-11,5.586566415559661e-12,1.5537738800048828
6093,6.392634302230429e-12,1.5906969430452317e-10,2.2055607387924727e-11,5.565553980738915e-12,1.5447139739990234
6094,6.368517742533412e-12,1.5835743705156584e-10,2.19739202283423e-11,5.544979390869105e-12,1.5223026275634766
6095,6.344208060334491e-12,1.576492067677642e-10,2.1893283892368258e-11,5.523998604266726e-12,1.5430450439453125
6096,6.320360956616134e-12,1.5694405068576644e-10,2.1812529306957855e-11,5.503497623693983e-12,1.528024673461914
6097,6.296107850428289e-12,1.562399621346298e-10,2.1731828608899495e-11,5.482449912418081e-12,1.5454292297363281
6098,6.2723300655593665e-12,1.5553948726405056e-10,2.1651381775086904e-11,5.461749069314496e-12,1.5285015106201172
6099,6.2485109535707934e-12,1.5484200093436228e-10,2.1571490410235976e-11,5.441032210125104e-12,1.5757083892822266
6100,6.224899050920838e-12,1.5414678754992393e-10,2.1492948410122026e-11,5.42066709221166e-12,1.5578269958496094
6101,6.20135894432768e-12,1.534551993523929e-10,2.1415126886131015e-11,5.400277480484177e-12,1.7936229705810547
6102,6.178369159545623e-12,1.5276639450520142e-10,2.1336761144108387e-11,5.3807183224798226e-12,1.5401840209960938
6103,6.155114188974371e-12,1.5208209387210776e-10,2.125790007162121e-11,5.3607549373045985e-12,1.6660690307617188
6104,6.1319727588463846e-12,1.513997516865818e-10,2.1180462004675823e-11,5.340722477510942e-12,1.5397071838378906
6105,6.108976236975169e-12,1.5071944935947908e-10,2.11030352428594e-11,5.320967966507802e-12,1.5854835510253906
6106,6.086218795254039e-12,1.500397633965666e-10,2.102738370096559e-11,5.300955230684402e-12,1.5454292297363281
6107,6.0635247812209e-12,1.4936498698188204e-10,2.09513991750481e-11,5.2812925508344425e-12,1.5392303466796875
6108,6.041617131739546e-12,1.4869265503084558e-10,2.0876534172074408e-11,5.2623489890843796e-12,1.5289783477783203
6109,6.01890600518487e-12,1.4802319216494773e-10,2.0801853526620642e-11,5.2427267715081515e-12,1.5397071838378906
6110,5.99659223511892e-12,1.4735755733988572e-10,2.0726613930808322e-11,5.2235064100082664e-12,1.550912857055664
6111,5.97409850616419e-12,1.4669656897026795e-10,2.065276582325206e-11,5.204112477356353e-12,1.5621185302734375
6112,5.9520419472634325e-12,1.4603552555677366e-10,2.0578460919447144e-11,5.1851284557498036e-12,1.5397071838378906
6113,5.929843499723662e-12,1.4537793273234895e-10,2.0504974501550957e-11,5.165976196900774e-12,1.5261173248291016
6114,5.907918370171022e-12,1.4472232545543537e-10,2.0432363234268126e-11,5.146838158961186e-12,1.5261173248291016
6115,5.886286899798972e-12,1.440716334213822e-10,2.0360430722021084e-11,5.128155876972527e-12,1.5435218811035156
6116,5.864631215770078e-12,1.4342512990200966e-10,2.02877193938563e-11,5.109478225619592e-12,1.5501976013183594
6117,5.843673793205892e-12,1.4277969461176837e-10,2.021452273875229e-11,5.091036537782646e-12,1.535654067993164
6118,5.821991614353667e-12,1.4213668247869614e-10,2.0142668966317842e-11,5.071834830492799e-12,1.5788078308105469
6119,5.80076186754735e-12,1.4149639017435427e-10,2.0072120019523725e-11,5.053013322821047e-12,1.5401840209960938
6120,5.779283197585473e-12,1.4085880883341053e-10,2.0000604297617993e-11,5.034071466366405e-12,1.5444755554199219
6121,5.758144620212499e-12,1.4022518508383188e-10,1.993115591791595e-11,5.015398221689648e-12,1.5327930450439453
6122,5.737295112428392e-12,1.3959457124038498e-10,1.9861870899084247e-11,4.996982304410354e-12,1.5249252319335938
6123,5.717272371330812e-12,1.38965834461478e-10,1.979373269391429e-11,4.979246913581725e-12,1.5232563018798828
6124,5.696929422535914e-12,1.3834252856830852e-10,1.972388214413e-11,4.961396967894043e-12,1.5492439270019531
6125,5.6764941029269815e-12,1.3771929824083905e-10,1.9655594192847433e-11,4.943270620353904e-12,1.5459060668945312
6126,5.656148643524653e-12,1.3709982127797975e-10,1.9587533519056088e-11,4.92505090590969e-12,1.5485286712646484
6127,5.635810744941975e-12,1.3648287640444392e-10,1.951984803656369e-11,4.907091005889339e-12,1.5339851379394531
6128,5.615638101591496e-12,1.3587101214746594e-10,1.9452929985867606e-11,4.889149603849746e-12,1.5292167663574219
6129,5.595721295098672e-12,1.3525881051417209e-10,1.9386589214040253e-11,4.871669456125084e-12,1.5289783477783203
6130,5.576122421275859e-12,1.3465265817298613e-10,1.931959005423869e-11,4.854088594073824e-12,1.5447139739990234
6131,5.556585089534273e-12,1.340472466519795e-10,1.9253977272623456e-11,4.836423213775426e-12,1.5857219696044922
6132,5.537226630258474e-12,1.334455707842754e-10,1.9188849378337764e-11,4.818975992853285e-12,1.528024673461914
6133,5.517449162765734e-12,1.3284691610864822e-10,1.9124576576754806e-11,4.801337495963154e-12,1.5397071838378906
6134,5.4977491384453055e-12,1.3225269841356529e-10,1.905971891625975e-11,4.783934915099456e-12,1.5132427215576172
6135,5.478440754806545e-12,1.3165983156727974e-10,1.899599776189961e-11,4.7667221854116236e-12,1.535654067993164
6136,5.45968911350809e-12,1.3106988834324007e-10,1.893179093658877e-11,4.75000139315389e-12,1.5482902526855469
6137,5.4407089489663635e-12,1.3048448727449013e-10,1.8867966817090267e-11,4.73295462706422e-12,1.546621322631836
6138,5.421695776667641e-12,1.2990134813207786e-10,1.880461359116862e-11,4.715699698149569e-12,1.550912857055664
6139,5.402857039324661e-12,1.2932042811258627e-10,1.8742734460002993e-11,4.6985952088382696e-12,1.5382766723632812
6140,5.384358959814856e-12,1.2874352187292993e-10,1.8680352249916896e-11,4.681898846163924e-12,1.5349388122558594
6141,5.36595149577496e-12,1.2816755597246853e-10,1.8619512193264464e-11,4.665450088184917e-12,1.5540122985839844
6142,5.347450594223044e-12,1.2759612552749415e-10,1.8557337825594693e-11,4.6489129538699e-12,1.5368461608886719
6143,5.329279047081358e-12,1.2702766216374902e-10,1.8496286082420815e-11,4.632444624957608e-12,1.529693603515625
6144,5.310842634575196e-12,1.2646127139973078e-10,1.8435347812721456e-11,4.6154775822029945e-12,1.5795230865478516
6145,5.292889138978741e-12,1.2589792940532314e-10,1.837712751483943e-11,4.599116982822313e-12,1.5270709991455078
6146,5.275043951483389e-12,1.2533779855664e-10,1.831810164706619e-11,4.583091462388634e-12,1.598358154296875
6147,5.2572541235307895e-12,1.247809464168768e-10,1.825896427564772e-11,4.567080374511652e-12,1.539468765258789
6148,5.2394081732530846e-12,1.2422870838270904e-10,1.820008472330953e-11,4.5509970501013525e-12,1.5246868133544922
6149,5.22175458537064e-12,1.2367728955869752e-10,1.8142832939541633e-11,4.535086153007443e-12,1.5249252319335938
6150,5.2044010080800736e-12,1.2312983406575979e-10,1.80843229317631e-11,4.519475529857446e-12,1.5645027160644531
6151,5.187023746380788e-12,1.2258509081239622e-10,1.802614170476433e-11,4.503552953342658e-12,1.7368793487548828
6152,5.169806119825097e-12,1.2204403654116263e-10,1.7969077844268976e-11,4.487562708459904e-12,1.5480518341064453
6153,5.1525891212481105e-12,1.2150486217992152e-10,1.7912679520008134e-11,4.471915929974544e-12,1.5282630920410156
6154,5.135606064970767e-12,1.20969188793042e-10,1.785671025219777e-11,4.4563393468994815e-12,1.5330314636230469
6155,5.1187715600183456e-12,1.20436565379231e-10,1.7800708325664187e-11,4.441072788696643e-12,1.5392303466796875
6156,5.1019687864888775e-12,1.199063874754523e-10,1.774530470592783e-11,4.425569011414519e-12,1.5320777893066406
6157,5.085268302749125e-12,1.1937950326960464e-10,1.7689990307757684e-11,4.410210199051478e-12,1.5854835510253906
6158,5.068528455378062e-12,1.1885517078919263e-10,1.7635705151161847e-11,4.394500818810626e-12,1.5444755554199219
6159,5.052466181644874e-12,1.1833410685839792e-10,1.7581136346952344e-11,4.3794475313188106e-12,1.5304088592529297
6160,5.035969780664602e-12,1.1781634312378394e-10,1.7528386342542977e-11,4.3640879060343474e-12,1.5292167663574219
6161,5.019734718930668e-12,1.173021458576203e-10,1.7475054949338783e-11,4.349197919449488e-12,1.519918441772461
6162,5.003395409663295e-12,1.167895782169086e-10,1.7422164661837837e-11,4.334204177189128e-12,1.5590190887451172
6163,4.987125503263322e-12,1.162808147142294e-10,1.7369451370544445e-11,4.319151919987216e-12,1.5726089477539062
6164,4.970913392153344e-12,1.1577459283391532e-10,1.7316736175574553e-11,4.304026481981123e-12,1.5354156494140625
6165,4.955320642133157e-12,1.152721456361117e-10,1.726516230027885e-11,4.289465235330209e-12,1.5354156494140625
6166,4.939696021942295e-12,1.147732887733437e-10,1.7213452912021197e-11,4.274934999629981e-12,1.5273094177246094
6167,4.923869675303915e-12,1.142764112178797e-10,1.7162281722623875e-11,4.260176072615262e-12,1.5912055969238281
6168,4.90795350851604e-12,1.1378357470036239e-10,1.7111768818954847e-11,4.245201165090598e-12,1.6493797302246094
6169,4.892586381943838e-12,1.1329284485016588e-10,1.706098352864908e-11,4.23107264181818e-12,1.5404224395751953
6170,4.877107461598995e-12,1.1280419311440329e-10,1.7010620103227146e-11,4.2166291564229576e-12,1.5826225280761719
6171,4.8619557419300974e-12,1.1231913411759696e-10,1.6961192996241232e-11,4.202566394041149e-12,1.5549659729003906
6172,4.8466833880391425e-12,1.1183785877853149e-10,1.6912683102888402e-11,4.18809577123204e-12,1.5544891357421875
6173,4.8317925880074105e-12,1.1135857509443437e-10,1.68641560235897e-11,4.174004228691173e-12,1.5435218811035156
6174,4.816754006384585e-12,1.1088326772923336e-10,1.68153036615934e-11,4.160027986035864e-12,1.5420913696289062
6175,4.801985413463963e-12,1.104100951424653e-10,1.6767540285871224e-11,4.146039620834605e-12,1.5366077423095703
6176,4.7869699379216486e-12,1.0994001822936539e-10,1.6719984756440914e-11,4.132035938351721e-12,1.5780925750732422
6177,4.772127602784062e-12,1.0947292479542389e-10,1.6672563257638587e-11,4.118067299962063e-12,1.5723705291748047
6178,4.75759954963907e-12,1.0900927186185073e-10,1.6625511190754837e-11,4.1045735787564665e-12,1.5511512756347656
6179,4.742809180120263e-12,1.0854760402834694e-10,1.6579524369191286e-11,4.0907651571431e-12,1.529693603515625
6180,4.728563958967162e-12,1.0809071791382869e-10,1.6533497684210715e-11,4.07751583177348e-12,1.522064208984375
6181,4.7140937378664005e-12,1.0763507237571799e-10,1.648729927813328e-11,4.0639060697138865e-12,1.5687942504882812
6182,4.700019975453871e-12,1.0718298467352874e-10,1.6440787602291894e-11,4.050609499236517e-12,1.6422271728515625
6183,4.685889183323951e-12,1.0673243992196548e-10,1.639635643029138e-11,4.037033820230378e-12,1.57928466796875
6184,4.672027859127557e-12,1.0628585080695899e-10,1.6352514387008913e-11,4.0236916846228905e-12,1.552581787109375
6185,4.657911609532714e-12,1.0584079411572554e-10,1.6308012531934987e-11,4.0099957257547264e-12,1.5459060668945312
6186,4.644697126174107e-12,1.0540125701339747e-10,1.6264567830181327e-11,3.9974453594285344e-12,1.5354156494140625
6187,4.630956754112669e-12,1.0496335937151415e-10,1.6221313772325912e-11,3.9842144855330184e-12,1.537322998046875
6188,4.6175946116138025e-12,1.0452806119666249e-10,1.6178094539886414e-11,3.971438194380979e-12,1.5583038330078125
6189,4.603965155647939e-12,1.0409678052733975e-10,1.613455707471429e-11,3.958177579669031e-12,1.581430435180664
6190,4.5905701414951115e-12,1.036673898215561e-10,1.6091377783770484e-11,3.9452385941034005e-12,1.5416145324707031
6191,4.577138799177369e-12,1.0324034655063447e-10,1.6050466419054477e-11,3.9323385614632965e-12,1.5287399291992188
6192,4.563958076359981e-12,1.028164516417527e-10,1.6007846459485332e-11,3.919750160477038e-12,1.5406608581542969
6193,4.550714840234619e-12,1.0239653288925168e-10,1.596673986639293e-11,3.906935836169447e-12,1.6045570373535156
6194,4.537494303491582e-12,1.0197884655974711e-10,1.5925843763526267e-11,3.894266346729486e-12,1.5461444854736328
6195,4.524335647562279e-12,1.0156480066545419e-10,1.5884551918171153e-11,3.881608943996901e-12,1.547098159790039
6196,4.510825482775973e-12,1.0115240907974375e-10,1.5844507757383275e-11,3.868390139547813e-12,1.5528202056884766
6197,4.498109122504023e-12,1.007429917106262e-10,1.580461049462819e-11,3.856106516945262e-12,1.5370845794677734
6198,4.485235170053248e-12,1.0033646873204148e-10,1.5764730103759125e-11,3.843618144928495e-12,1.5397071838378906
6199,4.472522962926133e-12,9.993420683752351e-11,1.5724799665437702e-11,3.831539734305997e-12,1.5251636505126953
6200,4.459750275008235e-12,9.953447886060378e-11,1.568474065501181e-11,3.819308844956881e-12,1.5261173248291016
6201,4.447100348167209e-12,9.913780825788743e-11,1.5645836196565933e-11,3.807256964831056e-12,1.7597675323486328
6202,4.434273028716266e-12,9.874332291216704e-11,1.5606810660010107e-11,3.794777779912816e-12,1.561880111694336
6203,4.4216015065999866e-12,9.835073954273581e-11,1.5569149399731342e-11,3.782378383645995e-12,1.5649795532226562
6204,4.409685100709595e-12,9.796004832838997e-11,1.5531656223312063e-11,3.7708106449011195e-12,1.5456676483154297
6205,4.397540010156153e-12,9.757477546967063e-11,1.549380776216754e-11,3.758750683162822e-12,1.5368461608886719
6206,4.385363986417004e-12,9.719137642242269e-11,1.545639476915542e-11,3.74714340160725e-12,1.5377998352050781
6207,4.373154594792808e-12,9.681071821305919e-11,1.5419803620699138e-11,3.735208838945e-12,1.5234947204589844
6208,4.361286855969382e-12,9.643359738240719e-11,1.5383914758690187e-11,3.72399699240235e-12,1.5878677368164062
6209,4.349160667666482e-12,9.605851565556193e-11,1.53473711998334e-11,3.712307280983458e-12,1.5511512756347656
6210,4.337155798799332e-12,9.568657518552908e-11,1.5310664652182598e-11,3.700757318678292e-12,1.539468765258789
6211,4.325266480645703e-12,9.531657307176467e-11,1.5275364714787622e-11,3.689039168571566e-12,1.5375614166259766
6212,4.313578749970559e-12,9.495041254902616e-11,1.5240111307012938e-11,3.6778103672928414e-12,1.531839370727539
6213,4.3022620741440945e-12,9.458555413981652e-11,1.5205025110622746e-11,3.666834964170093e-12,1.5718936920166016
6214,4.291026182587562e-12,9.422501222672212e-11,1.5169284276483896e-11,3.656137014920243e-12,1.5273094177246094
6215,4.279438951984219e-12,9.38666965931343e-11,1.5133645684352568e-11,3.6448540259624485e-12,1.554250717163086
6216,4.267777664309772e-12,9.351010821668063e-11,1.5098848493591388e-11,3.6332328803021844e-12,1.520395278930664
6217,4.256529466126902e-12,9.315724606301897e-11,1.5065767706793992e-11,3.6218448164497517e-12,1.5408992767333984
6218,4.2451759061912065e-12,9.280566909165217e-11,1.5032255978247857e-11,3.6103287964088282e-12,1.5888214111328125
6219,4.234301851029621e-12,9.245540653238507e-11,1.499989300954362e-11,3.599491978401062e-12,1.537322998046875
6220,4.223577393656054e-12,9.211085665750316e-11,1.4967283613483096e-11,3.5890729787103633e-12,1.5320777893066406
6221,4.2125489972194304e-12,9.176906811478462e-11,1.493394407223985e-11,3.5782684347664453e-12,1.57928466796875
6222,4.20105399722465e-12,9.142915290572235e-11,1.4900964666834707e-11,3.567030471045536e-12,1.5413761138916016
6223,4.189816805373737e-12,9.109107568606665e-11,1.486926267660442e-11,3.556068697971127e-12,1.5277862548828125
6224,4.179177993901835e-12,9.075632319439257e-11,1.4836656121155683e-11,3.5453560947488926e-12,1.5404224395751953
6225,4.168327788594752e-12,9.042244416064164e-11,1.480441286452024e-11,3.5344648334067745e-12,1.5282630920410156
6226,4.157446124128966e-12,9.00927394682223e-11,1.4773460495330768e-11,3.5235619502062942e-12,1.5239715576171875
6227,4.146898920734247e-12,8.976510780802044e-11,1.4742572318235546e-11,3.5131291383506946e-12,1.5163421630859375
6228,4.1363505972234315e-12,8.944207121953572e-11,1.4711738329871727e-11,3.5029789694496535e-12,1.5468597412109375
6229,4.12589211093215e-12,8.912085466581713e-11,1.468097874224703e-11,3.4926204154482635e-12,1.5587806701660156
6230,4.115012397978275e-12,8.880085611111236e-11,1.464985963130951e-11,3.4817191753564823e-12,1.5377998352050781
6231,4.104387017747088e-12,8.84827832348823e-11,1.4619373106458627e-11,3.4707493030539673e-12,1.621246337890625
6232,4.094083709776482e-12,8.816752701472448e-11,1.458918004912924e-11,3.460152775663662e-12,1.5985965728759766
6233,4.083831562254663e-12,8.785586493424202e-11,1.45602090212111e-11,3.4498302970016446e-12,1.6696453094482422
6234,4.073725191083243e-12,8.75449090661972e-11,1.4531535045725206e-11,3.439584437236302e-12,1.6009807586669922
6235,4.063755049407973e-12,8.723887975542425e-11,1.4502591029244009e-11,3.429940155966812e-12,1.5749931335449219
6236,4.0533027270568905e-12,8.693662772413218e-11,1.4473440952119229e-11,3.4196920833607066e-12,1.5597343444824219
6237,4.042464882518323e-12,8.663391368612085e-11,1.4443736358638031e-11,3.4090441620419974e-12,1.5377998352050781
6238,4.032234197158114e-12,8.633517851154952e-11,1.4414725243314183e-11,3.3988713171974105e-12,1.543283462524414
6239,4.022164768520424e-12,8.603748031158622e-11,1.4387279207841336e-11,3.3888241869670486e-12,1.5680789947509766
6240,4.0123049205727745e-12,8.57433060103794e-11,1.4358526007091002e-11,3.379015335403149e-12,1.5764236450195312
6241,4.002711427033802e-12,8.545172099184915e-11,1.4330434976622901e-11,3.3696046449203307e-12,1.5456676483154297
6242,3.992989206272995e-12,8.516307162370123e-11,1.4302399366912484e-11,3.3601059372652023e-12,1.5382766723632812
6243,3.982995308806858e-12,8.487624490116548e-11,1.4274660422693432e-11,3.350323564290214e-12,1.547098159790039
6244,3.973191469928641e-12,8.459150973659723e-11,1.4247398873870402e-11,3.340565474327826e-12,2.0661354064941406
6245,3.963543905033156e-12,8.430782363240479e-11,1.4220287961601858e-11,3.3307336160110985e-12,2.2623538970947266
6246,3.9541564974215635e-12,8.402789170199768e-11,1.4193063629855951e-11,3.321279885259726e-12,2.218961715698242
6247,3.945269772453553e-12,8.374968770566639e-11,1.4167144254956533e-11,3.31217953932343e-12,1.966238021850586
6248,3.93613011462534e-12,8.347387633188595e-11,1.4140926780681156e-11,3.303095706835043e-12,1.6438961029052734
6249,3.926918126467764e-12,8.320179197531561e-11,1.4114339850319804e-11,3.293986177195808e-12,1.604318618774414
6250,3.9174946293214855e-12,8.29295693649469e-11,1.4088530155470038e-11,3.2844948341448115e-12,1.5590190887451172
6251,3.908141850899514e-12,8.266064036650369e-11,1.4062950795260153e-11,3.274987785094185e-12,1.8017292022705078
6252,3.8989906956376285e-12,8.239441602693994e-11,1.4036544563472263e-11,3.265685893353077e-12,1.5552043914794922
6253,3.8898405966849015e-12,8.212898190187282e-11,1.4011963745125935e-11,3.256524606048666e-12,1.9817352294921875
6254,3.880500883960081e-12,8.186603388812174e-11,1.3987636744427138e-11,3.2473114165132713e-12,1.8351078033447266
6255,3.871319529330635e-12,8.160512909942513e-11,1.3963468762403472e-11,3.2381510634009424e-12,1.5363693237304688
6256,3.862012103607915e-12,8.134854619803739e-11,1.3938062251880536e-11,3.2291134274578053e-12,1.5399456024169922
6257,3.8528076514666545e-12,8.109375237940952e-11,1.3912194837250588e-11,3.2200200439639567e-12,1.676321029663086
6258,3.843453017920996e-12,8.084009146784224e-11,1.3886924782647761e-11,3.210758667155935e-12,1.6846656799316406
6259,3.83423874909054e-12,8.058730991015093e-11,1.386276654814934e-11,3.2016025838997205e-12,1.535177230834961
6260,3.825347819193655e-12,8.033784578142677e-11,1.3839646160475968e-11,3.1926156350239407e-12,1.7685890197753906
6261,3.8164347211408216e-12,8.00917735352041e-11,1.3816168432105917e-11,3.1836018802297264e-12,1.7383098602294922
6262,3.8077437689156115e-12,7.984715918628708e-11,1.3791274163946133e-11,3.1750574989324368e-12,1.5702247619628906
6263,3.798812001032208e-12,7.9603485898987e-11,1.3767460931997822e-11,3.1660380705641945e-12,1.5559196472167969
6264,3.790394470020843e-12,7.936434944754318e-11,1.3744103555823438e-11,3.1574816457094636e-12,1.5451908111572266
6265,3.7816742113767255e-12,7.912468211281281e-11,1.372068215078834e-11,3.1485782801067406e-12,1.5323162078857422
6266,3.773068609604436e-12,7.88869767170178e-11,1.3697801475056521e-11,3.1396853075404476e-12,1.5277862548828125
6267,3.76453641973676e-12,7.865317918827516e-11,1.367526368269269e-11,3.131113532341778e-12,1.5494823455810547
6268,3.75626223496201e-12,7.842047134432761e-11,1.3653492104147924e-11,3.1229001124220584e-12,1.5327930450439453
6269,3.747621769480888e-12,7.81890049454398e-11,1.363089311980898e-11,3.1140962970436065e-12,1.5461444854736328
6270,3.73929939544744e-12,7.796098073040417e-11,1.3608241002946629e-11,3.105782689027016e-12,1.5611648559570312
6271,3.730745634702478e-12,7.773507162557734e-11,1.3585397943608908e-11,3.09729573878595e-12,1.5361309051513672
6272,3.722000039844128e-12,7.751010860195355e-11,1.3562984820136569e-11,3.0886657050885727e-12,1.5299320220947266
6273,3.713480603694217e-12,7.728752818765341e-11,1.3540620336992761e-11,3.080028167223489e-12,1.5451908111572266
6274,3.705126223761736e-12,7.706586524580634e-11,1.3519146908699847e-11,3.071786555120744e-12,1.5215873718261719
6275,3.69667098617277e-12,7.68459752196281e-11,1.349706925853984e-11,3.0631932157920304e-12,1.5223026275634766
6276,3.688396013837239e-12,7.662791567257713e-11,1.3475348249945606e-11,3.054756603243026e-12,1.535654067993164
6277,3.680141667381513e-12,7.64142736094666e-11,1.3454150815468088e-11,3.0465000835593508e-12,1.5587806701660156
6278,3.671889181571099e-12,7.619974360605977e-11,1.3432308497508448e-11,3.038355903724198e-12,1.5447139739990234
6279,3.6639018635358224e-12,7.599027729754616e-11,1.3411184089907578e-11,3.0305524795436535e-12,1.5239715576171875
6280,3.655809176612957e-12,7.577988030415386e-11,1.3389835794340833e-11,3.0224140792174217e-12,1.5342235565185547
6281,3.647674291305179e-12,7.557111458036563e-11,1.336849767521619e-11,3.0142069832165516e-12,1.528024673461914
6282,3.639719492038683e-12,7.536393523709292e-11,1.3348215391108304e-11,3.0061331080598314e-12,1.5361309051513672
6283,3.631763721767131e-12,7.515875803599588e-11,1.332673353396745e-11,2.998138851684293e-12,1.5816688537597656
6284,3.6237843944811267e-12,7.495638158860816e-11,1.3307226871133577e-11,2.9903646111988126e-12,1.5375614166259766
6285,3.615927178258593e-12,7.475479498003571e-11,1.3286378056737286e-11,2.9827012210846077e-12,1.520395278930664
6286,3.6079386165787396e-12,7.455689671600391e-11,1.3265613815243486e-11,2.9748751693054403e-12,1.5270709991455078
6287,3.599876006870892e-12,7.435896053386804e-11,1.3244687966042389e-11,2.9670882365610113e-12,1.5196800231933594
6288,3.5919869189490306e-12,7.416313818678293e-11,1.322446753762154e-11,2.959143597167443e-12,1.543283462524414
6289,3.5841885714520094e-12,7.396728354951328e-11,1.3205056864738682e-11,2.951342816297984e-12,1.5482902526855469
6290,3.576771772645312e-12,7.377389129149352e-11,1.3185425591603984e-11,2.943942588303101e-12,1.5773773193359375
6291,3.5689596029437362e-12,7.358232552066858e-11,1.3166005936286615e-11,2.9361942502337426e-12,1.5294551849365234
6292,3.5612962363757287e-12,7.33929092081996e-11,1.3146017883751819e-11,2.9286975690684466e-12,1.5215873718261719
6293,3.5532787004611936e-12,7.320570076896386e-11,1.3125361527019658e-11,2.9207914083924656e-12,1.542806625366211
6294,3.54530280703443e-12,7.301981056736436e-11,1.3104650867423614e-11,2.9127775294279437e-12,1.5411376953125
6295,3.5376320192367008e-12,7.283396627100114e-11,1.3084967390340324e-11,2.904988892344688e-12,1.5332698822021484
6296,3.5302722970141395e-12,7.26512918393251e-11,1.3066297671379494e-11,2.8976621907080565e-12,1.6560554504394531
6297,3.5224539012934023e-12,7.246901392189167e-11,1.3047694699223618e-11,2.8898475940775493e-12,1.6961097717285156
6298,3.514808719178431e-12,7.228717706133506e-11,1.3028679735375802e-11,2.882512069026481e-12,1.5785694122314453
6299,3.5071469795833136e-12,7.211001660590771e-11,1.3008899678552701e-11,2.8751964467550986e-12,1.5685558319091797
6300,3.499622683112229e-12,7.19328572007162e-11,1.2989497951692574e-11,2.8677614407074557e-12,1.562356948852539
6301,3.4918252062778684e-12,7.17567554245248e-11,1.2970822401229229e-11,2.859990880818334e-12,1.7504692077636719
6302,3.4844581210309612e-12,7.158108703792097e-11,1.2952614281533647e-11,2.8528959454305874e-12,1.5795230865478516
6303,3.4768589562144395e-12,7.140879915309827e-11,1.293332159117355e-11,2.8456853273176703e-12,1.5692710876464844
6304,3.4691818496408714e-12,7.123767017210281e-11,1.2914239193631774e-11,2.838168848593347e-12,1.5544891357421875
6305,3.461680553287557e-12,7.106693246266977e-11,1.2895377333267791e-11,2.83086628077965e-12,1.5377998352050781
6306,3.454410638655649e-12,7.089721398059692e-11,1.2876732292146115e-11,2.8237846249175454e-12,1.5506744384765625
6307,3.447197284765617e-12,7.072947396541637e-11,1.2858474572572492e-11,2.8166597588499513e-12,1.5392303466796875
6308,3.4396855762623807e-12,7.056291059645457e-11,1.2839744596605807e-11,2.809280493668573e-12,1.5501976013183594
6309,3.432360628318578e-12,7.039782013230854e-11,1.2820726963728475e-11,2.8020441333175616e-12,1.5668869018554688
6310,3.425317869226514e-12,7.023370206459823e-11,1.2802540063473518e-11,2.795165178602307e-12,1.5347003936767578
6311,3.418222632747573e-12,7.007067095209739e-11,1.2784526393629931e-11,2.7883021917108823e-12,1.5256404876708984
6312,3.4110793873771957e-12,6.990945604714431e-11,1.276548447243143e-11,2.7813761811709207e-12,1.5399456024169922
6313,3.4040486498769087e-12,6.975038131445381e-11,1.2747392402249072e-11,2.7744523882040805e-12,1.542806625366211
6314,3.396928303069621e-12,6.959159059518427e-11,1.2728906061325096e-11,2.7672868871420027e-12,1.5959739685058594
6315,3.3898455031361373e-12,6.943349586960943e-11,1.271109886395793e-11,2.76024114501976e-12,1.5761852264404297
6316,3.382980925581926e-12,6.927886831637727e-11,1.2693184547897869e-11,2.753393008604639e-12,1.5454292297363281
6317,3.3756787959336917e-12,6.912245296849003e-11,1.2674517132327244e-11,2.746213692033405e-12,1.5339851379394531
6318,3.3686350503784016e-12,6.896764864968435e-11,1.2657076489111459e-11,2.739349750893265e-12,1.5323162078857422
6319,3.361515374858021e-12,6.881483555271183e-11,1.2639146916564048e-11,2.7325317523982495e-12,1.5366077423095703
6320,3.354469992120449e-12,6.866313571702191e-11,1.2620909450686868e-11,2.7256486468247366e-12,1.5406608581542969
6321,3.347327468768353e-12,6.851151598312849e-11,1.2603941297470017e-11,2.7187204191187283e-12,1.5790462493896484
6322,3.3401230441664075e-12,6.83624237259819e-11,1.2585808621600496e-11,2.7118145038607824e-12,1.5456676483154297
6323,3.332769966045526e-12,6.821359041378977e-11,1.2567843936193599e-11,2.70484031948699e-12,1.5413761138916016
6324,3.3258192620781723e-12,6.806597324233648e-11,1.2549264658496045e-11,2.6984166266399463e-12,1.542806625366211
6325,3.3188816329900237e-12,6.79194059071658e-11,1.2531446882360927e-11,2.691807659738428e-12,1.5363693237304688
6326,3.311550343271319e-12,6.777542149884905e-11,1.251389302667886e-11,2.685108835366754e-12,1.5206336975097656
6327,3.3041597590221133e-12,6.7631291396534e-11,1.2496136504950351e-11,2.678127716795398e-12,1.5306472778320312
6328,3.297065027353472e-12,6.74883826797493e-11,1.2478760723256104e-11,2.671309574307278e-12,1.5735626220703125
6329,3.290270907661162e-12,6.734694554370975e-11,1.2461027775342782e-11,2.664917329108452e-12,1.5385150909423828
6330,3.283461886768812e-12,6.720618973854142e-11,1.2443062634821843e-11,2.6582028500217973e-12,1.5223026275634766
6331,3.2769361343478075e-12,6.706566513435687e-11,1.2425629063863917e-11,2.6521003466532214e-12,1.5234947204589844
6332,3.270147307902578e-12,6.692504527612628e-11,1.2408708802045899e-11,2.6455289126376566e-12,1.5304088592529297
6333,3.263313160004236e-12,6.678607014647532e-11,1.2391076798690663e-11,2.6389372870129834e-12,1.5196800231933594
6334,3.256583978757901e-12,6.66475065860734e-11,1.2373474792325492e-11,2.6325303591889613e-12,1.5599727630615234
6335,3.2494850354522337e-12,6.651113164322046e-11,1.2356964600971052e-11,2.6260762065169783e-12,1.5473365783691406
6336,3.2425187790753427e-12,6.637522981219731e-11,1.2339514070434563e-11,2.619416851231371e-12,1.5299320220947266
6337,3.235553202178524e-12,6.623964609852097e-11,1.2321495945599459e-11,2.613065119135499e-12,1.5311241149902344
6338,3.228851128627852e-12,6.610523545643948e-11,1.230441024639938e-11,2.6067822126513967e-12,1.5261173248291016
6339,3.2221547593614565e-12,6.597147575329823e-11,1.228648411195868e-11,2.6005091621566588e-12,1.51824951171875
6340,3.2154995483005158e-12,6.58392603775632e-11,1.2268653803600777e-11,2.594226742042787e-12,1.7063617706298828
6341,3.2089521439715493e-12,6.570810215575165e-11,1.2251843931592544e-11,2.587918676367037e-12,1.537322998046875
6342,3.2021853162352845e-12,6.55774770524299e-11,1.2234552220995655e-11,2.5815573496816516e-12,1.5225410461425781
6343,3.195539619797121e-12,6.544686876226096e-11,1.2216835535796234e-11,2.575238084076178e-12,1.5234947204589844
6344,3.188879746097269e-12,6.53176740585241e-11,1.2199631121876837e-11,2.568799488629172e-12,1.5234947204589844
6345,3.1822110913510373e-12,6.518826652108372e-11,1.2182420315649326e-11,2.5623074054814904e-12,1.5294551849365234
6346,3.1756889194143542e-12,6.505965492207404e-11,1.2165471079521215e-11,2.556042335507478e-12,1.5604496002197266
6347,3.169044146078985e-12,6.493383032650711e-11,1.2147607143727386e-11,2.549789599652337e-12,1.5387535095214844
6348,3.162084119251036e-12,6.480682409700122e-11,1.2130975479700563e-11,2.543261399493389e-12,1.5273094177246094
6349,3.1552232986006304e-12,6.468151041048078e-11,1.2114655715467928e-11,2.5371635182223863e-12,1.5223026275634766
6350,3.148434852823046e-12,6.455640136379605e-11,1.2096891833630139e-11,2.530976132874267e-12,1.5151500701904297
6351,3.1418062846409146e-12,6.443108370677662e-11,1.2078932151273481e-11,2.5249874672160526e-12,1.7430782318115234
6352,3.1353189630368594e-12,6.430804879109449e-11,1.2061620418395266e-11,2.519099095354112e-12,1.6024112701416016
6353,3.12834665072197e-12,6.418467375809032e-11,1.204312219431771e-11,2.5126480709206165e-12,1.550436019897461
6354,3.1216123534612066e-12,6.406252583708918e-11,1.2027005252831796e-11,2.506519848125861e-12,1.531839370727539
6355,3.115086153731858e-12,6.394045108214309e-11,1.2009807750481545e-11,2.5007542877725943e-12,1.5540122985839844
6356,3.1086542225026166e-12,6.381985256123245e-11,1.1991830252592147e-11,2.495024557203516e-12,1.5344619750976562
6357,3.1019057031884303e-12,6.370002467662184e-11,1.197499028619034e-11,2.488772615054625e-12,1.5323162078857422
6358,3.095611493816992e-12,6.357981305392428e-11,1.1957489671155902e-11,2.483172051784101e-12,1.5265941619873047
6359,3.0889007988562588e-12,6.345966080771446e-11,1.1940092181336619e-11,2.4768814283803086e-12,1.5592575073242188
6360,3.0824711012798844e-12,6.334020374912894e-11,1.1922425268083858e-11,2.470932394009391e-12,1.5289783477783203
6361,3.0760684259917327e-12,6.322211981926119e-11,1.1905560597027223e-11,2.4652706306052788e-12,1.5273094177246094
6362,3.0695312186196143e-12,6.310382272840786e-11,1.188842238589975e-11,2.4596997945482695e-12,1.6868114471435547
6363,3.0629834861012537e-12,6.298644398591383e-11,1.1871096171564429e-11,2.45397021673919e-12,1.5399456024169922
6364,3.0563091690761386e-12,6.287016993478171e-11,1.1852994119028813e-11,2.4480711553690835e-12,1.5370845794677734
6365,3.049817374730906e-12,6.275401586901402e-11,1.1835497221060165e-11,2.4421553107751356e-12,1.585245132446289
6366,3.0432852803826667e-12,6.263733109260823e-11,1.1817447689035945e-11,2.436113131284061e-12,1.5444755554199219
6367,3.036863091817378e-12,6.252145784294476e-11,1.180021303615716e-11,2.4302625965747486e-12,1.5363693237304688
6368,3.030538416470633e-12,6.240616138168252e-11,1.1782892465155829e-11,2.4243459163520314e-12,1.5261173248291016
6369,3.0241599089865716e-12,6.229116787300917e-11,1.1765974757752362e-11,2.41849999463032e-12,1.5311241149902344
6370,3.0175967411096333e-12,6.217805113653636e-11,1.1748495629382871e-11,2.4126269810635653e-12,1.527547836303711
6371,3.0112877104624684e-12,6.206489689785169e-11,1.173022449327897e-11,2.4069071923038303e-12,1.5325546264648438
6372,3.0046788883135562e-12,6.195210756111793e-11,1.1712710353292453e-11,2.4008774207433838e-12,1.5821456909179688
6373,2.998250417905672e-12,6.183770552619877e-11,1.1695533236093905e-11,2.3950099960075642e-12,1.529693603515625
6374,2.9916483874550236e-12,6.172465658611518e-11,1.1678582136164691e-11,2.3889972373117765e-12,1.5270709991455078
6375,2.985232553897933e-12,6.161220263342688e-11,1.1661240274651365e-11,2.3833107702936653e-12,1.547098159790039
6376,2.9789752988144333e-12,6.150113912320022e-11,1.1643419844769549e-11,2.377813624822876e-12,1.5277862548828125
6377,2.972463216578206e-12,6.138899292259946e-11,1.1625517201371645e-11,2.3719418272386415e-12,1.5332698822021484
6378,2.966174108598185e-12,6.127850315094719e-11,1.1608288433935634e-11,2.3667198192099233e-12,1.5561580657958984
6379,2.959605916036203e-12,6.116893883274538e-11,1.1590436945264262e-11,2.3607727035459292e-12,1.554250717163086
6380,2.9531431609664135e-12,6.10583849456181e-11,1.1572391848506197e-11,2.3551114422852977e-12,1.5323162078857422
6381,2.946692046546077e-12,6.094889825722577e-11,1.1554240894529795e-11,2.3496652999821443e-12,1.5254020690917969
6382,2.9403099959675378e-12,6.083895365136281e-11,1.153707190738558e-11,2.3441545991392585e-12,1.523733139038086
6383,2.93418809621146e-12,6.073089169098443e-11,1.1518953688685133e-11,2.339068058342476e-12,1.5311241149902344
6384,2.9277574721445784e-12,6.062246260555021e-11,1.1500989672341237e-11,2.3334901014706113e-12,1.5196800231933594
6385,2.921092050887962e-12,6.051355381374612e-11,1.1483410449258584e-11,2.3276014637278474e-12,1.5702247619628906
6386,2.914671053418365e-12,6.040411535248148e-11,1.1465177285548129e-11,2.3220725740720196e-12,1.520395278930664
6387,2.9083379431596228e-12,6.029554766779796e-11,1.1447360011905608e-11,2.316907885896972e-12,1.5282630920410156
6388,2.901862403683224e-12,6.018791485137895e-11,1.142872465683929e-11,2.3111649221367996e-12,1.52587890625
6389,2.8954283812199117e-12,6.007944614662644e-11,1.141023790379671e-11,2.305616021818917e-12,1.5263557434082031
6390,2.8888234444906715e-12,5.997253416369394e-11,1.1392239751093589e-11,2.2998803969325274e-12,1.5225410461425781
6391,2.882743345598545e-12,5.986419918664175e-11,1.1374260583658794e-11,2.2946602572349146e-12,1.5561580657958984
6392,2.876357332888456e-12,5.975594455929906e-11,1.1356238537898782e-11,2.2890823469436257e-12,1.5292167663574219
6393,2.8701104672605852e-12,5.96496707077845e-11,1.1338060247817673e-11,2.283467543816648e-12,1.5218257904052734
6394,2.8639949336033232e-12,5.954343036119609e-11,1.1319575956567586e-11,2.27811067455795e-12,1.516580581665039
6395,2.8578619371304126e-12,5.943717187722957e-11,1.1301202249947555e-11,2.2727151411462183e-12,1.5218257904052734
6396,2.85169947924625e-12,5.933013030266846e-11,1.1283269219452686e-11,2.2673252388257676e-12,1.5156269073486328
6397,2.845790541697908e-12,5.922445167573295e-11,1.1264305824233087e-11,2.2618337825165927e-12,1.5213489532470703
6398,2.839622275594052e-12,5.911768931002905e-11,1.1245900238931516e-11,2.2562981244295997e-12,1.5594959259033203
6399,2.8334567282950074e-12,5.901117335050866e-11,1.1228215184613575e-11,2.2506380224874662e-12,1.5342235565185547
6400,2.8271380083308834e-12,5.890593263254338e-11,1.1210097676630591e-11,2.2453186004934298e-12,1.5375614166259766
6401,2.821177723567256e-12,5.880023273568097e-11,1.119166152619937e-11,2.240367733132085e-12,1.7304420471191406
6402,2.814753093834939e-12,5.869569287867534e-11,1.1172830474585177e-11,2.2348121104699524e-12,1.544952392578125
6403,2.8083683430858868e-12,5.858987226089216e-11,1.1154184101675404e-11,2.2294079362692763e-12,1.7275810241699219
6404,2.8021493661004044e-12,5.848437213644466e-11,1.1135374707055654e-11,2.224142086852012e-12,1.613616943359375
6405,2.795646076313159e-12,5.838103264033925e-11,1.1116867689388626e-11,2.218818170651109e-12,1.5554428100585938
6406,2.7891711534121315e-12,5.827509153305574e-11,1.1097707379215298e-11,2.213306357922381e-12,1.5635490417480469
6407,2.782852886606905e-12,5.817118537514005e-11,1.1079903265526598e-11,2.2081221684311897e-12,1.623392105102539
6408,2.7764706291820468e-12,5.80670347557874e-11,1.1060721652447075e-11,2.2026117409981983e-12,1.9381046295166016
6409,2.7702745025763047e-12,5.796321509381224e-11,1.1042266829830346e-11,2.1975469679653664e-12,1.5740394592285156
6410,2.764162149171984e-12,5.785853479240938e-11,1.1022601890697959e-11,2.1926770379144133e-12,1.6016960144042969
6411,2.7576819949378994e-12,5.775575515345486e-11,1.1003845971481706e-11,2.1872721338162718e-12,1.5571117401123047
6412,2.7512236435792962e-12,5.765104910464e-11,1.098456657061859e-11,2.1820069278168902e-12,1.5361309051513672
6413,2.7448557956063624e-12,5.7545927976475965e-11,1.0965845810108987e-11,2.1768952747246545e-12,1.5325546264648438
6414,2.7384634455137003e-12,5.744384624253839e-11,1.0946349432677844e-11,2.1716980333387542e-12,1.529693603515625
6415,2.732238771747667e-12,5.7339387169412503e-11,1.0927798815535086e-11,2.1665754115498643e-12,1.5325546264648438
6416,2.7260558228079457e-12,5.72350971349311e-11,1.0908482015596617e-11,2.161674460973358e-12,1.527547836303711
6417,2.7195395074052137e-12,5.713152587620187e-11,1.0889793670250177e-11,2.1564097234544925e-12,1.5709400177001953
6418,2.7133438017125094e-12,5.702863983854596e-11,1.0869577386932821e-11,2.1513414015966197e-12,1.5287399291992188
6419,2.7070662541981516e-12,5.6926208331016174e-11,1.0850241569244858e-11,2.1461259749797377e-12,1.5261173248291016
6420,2.701128412851365e-12,5.682136590033216e-11,1.0831104947466877e-11,2.141241862340465e-12,1.5170574188232422
6421,2.694791734784322e-12,5.671745507252671e-11,1.0811093740474173e-11,2.135907639278216e-12,1.5223026275634766
6422,2.6886634671216e-12,5.6612145434804177e-11,1.0791939194476274e-11,2.1309978365711263e-12,1.5234947204589844
6423,2.6822176352513944e-12,5.6508258019237924e-11,1.0772825457181601e-11,2.1253702460326883e-12,1.5497207641601562
6424,2.675892285819398e-12,5.640478841084935e-11,1.0752431663398975e-11,2.120242839210961e-12,1.5316009521484375
6425,2.6698337343228327e-12,5.630250540797838e-11,1.0733014305025098e-11,2.1155229022724226e-12,1.5256404876708984
6426,2.6639154375960386e-12,5.619794168683481e-11,1.071333911986917e-11,2.110715354613854e-12,1.5282630920410156
6427,2.657504898755588e-12,5.609469178480593e-11,1.0694196477709817e-11,2.1054211797279204e-12,1.6629695892333984
6428,2.6515027487969023e-12,5.599157450849911e-11,1.0674076180382763e-11,2.1003956963437403e-12,1.5358924865722656
6429,2.6453905051292244e-12,5.5887974300838694e-11,1.0654617471193716e-11,2.09536757397567e-12,1.52587890625
6430,2.639402063645712e-12,5.5786289522260486e-11,1.0634806987466607e-11,2.090436415643755e-12,1.5718936920166016
6431,2.6334464791477746e-12,5.5681223828488886e-11,1.0615272142155695e-11,2.08549153626593e-12,1.5304088592529297
6432,2.627133661308884e-12,5.558024840944717e-11,1.0595482636138158e-11,2.0803477209497554e-12,1.5425682067871094
6433,2.621071674092639e-12,5.547559604391624e-11,1.0575414238306601e-11,2.0751888016033376e-12,1.5411376953125
6434,2.6146819540236507e-12,5.5371198662023126e-11,1.0555081130440294e-11,2.0699403155921285e-12,1.6181468963623047
6435,2.60820943953531e-12,5.526745730988922e-11,1.0535400764999091e-11,2.064736760798484e-12,1.5583038330078125
6436,2.6019442077188073e-12,5.516360104085576e-11,1.05157341004365e-11,2.0597654486276028e-12,1.5821456909179688
6437,2.595797392121048e-12,5.506030843677519e-11,1.0494943504315567e-11,2.0548584619057963e-12,1.5485286712646484
6438,2.589560035826573e-12,5.495543966080003e-11,1.0474991490381789e-11,2.0496585578327743e-12,1.5385150909423828
6439,2.5835281425785567e-12,5.4851357019069445e-11,1.0454606203484222e-11,2.0447353168822455e-12,1.5268325805664062
6440,2.5775454448844003e-12,5.474676470600857e-11,1.0434921772367121e-11,2.0397845235862766e-12,1.5227794647216797
6441,2.5712290846338713e-12,5.4642071221860185e-11,1.0414517456468365e-11,2.0346016852141962e-12,1.5451908111572266
6442,2.5652902529726783e-12,5.453807501489527e-11,1.0394527913651678e-11,2.0298791949193623e-12,1.7628669738769531
6443,2.5591319576035098e-12,5.443423468461747e-11,1.0373601806302343e-11,2.0248692334996475e-12,1.583099365234375
6444,2.553113621345542e-12,5.43313453266156e-11,1.0352632103563742e-11,2.020117484173761e-12,1.5463829040527344
6445,2.5470244374965123e-12,5.4227471086089026e-11,1.0332930248105378e-11,2.0153349428048883e-12,1.535177230834961
6446,2.540986073198937e-12,5.412359758156861e-11,1.0312168812082221e-11,2.010597350528715e-12,1.5308856964111328
6447,2.5348617676920594e-12,5.401920848530749e-11,1.0292129172809223e-11,2.0058376852856235e-12,1.5282630920410156
6448,2.5288227660289893e-12,5.391454822568408e-11,1.0271485853357817e-11,2.0012359244159173e-12,1.5311241149902344
6449,2.5222638238817318e-12,5.381053924231415e-11,1.02510251910297e-11,1.996041103006289e-12,1.5883445739746094
6450,2.5160460315648487e-12,5.3704894888091854e-11,1.0230094016579282e-11,1.991176992348006e-12,1.5261173248291016
6451,2.5094276734197034e-12,5.360066417925898e-11,1.0208330102173983e-11,1.9860298927552074e-12,1.74713134765625
6452,2.503397441813295e-12,5.3496063530555504e-11,1.0188284102014232e-11,1.981539654676401e-12,1.5406608581542969
6453,2.4965664883629648e-12,5.3391976777413374e-11,1.016737176663522e-11,1.9761955921925208e-12,1.5299320220947266
6454,2.4907653134133843e-12,5.328687044650186e-11,1.0145469305876046e-11,1.971891854495744e-12,1.5301704406738281
6455,2.4847077203114637e-12,5.318234514080623e-11,1.0124722870074882e-11,1.967232495526227e-12,1.5730857849121094
6456,2.4788862036404558e-12,5.307611691000114e-11,1.0103032702354707e-11,1.962589538720363e-12,1.5382766723632812
6457,2.472824641644176e-12,5.297300122816441e-11,1.0082490717299885e-11,1.957547628817015e-12,1.5254020690917969
6458,2.4667019318895557e-12,5.286720758065397e-11,1.0061404539103233e-11,1.9524588920247128e-12,1.5306472778320312
6459,2.4607533349447655e-12,5.276200300154082e-11,1.0040050484595844e-11,1.947690985529656e-12,1.5246868133544922
6460,2.4546545077865985e-12,5.265637391844497e-11,1.0019029225259078e-11,1.9426932500628063e-12,1.5227794647216797
6461,2.448950496350358e-12,5.2550616720931256e-11,9.9982909695714e-12,1.9381523872470265e-12,1.5177726745605469
6462,2.4429055110893056e-12,5.244545961967079e-11,9.977278278832015e-12,1.933490919855758e-12,1.5778541564941406
6463,2.43681145575732e-12,5.233975820364889e-11,9.954689263941064e-12,1.928522491777498e-12,1.6512870788574219
6464,2.4306526533546854e-12,5.223539043049318e-11,9.933722855242417e-12,1.923615114242995e-12,1.5401840209960938
6465,2.4252964567428308e-12,5.212680368232893e-11,9.911948796811978e-12,1.9193220436637916e-12,1.5325546264648438
6466,2.4190145336179303e-12,5.2021512092681276e-11,9.8906379548255e-12,1.9142984379674386e-12,1.52587890625
6467,2.4129789560801058e-12,5.191506322001916e-11,9.869857842612788e-12,1.909480015862484e-12,1.5327930450439453
6468,2.4064848995359756e-12,5.1808749304816736e-11,9.849077778747492e-12,1.9043927338664344e-12,1.590728759765625
6469,2.4005144789832442e-12,5.170211554961146e-11,9.827128941513434e-12,1.899683349147599e-12,1.5399456024169922
6470,2.394237818210604e-12,5.1595811992310775e-11,9.8045836027445e-12,1.894796448992272e-12,1.5370845794677734
6471,2.3884200379178543e-12,5.148853347141824e-11,9.783022245603411e-12,1.890525861438404e-12,1.5337467193603516
6472,2.382397186734637e-12,5.1381178300379844e-11,9.762096559526376e-12,1.885937566172508e-12,1.5256404876708984
6473,2.376374497186484e-12,5.1275522333435e-11,9.740178758404295e-12,1.8813687377446772e-12,1.5292167663574219
6474,2.3699913905528123e-12,5.116963279759557e-11,9.717404372837625e-12,1.8762642767018316e-12,1.5201568603515625
6475,2.3637990162943557e-12,5.106258938936945e-11,9.695654805989589e-12,1.871404755502746e-12,1.592397689819336
6476,2.3576881867122874e-12,5.095579549315799e-11,9.67403168102021e-12,1.8667894968948287e-12,1.5385150909423828
6477,2.351338281897604e-12,5.0849334410475455e-11,9.651922486064988e-12,1.862125075282805e-12,1.5354156494140625
6478,2.3450183921939914e-12,5.0740823902079155e-11,9.630345165444537e-12,1.8574556591411467e-12,1.5332698822021484
6479,2.3387527828706432e-12,5.0633375065420436e-11,9.607783186777123e-12,1.852965533598451e-12,1.5308856964111328
6480,2.3325470511572468e-12,5.052517598260494e-11,9.58560890382267e-12,1.848188471499951e-12,1.5332698822021484
6481,2.3263899110265184e-12,5.041832588843132e-11,9.563209625131888e-12,1.8435753833567002e-12,1.57928466796875
6482,2.3205256979814567e-12,5.0309869582371115e-11,9.54053523976388e-12,1.8391016670361444e-12,1.5399456024169922
6483,2.314778797863079e-12,5.0203224147310287e-11,9.517894112012305e-12,1.83475674279608e-12,1.527547836303711
6484,2.308591136767616e-12,5.009453461794124e-11,9.495543953235718e-12,1.829842754105432e-12,1.5316009521484375
6485,2.302872178126886e-12,4.998524616174403e-11,9.473931388380179e-12,1.8254885004286133e-12,1.5306472778320312
6486,2.2966958916218553e-12,4.987695091426822e-11,9.451677850547929e-12,1.8206555457763515e-12,1.5630722045898438
6487,2.290617599214781e-12,4.97697545631383e-11,9.429886319856394e-12,1.816147372288952e-12,1.5316009521484375
6488,2.2844269333295654e-12,4.966205756215025e-11,9.405928744247452e-12,1.8113742574260307e-12,1.5697479248046875
6489,2.2783100927215524e-12,4.9554332495889904e-11,9.384082192265868e-12,1.8068667478484954e-12,1.5454292297363281
6490,2.2726255926197787e-12,4.9445127464919325e-11,9.361572509582789e-12,1.8025859197982183e-12,1.537322998046875
6491,2.26647878887167e-12,4.933736544097236e-11,9.338762460382853e-12,1.79779947018343e-12,1.5332698822021484
6492,2.2604745491628897e-12,4.922673967453609e-11,9.316880612006705e-12,1.7931855934232673e-12,1.6589164733886719
6493,2.2541985622346497e-12,4.911753676151406e-11,9.293578211367417e-12,1.7883424781067331e-12,1.5475749969482422
6494,2.2484567307032552e-12,4.9008891858436925e-11,9.27092275687486e-12,1.784189154647901e-12,1.5716552734375
6495,2.242473815931127e-12,4.89007418251143e-11,9.24731861817635e-12,1.7796866626323242e-12,1.5366077423095703
6496,2.2364892956714417e-12,4.879141176622111e-11,9.224798700572221e-12,1.775064396446958e-12,1.5287399291992188
6497,2.230576520862779e-12,4.868277880459111e-11,9.201774766013325e-12,1.7706284497068105e-12,1.5206336975097656
6498,2.224665094990243e-12,4.857188849598439e-11,9.179377080773878e-12,1.7659094820012135e-12,1.5292167663574219
6499,2.218504377301709e-12,4.8461525220523884e-11,9.156076243355028e-12,1.7612496275546334e-12,1.5325546264648438
6500,2.212436492078421e-12,4.8351637240702936e-11,9.133226047595964e-12,1.7564896506226555e-12,1.5544891357421875
6501,2.2066754608295324e-12,4.824139192323764e-11,9.110445360113278e-12,1.7523956428376747e-12,1.7969608306884766
6502,2.200422038905465e-12,4.813197320250706e-11,9.087452100755838e-12,1.747735135576139e-12,1.5418529510498047
6503,2.194452431699307e-12,4.802193400894351e-11,9.063192133436046e-12,1.743185115348725e-12,1.5442371368408203
6504,2.1886568370559578e-12,4.791184621037405e-11,9.040128184585224e-12,1.7387277811880173e-12,1.5473365783691406
6505,2.1828862092023775e-12,4.780075486744339e-11,9.017016817467198e-12,1.7343032816050732e-12,1.5294551849365234
6506,2.1770820575086418e-12,4.768873693937761e-11,8.99439558041566e-12,1.7297083337932065e-12,1.5254020690917969
6507,2.170665346794199e-12,4.75793374192287e-11,8.971966971069669e-12,1.7246810159880095e-12,1.5773773193359375
6508,2.164704470686518e-12,4.746809348303198e-11,8.94873017955017e-12,1.7201328716488744e-12,1.5418529510498047
6509,2.1589550905634177e-12,4.735699860863038e-11,8.924841579181773e-12,1.7157498222825327e-12,1.5382766723632812
6510,2.153726294618775e-12,4.7245449742777754e-11,8.901866236192486e-12,1.7117732463896452e-12,1.5263557434082031
6511,2.1475383162372062e-12,4.713573335328929e-11,8.87831987213623e-12,1.7069954832857665e-12,1.52587890625
6512,2.141715792245403e-12,4.702353239898539e-11,8.85530009561754e-12,1.7025949495268563e-12,1.5599727630615234
6513,2.135461885186746e-12,4.69134595426552e-11,8.832733473401752e-12,1.6982415429837627e-12,1.5704631805419922
6514,2.1291239606339997e-12,4.6802073197649066e-11,8.808519027414539e-12,1.6938320436694236e-12,1.5339851379394531
6515,2.122549934250334e-12,4.668973354654136e-11,8.784769152155038e-12,1.688898432497667e-12,1.53350830078125
6516,2.116452456789991e-12,4.657569617567972e-11,8.761357114407398e-12,1.6845300152227307e-12,1.5289783477783203
6517,2.1107508920459914e-12,4.646425957612114e-11,8.738066323416582e-12,1.6804136357576747e-12,1.5244483947753906
6518,2.1045510880202148e-12,4.635352862972801e-11,8.71469820968339e-12,1.676012347220282e-12,1.529693603515625
6519,2.0983511135677432e-12,4.624098620639305e-11,8.691494039805924e-12,1.6710996132695631e-12,1.5232563018798828
6520,2.092704699386278e-12,4.612965312658802e-11,8.667961708764695e-12,1.667075933245621e-12,1.5726089477539062
6521,2.086951379492264e-12,4.601921615217582e-11,8.644078020737827e-12,1.6629006455992851e-12,1.5265941619873047
6522,2.0812764754563547e-12,4.5907893159989065e-11,8.619006947529115e-12,1.658732820511469e-12,1.5256404876708984
6523,2.0751636589079968e-12,4.5795800620900966e-11,8.595502997917471e-12,1.6541267376395464e-12,1.5180110931396484
6524,2.069537491779829e-12,4.568244427195589e-11,8.571453037876863e-12,1.649818292081347e-12,1.5301704406738281
6525,2.063644496958612e-12,4.557018195434996e-11,8.54734567838801e-12,1.6453287439561664e-12,1.5163421630859375
6526,2.057765366632959e-12,4.545821039431142e-11,8.524778189132177e-12,1.640739539049582e-12,1.544952392578125
6527,2.052026579424931e-12,4.5345871173590726e-11,8.500181547321343e-12,1.636398901573509e-12,1.531362533569336
6528,2.0464799484239216e-12,4.523332643239598e-11,8.476476149307176e-12,1.632169462907909e-12,1.522064208984375
6529,2.0404667246738976e-12,4.511965715406326e-11,8.452671539893775e-12,1.6275810600381405e-12,1.53350830078125
6530,2.0347876107303225e-12,4.5005817865771616e-11,8.42848321325332e-12,1.6232748463054713e-12,1.5277862548828125
6531,2.0290662332409228e-12,4.489369883641281e-11,8.404109741787291e-12,1.619043485273002e-12,1.5196800231933594
6532,2.0235148199760286e-12,4.477961595923004e-11,8.38053221206824e-12,1.6149102703012722e-12,1.5518665313720703
6533,2.017562947681152e-12,4.466731487874843e-11,8.356977385854629e-12,1.6104458182852655e-12,1.5790462493896484
6534,2.0117055358330513e-12,4.455408863450376e-11,8.332830958431435e-12,1.6059292069542744e-12,1.5292167663574219
6535,2.005951249825643e-12,4.4440927232238423e-11,8.308357098717117e-12,1.601760454896567e-12,1.5382766723632812
6536,2.0001300076319612e-12,4.432702883563876e-11,8.283985903915382e-12,1.5974460780141837e-12,1.5363693237304688
6537,1.99368009694687e-12,4.4213547187958216e-11,8.260392870828936e-12,1.5926805614487536e-12,1.5325546264648438
6538,1.987566603265212e-12,4.4099871232936036e-11,8.23666983599474e-12,1.5882494903988415e-12,1.5270709991455078
6539,1.981801264039707e-12,4.398617631106403e-11,8.212561797625491e-12,1.5842396582126291e-12,1.5592575073242188
6540,1.9757338467365123e-12,4.3872930411603584e-11,8.188751488917343e-12,1.5796618851951023e-12,1.5392303466796875
6541,1.9702355916369457e-12,4.376028653345953e-11,8.164293294618045e-12,1.575564299424161e-12,1.5323162078857422
6542,1.9645776275019563e-12,4.364624722557725e-11,8.139801891474854e-12,1.5715059811684687e-12,1.535177230834961
6543,1.958618214488593e-12,4.3532612830258144e-11,8.115602488617902e-12,1.5670059528671446e-12,1.5270709991455078
6544,1.952741383089931e-12,4.341763020951853e-11,8.091957536165757e-12,1.5626242941357048e-12,1.5268325805664062
6545,1.946921172988896e-12,4.330374164460571e-11,8.066896609338922e-12,1.5581127755195012e-12,1.5332698822021484
6546,1.941279393516577e-12,4.3189480945935636e-11,8.042845603609493e-12,1.5540758830947453e-12,1.5857219696044922
6547,1.9353836424836164e-12,4.307740449510121e-11,8.018358679476364e-12,1.5497893074906041e-12,1.5325546264648438
6548,1.929552046698679e-12,4.2963649331548316e-11,7.994534384912161e-12,1.5457725422334676e-12,1.5330314636230469
6549,1.9233596693504915e-12,4.2848877875308175e-11,7.970104466939189e-12,1.5411489603121908e-12,1.5437602996826172
6550,1.9173242933568978e-12,4.273319989198808e-11,7.945952666999958e-12,1.537069273273476e-12,1.5370845794677734
6551,1.9112581183616125e-12,4.261893745888534e-11,7.92124730762501e-12,1.5326159491482922e-12,1.7554759979248047
6552,1.905532017378555e-12,4.250315676361339e-11,7.89770064625958e-12,1.5287193339787975e-12,1.5745162963867188
6553,1.8998680269169448e-12,4.23903368257723e-11,7.872869754454521e-12,1.5245256406819943e-12,1.5406608581542969
6554,1.894101296400814e-12,4.227732359077571e-11,7.848034986467894e-12,1.5201392325864706e-12,1.53350830078125
6555,1.888317026484617e-12,4.21609828929932e-11,7.822999184327806e-12,1.5155716062900828e-12,1.529693603515625
6556,1.882792327956108e-12,4.2047801669489275e-11,7.798619925577838e-12,1.5114093618955927e-12,1.5332698822021484
6557,1.877563429140428e-12,4.1933002601479166e-11,7.774239259813731e-12,1.507520158211353e-12,1.6741752624511719
6558,1.872315088879325e-12,4.181945286757224e-11,7.749942766763051e-12,1.5037121583511588e-12,1.5425682067871094
6559,1.8665424017559098e-12,4.170388608212412e-11,7.725344219443665e-12,1.4991654358889908e-12,1.5721321105957031
6560,1.860913402522508e-12,4.15912629625633e-11,7.701046489892782e-12,1.4951268366878107e-12,1.5347003936767578
6561,1.8550199794977965e-12,4.147816342842408e-11,7.676069430736796e-12,1.4908079870661107e-12,1.5289783477783203
6562,1.849269133340133e-12,4.136346726090014e-11,7.650276959376401e-12,1.4867098452990843e-12,1.5311241149902344
6563,1.8432032990355687e-12,4.1249041599141e-11,7.625789046635455e-12,1.482045519655119e-12,1.5239715576171875
6564,1.83759193412401e-12,4.113344407142776e-11,7.601955878973228e-12,1.4777677609855171e-12,1.5304088592529297
6565,1.8318413857316752e-12,4.1017302511366006e-11,7.577324465130266e-12,1.4735398856803908e-12,1.5592575073242188
6566,1.826094940255617e-12,4.090196992370211e-11,7.553894864806378e-12,1.4694420167101554e-12,1.5387535095214844
6567,1.820170706893297e-12,4.078840605180844e-11,7.528782689471387e-12,1.4652517480542984e-12,1.5265941619873047
6568,1.8145713307351515e-12,4.067471124927593e-11,7.5039860914041e-12,1.4614983545297822e-12,1.5308856964111328
6569,1.8088122804344964e-12,4.0560673323573844e-11,7.478833618067232e-12,1.457337323979352e-12,1.528024673461914
6570,1.8028079956444225e-12,4.044567009215949e-11,7.454196397687744e-12,1.4526061647881714e-12,1.5254020690917969
6571,1.7973640302617749e-12,4.03306334310096e-11,7.429759770917219e-12,1.4489399802128012e-12,1.5268325805664062
6572,1.7918184561217018e-12,4.021511798664832e-11,7.406268735424423e-12,1.4447995782148651e-12,1.558065414428711
6573,1.786236474297852e-12,4.009987069209872e-11,7.381876001601225e-12,1.4408068661865138e-12,1.527547836303711
6574,1.7806142854083115e-12,3.9988480898933035e-11,7.356663277790004e-12,1.4366832918701006e-12,1.560211181640625
6575,1.7749537821022485e-12,3.9873846111648966e-11,7.331343710187898e-12,1.4327072286545737e-12,1.5263557434082031
6576,1.7695712399178061e-12,3.9759721739422e-11,7.30664247985613e-12,1.42894033971551e-12,1.5163421630859375
6577,1.7639763788059744e-12,3.964450773089554e-11,7.280949539956557e-12,1.424392466610519e-12,1.5213489532470703
6578,1.7579461568751438e-12,3.9528984739067446e-11,7.256625519445929e-12,1.4194048608619836e-12,1.5549659729003906
6579,1.7525494444670559e-12,3.941337733804905e-11,7.232285085631037e-12,1.4153456993051121e-12,1.5370845794677734
6580,1.7475866322382228e-12,3.929818857612167e-11,7.208801981737339e-12,1.411910955953829e-12,1.5268325805664062
6581,1.7418917479689812e-12,3.9183943309654315e-11,7.1839690153700756e-12,1.4073227269124019e-12,1.5196800231933594
6582,1.7369215707789492e-12,3.9069458832795286e-11,7.158596889764877e-12,1.4038331365732704e-12,1.5223026275634766
6583,1.7314390737714746e-12,3.895500284296457e-11,7.133689916532158e-12,1.3996837678287447e-12,1.5225410461425781
6584,1.7257698849567316e-12,3.8839735545885774e-11,7.1089049276374886e-12,1.3949927663716967e-12,1.524209976196289
6585,1.7201728988312303e-12,3.872295673600926e-11,7.084796248258099e-12,1.3907913126662903e-12,1.5637874603271484
6586,1.7142660434554543e-12,3.86083658683724e-11,7.06169284948601e-12,1.3865345991747332e-12,1.5327930450439453
6587,1.7089720638399653e-12,3.8493680690783505e-11,7.036603195762875e-12,1.3831133292709525e-12,1.5223026275634766
6588,1.703160896486971e-12,3.838174335509281e-11,7.011379743802087e-12,1.3790579758921608e-12,1.5227794647216797
6589,1.6975353284588305e-12,3.826783479770941e-11,6.98684640536974e-12,1.3750350941333342e-12,1.5201568603515625
6590,1.692113760980022e-12,3.8154082745023564e-11,6.961491248078351e-12,1.3711341727558206e-12,1.566171646118164
6591,1.6865294327136034e-12,3.8039783694375475e-11,6.936866896476924e-12,1.3670838099461262e-12,1.5497207641601562
6592,1.680877053486852e-12,3.7925328296662933e-11,6.913351907288672e-12,1.3629539918307058e-12,1.5344619750976562
6593,1.6753640876316326e-12,3.781028418594549e-11,6.888819278450444e-12,1.3588146926464775e-12,1.5265941619873047
6594,1.66961324622412e-12,3.7697381661221256e-11,6.86386441463189e-12,1.3547153399370795e-12,1.5211105346679688
6595,1.6646404795660428e-12,3.7584066010109927e-11,6.8394319663391185e-12,1.351583641758517e-12,1.5244483947753906
6596,1.6590088352474563e-12,3.7470563349589994e-11,6.813853116723782e-12,1.3473235477627218e-12,1.5347003936767578
6597,1.6537168549122988e-12,3.7355997890066124e-11,6.789454980427984e-12,1.3434293327067629e-12,1.5268325805664062
6598,1.647876212502715e-12,3.724097432535944e-11,6.764452361650356e-12,1.3393208341483719e-12,1.5728473663330078
6599,1.6424203270293452e-12,3.712779770466283e-11,6.739103747612358e-12,1.335277542463868e-12,1.5292167663574219
6600,1.636680329975966e-12,3.701307027547149e-11,6.715945073494383e-12,1.3310218139151137e-12,1.5327930450439453
6601,1.6313679839110875e-12,3.6900390866074124e-11,6.691699029320304e-12,1.327269923064331e-12,1.7397403717041016
6602,1.6260551883911678e-12,3.6786925844846216e-11,6.666467287216286e-12,1.323282072254286e-12,1.5451908111572266
6603,1.6207467398855613e-12,3.6673903287871563e-11,6.642141203305467e-12,1.319354155587635e-12,1.5375614166259766
6604,1.6151544249649298e-12,3.655947785483726e-11,6.6172759989790555e-12,1.3151226178779225e-12,1.5745162963867188
6605,1.6098880253663845e-12,3.644571686063511e-11,6.593385448201799e-12,1.3113755319523384e-12,1.5375614166259766
6606,1.6045262603493321e-12,3.6333391967959856e-11,6.5683327676308565e-12,1.3075757171301062e-12,1.5370845794677734
6607,1.5989940982935054e-12,3.622136141289403e-11,6.5438647159241435e-12,1.3036420224344343e-12,1.519918441772461
6608,1.5936108428783566e-12,3.61077805998573e-11,6.520134322674851e-12,1.2995837830428382e-12,1.5311241149902344
6609,1.5880542364992707e-12,3.5994651993850656e-11,6.494839309558866e-12,1.2955195775423001e-12,1.52587890625
6610,1.5823801471667257e-12,3.588067788164911e-11,6.470734822514589e-12,1.2913005419185368e-12,1.5244483947753906
6611,1.5772724501961868e-12,3.57675178853833e-11,6.445579123951996e-12,1.2874917880231283e-12,1.5561580657958984
6612,1.5722127420651646e-12,3.565501187156423e-11,6.420915980805165e-12,1.2837992189081486e-12,1.52587890625
6613,1.5668345159933858e-12,3.5542750533916714e-11,6.397142652166645e-12,1.279544522525714e-12,1.5189647674560547
6614,1.5621089716153188e-12,3.542992892330224e-11,6.3728266157587645e-12,1.2759970959335437e-12,1.5320777893066406
6615,1.5566093691317235e-12,3.5317564585952893e-11,6.34798939175707e-12,1.2719015345971859e-12,1.5201568603515625
6616,1.5513466014530874e-12,3.520515315705405e-11,6.324059726665089e-12,1.2678676117333061e-12,1.523733139038086
6617,1.5459079109657587e-12,3.509159009647038e-11,6.3000840452834625e-12,1.263783075079877e-12,1.5807151794433594
6618,1.5405645677761841e-12,3.497937327039566e-11,6.27616422989562e-12,1.2599090846448142e-12,1.5416145324707031
6619,1.5351098875087985e-12,3.4866358111348245e-11,6.251898362420183e-12,1.2559345101840876e-12,1.5375614166259766
6620,1.5300051515305328e-12,3.475542850908297e-11,6.2279547268077695e-12,1.2526328975562986e-12,1.5256404876708984
6621,1.5247209163177684e-12,3.464453625503571e-11,6.203129284687782e-12,1.2488241375432275e-12,1.5218257904052734
6622,1.5192670074808867e-12,3.453165577961111e-11,6.179320140716441e-12,1.24482473015424e-12,1.6679763793945312
6623,1.5139907762550191e-12,3.4421364299647077e-11,6.154815520199602e-12,1.2412915673533447e-12,1.5370845794677734
6624,1.5088089085252098e-12,3.43105753490661e-11,6.130209563248191e-12,1.2377041836366787e-12,1.583099365234375
6625,1.5031991998855735e-12,3.4198925034976656e-11,6.105736482509923e-12,1.2334825966115025e-12,1.5339851379394531
6626,1.4981415058864392e-12,3.408938749531912e-11,6.081378666243475e-12,1.2299376806338756e-12,1.5304088592529297
6627,1.492702237252272e-12,3.397690135809678e-11,6.056744398874167e-12,1.2259467896155154e-12,1.528024673461914
6628,1.4878042773220992e-12,3.38659459287638e-11,6.032502138484608e-12,1.2222692499425489e-12,1.5292167663574219
6629,1.4829245267772005e-12,3.375601196567772e-11,6.00838580399594e-12,1.2186375932821041e-12,1.5349388122558594
6630,1.4779176384902851e-12,3.364376622056229e-11,5.984237264410957e-12,1.2145711297538465e-12,1.5552043914794922
6631,1.472845649938534e-12,3.3534020931687225e-11,5.9589802494022205e-12,1.2107097009927105e-12,1.544952392578125
6632,1.4677023322333154e-12,3.342227545946644e-11,5.9360350658693354e-12,1.2067813081685662e-12,1.529693603515625
6633,1.4629439833173306e-12,3.331237244714912e-11,5.911923245834681e-12,1.2034043323699407e-12,1.5368461608886719
6634,1.4576163192374789e-12,3.320259748086791e-11,5.887585105696631e-12,1.1991088503490798e-12,1.5239715576171875
6635,1.4527416913594986e-12,3.30921491388139e-11,5.864532591849934e-12,1.1954657006755431e-12,1.5223026275634766
6636,1.447783202331451e-12,3.298133668851925e-11,5.840793264603954e-12,1.1917948416248222e-12,1.5344619750976562
6637,1.4427633774604307e-12,3.287177952054618e-11,5.817625683739656e-12,1.1880777826354454e-12,1.577615737915039
6638,1.4378065654405862e-12,3.2761438055107595e-11,5.793913880239202e-12,1.1843028299739535e-12,1.5325546264648438
6639,1.4324334291216263e-12,3.265270991259559e-11,5.769280596798033e-12,1.1802110068874605e-12,1.528024673461914
6640,1.4270878280313965e-12,3.2542977860801476e-11,5.745136287523672e-12,1.1760854778818174e-12,1.531362533569336
6641,1.4220694141799732e-12,3.243309245424941e-11,5.722032413064713e-12,1.1724605683970911e-12,1.5573501586914062
6642,1.4171052088009457e-12,3.2324948125121425e-11,5.6982376232923616e-12,1.1689182359804486e-12,1.5397071838378906
6643,1.4122804600414372e-12,3.22145007411559e-11,5.6747926384067776e-12,1.1657066940361683e-12,1.5676021575927734
6644,1.406947375286882e-12,3.210691332671802e-11,5.651070732528466e-12,1.1619201083574567e-12,1.5332698822021484
6645,1.4019401475121966e-12,3.199814392539698e-11,5.627132705588086e-12,1.1585736514290802e-12,1.5263557434082031
6646,1.3967539982516988e-12,3.1890174133241616e-11,5.603684544896162e-12,1.1549434977331494e-12,1.5578269958496094
6647,1.3913152496142718e-12,3.1782678767097755e-11,5.5804351789547336e-12,1.151066286307526e-12,1.5337467193603516
6648,1.385800495333397e-12,3.167514113164714e-11,5.55581747333009e-12,1.147030434392011e-12,1.5285015106201172
6649,1.3808168622059092e-12,3.156577258660486e-11,5.532099743887093e-12,1.1435827429075715e-12,1.5323162078857422
6650,1.3755776417304651e-12,3.1457886589915475e-11,5.509318111034521e-12,1.139941380727673e-12,1.5676021575927734
6651,1.3709253154998626e-12,3.135051959229416e-11,5.485741348921508e-12,1.1366597722526749e-12,1.7094612121582031
6652,1.3658432757016235e-12,3.124393356376522e-11,5.461939632098684e-12,1.1329636630709004e-12,1.5366077423095703
6653,1.3610552977164417e-12,3.113767424321127e-11,5.438384734745117e-12,1.1297533332361142e-12,1.5234947204589844
6654,1.3557241752045469e-12,3.103142299938842e-11,5.4146838222743445e-12,1.1255468890245482e-12,1.5234947204589844
6655,1.3507988012817448e-12,3.092389904441601e-11,5.390847261515475e-12,1.1217955785027292e-12,1.5285015106201172
6656,1.3459896070270061e-12,3.0817645649286123e-11,5.367430898317969e-12,1.118414071812974e-12,1.5664100646972656
6657,1.341196398094591e-12,3.071164719666319e-11,5.345191550450706e-12,1.1148976411122447e-12,1.5330314636230469
6658,1.3365902900602107e-12,3.0605555401548706e-11,5.320983993199401e-12,1.1112632420834257e-12,1.5511512756347656
6659,1.3318223471982795e-12,3.0500571525895834e-11,5.29708471053589e-12,1.1076399871264513e-12,1.5363693237304688
6660,1.3268776734207387e-12,3.039428063735043e-11,5.274293575978732e-12,1.1038419986936732e-12,1.5316009521484375
6661,1.3219318876113314e-12,3.028912524572546e-11,5.2506126241200045e-12,1.1001786077900155e-12,1.5344619750976562
6662,1.3171587275674633e-12,3.0181288673894584e-11,5.228028410970573e-12,1.0963977426754505e-12,1.5552043914794922
6663,1.3122297217970706e-12,3.007723846006755e-11,5.205148873009126e-12,1.0926468396056234e-12,1.5382766723632812
6664,1.3075044515449926e-12,2.997105618494176e-11,5.181998769222917e-12,1.0890460227525489e-12,1.5239715576171875
6665,1.3030831592880009e-12,2.9866436674483266e-11,5.1599554997586975e-12,1.0856802154777173e-12,1.531362533569336
6666,1.298354317051512e-12,2.9763095370879054e-11,5.136767656323845e-12,1.0819248760506711e-12,1.5311241149902344
6667,1.2936935555065021e-12,2.96573361076549e-11,5.112895809347389e-12,1.0783838963464235e-12,1.5361309051513672
6668,1.2890173536071498e-12,2.955190564804508e-11,5.089742854572444e-12,1.0749419159451222e-12,1.5292167663574219
6669,1.2841830358934741e-12,2.9449405455834644e-11,5.0678067213209895e-12,1.0713736127962554e-12,1.5676021575927734
6670,1.279310355622955e-12,2.934404033626497e-11,5.0455543754153785e-12,1.0676750020809914e-12,1.5330314636230469
6671,1.2745164233607516e-12,2.924067064766759e-11,5.022716998913535e-12,1.0640712864773667e-12,1.5249252319335938
6672,1.2697017174102012e-12,2.9137601519147245e-11,5.000936656591167e-12,1.0606620676788448e-12,1.5308856964111328
6673,1.2649963075654396e-12,2.90347340002378e-11,4.978165654686338e-12,1.0572092999245784e-12,1.5342235565185547
6674,1.260289437945009e-12,2.8932366528344274e-11,4.955930486091938e-12,1.0538154676441315e-12,1.5692710876464844
6675,1.2553747942354602e-12,2.883081796716311e-11,4.932871412349156e-12,1.0501366831329934e-12,1.5707015991210938
6676,1.251092136023802e-12,2.8727356072225094e-11,4.910205693519838e-12,1.0473404458083757e-12,1.5425682067871094
6677,1.2462424356928407e-12,2.8626901345574938e-11,4.887670428817492e-12,1.0437820629811285e-12,1.5325546264648438
6678,1.2417314049856086e-12,2.852444509125963e-11,4.8643152796805535e-12,1.0403995373797396e-12,1.5304088592529297
6679,1.2366349903169991e-12,2.8423129852151768e-11,4.8423394312843805e-12,1.0366495999284125e-12,1.5239715576171875
6680,1.2320386389939188e-12,2.8321448701738493e-11,4.820720466050091e-12,1.0333563016497871e-12,1.5361309051513672
6681,1.2270887043241257e-12,2.8219992362371004e-11,4.7983073181805494e-12,1.0297903221318043e-12,1.5270709991455078
6682,1.2225666829958305e-12,2.8120071176563118e-11,4.775790656342019e-12,1.0264229317066235e-12,1.577615737915039
6683,1.2180003507774172e-12,2.8018767125686304e-11,4.754074631246301e-12,1.0234008185872511e-12,1.5397071838378906
6684,1.2133507121928984e-12,2.7918702705269454e-11,4.731272360763321e-12,1.0199470598422671e-12,1.5244483947753906
6685,1.208832171698573e-12,2.781873300039539e-11,4.709009646799046e-12,1.0168015889422677e-12,1.5239715576171875
6686,1.2042509785677907e-12,2.7718547325661786e-11,4.686348810644127e-12,1.0133631888686968e-12,1.5323162078857422
6687,1.199315241993013e-12,2.761798339964205e-11,4.664573322169822e-12,1.0093831626683742e-12,1.6605854034423828
6688,1.1948600603647581e-12,2.7516416937739012e-11,4.642974620947073e-12,1.006197004254148e-12,1.5652179718017578
6689,1.1909050913603942e-12,2.741740754830617e-11,4.620248772418607e-12,1.0031109312324657e-12,1.5416145324707031
6690,1.1863837780926155e-12,2.7318115139725753e-11,4.599567846461644e-12,9.994417120281621e-13,1.5420913696289062
6691,1.181828727652698e-12,2.721820093856304e-11,4.5786881068719765e-12,9.95997878266455e-13,1.5308856964111328
6692,1.1775705031377104e-12,2.7120157306998846e-11,4.556022975769818e-12,9.929269273183566e-13,1.5285015106201172
6693,1.1729312790225737e-12,2.7022234309515848e-11,4.534855240223872e-12,9.89433138038343e-13,1.519918441772461
6694,1.168451877061346e-12,2.6924998414383368e-11,4.5123316407466e-12,9.860776717114005e-13,1.5232563018798828
6695,1.1642802241841645e-12,2.6827739542103312e-11,4.490922871103822e-12,9.828942781300657e-13,1.580953598022461
6696,1.1597842201640181e-12,2.6729364022153308e-11,4.469598136062727e-12,9.793698127639851e-13,1.5430450439453125
6697,1.155554070237389e-12,2.6631536748211057e-11,4.449343881883476e-12,9.764941446524185e-13,1.5413761138916016
6698,1.1510015764654988e-12,2.6535569864315472e-11,4.426830274864053e-12,9.73172729134911e-13,1.5270709991455078
6699,1.1460908566631706e-12,2.6438632444025687e-11,4.405072176256792e-12,9.69261775147244e-13,1.52587890625
6700,1.1417921988243691e-12,2.634148528912898e-11,4.384029162177795e-12,9.66353737137549e-13,1.5261173248291016
6701,1.1374178709712063e-12,2.6245275897909314e-11,4.3632000119484485e-12,9.63173928438205e-13,1.7647743225097656
6702,1.1331704986530834e-12,2.6147410778087013e-11,4.34173124892642e-12,9.598727320427783e-13,1.5540122985839844
6703,1.1287817642040766e-12,2.6053324877534944e-11,4.3204214100276394e-12,9.567108697445247e-13,1.5513896942138672
6704,1.124432708711149e-12,2.595621902803937e-11,4.300044351290632e-12,9.532509873079606e-13,1.5382766723632812
6705,1.120056115966207e-12,2.586270594344198e-11,4.278909289291527e-12,9.500989882516832e-13,1.53350830078125
6706,1.1156853166612815e-12,2.576901396871432e-11,4.258117744291907e-12,9.468660800714392e-13,1.5261173248291016
6707,1.111084933865002e-12,2.5674469638214774e-11,4.237384995896835e-12,9.43675291941342e-13,1.5375614166259766
6708,1.106583970614642e-12,2.5579712017671168e-11,4.216452256056548e-12,9.401837828405103e-13,1.5559196472167969
6709,1.1024945109088683e-12,2.548574683955094e-11,4.195756754106354e-12,9.372648257289549e-13,1.5354156494140625
6710,1.0980627873915647e-12,2.5392037624947405e-11,4.174324042224802e-12,9.33958355907055e-13,1.5306472778320312
6711,1.0939503910763606e-12,2.5298786046800266e-11,4.153762855389104e-12,9.309370316161627e-13,1.5435218811035156
6712,1.0894305664804372e-12,2.520558846932334e-11,4.133156447515749e-12,9.274992152375922e-13,1.5304088592529297
6713,1.0847940827497051e-12,2.5112897874803394e-11,4.112163497074129e-12,9.239792509361296e-13,1.5642642974853516
6714,1.0808618286693776e-12,2.5019412325932643e-11,4.092828752258747e-12,9.209551704866826e-13,1.562356948852539
6715,1.076647563824158e-12,2.4927652907722807e-11,4.071601874818098e-12,9.17475658679835e-13,1.5337467193603516
6716,1.0727641016228146e-12,2.483409771827192e-11,4.051292023204345e-12,9.146167924166622e-13,1.52587890625
6717,1.068844941422407e-12,2.474296647130333e-11,4.031194854836892e-12,9.118474618738717e-13,1.520395278930664
6718,1.0646491528541272e-12,2.465322690308435e-11,4.010700667360436e-12,9.089275484511276e-13,1.6183853149414062
6719,1.060433978467715e-12,2.4562782335584438e-11,3.989368758156799e-12,9.057505705327943e-13,1.52587890625
6720,1.055992843042567e-12,2.4470634564124998e-11,3.969818130473514e-12,9.021342843295036e-13,1.5366077423095703
6721,1.052077727917716e-12,2.4378953307009174e-11,3.950148916100522e-12,8.988888588998648e-13,1.5654563903808594
6722,1.0480149508979263e-12,2.4288441602696392e-11,3.930658529033331e-12,8.957564664604446e-13,1.5287399291992188
6723,1.0439763460780383e-12,2.4198072613307045e-11,3.911184087505341e-12,8.927142262095245e-13,1.5358924865722656
6724,1.0400286729017966e-12,2.4107414646256332e-11,3.891244250751432e-12,8.898651223544188e-13,1.5311241149902344
6725,1.0361828903980428e-12,2.4018062664809767e-11,3.871933454731076e-12,8.872489944144628e-13,1.5251636505126953
6726,1.0323335156473943e-12,2.392932214300756e-11,3.852112387017012e-12,8.845656758720095e-13,1.5194416046142578
6727,1.0279245821014808e-12,2.3838879859516176e-11,3.8322302413778064e-12,8.811038540582947e-13,1.5692710876464844
6728,1.0236292981411385e-12,2.3749858720614612e-11,3.812507950466423e-12,8.778565502862659e-13,1.5473365783691406
6729,1.0194803646336975e-12,2.3661471524901534e-11,3.793284190388563e-12,8.746956590888265e-13,1.5397071838378906
6730,1.0153640720956267e-12,2.3572782569070114e-11,3.7737315045241125e-12,8.716035327712183e-13,1.5342235565185547
6731,1.011514993393661e-12,2.3485230916784074e-11,3.755144925127727e-12,8.688719436925656e-13,1.5344619750976562
6732,1.0075643849454808e-12,2.339885607525902e-11,3.7361359238004956e-12,8.662212433072796e-13,1.5287399291992188
6733,1.0037502749105575e-12,2.331230107034196e-11,3.715788425961763e-12,8.634285858594635e-13,1.5387535095214844
6734,9.993491758787858e-13,2.3225161561615723e-11,3.6961601181140614e-12,8.598497741653893e-13,1.573801040649414
6734,9.993491758787858e-13,2.3225161561615723e-11,3.6961601181140614e-12,8.598497741653893e-13,0.9377002716064453
