$MeshFormat
4.1 0 8
$EndMeshFormat
$PhysicalNames
3
1 7 "farfield"
1 8 "airfoil"
2 9 "fluid"
$EndPhysicalNames
$Entities
54 6 1 0
1 1 0 0 0 
2 0.95023 0.00805 0 0 
3 0.90046 0.01835 0 0 
4 0.85063 0.02967 0 0 
5 0.80074 0.04133 0 0 
6 0.75077 0.0529 0 0 
7 0.70073 0.06398 0 0 
8 0.65065 0.07425 0 0 
9 0.6004699999999999 0.08338 0 0 
10 0.55026 0.09103 0 0 
11 0.5 0.09671 0 0 
12 0.44972 0.09995999999999999 0 0 
13 0.39942 0.1007 0 0 
14 0.34912 0.09916 0 0 
15 0.29884 0.09566 0 0 
16 0.24858 0.09023 0 0 
17 0.19835 0.0827 0 0 
18 0.14818 0.07276000000000001 0 0 
19 0.09809 0.05971 0 0 
20 0.07310999999999999 0.05153 0 0 
21 0.04819 0.04178 0 0 
22 0.0234 0.02932 0 0 
23 0.0111 0.02116 0 0 
24 0.00625 0.01673 0 0 
25 0.00388 0.01382 0 0 
26 0 0 0 0 
27 0.00612 -0.01282 0 0 
28 0.008750000000000001 -0.01533 0 0 
29 0.0139 -0.01902 0 0 
30 0.0266 -0.0256 0 0 
31 0.05181 -0.03546 0 0 
32 0.07689 -0.04305 0 0 
33 0.10191 -0.04937 0 0 
34 0.15182 -0.0593 0 0 
35 0.20165 -0.06676 0 0 
36 0.25142 -0.07233000000000001 0 0 
37 0.30116 -0.07622 0 0 
38 0.35088 -0.07856 0 0 
39 0.40058 -0.07928 0 0 
40 0.45028 -0.07806 0 0 
41 0.5 -0.07464999999999999 0 0 
42 0.54974 -0.06913 0 0 
43 0.59953 -0.06196 0 0 
44 0.64937 -0.05365 0 0 
45 0.6992699999999999 -0.04454 0 0 
46 0.74923 -0.035 0 0 
47 0.79926 -0.02541 0 0 
48 0.84937 -0.01621 0 0 
49 0.89954 -0.00801 0 0 
50 0.94977 -0.00173 0 0 
51 -25 -25 0 0 
52 25 -25 0 0 
53 25 25 0 0 
54 -25 25 0 0 
1 0 0 0 1 0.1001649108367627 0 1 8 2 1 -26 
2 0 -0.07830233196159123 0 1 0 0 1 8 2 26 -1 
3 -25 -25 0 25 -25 0 1 7 2 51 -52 
4 25 -25 0 25 25 0 1 7 2 52 -53 
5 -25 25 0 25 25 0 1 7 2 53 -54 
6 -25 -25 0 -25 25 0 1 7 2 54 -51 
1 -25 -25 0 25 25 0 1 9 6 1 2 -5 -4 -3 -6 
$EndEntities
$Nodes
13 6874 1 6874
0 1 0 1
1
1 0 0
0 26 0 1
2
0 0 0
0 51 0 1
3
-25 -25 0
0 52 0 1
4
25 -25 0
0 53 0 1
5
25 25 0
0 54 0 1
6
-25 25 0
1 1 0 148
7
8
9
10
11
12
13
14
15
16
17
18
19
20
21
22
23
24
25
26
27
28
29
30
31
32
33
34
35
36
37
38
39
40
41
42
43
44
45
46
47
48
49
50
51
52
53
54
55
56
57
58
59
60
61
62
63
64
65
66
67
68
69
70
71
72
73
74
75
76
77
78
79
80
81
82
83
84
85
86
87
88
89
90
91
92
93
94
95
96
97
98
99
100
101
102
103
104
105
106
107
108
109
110
111
112
113
114
115
116
117
118
119
120
121
122
123
124
125
126
127
128
129
130
131
132
133
134
135
136
137
138
139
140
141
142
143
144
145
146
147
148
149
150
151
152
153
154
0.9971837152042849 0.0004521188453994188 0
0.9943072385925934 0.0009077351619734692 0
0.9913697462554767 0.001367930592793646 0
0.9883704343498225 0.001833940774502081 0
0.9853085244526997 0.002307167308301984 0
0.9821832620691421 0.002789191321289095 0
0.9789939293696716 0.003281785321702283 0
0.9757398462528579 0.003786927291372225 0
0.9724203778770451 0.004306814126434717 0
0.9690349466514808 0.004843874605001254 0
0.9655830376499007 0.005400783449879291 0
0.9620642120666405 0.005980474001041022 0
0.9584781165834239 0.006586151173978976 0
0.9548245047897406 0.007221301708317657 0
0.9511032455169561 0.007889705517938514 0
0.9473139661716784 0.008593432661149423 0
0.9434553949437722 0.00932966565534451 0
0.9395266280561876 0.01009771753088546 0
0.9355267581214417 0.01089688775715728 0
0.9314548379999291 0.01172631152693728 0
0.9273098861819626 0.01258494639853614 0
0.9230908785245221 0.01347156090775675 0
0.9187967478802699 0.01438472077546976 0
0.914426382254281 0.01532277450256211 0
0.9099786233501314 0.0162838379091581 0
0.9054522655994132 0.01726577752460916 0
0.9008460554511825 0.01826619280661492 0
0.8961602298737797 0.01928941218925037 0
0.8913958985147088 0.02034341613819983 0
0.8865522724049565 0.02142728829487129 0
0.881628534475704 0.02253989862251858 0
0.8766238409099031 0.02367995080911659 0
0.8715373340305104 0.02484596877955308 0
0.8663681259282591 0.0260362892930983 0
0.8611153082692963 0.02724904798402537 0
0.8557779503397399 0.02848216744126446 0
0.8503551036271004 0.02973336008881921 0
0.8448474750941192 0.03100733230923244 0
0.8392557404317847 0.03230835678920568 0
0.8335793185564656 0.03363503260465001 0
0.827817619873079 0.03498579849234524 0
0.8219700572893008 0.03635892238633513 0
0.8160360455044925 0.03775249347958101 0
0.8100149991597166 0.0391644143736228 0
0.8039063369341912 0.04059239165508825 0
0.7977098207258183 0.04203538533213247 0
0.7914270999217572 0.04350015660207494 0
0.7850581721508412 0.04498608994260492 0
0.7786026699566165 0.0464907912363799 0
0.7720602309813694 0.04801166283309935 0
0.7654305039934948 0.04954589388177469 0
0.7587131469175027 0.05109045235104925 0
0.7519078331981592 0.05264207496455845 0
0.7450152828284763 0.05420179906358227 0
0.7380372457488817 0.0557748545581609 0
0.730973759043086 0.05735860810100986 0
0.7238248423079322 0.05895005591446426 0
0.7165905450406566 0.0605459903664436 0
0.7092709490241585 0.06214299316233909 0
0.7018661718708286 0.06373742828506047 0
0.694377442513895 0.06533046460440189 0
0.6868068400464864 0.06692694328199673 0
0.679154652463677 0.06852291296560378 0
0.6714211833954351 0.07011402238373213 0
0.6636067943512184 0.07169568070957738 0
0.6557119141687116 0.07326305685387947 0
0.6477372605569058 0.07481216839346518 0
0.6396857548686133 0.07634993339398739 0
0.6315587315288604 0.07787476639005546 0
0.6233569481282952 0.07938156803395345 0
0.6150812234257884 0.08086499450875946 0
0.606732463008929 0.0823194481324129 0
0.5983117904491868 0.08373980442422918 0
0.5898227681483311 0.08513500261801471 0
0.5812672230379941 0.08650334154278856 0
0.5726460280418038 0.08783640625672015 0
0.5639601843772704 0.08912544619511138 0
0.5552108708059202 0.0903613784136086 0
0.5463998209733916 0.09153756240370679 0
0.5375313757375488 0.0926662855604402 0
0.528607705815922 0.09374333960180856 0
0.5196305618593816 0.09475973687271996 0
0.5106019022131052 0.09570622944133114 0
0.5015239355791968 0.09657332230911432 0
0.4923997091479937 0.09735804531134702 0
0.4832331541614281 0.09806695788910851 0
0.4740274316637139 0.09869755223400845 0
0.4647857932083915 0.09924714488313637 0
0.4555115981267817 0.09971312758854493 0
0.4462082948427294 0.1000926645612732 0
0.4368794053609242 0.1003819541304945 0
0.427528713791334 0.1005833949912022 0
0.4181599769585237 0.1007008115954245 0
0.4087768658089074 0.1007381991967491 0
0.3993829628081725 0.1006997047649261 0
0.3899818864501031 0.1005802376932621 0
0.380577338049938 0.1003761632921901 0
0.3711728332164698 0.1000937787436011 0
0.3617717294931928 0.09973947891073466 0
0.3523772337882895 0.09931973063183605 0
0.3429925627543371 0.09883820572490988 0
0.3336213882422688 0.09828925139533089 0
0.32426709330165 0.09767327295448183 0
0.3149329838367916 0.09699145448658275 0
0.3056223167687395 0.09624506314399915 0
0.2963382815699448 0.09543560536553534 0
0.2870838281973728 0.09456656461061724 0
0.2778622377090939 0.09363719784769409 0
0.268676920453183 0.09264539779772805 0
0.2595312840657942 0.0915892199145846 0
0.2504287227064887 0.0904668904184005 0
0.2413719904454296 0.08928151437164333 0
0.2323632171560598 0.08804003801379474 0
0.2234058636825001 0.08673889369005044 0
0.2145034316314617 0.08537445190555165 0
0.2056594217579453 0.08394336255144945 0
0.1968772494994273 0.0824429877534742 0
0.1881572339496489 0.08088807452395515 0
0.1795017082805432 0.07928062878509834 0
0.1709149149729914 0.07761217000550077 0
0.1624011270254908 0.07587484568722339 0
0.1539646433576163 0.07406146891046539 0
0.1456101246296982 0.07216397451949984 0
0.13734216097993 0.07016907862001608 0
0.1291544886743116 0.06810323502391838 0
0.1210430972666213 0.06598827933393556 0
0.1130078757657424 0.06383724823431876 0
0.1050526141782804 0.06165809437295856 0
0.09718738321513537 0.05945388335601604 0
0.08945213642835015 0.05716645454716087 0
0.08192256934663712 0.05469179182001936 0
0.0746268646240026 0.05207662470266206 0
0.06749737533284657 0.0494958572662452 0
0.06054855285352295 0.04688796496146855 0
0.05380638852164909 0.04419568906033591 0
0.04729376943021544 0.04137688555631813 0
0.04101461028596526 0.03842840978730418 0
0.03493545668086807 0.03541476603794078 0
0.02904520133295885 0.03236992817137321 0
0.02336240659383913 0.02929909010602277 0
0.01801001459262774 0.02608561709081464 0
0.01313103996820471 0.02266848103981373 0
0.008732202873883089 0.0192545401546818 0
0.005133252248419776 0.01594513169619314 0
0.003423385372589626 0.01247664693868598 0
0.00243065777722591 0.009055415478144131 0
0.00156850042069374 0.005840178533256448 0
0.0007688285752982636 0.002821094324907704 0
1 2 0 148
155
156
157
158
159
160
161
162
163
164
165
166
167
168
169
170
171
172
173
174
175
176
177
178
179
180
181
182
183
184
185
186
187
188
189
190
191
192
193
194
195
196
197
198
199
200
201
202
203
204
205
206
207
208
209
210
211
212
213
214
215
216
217
218
219
220
221
222
223
224
225
226
227
228
229
230
231
232
233
234
235
236
237
238
239
240
241
242
243
244
245
246
247
248
249
250
251
252
253
254
255
256
257
258
259
260
261
262
263
264
265
266
267
268
269
270
271
272
273
274
275
276
277
278
279
280
281
282
283
284
285
286
287
288
289
290
291
292
293
294
295
296
297
298
299
300
301
302
0.001229094367167858 -0.00261946868900951 0
0.002524444646328415 -0.005425506134866734 0
0.003913038749303137 -0.008412572718840343 0
0.005455793489104484 -0.01158220517973458 0
0.007656548034693123 -0.01472441418998123 0
0.01159835509690263 -0.01757922860674837 0
0.01633973285339443 -0.02043616638108507 0
0.0215475337804274 -0.02325137062368298 0
0.0271789467630908 -0.02585013261444873 0
0.03309507499885641 -0.02832613246010577 0
0.03920626041084212 -0.03077137455628329 0
0.04549714851503974 -0.03318002533129297 0
0.0519774525554963 -0.03551803310818541 0
0.05867133371632516 -0.0377313477632186 0
0.06557159389771522 -0.03983447264747953 0
0.07266081339668039 -0.04186954190125929 0
0.07991883457208408 -0.04389529943461472 0
0.08735160693253072 -0.04593377184150509 0
0.09499965402637771 -0.04782227609925425 0
0.1028155467475823 -0.04956606257662557 0
0.1107401294557553 -0.0512572682837556 0
0.1187478781385886 -0.05292576779744482 0
0.1268302944051579 -0.05456853196576501 0
0.1349838122179901 -0.05617861257103743 0
0.1432081505203786 -0.05774428339065699 0
0.1515063736204693 -0.05924523596430648 0
0.1598814266356834 -0.06066712123095799 0
0.1683293280633233 -0.06202264792302375 0
0.1768465838445129 -0.06331774168229616 0
0.1854297069469207 -0.06455884936261465 0
0.1940752158241358 -0.06575293473689893 0
0.2027796581765525 -0.06690724952569883 0
0.2115415894131424 -0.06801365156053107 0
0.2203591949939661 -0.06906561273706213 0
0.2292295106273677 -0.07006507354085474 0
0.2381495331410256 -0.07101418325187658 0
0.2471162269076556 -0.07191529189742987 0
0.2561266723331337 -0.07276941624621756 0
0.2651785745983152 -0.07357026357486288 0
0.2742689655415514 -0.0743178894927717 0
0.2833947333527845 -0.07501370741617008 0
0.292552743400991 -0.07565926222733173 0
0.3017398472129283 -0.07625622003632655 0
0.3109529945766675 -0.07680447442560204 0
0.3201892305439998 -0.07730171915842214 0
0.3294455140856635 -0.07774606108014917 0
0.3387187497865903 -0.07813565676251973 0
0.3480057903671057 -0.07846871903495253 0
0.3573033541590512 -0.07874651161689455 0
0.3666080728496925 -0.07897398587945029 0
0.3759168592888319 -0.07914532601218267 0
0.3852265248782312 -0.07925410268183772 0
0.3945337513582334 -0.07929397785183739 0
0.4038350915904639 -0.07925996620384096 0
0.4131271483616687 -0.07916101157144179 0
0.4224065448206969 -0.07899662545377711 0
0.4316698153312429 -0.07876231267528358 0
0.4409134140530501 -0.0784537486458686 0
0.4501337214259563 -0.07806680165587254 0
0.4593272407217352 -0.07760133241818834 0
0.4684907532503041 -0.07706165183180443 0
0.4776210544952486 -0.07645024275458503 0
0.4867150331744103 -0.07576964692214748 0
0.4957696773749996 -0.07502245572014375 0
0.5047818592347444 -0.0742089817299188 0
0.5137477966499373 -0.07332230413346723 0
0.5226651175999996 -0.07236991198299808 0
0.5315318780457436 -0.0713611441411081 0
0.5403463391746581 -0.07030509990788639 0
0.5491069466035924 -0.0692106178939359 0
0.5578106705646215 -0.06807376642384298 0
0.5664540272393982 -0.06688720509190998 0
0.5750358185801268 -0.06566018772086386 0
0.5835550166692806 -0.06440169213635978 0
0.5920107190877528 -0.06312034067388961 0
0.600402099575438 -0.06182427269855043 0
0.6087261816040832 -0.06050710935827173 0
0.6169805081213871 -0.05916556745956352 0
0.6251641310095194 -0.0578053162362037 0
0.6332761855633313 -0.05643177719194391 0
0.6413158774323739 -0.05505012455273454 0
0.6492824769997995 -0.05366528556036584 0
0.6571738294698961 -0.05227354390877707 0
0.664987828258821 -0.0508711220899289 0
0.6727240056141375 -0.04946303897185842 0
0.6803819439442264 -0.04805404633987215 0
0.6879612683065489 -0.04664863309726203 0
0.6954616423572449 -0.04525103040477205 0
0.7028824001930734 -0.04386331979742541 0
0.7102210692068415 -0.04247752257601177 0
0.7174771218249356 -0.04109565202848512 0
0.724650458200117 -0.03972158197804249 0
0.7317410063546221 -0.03835893714592772 0
0.738748716979712 -0.03701110043339375 0
0.7456735591083324 -0.03568122021064257 0
0.7525151903750509 -0.03437050990411349 0
0.7592715785952807 -0.03307099386794791 0
0.7659425657180398 -0.0317840898985938 0
0.7725283947910278 -0.03051298408102054 0
0.7790293189467252 -0.02926061884280048 0
0.7854455958818817 -0.02802970287812326 0
0.7917774875009334 -0.02682271995360772 0
0.7980252581247479 -0.02564193784832715 0
0.8041882730563306 -0.02448458647595953 0
0.8102651305181306 -0.02334338475178348 0
0.816256385791164 -0.02222110250264232 0
0.8221626294043298 -0.02112055142512411 0
0.8279844446608023 -0.02004428656263299 0
0.8337223959939195 -0.01899462128875454 0
0.8393770307657715 -0.01797363913803596 0
0.8449488797279544 -0.01698320529785749 0
0.8504383973674097 -0.01602464290282788 0
0.8558442001998515 -0.0150883782267708 0
0.8611661947694276 -0.01417168209567253 0
0.8664052738889342 -0.01327738448290592 0
0.8715623091366582 -0.01240802479590453 0
0.8766381276079548 -0.01156587253762358 0
0.8816335282482908 -0.01075294024777425 0
0.8865492741212729 -0.009970999611604997 0
0.8913860983398528 -0.009221594455731711 0
0.8961447027411412 -0.008506054157232334 0
0.900825598718874 -0.007824381832586045 0
0.9054267414363374 -0.007158347103329425 0
0.9099485166452043 -0.006505643555799765 0
0.9143924163088548 -0.005871553069410541 0
0.9187598335631768 -0.005260800745000452 0
0.9230520557034315 -0.004677598014156023 0
0.9272702607729142 -0.004125680817115288 0
0.9314155170474698 -0.003608343310444317 0
0.9354887849552982 -0.003128467582069439 0
0.9394909204341272 -0.002688549932085297 0
0.9434226786201836 -0.002290724249134534 0
0.9472847249359865 -0.001936782221569758 0
0.9510776833523511 -0.001628777872748689 0
0.9548023406146331 -0.001372136905588047 0
0.9584586787956841 -0.001161590937031818 0
0.9620467411400571 -0.0009897213991032759 0
0.9655668165060922 -0.0008497188575344076 0
0.96901937809037 -0.0007353644766111957 0
0.9724050431604674 -0.0006410048252479609 0
0.9757245313928936 -0.0005615233019165502 0
0.9789786415789602 -0.0004923092307386924 0
0.9821682192426304 -0.0004292266033826926 0
0.9852941401724877 -0.0003685827153475122 0
0.9883572950259327 -0.0003070976953600512 0
0.9913585763931682 -0.0002418752588044532 0
0.994298873994943 -0.0001703747834843846 0
0.9971790614249372 -9.038518299093429e-05 0
1 3 0 18
303
304
305
306
307
308
309
310
311
312
313
314
315
316
317
318
319
320
-22.36842105263604 -25 0
-19.73684210527208 -25 0
-17.10526315791981 -25 0
-14.47368421056976 -25 0
-11.84210526321515 -25 0
-9.210526315860241 -25 0
-6.578947368496678 -25 0
-3.947368421132708 -25 0
-1.315789473768739 -25 0
1.315789473595224 -25 0
3.94736842095919 -25 0
6.578947368323163 -25 0
9.210526315704001 -25 0
11.84210526308667 -25 0
14.47368421046934 -25 0
17.105263157852 -25 0
19.73684210523467 -25 0
22.36842105261733 -25 0
1 4 0 18
321
322
323
324
325
326
327
328
329
330
331
332
333
334
335
336
337
338
25 -22.36842105263604 0
25 -19.73684210527208 0
25 -17.10526315791981 0
25 -14.47368421056976 0
25 -11.84210526321515 0
25 -9.210526315860241 0
25 -6.578947368496678 0
25 -3.947368421132708 0
25 -1.315789473768739 0
25 1.315789473595224 0
25 3.94736842095919 0
25 6.578947368323163 0
25 9.210526315704001 0
25 11.84210526308667 0
25 14.47368421046934 0
25 17.105263157852 0
25 19.73684210523467 0
25 22.36842105261733 0
1 5 0 18
339
340
341
342
343
344
345
346
347
348
349
350
351
352
353
354
355
356
22.36842105263604 25 0
19.73684210527208 25 0
17.10526315791981 25 0
14.47368421056976 25 0
11.84210526321515 25 0
9.210526315860241 25 0
6.578947368496678 25 0
3.947368421132708 25 0
1.315789473768739 25 0
-1.315789473595224 25 0
-3.94736842095919 25 0
-6.578947368323163 25 0
-9.210526315704001 25 0
-11.84210526308667 25 0
-14.47368421046934 25 0
-17.105263157852 25 0
-19.73684210523467 25 0
-22.36842105261733 25 0
1 6 0 18
357
358
359
360
361
362
363
364
365
366
367
368
369
370
371
372
373
374
-25 22.36842105263604 0
-25 19.73684210527208 0
-25 17.10526315791981 0
-25 14.47368421056976 0
-25 11.84210526321515 0
-25 9.210526315860241 0
-25 6.578947368496678 0
-25 3.947368421132708 0
-25 1.315789473768739 0
-25 -1.315789473595224 0
-25 -3.94736842095919 0
-25 -6.578947368323163 0
-25 -9.210526315704001 0
-25 -11.84210526308667 0
-25 -14.47368421046934 0
-25 -17.105263157852 0
-25 -19.73684210523467 0
-25 -22.36842105261733 0
2 1 0 6500
375
376
377
378
379
380
381
382
383
384
385
386
387
388
389
390
391
392
393
394
395
396
397
398
399
400
401
402
403
404
405
406
407
408
409
410
411
412
413
414
415
416
417
418
419
420
421
422
423
424
425
426
427
428
429
430
431
432
433
434
435
436
437
438
439
440
441
442
443
444
445
446
447
448
449
450
451
452
453
454
455
456
457
458
459
460
461
462
463
464
465
466
467
468
469
470
471
472
473
474
475
476
477
478
479
480
481
482
483
484
485
486
487
488
489
490
491
492
493
494
495
496
497
498
499
500
501
502
503
504
505
506
507
508
509
510
511
512
513
514
515
516
517
518
519
520
521
522
523
524
525
526
527
528
529
530
531
532
533
534
535
536
537
538
539
540
541
542
543
544
545
546
547
548
549
550
551
552
553
554
555
556
557
558
559
560
561
562
563
564
565
566
567
568
569
570
571
572
573
574
575
576
577
578
579
580
581
582
583
584
585
586
587
588
589
590
591
592
593
594
595
596
597
598
599
600
601
602
603
604
605
606
607
608
609
610
611
612
613
614
615
616
617
618
619
620
621
622
623
624
625
626
627
628
629
630
631
632
633
634
635
636
637
638
639
640
641
642
643
644
645
646
647
648
649
650
651
652
653
654
655
656
657
658
659
660
661
662
663
664
665
666
667
668
669
670
671
672
673
674
675
676
677
678
679
680
681
682
683
684
685
686
687
688
689
690
691
692
693
694
695
696
697
698
699
700
701
702
703
704
705
706
707
708
709
710
711
712
713
714
715
716
717
718
719
720
721
722
723
724
725
726
727
728
729
730
731
732
733
734
735
736
737
738
739
740
741
742
743
744
745
746
747
748
749
750
751
752
753
754
755
756
757
758
759
760
761
762
763
764
765
766
767
768
769
770
771
772
773
774
775
776
777
778
779
780
781
782
783
784
785
786
787
788
789
790
791
792
793
794
795
796
797
798
799
800
801
802
803
804
805
806
807
808
809
810
811
812
813
814
815
816
817
818
819
820
821
822
823
824
825
826
827
828
829
830
831
832
833
834
835
836
837
838
839
840
841
842
843
844
845
846
847
848
849
850
851
852
853
854
855
856
857
858
859
860
861
862
863
864
865
866
867
868
869
870
871
872
873
874
875
876
877
878
879
880
881
882
883
884
885
886
887
888
889
890
891
892
893
894
895
896
897
898
899
900
901
902
903
904
905
906
907
908
909
910
911
912
913
914
915
916
917
918
919
920
921
922
923
924
925
926
927
928
929
930
931
932
933
934
935
936
937
938
939
940
941
942
943
944
945
946
947
948
949
950
951
952
953
954
955
956
957
958
959
960
961
962
963
964
965
966
967
968
969
970
971
972
973
974
975
976
977
978
979
980
981
982
983
984
985
986
987
988
989
990
991
992
993
994
995
996
997
998
999
1000
1001
1002
1003
1004
1005
1006
1007
1008
1009
1010
1011
1012
1013
1014
1015
1016
1017
1018
1019
1020
1021
1022
1023
1024
1025
1026
1027
1028
1029
1030
1031
1032
1033
1034
1035
1036
1037
1038
1039
1040
1041
1042
1043
1044
1045
1046
1047
1048
1049
1050
1051
1052
1053
1054
1055
1056
1057
1058
1059
1060
1061
1062
1063
1064
1065
1066
1067
1068
1069
1070
1071
1072
1073
1074
1075
1076
1077
1078
1079
1080
1081
1082
1083
1084
1085
1086
1087
1088
1089
1090
1091
1092
1093
1094
1095
1096
1097
1098
1099
1100
1101
1102
1103
1104
1105
1106
1107
1108
1109
1110
1111
1112
1113
1114
1115
1116
1117
1118
1119
1120
1121
1122
1123
1124
1125
1126
1127
1128
1129
1130
1131
1132
1133
1134
1135
1136
1137
1138
1139
1140
1141
1142
1143
1144
1145
1146
1147
1148
1149
1150
1151
1152
1153
1154
1155
1156
1157
1158
1159
1160
1161
1162
1163
1164
1165
1166
1167
1168
1169
1170
1171
1172
1173
1174
1175
1176
1177
1178
1179
1180
1181
1182
1183
1184
1185
1186
1187
1188
1189
1190
1191
1192
1193
1194
1195
1196
1197
1198
1199
1200
1201
1202
1203
1204
1205
1206
1207
1208
1209
1210
1211
1212
1213
1214
1215
1216
1217
1218
1219
1220
1221
1222
1223
1224
1225
1226
1227
1228
1229
1230
1231
1232
1233
1234
1235
1236
1237
1238
1239
1240
1241
1242
1243
1244
1245
1246
1247
1248
1249
1250
1251
1252
1253
1254
1255
1256
1257
1258
1259
1260
1261
1262
1263
1264
1265
1266
1267
1268
1269
1270
1271
1272
1273
1274
1275
1276
1277
1278
1279
1280
1281
1282
1283
1284
1285
1286
1287
1288
1289
1290
1291
1292
1293
1294
1295
1296
1297
1298
1299
1300
1301
1302
1303
1304
1305
1306
1307
1308
1309
1310
1311
1312
1313
1314
1315
1316
1317
1318
1319
1320
1321
1322
1323
1324
1325
1326
1327
1328
1329
1330
1331
1332
1333
1334
1335
1336
1337
1338
1339
1340
1341
1342
1343
1344
1345
1346
1347
1348
1349
1350
1351
1352
1353
1354
1355
1356
1357
1358
1359
1360
1361
1362
1363
1364
1365
1366
1367
1368
1369
1370
1371
1372
1373
1374
1375
1376
1377
1378
1379
1380
1381
1382
1383
1384
1385
1386
1387
1388
1389
1390
1391
1392
1393
1394
1395
1396
1397
1398
1399
1400
1401
1402
1403
1404
1405
1406
1407
1408
1409
1410
1411
1412
1413
1414
1415
1416
1417
1418
1419
1420
1421
1422
1423
1424
1425
1426
1427
1428
1429
1430
1431
1432
1433
1434
1435
1436
1437
1438
1439
1440
1441
1442
1443
1444
1445
1446
1447
1448
1449
1450
1451
1452
1453
1454
1455
1456
1457
1458
1459
1460
1461
1462
1463
1464
1465
1466
1467
1468
1469
1470
1471
1472
1473
1474
1475
1476
1477
1478
1479
1480
1481
1482
1483
1484
1485
1486
1487
1488
1489
1490
1491
1492
1493
1494
1495
1496
1497
1498
1499
1500
1501
1502
1503
1504
1505
1506
1507
1508
1509
1510
1511
1512
1513
1514
1515
1516
1517
1518
1519
1520
1521
1522
1523
1524
1525
1526
1527
1528
1529
1530
1531
1532
1533
1534
1535
1536
1537
1538
1539
1540
1541
1542
1543
1544
1545
1546
1547
1548
1549
1550
1551
1552
1553
1554
1555
1556
1557
1558
1559
1560
1561
1562
1563
1564
1565
1566
1567
1568
1569
1570
1571
1572
1573
1574
1575
1576
1577
1578
1579
1580
1581
1582
1583
1584
1585
1586
1587
1588
1589
1590
1591
1592
1593
1594
1595
1596
1597
1598
1599
1600
1601
1602
1603
1604
1605
1606
1607
1608
1609
1610
1611
1612
1613
1614
1615
1616
1617
1618
1619
1620
1621
1622
1623
1624
1625
1626
1627
1628
1629
1630
1631
1632
1633
1634
1635
1636
1637
1638
1639
1640
1641
1642
1643
1644
1645
1646
1647
1648
1649
1650
1651
1652
1653
1654
1655
1656
1657
1658
1659
1660
1661
1662
1663
1664
1665
1666
1667
1668
1669
1670
1671
1672
1673
1674
1675
1676
1677
1678
1679
1680
1681
1682
1683
1684
1685
1686
1687
1688
1689
1690
1691
1692
1693
1694
1695
1696
1697
1698
1699
1700
1701
1702
1703
1704
1705
1706
1707
1708
1709
1710
1711
1712
1713
1714
1715
1716
1717
1718
1719
1720
1721
1722
1723
1724
1725
1726
1727
1728
1729
1730
1731
1732
1733
1734
1735
1736
1737
1738
1739
1740
1741
1742
1743
1744
1745
1746
1747
1748
1749
1750
1751
1752
1753
1754
1755
1756
1757
1758
1759
1760
1761
1762
1763
1764
1765
1766
1767
1768
1769
1770
1771
1772
1773
1774
1775
1776
1777
1778
1779
1780
1781
1782
1783
1784
1785
1786
1787
1788
1789
1790
1791
1792
1793
1794
1795
1796
1797
1798
1799
1800
1801
1802
1803
1804
1805
1806
1807
1808
1809
1810
1811
1812
1813
1814
1815
1816
1817
1818
1819
1820
1821
1822
1823
1824
1825
1826
1827
1828
1829
1830
1831
1832
1833
1834
1835
1836
1837
1838
1839
1840
1841
1842
1843
1844
1845
1846
1847
1848
1849
1850
1851
1852
1853
1854
1855
1856
1857
1858
1859
1860
1861
1862
1863
1864
1865
1866
1867
1868
1869
1870
1871
1872
1873
1874
1875
1876
1877
1878
1879
1880
1881
1882
1883
1884
1885
1886
1887
1888
1889
1890
1891
1892
1893
1894
1895
1896
1897
1898
1899
1900
1901
1902
1903
1904
1905
1906
1907
1908
1909
1910
1911
1912
1913
1914
1915
1916
1917
1918
1919
1920
1921
1922
1923
1924
1925
1926
1927
1928
1929
1930
1931
1932
1933
1934
1935
1936
1937
1938
1939
1940
1941
1942
1943
1944
1945
1946
1947
1948
1949
1950
1951
1952
1953
1954
1955
1956
1957
1958
1959
1960
1961
1962
1963
1964
1965
1966
1967
1968
1969
1970
1971
1972
1973
1974
1975
1976
1977
1978
1979
1980
1981
1982
1983
1984
1985
1986
1987
1988
1989
1990
1991
1992
1993
1994
1995
1996
1997
1998
1999
2000
2001
2002
2003
2004
2005
2006
2007
2008
2009
2010
2011
2012
2013
2014
2015
2016
2017
2018
2019
2020
2021
2022
2023
2024
2025
2026
2027
2028
2029
2030
2031
2032
2033
2034
2035
2036
2037
2038
2039
2040
2041
2042
2043
2044
2045
2046
2047
2048
2049
2050
2051
2052
2053
2054
2055
2056
2057
2058
2059
2060
2061
2062
2063
2064
2065
2066
2067
2068
2069
2070
2071
2072
2073
2074
2075
2076
2077
2078
2079
2080
2081
2082
2083
2084
2085
2086
2087
2088
2089
2090
2091
2092
2093
2094
2095
2096
2097
2098
2099
2100
2101
2102
2103
2104
2105
2106
2107
2108
2109
2110
2111
2112
2113
2114
2115
2116
2117
2118
2119
2120
2121
2122
2123
2124
2125
2126
2127
2128
2129
2130
2131
2132
2133
2134
2135
2136
2137
2138
2139
2140
2141
2142
2143
2144
2145
2146
2147
2148
2149
2150
2151
2152
2153
2154
2155
2156
2157
2158
2159
2160
2161
2162
2163
2164
2165
2166
2167
2168
2169
2170
2171
2172
2173
2174
2175
2176
2177
2178
2179
2180
2181
2182
2183
2184
2185
2186
2187
2188
2189
2190
2191
2192
2193
2194
2195
2196
2197
2198
2199
2200
2201
2202
2203
2204
2205
2206
2207
2208
2209
2210
2211
2212
2213
2214
2215
2216
2217
2218
2219
2220
2221
2222
2223
2224
2225
2226
2227
2228
2229
2230
2231
2232
2233
2234
2235
2236
2237
2238
2239
2240
2241
2242
2243
2244
2245
2246
2247
2248
2249
2250
2251
2252
2253
2254
2255
2256
2257
2258
2259
2260
2261
2262
2263
2264
2265
2266
2267
2268
2269
2270
2271
2272
2273
2274
2275
2276
2277
2278
2279
2280
2281
2282
2283
2284
2285
2286
2287
2288
2289
2290
2291
2292
2293
2294
2295
2296
2297
2298
2299
2300
2301
2302
2303
2304
2305
2306
2307
2308
2309
2310
2311
2312
2313
2314
2315
2316
2317
2318
2319
2320
2321
2322
2323
2324
2325
2326
2327
2328
2329
2330
2331
2332
2333
2334
2335
2336
2337
2338
2339
2340
2341
2342
2343
2344
2345
2346
2347
2348
2349
2350
2351
2352
2353
2354
2355
2356
2357
2358
2359
2360
2361
2362
2363
2364
2365
2366
2367
2368
2369
2370
2371
2372
2373
2374
2375
2376
2377
2378
2379
2380
2381
2382
2383
2384
2385
2386
2387
2388
2389
2390
2391
2392
2393
2394
2395
2396
2397
2398
2399
2400
2401
2402
2403
2404
2405
2406
2407
2408
2409
2410
2411
2412
2413
2414
2415
2416
2417
2418
2419
2420
2421
2422
2423
2424
2425
2426
2427
2428
2429
2430
2431
2432
2433
2434
2435
2436
2437
2438
2439
2440
2441
2442
2443
2444
2445
2446
2447
2448
2449
2450
2451
2452
2453
2454
2455
2456
2457
2458
2459
2460
2461
2462
2463
2464
2465
2466
2467
2468
2469
2470
2471
2472
2473
2474
2475
2476
2477
2478
2479
2480
2481
2482
2483
2484
2485
2486
2487
2488
2489
2490
2491
2492
2493
2494
2495
2496
2497
2498
2499
2500
2501
2502
2503
2504
2505
2506
2507
2508
2509
2510
2511
2512
2513
2514
2515
2516
2517
2518
2519
2520
2521
2522
2523
2524
2525
2526
2527
2528
2529
2530
2531
2532
2533
2534
2535
2536
2537
2538
2539
2540
2541
2542
2543
2544
2545
2546
2547
2548
2549
2550
2551
2552
2553
2554
2555
2556
2557
2558
2559
2560
2561
2562
2563
2564
2565
2566
2567
2568
2569
2570
2571
2572
2573
2574
2575
2576
2577
2578
2579
2580
2581
2582
2583
2584
2585
2586
2587
2588
2589
2590
2591
2592
2593
2594
2595
2596
2597
2598
2599
2600
2601
2602
2603
2604
2605
2606
2607
2608
2609
2610
2611
2612
2613
2614
2615
2616
2617
2618
2619
2620
2621
2622
2623
2624
2625
2626
2627
2628
2629
2630
2631
2632
2633
2634
2635
2636
2637
2638
2639
2640
2641
2642
2643
2644
2645
2646
2647
2648
2649
2650
2651
2652
2653
2654
2655
2656
2657
2658
2659
2660
2661
2662
2663
2664
2665
2666
2667
2668
2669
2670
2671
2672
2673
2674
2675
2676
2677
2678
2679
2680
2681
2682
2683
2684
2685
2686
2687
2688
2689
2690
2691
2692
2693
2694
2695
2696
2697
2698
2699
2700
2701
2702
2703
2704
2705
2706
2707
2708
2709
2710
2711
2712
2713
2714
2715
2716
2717
2718
2719
2720
2721
2722
2723
2724
2725
2726
2727
2728
2729
2730
2731
2732
2733
2734
2735
2736
2737
2738
2739
2740
2741
2742
2743
2744
2745
2746
2747
2748
2749
2750
2751
2752
2753
2754
2755
2756
2757
2758
2759
2760
2761
2762
2763
2764
2765
2766
2767
2768
2769
2770
2771
2772
2773
2774
2775
2776
2777
2778
2779
2780
2781
2782
2783
2784
2785
2786
2787
2788
2789
2790
2791
2792
2793
2794
2795
2796
2797
2798
2799
2800
2801
2802
2803
2804
2805
2806
2807
2808
2809
2810
2811
2812
2813
2814
2815
2816
2817
2818
2819
2820
2821
2822
2823
2824
2825
2826
2827
2828
2829
2830
2831
2832
2833
2834
2835
2836
2837
2838
2839
2840
2841
2842
2843
2844
2845
2846
2847
2848
2849
2850
2851
2852
2853
2854
2855
2856
2857
2858
2859
2860
2861
2862
2863
2864
2865
2866
2867
2868
2869
2870
2871
2872
2873
2874
2875
2876
2877
2878
2879
2880
2881
2882
2883
2884
2885
2886
2887
2888
2889
2890
2891
2892
2893
2894
2895
2896
2897
2898
2899
2900
2901
2902
2903
2904
2905
2906
2907
2908
2909
2910
2911
2912
2913
2914
2915
2916
2917
2918
2919
2920
2921
2922
2923
2924
2925
2926
2927
2928
2929
2930
2931
2932
2933
2934
2935
2936
2937
2938
2939
2940
2941
2942
2943
2944
2945
2946
2947
2948
2949
2950
2951
2952
2953
2954
2955
2956
2957
2958
2959
2960
2961
2962
2963
2964
2965
2966
2967
2968
2969
2970
2971
2972
2973
2974
2975
2976
2977
2978
2979
2980
2981
2982
2983
2984
2985
2986
2987
2988
2989
2990
2991
2992
2993
2994
2995
2996
2997
2998
2999
3000
3001
3002
3003
3004
3005
3006
3007
3008
3009
3010
3011
3012
3013
3014
3015
3016
3017
3018
3019
3020
3021
3022
3023
3024
3025
3026
3027
3028
3029
3030
3031
3032
3033
3034
3035
3036
3037
3038
3039
3040
3041
3042
3043
3044
3045
3046
3047
3048
3049
3050
3051
3052
3053
3054
3055
3056
3057
3058
3059
3060
3061
3062
3063
3064
3065
3066
3067
3068
3069
3070
3071
3072
3073
3074
3075
3076
3077
3078
3079
3080
3081
3082
3083
3084
3085
3086
3087
3088
3089
3090
3091
3092
3093
3094
3095
3096
3097
3098
3099
3100
3101
3102
3103
3104
3105
3106
3107
3108
3109
3110
3111
3112
3113
3114
3115
3116
3117
3118
3119
3120
3121
3122
3123
3124
3125
3126
3127
3128
3129
3130
3131
3132
3133
3134
3135
3136
3137
3138
3139
3140
3141
3142
3143
3144
3145
3146
3147
3148
3149
3150
3151
3152
3153
3154
3155
3156
3157
3158
3159
3160
3161
3162
3163
3164
3165
3166
3167
3168
3169
3170
3171
3172
3173
3174
3175
3176
3177
3178
3179
3180
3181
3182
3183
3184
3185
3186
3187
3188
3189
3190
3191
3192
3193
3194
3195
3196
3197
3198
3199
3200
3201
3202
3203
3204
3205
3206
3207
3208
3209
3210
3211
3212
3213
3214
3215
3216
3217
3218
3219
3220
3221
3222
3223
3224
3225
3226
3227
3228
3229
3230
3231
3232
3233
3234
3235
3236
3237
3238
3239
3240
3241
3242
3243
3244
3245
3246
3247
3248
3249
3250
3251
3252
3253
3254
3255
3256
3257
3258
3259
3260
3261
3262
3263
3264
3265
3266
3267
3268
3269
3270
3271
3272
3273
3274
3275
3276
3277
3278
3279
3280
3281
3282
3283
3284
3285
3286
3287
3288
3289
3290
3291
3292
3293
3294
3295
3296
3297
3298
3299
3300
3301
3302
3303
3304
3305
3306
3307
3308
3309
3310
3311
3312
3313
3314
3315
3316
3317
3318
3319
3320
3321
3322
3323
3324
3325
3326
3327
3328
3329
3330
3331
3332
3333
3334
3335
3336
3337
3338
3339
3340
3341
3342
3343
3344
3345
3346
3347
3348
3349
3350
3351
3352
3353
3354
3355
3356
3357
3358
3359
3360
3361
3362
3363
3364
3365
3366
3367
3368
3369
3370
3371
3372
3373
3374
3375
3376
3377
3378
3379
3380
3381
3382
3383
3384
3385
3386
3387
3388
3389
3390
3391
3392
3393
3394
3395
3396
3397
3398
3399
3400
3401
3402
3403
3404
3405
3406
3407
3408
3409
3410
3411
3412
3413
3414
3415
3416
3417
3418
3419
3420
3421
3422
3423
3424
3425
3426
3427
3428
3429
3430
3431
3432
3433
3434
3435
3436
3437
3438
3439
3440
3441
3442
3443
3444
3445
3446
3447
3448
3449
3450
3451
3452
3453
3454
3455
3456
3457
3458
3459
3460
3461
3462
3463
3464
3465
3466
3467
3468
3469
3470
3471
3472
3473
3474
3475
3476
3477
3478
3479
3480
3481
3482
3483
3484
3485
3486
3487
3488
3489
3490
3491
3492
3493
3494
3495
3496
3497
3498
3499
3500
3501
3502
3503
3504
3505
3506
3507
3508
3509
3510
3511
3512
3513
3514
3515
3516
3517
3518
3519
3520
3521
3522
3523
3524
3525
3526
3527
3528
3529
3530
3531
3532
3533
3534
3535
3536
3537
3538
3539
3540
3541
3542
3543
3544
3545
3546
3547
3548
3549
3550
3551
3552
3553
3554
3555
3556
3557
3558
3559
3560
3561
3562
3563
3564
3565
3566
3567
3568
3569
3570
3571
3572
3573
3574
3575
3576
3577
3578
3579
3580
3581
3582
3583
3584
3585
3586
3587
3588
3589
3590
3591
3592
3593
3594
3595
3596
3597
3598
3599
3600
3601
3602
3603
3604
3605
3606
3607
3608
3609
3610
3611
3612
3613
3614
3615
3616
3617
3618
3619
3620
3621
3622
3623
3624
3625
3626
3627
3628
3629
3630
3631
3632
3633
3634
3635
3636
3637
3638
3639
3640
3641
3642
3643
3644
3645
3646
3647
3648
3649
3650
3651
3652
3653
3654
3655
3656
3657
3658
3659
3660
3661
3662
3663
3664
3665
3666
3667
3668
3669
3670
3671
3672
3673
3674
3675
3676
3677
3678
3679
3680
3681
3682
3683
3684
3685
3686
3687
3688
3689
3690
3691
3692
3693
3694
3695
3696
3697
3698
3699
3700
3701
3702
3703
3704
3705
3706
3707
3708
3709
3710
3711
3712
3713
3714
3715
3716
3717
3718
3719
3720
3721
3722
3723
3724
3725
3726
3727
3728
3729
3730
3731
3732
3733
3734
3735
3736
3737
3738
3739
3740
3741
3742
3743
3744
3745
3746
3747
3748
3749
3750
3751
3752
3753
3754
3755
3756
3757
3758
3759
3760
3761
3762
3763
3764
3765
3766
3767
3768
3769
3770
3771
3772
3773
3774
3775
3776
3777
3778
3779
3780
3781
3782
3783
3784
3785
3786
3787
3788
3789
3790
3791
3792
3793
3794
3795
3796
3797
3798
3799
3800
3801
3802
3803
3804
3805
3806
3807
3808
3809
3810
3811
3812
3813
3814
3815
3816
3817
3818
3819
3820
3821
3822
3823
3824
3825
3826
3827
3828
3829
3830
3831
3832
3833
3834
3835
3836
3837
3838
3839
3840
3841
3842
3843
3844
3845
3846
3847
3848
3849
3850
3851
3852
3853
3854
3855
3856
3857
3858
3859
3860
3861
3862
3863
3864
3865
3866
3867
3868
3869
3870
3871
3872
3873
3874
3875
3876
3877
3878
3879
3880
3881
3882
3883
3884
3885
3886
3887
3888
3889
3890
3891
3892
3893
3894
3895
3896
3897
3898
3899
3900
3901
3902
3903
3904
3905
3906
3907
3908
3909
3910
3911
3912
3913
3914
3915
3916
3917
3918
3919
3920
3921
3922
3923
3924
3925
3926
3927
3928
3929
3930
3931
3932
3933
3934
3935
3936
3937
3938
3939
3940
3941
3942
3943
3944
3945
3946
3947
3948
3949
3950
3951
3952
3953
3954
3955
3956
3957
3958
3959
3960
3961
3962
3963
3964
3965
3966
3967
3968
3969
3970
3971
3972
3973
3974
3975
3976
3977
3978
3979
3980
3981
3982
3983
3984
3985
3986
3987
3988
3989
3990
3991
3992
3993
3994
3995
3996
3997
3998
3999
4000
4001
4002
4003
4004
4005
4006
4007
4008
4009
4010
4011
4012
4013
4014
4015
4016
4017
4018
4019
4020
4021
4022
4023
4024
4025
4026
4027
4028
4029
4030
4031
4032
4033
4034
4035
4036
4037
4038
4039
4040
4041
4042
4043
4044
4045
4046
4047
4048
4049
4050
4051
4052
4053
4054
4055
4056
4057
4058
4059
4060
4061
4062
4063
4064
4065
4066
4067
4068
4069
4070
4071
4072
4073
4074
4075
4076
4077
4078
4079
4080
4081
4082
4083
4084
4085
4086
4087
4088
4089
4090
4091
4092
4093
4094
4095
4096
4097
4098
4099
4100
4101
4102
4103
4104
4105
4106
4107
4108
4109
4110
4111
4112
4113
4114
4115
4116
4117
4118
4119
4120
4121
4122
4123
4124
4125
4126
4127
4128
4129
4130
4131
4132
4133
4134
4135
4136
4137
4138
4139
4140
4141
4142
4143
4144
4145
4146
4147
4148
4149
4150
4151
4152
4153
4154
4155
4156
4157
4158
4159
4160
4161
4162
4163
4164
4165
4166
4167
4168
4169
4170
4171
4172
4173
4174
4175
4176
4177
4178
4179
4180
4181
4182
4183
4184
4185
4186
4187
4188
4189
4190
4191
4192
4193
4194
4195
4196
4197
4198
4199
4200
4201
4202
4203
4204
4205
4206
4207
4208
4209
4210
4211
4212
4213
4214
4215
4216
4217
4218
4219
4220
4221
4222
4223
4224
4225
4226
4227
4228
4229
4230
4231
4232
4233
4234
4235
4236
4237
4238
4239
4240
4241
4242
4243
4244
4245
4246
4247
4248
4249
4250
4251
4252
4253
4254
4255
4256
4257
4258
4259
4260
4261
4262
4263
4264
4265
4266
4267
4268
4269
4270
4271
4272
4273
4274
4275
4276
4277
4278
4279
4280
4281
4282
4283
4284
4285
4286
4287
4288
4289
4290
4291
4292
4293
4294
4295
4296
4297
4298
4299
4300
4301
4302
4303
4304
4305
4306
4307
4308
4309
4310
4311
4312
4313
4314
4315
4316
4317
4318
4319
4320
4321
4322
4323
4324
4325
4326
4327
4328
4329
4330
4331
4332
4333
4334
4335
4336
4337
4338
4339
4340
4341
4342
4343
4344
4345
4346
4347
4348
4349
4350
4351
4352
4353
4354
4355
4356
4357
4358
4359
4360
4361
4362
4363
4364
4365
4366
4367
4368
4369
4370
4371
4372
4373
4374
4375
4376
4377
4378
4379
4380
4381
4382
4383
4384
4385
4386
4387
4388
4389
4390
4391
4392
4393
4394
4395
4396
4397
4398
4399
4400
4401
4402
4403
4404
4405
4406
4407
4408
4409
4410
4411
4412
4413
4414
4415
4416
4417
4418
4419
4420
4421
4422
4423
4424
4425
4426
4427
4428
4429
4430
4431
4432
4433
4434
4435
4436
4437
4438
4439
4440
4441
4442
4443
4444
4445
4446
4447
4448
4449
4450
4451
4452
4453
4454
4455
4456
4457
4458
4459
4460
4461
4462
4463
4464
4465
4466
4467
4468
4469
4470
4471
4472
4473
4474
4475
4476
4477
4478
4479
4480
4481
4482
4483
4484
4485
4486
4487
4488
4489
4490
4491
4492
4493
4494
4495
4496
4497
4498
4499
4500
4501
4502
4503
4504
4505
4506
4507
4508
4509
4510
4511
4512
4513
4514
4515
4516
4517
4518
4519
4520
4521
4522
4523
4524
4525
4526
4527
4528
4529
4530
4531
4532
4533
4534
4535
4536
4537
4538
4539
4540
4541
4542
4543
4544
4545
4546
4547
4548
4549
4550
4551
4552
4553
4554
4555
4556
4557
4558
4559
4560
4561
4562
4563
4564
4565
4566
4567
4568
4569
4570
4571
4572
4573
4574
4575
4576
4577
4578
4579
4580
4581
4582
4583
4584
4585
4586
4587
4588
4589
4590
4591
4592
4593
4594
4595
4596
4597
4598
4599
4600
4601
4602
4603
4604
4605
4606
4607
4608
4609
4610
4611
4612
4613
4614
4615
4616
4617
4618
4619
4620
4621
4622
4623
4624
4625
4626
4627
4628
4629
4630
4631
4632
4633
4634
4635
4636
4637
4638
4639
4640
4641
4642
4643
4644
4645
4646
4647
4648
4649
4650
4651
4652
4653
4654
4655
4656
4657
4658
4659
4660
4661
4662
4663
4664
4665
4666
4667
4668
4669
4670
4671
4672
4673
4674
4675
4676
4677
4678
4679
4680
4681
4682
4683
4684
4685
4686
4687
4688
4689
4690
4691
4692
4693
4694
4695
4696
4697
4698
4699
4700
4701
4702
4703
4704
4705
4706
4707
4708
4709
4710
4711
4712
4713
4714
4715
4716
4717
4718
4719
4720
4721
4722
4723
4724
4725
4726
4727
4728
4729
4730
4731
4732
4733
4734
4735
4736
4737
4738
4739
4740
4741
4742
4743
4744
4745
4746
4747
4748
4749
4750
4751
4752
4753
4754
4755
4756
4757
4758
4759
4760
4761
4762
4763
4764
4765
4766
4767
4768
4769
4770
4771
4772
4773
4774
4775
4776
4777
4778
4779
4780
4781
4782
4783
4784
4785
4786
4787
4788
4789
4790
4791
4792
4793
4794
4795
4796
4797
4798
4799
4800
4801
4802
4803
4804
4805
4806
4807
4808
4809
4810
4811
4812
4813
4814
4815
4816
4817
4818
4819
4820
4821
4822
4823
4824
4825
4826
4827
4828
4829
4830
4831
4832
4833
4834
4835
4836
4837
4838
4839
4840
4841
4842
4843
4844
4845
4846
4847
4848
4849
4850
4851
4852
4853
4854
4855
4856
4857
4858
4859
4860
4861
4862
4863
4864
4865
4866
4867
4868
4869
4870
4871
4872
4873
4874
4875
4876
4877
4878
4879
4880
4881
4882
4883
4884
4885
4886
4887
4888
4889
4890
4891
4892
4893
4894
4895
4896
4897
4898
4899
4900
4901
4902
4903
4904
4905
4906
4907
4908
4909
4910
4911
4912
4913
4914
4915
4916
4917
4918
4919
4920
4921
4922
4923
4924
4925
4926
4927
4928
4929
4930
4931
4932
4933
4934
4935
4936
4937
4938
4939
4940
4941
4942
4943
4944
4945
4946
4947
4948
4949
4950
4951
4952
4953
4954
4955
4956
4957
4958
4959
4960
4961
4962
4963
4964
4965
4966
4967
4968
4969
4970
4971
4972
4973
4974
4975
4976
4977
4978
4979
4980
4981
4982
4983
4984
4985
4986
4987
4988
4989
4990
4991
4992
4993
4994
4995
4996
4997
4998
4999
5000
5001
5002
5003
5004
5005
5006
5007
5008
5009
5010
5011
5012
5013
5014
5015
5016
5017
5018
5019
5020
5021
5022
5023
5024
5025
5026
5027
5028
5029
5030
5031
5032
5033
5034
5035
5036
5037
5038
5039
5040
5041
5042
5043
5044
5045
5046
5047
5048
5049
5050
5051
5052
5053
5054
5055
5056
5057
5058
5059
5060
5061
5062
5063
5064
5065
5066
5067
5068
5069
5070
5071
5072
5073
5074
5075
5076
5077
5078
5079
5080
5081
5082
5083
5084
5085
5086
5087
5088
5089
5090
5091
5092
5093
5094
5095
5096
5097
5098
5099
5100
5101
5102
5103
5104
5105
5106
5107
5108
5109
5110
5111
5112
5113
5114
5115
5116
5117
5118
5119
5120
5121
5122
5123
5124
5125
5126
5127
5128
5129
5130
5131
5132
5133
5134
5135
5136
5137
5138
5139
5140
5141
5142
5143
5144
5145
5146
5147
5148
5149
5150
5151
5152
5153
5154
5155
5156
5157
5158
5159
5160
5161
5162
5163
5164
5165
5166
5167
5168
5169
5170
5171
5172
5173
5174
5175
5176
5177
5178
5179
5180
5181
5182
5183
5184
5185
5186
5187
5188
5189
5190
5191
5192
5193
5194
5195
5196
5197
5198
5199
5200
5201
5202
5203
5204
5205
5206
5207
5208
5209
5210
5211
5212
5213
5214
5215
5216
5217
5218
5219
5220
5221
5222
5223
5224
5225
5226
5227
5228
5229
5230
5231
5232
5233
5234
5235
5236
5237
5238
5239
5240
5241
5242
5243
5244
5245
5246
5247
5248
5249
5250
5251
5252
5253
5254
5255
5256
5257
5258
5259
5260
5261
5262
5263
5264
5265
5266
5267
5268
5269
5270
5271
5272
5273
5274
5275
5276
5277
5278
5279
5280
5281
5282
5283
5284
5285
5286
5287
5288
5289
5290
5291
5292
5293
5294
5295
5296
5297
5298
5299
5300
5301
5302
5303
5304
5305
5306
5307
5308
5309
5310
5311
5312
5313
5314
5315
5316
5317
5318
5319
5320
5321
5322
5323
5324
5325
5326
5327
5328
5329
5330
5331
5332
5333
5334
5335
5336
5337
5338
5339
5340
5341
5342
5343
5344
5345
5346
5347
5348
5349
5350
5351
5352
5353
5354
5355
5356
5357
5358
5359
5360
5361
5362
5363
5364
5365
5366
5367
5368
5369
5370
5371
5372
5373
5374
5375
5376
5377
5378
5379
5380
5381
5382
5383
5384
5385
5386
5387
5388
5389
5390
5391
5392
5393
5394
5395
5396
5397
5398
5399
5400
5401
5402
5403
5404
5405
5406
5407
5408
5409
5410
5411
5412
5413
5414
5415
5416
5417
5418
5419
5420
5421
5422
5423
5424
5425
5426
5427
5428
5429
5430
5431
5432
5433
5434
5435
5436
5437
5438
5439
5440
5441
5442
5443
5444
5445
5446
5447
5448
5449
5450
5451
5452
5453
5454
5455
5456
5457
5458
5459
5460
5461
5462
5463
5464
5465
5466
5467
5468
5469
5470
5471
5472
5473
5474
5475
5476
5477
5478
5479
5480
5481
5482
5483
5484
5485
5486
5487
5488
5489
5490
5491
5492
5493
5494
5495
5496
5497
5498
5499
5500
5501
5502
5503
5504
5505
5506
5507
5508
5509
5510
5511
5512
5513
5514
5515
5516
5517
5518
5519
5520
5521
5522
5523
5524
5525
5526
5527
5528
5529
5530
5531
5532
5533
5534
5535
5536
5537
5538
5539
5540
5541
5542
5543
5544
5545
5546
5547
5548
5549
5550
5551
5552
5553
5554
5555
5556
5557
5558
5559
5560
5561
5562
5563
5564
5565
5566
5567
5568
5569
5570
5571
5572
5573
5574
5575
5576
5577
5578
5579
5580
5581
5582
5583
5584
5585
5586
5587
5588
5589
5590
5591
5592
5593
5594
5595
5596
5597
5598
5599
5600
5601
5602
5603
5604
5605
5606
5607
5608
5609
5610
5611
5612
5613
5614
5615
5616
5617
5618
5619
5620
5621
5622
5623
5624
5625
5626
5627
5628
5629
5630
5631
5632
5633
5634
5635
5636
5637
5638
5639
5640
5641
5642
5643
5644
5645
5646
5647
5648
5649
5650
5651
5652
5653
5654
5655
5656
5657
5658
5659
5660
5661
5662
5663
5664
5665
5666
5667
5668
5669
5670
5671
5672
5673
5674
5675
5676
5677
5678
5679
5680
5681
5682
5683
5684
5685
5686
5687
5688
5689
5690
5691
5692
5693
5694
5695
5696
5697
5698
5699
5700
5701
5702
5703
5704
5705
5706
5707
5708
5709
5710
5711
5712
5713
5714
5715
5716
5717
5718
5719
5720
5721
5722
5723
5724
5725
5726
5727
5728
5729
5730
5731
5732
5733
5734
5735
5736
5737
5738
5739
5740
5741
5742
5743
5744
5745
5746
5747
5748
5749
5750
5751
5752
5753
5754
5755
5756
5757
5758
5759
5760
5761
5762
5763
5764
5765
5766
5767
5768
5769
5770
5771
5772
5773
5774
5775
5776
5777
5778
5779
5780
5781
5782
5783
5784
5785
5786
5787
5788
5789
5790
5791
5792
5793
5794
5795
5796
5797
5798
5799
5800
5801
5802
5803
5804
5805
5806
5807
5808
5809
5810
5811
5812
5813
5814
5815
5816
5817
5818
5819
5820
5821
5822
5823
5824
5825
5826
5827
5828
5829
5830
5831
5832
5833
5834
5835
5836
5837
5838
5839
5840
5841
5842
5843
5844
5845
5846
5847
5848
5849
5850
5851
5852
5853
5854
5855
5856
5857
5858
5859
5860
5861
5862
5863
5864
5865
5866
5867
5868
5869
5870
5871
5872
5873
5874
5875
5876
5877
5878
5879
5880
5881
5882
5883
5884
5885
5886
5887
5888
5889
5890
5891
5892
5893
5894
5895
5896
5897
5898
5899
5900
5901
5902
5903
5904
5905
5906
5907
5908
5909
5910
5911
5912
5913
5914
5915
5916
5917
5918
5919
5920
5921
5922
5923
5924
5925
5926
5927
5928
5929
5930
5931
5932
5933
5934
5935
5936
5937
5938
5939
5940
5941
5942
5943
5944
5945
5946
5947
5948
5949
5950
5951
5952
5953
5954
5955
5956
5957
5958
5959
5960
5961
5962
5963
5964
5965
5966
5967
5968
5969
5970
5971
5972
5973
5974
5975
5976
5977
5978
5979
5980
5981
5982
5983
5984
5985
5986
5987
5988
5989
5990
5991
5992
5993
5994
5995
5996
5997
5998
5999
6000
6001
6002
6003
6004
6005
6006
6007
6008
6009
6010
6011
6012
6013
6014
6015
6016
6017
6018
6019
6020
6021
6022
6023
6024
6025
6026
6027
6028
6029
6030
6031
6032
6033
6034
6035
6036
6037
6038
6039
6040
6041
6042
6043
6044
6045
6046
6047
6048
6049
6050
6051
6052
6053
6054
6055
6056
6057
6058
6059
6060
6061
6062
6063
6064
6065
6066
6067
6068
6069
6070
6071
6072
6073
6074
6075
6076
6077
6078
6079
6080
6081
6082
6083
6084
6085
6086
6087
6088
6089
6090
6091
6092
6093
6094
6095
6096
6097
6098
6099
6100
6101
6102
6103
6104
6105
6106
6107
6108
6109
6110
6111
6112
6113
6114
6115
6116
6117
6118
6119
6120
6121
6122
6123
6124
6125
6126
6127
6128
6129
6130
6131
6132
6133
6134
6135
6136
6137
6138
6139
6140
6141
6142
6143
6144
6145
6146
6147
6148
6149
6150
6151
6152
6153
6154
6155
6156
6157
6158
6159
6160
6161
6162
6163
6164
6165
6166
6167
6168
6169
6170
6171
6172
6173
6174
6175
6176
6177
6178
6179
6180
6181
6182
6183
6184
6185
6186
6187
6188
6189
6190
6191
6192
6193
6194
6195
6196
6197
6198
6199
6200
6201
6202
6203
6204
6205
6206
6207
6208
6209
6210
6211
6212
6213
6214
6215
6216
6217
6218
6219
6220
6221
6222
6223
6224
6225
6226
6227
6228
6229
6230
6231
6232
6233
6234
6235
6236
6237
6238
6239
6240
6241
6242
6243
6244
6245
6246
6247
6248
6249
6250
6251
6252
6253
6254
6255
6256
6257
6258
6259
6260
6261
6262
6263
6264
6265
6266
6267
6268
6269
6270
6271
6272
6273
6274
6275
6276
6277
6278
6279
6280
6281
6282
6283
6284
6285
6286
6287
6288
6289
6290
6291
6292
6293
6294
6295
6296
6297
6298
6299
6300
6301
6302
6303
6304
6305
6306
6307
6308
6309
6310
6311
6312
6313
6314
6315
6316
6317
6318
6319
6320
6321
6322
6323
6324
6325
6326
6327
6328
6329
6330
6331
6332
6333
6334
6335
6336
6337
6338
6339
6340
6341
6342
6343
6344
6345
6346
6347
6348
6349
6350
6351
6352
6353
6354
6355
6356
6357
6358
6359
6360
6361
6362
6363
6364
6365
6366
6367
6368
6369
6370
6371
6372
6373
6374
6375
6376
6377
6378
6379
6380
6381
6382
6383
6384
6385
6386
6387
6388
6389
6390
6391
6392
6393
6394
6395
6396
6397
6398
6399
6400
6401
6402
6403
6404
6405
6406
6407
6408
6409
6410
6411
6412
6413
6414
6415
6416
6417
6418
6419
6420
6421
6422
6423
6424
6425
6426
6427
6428
6429
6430
6431
6432
6433
6434
6435
6436
6437
6438
6439
6440
6441
6442
6443
6444
6445
6446
6447
6448
6449
6450
6451
6452
6453
6454
6455
6456
6457
6458
6459
6460
6461
6462
6463
6464
6465
6466
6467
6468
6469
6470
6471
6472
6473
6474
6475
6476
6477
6478
6479
6480
6481
6482
6483
6484
6485
6486
6487
6488
6489
6490
6491
6492
6493
6494
6495
6496
6497
6498
6499
6500
6501
6502
6503
6504
6505
6506
6507
6508
6509
6510
6511
6512
6513
6514
6515
6516
6517
6518
6519
6520
6521
6522
6523
6524
6525
6526
6527
6528
6529
6530
6531
6532
6533
6534
6535
6536
6537
6538
6539
6540
6541
6542
6543
6544
6545
6546
6547
6548
6549
6550
6551
6552
6553
6554
6555
6556
6557
6558
6559
6560
6561
6562
6563
6564
6565
6566
6567
6568
6569
6570
6571
6572
6573
6574
6575
6576
6577
6578
6579
6580
6581
6582
6583
6584
6585
6586
6587
6588
6589
6590
6591
6592
6593
6594
6595
6596
6597
6598
6599
6600
6601
6602
6603
6604
6605
6606
6607
6608
6609
6610
6611
6612
6613
6614
6615
6616
6617
6618
6619
6620
6621
6622
6623
6624
6625
6626
6627
6628
6629
6630
6631
6632
6633
6634
6635
6636
6637
6638
6639
6640
6641
6642
6643
6644
6645
6646
6647
6648
6649
6650
6651
6652
6653
6654
6655
6656
6657
6658
6659
6660
6661
6662
6663
6664
6665
6666
6667
6668
6669
6670
6671
6672
6673
6674
6675
6676
6677
6678
6679
6680
6681
6682
6683
6684
6685
6686
6687
6688
6689
6690
6691
6692
6693
6694
6695
6696
6697
6698
6699
6700
6701
6702
6703
6704
6705
6706
6707
6708
6709
6710
6711
6712
6713
6714
6715
6716
6717
6718
6719
6720
6721
6722
6723
6724
6725
6726
6727
6728
6729
6730
6731
6732
6733
6734
6735
6736
6737
6738
6739
6740
6741
6742
6743
6744
6745
6746
6747
6748
6749
6750
6751
6752
6753
6754
6755
6756
6757
6758
6759
6760
6761
6762
6763
6764
6765
6766
6767
6768
6769
6770
6771
6772
6773
6774
6775
6776
6777
6778
6779
6780
6781
6782
6783
6784
6785
6786
6787
6788
6789
6790
6791
6792
6793
6794
6795
6796
6797
6798
6799
6800
6801
6802
6803
6804
6805
6806
6807
6808
6809
6810
6811
6812
6813
6814
6815
6816
6817
6818
6819
6820
6821
6822
6823
6824
6825
6826
6827
6828
6829
6830
6831
6832
6833
6834
6835
6836
6837
6838
6839
6840
6841
6842
6843
6844
6845
6846
6847
6848
6849
6850
6851
6852
6853
6854
6855
6856
6857
6858
6859
6860
6861
6862
6863
6864
6865
6866
6867
6868
6869
6870
6871
6872
6873
6874
0.9698247995374268 0.009781098072755283 0
0.9706936377119676 0.01521204388728471 0
0.9716493597039623 0.02118608428326709 0
0.9727006538951565 0.0277575287188477 0
0.9738570775054701 0.03498611759798637 0
0.9751291434768151 0.04293756536503892 0
0.9765284160452946 0.05168415790879671 0
0.9780676158706221 0.06130540970693029 0
0.9797607356784823 0.07188878668487723 0
0.9816231674671285 0.08353050136061886 0
0.9836718424346393 0.09633638750393465 0
0.9829459418287082 0.007730680961256953 0
0.9837848895642309 0.01316631956522159 0
0.9847077320733059 0.01914552202958271 0
0.9857228588332884 0.02572264474037993 0
0.9868394982692691 0.03295747972225686 0
0.988067801648848 0.0409157982023215 0
0.9894189353663847 0.0496699485303926 0
0.990905182455675 0.05929951389127082 0
0.9925400542538945 0.06989203578823686 0
0.9943384132319357 0.08154380987489949 0
0.9963166081077812 0.09436076137022839 0
0.6421674382024072 -0.0599770776963635 0
0.6431041550494437 -0.06539672615435535 0
0.6441345435811839 -0.07135833945814639 0
0.6452679709660981 -0.07791611409231652 0
0.6465147410895037 -0.08512966618990368 0
0.6478861882252499 -0.09306457349724954 0
0.6493947800745707 -0.10179297153533 0
0.6510542311088237 -0.1113942093772185 0
0.6528796272465018 -0.1219555710032959 0
0.6548875629979478 -0.1335730687919809 0
0.6570962923245385 -0.1463523163595346 0
0.6501448102605588 -0.05859036617650493 0
0.6510933768473941 -0.06400795485425793 0
0.6521368000929129 -0.06996730239978624 0
0.6532845656629835 -0.07652258469986738 0
0.6545471077900613 -0.08373339522995663 0
0.6559359041298468 -0.0916652868130548 0
0.6574635801036109 -0.1003903675544628 0
0.6591440236747513 -0.1099879563700116 0
0.6609925116030059 -0.1205453040671153 0
0.663025848324086 -0.1321583865339293 0
0.6652625187172739 -0.1449327772474248 0
0.6580496331407718 -0.05719624894014635 0
0.6590130171787351 -0.06261122447465255 0
0.6600727396204947 -0.06856769756260936 0
0.6612384343064303 -0.07511981795936187 0
0.6625206984609594 -0.08232715039578963 0
0.6639311890309415 -0.09025521607586015 0
0.6654827286579217 -0.09897608832393773 0
0.6671894222476 -0.1085690477968231 0
0.6690667851962461 -0.1191213032169969 0
0.6711318844397568 -0.1307287841791882 0
0.6734034936076186 -0.1434970132375986 0
0.6406158152388686 0.08126267740350453 0
0.6416388816461494 0.08666669581397338 0
0.6427642546941582 0.09261111606548911 0
0.6440021650469679 0.09914997834215641 0
0.6453638664350587 0.1063427268464905 0
0.6468617379619584 0.1142547502012579 0
0.6485093966415483 0.1229579758915021 0
0.650321821189097 0.1325315241507707 0
0.6523154881914006 0.1430624272359662 0
0.6545085218939346 0.1546464206296812 0
0.6569208589667219 0.1673888133627677 0
0.9019099871406501 0.02315168738183522 0
0.9030803119990644 0.02852573141457754 0
0.9043676693433202 0.03443717985059411 0
0.9057837624220015 0.04093977313021233 0
0.907341464808551 0.04809262573779235 0
0.9090549374337555 0.05596076360613039 0
0.9109397573214805 0.06461571526130225 0
0.9130130591979778 0.07413616208199128 0
0.915293691262125 0.08460865358474921 0
0.9178023865326869 0.09612839423778295 0
0.9205619513303048 0.1088001089561201 0
0.753015372645672 0.05751786955673191 0
0.754233666037936 0.06288124360812272 0
0.7555737887694263 0.06878095506465262 0
0.7570479237740657 0.07527063766683549 0
0.7586694722791691 0.08240928852923667 0
0.7604531756347828 0.09026180447787795 0
0.7624152493259578 0.09889957202138336 0
0.7645735303862504 0.1084011163192393 0
0.7669476395525723 0.1188528150468809 0
0.7695591596355263 0.1303496836472866 0
0.7724318317267758 0.1429962391077329 0
0.962886881349547 0.01091234154258809 0
0.9637918175607443 0.01633739583828987 0
0.9647872473930613 0.02230495556356182 0
0.9658822202086099 0.02886927126136097 0
0.9670866903057135 0.03609001852894003 0
0.9684116074125273 0.04403284052327699 0
0.9698690162300225 0.05276994471704766 0
0.9714721659292673 0.06238075933019541 0
0.9732356305984367 0.07295265540465792 0
0.9751754417345228 0.08458174108656669 0
0.9773092339842177 0.09737373533666632 0
0.6954134885306416 0.07022194987538906 0
0.6965531391490628 0.07560258367347493 0
0.6978067548293262 0.08152128085136939 0
0.6991857320776159 0.0880318477470533 0
0.7007026070507345 0.0951934713323056 0
0.7023711695211651 0.1030712572760831 0
0.7042065882386387 0.1117368218142384 0
0.7062255488278596 0.1212689428062092 0
0.7084464054760027 0.1317542758973771 0
0.7108893477889601 0.1432881422976618 0
0.7135765843332131 0.155975395337975 0
0.6801689191931578 0.0734189632835419 0
0.6812846125955867 0.07880461863327384 0
0.6825118753382584 0.08472883951797898 0
0.6838618643551974 0.09124548249115462 0
0.6853468522738302 0.09841378976164783 0
0.6869803389843263 0.1062989277591904 0
0.688777174365872 0.1149725795564871 0
0.6907536932855723 0.1245135965335136 0
0.6929278640972427 0.1350087152082427 0
0.6953194519900801 0.1465533457504447 0
0.6979501986722012 0.1592524393468669 0
0.7176620594057375 0.06542983008717275 0
0.7188407252073264 0.07080205377997482 0
0.7201372575890743 0.07671149984205711 0
0.7215634432089969 0.08321189051034761 0
0.7231322473909119 0.09036232024546717 0
0.7248579319910182 0.09822779295409868 0
0.7267561850511353 0.1068798129335933 0
0.728844263417264 0.1163970349110375 0
0.7311411496200056 0.126865979086226 0
0.7336677244430214 0.1383818176789334 0
0.7364469567483388 0.1510492401309116 0
0.6878331461533037 0.07182048254341601 0
0.6889620828708027 0.07720337573097723 0
0.6902039132600517 0.08312455823729456 0
0.6915699266882256 0.08963785899424362 0
0.6930725414592168 0.09680248982688758 0
0.6947254177073072 0.104683583742796 0
0.6965435815802066 0.1133527870502952 0
0.6985435618403959 0.1228889106885443 0
0.7007435401266042 0.1333786466906183 0
0.7031635162414333 0.1449173562928998 0
0.7058254899677453 0.1576099368554094 0
0.6645896200978455 0.07659814337454754 0
0.6656707284191352 0.08199085230601472 0
0.6668599475725541 0.08792283213062863 0
0.6681680886413147 0.09444800993770391 0
0.6696070438169515 0.1016257055254867 0
0.6711898945101518 0.1095211706720478 0
0.6729310302726722 0.118206182333265 0
0.6748462796114447 0.127759695160604 0
0.6769530538840944 0.1382685592706768 0
0.6792705055840091 0.1498283097917569 0
0.6818197024539152 0.162544035364945 0
0.624249831517626 0.08430120989972681 0
0.6252320032458899 0.0897128159520775 0
0.6263123921469801 0.09566558260966326 0
0.6275008199381794 0.1022136259330076 0
0.6288080905084986 0.1094164735886864 0
0.6302460881358497 0.117339606009933 0
0.6318278855259359 0.1260550516733043 0
0.6335678626550307 0.1356420419030128 0
0.6354818374970351 0.1461877311556921 0
0.6375872098232399 0.1577879893336393 0
0.6399031193820651 0.1705482733293813 0
0.03267709164480856 0.03987588315995515 0
0.0301928901051431 0.04478311199417096 0
0.02746026841151109 0.05018106371180835 0
0.02445438454851587 0.05611881060120948 0
0.02114791229922115 0.06265033217955072 0
0.01751079282499694 0.06983500591572608 0
0.01350996140335031 0.07773814702551898 0
0.009109046839539024 0.08643160224629118 0
0.004268040819346605 0.09599440298914061 0
-0.001057065802865062 0.106513483806275 0
-0.006914683087297889 0.1180844727051228 0
0.02670868833555613 0.03679065276706243 0
0.02413852403841313 0.04165344982232057 0
0.02131134331155583 0.04700252658310453 0
0.01820144451201281 0.05288651101996689 0
0.01478055583251548 0.05935889390051548 0
0.01101757828506842 0.06647851506911892 0
0.006878302982876654 0.07431009835458272 0
0.002325100150465713 0.0829248399685929 0
-0.002683422965186331 0.09240105574400409 0
-0.008192798392403576 0.1028248930969564 0
-0.01425311136234254 0.114291114185204 0
0.6075774160729485 0.08724755478185717 0
0.6085068644433698 0.09266847209624586 0
0.6095292576508333 0.09863148114207342 0
0.6106538901790431 0.1051907910924837 0
0.611890985960074 0.1124060320379351 0
0.6132517913192079 0.1203427970779316 0
0.6147486772142552 0.1290732386219277 0
0.6163952516988073 0.1386767243203234 0
0.6182064836318145 0.1492405585885588 0
0.6201988387581224 0.1608607762836176 0
0.6223904293970612 0.1736430157481824 0
0.8459774006082549 0.03587798716483396 0
0.8472203186738042 0.04123570750599562 0
0.8485875285459085 0.04712919988127346 0
0.8500914594052231 0.05361204149407908 0
0.8517457833504692 0.06074316726816526 0
0.85356553969024 0.06858740561966006 0
0.8555672716639878 0.07721606780630433 0
0.8577691768351104 0.08670759621161303 0
0.8601912725233453 0.09714827745745262 0
0.8628555777804037 0.1086330268278762 0
0.8657863135631678 0.121266251135342 0
0.6324715298840431 0.08279074934275261 0
0.6334756080747439 0.08819833059071948 0
0.6345800940845149 0.09414666996348303 0
0.6357950286952628 0.1006898432735229 0
0.6371314567670857 0.1078873339145668 0
0.6386015276460909 0.1158045736197151 0
0.6402186056129965 0.1245135372953783 0
0.6419973913765927 0.1340933973386077 0
0.6439540557165485 0.1446312433861601 0
0.6461063864904999 0.1562228740384677 0
0.6484739503418465 0.1689736677560061 0
0.6566755187463186 0.07816933570644843 0
0.6577354837816863 0.08356624244427431 0
0.6589014453205908 0.08950283985588275 0
0.6601840030133858 0.09603309700865205 0
0.6615948164754603 0.1032163798766983 0
0.6631467112837421 0.1111179910315491 0
0.6648537955728522 0.1198097633018851 0
0.6667315882908733 0.1293707127992546 0
0.6687971602806965 0.1398877572463611 0
0.6710692894695021 0.1514565061381782 0
0.6735686315771882 0.1641821299191771 0
0.9065128802670174 0.02215199251003459 0
0.9076795564013821 0.02752682899400257 0
0.9089629001491832 0.03343914912636735 0
0.9103745782717644 0.03994270127196861 0
0.9119274242066038 0.04709660863212999 0
0.9136355547349271 0.05496590672830751 0
0.9155144983160827 0.06362213463410278 0
0.9175813362553539 0.07314398533047758 0
0.9198548579885523 0.08361802109648987 0
0.9223557318950704 0.09513946043910337 0
0.9251066931922403 0.1078130437159782 0
0.8622404708611918 0.03212080426714212 0
0.863478149712277 0.03747973617857053 0
0.8648395964484706 0.0433745612811418 0
0.8663371878582836 0.04985886889397018 0
0.8679845384090779 0.0569916072680814 0
0.8697966240149516 0.06483761947960374 0
0.8717899181814127 0.07346823291227833 0
0.8739825417645199 0.08296190768822037 0
0.8763944277059379 0.09340494994175662 0
0.8790475022414976 0.1048922964206465 0
0.8819658842306133 0.1175283775474253 0
0.5906230903272645 0.09007054718732933 0
0.5915034447240912 0.09549964621357543 0
0.5924718345606006 0.1014716551424461 0
0.593537063380761 0.1080408649642039 0
0.5947088150829373 0.1152669957681375 0
0.5959977419553313 0.1232157396524644 0
0.5974155615149647 0.131959357925224 0
0.5989751630305614 0.1415773380252595 0
0.6006907246977179 0.1521571161352986 0
0.6025778425315899 0.1637948720563416 0
0.6046536721488491 0.176596403569489 0
0.5820441399977206 0.09144262973284065 0
0.58289874865342 0.09687584674189795 0
0.5838388181746891 0.102852385451861 0
0.5848728946480852 0.1094265780328203 0
0.5860103787688209 0.1166581898718756 0
0.5872616113016302 0.1246129628948363 0
0.5886379670877204 0.1333632132200932 0
0.5901519584524197 0.1429884885778758 0
0.5918173489535888 0.1535762914714366 0
0.593649278504875 0.1652228746543535 0
0.5956644010112897 0.178034116155562 0
0.8347188955550118 0.03850343759930724 0
0.8359724302534126 0.04385868309343021 0
0.8373513184216534 0.04974945313696547 0
0.8388680954067184 0.05622930018485427 0
0.8405365500902898 0.06335713193753192 0
0.8423718502422185 0.07119774686547736 0
0.84439068040934 0.07982242328621733 0
0.8466113935931735 0.08930956734903131 0
0.8490541780953905 0.0997454258181267 0
0.8517412410478291 0.1112248701341316 0
0.8546970102955117 0.123852258881737 0
0.8674915158393747 0.03090845484649025 0
0.8687272447416019 0.03626783695522139 0
0.8700865465340519 0.04216315727482565 0
0.8715817785057468 0.04864800962639033 0
0.8732265336746112 0.05578134721311148 0
0.8750357643603621 0.06362801855850475 0
0.8770259181146881 0.07225935703843733 0
0.8792150872444466 0.08175382936636319 0
0.881623173287181 0.09219774892708164 0
0.8842720679341889 0.1036860604438719 0
0.8871858520458975 0.1163232031123412 0
0.8569027677683353 0.03335400347006912 0
0.8581400669397903 0.03871302310175424 0
0.8595010960283908 0.04460794469660789 0
0.8609982280258514 0.05109235845094689 0
0.8626450732230579 0.05822521358071979 0
0.8644566029399852 0.06607135422346999 0
0.8664492856286051 0.0747021089304952 0
0.8686412365860871 0.08419593910822294 0
0.8710523826393172 0.09463915230372345 0
0.8737046432978703 0.106126686818774 0
0.8766221300222788 0.1187629747853296 0
0.2647532554508441 -0.07855216508450237 0
0.2642854043886259 -0.08403225674510581 0
0.2637707682201858 -0.09006035757176961 0
0.2632046684349017 -0.09669126848109977 0
0.2625819586710892 -0.103985270481363 0
0.2618969779308955 -0.1120086726816525 0
0.2611434991166824 -0.1208344151019709 0
0.2603146724210479 -0.1305427317643212 0
0.2594029630558501 -0.1412218800929066 0
0.2584000827541325 -0.1529689432543504 0
0.2572969144222431 -0.1658907127319387 0
0.273873903859054 -0.07930227994362429 0
0.2734393360083068 -0.08478510943956216 0
0.2729613113724848 -0.09081622188509381 0
0.2724354842730807 -0.09745044557517862 0
0.2718570744637361 -0.1047480916342719 0
0.2712208236734572 -0.1127755022992745 0
0.2705209478041503 -0.1216056540307774 0
0.2697510843479127 -0.1313188209354306 0
0.2689042345460513 -0.1420033045305491 0
0.2679726997640039 -0.1537562364851794 0
0.2669480115037516 -0.1666844616352728 0
0.2830288013943449 -0.0800003193646391 0
0.2826262762400612 -0.08548559250795501 0
0.2821834985703492 -0.09151939296560251 0
0.281696443133666 -0.09815657346901477 0
0.2811606821533145 -0.1054574720227682 0
0.2805713450749278 -0.1134884604318971 0
0.2799230742887024 -0.1223225476819388 0
0.2792099764238546 -0.1320400436569847 0
0.2784255687725219 -0.1427292892295352 0
0.2775627203560559 -0.1544874593593407 0
0.2766135870979434 -0.1674214465021267 0
0.7103301532750114 0.06702951880764145 0
0.7114952779509495 0.07240469701747404 0
0.7127769150944814 0.07831739304828989 0
0.7141867159523665 0.08482135868218732 0
0.71573749689604 0.09197572087947449 0
0.717443355934081 0.09984551929649038 0
0.7193198008759261 0.1085022975552079 0
0.7213838903119556 0.1180247536397971 0
0.7236543886915882 0.1284994553328452 0
0.7261519369091839 0.1400216271951982 0
0.7288992399485392 0.1526960162437865 0
0.877737696086642 0.02855430598338656 0
0.8789629367810549 0.03391609667508353 0
0.880310701544909 0.0398140664359502 0
0.8817932427851485 0.04630183317290354 0
0.8834240381494119 0.0534383765835522 0
0.8852179130501018 0.06128857433526574 0
0.8871911754408606 0.06992379186215063 0
0.8893617640706953 0.07942253114172401 0
0.8917494115635135 0.08987114434925474 0
0.8943758238056134 0.1013646188775385 0
0.8972648772719234 0.1140074408586507 0
0.7029126273112146 0.06862669915724469 0
0.7040637282956393 0.07400489711664732 0
0.7053299393785064 0.07992091487199023 0
0.7067227715696603 0.08642853440286742 0
0.7082548869799296 0.09358691588683232 0
0.7099402139312257 0.1014611355191937 0
0.7117940735776516 0.1101227771147913 0
0.71383331918872 0.1196505828699486 0
0.7160764893608951 0.1301311692006216 0
0.7185439765502879 0.1416598141643619 0
0.7212582124586199 0.1543413236244763 0
0.7861937024118948 0.0498554401356358 0
0.7874427856990539 0.05521172534796976 0
0.7888167773149288 0.06110363908153713 0
0.7903281680923913 0.06758474418846122 0
0.7919906979475999 0.07471395980607773 0
0.7938194807883294 0.08255609698545588 0
0.795831141913132 0.09118244788277186 0
0.7980439691504148 0.1006714338698194 0
0.8004780791114258 0.1111093184555718 0
0.8031556000685379 0.1225909914998993 0
0.8061008731213612 0.1352208318486597 0
0.7797362479696646 0.05136059647788315 0
0.7809831837840174 0.05671738224353673 0
0.7823548131798056 0.06260984658575566 0
0.7838636055151725 0.06909155736219649 0
0.7855232770840762 0.07622143921628141 0
0.7873489158098702 0.08406430925577482 0
0.7893571184082436 0.09269146629921757 0
0.7915661412664543 0.1021813390470046 0
0.7939960664104861 0.1126201990695703 0
0.7966689840689212 0.1241029450943926 0
0.7996091934931997 0.1367339657216971 0
0.4871071248301167 -0.08075428615144511 0
0.4875384256513937 -0.08623738930367252 0
0.4880128565547984 -0.09226880277112265 0
0.4885347305485436 -0.09890335758531782 0
0.4891087919416633 -0.1062013678809325 0
0.4897402594740951 -0.1142291792061086 0
0.49043487375977 -0.1230597716638024 0
0.4911989494740123 -0.1327734233672655 0
0.4920394327596789 -0.143458440241075 0
0.4929639643739122 -0.1552119588022653 0
0.4939809491495687 -0.1681408292195748 0
0.4961999360338407 -0.0800039461322412 0
0.4966732205585659 -0.08548358558554837 0
0.4971938335357636 -0.09151118898418628 0
0.497766507810681 -0.09814155272268797 0
0.4983964495130903 -0.1054349528350398 0
0.4990893853857404 -0.1134576929586269 0
0.4998516148456555 -0.1222827070945726 0
0.5006900672515622 -0.1319902226441129 0
0.5016123648980595 -0.1426684897486073 0
0.5026268923092065 -0.1544145835635511 0
0.5037428724614683 -0.1673352867599893 0
0.5052525426430897 -0.07918682407510967 0
0.5057702943922696 -0.08466245065481963 0
0.5063398213163675 -0.09068563989250059 0
0.5069663009328751 -0.09731114805394965 0
0.5076554285110335 -0.1045992070315436 0
0.5084134688470078 -0.112616071906897 0
0.5092473132165795 -0.1214346232697856 0
0.5101645420231082 -0.1311350297689632 0
0.51117349371029 -0.1418054769180585 0
0.5122833405661898 -0.1535429687820634 0
0.5135041721076797 -0.1664542098324687 0
0.6159514514128455 0.08578869763195883 0
0.6169087021986083 0.09120477106747812 0
0.6179616780629472 0.09716245184654937 0
0.6191199515137202 0.1037159007035277 0
0.6203940523095705 0.1109246944462039 0
0.6217955631850056 0.1188543675631477 0
0.6233372251479844 0.1275770079917859 0
0.6250330533072611 0.1371719124632879 0
0.6268984642824654 0.1477263073819401 0
0.6289504163551902 0.1593361417924576 0
0.6312075636351874 0.1721069596440268 0
0.8972335564496591 0.0241728553073625 0
0.8984142156831264 0.02954464273728584 0
0.8997129408399405 0.03545360891020152 0
0.9011415385124359 0.04195347170040876 0
0.9027129959521809 0.04910332076963674 0
0.9044415991359005 0.05696815474578749 0
0.9063430626379919 0.06561947211955334 0
0.9084346724902925 0.07513592123069578 0
0.9107354433278232 0.08560401525295246 0
0.9132662912491069 0.0971189186774348 0
0.916050223962519 0.1097853124443654 0
0.8403912285616579 0.03717771741233396 0
0.8416402655045184 0.04253401409777507 0
0.843014206141665 0.0484259404517603 0
0.8445255408425263 0.05490705944114405 0
0.8461880090134736 0.06203629032946617 0
0.8480167240015157 0.06987844430662049 0
0.850028310488362 0.07850481368149026 0
0.852241055623893 0.08799381999384701 0
0.8546750752729769 0.09843172693743944 0
0.8573524968869694 0.1099134245753911 0
0.860297660662361 0.1225432919771379 0
0.7461168473884944 0.05907894574192565 0
0.7473285684045143 0.06444380708810336 0
0.7486614615221362 0.07034515456889887 0
0.7501276439515203 0.0768366367977739 0
0.7517404446238428 0.08397726724953646 0
0.7535145253633977 0.09183196074647526 0
0.7554660141769078 0.1004721235931079 0
0.7576126518717692 0.1099763027244039 0
0.7599739533361166 0.1204308997688295 0
0.7625713849468987 0.1319309565176975 0
0.7654285597187591 0.1445810189414524 0
0.7249066704460395 0.06383162029038472 0
0.7260966813979576 0.06920134110389722 0
0.7274056934450673 0.07510803399876098 0
0.7288456066968881 0.08160539618311111 0
0.7304295112738911 0.08875249458589626 0
0.7321718063085942 0.09661430282895991 0
0.7340883308467678 0.1052622918963299 0
0.7361965078387587 0.114775079870437 0
0.7385155025299486 0.1252391466419547 0
0.7410663966902575 0.1367496200906242 0
0.7438723802665974 0.1494111408841607 0
0.2958874779669848 0.1004152693634397 0
0.2953915940037289 0.1058928997611346 0
0.2948461216441474 0.1119182931985989 0
0.2942461020486077 0.1185462259798097 0
0.293586080493514 0.1258369520391415 0
0.292860056782911 0.1338567507044065 0
0.2920614307012477 0.142678529236198 0
0.291182942011418 0.1523824856211687 0
0.2902166044526054 0.1630568376446364 0
0.2891536331379115 0.1747986248704509 0
0.2879843646917483 0.1877145908188469 0
0.286599488187894 0.09954307993458128 0
0.2860667141774674 0.1050172467909417 0
0.285480662765998 0.1110388303329382 0
0.2848360062133817 0.1176625722291343 0
0.2841268840055038 0.1249486883149501 0
0.2833468495768381 0.1329634160093474 0
0.2824888117053059 0.1417796164731844 0
0.2815449700466204 0.1514774369834052 0
0.2805067442220663 0.162145039544648 0
0.2793646958150569 0.1738794023620152 0
0.2781084425673466 0.186787201461119 0
0.966387556349545 0.01033564094215081 0
0.9672725269191537 0.01576398418364949 0
0.9682459945457231 0.02173516174929803 0
0.9693168089349496 0.02830345707151143 0
0.9704947047630988 0.03552858192594616 0
0.9717903901740629 0.04347621926582438 0
0.9732156441261233 0.05221862033969041 0
0.9747834234733899 0.06183526152094306 0
0.976507980755383 0.07241356682032096 0
0.9784049937655754 0.08404970264963665 0
0.9804917080767872 0.09684945206188392 0
0.9110366400074669 0.02117061649742201 0
0.912200458330536 0.02654607294451231 0
0.9134806584859121 0.03245907503631164 0
0.9148888786568257 0.03896337733729091 0
0.9164379208448307 0.0461181098683681 0
0.9181418672516362 0.05398831565255301 0
0.9200162082991222 0.06264554201515642 0
0.9220779834513568 0.07216849101402016 0
0.924345936118815 0.08264373491277029 0
0.9268406840530189 0.09416650320139541 0
0.9295849067806432 0.1068415483188831 0
0.2376349655575529 -0.07598765625303733 0
0.2370689412157329 -0.08145847655431414 0
0.2364463144397309 -0.08747637888571863 0
0.2357614249861287 -0.09409607145026358 0
0.2350080465871663 -0.101377733271263 0
0.2341793303483077 -0.1093875612743624 0
0.2332677424855632 -0.1181983720777717 0
0.2322649958365443 -0.127890263961522 0
0.2311619745226234 -0.1385513450336473 0
0.2299486510773105 -0.1502785342129851 0
0.2286139952874663 -0.1631784423102567 0
0.2466302504004382 -0.07689163857416183 0
0.2460956762424991 -0.08236561991856696 0
0.2455076446687662 -0.08838699939741262 0
0.2448608099376599 -0.09501051682414285 0
0.244149291733443 -0.1022963859935461 0
0.2433666217088044 -0.1103108420798897 0
0.2425056846817019 -0.1191267437748676 0
0.2415586539518892 -0.1288242356393433 0
0.2405169201490953 -0.1394914766902666 0
0.2393710129660219 -0.1512254418462823 0
0.2381105150646412 -0.1641328035178994 0
0.2556703446442098 -0.07774857385871285 0
0.2551683841863935 -0.08322564723245766 0
0.2546162276827955 -0.08925042794357696 0
0.2540088555288378 -0.09587768672580819 0
0.2533407461594843 -0.1031676713862625 0
0.2526058258531954 -0.1111866545127623 0
0.2517974135162777 -0.1200075359519121 0
0.2509081599456682 -0.1297105055349768 0
0.2499299810179977 -0.1403837720763481 0
0.2488539841975602 -0.1521243652718564 0
0.2476703876950789 -0.1650390177869156 0
0.8514805465227789 0.03460505180851089 0
0.8527185337080252 0.03996391270017174 0
0.8540803196117962 0.04585865968099868 0
0.8555782841059443 0.05234288135990831 0
0.8572260450495071 0.0594755252067089 0
0.8590385820874262 0.06732143343818955 0
0.8610323728291372 0.07595193249281827 0
0.8632255426450194 0.08544548145290987 0
0.8656380294424898 0.09588838530901062 0
0.8682917649197072 0.1073755795507214 0
0.8712108739446464 0.1200114932166033 0
0.9324609011713656 0.01662405648952742 0
0.9335675706599457 0.02201157594837658 0
0.9347849070973838 0.02793784735311065 0
0.9361239771785658 0.03445674589831813 0
0.9375969542678659 0.04162753429804635 0
0.9392172290660961 0.0495154015377474 0
0.9409995313441492 0.05819205550141855 0
0.9429600638500076 0.06773637486145682 0
0.945116649606452 0.07823512615749893 0
0.9474888939385407 0.08978375258314523 0
0.9500983627038384 0.1024872416513562 0
0.8231131234365104 0.04122650903544145 0
0.8243704961984412 0.0465808543494584 0
0.8257536062365648 0.05247063419487706 0
0.8272750272785009 0.05894939202483757 0
0.8289485904246305 0.06607602563779413 0
0.8307895098853731 0.07391532261204636 0
0.83281452129219 0.08253854928372381 0
0.8350420338396886 0.09202409862256901 0
0.837492297641937 0.1024582028952987 0
0.8401875878244103 0.1139357175953014 0
0.8431524070251308 0.1265609837653044 0
0.7925627518853071 0.04836947840027728 0
0.7938119690452121 0.05372573237829985 0
0.7951861079211077 0.05961761175412469 0
0.7966976606845927 0.066098679067532 0
0.7983603687244262 0.07322785311228006 0
0.800189347568243 0.0810699445615029 0
0.8022012242964416 0.08969624515564803 0
0.80441428869746 0.09918517580920769 0
0.8068486595385803 0.1096229995281233 0
0.8095264674638125 0.1211046056189305 0
0.812472056181568 0.1337343723188184 0
0.7598291320041402 0.05596432128532441 0
0.7610567155994414 0.06132557711302709 0
0.7624070575542728 0.06722295852350005 0
0.7638924337045874 0.07371007807502029 0
0.7655263474699334 0.08084590958169256 0
0.767323652611814 0.08869532423903205 0
0.7693006882678826 0.0973296803621055 0
0.7714754274895581 0.1068274720974863 0
0.7738676406334012 0.1172750430064052 0
0.7764990750916285 0.1287673710062159 0
0.7793936529956786 0.1414089318060078 0
0.7731899524786866 0.05288236457834237 0
0.7744326461257354 0.05824013649810969 0
0.7757996091374891 0.06413368560985375 0
0.7773032684504182 0.0706165896327722 0
0.7789572936946402 0.07774778405798251 0
0.7807767214632845 0.08559209792571384 0
0.782778092008793 0.09422084318021831 0
0.7849795996088526 0.1037124629601732 0
0.787401257968918 0.1141532447181236 0
0.7900650821649899 0.1256381046518691 0
0.7929952887806692 0.1382714505789891 0
0.7665543878879777 0.05441794656602676 0
0.7677906601719088 0.05977720451870402 0
0.7691505596842331 0.06567238826664902 0
0.7706464491477898 0.07215709038938851 0
0.7722919275577022 0.07929026272440197 0
0.7741019538086058 0.08713675229291676 0
0.7760929826845998 0.09576789081828302 0
0.7782831144481932 0.1052621431961859 0
0.7806922593881459 0.1157058208118791 0
0.7833423188220938 0.1271938661891416 0
0.7862573841994367 0.1398307161041304 0
0.9657490126486594 -0.005846425803686993 0
0.9659494284054835 -0.01134280344445484 0
0.9661698857379898 -0.01738881884929946 0
0.9664123888037468 -0.02403943579462856 0
0.9666791421760795 -0.03135511443449056 0
0.9669725708856456 -0.03940236093833877 0
0.9672953424661681 -0.04825433209257179 0
0.9676503912047431 -0.05799150036222812 0
0.9680409448171753 -0.06870238545885007 0
0.9684705537908509 -0.08048435906513424 0
0.9689431236618941 -0.09344453003204681 0
0.969171851808626 -0.005733056323202323 0
0.9693395728987075 -0.01123051735445256 0
0.9695240660977974 -0.01727772448882783 0
0.9697270086167961 -0.02392965233664062 0
0.9699502453876947 -0.03124677296923469 0
0.9701958058356832 -0.03929560566508817 0
0.9704659223284705 -0.04814932163052699 0
0.9707630504705366 -0.05788840919250971 0
0.9710898914268092 -0.0686014055106907 0
0.9714494164787092 -0.08038570146068978 0
0.9718448940357991 -0.09334842700568877 0
0.9725345838822941 -0.005639336089557965 0
0.9726770786763034 -0.01113750048029897 0
0.9728338229497135 -0.01718548131011408 0
0.9730062416504649 -0.0238382602229107 0
0.9731959022212913 -0.03115631702698697 0
0.9734045288492003 -0.03920617951147088 0
0.9736340181399002 -0.04806102824440318 0
0.9738864563596702 -0.05780136185062872 0
0.974164138401417 -0.06851572881747682 0
0.9744695886473387 -0.08030153248100971 0
0.9748055839178524 -0.09326591651089589 0
-0.004059950786150368 0.004118479601713065 0
-0.009371608083743866 0.005545603406198963 0
-0.01521443111109671 0.007115439591133452 0
-0.02164153644118485 0.008842259394561389 0
-0.02871135230428179 0.01074176117833212 0
-0.03648814975368843 0.01283121314047992 0
-0.04504262694803573 0.01512961029884251 0
-0.05445255186181776 0.01765784717304135 0
-0.06480346926697801 0.02043890773466008 0
-0.07618947841265428 0.02349807435244068 0
-0.08871408847289818 0.02686315763199934 0
0.6658771088839325 -0.05579140843307813 0
0.6668553175715551 -0.06120372341054229 0
0.66793134712794 -0.06715726988575285 0
0.6691149796399634 -0.07370617100848449 0
0.6704169754031891 -0.08090996224348929 0
0.6718491707427374 -0.08883413260199455 0
0.6734245856162405 -0.09755071999635034 0
0.675157541977094 -0.1071389661301417 0
0.6770637939740327 -0.1176860368773122 0
0.6791606711706655 -0.1292878146991998 0
0.6814672360869614 -0.1420497703032761 0
0.6736240442151179 -0.05438136728731025 0
0.6746140866761964 -0.05979152843430727 0
0.6757031333833827 -0.06574270569600399 0
0.6769010847612876 -0.07228900068387038 0
0.6782188312769831 -0.07948992517052342 0
0.6796683524442482 -0.08741094210584174 0
0.6812628257282396 -0.09612406073469192 0
0.6830167463406303 -0.1057084912264271 0
0.68494605901426 -0.1162513647673358 0
0.6870683029552527 -0.1278485256623354 0
0.6894027712903447 -0.1406054026468349 0
0.6812901101173273 -0.05297087928963895 0
0.6822890929077384 -0.05837939553438243 0
0.6833879739771906 -0.06432876340360026 0
0.684596743153588 -0.07087306805973988 0
0.6859263892476252 -0.07807180318149345 0
0.6873889999510659 -0.08599041181542237 0
0.6889978717248509 -0.09470088131274421 0
0.6907676306760143 -0.1042823977597982 0
0.6927143655222942 -0.1148220658515576 0
0.694855773853202 -0.126415700752493 0
0.6972113230172005 -0.1391686991435218 0
0.4087766832220144 0.1057382400212256 0
0.408776482376432 0.1112382849281498 0
0.4087762614462915 0.1172883343257664 0
0.4087760184231369 0.1239433886631447 0
0.4087757510976669 0.1312639484342608 0
0.4087754570396498 0.1393165641824885 0
0.4087751335758311 0.148174441505539 0
0.4087747777656304 0.1579181065608945 0
0.4087743863744098 0.1686361381217856 0
0.408773955844067 0.1804259728387657 0
0.4087734822606899 0.1933947910274439 0
0.3993410577146456 0.105699575485563 0
0.399294962111766 0.1111994332782636 0
0.3992442569485984 0.1172492768502342 0
0.399188481269114 0.1239041047794019 0
0.3991271280216813 0.1312244155014864 0
0.3990596394495052 0.1392767572957793 0
0.3989854020201116 0.1481343332695015 0
0.3989037408477786 0.1578776668405959 0
0.3988139135582122 0.1685953337687998 0
0.3987151035396893 0.1803847673898241 0
0.3986064125193141 0.1933531443729508 0
0.5991331028922829 0.08867189894774549 0
0.6000365465796887 0.09409720292361343 0
0.6010303346358351 0.1000650372970682 0
0.6021235014975961 0.1066296551078684 0
0.6033259850455331 0.1138507346997486 0
0.6046487169482638 0.1217939222508168 0
0.6061037220412677 0.1305314285569919 0
0.607704227643572 0.1401426854937845 0
0.6094647838061066 0.1507150681242563 0
0.6114013955848948 0.1623446890177754 0
0.6135316685415617 0.1751372720006463 0
0.9921405248470787 0.006308164421250084 0
0.9929883812978409 0.01174242163255217 0
0.9939210233936794 0.01772010456498446 0
0.9949469296991017 0.02429555579065998 0
0.9960754266350662 0.03152855213890305 0
0.9973167732646272 0.03948484812197043 0
0.9986822545571442 0.04823677370334455 0
1.000184283978913 0.05786389184285608 0
1.001836516342859 0.06845372179631878 0
1.003653971943199 0.08010253474512773 0
1.005653173103573 0.09291622898881759 0
0.8876492073126226 0.02630548069684772 0
0.8888558357110553 0.03167149233902179 0
0.8901831269493313 0.03757410514541328 0
0.8916431473114349 0.0440669792324439 0
0.8932491697097489 0.0512091407281776 0
0.8950157943478941 0.05906551837348467 0
0.896959081449854 0.06770753378332243 0
0.8990966972620099 0.07721375073414399 0
0.9014480746553813 0.08767058938004769 0
0.9040345897880899 0.09917311189054177 0
0.9068797564340694 0.1118258866520853 0
0.8924818147280098 0.02522407415980108 0
0.893676322562641 0.03059279798356246 0
0.8949902811807352 0.03649839418969997 0
0.8964356356606389 0.04299455001645124 0
0.898025525588533 0.05014032142587763 0
0.8997744045092164 0.05800066997624666 0
0.9016981713219683 0.0666470533816526 0
0.9038143148159952 0.07615807512759913 0
0.9061420726594249 0.08662019904814032 0
0.9087026062871976 0.09812853536073562 0
0.9115191932777474 0.1107877053045905 0
0.3333110083928268 0.1032796413807421 0
0.3329695905584407 0.1087690703646944 0
0.332594030940616 0.1148074422470419 0
0.3321809153610087 0.1214496513176242 0
0.3317264882234408 0.1287560812952647 0
0.3312266183721161 0.1367931542706692 0
0.3306767615356589 0.1456339345436143 0
0.3300719190155559 0.1553587928438538 0
0.3294065922434427 0.1660561369741173 0
0.3286747327941182 0.1778232155174071 0
0.3278696873998612 0.1907670019150259 0
0.3239207794762023 0.1026612973413959 0
0.3235398342682099 0.1081481241670013 0
0.3231207945394183 0.1141836336751672 0
0.3226598508377475 0.1208226941341498 0
0.3221528127659095 0.1281256606390306 0
0.3215950708868878 0.1361589237943995 0
0.3209815548199639 0.1449955132653053 0
0.3203066871463477 0.1547157616833016 0
0.3195643327053698 0.1654080349430976 0
0.3187477428202942 0.1771695355288733 0
0.3178494939467109 0.1901071861732264 0
0.8827348096349632 0.02741598046775563 0
0.8839517123101484 0.03277967049751639 0
0.8852903052528519 0.03867972953025322 0
0.8867627574898259 0.04516979446626374 0
0.8883824549504973 0.0523088658958753 0
0.8901641221572358 0.06016184446844802 0
0.8921239560846482 0.06880012089827801 0
0.8942797734048018 0.07830222497109102 0
0.8966511724569708 0.08875453945118532 0
0.8992597114143567 0.100252085379289 0
0.9021291042674812 0.1128993859002031 0
0.9365155198717735 0.01579815674841719 0
0.9376031577971385 0.02118955263880309 0
0.93879955951504 0.02712008811822758 0
0.9401156014047317 0.03364367714559452 0
0.9415632474833925 0.04081962507569815 0
0.9431556581699194 0.04871316779881216 0
0.944907309925099 0.05739606479423756 0
0.9468341268557965 0.06694725148920549 0
0.9489536254795639 0.07745355685367024 0
0.9512850739657078 0.08901049275458145 0
0.9538496673004663 0.1017231222455838 0
0.1361442693380719 0.07502353341431078 0
0.134826588532028 0.08036343368803495 0
0.1333771396453797 0.08623732398913155 0
0.1317827458700666 0.09269860332033779 0
0.1300289127172221 0.09980601058466466 0
0.1280996962490932 0.1076241585754242 0
0.1259775581341514 0.1162241213652598 0
0.1236432062077154 0.1256840804340788 0
0.1210754190886359 0.1360900354097798 0
0.1182508532576483 0.1475365858830509 0
0.1151438308435621 0.1601277914036491 0
0.1279121945160573 0.07294648764942657 0
0.1265456709419775 0.07827406553748557 0
0.1250424950104897 0.08413440121435048 0
0.1233890014858532 0.09058077045890189 0
0.121570158608753 0.09767177662790844 0
0.1195694314439427 0.1054718834138156 0
0.1173686315626515 0.1140520008783135 0
0.1149477516932311 0.1234901300892613 0
0.1122847838368687 0.1338720722213038 0
0.1093555191948701 0.1452922085665505 0
0.1061333280886715 0.1578543585463219 0
0.7988444599412137 0.04690494324471654 0
0.8000925630781487 0.05226145694855901 0
0.8014654765287771 0.05815362202278573 0
0.8029756813244684 0.06463500360443512 0
0.8046369065997289 0.07176452334424946 0
0.8064642544025153 0.07960699505804522 0
0.8084743369855805 0.08823371394322058 0
0.8106854278269521 0.09772310471691345 0
0.8131176277524609 0.1081614345679756 0
0.8157930476705205 0.119643597404144 0
0.8187360095803862 0.1322739765239292 0
0.6486830261526995 0.07972191271695724 0
0.6497233683080724 0.0851226314727985 0
0.6508677446789826 0.0910634221042239 0
0.6521265586869839 0.09759829179879184 0
0.6535112540957853 0.1047866484628166 0
0.6550344190454668 0.1126938407932438 0
0.6567099004901165 0.1213917523567137 0
0.6585529300792311 0.1309594550765306 0
0.6605802626272572 0.1414839280683292 0
0.662810328430086 0.1530608483593077 0
0.6652634008131976 0.165795460679384 0
0.5142592388309761 -0.07829611651989314 0
0.5148218252301189 -0.08376731014496165 0
0.5154406702691759 -0.08978562313253702 0
0.5161213998121387 -0.09640576741886991 0
0.5168702023093977 -0.1036879261338361 0
0.5176938850563826 -0.1116983007202989 0
0.518599936078066 -0.120509712765408 0
0.5195965922019177 -0.130202266015028 0
0.5206929139381546 -0.14086407458961 0
0.5218988678480152 -0.1525920640216502 0
0.5232254171488618 -0.1654928523968944 0
0.5232131362722291 -0.07733981858837795 0
0.5238159568116816 -0.08280671585429582 0
0.5244790594050793 -0.08882030284680546 0
0.5252084722578169 -0.09543524853856608 0
0.5260108263958282 -0.1027116887995028 0
0.5268934159476406 -0.1107157730865331 0
0.5278642644546342 -0.1195202658022665 0
0.5289321978123273 -0.1292052077895732 0
0.5301069245057896 -0.1398586439756106 0
0.5313991238685981 -0.1515774237802517 0
0.5328205431676875 -0.1644680815653569 0
0.5321118041385956 -0.07632742117068908 0
0.5327497228407329 -0.08179032590322817 0
0.5334514334130838 -0.08779952110902117 0
0.5342233150426698 -0.09440963583539347 0
0.5350723848352145 -0.101680762034403 0
0.5360063616070135 -0.1096790008533135 0
0.5370337360559926 -0.118477063554115 0
0.5381638479498695 -0.1281549325249967 0
0.5394069710331341 -0.1388005883929666 0
0.5407744064247251 -0.1505108098477334 0
0.5422785853554752 -0.1633920534479769 0
0.9404960544573302 0.01500284950890436 0
0.9415624234985871 0.02039849468472515 0
0.9427354294439697 0.02633370437812801 0
0.9440257359838905 0.03286243504087117 0
0.9454450731778035 0.04004403876988864 0
0.9470063440911077 0.04794380287180786 0
0.9487237420957423 0.05663354338391899 0
0.9506128799008404 0.06619225794724125 0
0.9526909314864483 0.07670684396689573 0
0.954976788230617 0.08827288858851566 0
0.9574912306492026 0.1009955376722976 0
0.1590667691392108 -0.06560036028011838 0
0.158170645893091 -0.07102692323419482 0
0.1571849103223592 -0.07699614248367892 0
0.1561006011945542 -0.08356228365811141 0
0.1549078611539688 -0.09078503894998716 0
0.1535958471093248 -0.09873006977105048 0
0.1521526316602163 -0.1074696036742201 0
0.1505650946661971 -0.1170830909677067 0
0.1488188039727759 -0.127657926990542 0
0.1468978842100126 -0.1392902466156608 0
0.1447848724709729 -0.1520857982032915 0
0.1675573192356416 -0.06696273120083862 0
0.1667081095251918 -0.07239682280643496 0
0.165773978843697 -0.07837432357259094 0
0.1647464350940527 -0.08494957441536254 0
0.163616136969444 -0.09218235034241128 0
0.1623728090323744 -0.1001384038621649 0
0.1610051483015979 -0.1088900627338939 0
0.1595007214977437 -0.1185168874927957 0
0.1578458520135041 -0.1291063947275878 0
0.1560254955808405 -0.1407548526858591 0
0.1540231035049106 -0.1535681564399575 0
0.1761128903315843 -0.0682636517644537 0
0.1753058274673629 -0.07370415285482698 0
0.1744180583167192 -0.07968870405423761 0
0.1734415122510113 -0.08627171037358929 0
0.1723673115787325 -0.09351301732487614 0
0.1711856908392259 -0.1014784549712917 0
0.1698859080257685 -0.1102404363823488 0
0.1684561469309655 -0.1198786159345116 0
0.1668834097266821 -0.1304806134418907 0
0.1651533988019704 -0.1421428107000076 0
0.1632503867847876 -0.1549712276839363 0
0.6177914357767421 -0.064099377046025 0
0.6186834561976327 -0.06952656759113261 0
0.6196646786606124 -0.075496477190751 0
0.6207440233698899 -0.08206337775033122 0
0.6219313025500953 -0.08928696836586947 0
0.6232373096483211 -0.09723291804296154 0
0.6246739174563697 -0.1059734626877628 0
0.626254186045223 -0.1155880617970442 0
0.6279924814929616 -0.1261641208172538 0
0.6299046064854742 -0.1377977857394843 0
0.6320079439772379 -0.1505948171539378 0
0.6259913738825589 -0.0627364141070683 0
0.6269013410429023 -0.06816062176501937 0
0.6279023049192801 -0.07412725018876556 0
0.6290033651832957 -0.08069054145488636 0
0.6302145314737128 -0.08791016184761923 0
0.6315468143931716 -0.09585174427962539 0
0.6330123256045763 -0.1045874849548322 0
0.6346243879371215 -0.1141967996975596 0
0.6363976565029211 -0.1247670459145598 0
0.6383482519253009 -0.1363943167532601 0
0.6404939068899185 -0.1491843146758303 0
0.6341169456126502 -0.06136058642035073 0
0.6350417816669011 -0.06678227657159824 0
0.6360591013265769 -0.07274613573797049 0
0.6371781529522204 -0.07930638082097997 0
0.6384091097404282 -0.0865226504122904 0
0.6397631622074568 -0.09446054696273187 0
0.6412526199211882 -0.1031922331682175 0
0.6428910234062929 -0.1127970879942517 0
0.6446932672399079 -0.1233624283028893 0
0.6466757354568845 -0.1349843026423907 0
0.6488564504955587 -0.1477683644158422 0
0.02516518336750782 -0.03042756137703857 0
0.02295004363236655 -0.0354627330158874 0
0.02051338992371115 -0.04100142181862111 0
0.01783307084419021 -0.04709397950162819 0
0.01488471985671718 -0.05379579295293599 0
0.01164153377049684 -0.06116778774937455 0
0.008074029075654472 -0.06927698202545698 0
0.004149773911327863 -0.07819709572914765 0
-0.0001669067694314089 -0.0880092208032074 0
-0.004915255518266607 -0.09880255838467311 0
-0.01013843914198532 -0.1106752297242854 0
0.03120087497486094 -0.03295361094262658 0
0.02911725494846593 -0.03804383727339948 0
0.02682527291943141 -0.04364308623724966 0
0.02430409268749344 -0.04980226009748487 0
0.02153079443236168 -0.05657735134374359 0
0.01848016635171675 -0.06402995171462819 0
0.01512447546300731 -0.07222781212260124 0
0.01143321548542693 -0.08124545857137161 0
0.007372829510088511 -0.09116486966501902 0
0.002906404937216254 -0.1020762218680312 0
-0.002006662092943229 -0.1140787092913445 0
0.0138587656224704 -0.0247787977755538 0
0.01112970166845396 -0.0295556923094694 0
0.00812773131903588 -0.03481027629677656 0
0.004825563934675991 -0.04059031868281444 0
0.001193179811880113 -0.04694836530745611 0
-0.00280244272319535 -0.05394221659456194 0
-0.007197627511778364 -0.06163545301037836 0
-0.01203233077921968 -0.07009801306777642 0
-0.01735050437340513 -0.07940682913091429 0
-0.02320049532700912 -0.08964652680036594 0
-0.02963548537597351 -0.1009101942367628 0
0.01930821492268617 -0.02772467463812552 0
0.01684496417917082 -0.03264530905401231 0
0.01413538836130394 -0.03805800691148778 0
0.01115485496165037 -0.0440119745547108 0
0.007876268222031444 -0.05056133896225612 0
0.004269822808450625 -0.05776563981055596 0
0.0003027328535117196 -0.06569037074368581 0
-0.004061066096921074 -0.07440757477012863 0
-0.008861244942397151 -0.08399649919921573 0
-0.01414144167242083 -0.09454431607121155 0
-0.01994965807544688 -0.106146914630407 0
0.07293239421724333 0.05678075385957618 0
0.07106847676980813 0.06195529593218171 0
0.06901816757762941 0.06764729221204779 0
0.06676282746623281 0.07390848811990047 0
0.06428195334369656 0.08079580361853844 0
0.06155299180890668 0.08837185066704019 0
0.05855113412063782 0.09670550242039212 0
0.05524909066354206 0.1058725193490792 0
0.05161684286073673 0.1159562379706351 0
0.04762137027765087 0.1270483284543465 0
0.04322635043625642 0.1392496279864291 0
0.06576810078858564 0.0541873888224026 0
0.06386589878989861 0.05934807353417574 0
0.06177347659134289 0.0650248267171262 0
0.05947181217293158 0.07126925521837169 0
0.05693998131267915 0.07813812656974173 0
0.05415496736640148 0.08569388505624878 0
0.05109145202549603 0.09400521939140655 0
0.04772158515050005 0.1031476871600801 0
0.04401473158800447 0.113204401705621 0
0.03993719266925932 0.1242667877057159 0
0.03545189985863966 0.1364354123058204 0
1.000792538874573 0.004936788645697741 0
1.001664331636604 0.01036725615596526 0
1.002623303674838 0.01634077041725952 0
1.003678172916895 0.02291163610468322 0
1.004838529083157 0.03013958836084928 0
1.006114920866046 0.03809033584263195 0
1.007518951827224 0.04683615807259289 0
1.00906338588452 0.05645656252554992 0
1.010762263347545 0.06703900742380266 0
1.012631028556873 0.07867969681188067 0
1.014686670287134 0.09148445513876648 0
1.001476041831112 0.004777164484587907 0
1.003099687845335 0.01003204541763461 0
1.00488569846098 0.01581241444398597 0
1.00685031013819 0.02217082037297248 0
1.009011382983121 0.02916506689485764 0
1.011388563112545 0.0368587380689313 0
1.014003461254911 0.04532177636041234 0
1.016879849211514 0.05463111848104149 0
1.020043875963777 0.06487139481373355 0
1.023524305391267 0.07613569877969482 0
1.027352777761505 0.08852643314225221 0
1.00213045754337 0.004523400342209342 0
1.004473960841076 0.00949914071863962 0
1.007051814468553 0.01497245513271292 0
1.009887453458778 0.02099310098819356 0
1.013006656348026 0.02761581142922226 0
1.016437779526198 0.03490079291435382 0
1.020212015022187 0.04291427254799855 0
1.024363674067776 0.05172910014500776 0
1.028930499017923 0.06142541050171788 0
1.033954006463085 0.07209135189409902 0
1.039479864652763 0.08382388742571827 0
1.002742889933957 0.004180496957323977 0
1.005760068861311 0.008779043610380352 0
1.009078965681399 0.01383744492874237 0
1.012729752183496 0.01940168637894058 0
1.016745617335803 0.02552235197415861 0
1.021163069003341 0.03225508412889845 0
1.026022265837633 0.03966108949911228 0
1.031367382355354 0.04780769540634749 0
1.037247010524846 0.05676896190430622 0
1.043714601511288 0.06662635505206083 0
1.050828951596375 0.07746948751459089 0
1.003301270259175 0.003755211668586203 0
1.006932667544268 0.007885944504031028 0
1.01092720455787 0.01242975062302033 0
1.015321195272832 0.01742793735390857 0
1.02015458505929 0.02292594275788563 0
1.025471313824394 0.0289737487022604 0
1.031319715466009 0.03562633524107264 0
1.037752957271785 0.04294418043376611 0
1.044829523258138 0.05099381014572894 0
1.052613745843127 0.05984840282888803 0
1.061176390686615 0.06958845478036305 0
1.003794594938651 0.00325592525276115 0
1.007968649371166 0.006837443030798415 0
1.012560109246933 0.01077711258663941 0
1.017610715110277 0.0151107490980645 0
1.023166381559955 0.0198777492606321 0
1.029277614654601 0.02512144943945646 0
1.035999971058712 0.03088951963616325 0
1.043394563103234 0.03723439685254074 0
1.051528614352208 0.04421376179055597 0
1.060476070726079 0.05189106322237271 0
1.070318272737337 0.06033609479737113 0
1.004213142394608 0.002692476771071254 0
1.008847599028676 0.005654201219249633 0
1.013945501326152 0.008912098112245852 0
1.019553193853375 0.01249578469454169 0
1.02572165563332 0.01643783993506711 0
1.03250696359126 0.02077410069964508 0
1.039970802344994 0.02554398754068084 0
1.048181024974101 0.03079086306582018 0
1.057212269866119 0.03656242614347346 0
1.067146639247339 0.04291114552889206 0
1.07807444556668 0.04989473685285252 0
1.004548664627676 0.002075969678229725 0
1.009552195718119 0.004359536324282422 0
1.015056079917608 0.006871459634940389 0
1.021110352537044 0.009634575276664153 0
1.027770052418425 0.01267400248256029 0
1.035095722287943 0.01601737240904605 0
1.043153959144413 0.01969507932818038 0
1.052018019686531 0.02374055693922814 0
1.06176848628286 0.02819058231138068 0
1.072493999538822 0.03308561022074848 0
1.08429206412038 0.03847014092105305 0
1.004794549753998 0.001418553015024122 0
1.010068554483397 0.002978961331550656 0
1.015869959685735 0.004695410479729844 0
1.022251505408307 0.006583504542726951 0
1.029271205703135 0.008660408012023767 0
1.036992876027447 0.01094500182825027 0
1.045486713384191 0.01345805502609941 0
1.054829934476608 0.01622241354373348 0
1.065107477678267 0.01926320791313095 0
1.076412775200092 0.02260808171946817 0
1.0888486024741 0.02628744290643911 0
1.004945952300646 0.0007331819963229316 0
1.010386499831357 0.001539682192278156 0
1.016371102115139 0.002426832407828904 0
1.022954164627299 0.003402697644934726 0
1.030195533390675 0.004476149405751129 0
1.038161039030389 0.005656946342649174 0
1.046923095234074 0.006955822973237023 0
1.056561357058128 0.008384587266883658 0
1.067163445064587 0.009956227989894956 0
1.078825741871692 0.01168503278520738 0
1.091654268359508 0.01358671806005105 0
1.004999888691703 3.336271241691201e-05 0
1.010499766252577 7.006169607551523e-05 0
1.016549631569537 0.0001104305780999788 0
1.023204483418194 0.0001548363483268886 0
1.030524820451716 0.0002036826955764895 0
1.038577191188591 0.0002574136775510505 0
1.047434798999153 0.0003165177577230676 0
1.057178167590772 0.0003815322459122864 0
1.067895873041552 0.0004530481829204271 0
1.07968534903741 0.0005317157136293818 0
1.092653772632854 0.000618249997409232 0
1.004955296043347 -0.0006671140253264485 0
1.010406121691029 -0.001400939453185542 0
1.016402029903479 -0.002208147423830545 0
1.022997528937174 -0.003096076191540048 0
1.030252577874239 -0.004072797836020501 0
1.03823313170501 -0.005147191644948999 0
1.047011740918859 -0.006329024834770348 0
1.056668211054092 -0.007629041343573832 0
1.067290328202848 -0.009059059503257666 0
1.07897465706648 -0.01063207947890988 0
1.091827418816475 -0.01236240145212732 0
1.004813053109303 -0.001354444449592232 0
1.010107411529536 -0.002844333344143686 0
1.015931205791792 -0.004483211128150286 0
1.022337379480274 -0.006285976690557547 0
1.029384170537604 -0.008269018809205534 0
1.037135640700667 -0.01045036513971832 0
1.045662257880037 -0.01284984610328238 0
1.055041536777343 -0.01548927516320285 0
1.06535874356438 -0.01839264712911537 0
1.076707671030121 -0.02158635629161914 0
1.089191491242436 -0.02509943637037329 0
1.004575962963902 -0.002015083857560478 0
1.009609522224193 -0.004231676100877005 0
1.015146437410514 -0.006669927568525184 0
1.021237044115467 -0.009352004182938181 0
1.027936711490916 -0.01230228845879248 0
1.035306345603909 -0.0155476011622322 0
1.043412943128201 -0.0191174451360159 0
1.052330200404923 -0.02304427350717797 0
1.062139183409317 -0.02736378471545625 0
1.07292906471415 -0.03211524704456235 0
1.084797934149467 -0.03734185560657907 0
1.00424869776401 -0.002636013526159759 0
1.008922265304421 -0.005535628404935494 0
1.014063189598873 -0.008725204771588804 0
1.01971820632277 -0.01223373877490744 0
1.025938724719057 -0.01609312617855795 0
1.032781294954972 -0.0203384523225735 0
1.04030812221448 -0.02500831108099061 0
1.048587632199937 -0.03014515571524943 0
1.057695093183941 -0.03579568481293414 0
1.067713300266345 -0.04201126682038731 0
1.07873332805699 -0.0488484070285858 0
1.003837706678353 -0.00320499726223413 0
1.00805918402454 -0.006730494250691673 0
1.012702809105347 -0.01060854093799497 0
1.017810796694234 -0.0148743922940286 0
1.02342958304201 -0.01956682878566559 0
1.029610248024564 -0.02472850892646628 0
1.036408979505373 -0.03040635708134704 0
1.043887584134263 -0.03665199005171588 0
1.052114049226041 -0.04352218631912159 0
1.061163160826998 -0.05107940221326789 0
1.07111718358805 -0.05939233969682881 0
1.003351088798604 -0.003710822531982618 0
1.007037286477069 -0.007792727317163498 0
1.01109210392338 -0.01228282258086247 0
1.015552403114322 -0.01722192737093133 0
1.020458732224358 -0.02265494264000708 0
1.025855694245398 -0.02863125943599041 0
1.031792352468542 -0.03520520791157207 0
1.038322676514 -0.0424365512347119 0
1.045506032964004 -0.05039102889016571 0
1.053407725059009 -0.0591409543111649 0
1.062099586363514 -0.06876587227426401 0
1.002798433536692 -0.004143521417915045 0
1.005876710427052 -0.008701394977621594 0
1.009262815006449 -0.0137150558932988 0
1.012987530043785 -0.01923008290054373 0
1.017084716584855 -0.02529661260851314 0
1.021591621780032 -0.0319697952872795 0
1.026549217494726 -0.0393102962339225 0
1.03200257278089 -0.0473848472752298 0
1.038001263595671 -0.05626685342066783 0
1.044599823491929 -0.06603706018064966 0
1.051858239377814 -0.07678428761662967 0
1.002190631653477 -0.004494567049091946 0
1.004600326472302 -0.009438590803093089 0
1.00725099077301 -0.01487701693249435 0
1.010166721503788 -0.02085928567483573 0
1.013374025307645 -0.02743978129141125 0
1.016902059491887 -0.03467832646964432 0
1.020782897094552 -0.04264072616570069 0
1.025051818457485 -0.05139936583136272 0
1.029747631956711 -0.06103386946359094 0
1.034913026805859 -0.07163182345904198 0
1.040594961139923 -0.08328957285403814 0
1.001539660642742 -0.004757041633745824 0
1.003233287349758 -0.00998978743086623 0
1.005096276727476 -0.01574580780769868 0
1.007145565042966 -0.02207743022221437 0
1.009399782190004 -0.02904221487818163 0
1.011879421051747 -0.03670347799974562 0
1.014607023799664 -0.045130867433466 0
1.017607386822372 -0.05440099581055843 0
1.020907786147351 -0.06459813702536012 0
1.024538225404829 -0.07581499236164195 0
1.028531708588054 -0.08815353323155198 0
1.000858348699737 -0.004925772782991483 0
1.001802532269448 -0.01034412284428212 0
1.00284113419613 -0.01630430791170181 0
1.00398359631548 -0.02286051148586348 0
1.005240304646765 -0.03007233541744131 0
1.006622683811178 -0.03800534174217692 0
1.008143300892033 -0.0467316486993861 0
1.009815979680974 -0.0563305863523162 0
1.011655926348808 -0.06688941777053931 0
1.013679867683426 -0.07850413233058473 0
1.015906203151506 -0.09128031834663469 0
1.000160121925607 -0.004997435439196791 0
1.000336256043774 -0.01049461442231326 0
1.000530003573758 -0.01654151130374138 0
1.000743125856741 -0.02319309787331231 0
1.000977560368021 -0.03050984309984033 0
1.00123543833043 -0.03855826284902115 0
1.00151910408908 -0.04741152457312005 0
1.001831136423594 -0.05715011246962886 0
1.00217437199156 -0.06786255915578854 0
1.002551931116323 -0.07964625051056419 0
1.002967246153562 -0.0926083110008174 0
0.2048391635442786 0.08887567021483096 0
0.2039368795092452 0.09430120864455062 0
0.2029443670707085 0.1002693009172422 0
0.2018526033883181 0.106834202417203 0
0.2006516633376887 0.1140555940671599 0
0.1993306292819963 0.1219991248821125 0
0.1978774918207347 0.1307370087785603 0
0.1962790406133469 0.1403486810646529 0
0.1945207442852203 0.1509215205793547 0
0.1925866183242811 0.1625516440455267 0
0.190459079767248 0.175344779858316 0
0.1960174528436712 0.087368541360236 0
0.1950716765223394 0.092786650327674 0
0.1940313225688746 0.09874657019185579 0
0.1928869332200632 0.1053024820424558 0
0.1916281049363707 0.1125139850781157 0
0.190243393824309 0.1204466384173417 0
0.188720211601041 0.1291725570904902 0
0.1870447111554463 0.1387710676309536 0
0.1852016606652921 0.1493294292254634 0
0.1831743051261225 0.1609436269794242 0
0.180944214033036 0.173719244508781 0
0.8111548341220524 0.0440327589888385 0
0.8124086525806217 0.04938793806557577 0
0.8137878528850478 0.05527863504998678 0
0.8153049732199167 0.06175840173283888 0
0.8169738055882725 0.0688861450839762 0
0.8188095211934637 0.07672666277022723 0
0.8208288083591742 0.08535123222510338 0
0.8230500242414557 0.09483825862546713 0
0.8254933617119653 0.1052739876658673 0
0.8281810329295259 0.1167532896103074 0
0.8311374712688425 0.1293805217491916 0
0.01016278301698289 0.02669395902888042 0
0.006897700370638878 0.03112198481685377 0
0.003306109459660467 0.03599281318362447 0
-0.0006446405424157843 0.04135072438707223 0
-0.00499046554469966 0.04724442671086478 0
-0.009770873047211921 0.05372749926703657 0
-0.01502932129997541 0.06085887907882554 0
-0.02081361437801525 0.06870339687179342 0
-0.02717633676385908 0.07733236644405808 0
-0.03417533138828729 0.08682423297354921 0
-0.04187422547515832 0.09726528615598945 0
0.005502389712513725 0.02307709796516373 0
0.001949595235007424 0.02728191155669385 0
-0.001958478690249506 0.03190720650737698 0
-0.006257360008032131 0.03699503095312844 0
-0.01098612945759302 0.04259163784345502 0
-0.01618777585210999 0.04874790542281426 0
-0.02190958688607866 0.05551979976010944 0
-0.02820357902344421 0.06296888353113414 0
-0.0351269703745463 0.0711628756792613 0
-0.04274270086075861 0.08017626704220118 0
-0.05112000439559214 0.09009099754143507 0
0.817178372506394 0.04262025371372314 0
0.8184349322084857 0.04797478997127948 0
0.8198171478807866 0.05386477985459145 0
0.8213375851203176 0.06034376872623463 0
0.8230100660838017 0.06747065648504212 0
0.8248497951436341 0.07531023301973036 0
0.8268734971094498 0.08393376720788742 0
0.8290995692718471 0.0934196548148602 0
0.8315482486504842 0.1038541311825303 0
0.8342417959669849 0.1153320551869673 0
0.8372046980151356 0.1279577715918481 0
0.3710037425970649 0.1050909553760593 0
0.3708177429157195 0.1105878496717632 0
0.3706131432662396 0.1166344333970375 0
0.3703880836518116 0.1232856754948392 0
0.3701405180759409 0.1306020418024212 0
0.3698681959424832 0.1386500447407613 0
0.3695686415956796 0.1475028479729354 0
0.3692391318141957 0.1572409315283269 0
0.3688766710545633 0.1679528234392577 0
0.3684779642189678 0.1797359045412814 0
0.3680393866998127 0.1926972937535075 0
0.3615660737081779 0.1047352781779405 0
0.3613398523446616 0.1102306573718668 0
0.3610910088447937 0.1162755744851859 0
0.360817280994939 0.1229249833098368 0
0.3605161803600989 0.1302393330169528 0
0.3601849696617747 0.1382851176947804 0
0.3598206378936181 0.1471354808403907 0
0.3594198729486458 0.1568708803005622 0
0.3589790315091763 0.1675798197067507 0
0.3584941059257598 0.1793596530535581 0
0.3579606877840018 0.1923174697350463 0
0.9444035591179434 0.01423895404106427 0
0.9454465397095317 0.019639171265356 0
0.9465938183602789 0.02557941021207691 0
0.9478558248761008 0.03211367305346991 0
0.9492440320435048 0.03930136217900221 0
0.9507710599276493 0.04720782021708773 0
0.9524507906002082 0.05590492405898182 0
0.9542984943400231 0.06547173828506531 0
0.9563309684538194 0.07599523393375716 0
0.9585666899789953 0.0875710791473182 0
0.9610259836566888 0.1003045088822353 0
-0.00330397921076732 -0.00472932339865881 0
-0.008290360146496017 -0.00705016357927304 0
-0.01377537917579758 -0.009603087777948695 0
-0.01980890010802931 -0.01241130439649191 0
-0.0264457731334842 -0.01550034267688945 0
-0.03374633346148458 -0.01889828478532675 0
-0.041776949822285 -0.02263602110460777 0
-0.05061062781916548 -0.0267475310558169 0
-0.060327673615734 -0.03127019200214694 0
-0.07101642399195937 -0.03624511904310999 0
-0.08277404940580727 -0.04171753878816933 0
-0.002012414259903065 -0.007527161604700487 0
-0.007002959056757694 -0.009838982621517615 0
-0.01249255833329779 -0.01238198574001646 0
-0.01853111753749189 -0.01517928917036518 0
-0.0251735326621054 -0.01825632294374878 0
-0.03248018929918026 -0.02164106009447073 0
-0.04051751159996261 -0.02536427096026489 0
-0.04935856613082319 -0.02945980291263847 0
-0.05908372611476984 -0.03396488806024939 0
-0.06978140209711116 -0.03892048172262141 0
-0.0815488456776866 -0.04437163475123063 0
0.4318163410862018 -0.08376020605175258 0
0.4319775194166567 -0.08925788876586847 0
0.432154815580157 -0.09530533975139595 0
0.4323498413600073 -0.1019575358354762 0
0.4325643697178427 -0.1092749515279644 0
0.4328003509114616 -0.1173241087897015 0
0.4330599302244425 -0.1261781817776123 0
0.4333454674687214 -0.1359176620643142 0
0.4336595584374281 -0.1466310903796862 0
0.4340050585030056 -0.1584158615265955 0
0.4343851085751408 -0.1713791097881957 0
0.4411015427155053 -0.08345025412352726 0
0.441308484244206 -0.08894641014895177 0
0.4415361199257768 -0.09499218177691875 0
0.4417865191755047 -0.1016425305676824 0
0.4420619583502054 -0.1089579142375225 0
0.4423649414423761 -0.1170048362743465 0
0.4426982228437639 -0.1258564505148529 0
0.4430648323852905 -0.1355932261794101 0
0.4434681028809698 -0.1463036794104228 0
0.443911700426217 -0.1580851779645369 0
0.4443996577259888 -0.1710448263740624 0
0.4503648565692806 -0.08306150321088562 0
0.4506191052269374 -0.0885556749214 0
0.4508987787503598 -0.09459926380296582 0
0.4512064196261245 -0.1012472115726882 0
0.4515448245894657 -0.1085599541193829 0
0.4519170700491409 -0.116603970920747 0
0.4523265400547837 -0.1254523894022475 0
0.4527769570609907 -0.1351856497318981 0
0.4532724157678186 -0.1458922360945137 0
0.4538174203453291 -0.1576694810933909 0
0.4544169253805907 -0.1706244505921558 0
0.03738334147153568 -0.03542737759028902 0
0.03537813063829859 -0.04054898092769532 0
0.03317239872173779 -0.04618274459884226 0
0.03074609361352092 -0.05237988463710389 0
0.02807715799448235 -0.05919673867919167 0
0.02514132881353993 -0.06669527812548826 0
0.02191191671450327 -0.07494367151641448 0
0.01835956340556293 -0.08401690424643332 0
0.01445197476572857 -0.09399746024945407 0
0.01015362726191077 -0.1049760718527769 0
0.005425445007711187 -0.117052544616432 0
0.04375440610276981 -0.03786673029242265 0
0.04183738944927289 -0.04302210574966529 0
0.03972867113042627 -0.0486930187526322 0
0.03740908097969499 -0.0549310230558958 0
0.03485753181389058 -0.06179282778948576 0
0.03205082773150573 -0.06934081299643471 0
0.0289634532408824 -0.07764359672407856 0
0.02556734130119673 -0.0867766588244868 0
0.0218316181675425 -0.09682302713493587 0
0.01772232272052284 -0.1078740322764298 0
0.01320209772880122 -0.1200301379320732 0
0.8726569237789981 0.02971900939323265 0
0.8738884725023346 0.03507935406828017 0
0.8752431760980047 0.04097573321083245 0
0.8767333500532419 0.04746175026763995 0
0.8783725414040028 0.0545963690301282 0
0.8801756518898397 0.06244444966886528 0
0.8821590734242604 0.07107733837147608 0
0.8843408371121231 0.08057351594434795 0
0.8867407771687721 0.09101931127450702 0
0.8893807112310861 0.102509686137682 0
0.8922846386996314 0.1151490984871744 0
0.9061420641138054 -0.01210691401332092 0
0.9069289190590203 -0.01755033761431156 0
0.9077944594987566 -0.02353810357540127 0
0.9087465539824665 -0.03012464613259995 0
0.9097938579145475 -0.0373698429455185 0
0.9109458922398365 -0.0453395594397289 0
0.9122131299976545 -0.05410624758336034 0
0.9136070915312542 -0.06374960454135493 0
0.9151404492182139 -0.07435729719514898 0
0.9168271426738696 -0.08602575911432245 0
0.9186825054750908 -0.09886106722541324 0
0.9106588450122416 -0.01145493139582412 0
0.9114402062159825 -0.01689914801985091 0
0.9122997035400977 -0.02288778630628038 0
0.9132451505966243 -0.0294752884213528 0
0.9142851423588035 -0.03672154074793246 0
0.9154291332972008 -0.04469241830717009 0
0.9166875233294377 -0.05346038362233147 0
0.9180717523648984 -0.063105145469009 0
0.9195944043039049 -0.07371438350035428 0
0.9212693214368123 -0.0853845453348341 0
0.9231117302830104 -0.09822172335276189 0
0.9150918329325535 -0.01082239794801623 0
0.915861191218622 -0.01626832731448248 0
0.9167074853332974 -0.02225884961759536 0
0.9176384088594403 -0.02884842415101952 0
0.9186624247381974 -0.03609695613778611 0
0.9197888422048304 -0.04407034132322935 0
0.9210279014181265 -0.05284106502721691 0
0.9223908665527524 -0.06248886110160323 0
0.9238901282008407 -0.0731014367834282 0
0.925539316013738 -0.08477527003343566 0
0.927353422607925 -0.09761648660844385 0
0.9765101483573928 0.008727235589599116 0
0.9773574806723813 0.0141615747176487 0
0.9782895462188685 0.02013934775850323 0
0.9793148183200044 0.02671489810344322 0
0.9804426176312541 0.03394800348287721 0
0.9816831968736286 0.04190441940025461 0
0.9830478340402405 0.05065647690936973 0
0.9845489349235137 0.06028374016939638 0
0.9862001458951143 0.07087372975542569 0
0.9880164779638748 0.08252271830005793 0
0.9900144432395114 0.09533660569915339 0
0.5733951338142678 0.09277999519311593 0
0.5742191501639782 0.0982179430231513 0
0.5751255681486597 0.1041996856361902 0
0.5761226279318092 0.110779602510533 0
0.5772193936932738 0.1180175110723101 0
0.5784258360308848 0.1259792104902648 0
0.579752922602257 0.1347370798500151 0
0.5812127178307662 0.1443707361457404 0
0.5828184925821266 0.1549677580710382 0
0.5845848448086228 0.1666244821888658 0
0.5865278322577687 0.1794468787184761 0
0.5646769568966996 0.09407383415260499 0
0.5654654066680718 0.09951706090584796 0
0.5663327014165812 0.1055046103344152 0
0.5672867256399415 0.1120909147058392 0
0.5683361522856378 0.1193358495144056 0
0.5694905215959039 0.1273052778038286 0
0.5707603278371964 0.1360716489221939 0
0.5721571147026183 0.1457146571523958 0
0.5736935802545824 0.1563219662056179 0
0.5753836923617428 0.1679900061641621 0
0.5772428156796193 0.1808248501185608 0
0.4650597784057996 0.1042396853887413 0
0.4653611621229485 0.1097314799449067 0
0.4656926842118122 0.1157724539566887 0
0.4660573585095624 0.1224175253696488 0
0.4664585002370875 0.129727103923905 0
0.4668997561373652 0.1377676403335868 0
0.4673851376276706 0.1466122303842368 0
0.4679190572670066 0.1563412794399517 0
0.4685063688702761 0.1670432334012382 0
0.4691524116338727 0.1788153827586533 0
0.4698630586738288 0.1917647470518099 0
0.4557390798701039 0.1047080057443012 0
0.4559893097877584 0.110202371715633 0
0.4562645626971784 0.116246174284098 0
0.4565673408975403 0.1228943571094096 0
0.4569003969179384 0.1302073582172522 0
0.4572667585403764 0.1382516594358792 0
0.4576697563250581 0.1471003907763689 0
0.4581130538882079 0.1568339952509075 0
0.4586006812076728 0.1675409601728999 0
0.4591370712590842 0.1793186215870917 0
0.4597271003156367 0.1922740491427026 0
0.4463878136252033 0.1050895005587792 0
0.4465852842859245 0.1105860201560357 0
0.4468025020127179 0.1166321917130179 0
0.4470414415121906 0.1232829804256983 0
0.4473042749616105 0.1305988480096468 0
0.4475933917559725 0.1386463023519901 0
0.4479114202297707 0.1474985021285677 0
0.4482612515509486 0.1572359218828032 0
0.4486460660042444 0.1679470836124621 0
0.4490693619028697 0.1797293615150869 0
0.4495349873913576 0.1926898672079743 0
0.4370108585873664 0.1053802817958053 0
0.437155457136453 0.1108784422276473 0
0.4373145155404481 0.1169264187026734 0
0.4374894797848428 0.1235791928252022 0
0.437681940453677 0.1308972443599838 0
0.4378936471893946 0.1389471010482436 0
0.4381265245986838 0.1478019434053294 0
0.4383826897489021 0.1575422699981238 0
0.4386644714141422 0.1682566292501976 0
0.4389744312459063 0.1800424244274788 0
0.4393153870608468 0.1930067991224881 0
0.3478414526988833 -0.08346603997057163 0
0.3476606812638388 -0.08896309299975265 0
0.3474618326852897 -0.09500985133185176 0
0.3472430992488857 -0.1016612854971608 0
0.3470024924688414 -0.1089778630790007 0
0.3467378250107926 -0.1170260984190246 0
0.3464466908069389 -0.1258791572930509 0
0.3461264431826999 -0.1356175220544799 0
0.3457741707960369 -0.1463297232920517 0
0.3453866711707076 -0.1581131446533808 0
0.3449604215828455 -0.1710749081508427 0
0.3571675242830369 -0.08374468471395757 0
0.3570181114194214 -0.08924267512072689 0
0.3568537572694441 -0.09529046456817315 0
0.3566729677044692 -0.101943032960364 0
0.3564740991829968 -0.109260858191774 0
0.3562553438093772 -0.117310465946325 0
0.3560147128983955 -0.126165034476331 0
0.3557500188963157 -0.1359050598593377 0
0.355458855494028 -0.146619087780645 0
0.3551385757515115 -0.1584045184940831 0
0.3547862680347433 -0.171368492278865 0
0.3665008891520917 -0.08397285970509086 0
0.3663829870847308 -0.08947162091329548 0
0.3662532948106339 -0.09552025824232056 0
0.3661106333091272 -0.1021737593042482 0
0.36595370565747 -0.1094926104723685 0
0.365781085240647 -0.1175433467573009 0
0.3655912027821416 -0.1263991566707265 0
0.3653823320777857 -0.1361405475754947 0
0.3651525743029942 -0.1468560775707398 0
0.3648998407507236 -0.1586431605655093 0
0.364621833843226 -0.1716089518597557 0
0.08609055687871849 -0.05077255741463522 0
0.08470340181952501 -0.05609522154507837 0
0.08317753125441221 -0.06195015208856584 0
0.08149907363278812 -0.06839057568640206 0
0.07965277024900162 -0.07547504164402188 0
0.07762183652683648 -0.08326795419740371 0
0.07538780943245481 -0.0918401580061237 0
0.07293037962863498 -0.1012695821957157 0
0.07022720684443318 -0.1116419488042669 0
0.06725371678181118 -0.1230515520736732 0
0.06398287771292699 -0.1356021156700202 0
0.09385553473264839 -0.0526899424177195 0
0.09259700350954615 -0.05804437536803127 0
0.09121261916413369 -0.06393425161337421 0
0.08968979638417997 -0.07041311548325145 0
0.08801469132623088 -0.07753986574011641 0
0.08617207576248688 -0.08537929102266788 0
0.08414519864236848 -0.09400265883347449 0
0.08191563381023825 -0.1034883634253618 0
0.07946311249489499 -0.1139226384764378 0
0.07676533904801741 -0.1254003410326214 0
0.07379778825645206 -0.1380258138444233 0
0.1017492449073993 -0.05445109437325675 0
0.100576312883198 -0.05982462934955105 0
0.09928608765657654 -0.06573551782347477 0
0.09786683990729293 -0.07223749514479087 0
0.09630566738308098 -0.07938967019823857 0
0.09458837760644782 -0.08725706275703105 0
0.09269935885215136 -0.09591119457170277 0
0.09062143822242524 -0.1054307395678417 0
0.0883357255297265 -0.1159022390635945 0
0.08582144156775791 -0.1274208885089226 0
0.08305572920959245 -0.1400914028987834 0
0.5558914441599127 0.09531488055544284 0
0.5566400748493044 0.1007637329114605 0
0.5574635686076352 0.1067574705030799 0
0.5583694117417992 0.1133505818538613 0
0.5593658391893797 0.1206030043397208 0
0.560461909381718 0.1285806690741663 0
0.5616675865932902 0.1373561002820563 0
0.5629938315260197 0.1470090746107353 0
0.5644527009520222 0.1576273463722823 0
0.5660574573206247 0.1693074453099839 0
0.5678226893260877 0.1821555541414556 0
0.5470463312691338 0.09649561221102555 0
0.5477574925944504 0.1019494669990762 0
0.5485397700522985 0.1079487072659319 0
0.5494002752559315 0.1145478715594732 0
0.5503468309799278 0.1218069522823686 0
0.5513880422763237 0.1297919410775535 0
0.5525333747023591 0.1385754287522569 0
0.5537932403709981 0.1482372651944307 0
0.555179092606501 0.1588652852808219 0
0.5567035300655543 0.1705561073758521 0
0.5583804112705129 0.1834160116803854 0
0.4038707685344478 -0.08425986947684697 0
0.4039100131728301 -0.08975976307715355 0
0.4039531822750506 -0.09580964603749083 0
0.4040006682874931 -0.1024645172938618 0
0.4040529029011799 -0.1097848756758699 0
0.4041103609762354 -0.1178372698960788 0
0.4041735648587964 -0.1266949035383086 0
0.4042430891296135 -0.1364383005447614 0
0.4043195658275123 -0.1471560372518594 0
0.4044036901952011 -0.1589455476296672 0
0.4044962269996586 -0.1719140090452559 0
0.413197964312513 -0.08416054125029246 0
0.4132758618584417 -0.08966002389702821 0
0.4133615491589632 -0.09570945480843754 0
0.413455805189537 -0.1023638288109878 0
0.413559486823168 -0.1096836402137931 0
0.4136735366201622 -0.1177354327568789 0
0.4137989913968558 -0.1265924045542733 0
0.4139369916512188 -0.1363350735314071 0
0.4140887919310181 -0.1470520094062543 0
0.4142557722387973 -0.1588406388685862 0
0.4144394505773544 -0.1718081312771514 0
0.4225139499737366 -0.08399550761586312 0
0.4226320956420802 -0.08949427799415773 0
0.4227620558772581 -0.0955429254102818 0
0.4229050121359539 -0.1021964375680183 0
0.4230622640205192 -0.1095153009415284 0
0.4232352410935411 -0.1175660506523895 0
0.4234255158738651 -0.1264218753343368 0
0.4236348181322216 -0.1361632824844788 0
0.4238650506164137 -0.1468788303496349 0
0.424118306349025 -0.1586659330013067 0
0.4243968876548974 -0.1716317459181457 0
0.2407063319541814 0.09423703532151834 0
0.2399741076138083 0.09968810836638085 0
0.2391686608393979 0.1056842887157296 0
0.2382826693875465 0.1122800871000132 0
0.2373080787905099 0.1195354653227253 0
0.2362360291337697 0.1275163813677085 0
0.2350567745113554 0.13629538901719 0
0.2337595944266997 0.1459522974316196 0
0.2323326963335785 0.1565748966874923 0
0.2307631084311451 0.1682597558689522 0
0.2290365617384684 0.1811131009685581 0
0.2316626265290493 0.09299074567939429 0
0.2308919768393378 0.09843652411155378 0
0.2300442621806552 0.1044268803869292 0
0.2291117760561043 0.1110162722898422 0
0.2280860413190983 0.1182646033830465 0
0.2269577331083917 0.1262377675855712 0
0.2257165940766145 0.1350082482083484 0
0.2243513411416595 0.1446557768934033 0
0.222849562913209 0.1552680584469637 0
0.2211976068619135 0.1669415681558802 0
0.2193804552054884 0.1797824288356883 0
0.5409535955369826 -0.07526810293066441 0
0.5416215775355396 -0.08072740625572022 0
0.5423563577339523 -0.08673263991328165 0
0.5431646159522062 -0.09333839693659918 0
0.5440536999922855 -0.1006047296622485 0
0.5450316924363727 -0.1085976956604627 0
0.5461074841248688 -0.1173899582584984 0
0.5472908549822143 -0.1270614471163376 0
0.5485925629252945 -0.1377000848599607 0
0.5500244416626826 -0.1494025863779462 0
0.5515995082738095 -0.1622753380477302 0
0.5497405951089992 -0.07417032404375527 0
0.5504376084649466 -0.07962600080855659 0
0.5512043231564887 -0.08562724524983803 0
0.5520477093171852 -0.09222861413524763 0
0.5529754340939512 -0.09949011990919818 0
0.5539959313483939 -0.1074777762605438 0
0.5551184783282808 -0.1162641982470239 0
0.5563532800061564 -0.1259292624321521 0
0.5577115618518195 -0.1365608330357931 0
0.5592056718820489 -0.1482555606997982 0
0.5608491929153014 -0.1611197611302039 0
0.5584743997244523 -0.07302954400341467 0
0.5592045018002663 -0.07848089934094353 0
0.5600076140836615 -0.08447739021222528 0
0.5608910375953964 -0.09107353017063521 0
0.5618628034583046 -0.09832928412488612 0
0.5629317459075037 -0.1063106134745621 0
0.5641075826016227 -0.1150900757592057 0
0.5654010029651537 -0.1247474842723137 0
0.5668237653650378 -0.1353706336367325 0
0.5683888040049102 -0.1470560979375931 0
0.5701103465087699 -0.1599101086685398 0
0.06415263150538174 -0.04462907436629059 0
0.06259177287381491 -0.04990313625698276 0
0.06087482837909141 -0.05570460433674414 0
0.05898618943489554 -0.06208621922448167 0
0.0569086865962801 -0.06910599560099295 0
0.05462343347380311 -0.07682774961515534 0
0.05210965503907843 -0.08532167903073398 0
0.04934449876088127 -0.09466500138787051 0
0.04630282685486439 -0.1049426559807207 0
0.04295698775824583 -0.1162480760328558 0
0.03927656475196541 -0.1286840380902045 0
0.07129882448002475 -0.04668050080370392 0
0.06980063667170354 -0.05197255559639301 0
0.06815263008255021 -0.05779381586835101 0
0.06633982283448156 -0.06419720216750481 0
0.06434573486160602 -0.07124092709657398 0
0.06215223809144295 -0.07898902451855008 0
0.05973939164426357 -0.0875119316827238 0
0.05708526055236624 -0.09688712956331488 0
0.05416571635127918 -0.1071998472319651 0
0.05095421773008342 -0.1185438366674803 0
0.04742156924676808 -0.131022225046547 0
0.07858547495350722 -0.04871424942926688 0
0.07711877937307267 -0.05401509442338425 0
0.07550541423459467 -0.05984602391691336 0
0.07373071258226886 -0.06626004635979538 0
0.07177854076471048 -0.07331547104696559 0
0.06963115176539625 -0.08107643820285285 0
0.06726902386615061 -0.0896135020743288 0
0.0646706831769804 -0.09900427233295238 0
0.06181250841889317 -0.1093341196174383 0
0.05866851618499721 -0.1206969516303728 0
0.05521012472771165 -0.1331960668446008 0
0.1097083333899335 -0.05614966474135777 0
0.1085733577175296 -0.06153130084472015 0
0.1073248844778852 -0.06745110055841877 0
0.1059515639142764 -0.07396288024348725 0
0.1044409112943068 -0.08112583789706258 0
0.1027791934123402 -0.08900509131599545 0
0.1009513037421769 -0.0976722700768216 0
0.09894062510499725 -0.1072061667137304 0
0.09672887860409968 -0.11769345301433 0
0.09429595745311234 -0.1292294679449896 0
0.09161974418702627 -0.1419190843687152 0
0.1177399150111776 -0.0578231304021871 0
0.1166311555710255 -0.06321022926740361 0
0.1154115201868582 -0.06913603801914177 0
0.1140699212642742 -0.07565442764605375 0
0.1125941624494318 -0.08282465623565692 0
0.1109708277531051 -0.09071190768422041 0
0.1091851595871457 -0.09938788427764025 0
0.1072209246045905 -0.1089314585304021 0
0.1050602661237796 -0.1194293902084401 0
0.1026835417948878 -0.1309771150542819 0
0.1000691450331067 -0.1436796123847079 0
0.1258479473775064 -0.0594711014325567 0
0.1247673656470898 -0.06486392784602756 0
0.1235787257436316 -0.07079603690084549 0
0.1222712218498275 -0.07732135686114522 0
0.120832967566643 -0.08449920881747494 0
0.1192508878551401 -0.09239484596943762 0
0.1175106001724869 -0.1010800468365965 0
0.1155962837215683 -0.1106337677904714 0
0.1134905356255579 -0.1211428608397337 0
0.1111742127199465 -0.1327028631939223 0
0.1086262575237739 -0.1454188657835297 0
0.001064318684696494 0.01899731285750811 0
-0.003411508235399117 0.02235471213495457 0
-0.00833491784750429 0.02604785134014569 0
-0.01375066842081998 0.03011030446585591 0
-0.01970799405146724 0.03457900290413717 0
-0.02626105224517922 0.03949457118624654 0
-0.03346941625826241 0.04490169629656685 0
-0.0413986166726539 0.05084953391791919 0
-0.05012073712848457 0.05739215530140677 0
-0.05971506962989828 0.0645890388232431 0
-0.07026883538145337 0.07250561069726308 0
-0.001255099001388414 0.01429474931671615 0
-0.00640143181276426 0.01629466193254933 0
-0.01206239790527769 0.01849456580996583 0
-0.01828946060704246 0.02091446007512398 0
-0.02513922957898371 0.02357634376679794 0
-0.03267397544811908 0.02650441582763931 0
-0.04096219590416799 0.02972529509456481 0
-0.0500792384058218 0.03326826228818285 0
-0.06010798515764099 0.03716552620116271 0
-0.07113960658464209 0.04145251650544055 0
-0.08327439015434331 0.04616820584014617 0
0.2109321443819142 -0.07297639994731177 0
0.2102617548475633 -0.07843542317277052 0
0.2095243263597773 -0.08444034872077516 0
0.2087131550232126 -0.09104576682358026 0
0.2078208665529915 -0.09831172673666587 0
0.2068393492357483 -0.10630428264106 0
0.2057596801867808 -0.1150960941358936 0
0.2045720442329165 -0.1247670867802106 0
0.2032656446836657 -0.1354051786889592 0
0.2018286051794899 -0.1471070797885827 0
0.2002478617248966 -0.1599791709981686 0
0.2197830365975198 -0.07403233286133423 0
0.2191492623614289 -0.07949572499803353 0
0.2184521107017288 -0.08550545634840277 0
0.2176852438760588 -0.09211616083380893 0
0.2168416903678217 -0.0993879357677557 0
0.215913781508761 -0.1073868881950971 0
0.2148930817637942 -0.1161857358651728 0
0.2137703120443306 -0.1258644683022559 0
0.2125352653529207 -0.1365110739830474 0
0.2111767139923699 -0.148222340231918 0
0.209682307495764 -0.1611047331056757 0
0.2286850007757532 -0.0750353601658857 0
0.2280860399389773 -0.08050267545341977 0
0.2274271830185237 -0.08651672226970725 0
0.2267024404060248 -0.09313217376762346 0
0.225905223532276 -0.1004091704153313 0
0.2250282849711523 -0.1084138667278099 0
0.2240636525539162 -0.1172190326715364 0
0.2230025568949566 -0.1269047152096355 0
0.221835351670101 -0.1375589660015446 0
0.2205514259227598 -0.1492786418726446 0
0.2191391076006845 -0.1621702853308545 0
0.2589386368544721 0.09655400996398013 0
0.2582867249220179 0.1020152790183152 0
0.2575696217963182 0.1080226749780838 0
0.2567808083580485 0.1146308105338293 0
0.2559131135759519 0.1218997596451492 0
0.2549586493156456 0.1298956036676013 0
0.2539087386293087 0.1386910320922984 0
0.2527538368743381 0.1483660033594654 0
0.2514834449438704 0.159008471753349 0
0.250086013820356 0.1707151869866209 0
0.2485488395844901 0.1835925737432201 0
0.2497984357524639 0.09542704027610734 0
0.2491051201030367 0.1008832051195848 0
0.2483424728886668 0.1068849864474101 0
0.2475035609528598 0.1134869459080179 0
0.2465807578234722 0.1207491013146865 0
0.2455656743811458 0.1287374722620219 0
0.2444490825945867 0.1375246803040909 0
0.2432208316293718 0.1471906091503667 0
0.2418697555676353 0.1578231308812702 0
0.2403835718997252 0.169518904785264 0
0.2387487698650241 0.1823842560796572 0
-0.002385436894632744 0.01039997494737047 0
-0.007683141033677265 0.01187899036351944 0
-0.01351061558662624 0.01350590732128331 0
-0.01992083759487011 0.01529551597482357 0
-0.02697208180393836 0.01726408549371785 0
-0.03472845043391344 0.01942951196450156 0
-0.04326045592688603 0.02181148108236364 0
-0.05264566196915588 0.02443164711201194 0
-0.06296938861565272 0.02731382974462505 0
-0.07432548792679924 0.03048423064049949 0
-0.08681719716906042 0.03397167162596136 0
-0.003262859503674053 0.007127819679707893 0
-0.008577355420478626 0.008544224940804481 0
-0.01442330092896366 0.01010227072801073 0
-0.02085384098829719 0.0118161210939376 0
-0.02792743505356408 0.01370135649645716 0
-0.03570838852535765 0.01577511543922868 0
-0.04426743734433058 0.01805625027627734 0
-0.05368239104520082 0.02056549859703088 0
-0.06403884011615807 0.02332567174985977 0
-0.07543093409421105 0.02636186221797155 0
-0.08796223747006932 0.0297016717328945 0
0.9731988812652593 0.00924583799607042 0
0.9740552349922951 0.01467876425266969 0
0.9749972240920344 0.02065498313492889 0
0.9760334121017475 0.02722882390541401 0
0.9771732189124321 0.03446004875294765 0
0.9784270064041851 0.04241439608523464 0
0.9798061726451134 0.05116417815075034 0
0.9813232555101346 0.06078893842281761 0
0.9829920466616577 0.07137617472209161 0
0.9848277169283334 0.083022134651293 0
0.9868469542216765 0.09583269057341454 0
0.1699383136395939 0.08251592367453774 0
0.1688640521728565 0.08791005271047841 0
0.1676823645594454 0.09384359465001314 0
0.1663825081846932 0.1003704907835014 0
0.1649526661724658 0.1075500765303384 0
0.1633798399590157 0.1154476208518591 0
0.1616497311242206 0.1241349196055319 0
0.1597466114059459 0.133690948234572 0
0.1576531797158437 0.1442025797265161 0
0.1553504048567314 0.1557653743676546 0
0.1528173525117078 0.1684844484729069 0
0.1613760143331173 0.08076870137255898 0
0.1602483903715064 0.08615194262642814 0
0.1590080040137345 0.0920735080056842 0
0.1576435790201853 0.09858722992286589 0
0.1561427115272813 0.1057523240317657 0
0.1544917572850869 0.1136339275515556 0
0.1526757076186729 0.1223036914233244 0
0.1506780529856176 0.1318404316822701 0
0.1484806328892568 0.1423308459671103 0
0.1460634707832599 0.1538703016804346 0
0.1434045924666633 0.1665637029650914 0
0.9198413804581085 0.01927437979604126 0
0.920990476293731 0.02465300471866992 0
0.9222544817129157 0.03056949213356145 0
0.9236448876740189 0.03707762828994213 0
0.9251743342312324 0.04423657806196087 0
0.9268567254441672 0.05211142281118149 0
0.9287073557783956 0.06077375203532417 0
0.9307430491460468 0.07030231418188113 0
0.932982311850463 0.08078373254309378 0
0.935445500825321 0.09231329274042771 0
0.9381550086976647 0.104995808957495 0
0.004040205666421099 -0.01827802470607027 0
6.222906132187078e-05 -0.02218699627376821 0
-0.004313545204287279 -0.02648686499823595 0
-0.009126896896457348 -0.03121672059515046 0
-0.01442158375784442 -0.03641956175175642 0
-0.0202457393053702 -0.04214268702402298 0
-0.02665231040764855 -0.04843812482351621 0
-0.03369953862015475 -0.05536310640295874 0
-0.04145148965391157 -0.06298058614034555 0
-0.04997863579104406 -0.07135981385147103 0
-0.05935849654188981 -0.08057696433370905 0
0.008835879801739509 -0.02175216822962274 0
0.005797156977060081 -0.02634240181478454 0
0.002454561869912709 -0.03139165875846252 0
-0.0012222927479494 -0.03694584139650829 0
-0.005266832827597719 -0.04305544229835865 0
-0.009715826915210869 -0.04977600329039404 0
-0.01460972041158533 -0.05716862038163298 0
-0.01999300325759725 -0.06530049918199581 0
-0.02591461438821036 -0.07424556586239492 0
-0.03242838663188478 -0.08408513921083394 0
-0.03959353609992664 -0.09490866989411686 0
0.7391339997958472 0.06065308568088314 0
0.7403404292475091 0.06601913991587761 0
0.7416675016443371 0.07192179957437153 0
0.7431272812808482 0.07841472519871484 0
0.7447330388810102 0.08555694338549248 0
0.7464993722411885 0.09341338339094789 0
0.7484423389373844 0.1020554673969488 0
0.7505796023032001 0.1115617598035499 0
0.7529305920055974 0.122018681450811 0
0.7555166806782343 0.1335212952627983 0
0.758361378218135 0.1461741704559843 0
0.9950853059777001 0.005846827080512413 0
0.9959411801013175 0.01127982819090525 0
0.9968826416372967 0.01725612941233737 0
0.9979182493268737 0.02383006075591271 0
0.9990574177854084 0.03106138523384558 0
1.000310503089797 0.03901584215957173 0
1.001688896924624 0.0477657447778705 0
1.003205130142933 0.05739063765799916 0
1.004872986683074 0.06797801982614068 0
1.006707628877229 0.07962414021109634 0
1.008725735290799 0.09243487263454758 0
0.5201725798271594 0.09973031491244944 0
0.520768799591715 0.1051979507561519 0
0.521424641332726 0.1112123501842245 0
0.5221460672478383 0.1178281895551045 0
0.5229396357544618 0.1251056128630724 0
0.5238125611117476 0.1331107785018371 0
0.5247727790047619 0.1419164607044783 0
0.5258290186870778 0.1516027111273836 0
0.5269908823376251 0.1622575865925794 0
0.5282689323532274 0.1739779496042949 0
0.5296747873703898 0.1868703489171818 0
0.5111003872679346 0.1006813720853819 0
0.5116487208282469 0.1061540289938377 0
0.5122518877445904 0.1121739515931391 0
0.5129153713525684 0.1187958664523706 0
0.5136452033213441 0.1260799727975253 0
0.5144480184869973 0.1340924897771954 0
0.5153311151692159 0.1429062584548326 0
0.5163025215196564 0.1526014040002335 0
0.5173710685051409 0.1632660641001744 0
0.5185464701891739 0.1749971902101095 0
0.5198394120416101 0.1879014289310381 0
0.2922147794820001 -0.0806478460555109 0
0.2918430191711102 -0.08613528826650797 0
0.2914340828291312 -0.09217147469860476 0
0.2909842528529544 -0.09881127977391123 0
0.2904894398791599 -0.1061150653567483 0
0.289945145607986 -0.1141492294978692 0
0.2893464219096946 -0.1229868100531021 0
0.288687825841574 -0.1327081486638583 0
0.2879633701666415 -0.1434016211356901 0
0.2871664689242157 -0.1551644408547051 0
0.2862898775575473 -0.1681035425456216 0
0.3014291677519866 -0.0812465771213241 0
0.3010874203449507 -0.08673596991482141 0
0.3007114981972113 -0.09277430198766845 0
0.3002979838346978 -0.09941646726780019 0
0.2998431180359331 -0.1067228490759451 0
0.2993427656572918 -0.1147598690649045 0
0.2987923780407864 -0.1236005910527599 0
0.2981869516626305 -0.1333253852394007 0
0.297520982646659 -0.1440226588447057 0
0.2967884167290903 -0.1557896598105412 0
0.2959825942197648 -0.1687333608729602 0
0.3106700191378736 -0.08179648050082969 0
0.3103587461552004 -0.0872876871835801 0
0.3100163458742599 -0.09332801453460557 0
0.3096397055652252 -0.09997237462073358 0
0.3092254012252871 -0.1072811707154744 0
0.3087696664513553 -0.1153208464196893 0
0.3082683582000302 -0.1241644896943256 0
0.3077169191235726 -0.1338924972964257 0
0.3071103361394693 -0.1445933056587357 0
0.3064430948569556 -0.1563641948572767 0
0.3057091294461906 -0.1693121729756718 0
-0.0006023048999427797 -0.01056051539701395 0
-0.005569182914113287 -0.01292325234300491 0
-0.01103274872970085 -0.01552226298359497 0
-0.01704267112684716 -0.01838117468824403 0
-0.02365358576370811 -0.02152597756335801 0
-0.03092559186425515 -0.02498526072598337 0
-0.03892479857485689 -0.02879047220487128 0
-0.04772392595651882 -0.03297620483164798 0
-0.05740296607634694 -0.03758051072110235 0
-0.06804991020815786 -0.04264524719950215 0
-0.07976154875314988 -0.04821645732574194 0
0.001132285794103932 -0.01412464005368928 0
-0.003623572670396675 -0.01692131841503945 0
-0.008855016981347344 -0.01999766461252464 0
-0.01460960572339308 -0.02338164542975835 0
-0.02093965333964339 -0.02710402432871543 0
-0.02790270571751872 -0.03119864111756823 0
-0.03556206333318159 -0.03570271958530629 0
-0.04398735671041076 -0.04065720589981817 0
-0.05325517942536284 -0.04610714084578123 0
-0.06344978441181014 -0.0521020692863406 0
-0.07466384989690215 -0.05869649057095591 0
0.8289597457167345 0.0398536059425724 0
0.8302160841447556 0.04520819413782227 0
0.8315980564155787 0.05109824115259713 0
0.8331182259134842 0.05757729286884948 0
0.8347904123611802 0.06470424975672706 0
0.8366298174536458 0.07254390233339242 0
0.8386531630553581 0.08116752016772429 0
0.8408788432172415 0.09065349978548935 0
0.8433270913953131 0.1010880773650309 0
0.8460201643911921 0.1125661127025267 0
0.8489825446866589 0.125191951573772 0
0.7320639772149984 0.06223830470112583 0
0.733263217204102 0.06760597096125338 0
0.7345823811921159 0.07351040384739371 0
0.7360334615789313 0.08000528002214806 0
0.7376296500044283 0.08714964381437784 0
0.7393854572724748 0.09500844398583061 0
0.7413168452673261 0.1036531241744287 0
0.7434413720616624 0.1131622723818865 0
0.7457783515354325 0.1236223354100901 0
0.7483490289565794 0.1351284047411141 0
0.7511767741198412 0.1477850810052405 0
0.119765916332455 0.0708224362923477 0
0.118361017304872 0.07614000894660106 0
0.1168156283745308 0.08198933886627975 0
0.1151157005511554 0.08842360177792633 0
0.1132457799454425 0.09550129098073754 0
0.1111888672791583 0.1032867491038299 0
0.1089262633462457 0.1118507530392315 0
0.1064373990200418 0.1212711573681732 0
0.1036996482612175 0.1316336021300091 0
0.1006881224265108 0.1430322913680286 0
0.09737544400833345 0.1555708495298501 0
0.1117009640542964 0.06866344674446284 0
0.1102633611717059 0.07397226510562134 0
0.1086819980008562 0.07981196530289568 0
0.1069424985129217 0.08623563551989746 0
0.1050290490761936 0.09330167275859942 0
0.1029242546957928 0.1010743137211716 0
0.1006089808773518 0.1096242187800009 0
0.09806217967706679 0.1190291143447132 0
0.09526069835675326 0.1293744994658968 0
0.09217906890440837 0.1407544230991987 0
0.088789276506829 0.1532723390958308 0
0.1037175622568226 0.06647658498399238 0
0.1022490051432189 0.07177692465612957 0
0.1006335923182549 0.07760729829548049 0
0.09885663821079455 0.08402070929876651 0
0.09690198869258811 0.09107546140238111 0
0.09475187422256102 0.09883568871635719 0
0.09238674830553123 0.1073719387617309 0
0.08978510979679846 0.1167618138116419 0
0.0869233074371924 0.1270906763665441 0
0.08377532484162575 0.1384524251769365 0
0.08031254398650242 0.1509503488683681 0
0.09580391648077742 0.06425880737604514 0
0.09428210307298367 0.06954422379807716 0
0.09260810832441055 0.07535818186231238 0
0.09076671410098011 0.08175353573297112 0
0.08874118045520663 0.08878842499069572 0
0.0865130934448558 0.09652680317419279 0
0.08406219773346989 0.1050390191760396 0
0.08136621245094539 0.114402456778071 0
0.07840062864016845 0.1247022381403056 0
0.07513848644831379 0.1360319976387637 0
0.07155013003727367 0.1484947330870676 0
0.5019759911319275 0.1015529008101305 0
0.5024732522399312 0.1070304371612484 0
0.5030202394587353 0.113055727147478 0
0.5036219253994199 0.1196835461323306 0
0.5042837799341727 0.1269741470156685 0
0.505011819922401 0.1349938079873401 0
0.5058126639094521 0.1438154350561789 0
0.5066935922952083 0.1535192248319016 0
0.5076626135195401 0.1641933935851966 0
0.508728536866305 0.1759349792138211 0
0.5099010525477465 0.188850723405308 0
0.4928068099929062 0.1023414911304985 0
0.4932546209223098 0.1078232815315652 0
0.4937472129446538 0.1138532509727385 0
0.4942890641692323 0.1204862173580291 0
0.4948851005162686 0.1277824803818489 0
0.4955407404980084 0.1358083697080505 0
0.4962619444779224 0.1446368479668724 0
0.4970552688558276 0.1543481740515764 0
0.4979279256715234 0.1650306327447509 0
0.4988878481687888 0.1767813373072428 0
0.4999437629157808 0.1897071123259838 0
0.4835968870338079 0.103053758595343 0
0.4839969931934258 0.1085392393722008 0
0.4844371099690054 0.1145732682267445 0
0.484921238422143 0.1212106999667426 0
0.4854537797205944 0.1285118748807405 0
0.4860395751488908 0.1365431672861381 0
0.486683950120017 0.1453775889320755 0
0.4873927625882558 0.1550954527426066 0
0.4881724563033183 0.1657851029341909 0
0.4890301193898873 0.1775437181449336 0
0.489973548785113 0.1904781948767506 0
0.4743468107763453 0.1036873921699472 0
0.4746981278002399 0.1091762160994797 0
0.4750845765265239 0.1152139224219656 0
0.4755096701254364 0.1218553993767 0
0.47597727308424 0.1291610240269079 0
0.4764916363389241 0.1371972111421365 0
0.4770574359190766 0.146037016968888 0
0.4776798154572443 0.1557608033783147 0
0.4783644329492288 0.166456968428684 0
0.4791175121904117 0.1782227499840903 0
0.4799458993557129 0.1911651096950372 0
0.8458164875319266 -0.02190736153647568 0
0.846770856116296 -0.02732393339895568 0
0.8478206615591024 -0.03328216244768369 0
0.8489754475461894 -0.03983621440128449 0
0.8502457121319851 -0.04704567155024537 0
0.8516430031763604 -0.05497607441410234 0
0.8531800233251732 -0.06369951756434501 0
0.8548707454888673 -0.07329530502961194 0
0.8567305398689308 -0.08385067124140558 0
0.8587763136870007 -0.09546157407437858 0
0.8610266648868775 -0.1082335671906489 0
0.8512950888920784 -0.02095070537865193 0
0.8522374495692141 -0.02636937410205838 0
0.8532740463140632 -0.03232990969780547 0
0.8544143027333974 -0.03888649885312728 0
0.8556685847946649 -0.04609874692398127 0
0.8570482950620593 -0.05403221980192065 0
0.8585659763561929 -0.06275903996765397 0
0.86023542577974 -0.07235854214996063 0
0.8620718201456418 -0.08291799455049796 0
0.8640918539481338 -0.09453339219108903 0
0.866313891130875 -0.1073103295957392 0
0.856695218166589 -0.02001542335882774 0
0.8576313379300003 -0.02543517300409037 0
0.8586610696697528 -0.03139689761387927 0
0.8597937745834804 -0.03795479468464706 0
0.8610397499885808 -0.04516848146249162 0
0.8624103229341913 -0.05310353691812064 0
0.8639179531743627 -0.06183209791931257 0
0.8655763464385514 -0.07143351502062369 0
0.8674005790291589 -0.08199507383206592 0
0.8694072348788271 -0.09361278852465238 0
0.8716145563134622 -0.1063922746864975 0
0.5381466678241292 0.09762830913361507 0
0.5388234891193677 0.1030865350641074 0
0.53956799254413 0.109090583587649 0
0.5403869463113686 0.1156950369635448 0
0.541287795455331 0.1229599356770301 0
0.5422787295136896 0.130951324261864 0
0.5433687569778841 0.1397418517051813 0
0.5445677871884981 0.1494114318928302 0
0.5458867204201735 0.1600479700992442 0
0.5473375469750164 0.1717481621262994 0
0.5489334561853435 0.1846183733560602 0
0.5291886259595546 0.09870951234508499 0
0.5298276381175506 0.1041723023626891 0
0.5305305514913461 0.1101813713820536 0
0.5313037562025212 0.1167913473033545 0
0.5321542813848138 0.1240623208167855 0
0.5330898590853356 0.1320603916815597 0
0.5341189945559096 0.1408582696328112 0
0.535251043573541 0.1505359353791879 0
0.5364962974929357 0.1611813677002023 0
0.5378660768042697 0.1728913432533181 0
0.5393728340467371 0.1857723163617455 0
0.08796264590524594 0.06194003289421493 0
0.08632420632983132 0.06719096907597438 0
0.08452192279687523 0.07296699887590979 0
0.08253941091062354 0.07932063165583875 0
0.08035864783574667 0.08630962771376059 0
0.07795980845338212 0.09399752337747463 0
0.07532108513278112 0.1024542086075601 0
0.07241848948012 0.111756562360654 0
0.06922563426219278 0.1219891514890574 0
0.06571349352247284 0.1332449995303011 0
0.06185013870878091 0.1456264323756692 0
0.08029844792160837 0.05942113301158839 0
0.07851191435407673 0.06462340832231432 0
0.07654672742979193 0.07034591116411285 0
0.07438502181307866 0.07664066429009123 0
0.07200714563469404 0.08356489272866745 0
0.06939148183847098 0.09118154401110129 0
0.0665142516626256 0.0995598604217785 0
0.06334929846919568 0.1087760084735235 0
0.05986784995642278 0.1189137713304429 0
0.05603825659237259 0.1300653104730543 0
0.05182570389191737 0.1423320035299268 0
0.9891361181840219 0.006774966201494089 0
0.9899783704016414 0.0122100941711853 0
0.9909048478410227 0.01818873493784563 0
0.9919239730243421 0.024765239781172 0
0.9930450107259935 0.031999395108831 0
0.9942781521978101 0.0399569659692559 0
0.9956346078168082 0.04871029391572329 0
0.9971267089977063 0.05833895465683742 0
0.9987680202966941 0.06893048147206297 0
1.000573462725581 0.08058116096881109 0
1.002559449397356 0.093396908415234 0
0.5927668576124474 -0.06806284057263756 0
0.5935986099896116 -0.07349959046126031 0
0.594513537604492 -0.07948001533874534 0
0.5955199579808605 -0.08605848270397887 0
0.5966270203948659 -0.09329479680573574 0
0.5978447890502718 -0.1012547423176683 0
0.5991843345712183 -0.1100106823807941 0
0.6006578346442596 -0.1196422164502325 0
0.6022786847246049 -0.1302369039266148 0
0.6040616198129847 -0.1418910601506353 0
0.6060228484102025 -0.1547106319970578 0
0.6011743895148908 -0.06676427811100442 0
0.6020239084482889 -0.0721982840647038 0
0.6029583792750267 -0.07817569061377314 0
0.6039862971844384 -0.08475083781774939 0
0.6051170068847912 -0.09198349974212328 0
0.6063607875551793 -0.09993942785893455 0
0.6077289462926062 -0.1086909487874269 0
0.6092339209037758 -0.1183176218087686 0
0.6108893929760624 -0.1289069621322444 0
0.6127104122555777 -0.1405552364880678 0
0.6147135334630444 -0.1533683382794735 0
0.6095179129735733 -0.06544403864682537 0
0.6103888174800123 -0.07087466086423437 0
0.6113468124370952 -0.07684834530338427 0
0.6124006068898864 -0.08341939818644917 0
0.6135597807879568 -0.09064755635782056 0
0.6148348720758342 -0.09859853034632907 0
0.6162374724924993 -0.1073446017336885 0
0.6177803329508309 -0.1169652802597838 0
0.6194774794549956 -0.1275480266384886 0
0.621344340609577 -0.139189047655064 0
0.6233978878796164 -0.1519941707732968 0
0.02088627751372969 0.03364438655290194 0
0.01816253552560931 0.03842421264446902 0
0.01516641933867688 0.04368202134519281 0
0.01187069153305122 0.04946561091598897 0
0.008245390946862991 0.05582755944386476 0
0.004257560302055936 0.06282570282452814 0
-0.0001290534072318217 0.07052366054325783 0
-0.004954328487448357 0.07899141403386051 0
-0.01026213107568655 0.08830594287352346 0
-0.01610071392274855 0.0985519245971527 0
-0.02252315505451677 0.1098225044931449 0
0.01528636832239004 0.03028235966766405 0
0.01229035742512856 0.03489877650219841 0
0.008994745438140933 0.0399768350201862 0
0.005369572252454545 0.04556269938997277 0
0.001381881748199518 0.05170715019673799 0
-0.003004577806481012 0.05846604608417974 0
-0.007829683316629595 0.06590083156036566 0
-0.01313729937779304 0.0740790955841702 0
-0.01897567704507283 0.08307518601035517 0
-0.02539789247908059 0.09297088547915865 0
-0.03246232945648914 0.1038561548948425 0
0.7734750859703704 -0.03542254379369903 0
0.7745164462676473 -0.04082305947764536 0
0.7756619425946518 -0.04676362672998633 0
0.7769219885543569 -0.0532982507075614 0
0.7783080391100324 -0.06048633708289397 0
0.7798326947212755 -0.06839323209575979 0
0.7815098158936429 -0.07709081660991221 0
0.783354649183247 -0.08665815957547987 0
0.7853839658018116 -0.0971822368376043 0
0.7876162140822326 -0.1087587218259412 0
0.7900716871906958 -0.1214928553131117 0
0.7799732610895481 -0.03417070814592735 0
0.7810115974466534 -0.03957180637936691 0
0.7821537674394692 -0.04551301443615043 0
0.7834101544315665 -0.0520483432986123 0
0.7847921801228736 -0.05923720504732035 0
0.7863124083833114 -0.0671449529708992 0
0.7879846594697929 -0.07584347568683596 0
0.7898241356649227 -0.08541185067436638 0
0.7918475594795654 -0.09593706316064986 0
0.7940733256756723 -0.1075147968955617 0
0.7965216684913899 -0.1202503040039647 0
0.7863847483615617 -0.03294071105580065 0
0.7874178160892097 -0.03834282005124579 0
0.7885541905896224 -0.04428513994623542 0
0.7898042025400765 -0.05082169183072403 0
0.7911792156855759 -0.05801189890366151 0
0.7926917301456254 -0.06592112668389272 0
0.7943554960516798 -0.07462127724214707 0
0.7961856385483396 -0.08419144285622684 0
0.7981987952946653 -0.0947186250317146 0
0.8004132677156237 -0.1062985254247511 0
0.8028491873786778 -0.1190364158570913 0
0.277343253322165 0.09861022226202805 0
0.2767723704965432 0.1040805491177954 0
0.2761443993883593 0.1100979086591395 0
0.275453631169357 0.116717004154618 0
0.2746937861284544 0.1239980091996443 0
0.2738579565834616 0.1320071147491733 0
0.2729385440839694 0.1408171308536552 0
0.2719271903345281 0.1505081485685853 0
0.2708147012101427 0.1611682680550084 0
0.2695909631733187 0.1728943994900737 0
0.2682448513328123 0.1857931440686457 0
0.268121818068237 0.09761452297133005 0
0.2675112054447965 0.1030805606622923 0
0.2668395315590118 0.1090932021223507 0
0.2661006902846487 0.115707107728415 0
0.2652879648828493 0.1229824038950857 0
0.26439396694087 0.1309852296784234 0
0.2634105692046927 0.139788338040095 0
0.2623288316948977 0.1494717572379337 0
0.2611389204341232 0.1601235183555562 0
0.2598300180472712 0.1718404555849411 0
0.2583902254217341 0.1847290865372644 0
0.05034357442668542 -0.04024402213615071 0
0.04854630848499344 -0.04544261006691254 0
0.04656931594913227 -0.05116105679075055 0
0.04439462415968498 -0.05745134818697237 0
0.04200246319129296 -0.06437066872281635 0
0.03937108612606174 -0.07198192131224475 0
0.0364765713543074 -0.08035429916061598 0
0.03329260510537763 -0.08956391479382435 0
0.02979024223155487 -0.09969449199035355 0
0.02593764307034984 -0.1108381269065357 0
0.02169978399302431 -0.123096125314336 0
0.05715714712977919 -0.04249692085673871 0
0.05549154188457863 -0.04773905125961082 0
0.05365937611485801 -0.05350539470277015 0
0.05164399376816532 -0.05984837249024541 0
0.04942707318680337 -0.06682564805646819 0
0.04698846054730522 -0.07450065117931326 0
0.04430598664385726 -0.08294315461444282 0
0.04135526535006449 -0.09222990839308537 0
0.03810947192689246 -0.1024453375495921 0
0.03453909916140321 -0.1136823096217496 0
0.03061168911936505 -0.1260429789011228 0
0.688875017699758 -0.05156443078301609 0
0.689880142032288 -0.05697180823734556 0
0.690985778798071 -0.06291992343710798 0
0.6922019792404323 -0.06946285015684663 0
0.6935397997270297 -0.07666006954855914 0
0.6950114022622869 -0.08457701087944292 0
0.6966301650510698 -0.09328564634341506 0
0.698410804118731 -0.1028651453537844 0
0.7003695070931583 -0.1134025942651907 0
0.7025240803650283 -0.1249937880677377 0
0.7048941109640853 -0.1377441012505393 0
0.6963791396974813 -0.05016612971410277 0
0.6973883867717413 -0.05557273895436657 0
0.6984985585534274 -0.06152000911865674 0
0.6997197475132819 -0.06806200629937592 0
0.7010630553691221 -0.07525820319816703 0
0.7025406940105461 -0.08317401978683725 0
0.7041660965161126 -0.0918814180343745 0
0.7059540392722358 -0.1014595561066655 0
0.7079207763039712 -0.1119955079861855 0
0.7100841870388802 -0.1235850550536576 0
0.7124639388472801 -0.1363335568278769 0
0.7038058118561517 -0.04877731312772651 0
0.7048215646855378 -0.05418270579105772 0
0.7059388927978626 -0.06012863772072204 0
0.7071679537214199 -0.06666916284335281 0
0.7085199207373329 -0.07386374047824665 0
0.7100070844548372 -0.08177777587662988 0
0.7116429645440919 -0.09048321481485141 0
0.7134424326422721 -0.1000591976468951 0
0.7154218475502703 -0.1105927787621432 0
0.7175992039490684 -0.1221797179889161 0
0.7199942959877462 -0.1349253511383662 0
0.7111526434046853 -0.04738997456951277 0
0.7121773750223136 -0.05279367176236387 0
0.7133045798017047 -0.05873773867450008 0
0.714544505059035 -0.06527621227784991 0
0.7159084228420982 -0.07246853324153472 0
0.7174087324034677 -0.08038008630158802 0
0.7190590729209743 -0.08908279466764665 0
0.7208744474902314 -0.09865577387031113 0
0.7228713595164143 -0.1091860509932421 0
0.7250679627452155 -0.1207693558284661 0
0.7274842262968968 -0.1335109911472125 0
0.7184151427028757 -0.04600687631398361 0
0.7194469656686098 -0.05140922302803195 0
0.7205819709309172 -0.05735180441348513 0
0.7218304767194554 -0.06388864393748361 0
0.7232038330868475 -0.07107916741388196 0
0.7247145250909788 -0.07898874323792013 0
0.7263762862955232 -0.08768927664436213 0
0.7282042236205221 -0.09725986339144832 0
0.7302149546780208 -0.1077875088132431 0
0.7324267588412694 -0.1193679187772174 0
0.7348597434208428 -0.1321063697375892 0
0.7255925915723399 -0.04463201851480519 0
0.7266289382817852 -0.05003349870524416 0
0.7277689196621749 -0.05597512691472703 0
0.7290228991806037 -0.06251091794515819 0
0.7304022766508753 -0.06970028807863246 0
0.7319195918681741 -0.07760859522545416 0
0.7335886386072028 -0.08630773308695802 0
0.7354245900201343 -0.09587678473461228 0
0.737444136574359 -0.106402741547032 0
0.7396656377840062 -0.1179812940406936 0
0.742109289114618 -0.1307177017837214 0
0.8620112404570839 -0.01909975595287303 0
0.8629407907135057 -0.02452063719579357 0
0.8639632959955699 -0.03048360656300617 0
0.8650880518058404 -0.03704287286694003 0
0.8663252831971379 -0.04425806580126728 0
0.8676862377275653 -0.05219477802902726 0
0.8691832877110353 -0.06092516147956323 0
0.8708300426928522 -0.0705285832751528 0
0.872641473172851 -0.08109234725030133 0
0.8746340467008497 -0.09271248762296472 0
0.8768258775816481 -0.1054946420328944 0
0.8672415391154368 -0.01820695718376511 0
0.8681614308645896 -0.02362948715471022 0
0.8691733117886578 -0.02959427012274984 0
0.8702863808051327 -0.03615553138759343 0
0.8715107567232551 -0.04337291877892138 0
0.8728575702331898 -0.05131204490938211 0
0.874339065094118 -0.06004508365288893 0
0.8759687094411389 -0.06965142627074643 0
0.877761318222862 -0.08021840315038967 0
0.8797331878827572 -0.09184207771799724 0
0.8819022445086422 -0.1046281197423656 0
0.8723871147784442 -0.01733952939302989 0
0.8732944009844088 -0.02276418444986777 0
0.8742924158109698 -0.02873130501238945 0
0.8753902321201871 -0.03529513763116329 0
0.8765978300603259 -0.04251535351181451 0
0.8779261877944787 -0.05045759098053086 0
0.8793873813020467 -0.05919405219611885 0
0.8809946941603716 -0.06880415953326563 0
0.8827627383045289 -0.0793752776041271 0
0.884707586863102 -0.09100350748207472 0
0.8868469202775324 -0.1037945603478171 0
0.05874306027053665 0.05155089570169671 0
0.05675701842925172 0.0566801195159477 0
0.0545723724038383 0.06232226571162379 0
0.05216926177588355 0.06852862652686748 0
0.04952584008513331 0.07535562342363554 0
0.04661807622530805 0.0828653200100804 0
0.04341953597950027 0.09112598625516977 0
0.0399011417091117 0.1002127191247681 0
0.03603090801168428 0.1102081252813262 0
0.03177365094451411 0.1212030720535401 0
0.02709066817062693 0.1332975135029754 0
0.0518861805937248 0.04881282013373043 0
0.04977395187300808 0.0538916643144644 0
0.04745050028021969 0.05947839291327177 0
0.04489470352815245 0.06562379437195986 0
0.0420833271008785 0.07238373597651679 0
0.03899081303087715 0.07981967174152939 0
0.03558904755387567 0.08799920108304327 0
0.03184710552917402 0.09699668335870851 0
0.02773096930200223 0.1068939138619403 0
0.02320321945211325 0.1177808674154953 0
0.01822269461723537 0.1297565163244057 0
0.9551180627392241 -0.006362238505655901 0
0.9554653570762741 -0.01185135026573054 0
0.9558473808470292 -0.01788937320181265 0
0.9562676069948598 -0.02453119843150296 0
0.9567298557574734 -0.03183720618416231 0
0.9572383293963485 -0.03987381471208758 0
0.9577976503991109 -0.0487140840928054 0
0.9584129035021497 -0.05843838041159499 0
0.9590896819154923 -0.06913510636226355 0
0.9598341381701692 -0.08090150490799895 0
0.9606530400503137 -0.09384454330830791 0
0.9587221401706052 -0.006154703284593642 0
0.9590119476830185 -0.01164712686691165 0
0.959330735946673 -0.01768879280746146 0
0.9596814030366928 -0.02433462534206625 0
0.9600671368357148 -0.03164504113013152 0
0.9604914440146389 -0.03968649849700331 0
0.9609581819114555 -0.04853210160056228 0
0.9614715935979538 -0.05826226501447716 0
0.9620363464531018 -0.06896544476978352 0
0.9626575745937646 -0.08073894250062051 0
0.9633409255484937 -0.09368979000454121 0
0.9622658122852442 -0.005984961046113785 0
0.9625067905449501 -0.01147972465782534 0
0.9627718666306265 -0.01752396463070807 0
0.9630634503248706 -0.02417262860087905 0
0.9633841923885392 -0.03148615896806714 0
0.9637370086585746 -0.03953104237197404 0
0.9641251065556135 -0.04838041411627162 0
0.9645520142423563 -0.05811472303499897 0
0.9650216126977733 -0.06882246284559906 0
0.9655381709987322 -0.08060097663725915 0
0.9661063851297869 -0.09355734180808525 0
0.8774489180392305 -0.01649970256506183 0
0.878340787513634 -0.02192691559524391 0
0.8793218439354776 -0.0278968499284442 0
0.8804010059995057 -0.03446377769496452 0
0.8815880842699366 -0.04168739823813688 0
0.8828938703674105 -0.04963338083562647 0
0.8843302350746319 -0.05837396169286502 0
0.8859102362525754 -0.06798860063582743 0
0.8876482375483132 -0.07856470347308607 0
0.8895600389736249 -0.09019841659407059 0
0.8916630205414676 -0.1029955010271535 0
0.8824278663928234 -0.01568944779791532 0
0.8833016383518093 -0.0211196061030705 0
0.8842627875066937 -0.0270927802387412 0
0.8853200515770667 -0.03366327178797897 0
0.8864830420544769 -0.04089081249214051 0
0.8877623315796281 -0.04884110726671822 0
0.8891695500572945 -0.05758643151875369 0
0.8907174903827275 -0.06720628819599271 0
0.8924202247407038 -0.07778813054095564 0
0.8942932325344777 -0.08942815712041485 0
0.896353541107629 -0.10223218635782 0
0.887324837078467 -0.01491049388661851 0
0.8881779563313805 -0.02034393758913337 0
0.8891163875095853 -0.02632072566189972 0
0.8901486618056107 -0.0328951925419427 0
0.8912841635312385 -0.04012710610998999 0
0.8925332154294292 -0.04808221103484199 0
0.8939071725174389 -0.0568328264521792 0
0.8954185253142496 -0.06645850341125013 0
0.8970810133907414 -0.07704674806622817 0
0.8989097502748823 -0.08869381718670399 0
0.9009213608474373 -0.1015055932192274 0
0.8111868511995663 -0.02825769368585542 0
0.8122007439491457 -0.03366343351333456 0
0.8133160259736829 -0.03960974732356161 0
0.8145428362006738 -0.04615069251481137 0
0.8158923274503639 -0.05334573222518611 0
0.8173767678250229 -0.06126027590659831 0
0.8190096522371478 -0.06996627395615174 0
0.8208058250904853 -0.07954287181066051 0
0.8227816152291564 -0.09007712945062017 0
0.8249549843816947 -0.1016648128545758 0
0.8273456904494868 -0.114411264598927 0
0.8171746513452742 -0.02713605865837404 0
0.8181847434547954 -0.03254251042967893 0
0.8192958447752688 -0.03848960737811432 0
0.8205180562277895 -0.04503141402139324 0
0.8218624888255622 -0.05222740132900006 0
0.8233413646831124 -0.06014298736736755 0
0.8249681281264174 -0.0688501320095718 0
0.8267575679140529 -0.07842799111599646 0
0.828725951680452 -0.08896363613306361 0
0.8308911738234911 -0.1005528456518375 0
0.8332729181808339 -0.1133009761224887 0
0.8230750750171262 -0.02603659206908539 0
0.824078765191202 -0.0314442367774428 0
0.8251828243826855 -0.03739264595663595 0
0.8263972894933175 -0.04393589605374841 0
0.8277332011150125 -0.05113347116057212 0
0.8292027038988771 -0.05905080377807821 0
0.8308191569611281 -0.0677598696573349 0
0.8325972553296043 -0.07733984212451726 0
0.834553163534928 -0.08787781183841788 0
0.8367046625607841 -0.09946957852370852 0
0.8390713114892259 -0.1122205218775283 0
0.8288888056260703 -0.0249618218306325 0
0.8298836026878651 -0.03037111062543196 0
0.8309778794558393 -0.03632132829971137 0
0.8321815839006109 -0.04286656774141871 0
0.8335056587898598 -0.0500663311272968 0
0.8349621411680335 -0.05798607085176269 0
0.8365642717840246 -0.06669778454867516 0
0.8383266154616148 -0.07628066961527889 0
0.8402651935069639 -0.086821843188543 0
0.842397629356848 -0.09841713411913351 0
0.8447433087917207 -0.1111719541427831 0
0.8346165034447651 -0.02391403232673603 0
0.8356000216406954 -0.02932538446851567 0
0.8366818916562185 -0.03527787182447327 0
0.8378719486732942 -0.04182560791602663 0
0.8391810113920772 -0.04902811761673533 0
0.8406209803827386 -0.05695087828751488 0
0.8422049462724662 -0.0656659150253724 0
0.8439473087511665 -0.07525245543701568 0
0.8458639074777369 -0.0857976498898233 0
0.8479721660769642 -0.09739736378791167 0
0.8502912505361143 -0.1101570490758089 0
0.840258807833199 -0.02289527658920074 0
0.8412287626073692 -0.028309077785482 0
0.8422957128589564 -0.03426425910139139 0
0.8434693581357025 -0.04081495854889171 0
0.844760367940123 -0.04802072794114207 0
0.8461804787249857 -0.05594707427261746 0
0.8477426005883345 -0.06466605523724039 0
0.8494609346380183 -0.07425693429832562 0
0.8513511020926705 -0.08480690126551937 0
0.8534302862927878 -0.09641186492943252 0
0.8557173889129169 -0.1091773249597369 0
0.753457765921024 -0.03928086169397778 0
0.7544945990215945 -0.04468224866282849 0
0.7556351154322221 -0.05062377432856427 0
0.7568896834839123 -0.05715945256087364 0
0.7582697083407716 -0.06434869861641393 0
0.7597877356833168 -0.07225686927750827 0
0.7614575657601165 -0.08095585700471203 0
0.7632943788445963 -0.09052474350463616 0
0.7653148732375239 -0.1010505186545527 0
0.7675374170697444 -0.1126288713194609 0
0.7699822152851868 -0.12536505925086 0
0.7602173097653108 -0.03798073871399815 0
0.7612576140523438 -0.04338145804465341 0
0.7624019487680802 -0.0493222493083742 0
0.7636607169553903 -0.05585711969846707 0
0.7650453619614312 -0.06304547712756924 0
0.7665684714680764 -0.0709526702995816 0
0.768243891925386 -0.07965058278879522 0
0.7700868544284266 -0.0892182865269302 0
0.7721141131817713 -0.09974276063887866 0
0.7743440978104504 -0.111319682162022 0
0.7767970809019975 -0.1240542958374797 0
0.7668898819870967 -0.03669352896426065 0
0.7679319298830595 -0.04209391193649419 0
0.7690781825686185 -0.04803433320595107 0
0.7703390605227334 -0.05456879660235366 0
0.7717260262722597 -0.06175670633839649 0
0.7732516885967388 -0.06966340704804361 0
0.7749299171536657 -0.07836077782865544 0
0.7767759685662853 -0.08792788568732847 0
0.7788066251201667 -0.0984517043318688 0
0.7810403473294365 -0.1100279048408631 0
0.7834974417596332 -0.1227617254007569 0
0.959322588691894 0.01151433655418076 0
0.9602515080112112 0.01693534047240272 0
0.9612733192624601 0.02289844478244687 0
0.9623973116388338 0.02945785952349544 0
0.9636337032528449 0.03667321573864887 0
0.9649937340282572 0.04461010757531764 0
0.9664897678812107 0.05334068859565329 0
0.9681354051194595 0.06294432771802251 0
0.9699456060815332 0.07350833075262866 0
0.9719368271398143 0.08512873409069541 0
0.9741271703039235 0.09791117776256884 0
0.184729802416428 -0.06950964587320388 0
0.183959907432886 -0.07495552203485205 0
0.1831130229509899 -0.08094598581266502 0
0.1821814500209041 -0.0875354959682593 0
0.1811567197978097 -0.094783957139413 0
0.1800295165524059 -0.1027572644276821 0
0.1787895929824617 -0.111527902444778 0
0.1774256770555231 -0.1211756042635836 0
0.1759253695358907 -0.1317880762642697 0
0.174275031264295 -0.1434617954650245 0
0.1724596591655397 -0.1563028865858547 0
0.1934044475485237 -0.07070775587527135 0
0.1926666024453503 -0.07615805912748103 0
0.1918549728318596 -0.08215339270491165 0
0.1909621802570198 -0.08874825964008536 0
0.1899801084246961 -0.09600261326877643 0
0.18889982940914 -0.1039824022603366 0
0.1877115224920282 -0.1127601701510528 0
0.1864043848832053 -0.1224157148308406 0
0.1849665335135001 -0.1330368139786072 0
0.1833848970068244 -0.1447200230411505 0
0.1816450968494812 -0.1575715530099481 0
0.2021377246181789 -0.07186589492475122 0
0.201431597703968 -0.07732040486370884 0
0.200654858098336 -0.08332036579656221 0
0.1998004445321408 -0.08992032282270095 0
0.1988605896093261 -0.09718027555145353 0
0.1978267491942299 -0.1051662235530814 0
0.1966895247376241 -0.113950766354872 0
0.1954385778353577 -0.1236137634368417 0
0.1940625362428647 -0.1342430602270084 0
0.1925488904911223 -0.1459352866961918 0
0.1908838801642057 -0.1587967358122934 0
0.9154790254785143 0.02021071415584101 0
0.916636933025171 0.02558744777444781 0
0.9179106313264934 0.03150185475491529 0
0.919311699457948 0.03800770243342952 0
0.9208528744025481 0.04516413487979518 0
0.9225481668416082 0.05303621057079739 0
0.9244129885245743 0.06169549383089983 0
0.9264642923758369 0.07122070541701252 0
0.9287207266122259 0.08169843816173647 0
0.9312028042722539 0.09322394418093283 0
0.9339330896982845 0.1059020008020488 0
0.1528856824314174 0.07894375175621066 0
0.1516988254125987 0.08431426288653045 0
0.1503932826918981 0.09022182512988222 0
0.1489571856991275 0.09672014359756917 0
0.1473774790070798 0.1038682939120248 0
0.1456398016458273 0.111731259257926 0
0.1437283565484495 0.1203805211384174 0
0.1416257669413341 0.1298947092069578 0
0.139312918373507 0.1403603160823523 0
0.1367687849488972 0.1518724836452863 0
0.1339702381818265 0.1645358679645137 0
0.1444701589379913 0.07703240385314949 0
0.1432161966771136 0.08238767612016412 0
0.1418368381901482 0.08827847561388021 0
0.1403195438544863 0.09475835505696789 0
0.1386505200852581 0.1018862224443644 0
0.1368145939391072 0.1097268765705005 0
0.1347950751783411 0.1183515961092502 0
0.1325736045414984 0.1278387876018749 0
0.1301299868409715 0.138274698243762 0
0.1274420073703919 0.1497541999498379 0
0.1244852299527543 0.1623816518265214 0
0.9758375697712852 -0.005560249837174587 0
0.975961911987516 -0.01105884902595843 0
0.97609868842537 -0.01710730813362065 0
0.9762491425070092 -0.0237606131520491 0
0.9764146419968125 -0.03107924867232039 0
0.976596691435596 -0.03912974774461881 0
0.9767969458182579 -0.04798529672414708 0
0.9770172256391859 -0.05772640060162817 0
0.9772595334422068 -0.06844161486685739 0
0.9775260720255298 -0.08022835055860951 0
0.977819264467185 -0.09319375981953684 0
0.9790812571769942 -0.005491257514152973 0
0.9791941343348318 -0.01099010062590868 0
0.979318299208453 -0.01703882804883996 0
0.9794548805694364 -0.02369242821406437 0
0.9796051200665181 -0.03101138839581122 0
0.979770383513308 -0.03906224459573276 0
0.9799521733047769 -0.04791818641564644 0
0.9801521420753926 -0.0576597224175515 0
0.9803721077230699 -0.06837541201964707 0
0.980614069935515 -0.08016267058195219 0
0.9808802283692046 -0.09312865500048782 0
0.9822661503047052 -0.005428267551068215 0
0.9823738744729874 -0.01092721259352229 0
0.9824923710580978 -0.01697605214022177 0
0.9826227173017194 -0.02362977564159121 0
0.9827660981697031 -0.03094887149309758 0
0.9829238171244851 -0.0389998769297546 0
0.9830973079747453 -0.04785598291007731 0
0.9832881479100315 -0.0575976994884323 0
0.9834980718388464 -0.06831358772462279 0
0.9837289881605428 -0.08010106478443232 0
0.9839829961144088 -0.09306728955022281 0
0.9439026373436302 -0.007267690955446177 0
0.9444305919394216 -0.01274235433238899 0
0.945011341994792 -0.01876448404702608 0
0.9456501670556995 -0.02538882673312687 0
0.9463528746226977 -0.03267560368783775 0
0.9471258529463957 -0.04069105833801971 0
0.9479761291024636 -0.04950805845321987 0
0.9489114328741383 -0.05920675857994006 0
0.9499402670229804 -0.06987532871933227 0
0.9510719845867067 -0.08161075587266368 0
0.9523168739068057 -0.09451972574132825 0
0.9477153689612323 -0.006918269662702224 0
0.9481890773890027 -0.01239790584794794 0
0.9487101566595503 -0.01842550565171822 0
0.9492833438571524 -0.02505586543586553 0
0.9499138497745149 -0.03234926119842758 0
0.9506074062836136 -0.04037199653724582 0
0.9513703184436222 -0.0491970054099459 0
0.9522095218196316 -0.05890451516991599 0
0.953132645533242 -0.06958277590588309 0
0.9541480816182133 -0.08132886271544688 0
0.9552650613116819 -0.09424955820596706 0
0.9514520442959923 -0.006614837342559141 0
0.9518638413339975 -0.01209950275935064 0
0.9523168180758033 -0.01813263471782129 0
0.9528150924917896 -0.024769079872139 0
0.9533631943493747 -0.03206916954188849 0
0.9539661063927182 -0.04009926817861292 0
0.9546293096403959 -0.04893237667900979 0
0.9553588332128415 -0.05864879602944636 0
0.9561613091425317 -0.06933685731492659 0
0.957044032665191 -0.08109372472895483 0
0.9580150285401161 -0.0940262788843859 0
0.672420982106846 0.07501304951106928 0
0.673520760689398 0.08040197935114016 0
0.6747305171302052 0.08632980217521813 0
0.6760612492150931 0.09285040728170388 0
0.6775250545084698 0.1000230728988382 0
0.6791352403311842 0.107913005077686 0
0.68090644473617 0.1165919304744185 0
0.6828547695816544 0.1261387484108243 0
0.6849979269116873 0.1366402481408707 0
0.6873553999747233 0.1481918978439218 0
0.689948620344063 0.1608987125172779 0
0.9482389529670043 0.01350714311407725 0
0.9492564384418629 0.01891222461229786 0
0.9503756724642073 0.02485781426034054 0
0.9516068298887861 0.03139796287318748 0
0.9529611030558228 0.03859212634731912 0
0.9544508035395632 0.04650570616886392 0
0.9560894740716777 0.0552106439725632 0
0.9578920116570036 0.06478607555663241 0
0.959874803000862 0.07531905029910856 0
0.9620558734791063 0.0869053225158323 0
0.964455051005175 0.09965022195422842 0
0.9556945968285119 0.01214503361673492 0
0.9566516980711602 0.01756113871599391 0
0.9577045094380735 0.02351885432517879 0
0.958862601941678 0.03007234149528217 0
0.9601365036956431 0.03728117738239588 0
0.9615377956250045 0.04521089685822097 0
0.9630792167473022 0.05393358828162856 0
0.9647747799818296 0.06352854884737691 0
0.9666398995398098 0.07408300546970011 0
0.968691531053588 0.08569290775425562 0
0.970948325718744 0.09846380026726667 0
0.9194427152041458 -0.01021395806763992 0
0.9201938850092116 -0.01566243112254334 0
0.9210201717947841 -0.0216557514829371 0
0.9219290872589139 -0.02824840387937023 0
0.9229288942694566 -0.03550032151544667 0
0.9240286819810535 -0.04347743091513077 0
0.9252384484638101 -0.05225225125478327 0
0.9265691915948424 -0.06190455362840103 0
0.928033009038978 -0.07252208623938056 0
0.9296432082275271 -0.08420137211145803 0
0.9314144273349312 -0.09704858657074326 0
0.9237130534332886 -0.009633729046660388 0
0.9244401509361313 -0.01508547318241519 0
0.9252399581892583 -0.02108239173174548 0
0.9261197461676981 -0.02767900213600879 0
0.9270875129439818 -0.03493527358069844 0
0.9281520563978939 -0.04291717216985703 0
0.9293230541971972 -0.05169726061793151 0
0.9306111517764307 -0.06135535791081342 0
0.9320280591135878 -0.07197926493298355 0
0.9335866571844604 -0.08366556265737067 0
0.9353011150624204 -0.0965204901541965 0
0.9279042834064375 -0.009085341692205949 0
0.9286017083033131 -0.01454096865480568 0
0.9293688756898764 -0.02054215831366538 0
0.9302127598150959 -0.02714346693841105 0
0.9311410323528373 -0.03440490642563129 0
0.932162132144353 -0.04239248986157355 0
0.9332853419150201 -0.05117883164111003 0
0.934520872662754 -0.06084380759860018 0
0.9358799564852612 -0.07147528115183933 0
0.9373749486900192 -0.08316990206040241 0
0.9390194401152531 -0.09603398505982177 0
0.8050424207628227 0.04546161315304499 0
0.8062921129743174 0.05081775680079741 0
0.8076667744069614 0.05670951481332507 0
0.80917890198287 0.0631904486271055 0
0.8108422423163694 0.07031947582226397 0
0.8126719166832186 0.07816140573693828 0
0.8146845584867528 0.08678752864308004 0
0.8168984644706405 0.09627626383983595 0
0.8193337610529169 0.1067138725562675 0
0.822012587293421 0.1181952421443422 0
0.8249592961579755 0.1308247486912243 0
0.4596005380685572 -0.08259390018283048 0
0.4599011651500614 -0.08808572472393683 0
0.460231854939716 -0.09412673171915384 0
0.4605956137083361 -0.1007718394138925 0
0.4609957483538181 -0.1080814578781051 0
0.4614358964638484 -0.1161220381887389 0
0.4619200593848817 -0.1249666765304361 0
0.4624526385980184 -0.134695778706303 0
0.4630384757324687 -0.1453977910997566 0
0.463682896580364 -0.1571700047325556 0
0.4643917595130489 -0.1701194397286345 0
0.4688046781007301 -0.08205182768504272 0
0.4691499954361987 -0.08754102112360485 0
0.4695298445052142 -0.09357913390602318 0
0.4699476784811312 -0.1002210579666834 0
0.4704072958546399 -0.1075271744334095 0
0.4709128749654994 -0.1155639025468084 0
0.471469011987445 -0.124404303471547 0
0.4720807627115851 -0.1341287444887596 0
0.4727536885081391 -0.1448256296076934 0
0.4734939068843486 -0.1565922032385206 0
0.474308147098179 -0.1695354342324306 0
0.4779745795637902 -0.08143776757143832 0
0.4783634571391859 -0.08692404486997693 0
0.4787912224721212 -0.09295894989836942 0
0.47926176433835 -0.09959734542960114 0
0.4797793603912017 -0.106899580513956 0
0.4803487160493386 -0.1149320391067464 0
0.4809750072732891 -0.1237677435588159 0
0.4816639276196348 -0.1334870184560922 0
0.4824217400006149 -0.1441782208430962 0
0.4832553336196931 -0.1559385434688006 0
0.4841722866006791 -0.1688748983570755 0
0.3898959934575596 0.1055795503875705 0
0.3898015111657617 0.1110787943513098 0
0.3896975806447841 0.117127962711423 0
0.3895832570717087 0.1237820479075475 0
0.3894575011413257 0.1311015416232845 0
0.3893191696179045 0.1391529847105952 0
0.3891670049421411 0.148009572106637 0
0.3889996237988014 0.1577518182422829 0
0.3888155045411277 0.1684682889914934 0
0.3886129733576867 0.180256406815625 0
0.3883901890559015 0.1932233364221697 0
0.3804481707067479 0.1053745378864132 0
0.3803060866292388 0.1108727499400586 0
0.3801497941439787 0.1169207831990685 0
0.3799778724101927 0.1235736197839794 0
0.3797887585030281 0.1308917400273814 0
0.379580733205147 0.1389416722951236 0
0.3793519053774777 0.14779659778964 0
0.3791001947670416 0.1575370158336081 0
0.3788233130955618 0.168251475681973 0
0.3785187432569341 0.1800373815151743 0
0.3781837164344436 0.1930018779316958 0
0.9520016351787761 0.01280835509223293 0
0.9529898638067782 0.01821886962395679 0
0.9540769152975804 0.02417043560885303 0
0.9552726719374629 0.03071715819223891 0
0.9565880042413336 0.03791855303396336 0
0.9580348697755915 0.04584008735986026 0
0.959626421863275 0.05455377511834686 0
0.961377129159727 0.06413883165268211 0
0.963302907185824 0.07468239384045089 0
0.9654212630145309 0.08628031224699655 0
0.9677514544261084 0.09903802249419678 0
-0.005308362383320288 -0.000449605092846444 0
-0.01114756100497261 -0.0009441706949775325 0
-0.01757067948879016 -0.00148819285732173 0
-0.02463610982098946 -0.002086617235900347 0
-0.0324080831864087 -0.002744884052336826 0
-0.04095725388836986 -0.003468977550416952 0
-0.05036134166052713 -0.004265480398305091 0
-0.06070583820990014 -0.005141633530982045 0
-0.07208478441421046 -0.006105401976926695 0
-0.08460162523895179 -0.007165547267465809 0
-0.09837015014616726 -0.008331707087058833 0
0.8921406735462891 -0.01416434074682814 0
0.8929707062733692 -0.0196013616670342 0
0.8938837422731571 -0.02558208467926088 0
0.8948880818729239 -0.03216087999271023 0
0.8959928554326673 -0.0393975548375045 0
0.8972081063483851 -0.04735789716677821 0
0.8985448823556746 -0.05611427372897929 0
0.9000153359636932 -0.06574628794740048 0
0.9016328349325136 -0.0763415035876638 0
0.9034120837982159 -0.08799624079195342 0
0.9053692575504886 -0.100816451716672 0
0.8968767751010192 -0.01345218440977384 0
0.8976820546968849 -0.01889292768756948 0
0.8985678622523372 -0.0248777452931447 0
0.8995422505633348 -0.03146104465927744 0
0.9006140777054321 -0.03870267396202345 0
0.9017930875617391 -0.04666846619504406 0
0.9030899984036769 -0.05543083765136674 0
0.9045166003298083 -0.06506944625332169 0
0.906085862448553 -0.07567191571547213 0
0.9078120507791722 -0.08733463212383762 0
0.9097108579428531 -0.1001636201730396 0
0.9015440332971214 -0.01277249827625442 0
0.9023343113331935 -0.01821542636428963 0
0.9032036171728729 -0.02420264726112836 0
0.9041598535965202 -0.03078859024765097 0
0.9052117136625322 -0.03803312753282584 0
0.9063687597351453 -0.04600211854651819 0
0.9076415104150198 -0.05476800866157978 0
0.9090415361628819 -0.06441048778814754 0
0.9105815644855301 -0.07501721482737207 0
0.912275595640443 -0.08668461457051904 0
0.9141390299108473 -0.09951875428798072 0
0.732685001147457 -0.04326901596172072 0
0.7337233954195754 -0.04867010265909303 0
0.7348656291189057 -0.05461129802620256 0
0.736122086188169 -0.06114661293002305 0
0.7375041889643585 -0.06833545932422559 0
0.7390245020181672 -0.07624319035784838 0
0.7406968463773566 -0.08494169449483346 0
0.7425364251724649 -0.09451004904551705 0
0.7445599618470842 -0.105035239051269 0
0.7467858521891653 -0.1166129480575961 0
0.7492343315654545 -0.129348427964556 0
0.7396924026539186 -0.04192123870454881 0
0.7407304568955457 -0.04732239080281939 0
0.7418723165613357 -0.05326365811091702 0
0.7431283621937046 -0.05979905214982442 0
0.7445100123893104 -0.06698798559262255 0
0.7460298276044768 -0.0748958123797005 0
0.7477016243411598 -0.08359442184548624 0
0.7495406007515112 -0.09316289225785056 0
0.7515634748028976 -0.1036882097114513 0
0.7537886362594227 -0.1152660589104121 0
0.7562363138616004 -0.1280016930292691 0
0.7466154528965779 -0.04059170260603522 0
0.7476515360636479 -0.04599323324096712 0
0.7487912275474249 -0.05193491693939221 0
0.7500448881795796 -0.05847076900765982 0
0.7514239148749497 -0.06566020628275418 0
0.7529408442398569 -0.07356858728535798 0
0.7546094665412547 -0.08226780638822218 0
0.7564449510727924 -0.09183694740137277 0
0.7584639840574839 -0.1023630025158384 0
0.7606849203406445 -0.1139416631417507 0
0.7631279502521211 -0.1266781898302541 0
0.93201771776383 -0.008571976152526516 0
0.9326801385518263 -0.01403197227881694 0
0.9334088014186221 -0.0200379680177364 0
0.9342103305720977 -0.0266445633305478 0
0.9350920126409207 -0.03391181817464035 0
0.936061862916626 -0.04190579850314215 0
0.9371286982199019 -0.05069917686449414 0
0.9383022170535052 -0.06037189306198133 0
0.939593087770469 -0.07101188087921724 0
0.9410130455591292 -0.08271586747817673 0
0.9425749991266553 -0.09559025273703219 0
0.9360545509308856 -0.00809639351404616 0
0.9366768935040318 -0.01356111203922055 0
0.9373614703344927 -0.01957230241691239 0
0.9381145048479996 -0.0261846118323734 0
0.9389428428128572 -0.03345815218938052 0
0.9398540145742006 -0.04145904658208835 0
0.9408563035116784 -0.05026003041406696 0
0.9419588213429039 -0.05994111262924344 0
0.9431715909572519 -0.07059030306593757 0
0.9445056375330347 -0.08230441254630112 0
0.9459730887663959 -0.09518993297470101 0
0.9400158652757382 -0.0076609637994767 0
0.9405933046015104 -0.01313061905360724 0
0.9412284878598597 -0.01914723983315084 0
0.941927189444044 -0.0257655226906488 0
0.9426957611866467 -0.03304563383389655 0
0.9435411901035097 -0.04105375609146909 0
0.9444711619120589 -0.04986269057479887 0
0.9454941309014632 -0.05955251850646164 0
0.9466193967898078 -0.07021132923129068 0
0.9478571892669869 -0.08193602102860262 0
0.9492187609918838 -0.09483318200564576 0
0.9944290111958755 -0.005168688380215506 0
0.9945721621169011 -0.01066683333661974 0
0.9947296281300294 -0.0167147927886644 0
0.9949028407444706 -0.02336754818591352 0
0.9950933746203557 -0.03068557912288756 0
0.9953029618838295 -0.03873541315355899 0
0.9955335078736507 -0.04759023058729758 0
0.9957871084624539 -0.05733052976441002 0
0.9960660691101374 -0.06804485885923373 0
0.9963729258225894 -0.07983062086353977 0
0.9967104682062865 -0.09279495906827644 0
0.9973284741859078 -0.005088163639152089 0
0.9974928282229754 -0.01058571994092936 0
0.9976736176637497 -0.01663303187288436 0
0.9978724860486017 -0.02328507499803486 0
0.9980912412719386 -0.0306023224357004 0
0.9983318720176094 -0.03865129461713251 0
0.9985965658378472 -0.04750516401670782 0
0.9988877290401088 -0.05724442035624067 0
0.9992080085625965 -0.06795760232972681 0
0.999560316037333 -0.07974210250056156 0
0.9999478542595431 -0.09270505268847978 0
0.3758415582649429 -0.08414478718681706 0
0.375758727138665 -0.08964419447891488 0
0.3756676128997593 -0.09569354250022247 0
0.3755673872369631 -0.1023478253236608 0
0.3754571390078872 -0.109667536429443 0
0.3753358659559037 -0.1177192186458035 0
0.3752024655987219 -0.1265760690837999 0
0.3750557252058219 -0.136318604565596 0
0.3748943107736319 -0.1470353935955717 0
0.374716754898223 -0.1588238615285451 0
0.3745214434352731 -0.1717911762548157 0
0.3851865129026316 -0.0842539768045984 0
0.385142499729472 -0.08975383833963514 0
0.3850940852389965 -0.09580368602817557 0
0.3850408292994734 -0.10245851848557 0
0.384982247765998 -0.1097788341887039 0
0.3849178080791751 -0.1178311814621513 0
0.3848469244236699 -0.1266887634629433 0
0.3847689524026142 -0.1364321036638145 0
0.3846831831794528 -0.1471497778847729 0
0.3845888370339754 -0.1589392195278271 0
0.3844850562739502 -0.1719076053351867 0
0.3945320833914576 -0.08429401698527435 0
0.3945302486280042 -0.08979406003205499 0
0.3945282303882054 -0.09584410738351372 0
0.3945260103244267 -0.1024991594701183 0
0.3945235682542702 -0.1098197167653834 0
0.3945208819770981 -0.1178723297901749 0
0.3945179270722087 -0.1267302041174456 0
0.3945146766768304 -0.1364738658774434 0
0.3945111012419142 -0.1471918938134409 0
0.3945071682635065 -0.1589817245430383 0
0.3945028419872579 -0.1719505383455953 0
0.4276140018190536 0.1055827182495784 0
0.427707818649545 0.1110819738337923 0
0.4278110171630857 0.1171311549764276 0
0.4279245355279804 0.1237852542333265 0
0.4280494057293646 0.1311047634159151 0
0.4281867629508873 0.1391562235167627 0
0.4283378558945621 0.148012829627695 0
0.4285040581326045 0.1577550963497206 0
0.4286868805944511 0.1684715897439488 0
0.4288879853024823 0.1802597324775997 0
0.4291092004813167 0.1932266894846157 0
0.4182013749198263 0.1057006858788261 0
0.4182469126772592 0.1112005475905678 0
0.4182970042104353 0.1172503954734836 0
0.4183521048969291 0.1239052281446911 0
0.4184127156520722 0.1312255440830193 0
0.4184793874827296 0.1392778916151803 0
0.4185527264964528 0.1481354739005574 0
0.4186333994115483 0.1578788144144722 0
0.4187221396181534 0.1685964889797786 0
0.4188197538454189 0.1803859310016155 0
0.418927129495411 0.1933543172256361 0
0.1340318639475221 -0.06108718539308605 0
0.1329847208500073 -0.06648661549733953 0
0.131832863442741 -0.07242598861201838 0
0.130565820294748 -0.07895929903816509 0
0.1291720728319558 -0.08614594050692648 0
0.1276389506228844 -0.09405124612256401 0
0.1259525161929058 -0.1027470822997653 0
0.1240974383199293 -0.1123125020946867 0
0.1220568526596552 -0.1228344638691003 0
0.1198122084333537 -0.1344086218209552 0
0.117343099784422 -0.1471401955679956 0
0.1422955187976263 -0.06266034174988777 0
0.1412916239025988 -0.06806800594504164 0
0.1401873395180685 -0.07401643655971088 0
0.1389726266950853 -0.08055971023584706 0
0.1376364425898036 -0.08775731127959685 0
0.1361666400739939 -0.09567467242772162 0
0.1345498573066031 -0.1043837696906589 0
0.1327713962624733 -0.1139637766798898 0
0.1308150891139305 -0.1245017843680439 0
0.1286631512505334 -0.1360935928250134 0
0.1262960196007966 -0.1488445821276798 0
0.1506427932260261 -0.06417016781511169 0
0.1496928547921385 -0.06958759285099743 0
0.1486479225148623 -0.07554676039047173 0
0.1474984970098584 -0.08210184468389348 0
0.1462341289543541 -0.08931243740665738 0
0.1448433240932994 -0.09724408940169768 0
0.1433134387461392 -0.105968906596242 0
0.141630564864263 -0.1155662055102408 0
0.1397794035941992 -0.1261232343156394 0
0.137743126197129 -0.1377359660015779 0
0.1355032210603518 -0.1505099708561103 0
0.2226678278212761 0.09168416278521607 0
0.2218559883739297 0.09712395878989827 0
0.2209629649818487 0.1031077343950487 0
0.2199806392505595 0.1096898875607142 0
0.2189000809461414 0.1169302560429462 0
0.2177114668112816 0.1248946613734014 0
0.2164039912629357 0.1336555072369021 0
0.2149657681597552 0.1432924376867529 0
0.2133837227462567 0.1538930611815888 0
0.2116434727914084 0.1655537470259082 0
0.2097291978410752 0.1783805014546597 0
0.2137254357864355 0.09031359731003111 0
0.2128696403569067 0.09574665725495853 0
0.2119282653844249 0.1017230231943787 0
0.2108927529146951 0.1082970257277408 0
0.2097536891979921 0.1155284285144392 0
0.208500719109619 0.1234829715798074 0
0.2071224520124085 0.1322329689517125 0
0.2056063582054769 0.141857966060808 0
0.2039386550178522 0.1524454628808131 0
0.2021041815114651 0.1640917093828188 0
0.2000862606544392 0.1769025805350249 0
0.5671478245860537 -0.07183885537143964 0
0.5679110016673748 -0.07728567067892225 0
0.5687504964568281 -0.08327716751715314 0
0.5696739407252267 -0.0898678140392071 0
0.570689729420465 -0.09711752521346648 0
0.5718070969852274 -0.1050922075051518 0
0.5730362013064658 -0.1138643580260056 0
0.5743882160598281 -0.1235137235989448 0
0.5758754322885267 -0.134128025729178 0
0.577511370140095 -0.1458037580724344 0
0.5793109017768203 -0.1586470636500165 0
0.5757549613422385 -0.07060821446610503 0
0.5765460183805614 -0.07605104388587031 0
0.5774161811227166 -0.08203815624761213 0
0.5783733601390875 -0.08862397984552811 0
0.5794262570570953 -0.0958683858032357 0
0.5805844436669039 -0.103837232356714 0
0.5818584489376933 -0.1126029635655403 0
0.5832598547355617 -0.122245267895249 0
0.584801401113217 -0.1328518026579287 0
0.5864971021286377 -0.1445189908968764 0
0.5883623732456006 -0.1573528979597188 0
0.5842948862691624 -0.06934665723997352 0
0.5851087428290325 -0.07478611885394862 0
0.5860039850448895 -0.08076952662932124 0
0.5869887514823322 -0.08735127518223113 0
0.5880719945635192 -0.094591198590432 0
0.5892635619528249 -0.1025551143394529 0
0.5905742860810612 -0.111315421663376 0
0.5920160826221211 -0.1209517597196914 0
0.593602058817287 -0.1315517315816383 0
0.5953466326319694 -0.1432117006297798 0
0.5972656638281202 -0.1560376665827356 0
0.9797590117278494 0.008222903883083964 0
0.9806006023218451 0.01365813430060381 0
0.9815263519752404 0.01963688775987565 0
0.9825446765939752 0.02621351656507467 0
0.9836648336745835 0.03344780825079359 0
0.9848970064632525 0.0414055291050844 0
0.9862523965307886 0.0501590220448043 0
0.9877433256050782 0.05978786427849619 0
0.9893833475867967 0.07037959073555727 0
0.9911873717666871 0.08203048983832445 0
0.9931717983645666 0.09484647885136835 0
0.9979711200978618 0.005389731714157221 0
0.9988372654807964 0.0108211058697908 0
0.9997900254020244 0.01679561744098775 0
1.000838061315375 0.02336758016930438 0
1.001990900820061 0.03059673917045268 0
1.003259024275216 0.03854881407171581 0
1.004653960075886 0.04729609646310525 0
1.006188389456623 0.05691810709363365 0
1.007876261775433 0.06750231878721488 0
1.009732921326125 0.07914495165015423 0
1.011775246831886 0.09195184779938752 0
0.9860714573425835 0.007248617905895297 0
0.9869106835214557 0.01268421356324794 0
0.9878338323182152 0.01866336878633585 0
0.9888492959946505 0.02524043953173255 0
0.9899663060387295 0.03247521735166892 0
0.9911950170872162 0.04043347295359893 0
0.9925465992405518 0.04918755411572194 0
0.9940333396092208 0.05881704339405725 0
0.9956687540147567 0.06940948160022609 0
0.9974677098608463 0.08106116362701182 0
0.9994465612915447 0.09387801385647612 0
0.3521376182831873 0.1043140131465793 0
0.3518740412275749 0.109807723912797 0
0.3515841064664012 0.1158508057556364 0
0.3512651782291101 0.1224981957827597 0
0.35091435716809 0.1298103248125954 0
0.3505284540009678 0.1378536667454146 0
0.3501039605171334 0.1467013428715157 0
0.3496370176849156 0.156433786610227 0
0.349123380569476 0.1671394747228094 0
0.3485583797424925 0.17891573164665 0
0.3479368788328105 0.1918696142628747 0
0.3427183464061954 0.1038307134792174 0
0.3424167084232396 0.1093224720089556 0
0.3420849066419881 0.1153634063916676 0
0.3417199246826115 0.1220084342126509 0
0.3413184445272972 0.1293179648157324 0
0.3408768163564515 0.1373584484791222 0
0.3403910253685212 0.1462029805088509 0
0.3398566552817979 0.1559319657415524 0
0.3392688481864023 0.1666338494975242 0
0.3386222603814671 0.1784059216290931 0
0.3379110137960384 0.1913552009738189 0
0.1872619661201773 0.08580730372956594 0
0.1862771715077585 0.09121845585573782 0
0.1851938974340978 0.09717072319452688 0
0.1840022959530711 0.1037182172671948 0
0.1826915343239417 0.1109204607471296 0
0.1812496965318993 0.1188429285750578 0
0.1796636749606527 0.1275576431857789 0
0.1779190512322815 0.1371438292575721 0
0.1759999651310731 0.1476886339365446 0
0.1738889704197439 0.1592879190834143 0
0.1715668762372818 0.172047132744971 0
0.1785684706341421 0.08419280725189909 0
0.1775419092231008 0.08959620356537992 0
0.1764126916709554 0.09553993951020884 0
0.1751705523635954 0.1020780490495206 0
0.1738041991254995 0.1092699695427636 0
0.172301210563594 0.1171810820853309 0
0.1706479231454979 0.1258833058821549 0
0.1688293069855922 0.1354557520586613 0
0.1668288292096959 0.1459854428528184 0
0.16462830365621 0.1575681027263912 0
0.1622077255473755 0.1703090285873212 0
0.04523800897575064 0.04593535838295187 0
0.04297667247583936 0.05094967849224898 0
0.04048920232593695 0.05646543061247579 0
0.03775298516104431 0.06253275794472529 0
0.03474314627966239 0.06920681801019973 0
0.03143232351014229 0.07654828408222163 0
0.02779041846367018 0.08462389676144572 0
0.02378432291255085 0.09350707070859221 0
0.01937761780631959 0.1032785620504534 0
0.0145302421894652 0.1140272025265006 0
0.009198129010925378 0.1258507070501526 0
0.0388416227198834 0.04293184632753046 0
0.03645133639719336 0.04788562652177938 0
0.03382202144223431 0.05333478473545319 0
0.03092977499177935 0.05932885877049437 0
0.0277483038962789 0.06592234020903968 0
0.0242486856912284 0.07317516979143951 0
0.02039910566567286 0.08115328233207934 0
0.01616456763756175 0.08992920612678315 0
0.01150657580663954 0.09958272230095734 0
0.006382784792625107 0.1102015900925489 0
0.0007466146772092327 0.1218823446632997 0
0.3145511652404573 0.1019768860275823 0
0.3141311647844895 0.1074608607226819 0
0.313669164282925 0.1134932328872914 0
0.3131609637312041 0.1201288422683618 0
0.312601943124311 0.1274280125875394 0
0.3119870204567287 0.1354570999386346 0
0.311310605522388 0.1442890960248394 0
0.3105665490946134 0.1540042917196646 0
0.3097480870240613 0.1646910069839724 0
0.3088477787464539 0.176446393774711 0
0.3078574396410858 0.1893773192445234 0
0.30520547949677 0.1012276880224114 0
0.3047469584976034 0.1067085753886649 0
0.3042425853985202 0.1127375514915437 0
0.3036877749895287 0.1193694252047105 0
0.303077483539638 0.1266644862891939 0
0.3024061629447583 0.1346890534821256 0
0.3016677102903906 0.1435160773943505 0
0.3008554123705862 0.1532258036977979 0
0.2999618846588012 0.16390650263159 0
0.2989790041758378 0.1756552714587614 0
0.2978978356445781 0.1885789171686499 0
0.9853927945383372 -0.005367609634391563 0
0.9855013143407715 -0.01086653924534002 0
0.9856206861234492 -0.01691536181738332 0
0.9857519950843948 -0.02356906664663096 0
0.9858964349414349 -0.03088814195880336 0
0.986055318784179 -0.03893912480219299 0
0.9862300910111975 -0.0477952059299216 0
0.9864223404609178 -0.05753689517042306 0
0.9866338148556103 -0.06825275333497469 0
0.9868664366897719 -0.08004019731598146 0
0.9871223207073497 -0.0930063856950889 0
0.9884617614940624 -0.00530600797115525 0
0.988576674609005 -0.01080480927452997 0
0.9887030790354419 -0.01685349070824216 0
0.9888421239045224 -0.02350704028532557 0
0.9889950732605111 -0.03082594482011732 0
0.9891633175520985 -0.03887673980838825 0
0.9893483862728447 -0.04773261429548627 0
0.9895519618656656 -0.05747407623129409 0
0.9897758950177685 -0.06818968436068271 0
0.9900222214850818 -0.07997685330301017 0
0.9902931805991264 -0.09294273913957039 0
0.9914736360525741 -0.005240555386940808 0
0.9916002016779205 -0.0107391035278908 0
0.9917394238658017 -0.01678750648293579 0
0.991892568272471 -0.02344074973348528 0
0.992061027119807 -0.03075931730908971 0
0.9922463318518768 -0.03880974164225459 0
0.9924501670571536 -0.04766520840873596 0
0.9926743857829581 -0.05740622185186547 0
0.9929210263813429 -0.06812133663930793 0
0.9931923310395664 -0.07990796290549464 0
0.9934907661636121 -0.09287325179830001 0
0.3199348871714626 -0.08229526708778756 0
0.3196551094616717 -0.08778816981008952 0
0.3193473539809017 -0.09383036280462168 0
0.3190088229520547 -0.1004767750986071 0
0.3186364388203229 -0.107787828621991 0
0.318226816275418 -0.1158299874977133 0
0.3177762314760227 -0.1246763622610078 0
0.3172805881966878 -0.1344073745006318 0
0.3167353805894194 -0.1451114879642182 0
0.3161356522214241 -0.1568860127741632 0
0.3154759510166293 -0.1698379900651028 0
0.3292206252131883 -0.08274102338702481 0
0.3289732474534656 -0.08823548192458802 0
0.3287011319177706 -0.09427938631590754 0
0.3284018048285062 -0.100927681146359 0
0.3280725450303152 -0.1082408054598556 0
0.3277103592523052 -0.1162852422047019 0
0.3273119548964943 -0.1251341226240328 0
0.3268737101051021 -0.1348678910852969 0
0.3263916408345708 -0.1455750363926873 0
0.3258613646369864 -0.1573528962308167 0
0.3252780608196435 -0.1703085420527591 0
0.3385241317122956 -0.08313189129112902 0
0.3383100518305714 -0.08862774927259924 0
0.3380745639606749 -0.0946731930522165 0
0.3378155273037886 -0.1013231812097955 0
0.3375305869812137 -0.1086381681831323 0
0.3372171526263814 -0.1166846538538029 0
0.3368723748360658 -0.1255357880915405 0
0.3364931192667186 -0.1352720357530519 0
0.3360759381404367 -0.1459819081807144 0
0.3356170389015267 -0.1577627678511432 0
0.3351122497387256 -0.1707217134886148 0
0.9283311059346433 0.01747955176801036 0
0.929454447662592 0.02286361767443199 0
0.9306901235633356 0.02878609017149579 0
0.9320493670541535 0.03530080991826597 0
0.9335445348940533 0.04246700163971317 0
0.935189219517943 0.05034981253330508 0
0.9369983726042217 0.05902090451625619 0
0.9389884409991283 0.06855910569750243 0
0.9411775162335254 0.07905112699687328 0
0.9435854989913623 0.0905923504261812 0
0.946234280024983 0.1032876961984199 0
0.7927098902963494 -0.03173501477810693 0
0.7937355333713071 -0.03713853908505606 0
0.7948637407537605 -0.04308241582270011 0
0.7961047688744594 -0.04962068023410856 0
0.7974698998072279 -0.05681277108665786 0
0.7989715438332735 -0.06472407102446208 0
0.8006233522619236 -0.07342650095604673 0
0.8024403415334387 -0.08299917388078985 0
0.8044390297321052 -0.09352911409800728 0
0.8066375867506386 -0.1051120483369465 0
0.8090559994710251 -0.1178532759997795 0
0.7989509446443283 -0.03055550202309337 0
0.7999691998158666 -0.03596042261533621 0
0.8010892805045587 -0.04190583526680334 0
0.8023213692621201 -0.04844578918341717 0
0.8036766668954376 -0.0556397384916924 0
0.8051674942920869 -0.06355308273079514 0
0.8068074044284012 -0.07225776139380816 0
0.8086113055783467 -0.08183290792312249 0
0.810595596843287 -0.09236556910536825 0
0.8127783172347212 -0.1039514964058386 0
0.8151793096652987 -0.1166960164363559 0
0.8051111030590601 -0.02939868708402637 0
0.8061262160620627 -0.03480419775289989 0
0.8072428403653654 -0.04075025948866076 0
0.8084711270989985 -0.04729092739799771 0
0.8098222425059948 -0.05448566209826837 0
0.8113084694536908 -0.06239987026856608 0
0.8129433190961564 -0.07110549925589357 0
0.8147416537028686 -0.08068169114195382 0
0.8167198217702519 -0.0912155022166201 0
0.8188958066443737 -0.102802694398753 0
0.8212893900059075 -0.1155486057990992 0
0.9241249947761735 0.01836345619734432 0
0.92526252265299 0.02374454101589064 0
0.9265138033174882 0.0296637343162916 0
0.9278902120484362 0.03617484694673265 0
0.9294042616524791 0.04333707084021782 0
0.9310697162169262 0.05121551712305149 0
0.932901716237818 0.05988180803416852 0
0.934916916260799 0.06941472803639727 0
0.9371336362860782 0.0799009400388489 0
0.9395720283138851 0.0914357732415457 0
0.9422542595444728 0.1041240897645122 0
0.8481877974051497 -0.115638007170264 0
0.9794056950465841 -0.09579168445255058 0
0.9167702708684482 -0.1033489559157664 0
0.9510325925742051 -0.09729341619729272 0
0.8849193201626326 -0.108594038294062 0
0.9648367784486859 -0.09598552624651394 0
0.9336454394424778 -0.1001969294986873 0
10.51922776455776 -22.85140021981585 0
10.5263157895377 22.72098577952647 0
-22.71409104351521 -8.117242208847406 0
-8.110194376101809 -22.67603927570516 0
-7.984274243402128 22.54091404321523 0
-22.78653561997368 8.159623242052851 0
22.72098577952259 -7.894736842178459 0
22.58440123417135 8.053764296037052 0
2.522685795686896 -22.80016909064635 0
2.586423885374465 22.84193931982736 0
-22.65911394633066 0.03203627565528485 0
22.75238233957247 -0.1002042895601075 0
0.8699460089582749 -0.1115298453666512 0
0.9033600975753455 -0.1051184528009196 0
-22.99032333285841 -15.73984357403785 0
-15.79379702991441 22.82361951546839 0
22.67842865912152 15.85687702702496 0
22.68657675103384 -15.40167158895741 0
-15.74672970556866 -22.99550841537547 0
-22.8083119080935 16.03065377231147 0
-2.537639492422949 22.76835851374302 0
-2.520833922696592 -22.87137311939265 0
15.83873762813758 22.89505728218359 0
15.75419626570091 -22.91824777170432 0
0.9259125612344464 -0.1022477182838503 0
0.895397537083763 -0.1069709587886699 0
0.9414788829937535 -0.09923467728515706 0
0.8591874296294879 -0.1132926381101728 0
0.9733959897521269 -0.09584589250066271 0
0.9570550009264972 -0.09667608525294627 0
-22.95492488264374 -21.19497588208311 0
20.98052709130456 -22.50493997394387 0
-20.93986909361645 22.78516924692921 0
22.61663763434407 20.89685656983166 0
-0.006419912407204334 22.82649278538206 0
-1.308071557264689 20.75821884420883 0
-3.481299572483911 20.62281059397809 0
-2.462476368668481 18.84177126627969 0
-4.422697506101251 18.7062116258879 0
-3.468469709680101 17.03159510833691 0
-1.539986671020801 17.11631052498241 0
-2.451126915942354 15.47986022024028 0
-0.7069611928625503 15.51567006343231 0
-1.470104181187328 14.08287430557756 0
0.09033684387960662 14.08963812747296 0
-0.6639459812590194 12.76632664074998 0
0.8392882361035003 12.77054085515077 0
-2.132585944610851 12.72893145171525 0
-1.313615503341497 11.28307022577899 0
-2.730473880333893 11.41307887443892 0
-2.120096822276482 10.22596077454103 0
-3.341640565088338 10.2487389186115 0
-2.636819796775376 9.198526873478034 0
-1.586523719636756 9.170507588498548 0
-3.872100168982794 9.123616602819968 0
-2.003272609545146 8.251075638484771 0
-1.019390590145476 8.258552230162515 0
-1.432446047345938 7.429868330107827 0
-0.5300579154976448 7.438645448552853 0
-0.9186995054037599 6.686895355528025 0
0.8231432769676825 0.1370868207981722 0
-0.1083372023630065 6.694102698212774 0
-0.4957708313190975 6.005925414864398 0
0.670809207434401 0.1721607745520096 0
-1.248746565085616 5.977671788026726 0
0.4754225075810414 0.2001755256091975 0
0.3521781917572329 0.2015500121770495 0
0.2775241982923343 6.013200425057303 0
-0.8596004864797636 5.362674567485834 0
-1.540906575725926 5.319817454170365 0
0.184303187106597 0.1827177198484606 0
-1.183724545583065 4.753757024219114 0
-1.827246259805849 4.717778687897434 0
-1.471814240863933 4.202334630994342 0
-2.08896047391571 4.153339849032683 0
-0.8891478091462363 4.231139991257096 0
-1.136138222986162 3.742876389617754 0
-0.638977039825309 3.753539290910439 0
-0.8440046782982338 3.334264315587503 0
0.05423544255838562 0.1518981561762785 0
-0.4083925733349449 3.343374324905316 0
-0.6053926629276402 2.965876506348748 0
-0.1937544355338772 2.982486567931712 0
-1.016335703718714 2.939329602414692 0
-0.7830230241453883 2.604473461828604 0
-1.166541410396331 2.570575166923368 0
-0.08975392813903361 0.06841898254037204 0
-0.03306757104210832 0.1146534459140507 0
0.6828358419980093 6.670992499484395 0
1.050044058868377 5.988242252822463 0
1.477385132899665 6.673830868696332 0
1.876777663653923 5.897276223731323 0
2.324321405569825 6.681423855255137 0
2.735416479130465 5.882278995553736 0
3.218452999519022 6.695249961209556 0
3.640320450725429 5.90995537471597 0
4.14757701299177 6.703403979802744 0
4.604916815953442 5.725025950046877 0
5.194971249721243 6.869058832836449 0
5.731570708901947 5.810420027310723 0
6.320307903509233 6.745284221731176 0
6.859202982229718 5.741902108553798 0
6.126185118698984 4.703706558875256 0
7.353859417112763 4.712726519450374 0
6.784597688375844 3.744439179129396 0
7.506206840126694 6.744636601285515 0
7.875936917492364 3.726646743766053 0
7.301903894934785 2.80444240062729 0
8.381382253828946 2.76671689716726 0
7.865447666240436 1.898532444890432 0
-4.616199155783365 10.19378613001973 0
-5.180744189328953 8.985867793233517 0
-0.9527055551400179 2.267623406160669 0
-1.316905579161023 2.230198995745112 0
-1.106640346906905 1.949398712475678 0
-1.462407943131165 1.904421232014804 0
-0.7767818356537077 1.980066728217308 0
8.900860325555113 1.808706882082291 0
8.331632029186393 0.9153789515717612 0
-5.971555827218125 10.14088862653917 0
-6.591305089486365 8.883141513117966 0
-0.9103152826557167 1.694063363826345 0
-0.6415960734727285 1.714260519451404 0
9.432355041577431 0.8219346029758863 0
8.80095694429151 -0.1273476413148097 0
7.618254010117031 0.02836071736002237 0
8.162633984463159 -1.037698113219679 0
7.096230373183445 -1.00926066485467 0
7.574158745344352 -1.935788152971295 0
6.563128698092848 -1.873725888164385 0
7.006522377574253 -2.794121561654104 0
5.958314088448511 -2.732692585680114 0
6.444487470692784 -3.657919683784201 0
5.404951293368287 -3.658020141196334 0
5.875790044997037 -4.528666386129417 0
4.854978528920809 -4.500873401979194 0
5.280886477980912 -5.410159729920012 0
4.271014066764588 -5.392531297560589 0
6.502934645890878 -5.540695948828212 0
4.691028347974536 -6.325924403783924 0
3.621285299077201 -6.289790929950077 0
8.693072117720844 -1.99798745432287 0
4.107603731458566 -7.28445175703732 0
2.963267318102217 -7.222176542378517 0
2.551343890033957 -6.256983648849404 0
1.868868264631514 -7.113387866350712 0
1.497548090226877 -6.01570974973126 0
0.8313292876771464 -6.971022882912675 0
0.3798067930093801 -6.066399976984452 0
-0.2017403765134186 -6.89103219575523 0
-0.6205606070444467 -5.987247604363164 0
-1.226396257254446 -6.808895785503184 0
-1.658806596701087 -5.881323009926948 0
-2.285650369474149 -6.732358978214313 0
-2.747092550125697 -5.748535051126143 0
-3.409542608348026 -6.666538436176994 0
-3.91182508905547 -5.667661323786019 0
-4.609481679840305 -6.601447398362168 0
-5.141239853071705 -5.536383013217329 0
-5.866156413250792 -6.496687879087051 0
-6.42502051426397 -5.302021195070388 0
0.2503734775961117 -7.704654775377676 0
3.461106595817804 -8.315325336907183 0
9.034262325312014 3.661554654419976 0
-7.229227376055002 -6.434908233483981 0
-0.7409827752372242 1.480638674250369 0
-0.5142328964416205 1.49477761647759 0
-7.810860739543266 -5.131194148378295 0
-3.986676124402295 -7.681771347619488 0
-0.5975073941620148 1.293229164601427 0
-0.3955250213301451 1.311262598364996 0
-0.8065044611858651 1.263253901868689 0
6.27218312340678 2.822376382339553 0
-6.92568434672585 -3.882430504403781 0
-8.362216729728077 -3.819985521805986 0
-0.4694287006900787 1.137258613662015 0
-0.2884008597103107 1.149953985227922 0
-0.2076252917471927 1.312996794889354 0
0.5732409353155383 0.1897308279143272 0
0.5256752520567899 0.1961112381041158 0
0.6183728501999735 0.1818948675898948 0
-0.1176960185171355 1.163584649862374 0
-0.03536772825298367 1.312791352334216 0
0.05074117317590295 1.147498742407397 0
0.1312403646900525 1.306524613024032 0
1.022590959411612 0.09673339826202659 0
0.9107698162501052 0.1169455774104323 0
0.9551666131936609 0.1049757746135728 0
0.8749980018456638 0.1249672708118627 0
0.9823591955428379 0.09991914432666055 0
0.9334848287166173 0.1112955298928631 0
1.000057035571092 0.09780630883626884 0
0.2610469376893477 0.1960857710978159 0
0.2234952018218168 0.1911072420849801 0
0.3021345756264156 0.1977860688333634 0
0.9691940337430449 0.1020932538964371 0
0.2147633267546662 1.172434097396523 0
0.292717290946835 1.305725318721585 0
-7.606285120012499 -2.640650827555878 0
4.711336994938498 -8.386068669887077 0
6.044153934579246 -1.043344398280457 0
-7.411825966256708 10.07306075785541 0
-8.086952427856895 8.727553091930691 0
-8.935454824021853 -2.542559370876173 0
-8.087917643728524 -1.431610453313153 0
-0.3649772963823885 0.9987546009220514 0
-9.460892651153776 -1.258372054780252 0
0.153373650842958 1.0357878578158 0
0.2881860759296743 1.046999907020502 0
0.8348541740979187 -5.191418640693654 0
6.924233576028365 7.808234582766215 0
8.151113882661882 7.821779881175527 0
7.490691179127217 8.988911969531618 0
8.982210912041829 8.992877018173768 0
0.2207233998199112 0.9254172826415651 0
0.3466901921185239 0.9324015998639914 0
-8.658806272883623 -6.293097975357391 0
-8.030490646674425 -7.671356441358146 0
-3.264384832131416 -4.684074786923063 0
0.2892046771851696 0.8306484550473368 0
0.3972887624440054 0.8369067914801338 0
0.7488860282478799 0.1561045084931202 0
0.7110824080941891 0.1633807483223496 0
0.7845766633169987 0.1471057423506671 0
0.4608190924515463 0.9298376895301816 0
0.5051774122888646 0.8190613735868242 0
0.5751120751455882 0.9263666886752989 0
3.207426591303956 5.120902978047654 0
0.9451424560632758 0.1088694680054808 0
4.016974088180406 -9.472249555344785 0
5.357237413755501 -9.545767767789586 0
0.3414318720856307 0.7483334663641006 0
0.251999516187977 0.7349704483619385 0
0.1181496306862153 0.1681542861965541 0
0.1464510852585359 0.1756584798554992 0
0.09074139008342177 0.1630171563501203 0
4.536406219634044 -3.710046268406137 0
-8.949101085080303 10.00522483670058 0
-9.644701790142403 8.581144786110514 0
-9.577871537332117 -7.544165075305671 0
0.3005396083423502 0.6640818161153488 0
0.4131651659025779 0.2025152374999805 0
0.2192750215495746 0.6553906072597647 0
0.4443955250033108 0.2023274413828974 0
-8.886506801529359 -8.970307494040714 0
0.2658420306872605 0.5919640272358029 0
0.1919459793873929 0.5852223278543063 0
0.3394217243644335 0.5957892813523075 0
-10.35875836657266 -2.417911601424341 0
-10.93083696462777 -1.042356712329666 0
-10.5690814152127 -8.870474292666362 0
8.188781980511965 10.29262929142205 0
1.627783332913299 14.06938595312563 0
9.706830974656995 10.31201131711072 0
10.55515759794184 8.867454986965239 0
0.299465543498855 0.5276222096328902 0
0.3685138862823883 0.5335620840643607 0
-7.189071124617262 7.588731475857946 0
4.608459347118696 -10.73153842978078 0
6.056126976142853 -10.81554864530288 0
-10.56137232133246 9.928313761797238 0
1.006155429427848 0.09620167800646447 0
0.3419004821193621 0.4815580447041619 0
0.3969146182635606 0.4824655594855235 0
-11.30027632968216 8.392296314911899 0
-6.719888645865394 -1.624016121316044 0
-11.87370987468119 -2.287189900477005 0
0.06406882751226931 1.441611959239091 0
0.009152938908815633 3.344742175620538 0
0.2202737762136473 3.013941116420923 0
-9.813083098689702 -10.4194660683878 0
0.372515311785197 0.4371450078194541 0
0.4244349832415025 0.4378820045278231 0
0.322876772626485 0.4348779790658801 0
0.4493095246595396 0.481476949953086 0
0.474873831557954 0.4371523497427501 0
0.5003089143237954 0.479477928103932 0
0.5238111389592914 0.4357893738450739 0
0.5509952478854304 0.478491426629437 0
0.5749126195375999 0.4245557016860044 0
0.6028750706972217 0.4763850034301361 0
0.6290585593329212 0.428690747832016 0
0.6562616666510179 0.476026998382131 0
0.6836842975697126 0.4215641094109016 0
0.7117231518996043 0.4753441871081026 0
0.7384109777433495 0.4270312807461156 0
0.7688129334474401 0.4764715327722611 0
0.7961218534796124 0.4261980011905092 0
0.8406042220591953 0.4849516704346382 0
11.26385151176431 10.35702723271427 0
-12.48564657952975 -0.8298208460524669 0
-7.203561127248769 -0.460751039188541 0
-1.685313709147669 2.204375955240121 0
-1.862088558444708 1.838429906476529 0
-2.117395704484483 2.21170315170402 0
-2.323679552797495 1.757990080376468 0
-2.636946193299233 2.170161559424463 0
0.7659000328053733 0.3802659726092357 0
0.8177517698753386 0.3781514688125156 0
0.1433756660745865 0.6461527511646664 0
0.1171306609171943 0.5651921520236627 0
5.243129958967299 -12.05263679909931 0
3.857974404541844 -12.11334235063305 0
6.781915087873524 -12.15059694354112 0
7.604458292628106 -10.83493828240842 0
8.382122661163358 -12.17294069494912 0
9.251222361067924 -10.78985374152841 0
10.07931094428531 -12.25405876406255 0
10.99758801657482 -10.74188919787616 0
-2.853542188710265 1.659831940611724 0
-2.515538156098034 1.275121790872531 0
-3.189461021341844 2.113057095065916 0
12.15092208265569 8.795972501110615 0
0.3514591265640416 0.3898243594350561 0
0.3073865120238329 0.391427301475257 0
8.867643252031904 11.54613954997782 0
0.6453481708228653 0.3828637946788379 0
-11.61140876464331 -10.30298075977569 0
0.4968924164088214 0.3971633331578689 0
-2.48474029692411 4.696257894013069 0
-9.803535665616192 11.44239328677142 0
-0.05274770635777052 0.1017017185059165 0
-12.26615600387615 9.843345950577596 0
0.7854835615978241 0.3357770947604068 0
0.834122150443305 0.3348890096123421 0
0.4273305511043362 3.348135891737977 0
0.6419535614998807 3.012921781907044 0
-13.48953869396683 -2.124384666435088 0
-10.76004585456142 -12.00213580459667 0
-8.900954697099852 -12.1129548975623 0
-3.058831451816427 1.119173943271369 0
-2.683322288991126 0.664216384301343 0
0.3265959414549979 0.3573326586293402 0
0.2911943000818408 0.355972205990254 0
11.86217334411693 -12.37541374806445 0
0.7368010796473939 0.5283922380304824 0
0.8127928171416015 0.3008627985970687 0
0.851376642117194 0.2991841056464218 0
0.8760488377810518 0.3316229737801069 0
0.8929821679868944 0.2925455537284447 0
0.918148534171682 0.3264210987106729 0
0.9340366369228273 0.2872997655322579 0
0.9638869361526985 0.3241095559246355 0
1.062827845697393 0.08249011626373692 0
0.7765572391293241 0.2983701210997508 0
0.06710842574004025 0.6358666813148952 0
0.03953083038150308 0.5642239340322073 0
3.677670855967167 7.598641077770822 0
0.07775892615790446 0.5044887590095555 0
0.0119328115641512 0.4985614372426558 0
0.0512606956265782 0.447774620874906 0
-0.01133906796128203 0.4384616254734076 0
0.01022960670586948 0.1355066393514698 0
-0.05159275077258994 0.4875973150480635 0
-0.07416991905168555 0.426810721967758 0
-0.1157936645443518 0.4765761853717927 0
-0.1370565464883722 0.4147998806562181 0
-0.1819554711457287 0.4649660766055272 0
-0.2023549095054563 0.4017885150008746 0
-0.2565420762287888 0.4560056862303494 0
-0.27306277261484 0.3677038780698105 0
-0.3424240372514449 0.4426605281229088 0
-0.3716311899439799 0.3523829387852404 0
-0.1586587088823944 0.5315349652592137 0
-0.09704243639225742 0.3717389841829173 0
0.02696424966524125 0.3938788036891042 0
-13.04770064179656 8.217773737333744 0
12.96555035477716 10.39816713980195 0
0.8319041420877091 0.2732557379792813 0
-0.5085369058341438 1.953702353496859 0
5.923808530857356 -13.49516088107828 0
-14.06265452145143 9.755641348790039 0
12.76093879094119 -10.79094755484974 0
11.91213714827397 -9.177237492702554 0
0.3111786258279581 0.3226158064799619 0
0.2781248992160419 0.3249845095943272 0
0.341943951886043 0.3269733583864404 0
0.258175889431649 0.3515723332180203 0
0.2458356192521304 0.3217101740028131 0
-0.3100631354477504 0.2808041048026853 0
-0.4006491828430507 0.2613589538440088 0
0.8520690615068528 3.345669842684695 0
1.075942343638962 2.979635995924663 0
-12.68931338631832 -11.84492766572874 0
0.9116429214623352 0.2536254394844355 0
0.9476530373574212 0.2496674303475228 0
-14.17750429839013 -0.6534790550595434 0
0.02865458426971423 0.1418389098186821 0
-3.296257206448559 0.543885695099999 0
-2.886566530136222 0.08403552576961773 0
-11.64180167446386 0.419562955188252 0
-0.005653808949610847 0.1262069492314794 0
-2.302052821369046 0.210969600935807 0
-2.439354648106403 -0.3710247817756508 0
-3.076347082067898 -0.5055171976133059 0
-2.695481880488951 -0.9583726249101909 0
-2.06196942068623 -0.8603928339409526 0
-0.05863721536182401 -0.1003770940240436 0
-0.08395612564422908 -0.05674514121214891 0
-2.226170381913742 -1.375070833646824 0
0.1021423358106397 -0.151205717518575 0
-1.65148273069342 -1.229217527640774 0
0.2711043770566847 -0.1758803222433927 0
-1.806897952059785 -1.739062445398596 0
-1.301894213700352 -1.611569333631082 0
0.6196726068075324 -0.1593387195878954 0
0.5086683834457606 -0.1767624040417793 0
0.4005203878721528 -0.1825355256230158 0
-1.437394584225741 -2.110013637748619 0
-0.9607887507414393 -1.968831035499209 0
-0.8186052152455959 -1.538883370260099 0
-0.5343867021436066 -1.830399834661607 0
0.02370826756420266 -0.1318497897871658 0
-0.4216227274262193 -1.432553045156767 0
-0.1633548532320127 -1.711807185760273 0
0.7397308339507422 -0.1378962990463866 0
-0.6814998322808479 -1.21242564818157 0
-0.1046091844758485 -1.352908731269609 0
0.194099860870914 -1.556812577710046 0
0.1852061262899114 -0.1661649772892911 0
0.103497692472185 -1.979509144085165 0
0.4731033396007194 -1.847731063110511 0
0.5686472099574938 -1.487105136453242 0
0.8346726818818646 -1.735030319953312 0
0.8966664868709037 -1.358042311433723 0
1.164449168005508 -1.611128413588328 0
1.22466066161901 -1.283904245264703 0
1.48294134687817 -1.501515345251043 0
1.523186518703935 -1.142279946809029 0
1.794360892991093 -1.387800822700307 0
1.842066163411596 -1.086920217488007 0
2.099512476021324 -1.280342531533908 0
2.118058873868931 -0.9315883447238433 0
2.426916004019025 -1.176708153106956 0
2.484654636502095 -0.8192244731211658 0
1.734522993773797 -1.750205189075051 0
2.208935069214857 -0.5861226172152041 0
2.544282696858779 -0.4624080734596783 0
2.266437086173387 -0.2480781548735824 0
2.591028826487106 -0.1084096644635972 0
2.275946065031232 0.1301127740226023 0
2.648790721863762 0.2594449745172532 0
2.350460272060459 0.4854633462651843 0
2.706595975988021 0.6350847179805954 0
3.038704585309674 0.3887838789698942 0
2.851427773930593 -0.6631934052312478 0
3.092356138357608 0.8797055028770862 0
2.389272924932945 0.8666874565122376 0
0.7248084151037349 -2.107443108698341 0
1.637291637290038 -0.8848433900486725 0
1.025862619733719 -0.1010619031758495 0
0.9984041894868209 -0.09545165423020704 0
3.473117726739007 0.5377803185852704 0
3.566581464873382 1.041365649632514 0
1.020271119384918 -1.080632050709855 0
-1.075070290173773 -2.479276257311124 0
13.86242678537936 8.80606800265808 0
2.030994006303344 0.6990907993401057 0
2.087856730725325 1.078160654121405 0
1.785511709973778 0.9233257102392551 0
1.771723711014476 1.271475456756899 0
2.131766885751044 1.445071714389579 0
-13.43685187303034 -10.12235018138872 0
3.960593455688085 0.7084530403543653 0
-0.5293214479326682 0.9768833427793886 0
-0.478120579793621 0.3361698665682137 0
-0.5073134617424189 0.222160021038087 0
-0.6102133785381658 0.3274011103131161 0
-0.6472200493585245 0.1697111882958757 0
-0.7851302094632273 0.2919449637410939 0
-0.511475130862904 0.08622816209758316 0
-0.6911925475882811 0.00636661154357452 0
-0.5369731172668323 -0.09924725034396908 0
-0.7168139134617687 -0.1694332890458213 0
0.2795405092268644 0.4261598174498216 0
0.2254263895517339 0.3472984294605909 0
0.2124449041772693 0.3166934777715347 0
-11.80144319692553 -13.65078945011449 0
13.68039234502888 -9.208231027515584 0
12.82462045073805 -7.657415846717464 0
-2.902315361249573 -1.568554388595627 0
0.3328104477065383 0.299368421146512 0
0.3587591116143393 0.3026267097469418 0
0.3830957274129072 0.2019257085130713 0
1.718030029030183 0.6458150274667194 0
0.2639775673755647 0.3010727044257665 0
0.9281151072051009 0.2220013943152781 0
0.9571953394411731 0.2179511243678376 0
0.9806075665723248 0.2416063042202799 0
0.826879727122289 2.591926349474612 0
14.82668954925953 10.35744798510493 0
13.85034245456917 12.03966848105824 0
-15.24082105336823 -1.978269785995588 0
13.69224974915369 -12.24797935588214 0
1.52420220171379 0.8029140502571868 0
14.63453270051873 -7.670804524351817 0
13.79692308433068 -6.083308992834337 0
15.56798075837927 -6.112670993171276 0
14.76820632402096 -4.532418854689184 0
0.5056636743560383 0.1978976730762885 0
9.975914116159652 -0.2208133377262967 0
10.65981218904834 0.8264904755091118 0
0.3317410616869354 0.1996722502098282 0
0.5451469451415227 0.193429154048925 0
0.1656439482047488 0.1777595800063495 0
0.7698332971916578 0.1505503915670623 0
0.6873070014353295 0.1688708615396058 0
0.2420169752547824 0.1935512417756052 0
0.2047549825919967 0.1884609646989239 0
0.5923102331721242 0.1865923895466473 0
0.7340880507220741 0.1583578205082111 0
1.306381539815109 3.361746783529422 0
0.2824616901557411 0.1964415933039051 0
6.716191315231153 10.14370641143975 0
0.6544242703400011 0.1762541330373192 0
0.6369595689608238 0.1791446809176422 0
0.8354080818754921 0.1340245932855379 0
0.8537017096375283 0.1298594784905749 0
0.1928366774292773 0.3433555117371745 0
0.1818936138080808 0.3121945299877539 0
0.1995285720528061 0.2881386793618438 0
0.1693257871258347 0.2841928531370604 0
0.797621529285596 0.1431779810235908 0
10.89937758002389 -13.82832683123076 0
0.8102698172110113 0.1391371606494236 0
-14.87359181443545 8.084982811855195 0
1.543791954850851 2.963491127770809 0
-10.31088644814427 7.073595739343476 0
15.32870204450587 -9.421249864110852 0
0.9380905591903976 0.1938300149323265 0
0.9648986732088075 0.1907115400295544 0
0.9123239083576663 0.1998129663877851 0
0.4040349583829469 0.5891711309565419 0
12.94317945583152 7.276576009906734 0
14.69866661604345 7.241722260211654 0
0.07371755304138743 0.1573070933464313 0
-0.3901485331859464 4.203018383496527 0
-13.85565430465538 -13.47835589555419 0
4.038822471929373 1.247878414564782 0
3.579823855152428 1.569886404064529 0
4.465771163314181 0.9310932623326496 0
0.5803731787138582 0.5269592095574887 0
-2.430401111556241 7.326285805933658 0
3.851800308466157 0.1766774921623049 0
-13.21788822936238 11.41491268620279 0
-0.5713974140530484 -0.2826213082269949 0
-0.7626425696994238 -0.3732614193330215 0
-0.9362184505338587 -0.2256367632149076 0
-0.1023039446726646 8.265561524915222 0
0.1487513088903573 0.3096835105312182 0
0.1414045934930344 0.2784179404034606 0
13.76421832273452 5.732322236784585 0
15.52332496139206 5.673934866087331 0
-15.15689256482262 11.34398854654614 0
-14.21899411671581 13.14174220434167 0
0.3473562144669396 0.2792204928144875 0
0.3709074779750199 0.2805307530790366 0
0.38375121164489 0.3015197652704936 0
0.3964116980820761 0.2764537374237622 0
0.4087102895939059 0.2998368078424864 0
0.4203848565679026 0.2789416436619629 0
0.433386708741054 0.2996914637380124 0
0.4447225775317425 0.2787190331133387 0
14.58135938647452 4.237991346444812 0
-3.51987823957381 12.59917413972929 0
0.8856073973038497 0.1213936489967986 0
-5.461064210925927 16.92082934813573 0
0.8636167250059823 0.1282453956822911 0
0.1586103967300656 0.2587278628684349 0
0.1335514557011764 0.2496327771415513 0
0.115534931291674 0.2708624985106411 0
0.1086257673820247 0.2464715297047758 0
0.09054095831308406 0.2648914170798697 0
0.08399150474503761 0.2368330212480761 0
0.06567736617974086 0.2580014214629848 0
0.05895843856587477 0.233368030568063 0
0.04061639772434561 0.2519727602593024 0
0.03436517345494087 0.2276256154084266 0
0.01540853369580773 0.2454855397807037 0
0.01082010221257902 0.2169381954908747 0
-0.01014772927172137 0.2385347664988369 0
-0.0166283124009654 0.2082121376527156 0
-0.03738370566132229 0.2319664220719544 0
-0.0448119835023915 0.2047614621921243 0
-0.06624102468136406 0.225651855260011 0
-0.07330349553809512 0.1957493567755214 0
0.09884985495004628 0.2920326793514465 0
-0.09867179157993473 0.2191720709740792 0
-0.1039080963723844 0.1805734722207465 0
-3.720324912946676 1.049422422670868 0
-3.977930075331605 0.3900546202413334 0
-4.486487724783196 1.041986687577086 0
0.4580582565777144 0.2991726228415316 0
0.4691852943160075 0.2747044546148176 0
0.4828062812957666 0.2984174908196977 0
0.4951285374803378 0.2733395887156543 0
0.5079484820312385 0.2977341697146755 0
0.5198284421310285 0.275997611663706 0
0.5331817895884978 0.297745676752589 0
0.5458391643477246 0.2721038063393424 0
0.5588979280569579 0.2968071150528588 0
0.5713297430107839 0.2742809840654188 0
-1.861418619272909 -7.745937550069894 0
0.895429729866256 0.1194635599065274 0
-13.80676636103292 6.54455216879485 0
-15.67603139550406 6.380781878082654 0
16.60668715133782 -4.575024263474872 0
15.69807608702504 -3.026331619215993 0
1.483594379648923 0.561321814539103 0
1.092591497850958 0.04971436643036832 0
1.314084521766944 0.6892694348208048 0
1.333432446597352 0.921308293609218 0
-0.005466626697016641 0.2682060064650591 0
-15.97404066674421 -0.3909647051495807 0
0.9508168116931346 0.171517527206439 0
0.9719826634593269 0.1685583195719727 0
0.9880856561629261 0.1846995083080644 0
0.9942551997935629 0.1622294017295476 0
1.011999395591976 0.1795095661367916 0
-0.5443404459518024 0.4453326499708271 0
1.153405911576491 0.822321267945298 0
1.163573315778544 1.024104766459683 0
16.36759015894537 4.086702168594575 0
-12.80374183835949 -3.64598819535029 0
1.065865406755236 3.774536359332311 0
1.800647166675909 3.385561965421479 0
2.121172290168468 2.861454598609624 0
4.112888027209268 1.820468396228337 0
11.94802248695913 -5.912828275192323 0
0.6296730358887199 0.8252617949209899 0
0.9245845678398209 0.1129725129099256 0
-6.754255874232083 11.3166574557939 0
0.5847081663341777 0.2964588981452208 0
0.5959870351405325 0.2736042132812307 0
15.83385022692409 12.00808496106562 0
14.84142148896655 13.72886854374845 0
7.542155634903921 -3.81450995013285 0
-12.95488252936173 -15.33388408040787 0
-10.85703220949727 -15.44080609571524 0
0.2006201991337963 17.00434746802247 0
0.04548822996870091 0.2787756618653714 0
0.5858328908104146 0.2515261163684576 0
0.6087887196184695 0.252738704060241 0
0.6201628841357818 0.2719831398640079 0
0.6297421293785057 0.2508998794567977 0
0.643344500320663 0.2692472422886301 0
0.6521394354109523 0.2452667140255984 0
0.66634202801863 0.2665808339477874 0
0.6751488726395722 0.2452015629449699 0
3.621060471855964 2.167533562163881 0
-1.722538243972718 -2.666909087360472 0
-1.211815295905893 -3.067104832227431 0
-2.774069757034934 4.074957277319212 0
-3.198784192408191 4.664420541825491 0
-3.545927802924076 3.961725896685035 0
-4.009435607200992 4.641040938295443 0
-4.394969396481217 3.84385953825495 0
-4.886595202955573 4.607170476111179 0
-5.349491005464083 3.710260627811092 0
-4.440367760666559 5.497049025874691 0
-15.09630718585992 -15.2038349610111 0
-16.00530455558302 -13.24039736842053 0
1.648677431123313 0.4216371870355818 0
1.101540050837546 -0.02101369915290439 0
1.468207127526016 0.3498880486585728 0
1.598337261137742 0.2353915755308952 0
1.428068940255441 0.1827567375538129 0
1.554088894153145 0.07463457134513103 0
1.076198781529262 -0.07361852423710788 0
1.324156721679763 0.2784324091600367 0
1.396357405103166 0.02784849304027775 0
1.519139752197701 -0.07522718617175113 0
1.374810788682658 -0.1152912576706394 0
1.487657142055572 -0.2209629797998375 0
1.348296868126162 -0.262328903573297 0
-0.4314814008788996 -0.2051452811123952 0
-0.4208983511574971 -0.3587168756826944 0
-0.2850271328767132 -0.3463173057390082 0
-0.3025724296152825 -0.463602542753369 0
-0.1729088709340789 -0.4029806902838247 0
-0.1873560548266187 -0.5423062673073946 0
-0.06442325855619496 -0.4716204533903816 0
-0.07295621059019325 -0.6299737455179638 0
0.05394607024511658 -0.564298050090297 0
0.04409718483988332 -0.442453740725967 0
0.156171135519671 -0.4942362705177114 0
0.3400225401969924 -0.1787316025098235 0
0.3101380357766444 -0.1780173022125067 0
0.3690217899082946 -0.1794980341270963 0
0.1684335899558863 -0.633304430121426 0
0.2855804905029189 -0.5559343346924973 0
0.2874404977688566 -0.7040558148086197 0
0.4026931302884452 -0.631984532358057 0
0.4063410934444592 -0.5032715404317205 0
0.505798380996376 -0.5623287911729152 0
0.5664451476834752 -0.1686855337869619 0
0.538650452343799 -0.1751036947090183 0
0.4499529386892753 -0.1807193358325136 0
0.4877360191302419 -0.4375861847994458 0
0.6866760703548423 -0.1481461608009012 0
0.6543883262579967 -0.154958775266431 0
0.7098974804617618 -0.143577792785871 0
0.5830077948002693 -0.4806976163411825 0
0.6011068044187189 -0.3881978347927422 0
0.669330201350012 -0.4348029497402023 0
0.8007265424268954 -0.1250702780762002 0
0.7744617382924108 -0.1320061837746189 0
0.8252919692786714 -0.1201687343850118 0
0.4154408302991535 -0.7915419695684105 0
0.60997946536669 -0.602781687215027 0
0.1668624950814217 -0.757624590624366 0
0.3978258917078483 -0.3914691340406647 0
0.6615948176144638 -0.3384324542833462 0
0.73728795751147 -0.3860239663904109 0
0.7268598364488723 -0.3175651939197978 0
0.7978884264293998 -0.3330604377619202 0
0.8128901463171753 -0.424166075679062 0
0.8812208267239163 -0.3727529388631451 0
0.8995782036891782 -0.4682233937166487 0
0.1952167555784433 -0.4039238571038913 0
0.8594003541371694 -0.3011388228618146 0
0.9318352042767918 -0.3142424850249063 0
0.9330962191399929 -0.2562610108825408 0
0.9858702288407262 -0.2650482616766188 0
1.013365708378981 -0.3450410230161895 0
0.09348897425796902 -0.3368354841892959 0
0.1376811855550336 -0.1618407139138689 0
0.156990888175315 -0.162363167135706 0
-1.459558561085149 2.856128702272726 0
4.185078663799954 2.428704686097792 0
3.581341524651408 2.7877315211901 0
0.3587977378355898 0.2605433195777127 0
0.3381092273125249 0.2588645435446555 0
0.5938915332117561 -0.325389725447502 0
0.4327485262363528 0.2594096225443355 0
-17.10017559523256 -1.804909254953059 0
-16.32186255878205 -3.527650708713207 0
0.5315071498799725 0.2531982414144804 0
11.27210030273905 -0.3641539883555309 0
0.9931278803964602 -0.09595904018171399 0
0.9951262319218153 -0.1003454760855115 0
0.9577345066945652 0.1531499287370985 0
0.940414013421822 0.1549719691691663 0
2.349829506508526 12.73776261700106 0
3.2075472608263 14.04228042422213 0
-1.556523184739314 1.577787619118318 0
0.1519567961190582 0.2353103843163257 0
0.1722813391127033 0.2399816673527536 0
-0.3095610037556773 0.5314021632102235 0
0.4223870744284121 0.3260010249902373 0
-0.05882910923992363 0.26050061632287 0
0.6644141358659422 0.2273824770791122 0
0.6841390484192669 0.2230775184380576 0
0.696899842301606 0.2417919971084323 0
0.7044817908547827 0.2225524858282424 0
0.7171952741425104 0.2386402555168452 0
0.7238941595755218 0.2199551866379906 0
0.7102709981700877 0.2593679310677833 0
0.7372561692884487 0.2354484526042787 0
0.743018573410654 0.2137350449039294 0
0.7574252593039487 0.2317199953668977 0
0.7632274974104283 0.2124836273621209 0
0.8748886015806732 -0.2156723944340841 0
0.4817064956711509 0.257077098012415 0
2.349811180421199 -1.559323326299646 0
2.753520396961938 -1.412482549843198 0
2.645356072649986 -1.878296208164269 0
3.13051369926083 -1.692129347671135 0
8.280140508198464 -9.491859133100684 0
-0.1365933923803876 0.2133032554663661 0
-0.1441930293308169 0.1737616505130894 0
-0.3392591399643299 0.1858199791788537 0
0.005155644765439947 0.1925235360709298 0
0.1106500694159068 0.908174785098098 0
1.860557104740273 7.443034046467079 0
0.1033136357291784 0.2236311675807681 0
3.018656249605935 -2.212761871600246 0
2.488516643430231 -2.373005046561762 0
3.546702146265945 -2.052303357494244 0
3.651062216773081 -1.470103446497662 0
0.05224090159191667 0.2109866256519462 0
1.81915938642882 1.651040251855291 0
2.327059681638143 3.398270468928287 0
0.2052296531287565 0.3772767756428516 0
16.5097052175016 7.205058103536154 0
0.6167642919000387 0.2362887455276008 0
-12.02191198172412 -17.24972970097909 0
-5.946446082354603 4.672930964297818 0
-6.436123389324337 3.583347566756694 0
-7.066059987893146 4.540324512681879 0
-7.636711638383963 3.419789796867071 0
-0.436830281458007 -0.5521078688399202 0
0.7520608876480074 0.1980101266927591 0
0.7694988492436824 0.1931331987847225 0
0.7814822869867316 0.2082206200654281 0
0.7868738487366851 0.1915137846068982 0
0.7982920320502404 0.2040096300311643 0
0.8032129570028875 0.1855876529696701 0
0.8148796509368791 0.1995052159050926 0
0.8197538986993259 0.1835728893663853 0
0.8316464869650195 0.1962020938071197 0
0.8373371749844862 0.1779424566246926 0
0.8497525351202229 0.1919892931508795 0
0.8549586984775313 0.176640505047134 0
0.9623094069425017 0.1036042020015637 0
0.9683934940547073 0.1083118630261096 0
4.256497527963417 3.103744228270043 0
-18.28260645296802 -3.363965574738117 0
-17.44073179090787 -5.189672881146572 0
-0.2662817969105361 -0.1836232444299541 0
-16.3094240373828 13.03468294882551 0
-15.35477119049478 14.92123544145855 0
-13.19669078980159 15.00425629182102 0
0.5721335821774979 0.3217048757947552 0
2.89002951181405 -2.749156718455475 0
2.31998139414114 -2.916141435466696 0
2.750437108787042 -3.359688870931777 0
-0.2158494570707038 -0.6998140571362842 0
15.26216426379468 2.558746269684917 0
2.748588357954894 -9.306701748916836 0
-0.1183440555233274 0.1464874529863436 0
-0.1530760235222535 0.1372512232198199 0
1.580078703241642 11.48946601017794 0
12.80881178699375 13.73689990416425 0
13.80820040741843 15.45088710956824 0
11.76009095661794 15.42471212477347 0
15.79621142564155 15.62565202031969 0
0.9754621023139497 0.1011260959885069 0
0.9808626174416215 0.1060155496997479 0
-14.57036824133364 4.858398513769981 0
-16.41679202967313 4.746632455607536 0
0.167532480126458 0.3719595414577437 0
0.1840023751812437 0.4145970856948846 0
-16.83748442151142 7.884509217957078 0
-7.407182067709284 -9.078330180602356 0
0.7113541372235032 0.2048411783084819 0
-0.04990116143934505 0.1772573117645966 0
8.796894308325708 6.668328307335391 0
2.046810106077841 3.890057919356597 0
0.6336979308350176 0.2915917079119172 0
2.148298902807041 -3.52936069578716 0
1.132694036433704 0.6424635192133411 0
1.005359252008936 0.735393378244781 0
17.43695902294845 -2.941953434046027 0
17.22991002132996 2.438602276011927 0
0.9877731917347661 0.09866189317348335 0
0.7039626746905162 0.9304192570536416 0
0.6342750304165757 1.042387783170342 0
-0.988086814247608 -0.4707471765636739 0
-1.205706516786531 -0.2937796055421218 0
0.03825873671358529 2.666722533652147 0
-9.865575465954027 -17.35160279007509 0
-0.01136293668636704 0.6280601363523766 0
1.456308561084056 -0.3705289303630409 0
1.312167133198999 -0.4056080989314055 0
0.9878142957774021 -0.2123880063855405 0
1.033934963940671 -0.2233043813944162 0
0.9295230846692394 -0.1892208634923801 0
-0.6279610793547274 -2.873079784571347 0
-0.7397649002562057 -3.491286492778064 0
-0.122037104476261 -3.286840064682576 0
12.73812407156009 17.22642923611532 0
10.68371359981641 17.16364948253888 0
2.177592858628469 1.835614713400486 0
18.29243713479569 4.072116046603338 0
-4.754665185078899 0.2286263660048561 0
-5.38035638177965 0.9074575966577144 0
1.610319335505062 -0.3250395916934487 0
1.677908831378195 -0.03006161907007198 0
4.109700562435536 -1.86549647517176 0
4.220994989607911 -1.239483689066159 0
0.8242665449849027 0.1687073163606275 0
0.6706980833602809 0.2104213158468637 0
0.6550355542658685 0.2119717137140027 0
0.9472017365166027 0.1401122069882017 0
0.931592057084099 0.1397440418881937 0
0.9244746706787033 0.1549898557464061 0
0.9167773886933835 0.1423188784044264 0
0.9096215474332037 0.1550243992626592 0
0.9620425325651494 0.1379512007077556 0
1.012766093920735 0.09711018096111229 0
1.01629438597828 0.1086507873334667 0
1.032729049801655 0.1079157281084637 0
1.025439931976038 0.122333347597207 0
1.043507976841565 0.1211611579687872 0
1.0093551660278 0.1223130057039564 0
17.42212340621293 -6.162269928734086 0
12.83613368839502 4.344500965790893 0
2.621892937545071 -4.020175397476461 0
-0.123942432899689 0.255357657573025 0
3.023284465179717 11.43808306717087 0
0.7960096366821846 0.2219325111311623 0
0.3488558131594748 0.2426821483604667 0
0.3295210493600379 0.2408198223903842 0
0.3678940125992843 0.2426046676640272 0
0.3185226760722262 0.2564161387793036 0
0.3106335396629308 0.239095293947355 0
0.2997202279767653 0.2538174305772845 0
0.2927763828772494 0.2369424846315741 0
0.2814060713407081 0.2514591185447071 0
0.2749078881110745 0.2325435907075418 0
0.2631137337623356 0.2488194656625393 0
0.2558278150793353 0.2298608418970139 0
0.24479707265062 0.2463892486932642 0
0.2376751238265513 0.2295731207211582 0
0.1649875248337386 0.220907103210565 0
0.1484804899635976 0.2165174486836662 0
0.1834348355121918 0.2234855052879928 0
0.901528360132807 0.3826879633207311 0
0.7903324179413316 0.1765075350770582 0
-1.414636387317215 -3.729995098525837 0
-14.35155790326245 16.85132837202865 0
-12.0652468985608 16.86948177318191 0
-16.62201899832903 16.64824415751697 0
-0.431941336777397 0.85132498979113 0
-0.5877574343532417 0.8268441686174545 0
-0.2916795534038605 0.8690389733528703 0
1.24556683081887 -0.1680583217642606 0
0.9025846631190295 0.141623979938304 0
0.8957130293927396 0.1548583367580523 0
0.609554113642002 5.35439071933614 0
0.8440031444126344 0.2106338106592209 0
0.2265649985706591 0.2442634400584995 0
-17.84030879034765 -0.011545626981732 0
4.747540605929893 2.018088936527473 0
-0.2493301416254483 -3.941469288876267 0
0.376433517569124 -3.69042561304271 0
-0.176995376977629 0.2018111812958853 0
-11.21460592489269 -7.353608938574085 0
1.753748596924356 -3.027328755357985 0
0.7573014542428602 0.1831235409938794 0
0.7439529644204007 0.1849734948600875 0
-2.964272198469257 5.312339716065439 0
12.0061218327608 0.8338538012803958 0
0.4692002208583582 0.3196257616886665 0
-11.03477813149031 -19.22871935073511 0
12.70473106100315 -0.4179891323986948 0
11.89571062376044 -1.676688715912813 0
0.8890549838515766 0.1436361832462846 0
0.8825073507128731 0.1547523338938695 0
-4.77291486908249 2.979019237865226 0
-2.34013629636856 2.655932833153998 0
-8.36715473287166 4.445143611548485 0
-8.957276273424084 3.262506197884981 0
0.5738412848750279 0.7307665158572332 0
0.6780177530773074 0.7269340226795004 0
2.290118153174958 10.26603759993604 0
0.01963023770481646 0.7069974594596327 0
-0.07162842768947278 0.6965808836376395 0
0.5209520087106155 0.3213224043375932 0
-17.31079511317679 -15.02949336951581 0
-18.25282714016939 -12.96942876948116 0
-16.34791700521657 -17.08379634988163 0
-1.102550561750148 -0.006321987663321161 0
-0.07876354133087063 -0.07988440874319461 0
0.8644229218320727 0.2057831536011648 0
9.719428722976204 15.39133380403816 0
8.646351041046058 17.0842104378999 0
7.757331180488169 15.33086011077444 0
6.673766675959577 16.99388405281955 0
7.596075968204674 18.81531544508198 0
5.506455664838448 18.74281484579768 0
3.702082467675052 10.20647780659749 0
-12.50807656795347 5.006701835612589 0
-0.126263391963379 0.1152071809590599 0
-0.159756261150844 0.1003069873552227 0
-0.1921603573432664 0.1274785315879231 0
-0.2008255309393822 0.08181644227838683 0
-0.1606618934425224 0.06185946391205244 0
-0.1988411489599944 0.02622316889715211 0
-0.2595625135431103 0.07194216798773286 0
-0.2614392439555229 -0.001783504451324755 0
-0.204984459188093 -0.03136643537980348 0
-0.1155280721930089 0.01205361458089741 0
-6.547824312154101 18.90713968638105 0
-7.447106421017089 16.86290442057367 0
0.8889152225524756 0.1666093846333433 0
4.852705545452061 -1.714337161194047 0
-1.427144360925168 -0.08728568455549603 0
-1.351920807676884 0.2271208801511643 0
-0.09432753175921142 0.1232220756531172 0
3.710455014783178 3.515075367031622 0
4.377895960125438 3.82449525216619 0
-8.723315928950534 -15.58961968470593 0
-7.740084670841664 -17.38607155769762 0
-6.603525749005721 -15.63784982381413 0
-5.664134566252039 -17.44058943341643 0
-4.536223568484784 -15.78542745302798 0
-3.631963752443906 -17.55436350932516 0
-2.590964482762085 -15.8465677494212 0
-3.452974642761036 -14.16722410568346 0
-1.629752023506172 -14.2261562875511 0
-0.7481565482496768 -15.82136390021805 0
-2.454413383121887 -12.65049381250315 0
-4.206075740964577 -12.57431594477828 0
-0.7434140712231518 -12.71511560446959 0
-1.505580085696748 -11.27265230292078 0
0.08015490069631792 -11.33613335600265 0
0.8756492203149719 0.144104048466019 0
1.499456695730316 1.503488611011463 0
1.516371471121213 1.851045661191091 0
1.214379199577794 1.715111287120804 0
-13.47646961596149 3.381881788647159 0
0.2200954653399028 0.227554280435711 0
-6.833737168400932 2.507925290152116 0
0.8581101191568733 0.2270597874522386 0
-11.06639478272718 14.98472175942386 0
-4.327189096313887 7.961860534790887 0
-8.773122002531368 18.75162258002609 0
-6.378870516895064 15.17043869903808 0
2.526139905451128 1.599805465263342 0
2.575481270390358 2.039820994492539 0
0.2335946082461652 0.2623260767079034 0
0.2081487515556239 0.2421376457413331 0
-16.64078552527214 -10.92525426812279 0
0.8593099554320454 -12.63034262971164 0
0.7969194888357108 -0.5366877420347332 0
0.9294711532935518 -0.5825171766741881 0
0.8130865549573688 -0.6665439507685422 0
6.099536300245775 -8.235383411270872 0
16.25163696679366 0.8436531832248566 0
17.82664845987639 0.4886475084000055 0
0.7975701488905079 1.061849353387376 0
0.7032603080863084 1.19600612901607 0
0.9531123635738603 0.1272771490334021 0
0.9348278462741169 10.2653523759546 0
-15.46825042637585 -5.323051051784234 0
1.419231870991732 -0.5261451806197277 0
1.245619725865897 -0.5613315159261013 0
-13.29213992773582 18.81145638940322 0
1.037859327988534 -0.1799949339155347 0
0.9860442698375496 -0.1547019500194333 0
1.078735597449229 -0.187788976786895 0
1.100722944753577 -0.2501941724715792 0
4.429732007899563 11.29590982681819 0
-19.12690510309523 -10.76394826082452 0
0.3407514552701373 0.2260266600220145 0
0.948899713678425 -0.7172532991341507 0
0.8166234953689627 -0.8199768643055295 0
-0.4855502269271117 0.7151076196970167 0
-0.6555726015889021 0.6798314387746223 0
-0.7651876785152667 0.8151511925180959 0
-0.8502493974123826 0.6378529788823538 0
-0.9844434715048791 0.8191465164095724 0
1.079957587292268 -0.1457507336993882 0
-19.49275734262158 -5.009270156542138 0
-16.58046702721725 -7.015616809626267 0
2.619413609104156 3.937227210693813 0
0.9925890126894785 0.5844379215664868 0
1.098959003414469 0.5088214166761558 0
1.339995822293043 0.4233806801292033 0
0.883870100028437 0.6528527147533228 0
0.3297378561526547 -0.437411081585993 0
0.3252348392636799 -0.3606387380302897 0
0.4045108889946729 -0.3331172126526815 0
0.3476981553969813 -0.2848526286905213 0
1.051860342533328 -0.08979121531923992 0
-0.03289108838195848 0.7837798284967117 0
2.643935909130799 2.97418120959443 0
-9.738985346746778 4.429566976070263 0
-10.33102598311819 3.239278525424686 0
-9.502718216746944 1.941285573612423 0
0.7513804944478291 0.2523352228928287 0
1.815940042588189 0.2730544157717136 0
4.832382908468214 -0.9902481284802784 0
0.08205698992408732 0.4011537917777527 0
11.28385030778136 2.051523000413181 0
0.661571975630316 0.1961869726859934 0
0.6754794659121108 0.1959343147782078 0
0.6474233264314766 0.1990767916263016 0
-0.793986987239238 -0.6065902678071238 0
-1.031257126069906 -0.7935550643313176 0
-4.807027835858446 -19.21083134701189 0
0.6408446683070461 0.2130768643570801 0
1.21789837678879 2.032178529091299 0
0.9524023820195859 1.877524891258396 0
0.8688090754642908 0.1569940448427413 0
0.8631307320216619 0.1442739733070055 0
0.1769726521084947 0.2055204609498386 0
0.1928960111158397 0.2097189745836119 0
0.2305698094774853 0.2129639571603101 0
16.7875939226228 10.25649020679665 0
17.88528863029925 12.01039059197411 0
18.91732675648956 10.18131520205328 0
20.05385730212745 12.01519094801252 0
6.391624901477666 20.75166286857256 0
0.7733633476533128 0.2485524874908458 0
-13.21639109687863 -19.12038629831965 0
1.01185898180312 -0.1053529828659419 0
1.023390363677467 -0.1138761871801615 0
1.00935382590366 -0.120321325597227 0
-17.22030062488775 11.13635813424946 0
-18.46848693124828 12.92360094198245 0
-19.44864310180238 10.9530340462079 0
1.934895516828115 -4.220423802357511 0
0.05745250424587012 0.3559710063150902 0
0.009010412333215746 0.3467253396544568 0
-18.641330187711 -16.9751382374038 0
1.467765399209759 2.233659751182764 0
0.9219130751192062 0.1308689101333106 0
0.2669279256427047 0.2182601858103529 0
3.647769097104526 -0.8492482772798491 0
0.3036697366599878 0.2213301473831996 0
18.93801966923793 13.9472645131178 0
0.8795803905530086 0.2220635732741557 0
0.3069015656426676 0.2711749466041123 0
0.6011591332813925 0.3210786211409979 0
0.5872923485729755 0.3487261944534629 0
0.6333277346292703 0.1982196205498522 0
-0.02451818641200455 -0.388259629039247 0
-0.1266981494729683 -0.2996365632394553 0
0.9122514798164573 1.222228984289809 0
0.8001396955664007 1.381780845705837 0
0.434538608431656 -3.07103278122411 0
-0.617534155450197 -9.986046476476195 0
-2.161385380687258 -9.931008429972213 0
0.9650482680275974 0.125092013255896 0
0.9761217552251928 0.1350008991481376 0
4.672469812417373 16.89567282781702 0
3.515305748329021 18.57146809329253 0
0.6599143738952935 -0.279135928898417 0
0.5981819443685061 -0.2576823184941366 0
-0.3309774068126274 0.04107761516793287 0
-0.3332754339831782 -0.04114843831096928 0
1.015055106245626 0.137699424077366 0
2.424408215604492 15.40054012789847 0
-20.36012884762745 -3.099795355417263 0
-4.109407085702649 -0.4291513341705049 0
-5.028516646789125 -0.6028187075503416 0
-4.416591240579576 -1.284885130993615 0
11.70165833573705 19.01669547622815 0
13.77529837272488 18.96896519910486 0
0.2155812765408736 3.713470793208807 0
-2.533128033618023 -19.29689280089232 0
0.4743470248478414 0.5279886542513657 0
1.118871641465033 -0.1519759475967763 0
0.7497411805590378 0.1734817261712109 0
0.7613826082934806 0.1710116987117464 0
0.7374959765196035 0.1750560978098727 0
0.7298266533924697 0.1882052594173758 0
0.7242247929864569 0.1756172028462019 0
0.8771329751732281 0.7967913370645504 0
1.014897208454509 -0.5036633111572733 0
0.9936760868920338 0.4654934096407938 0
1.081796210752525 0.3971594617944744 0
-17.69597320649436 -19.0181531907655 0
1.116981690095765 -0.1099775120892476 0
1.093914876717168 -0.04780236790994011 0
2.317079682571979 4.459228788983432 0
1.606678762110957 4.486722646557202 0
-1.025488545334274 -1.219904185617817 0
1.038720256178905 -0.1111582914150746 0
1.314043506389728 0.1282910641122746 0
1.286066155704388 0.004606052747631345 0
1.203222843218091 0.06838146850246672 0
0.8576716814680559 0.1543011589242321 0
0.8513371226474937 0.145621569681516 0
0.8464573474014461 0.1554297284665097 0
12.71013888820145 2.041565992154863 0
-0.08754964254178456 0.1491023584685581 0
-0.06952886980767645 0.1313546779203768 0
0.5037375998402502 -0.3602754335191579 0
-14.66365731783733 -7.070222274648203 0
4.588210194930944 -2.393075913350673 0
0.6194946477141485 0.639913506903779 0
0.5304426609998767 0.6528850387408909 0
-4.096805382348632 1.693382221843036 0
-1.062289332135183 -5.03512907844685 0
5.017668975966658 3.301203692050021 0
0.584920031286942 1.367129317957166 0
-20.55416608225641 -12.72256131371485 0
1.620715318987484 9.223439158882476 0
2.482091479154257 -4.756845466731964 0
-16.31096709911095 1.422373646652597 0
-18.58250527373868 1.811236513034421 0
1.261187409652813 -0.9961937020954568 0
-0.0869798188172769 -0.04807138544791116 0
-0.09612494166769088 -0.05542755429066822 0
-0.08171262733739917 -0.7992813051725192 0
-0.2691316151808615 -0.8845758876048536 0
-6.718767376671474 5.575068317348521 0
-0.1031518010315509 0.0986957461455189 0
-0.08013247768532386 0.1021051313659137 0
-12.2105180546985 -21.07812642586368 0
0.8414108710415288 0.1452303044037944 0
0.9412411508081863 0.1284632238030177 0
0.6830140074487058 1.561862879049257 0
0.4598884703171648 1.574008684329147 0
0.5559532571412398 1.770025182986773 0
0.3149753209628573 1.767436403440188 0
0.4300061118355454 1.999091589921511 0
0.1528601066509666 1.985805589542307 0
0.2830199328134904 2.234535047513221 0
-1.95985933767875 5.886279717431413 0
-1.065913508814761 0.5809316652299429 0
-1.239278796294137 0.7895762675081825 0
-1.132242312676188 1.042007562351924 0
-1.418586471554932 1.025327733312871 0
-1.568330220283576 0.7346503547319869 0
-1.770922686999016 1.014170740224405 0
0.8936253226125371 0.1325443361146086 0
0.9113369927116257 0.1321224778295055 0
0.9783560408640541 0.1210024818634232 0
0.9872547207151549 0.1307885465391332 0
0.9950808425065019 0.1200601562517477 0
0.9166586496608775 0.1682821673056075 0
-3.064562955279293 3.364458951782857 0
-21.60652635627099 -4.654381374081549 0
-0.01599637712103945 2.201040866395082 0
0.5504798040373413 0.3485074716251929 0
-20.7136682766693 12.7903759731935 0
-19.5849528316732 14.60900903280291 0
0.4782243068771206 0.7125194667797103 0
0.8827799074554161 0.1351615898134042 0
0.1005869626618443 0.3564790022284342 0
1.371705506542494 -0.6732728260349902 0
-1.506229474625051 -0.3960399325967975 0
0.8109017987882963 0.1718074336208563 0
0.8145211863919788 0.1578523086363778 0
0.8031508025315126 0.1618934455227405 0
0.8261407624013082 0.1560536305604663 0
-0.1316849709391602 0.7734090454689633 0
-0.09551883187272878 0.886705889268841 0
-0.1706236411007538 0.6764693793090597 0
0.7040158064567856 0.6499187459463424 0
0.2140864693726063 0.2117817451528176 0
13.38054978290803 -1.731375224703072 0
12.5276987275165 -3.017423674559426 0
11.06506914857052 -2.935750583037973 0
0.7799915420104969 -10.16140726567602 0
1.224172850362911 -0.2872658951035706 0
0.626169702542455 0.212379507067364 0
0.6183743701395955 0.2002167363285373 0
0.6108063401669652 0.2114693152591248 0
0.6042618920692306 0.2009680917267637 0
0.5976451662699831 0.2110605059891263 0
0.7779543981433958 0.1793130617649641 0
0.7819502893967698 0.1674301163101414 0
0.6547654919207769 -1.171614745993179 0
0.3671394681976954 -1.257552482480668 0
-8.199362309004474 15.01005273643259 0
0.7164520844308162 0.1852465084889069 0
0.07249456097958193 0.2151429372409847 0
0.06627193815975348 0.1960941011930318 0
0.04862282729844293 0.191603373771743 0
0.06233154267305616 0.1785932882920769 0
0.04630897519362086 0.1739775776953055 0
0.07830750613684356 0.1830967187200103 0
0.03346354167004864 0.1846038294358312 0
0.03143872572422717 0.1664011186742252 0
3.246422137622047 -3.85372204208344 0
0.8055552343677745 0.1535099242810481 0
0.835064474781926 0.2302302838437978 0
0.2466067271871907 0.2158466521795799 0
1.946644488867382 -0.3758065391610887 0
0.6952194849500641 0.2070876530442083 0
0.700712285666382 0.1940550867706951 0
0.3642491662156476 -4.446445776041547 0
0.8712205668749334 0.2454810005703603 0
0.5630028912731976 0.2526952560793428 0
0.5447715684340839 0.236651115740847 0
0.5735898780464788 0.2349340802159656 0
0.5899766264600271 0.2314706329390069 0
0.2871416536329894 0.2204000302875915 0
0.4520803334979747 0.257562571107966 0
0.4681741235154709 0.2395383150554615 0
0.4410512898768615 0.2412377220414757 0
0.4237101515112984 0.2422516220026368 0
0.4322196792317341 0.2270761422737249 0
0.4156719475716103 0.2247372367499738 0
0.407099954910781 0.2404295328391851 0
0.3995505894233473 0.2258869354925199 0
0.4464815745405262 0.2253293403881227 0
0.3911719551083698 0.2375640412037529 0
0.3844622453112812 0.2246851174149255 0
0.8204416962330122 0.149834264066471 0
0.121939945797939 0.2280268453488583 0
0.1157254491518823 0.20929259829498 0
0.09975012908321976 0.2045232866715215 0
0.1119671385641095 0.1911075044038238 0
0.1271382344386563 0.1966726303506467 0
2.000007860288733 -0.06832208977801663 0
0.5114691089327444 0.2560730618768903 0
0.4947542406708911 0.2390134114189368 0
0.5188738769614656 0.2399679284959298 0
0.9490628043281308 -3.418394037524823 0
0.1606429702313186 0.2019907102617991 0
-5.414686146005542 -1.47852111840995 0
-4.68592118516795 -2.213092227789244 0
-5.723440818132579 -2.409914586783135 0
-5.049732748278302 -3.195497274622947 0
-3.989252517280886 -2.898838675204582 0
1.935382477613025 -0.6666994723431903 0
0.957351087856291 0.1167476899533704 0
-0.4094107999171143 0.5192153113195986 0
-0.05855572262792165 -1.035339706780373 0
0.7195726460102182 0.3801947133495565 0
0.6809127700412506 0.3449535483991937 0
0.7429804544449019 0.344229966462561 0
1.186463354866574 -0.4201220985601365 0
-1.747675561242042 -0.1469513521924463 0
1.162514296835594 -0.1222257291750589 0
1.157612495610283 -0.06572891971399344 0
1.204954054762375 -0.09028133841074858 0
1.234799708667404 0.3554548121250295 0
1.214626299608161 0.2581591010928996 0
0.3589816939132473 0.22705322539802 0
0.3216535748507667 0.2230432744492052 0
0.313418485048719 0.2107657439520621 0
1.014032455641775 1.376425930802886 0
0.4008367152344504 0.3929201075432572 0
0.3764420725723933 0.3598667576102334 0
14.12193674360543 -0.3638567016076529 0
0.7972742370425066 0.1522260318800626 0
1.194524317388011 -0.0338226682244871 0
0.2919940992330389 0.3006998269973411 0
0.2316244462293868 0.5297280005409539 0
0.1743917665144387 0.5172063373696212 0
0.8269628590189753 0.1448024880531129 0
0.2107401711070195 0.4667234147908183 0
1.04851936788671 0.1051875117116609 0
1.066983650525025 0.1141073298409785 0
0.8458325435373114 0.1383337429131729 0
-19.96914814632181 -18.86041099630413 0
-19.04293178620907 -21.20327388369128 0
0.711888844991312 0.1763472788135338 0
5.164009900877558 4.205906130386765 0
0.4496610470843572 0.3985452708581947 0
1.34163517055624 1.14307921121168 0
-0.02857068279329013 0.1831013989251494 0
-0.03289739707793132 0.1601941202286858 0
-0.004553152664351024 0.1686326667721641 0
0.235593000646993 0.2996610872732934 0
0.1850040566322166 0.2627708534269048 0
-5.168082795556993 22.43132453978432 0
0.9464314501400666 0.1175626785718411 0
0.1055574810091477 0.4512839551600977 0
6.604587942768412 -0.2043125825310146 0
5.719598314339887 -0.2158767982242869 0
6.161619077068581 0.5086472490459546 0
5.410660433394622 0.5235734886611201 0
5.798203855036324 1.224801132979539 0
6.578930798787503 1.22284323133654 0
-21.66824775857073 10.72839473155919 0
0.5962729830761012 2.258750289467764 0
0.3825587613017286 2.49600190553612 0
-0.1139892329375443 1.941808607287483 0
0.1850230810859446 0.8185888937432013 0
0.01915798255778321 0.1786112704833428 0
0.01595811254909903 0.1619127925239513 0
0.6690289540208993 0.1843405234141915 0
0.6814960651501913 0.185454347990247 0
-3.638150861102915 -1.970562949500343 0
-3.055966613675134 -2.67657201520684 0
2.179446090247443 2.302163456674362 0
0.6199407841838607 0.3493599638810288 0
0.604593861457361 0.3851137334588856 0
-0.03587628995763522 0.3789327029432049 0
-0.03257038126331314 0.3288328847362614 0
-21.48421756103939 -10.66442817920807 0
-20.06358080806782 -8.698606765688289 0
-19.99696551548644 0.1973817194206524 0
-20.85126360785342 2.114406004981952 0
-19.41828260783558 3.67988027116728 0
-21.28031472652678 4.017458001560508 0
-19.90429760107572 5.620948966401357 0
1.224053845513422 -0.7648101211227414 0
-0.1262570640669857 0.08070821025212037 0
-0.1298449235878188 0.05159509210078964 0
-0.09216535249026918 0.04213800352232844 0
0.2022996611310917 0.2237963958996025 0
0.1600772709299224 11.4688581593523 0
-0.2901117411626271 10.24199490859161 0
0.2691760378529872 0.2663532101305022 0
-4.256919516616171 -3.904044316572053 0
4.505612576152458 4.717159868831068 0
0.4267810443869486 0.364182490657923 0
0.2310386046885193 0.4136468431555544 0
-0.2802699253516384 -1.099094514515168 0
-3.215848196093426 -3.570537908067707 0
-2.227608458880897 -3.965478655616065 0
-2.372243381136498 -3.169885679416941 0
12.61220798690319 20.99514571922781 0
0.09572555215744272 0.1883987480275636 0
-7.09771023910278 13.64443460097579 0
-5.472562717512863 13.73668606720684 0
-4.343093215314341 15.14480699585342 0
-0.1975188896490449 0.9922293901227835 0
-0.04955541112602178 1.010904605594082 0
0.4266426278807153 0.2134590560228271 0
1.974883286072348 5.065856659384453 0
-1.963719622798854 0.5800792242751501 0
1.146379390187406 -0.0181413506259755 0
1.09955886935334 0.02365309682238152 0
-15.75506676031937 -8.746751891014242 0
-0.02332387099475159 0.1201660711785012 0
-0.03393466006282615 0.12666081502301 0
-0.02312212664837722 0.1321278469474776 0
-0.04449267959217104 0.1201686144233143 0
-0.05147833048485654 0.134871746275516 0
0.1708508606043914 0.193261428994478 0
-0.1324135955027842 5.267874501169532 0
0.312245309294458 4.721270588865172 0
0.9265272132405218 4.721983830255868 0
-0.3968920914630233 -0.7346579190035503 0
0.3788840112696114 0.2599946550371713 0
0.5382447695555529 0.3902006989197067 0
-1.692329413779029 3.671556007799018 0
1.231110673801956 20.67440248085611 0
-0.344241820573818 0.7404268887262266 0
-0.3850204824045776 2.659988036259293 0
0.9153412465630746 0.5208293911546928 0
2.898376296074802 9.215503542533227 0
4.20986093686658 8.818956328481205 0
0.2667452445092676 -0.3889771967327943 0
0.2767611884903936 -0.3163311678247722 0
0.2230039993244083 -0.1708748063147505 0
0.2411757191400569 -0.1741187849632722 0
0.8730574915446987 0.1334580789054449 0
-7.499800828385063 -13.69157624465554 0
-2.353763629391956 3.591331597362399 0
0.05517720561029211 1.757394818253905 0
-0.1927641125878999 1.687477560776021 0
1.173032424472747 0.02010944347216445 0
11.66522570524068 -4.275729610799589 0
10.24563648990072 -4.051356923231044 0
0.1060689183508016 0.1785501498392131 0
1.006427616748022 0.1032170248132289 0
5.638709457960354 -1.798156458003769 0
0.1242350697707759 0.1835287292577241 0
0.1363391467639485 0.1858564745284055 0
0.1436822536309463 0.1982043460858029 0
0.1540515652425173 0.1902346190436619 0
8.688062058328082 20.73472703268337 0
-9.081671923947956 5.763497768281489 0
0.2044857145916484 0.2020976793979567 0
1.559231265210876 -0.6571601895397292 0
0.5803919394676418 0.2192743060665196 0
0.5647760056120832 0.2196105051413803 0
0.5716625252459717 0.2079409435646803 0
0.5568552900879766 0.2066796855881768 0
0.7963269365271166 0.2700362224654527 0
3.079680854537179 1.758283983348528 0
-1.058860221380657 0.2854098562069471 0
-0.2643684233926386 0.2168789118822507 0
-0.2297933480613858 0.2846144124468698 0
0.8359956145475388 0.1627269505691935 0
0.04467562599573575 0.1484394153046273 0
0.04478850366397285 0.1595877668317227 0
0.03574716792417328 0.1535675337814446 0
0.05651030509029514 0.1640383090742343 0
-0.5603645925697739 2.296225526985679 0
1.315783700814706 2.612176443051307 0
0.4696423456887727 0.3667504281403434 0
0.3306906560099952 0.2144988131212987 0
0.3448890145584637 0.2128366642289769 0
8.759748527276779 13.80799065250006 0
6.892719989226942 13.7956625075877 0
0.5478283299490869 0.2215367485940394 0
0.8113355142277535 -0.2726525302493043 0
0.7374247911040845 -0.2393917051699638 0
-0.06386400813886156 0.09501258860452851 0
-8.727530145672356 13.0164401793137 0
4.895647902268775 -0.168382122174368 0
0.6332221491119031 0.2291613159582429 0
1.218449953693365 0.5438657136714991 0
0.5081931978054158 0.3549676123027077 0
-0.07445529091807108 -2.726143788797977 0
-1.213128155794121 1.65079632117725 0
21.12415142304414 10.04940110473702 0
19.9126190980707 8.140883587764876 0
21.03372652373462 5.890158183602364 0
1.139623303877549 0.01281280643330692 0
1.156101588444514 0.05503077059898072 0
1.165457086465558 0.1061531394747913 0
1.12440512261769 0.08431137576255499 0
1.12275698010702 0.127845620414567 0
1.223238311628552 0.1338172784196832 0
-0.01433366497826778 -22.80219555294816 0
1.275828990274023 -20.70928036609733 0
3.587091633660983 -20.65095216037947 0
2.348507824496876 -18.73775161711679 0
4.526674230562988 -18.59333155114831 0
3.335838169592395 -16.85490266927555 0
5.732350441540828 -20.40813002101774 0
6.684659750801609 -18.41568755836167 0
7.826851834336434 -20.0452572770113 0
8.782329592740508 -18.18786934289552 0
7.587889085229109 -16.56110351902644 0
9.556163716737668 -16.38016841491988 0
10.88305315099742 -18.00317762825803 0
0.1209022608753072 -18.77477910909262 0
8.335687417076407 -14.98880299036372 0
11.53986081199149 -15.80002078829238 0
12.98258151044888 -17.62683314090621 0
13.87590748216641 -15.74252370262763 0
15.19083735066696 -17.41140030728347 0
16.09750562534683 -15.49260005992164 0
17.59512764375832 -17.28559566776973 0
18.49302102924766 -15.17463828999523 0
17.01378250261286 -13.42459029402957 0
19.2532691284229 -13.04914322584747 0
12.39457032371905 -19.46360394269144 0
17.97789818165406 -11.30432512410694 0
20.0707207622063 -10.81921491795632 0
18.68915209881229 -9.138826665645414 0
21.47549559235409 -12.81617551400907 0
16.23832472928125 -19.13798597800986 0
18.72615702684892 -19.23488455176117 0
1.434670967586856 -17.04367549934386 0
2.316744000797001 -15.2390363910272 0
4.444775753129985 -14.90406301671462 0
7.853583300165302 -23.15538372964186 0
-5.187502290227257 -22.80728206704217 0
0.1353383985196146 0.3992186897957961 0
-0.1013028967249321 0.6032297095718607 0
22.55752064309771 -10.55182785637419 0
0.9373713486159063 0.1186149363240555 0
5.889614677786772 15.27394780936294 0
5.083038404872353 13.57193650623838 0
6.247507690625429 12.40199524775989 0
11.06361230776656 -7.631414439040739 0
10.24207393405767 -6.237158482741926 0
9.468219660105806 -7.447704656870348 0
8.765395225081939 -6.238093574578516 0
8.068177573722126 -7.379455258098046 0
9.997223138792823 -9.048246449499066 0
-0.1458670226441119 0.02351314445372366 0
0.1868178448786489 0.1967853690340358 0
10.7278528140294 13.58645384733095 0
0.392950363833384 0.2124272004705981 0
0.6299276566326963 4.152167563308246 0
-10.95834186049307 18.80497860816556 0
-12.2029541301622 20.85455701571352 0
-9.886603364758409 20.87020462418429 0
0.3614235306038321 1.168312092929936 0
5.498523224017656 -16.74962847373075 0
-3.143365265787958 -11.17600242540172 0
-4.912162306844897 -11.0204329810377 0
-3.749729159558478 -9.835991325240951 0
-5.184447684831625 -9.483787962141534 0
-5.878541305292227 -12.39094756700953 0
-6.445771457730007 -10.47823812626421 0
0.7273825779292928 0.2032165521569022 0
-0.5033042654970868 -2.320977153555862 0
-13.67698400123115 -5.39367153770455 0
12.09438775608843 5.772842880287131 0
11.27181199509143 4.514961166506833 0
10.60222021970114 5.689191060752169 0
1.124112738079915 0.05164590196597825 0
16.57982899240429 -1.136464146899376 0
1.086139370068572 0.06296164356184486 0
-22.7322616265462 -2.654863036802809 0
0.09407809130713023 0.1747856763569715 0
0.9966466649584962 0.107067850873058 0
5.153778564375537 22.84826905014077 0
1.909961315899532 -2.483125050637586 0
1.402192248533022 -2.636211953871284 0
1.132034902682746 0.3163834484268053 0
1.134903184357562 0.2255177985092781 0
1.060875233359979 0.2696763327251482 0
1.070669905654805 0.209786106635646 0
1.056928460152609 0.141863783039595 0
0.2772526441400666 0.2084470721786112 0
3.080563441022783 2.334557671909256 0
-3.144152712233195 8.156721303587076 0
-3.534581968469241 7.132869366980326 0
-4.751013738102071 6.767544014021755 0
-5.723424717893953 7.820650695081447 0
-2.662572728814708 6.496504946964917 0
13.13373904969449 -22.9973150975478 0
0.2580325238417943 0.2079512029876253 0
0.5910190972208562 0.1989101751961653 0
1.087591486026909 0.1373826138168058 0
-20.36008645479634 8.95531375759275 0
1.029061441054757 -0.1294248869718064 0
-6.056118150007674 -0.6200655611511967 0
-6.390957838765187 0.4673470902925535 0
-7.64709078248556 0.7795867214402251 0
-8.496031393471844 -0.1661548099067091 0
0.9933784111602904 0.09892738478927121 0
0.9878139417185026 0.103622640011953 0
0.8539065806804711 0.4162943519551121 0
5.142265575016388 -22.79078299279682 0
-0.6564652870723707 1.110422850574989 0
-0.8652124765665072 1.033011378694749 0
-0.6015895706535624 4.733553286492022 0
0.8490311186044215 0.562840307803586 0
1.074878558087686 0.07439105895727251 0
1.077381949695794 0.09113064312405102 0
1.094181781136132 0.08006125938014977 0
0.6534061996708764 0.1881265136571702 0
1.105453828020453 -0.006361339402040811 0
-9.951231248075391 0.3967966288164583 0
0.9125895063752678 2.178521339570733 0
22.7586458211344 -2.555731561529909 0
20.64046995620498 -1.315789473768727 0
20.7410694246992 -3.740038820943808 0
22.78257140343897 -5.120951146729039 0
20.77478695981571 -6.156897324350707 0
20.8258252802612 1.073855064903134 0
22.7371452514782 2.340832850845236 0
20.59515142482345 3.505721688167734 0
4.279138554071071 -0.6190682937626579 0
-12.28527218036261 13.10627836650229 0
10.41569590037783 -1.595005802630153 0
0.4063759009010181 0.2134968307644748 0
-0.9946813169071442 1.44423248308268 0
-1.267036643699318 1.327575016929805 0
-1.912564654776662 3.147523729797466 0
0.8855932655151652 0.1979215153676651 0
-0.1546238773052742 0.3572350629111461 0
-0.1136341999325161 0.3122070833397761 0
0.4385448088907829 0.213541789178438 0
0.03350346679041148 0.2042136684788499 0
22.27837160074575 11.96331892215802 0
-0.3090544863016847 1.491234499972419 0
-0.05191077847023193 0.1539201619375886 0
0.4116831488760352 0.2602612603370213 0
0.08354592408189368 0.2004789128201069 0
0.4458052596352675 -0.9865350972934397 0
0.1994764070333411 -1.048802863837407 0
-0.2733899713556792 0.1413453352031033 0
2.865951384647273 1.29051512474673 0
0.9156582327410607 0.1234840525004325 0
1.583937188566808 -11.31549036021736 0
0.6799656569157578 0.5750222315970935 0
0.2966392818110926 0.2104647531268576 0
11.15745720373856 7.221976087348811 0
-0.08874525391231436 -5.227704393856183 0
1.208292621970168 -4.40441025241002 0
3.192007690965135 -1.207387324263632 0
-1.627823123038283 -17.52193521438213 0
18.44182123936303 -1.278986090247441 0
3.104218100280702 -13.61999383153869 0
-0.08685166995633278 0.08436192684738926 0
-17.7894186485631 -8.835094298806865 0
0.792403274388175 0.1626078083388047 0
0.7832821107046414 0.156035662040048 0
0.7750871204109793 0.1580888687631641 0
1.008646175053644 0.8975048301956786 0
-9.923746205251355 -21.14022403439808 0
15.75876865046286 -11.55340008119295 0
5.835234104860501 3.638928745648107 0
0.08188007981591805 0.1707576150403269 0
-15.39258282568685 3.205209951647321 0
-14.27082690984606 1.843669754081273 0
-12.56036953899463 1.942781742935562 0
0.5432623480619437 0.2065877840511904 0
0.5340246195776838 0.2176407265945307 0
0.5563568823502796 0.1946829646410707 0
0.2898539436039312 0.4676203522188768 0
0.9754782548974756 0.1507011918645066 0
18.37081248274632 -22.89785653718673 0
1.064676822824026 -0.08259643902363878 0
1.065559595720741 -0.09905587688786688 0
18.39140582927261 22.78192733696385 0
17.17914376193292 20.65024557384591 0
19.72143275497217 20.63407616572446 0
18.46757217507496 18.43464890404176 0
20.84782919317305 18.33650166298304 0
-12.00606725175387 6.712179007471837 0
0.386859805102944 0.6685173824230288 0
18.64687096358334 6.329878938452597 0
0.9226024959155593 0.1200290720338588 0
-6.401970365121803 -20.86057128762186 0
-8.738804080992125 7.29999482471027 0
1.698377433338814 -4.973620271398357 0
0.2084962642031058 0.265666148350175 0
0.004036884231701291 0.3021132868062373 0
0.03997334234480861 0.3146188258786162 0
6.151076615404047 1.960418999179735 0
-5.573869854210415 -4.292835423540664 0
22.82761355912231 -18.33290890207562 0
20.41152825233943 -17.11750415046524 0
-9.738655839602059 16.55798334073455 0
-2.063700971831487 -4.960693801513209 0
-22.51748855618997 -18.59885144487751 0
-18.41133950541315 22.72659365548822 0
-19.72610675495321 20.48918310470673 0
-22.56934933419442 20.7334711606157 0
-21.29573781398089 18.38524724956837 0
-17.08467561163096 20.62285528847414 0
0.8660363655882956 0.1352033806070744 0
3.834681391550265 20.5922383792593 0
14.38435839767496 -20.89322930490956 0
-0.4535051589741841 18.87948489299363 0
1.521289861370145 18.46326865580152 0
12.00264673464526 11.95745769342089 0
2.289921034199662 -8.148654328430732 0
-3.512395689904775 -1.070450733193772 0
0.7533235077896079 0.821302397007376 0
-2.334661475753367 -2.434955654115722 0
9.674727596664974 -2.913311327570006 0
8.816233893294616 -3.95836188832246 0
-18.54956396720641 18.27100769972182 0
2.099635797756759 -1.971838617385735 0
-6.610985857945576 20.87067049344114 0
19.954885400371 16.16572296391233 0
0.4185996377274589 9.196154808111086 0
7.758209166345983 22.84260745515386 0
0.03682993302946314 -14.12057098524492 0
1.086496841315953 -0.06227567602477583 0
1.101773304569789 -0.0631211881137959 0
1.113754494019189 -0.04223217294391825 0
1.095590384931335 -0.08407621618313181 0
0.7538693144592578 0.1635466174928898 0
0.7430184644597105 0.1641379971231179 0
0.7575134711235353 0.1547584983261352 0
6.116071189743403 8.943150704973663 0
5.196576473212528 9.963845298026204 0
5.196704538149882 8.115587056825643 0
-8.921451508416732 -19.16225706977182 0
0.1090536536590192 0.1683571904801549 0
0.222923743734001 0.2025738434811467 0
-0.1333760905126387 -0.008976124420681185 0
1.000725706169597 0.3712740112210289 0
1.533135519573058 -2.149503663532795 0
-5.743865913158405 2.751495271565297 0
-4.949392405900866 1.931438975306518 0
-6.012313322154321 1.698675640203769 0
-8.027585661402005 2.071684147866665 0
1.097671572256858 0.03674248170302696 0
1.105463329665739 0.008128257568519471 0
0.1404311474727455 0.3471809028331522 0
0.1163041737948079 0.3194892750611803 0
0.1263022700779531 0.1727871713242922 0
0.3725743842237814 0.328108513383166 0
3.220377707186736 -5.33569141808547 0
-5.285583915056138 -14.09879123096638 0
-3.913467038784561 3.207507620595 0
1.11799134287673 -0.0167307823075726 0
-10.85671438393939 5.571668400952309 0
0.2676315715710786 0.3859751914313868 0
0.8673247371083439 0.1869701692595733 0
0.8680978813151214 0.1712050808600245 0
0.06415336185117421 0.1554163856234809 0
0.06753763944131 0.1657596701880007 0
1.318985139111722 5.253127069571229 0
-8.141377549511727 -10.53768997185972 0
0.1939633696269078 0.1853205938454687 0
-9.711917028978808 -13.84402744422956 0
0.4855628072482843 0.1996255192625023 0
0.4814927291791971 0.2104993495558933 0
0.4700073203593158 0.210620366088289 0
0.4930023761216837 0.2095103900705138 0
0.4755229231637531 0.2233431638019312 0
0.2400890624354794 0.2046747375550548 0
0.6954163956083899 0.1672257010651065 0
0.6927028191208785 0.1741783720628063 0
1.095550161684762 0.1058064737231845 0
0.4549958218488294 0.2014230283962483 0
0.4510936915968083 0.2123426782305882 0
-9.224633503258472 -4.988453506033274 0
0.1366685818406042 0.1738647622704236 0
0.409402924719332 1.037293313937023 0
0.4344024848536936 0.2019444421440675 0
0.3628353166174748 0.2016988846584899 0
0.3571344333659189 0.2107070965390452 0
0.3688526699245793 0.2112451786639394 0
0.01995539318335404 0.1398721176222518 0
0.01222072520232964 0.1476832379857193 0
0.0009981613074169892 0.1419859087007599 0
0.001450507371618847 0.1559508444317453 0
-0.01040895412010329 0.1491719870623875 0
0.6790790360224432 0.1703460294723392 0
0.3422058567845032 0.2005712154048374 0
0.3218183013480115 0.1993417455477358 0
0.1717421978331926 0.7193901835809485 0
-1.060593707037147 -20.77914011411325 0
8.030279212401414 5.68040946142175 0
0.3728465301733031 0.2016762570823515 0
0.7774341127244552 0.1493643059391137 0
0.5156884619544809 0.1969422911078714 0
0.5116691293086557 0.2072840377656659 0
0.1558968949293328 0.1788714946458683 0
0.4960282034728086 0.1989954674861261 0
-6.671552738467874 -7.684406451264697 0
0.6626965272428244 0.1746733432067247 0
6.741412026443475 -9.58979902769971 0
0.841406515468581 0.1326876217629347 0
0.3933393193933021 0.2006204968170165 0
0.7912922018789207 0.1453556990055542 0
0.2518976840423656 0.1920221971120368 0
0.1738149461088719 0.1825959484016698 0
0.7265321722222819 0.1602332209206062 0
-11.2245507367532 -3.703215419430883 0
0.4229415245127314 0.2026377673021719 0
0.2329459326474474 0.1898448230899836 0
0.8045775840894394 0.1413729864944572 0
0.646030598249462 0.1783826290133682 0
0.6430164808011591 0.1872485053826902 0
0.8162629572518032 0.1386306979038132 0
0.6280217288518399 0.1806768499091033 0
0.3113635702008123 0.1989757611673753 0
0.2143261236010541 0.1870755898090518 0
0.4756470873201315 -2.541622196184105 0
0.6108205665969065 0.1905011006332781 0
0.403653904145004 0.2021730943062929 0
-0.2885901980776645 2.113602840677606 0
0.08009410755340975 0.7875257362294774 0
-3.01636964251779 14.03069968336938 0
0.2726010706665032 0.1964272062795692 0
0.7415665247449769 0.1566074008099692 0
0.7033078053045402 0.1651646278491989 0
0.6019209965412085 0.184503803879458 0
16.06671006765411 18.44340391908387 0
2.057163399517087 0.4190259536959393 0
0.2921883748773077 0.1967802062864591 0
0.7783070632730704 0.7062314631605862 0
0.9736500002029936 0.2794164142842305 0
1.012553520523501 0.3071930003052965 0
0.6554980686796541 -0.9391413772521791 0
0.829237120440634 0.1361102315839218 0
0.5358219050332138 0.1957237399934451 0
0.531304948293093 0.2056808796741122 0
0.5222918648200625 0.2144476996541932 0
-0.0320333162381754 0.2874565277001142 0
0.5833720805769673 0.1890015642473076 0
-0.4217065854924725 -0.0007267097915894133 0
-0.3904040701838287 0.1003596647952583 0
0.3236650321343689 7.417309072296685 0
1.033044644970339 8.150596038581234 0
10.13712320660959 -19.77122414441251 0
-1.689888532689447 0.3854571330374761 0
0.7188466855354242 0.1618613202713195 0
-0.03010294480977592 0.5507918188521197 0
-1.743176940811993 6.644478650094066 0
0.6806498326170229 -0.7350749753751081 0
0.9821710298286709 -0.09533484434301566 0
0.9811327214702403 -0.09859052332224118 0
0.9891005721686336 -0.1009259277165047 0
0.9933729997097291 -0.1076817014210076 0
0.9844199820410242 -0.1097370905902377 0
0.9927783837576029 -0.1203268135586851 0
0.977561686914088 -0.1193113880149951 0
0.9714526219521362 -0.1094578155208597 0
0.9650371428075207 -0.1195526467465553 0
0.9603261008245607 -0.108892619912171 0
0.9528528801848311 -0.1173415805688858 0
0.9580989035377785 -0.1308657057511075 0
0.9417970171517799 -0.1278777352597025 0
0.9501040968462426 -0.1459142988664754 0
0.9280675043191791 -0.145165822890777 0
0.9262469660060066 -0.1256350728706592 0
0.9144115876700127 -0.1354898685094488 0
0.9110914172559819 -0.1233735237914414 0
0.9023550580085333 -0.1347679295455858 0
0.9065314964769378 -0.149155350966364 0
0.8864833173494366 -0.1419141527902802 0
0.8937164376338178 -0.1647181638958341 0
0.8727532746987023 -0.1581719860471947 0
0.8684687413511925 -0.1404270928141894 0
0.8560900753231407 -0.1522709389054032 0
0.8830633136224459 -0.1282632876714314 0
0.941569528993067 -0.1154014378576971 0
0.8562144901142363 -0.1716235825025667 0
0.8346964415918617 -0.1588930868295189 0
0.8377155700047045 -0.1857667482839668 0
0.8160620419380775 -0.1752568123777311 0
0.8119367033487511 -0.1550617833805986 0
0.7978876409447355 -0.1629223474792696 0
0.7943646652081602 -0.1849759180867901 0
0.7716124892668286 -0.1753398882805191 0
0.8326318355741188 -0.1424168313777169 0
0.8488315671618754 -0.1337720510343362 0
0.8370817613001506 -0.1175901209995433 0
0.8954923306128 -0.1209955624841279 0
0.8171476380390577 -0.1344980564568574 0
0.796765245248079 -0.1455339590239829 0
0.787902923672418 -0.1274012193891816 0
0.7736791999276373 -0.2001736197689051 0
0.7522693759315243 -0.1864840908658893 0
0.7561363215070479 -0.1653717909234246 0
0.7355540071014387 -0.1711394409924855 0
0.725014900795391 -0.1409204496119286 0
0.752958672717198 -0.1336926756740197 0
0.7308043579905859 -0.1954505695295825 0
0.7139756932793087 -0.1808015372698205 0
0.7082428678045233 -0.2036151148750048 0
0.6892037561546069 -0.1875812890752467 0
0.6848441824795497 -0.2132384042169947 0
0.666094098289192 -0.194477131358803 0
0.7731793357808224 -0.154393494490553 0
0.6603157091904606 -0.2224980025232935 0
0.6411556494649945 -0.2044372043971082 0
0.5935601000710027 -0.1660918572139245 0
0.6451030189875315 -0.1803236160541211 0
0.623710342617113 -0.1866070640999334 0
0.6375161565499227 -0.1574796003728554 0
0.6178280072320149 -0.2102768073178822 0
0.6020406797543585 -0.1911969257701609 0
0.5951274837026831 -0.2141565164022758 0
0.5788212494017234 -0.1960155883654234 0
0.5720961525612689 -0.2193960072565608 0
0.5574753869904568 -0.2033496805347359 0
0.5487801845699734 -0.2252976321228337 0
0.5320001904102284 -0.2067415397769735 0
0.4787207070264977 -0.1800176766391864 0
0.5232928315169012 -0.2322587332992813 0
0.542037269474174 -0.253740581380325 0
0.5116100708808282 -0.2599855409503763 0
0.4938783111287581 -0.2325826777800065 0
0.4793500219509174 -0.2646232530090089 0
0.4614393928929268 -0.2377645060228603 0
0.4724301729777353 -0.2103863464149282 0
0.4466875085777007 -0.2156539144794656 0
0.4322488916976018 -0.2369278272474082 0
0.4293068113930587 -0.1826293616305273 0
0.4205088833278746 -0.2146637002405805 0
0.4063103221808759 -0.2375085029647206 0
0.3940500120596695 -0.2150927616836083 0
0.3801654612446817 -0.2376921756818114 0
0.367076735785497 -0.2132165523530839 0
0.3538467048940027 -0.2369870498976802 0
0.3406896724356468 -0.2126208708888152 0
0.3275167434388996 -0.2374314264132943 0
0.3141501449059716 -0.212218398093797 0
0.3007006817272941 -0.2377339285848044 0
0.2851291827356184 -0.2135302229948276 0
0.2733863349446093 -0.237822731800279 0
0.2577991919643664 -0.2166494481251137 0
0.2449189949392039 -0.2393020524539018 0
0.2304033225665805 -0.2120125354076197 0
0.2161194304079015 -0.2394053753866064 0
0.1995277782499722 -0.2134254363703179 0
0.1859325245766033 -0.2403458254470848 0
0.1705082455090593 -0.2181744835441798 0
0.2021984332444177 -0.26907534109402 0
0.1549559859539048 -0.2421637928276864 0
0.1409219974644524 -0.212804735724683 0
0.06645735278350384 -0.1450655315119115 0
0.04962357547556787 -0.1417530496915099 0
0.1208659851856384 -0.2455926257770411 0
0.106836317100896 -0.2151039821482951 0
0.08878092210102879 -0.2414218216720654 0
0.06954418459484085 -0.212221771582329 0
0.0545609848900728 -0.2484454003753063 0
0.03174847284224778 -0.21126377689334 0
-0.01835767460186646 -0.1175257453700643 0
-0.001759725800808826 -0.1247662701584843 0
0.2905680884709799 -0.1771861464902403 0
0.009885095117972219 -0.2474355907037677 0
-0.006097617573568125 -0.207470485685982 0
0.003834399493078093 -0.1729781942448835 0
-0.02859063539007499 -0.1706635880482109 0
0.04460310182741153 -0.1788396630823273 0
0.07755470823864694 -0.181191227764935 0
0.08508793227409753 -0.1469696239197929 0
-0.05529791661182983 -0.2092935064657779 0
-0.06809013120869996 -0.1702639802749566 0
0.1230467437756961 -0.1883314769331795 0
0.1214970307420388 -0.154752350247763 0
0.6667147591140404 -0.171567149491725 0
0.6710524083739348 -0.1519575349730278 0
0.1490215237609196 -0.1872859299427104 0
0.5336978248375058 -0.2849528579653045 0
0.3930231527906179 -0.2624323271788254 0
0.1740761578991953 -0.1885650229048171 0
0.1491541639514976 -0.2807828392963542 0
0.9196893055059767 -0.1157616686200477 0
0.4967548711059321 -0.2076161932659809 0
-0.09751375545000157 -0.1988032124981484 0
-0.11469277016872 -0.1526967615195954 0
-0.147031564583901 -0.2155193955998409 0
0.6844959550567254 -0.1701708673134524 0
0.6820632577860296 -0.2416372836168857 0
-0.1735559240520578 -0.1469547973500093 0
-0.1373343626534908 -0.1108027974122911 0
-0.008092067288406495 -0.151164980740037 0
0.9113579471011427 -0.1133395701959145 0
0.8125423692069856 -0.1229500974371443 0
0.04348248288880053 -0.2975814573206244 0
0.7202485824842536 -0.1626631083713898 0
0.7326036151258313 -0.1550225459236332 0
0.2149364609774438 -0.194336125737662 0
0.2039935513029792 -0.1686853305840022 0
0.3540891450199199 -0.1953731181000083 0
0.7968228507850674 -0.2130985376310743 0
0.318174359084313 -0.2638705979995237 0
-0.09812377476631375 -0.1193828500127638 0
0.6100338090384464 -0.1757459715272227 0
0.9765025659761992 -0.09880757955285575 0
0.2495993567248589 -0.1976207194516267 0
0.9657348435758774 -0.1039050803227985 0
0.3276172852455421 -0.1972761493393993 0
1.001158104078336 -0.1369481232887929 0
0.01371085214172904 -0.1515405674415147 0
-0.06701607995476609 -0.1334908008945132 0
0.4456975538520696 -0.2684304945367819 0
0.4747224563317755 -0.3078600123278902 0
0.9483415674070019 -0.1082343168006135 0
0.940634934084406 -0.1073313419920695 0
0.9338142644979864 -0.1105734928906059 0
0.9542173406435106 -0.104139643619127 0
0.3823551963838491 -0.1967781567101307 0
0.297816721201428 -0.1994533799159481 0
0.2805481425845958 -0.1946313260882996 0
0.7595810245611909 -0.1487295405048293 0
0.6358497480774887 -0.2297344281409273 0
0.2578509406479732 -0.2700984428450168 0
0.5881342134825491 -0.1813573147143691 0
0.4545931408914383 -0.1945229495695287 0
0.4375466325652231 -0.1964442248429214 0
0.4204579372748276 -0.1955073577147805 0
0.6304930825891908 -0.172936384485453 0
0.7489236911915251 -0.2131917361727177 0
-0.0433952521874636 -0.144128995894385 0
-0.04333498526531703 -0.1224640871391774 0
0.2310933699767832 -0.1859382027190341 0
0.5638042685088197 -0.1881871062994692 0
0.5479379292181015 -0.1866071138812459 0
0.528254725603164 -0.1859373897980769 0
0.4847180420659944 -0.1926137314788007 0
-0.1863507873495457 -0.0846040056424207 0
-0.2581800000344476 -0.068601088244631 0
0.501500734159846 -0.1879536095195291 0
0.1948610149633707 -0.1932096020287804 0
0.7694126355005557 -0.1399558442012957 0
-0.03506265396427362 -0.2484652615610923 0
0.9375298601250514 -0.1636877002662327 0
-0.0298711018348672 -0.1133505114208733 0
-0.02843493818426882 -0.1273494889688342 0
-0.01346635234838398 -0.1303255895294528 0
0.9446922672476845 -0.1020032650603671 0
0.1360845520201676 -0.1758583443991016 0
-0.1115194507693642 -0.0898366201376023 0
-0.1354974891810378 -0.06581193546746661 0
0.7022556026474917 -0.1662268769722667 0
0.5503971848940459 -0.1739577260907474 0
0.8771689030763566 -0.1811176496099473 0
-14.14906399913917 -17.11597430072181 0
3.809265883126263 12.6361799789475 0
-3.503668197874281 6.051042241606847 0
-5.493320069613837 5.734624125692105 0
0.03755112569690387 0.1439061798394007 0
0.02399578480881623 0.1518792850677124 0
20.96724896675661 22.86852263262436 0
-14.61292179406055 -11.66036389647328 0
0.8904079532897862 -0.1081081358192694 0
0.8879699763655755 -0.1126456846798532 0
0.881238935584542 -0.1137268817459226 0
0.8872964869159149 -0.1195029612094488 0
0.8944040660592689 -0.1135601428142579 0
0.899968444340476 -0.1096448065606651 0
0.9031436134334528 -0.1163454970881721 0
22.97935999855711 -20.95691533504261 0
0.3970324625218438 -0.1956576651009534 0
9.927763005453638 7.59221695446506 0
0.9601105984744867 0.1100030644259749 0
0.62523316292279 0.1899011206015641 0
-19.50399141887809 -14.83126079365166 0
0.5780569056120971 0.1989682949906955 0
3.894569149535954 -4.457036281576743 0
3.744819773929516 -2.954359410980409 0
0.9704778449884581 -0.09592785797046995 0
0.9721116192794789 -0.09910593167081361 0
0.9678065601874196 -0.09889051365519201 0
0.765367387960012 0.2720583030991695 0
0.7467408050618904 0.2922925875433827 0
20.57213448530311 -14.78994693246182 0
0.07794934171472909 0.3198116374632152 0
-18.6832624187508 -6.909087414914396 0
-5.26530680717778 -7.930744500909606 0
0.8191687728093325 -0.1216112313050106 0
0.8234942509479718 -0.1269586113108643 0
0.831253528909266 -0.1253800681612012 0
0.9376007403785722 -0.09963963327491362 0
0.9362230644139451 -0.1040700456231894 0
0.9309465879172568 -0.1043495565347295 0
0.9252034511128057 -0.1089450540642244 0
0.9214281302666381 -0.1051303308733301 0
0.9175428705718534 -0.1089637900702389 0
0.9121249617488139 -0.1069164066584371 0
0.7663979653167809 0.157481493494762 0
0.9829177919719031 0.2098388347665309 0
1.016273421337454 0.2280886230212807 0
1.010633358804766 0.2675970193393898 0
0.8644704347993445 -0.1123501756179564 0
0.8678693705215064 -0.1172651593058529 0
0.874313184989012 -0.1159744339316052 0
0.8725130443635849 -0.1226996468997345 0
0.8641386461266372 -0.1244777490320719 0
-22.99085327427878 2.485347941352661 0
9.659613078442058 18.92540119522042 0
3.029743570443206 -10.80144770320243 0
7.449087230562265 -6.415600643448887 0
7.909163505681178 -5.088868641200053 0
6.325921230226858 -6.770801218913935 0
0.9763858198319895 -0.09538096656730034 0
0.8533195461814034 0.1371338208743523 0
3.380239486522657 0.06522256610201006 0
3.77598609201156 -0.2926148442245851 0
3.247079142899059 -0.4071162517934379 0
-22.84927630997275 -12.91122489405478 0
0.9478924971978666 -0.09770973246718931 0
0.9498617494056686 -0.1012599994252806 0
0.4608525303632585 0.2226179821722181 0
-7.627409653406698 6.372876695669357 0
0.652781122995697 -0.1670752023257451 0
9.847538180771251 4.582424980207533 0
10.38805425614335 3.249382002019055 0
-10.13920947788831 -6.160518686904216 0
-11.79058810408829 -5.466096517039815 0
-0.3706059048980659 0.6255381248455921 0
-15.51788915174777 18.70241834267275 0
-11.79491586897031 3.288983091527756 0
1.070502615242159 0.1702020889674793 0
1.107121236975721 0.1728850006309103 0
1.156303250465874 0.1665757754416856 0
0.09978544113997637 0.164264048391955 0
-2.90104706960715 -8.637193748242916 0
-14.50854857301085 20.78352328540761 0
20.62394518734082 -8.639941310650997 0
-5.341516659002012 11.2932305252584 0
-17.54768379453627 6.213823264560769 0
-12.26937921515191 -8.72436127526179 0
-17.47292552279631 14.75098591997995 0
-1.298087862856049 -8.885175314616069 0
-0.9126882988037749 0.09600354099229624 0
-14.50019976201393 -3.665502657663826 0
-19.12957069137688 -1.560212280492608 0
0.5153224448044926 -0.1992151620679655 0
0.08254000772234367 0.1594524096857879 0
-0.4209417898056642 -0.1009049632263458 0
0.6037316030989682 0.2241702331876545 0
0.4568266381496966 0.6339821113700167 0
15.74142830338728 8.749339051357422 0
-10.95881531004682 1.785934135054244 0
-9.782210446989627 -3.727062047191718 0
-4.026729149461783 11.33013691639972 0
0.1588310040657203 0.4573175170076679 0
-20.98747406850044 -22.83371093640844 0
0.5213897549953896 1.155044643913197 0
0.00094075425893038 0.1314997732693146 0
-15.93537775072642 9.627287898277789 0
7.2859048946653 11.36039916277771 0
0.9790120385834807 -0.1035922088602114 0
12.77264653130577 -14.01066518723597 0
1.094745322559648 -0.6263807669323069 0
0.6121736575866616 -0.1628550715000083 0
16.81859677585564 -7.929788411240214 0
21.17458209337241 13.9597192868791 0
16.81936260264395 13.9691431958015 0
0.1937721602388076 -0.166051612809878 0
0.1893949586886768 -0.1768084213839093 0
0.190331506051797 0.2399581328088422 0
5.256149550437781 -7.209027362321136 0
0.8538200718492536 -0.1144961625773097 0
0.8518977162450511 -0.1204126140570684 0
0.8460707935948477 -0.1209972105477717 0
0.09895042836623454 -0.1901642141267624 0
0.1073690752341057 -0.1730605544664398 0
-0.06606228570859367 0.3011550009618169 0
0.1756357141037354 -0.1640469322720948 0
-0.7777816404816768 -0.9092526737136583 0
-1.295892674650423 -0.9720143848971585 0
0.9445223470664712 -0.09794557210488933 0
0.2229604736702022 1.56308339026819 0
0.79663750819539 0.244431637377588 0
1.174979589525082 -0.194959321603744 0
-0.2635981678532925 0.6310266828681609 0
-0.04152954627941563 -0.1071025206736238 0
3.172132634202181 3.19756952443726 0
18.72047764538914 -4.812138105374318 0
0.7323997239425903 -0.1392451225349566 0
6.866142861721134 0.5503157378766531 0
0.8477325444227689 0.1316279332300185 0
0.5758317116797654 -0.1675675469675711 0
-11.45256362334231 11.36212772481738 0
3.720816627617167 4.366857924755095 0
0.4605391856453874 -0.1808024978946152 0
0.4700532252222887 -0.1901283316469859 0
-1.959907236451031 1.389005147306191 0
0.6462221347143375 -0.1569816178681528 0
1.272115084788605 0.1962986576469523 0
0.07671029250282876 -0.1467517857602266 0
0.07016775874558913 -0.1555244987777736 0
0.05791158795054001 -0.1504009892966808 0
0.06055918751264464 -0.1672837890945559 0
0.08345775737070307 -0.1647413317853856 0
0.694541406262758 -0.1465958512355419 0
0.6915499600032173 -0.1574599650318944 0
0.7023969203672169 -0.152431124810956 0
0.1668429596387554 -0.1645252017346228 0
0.1609753582844747 -0.1747641865779656 0
-8.229454045446612 11.30853062785276 0
0.7676890587523078 -0.1319407403201318 0
0.7807411294257336 -0.1393817915583953 0
3.958221479290076 -2.474849984835769 0
0.8345579004473944 0.1417514243309027 0
1.74860798168385 -0.5075327385461841 0
0.2466902964525911 -0.4560965481265775 0
0.9621320245466622 -0.09611268526740901 0
0.9636584687181946 -0.09921883469685289 0
0.9597282275391918 -0.09899933987918812 0
0.6031518077844595 -0.1647497043281298 0
0.129114873307541 -0.1570042241429957 0
0.1228631561245809 -0.1664660236881333 0
0.148156557532423 -0.1704218295273542 0
-1.29070916816935 3.299680838167613 0
-1.84431463475744 2.62928039566383 0
1.06554988845097 0.3310846683373461 0
0.6782115774207634 -0.1491472888987288 0
8.557298069016031 4.654759396334117 0
1.762784919099965 2.539579712570948 0
0.9540117404222178 -0.09679381236365785 0
13.40196846489325 0.8409179977922423 0
0.1469896102072809 -8.769698323142791 0
9.247766355673262 -1.135233077030034 0
0.9676341384832489 -0.09556115394246159 0
0.6281987522067612 -0.1612363637106804 0
0.4396814663205576 -0.1798723966043067 0
0.4176982820934133 -0.1824421047734129 0
0.7017882482146045 -0.143903513845286 0
0.584825451561804 -0.16626843207049 0
-20.95366261152917 -6.569197529244013 0
1.225091687732639 -7.898254022391937 0
1.528445230295164 -9.088785635712149 0
0.8312558817153671 -0.1189093834859265 0
-0.01385696304010134 0.1247404241444185 0
0.4649475089126847 0.2010283539723769 0
0.4904431284318242 -0.1789786492845217 0
-0.4110709364383849 -4.607458161773617 0
-0.7835113985409409 -7.716269953822425 0
-13.157894736778 23.02834645500332 0
0.4696026049010804 -0.1781206760283705 0
10.02053445494967 1.814866747939125 0
0.7940870089648266 -0.1273463441174745 0
0.799387170302523 -0.1340007696284723 0
0.8084812271276115 -0.1300941766011108 0
0.8090819289612863 -0.1406411931607703 0
22.82775515344159 4.543826438419811 0
0.4090365146431765 -0.1802447953716985 0
0.6624724971348546 -0.1529302445953167 0
0.001834085747049232 -0.137896094455295 0
-0.1187439368847126 -0.04045713420809685 0
-0.09783322849101923 -0.03769326182829341 0
0.2137752192711338 -0.170823138017894 0
0.2060488191862324 -0.1810566308204476 0
0.7822891248007269 -0.1304726249353237 0
0.8848540672355587 15.3893530895626 0
0.7468443052170652 -0.1361341643440213 0
0.7441905221618476 -0.1431981884370542 0
0.9851592152883369 -0.09694815463031332 0
0.760094363199425 -0.1358134945761152 0
0.6679388071741801 -0.1603124595042212 0
0.329006401464809 -0.1825628529376797 0
0.2325364461032154 -0.1718729646601323 0
-0.6977304980554734 0.4828865287805577 0
-0.8915767670253003 0.455805198568179 0
0.770154701696572 0.1676709245247479 0
6.457943761251445 -15.12049082604257 0
9.441081219711776 2.715969605425043 0
0.7171515004460818 -0.1430577405234871 0
0.722951608787549 -0.1501565923947048 0
0.348990117244231 -0.1815970122396365 0
0.3597626989703543 -0.1821803014515583 0
-6.264993672278776 6.669966254570357 0
-22.96917341928858 13.06641202115038 0
5.397919765438019 1.810711309249566 0
5.053686733419919 1.256390758680161 0
5.416019583040746 2.524306973640614 0
0.299439182602613 -0.1761626096775531 0
0.8067981865427087 -0.1232180853071754 0
13.12754521488521 -4.486612369287798 0
0.5289095857857872 -0.1732819256713778 0
0.5196485610784994 -0.1756208708852275 0
0.9678523038602638 0.1157116913271732 0
0.3979450076786083 0.3402289210247483 0
0.4485571185575246 0.3404881582811177 0
0.3897164471899353 -0.1832133904979357 0
0.8581982569120641 0.1276715287136854 0
0.7319767758245105 0.166582055220972 0
0.9685463946229091 -0.8765193389870307 0
-18.16186803225875 9.386670352173416 0
0.3778611621605022 -0.1828040938381922 0
1.122529178728298 -1.965560646811541 0
0.8485608032230951 0.9163069444669214 0
17.76348772951693 8.62924774983707 0
-2.224115486773809 5.299739138791437 0
-0.2184214192916634 -0.2691618154767161 0
-0.1207059328379124 1.454677927194344 0
0.2506947925514288 -0.1727280565815846 0
0.2614357502500101 -0.1746372441498238 0
0.2644239722252229 -0.1874296414865106 0
0.9594979084973055 -0.09614375015114154 0
0.4995923848717143 -0.1761573971797908 0
0.1108644684129154 -0.1572849331468055 0
4.375924554502342 0.3430825397257103 0
0.05863710373005007 -0.1412035506029446 0
0.04368072244450191 -0.1551302244738675 0
0.03834224695517146 -0.1405769284815989 0
0.02729634361839407 -0.1659699647545048 0
1.03757301646037 0.1643374197706927 0
0.8134694024525929 0.2309886913016697 0
0.7764586203845014 0.2277908943166017 0
2.943781518381442 0.02354544585814877 0
0.6884334395831136 0.1949299850779392 0
-2.892364752304927 -7.527933104363616 0
0.09119171246405769 -0.1524766081958426 0
0.09777705708388036 -0.1625760719452825 0
0.3188713039518392 -0.1780099147668956 0
0.3135592403626361 -0.1903271577029201 0
-0.1706579164391425 0.3015192307246146 0
-0.1723658591052661 0.2523927034948125 0
-5.53778279626422 0.07159940964158373 0
0.688847851592306 0.2638877090192498 0
0.6805371450328785 0.2874279604861888 0
0.7043503160616528 0.2849208039530871 0
0.6959174375672028 0.3118426934897356 0
0.6613070529555071 0.3124968247083988 0
6.85490626043316 -4.526132122014947 0
0.6092975210826289 0.2949761977354789 0
11.94380104802638 3.242125039753848 0
9.240290433512751 5.602713007818235 0
0.9065721890519012 0.1232375281854957 0
0.9166316032550633 0.1163991636256859 0
-0.06516350432771578 0.108475319098134 0
0.9817783517445638 -0.1355240756224971 0
0.9492272375263456 0.4114681682725873 0
0.8694943819925084 0.1261679838763062 0
1.287891121549186 -0.07959438791857781 0
0.9743533162875541 0.1061319596098134 0
-10.5751870634096 23.06384849223022 0
0.2808468542516289 -0.1763318947247283 0
2.94813393869837 4.471817656222807 0
0.2193170974749701 -0.3463858634818585 0
0.1513103775670702 -0.3370440633688476 0
0.3260949017469545 0.2749778690231398 0
0.2885073002349833 0.2681650737705593 0
-0.08989837273645163 0.2750544506801635 0
-15.44811460048308 -19.0714077330146 0
17.06798568724361 5.4735380246548 0
1.825733605590319 2.028980641397589 0
0.96802537157937 -0.1444123626871133 0
0.9622396758170016 -0.1689923396146269 0
-12.91869427474068 -7.098214674109883 0
0.9515180127376862 1.587860893207316 0
2.767939900924908 7.496700131468671 0
2.3429729434167 8.311056839618507 0
-0.1863761353446242 3.752355505023286 0
4.265764190523383 15.28708707373534 0
0.2525055693605976 0.2613083872455854 0
8.217811727583825 -2.902346722495598 0
0.8395721464469167 -0.1245815606197671 0
-3.480653300504986 -0.07266875021141818 0
-13.27665832469243 0.5512200320582161 0
-0.09209336155986045 0.5328833218658782 0
9.47057666666786 -5.116095366641791 0
0.951483468678255 0.1110714282079897 0
0.4955806332943402 0.5879442022640275 0
0.5598263874775589 0.5893316959961685 0
14.05344209484847 -3.087312378762651 0
-0.2326430296416998 0.75722055960881 0
-1.355633849970059 0.527050986656101 0
-0.5394408968507247 -0.9546895879907803 0
0.132412448001374 0.2128287958760714 0
5.224789236232081 5.054522787925561 0
-3.623305591323855 5.233178492733582 0
2.835519991711396 -0.3235163898179625 0
0.3713425695688252 0.2237858168259689 0
3.395047543992594 -2.595528541198014 0
0.4241808682824965 0.527921970841453 0
0.09790403502641434 -0.2866835899442393 0
0.8807268836177657 0.1231988070021318 0
0.4958855439671386 0.3198133348944037 0
0.9888347382139404 -0.09579642883449627 0
-0.09006759234903011 0.05533810118913632 0
-0.0833411865059651 0.06060772506672941 0
-0.1062362445531128 0.05865644719653731 0
0.629708813346251 0.3192663720038592 0
0.5471290225141821 0.3172175087125978 0
-3.440755659528361 1.608388654559003 0
0.4814527444464743 0.2355305067143787 0
0.4912013852721937 0.2237171645046807 0
0.503134643213246 0.218145404107807 0
1.441903468164395 -3.65950003848757 0
3.115757221267156 -4.499656980205251 0
14.76631022038221 -14.06972669731849 0
0.5713285586120499 -0.2792148913315066 0
0.5269052310904706 0.5316988528004032 0
0.8797573063047217 -0.1201272816575299 0
-0.9033816636015125 -4.202044151148698 0
0.4485254783212969 -0.3540601773264894 0
0.7894923512812285 -0.1363943726318504 0
0.8348620947922034 0.1517019016171555 0
0.7015789588891561 0.1744337777573494 0
1.075497551348531 7.271152505105146 0
0.09639012698120911 0.699186562349924 0
0.9322853410927828 0.1713721794231509 0
0.7306546488622346 0.2551031948109255 0
0.523353296069024 -0.699400631736744 0
-3.725215742480361 -21.02691415503427 0
0.9014399898205204 0.1652342255850706 0
0.8998311453436882 0.1804984787781727 0
-2.895104158132659 2.68128168923647 0
1.498574596225181 3.863515850436973 0
2.015568668192834 -1.589902097398929 0
0.0697465155785183 0.2880219405169173 0
-1.543198283836639 -4.406926786491552 0
0.6570457314325393 0.2854689138685845 0
0.3795633125468983 0.2128495610661954 0
1.002170846037015 -0.101183635343613 0
1.407515641391766 -1.795582651651752 0
0.9082566203511072 -0.1041032789749197 0
0.6843560431256033 -0.5287162753701311 0
0.8756715505706799 -0.1104060963697385 0
0.8251619953429775 -0.9951803674265554 0
0.860116081525134 0.2701516819369049 0
0.02250588119141445 0.270250092400526 0
0.901316977687794 -0.1889639101716917 0
2.454338063501528 1.210315691872259 0
-18.99578527499042 7.562539001018502 0
0.2375004216743475 0.3751539145816808 0
1.105984548432603 0.06318114748129659 0
-0.01064096032645815 0.1360494634358314 0
23.22857909732773 18.38646810458527 0
-0.00907330658902915 -0.1193712774728152 0
0.9399983993651364 -0.102550678405113 0
0.9560108031201875 -0.0997568456782232 0
0.6381547905079992 3.666796090054407 0
0.6329179569805404 0.5234684622716431 0
0.8801115856816288 -0.1085699556369966 0
0.8257093885971671 0.2131966791253356 0
-1.247184924889073 -0.5774297767292794 0
0.901064994379127 0.1183878298358403 0
0.8992034927027168 0.1246144598202446 0
0.891979006484324 0.1251884841479664 0
-1.769736419328763 -3.218446761478881 0
7.507501770876002 -13.55472456978466 0
-21.19723894659915 -1.278439590286129 0
0.0413475006108569 -0.3611050033139245 0
0.7051084276850785 0.1837660798564178 0
13.20626652342829 23.13530948165874 0
-17.36868876570106 3.229873206741939 0
-0.3222604575078331 -0.1345012210412223 0
-14.36708159981246 -20.89769264483767 0
-13.30202255317546 -22.99220167575432 0
18.93050488059036 -7.278144257400898 0
2.804173612616653 -1.021625771791782 0
6.975556121105209 1.945801379382567 0
0.8906484821477236 0.1198689625259511 0
7.352544285762787 -8.459995092671168 0
0.7016035397477035 1.971717592436123 0
0.04220939192290723 -0.7068410297168431 0
0.7635069343137735 0.1507091145570792 0
-4.167928776177299 2.412456381174886 0
0.7860600793118578 -0.1505136340380316 0
0.845606707205355 0.2496651985919692 0
0.5640829610103627 0.1901376789834073 0
0.007350903735218789 -0.129455084416494 0
-0.5940598056401023 -0.4739859962847846 0
1.549969988909349 1.040218357537188 0
-0.220542648499133 -2.030781099846183 0
0.8922135948524308 -2.768848519807963 0
10.39381406690119 11.65940753225648 0
10.64181746752009 20.73780929689026 0
0.01045614671186561 0.8894203655570807 0
-22.91018863484045 5.697884346368578 0
-0.04287255129012564 0.1083741321651596 0
-0.5898319505221286 -0.7052140522733029 0
-7.394767174312168 -12.16684306430097 0
1.000378127836445 0.1347239630309516 0
0.9894737179130672 0.1439290970344925 0
0.9298523145419859 -0.1003922111146386 0
14.43690886899981 17.14306749683839 0
-8.72493146043635 1.004639652365813 0
4.949700714403078 -3.008994091132224 0
5.197528000238989 -2.329451241872166 0
-0.02913966017671186 0.2578507812307393 0
0.6333117352331765 0.1870381554721704 0
0.08258531669792242 4.172077323327814 0
-0.1943481060326417 2.417939119818688 0
-0.6807888648880109 0.9524625866369354 0
0.921512739267538 0.1836811438046991 0
0.7450227782161849 -0.468498593372424 0
-0.1024501415494031 0.07816826259638758 0
0.9025956762602664 0.2190864915667902 0
1.032374993717247 0.1410009276726589 0
0.7958279310094464 0.5271371874618882 0
1.821756985804961 -0.1851579570636573 0
4.501912141365595 -13.28424924176095 0
2.412182457073779 -12.42281335180965 0
1.558739802895115 -0.4772813261524261 0
0.5711046806321661 0.3794207600286505 0
1.01574547062727 0.1586104335823054 0
1.428080889535482 -0.8622658531630878 0
1.11600870021003 0.02912404757384493 0
2.991772808915655 17.01726929875535 0
0.7754026794193304 0.6003421269647573 0
-0.07249929833605774 0.1674592633674478 0
4.483741800360527 1.45478395366668 0
-10.76651879471708 -22.9810985686202 0
0.2675492597439753 0.205312621355516 0
-20.84162750358302 -16.65836644270493 0
-2.331546619633978 -1.905199917650892 0
1.039352706942853 -0.09619359649323156 0
14.77199057181464 20.91481598279409 0
0.8424545198380017 -0.1170332292262762 0
-6.851041940406812 -19.07598277812195 0
0.5148647162644644 -0.1852974747791593 0
19.04638800777835 1.912304442461124 0
1.151100403828095 4.223409300962894 0
0.1970155661036797 0.1951196036818286 0
-0.4234736628653381 1.686214502132209 0
1.844892404684886 0.4654590303726324 0
2.00919844140033 0.1713566776051829 0
1.05032081857724 0.09018562109151597 0
0.9063686140917229 -0.1092446687131713 0
3.160122536351083 3.825946727717792 0
-0.2190938902605443 0.1702154769701414 0
0.3402169766409016 -0.1918376088649023 0
0.8566715397825947 0.3687291534961616 0
0.8580328628594468 -0.1193160524664768 0
0.8565178921758637 -0.1258749434391157 0
17.62138417479435 16.49459854458336 0
0.7164431555633612 0.1691547408912205 0
-3.528745461431474 2.642257224709245 0
-23.33467981125376 18.39829548913748 0
0.6600846958097669 0.1833974563415359 0
13.62473044062788 3.135851452535664 0
-6.079533817365666 -3.339007442235683 0
-2.191048273301417 0.9377550391346907 0
0.6427254977200397 -0.1657508562633008 0
1.008392987179983 -0.09756898331506605 0
0.5993841220261632 -0.1758283547107614 0
1.036832139681914 0.09539542995693961 0
20.99446883453169 -19.72482946993898 0
0.9745287734713598 -0.1038831953781971 0
-1.511884185330751 2.511353661229951 0
-10.54719400582677 -4.869115660888153 0
-0.4291854105715925 0.4191522589533577 0
-0.5272017462230782 0.5779852788980357 0
0.3683611213714029 -0.1916417094300116 0
0.9054831720765368 0.1166592415968113 0
0.3955275474799981 0.2533445059518795 0
0.9294667128059375 0.116659519078946 0
0.9397986358623349 0.1121159478336495 0
-0.03612117963959748 0.1423980075178767 0
-0.02295611876866195 0.1467351982918966 0
0.2300462590909597 -0.2956186342233853 0
1.647680659023458 -0.1971867738085207 0
-10.49938550010018 13.0890138040278 0
-0.2240562306302533 0.5363605540657874 0
0.5322314947621094 0.2314030812847967 0
5.430507938156394 -0.7979707687620328 0
1.161030664433236 0.4323104510899048 0
-0.6342876385935523 9.192739081745948 0
0.9276523012267701 -0.1162661694879799 0
0.653415373899507 0.3474981756728777 0
0.9161142268186697 -0.1668186352805466 0
0.5738356962388282 -0.1790846306562962 0
0.8992104713940577 -0.1054712551713659 0
0.7897656974662485 0.1526661887230273 0
-0.01725455502990301 0.1625471491490721 0
1.096639769393161 -0.03469790639674303 0
-0.1094739916301841 0.03493159017416717 0
2.598618890028226 2.513820668603897 0
-18.42105263159594 -23.27870637152073 0
0.8188099466085578 -0.2009658817946574 0
0.8222517778619227 -0.2335305552340851 0
0.8396043720729287 0.1383916967045863 0
0.9284455418670519 0.1111164307833192 0
0.9637310216063648 -0.4066067655363947 0
0.6107529775001994 -0.234760131508399 0
-0.0815691531227615 -0.06752196407530651 0
-0.09516145215607809 -0.07672236546572195 0
-0.307900062886727 -0.5984977310081038 0
23.17221241984786 10.13882773833987 0
0.8627099408853139 -0.1173408842426822 0
0.9083344123289473 0.4540511225980257 0
0.2140120392855205 0.1971828441041461 0
0.9764918742028426 0.1118796247366192 0
0.5842254442211388 0.2087909051439759 0
0.9467033548306262 0.3631921594899312 0
0.4199799868888316 -0.2598704477093665 0
0.146283487656871 0.1856045981215809 0
0.366821268320675 -0.2629131519229762 0
0.3158353780560235 -0.3026313670469454 0
-0.2060101339032413 0.3426421684163145 0
0.2606078873650342 -0.8647374607178954 0
0.9025757185992296 0.131664536559659 0
0.930809756703679 0.1262980962201719 0
14.90315307314661 -1.609317686246557 0
-0.2375074456674252 -0.1315451186305586 0
0.4266128771468207 1.286871805018708 0
0.3114956894121278 0.2914930845368789 0
0.8468363985659326 0.1667943984765125 0
-0.177103735486902 0.1621036127173718 0
0.5667152764445316 -0.2438650678234194 0
-1.601685843039654 -0.7571529890926829 0
0.5040086438803401 -0.2875637572989354 0
1.12529077825771 1.223044244825115 0
1.238149880764807 1.417457384736921 0
0.6846804819162725 0.1765135923527892 0
0.122883912939306 0.2946603863970412 0
0.8370990868127375 -0.1344834173971303 0
0.3428114462269743 -0.2572109709847991 0
14.81084560766761 1.117145591845016 0
0.5583010048967031 -0.1686456078754335 0
4.249889963005892 -0.1221563007758806 0
0.7392483313601649 0.1976280956062108 0
0.8809618733258333 0.1777888092620946 0
2.289947719988128 -5.46777011095929 0
0.723604716426407 0.166689708030064 0
0.2503981905324287 0.4510703147567764 0
0.683902770802617 0.521666837866277 0
0.02884554957480339 -0.151790939713837 0
-0.1718599831972179 -0.008575422397206101 0
0.9015363161681724 -0.1249799938841206 0
1.844872153137423 0.07892717761561888 0
-2.535188676725906 3.101833762602786 0
7.367322479864137 1.196040074171763 0
3.912165077929064 5.196400985393928 0
0.7623387911963888 -15.52008167499498 0
0.02042014759925246 0.1953780999919657 0
0.1481858373986276 -0.1604186351947728 0
2.569334292857156 5.01797081726318 0
0.858838193879774 -0.1358224517356832 0
0.2904514804917677 -0.2714147060168902 0
1.035170592727564 0.1939824933674246 0
-16.78698058836059 -21.07745703986754 0
1.651592487197922 -13.88647043497529 0
0.8118652534949622 0.1462833761113117 0
0.70554441870041 -0.2291124181512187 0
0.7758630593265969 -0.2372340077007149 0
0.7091771579578481 -0.2653022360013664 0
0.6893865464791193 -0.3001089532757318 0
0.9496250361328026 0.1061383217353639 0
14.2442103160185 -10.64436157671025 0
0.7268928127638375 0.2796407203693926 0
0.4226200139229934 -0.2940530866190964 0
19.16434878722232 -2.824078747550565 0
1.956646306904841 -10.19022690991376 0
0.6201376628102175 -0.1705705048008685 0
0.5213988611060496 0.2042716232118297 0
1.347661240882694 0.5433281277792346 0
0.7261880253582258 -0.2161523087796975 0
0.1241584171098132 -1.253320720362586 0
0.5434210295383237 -0.8428535949565685 0
-0.0324045705075907 -0.3079669488114412 0
0.5885747669154379 -0.2339720082969584 0
-6.065638264067734 12.47109959676013 0
0.2871367289234395 0.2065067310366849 0
-6.948043024355834 1.493018140232925 0
0.0317031908365134 -0.1337946618142956 0
-0.08859640530668338 -0.09821009528711042 0
-0.07295538300191756 -0.1094245631093107 0
-0.07215062033166182 -0.09364304290141218 0
-8.153160895921388 20.32024661022874 0
0.6098599508056999 0.1817266895345533 0
0.1753552124841248 -0.1724791236937834 0
-0.1789331666925194 0.5993994379730698 0
0.2236333370587962 0.2806404309422976 0
-0.07358876022310602 -0.07166995693079152 0
-13.97536492579243 -8.636430095125238 0
0.5201997755456864 1.018186023845209 0
1.250278633100423 -3.039141112915191 0
1.697592814108422 0.1145864009007166 0
0.07267341806535607 0.1734946750907207 0
0.1769957917790839 -0.2682394114373682 0
0.8098276850611595 0.2152787501112093 0
0.8179042640193869 0.2512804377319027 0
0.2472953256866983 -0.183270941503379 0
0.2302268116660912 -0.2626999692005861 0
0.653501388211655 -0.2467402823708262 0
2.70837079806147 0.9779451380556325 0
0.6491305330658332 0.2252988324153906 0
0.8000002501304405 0.1716807751058259 0
10.81094771224046 -5.121665697363329 0
0.9200861684606534 0.1135972339939912 0
0.01623013322958925 -0.1285866106077231 0
0.0151147202630251 -0.1380739787474863 0
0.08814797190623054 -0.8687711594749006 0
-1.029602316680624 1.230537766109056 0
1.227873195565824 0.01211862916469497 0
-18.62667295814486 16.12345168891281 0
0.9701002913166642 -0.1299332357644537 0
9.172224037924051 -13.55503646893447 0
19.31210955189654 -21.11117508647747 0
0.6783248170985404 -0.1594695381568739 0
0.2953043401552735 -0.1871168143438098 0
0.5653127866514939 0.1990678105110664 0
0.4463059999080714 0.3177041276544514 0
0.7127210049431064 -0.1530269640133581 0
1.124704444343659 -0.08122695636985763 0
0.2497216035609735 0.2019157416809423 0
1.578062649153821 16.61272613165969 0
0.8197352085932871 0.1433275293865762 0
1.124116008721547 -0.32635152128533 0
-0.1898090551012988 0.8557207715644536 0
0.460176480353687 0.2096938891359641 0
0.5019909173732318 0.2066530925216487 0
0.09302180525871412 -0.174346680017761 0
0.2767466783878456 0.2837658586405779 0
0.5566483427236167 0.23607185689614 0
23.44198648655636 -13.12124286000071 0
-22.71542066006212 -6.048014359886347 0
23.16536540916426 13.76027443609384 0
0.9213274414732625 -0.1015225764975226 0
1.025087674018446 -2.361531681484338 0
1.0516019709271 -0.2819878719688267 0
-23.49608248811671 -10.52631578939533 0
1.061206726476432 0.09662024440638867 0
23.0735505063891 23.07355050638409 0
0.7078699766642744 0.345241193586429 0
0.7254925426940464 0.3109426170411105 0
23.07355050638409 -23.0735505063891 0
1.073001305982783 -0.7779768691258772 0
-23.07355050638409 23.07355050638911 0
0.05956989865329696 -0.1922147927242369 0
0.6770187489088415 0.1777630535563153 0
-6.602678967110962 -2.605387794819678 0
1.531624736554624 1.265473352355652 0
0.3543782840803254 -2.157503538649226 0
-1.919494682511147 -0.4482659660110889 0
0.8434048978440405 -0.2128004872801449 0
1.006889371558365 0.1992238051200184 0
0.8795373100826277 0.128893825125328 0
-23.08694930380852 -23.08694930380341 0
1.127150377866665 -0.2101381451982613 0
0.7828234162741244 -0.1638207084272944 0
-0.05929968598672646 0.1221318441566649 0
0.6935303540015818 0.1833330345526063 0
17.11557067109864 -21.14884127751334 0
0.9126774297617595 -0.2206237935659251 0
-4.314697328842449 -8.751406555270847 0
17.033427464566 -9.79851457587538 0
1.078601557371023 -0.08889153106186841 0
1.087732666979219 -0.1130748225424656 0
0.218925593668843 -0.1819900299233321 0
0.3370081651932096 0.2077472606246227 0
0.8926374194166991 -0.1293108221770682 0
0.8578784925240023 -0.1933961724221419 0
0.3791345719627757 0.235187137592232 0
0.844697866723918 -0.1429431295466314 0
0.6290893101748058 -0.2590636934910703 0
0.9858753302820031 0.1116080505727582 0
-1.898508147307526 -2.211750578350425 0
1.002937639052155 -0.1814701439566457 0
0.02391222368560514 -0.1862038667609132 0
0.9370921345915448 0.1085674013337034 0
0.08861915092378225 0.2161218651122915 0
0.1796826947671838 0.1908022323445576 0
0.02523747122257417 -0.141271144330983 0
-0.01867700231228136 1.589263551587865 0
0.3228901019435597 0.2087664403281227 0
-4.408997499714826 -4.858581357134332 0
0.6138824493585392 0.5717486175075697 0
0.8168332427493497 -0.1273005382635595 0
0.8270666549974744 -0.1347325664295617 0
-1.919273621415278 0.1598405618266195 0
-2.065570266928784 -0.1190863874433519 0
1.121781235843785 -0.5108419655200044 0
1.07072575631196 -0.4187711141792214 0
0.7672584023239983 0.1788504849560121 0
9.59816840175961 12.73534719173272 0
0.5984953656846553 0.1928845782059434 0
0.5526854399001555 -0.3500249527428292 0
1.114940368890838 -0.9008533887067534 0
0.1271845214144946 0.4990370678661432 0
-0.1458642146699825 4.619558816670214 0
-0.2123810412644439 0.226661780795023 0
0.4557811067777462 0.2392828910551561 0
-4.703750374006454 12.4045624834234 0
1.269803857409544 0.07225798428956764 0
-21.4201447055384 -14.40963592847137 0
-0.3126679369646875 1.870996828267142 0
0.8857046894178811 0.2650017915622868 0
0.5916652137628697 0.2200897563393956 0
0.3832910816345242 -0.2941167903235704 0
0.2512853184084303 0.2809447666758388 0
-0.2307888462014301 0.1168860421418226 0
1.057491943738797 -0.1222124837221646 0
14.23813446235822 -18.90661053476011 0
7.941948792597659 12.60792238538932 0
0.3966907235585074 0.3187319851359701 0
2.273052240103804 5.509259895521919 0
0.7452941382099141 -0.1528493092852321 0
0.2670111808617485 -0.2010268540595299 0
0.6033405132333624 0.2380602820088111 0
0.6595881744245469 -0.1607532009299351 0
0.7554509205855974 0.3163224773814424 0
1.747554527296449 -0.7178886502233411 0
0.7373648137202592 -0.1457433685252824 0
1.171848332777508 2.325648161841783 0
0.1881703538513332 -0.2995243588169723 0
-0.05333890778931699 0.1124833144002405 0
-0.8591087452607378 -0.0563369590470679 0
4.485356918739329 7.621129455143373 0
0.9618664222220623 -0.1026479072153505 0
0.844455699508494 -1.154981750217587 0
9.119529227177921 -21.52692205920532 0
-3.544700789545077 -0.5194470037972503 0
0.7104394712260051 0.1929898696600272 0
0.8680849081015772 0.1310808971770856 0
-0.0736904139133308 0.1174578096388413 0
4.269082292311881 -3.02299098312621 0
0.4087550087816114 -0.1904553301450393 0
0.4195506673998358 0.7618722212538147 0
19.64204651173427 4.949468714206508 0
-1.594595244688722 1.266773251378318 0
5.961010461001765 7.605644117899797 0
4.724561071340133 2.675209703317189 0
19.45291653575595 -0.002666140810277259 0
-0.12881907401582 -17.17157423284356 0
0.890148848913685 0.2410516592916057 0
0.9837649059103433 -0.1019587810239017 0
0.2177999534839661 0.2962834188372424 0
-1.627180576789764 0.1076363076534635 0
11.74704358166548 -21.40135768009071 0
0.9759821168366596 1.057506520604097 0
-8.227327161893639 -20.87400197785325 0
-0.1584687910522076 -0.03996517625261248 0
0.6825551838878398 0.2061621780672372 0
-20.64090561263452 16.32524719525176 0
0.0986985895350246 2.403247894583052 0
-1.318689541094617 -1.258176357946708 0
0.8574255226830267 0.1649354568651848 0
-11.01417064946038 4.327262838938886 0
0.7516548867510017 -0.1416957784730067 0
9.528663892610091 -1.934722624304679 0
0.9497519186433371 -0.2172259365537331 0
2.525596918762846 19.57534440230236 0
-4.194575968053978 13.60042986555369 0
0.8744708910538347 -0.131504414760347 0
1.002377932943829 -0.1111226459635289 0
0.3051031255939309 0.2064765032533409 0
-2.291956654328297 0.593252985800964 0
0.7299700489306297 -0.1462487459244318 0
-0.4298201971193065 0.1711853561907582 0
-18.13114895976435 4.698231632895776 0
0.8858278649804223 0.1277167620268271 0
1.107273811366073 0.04608158903090301 0
0.7442072298191608 0.2702860057431398 0
-0.2085596301011167 -0.1893608742974158 0
0.007498210825261734 0.1721144667325352 0
0.3825224196840078 0.2457390014898126 0
0.1978458203269998 0.2537413682302673 0
0.4514805084834644 0.5694739176640261 0
0.8495900910756012 -0.1260097760842216 0
3.179364186650032 8.288171583974487 0
3.163106539656558 -0.810245698380216 0
0.1619530390013703 -0.2001008137253509 0
0.2034412455194718 0.2115660554266515 0
5.601470697782453 -6.251534713033683 0
0.7604898630543058 -0.275018267462007 0
-14.99673333099426 -10.1889264991951 0
5.800369242826493 11.25910631152667 0
-0.08629872076917337 -0.2510458696953058 0
8.645540551099446 -8.301985666152932 0
0.8033787676560558 0.1473140599580941 0
0.4802842027737926 0.3405252179135615 0
-23.63231388631611 10.5263157895377 0
4.837911407920253 0.564482522876522 0
0.934216015575122 -0.1191507816733289 0
0.137668227116629 0.2284632502732946 0
-0.005165114095143822 -2.311212181168007 0
-0.06903711865086312 0.3385733312327953 0
0.4013129010146439 0.365508182905688 0
1.203299191360239 0.193464955229099 0
0.1308862671133204 0.1790092843452113 0
0.5465545671961136 0.2507797318591085 0
0.4450734044116378 -0.1888499394054275 0
-0.08751654622747261 0.2471473301620297 0
0.2320996871004644 0.1992418316937078 0
-21.34340240967182 14.564339598942 0
5.321483965100342 -1.302848114353764 0
0.5126185586265332 -0.2160301452739783 0
0.3531687661905566 0.3516696204200078 0
0.4161968725907642 0.2113484758399765 0
0.5500775318779961 0.2006487156720288 0
0.8778582806741189 0.1654699306984146 0
-0.4807083454773576 -1.174690698961071 0
0.1159627801848124 0.177080838583627 0
0.7088602345685118 0.1696962347267305 0
-20.98122357407078 -20.60440264988186 0
0.3504391492769419 0.2191559115470141 0
0.8679883156494932 -3.923835143501334 0
3.261032892024692 1.31148466611599 0
0.4672278737584047 0.2541377120424218 0
0.7188360148569866 0.1959483411668101 0
5.001649794990819 12.3093143978076 0
-0.06458994902841561 0.08594370013548096 0
-0.07310694819775537 0.08616560369869718 0
0.1662890455453838 0.3368747993094085 0
0.49632616755061 0.2533638762602038 0
0.7618636121779252 0.1628938465100563 0
-9.661016602880421 14.62212150733817 0
0.8874877768495207 -0.2563986458611209 0
0.8497948204168466 -0.248698905986759 0
0.284528246462277 -0.1839045365568013 0
0.5413403139794242 -0.4001032149108398 0
0.6822217142763531 0.3720038161876275 0
-14.88995444484644 0.5415147413665022 0
0.8211171819680418 -0.1445843576814504 0
1.334596063278384 0.1964447171182691 0
0.970242749910211 -0.1024357038898971 0
0.6766271421536411 -0.1809491093098068 0
-2.852528186282993 -2.111168985013885 0
-7.744626380478676 5.290434383783068 0
3.034778158930719 2.775745474201433 0
0.618138817364066 0.2226938233999974 0
0.8695203682329813 0.1395583988106851 0
-0.02443571240140278 -0.1434005717850499 0
0.9539344722649761 -0.1096520402251994 0
-0.05669464197264806 -0.1145718131681338 0
0.2517451220776283 0.487989421086104 0
0.9123355682607192 -0.1026608668054064 0
0.5215951449174945 0.225356675942937 0
0.5070891033087639 0.2294175719275751 0
0.506149031938941 0.2433997708610661 0
1.338055316757979 -0.03553132787727942 0
0.4081608607931654 -0.2022753629769924 0
-6.189909906493497 -8.802504032821362 0
0.1634835308868635 0.1874522968923044 0
1.004929489585849 0.1123872373001871 0
5.182121991232117 8.974941899350974 0
15.33348027672352 -0.2297679519367427 0
2.784532874085272 3.466639028274317 0
0.9581309737047845 -0.1025071332621473 0
0.7688982398189842 1.753798287787573 0
0.9530268452331581 -0.09984874345671627 0
0.5601202052399956 -0.177527953098359 0
0.362399372508955 -0.3278043117974455 0
5.635276446818671 3.071703948419574 0
0.08132309067145523 -0.1532927696878043 0
-5.163059352770335 20.21145548105714 0
0.3694666804294533 1.428893538353147 0
-0.1122554896552828 -0.06647160356330112 0
0.9778510451266529 -0.1098999327745453 0
13.96196953303697 1.938845460802541 0
-0.06842261565450547 0.148152919037676 0
-21.16329134576403 7.313968447425643 0
0.5815992921985813 -0.1745896441387542 0
-0.00954321837012282 0.1824953419337414 0
3.247859190363489 -3.149822289072763 0
0.02827184712663153 0.2934806457221056 0
1.00316408343538 0.1487570513213387 0
9.850201944255645 -14.90260029009923 0
6.707801591898715 -21.78144633188033 0
0.05513312580412232 0.9983572712944917 0
6.977438590213008 -7.53033513021925 0
-1.225995473671249 10.02366343019671 0
1.050596969022925 -0.1036822927675155 0
0.1022465261142318 0.1714892662670736 0
0.6190000896461458 -0.2898198353243298 0
0.425297007017937 2.798578307432014 0
-2.602372821238378 5.845268866451191 0
0.07566973961726305 0.1653542926702535 0
1.260387477993948 0.4596679569589742 0
9.828570308497632 6.559578217954746 0
0.2762903185160818 -0.1836355442199465 0
0.2568487479377562 0.2179797207186429 0
-3.684739260165522 2.093908315470418 0
0.6347333722664786 -0.1643508012080724 0
1.141775751016951 0.03374459400885505 0
0.5130540033817462 0.2183048116279601 0
1.122723740576517 0.001872635746916939 0
-0.3206459165648921 -0.2444283709389827 0
-23.34218860954209 -4.486634074429409 0
0.5544532403924283 -0.3119959099458479 0
0.9404884989518586 0.1077345431789682 0
0.9102078694713529 0.5802400838195221 0
1.769301907199254 -0.3466713090523579 0
0.2160907274497625 1.409167763921209 0
-0.3218173107280226 0.1071480197040839 0
1.050722512083951 -0.1529143152905579 0
3.837135371683628 -3.596620230052047 0
1.017963882349214 -0.1559090589071285 0
1.857259274684454 -0.8732074606389296 0
1.157991036732805 -0.2614025931008926 0
22.86147072783688 6.266674071595597 0
-0.09149288793896972 -0.3712019755415117 0
0.8596672225578225 0.1337312629458306 0
-7.374917713704312 12.35143249213925 0
0.1137816889720907 -0.3930280514002324 0
1.240261768993957 -0.03739474252829744 0
0.7169982769804792 -0.6139609261527084 0
0.2766906555294559 0.2198439338552387 0
0.5206057138342122 -0.3187211180199357 0
0.2951290665821326 0.2830597581098939 0
0.1819331548668721 -0.2022335682320161 0
$EndNodes
$Elements
8 10260 1 10260
1 1 1 149
1 1 7 
2 7 8 
3 8 9 
4 9 10 
5 10 11 
6 11 12 
7 12 13 
8 13 14 
9 14 15 
10 15 16 
11 16 17 
12 17 18 
13 18 19 
14 19 20 
15 20 21 
16 21 22 
17 22 23 
18 23 24 
19 24 25 
20 25 26 
21 26 27 
22 27 28 
23 28 29 
24 29 30 
25 30 31 
26 31 32 
27 32 33 
28 33 34 
29 34 35 
30 35 36 
31 36 37 
32 37 38 
33 38 39 
34 39 40 
35 40 41 
36 41 42 
37 42 43 
38 43 44 
39 44 45 
40 45 46 
41 46 47 
42 47 48 
43 48 49 
44 49 50 
45 50 51 
46 51 52 
47 52 53 
48 53 54 
49 54 55 
50 55 56 
51 56 57 
52 57 58 
53 58 59 
54 59 60 
55 60 61 
56 61 62 
57 62 63 
58 63 64 
59 64 65 
60 65 66 
61 66 67 
62 67 68 
63 68 69 
64 69 70 
65 70 71 
66 71 72 
67 72 73 
68 73 74 
69 74 75 
70 75 76 
71 76 77 
72 77 78 
73 78 79 
74 79 80 
75 80 81 
76 81 82 
77 82 83 
78 83 84 
79 84 85 
80 85 86 
81 86 87 
82 87 88 
83 88 89 
84 89 90 
85 90 91 
86 91 92 
87 92 93 
88 93 94 
89 94 95 
90 95 96 
91 96 97 
92 97 98 
93 98 99 
94 99 100 
95 100 101 
96 101 102 
97 102 103 
98 103 104 
99 104 105 
100 105 106 
101 106 107 
102 107 108 
103 108 109 
104 109 110 
105 110 111 
106 111 112 
107 112 113 
108 113 114 
109 114 115 
110 115 116 
111 116 117 
112 117 118 
113 118 119 
114 119 120 
115 120 121 
116 121 122 
117 122 123 
118 123 124 
119 124 125 
120 125 126 
121 126 127 
122 127 128 
123 128 129 
124 129 130 
125 130 131 
126 131 132 
127 132 133 
128 133 134 
129 134 135 
130 135 136 
131 136 137 
132 137 138 
133 138 139 
134 139 140 
135 140 141 
136 141 142 
137 142 143 
138 143 144 
139 144 145 
140 145 146 
141 146 147 
142 147 148 
143 148 149 
144 149 150 
145 150 151 
146 151 152 
147 152 153 
148 153 154 
149 154 2 
1 2 1 149
150 2 155 
151 155 156 
152 156 157 
153 157 158 
154 158 159 
155 159 160 
156 160 161 
157 161 162 
158 162 163 
159 163 164 
160 164 165 
161 165 166 
162 166 167 
163 167 168 
164 168 169 
165 169 170 
166 170 171 
167 171 172 
168 172 173 
169 173 174 
170 174 175 
171 175 176 
172 176 177 
173 177 178 
174 178 179 
175 179 180 
176 180 181 
177 181 182 
178 182 183 
179 183 184 
180 184 185 
181 185 186 
182 186 187 
183 187 188 
184 188 189 
185 189 190 
186 190 191 
187 191 192 
188 192 193 
189 193 194 
190 194 195 
191 195 196 
192 196 197 
193 197 198 
194 198 199 
195 199 200 
196 200 201 
197 201 202 
198 202 203 
199 203 204 
200 204 205 
201 205 206 
202 206 207 
203 207 208 
204 208 209 
205 209 210 
206 210 211 
207 211 212 
208 212 213 
209 213 214 
210 214 215 
211 215 216 
212 216 217 
213 217 218 
214 218 219 
215 219 220 
216 220 221 
217 221 222 
218 222 223 
219 223 224 
220 224 225 
221 225 226 
222 226 227 
223 227 228 
224 228 229 
225 229 230 
226 230 231 
227 231 232 
228 232 233 
229 233 234 
230 234 235 
231 235 236 
232 236 237 
233 237 238 
234 238 239 
235 239 240 
236 240 241 
237 241 242 
238 242 243 
239 243 244 
240 244 245 
241 245 246 
242 246 247 
243 247 248 
244 248 249 
245 249 250 
246 250 251 
247 251 252 
248 252 253 
249 253 254 
250 254 255 
251 255 256 
252 256 257 
253 257 258 
254 258 259 
255 259 260 
256 260 261 
257 261 262 
258 262 263 
259 263 264 
260 264 265 
261 265 266 
262 266 267 
263 267 268 
264 268 269 
265 269 270 
266 270 271 
267 271 272 
268 272 273 
269 273 274 
270 274 275 
271 275 276 
272 276 277 
273 277 278 
274 278 279 
275 279 280 
276 280 281 
277 281 282 
278 282 283 
279 283 284 
280 284 285 
281 285 286 
282 286 287 
283 287 288 
284 288 289 
285 289 290 
286 290 291 
287 291 292 
288 292 293 
289 293 294 
290 294 295 
291 295 296 
292 296 297 
293 297 298 
294 298 299 
295 299 300 
296 300 301 
297 301 302 
298 302 1 
1 3 1 19
299 3 303 
300 303 304 
301 304 305 
302 305 306 
303 306 307 
304 307 308 
305 308 309 
306 309 310 
307 310 311 
308 311 312 
309 312 313 
310 313 314 
311 314 315 
312 315 316 
313 316 317 
314 317 318 
315 318 319 
316 319 320 
317 320 4 
1 4 1 19
318 4 321 
319 321 322 
320 322 323 
321 323 324 
322 324 325 
323 325 326 
324 326 327 
325 327 328 
326 328 329 
327 329 330 
328 330 331 
329 331 332 
330 332 333 
331 333 334 
332 334 335 
333 335 336 
334 336 337 
335 337 338 
336 338 5 
1 5 1 19
337 5 339 
338 339 340 
339 340 341 
340 341 342 
341 342 343 
342 343 344 
343 344 345 
344 345 346 
345 346 347 
346 347 348 
347 348 349 
348 349 350 
349 350 351 
350 351 352 
351 352 353 
352 353 354 
353 354 355 
354 355 356 
355 356 6 
1 6 1 19
356 6 357 
357 357 358 
358 358 359 
359 359 360 
360 360 361 
361 361 362 
362 362 363 
363 363 364 
364 364 365 
365 365 366 
366 366 367 
367 367 368 
368 368 369 
369 369 370 
370 370 371 
371 371 372 
372 372 373 
373 373 374 
374 374 3 
2 1 2 6398
375 1 1420 1431 
376 1 1431 1442 
377 1 1442 1453 
378 1 1453 1464 
379 1 1464 1475 
380 1 1475 1486 
381 1 1486 1497 
382 1 1497 1508 
383 1 1508 1519 
384 1 1519 1530 
385 1 1530 1541 
386 1 1541 1552 
387 1 1552 1563 
388 1 1563 1574 
389 1 1574 1585 
390 1 1585 1596 
391 1 1596 1607 
392 1 1607 1618 
393 1 1618 1629 
394 1 1629 1640 
395 1 1640 1651 
396 2156 6183 2145 
397 4479 6382 5050 
398 5247 6376 4170 
399 5555 6562 6208 
400 2365 6053 4288 
401 5209 5704 3951 
402 4962 6046 5041 
403 5193 5595 5283 
404 6191 6818 5839 
405 4840 5357 5100 
406 5871 5879 5854 
407 4214 6674 5189 
408 1155 6208 825 
409 5846 6076 5849 
410 5304 6681 4238 
411 4675 6170 5554 
412 6127 6128 5068 
413 5746 5882 5730 
414 5587 5608 4326 
415 5529 5663 5530 
416 5677 5994 4514 
417 5737 5851 5735 
418 4594 4624 4603 
419 4588 6062 5893 
420 4358 6140 4510 
421 5271 6320 4801 
422 4482 5610 5057 
423 5122 5355 4964 
424 5294 5629 5040 
425 6286 6366 5096 
426 5284 6379 5614 
427 5473 6462 4799 
428 5637 5988 5156 
429 5278 5279 5113 
430 5258 6368 6261 
431 4172 5247 4170 
432 4678 5925 4548 
433 5915 6048 5986 
434 4557 4560 4555 
435 5044 6657 4561 
436 4561 5043 4557 
437 5734 6442 5739 
438 6202 6292 4730 
439 6076 6543 5849 
440 5616 5952 5105 
441 4261 6143 5402 
442 5561 6290 4531 
443 4980 5466 4981 
444 5921 6302 4653 
445 3954 5669 5241 
446 5838 6042 5827 
447 5562 6153 4063 
448 5148 5521 4100 
449 5729 5875 5727 
450 6099 6115 4052 
451 5452 5967 5451 
452 5764 5774 5754 
453 5137 5339 5140 
454 5789 6113 5904 
455 4029 6203 5978 
456 5197 5650 5649 
457 4561 6657 5043 
458 5339 5340 5140 
459 5466 5877 4981 
460 4557 6788 4560 
461 4987 5248 4256 
462 5033 6030 4908 
463 3916 5934 5930 
464 4007 5342 4260 
465 5924 6840 4823 
466 4362 6010 4359 
467 4584 4602 4589 
468 4521 6562 5555 
469 5867 6130 6036 
470 4603 6838 5011 
471 4757 5610 4482 
472 5892 6106 5777 
473 4942 6381 5700 
474 4359 6010 4360 
475 6009 6115 6099 
476 6285 6286 5096 
477 5889 6136 5909 
478 4603 6519 4605 
479 5260 6448 6261 
480 4003 5342 4007 
481 4123 5238 4110 
482 5713 6231 4665 
483 4286 5581 4285 
484 5517 6381 4226 
485 5201 5202 4204 
486 5976 6374 5516 
487 5484 6019 4952 
488 4158 6637 6049 
489 5960 5961 3915 
490 4696 6464 6214 
491 5842 5846 5821 
492 5889 6712 6136 
493 5748 6787 5755 
494 3674 4082 2662 
495 4371 5581 4286 
496 4940 5034 4939 
497 4119 6429 5226 
498 5062 5713 5590 
499 4430 5333 4540 
500 4722 5615 5405 
501 4602 6275 4589 
502 5100 5357 5297 
503 5274 5444 5138 
504 4304 5269 4308 
505 5585 6235 5584 
506 5423 5566 4803 
507 5720 6135 5721 
508 4375 4499 4385 
509 4606 5350 4611 
510 5584 6235 4032 
511 5122 6794 5355 
512 4360 6140 4358 
513 5196 5450 5449 
514 6159 6464 4696 
515 4589 6275 5052 
516 4517 6449 5245 
517 4927 5345 5198 
518 5788 5903 5902 
519 4732 4939 4733 
520 5450 5451 5449 
521 4308 5269 5186 
522 5886 6167 6162 
523 5435 6749 5358 
524 5902 5903 4587 
525 4871 5073 5072 
526 5778 5844 5773 
527 4927 5198 4784 
528 4214 5189 4188 
529 5405 6022 4723 
530 1892 5471 3652 
531 5405 5615 5105 
532 4100 5558 4037 
533 4365 5624 5268 
534 4912 5441 4911 
535 6219 6255 5850 
536 5752 5760 5751 
537 4615 6593 6581 
538 4401 6164 5598 
539 3897 5490 5489 
540 5974 6350 5255 
541 5842 5916 5846 
542 4624 6838 4603 
543 957 6520 4078 
544 5218 5267 5201 
545 4114 5663 5529 
546 5835 6632 5834 
547 4476 6382 4479 
548 3901 5253 5252 
549 5450 5452 5451 
550 5402 6373 4261 
551 5856 5919 5771 
552 5210 5268 4723 
553 4555 4941 4499 
554 5000 6323 4575 
555 4413 5673 5204 
556 4602 6816 4945 
557 4780 6195 5503 
558 6151 6153 5562 
559 3915 6356 5960 
560 5530 5663 4396 
561 4548 5925 4550 
562 4939 6855 4942 
563 5344 6161 5267 
564 4581 4943 4584 
565 5837 6182 6070 
566 4565 4808 4563 
567 5764 5889 5774 
568 5659 6280 5691 
569 308 6384 3894 
570 5395 6004 5407 
571 3924 5551 5549 
572 5866 5900 5814 
573 5062 6231 5713 
574 4163 5218 5201 
575 5290 6614 5051 
576 5314 5364 5045 
577 4560 5196 5195 
578 6034 6407 4994 
579 4749 5435 5358 
580 5480 6595 5212 
581 4570 6172 5001 
582 5682 6362 4999 
583 5193 6577 5595 
584 4470 6507 4663 
585 5814 5900 5874 
586 5894 5895 5799 
587 3894 6384 5532 
588 5094 6354 5095 
589 2662 4152 1133 
590 3907 5589 5551 
591 4572 5000 4575 
592 6057 6504 4016 
593 4765 5076 4766 
594 5903 6157 4587 
595 5825 5842 5821 
596 5265 5270 4109 
597 5272 5583 4541 
598 5778 5990 5844 
599 3652 5471 396 
600 4238 6733 5304 
601 4403 5693 5454 
602 2486 5599 2376 
603 5095 6354 4776 
604 4864 6448 1056 
605 5700 6381 5115 
606 5760 6122 5751 
607 4096 5278 4807 
608 4256 5248 4242 
609 5324 5591 3892 
610 5113 6582 5278 
611 5735 6747 5732 
612 3917 6048 5915 
613 5035 6438 5449 
614 6043 6192 6179 
615 5100 6263 4840 
616 5540 6436 5349 
617 4265 6478 5206 
618 5795 5796 5793 
619 4915 5226 5076 
620 4908 6030 4928 
621 5269 6247 5070 
622 5460 5718 5084 
623 4514 5994 5436 
624 4207 5247 4172 
625 5456 5457 4898 
626 6379 6850 5614 
627 350 5225 3895 
628 4029 5978 5977 
629 5674 6578 4083 
630 6176 6555 6175 
631 5776 5778 5773 
632 4871 5072 4855 
633 4372 6478 4265 
634 6043 6179 6089 
635 5067 6128 1771 
636 4904 5559 4813 
637 6194 6573 4578 
638 5857 6518 5011 
639 5800 5895 5894 
640 5076 6474 4766 
641 5104 5309 4889 
642 5751 6787 5748 
643 5279 6349 5113 
644 5854 5879 5841 
645 5433 6806 5431 
646 5952 6290 5561 
647 4100 5520 5148 
648 5070 6247 5295 
649 1661 6294 4342 
650 5505 6507 4470 
651 5965 6779 6142 
652 5001 6741 6532 
653 5916 6089 4617 
654 4348 4375 4350 
655 6102 6526 4296 
656 4730 6262 6202 
657 5340 5926 4278 
658 5512 6530 5186 
659 5796 5852 5793 
660 5178 5180 4156 
661 5333 5455 4540 
662 5043 6788 4557 
663 5444 5535 5138 
664 4711 4871 4855 
665 4203 5519 4145 
666 4556 4557 4555 
667 5432 5620 5310 
668 5243 5581 4371 
669 5315 6156 4519 
670 5226 5408 5076 
671 5740 6717 5745 
672 6153 6817 4063 
673 4449 6427 5296 
674 4405 5681 5482 
675 3892 5591 344 
676 5468 5611 4757 
677 6275 6523 5881 
678 2112 5920 1276 
679 5258 6261 5259 
680 5024 5523 5382 
681 5186 6530 4308 
682 4987 5249 5248 
683 3945 5456 4898 
684 4501 4732 4511 
685 5558 6495 4037 
686 5235 5236 4380 
687 5390 5565 5389 
688 5040 6394 5294 
689 4310 6543 6045 
690 5212 5641 5480 
691 4914 6024 5060 
692 5877 6861 4922 
693 4829 5104 4889 
694 4179 5478 5302 
695 364 6350 5974 
696 5136 5341 5137 
697 5743 6717 5740 
698 4193 6374 5976 
699 4541 6320 5272 
700 5746 5883 5882 
701 4783 5197 4927 
702 5326 6463 4399 
703 5032 5531 4733 
704 4768 5092 4809 
705 5197 6769 4927 
706 3932 5277 3930 
707 6032 6330 5396 
708 5066 6378 4319 
709 5270 5271 4109 
710 5904 6113 5907 
711 3993 5534 5217 
712 5737 5861 5851 
713 4944 6816 4602 
714 5092 6473 4809 
715 5218 5344 5267 
716 5763 5764 5754 
717 4632 4765 4633 
718 5364 5440 5366 
719 4803 5566 4897 
720 6111 6307 4282 
721 4162 5201 4204 
722 3893 5251 5250 
723 5258 5259 4859 
724 5884 5960 5959 
725 5419 5631 3961 
726 5802 6805 5800 
727 4770 4915 4765 
728 5590 5713 4439 
729 4532 6672 5153 
730 4840 6257 5357 
731 4309 5130 4313 
732 3897 5489 327 
733 4197 5417 4199 
734 4375 4385 4350 
735 4968 6866 5981 
736 5350 6782 4611 
737 5598 6164 5029 
738 5800 5894 5797 
739 5220 5221 4727 
740 5886 6162 5938 
741 4590 6572 6094 
742 5536 5537 5064 
743 4313 5129 4315 
744 4059 6190 6002 
745 5509 6427 4449 
746 4732 4940 4939 
747 5166 6515 5109 
748 5452 6512 5967 
749 5788 5902 5786 
750 5836 5860 5835 
751 4584 4589 4585 
752 4912 5524 5441 
753 4799 6462 6211 
754 5826 6255 5828 
755 5554 6224 4675 
756 4499 4501 4385 
757 5478 6381 4942 
758 5041 6047 4962 
759 5151 6436 4628 
760 4339 6592 5687 
761 4811 5293 5292 
762 4943 4944 4602 
763 6428 6474 5408 
764 4916 5262 4713 
765 6068 6071 6070 
766 5332 5949 4235 
767 4506 4632 4505 
768 4683 6493 4650 
769 5799 6103 5894 
770 6515 6580 5683 
771 4251 5336 4270 
772 6266 6802 6267 
773 4553 4555 4499 
774 3907 6033 5589 
775 4315 4345 4317 
776 4813 5559 4903 
777 5909 6136 6078 
778 4227 5332 4235 
779 5364 5366 5365 
780 4110 5238 4105 
781 5281 5629 3982 
782 4916 5263 5262 
783 5109 6515 5142 
784 5458 5924 4550 
785 4941 6528 4499 
786 5795 5797 5796 
787 6472 6565 4601 
788 6552 6678 5850 
789 5196 5449 5195 
790 2618 5541 2046 
791 4421 4505 4420 
792 4940 5035 5034 
793 4069 6574 5943 
794 4960 5682 4999 
795 4725 6806 5433 
796 5624 6305 5268 
797 4650 6493 5434 
798 4011 5459 4148 
799 5103 6017 5553 
800 4563 6804 4561 
801 4479 5050 4711 
802 4301 4307 4304 
803 6137 6572 5844 
804 4380 5485 5235 
805 4342 4630 3487 
806 3908 5951 5397 
807 5554 6170 5361 
808 6002 6618 4059 
809 4899 5566 5423 
810 5521 6268 4985 
811 4433 5718 5460 
812 5305 5306 4944 
813 4119 6854 6429 
814 4378 4420 4377 
815 5105 5952 4986 
816 5736 5737 5735 
817 5334 6246 5085 
818 5893 6755 4588 
819 5271 5567 4109 
820 5771 5919 5769 
821 4917 6011 5436 
822 4287 6482 4292 
823 4317 5066 4319 
824 5058 6114 5520 
825 4304 6765 5269 
826 4572 4575 4574 
827 4823 6250 5924 
828 6064 6693 5090 
829 5058 5520 4041 
830 5272 6320 5271 
831 4052 6108 6099 
832 5429 5431 5430 
833 5884 5959 5883 
834 5007 5184 4915 
835 4659 5417 4197 
836 6298 6314 5932 
837 4654 6265 5156 
838 5171 5322 5321 
839 5197 6252 5650 
840 4939 4942 4733 
841 4170 6376 5297 
842 5156 6265 5637 
843 5174 6265 4654 
844 5111 5166 5109 
845 4079 6212 5309 
846 5460 6840 5924 
847 5050 5051 4871 
848 4251 6471 5336 
849 4732 4733 4511 
850 5688 5941 4071 
851 4951 6019 5997 
852 5655 6446 5654 
853 4104 5939 4102 
854 3898 5361 5360 
855 5859 5871 5854 
856 5340 5927 5140 
857 1782 5067 1771 
858 5436 6011 4514 
859 5472 6629 5445 
860 5874 6555 6176 
861 5895 6104 5799 
862 1837 6342 1826 
863 4519 6156 4387 
864 5241 6411 4958 
865 5246 5247 4207 
866 4309 6530 5130 
867 4307 6765 4304 
868 5595 5622 5283 
869 4363 4566 4436 
870 4905 5527 5285 
871 3898 5362 5361 
872 4241 5227 4956 
873 4952 6358 5484 
874 4762 5109 5108 
875 5121 6051 4808 
876 5602 6681 5304 
877 5407 6004 3897 
878 5750 5751 5748 
879 5659 5691 5238 
880 4345 5066 4317 
881 5450 6752 6000 
882 4123 5659 5238 
883 4459 5224 4638 
884 4717 6357 5697 
885 5109 5142 5110 
886 4640 6160 5267 
887 4606 6738 5350 
888 5796 5904 5852 
889 5391 6270 5533 
890 5397 6588 3908 
891 5533 6270 4384 
892 5500 6091 4619 
893 5776 5779 5778 
894 5278 6582 4807 
895 4276 4377 4275 
896 5844 6572 5856 
897 4766 4990 4768 
898 4301 4304 4302 
899 4741 5301 3973 
900 5305 6083 4610 
901 5241 6603 3954 
902 5827 6042 5825 
903 4568 6172 4570 
904 5537 6786 5064 
905 5574 6866 4968 
906 5047 5213 5075 
907 6200 6598 6522 
908 4653 6625 5921 
909 357 5571 358 
910 4935 6621 5026 
911 4156 5467 5178 
912 6096 6225 4989 
913 4360 6010 5334 
914 5239 6728 4663 
915 4913 6703 6169 
916 4371 6791 5243 
917 5598 5694 4401 
918 4576 6868 4610 
919 5519 5939 4145 
920 5808 6194 5876 
921 4809 5091 4829 
922 4811 5292 3958 
923 5227 6022 5405 
924 5265 5563 5181 
925 5777 6417 5892 
926 4796 5177 4797 
927 5806 5868 5804 
928 4016 6504 4009 
929 5177 5322 4797 
930 1430 4076 1441 
931 5136 5628 5341 
932 6229 6485 5200 
933 5925 6149 5458 
934 5227 5405 4956 
935 4808 6213 4563 
936 4856 5258 4859 
937 4955 5494 5354 
938 5797 5893 5796 
939 5262 5263 3939 
940 5027 5598 5029 
941 5040 5629 5281 
942 4363 6015 4566 
943 4474 5220 4727 
944 5876 6194 6138 
945 5967 5968 5451 
946 4990 5092 4768 
947 4821 5027 4822 
948 5306 6470 4944 
949 4628 6436 5175 
950 4515 6312 5422 
951 6024 6477 5060 
952 5051 6824 5290 
953 3912 6284 5660 
954 5823 6181 6069 
955 5728 5729 5727 
956 5234 5465 3896 
957 5221 6430 5508 
958 5091 5104 4829 
959 4641 6044 5708 
960 4319 4340 4321 
961 4958 6411 5482 
962 4109 5567 4045 
963 4717 6407 6034 
964 4420 4422 4377 
965 5697 6407 4717 
966 4684 4821 4683 
967 6227 6714 4748 
968 4801 6291 5271 
969 4798 5261 4970 
970 4581 6083 4943 
971 4581 4584 4583 
972 5555 6474 6428 
973 3932 5692 5277 
974 5997 6019 5538 
975 4763 4958 4764 
976 6167 6425 4579 
977 5134 5136 5135 
978 4063 6332 5562 
979 5133 5134 4671 
980 5245 6096 4517 
981 5823 6183 2156 
982 4188 5189 5187 
983 5288 6307 6111 
984 4281 6019 5484 
985 4800 5128 5127 
986 5607 5702 4233 
987 5139 5505 5135 
988 4603 4605 4604 
989 4726 5147 5146 
990 4723 6022 5210 
991 5493 6692 5362 
992 4295 4301 4300 
993 4067 5278 4096 
994 5931 5934 5933 
995 5192 5194 4808 
996 5779 5896 5778 
997 5168 5170 5169 
998 5327 6378 5106 
999 5362 6123 5493 
1000 4765 4766 4633 
1001 4112 5599 2486 
1002 4926 5527 4905 
1003 4852 5575 4976 
1004 5011 6557 5857 
1005 4632 4633 4505 
1006 5382 5660 5024 
1007 4594 4603 4595 
1008 4915 5076 4765 
1009 2288 5260 2222 
1010 5938 6162 4298 
1011 5423 5425 4899 
1012 5723 5725 5724 
1013 5225 5588 3895 
1014 4643 4763 4642 
1015 6452 6517 5869 
1016 4612 6781 4613 
1017 4636 6693 6064 
1018 5310 5620 4876 
1019 5761 6276 6131 
1020 5742 5743 5740 
1021 5447 5608 5587 
1022 4228 4259 4227 
1023 6257 6744 5357 
1024 4323 5183 4327 
1025 5226 6241 4119 
1026 4798 4969 4796 
1027 5167 5168 4666 
1028 5887 6194 5808 
1029 5240 5927 5652 
1030 4078 6241 5940 
1031 5651 5927 4278 
1032 5986 5987 5915 
1033 4638 4796 4637 
1034 4734 6055 4497 
1035 5816 5866 5814 
1036 5084 6840 5460 
1037 4082 5318 4152 
1038 5236 6839 4380 
1039 5521 6770 6268 
1040 3924 6308 5551 
1041 5010 5575 4852 
1042 5965 6142 5530 
1043 5224 6037 4638 
1044 5115 6381 5517 
1045 5573 5996 5586 
1046 5586 5996 4804 
1047 5299 5577 3926 
1048 5073 5526 5072 
1049 4770 5007 4915 
1050 5396 6619 6032 
1051 5474 6832 5403 
1052 5782 5872 5779 
1053 4690 5108 4688 
1054 3951 6580 5209 
1055 4215 4227 4214 
1056 3901 5974 5253 
1057 6049 6637 5312 
1058 5429 5430 5428 
1059 5292 6653 5477 
1060 5353 6077 4211 
1061 5652 5927 5651 
1062 6134 6712 6670 
1063 4459 4637 4460 
1064 4477 5952 5616 
1065 5971 6298 5932 
1066 4632 4770 4765 
1067 6345 6749 5435 
1068 4692 4762 4690 
1069 5837 6184 6182 
1070 3975 5342 4003 
1071 5737 5936 5861 
1072 4956 4986 4256 
1073 4657 5587 4655 
1074 5769 5864 5765 
1075 4433 5460 5457 
1076 3897 6004 5490 
1077 4532 5152 5150 
1078 6036 6130 5908 
1079 5861 5963 5851 
1080 4770 5543 5008 
1081 4137 5208 4191 
1082 4361 6722 5711 
1083 5429 5433 5431 
1084 4327 5145 4329 
1085 4945 6523 6275 
1086 5389 5565 5399 
1087 5516 6525 5976 
1088 5026 6621 5037 
1089 5174 6802 6266 
1090 4400 5709 5463 
1091 5328 5330 5329 
1092 5905 6705 5918 
1093 6108 6109 6099 
1094 5245 6225 6096 
1095 5207 5208 4137 
1096 5575 6715 5299 
1097 5990 6065 4591 
1098 5296 6729 4785 
1099 5207 5210 5208 
1100 4189 4214 4188 
1101 5660 6284 5024 
1102 6446 6827 5222 
1103 5298 6091 5500 
1104 4628 5175 5173 
1105 5310 5632 4220 
1106 4622 5296 4785 
1107 4207 6441 5246 
1108 4977 5949 5332 
1109 3998 6332 4063 
1110 5209 6081 5704 
1111 5204 6445 5528 
1112 4415 6515 5683 
1113 5763 5765 5764 
1114 5034 5302 4939 
1115 5334 6141 4360 
1116 5208 6652 4191 
1117 5161 5509 5158 
1118 4593 6784 4594 
1119 5111 5209 5166 
1120 326 5407 3897 
1121 6073 6572 4590 
1122 5765 6670 5764 
1123 4688 4800 4686 
1124 4125 5645 5321 
1125 5349 6436 5151 
1126 4085 5699 5518 
1127 4957 6118 5992 
1128 4083 6578 5462 
1129 3901 5443 366 
1130 5860 5878 5835 
1131 5834 6632 5829 
1132 5343 6096 4989 
1133 6147 6148 5868 
1134 4501 5356 4732 
1135 4319 6378 4340 
1136 4606 4611 4608 
1137 5293 6653 5292 
1138 5693 6385 5454 
1139 4433 5457 5456 
1140 5503 6222 4780 
1141 5157 5159 5158 
1142 4686 5127 4684 
1143 4567 6851 4568 
1144 4968 5981 5047 
1145 4713 5262 3937 
1146 4762 5111 5109 
1147 3900 5299 3925 
1148 3900 5575 5299 
1149 4622 4783 4623 
1150 5297 5357 4209 
1151 5396 6004 5395 
1152 5290 6824 5508 
1153 3925 5299 3926 
1154 4783 4927 4784 
1155 4733 5531 4511 
1156 4227 4235 4214 
1157 5732 5746 5730 
1158 5677 6422 5994 
1159 5155 5157 4625 
1160 4102 5939 4728 
1161 5263 6835 3939 
1162 4949 6449 4517 
1163 5302 6462 4179 
1164 5402 6143 5427 
1165 4421 4506 4505 
1166 4373 4446 4372 
1167 4447 4622 4446 
1168 4472 5220 4474 
1169 4267 4372 4265 
1170 4785 5197 4783 
1171 4605 6738 4606 
1172 4162 4204 4164 
1173 4204 4223 4205 
1174 6036 6543 4310 
1175 4577 6403 6138 
1176 5882 5987 5885 
1177 5093 6464 6159 
1178 5163 5504 5159 
1179 4645 5146 4643 
1180 6176 6671 5874 
1181 4223 4265 4224 
1182 4560 5195 4941 
1183 6169 6703 5531 
1184 5450 5999 5452 
1185 325 5407 326 
1186 4751 5358 5004 
1187 5422 6394 4515 
1188 4067 4096 4066 
1189 4652 4683 4650 
1190 5891 6511 5306 
1191 4959 5241 4958 
1192 5553 6691 5103 
1193 5204 6743 4413 
1194 4837 5303 5062 
1195 5421 5689 5672 
1196 5909 6078 4597 
1197 5093 6159 5007 
1198 5198 5199 4993 
1199 5560 6301 4503 
1200 4647 4726 4645 
1201 5814 5874 5812 
1202 4061 4066 4060 
1203 4138 4146 4136 
1204 4147 4153 4146 
1205 4199 5417 4264 
1206 5270 5272 5271 
1207 5511 6472 4599 
1208 4154 4162 4153 
1209 4007 4013 4012 
1210 6071 6818 6191 
1211 4464 5133 4466 
1212 5153 5328 5152 
1213 5265 6639 5563 
1214 4284 6607 4287 
1215 4378 4421 4420 
1216 4632 5543 4770 
1217 6485 6605 5219 
1218 4565 5121 4808 
1219 5129 6683 4315 
1220 4163 5201 4162 
1221 4887 5428 5006 
1222 4057 4060 4056 
1223 4533 6672 4532 
1224 5217 6249 3993 
1225 4122 4131 4123 
1226 4176 5187 4174 
1227 5528 6445 5529 
1228 5055 5056 4835 
1229 5930 5934 5931 
1230 4136 5207 4137 
1231 4693 5625 4694 
1232 4013 4057 4056 
1233 4836 5055 4835 
1234 4284 6644 6607 
1235 5143 6554 6340 
1236 4074 5279 4072 
1237 4566 6851 4567 
1238 4377 6369 4275 
1239 5135 5505 4671 
1240 4550 5925 5458 
1241 5108 6560 4688 
1242 5109 5110 5108 
1243 4422 6366 6286 
1244 5159 5280 5160 
1245 6061 6217 4118 
1246 4460 5167 4462 
1247 5369 5370 3899 
1248 5808 5876 5806 
1249 4472 6827 5220 
1250 4111 4122 4110 
1251 4780 6196 6195 
1252 4762 5108 4690 
1253 4106 4110 4105 
1254 5458 6149 5459 
1255 4462 4666 4464 
1256 5542 6799 4146 
1257 4558 4561 4557 
1258 5734 5735 5732 
1259 4575 6868 4576 
1260 5035 5607 5034 
1261 4131 4136 4133 
1262 4969 5291 5177 
1263 5892 6826 6106 
1264 4188 5187 4176 
1265 4099 4105 4098 
1266 4013 4056 4012 
1267 4057 4061 4060 
1268 4327 5183 5145 
1269 2464 4289 2453 
1270 5267 6161 4640 
1271 4970 6395 5419 
1272 5853 6741 5855 
1273 4543 5311 5097 
1274 4539 4642 4537 
1275 4466 4671 4468 
1276 4799 6404 5473 
1277 5151 6754 6587 
1278 5449 6438 5195 
1279 4394 5705 5539 
1280 5137 5341 5339 
1281 4956 5105 4986 
1282 4241 4956 4256 
1283 5654 6446 5222 
1284 4020 4091 4018 
1285 4821 5028 5027 
1286 5504 5647 5280 
1287 4241 4256 4242 
1288 5134 5138 5136 
1289 4412 4459 4441 
1290 5652 5654 5240 
1291 3982 5629 3980 
1292 5325 5623 4418 
1293 4535 4676 4533 
1294 5027 5029 4822 
1295 4492 5150 4490 
1296 6062 6063 5893 
1297 4258 5579 4382 
1298 4126 5535 5444 
1299 4757 5611 5610 
1300 4763 4764 4642 
1301 5864 5865 5765 
1302 4821 4822 4683 
1303 4958 4960 4764 
1304 4061 4067 4066 
1305 4798 6037 5261 
1306 5634 6266 5636 
1307 5500 6092 4832 
1308 5497 5689 5421 
1309 5184 5226 4915 
1310 5142 5204 5110 
1311 4394 5541 2618 
1312 5145 5172 4329 
1313 4411 5224 4412 
1314 4650 5434 4647 
1315 357 6601 5571 
1316 5881 6872 5052 
1317 5223 6700 4367 
1318 4859 5418 4860 
1319 3982 6669 5281 
1320 4239 4241 4240 
1321 4488 5173 4486 
1322 3930 5277 4457 
1323 4232 4275 4230 
1324 5163 5643 5504 
1325 4793 5144 4795 
1326 4295 5041 4301 
1327 4789 5154 4791 
1328 5804 5886 5802 
1329 4278 5927 5340 
1330 4002 5459 4011 
1331 4007 4012 4005 
1332 4003 4007 4005 
1333 5915 5987 5882 
1334 4304 4308 4305 
1335 4610 6218 5305 
1336 5170 5274 5169 
1337 5170 5317 5274 
1338 5168 5169 4666 
1339 4963 6284 5556 
1340 4365 5542 4164 
1341 5136 5137 5135 
1342 3966 5477 4427 
1343 4575 4576 4574 
1344 349 5225 350 
1345 4105 5238 4664 
1346 5185 6423 4510 
1347 4276 4378 4377 
1348 5134 5135 4671 
1349 4763 4959 4958 
1350 5127 6647 4684 
1351 4239 5227 4241 
1352 5647 5678 5280 
1353 6369 6698 4275 
1354 5904 6063 5789 
1355 6670 6712 5889 
1356 4776 6808 5095 
1357 5834 5836 5835 
1358 4795 4971 4894 
1359 4367 4411 4410 
1360 4505 6281 4420 
1361 4791 4991 4793 
1362 4245 5248 4255 
1363 5330 5331 5329 
1364 5168 5171 5170 
1365 4969 5177 4796 
1366 5649 6769 5197 
1367 4524 4532 4492 
1368 5375 5474 5371 
1369 5412 5413 4519 
1370 5464 5641 5212 
1371 5402 5427 5374 
1372 5905 5918 5859 
1373 4313 5130 5129 
1374 6046 6352 6247 
1375 6483 6872 5881 
1376 4287 4292 4290 
1377 4459 4638 4637 
1378 4266 4376 4269 
1379 4652 4684 4683 
1380 4466 5133 4671 
1381 4787 4993 4789 
1382 3962 5477 3966 
1383 4375 4553 4499 
1384 4096 4807 4805 
1385 5171 5320 5170 
1386 5319 6360 4868 
1387 5037 6577 5192 
1388 4484 5155 4453 
1389 4453 4625 4451 
1390 5177 5323 5322 
1391 4499 6528 4501 
1392 4490 4628 4488 
1393 4796 4797 4637 
1394 3971 3972 3969 
1395 5851 5963 5961 
1396 4638 4798 4796 
1397 4785 6252 5197 
1398 4784 5198 4787 
1399 4540 5455 4621 
1400 4486 4654 4484 
1401 5549 5928 3924 
1402 5243 5244 5182 
1403 3968 3969 3967 
1404 4242 5248 4245 
1405 5158 5509 4625 
1406 4178 4188 4176 
1407 4166 5218 4163 
1408 4464 6634 5133 
1409 4798 4970 4969 
1410 4589 6784 4593 
1411 4470 4663 4472 
1412 5222 6827 6728 
1413 3998 4063 3995 
1414 4711 4855 4712 
1415 5756 6488 6236 
1416 4726 5146 4645 
1417 4361 5710 4363 
1418 4174 4207 4172 
1419 5146 6706 4643 
1420 4078 4695 1287 
1421 6545 6663 4903 
1422 5512 6472 5511 
1423 5138 5510 5274 
1424 4820 5447 4706 
1425 5849 6036 5908 
1426 4348 4350 4349 
1427 4168 4209 4166 
1428 5279 6833 6349 
1429 4112 5598 5597 
1430 4656 5522 4658 
1431 4800 5127 4686 
1432 5551 6308 3907 
1433 4179 6371 5478 
1434 5508 6430 5290 
1435 5658 5685 5199 
1436 314 5474 5403 
1437 4259 5332 4227 
1438 5515 6208 4077 
1439 3896 6745 5234 
1440 4265 5206 4266 
1441 4026 4127 4024 
1442 5307 6139 5900 
1443 3966 3967 3964 
1444 3973 5301 3972 
1445 3957 5657 5346 
1446 4138 5553 4423 
1447 4233 6466 5607 
1448 5255 6350 5256 
1449 5242 6615 6486 
1450 4532 5150 4492 
1451 6581 6646 4615 
1452 4424 5519 4203 
1453 4462 5167 4666 
1454 4853 5601 5304 
1455 4269 5223 4367 
1456 5810 5887 5808 
1457 5071 5925 4678 
1458 6350 6825 5256 
1459 3966 3968 3967 
1460 4884 5428 4887 
1461 4412 5224 4459 
1462 5371 5474 3899 
1463 4537 5355 4535 
1464 4072 5278 4067 
1465 5326 6395 4970 
1466 4026 5944 4127 
1467 4080 5472 4736 
1468 5858 5859 5854 
1469 5140 5927 5240 
1470 4087 4098 4074 
1471 4537 6559 5355 
1472 3912 5660 5369 
1473 5584 6713 5496 
1474 5220 6446 5221 
1475 3995 5534 3993 
1476 4910 6038 5979 
1477 4919 5190 4745 
1478 4331 6398 5698 
1479 4418 5557 5325 
1480 4628 5173 4488 
1481 5428 5430 5006 
1482 330 5492 331 
1483 4357 6722 4361 
1484 5250 6594 3893 
1485 4301 4302 4300 
1486 4835 5103 4116 
1487 6052 6544 6435 
1488 3949 3950 3948 
1489 4532 5153 5152 
1490 4711 5050 4871 
1491 3947 3948 3946 
1492 5052 6275 5881 
1493 5354 6437 4955 
1494 3962 3966 3964 
1495 5157 5163 5159 
1496 4474 4727 4476 
1497 4622 4623 4446 
1498 5556 6284 5404 
1499 4805 5300 4930 
1500 5282 6643 4283 
1501 4611 6781 4612 
1502 5903 6158 6157 
1503 5186 6565 5512 
1504 5157 5158 4625 
1505 4072 5279 5278 
1506 5750 5752 5751 
1507 4614 6714 4746 
1508 4539 4643 4642 
1509 4323 6862 5183 
1510 5784 6443 5892 
1511 4180 5579 4258 
1512 5251 5527 4926 
1513 4080 4736 385 
1514 5408 6429 4081 
1515 3900 3925 347 
1516 312 5369 3899 
1517 4313 4315 4314 
1518 4969 6635 5291 
1519 4459 4460 4441 
1520 3894 5404 309 
1521 4892 6229 4966 
1522 4783 4784 4623 
1523 4162 4164 4153 
1524 5322 6468 5321 
1525 5159 5160 5158 
1526 4460 6748 5167 
1527 3944 3946 3943 
1528 5312 5313 5237 
1529 5328 5329 5152 
1530 5061 5985 5250 
1531 4979 6416 1650 
1532 6287 6409 5097 
1533 6074 6576 5919 
1534 4018 5228 4016 
1535 5989 6149 5071 
1536 4131 4138 4136 
1537 5846 6090 6076 
1538 4223 4267 4265 
1539 5068 6821 6127 
1540 4204 4205 4164 
1541 4635 6233 5410 
1542 327 5489 328 
1543 5681 5682 5482 
1544 5935 6400 5936 
1545 5051 6688 4871 
1546 5068 6128 5067 
1547 5238 5691 4664 
1548 4820 5448 5447 
1549 4520 4835 4116 
1550 4832 6503 5500 
1551 4267 4373 4372 
1552 5585 5978 4527 
1553 4795 5144 4971 
1554 4223 4224 4205 
1555 4622 4785 4783 
1556 5185 6424 5995 
1557 4022 5319 4020 
1558 6006 6723 5256 
1559 3968 3971 3969 
1560 4006 5359 4636 
1561 4993 5154 4789 
1562 4971 5116 4894 
1563 5587 6289 4655 
1564 4889 6795 4968 
1565 4800 5528 5128 
1566 4408 6058 5981 
1567 5374 5427 5373 
1568 4245 4255 4247 
1569 4990 5515 5092 
1570 4706 5447 4668 
1571 4373 4447 4446 
1572 4265 4266 4224 
1573 5353 6867 6077 
1574 5266 6505 3988 
1575 5612 6536 5469 
1576 4138 4147 4146 
1577 4164 5542 4153 
1578 4741 6839 5236 
1579 4215 4228 4227 
1580 4209 5218 4166 
1581 4122 4123 4110 
1582 5123 5941 5688 
1583 6041 6732 6236 
1584 5364 5365 5045 
1585 4020 5319 4091 
1586 4447 5296 4622 
1587 6655 6772 5156 
1588 4170 5297 4168 
1589 5669 6411 5241 
1590 4722 5405 4723 
1591 4182 5468 5467 
1592 5486 5487 3902 
1593 4266 5206 4376 
1594 6484 6485 5219 
1595 6236 6732 5756 
1596 5048 6277 5337 
1597 5160 5497 5162 
1598 5299 5578 5577 
1599 5828 6255 5863 
1600 5291 6807 5177 
1601 3952 3953 3950 
1602 4039 4100 4037 
1603 4453 5155 4625 
1604 4479 4711 4661 
1605 5961 5962 3915 
1606 4147 4154 4153 
1607 5252 6322 3901 
1608 5900 6139 5308 
1609 5177 6807 5323 
1610 5936 6400 5861 
1611 6522 6598 5950 
1612 5703 5719 4929 
1613 4340 6378 5327 
1614 4777 6330 6032 
1615 4992 6734 5984 
1616 4497 6055 4777 
1617 4692 5337 4762 
1618 5944 6860 4127 
1619 4370 5412 4519 
1620 4451 5509 4449 
1621 3944 3947 3946 
1622 4524 4533 4532 
1623 4411 4412 4410 
1624 4333 4348 4338 
1625 5954 6618 5431 
1626 5973 6717 5743 
1627 4191 4239 4237 
1628 5726 6822 5724 
1629 4154 4163 4162 
1630 4189 4215 4214 
1631 5865 6670 5765 
1632 4131 5553 4138 
1633 5872 6087 6031 
1634 4099 4106 4105 
1635 5863 6255 4616 
1636 6568 6707 5586 
1637 3941 3944 3943 
1638 5909 6079 5774 
1639 4959 5242 5241 
1640 4584 4943 4602 
1641 5687 6592 6346 
1642 4087 4099 4098 
1643 5187 6785 4174 
1644 6191 6192 6071 
1645 4986 4987 4256 
1646 4787 5198 4993 
1647 3971 3973 3972 
1648 3933 3934 3932 
1649 4584 4585 4583 
1650 5209 6277 6081 
1651 4566 4567 4436 
1652 4837 5062 4916 
1653 4209 5344 5218 
1654 4118 6505 6061 
1655 4146 5207 4136 
1656 5518 6535 5154 
1657 5229 5354 5231 
1658 4449 5296 4447 
1659 4131 4133 4123 
1660 4106 4111 4110 
1661 4376 5223 4269 
1662 4850 5409 5009 
1663 6119 6276 5761 
1664 5106 6378 5257 
1665 5915 6310 3917 
1666 4182 5467 4156 
1667 1661 6416 6294 
1668 3926 3928 3927 
1669 5309 6610 4079 
1670 5062 5590 4916 
1671 4870 6246 5334 
1672 4587 5920 5902 
1673 4970 5419 4969 
1674 3947 3949 3948 
1675 5784 5892 5782 
1676 5864 6146 5865 
1677 6185 6512 5998 
1678 6116 6215 5424 
1679 4976 5575 5446 
1680 5097 5621 4545 
1681 6532 6741 5910 
1682 3953 3959 3955 
1683 6113 6178 5907 
1684 5216 6324 5132 
1685 4468 5505 4470 
1686 5103 6691 4116 
1687 3892 6325 5273 
1688 4562 4563 4561 
1689 4887 5005 4888 
1690 5425 6215 3895 
1691 5419 6635 4969 
1692 5911 6442 5734 
1693 4994 6407 5589 
1694 4105 4664 4098 
1695 5468 6536 5611 
1696 6163 6866 4458 
1697 4329 5172 4331 
1698 6138 6403 5876 
1699 5257 6378 5066 
1700 4168 5297 4209 
1701 3925 3926 3911 
1702 4136 4137 4133 
1703 4987 5560 5249 
1704 4348 6397 4375 
1705 5512 6565 6472 
1706 4091 5229 5228 
1707 4868 6360 5054 
1708 4597 6079 5909 
1709 6532 6865 5001 
1710 5179 5243 5182 
1711 5824 6255 5826 
1712 5907 6178 4297 
1713 4222 4283 4280 
1714 5199 6719 4993 
1715 5494 6492 5354 
1716 4807 5300 4805 
1717 5292 5477 3959 
1718 5449 6093 5035 
1719 3943 5456 3945 
1720 4091 6759 6437 
1721 6510 6627 5756 
1722 4074 6833 5279 
1723 4599 6531 5511 
1724 4284 4287 4286 
1725 3958 5292 3953 
1726 4036 4037 4035 
1727 4315 4317 4316 
1728 4553 4556 4555 
1729 4692 6479 5337 
1730 5194 6869 6213 
1731 5581 6685 4285 
1732 4232 4276 4275 
1733 3972 3975 3974 
1734 5119 5584 5496 
1735 6055 6330 4777 
1736 5095 6808 5445 
1737 3935 3936 3934 
1738 5047 5075 5048 
1739 5410 5923 4635 
1740 329 5486 3902 
1741 4629 5496 4391 
1742 4968 5047 5046 
1743 1276 5920 4587 
1744 5133 5510 5134 
1745 5455 6793 4621 
1746 5680 6743 6515 
1747 4178 4189 4188 
1748 5202 6761 4204 
1749 3931 3932 3930 
1750 5818 6874 5816 
1751 4766 6474 4990 
1752 4889 4968 4967 
1753 5332 6050 4977 
1754 4847 5420 5347 
1755 4829 4889 4830 
1756 4837 4916 4713 
1757 5418 6500 4860 
1758 4808 6051 5192 
1759 4345 6651 5066 
1760 5082 5312 5237 
1761 5782 6417 5872 
1762 4399 6395 5326 
1763 3959 3962 3960 
1764 5115 5517 5055 
1765 4809 4829 4810 
1766 5198 6638 5199 
1767 4778 5438 5437 
1768 4782 6187 6050 
1769 4684 6647 4821 
1770 4610 6083 4576 
1771 366 5443 367 
1772 4766 4768 4767 
1773 6142 6779 5028 
1774 4768 4809 4769 
1775 5093 6629 6464 
1776 5597 5599 4112 
1777 3972 5301 3975 
1778 3961 6635 5419 
1779 5892 6417 5782 
1780 5016 6380 6233 
1781 4831 5609 4549 
1782 5459 6149 4148 
1783 5150 6754 4490 
1784 5911 6227 4748 
1785 6359 6360 4022 
1786 4087 5426 4099 
1787 4414 6029 5384 
1788 5962 5963 3886 
1789 5244 5272 5270 
1790 5738 6501 5737 
1791 5985 6594 5250 
1792 4095 4156 4089 
1793 3894 5556 5404 
1794 5359 5499 4636 
1795 4868 6759 5319 
1796 5285 6739 4905 
1797 5637 6266 5634 
1798 6043 6089 5842 
1799 4747 6631 4921 
1800 5992 6205 4957 
1801 4958 5482 4960 
1802 4919 6645 5190 
1803 4155 5552 4257 
1804 6081 6277 5075 
1805 4719 5472 4080 
1806 4035 5619 4031 
1807 4961 6352 6046 
1808 5972 6717 5973 
1809 4746 6631 4747 
1810 5310 6353 5432 
1811 4418 5552 4155 
1812 5162 5421 5165 
1813 4642 6559 4537 
1814 5004 6346 5176 
1815 3893 6107 5251 
1816 4884 4887 4886 
1817 6118 6144 5992 
1818 5173 6778 4486 
1819 4568 4570 4569 
1820 4292 4295 4294 
1821 4749 5358 4751 
1822 4892 6485 6229 
1823 4663 6827 4472 
1824 5301 5342 3975 
1825 4613 6714 4614 
1826 3949 3952 3950 
1827 3988 6249 5266 
1828 4811 5294 5293 
1829 5236 6708 4741 
1830 6370 6377 6185 
1831 4501 4511 4502 
1832 4146 6799 5207 
1833 4273 4380 4217 
1834 5171 5321 5320 
1835 5610 6338 5057 
1836 4616 6255 6219 
1837 5886 6425 6167 
1838 5825 6042 5842 
1839 5607 6093 5702 
1840 3941 3943 3942 
1841 5130 5511 5129 
1842 5447 5587 4668 
1843 4836 5115 5055 
1844 5589 6033 4994 
1845 4084 6757 5679 
1846 4255 5503 5502 
1847 4270 5335 4662 
1848 4925 5601 4853 
1849 4743 5717 5406 
1850 3975 4003 3976 
1851 3939 3941 3940 
1852 4745 5190 5121 
1853 4380 6677 5485 
1854 5743 6510 5973 
1855 4643 6706 4763 
1856 4219 5632 4368 
1857 5171 6248 5322 
1858 5697 6389 5548 
1859 5424 6215 5425 
1860 4641 6222 6044 
1861 4853 5303 4837 
1862 6728 6827 4663 
1863 4380 6839 4217 
1864 4881 4884 4882 
1865 5166 6580 6515 
1866 5560 6829 6301 
1867 4785 6626 6252 
1868 5421 5672 4374 
1869 3928 3930 3929 
1870 5745 6624 5740 
1871 5414 5415 5413 
1872 344 5591 345 
1873 5757 6236 6110 
1874 5896 6526 6102 
1875 5988 6655 5156 
1876 5425 6541 4899 
1877 5837 6602 5829 
1878 4060 5475 4062 
1879 4309 4313 4312 
1880 4535 5355 4676 
1881 5725 5726 5724 
1882 3937 5262 3936 
1883 4017 4018 4016 
1884 6302 6617 4653 
1885 5196 6752 5450 
1886 4241 4242 4240 
1887 4900 5276 5275 
1888 5623 6711 4854 
1889 6567 6869 5205 
1890 5080 6049 5312 
1891 5226 6429 5408 
1892 4666 6634 4464 
1893 4992 5984 5983 
1894 4647 5434 4726 
1895 3980 4811 3958 
1896 4663 6507 5239 
1897 2706 5286 561 
1898 4160 4741 3973 
1899 5841 5898 5836 
1900 3926 3927 3911 
1901 4270 5336 5335 
1902 4637 6748 4460 
1903 5798 5800 5797 
1904 5046 6710 4967 
1905 4148 5557 4093 
1906 4781 4837 4713 
1907 5367 5641 5464 
1908 5152 6587 5150 
1909 4179 6462 5473 
1910 6152 6383 4815 
1911 4860 6500 4863 
1912 5194 6213 4808 
1913 4420 6366 4422 
1914 4688 6560 4800 
1915 3977 5526 2211 
1916 3931 3933 3932 
1917 4091 5228 4018 
1918 4003 4005 4004 
1919 3962 3964 3963 
1920 5896 6847 6415 
1921 3936 3939 3938 
1922 5005 5120 4888 
1923 5723 6718 5725 
1924 5022 6389 5697 
1925 4741 6364 5301 
1926 4068 4072 4067 
1927 5444 6001 4126 
1928 5586 6707 5572 
1929 4890 4892 4891 
1930 4082 5445 5318 
1931 4527 6235 5585 
1932 5167 6248 5168 
1933 5283 5363 5314 
1934 5311 6503 5097 
1935 6243 6272 6242 
1936 5370 5372 5371 
1937 5358 5687 5004 
1938 5786 5901 5784 
1939 5355 6794 4676 
1940 4950 5623 5325 
1941 5370 5371 3899 
1942 5132 6773 5030 
1943 4191 6652 4239 
1944 3953 5292 3959 
1945 6104 6690 6124 
1946 5755 6627 5748 
1947 5991 5992 4054 
1948 5030 6773 5434 
1949 4239 4240 4237 
1950 4331 5698 4333 
1951 3928 3931 3930 
1952 5622 6850 5283 
1953 5154 6535 5454 
1954 4484 6772 5155 
1955 5229 5231 5230 
1956 6450 6513 3909 
1957 5313 6173 5507 
1958 5303 6231 5062 
1959 5215 6513 6450 
1960 4419 6619 5533 
1961 5673 6445 5204 
1962 6486 6615 5640 
1963 4560 4941 4555 
1964 4220 5632 4219 
1965 5555 6208 5515 
1966 4943 5305 4944 
1967 5121 6863 6051 
1968 4043 5058 4041 
1969 4195 5670 4659 
1970 3953 3955 3950 
1971 5192 6577 5193 
1972 5366 5641 5367 
1973 5348 5411 5410 
1974 4081 6428 5408 
1975 5883 5915 5882 
1976 5908 6130 5866 
1977 5742 5744 5743 
1978 4503 5708 5560 
1979 5342 5690 4260 
1980 5390 5951 5565 
1981 4097 5470 4095 
1982 4317 4319 4318 
1983 4351 4890 4672 
1984 4109 6639 5265 
1985 5487 5491 3902 
1986 5319 6759 4091 
1987 5400 5401 5374 
1988 3936 5262 3939 
1989 5372 5374 5373 
1990 4024 6359 4022 
1991 3952 3958 3953 
1992 4520 4836 4835 
1993 5662 6293 4374 
1994 5091 6724 5104 
1995 5431 6806 5954 
1996 4178 5473 4189 
1997 4220 6353 5310 
1998 4751 5004 4817 
1999 5552 5623 4854 
2000 317 5461 3914 
2001 4922 6631 6227 
2002 5347 5348 4849 
2003 5801 5802 5800 
2004 5803 5804 5802 
2005 5294 5422 5293 
2006 5354 6492 6180 
2007 4019 4020 4018 
2008 4360 6141 6140 
2009 5321 6468 4125 
2010 4508 5543 4506 
2011 4907 6870 6297 
2012 4370 4519 4387 
2013 6143 6321 5383 
2014 4264 5412 4370 
2015 3245 4695 4086 
2016 4847 5347 4849 
2017 5433 5630 4725 
2018 6047 6316 4962 
2019 5438 5439 5437 
2020 5160 6762 5497 
2021 4887 4888 4886 
2022 5418 6448 4864 
2023 4078 6520 6241 
2024 4927 5346 5345 
2025 5752 6339 5760 
2026 5087 5476 4934 
2027 4778 5437 4442 
2028 6102 6847 5896 
2029 4096 4805 4355 
2030 6161 6744 4825 
2031 6212 6687 5309 
2032 4884 4886 4882 
2033 4393 6638 6623 
2034 325 6588 5407 
2035 4745 5121 4565 
2036 331 6123 332 
2037 4934 5476 4932 
2038 5029 6164 5031 
2039 4993 5518 5154 
2040 5412 5414 5413 
2041 5346 5649 3957 
2042 4878 4881 4880 
2043 4628 6754 5151 
2044 5422 6312 5023 
2045 5155 6655 5157 
2046 4034 4035 4031 
2047 3933 3935 3934 
2048 4658 5522 4670 
2049 5259 6448 5418 
2050 4589 4593 4585 
2051 6123 6864 332 
2052 5379 6143 5383 
2053 5028 5597 5027 
2054 4454 4778 4442 
2055 5836 6796 5860 
2056 5041 6046 4307 
2057 4222 6720 4283 
2058 4145 5939 4104 
2059 6207 6426 6317 
2060 5382 5400 5372 
2061 4986 5561 4987 
2062 5147 6189 5146 
2063 4874 5310 4876 
2064 5806 6403 5868 
2065 4077 6207 5515 
2066 5210 6022 5208 
2067 4960 4999 4964 
2068 4442 5437 4424 
2069 5256 6304 6006 
2070 4594 6650 4624 
2071 3959 5477 3962 
2072 4204 6761 4223 
2073 5812 6671 5810 
2074 5805 5806 5804 
2075 4422 6286 5501 
2076 5442 6306 4500 
2077 3931 5577 4530 
2078 4519 6561 5315 
2079 6070 6071 5838 
2080 5710 6015 4363 
2081 4885 5428 4884 
2082 5855 6741 5001 
2083 4670 5522 4992 
2084 348 3925 3911 
2085 5988 6583 5643 
2086 5979 6834 4910 
2087 4148 6149 5989 
2088 3912 5369 311 
2089 6587 6754 5150 
2090 310 5404 3912 
2091 5972 6273 5745 
2092 6151 6152 4815 
2093 5995 6424 4930 
2094 4895 5612 4681 
2095 5744 6510 5743 
2096 3928 5577 3931 
2097 4445 5495 4435 
2098 4828 5496 4629 
2099 5163 5988 5643 
2100 5379 5383 5380 
2101 4887 5006 5005 
2102 5486 5488 5487 
2103 5188 6785 6597 
2104 4634 4713 3937 
2105 5362 5554 5361 
2106 4446 6220 4372 
2107 5182 5270 5265 
2108 4892 4966 4965 
2109 4759 6502 6372 
2110 4411 5559 5224 
2111 4900 5275 5131 
2112 4654 6778 5174 
2113 5029 5031 5030 
2114 4572 6865 5000 
2115 5345 6638 5198 
2116 4457 5277 4900 
2117 4073 4074 4072 
2118 3994 3995 3993 
2119 4881 4882 4880 
2120 5156 6772 4654 
2121 6346 6549 5176 
2122 5492 6123 331 
2123 4685 4686 4684 
2124 4015 4016 4009 
2125 5119 5496 4828 
2126 5715 6643 5282 
2127 5342 6364 5690 
2128 4993 6719 5518 
2129 6131 6276 6079 
2130 5090 6414 6064 
2131 5199 6638 5658 
2132 5244 5583 5272 
2133 5457 5924 5458 
2134 5401 5402 5374 
2135 5821 6735 5818 
2136 4999 5123 5122 
2137 6484 6703 5002 
2138 5306 6511 6470 
2139 5943 6574 5330 
2140 4967 6710 5626 
2141 5501 6369 4422 
2142 5190 6581 5121 
2143 6052 6245 5114 
2144 4611 4612 4608 
2145 4077 6208 1155 
2146 4716 5420 4847 
2147 5031 5216 5132 
2148 4304 4305 4302 
2149 4382 5579 4714 
2150 5048 6710 5046 
2151 3972 3974 3969 
2152 5372 5373 5371 
2153 4917 5436 5053 
2154 6010 6680 4844 
2155 5015 6377 6370 
2156 3892 6348 5324 
2157 3928 3929 3927 
2158 5849 6735 5846 
2159 4226 6498 5517 
2160 5376 5427 5379 
2161 5376 5379 5378 
2162 4714 5420 4716 
2163 5123 5125 5124 
2164 5919 6576 5864 
2165 4430 6771 5333 
2166 4346 5435 4749 
2167 5654 6728 5240 
2168 4897 5495 4703 
2169 4095 4182 4156 
2170 5490 6330 6055 
2171 3997 3998 3995 
2172 3910 6410 5572 
2173 4844 6680 4438 
2174 4054 6095 5991 
2175 5052 6784 4589 
2176 3939 6835 3941 
2177 4209 5357 5344 
2178 5189 6597 5187 
2179 4897 6434 5495 
2180 5827 6602 5838 
2181 5243 6791 5244 
2182 5384 6029 5386 
2183 5868 6425 5804 
2184 5300 5995 4930 
2185 315 5403 3891 
2186 346 5446 3900 
2187 4617 6090 5916 
2188 5018 5581 5020 
2189 4670 4992 4761 
2190 5811 5812 5810 
2191 4283 6720 5282 
2192 4687 4688 4686 
2193 5781 5782 5779 
2194 4874 5632 5310 
2195 4746 6714 6227 
2196 3936 3938 3934 
2197 4417 6096 5343 
2198 5605 6757 4084 
2199 5419 6395 5631 
2200 329 3902 330 
2201 5008 6355 5094 
2202 3935 3937 3936 
2203 332 3898 333 
2204 326 3897 327 
2205 4185 6092 4183 
2206 5373 5427 5376 
2207 5414 5416 5415 
2208 4506 5543 4632 
2209 5159 5504 5280 
2210 4905 5929 4552 
2211 4319 4321 4320 
2212 5705 5706 5539 
2213 4703 5495 4445 
2214 5372 5400 5374 
2215 4985 5558 5521 
2216 4793 6845 5144 
2217 4700 6851 6327 
2218 5680 6515 4415 
2219 5020 5243 5179 
2220 5370 5382 5372 
2221 5462 6385 4083 
2222 5963 5964 3886 
2223 346 3900 347 
2224 312 3899 313 
2225 348 3911 349 
2226 310 3912 311 
2227 4047 4109 4045 
2228 5097 6409 5621 
2229 5475 5476 4062 
2230 4916 5590 5263 
2231 350 3895 351 
2232 308 3894 309 
2233 368 3893 369 
2234 343 3892 344 
2235 315 3891 316 
2236 4292 6482 6047 
2237 4007 4260 4013 
2238 3959 3960 3955 
2239 5348 5410 5409 
2240 362 3896 363 
2241 5155 6772 6655 
2242 365 3901 366 
2243 4230 6300 4228 
2244 5317 5444 5274 
2245 4333 5698 4348 
2246 5807 5808 5806 
2247 5981 6058 5213 
2248 4075 4087 4074 
2249 5160 5162 5161 
2250 4495 4854 4720 
2251 5451 5968 5702 
2252 4275 6660 4230 
2253 4097 5484 5470 
2254 5794 5795 5793 
2255 6069 6182 5823 
2256 5529 6445 4114 
2257 6052 6435 4639 
2258 4627 6011 4917 
2259 4736 5471 1892 
2260 5154 6871 4791 
2261 5572 6707 3910 
2262 3891 5461 316 
2263 5757 6390 6236 
2264 4460 4462 4461 
2265 5809 5810 5808 
2266 4457 4900 4866 
2267 4287 4290 4286 
2268 4098 6833 4074 
2269 3911 5225 349 
2270 5220 6827 6446 
2271 4784 4787 4786 
2272 3895 6541 5425 
2273 3986 4118 3984 
2274 5118 5119 4828 
2275 5842 6089 5916 
2276 4644 4645 4643 
2277 5709 5943 5463 
2278 4668 5587 4657 
2279 5543 6355 5008 
2280 4327 4329 4328 
2281 3904 6400 5935 
2282 5137 5140 5139 
2283 4315 6683 4345 
2284 3902 5492 330 
2285 4295 4300 4299 
2286 3948 4433 3946 
2287 4881 4885 4884 
2288 5753 6613 5752 
2289 4037 6495 4035 
2290 5080 5312 5082 
2291 4671 5505 4468 
2292 4694 6479 4692 
2293 4350 6344 4351 
2294 4831 5610 5609 
2295 5696 6649 5688 
2296 5448 5608 5447 
2297 6140 6424 4510 
2298 5430 6618 6002 
2299 5813 5814 5812 
2300 5234 6150 5101 
2301 4348 4349 4338 
2302 4374 6293 5421 
2303 5088 5499 5087 
2304 4038 4039 4037 
2305 4971 5605 5116 
2306 5055 6243 5056 
2307 5183 6082 5145 
2308 5547 5548 3913 
2309 4619 6092 5500 
2310 5162 5165 5164 
2311 5496 6100 4391 
2312 4625 5509 4451 
2313 5315 5316 5119 
2314 4255 6750 5503 
2315 328 5489 5486 
2316 4898 5459 4002 
2317 5493 6123 5492 
2318 5829 6602 5827 
2319 4922 6861 6631 
2320 6317 6318 6207 
2321 5301 6364 5342 
2322 4251 4270 4253 
2323 5625 5626 4694 
2324 5573 5586 5570 
2325 4716 4847 4753 
2326 4560 6066 5196 
2327 5461 5576 3914 
2328 328 5486 329 
2329 5221 5508 4727 
2330 3899 5474 313 
2331 4440 5616 5615 
2332 5859 5917 5871 
2333 4646 4647 4645 
2334 4649 4650 4647 
2335 5815 5816 5814 
2336 4787 4789 4788 
2337 5773 6790 5771 
2338 4847 4849 4848 
2339 4116 6691 4111 
2340 4874 4876 4875 
2341 4396 5965 5530 
2342 5441 6810 4911 
2343 4493 6009 6002 
2344 4448 4449 4447 
2345 4153 5542 4146 
2346 4651 4652 4650 
2347 5075 6277 5048 
2348 5879 5899 5898 
2349 3916 5935 5934 
2350 5193 5283 5205 
2351 4803 4897 4703 
2352 4689 4690 4688 
2353 5229 6437 5354 
2354 4270 4662 4271 
2355 5145 6372 5172 
2356 4064 5563 4051 
2357 5783 5784 5782 
2358 6242 6272 5025 
2359 4789 4791 4790 
2360 4323 4327 4325 
2361 5850 6255 5824 
2362 4781 4853 4837 
2363 5170 6766 5317 
2364 4283 4284 4280 
2365 5034 6462 5302 
2366 5984 6188 5982 
2367 3913 6389 6325 
2368 4174 6785 4207 
2369 4631 6294 5723 
2370 4034 4036 4035 
2371 5313 6637 6173 
2372 4012 5498 5359 
2373 4462 4464 4463 
2374 4564 4565 4563 
2375 4903 6663 6234 
2376 4691 4692 4690 
2377 5320 6766 5170 
2378 4412 4441 4440 
2379 4063 5534 3995 
2380 4876 4878 4877 
2381 5001 6172 5855 
2382 5569 5573 5570 
2383 4264 5417 5412 
2384 4853 5304 5303 
2385 4450 4451 4449 
2386 3980 5629 4811 
2387 4693 4694 4692 
2388 4257 5552 4495 
2389 4594 4595 4593 
2390 5209 6580 5166 
2391 5736 5738 5737 
2392 4122 5553 4131 
2393 4452 4453 4451 
2394 4793 4795 4794 
2395 5379 5380 5378 
2396 5901 6443 5784 
2397 4791 4793 4792 
2398 5457 5458 4898 
2399 5268 6497 4365 
2400 5650 6293 5662 
2401 5138 6551 5136 
2402 4082 5471 5445 
2403 4731 4820 4706 
2404 5179 5182 5181 
2405 5484 6358 5470 
2406 4118 6509 3984 
2407 5872 6526 5779 
2408 4795 4894 4813 
2409 5787 5788 5786 
2410 5406 6239 4254 
2411 5273 6348 3892 
2412 5817 5818 5816 
2413 4483 4484 4453 
2414 4281 5484 4140 
2415 4096 4355 4066 
2416 4035 6495 5619 
2417 4534 4535 4533 
2418 5144 5638 4971 
2419 4266 4269 4268 
2420 5201 6751 5202 
2421 4201 6414 4222 
2422 3948 5718 4433 
2423 5978 6203 4527 
2424 5140 5240 5239 
2425 5321 6753 5320 
2426 6247 6352 5295 
2427 4900 5277 5276 
2428 4064 6604 6413 
2429 4854 4893 4720 
2430 4556 4558 4557 
2431 5856 6073 5919 
2432 5482 6411 4405 
2433 4570 4572 4571 
2434 5793 6760 5790 
2435 4165 4166 4163 
2436 5401 5525 5402 
2437 6341 6574 4069 
2438 5222 6728 5654 
2439 4124 6766 5617 
2440 4464 4466 4465 
2441 5184 6241 5226 
2442 4727 6382 4476 
2443 5391 5533 5394 
2444 5816 5908 5866 
2445 5213 6453 5075 
2446 5785 5786 5784 
2447 4832 6092 4185 
2448 4634 4781 4713 
2449 3941 3942 3940 
2450 3939 3940 3938 
2451 3945 4898 4002 
2452 5095 6629 5093 
2453 3992 3993 3990 
2454 5384 6831 4414 
2455 4665 6279 5713 
2456 3964 5298 3965 
2457 5300 6245 6052 
2458 4036 4038 4037 
2459 5082 5237 5099 
2460 4486 6778 4654 
2461 4065 4089 4064 
2462 3930 4457 3929 
2463 347 3925 348 
2464 6518 6519 5011 
2465 5868 6403 6147 
2466 311 5369 312 
2467 6009 6099 5005 
2468 309 5404 310 
2469 4870 5334 4844 
2470 6393 6696 4912 
2471 4061 4068 4067 
2472 5549 5550 5548 
2473 4876 5620 4878 
2474 4846 5625 4693 
2475 3955 5718 3950 
2476 5734 5736 5735 
2477 6042 6043 5842 
2478 4490 6754 4628 
2479 4654 6772 4484 
2480 5820 5821 5818 
2481 5619 6269 5944 
2482 4485 4486 4484 
2483 4893 5538 5537 
2484 4466 4468 4467 
2485 4536 4537 4535 
2486 6340 6554 4259 
2487 5469 6358 5612 
2488 4538 4539 4537 
2489 5714 6702 6684 
2490 5489 5490 5488 
2491 4021 4022 4020 
2492 5831 6342 6126 
2493 5831 6126 5914 
2494 4895 6536 5612 
2495 4011 4148 4093 
2496 4570 6865 4572 
2497 4850 5009 4852 
2498 4902 5455 5333 
2499 4264 4370 4369 
2500 4729 6288 5040 
2501 341 5547 3913 
2502 4134 5647 5504 
2503 5020 5581 5243 
2504 4269 4367 4366 
2505 4885 5429 5428 
2506 4897 6780 6434 
2507 4089 6604 4064 
2508 5619 5944 4028 
2509 4878 4880 4879 
2510 3977 6368 5526 
2511 6180 6746 5354 
2512 4167 4168 4166 
2513 5699 6535 5518 
2514 4039 5520 4100 
2515 6135 6258 5722 
2516 5064 6326 5536 
2517 4554 5622 5595 
2518 5604 6766 4124 
2519 5305 6218 5306 
2520 4900 5131 4866 
2521 5261 6037 4904 
2522 4613 4614 4612 
2523 5870 6489 4946 
2524 5495 6060 4435 
2525 6441 6785 5188 
2526 6103 6755 5894 
2527 5244 5270 5182 
2528 4561 6804 5044 
2529 5579 6347 5420 
2530 5876 6403 5806 
2531 4510 6424 5185 
2532 4881 5620 4885 
2533 3919 5980 5873 
2534 4050 5668 4055 
2535 4148 5989 5557 
2536 6443 6826 5892 
2537 4603 4604 4595 
2538 5564 5565 3908 
2539 4529 4874 4742 
2540 5640 6615 6278 
2541 5437 5519 4424 
2542 3975 3976 3974 
2543 5123 5688 5125 
2544 4523 4524 4492 
2545 4860 4863 4862 
2546 3967 5298 3964 
2547 5221 6431 6430 
2548 5391 5394 5392 
2549 5850 6678 6219 
2550 4060 4062 4056 
2551 4491 4492 4490 
2552 4487 4488 4486 
2553 4605 4606 4604 
2554 4849 5409 4850 
2555 4714 5579 5420 
2556 6050 6187 4977 
2557 6288 6394 5040 
2558 3962 3963 3960 
2559 4489 4490 4488 
2560 5229 5230 5228 
2561 3922 6419 5937 
2562 5792 5793 5790 
2563 5275 5353 5131 
2564 3906 6116 6003 
2565 4458 6866 5574 
2566 5008 5093 5007 
2567 4367 4410 4409 
2568 5388 5391 5390 
2569 5769 5919 5864 
2570 5810 5888 5887 
2571 5251 5953 5527 
2572 4137 4191 4190 
2573 5513 6664 4861 
2574 5422 6363 5293 
2575 5234 6745 6150 
2576 4093 5557 4129 
2577 4597 6131 6079 
2578 5323 6468 5322 
2579 5569 5570 3923 
2580 4255 5502 4247 
2581 5394 5396 5395 
2582 4273 5343 4380 
2583 4195 4659 4197 
2584 5501 5625 4846 
2585 4370 4387 4386 
2586 5824 5825 5821 
2587 4468 4470 4469 
2588 3906 5573 5569 
2589 3901 6322 5443 
2590 2651 3970 2640 
2591 5004 5176 4817 
2592 3895 6215 351 
2593 5128 6142 5127 
2594 5768 5769 5765 
2595 4292 4294 4290 
2596 4495 5552 4854 
2597 5162 5497 5421 
2598 5297 6376 5100 
2599 5335 5513 4662 
2600 4367 6700 4411 
2601 5056 5103 4835 
2602 4160 6839 4741 
2603 314 5403 315 
2604 4660 6196 4780 
2605 5231 5232 5230 
2606 345 5446 346 
2607 5503 6750 6044 
2608 4885 5620 5432 
2609 5772 5773 5771 
2610 4115 4116 4111 
2611 4999 5941 5123 
2612 4326 6289 5587 
2613 5758 6624 5933 
2614 5445 6629 5095 
2615 4805 4930 4806 
2616 5770 5771 5769 
2617 4126 6014 5535 
2618 4297 6392 5907 
2619 6266 6267 5636 
2620 5521 5558 4100 
2621 4656 6331 5522 
2622 4186 6064 4201 
2623 5775 5776 5773 
2624 6063 6117 5789 
2625 4023 4024 4022 
2626 4368 5632 4529 
2627 4094 4095 4089 
2628 4313 4314 4312 
2629 5426 5646 4099 
2630 5348 5409 4849 
2631 4041 5520 4039 
2632 5547 5549 5548 
2633 323 5564 3908 
2634 341 3913 342 
2635 317 3914 318 
2636 5529 5530 5128 
2637 5018 6685 5581 
2638 4992 5983 5494 
2639 4199 4264 4263 
2640 319 5544 3922 
2641 4058 4064 4051 
2642 313 5474 314 
2643 5446 5575 3900 
2644 5231 6152 5232 
2645 4917 5053 4937 
2646 4169 4170 4168 
2647 3926 5577 3928 
2648 3999 4000 3998 
2649 3889 6101 5948 
2650 4711 4712 4661 
2651 4159 4160 3973 
2652 5363 6848 5314 
2653 5940 6241 5184 
2654 4395 6807 5675 
2655 5366 5367 5365 
2656 6148 6425 5868 
2657 4425 4442 4424 
2658 5498 5499 5359 
2659 5882 6797 5730 
2660 6135 6699 5721 
2661 316 5461 317 
2662 5491 5493 5492 
2663 5280 6762 5160 
2664 4995 5501 4846 
2665 5454 6535 4403 
2666 4842 4905 4552 
2667 4893 5997 5538 
2668 5514 6303 4901 
2669 4015 4017 4016 
2670 6268 6770 5176 
2671 3943 3945 3942 
2672 4568 4569 4567 
2673 4025 4026 4024 
2674 6120 6276 6119 
2675 5172 6398 4331 
2676 5269 6765 6247 
2677 4809 6473 5091 
2678 4627 4917 4699 
2679 3914 5544 318 
2680 3938 5692 3934 
2681 5703 6531 5719 
2682 5373 5376 5375 
2683 5887 6573 6194 
2684 4242 4245 4244 
2685 5576 6702 5393 
2686 4308 6530 4309 
2687 5719 6283 4600 
2688 4086 4718 3256 
2689 5410 6233 5409 
2690 6470 6511 5870 
2691 4956 5405 5105 
2692 5142 6743 5204 
2693 5308 6555 5900 
2694 5438 6205 5992 
2695 5619 6495 5063 
2696 4876 4877 4875 
2697 5298 5311 3965 
2698 4347 4424 4203 
2699 5250 5251 4926 
2700 343 6325 3892 
2701 5118 5315 5119 
2702 4292 6709 4295 
2703 4350 4351 4349 
2704 4003 4004 3976 
2705 5007 6159 5184 
2706 5446 5591 4976 
2707 4387 4389 4388 
2708 6347 6648 5420 
2709 5879 5898 5841 
2710 4945 6275 4602 
2711 5398 6616 5576 
2712 5570 5571 3923 
2713 4171 4172 4170 
2714 4543 5097 4545 
2715 6074 6105 4592 
2716 5316 5584 5119 
2717 6068 6818 6071 
2718 5984 6251 6188 
2719 4831 6338 5610 
2720 3922 6571 6419 
2721 4863 6705 5905 
2722 5896 6415 5778 
2723 340 5547 341 
2724 322 5564 323 
2725 6147 6403 4577 
2726 5829 6632 5837 
2727 4616 6868 6323 
2728 6414 6720 4222 
2729 4260 6396 4013 
2730 4890 4891 4672 
2731 4173 4174 4172 
2732 5125 5463 5126 
2733 4017 4019 4018 
2734 4191 4237 4236 
2735 4847 4848 4753 
2736 5570 5572 5571 
2737 4477 6290 5952 
2738 5920 6815 5902 
2739 4043 5567 5058 
2740 5933 5934 5758 
2741 4549 5609 4679 
2742 5666 6807 4395 
2743 3964 3965 3963 
2744 4129 5557 4418 
2745 4132 5689 5497 
2746 5288 6111 5286 
2747 2717 3978 2706 
2748 4839 5406 5114 
2749 335 3907 336 
2750 323 3908 324 
2751 5376 5378 5377 
2752 4591 6673 5990 
2753 4746 4747 4614 
2754 3966 4427 3968 
2755 4766 4767 4633 
2756 5577 5578 4530 
2757 4849 4850 4848 
2758 4315 4316 4314 
2759 5085 6141 5334 
2760 5973 6510 6406 
2761 5348 6667 5411 
2762 4545 5621 4547 
2763 4572 4574 4573 
2764 5214 6768 5568 
2765 4175 4176 4174 
2766 5363 6850 6379 
2767 4308 4309 4305 
2768 373 5568 3921 
2769 355 5569 3923 
2770 4068 4073 4072 
2771 6201 6598 6200 
2772 371 3905 372 
2773 305 3909 306 
2774 4984 5465 5234 
2775 353 3906 354 
2776 359 3910 360 
2777 4061 5507 4068 
2778 5670 6334 4659 
2779 5557 5989 5325 
2780 4989 6677 5343 
2781 5369 5660 5370 
2782 5316 5585 5584 
2783 4229 4230 4228 
2784 4992 5494 4761 
2785 5528 5529 5128 
2786 3905 5568 372 
2787 5009 5010 4852 
2788 5360 5361 4974 
2789 3906 5569 354 
2790 6325 6389 5273 
2791 5888 6573 5887 
2792 3967 6091 5298 
2793 5355 6559 4964 
2794 4245 4247 4246 
2795 1859 3886 3410 
2796 6452 6782 5350 
2797 4470 4472 4471 
2798 4329 4331 4330 
2799 4681 5612 4834 
2800 5343 6677 4380 
2801 4027 4028 4026 
2802 5023 6363 5422 
2803 6380 6579 5578 
2804 4874 4875 4742 
2805 3906 6003 5573 
2806 5261 6736 4970 
2807 4084 6463 5605 
2808 318 5544 319 
2809 4301 5041 4307 
2810 5047 5048 5046 
2811 4856 4859 4858 
2812 337 3924 338 
2813 5407 6588 5397 
2814 4968 5046 4967 
2815 4931 6424 6140 
2816 6349 6833 4664 
2817 5675 6807 5291 
2818 5283 6850 5363 
2819 4520 5582 4836 
2820 4893 5537 5536 
2821 5746 5884 5883 
2822 5298 5500 5311 
2823 4432 6272 6243 
2824 4889 4967 4830 
2825 5862 6641 6121 
2826 6053 6798 4288 
2827 4129 4418 4155 
2828 6597 6785 5187 
2829 5352 6776 5073 
2830 5748 6627 5744 
2831 5256 6723 5254 
2832 319 3922 320 
2833 5411 6667 6027 
2834 372 5568 373 
2835 354 5569 355 
2836 5336 6654 5335 
2837 4829 4830 4810 
2838 5977 5979 4029 
2839 373 3921 374 
2840 355 3923 356 
2841 4547 5621 4831 
2842 4257 4495 4416 
2843 3992 3994 3993 
2844 5849 6543 6036 
2845 4809 4810 4769 
2846 5175 6803 5173 
2847 4088 5426 4087 
2848 4495 4720 4496 
2849 5010 6380 5578 
2850 4006 4636 4184 
2851 5331 5349 5329 
2852 4040 4041 4039 
2853 6233 6380 5009 
2854 4871 6688 5073 
2855 5851 6440 5735 
2856 4882 4883 4880 
2857 5130 5512 5511 
2858 5084 5718 3955 
2859 5094 5095 5093 
2860 4057 5507 4061 
2861 5903 6392 6158 
2862 4679 4895 4681 
2863 4714 4716 4715 
2864 4045 5567 4043 
2865 5732 6747 5746 
2866 4724 6166 6026 
2867 5228 6057 4016 
2868 5207 6799 5210 
2869 4768 4769 4767 
2870 4362 6680 6010 
2871 4738 6024 4914 
2872 5826 5827 5825 
2873 5486 5489 5488 
2874 4960 4964 4764 
2875 5242 6603 5241 
2876 5466 6861 5877 
2877 4443 4454 4442 
2878 365 5974 3901 
2879 5409 6233 5009 
2880 4034 5580 4036 
2881 4882 5592 4883 
2882 5754 6613 5753 
2883 5047 5981 5213 
2884 4892 4965 4891 
2885 5388 6270 5391 
2886 4878 4879 4877 
2887 5373 5375 5371 
2888 4005 5359 4006 
2889 4177 4178 4176 
2890 1881 3915 1870 
2891 4230 6660 6300 
2892 3979 3980 3958 
2893 4382 4714 4526 
2894 5231 6746 6152 
2895 4547 4831 4549 
2896 5066 6651 5257 
2897 5391 5392 5390 
2898 4012 5359 4005 
2899 5717 6239 5406 
2900 5846 6735 5821 
2901 4058 4065 4064 
2902 4501 6528 5356 
2903 6324 6686 5132 
2904 4501 4502 4385 
2905 4095 5470 4182 
2906 3994 3997 3995 
2907 6164 6496 5031 
2908 4888 4906 4886 
2909 5583 6630 4541 
2910 5380 5384 5381 
2911 4842 4926 4905 
2912 4186 4201 4200 
2913 4942 5700 5032 
2914 5600 5601 4404 
2915 6281 6366 4420 
2916 5491 5492 3902 
2917 5504 5643 4134 
2918 4679 5609 4895 
2919 5549 5551 5550 
2920 3893 6594 369 
2921 5884 5961 5960 
2922 4455 5692 3938 
2923 3989 6681 5602 
2924 6189 6615 5242 
2925 3974 6091 3969 
2926 4207 6785 6441 
2927 3927 5225 3911 
2928 4762 5337 5111 
2929 5570 5586 5572 
2930 4005 4006 4004 
2931 4387 6156 4389 
2932 362 6745 3896 
2933 345 5591 5446 
2934 5432 5433 5429 
2935 6479 6710 5048 
2936 3946 5456 3943 
2937 4073 4075 4074 
2938 4295 6709 5041 
2939 5426 6477 6024 
2940 5900 6622 5307 
2941 4264 4369 4263 
2942 5719 6531 6283 
2943 5344 6744 6161 
2944 5394 5395 5392 
2945 5032 6169 5531 
2946 3997 3999 3998 
2947 5029 5030 4822 
2948 5331 5539 5349 
2949 5180 6604 4156 
2950 3931 4530 3933 
2951 5255 5256 5254 
2952 3965 5311 4543 
2953 5533 6619 5394 
2954 3289 5958 3278 
2955 4418 5623 5552 
2956 5473 6404 4189 
2957 5182 5265 5181 
2958 5001 6865 4570 
2959 3934 5692 3932 
2960 5330 6574 5331 
2961 4317 4318 4316 
2962 5120 5516 4888 
2963 4201 4222 4221 
2964 5237 6659 5690 
2965 4108 4725 4135 
2966 4726 6686 5147 
2967 4743 5406 4839 
2968 4365 6497 5542 
2969 4878 5620 4881 
2970 4879 5523 5024 
2971 5430 6002 5006 
2972 4917 4937 4699 
2973 4370 4386 4369 
2974 6509 6669 3984 
2975 5223 6663 6545 
2976 5360 6460 3898 
2977 5304 6733 5303 
2978 371 5985 3905 
2979 5533 6521 4419 
2980 6152 6746 4431 
2981 5434 6493 5030 
2982 4576 4581 4580 
2983 4716 4753 4752 
2984 5565 6419 5399 
2985 5439 5519 5437 
2986 4122 6691 5553 
2987 5595 6447 4554 
2988 4457 4866 4865 
2989 4140 5484 4097 
2990 5547 5928 5549 
2991 5160 5161 5158 
2992 6003 6116 5424 
2993 4398 6757 5638 
2994 4235 6674 4214 
2995 5856 6790 5844 
2996 4757 6197 5468 
2997 4966 5485 4965 
2998 5412 5417 5414 
2999 4784 4786 4623 
3000 4802 4803 4703 
3001 5893 6063 5796 
3002 4103 5600 4404 
3003 3971 4159 3973 
3004 4513 4709 4454 
3005 1826 6342 5831 
3006 4216 4217 4160 
3007 5553 6017 4423 
3008 4834 4952 4951 
3009 5350 6517 6452 
3010 4389 4498 4497 
3011 4261 6321 6143 
3012 4055 5668 4108 
3013 4652 4685 4684 
3014 4008 4009 4000 
3015 5666 6468 5323 
3016 4942 5032 4733 
3017 4890 6605 6485 
3018 5491 6696 6393 
3019 5568 6768 3921 
3020 6684 6702 3891 
3021 4818 6196 4660 
3022 4112 5694 5598 
3023 4066 5475 4060 
3024 4042 4043 4041 
3025 307 6384 308 
3026 6172 6851 4700 
3027 4022 6360 5319 
3028 5058 6291 6274 
3029 4920 5423 4803 
3030 4143 4634 3937 
3031 368 6852 6589 
3032 5045 6567 5314 
3033 5116 5261 4894 
3034 5053 5285 4937 
3035 4995 6369 5501 
3036 5726 5728 5727 
3037 6201 6202 5188 
3038 4702 4703 4445 
3039 4417 5343 4273 
3040 4946 6816 6470 
3041 4368 4529 4528 
3042 4507 4508 4506 
3043 5804 6425 5886 
3044 5615 5616 5105 
3045 4065 4094 4089 
3046 5518 6719 4085 
3047 5730 6797 5729 
3048 4529 5632 4874 
3049 4845 6538 6458 
3050 4735 4911 4709 
3051 4205 4365 4164 
3052 5399 6616 5398 
3053 5334 6010 4844 
3054 5335 6402 5513 
3055 5384 5386 5385 
3056 5248 6750 4255 
3057 5323 6807 5666 
3058 3950 5718 3948 
3059 6026 6166 4982 
3060 5016 6233 4635 
3061 5728 5730 5729 
3062 5317 6766 5604 
3063 5602 6694 3989 
3064 4282 6307 6025 
3065 2959 5930 2893 
3066 4161 4220 4219 
3067 4347 4425 4424 
3068 4999 5122 4964 
3069 4761 5494 4955 
3070 5274 5510 5169 
3071 5638 6578 4398 
3072 4373 4448 4447 
3073 5551 5589 5550 
3074 5692 6716 5277 
3075 4351 6605 4890 
3076 5361 6170 4974 
3077 6204 6262 4730 
3078 5702 6093 5451 
3079 5264 6663 6586 
3080 4984 6166 5465 
3081 5333 5514 4901 
3082 4529 4742 4677 
3083 5376 5377 5375 
3084 4834 5612 4952 
3085 5200 6484 5002 
3086 4836 5700 5115 
3087 5500 6503 5311 
3088 4888 5516 4906 
3089 5550 5697 5548 
3090 6079 6339 5774 
3091 2640 5627 2530 
3092 4659 6742 5417 
3093 4376 6663 5223 
3094 5237 5690 5099 
3095 353 6116 3906 
3096 4894 5261 4904 
3097 4327 4328 4325 
3098 5617 6766 5320 
3099 5134 5510 5138 
3100 5690 6659 4260 
3101 4498 5441 4734 
3102 4576 6083 4581 
3103 4460 4461 4441 
3104 4117 4520 4116 
3105 5756 6627 6488 
3106 4138 4423 4147 
3107 4387 4388 4386 
3108 5424 5425 5423 
3109 4729 5040 5039 
3110 5123 5124 5122 
3111 5514 6771 4337 
3112 4295 4299 4294 
3113 4331 4333 4332 
3114 4101 5600 4103 
3115 4181 4281 4140 
3116 4814 5064 4504 
3117 4030 4031 4028 
3118 3913 6325 342 
3119 4676 6672 4533 
3120 5204 5528 5110 
3121 3278 3890 3267 
3122 5116 6463 5326 
3123 5810 6671 5888 
3124 6121 6155 5862 
3125 4744 4745 4565 
3126 6120 6122 5760 
3127 6095 6206 5991 
3128 4103 4404 4142 
3129 5253 5254 5065 
3130 5097 6503 6287 
3131 5957 6642 5956 
3132 5058 6274 6114 
3133 4826 5532 5074 
3134 4921 6859 4923 
3135 3910 6150 360 
3136 5072 5258 4855 
3137 339 5928 340 
3138 3947 4439 3949 
3139 5006 6009 5005 
3140 4019 4021 4020 
3141 5125 5126 5124 
3142 5438 5991 5439 
3143 4161 5630 4220 
3144 321 5937 322 
3145 5137 5139 5135 
3146 4854 6711 5997 
3147 4125 6468 5666 
3148 4281 6238 5538 
3149 5312 6637 5313 
3150 5433 6353 5630 
3151 5386 5388 5387 
3152 4094 4097 4095 
3153 4709 6412 4454 
3154 4154 4165 4163 
3155 4266 4268 4224 
3156 4272 4273 4217 
3157 6435 6544 4254 
3158 4539 4644 4643 
3159 5599 6337 2376 
3160 4893 5536 4720 
3161 5000 6865 6532 
3162 4150 4195 4194 
3163 5380 5381 5378 
3164 4319 4320 4318 
3165 4493 6115 6009 
3166 5762 5763 5754 
3167 5576 6616 3914 
3168 5251 6107 5953 
3169 5879 6798 5899 
3170 4346 4749 4542 
3171 5031 5132 5030 
3172 5858 5905 5859 
3173 4531 6829 5561 
3174 2607 3903 2596 
3175 4581 4583 4582 
3176 6208 6562 825 
3177 4865 6541 5588 
3178 4839 5114 5112 
3179 4734 6524 6055 
3180 5162 5164 5161 
3181 5828 5829 5827 
3182 4090 4910 4121 
3183 5990 6415 6065 
3184 5036 5215 5214 
3185 5573 6003 5996 
3186 5630 6353 4220 
3187 473 4718 4080 
3188 5288 6431 6307 
3189 5461 6702 5576 
3190 5485 6335 5235 
3191 4141 6007 4819 
3192 2893 3888 2882 
3193 4038 4040 4039 
3194 4205 5624 4365 
3195 5679 6757 4398 
3196 4748 6714 6617 
3197 4826 5603 5532 
3198 4880 5523 4879 
3199 4732 5356 4940 
3200 4972 6170 6018 
3201 3993 6249 3990 
3202 3981 3982 3980 
3203 4495 4496 4416 
3204 4031 5619 4028 
3205 6297 6367 4907 
3206 4515 6394 6288 
3207 5056 6017 5103 
3208 4616 6323 5863 
3209 6018 6170 4675 
3210 4270 4271 4253 
3211 5463 6649 4400 
3212 4412 4440 4410 
3213 5460 5924 5457 
3214 5388 5390 5389 
3215 4710 5580 4053 
3216 4787 4788 4786 
3217 5415 6240 5413 
3218 4861 6858 5513 
3219 4120 4710 4053 
3220 6236 6390 6041 
3221 4682 6459 5295 
3222 5506 6590 334 
3223 5563 6413 5181 
3224 5536 6326 4721 
3225 3663 4771 1430 
3226 4921 4923 4747 
3227 5691 6349 4664 
3228 5148 6770 5521 
3229 4044 4045 4043 
3230 4051 5563 4049 
3231 5844 6790 5773 
3232 5061 5250 4926 
3233 4108 5668 4725 
3234 5416 5977 5415 
3235 4524 4534 4533 
3236 5011 6519 4603 
3237 5005 6099 5120 
3238 4789 4790 4788 
3239 4336 6734 6331 
3240 4714 4715 4526 
3241 4137 4190 4133 
3242 4511 5531 4512 
3243 6344 6605 4351 
3244 4231 4232 4230 
3245 5852 6760 5793 
3246 1430 4771 4076 
3247 4905 6739 5929 
3248 4685 4687 4686 
3249 4720 4721 4496 
3250 5564 6419 5565 
3251 4425 4443 4442 
3252 4274 4353 4208 
3253 5438 5992 5991 
3254 4841 4842 4552 
3255 4106 4115 4111 
3256 5860 6126 5878 
3257 6477 6820 5060 
3258 4028 5944 4026 
3259 4075 4088 4087 
3260 2970 3916 2959 
3261 6571 6616 5399 
3262 5104 6610 5309 
3263 4850 4852 4851 
3264 4700 6727 6172 
3265 4551 4552 4428 
3266 4749 4751 4750 
3267 6241 6520 4119 
3268 5117 5118 4828 
3269 4448 4450 4449 
3270 5163 6655 5988 
3271 5899 5913 5898 
3272 3047 6039 3036 
3273 6262 6441 6202 
3274 4890 6485 4892 
3275 5453 6370 6185 
3276 4450 4452 4451 
3277 4472 4474 4473 
3278 4807 6245 5300 
3279 4452 4483 4453 
3280 4720 5536 4721 
3281 5898 6796 5836 
3282 4791 4792 4790 
3283 4511 4512 4502 
3284 4033 4034 4031 
3285 5538 6019 4281 
3286 4361 4363 4362 
3287 5131 5566 4866 
3288 4389 4497 4388 
3289 6278 6615 6324 
3290 4885 5432 5429 
3291 5337 6277 5111 
3292 5141 6860 5944 
3293 5294 6394 5422 
3294 4879 5024 4963 
3295 4987 5561 5560 
3296 5384 5385 5381 
3297 5306 6432 5891 
3298 363 6350 364 
3299 5566 6780 4897 
3300 6318 6473 6207 
3301 4192 4193 4149 
3302 4716 4752 4715 
3303 4802 4920 4803 
3304 4182 5469 5468 
3305 4909 6870 4907 
3306 5031 6408 5216 
3307 4627 4699 4698 
3308 5206 6586 4376 
3309 5341 5627 3970 
3310 5795 5880 5798 
3311 4754 6225 5245 
3312 4795 4813 4794 
3313 6276 6339 6079 
3314 5232 5562 5233 
3315 4529 4677 4528 
3316 4793 4794 4792 
3317 4875 5603 4742 
3318 4986 5952 5561 
3319 4914 5060 5003 
3320 2387 4771 3663 
3321 5322 6248 4797 
3322 6684 6832 5377 
3323 5036 5214 4988 
3324 5797 5894 5893 
3325 4392 4957 4824 
3326 4976 5591 5324 
3327 4056 5498 4012 
3328 4702 4802 4703 
3329 4827 4828 4629 
3330 4462 4463 4461 
3331 6252 6293 5650 
3332 4287 6607 6482 
3333 4585 6283 4583 
3334 6226 6227 5733 
3335 340 5928 5547 
3336 4644 4646 4645 
3337 4772 6808 4776 
3338 4208 6007 4141 
3339 5395 5407 5397 
3340 5520 6114 5148 
3341 5050 6824 5051 
3342 6121 6122 6120 
3343 5795 5798 5797 
3344 5381 5714 5378 
3345 4321 4323 4322 
3346 322 5937 5564 
3347 4144 4145 4104 
3348 4329 4330 4328 
3349 2596 5969 2585 
3350 5499 6566 5087 
3351 4811 5629 5294 
3352 4483 4485 4484 
3353 4646 4649 4647 
3354 4014 4015 4009 
3355 4195 4197 4196 
3356 5503 6195 5502 
3357 4530 6132 3933 
3358 4040 4042 4041 
3359 6064 6414 4201 
3360 3388 3904 2981 
3361 3454 3917 3289 
3362 4894 4904 4813 
3363 5796 6063 5904 
3364 4259 6554 5332 
3365 4751 4817 4816 
3366 4772 4776 4774 
3367 4457 4865 3929 
3368 3952 3979 3958 
3369 4854 5997 4893 
3370 3907 6308 336 
3371 5597 5598 5027 
3372 4444 4982 4701 
3373 5873 5947 3919 
3374 4742 4826 4677 
3375 4649 4651 4650 
3376 5328 6465 5330 
3377 5608 6295 4326 
3378 4920 5424 5423 
3379 4344 4430 4429 
3380 5658 6638 4393 
3381 4842 5061 4926 
3382 4321 4322 4320 
3383 5431 6618 5430 
3384 4753 5021 4752 
3385 5740 6624 5738 
3386 4935 5026 4923 
3387 4228 6300 4259 
3388 5525 6373 5402 
3389 4866 4899 4865 
3390 3983 3984 3982 
3391 5992 6144 4054 
3392 4333 4338 4334 
3393 5774 6613 5754 
3394 5404 6284 3912 
3395 5895 6690 6104 
3396 4982 4984 4983 
3397 4984 5234 5101 
3398 3729 4243 2915 
3399 4165 4167 4166 
3400 4886 5592 4882 
3401 5386 5387 5385 
3402 5490 6055 5488 
3403 4047 6639 4109 
3404 4383 4627 4626 
3405 5476 6365 4932 
3406 4558 4562 4561 
3407 359 6410 3910 
3408 4443 4513 4454 
3409 4011 4093 4092 
3410 5365 6000 5368 
3411 4127 6359 4024 
3412 1408 5338 2651 
3413 5889 5909 5774 
3414 5762 6517 5897 
3415 4283 6644 4284 
3416 4193 6373 5525 
3417 5708 6361 4641 
3418 4150 5670 4195 
3419 4083 6385 5693 
3420 3036 3884 3025 
3421 6205 6412 5049 
3422 5916 6090 5846 
3423 4093 4129 4128 
3424 4180 4203 4145 
3425 5688 6649 5125 
3426 4464 4465 4463 
3427 5389 5399 5398 
3428 5378 5714 5377 
3429 4357 4361 4359 
3430 4687 4689 4688 
3431 4481 5018 4756 
3432 4199 4263 4225 
3433 5563 6639 4049 
3434 5838 6602 6070 
3435 6429 6633 4081 
3436 4129 4155 4151 
3437 4850 4851 4848 
3438 6145 6576 4592 
3439 5101 5102 4983 
3440 5140 5239 5139 
3441 1672 5631 3608 
3442 3157 5617 3146 
3443 337 6308 3924 
3444 4197 4199 4198 
3445 4157 4514 4218 
3446 4139 5677 4157 
3447 4155 4257 4213 
3448 4269 4366 4268 
3449 3935 4143 3937 
3450 3945 4002 4001 
3451 6002 6009 5006 
3452 4740 4844 4438 
3453 2574 5633 2563 
3454 5060 5078 5077 
3455 4257 4416 4262 
3456 5370 5660 5382 
3457 3999 4008 4000 
3458 5351 6738 6518 
3459 5073 6776 5526 
3460 5253 5255 5254 
3461 4242 4244 4240 
3462 6110 6236 5957 
3463 5388 5389 5387 
3464 3969 6091 3967 
3465 3234 5639 495 
3466 4814 5065 5064 
3467 4222 4280 4279 
3468 4021 4023 4022 
3469 4551 4843 4841 
3470 4735 4912 4911 
3471 4513 4735 4709 
3472 4485 4487 4486 
3473 5977 5978 5415 
3474 4179 5473 4178 
3475 2585 3918 3047 
3476 4141 4819 4130 
3477 4023 4025 4024 
3478 4002 4011 4010 
3479 4843 5036 4988 
3480 5346 6623 5345 
3481 4466 4467 4465 
3482 4761 4955 4868 
3483 306 6329 307 
3484 4781 4925 4853 
3485 4973 4994 4975 
3486 5151 6587 5349 
3487 5380 6831 5384 
3488 367 6852 368 
3489 4699 4936 4698 
3490 4025 4027 4026 
3491 5285 5527 4937 
3492 5932 6273 5971 
3493 3985 3986 3984 
3494 4525 4972 4381 
3495 4284 4286 4285 
3496 5574 6687 4458 
3497 5018 5020 5019 
3498 4258 4347 4203 
3499 4343 5982 4335 
3500 5314 6567 5205 
3501 4551 4841 4552 
3502 5395 5397 5392 
3503 4950 5325 4833 
3504 4191 4236 4190 
3505 4053 5580 4034 
3506 1947 5642 1936 
3507 4363 4436 4364 
3508 4211 6434 5353 
3509 4579 6425 6148 
3510 4534 4536 4535 
3511 4976 5324 4851 
3512 1210 4124 3157 
3513 5389 5398 5387 
3514 4245 4246 4244 
3515 4866 5566 4899 
3516 5420 6648 5347 
3517 4879 4963 4877 
3518 6211 6462 5034 
3519 4567 6343 4436 
3520 5550 6407 5697 
3521 4491 4523 4492 
3522 4973 4974 4972 
3523 4498 4734 4497 
3524 4936 5017 4698 
3525 5063 6269 5619 
3526 5874 6671 5812 
3527 4742 5603 4826 
3528 4489 4491 4490 
3529 4487 4489 4488 
3530 5948 6085 3889 
3531 5902 6815 5901 
3532 4918 4919 4745 
3533 5585 6240 5978 
3534 4055 4108 4107 
3535 5482 5682 4960 
3536 5385 5393 5381 
3537 5427 6143 5379 
3538 4975 5360 4974 
3539 4258 4382 4381 
3540 4468 4469 4467 
3541 5441 5524 4734 
3542 4791 6871 4991 
3543 4826 4978 4677 
3544 1683 3961 1672 
3545 4427 6232 3968 
3546 5861 5964 5963 
3547 5964 6800 3886 
3548 4300 4346 4299 
3549 4536 4538 4537 
3550 4367 4409 4366 
3551 4430 4540 4518 
3552 4600 6283 4585 
3553 5367 6000 5365 
3554 4402 4417 4273 
3555 4899 6541 4865 
3556 3908 6588 324 
3557 4167 4169 4168 
3558 5300 6052 5995 
3559 4805 4806 4355 
3560 4368 4528 4428 
3561 4991 6845 4793 
3562 4143 4635 4634 
3563 5698 6397 4348 
3564 4923 6859 4935 
3565 5354 6746 5231 
3566 4843 4988 4841 
3567 4883 5523 4880 
3568 4496 4724 4416 
3569 5715 6246 4870 
3570 5511 5703 5129 
3571 5727 6822 5726 
3572 605 5656 528 
3573 4225 4414 4198 
3574 4508 6355 5543 
3575 4008 4014 4009 
3576 3940 4455 3938 
3577 4382 4526 4525 
3578 4689 4691 4690 
3579 4725 5630 4135 
3580 4474 4476 4475 
3581 5779 6526 5896 
3582 4195 4196 4194 
3583 4262 4435 4213 
3584 1925 3956 2574 
3585 4102 4728 3996 
3586 4027 4030 4028 
3587 990 4114 1012 
3588 4139 4140 4097 
3589 4055 4058 4051 
3590 5451 6093 5449 
3591 5840 5841 5836 
3592 4050 4051 4049 
3593 5021 5022 4752 
3594 4219 4368 4274 
3595 4702 4804 4802 
3596 5021 5273 5022 
3597 4910 5670 4121 
3598 4437 4961 4739 
3599 5686 6463 4084 
3600 5918 6705 6127 
3601 4682 6343 4567 
3602 4701 4702 4445 
3603 4691 4693 4692 
3604 5608 6592 6168 
3605 528 4397 3234 
3606 4966 6335 5485 
3607 1749 5648 1738 
3608 4444 4445 4435 
3609 3707 5675 1683 
3610 1243 3954 605 
3611 4954 6397 5698 
3612 4826 5074 4978 
3613 4058 5644 4065 
3614 2651 5338 3970 
3615 5555 6428 4521 
3616 2211 6260 3977 
3617 3916 5930 2959 
3618 5393 5714 5381 
3619 1232 3951 3300 
3620 4984 5101 4983 
3621 364 5974 365 
3622 462 5663 990 
3623 6030 6600 4928 
3624 5215 6450 6023 
3625 5413 6561 4519 
3626 4340 6862 4321 
3627 4990 5555 5515 
3628 4528 4551 4428 
3629 4627 4698 4626 
3630 305 6450 3909 
3631 1001 4413 770 
3632 3344 5672 1111 
3633 5933 6624 5745 
3634 5600 6694 5602 
3635 4050 4055 4051 
3636 1012 5673 1001 
3637 4042 4044 4043 
3638 4055 4107 4058 
3639 4368 4428 4274 
3640 4562 4564 4563 
3641 4254 6544 5406 
3642 4540 4621 4620 
3643 6062 6117 6063 
3644 5609 5611 4895 
3645 4078 5940 4695 
3646 4386 4419 4369 
3647 4048 4050 4049 
3648 3685 3957 1749 
3649 6183 6537 2145 
3650 5314 6848 5364 
3651 649 5696 638 
3652 4150 4194 4192 
3653 4770 5008 5007 
3654 4982 4983 4701 
3655 3608 4399 3597 
3656 4193 5976 4149 
3657 1738 5662 3355 
3658 4263 4384 4225 
3659 4157 4181 4140 
3660 2871 6298 2607 
3661 5408 6474 5076 
3662 3300 5704 1694 
3663 6031 6526 5872 
3664 303 6023 304 
3665 4300 5435 4346 
3666 2266 5674 2772 
3667 4652 6187 4685 
3668 5082 5099 5083 
3669 4638 6037 4798 
3670 726 4401 506 
3671 4048 4049 4047 
3672 5833 5834 5829 
3673 2332 4125 2321 
3674 4815 6153 6151 
3675 370 5985 371 
3676 5983 5984 5982 
3677 1958 4134 1947 
3678 334 6460 5506 
3679 4680 5071 4678 
3680 4552 5929 4428 
3681 759 4415 979 
3682 4247 5502 4249 
3683 5020 5179 5178 
3684 3553 5678 3542 
3685 4715 4717 4526 
3686 4819 5994 5993 
3687 4778 6205 5438 
3688 3917 5958 3289 
3689 4161 4219 4208 
3690 5468 6197 5467 
3691 4199 4225 4198 
3692 3751 5685 1177 
3693 3696 5657 3685 
3694 5259 5418 4859 
3695 4129 4151 4128 
3696 4257 4262 4213 
3697 4155 4213 4151 
3698 770 5680 759 
3699 4341 4979 1650 
3700 4093 4128 4092 
3701 4351 4672 4352 
3702 1166 4393 3696 
3703 4814 5252 5065 
3704 4157 5677 4514 
3705 4121 4150 4149 
3706 2915 5651 2904 
3707 5949 5950 4235 
3708 4267 5618 4373 
3709 4090 6038 4910 
3710 4437 6343 4961 
3711 4094 4139 4097 
3712 4219 4274 4208 
3713 6025 6307 5653 
3714 2090 5679 2277 
3715 5541 6341 2046 
3716 4398 6578 5674 
3717 4470 4471 4469 
3718 4218 4277 4181 
3719 506 5694 858 
3720 2321 5666 3718 
3721 1727 5671 968 
3722 3146 5645 2332 
3723 2541 5664 2409 
3724 5210 6497 5268 
3725 4427 6363 6232 
3726 4197 4198 4196 
3727 4011 4092 4010 
3728 4444 4701 4445 
3729 5588 6541 3895 
3730 5356 6438 4940 
3731 4144 4180 4145 
3732 4997 6262 6204 
3733 2761 5693 880 
3734 4033 4053 4034 
3735 5458 5459 4898 
3736 5333 6771 5514 
3737 4383 4504 4277 
3738 6029 6270 5386 
3739 3597 5686 2101 
3740 979 5683 1232 
3741 3987 3988 3986 
3742 4626 4814 4504 
3743 2563 5667 2552 
3744 847 4396 462 
3745 869 5699 3762 
3746 5722 6699 6135 
3747 440 5669 1243 
3748 858 4112 2486 
3749 4046 4059 4048 
3750 4619 6091 3974 
3751 2552 4390 2541 
3752 4570 4571 4569 
3753 495 5695 517 
3754 1936 6112 1925 
3755 4906 5592 4886 
3756 4439 6439 5590 
3757 5525 6374 4193 
3758 5002 6703 4913 
3759 4215 4229 4228 
3760 4975 5506 5360 
3761 4673 4949 4517 
3762 5905 5906 4863 
3763 4513 4755 4735 
3764 4973 4975 4974 
3765 594 4405 440 
3766 3718 4395 3707 
3767 4169 4171 4170 
3768 4044 4046 4045 
3769 4180 4258 4203 
3770 3979 3981 3980 
3771 4425 4675 4443 
3772 4936 5098 5017 
3773 3945 4001 3942 
3774 4753 5975 5021 
3775 2277 4398 2266 
3776 3989 3990 3988 
3777 4525 4973 4972 
3778 539 5681 594 
3779 4258 4381 4347 
3780 4497 4777 4388 
3781 517 4113 484 
3782 6623 6638 5345 
3783 5434 6773 4726 
3784 3893 6589 6107 
3785 5254 6326 5065 
3786 1694 4407 1727 
3787 4298 6690 5938 
3788 3179 3885 3168 
3789 1177 5658 1166 
3790 2409 4070 2398 
3791 4139 4157 4140 
3792 4972 6018 4381 
3793 4030 4033 4031 
3794 4142 4206 4144 
3795 5747 5748 5744 
3796 3991 3992 3990 
3797 814 4406 539 
3798 5749 5750 5748 
3799 4237 4743 4236 
3800 4262 4444 4435 
3801 3542 5647 1958 
3802 4046 4047 4045 
3803 4621 4872 4697 
3804 4852 4976 4851 
3805 6045 6543 6075 
3806 4159 4216 4160 
3807 4157 4218 4181 
3808 4161 4208 4141 
3809 5698 6398 4954 
3810 4108 4135 4130 
3811 4354 4434 4343 
3812 4151 4211 4128 
3813 4382 4525 4381 
3814 5798 5801 5800 
3815 5080 5082 5081 
3816 3978 5286 2706 
3817 5801 5803 5802 
3818 572 5684 814 
3819 4276 4379 4378 
3820 4383 4626 4504 
3821 5252 5253 5065 
3822 1221 5604 1210 
3823 4135 4161 4141 
3824 4218 4383 4277 
3825 3762 4085 3751 
3826 4667 4668 4657 
3827 4516 4517 4417 
3828 5283 5314 5205 
3829 4331 4332 4330 
3830 2101 4084 2090 
3831 4120 5976 4710 
3832 4373 5618 4448 
3833 4090 4121 4120 
3834 2772 4083 2761 
3835 748 5676 726 
3836 5871 6539 5879 
3837 3355 4374 3344 
3838 3970 5627 2640 
3839 4842 5942 5061 
3840 4274 5929 4353 
3841 3991 4101 3996 
3842 4841 5942 4842 
3843 4748 6617 6302 
3844 4754 5245 4902 
3845 484 5716 748 
3846 4423 6254 4147 
3847 6218 6432 5306 
3848 4017 4032 4019 
3849 4819 6228 5994 
3850 5610 5611 5609 
3851 5317 6837 5444 
3852 5803 5805 5804 
3853 4434 5982 4343 
3854 4775 5211 4773 
3855 4353 6007 4208 
3856 4033 4090 4053 
3857 5488 6524 5487 
3858 5098 5443 5017 
3859 5493 6393 4755 
3860 5253 5974 5255 
3861 2035 4069 1914 
3862 1100 4132 3553 
3863 4171 4173 4172 
3864 6402 6654 4818 
3865 4014 4391 4015 
3866 4302 5435 4300 
3867 5078 5080 5079 
3868 4834 4951 4950 
3869 5539 5540 5349 
3870 4038 4052 4040 
3871 2013 5822 2002 
3872 1111 5689 1100 
3873 5539 6763 4394 
3874 3983 3985 3984 
3875 6050 6186 4782 
3876 3991 3996 3992 
3877 4635 5923 4634 
3878 4710 6109 5580 
3879 6515 6743 5142 
3880 4103 4142 4104 
3881 6581 6593 4924 
3882 880 4403 869 
3883 2398 5705 2629 
3884 6227 6631 4746 
3885 5211 6418 4773 
3886 4482 5057 4480 
3887 4670 4761 4760 
3888 4755 6224 5554 
3889 4101 6694 5600 
3890 3992 5661 3994 
3891 5179 5181 5180 
3892 5073 6209 5352 
3893 5040 5281 5039 
3894 4194 4261 4192 
3895 4481 6237 5018 
3896 6318 6319 5091 
3897 3903 5969 2596 
3898 6209 6688 6614 
3899 4778 6412 6205 
3900 5462 6578 5144 
3901 1914 5709 1903 
3902 1474 5479 1485 
3903 5565 5951 3908 
3904 4539 6198 4644 
3905 4827 5117 4828 
3906 352 6215 6116 
3907 4728 5661 3996 
3908 4150 4192 4149 
3909 4872 6061 4873 
3910 4333 4334 4332 
3911 4406 5682 5681 
3912 3989 3991 3990 
3913 4092 4522 4010 
3914 4957 5049 4824 
3915 5153 6661 5328 
3916 4173 4175 4174 
3917 5078 6049 5080 
3918 5776 5781 5779 
3919 6017 6731 4423 
3920 4421 4507 4506 
3921 4142 4144 4104 
3922 4384 6521 5533 
3923 4108 4130 4107 
3924 6196 6654 5336 
3925 4925 6774 6740 
3926 3960 5084 3955 
3927 1122 4071 572 
3928 4121 4149 4120 
3929 334 6590 335 
3930 4002 4010 4001 
3931 4699 5953 4936 
3932 5481 6306 5442 
3933 4121 5670 4150 
3934 5703 6299 5129 
3935 4869 4870 4844 
3936 5327 6375 6082 
3937 4059 6618 5954 
3938 5548 6389 3913 
3939 4135 4141 4130 
3940 4433 5456 3946 
3941 4779 4985 4731 
3942 4952 6019 4951 
3943 5580 6108 4036 
3944 4476 4479 4478 
3945 4937 5953 4699 
3946 5271 6291 5567 
3947 4817 5148 4816 
3948 5392 5951 5390 
3949 5592 6514 6506 
3950 1903 4400 649 
3951 3927 6819 5225 
3952 2893 5930 3888 
3953 3997 4054 3999 
3954 5232 5233 5230 
3955 5063 5558 4985 
3956 4818 6480 6402 
3957 3987 3989 3988 
3958 2629 4394 2618 
3959 4707 4731 4706 
3960 4237 5717 4743 
3961 4010 6005 4001 
3962 4107 5644 4058 
3963 338 6596 5 
3964 5 6596 339 
3965 6319 6724 5091 
3966 4050 5954 5668 
3967 4046 4048 4047 
3968 5167 6748 6248 
3969 4392 6118 4957 
3970 4873 5266 5217 
3971 4201 4221 4200 
3972 320 6599 4 
3973 4 6599 321 
3974 356 6601 6 
3975 6 6601 357 
3976 4444 6026 4982 
3977 3965 4543 4210 
3978 5064 6786 4504 
3979 5060 6820 5078 
3980 5291 6635 5675 
3981 3740 6025 3729 
3982 4071 6542 5688 
3983 5571 6601 3923 
3984 3985 3987 3986 
3985 4479 4661 4660 
3986 5267 6751 5201 
3987 4091 6437 5229 
3988 2794 4303 2783 
3989 5454 6385 4991 
3990 5590 6439 5263 
3991 4111 6691 4122 
3992 5514 6558 6303 
3993 4922 6210 5877 
3994 3168 5980 1045 
3995 1034 5946 1023 
3996 4681 4834 4833 
3997 5615 6777 4440 
3998 4090 4120 4053 
3999 4143 5016 4635 
4000 5776 5890 5781 
4001 4767 6281 4633 
4002 4216 4272 4217 
4003 4247 4248 4246 
4004 2992 4598 3872 
4005 5953 6107 4936 
4006 5894 6755 5893 
4007 6265 6266 5637 
4008 4658 4670 4669 
4009 5722 6258 4630 
4010 4309 4312 4311 
4011 4524 6204 4534 
4012 4751 4816 4750 
4013 5872 6417 6087 
4014 4606 4608 4607 
4015 5605 6463 5116 
4016 4439 5712 3949 
4017 6082 6375 4758 
4018 4249 6471 4251 
4019 1045 3919 1034 
4020 5886 5938 5802 
4021 3949 5712 3952 
4022 3278 5958 3890 
4023 4181 6238 4281 
4024 4115 4117 4116 
4025 4383 6011 4627 
4026 4677 5922 4528 
4027 1419 5926 1408 
4028 4634 5923 4781 
4029 4224 5624 4205 
4030 4848 5975 4753 
4031 4099 5646 4106 
4032 5935 6444 3904 
4033 6467 6523 5848 
4034 4705 4706 4668 
4035 5357 6744 5344 
4036 5922 6223 4843 
4037 5324 5975 4851 
4038 5556 6391 4963 
4039 4222 4279 4221 
4040 3201 3887 3476 
4041 6127 6821 5918 
4042 4175 4177 4176 
4043 4057 6396 5507 
4044 6363 6653 5293 
4045 5450 6000 5999 
4046 4827 5203 5117 
4047 4834 4950 4833 
4048 5086 5087 4934 
4049 5863 6532 5833 
4050 3918 6039 3047 
4051 5133 6634 5510 
4052 4991 6385 5462 
4053 4551 5922 4843 
4054 4439 5713 5712 
4055 4988 5942 4841 
4056 5998 6512 5452 
4057 374 6611 3 
4058 3 6611 303 
4059 6182 6183 5823 
4060 6481 6533 5012 
4061 5106 5257 4919 
4062 5202 6160 5618 
4063 4971 6757 5605 
4064 4749 4750 4542 
4065 3465 6048 3454 
4066 6186 6554 5143 
4067 4948 5691 4838 
4068 4572 4573 4571 
4069 2497 6001 1221 
4070 5578 6579 4530 
4071 5295 6352 4682 
4072 4182 5470 5469 
4073 5568 6386 5214 
4074 5869 6517 5762 
4075 4133 5659 4123 
4076 4978 6223 5922 
4077 4855 5258 4856 
4078 4904 6730 5559 
4079 5582 5700 4836 
4080 3933 6132 3935 
4081 352 6116 353 
4082 4135 5630 4161 
4083 4103 4104 4102 
4084 4819 5993 4130 
4085 5439 6843 5519 
4086 5833 6532 5910 
4087 5161 6427 5509 
4088 5994 6228 5436 
4089 3981 3983 3982 
4090 5805 5807 5806 
4091 5436 6228 5053 
4092 5626 6764 4967 
4093 5487 6524 5524 
4094 5792 5794 5793 
4095 4247 4249 4248 
4096 4014 4392 4391 
4097 4272 4402 4273 
4098 5102 6008 4983 
4099 5275 6867 5353 
4100 4139 6020 5677 
4101 5232 6151 5562 
4102 4428 5929 4274 
4103 4679 4681 4680 
4104 2530 4426 2519 
4105 3985 4238 3987 
4106 4620 4815 4518 
4107 4528 5922 4551 
4108 6327 6851 4566 
4109 5469 6536 5468 
4110 4404 6027 4142 
4111 4704 5100 4998 
4112 4206 6667 6648 
4113 4636 6064 4184 
4114 4284 4285 4280 
4115 6032 6619 4419 
4116 5443 6852 367 
4117 5217 5534 5059 
4118 4786 6220 4623 
4119 5181 6413 5180 
4120 4070 5706 5705 
4121 4430 4518 4429 
4122 6372 6502 5172 
4123 5744 6627 6510 
4124 5527 5953 4937 
4125 5417 6742 5414 
4126 4973 6034 4994 
4127 4873 5059 4697 
4128 4101 4103 4102 
4129 5139 6507 5505 
4130 4724 6026 4416 
4131 4564 4744 4565 
4132 6054 6811 6401 
4133 6391 6704 5603 
4134 5491 6393 5493 
4135 4723 5268 4674 
4136 5856 6572 6073 
4137 2585 5969 3918 
4138 4042 4493 4044 
4139 5786 5902 5901 
4140 5687 6749 6606 
4141 5118 6156 5315 
4142 4978 5922 4677 
4143 4347 6018 4425 
4144 4802 5996 4920 
4145 360 6150 361 
4146 6286 6494 5501 
4147 5982 6188 4335 
4148 5397 5951 5392 
4149 4930 4931 4806 
4150 5794 5880 5795 
4151 5403 6832 6684 
4152 4985 6268 4731 
4153 3965 4210 3963 
4154 4902 6449 5455 
4155 5638 6757 4971 
4156 6329 6384 307 
4157 5083 5235 5081 
4158 4540 4620 4518 
4159 4025 4029 4027 
4160 4384 6270 6029 
4161 5368 6066 5043 
4162 4065 6020 4094 
4163 4959 6189 5242 
4164 6107 6589 5098 
4165 5809 5811 5810 
4166 4824 4827 4629 
4167 5018 5019 4756 
4168 5071 6792 5989 
4169 4695 4696 4086 
4170 5729 6682 5875 
4171 3968 6232 3971 
4172 5962 6591 3915 
4173 4323 4325 4324 
4174 4142 6027 4206 
4175 4621 6054 4872 
4176 3971 6232 4159 
4177 5276 6534 5275 
4178 5017 6012 4698 
4179 4388 6032 4386 
4180 3996 5661 3992 
4181 4873 6061 5266 
4182 4681 4833 4680 
4183 4361 5711 5710 
4184 4030 6038 4033 
4185 4180 6347 5579 
4186 5516 6374 4906 
4187 4946 6470 5870 
4188 5733 6227 5911 
4189 4416 6026 4262 
4190 6047 6482 6316 
4191 5020 5178 5019 
4192 5807 5809 5808 
4193 4337 6558 5514 
4194 4855 4856 4712 
4195 2904 4278 1419 
4196 4000 6332 3998 
4197 4296 6526 6031 
4198 4337 6771 4344 
4199 4851 5975 4848 
4200 4721 6006 4496 
4201 5440 6306 5366 
4202 5978 6240 5415 
4203 4548 4550 4546 
4204 5914 6126 5860 
4205 6232 6363 5023 
4206 5918 6821 5917 
4207 4702 6008 4804 
4208 3898 6460 333 
4209 4177 4179 4178 
4210 5781 5783 5782 
4211 4048 5954 4050 
4212 4392 4629 4391 
4213 4472 4473 4471 
4214 4994 6033 4975 
4215 5497 6762 4132 
4216 6278 6324 5216 
4217 4514 6011 4218 
4218 6012 6322 5252 
4219 4502 6344 4385 
4220 5421 6293 5165 
4221 4392 4824 4629 
4222 4981 6718 4979 
4223 6006 6304 4724 
4224 4101 4102 3996 
4225 5017 6322 6012 
4226 5539 5706 5540 
4227 6022 6652 5208 
4228 4737 6169 5582 
4229 370 6594 5985 
4230 4761 4868 4760 
4231 4781 5923 4925 
4232 6195 6196 5336 
4233 4724 6304 6166 
4234 4709 6823 6412 
4235 4381 6018 4347 
4236 5082 5083 5081 
4237 4920 6003 5424 
4238 4864 5606 5418 
4239 4073 4158 4075 
4240 4804 5996 4802 
4241 3916 6444 5935 
4242 4440 6487 5616 
4243 4517 6096 4417 
4244 4621 4697 4620 
4245 5944 6269 5141 
4246 5811 5813 5812 
4247 5904 5907 5852 
4248 4543 4545 4544 
4249 5977 6834 5979 
4250 5179 5180 5178 
4251 5560 5708 5249 
4252 5739 6442 5741 
4253 4516 4729 4673 
4254 4701 6008 4702 
4255 5249 6750 5248 
4256 4544 4823 4210 
4257 968 6058 2475 
4258 5035 6093 5607 
4259 5787 5790 5788 
4260 3988 6505 3986 
4261 5257 6030 4919 
4262 6076 6090 4618 
4263 5479 5481 5442 
4264 4814 6012 5252 
4265 6061 6505 5266 
4266 4021 4527 4023 
4267 4344 4429 4354 
4268 4800 6560 5528 
4269 4434 5983 5982 
4270 5168 6248 5171 
4271 5875 6085 5948 
4272 5037 5192 5026 
4273 4106 5646 4115 
4274 4609 5033 4908 
4275 2695 4296 2684 
4276 4107 5993 5644 
4277 5785 5787 5786 
4278 2112 6491 5920 
4279 5644 6020 4065 
4280 5576 6666 5398 
4281 5225 6819 5588 
4282 3961 5631 1672 
4283 4240 5717 4237 
4284 4496 6006 4724 
4285 4337 4344 4343 
4286 4717 6034 4526 
4287 4064 6413 5563 
4288 4822 6493 4683 
4289 5975 6348 5021 
4290 4957 6205 5049 
4291 2508 4126 2497 
4292 5571 6410 358 
4293 5507 6396 5313 
4294 5337 6479 5048 
4295 4868 5054 4760 
4296 4812 5143 4896 
4297 4961 6046 4962 
4298 4526 6034 4525 
4299 5477 6653 4427 
4300 4698 6012 4626 
4301 4314 4339 4312 
4302 4336 6251 5984 
4303 4592 6576 6074 
4304 4288 6798 6539 
4305 5476 6566 4062 
4306 4187 4832 4185 
4307 4225 6029 4414 
4308 3896 6350 363 
4309 5783 5785 5784 
4310 5635 5988 5637 
4311 2607 6298 3903 
4312 4441 6487 4440 
4313 6023 6450 304 
4314 3036 6039 3884 
4315 4925 6740 5601 
4316 4744 4918 4745 
4317 4149 5976 4120 
4318 5148 6114 4816 
4319 5517 6640 5055 
4320 4623 6220 4446 
4321 4983 6008 4701 
4322 3956 5635 5634 
4323 4549 4679 4678 
4324 4334 4337 4335 
4325 5739 5740 5738 
4326 4435 6060 4213 
4327 3956 5633 2574 
4328 5060 5077 5003 
4329 4729 5039 4938 
4330 2882 6314 2871 
4331 5813 5815 5814 
4332 5178 5467 5019 
4333 5995 6052 4639 
4334 4936 6107 5098 
4335 4626 6012 4814 
4336 4321 6862 4323 
4337 5559 6545 4903 
4338 4425 6018 4675 
4339 4059 5954 4048 
4340 6331 6734 5522 
4341 4516 4673 4517 
4342 4342 4631 4630 
4343 5634 5636 5633 
4344 4154 6254 4165 
4345 4707 5141 4779 
4346 5601 6809 5304 
4347 5338 5339 3970 
4348 5338 5340 5339 
4349 5741 5742 5740 
4350 3377 6128 6127 
4351 4262 6026 4444 
4352 5724 6699 5722 
4353 5691 6280 4838 
4354 3003 6110 2992 
4355 3608 5631 4399 
4356 4402 4516 4417 
4357 1584 5593 1595 
4358 5983 6492 5494 
4359 333 6460 334 
4360 4218 6011 4383 
4361 6166 6304 5465 
4362 4384 6029 4225 
4363 5580 6109 6108 
4364 4872 4873 4697 
4365 5193 5205 5194 
4366 5057 6264 4480 
4367 4982 6166 4984 
4368 4008 6118 4014 
4369 3905 6386 5568 
4370 4094 6020 4139 
4371 1683 5675 3961 
4372 5815 5817 5816 
4373 4965 4989 4891 
4374 5838 6585 6042 
4375 3886 6591 5962 
4376 4156 6604 4089 
4377 4975 6033 5506 
4378 4386 6032 4419 
4379 6176 6844 5888 
4380 5224 6730 6037 
4381 5687 6606 4339 
4382 3212 6097 3201 
4383 5522 6734 4992 
4384 4576 4580 4574 
4385 4272 4515 4402 
4386 3872 5955 3861 
4387 4927 6769 5346 
4388 6160 6751 5267 
4389 5036 6513 5215 
4390 1716 4212 1705 
4391 3952 5712 3979 
4392 4013 6396 4057 
4393 4545 4547 4546 
4394 4355 5475 4066 
4395 5593 5596 4559 
4396 4679 4680 4678 
4397 4130 5993 4107 
4398 6054 6401 4872 
4399 4902 5333 4901 
4400 4929 6299 5703 
4401 4704 4997 4523 
4402 5083 5236 5235 
4403 4391 6100 4015 
4404 4953 4977 4651 
4405 4754 4901 4352 
4406 4409 4722 4674 
4407 5495 6434 6060 
4408 5763 5768 5765 
4409 5649 5650 5648 
4410 2530 5627 4426 
4411 3942 6021 3940 
4412 4777 6032 4388 
4413 5072 6368 5258 
4414 5080 5081 5079 
4415 4875 6391 5603 
4416 4124 5617 3157 
4417 4930 6424 4931 
4418 351 6215 352 
4419 3124 4310 3113 
4420 2519 6014 2508 
4421 6184 6499 6182 
4422 4334 4335 4332 
4423 6015 6327 4566 
4424 5465 6825 3896 
4425 5144 6578 5638 
4426 4839 5112 4948 
4427 3940 6021 4455 
4428 4873 5217 5059 
4429 5633 5667 2563 
4430 6082 6675 5327 
4431 1023 6101 2948 
4432 5764 6670 5889 
4433 4522 6005 4010 
4434 3399 6296 3388 
4435 6073 6074 5919 
4436 4351 4352 4349 
4437 4779 5063 4985 
4438 4685 6187 4782 
4439 3954 5656 605 
4440 5538 6238 5537 
4441 4389 6244 4498 
4442 4525 6034 4973 
4443 5043 6657 5368 
4444 4743 4839 4838 
4445 4134 5642 1947 
4446 5530 6142 5128 
4447 1331 6102 2695 
4448 5426 6024 5646 
4449 5286 6111 561 
4450 528 5656 4397 
4451 4033 6038 4090 
4452 4633 6281 4505 
4453 4974 6170 4972 
4454 5143 6315 6186 
4455 4498 6475 5441 
4456 4547 4549 4548 
4457 5349 6587 5329 
4458 4503 6361 5708 
4459 2475 4408 660 
4460 4918 5106 4919 
4461 3957 5648 1749 
4462 5375 6832 5474 
4463 5588 6819 4865 
4464 2024 6067 2013 
4465 4233 5701 4232 
4466 5817 5820 5818 
4467 4147 6254 4154 
4468 2860 4306 2849 
4469 5341 5628 5627 
4470 6146 6576 6145 
4471 4707 4779 4731 
4472 4998 5246 4997 
4473 5358 6749 5687 
4474 6092 6421 4183 
4475 5382 6697 5400 
4476 3267 6356 1881 
4477 1639 4341 1650 
4478 5277 6716 5276 
4479 6307 6431 5655 
4480 3685 5657 3957 
4481 5617 5645 3146 
4482 4543 4544 4210 
4483 6189 6706 5146 
4484 5760 6276 6120 
4485 4323 4324 4322 
4486 4672 4754 4352 
4487 4863 5906 4862 
4488 3976 4619 3974 
4489 5174 6266 6265 
4490 5010 6715 5575 
4491 1925 6112 3956 
4492 5996 6003 4920 
4493 6439 6835 5263 
4494 4260 6659 6396 
4495 4397 5639 3234 
4496 6007 6228 4819 
4497 5515 6207 5092 
4498 2948 3889 2937 
4499 4429 4431 4354 
4500 4231 4233 4232 
4501 3981 4665 3983 
4502 5118 6244 6156 
4503 1881 6356 3915 
4504 5642 6112 1936 
4505 6220 6478 4372 
4506 4229 4231 4230 
4507 4344 4354 4343 
4508 5707 6801 5540 
4509 3113 6045 3102 
4510 4190 5659 4133 
4511 6099 6109 5120 
4512 6539 6798 5879 
4513 5501 6494 5625 
4514 3069 4597 3058 
4515 4192 6373 4193 
4516 5607 6466 6211 
4517 4346 4542 4541 
4518 4309 4311 4305 
4519 332 6864 3898 
4520 4009 6504 4000 
4521 5820 5824 5821 
4522 5230 6057 5228 
4523 990 5663 4114 
4524 5078 5079 5077 
4525 4337 4343 4335 
4526 4399 5686 3597 
4527 5475 6365 5476 
4528 5393 6666 5576 
4529 4114 5673 1012 
4530 1529 5614 1540 
4531 3476 5986 3465 
4532 4393 5657 3696 
4533 2332 5645 4125 
4534 5737 6501 5936 
4535 4244 5717 4240 
4536 4964 6559 4764 
4537 5507 6173 4068 
4538 4788 4996 4786 
4539 4125 5666 2321 
4540 2453 5067 1782 
4541 5648 5662 1738 
4542 4069 5943 5709 
4543 5087 6566 5476 
4544 5325 6792 4833 
4545 2354 6540 4845 
4546 4385 6344 4350 
4547 5089 6246 5715 
4548 5386 6270 5388 
4549 4705 4707 4706 
4550 3935 6132 4143 
4551 6199 6202 6201 
4552 4729 4938 4673 
4553 5745 6717 5972 
4554 1243 5669 3954 
4555 4395 5675 3707 
4556 4328 4336 4325 
4557 4651 6187 4652 
4558 6150 6745 361 
4559 4812 4846 4693 
4560 4422 6369 4377 
4561 4132 6762 5678 
4562 4450 4640 4452 
4563 4001 6021 3942 
4564 1001 5673 4413 
4565 6386 6658 5942 
4566 4213 6060 4151 
4567 3951 5704 3300 
4568 4670 4760 4669 
4569 5131 6780 5566 
4570 4196 6321 4194 
4571 5316 6240 5585 
4572 4232 5701 4276 
4573 6240 6561 5413 
4574 4513 6224 4755 
4575 1210 5604 4124 
4576 407 4591 1353 
4577 2684 6031 2673 
4578 3947 6439 4439 
4579 5770 5772 5771 
4580 4581 4582 4580 
4581 5772 5775 5773 
4582 4523 6204 4524 
4583 4792 5264 4790 
4584 4545 4546 4544 
4585 4006 4184 4183 
4586 1232 5683 3951 
4587 3718 5666 4395 
4588 1958 5647 4134 
4589 4062 5498 4056 
4590 2937 6084 2926 
4591 6229 6813 4966 
4592 2552 5667 4390 
4593 4290 4371 4286 
4594 4549 4678 4548 
4595 1397 5912 1386 
4596 6002 6190 4493 
4597 4413 5680 770 
4598 4404 6740 6027 
4599 5639 5695 495 
4600 4211 6077 4128 
4601 5268 6305 4674 
4602 4704 6263 5100 
4603 5117 6244 5118 
4604 5706 5707 5540 
4605 6614 6679 6209 
4606 5008 5094 5093 
4607 5616 6487 4477 
4608 1166 5658 4393 
4609 4396 5663 462 
4610 4483 4825 4485 
4611 4390 5664 2541 
4612 5324 6348 5975 
4613 6470 6816 4944 
4614 4268 5624 4224 
4615 4658 4667 4657 
4616 5775 5890 5776 
4617 5636 5667 5633 
4618 6219 6868 4616 
4619 4036 6108 4038 
4620 2233 6035 3124 
4621 4379 5966 4378 
4622 4510 6423 4356 
4623 4159 5023 4216 
4624 4538 6198 4539 
4625 5768 5770 5769 
4626 5126 6016 5124 
4627 4754 4902 4901 
4628 3102 6075 1320 
4629 5044 6869 6567 
4630 4755 6692 5493 
4631 5368 6657 5045 
4632 4481 4756 4482 
4633 4743 4838 4236 
4634 4378 5966 4421 
4635 4415 5683 979 
4636 5022 6357 4752 
4637 3994 6095 3997 
4638 759 5680 4415 
4639 5618 6761 5202 
4640 3542 5678 5647 
4641 3223 3920 3212 
4642 1353 6065 1342 
4643 4401 5694 506 
4644 5339 5341 3970 
4645 1177 5685 5658 
4646 4398 5674 2266 
4647 5112 5113 4948 
4648 2101 5686 4084 
4649 6094 6572 5845 
4650 4547 4548 4546 
4651 3025 6390 3014 
4652 5697 6357 5022 
4653 4710 6525 6109 
4654 4015 6100 4017 
4655 4151 6060 4211 
4656 2772 5674 4083 
4657 4813 4903 4794 
4658 4644 6198 4648 
4659 1859 6591 3886 
4660 2277 5679 4398 
4661 2849 6056 2838 
4662 3355 5662 4374 
4663 5411 6774 5410 
4664 4474 4475 4473 
4665 4128 6077 4092 
4666 4165 5025 4167 
4667 1078 4590 1067 
4668 5567 6291 5058 
4669 5519 6843 5939 
4670 5096 6281 4767 
4671 2409 5664 4070 
4672 4933 6141 5085 
4673 4487 4840 4489 
4674 4740 4869 4844 
4675 1089 6072 1078 
4676 4405 5669 440 
4677 4085 5685 3751 
4678 4084 5679 2090 
4679 3421 6133 2860 
4680 5672 5689 1111 
4681 5855 5858 5854 
4682 4132 5678 3553 
4683 6199 6292 6202 
4684 4374 5672 3344 
4685 4667 4705 4668 
4686 6539 6540 4288 
4687 4443 6224 4513 
4688 4859 4860 4858 
4689 4896 4995 4846 
4690 3080 6131 3069 
4691 5033 6645 6030 
4692 3990 6249 3988 
4693 4017 6100 4032 
4694 2134 4586 2123 
4695 3619 6059 2134 
4696 4243 5651 2915 
4697 2805 6105 1089 
4698 1067 6094 429 
4699 2816 4592 2805 
4700 4083 5693 2761 
4701 5111 6277 5209 
4702 4961 4962 4739 
4703 4491 4704 4523 
4704 5661 6095 3994 
4705 1815 4588 1804 
4706 418 6125 407 
4707 4454 6412 4778 
4708 4006 4183 4004 
4709 4963 6391 4877 
4710 6488 6642 5957 
4711 858 5694 4112 
4712 4217 6839 4160 
4713 3014 5757 3003 
4714 1694 5704 4407 
4715 3762 5699 4085 
4716 2717 6351 3978 
4717 3630 6106 3619 
4718 6268 6549 4820 
4719 4839 4948 4838 
4720 4291 6192 6191 
4721 5487 6696 5491 
4722 5759 6641 5956 
4723 4750 4801 4542 
4724 4845 6540 6538 
4725 4675 6224 4443 
4726 4252 4639 4250 
4727 5216 6767 6278 
4728 726 5676 4401 
4729 2673 6087 3641 
4730 6434 6780 5353 
4731 517 5695 4113 
4732 4760 6080 4669 
4733 1705 6351 2717 
4734 4843 6223 5036 
4735 2750 4596 2739 
4736 4534 6204 4730 
4737 336 6308 337 
4738 1342 5780 1331 
4739 594 5681 4405 
4740 6005 6021 4001 
4741 2079 6104 2068 
4742 5055 6640 6243 
4743 3322 6117 3311 
4744 5710 5711 5013 
4745 4737 5582 4520 
4746 880 5693 4403 
4747 5125 6649 5463 
4748 5287 5288 5286 
4749 4403 5699 869 
4750 4409 4674 4366 
4751 4279 4481 4480 
4752 4243 6025 5653 
4753 3909 6329 306 
4754 1804 6103 1793 
4755 5070 5295 4708 
4756 4406 5681 539 
4757 4988 6386 5942 
4758 5665 6584 6267 
4759 4996 6220 4786 
4760 4346 4541 4299 
4761 5347 6667 5348 
4762 4032 6713 5584 
4763 1386 6053 2365 
4764 660 6163 836 
4765 3311 6062 1815 
4766 1100 5689 4132 
4767 4113 5716 484 
4768 1496 4500 1507 
4769 2827 6145 2816 
4770 4279 4480 4221 
4771 4248 4254 4246 
4772 3058 6078 3443 
4773 814 5684 4406 
4774 3586 6088 3575 
4775 5188 6597 6201 
4776 5498 6566 5499 
4777 5114 6245 5112 
4778 6126 6564 5878 
4779 4186 4200 4187 
4780 6267 6584 5636 
4781 6261 6448 5259 
4782 3641 5777 3630 
4783 6140 6141 4933 
4784 5089 5715 5282 
4785 4277 6238 4181 
4786 4715 6357 4717 
4787 4827 6098 5203 
4788 4169 4432 4171 
4789 4280 6237 4279 
4790 4534 4730 4536 
4791 5266 6249 5217 
4792 5307 6622 6129 
4793 4658 4669 4667 
4794 4117 4737 4520 
4795 1320 4618 1309 
4796 3454 6048 3917 
4797 4070 5705 2398 
4798 429 5845 418 
4799 6127 6705 5606 
4800 4918 5327 5106 
4801 1793 5799 2079 
4802 4463 4477 4461 
4803 4609 6455 5033 
4804 4263 6521 4384 
4805 3888 6314 2882 
4806 4040 6115 4042 
4807 3997 6095 4054 
4808 5009 6380 5010 
4809 4092 6077 4522 
4810 5021 6348 5273 
4811 3828 6138 3817 
4812 3989 6694 3991 
4813 5219 6344 4502 
4814 342 6325 343 
4815 2002 6181 2167 
4816 4756 4757 4482 
4817 5991 6206 5439 
4818 6070 6602 5837 
4819 2739 6119 2728 
4820 4440 6777 4410 
4821 6098 6490 5203 
4822 4038 6108 4052 
4823 5393 6702 5714 
4824 5398 6666 5387 
4825 4276 5701 4379 
4826 4249 4251 4250 
4827 2728 5761 3080 
4828 748 5716 5676 
4829 3432 5767 3421 
4830 4731 6268 4820 
4831 4722 4723 4674 
4832 5556 6704 6391 
4833 4320 4326 4318 
4834 3531 6162 3520 
4835 5510 6634 5169 
4836 5875 6789 5727 
4837 2838 5766 2827 
4838 1265 6157 1254 
4839 3190 5720 3179 
4840 1452 6399 1463 
4841 4977 6187 4651 
4842 5763 5897 5768 
4843 3575 5843 3564 
4844 5039 6217 4938 
4845 5711 6858 5013 
4846 3850 6155 2750 
4847 3944 6439 3947 
4848 4414 6570 4198 
4849 3861 5862 3850 
4850 5635 5637 5634 
4851 4704 4998 4997 
4852 6234 6663 5264 
4853 4644 4648 4646 
4854 4316 6168 4314 
4855 4685 4782 4687 
4856 4071 5684 572 
4857 3999 6144 4008 
4858 5708 6044 5249 
4859 3443 6136 3432 
4860 1364 5830 1397 
4861 1298 4617 3586 
4862 5989 6792 5325 
4863 4583 4599 4582 
4864 3333 5789 3322 
4865 4251 4253 4252 
4866 3890 6356 3267 
4867 4649 4953 4651 
4868 6121 6641 5759 
4869 4243 5653 5652 
4870 4411 6545 5559 
4871 4776 5015 4774 
4872 4144 6347 4180 
4873 4069 5709 1914 
4874 4830 4867 4810 
4875 4200 4202 4187 
4876 6211 6466 4799 
4877 5824 5826 5825 
4878 2376 6337 847 
4879 6049 6857 4158 
4880 5885 6812 5729 
4881 6518 6738 4605 
4882 3956 6112 5635 
4883 4481 4482 4480 
4884 5853 5854 5841 
4885 5873 5980 3885 
4886 5403 6684 3891 
4887 4656 4658 4657 
4888 4046 6190 4059 
4889 4184 4186 4185 
4890 4143 6132 5016 
4891 2244 5867 2233 
4892 6242 6731 6017 
4893 4553 4954 4556 
4894 6168 6295 5608 
4895 6670 6676 6134 
4896 4998 5247 5246 
4897 4471 4503 4469 
4898 4400 5696 649 
4899 6185 6377 4509 
4900 4769 5096 4767 
4901 4906 6514 5592 
4902 5528 6560 5110 
4903 4913 6169 4737 
4904 781 6113 3333 
4905 5012 6838 6271 
4906 4332 6188 4330 
4907 3915 6591 1870 
4908 913 5307 2255 
4909 1980 6147 1969 
4910 4857 6664 6402 
4911 5750 5753 5752 
4912 2255 6129 2244 
4913 4407 5671 1727 
4914 4324 4655 4322 
4915 4354 6180 4434 
4916 4467 4531 4465 
4917 5448 6592 5608 
4918 5024 6284 4963 
4919 4032 6235 4019 
4920 5049 6098 4824 
4921 4159 6232 5023 
4922 5400 6506 5401 
4923 6433 6856 4758 
4924 5976 6525 4710 
4925 6271 6481 5012 
4926 1969 4577 3828 
4927 2629 5705 4394 
4928 5907 6013 5852 
4929 6506 6514 5401 
4930 4812 6315 5143 
4931 1254 6158 803 
4932 4014 6118 4392 
4933 6740 6774 5411 
4934 2431 5832 2420 
4935 2068 6124 2057 
4936 4824 6098 4827 
4937 3729 6025 4243 
4938 5233 6057 5230 
4939 4662 6858 5711 
4940 5650 5662 5648 
4941 5086 5088 5087 
4942 4358 4510 4356 
4943 3885 5980 3168 
4944 5760 6339 6276 
4945 1903 5709 4400 
4946 6648 6667 5347 
4947 5513 6858 4662 
4948 4054 6144 3999 
4949 4593 4600 4585 
4950 4656 4657 4655 
4951 5481 5641 5366 
4952 4612 6455 4608 
4953 693 6174 935 
4954 4077 6426 6207 
4955 368 6589 3893 
4956 3956 5634 5633 
4957 792 6178 781 
4958 4052 6115 4040 
4959 836 4458 583 
4960 5653 5655 5654 
4961 4691 4812 4693 
4962 4175 4226 4177 
4963 2046 6341 2035 
4964 6564 6636 5878 
4965 5256 6825 6304 
4966 4507 4509 4508 
4967 5165 6293 6252 
4968 5878 6184 5835 
4969 5053 6547 5285 
4970 5544 6571 3922 
4971 4719 6629 5472 
4972 4755 6393 4735 
4973 2926 6177 3223 
4974 4476 4478 4475 
4975 3963 6171 3960 
4976 2981 6444 2970 
4977 4134 5643 5642 
4978 4997 6204 4523 
4979 5071 6149 5925 
4980 5582 6169 5032 
4981 4288 6540 2354 
4982 1276 4587 1265 
4983 4817 6770 5148 
4984 3957 5649 5648 
4985 3891 6702 5461 
4986 5562 6332 5233 
4987 4285 6237 4280 
4988 5731 5732 5730 
4989 3520 6167 3509 
4990 4953 5949 4977 
4991 5788 6013 5903 
4992 5316 6561 6240 
4993 1991 6148 1980 
4994 4619 6421 6092 
4995 5733 5734 5732 
4996 4042 6115 4493 
4997 5136 6551 5628 
4998 5232 6152 6151 
4999 5185 5995 4639 
5000 6061 6401 6217 
5001 6323 6868 4575 
5002 6523 6662 5848 
5003 4512 5219 4502 
5004 5464 5999 5367 
5005 4419 6521 4369 
5006 5416 6834 5977 
5007 1221 6001 5604 
5008 5924 6250 4550 
5009 924 6139 913 
5010 3388 6296 3904 
5011 2178 5839 2024 
5012 4550 6250 4546 
5013 4999 6362 5941 
5014 550 4282 3740 
5015 6004 6330 5490 
5016 1408 5926 5338 
5017 5627 5628 4426 
5018 3564 6179 2200 
5019 5532 6704 3894 
5020 4233 5702 5701 
5021 4184 6064 4186 
5022 3817 6193 3806 
5023 4390 5665 5664 
5024 5990 6673 5844 
5025 5526 6368 5072 
5026 4194 6321 4261 
5027 4243 5652 5651 
5028 4271 4356 4253 
5029 5176 6549 6268 
5030 6124 6690 4298 
5031 4475 4641 4473 
5032 6287 6503 4832 
5033 2442 6154 2431 
5034 4068 6173 4073 
5035 6374 6514 4906 
5036 4165 6254 5025 
5037 5914 6309 5831 
5038 3509 4579 1991 
5039 4929 5719 4909 
5040 5511 6531 5703 
5041 5463 6465 5126 
5042 5091 6473 6318 
5043 4914 5003 5002 
5044 2970 6444 3916 
5045 5165 6626 5164 
5046 4431 6383 6152 
5047 4023 6203 4025 
5048 358 6410 359 
5049 4865 6819 3929 
5050 5443 6322 5017 
5051 4434 6492 5983 
5052 4580 6336 4574 
5053 4660 4780 4478 
5054 4044 6190 4046 
5055 4812 4896 4846 
5056 2057 4298 3531 
5057 5086 5089 5088 
5058 5089 5282 5090 
5059 6172 6727 5855 
5060 2189 6191 2178 
5061 6379 6848 5363 
5062 5657 6623 5346 
5063 6027 6740 5411 
5064 5295 6459 4708 
5065 5065 6326 5064 
5066 5432 6353 5433 
5067 935 5308 924 
5068 5690 6364 5099 
5069 5385 6666 5393 
5070 3960 6171 5084 
5071 4361 4362 4359 
5072 5330 6465 5943 
5073 4025 6203 4029 
5074 5753 5762 5754 
5075 4479 4660 4478 
5076 6427 6729 5296 
5077 4601 6565 6336 
5078 4815 6383 4518 
5079 4494 6319 6318 
5080 5572 6410 5571 
5081 5214 6386 4988 
5082 5394 6619 5396 
5083 4606 4607 4604 
5084 1463 4234 1474 
5085 803 4297 792 
5086 5589 6407 5550 
5087 4661 4818 4660 
5088 5003 5200 5002 
5089 5979 6737 4029 
5090 1045 5980 3919 
5091 5114 6544 6052 
5092 4608 4609 4607 
5093 5523 6697 5382 
5094 5826 5828 5827 
5095 6156 6244 4389 
5096 5195 6842 4941 
5097 4573 5069 4708 
5098 5994 6422 5993 
5099 5069 5186 5070 
5100 3985 6230 4238 
5101 5604 6837 5317 
5102 1551 4554 1562 
5103 5762 5897 5763 
5104 5054 6080 4760 
5105 583 6212 946 
5106 5032 5700 5582 
5107 6153 6695 5059 
5108 6431 6446 5655 
5109 4569 4682 4567 
5110 3886 6800 3410 
5111 4911 6490 4709 
5112 5844 6673 6137 
5113 4189 6404 4215 
5114 4896 5149 4995 
5115 2420 6216 715 
5116 3920 6177 6086 
5117 4397 5640 5639 
5118 2200 4291 2189 
5119 5644 6422 6020 
5120 4249 4250 4248 
5121 5532 6384 5074 
5122 5907 6392 6013 
5123 4845 6546 2354 
5124 4363 4364 4362 
5125 5949 6726 5950 
5126 704 6175 693 
5127 4019 6235 4021 
5128 847 6337 4396 
5129 4396 6337 5965 
5130 4436 4437 4364 
5131 3806 4578 2442 
5132 4823 6171 4210 
5133 4931 4933 4932 
5134 4196 6570 6321 
5135 5600 6809 5601 
5136 4409 6777 4722 
5137 6069 6181 5822 
5138 5499 6693 4636 
5139 4682 6352 6343 
5140 2904 5651 4278 
5141 6372 6433 4759 
5142 5089 5090 5088 
5143 5676 6164 4401 
5144 4752 6357 4715 
5145 5059 6695 4697 
5146 6075 6543 6076 
5147 5186 5269 5070 
5148 5235 6335 5081 
5149 4877 6391 4875 
5150 4302 6345 5435 
5151 4940 6438 5035 
5152 4740 5107 4869 
5153 4910 6334 5670 
5154 1441 6418 1452 
5155 4421 5966 4507 
5156 4631 5722 4630 
5157 946 4079 682 
5158 4008 6144 6118 
5159 3986 6505 4118 
5160 3910 6758 6150 
5161 6020 6422 5677 
5162 5678 6762 5280 
5163 4071 5941 5684 
5164 4718 4719 4080 
5165 4615 6646 6455 
5166 4379 5967 5966 
5167 4804 6568 5586 
5168 4672 6225 4754 
5169 4595 6297 4593 
5170 6207 6473 5092 
5171 5621 6338 4831 
5172 5074 6384 6329 
5173 5246 6262 4997 
5174 4267 6761 5618 
5175 4289 6457 5068 
5176 5396 6330 6004 
5177 3904 6444 2981 
5178 6248 6748 4797 
5179 3978 5289 5287 
5180 6402 6480 4857 
5181 4516 6288 4729 
5182 4206 6347 4144 
5183 5331 6763 5539 
5184 4314 6168 4339 
5185 4943 6083 5305 
5186 4527 6203 4023 
5187 4980 4981 4979 
5188 6828 6860 5141 
5189 6528 6842 5356 
5190 4695 5940 4696 
5191 5675 6635 3961 
5192 5945 6860 6828 
5193 5592 6506 4883 
5194 4493 6190 4044 
5195 737 6317 1188 
5196 5661 6206 6095 
5197 4941 6842 6528 
5198 5304 6809 5602 
5199 5671 6058 968 
5200 4933 5085 4934 
5201 2035 6341 4069 
5202 4790 6221 4788 
5203 3919 5946 1034 
5204 4573 4708 4571 
5205 5470 6358 5469 
5206 3898 6864 5362 
5207 5227 6652 6022 
5208 6506 6697 4883 
5209 4574 6336 4573 
5210 5881 6523 5880 
5211 4564 4758 4744 
5212 5085 6246 5086 
5213 3884 6390 3025 
5214 4184 4185 4183 
5215 4758 6856 6082 
5216 304 6450 305 
5217 5366 6306 5481 
5218 5107 5191 4869 
5219 4251 4252 4250 
5220 5771 6790 5856 
5221 5554 6692 4755 
5222 5987 6814 5885 
5223 4764 6559 4642 
5224 5954 6806 5668 
5225 4186 4187 4185 
5226 4324 4656 4655 
5227 1485 5442 1496 
5228 4739 4740 4438 
5229 4596 6121 6120 
5230 4279 6237 4481 
5231 6586 6663 4376 
5232 5883 6310 5915 
5233 4931 6140 4933 
5234 4931 4932 4806 
5235 6490 6810 5203 
5236 5985 6658 3905 
5237 5309 6687 5574 
5238 5653 5654 5652 
5239 1309 6508 1298 
5240 3983 6230 3985 
5241 6060 6434 4211 
5242 3941 6835 3944 
5243 4086 6214 4718 
5244 5273 6389 5022 
5245 4221 6264 4200 
5246 4794 6234 4792 
5247 6086 6311 3920 
5248 561 6111 550 
5249 5074 6328 4978 
5250 2871 6314 6298 
5251 4215 6404 4229 
5252 5559 6730 5224 
5253 5377 6832 5375 
5254 5704 6081 4407 
5255 4872 6401 6061 
5256 6046 6247 4307 
5257 5685 6719 5199 
5258 4665 6231 6230 
5259 4728 6206 5661 
5260 5383 6831 5380 
5261 5759 6122 6121 
5262 6304 6825 5465 
5263 4891 6225 4672 
5264 6072 6074 6073 
5265 4914 5002 4913 
5266 4431 6180 4354 
5267 4210 6171 3963 
5268 5696 6542 638 
5269 5961 6440 5851 
5270 5635 6583 5988 
5271 1595 4559 1606 
5272 715 4293 704 
5273 682 6256 627 
5274 4933 4934 4932 
5275 1628 6388 1639 
5276 4335 6188 4332 
5277 4330 6251 4328 
5278 5467 6197 5019 
5279 5019 6197 4756 
5280 3903 6298 5971 
5281 4239 6652 5227 
5282 4949 6811 6054 
5283 4908 4909 4907 
5284 4021 6235 4527 
5285 4609 4907 4607 
5286 5981 6866 4408 
5287 4004 6421 3976 
5288 4261 6373 4192 
5289 5848 6662 6469 
5290 4437 4739 4438 
5291 4735 6393 4912 
5292 5013 6858 4861 
5293 3944 6835 6439 
5294 5116 6736 5261 
5295 4901 6303 4352 
5296 4126 6001 2497 
5297 3903 5971 5970 
5298 5561 6829 5560 
5299 4959 6706 6189 
5300 4680 6792 5071 
5301 5828 5833 5829 
5302 4928 6165 4929 
5303 4229 4799 4231 
5304 4928 4929 4909 
5305 5120 6525 5516 
5306 5069 5070 4708 
5307 4908 4928 4909 
5308 5834 5840 5836 
5309 5110 6560 5108 
5310 4738 4914 4913 
5311 5164 6729 6427 
5312 4538 6199 6198 
5313 6023 6768 5215 
5314 5327 6675 4340 
5315 1716 5352 4212 
5316 5723 5724 5722 
5317 4212 6351 1705 
5318 5184 6159 5940 
5319 4076 6418 1441 
5320 4582 4601 4580 
5321 6237 6685 5018 
5322 5329 6587 5152 
5323 6315 6553 6186 
5324 2992 6110 4598 
5325 4429 6383 4431 
5326 4621 6793 6054 
5327 3978 6351 5289 
5328 5085 5086 4934 
5329 3984 6669 3982 
5330 4334 6558 4337 
5331 5453 6185 5998 
5332 1452 6418 6399 
5333 5607 6211 5034 
5334 5338 5926 5340 
5335 3896 6825 6350 
5336 4073 6173 4158 
5337 5840 6741 5853 
5338 5742 5747 5744 
5339 4200 6264 4202 
5340 4246 6239 4244 
5341 396 5471 4082 
5342 5645 6753 5321 
5343 4598 5955 3872 
5344 4707 6828 5141 
5345 6013 6392 5903 
5346 6109 6525 5120 
5347 3377 5606 4864 
5348 4271 4357 4356 
5349 5400 6697 6506 
5350 4485 6257 4487 
5351 3978 5287 5286 
5352 5756 6732 6406 
5353 5365 5368 5045 
5354 4600 6870 5719 
5355 5401 6514 5525 
5356 4722 6777 5615 
5357 4117 4738 4737 
5358 1122 6542 4071 
5359 4426 6014 2519 
5360 5540 6801 6436 
5361 5193 5194 5192 
5362 339 6596 5928 
5363 6364 6708 5099 
5364 5444 6837 6001 
5365 4598 5957 5956 
5366 5899 6053 5912 
5367 4518 6383 4429 
5368 5313 6659 5237 
5369 5948 6101 5946 
5370 4437 4438 4364 
5371 5791 5792 5790 
5372 4609 4908 4907 
5373 321 6599 5937 
5374 5362 6692 5554 
5375 3987 6681 3989 
5376 4596 6155 6121 
5377 4489 6263 4491 
5378 6336 6565 5069 
5379 5626 6710 4694 
5380 5212 6595 5211 
5381 5984 6734 4336 
5382 5701 5968 4379 
5383 6043 6585 6192 
5384 4030 6737 6038 
5385 6432 6556 5891 
5386 6114 6274 4816 
5387 4542 6320 4541 
5388 5861 6400 5964 
5389 3914 6616 5544 
5390 4187 6287 4832 
5391 5612 6358 4952 
5392 5169 6634 4666 
5393 4278 5926 1419 
5394 4272 6312 4515 
5395 4236 6280 4190 
5396 4821 6647 5028 
5397 5937 6419 5564 
5398 4252 5185 4639 
5399 3773 6135 3190 
5400 627 4456 671 
5401 4598 6110 5957 
5402 5747 5749 5748 
5403 335 6590 3907 
5404 4646 6282 4649 
5405 6072 6105 6074 
5406 6328 6329 3909 
5407 5946 6101 1023 
5408 5997 6711 4951 
5409 5320 6753 5617 
5410 5326 6736 5116 
5411 4544 6250 4823 
5412 4558 4759 4562 
5413 4816 6274 4750 
5414 3979 6279 3981 
5415 5315 6561 5316 
5416 5778 6415 5990 
5417 2145 6537 2794 
5418 4509 6512 6185 
5419 6372 6856 6433 
5420 5014 6327 6015 
5421 4167 6272 4169 
5422 2167 5823 2156 
5423 4639 6435 4250 
5424 6274 6291 4801 
5425 638 6542 1122 
5426 1870 6591 1859 
5427 5688 6542 5696 
5428 6030 6645 4919 
5429 6198 6200 4648 
5430 5524 6696 5487 
5431 5713 6279 5712 
5432 3981 6279 4665 
5433 4344 6771 4430 
5434 5088 6693 5499 
5435 4379 5968 5967 
5436 5653 6307 5655 
5437 6080 6253 4669 
5438 1617 4947 1628 
5439 5038 6447 5595 
5440 4970 6736 5326 
5441 5964 6400 6296 
5442 5056 6242 6017 
5443 1837 6563 6342 
5444 4756 6197 4757 
5445 4294 6387 4290 
5446 1485 5479 5442 
5447 6294 6718 5723 
5448 3201 6097 3887 
5449 4465 6290 4463 
5450 6465 6661 5126 
5451 4325 6331 4324 
5452 5157 6655 5163 
5453 5910 6741 5840 
5454 5986 6048 3465 
5455 4738 4913 4737 
5456 4277 6786 6238 
5457 1540 5483 1551 
5458 5725 6718 4981 
5459 6161 6575 4640 
5460 5141 6269 4779 
5461 5299 6715 5578 
5462 5908 6874 5849 
5463 2508 6014 4126 
5464 4536 6292 4538 
5465 369 6594 370 
5466 5081 6335 5079 
5467 4318 6295 4316 
5468 3179 5720 3885 
5469 4359 4360 4358 
5470 324 6588 325 
5471 4366 6305 4268 
5472 5972 5973 5970 
5473 1507 5613 1518 
5474 4825 6575 6161 
5475 4088 6477 5426 
5476 6516 6529 5351 
5477 4063 6817 5534 
5478 6051 6863 6612 
5479 4820 6549 5448 
5480 3905 6658 6386 
5481 5729 6812 6682 
5482 6007 6547 6228 
5483 6068 6069 5822 
5484 5075 6453 6081 
5485 4673 6811 4949 
5486 5931 5932 3888 
5487 2123 6491 2112 
5488 5940 6159 4696 
5489 4801 6320 4542 
5490 5956 6642 5759 
5491 4665 6230 3983 
5492 4349 6303 4338 
5493 6323 6532 5863 
5494 5113 6349 4948 
5495 5083 6708 5236 
5496 4788 6221 4996 
5497 4515 6288 4402 
5498 6044 6222 5503 
5499 3903 5970 5969 
5500 6199 6201 6200 
5501 4469 6301 4467 
5502 4948 6349 5691 
5503 3924 6596 338 
5504 4989 6225 4891 
5505 4615 6455 4612 
5506 5506 6460 5360 
5507 3894 6704 5556 
5508 4763 6706 4959 
5509 4029 6737 4027 
5510 4546 6250 4544 
5511 4950 6711 5623 
5512 3887 5986 3476 
5513 4336 6331 4325 
5514 3921 6611 374 
5515 5264 6221 4790 
5516 2695 6102 4296 
5517 1606 5545 1617 
5518 2783 6563 1837 
5519 5289 5290 5287 
5520 3922 6599 320 
5521 6469 6662 4946 
5522 5611 6536 4895 
5523 4568 6851 6172 
5524 4810 6285 4769 
5525 1463 6399 4234 
5526 4689 6315 4691 
5527 5117 6475 6244 
5528 5845 6572 6137 
5529 5878 6499 6184 
5530 4322 6289 4320 
5531 1639 6388 4341 
5532 3923 6601 356 
5533 6238 6786 5537 
5534 6501 6624 5758 
5535 5639 6278 5695 
5536 4797 6748 4637 
5537 6343 6352 4961 
5538 2475 6058 4408 
5539 5865 6676 6670 
5540 5086 6246 5089 
5541 5602 6809 5600 
5542 5143 6340 4896 
5543 5526 6776 2211 
5544 6488 6627 5755 
5545 6665 6859 5466 
5546 4774 4775 4773 
5547 4669 6253 4667 
5548 5352 6209 4212 
5549 5687 6346 5004 
5550 4339 6606 4312 
5551 5859 5918 5917 
5552 4328 6251 4336 
5553 6202 6441 5188 
5554 5618 6668 4448 
5555 5100 6376 4998 
5556 4223 6761 4267 
5557 4792 6234 5264 
5558 4216 6312 4272 
5559 4779 6269 5063 
5560 4772 4774 4773 
5561 4394 6763 5541 
5562 4402 6288 4516 
5563 5614 6850 5483 
5564 6547 6739 5285 
5565 4838 6280 4236 
5566 6299 6683 5129 
5567 4815 6695 6153 
5568 5741 6442 6302 
5569 5074 6329 6328 
5570 6512 6609 5967 
5571 4290 6387 4371 
5572 4254 6239 4246 
5573 5077 6229 5003 
5574 6660 6698 5149 
5575 6055 6524 5488 
5576 4406 6362 5682 
5577 6129 6622 6130 
5578 5819 6556 6432 
5579 4480 6264 4221 
5580 6267 6849 5665 
5581 4667 6253 4705 
5582 4978 6328 6223 
5583 5090 6693 5088 
5584 671 6333 1848 
5585 4296 6031 2684 
5586 5318 6808 4772 
5587 6165 6651 4345 
5588 5712 6279 3979 
5589 5830 6309 5914 
5590 4903 6234 4794 
5591 5932 6314 3888 
5592 6086 6177 6084 
5593 6359 6689 5054 
5594 4860 4862 4861 
5595 6027 6667 4206 
5596 5840 5853 5841 
5597 5164 6427 5161 
5598 361 6745 362 
5599 4867 6764 6494 
5600 5905 6476 5906 
5601 6146 6721 5865 
5602 4244 6239 5717 
5603 4965 6677 4989 
5604 4741 6708 6364 
5605 5631 6395 4399 
5606 3976 6421 4619 
5607 6334 6742 4659 
5608 5096 6366 6281 
5609 5406 6544 5114 
5610 5039 6509 6217 
5611 1562 6447 1573 
5612 4583 6283 4599 
5613 4369 6521 4263 
5614 4825 6257 4485 
5615 5959 5960 3890 
5616 4487 6257 4840 
5617 4310 6045 3113 
5618 5801 5848 5803 
5619 5993 6422 5644 
5620 5736 5739 5738 
5621 6199 6200 6198 
5622 3917 6310 5958 
5623 4862 5014 5013 
5624 4491 6263 4704 
5625 1496 5442 4500 
5626 4601 6336 4580 
5627 5750 6451 5753 
5628 4748 6442 5911 
5629 5939 6843 4728 
5630 6217 6401 4938 
5631 4070 6527 5706 
5632 4610 6219 6218 
5633 6247 6765 4307 
5634 6188 6251 4330 
5635 5309 6795 4889 
5636 5930 5931 3888 
5637 6607 6644 5191 
5638 6090 6508 4618 
5639 4840 6263 4489 
5640 6455 6646 5033 
5641 5221 6446 6431 
5642 5282 6414 5090 
5643 5059 6817 6153 
5644 4190 6280 5659 
5645 5245 6449 4902 
5646 5028 6779 5597 
5647 5331 6574 5541 
5648 4202 6287 4187 
5649 4352 6303 4349 
5650 5833 5910 5834 
5651 4171 6313 4173 
5652 4620 6695 4815 
5653 5578 6715 5010 
5654 4234 5479 1474 
5655 5900 6555 5874 
5656 5816 6874 5908 
5657 4461 6487 4441 
5658 5014 6015 5710 
5659 4773 6418 4076 
5660 3124 6035 4310 
5661 6038 6737 5979 
5662 4305 6345 4302 
5663 5707 6527 5665 
5664 3135 6633 2343 
5665 5741 5921 5742 
5666 4282 6025 3740 
5667 4573 6336 5069 
5668 5759 6787 6122 
5669 5880 6467 5798 
5670 5960 6356 3890 
5671 5739 5741 5740 
5672 4614 4615 4612 
5673 5917 6538 5871 
5674 2013 6067 5822 
5675 4316 6295 6168 
5676 4750 6274 4801 
5677 6271 6838 4624 
5678 6054 6793 4949 
5679 5706 6527 5707 
5680 5794 5881 5880 
5681 5025 6272 4167 
5682 5973 6461 5970 
5683 4560 6788 6066 
5684 5254 6723 6326 
5685 4183 6421 4004 
5686 5525 6514 6374 
5687 6042 6585 6043 
5688 4775 5212 5211 
5689 2948 6101 3889 
5690 4674 6305 4366 
5691 5130 6530 5512 
5692 6610 6724 6256 
5693 4169 6272 4432 
5694 4951 6711 4950 
5695 4856 4858 4857 
5696 5787 5791 5790 
5697 5508 6382 4727 
5698 4807 6582 6245 
5699 4617 6508 6090 
5700 5003 6229 5200 
5701 5023 6312 4216 
5702 5745 6273 5933 
5703 1848 4494 737 
5704 6228 6547 5053 
5705 5054 6360 6359 
5706 4862 5906 5014 
5707 5807 5870 5809 
5708 5746 6747 5884 
5709 4113 6408 5716 
5710 5524 6524 4734 
5711 5853 5855 5854 
5712 5063 6495 5558 
5713 4357 4359 4358 
5714 4998 6376 5247 
5715 1573 5038 1584 
5716 5056 6243 6242 
5717 5496 6713 6100 
5718 5757 6110 3003 
5719 5878 6636 6499 
5720 6405 6461 5973 
5721 6040 6041 3884 
5722 1375 6309 1364 
5723 6085 6086 6084 
5724 5965 6337 5599 
5725 6045 6075 3102 
5726 5203 6475 5117 
5727 5478 6855 5302 
5728 4405 6411 5669 
5729 4049 6639 4047 
5730 2464 6546 6457 
5731 5414 6742 5416 
5732 5822 6181 2002 
5733 6039 6040 3884 
5734 4730 6292 4536 
5735 6300 6340 4259 
5736 6142 6647 5127 
5737 4268 6305 5624 
5738 2343 6854 3883 
5739 5642 6583 6112 
5740 6186 6553 4782 
5741 4306 6056 2849 
5742 4918 6375 5327 
5743 4664 6833 4098 
5744 4375 6397 4553 
5745 2860 6133 4306 
5746 5061 6658 5985 
5747 5190 6646 6581 
5748 5928 6596 3924 
5749 5102 6707 6568 
5750 3920 6097 3212 
5751 6406 6510 5756 
5752 4640 6575 4452 
5753 3839 6520 957 
5754 4867 6286 6285 
5755 5780 6102 1331 
5756 4591 6065 1353 
5757 4483 6575 4825 
5758 4696 6214 4086 
5759 5790 6760 5788 
5760 4776 6354 5015 
5761 4648 6282 4646 
5762 5937 6599 3922 
5763 4341 4980 4979 
5764 6130 6622 5866 
5765 4649 6282 4953 
5766 4530 6579 6132 
5767 3069 6131 4597 
5768 3377 6127 5606 
5769 5912 5913 5899 
5770 4463 6290 4477 
5771 3861 5955 5862 
5772 5906 6476 6327 
5773 4593 6297 4600 
5774 407 6125 4591 
5775 5935 5936 5934 
5776 5958 5959 3890 
5777 4357 4358 4356 
5778 4311 6345 4305 
5779 4326 6295 4318 
5780 2794 6537 4303 
5781 5042 6665 5466 
5782 4229 6404 4799 
5783 5811 5891 5813 
5784 4408 6163 660 
5785 6296 6400 3904 
5786 4740 6316 5107 
5787 5054 6689 6080 
5788 5302 6855 4939 
5789 4085 6719 5685 
5790 1188 6426 1144 
5791 5038 5595 5594 
5792 4912 6696 5524 
5793 5791 5847 5792 
5794 6031 6087 2673 
5795 6303 6558 4338 
5796 5534 6817 5059 
5797 5888 6671 6176 
5798 4503 6301 4469 
5799 4538 6292 6199 
5800 825 6562 451 
5801 5640 6278 5639 
5802 5025 6731 6242 
5803 6321 6570 5383 
5804 6401 6811 4938 
5805 6182 6499 6183 
5806 4114 6445 5673 
5807 4436 6343 4437 
5808 5834 5910 5840 
5809 4991 6871 5454 
5810 5947 5948 5946 
5811 4158 6857 4075 
5812 1518 5284 1529 
5813 4531 6290 4465 
5814 4597 6078 3058 
5815 6245 6582 5112 
5816 5684 6362 4406 
5817 5721 5873 3885 
5818 5772 5857 5775 
5819 4275 6698 6660 
5820 4432 6313 4171 
5821 4610 6868 6219 
5822 5819 6678 6552 
5823 4450 6668 4640 
5824 6475 6810 5441 
5825 5815 5819 5817 
5826 6497 6799 5542 
5827 6801 6849 6802 
5828 3889 6084 2937 
5829 4780 6756 4478 
5830 4769 6285 5096 
5831 6243 6640 4432 
5832 4324 6331 4656 
5833 6614 6688 5051 
5834 4173 6498 4175 
5835 5711 6722 4662 
5836 1078 6072 4590 
5837 5820 5850 5824 
5838 4592 6105 2805 
5839 4588 6103 1804 
5840 4509 6377 4508 
5841 2134 6059 4586 
5842 3014 6390 5757 
5843 4691 6315 4812 
5844 5454 6871 5154 
5845 1815 6062 4588 
5846 1320 6075 4618 
5847 3907 6590 6033 
5848 5281 6509 5039 
5849 4477 6487 4461 
5850 4860 4861 4858 
5851 1089 6105 6072 
5852 4467 6301 4531 
5853 4590 6094 1067 
5854 4500 5613 1507 
5855 1342 6065 5780 
5856 5030 6493 4822 
5857 4338 6558 4334 
5858 5830 5914 5913 
5859 6256 6724 4456 
5860 5742 5921 5747 
5861 4303 6563 2783 
5862 5725 6210 5726 
5863 5749 6451 5750 
5864 4414 6831 6570 
5865 4175 6498 4226 
5866 4862 5013 4861 
5867 5656 6486 4397 
5868 3619 6106 6059 
5869 4744 6375 4918 
5870 5351 6518 6516 
5871 4806 6365 4355 
5872 6165 6299 4929 
5873 4923 4924 4747 
5874 4198 6570 4196 
5875 4353 6739 6547 
5876 4320 6289 4326 
5877 5014 5710 5013 
5878 5667 6584 4390 
5879 4856 4857 4712 
5880 5356 6842 6438 
5881 3909 6513 6328 
5882 5873 6420 5947 
5883 5913 6796 5898 
5884 3921 6768 6023 
5885 2816 6145 4592 
5886 4661 6480 4818 
5887 1793 6103 5799 
5888 5753 5869 5762 
5889 4655 6289 4322 
5890 3311 6117 6062 
5891 6332 6504 5233 
5892 5462 6845 4991 
5893 5260 6259 2222 
5894 4775 5453 5212 
5895 5791 6271 5847 
5896 4954 6550 4556 
5897 4990 6474 5555 
5898 5144 6845 5462 
5899 3929 6819 3927 
5900 5867 6035 2233 
5901 3641 6087 5777 
5902 5845 6125 418 
5903 5094 6355 6354 
5904 5453 5998 5464 
5905 4641 6361 4473 
5906 4867 6494 6286 
5907 5741 6302 5921 
5908 5799 6104 2079 
5909 429 6094 5845 
5910 6449 6793 5455 
5911 4870 6701 5715 
5912 5877 6210 5725 
5913 6008 6568 4804 
5914 5332 6554 6050 
5915 5839 6067 2024 
5916 5777 6106 3630 
5917 4867 6285 4810 
5918 5215 6768 5214 
5919 5702 5968 5701 
5920 2838 6056 5766 
5921 5767 6133 3421 
5922 4356 6423 4253 
5923 5971 6273 5972 
5924 5174 6803 6802 
5925 5603 6704 5532 
5926 5276 6656 6534 
5927 5240 6728 5239 
5928 5761 6131 3080 
5929 5078 6820 6049 
5930 3918 6405 6039 
5931 4771 5318 4772 
5932 4473 6361 4471 
5933 4896 6340 5149 
5934 6319 6333 4456 
5935 6259 6260 2222 
5936 5789 6117 3322 
5937 4640 6668 6160 
5938 3991 6694 4101 
5939 1595 5593 4559 
5940 5716 6496 5676 
5941 5646 6548 4115 
5942 5471 5472 5445 
5943 4596 6119 2739 
5944 4355 6365 5475 
5945 2750 6155 4596 
5946 5665 6527 5664 
5947 5028 6647 6142 
5948 4408 6866 6163 
5949 5728 5731 5730 
5950 4541 6630 4299 
5951 3784 6258 3773 
5952 5733 5911 5734 
5953 6016 6794 5124 
5954 6078 6136 3443 
5955 5328 6661 6465 
5956 6150 6758 5101 
5957 5766 6145 2827 
5958 4782 6553 4687 
5959 6458 6538 5917 
5960 4452 6575 4483 
5961 5502 6471 4249 
5962 4962 6316 4739 
5963 6399 6418 5211 
5964 5731 5733 5732 
5965 3575 6088 5843 
5966 5943 6465 5463 
5967 4410 6777 4409 
5968 4512 6484 5219 
5969 5244 6791 5583 
5970 6160 6668 5618 
5971 5860 6796 5914 
5972 4115 6548 4117 
5973 4772 4773 4076 
5974 5828 5863 5833 
5975 5601 6740 4404 
5976 4598 5956 5955 
5977 5719 6870 4909 
5978 5410 6774 5923 
5979 5862 6155 3850 
5980 5287 6430 5288 
5981 4617 6088 3586 
5982 4830 6764 4867 
5983 3410 6800 3399 
5984 4687 6553 4689 
5985 4202 6409 6287 
5986 5353 6780 5131 
5987 3399 6800 6296 
5988 4494 6333 6319 
5989 4928 6600 6165 
5990 3432 6136 5767 
5991 5102 6568 6008 
5992 2728 6119 5761 
5993 6171 6840 5084 
5994 3333 6113 5789 
5995 5239 6507 5139 
5996 6023 6611 3921 
5997 5941 6362 5684 
5998 6104 6124 2068 
5999 5866 6622 5900 
6000 6180 6492 4434 
6001 4253 6423 4252 
6002 6024 6548 5646 
6003 5664 6527 4070 
6004 5387 6666 5385 
6005 4577 6138 3828 
6006 6219 6678 6218 
6007 4739 6316 4740 
6008 5307 6129 2255 
6009 3223 6177 3920 
6010 4471 6361 4503 
6011 5791 6481 6271 
6012 5888 6783 6573 
6013 5276 6716 6656 
6014 6346 6592 5448 
6015 2244 6129 5867 
6016 6084 6177 2926 
6017 1969 6147 4577 
6018 5752 6613 6339 
6019 5416 6742 6334 
6020 5884 6747 6440 
6021 4907 6367 4607 
6022 5192 6051 5026 
6023 836 6163 4458 
6024 4504 6786 4277 
6025 5788 6760 6013 
6026 5480 5481 5479 
6027 5544 6616 6571 
6028 4423 6731 6254 
6029 303 6611 6023 
6030 6041 6390 3884 
6031 6328 6513 6223 
6032 1551 5483 4554 
6033 4653 6782 6608 
6034 5890 6628 6456 
6035 1826 5831 1375 
6036 5606 6500 5418 
6037 5973 6406 6405 
6038 5897 6517 5351 
6039 6157 6158 1254 
6040 4604 6367 4595 
6041 5535 6551 5138 
6042 4595 6367 6297 
6043 5858 6476 5905 
6044 6494 6764 5626 
6045 4509 6609 6512 
6046 4618 6508 1309 
6047 5912 6053 1386 
6048 781 6178 6113 
6049 6244 6475 4498 
6050 4718 6214 4719 
6051 6067 6068 5822 
6052 5574 6795 5309 
6053 5890 6456 5781 
6054 5971 5972 5970 
6055 5885 6797 5882 
6056 6608 6782 6452 
6057 4883 6697 5523 
6058 4353 6547 6007 
6059 6206 6843 5439 
6060 1980 6148 6147 
6061 4587 6157 1265 
6062 6138 6193 3817 
6063 4455 6716 5692 
6064 6621 6665 5546 
6065 6162 6167 3520 
6066 4177 6371 4179 
6067 913 6139 5307 
6068 4271 6722 4357 
6069 5942 6658 5061 
6070 4397 6486 5640 
6071 4212 6679 6351 
6072 6398 6502 4954 
6073 5368 6752 6066 
6074 6689 6860 5945 
6075 4586 6491 2123 
6076 5676 6496 6164 
6077 5843 6179 3564 
6078 1298 6508 4617 
6079 5183 6675 6082 
6080 5998 5999 5464 
6081 4608 6455 4609 
6082 5233 6504 6057 
6083 6068 6070 6069 
6084 4456 6724 6319 
6085 6014 6841 5535 
6086 4946 6489 6469 
6087 5945 6253 6080 
6088 5335 6654 6402 
6089 5069 6565 5186 
6090 5931 5933 5932 
6091 2431 6154 5832 
6092 6213 6869 5044 
6093 4312 6606 4311 
6094 4298 6162 3531 
6095 5149 6340 6300 
6096 4341 6388 5042 
6097 5200 6485 6484 
6098 4571 6459 4569 
6099 6482 6607 5107 
6100 4427 6653 6363 
6101 6231 6733 6230 
6102 4712 6480 4661 
6103 4512 6703 6484 
6104 4299 6630 4294 
6105 6214 6464 4719 
6106 6035 6036 4310 
6107 5191 6701 4869 
6108 4823 6840 6171 
6109 4117 6548 4738 
6110 4248 6435 4254 
6111 4771 4772 4076 
6112 4996 6478 6220 
6113 5967 6609 5966 
6114 4947 6388 1628 
6115 5101 6758 5102 
6116 5282 6720 6414 
6117 2057 6124 4298 
6118 4758 6375 4744 
6119 5594 5596 5593 
6120 4554 6447 1562 
6121 1716 6775 5352 
6122 5969 6461 3918 
6123 5112 6582 5113 
6124 4062 6566 5498 
6125 1540 5614 5483 
6126 6059 6443 4586 
6127 1144 4077 1155 
6128 935 6174 5308 
6129 5485 6677 4965 
6130 4579 6148 1991 
6131 4226 6371 4177 
6132 6802 6849 6267 
6133 5041 6709 6047 
6134 5453 5464 5212 
6135 5832 6216 2420 
6136 4341 5042 4980 
6137 4910 6834 6334 
6138 3509 6167 4579 
6139 5929 6739 4353 
6140 4303 6564 6563 
6141 5830 5912 1397 
6142 6065 6415 5780 
6143 803 6158 4297 
6144 5999 6000 5367 
6145 4932 6365 4806 
6146 5714 6684 5377 
6147 4981 5877 5725 
6148 4562 6433 4564 
6149 4297 6178 792 
6150 6195 6471 5502 
6151 5636 6584 5667 
6152 6133 6134 4306 
6153 6432 6678 5819 
6154 6072 6073 4590 
6155 451 4521 616 
6156 5308 6139 924 
6157 693 6175 6174 
6158 4522 6534 6005 
6159 5845 6137 6125 
6160 6342 6564 6126 
6161 4403 6535 5699 
6162 4559 5545 1606 
6163 6050 6554 6186 
6164 4458 6212 583 
6165 6112 6583 5635 
6166 4438 6680 4364 
6167 5731 6226 5733 
6168 5959 6310 5883 
6169 5621 6409 6338 
6170 4448 6668 4450 
6171 4607 6367 4604 
6172 6223 6513 5036 
6173 6335 6813 5079 
6174 5099 6708 5083 
6175 4641 6756 6222 
6176 5246 6441 6262 
6177 5727 6789 6420 
6178 6075 6076 4618 
6179 5346 6769 5649 
6180 5176 6770 4817 
6181 2178 6191 5839 
6182 5683 6580 3951 
6183 4226 6381 6371 
6184 4708 6459 4571 
6185 6033 6590 5506 
6186 4955 6759 4868 
6187 4407 6453 5671 
6188 4345 6299 6165 
6189 4411 6700 6545 
6190 4596 6120 6119 
6191 6230 6733 4238 
6192 3954 6603 5656 
6193 6313 6498 4173 
6194 5766 6146 6145 
6195 6236 6488 5957 
6196 3806 6193 4578 
6197 5483 6850 5622 
6198 5597 6779 5599 
6199 5596 6621 6620 
6200 4578 6154 2442 
6201 2200 6179 4291 
6202 5864 6576 6146 
6203 5668 6806 4725 
6204 5213 6058 5671 
6205 5625 6494 5626 
6206 5643 6583 5642 
6207 616 6454 902 
6208 4736 5472 5471 
6209 4833 6792 4680 
6210 6000 6752 5368 
6211 6534 6867 5275 
6212 4250 6435 4248 
6213 4390 6584 5665 
6214 4294 6630 6387 
6215 6047 6709 4292 
6216 6158 6392 4297 
6217 6129 6130 5867 
6218 5203 6810 6475 
6219 6087 6417 5777 
6220 5950 6674 4235 
6221 4238 6681 3987 
6222 5785 6481 5787 
6223 6617 6714 4613 
6224 5038 5593 1584 
6225 4775 6370 5453 
6226 5781 6456 5783 
6227 2464 6457 4289 
6228 4689 6553 6315 
6229 5665 6849 5707 
6230 550 6111 4282 
6231 5798 6467 5801 
6232 4027 6737 4030 
6233 6088 6089 5843 
6234 4553 6397 4954 
6235 4291 6191 2189 
6236 4697 6695 4620 
6237 5803 6469 5805 
6238 5792 6483 5794 
6239 4922 6227 6226 
6240 4605 6519 6518 
6241 3887 5987 5986 
6242 6300 6660 5149 
6243 4569 6459 4682 
6244 4662 6722 4271 
6245 5289 6614 5290 
6246 5480 5641 5481 
6247 3977 6260 6259 
6248 6456 6628 5012 
6249 5016 6579 6380 
6250 6327 6476 4700 
6251 6016 6661 5153 
6252 6028 6822 6420 
6253 6028 6699 5724 
6254 4818 6654 6196 
6255 6408 6496 5716 
6256 6217 6509 4118 
6257 1617 5545 4947 
6258 4432 6640 6313 
6259 4564 6433 4758 
6260 2167 6181 5823 
6261 4494 6318 6317 
6262 6413 6604 5180 
6263 6457 6458 5068 
6264 4202 6846 6409 
6265 6193 6194 4578 
6266 4393 6623 5657 
6267 5884 6440 5961 
6268 6306 6725 4500 
6269 5362 6864 6123 
6270 4911 6810 6490 
6271 4252 6423 5185 
6272 946 6212 4079 
6273 5541 6763 5331 
6274 902 4081 3135 
6275 4721 6723 6006 
6276 4949 6793 6449 
6277 6675 6862 4340 
6278 5849 6874 6735 
6279 4231 6466 4233 
6280 5753 6451 5869 
6281 5290 6430 5287 
6282 6174 6555 5308 
6283 5107 6607 5191 
6284 3190 6135 5720 
6285 4475 6756 4641 
6286 6326 6723 4721 
6287 6081 6453 4407 
6288 4303 6636 6564 
6289 5031 6496 6408 
6290 4234 5480 5479 
6291 6537 6636 4303 
6292 2310 4736 1892 
6293 6464 6629 4719 
6294 5517 6498 6313 
6295 4293 6176 6175 
6296 5147 6615 6189 
6297 5596 6620 4559 
6298 6261 6368 3977 
6299 715 6216 4293 
6300 5858 6727 6476 
6301 6430 6431 5288 
6302 5770 6516 5772 
6303 6534 6656 6005 
6304 4293 6175 704 
6305 4522 6867 6534 
6306 6499 6636 6183 
6307 4938 6811 4673 
6308 4759 6433 4562 
6309 5284 5614 1529 
6310 3795 4630 3784 
6311 5124 6794 5122 
6312 3919 5947 5946 
6313 3920 6311 6097 
6314 5364 6848 5440 
6315 5015 6370 4774 
6316 5628 6841 4426 
6317 6437 6759 4955 
6318 5098 6852 5443 
6319 5448 6549 6346 
6320 5934 5936 5758 
6321 5923 6774 4925 
6322 5906 6327 5014 
6323 6253 6828 4705 
6324 5933 6273 5932 
6325 4676 6794 6016 
6326 6021 6656 4455 
6327 5830 5913 5912 
6328 6656 6716 4455 
6329 6200 6522 4648 
6330 5172 6502 6398 
6331 4079 6256 682 
6332 4967 6764 4830 
6333 4599 6472 4582 
6334 6282 6726 4953 
6335 6419 6571 5399 
6336 6551 6841 5628 
6337 4000 6504 6332 
6338 5880 6523 6467 
6339 6490 6823 4709 
6340 5656 6603 6486 
6341 5805 6489 5807 
6342 5800 6805 5895 
6343 5729 6797 5885 
6344 5671 6453 5213 
6345 4728 6843 6206 
6346 6283 6531 4599 
6347 4738 6548 6024 
6348 6132 6579 5016 
6349 4556 6550 4558 
6350 4979 6718 6294 
6351 4968 6795 5574 
6352 6082 6856 5145 
6353 4582 6472 4601 
6354 6278 6767 5695 
6355 6563 6564 6342 
6356 4342 6294 4631 
6357 5077 6813 6229 
6358 6338 6846 5057 
6359 4922 6226 6210 
6360 5809 6511 5811 
6361 4774 6370 4775 
6362 6154 6573 5832 
6363 4631 5723 5722 
6364 5015 6830 6377 
6365 5599 6779 5965 
6366 5897 6529 5768 
6367 6213 6804 4563 
6368 5037 6621 5596 
6369 6168 6592 4339 
6370 4075 6857 4088 
6371 5531 6703 4512 
6372 4726 6773 6686 
6373 4799 6466 4231 
6374 6451 6452 5869 
6375 5126 6661 6016 
6376 5847 6483 5792 
6377 4400 6649 5696 
6378 5057 6846 6264 
6379 4845 6458 6457 
6380 5351 6529 5897 
6381 5042 5466 4980 
6382 6313 6640 5517 
6383 6598 6674 5950 
6384 6626 6729 5164 
6385 6037 6730 4904 
6386 1518 5613 5284 
6387 5613 6379 5284 
6388 6044 6750 5249 
6389 5483 5622 4554 
6390 5721 6028 5873 
6391 3889 6085 6084 
6392 6491 6815 5920 
6393 1573 6447 5038 
6394 4869 6701 4870 
6395 5153 6672 6016 
6396 6100 6713 4032 
6397 6252 6626 5165 
6398 4113 6767 6408 
6399 4953 6726 5949 
6400 1364 6309 5830 
6401 5264 6586 6221 
6402 6316 6482 5107 
6403 5885 6814 6311 
6404 6209 6679 4212 
6405 4413 6743 5680 
6406 6606 6749 4311 
6407 5079 6813 5077 
6408 5219 6605 6344 
6409 4127 6860 6689 
6410 5545 5546 4947 
6411 5768 6529 5770 
6412 6631 6861 4921 
6413 4705 6828 4707 
6414 6122 6787 5751 
6415 5783 6533 5785 
6416 6402 6664 5513 
6417 6222 6756 4780 
6418 5336 6471 6195 
6419 6013 6760 5852 
6420 4861 6664 4858 
6421 5049 6823 6098 
6422 5855 6727 5858 
6423 3883 4119 3839 
6424 4127 6689 6359 
6425 4648 6522 6282 
6426 627 6256 4456 
6427 6538 6540 6539 
6428 6351 6679 5289 
6429 5617 6753 5645 
6430 6173 6637 4158 
6431 6409 6846 6338 
6432 5948 6789 5875 
6433 6005 6656 6021 
6434 6259 6261 3977 
6435 5541 6574 6341 
6436 6516 6518 5857 
6437 5695 6767 4113 
6438 5731 6569 6226 
6439 4206 6648 6347 
6440 4478 6756 4475 
6441 5958 6310 5959 
6442 5257 6651 6600 
6443 6420 6822 5727 
6444 4857 6480 4712 
6445 5720 5721 3885 
6446 6405 6406 6040 
6447 6080 6689 5945 
6448 5813 6556 5815 
6449 5445 6808 5318 
6450 4858 6664 4857 
6451 5206 6873 6586 
6452 4624 6853 6271 
6453 6570 6831 5383 
6454 6066 6752 5196 
6455 5801 6467 5848 
6456 5848 6469 5803 
6457 4558 6550 4759 
6458 5787 6481 5791 
6459 5817 6552 5820 
6460 5794 6483 5881 
6461 5707 6849 6801 
6462 5950 6726 6522 
6463 5257 6600 6030 
6464 6522 6726 6282 
6465 6600 6651 6165 
6466 4966 6813 6335 
6467 6039 6405 6040 
6468 6354 6830 5015 
6469 5038 5594 5593 
6470 5875 6682 6085 
6471 5775 6557 5890 
6472 4614 6593 4615 
6473 4942 6855 5478 
6474 5970 6461 5969 
6475 5749 6608 6451 
6476 6077 6867 4522 
6477 5936 6501 5758 
6478 6192 6585 6071 
6479 5149 6698 4995 
6480 5594 6577 5596 
6481 6643 6701 5191 
6482 5938 6805 5802 
6483 6597 6598 6201 
6484 4759 6550 6502 
6485 5807 6489 5870 
6486 6016 6672 4676 
6487 4431 6746 6180 
6488 5738 6624 6501 
6489 4456 6333 671 
6490 4996 6873 6478 
6491 5895 6805 6690 
6492 5772 6516 5857 
6493 5966 6609 4507 
6494 5811 6511 5891 
6495 6440 6747 5735 
6496 6396 6659 5313 
6497 4494 6317 737 
6498 6457 6546 4845 
6499 5583 6791 6387 
6500 6478 6873 5206 
6501 5945 6828 6253 
6502 4364 6680 4362 
6503 4747 6593 4614 
6504 6254 6731 5025 
6505 4507 6609 4509 
6506 6859 6861 5466 
6507 5870 6511 5809 
6508 4079 6610 6256 
6509 4935 6665 6621 
6510 5726 6569 5728 
6511 5191 6644 6643 
6512 5535 6841 6551 
6513 5026 6612 4923 
6514 6317 6426 1188 
6515 4559 6620 5545 
6516 4924 6863 6581 
6517 6502 6550 4954 
6518 6098 6823 6490 
6519 5815 6556 5819 
6520 6778 6803 5174 
6521 5820 6552 5850 
6522 6183 6636 6537 
6523 4311 6749 6345 
6524 5202 6751 6160 
6525 5508 6824 6382 
6526 6334 6834 5416 
6527 6500 6705 4863 
6528 5865 6721 6676 
6529 6001 6837 5604 
6530 6294 6416 4979 
6531 5033 6646 6645 
6532 6412 6823 5049 
6533 4825 6744 6257 
6534 5303 6733 6231 
6535 1199 4078 1287 
6536 6399 6595 4234 
6537 3918 6461 6405 
6538 6451 6608 6452 
6539 6085 6682 6086 
6540 6377 6830 4508 
6541 4289 5067 2453 
6542 4995 6698 6369 
6543 4088 6857 6820 
6544 4923 6612 4924 
6545 6371 6381 5478 
6546 6066 6788 5043 
6547 5891 6556 5813 
6548 6650 6872 6853 
6549 5281 6669 6509 
6550 6820 6857 6049 
6551 6210 6569 5726 
6552 6264 6846 4202 
6553 4285 6685 6237 
6554 6443 6815 4586 
6555 5819 6552 5817 
6556 1848 6333 4494 
6557 6387 6791 4371 
6558 4588 6755 6103 
6559 4935 6859 6665 
6560 5857 6557 5775 
6561 5715 6701 6643 
6562 4586 6815 6491 
6563 5914 6796 5913 
6564 6645 6646 5190 
6565 3773 6258 6135 
6566 6387 6630 5583 
6567 6801 6802 5175 
6568 6469 6489 5805 
6569 6339 6613 5774 
6570 4500 6725 5613 
6571 4088 6820 6477 
6572 5289 6679 6614 
6573 5045 6657 6567 
6574 5145 6856 6372 
6575 4458 6687 6212 
6576 5606 6705 6500 
6577 5073 6688 6209 
6578 5000 6532 6323 
6579 3498 4342 3487 
6580 6324 6615 5147 
6581 5837 6632 6184 
6582 5189 6674 6598 
6583 1760 4695 3245 
6584 5044 6804 6213 
6585 5785 6533 6481 
6586 5012 6533 6456 
6587 6028 6420 5873 
6588 5102 6758 6707 
6589 5747 6625 5749 
6590 6125 6673 4591 
6591 6802 6803 5175 
6592 4426 6841 6014 
6593 6296 6800 5964 
6594 6456 6533 5783 
6595 5042 6836 6665 
6596 6608 6625 4653 
6597 4924 6593 4747 
6598 6650 6853 4624 
6599 6221 6873 4996 
6600 6302 6442 4748 
6601 6226 6569 6210 
6602 5596 6577 5037 
6603 5839 6818 6067 
6604 4306 6676 6056 
6605 6538 6539 5871 
6606 5955 6641 5862 
6607 5921 6625 5747 
6608 5755 6787 6642 
6609 5770 6529 6516 
6610 4345 6683 6299 
6611 4152 4771 2387 
6612 6071 6585 5838 
6613 6106 6826 6059 
6614 4152 5318 4771 
6615 6458 6821 5068 
6616 4081 6454 6428 
6617 6051 6612 5026 
6618 6567 6657 5044 
6619 5780 6847 6102 
6620 5210 6799 6497 
6621 6067 6818 6068 
6622 5899 6798 6053 
6623 5189 6598 6597 
6624 5147 6686 6324 
6625 6486 6603 5242 
6626 6633 6854 2343 
6627 5767 6712 6133 
6628 6059 6826 6443 
6629 6428 6454 4521 
6630 6617 6781 4653 
6631 5724 6822 6028 
6632 5205 6869 5194 
6633 5052 6872 6650 
6634 6665 6836 5546 
6635 5728 6569 5731 
6636 4785 6729 6626 
6637 6301 6829 4531 
6638 6642 6787 5759 
6639 6436 6801 5175 
6640 6086 6812 6311 
6641 6620 6621 5546 
6642 6137 6673 6125 
6643 5956 6641 5955 
6644 6775 6776 5352 
6645 5831 6309 1375 
6646 6218 6678 6432 
6647 6184 6632 5835 
6648 6415 6847 5780 
6649 4234 6595 5480 
6650 6040 6732 6041 
6651 6408 6767 5216 
6652 6297 6870 4600 
6653 451 6562 4521 
6654 6134 6676 4306 
6655 5011 6838 6628 
6656 5104 6724 6610 
6657 5613 6725 6379 
6658 5766 6721 6146 
6659 6476 6727 4700 
6660 6707 6758 3910 
6661 5947 6789 5948 
6662 6133 6712 6134 
6663 6557 6628 5890 
6664 6382 6824 5050 
6665 6097 6814 3887 
6666 3887 6814 5987 
6667 6517 6738 5351 
6668 4613 6781 6617 
6669 5749 6625 6608 
6670 5847 6872 6483 
6671 3366 4086 3256 
6672 6056 6721 5766 
6673 6662 6816 4946 
6674 5173 6803 6778 
6675 6643 6644 4283 
6676 4081 6633 3135 
6677 6438 6842 5195 
6678 6355 6830 6354 
6679 4508 6830 6355 
6680 6686 6773 5132 
6681 6589 6852 5098 
6682 1144 6426 4077 
6683 6586 6873 6221 
6684 6271 6853 5847 
6685 5917 6821 6458 
6686 6853 6872 5847 
6687 6545 6700 5223 
6688 4945 6662 6523 
6689 5832 6783 6216 
6690 6650 6784 5052 
6691 4293 6844 6176 
6692 5546 6836 4947 
6693 3091 4718 473 
6694 5545 6620 5546 
6695 6735 6874 5818 
6696 6573 6783 5832 
6697 3883 6854 4119 
6698 6406 6732 6040 
6699 4945 6816 6662 
6700 4694 6710 6479 
6701 6690 6805 5938 
6702 5011 6628 6557 
6703 5721 6699 6028 
6704 6628 6838 5012 
6705 4947 6836 6388 
6706 5350 6738 6517 
6707 6420 6789 5947 
6708 5755 6642 6488 
6709 4289 5068 5067 
6710 891 4080 385 
6711 4630 6258 3784 
6712 6311 6812 5885 
6713 6612 6863 4924 
6714 6379 6725 5440 
6715 6216 6844 4293 
6716 6781 6782 4653 
6717 6311 6814 6097 
6718 4521 6454 616 
6719 5211 6595 6399 
6720 5440 6848 6379 
6721 5183 6862 6675 
6722 5440 6725 6306 
6723 4119 6520 3839 
6724 902 6454 4081 
6725 6676 6721 6056 
6726 6581 6863 5121 
6727 4921 6861 6859 
6728 4594 6784 6650 
6729 6682 6812 6086 
6730 396 4082 3674 
6731 5901 6815 6443 
6732 6783 6844 6216 
6733 6388 6836 5042 
6734 1133 4152 2387 
6735 5888 6844 6783 
6736 2211 6776 6775 
6737 6429 6854 6633 
6738 4611 6782 6781 
6739 957 4078 1199 
6740 3377 4864 1056 
6741 1287 4695 1760 
6742 1650 6416 1661 
6743 1661 4342 3498 
6744 2211 6775 1716 
6745 2222 6260 2211 
6746 2354 6546 2464 
6747 4082 4152 2662 
6748 3245 4086 3366 
6749 3487 4630 3795 
6750 385 4736 2310 
6751 473 4080 891 
6752 1056 6448 2299 
6753 1771 6128 3377 
6754 2299 5260 2288 
6755 2299 6448 5260 
6756 2365 4288 2354 
6757 3256 4718 3091 
6758 6179 6192 4291 
6759 4399 6463 5686 
6760 4578 6573 6154 
6761 4617 6089 6088 
6762 5260 6261 6259 
6763 5452 5999 5998 
6764 5595 6577 5594 
6765 5734 5739 5736 
6766 6136 6712 5767 
6767 6089 6179 5843 
6768 5867 6036 6035 
6769 5961 5963 5962 
6770 6070 6182 6069 
6771 6138 6194 6193 
6772 6175 6555 6174 
2 1 3 3488
6773 60 61 2366 837 
6774 837 2366 2367 838 
6775 838 2367 2368 839 
6776 839 2368 2369 840 
6777 840 2369 2370 841 
6778 841 2370 2371 842 
6779 842 2371 2372 843 
6780 843 2372 2373 844 
6781 844 2373 2374 845 
6782 845 2374 2375 846 
6783 846 2375 2376 847 
6784 61 62 2476 2366 
6785 2366 2476 2477 2367 
6786 2367 2477 2478 2368 
6787 2368 2478 2479 2369 
6788 2369 2479 2480 2370 
6789 2370 2480 2481 2371 
6790 2371 2481 2482 2372 
6791 2372 2482 2483 2373 
6792 2373 2483 2484 2374 
6793 2374 2484 2485 2375 
6794 2375 2485 2486 2376 
6795 62 63 848 2476 
6796 2476 848 849 2477 
6797 2477 849 850 2478 
6798 2478 850 851 2479 
6799 2479 851 852 2480 
6800 2480 852 853 2481 
6801 2481 853 854 2482 
6802 2482 854 855 2483 
6803 2483 855 856 2484 
6804 2484 856 857 2485 
6805 2485 857 858 2486 
6806 63 64 496 848 
6807 848 496 497 849 
6808 849 497 498 850 
6809 850 498 499 851 
6810 851 499 500 852 
6811 852 500 501 853 
6812 853 501 502 854 
6813 854 502 503 855 
6814 855 503 504 856 
6815 856 504 505 857 
6816 857 505 506 858 
6817 64 65 716 496 
6818 496 716 717 497 
6819 497 717 718 498 
6820 498 718 719 499 
6821 499 719 720 500 
6822 500 720 721 501 
6823 501 721 722 502 
6824 502 722 723 503 
6825 503 723 724 504 
6826 504 724 725 505 
6827 505 725 726 506 
6828 65 66 738 716 
6829 716 738 739 717 
6830 717 739 740 718 
6831 718 740 741 719 
6832 719 741 742 720 
6833 720 742 743 721 
6834 721 743 744 722 
6835 722 744 745 723 
6836 723 745 746 724 
6837 724 746 747 725 
6838 725 747 748 726 
6839 66 67 474 738 
6840 738 474 475 739 
6841 739 475 476 740 
6842 740 476 477 741 
6843 741 477 478 742 
6844 742 478 479 743 
6845 743 479 480 744 
6846 744 480 481 745 
6847 745 481 482 746 
6848 746 482 483 747 
6849 747 483 484 748 
6850 67 68 507 474 
6851 474 507 508 475 
6852 475 508 509 476 
6853 476 509 510 477 
6854 477 510 511 478 
6855 478 511 512 479 
6856 479 512 513 480 
6857 480 513 514 481 
6858 481 514 515 482 
6859 482 515 516 483 
6860 483 516 517 484 
6861 68 69 485 507 
6862 507 485 486 508 
6863 508 486 487 509 
6864 509 487 488 510 
6865 510 488 489 511 
6866 511 489 490 512 
6867 512 490 491 513 
6868 513 491 492 514 
6869 514 492 493 515 
6870 515 493 494 516 
6871 516 494 495 517 
6872 69 70 3224 485 
6873 485 3224 3225 486 
6874 486 3225 3226 487 
6875 487 3226 3227 488 
6876 488 3227 3228 489 
6877 489 3228 3229 490 
6878 490 3229 3230 491 
6879 491 3230 3231 492 
6880 492 3231 3232 493 
6881 493 3232 3233 494 
6882 494 3233 3234 495 
6883 70 71 518 3224 
6884 3224 518 519 3225 
6885 3225 519 520 3226 
6886 3226 520 521 3227 
6887 3227 521 522 3228 
6888 3228 522 523 3229 
6889 3229 523 524 3230 
6890 3230 524 525 3231 
6891 3231 525 526 3232 
6892 3232 526 527 3233 
6893 3233 527 528 3234 
6894 71 72 595 518 
6895 518 595 596 519 
6896 519 596 597 520 
6897 520 597 598 521 
6898 521 598 599 522 
6899 522 599 600 523 
6900 523 600 601 524 
6901 524 601 602 525 
6902 525 602 603 526 
6903 526 603 604 527 
6904 527 604 605 528 
6905 72 73 1233 595 
6906 595 1233 1234 596 
6907 596 1234 1235 597 
6908 597 1235 1236 598 
6909 598 1236 1237 599 
6910 599 1237 1238 600 
6911 600 1238 1239 601 
6912 601 1239 1240 602 
6913 602 1240 1241 603 
6914 603 1241 1242 604 
6915 604 1242 1243 605 
6916 73 74 430 1233 
6917 1233 430 431 1234 
6918 1234 431 432 1235 
6919 1235 432 433 1236 
6920 1236 433 434 1237 
6921 1237 434 435 1238 
6922 1238 435 436 1239 
6923 1239 436 437 1240 
6924 1240 437 438 1241 
6925 1241 438 439 1242 
6926 1242 439 440 1243 
6927 74 75 584 430 
6928 430 584 585 431 
6929 431 585 586 432 
6930 432 586 587 433 
6931 433 587 588 434 
6932 434 588 589 435 
6933 435 589 590 436 
6934 436 590 591 437 
6935 437 591 592 438 
6936 438 592 593 439 
6937 439 593 594 440 
6938 75 76 529 584 
6939 584 529 530 585 
6940 585 530 531 586 
6941 586 531 532 587 
6942 587 532 533 588 
6943 588 533 534 589 
6944 589 534 535 590 
6945 590 535 536 591 
6946 591 536 537 592 
6947 592 537 538 593 
6948 593 538 539 594 
6949 76 77 804 529 
6950 529 804 805 530 
6951 530 805 806 531 
6952 531 806 807 532 
6953 532 807 808 533 
6954 533 808 809 534 
6955 534 809 810 535 
6956 535 810 811 536 
6957 536 811 812 537 
6958 537 812 813 538 
6959 538 813 814 539 
6960 77 78 562 804 
6961 804 562 563 805 
6962 805 563 564 806 
6963 806 564 565 807 
6964 807 565 566 808 
6965 808 566 567 809 
6966 809 567 568 810 
6967 810 568 569 811 
6968 811 569 570 812 
6969 812 570 571 813 
6970 813 571 572 814 
6971 78 79 1112 562 
6972 562 1112 1113 563 
6973 563 1113 1114 564 
6974 564 1114 1115 565 
6975 565 1115 1116 566 
6976 566 1116 1117 567 
6977 567 1117 1118 568 
6978 568 1118 1119 569 
6979 569 1119 1120 570 
6980 570 1120 1121 571 
6981 571 1121 1122 572 
6982 79 80 628 1112 
6983 1112 628 629 1113 
6984 1113 629 630 1114 
6985 1114 630 631 1115 
6986 1115 631 632 1116 
6987 1116 632 633 1117 
6988 1117 633 634 1118 
6989 1118 634 635 1119 
6990 1119 635 636 1120 
6991 1120 636 637 1121 
6992 1121 637 638 1122 
6993 80 81 639 628 
6994 628 639 640 629 
6995 629 640 641 630 
6996 630 641 642 631 
6997 631 642 643 632 
6998 632 643 644 633 
6999 633 644 645 634 
7000 634 645 646 635 
7001 635 646 647 636 
7002 636 647 648 637 
7003 637 648 649 638 
7004 81 82 1893 639 
7005 639 1893 1894 640 
7006 640 1894 1895 641 
7007 641 1895 1896 642 
7008 642 1896 1897 643 
7009 643 1897 1898 644 
7010 644 1898 1899 645 
7011 645 1899 1900 646 
7012 646 1900 1901 647 
7013 647 1901 1902 648 
7014 648 1902 1903 649 
7015 82 83 1904 1893 
7016 1893 1904 1905 1894 
7017 1894 1905 1906 1895 
7018 1895 1906 1907 1896 
7019 1896 1907 1908 1897 
7020 1897 1908 1909 1898 
7021 1898 1909 1910 1899 
7022 1899 1910 1911 1900 
7023 1900 1911 1912 1901 
7024 1901 1912 1913 1902 
7025 1902 1913 1914 1903 
7026 83 84 2025 1904 
7027 1904 2025 2026 1905 
7028 1905 2026 2027 1906 
7029 1906 2027 2028 1907 
7030 1907 2028 2029 1908 
7031 1908 2029 2030 1909 
7032 1909 2030 2031 1910 
7033 1910 2031 2032 1911 
7034 1911 2032 2033 1912 
7035 1912 2033 2034 1913 
7036 1913 2034 2035 1914 
7037 84 85 2036 2025 
7038 2025 2036 2037 2026 
7039 2026 2037 2038 2027 
7040 2027 2038 2039 2028 
7041 2028 2039 2040 2029 
7042 2029 2040 2041 2030 
7043 2030 2041 2042 2031 
7044 2031 2042 2043 2032 
7045 2032 2043 2044 2033 
7046 2033 2044 2045 2034 
7047 2034 2045 2046 2035 
7048 85 86 2608 2036 
7049 2036 2608 2609 2037 
7050 2037 2609 2610 2038 
7051 2038 2610 2611 2039 
7052 2039 2611 2612 2040 
7053 2040 2612 2613 2041 
7054 2041 2613 2614 2042 
7055 2042 2614 2615 2043 
7056 2043 2615 2616 2044 
7057 2044 2616 2617 2045 
7058 2045 2617 2618 2046 
7059 86 87 2619 2608 
7060 2608 2619 2620 2609 
7061 2609 2620 2621 2610 
7062 2610 2621 2622 2611 
7063 2611 2622 2623 2612 
7064 2612 2623 2624 2613 
7065 2613 2624 2625 2614 
7066 2614 2625 2626 2615 
7067 2615 2626 2627 2616 
7068 2616 2627 2628 2617 
7069 2617 2628 2629 2618 
7070 87 88 2388 2619 
7071 2619 2388 2389 2620 
7072 2620 2389 2390 2621 
7073 2621 2390 2391 2622 
7074 2622 2391 2392 2623 
7075 2623 2392 2393 2624 
7076 2624 2393 2394 2625 
7077 2625 2394 2395 2626 
7078 2626 2395 2396 2627 
7079 2627 2396 2397 2628 
7080 2628 2397 2398 2629 
7081 88 89 2399 2388 
7082 2388 2399 2400 2389 
7083 2389 2400 2401 2390 
7084 2390 2401 2402 2391 
7085 2391 2402 2403 2392 
7086 2392 2403 2404 2393 
7087 2393 2404 2405 2394 
7088 2394 2405 2406 2395 
7089 2395 2406 2407 2396 
7090 2396 2407 2408 2397 
7091 2397 2408 2409 2398 
7092 89 90 2531 2399 
7093 2399 2531 2532 2400 
7094 2400 2532 2533 2401 
7095 2401 2533 2534 2402 
7096 2402 2534 2535 2403 
7097 2403 2535 2536 2404 
7098 2404 2536 2537 2405 
7099 2405 2537 2538 2406 
7100 2406 2538 2539 2407 
7101 2407 2539 2540 2408 
7102 2408 2540 2541 2409 
7103 90 91 2542 2531 
7104 2531 2542 2543 2532 
7105 2532 2543 2544 2533 
7106 2533 2544 2545 2534 
7107 2534 2545 2546 2535 
7108 2535 2546 2547 2536 
7109 2536 2547 2548 2537 
7110 2537 2548 2549 2538 
7111 2538 2549 2550 2539 
7112 2539 2550 2551 2540 
7113 2540 2551 2552 2541 
7114 91 92 2553 2542 
7115 2542 2553 2554 2543 
7116 2543 2554 2555 2544 
7117 2544 2555 2556 2545 
7118 2545 2556 2557 2546 
7119 2546 2557 2558 2547 
7120 2547 2558 2559 2548 
7121 2548 2559 2560 2549 
7122 2549 2560 2561 2550 
7123 2550 2561 2562 2551 
7124 2551 2562 2563 2552 
7125 92 93 2564 2553 
7126 2553 2564 2565 2554 
7127 2554 2565 2566 2555 
7128 2555 2566 2567 2556 
7129 2556 2567 2568 2557 
7130 2557 2568 2569 2558 
7131 2558 2569 2570 2559 
7132 2559 2570 2571 2560 
7133 2560 2571 2572 2561 
7134 2561 2572 2573 2562 
7135 2562 2573 2574 2563 
7136 93 94 1915 2564 
7137 2564 1915 1916 2565 
7138 2565 1916 1917 2566 
7139 2566 1917 1918 2567 
7140 2567 1918 1919 2568 
7141 2568 1919 1920 2569 
7142 2569 1920 1921 2570 
7143 2570 1921 1922 2571 
7144 2571 1922 1923 2572 
7145 2572 1923 1924 2573 
7146 2573 1924 1925 2574 
7147 94 95 1926 1915 
7148 1915 1926 1927 1916 
7149 1916 1927 1928 1917 
7150 1917 1928 1929 1918 
7151 1918 1929 1930 1919 
7152 1919 1930 1931 1920 
7153 1920 1931 1932 1921 
7154 1921 1932 1933 1922 
7155 1922 1933 1934 1923 
7156 1923 1934 1935 1924 
7157 1924 1935 1936 1925 
7158 95 96 1937 1926 
7159 1926 1937 1938 1927 
7160 1927 1938 1939 1928 
7161 1928 1939 1940 1929 
7162 1929 1940 1941 1930 
7163 1930 1941 1942 1931 
7164 1931 1942 1943 1932 
7165 1932 1943 1944 1933 
7166 1933 1944 1945 1934 
7167 1934 1945 1946 1935 
7168 1935 1946 1947 1936 
7169 96 97 1948 1937 
7170 1937 1948 1949 1938 
7171 1938 1949 1950 1939 
7172 1939 1950 1951 1940 
7173 1940 1951 1952 1941 
7174 1941 1952 1953 1942 
7175 1942 1953 1954 1943 
7176 1943 1954 1955 1944 
7177 1944 1955 1956 1945 
7178 1945 1956 1957 1946 
7179 1946 1957 1958 1947 
7180 97 98 3532 1948 
7181 1948 3532 3533 1949 
7182 1949 3533 3534 1950 
7183 1950 3534 3535 1951 
7184 1951 3535 3536 1952 
7185 1952 3536 3537 1953 
7186 1953 3537 3538 1954 
7187 1954 3538 3539 1955 
7188 1955 3539 3540 1956 
7189 1956 3540 3541 1957 
7190 1957 3541 3542 1958 
7191 98 99 3543 3532 
7192 3532 3543 3544 3533 
7193 3533 3544 3545 3534 
7194 3534 3545 3546 3535 
7195 3535 3546 3547 3536 
7196 3536 3547 3548 3537 
7197 3537 3548 3549 3538 
7198 3538 3549 3550 3539 
7199 3539 3550 3551 3540 
7200 3540 3551 3552 3541 
7201 3541 3552 3553 3542 
7202 99 100 1090 3543 
7203 3543 1090 1091 3544 
7204 3544 1091 1092 3545 
7205 3545 1092 1093 3546 
7206 3546 1093 1094 3547 
7207 3547 1094 1095 3548 
7208 3548 1095 1096 3549 
7209 3549 1096 1097 3550 
7210 3550 1097 1098 3551 
7211 3551 1098 1099 3552 
7212 3552 1099 1100 3553 
7213 192 193 683 925 
7214 925 683 684 926 
7215 926 684 685 927 
7216 927 685 686 928 
7217 928 686 687 929 
7218 929 687 688 930 
7219 930 688 689 931 
7220 931 689 690 932 
7221 932 690 691 933 
7222 933 691 692 934 
7223 934 692 693 935 
7224 193 194 694 683 
7225 683 694 695 684 
7226 684 695 696 685 
7227 685 696 697 686 
7228 686 697 698 687 
7229 687 698 699 688 
7230 688 699 700 689 
7231 689 700 701 690 
7232 690 701 702 691 
7233 691 702 703 692 
7234 692 703 704 693 
7235 194 195 705 694 
7236 694 705 706 695 
7237 695 706 707 696 
7238 696 707 708 697 
7239 697 708 709 698 
7240 698 709 710 699 
7241 699 710 711 700 
7242 700 711 712 701 
7243 701 712 713 702 
7244 702 713 714 703 
7245 703 714 715 704 
7246 195 196 2410 705 
7247 705 2410 2411 706 
7248 706 2411 2412 707 
7249 707 2412 2413 708 
7250 708 2413 2414 709 
7251 709 2414 2415 710 
7252 710 2415 2416 711 
7253 711 2416 2417 712 
7254 712 2417 2418 713 
7255 713 2418 2419 714 
7256 714 2419 2420 715 
7257 196 197 2421 2410 
7258 2410 2421 2422 2411 
7259 2411 2422 2423 2412 
7260 2412 2423 2424 2413 
7261 2413 2424 2425 2414 
7262 2414 2425 2426 2415 
7263 2415 2426 2427 2416 
7264 2416 2427 2428 2417 
7265 2417 2428 2429 2418 
7266 2418 2429 2430 2419 
7267 2419 2430 2431 2420 
7268 197 198 2432 2421 
7269 2421 2432 2433 2422 
7270 2422 2433 2434 2423 
7271 2423 2434 2435 2424 
7272 2424 2435 2436 2425 
7273 2425 2436 2437 2426 
7274 2426 2437 2438 2427 
7275 2427 2438 2439 2428 
7276 2428 2439 2440 2429 
7277 2429 2440 2441 2430 
7278 2430 2441 2442 2431 
7279 198 199 3796 2432 
7280 2432 3796 3797 2433 
7281 2433 3797 3798 2434 
7282 2434 3798 3799 2435 
7283 2435 3799 3800 2436 
7284 2436 3800 3801 2437 
7285 2437 3801 3802 2438 
7286 2438 3802 3803 2439 
7287 2439 3803 3804 2440 
7288 2440 3804 3805 2441 
7289 2441 3805 3806 2442 
7290 199 200 3807 3796 
7291 3796 3807 3808 3797 
7292 3797 3808 3809 3798 
7293 3798 3809 3810 3799 
7294 3799 3810 3811 3800 
7295 3800 3811 3812 3801 
7296 3801 3812 3813 3802 
7297 3802 3813 3814 3803 
7298 3803 3814 3815 3804 
7299 3804 3815 3816 3805 
7300 3805 3816 3817 3806 
7301 200 201 3818 3807 
7302 3807 3818 3819 3808 
7303 3808 3819 3820 3809 
7304 3809 3820 3821 3810 
7305 3810 3821 3822 3811 
7306 3811 3822 3823 3812 
7307 3812 3823 3824 3813 
7308 3813 3824 3825 3814 
7309 3814 3825 3826 3815 
7310 3815 3826 3827 3816 
7311 3816 3827 3828 3817 
7312 201 202 1959 3818 
7313 3818 1959 1960 3819 
7314 3819 1960 1961 3820 
7315 3820 1961 1962 3821 
7316 3821 1962 1963 3822 
7317 3822 1963 1964 3823 
7318 3823 1964 1965 3824 
7319 3824 1965 1966 3825 
7320 3825 1966 1967 3826 
7321 3826 1967 1968 3827 
7322 3827 1968 1969 3828 
7323 105 106 3675 1739 
7324 1739 3675 3676 1740 
7325 1740 3676 3677 1741 
7326 1741 3677 3678 1742 
7327 1742 3678 3679 1743 
7328 1743 3679 3680 1744 
7329 1744 3680 3681 1745 
7330 1745 3681 3682 1746 
7331 1746 3682 3683 1747 
7332 1747 3683 3684 1748 
7333 1748 3684 3685 1749 
7334 106 107 3686 3675 
7335 3675 3686 3687 3676 
7336 3676 3687 3688 3677 
7337 3677 3688 3689 3678 
7338 3678 3689 3690 3679 
7339 3679 3690 3691 3680 
7340 3680 3691 3692 3681 
7341 3681 3692 3693 3682 
7342 3682 3693 3694 3683 
7343 3683 3694 3695 3684 
7344 3684 3695 3696 3685 
7345 107 108 1156 3686 
7346 3686 1156 1157 3687 
7347 3687 1157 1158 3688 
7348 3688 1158 1159 3689 
7349 3689 1159 1160 3690 
7350 3690 1160 1161 3691 
7351 3691 1161 1162 3692 
7352 3692 1162 1163 3693 
7353 3693 1163 1164 3694 
7354 3694 1164 1165 3695 
7355 3695 1165 1166 3696 
7356 108 109 1167 1156 
7357 1156 1167 1168 1157 
7358 1157 1168 1169 1158 
7359 1158 1169 1170 1159 
7360 1159 1170 1171 1160 
7361 1160 1171 1172 1161 
7362 1161 1172 1173 1162 
7363 1162 1173 1174 1163 
7364 1163 1174 1175 1164 
7365 1164 1175 1176 1165 
7366 1165 1176 1177 1166 
7367 109 110 3741 1167 
7368 1167 3741 3742 1168 
7369 1168 3742 3743 1169 
7370 1169 3743 3744 1170 
7371 1170 3744 3745 1171 
7372 1171 3745 3746 1172 
7373 1172 3746 3747 1173 
7374 1173 3747 3748 1174 
7375 1174 3748 3749 1175 
7376 1175 3749 3750 1176 
7377 1176 3750 3751 1177 
7378 110 111 3752 3741 
7379 3741 3752 3753 3742 
7380 3742 3753 3754 3743 
7381 3743 3754 3755 3744 
7382 3744 3755 3756 3745 
7383 3745 3756 3757 3746 
7384 3746 3757 3758 3747 
7385 3747 3758 3759 3748 
7386 3748 3759 3760 3749 
7387 3749 3760 3761 3750 
7388 3750 3761 3762 3751 
7389 111 112 859 3752 
7390 3752 859 860 3753 
7391 3753 860 861 3754 
7392 3754 861 862 3755 
7393 3755 862 863 3756 
7394 3756 863 864 3757 
7395 3757 864 865 3758 
7396 3758 865 866 3759 
7397 3759 866 867 3760 
7398 3760 867 868 3761 
7399 3761 868 869 3762 
7400 112 113 870 859 
7401 859 870 871 860 
7402 860 871 872 861 
7403 861 872 873 862 
7404 862 873 874 863 
7405 863 874 875 864 
7406 864 875 876 865 
7407 865 876 877 866 
7408 866 877 878 867 
7409 867 878 879 868 
7410 868 879 880 869 
7411 113 114 2751 870 
7412 870 2751 2752 871 
7413 871 2752 2753 872 
7414 872 2753 2754 873 
7415 873 2754 2755 874 
7416 874 2755 2756 875 
7417 875 2756 2757 876 
7418 876 2757 2758 877 
7419 877 2758 2759 878 
7420 878 2759 2760 879 
7421 879 2760 2761 880 
7422 114 115 2762 2751 
7423 2751 2762 2763 2752 
7424 2752 2763 2764 2753 
7425 2753 2764 2765 2754 
7426 2754 2765 2766 2755 
7427 2755 2766 2767 2756 
7428 2756 2767 2768 2757 
7429 2757 2768 2769 2758 
7430 2758 2769 2770 2759 
7431 2759 2770 2771 2760 
7432 2760 2771 2772 2761 
7433 115 116 2256 2762 
7434 2762 2256 2257 2763 
7435 2763 2257 2258 2764 
7436 2764 2258 2259 2765 
7437 2765 2259 2260 2766 
7438 2766 2260 2261 2767 
7439 2767 2261 2262 2768 
7440 2768 2262 2263 2769 
7441 2769 2263 2264 2770 
7442 2770 2264 2265 2771 
7443 2771 2265 2266 2772 
7444 116 117 2267 2256 
7445 2256 2267 2268 2257 
7446 2257 2268 2269 2258 
7447 2258 2269 2270 2259 
7448 2259 2270 2271 2260 
7449 2260 2271 2272 2261 
7450 2261 2272 2273 2262 
7451 2262 2273 2274 2263 
7452 2263 2274 2275 2264 
7453 2264 2275 2276 2265 
7454 2265 2276 2277 2266 
7455 117 118 2080 2267 
7456 2267 2080 2081 2268 
7457 2268 2081 2082 2269 
7458 2269 2082 2083 2270 
7459 2270 2083 2084 2271 
7460 2271 2084 2085 2272 
7461 2272 2085 2086 2273 
7462 2273 2086 2087 2274 
7463 2274 2087 2088 2275 
7464 2275 2088 2089 2276 
7465 2276 2089 2090 2277 
7466 118 119 2091 2080 
7467 2080 2091 2092 2081 
7468 2081 2092 2093 2082 
7469 2082 2093 2094 2083 
7470 2083 2094 2095 2084 
7471 2084 2095 2096 2085 
7472 2085 2096 2097 2086 
7473 2086 2097 2098 2087 
7474 2087 2098 2099 2088 
7475 2088 2099 2100 2089 
7476 2089 2100 2101 2090 
7477 119 120 3587 2091 
7478 2091 3587 3588 2092 
7479 2092 3588 3589 2093 
7480 2093 3589 3590 2094 
7481 2094 3590 3591 2095 
7482 2095 3591 3592 2096 
7483 2096 3592 3593 2097 
7484 2097 3593 3594 2098 
7485 2098 3594 3595 2099 
7486 2099 3595 3596 2100 
7487 2100 3596 3597 2101 
7488 120 121 3598 3587 
7489 3587 3598 3599 3588 
7490 3588 3599 3600 3589 
7491 3589 3600 3601 3590 
7492 3590 3601 3602 3591 
7493 3591 3602 3603 3592 
7494 3592 3603 3604 3593 
7495 3593 3604 3605 3594 
7496 3594 3605 3606 3595 
7497 3595 3606 3607 3596 
7498 3596 3607 3608 3597 
7499 121 122 1662 3598 
7500 3598 1662 1663 3599 
7501 3599 1663 1664 3600 
7502 3600 1664 1665 3601 
7503 3601 1665 1666 3602 
7504 3602 1666 1667 3603 
7505 3603 1667 1668 3604 
7506 3604 1668 1669 3605 
7507 3605 1669 1670 3606 
7508 3606 1670 1671 3607 
7509 3607 1671 1672 3608 
7510 122 123 1673 1662 
7511 1662 1673 1674 1663 
7512 1663 1674 1675 1664 
7513 1664 1675 1676 1665 
7514 1665 1676 1677 1666 
7515 1666 1677 1678 1667 
7516 1667 1678 1679 1668 
7517 1668 1679 1680 1669 
7518 1669 1680 1681 1670 
7519 1670 1681 1682 1671 
7520 1671 1682 1683 1672 
7521 123 124 3697 1673 
7522 1673 3697 3698 1674 
7523 1674 3698 3699 1675 
7524 1675 3699 3700 1676 
7525 1676 3700 3701 1677 
7526 1677 3701 3702 1678 
7527 1678 3702 3703 1679 
7528 1679 3703 3704 1680 
7529 1680 3704 3705 1681 
7530 1681 3705 3706 1682 
7531 1682 3706 3707 1683 
7532 124 125 3708 3697 
7533 3697 3708 3709 3698 
7534 3698 3709 3710 3699 
7535 3699 3710 3711 3700 
7536 3700 3711 3712 3701 
7537 3701 3712 3713 3702 
7538 3702 3713 3714 3703 
7539 3703 3714 3715 3704 
7540 3704 3715 3716 3705 
7541 3705 3716 3717 3706 
7542 3706 3717 3718 3707 
7543 125 126 2311 3708 
7544 3708 2311 2312 3709 
7545 3709 2312 2313 3710 
7546 3710 2313 2314 3711 
7547 3711 2314 2315 3712 
7548 3712 2315 2316 3713 
7549 3713 2316 2317 3714 
7550 3714 2317 2318 3715 
7551 3715 2318 2319 3716 
7552 3716 2319 2320 3717 
7553 3717 2320 2321 3718 
7554 126 127 2322 2311 
7555 2311 2322 2323 2312 
7556 2312 2323 2324 2313 
7557 2313 2324 2325 2314 
7558 2314 2325 2326 2315 
7559 2315 2326 2327 2316 
7560 2316 2327 2328 2317 
7561 2317 2328 2329 2318 
7562 2318 2329 2330 2319 
7563 2319 2330 2331 2320 
7564 2320 2331 2332 2321 
7565 127 128 3136 2322 
7566 2322 3136 3137 2323 
7567 2323 3137 3138 2324 
7568 2324 3138 3139 2325 
7569 2325 3139 3140 2326 
7570 2326 3140 3141 2327 
7571 2327 3141 3142 2328 
7572 2328 3142 3143 2329 
7573 2329 3143 3144 2330 
7574 2330 3144 3145 2331 
7575 2331 3145 3146 2332 
7576 128 129 3147 3136 
7577 3136 3147 3148 3137 
7578 3137 3148 3149 3138 
7579 3138 3149 3150 3139 
7580 3139 3150 3151 3140 
7581 3140 3151 3152 3141 
7582 3141 3152 3153 3142 
7583 3142 3153 3154 3143 
7584 3143 3154 3155 3144 
7585 3144 3155 3156 3145 
7586 3145 3156 3157 3146 
7587 129 130 1200 3147 
7588 3147 1200 1201 3148 
7589 3148 1201 1202 3149 
7590 3149 1202 1203 3150 
7591 3150 1203 1204 3151 
7592 3151 1204 1205 3152 
7593 3152 1205 1206 3153 
7594 3153 1206 1207 3154 
7595 3154 1207 1208 3155 
7596 3155 1208 1209 3156 
7597 3156 1209 1210 3157 
7598 130 131 1211 1200 
7599 1200 1211 1212 1201 
7600 1201 1212 1213 1202 
7601 1202 1213 1214 1203 
7602 1203 1214 1215 1204 
7603 1204 1215 1216 1205 
7604 1205 1216 1217 1206 
7605 1206 1217 1218 1207 
7606 1207 1218 1219 1208 
7607 1208 1219 1220 1209 
7608 1209 1220 1221 1210 
7609 131 132 2487 1211 
7610 1211 2487 2488 1212 
7611 1212 2488 2489 1213 
7612 1213 2489 2490 1214 
7613 1214 2490 2491 1215 
7614 1215 2491 2492 1216 
7615 1216 2492 2493 1217 
7616 1217 2493 2494 1218 
7617 1218 2494 2495 1219 
7618 1219 2495 2496 1220 
7619 1220 2496 2497 1221 
7620 132 133 2498 2487 
7621 2487 2498 2499 2488 
7622 2488 2499 2500 2489 
7623 2489 2500 2501 2490 
7624 2490 2501 2502 2491 
7625 2491 2502 2503 2492 
7626 2492 2503 2504 2493 
7627 2493 2504 2505 2494 
7628 2494 2505 2506 2495 
7629 2495 2506 2507 2496 
7630 2496 2507 2508 2497 
7631 133 134 2509 2498 
7632 2498 2509 2510 2499 
7633 2499 2510 2511 2500 
7634 2500 2511 2512 2501 
7635 2501 2512 2513 2502 
7636 2502 2513 2514 2503 
7637 2503 2514 2515 2504 
7638 2504 2515 2516 2505 
7639 2505 2516 2517 2506 
7640 2506 2517 2518 2507 
7641 2507 2518 2519 2508 
7642 261 262 3015 3004 
7643 3004 3015 3016 3005 
7644 3005 3016 3017 3006 
7645 3006 3017 3018 3007 
7646 3007 3018 3019 3008 
7647 3008 3019 3020 3009 
7648 3009 3020 3021 3010 
7649 3010 3021 3022 3011 
7650 3011 3022 3023 3012 
7651 3012 3023 3024 3013 
7652 3013 3024 3025 3014 
7653 262 263 3026 3015 
7654 3015 3026 3027 3016 
7655 3016 3027 3028 3017 
7656 3017 3028 3029 3018 
7657 3018 3029 3030 3019 
7658 3019 3030 3031 3020 
7659 3020 3031 3032 3021 
7660 3021 3032 3033 3022 
7661 3022 3033 3034 3023 
7662 3023 3034 3035 3024 
7663 3024 3035 3036 3025 
7664 134 135 2520 2509 
7665 2509 2520 2521 2510 
7666 2510 2521 2522 2511 
7667 2511 2522 2523 2512 
7668 2512 2523 2524 2513 
7669 2513 2524 2525 2514 
7670 2514 2525 2526 2515 
7671 2515 2526 2527 2516 
7672 2516 2527 2528 2517 
7673 2517 2528 2529 2518 
7674 2518 2529 2530 2519 
7675 135 136 2630 2520 
7676 2520 2630 2631 2521 
7677 2521 2631 2632 2522 
7678 2522 2632 2633 2523 
7679 2523 2633 2634 2524 
7680 2524 2634 2635 2525 
7681 2525 2635 2636 2526 
7682 2526 2636 2637 2527 
7683 2527 2637 2638 2528 
7684 2528 2638 2639 2529 
7685 2529 2639 2640 2530 
7686 136 137 2641 2630 
7687 2630 2641 2642 2631 
7688 2631 2642 2643 2632 
7689 2632 2643 2644 2633 
7690 2633 2644 2645 2634 
7691 2634 2645 2646 2635 
7692 2635 2646 2647 2636 
7693 2636 2647 2648 2637 
7694 2637 2648 2649 2638 
7695 2638 2649 2650 2639 
7696 2639 2650 2651 2640 
7697 137 138 1398 2641 
7698 2641 1398 1399 2642 
7699 2642 1399 1400 2643 
7700 2643 1400 1401 2644 
7701 2644 1401 1402 2645 
7702 2645 1402 1403 2646 
7703 2646 1403 1404 2647 
7704 2647 1404 1405 2648 
7705 2648 1405 1406 2649 
7706 2649 1406 1407 2650 
7707 2650 1407 1408 2651 
7708 138 139 1409 1398 
7709 1398 1409 1410 1399 
7710 1399 1410 1411 1400 
7711 1400 1411 1412 1401 
7712 1401 1412 1413 1402 
7713 1402 1413 1414 1403 
7714 1403 1414 1415 1404 
7715 1404 1415 1416 1405 
7716 1405 1416 1417 1406 
7717 1406 1417 1418 1407 
7718 1407 1418 1419 1408 
7719 139 140 2894 1409 
7720 1409 2894 2895 1410 
7721 1410 2895 2896 1411 
7722 1411 2896 2897 1412 
7723 1412 2897 2898 1413 
7724 1413 2898 2899 1414 
7725 1414 2899 2900 1415 
7726 1415 2900 2901 1416 
7727 1416 2901 2902 1417 
7728 1417 2902 2903 1418 
7729 1418 2903 2904 1419 
7730 140 141 2905 2894 
7731 2894 2905 2906 2895 
7732 2895 2906 2907 2896 
7733 2896 2907 2908 2897 
7734 2897 2908 2909 2898 
7735 2898 2909 2910 2899 
7736 2899 2910 2911 2900 
7737 2900 2911 2912 2901 
7738 2901 2912 2913 2902 
7739 2902 2913 2914 2903 
7740 2903 2914 2915 2904 
7741 141 142 3719 2905 
7742 2905 3719 3720 2906 
7743 2906 3720 3721 2907 
7744 2907 3721 3722 2908 
7745 2908 3722 3723 2909 
7746 2909 3723 3724 2910 
7747 2910 3724 3725 2911 
7748 2911 3725 3726 2912 
7749 2912 3726 3727 2913 
7750 2913 3727 3728 2914 
7751 2914 3728 3729 2915 
7752 142 143 3730 3719 
7753 3719 3730 3731 3720 
7754 3720 3731 3732 3721 
7755 3721 3732 3733 3722 
7756 3722 3733 3734 3723 
7757 3723 3734 3735 3724 
7758 3724 3735 3736 3725 
7759 3725 3736 3737 3726 
7760 3726 3737 3738 3727 
7761 3727 3738 3739 3728 
7762 3728 3739 3740 3729 
7763 143 144 540 3730 
7764 3730 540 541 3731 
7765 3731 541 542 3732 
7766 3732 542 543 3733 
7767 3733 543 544 3734 
7768 3734 544 545 3735 
7769 3735 545 546 3736 
7770 3736 546 547 3737 
7771 3737 547 548 3738 
7772 3738 548 549 3739 
7773 3739 549 550 3740 
7774 144 145 551 540 
7775 540 551 552 541 
7776 541 552 553 542 
7777 542 553 554 543 
7778 543 554 555 544 
7779 544 555 556 545 
7780 545 556 557 546 
7781 546 557 558 547 
7782 547 558 559 548 
7783 548 559 560 549 
7784 549 560 561 550 
7785 145 146 2696 551 
7786 551 2696 2697 552 
7787 552 2697 2698 553 
7788 553 2698 2699 554 
7789 554 2699 2700 555 
7790 555 2700 2701 556 
7791 556 2701 2702 557 
7792 557 2702 2703 558 
7793 558 2703 2704 559 
7794 559 2704 2705 560 
7795 560 2705 2706 561 
7796 146 147 2707 2696 
7797 2696 2707 2708 2697 
7798 2697 2708 2709 2698 
7799 2698 2709 2710 2699 
7800 2699 2710 2711 2700 
7801 2700 2711 2712 2701 
7802 2701 2712 2713 2702 
7803 2702 2713 2714 2703 
7804 2703 2714 2715 2704 
7805 2704 2715 2716 2705 
7806 2705 2716 2717 2706 
7807 147 148 1695 2707 
7808 2707 1695 1696 2708 
7809 2708 1696 1697 2709 
7810 2709 1697 1698 2710 
7811 2710 1698 1699 2711 
7812 2711 1699 1700 2712 
7813 2712 1700 1701 2713 
7814 2713 1701 1702 2714 
7815 2714 1702 1703 2715 
7816 2715 1703 1704 2716 
7817 2716 1704 1705 2717 
7818 148 149 1706 1695 
7819 1695 1706 1707 1696 
7820 1696 1707 1708 1697 
7821 1697 1708 1709 1698 
7822 1698 1709 1710 1699 
7823 1699 1710 1711 1700 
7824 1700 1711 1712 1701 
7825 1701 1712 1713 1702 
7826 1702 1713 1714 1703 
7827 1703 1714 1715 1704 
7828 1704 1715 1716 1705 
7829 149 150 2201 1706 
7830 1706 2201 2202 1707 
7831 1707 2202 2203 1708 
7832 1708 2203 2204 1709 
7833 1709 2204 2205 1710 
7834 1710 2205 2206 1711 
7835 1711 2206 2207 1712 
7836 1712 2207 2208 1713 
7837 1713 2208 2209 1714 
7838 1714 2209 2210 1715 
7839 1715 2210 2211 1716 
7840 150 151 2212 2201 
7841 2201 2212 2213 2202 
7842 2202 2213 2214 2203 
7843 2203 2214 2215 2204 
7844 2204 2215 2216 2205 
7845 2205 2216 2217 2206 
7846 2206 2217 2218 2207 
7847 2207 2218 2219 2208 
7848 2208 2219 2220 2209 
7849 2209 2220 2221 2210 
7850 2210 2221 2222 2211 
7851 151 152 2278 2212 
7852 2212 2278 2279 2213 
7853 2213 2279 2280 2214 
7854 2214 2280 2281 2215 
7855 2215 2281 2282 2216 
7856 2216 2282 2283 2217 
7857 2217 2283 2284 2218 
7858 2218 2284 2285 2219 
7859 2219 2285 2286 2220 
7860 2220 2286 2287 2221 
7861 2221 2287 2288 2222 
7862 152 153 2289 2278 
7863 2278 2289 2290 2279 
7864 2279 2290 2291 2280 
7865 2280 2291 2292 2281 
7866 2281 2292 2293 2282 
7867 2282 2293 2294 2283 
7868 2283 2294 2295 2284 
7869 2284 2295 2296 2285 
7870 2285 2296 2297 2286 
7871 2286 2297 2298 2287 
7872 2287 2298 2299 2288 
7873 153 154 1046 2289 
7874 2289 1046 1047 2290 
7875 2290 1047 1048 2291 
7876 2291 1048 1049 2292 
7877 2292 1049 1050 2293 
7878 2293 1050 1051 2294 
7879 2294 1051 1052 2295 
7880 2295 1052 1053 2296 
7881 2296 1053 1054 2297 
7882 2297 1054 1055 2298 
7883 2298 1055 1056 2299 
7884 154 2 3367 1046 
7885 1046 3367 3368 1047 
7886 1047 3368 3369 1048 
7887 1048 3369 3370 1049 
7888 1049 3370 3371 1050 
7889 1050 3371 3372 1051 
7890 1051 3372 3373 1052 
7891 1052 3373 3374 1053 
7892 1053 3374 3375 1054 
7893 1054 3375 3376 1055 
7894 1055 3376 3377 1056 
7895 2 155 1761 3367 
7896 3367 1761 1762 3368 
7897 3368 1762 1763 3369 
7898 3369 1763 1764 3370 
7899 3370 1764 1765 3371 
7900 3371 1765 1766 3372 
7901 3372 1766 1767 3373 
7902 3373 1767 1768 3374 
7903 3374 1768 1769 3375 
7904 3375 1769 1770 3376 
7905 3376 1770 1771 3377 
7906 155 156 1772 1761 
7907 1761 1772 1773 1762 
7908 1762 1773 1774 1763 
7909 1763 1774 1775 1764 
7910 1764 1775 1776 1765 
7911 1765 1776 1777 1766 
7912 1766 1777 1778 1767 
7913 1767 1778 1779 1768 
7914 1768 1779 1780 1769 
7915 1769 1780 1781 1770 
7916 1770 1781 1782 1771 
7917 156 157 2443 1772 
7918 1772 2443 2444 1773 
7919 1773 2444 2445 1774 
7920 1774 2445 2446 1775 
7921 1775 2446 2447 1776 
7922 1776 2447 2448 1777 
7923 1777 2448 2449 1778 
7924 1778 2449 2450 1779 
7925 1779 2450 2451 1780 
7926 1780 2451 2452 1781 
7927 1781 2452 2453 1782 
7928 157 158 2454 2443 
7929 2443 2454 2455 2444 
7930 2444 2455 2456 2445 
7931 2445 2456 2457 2446 
7932 2446 2457 2458 2447 
7933 2447 2458 2459 2448 
7934 2448 2459 2460 2449 
7935 2449 2460 2461 2450 
7936 2450 2461 2462 2451 
7937 2451 2462 2463 2452 
7938 2452 2463 2464 2453 
7939 158 159 2344 2454 
7940 2454 2344 2345 2455 
7941 2455 2345 2346 2456 
7942 2456 2346 2347 2457 
7943 2457 2347 2348 2458 
7944 2458 2348 2349 2459 
7945 2459 2349 2350 2460 
7946 2460 2350 2351 2461 
7947 2461 2351 2352 2462 
7948 2462 2352 2353 2463 
7949 2463 2353 2354 2464 
7950 159 160 2355 2344 
7951 2344 2355 2356 2345 
7952 2345 2356 2357 2346 
7953 2346 2357 2358 2347 
7954 2347 2358 2359 2348 
7955 2348 2359 2360 2349 
7956 2349 2360 2361 2350 
7957 2350 2361 2362 2351 
7958 2351 2362 2363 2352 
7959 2352 2363 2364 2353 
7960 2353 2364 2365 2354 
7961 160 161 1376 2355 
7962 2355 1376 1377 2356 
7963 2356 1377 1378 2357 
7964 2357 1378 1379 2358 
7965 2358 1379 1380 2359 
7966 2359 1380 1381 2360 
7967 2360 1381 1382 2361 
7968 2361 1382 1383 2362 
7969 2362 1383 1384 2363 
7970 2363 1384 1385 2364 
7971 2364 1385 1386 2365 
7972 161 162 1387 1376 
7973 1376 1387 1388 1377 
7974 1377 1388 1389 1378 
7975 1378 1389 1390 1379 
7976 1379 1390 1391 1380 
7977 1380 1391 1392 1381 
7978 1381 1392 1393 1382 
7979 1382 1393 1394 1383 
7980 1383 1394 1395 1384 
7981 1384 1395 1396 1385 
7982 1385 1396 1397 1386 
7983 162 163 1354 1387 
7984 1387 1354 1355 1388 
7985 1388 1355 1356 1389 
7986 1389 1356 1357 1390 
7987 1390 1357 1358 1391 
7988 1391 1358 1359 1392 
7989 1392 1359 1360 1393 
7990 1393 1360 1361 1394 
7991 1394 1361 1362 1395 
7992 1395 1362 1363 1396 
7993 1396 1363 1364 1397 
7994 163 164 1365 1354 
7995 1354 1365 1366 1355 
7996 1355 1366 1367 1356 
7997 1356 1367 1368 1357 
7998 1357 1368 1369 1358 
7999 1358 1369 1370 1359 
8000 1359 1370 1371 1360 
8001 1360 1371 1372 1361 
8002 1361 1372 1373 1362 
8003 1362 1373 1374 1363 
8004 1363 1374 1375 1364 
8005 164 165 1816 1365 
8006 1365 1816 1817 1366 
8007 1366 1817 1818 1367 
8008 1367 1818 1819 1368 
8009 1368 1819 1820 1369 
8010 1369 1820 1821 1370 
8011 1370 1821 1822 1371 
8012 1371 1822 1823 1372 
8013 1372 1823 1824 1373 
8014 1373 1824 1825 1374 
8015 1374 1825 1826 1375 
8016 165 166 1827 1816 
8017 1816 1827 1828 1817 
8018 1817 1828 1829 1818 
8019 1818 1829 1830 1819 
8020 1819 1830 1831 1820 
8021 1820 1831 1832 1821 
8022 1821 1832 1833 1822 
8023 1822 1833 1834 1823 
8024 1823 1834 1835 1824 
8025 1824 1835 1836 1825 
8026 1825 1836 1837 1826 
8027 166 167 2773 1827 
8028 1827 2773 2774 1828 
8029 1828 2774 2775 1829 
8030 1829 2775 2776 1830 
8031 1830 2776 2777 1831 
8032 1831 2777 2778 1832 
8033 1832 2778 2779 1833 
8034 1833 2779 2780 1834 
8035 1834 2780 2781 1835 
8036 1835 2781 2782 1836 
8037 1836 2782 2783 1837 
8038 167 168 2784 2773 
8039 2773 2784 2785 2774 
8040 2774 2785 2786 2775 
8041 2775 2786 2787 2776 
8042 2776 2787 2788 2777 
8043 2777 2788 2789 2778 
8044 2778 2789 2790 2779 
8045 2779 2790 2791 2780 
8046 2780 2791 2792 2781 
8047 2781 2792 2793 2782 
8048 2782 2793 2794 2783 
8049 168 169 2135 2784 
8050 2784 2135 2136 2785 
8051 2785 2136 2137 2786 
8052 2786 2137 2138 2787 
8053 2787 2138 2139 2788 
8054 2788 2139 2140 2789 
8055 2789 2140 2141 2790 
8056 2790 2141 2142 2791 
8057 2791 2142 2143 2792 
8058 2792 2143 2144 2793 
8059 2793 2144 2145 2794 
8060 169 170 2146 2135 
8061 2135 2146 2147 2136 
8062 2136 2147 2148 2137 
8063 2137 2148 2149 2138 
8064 2138 2149 2150 2139 
8065 2139 2150 2151 2140 
8066 2140 2151 2152 2141 
8067 2141 2152 2153 2142 
8068 2142 2153 2154 2143 
8069 2143 2154 2155 2144 
8070 2144 2155 2156 2145 
8071 170 171 2157 2146 
8072 2146 2157 2158 2147 
8073 2147 2158 2159 2148 
8074 2148 2159 2160 2149 
8075 2149 2160 2161 2150 
8076 2150 2161 2162 2151 
8077 2151 2162 2163 2152 
8078 2152 2163 2164 2153 
8079 2153 2164 2165 2154 
8080 2154 2165 2166 2155 
8081 2155 2166 2167 2156 
8082 171 172 1992 2157 
8083 2157 1992 1993 2158 
8084 2158 1993 1994 2159 
8085 2159 1994 1995 2160 
8086 2160 1995 1996 2161 
8087 2161 1996 1997 2162 
8088 2162 1997 1998 2163 
8089 2163 1998 1999 2164 
8090 2164 1999 2000 2165 
8091 2165 2000 2001 2166 
8092 2166 2001 2002 2167 
8093 172 173 2003 1992 
8094 1992 2003 2004 1993 
8095 1993 2004 2005 1994 
8096 1994 2005 2006 1995 
8097 1995 2006 2007 1996 
8098 1996 2007 2008 1997 
8099 1997 2008 2009 1998 
8100 1998 2009 2010 1999 
8101 1999 2010 2011 2000 
8102 2000 2011 2012 2001 
8103 2001 2012 2013 2002 
8104 173 174 2014 2003 
8105 2003 2014 2015 2004 
8106 2004 2015 2016 2005 
8107 2005 2016 2017 2006 
8108 2006 2017 2018 2007 
8109 2007 2018 2019 2008 
8110 2008 2019 2020 2009 
8111 2009 2020 2021 2010 
8112 2010 2021 2022 2011 
8113 2011 2022 2023 2012 
8114 2012 2023 2024 2013 
8115 174 175 2168 2014 
8116 2014 2168 2169 2015 
8117 2015 2169 2170 2016 
8118 2016 2170 2171 2017 
8119 2017 2171 2172 2018 
8120 2018 2172 2173 2019 
8121 2019 2173 2174 2020 
8122 2020 2174 2175 2021 
8123 2021 2175 2176 2022 
8124 2022 2176 2177 2023 
8125 2023 2177 2178 2024 
8126 175 176 2179 2168 
8127 2168 2179 2180 2169 
8128 2169 2180 2181 2170 
8129 2170 2181 2182 2171 
8130 2171 2182 2183 2172 
8131 2172 2183 2184 2173 
8132 2173 2184 2185 2174 
8133 2174 2185 2186 2175 
8134 2175 2186 2187 2176 
8135 2176 2187 2188 2177 
8136 2177 2188 2189 2178 
8137 176 177 2190 2179 
8138 2179 2190 2191 2180 
8139 2180 2191 2192 2181 
8140 2181 2192 2193 2182 
8141 2182 2193 2194 2183 
8142 2183 2194 2195 2184 
8143 2184 2195 2196 2185 
8144 2185 2196 2197 2186 
8145 2186 2197 2198 2187 
8146 2187 2198 2199 2188 
8147 2188 2199 2200 2189 
8148 177 178 3554 2190 
8149 2190 3554 3555 2191 
8150 2191 3555 3556 2192 
8151 2192 3556 3557 2193 
8152 2193 3557 3558 2194 
8153 2194 3558 3559 2195 
8154 2195 3559 3560 2196 
8155 2196 3560 3561 2197 
8156 2197 3561 3562 2198 
8157 2198 3562 3563 2199 
8158 2199 3563 3564 2200 
8159 178 179 3565 3554 
8160 3554 3565 3566 3555 
8161 3555 3566 3567 3556 
8162 3556 3567 3568 3557 
8163 3557 3568 3569 3558 
8164 3558 3569 3570 3559 
8165 3559 3570 3571 3560 
8166 3560 3571 3572 3561 
8167 3561 3572 3573 3562 
8168 3562 3573 3574 3563 
8169 3563 3574 3575 3564 
8170 179 180 3576 3565 
8171 3565 3576 3577 3566 
8172 3566 3577 3578 3567 
8173 3567 3578 3579 3568 
8174 3568 3579 3580 3569 
8175 3569 3580 3581 3570 
8176 3570 3581 3582 3571 
8177 3571 3582 3583 3572 
8178 3572 3583 3584 3573 
8179 3573 3584 3585 3574 
8180 3574 3585 3586 3575 
8181 180 181 1288 3576 
8182 3576 1288 1289 3577 
8183 3577 1289 1290 3578 
8184 3578 1290 1291 3579 
8185 3579 1291 1292 3580 
8186 3580 1292 1293 3581 
8187 3581 1293 1294 3582 
8188 3582 1294 1295 3583 
8189 3583 1295 1296 3584 
8190 3584 1296 1297 3585 
8191 3585 1297 1298 3586 
8192 181 182 1299 1288 
8193 1288 1299 1300 1289 
8194 1289 1300 1301 1290 
8195 1290 1301 1302 1291 
8196 1291 1302 1303 1292 
8197 1292 1303 1304 1293 
8198 1293 1304 1305 1294 
8199 1294 1305 1306 1295 
8200 1295 1306 1307 1296 
8201 1296 1307 1308 1297 
8202 1297 1308 1309 1298 
8203 182 183 1310 1299 
8204 1299 1310 1311 1300 
8205 1300 1311 1312 1301 
8206 1301 1312 1313 1302 
8207 1302 1313 1314 1303 
8208 1303 1314 1315 1304 
8209 1304 1315 1316 1305 
8210 1305 1316 1317 1306 
8211 1306 1317 1318 1307 
8212 1307 1318 1319 1308 
8213 1308 1319 1320 1309 
8214 183 184 3092 1310 
8215 1310 3092 3093 1311 
8216 1311 3093 3094 1312 
8217 1312 3094 3095 1313 
8218 1313 3095 3096 1314 
8219 1314 3096 3097 1315 
8220 1315 3097 3098 1316 
8221 1316 3098 3099 1317 
8222 1317 3099 3100 1318 
8223 1318 3100 3101 1319 
8224 1319 3101 3102 1320 
8225 184 185 3103 3092 
8226 3092 3103 3104 3093 
8227 3093 3104 3105 3094 
8228 3094 3105 3106 3095 
8229 3095 3106 3107 3096 
8230 3096 3107 3108 3097 
8231 3097 3108 3109 3098 
8232 3098 3109 3110 3099 
8233 3099 3110 3111 3100 
8234 3100 3111 3112 3101 
8235 3101 3112 3113 3102 
8236 185 186 3114 3103 
8237 3103 3114 3115 3104 
8238 3104 3115 3116 3105 
8239 3105 3116 3117 3106 
8240 3106 3117 3118 3107 
8241 3107 3118 3119 3108 
8242 3108 3119 3120 3109 
8243 3109 3120 3121 3110 
8244 3110 3121 3122 3111 
8245 3111 3122 3123 3112 
8246 3112 3123 3124 3113 
8247 186 187 2223 3114 
8248 3114 2223 2224 3115 
8249 3115 2224 2225 3116 
8250 3116 2225 2226 3117 
8251 3117 2226 2227 3118 
8252 3118 2227 2228 3119 
8253 3119 2228 2229 3120 
8254 3120 2229 2230 3121 
8255 3121 2230 2231 3122 
8256 3122 2231 2232 3123 
8257 3123 2232 2233 3124 
8258 187 188 2234 2223 
8259 2223 2234 2235 2224 
8260 2224 2235 2236 2225 
8261 2225 2236 2237 2226 
8262 2226 2237 2238 2227 
8263 2227 2238 2239 2228 
8264 2228 2239 2240 2229 
8265 2229 2240 2241 2230 
8266 2230 2241 2242 2231 
8267 2231 2242 2243 2232 
8268 2232 2243 2244 2233 
8269 188 189 2245 2234 
8270 2234 2245 2246 2235 
8271 2235 2246 2247 2236 
8272 2236 2247 2248 2237 
8273 2237 2248 2249 2238 
8274 2238 2249 2250 2239 
8275 2239 2250 2251 2240 
8276 2240 2251 2252 2241 
8277 2241 2252 2253 2242 
8278 2242 2253 2254 2243 
8279 2243 2254 2255 2244 
8280 189 190 903 2245 
8281 2245 903 904 2246 
8282 2246 904 905 2247 
8283 2247 905 906 2248 
8284 2248 906 907 2249 
8285 2249 907 908 2250 
8286 2250 908 909 2251 
8287 2251 909 910 2252 
8288 2252 910 911 2253 
8289 2253 911 912 2254 
8290 2254 912 913 2255 
8291 190 191 914 903 
8292 903 914 915 904 
8293 904 915 916 905 
8294 905 916 917 906 
8295 906 917 918 907 
8296 907 918 919 908 
8297 908 919 920 909 
8298 909 920 921 910 
8299 910 921 922 911 
8300 911 922 923 912 
8301 912 923 924 913 
8302 191 192 925 914 
8303 914 925 926 915 
8304 915 926 927 916 
8305 916 927 928 917 
8306 917 928 929 918 
8307 918 929 930 919 
8308 919 930 931 920 
8309 920 931 932 921 
8310 921 932 933 922 
8311 922 933 934 923 
8312 923 934 935 924 
8313 202 203 1970 1959 
8314 1959 1970 1971 1960 
8315 1960 1971 1972 1961 
8316 1961 1972 1973 1962 
8317 1962 1973 1974 1963 
8318 1963 1974 1975 1964 
8319 1964 1975 1976 1965 
8320 1965 1976 1977 1966 
8321 1966 1977 1978 1967 
8322 1967 1978 1979 1968 
8323 1968 1979 1980 1969 
8324 203 204 1981 1970 
8325 1970 1981 1982 1971 
8326 1971 1982 1983 1972 
8327 1972 1983 1984 1973 
8328 1973 1984 1985 1974 
8329 1974 1985 1986 1975 
8330 1975 1986 1987 1976 
8331 1976 1987 1988 1977 
8332 1977 1988 1989 1978 
8333 1978 1989 1990 1979 
8334 1979 1990 1991 1980 
8335 204 205 3499 1981 
8336 1981 3499 3500 1982 
8337 1982 3500 3501 1983 
8338 1983 3501 3502 1984 
8339 1984 3502 3503 1985 
8340 1985 3503 3504 1986 
8341 1986 3504 3505 1987 
8342 1987 3505 3506 1988 
8343 1988 3506 3507 1989 
8344 1989 3507 3508 1990 
8345 1990 3508 3509 1991 
8346 205 206 3510 3499 
8347 3499 3510 3511 3500 
8348 3500 3511 3512 3501 
8349 3501 3512 3513 3502 
8350 3502 3513 3514 3503 
8351 3503 3514 3515 3504 
8352 3504 3515 3516 3505 
8353 3505 3516 3517 3506 
8354 3506 3517 3518 3507 
8355 3507 3518 3519 3508 
8356 3508 3519 3520 3509 
8357 206 207 3521 3510 
8358 3510 3521 3522 3511 
8359 3511 3522 3523 3512 
8360 3512 3523 3524 3513 
8361 3513 3524 3525 3514 
8362 3514 3525 3526 3515 
8363 3515 3526 3527 3516 
8364 3516 3527 3528 3517 
8365 3517 3528 3529 3518 
8366 3518 3529 3530 3519 
8367 3519 3530 3531 3520 
8368 207 208 2047 3521 
8369 3521 2047 2048 3522 
8370 3522 2048 2049 3523 
8371 3523 2049 2050 3524 
8372 3524 2050 2051 3525 
8373 3525 2051 2052 3526 
8374 3526 2052 2053 3527 
8375 3527 2053 2054 3528 
8376 3528 2054 2055 3529 
8377 3529 2055 2056 3530 
8378 3530 2056 2057 3531 
8379 208 209 2058 2047 
8380 2047 2058 2059 2048 
8381 2048 2059 2060 2049 
8382 2049 2060 2061 2050 
8383 2050 2061 2062 2051 
8384 2051 2062 2063 2052 
8385 2052 2063 2064 2053 
8386 2053 2064 2065 2054 
8387 2054 2065 2066 2055 
8388 2055 2066 2067 2056 
8389 2056 2067 2068 2057 
8390 209 210 2069 2058 
8391 2058 2069 2070 2059 
8392 2059 2070 2071 2060 
8393 2060 2071 2072 2061 
8394 2061 2072 2073 2062 
8395 2062 2073 2074 2063 
8396 2063 2074 2075 2064 
8397 2064 2075 2076 2065 
8398 2065 2076 2077 2066 
8399 2066 2077 2078 2067 
8400 2067 2078 2079 2068 
8401 210 211 1783 2069 
8402 2069 1783 1784 2070 
8403 2070 1784 1785 2071 
8404 2071 1785 1786 2072 
8405 2072 1786 1787 2073 
8406 2073 1787 1788 2074 
8407 2074 1788 1789 2075 
8408 2075 1789 1790 2076 
8409 2076 1790 1791 2077 
8410 2077 1791 1792 2078 
8411 2078 1792 1793 2079 
8412 211 212 1794 1783 
8413 1783 1794 1795 1784 
8414 1784 1795 1796 1785 
8415 1785 1796 1797 1786 
8416 1786 1797 1798 1787 
8417 1787 1798 1799 1788 
8418 1788 1799 1800 1789 
8419 1789 1800 1801 1790 
8420 1790 1801 1802 1791 
8421 1791 1802 1803 1792 
8422 1792 1803 1804 1793 
8423 212 213 1805 1794 
8424 1794 1805 1806 1795 
8425 1795 1806 1807 1796 
8426 1796 1807 1808 1797 
8427 1797 1808 1809 1798 
8428 1798 1809 1810 1799 
8429 1799 1810 1811 1800 
8430 1800 1811 1812 1801 
8431 1801 1812 1813 1802 
8432 1802 1813 1814 1803 
8433 1803 1814 1815 1804 
8434 213 214 3301 1805 
8435 1805 3301 3302 1806 
8436 1806 3302 3303 1807 
8437 1807 3303 3304 1808 
8438 1808 3304 3305 1809 
8439 1809 3305 3306 1810 
8440 1810 3306 3307 1811 
8441 1811 3307 3308 1812 
8442 1812 3308 3309 1813 
8443 1813 3309 3310 1814 
8444 1814 3310 3311 1815 
8445 214 215 3312 3301 
8446 3301 3312 3313 3302 
8447 3302 3313 3314 3303 
8448 3303 3314 3315 3304 
8449 3304 3315 3316 3305 
8450 3305 3316 3317 3306 
8451 3306 3317 3318 3307 
8452 3307 3318 3319 3308 
8453 3308 3319 3320 3309 
8454 3309 3320 3321 3310 
8455 3310 3321 3322 3311 
8456 215 216 3323 3312 
8457 3312 3323 3324 3313 
8458 3313 3324 3325 3314 
8459 3314 3325 3326 3315 
8460 3315 3326 3327 3316 
8461 3316 3327 3328 3317 
8462 3317 3328 3329 3318 
8463 3318 3329 3330 3319 
8464 3319 3330 3331 3320 
8465 3320 3331 3332 3321 
8466 3321 3332 3333 3322 
8467 216 217 771 3323 
8468 3323 771 772 3324 
8469 3324 772 773 3325 
8470 3325 773 774 3326 
8471 3326 774 775 3327 
8472 3327 775 776 3328 
8473 3328 776 777 3329 
8474 3329 777 778 3330 
8475 3330 778 779 3331 
8476 3331 779 780 3332 
8477 3332 780 781 3333 
8478 217 218 782 771 
8479 771 782 783 772 
8480 772 783 784 773 
8481 773 784 785 774 
8482 774 785 786 775 
8483 775 786 787 776 
8484 776 787 788 777 
8485 777 788 789 778 
8486 778 789 790 779 
8487 779 790 791 780 
8488 780 791 792 781 
8489 218 219 793 782 
8490 782 793 794 783 
8491 783 794 795 784 
8492 784 795 796 785 
8493 785 796 797 786 
8494 786 797 798 787 
8495 787 798 799 788 
8496 788 799 800 789 
8497 789 800 801 790 
8498 790 801 802 791 
8499 791 802 803 792 
8500 219 220 1244 793 
8501 793 1244 1245 794 
8502 794 1245 1246 795 
8503 795 1246 1247 796 
8504 796 1247 1248 797 
8505 797 1248 1249 798 
8506 798 1249 1250 799 
8507 799 1250 1251 800 
8508 800 1251 1252 801 
8509 801 1252 1253 802 
8510 802 1253 1254 803 
8511 220 221 1255 1244 
8512 1244 1255 1256 1245 
8513 1245 1256 1257 1246 
8514 1246 1257 1258 1247 
8515 1247 1258 1259 1248 
8516 1248 1259 1260 1249 
8517 1249 1260 1261 1250 
8518 1250 1261 1262 1251 
8519 1251 1262 1263 1252 
8520 1252 1263 1264 1253 
8521 1253 1264 1265 1254 
8522 221 222 1266 1255 
8523 1255 1266 1267 1256 
8524 1256 1267 1268 1257 
8525 1257 1268 1269 1258 
8526 1258 1269 1270 1259 
8527 1259 1270 1271 1260 
8528 1260 1271 1272 1261 
8529 1261 1272 1273 1262 
8530 1262 1273 1274 1263 
8531 1263 1274 1275 1264 
8532 1264 1275 1276 1265 
8533 222 223 2102 1266 
8534 1266 2102 2103 1267 
8535 1267 2103 2104 1268 
8536 1268 2104 2105 1269 
8537 1269 2105 2106 1270 
8538 1270 2106 2107 1271 
8539 1271 2107 2108 1272 
8540 1272 2108 2109 1273 
8541 1273 2109 2110 1274 
8542 1274 2110 2111 1275 
8543 1275 2111 2112 1276 
8544 223 224 2113 2102 
8545 2102 2113 2114 2103 
8546 2103 2114 2115 2104 
8547 2104 2115 2116 2105 
8548 2105 2116 2117 2106 
8549 2106 2117 2118 2107 
8550 2107 2118 2119 2108 
8551 2108 2119 2120 2109 
8552 2109 2120 2121 2110 
8553 2110 2121 2122 2111 
8554 2111 2122 2123 2112 
8555 224 225 2124 2113 
8556 2113 2124 2125 2114 
8557 2114 2125 2126 2115 
8558 2115 2126 2127 2116 
8559 2116 2127 2128 2117 
8560 2117 2128 2129 2118 
8561 2118 2129 2130 2119 
8562 2119 2130 2131 2120 
8563 2120 2131 2132 2121 
8564 2121 2132 2133 2122 
8565 2122 2133 2134 2123 
8566 225 226 3609 2124 
8567 2124 3609 3610 2125 
8568 2125 3610 3611 2126 
8569 2126 3611 3612 2127 
8570 2127 3612 3613 2128 
8571 2128 3613 3614 2129 
8572 2129 3614 3615 2130 
8573 2130 3615 3616 2131 
8574 2131 3616 3617 2132 
8575 2132 3617 3618 2133 
8576 2133 3618 3619 2134 
8577 226 227 3620 3609 
8578 3609 3620 3621 3610 
8579 3610 3621 3622 3611 
8580 3611 3622 3623 3612 
8581 3612 3623 3624 3613 
8582 3613 3624 3625 3614 
8583 3614 3625 3626 3615 
8584 3615 3626 3627 3616 
8585 3616 3627 3628 3617 
8586 3617 3628 3629 3618 
8587 3618 3629 3630 3619 
8588 227 228 3631 3620 
8589 3620 3631 3632 3621 
8590 3621 3632 3633 3622 
8591 3622 3633 3634 3623 
8592 3623 3634 3635 3624 
8593 3624 3635 3636 3625 
8594 3625 3636 3637 3626 
8595 3626 3637 3638 3627 
8596 3627 3638 3639 3628 
8597 3628 3639 3640 3629 
8598 3629 3640 3641 3630 
8599 228 229 2663 3631 
8600 3631 2663 2664 3632 
8601 3632 2664 2665 3633 
8602 3633 2665 2666 3634 
8603 3634 2666 2667 3635 
8604 3635 2667 2668 3636 
8605 3636 2668 2669 3637 
8606 3637 2669 2670 3638 
8607 3638 2670 2671 3639 
8608 3639 2671 2672 3640 
8609 3640 2672 2673 3641 
8610 229 230 2674 2663 
8611 2663 2674 2675 2664 
8612 2664 2675 2676 2665 
8613 2665 2676 2677 2666 
8614 2666 2677 2678 2667 
8615 2667 2678 2679 2668 
8616 2668 2679 2680 2669 
8617 2669 2680 2681 2670 
8618 2670 2681 2682 2671 
8619 2671 2682 2683 2672 
8620 2672 2683 2684 2673 
8621 230 231 2685 2674 
8622 2674 2685 2686 2675 
8623 2675 2686 2687 2676 
8624 2676 2687 2688 2677 
8625 2677 2688 2689 2678 
8626 2678 2689 2690 2679 
8627 2679 2690 2691 2680 
8628 2680 2691 2692 2681 
8629 2681 2692 2693 2682 
8630 2682 2693 2694 2683 
8631 2683 2694 2695 2684 
8632 231 232 1321 2685 
8633 2685 1321 1322 2686 
8634 2686 1322 1323 2687 
8635 2687 1323 1324 2688 
8636 2688 1324 1325 2689 
8637 2689 1325 1326 2690 
8638 2690 1326 1327 2691 
8639 2691 1327 1328 2692 
8640 2692 1328 1329 2693 
8641 2693 1329 1330 2694 
8642 2694 1330 1331 2695 
8643 232 233 1332 1321 
8644 1321 1332 1333 1322 
8645 1322 1333 1334 1323 
8646 1323 1334 1335 1324 
8647 1324 1335 1336 1325 
8648 1325 1336 1337 1326 
8649 1326 1337 1338 1327 
8650 1327 1338 1339 1328 
8651 1328 1339 1340 1329 
8652 1329 1340 1341 1330 
8653 1330 1341 1342 1331 
8654 233 234 1343 1332 
8655 1332 1343 1344 1333 
8656 1333 1344 1345 1334 
8657 1334 1345 1346 1335 
8658 1335 1346 1347 1336 
8659 1336 1347 1348 1337 
8660 1337 1348 1349 1338 
8661 1338 1349 1350 1339 
8662 1339 1350 1351 1340 
8663 1340 1351 1352 1341 
8664 1341 1352 1353 1342 
8665 234 235 397 1343 
8666 1343 397 398 1344 
8667 1344 398 399 1345 
8668 1345 399 400 1346 
8669 1346 400 401 1347 
8670 1347 401 402 1348 
8671 1348 402 403 1349 
8672 1349 403 404 1350 
8673 1350 404 405 1351 
8674 1351 405 406 1352 
8675 1352 406 407 1353 
8676 235 236 408 397 
8677 397 408 409 398 
8678 398 409 410 399 
8679 399 410 411 400 
8680 400 411 412 401 
8681 401 412 413 402 
8682 402 413 414 403 
8683 403 414 415 404 
8684 404 415 416 405 
8685 405 416 417 406 
8686 406 417 418 407 
8687 236 237 419 408 
8688 408 419 420 409 
8689 409 420 421 410 
8690 410 421 422 411 
8691 411 422 423 412 
8692 412 423 424 413 
8693 413 424 425 414 
8694 414 425 426 415 
8695 415 426 427 416 
8696 416 427 428 417 
8697 417 428 429 418 
8698 237 238 1057 419 
8699 419 1057 1058 420 
8700 420 1058 1059 421 
8701 421 1059 1060 422 
8702 422 1060 1061 423 
8703 423 1061 1062 424 
8704 424 1062 1063 425 
8705 425 1063 1064 426 
8706 426 1064 1065 427 
8707 427 1065 1066 428 
8708 428 1066 1067 429 
8709 238 239 1068 1057 
8710 1057 1068 1069 1058 
8711 1058 1069 1070 1059 
8712 1059 1070 1071 1060 
8713 1060 1071 1072 1061 
8714 1061 1072 1073 1062 
8715 1062 1073 1074 1063 
8716 1063 1074 1075 1064 
8717 1064 1075 1076 1065 
8718 1065 1076 1077 1066 
8719 1066 1077 1078 1067 
8720 239 240 1079 1068 
8721 1068 1079 1080 1069 
8722 1069 1080 1081 1070 
8723 1070 1081 1082 1071 
8724 1071 1082 1083 1072 
8725 1072 1083 1084 1073 
8726 1073 1084 1085 1074 
8727 1074 1085 1086 1075 
8728 1075 1086 1087 1076 
8729 1076 1087 1088 1077 
8730 1077 1088 1089 1078 
8731 240 241 2795 1079 
8732 1079 2795 2796 1080 
8733 1080 2796 2797 1081 
8734 1081 2797 2798 1082 
8735 1082 2798 2799 1083 
8736 1083 2799 2800 1084 
8737 1084 2800 2801 1085 
8738 1085 2801 2802 1086 
8739 1086 2802 2803 1087 
8740 1087 2803 2804 1088 
8741 1088 2804 2805 1089 
8742 241 242 2806 2795 
8743 2795 2806 2807 2796 
8744 2796 2807 2808 2797 
8745 2797 2808 2809 2798 
8746 2798 2809 2810 2799 
8747 2799 2810 2811 2800 
8748 2800 2811 2812 2801 
8749 2801 2812 2813 2802 
8750 2802 2813 2814 2803 
8751 2803 2814 2815 2804 
8752 2804 2815 2816 2805 
8753 242 243 2817 2806 
8754 2806 2817 2818 2807 
8755 2807 2818 2819 2808 
8756 2808 2819 2820 2809 
8757 2809 2820 2821 2810 
8758 2810 2821 2822 2811 
8759 2811 2822 2823 2812 
8760 2812 2823 2824 2813 
8761 2813 2824 2825 2814 
8762 2814 2825 2826 2815 
8763 2815 2826 2827 2816 
8764 243 244 2828 2817 
8765 2817 2828 2829 2818 
8766 2818 2829 2830 2819 
8767 2819 2830 2831 2820 
8768 2820 2831 2832 2821 
8769 2821 2832 2833 2822 
8770 2822 2833 2834 2823 
8771 2823 2834 2835 2824 
8772 2824 2835 2836 2825 
8773 2825 2836 2837 2826 
8774 2826 2837 2838 2827 
8775 244 245 2839 2828 
8776 2828 2839 2840 2829 
8777 2829 2840 2841 2830 
8778 2830 2841 2842 2831 
8779 2831 2842 2843 2832 
8780 2832 2843 2844 2833 
8781 2833 2844 2845 2834 
8782 2834 2845 2846 2835 
8783 2835 2846 2847 2836 
8784 2836 2847 2848 2837 
8785 2837 2848 2849 2838 
8786 245 246 2850 2839 
8787 2839 2850 2851 2840 
8788 2840 2851 2852 2841 
8789 2841 2852 2853 2842 
8790 2842 2853 2854 2843 
8791 2843 2854 2855 2844 
8792 2844 2855 2856 2845 
8793 2845 2856 2857 2846 
8794 2846 2857 2858 2847 
8795 2847 2858 2859 2848 
8796 2848 2859 2860 2849 
8797 246 247 3411 2850 
8798 2850 3411 3412 2851 
8799 2851 3412 3413 2852 
8800 2852 3413 3414 2853 
8801 2853 3414 3415 2854 
8802 2854 3415 3416 2855 
8803 2855 3416 3417 2856 
8804 2856 3417 3418 2857 
8805 2857 3418 3419 2858 
8806 2858 3419 3420 2859 
8807 2859 3420 3421 2860 
8808 247 248 3422 3411 
8809 3411 3422 3423 3412 
8810 3412 3423 3424 3413 
8811 3413 3424 3425 3414 
8812 3414 3425 3426 3415 
8813 3415 3426 3427 3416 
8814 3416 3427 3428 3417 
8815 3417 3428 3429 3418 
8816 3418 3429 3430 3419 
8817 3419 3430 3431 3420 
8818 3420 3431 3432 3421 
8819 248 249 3433 3422 
8820 3422 3433 3434 3423 
8821 3423 3434 3435 3424 
8822 3424 3435 3436 3425 
8823 3425 3436 3437 3426 
8824 3426 3437 3438 3427 
8825 3427 3438 3439 3428 
8826 3428 3439 3440 3429 
8827 3429 3440 3441 3430 
8828 3430 3441 3442 3431 
8829 3431 3442 3443 3432 
8830 249 250 3048 3433 
8831 3433 3048 3049 3434 
8832 3434 3049 3050 3435 
8833 3435 3050 3051 3436 
8834 3436 3051 3052 3437 
8835 3437 3052 3053 3438 
8836 3438 3053 3054 3439 
8837 3439 3054 3055 3440 
8838 3440 3055 3056 3441 
8839 3441 3056 3057 3442 
8840 3442 3057 3058 3443 
8841 250 251 3059 3048 
8842 3048 3059 3060 3049 
8843 3049 3060 3061 3050 
8844 3050 3061 3062 3051 
8845 3051 3062 3063 3052 
8846 3052 3063 3064 3053 
8847 3053 3064 3065 3054 
8848 3054 3065 3066 3055 
8849 3055 3066 3067 3056 
8850 3056 3067 3068 3057 
8851 3057 3068 3069 3058 
8852 251 252 3070 3059 
8853 3059 3070 3071 3060 
8854 3060 3071 3072 3061 
8855 3061 3072 3073 3062 
8856 3062 3073 3074 3063 
8857 3063 3074 3075 3064 
8858 3064 3075 3076 3065 
8859 3065 3076 3077 3066 
8860 3066 3077 3078 3067 
8861 3067 3078 3079 3068 
8862 3068 3079 3080 3069 
8863 252 253 2718 3070 
8864 3070 2718 2719 3071 
8865 3071 2719 2720 3072 
8866 3072 2720 2721 3073 
8867 3073 2721 2722 3074 
8868 3074 2722 2723 3075 
8869 3075 2723 2724 3076 
8870 3076 2724 2725 3077 
8871 3077 2725 2726 3078 
8872 3078 2726 2727 3079 
8873 3079 2727 2728 3080 
8874 253 254 2729 2718 
8875 2718 2729 2730 2719 
8876 2719 2730 2731 2720 
8877 2720 2731 2732 2721 
8878 2721 2732 2733 2722 
8879 2722 2733 2734 2723 
8880 2723 2734 2735 2724 
8881 2724 2735 2736 2725 
8882 2725 2736 2737 2726 
8883 2726 2737 2738 2727 
8884 2727 2738 2739 2728 
8885 254 255 2740 2729 
8886 2729 2740 2741 2730 
8887 2730 2741 2742 2731 
8888 2731 2742 2743 2732 
8889 2732 2743 2744 2733 
8890 2733 2744 2745 2734 
8891 2734 2745 2746 2735 
8892 2735 2746 2747 2736 
8893 2736 2747 2748 2737 
8894 2737 2748 2749 2738 
8895 2738 2749 2750 2739 
8896 255 256 3840 2740 
8897 2740 3840 3841 2741 
8898 2741 3841 3842 2742 
8899 2742 3842 3843 2743 
8900 2743 3843 3844 2744 
8901 2744 3844 3845 2745 
8902 2745 3845 3846 2746 
8903 2746 3846 3847 2747 
8904 2747 3847 3848 2748 
8905 2748 3848 3849 2749 
8906 2749 3849 3850 2750 
8907 256 257 3851 3840 
8908 3840 3851 3852 3841 
8909 3841 3852 3853 3842 
8910 3842 3853 3854 3843 
8911 3843 3854 3855 3844 
8912 3844 3855 3856 3845 
8913 3845 3856 3857 3846 
8914 3846 3857 3858 3847 
8915 3847 3858 3859 3848 
8916 3848 3859 3860 3849 
8917 3849 3860 3861 3850 
8918 257 258 3862 3851 
8919 3851 3862 3863 3852 
8920 3852 3863 3864 3853 
8921 3853 3864 3865 3854 
8922 3854 3865 3866 3855 
8923 3855 3866 3867 3856 
8924 3856 3867 3868 3857 
8925 3857 3868 3869 3858 
8926 3858 3869 3870 3859 
8927 3859 3870 3871 3860 
8928 3860 3871 3872 3861 
8929 258 259 2982 3862 
8930 3862 2982 2983 3863 
8931 3863 2983 2984 3864 
8932 3864 2984 2985 3865 
8933 3865 2985 2986 3866 
8934 3866 2986 2987 3867 
8935 3867 2987 2988 3868 
8936 3868 2988 2989 3869 
8937 3869 2989 2990 3870 
8938 3870 2990 2991 3871 
8939 3871 2991 2992 3872 
8940 259 260 2993 2982 
8941 2982 2993 2994 2983 
8942 2983 2994 2995 2984 
8943 2984 2995 2996 2985 
8944 2985 2996 2997 2986 
8945 2986 2997 2998 2987 
8946 2987 2998 2999 2988 
8947 2988 2999 3000 2989 
8948 2989 3000 3001 2990 
8949 2990 3001 3002 2991 
8950 2991 3002 3003 2992 
8951 260 261 3004 2993 
8952 2993 3004 3005 2994 
8953 2994 3005 3006 2995 
8954 2995 3006 3007 2996 
8955 2996 3007 3008 2997 
8956 2997 3008 3009 2998 
8957 2998 3009 3010 2999 
8958 2999 3010 3011 3000 
8959 3000 3011 3012 3001 
8960 3001 3012 3013 3002 
8961 3002 3013 3014 3003 
8962 263 264 3037 3026 
8963 3026 3037 3038 3027 
8964 3027 3038 3039 3028 
8965 3028 3039 3040 3029 
8966 3029 3040 3041 3030 
8967 3030 3041 3042 3031 
8968 3031 3042 3043 3032 
8969 3032 3043 3044 3033 
8970 3033 3044 3045 3034 
8971 3034 3045 3046 3035 
8972 3035 3046 3047 3036 
8973 264 265 2575 3037 
8974 3037 2575 2576 3038 
8975 3038 2576 2577 3039 
8976 3039 2577 2578 3040 
8977 3040 2578 2579 3041 
8978 3041 2579 2580 3042 
8979 3042 2580 2581 3043 
8980 3043 2581 2582 3044 
8981 3044 2582 2583 3045 
8982 3045 2583 2584 3046 
8983 3046 2584 2585 3047 
8984 265 266 2586 2575 
8985 2575 2586 2587 2576 
8986 2576 2587 2588 2577 
8987 2577 2588 2589 2578 
8988 2578 2589 2590 2579 
8989 2579 2590 2591 2580 
8990 2580 2591 2592 2581 
8991 2581 2592 2593 2582 
8992 2582 2593 2594 2583 
8993 2583 2594 2595 2584 
8994 2584 2595 2596 2585 
8995 266 267 2597 2586 
8996 2586 2597 2598 2587 
8997 2587 2598 2599 2588 
8998 2588 2599 2600 2589 
8999 2589 2600 2601 2590 
9000 2590 2601 2602 2591 
9001 2591 2602 2603 2592 
9002 2592 2603 2604 2593 
9003 2593 2604 2605 2594 
9004 2594 2605 2606 2595 
9005 2595 2606 2607 2596 
9006 267 268 2861 2597 
9007 2597 2861 2862 2598 
9008 2598 2862 2863 2599 
9009 2599 2863 2864 2600 
9010 2600 2864 2865 2601 
9011 2601 2865 2866 2602 
9012 2602 2866 2867 2603 
9013 2603 2867 2868 2604 
9014 2604 2868 2869 2605 
9015 2605 2869 2870 2606 
9016 2606 2870 2871 2607 
9017 268 269 2872 2861 
9018 2861 2872 2873 2862 
9019 2862 2873 2874 2863 
9020 2863 2874 2875 2864 
9021 2864 2875 2876 2865 
9022 2865 2876 2877 2866 
9023 2866 2877 2878 2867 
9024 2867 2878 2879 2868 
9025 2868 2879 2880 2869 
9026 2869 2880 2881 2870 
9027 2870 2881 2882 2871 
9028 269 270 2883 2872 
9029 2872 2883 2884 2873 
9030 2873 2884 2885 2874 
9031 2874 2885 2886 2875 
9032 2875 2886 2887 2876 
9033 2876 2887 2888 2877 
9034 2877 2888 2889 2878 
9035 2878 2889 2890 2879 
9036 2879 2890 2891 2880 
9037 2880 2891 2892 2881 
9038 2881 2892 2893 2882 
9039 270 271 2949 2883 
9040 2883 2949 2950 2884 
9041 2884 2950 2951 2885 
9042 2885 2951 2952 2886 
9043 2886 2952 2953 2887 
9044 2887 2953 2954 2888 
9045 2888 2954 2955 2889 
9046 2889 2955 2956 2890 
9047 2890 2956 2957 2891 
9048 2891 2957 2958 2892 
9049 2892 2958 2959 2893 
9050 271 272 2960 2949 
9051 2949 2960 2961 2950 
9052 2950 2961 2962 2951 
9053 2951 2962 2963 2952 
9054 2952 2963 2964 2953 
9055 2953 2964 2965 2954 
9056 2954 2965 2966 2955 
9057 2955 2966 2967 2956 
9058 2956 2967 2968 2957 
9059 2957 2968 2969 2958 
9060 2958 2969 2970 2959 
9061 272 273 2971 2960 
9062 2960 2971 2972 2961 
9063 2961 2972 2973 2962 
9064 2962 2973 2974 2963 
9065 2963 2974 2975 2964 
9066 2964 2975 2976 2965 
9067 2965 2976 2977 2966 
9068 2966 2977 2978 2967 
9069 2967 2978 2979 2968 
9070 2968 2979 2980 2969 
9071 2969 2980 2981 2970 
9072 273 274 3378 2971 
9073 2971 3378 3379 2972 
9074 2972 3379 3380 2973 
9075 2973 3380 3381 2974 
9076 2974 3381 3382 2975 
9077 2975 3382 3383 2976 
9078 2976 3383 3384 2977 
9079 2977 3384 3385 2978 
9080 2978 3385 3386 2979 
9081 2979 3386 3387 2980 
9082 2980 3387 3388 2981 
9083 274 275 3389 3378 
9084 3378 3389 3390 3379 
9085 3379 3390 3391 3380 
9086 3380 3391 3392 3381 
9087 3381 3392 3393 3382 
9088 3382 3393 3394 3383 
9089 3383 3394 3395 3384 
9090 3384 3395 3396 3385 
9091 3385 3396 3397 3386 
9092 3386 3397 3398 3387 
9093 3387 3398 3399 3388 
9094 275 276 3400 3389 
9095 3389 3400 3401 3390 
9096 3390 3401 3402 3391 
9097 3391 3402 3403 3392 
9098 3392 3403 3404 3393 
9099 3393 3404 3405 3394 
9100 3394 3405 3406 3395 
9101 3395 3406 3407 3396 
9102 3396 3407 3408 3397 
9103 3397 3408 3409 3398 
9104 3398 3409 3410 3399 
9105 276 277 1849 3400 
9106 3400 1849 1850 3401 
9107 3401 1850 1851 3402 
9108 3402 1851 1852 3403 
9109 3403 1852 1853 3404 
9110 3404 1853 1854 3405 
9111 3405 1854 1855 3406 
9112 3406 1855 1856 3407 
9113 3407 1856 1857 3408 
9114 3408 1857 1858 3409 
9115 3409 1858 1859 3410 
9116 277 278 1860 1849 
9117 1849 1860 1861 1850 
9118 1850 1861 1862 1851 
9119 1851 1862 1863 1852 
9120 1852 1863 1864 1853 
9121 1853 1864 1865 1854 
9122 1854 1865 1866 1855 
9123 1855 1866 1867 1856 
9124 1856 1867 1868 1857 
9125 1857 1868 1869 1858 
9126 1858 1869 1870 1859 
9127 278 279 1871 1860 
9128 1860 1871 1872 1861 
9129 1861 1872 1873 1862 
9130 1862 1873 1874 1863 
9131 1863 1874 1875 1864 
9132 1864 1875 1876 1865 
9133 1865 1876 1877 1866 
9134 1866 1877 1878 1867 
9135 1867 1878 1879 1868 
9136 1868 1879 1880 1869 
9137 1869 1880 1881 1870 
9138 279 280 3257 1871 
9139 1871 3257 3258 1872 
9140 1872 3258 3259 1873 
9141 1873 3259 3260 1874 
9142 1874 3260 3261 1875 
9143 1875 3261 3262 1876 
9144 1876 3262 3263 1877 
9145 1877 3263 3264 1878 
9146 1878 3264 3265 1879 
9147 1879 3265 3266 1880 
9148 1880 3266 3267 1881 
9149 280 281 3268 3257 
9150 3257 3268 3269 3258 
9151 3258 3269 3270 3259 
9152 3259 3270 3271 3260 
9153 3260 3271 3272 3261 
9154 3261 3272 3273 3262 
9155 3262 3273 3274 3263 
9156 3263 3274 3275 3264 
9157 3264 3275 3276 3265 
9158 3265 3276 3277 3266 
9159 3266 3277 3278 3267 
9160 281 282 3279 3268 
9161 3268 3279 3280 3269 
9162 3269 3280 3281 3270 
9163 3270 3281 3282 3271 
9164 3271 3282 3283 3272 
9165 3272 3283 3284 3273 
9166 3273 3284 3285 3274 
9167 3274 3285 3286 3275 
9168 3275 3286 3287 3276 
9169 3276 3287 3288 3277 
9170 3277 3288 3289 3278 
9171 282 283 3444 3279 
9172 3279 3444 3445 3280 
9173 3280 3445 3446 3281 
9174 3281 3446 3447 3282 
9175 3282 3447 3448 3283 
9176 3283 3448 3449 3284 
9177 3284 3449 3450 3285 
9178 3285 3450 3451 3286 
9179 3286 3451 3452 3287 
9180 3287 3452 3453 3288 
9181 3288 3453 3454 3289 
9182 283 284 3455 3444 
9183 3444 3455 3456 3445 
9184 3445 3456 3457 3446 
9185 3446 3457 3458 3447 
9186 3447 3458 3459 3448 
9187 3448 3459 3460 3449 
9188 3449 3460 3461 3450 
9189 3450 3461 3462 3451 
9190 3451 3462 3463 3452 
9191 3452 3463 3464 3453 
9192 3453 3464 3465 3454 
9193 284 285 3466 3455 
9194 3455 3466 3467 3456 
9195 3456 3467 3468 3457 
9196 3457 3468 3469 3458 
9197 3458 3469 3470 3459 
9198 3459 3470 3471 3460 
9199 3460 3471 3472 3461 
9200 3461 3472 3473 3462 
9201 3462 3473 3474 3463 
9202 3463 3474 3475 3464 
9203 3464 3475 3476 3465 
9204 285 286 3191 3466 
9205 3466 3191 3192 3467 
9206 3467 3192 3193 3468 
9207 3468 3193 3194 3469 
9208 3469 3194 3195 3470 
9209 3470 3195 3196 3471 
9210 3471 3196 3197 3472 
9211 3472 3197 3198 3473 
9212 3473 3198 3199 3474 
9213 3474 3199 3200 3475 
9214 3475 3200 3201 3476 
9215 286 287 3202 3191 
9216 3191 3202 3203 3192 
9217 3192 3203 3204 3193 
9218 3193 3204 3205 3194 
9219 3194 3205 3206 3195 
9220 3195 3206 3207 3196 
9221 3196 3207 3208 3197 
9222 3197 3208 3209 3198 
9223 3198 3209 3210 3199 
9224 3199 3210 3211 3200 
9225 3200 3211 3212 3201 
9226 287 288 3213 3202 
9227 3202 3213 3214 3203 
9228 3203 3214 3215 3204 
9229 3204 3215 3216 3205 
9230 3205 3216 3217 3206 
9231 3206 3217 3218 3207 
9232 3207 3218 3219 3208 
9233 3208 3219 3220 3209 
9234 3209 3220 3221 3210 
9235 3210 3221 3222 3211 
9236 3211 3222 3223 3212 
9237 288 289 2916 3213 
9238 3213 2916 2917 3214 
9239 3214 2917 2918 3215 
9240 3215 2918 2919 3216 
9241 3216 2919 2920 3217 
9242 3217 2920 2921 3218 
9243 3218 2921 2922 3219 
9244 3219 2922 2923 3220 
9245 3220 2923 2924 3221 
9246 3221 2924 2925 3222 
9247 3222 2925 2926 3223 
9248 289 290 2927 2916 
9249 2916 2927 2928 2917 
9250 2917 2928 2929 2918 
9251 2918 2929 2930 2919 
9252 2919 2930 2931 2920 
9253 2920 2931 2932 2921 
9254 2921 2932 2933 2922 
9255 2922 2933 2934 2923 
9256 2923 2934 2935 2924 
9257 2924 2935 2936 2925 
9258 2925 2936 2937 2926 
9259 290 291 2938 2927 
9260 2927 2938 2939 2928 
9261 2928 2939 2940 2929 
9262 2929 2940 2941 2930 
9263 2930 2941 2942 2931 
9264 2931 2942 2943 2932 
9265 2932 2943 2944 2933 
9266 2933 2944 2945 2934 
9267 2934 2945 2946 2935 
9268 2935 2946 2947 2936 
9269 2936 2947 2948 2937 
9270 291 292 1013 2938 
9271 2938 1013 1014 2939 
9272 2939 1014 1015 2940 
9273 2940 1015 1016 2941 
9274 2941 1016 1017 2942 
9275 2942 1017 1018 2943 
9276 2943 1018 1019 2944 
9277 2944 1019 1020 2945 
9278 2945 1020 1021 2946 
9279 2946 1021 1022 2947 
9280 2947 1022 1023 2948 
9281 292 293 1024 1013 
9282 1013 1024 1025 1014 
9283 1014 1025 1026 1015 
9284 1015 1026 1027 1016 
9285 1016 1027 1028 1017 
9286 1017 1028 1029 1018 
9287 1018 1029 1030 1019 
9288 1019 1030 1031 1020 
9289 1020 1031 1032 1021 
9290 1021 1032 1033 1022 
9291 1022 1033 1034 1023 
9292 293 294 1035 1024 
9293 1024 1035 1036 1025 
9294 1025 1036 1037 1026 
9295 1026 1037 1038 1027 
9296 1027 1038 1039 1028 
9297 1028 1039 1040 1029 
9298 1029 1040 1041 1030 
9299 1030 1041 1042 1031 
9300 1031 1042 1043 1032 
9301 1032 1043 1044 1033 
9302 1033 1044 1045 1034 
9303 294 295 3158 1035 
9304 1035 3158 3159 1036 
9305 1036 3159 3160 1037 
9306 1037 3160 3161 1038 
9307 1038 3161 3162 1039 
9308 1039 3162 3163 1040 
9309 1040 3163 3164 1041 
9310 1041 3164 3165 1042 
9311 1042 3165 3166 1043 
9312 1043 3166 3167 1044 
9313 1044 3167 3168 1045 
9314 295 296 3169 3158 
9315 3158 3169 3170 3159 
9316 3159 3170 3171 3160 
9317 3160 3171 3172 3161 
9318 3161 3172 3173 3162 
9319 3162 3173 3174 3163 
9320 3163 3174 3175 3164 
9321 3164 3175 3176 3165 
9322 3165 3176 3177 3166 
9323 3166 3177 3178 3167 
9324 3167 3178 3179 3168 
9325 296 297 3180 3169 
9326 3169 3180 3181 3170 
9327 3170 3181 3182 3171 
9328 3171 3182 3183 3172 
9329 3172 3183 3184 3173 
9330 3173 3184 3185 3174 
9331 3174 3185 3186 3175 
9332 3175 3186 3187 3176 
9333 3176 3187 3188 3177 
9334 3177 3188 3189 3178 
9335 3178 3189 3190 3179 
9336 297 298 3763 3180 
9337 3180 3763 3764 3181 
9338 3181 3764 3765 3182 
9339 3182 3765 3766 3183 
9340 3183 3766 3767 3184 
9341 3184 3767 3768 3185 
9342 3185 3768 3769 3186 
9343 3186 3769 3770 3187 
9344 3187 3770 3771 3188 
9345 3188 3771 3772 3189 
9346 3189 3772 3773 3190 
9347 298 299 3774 3763 
9348 3763 3774 3775 3764 
9349 3764 3775 3776 3765 
9350 3765 3776 3777 3766 
9351 3766 3777 3778 3767 
9352 3767 3778 3779 3768 
9353 3768 3779 3780 3769 
9354 3769 3780 3781 3770 
9355 3770 3781 3782 3771 
9356 3771 3782 3783 3772 
9357 3772 3783 3784 3773 
9358 1 7 3653 1420 
9359 1420 3653 3654 1421 
9360 1421 3654 3655 1422 
9361 1422 3655 3656 1423 
9362 1423 3656 3657 1424 
9363 1424 3657 3658 1425 
9364 1425 3658 3659 1426 
9365 1426 3659 3660 1427 
9366 1427 3660 3661 1428 
9367 1428 3661 3662 1429 
9368 1429 3662 3663 1430 
9369 15 16 375 2300 
9370 2300 375 376 2301 
9371 2301 376 377 2302 
9372 2302 377 378 2303 
9373 2303 378 379 2304 
9374 2304 379 380 2305 
9375 2305 380 381 2306 
9376 2306 381 382 2307 
9377 2307 382 383 2308 
9378 2308 383 384 2309 
9379 2309 384 385 2310 
9380 16 17 881 375 
9381 375 881 882 376 
9382 376 882 883 377 
9383 377 883 884 378 
9384 378 884 885 379 
9385 379 885 886 380 
9386 380 886 887 381 
9387 381 887 888 382 
9388 382 888 889 383 
9389 383 889 890 384 
9390 384 890 891 385 
9391 13 14 1882 3642 
9392 3642 1882 1883 3643 
9393 3643 1883 1884 3644 
9394 3644 1884 1885 3645 
9395 3645 1885 1886 3646 
9396 3646 1886 1887 3647 
9397 3647 1887 1888 3648 
9398 3648 1888 1889 3649 
9399 3649 1889 1890 3650 
9400 3650 1890 1891 3651 
9401 3651 1891 1892 3652 
9402 20 21 3356 3246 
9403 3246 3356 3357 3247 
9404 3247 3357 3358 3248 
9405 3248 3358 3359 3249 
9406 3249 3359 3360 3250 
9407 3250 3360 3361 3251 
9408 3251 3361 3362 3252 
9409 3252 3362 3363 3253 
9410 3253 3363 3364 3254 
9411 3254 3364 3365 3255 
9412 3255 3365 3366 3256 
9413 7 8 2377 3653 
9414 3653 2377 2378 3654 
9415 3654 2378 2379 3655 
9416 3655 2379 2380 3656 
9417 3656 2380 2381 3657 
9418 3657 2381 2382 3658 
9419 3658 2382 2383 3659 
9420 3659 2383 2384 3660 
9421 3660 2384 2385 3661 
9422 3661 2385 2386 3662 
9423 3662 2386 2387 3663 
9424 29 30 3125 2333 
9425 2333 3125 3126 2334 
9426 2334 3126 3127 2335 
9427 2335 3127 3128 2336 
9428 2336 3128 3129 2337 
9429 2337 3129 3130 2338 
9430 2338 3130 3131 2339 
9431 2339 3131 3132 2340 
9432 2340 3132 3133 2341 
9433 2341 3133 3134 2342 
9434 2342 3134 3135 2343 
9435 53 54 749 969 
9436 969 749 750 970 
9437 970 750 751 971 
9438 971 751 752 972 
9439 972 752 753 973 
9440 973 753 754 974 
9441 974 754 755 975 
9442 975 755 756 976 
9443 976 756 757 977 
9444 977 757 758 978 
9445 978 758 759 979 
9446 54 55 760 749 
9447 749 760 761 750 
9448 750 761 762 751 
9449 751 762 763 752 
9450 752 763 764 753 
9451 753 764 765 754 
9452 754 765 766 755 
9453 755 766 767 756 
9454 756 767 768 757 
9455 757 768 769 758 
9456 758 769 770 759 
9457 31 32 606 892 
9458 892 606 607 893 
9459 893 607 608 894 
9460 894 608 609 895 
9461 895 609 610 896 
9462 896 610 611 897 
9463 897 611 612 898 
9464 898 612 613 899 
9465 899 613 614 900 
9466 900 614 615 901 
9467 901 615 616 902 
9468 32 33 441 606 
9469 606 441 442 607 
9470 607 442 443 608 
9471 608 443 444 609 
9472 609 444 445 610 
9473 610 445 446 611 
9474 611 446 447 612 
9475 612 447 448 613 
9476 613 448 449 614 
9477 614 449 450 615 
9478 615 450 451 616 
9479 33 34 815 441 
9480 441 815 816 442 
9481 442 816 817 443 
9482 443 817 818 444 
9483 444 818 819 445 
9484 445 819 820 446 
9485 446 820 821 447 
9486 447 821 822 448 
9487 448 822 823 449 
9488 449 823 824 450 
9489 450 824 825 451 
9490 34 35 1145 815 
9491 815 1145 1146 816 
9492 816 1146 1147 817 
9493 817 1147 1148 818 
9494 818 1148 1149 819 
9495 819 1149 1150 820 
9496 820 1150 1151 821 
9497 821 1151 1152 822 
9498 822 1152 1153 823 
9499 823 1153 1154 824 
9500 824 1154 1155 825 
9501 35 36 1134 1145 
9502 1145 1134 1135 1146 
9503 1146 1135 1136 1147 
9504 1147 1136 1137 1148 
9505 1148 1137 1138 1149 
9506 1149 1138 1139 1150 
9507 1150 1139 1140 1151 
9508 1151 1140 1141 1152 
9509 1152 1141 1142 1153 
9510 1153 1142 1143 1154 
9511 1154 1143 1144 1155 
9512 36 37 1178 1134 
9513 1134 1178 1179 1135 
9514 1135 1179 1180 1136 
9515 1136 1180 1181 1137 
9516 1137 1181 1182 1138 
9517 1138 1182 1183 1139 
9518 1139 1183 1184 1140 
9519 1140 1184 1185 1141 
9520 1141 1185 1186 1142 
9521 1142 1186 1187 1143 
9522 1143 1187 1188 1144 
9523 37 38 727 1178 
9524 1178 727 728 1179 
9525 1179 728 729 1180 
9526 1180 729 730 1181 
9527 1181 730 731 1182 
9528 1182 731 732 1183 
9529 1183 732 733 1184 
9530 1184 733 734 1185 
9531 1185 734 735 1186 
9532 1186 735 736 1187 
9533 1187 736 737 1188 
9534 38 39 1838 727 
9535 727 1838 1839 728 
9536 728 1839 1840 729 
9537 729 1840 1841 730 
9538 730 1841 1842 731 
9539 731 1842 1843 732 
9540 732 1843 1844 733 
9541 733 1844 1845 734 
9542 734 1845 1846 735 
9543 735 1846 1847 736 
9544 736 1847 1848 737 
9545 39 40 661 1838 
9546 1838 661 662 1839 
9547 1839 662 663 1840 
9548 1840 663 664 1841 
9549 1841 664 665 1842 
9550 1842 665 666 1843 
9551 1843 666 667 1844 
9552 1844 667 668 1845 
9553 1845 668 669 1846 
9554 1846 669 670 1847 
9555 1847 670 671 1848 
9556 40 41 617 661 
9557 661 617 618 662 
9558 662 618 619 663 
9559 663 619 620 664 
9560 664 620 621 665 
9561 665 621 622 666 
9562 666 622 623 667 
9563 667 623 624 668 
9564 668 624 625 669 
9565 669 625 626 670 
9566 670 626 627 671 
9567 41 42 672 617 
9568 617 672 673 618 
9569 618 673 674 619 
9570 619 674 675 620 
9571 620 675 676 621 
9572 621 676 677 622 
9573 622 677 678 623 
9574 623 678 679 624 
9575 624 679 680 625 
9576 625 680 681 626 
9577 626 681 682 627 
9578 42 43 936 672 
9579 672 936 937 673 
9580 673 937 938 674 
9581 674 938 939 675 
9582 675 939 940 676 
9583 676 940 941 677 
9584 677 941 942 678 
9585 678 942 943 679 
9586 679 943 944 680 
9587 680 944 945 681 
9588 681 945 946 682 
9589 43 44 573 936 
9590 936 573 574 937 
9591 937 574 575 938 
9592 938 575 576 939 
9593 939 576 577 940 
9594 940 577 578 941 
9595 941 578 579 942 
9596 942 579 580 943 
9597 943 580 581 944 
9598 944 581 582 945 
9599 945 582 583 946 
9600 44 45 826 573 
9601 573 826 827 574 
9602 574 827 828 575 
9603 575 828 829 576 
9604 576 829 830 577 
9605 577 830 831 578 
9606 578 831 832 579 
9607 579 832 833 580 
9608 580 833 834 581 
9609 581 834 835 582 
9610 582 835 836 583 
9611 45 46 650 826 
9612 826 650 651 827 
9613 827 651 652 828 
9614 828 652 653 829 
9615 829 653 654 830 
9616 830 654 655 831 
9617 831 655 656 832 
9618 832 656 657 833 
9619 833 657 658 834 
9620 834 658 659 835 
9621 835 659 660 836 
9622 46 47 2465 650 
9623 650 2465 2466 651 
9624 651 2466 2467 652 
9625 652 2467 2468 653 
9626 653 2468 2469 654 
9627 654 2469 2470 655 
9628 655 2470 2471 656 
9629 656 2471 2472 657 
9630 657 2472 2473 658 
9631 658 2473 2474 659 
9632 659 2474 2475 660 
9633 47 48 958 2465 
9634 2465 958 959 2466 
9635 2466 959 960 2467 
9636 2467 960 961 2468 
9637 2468 961 962 2469 
9638 2469 962 963 2470 
9639 2470 963 964 2471 
9640 2471 964 965 2472 
9641 2472 965 966 2473 
9642 2473 966 967 2474 
9643 2474 967 968 2475 
9644 48 49 1717 958 
9645 958 1717 1718 959 
9646 959 1718 1719 960 
9647 960 1719 1720 961 
9648 961 1720 1721 962 
9649 962 1721 1722 963 
9650 963 1722 1723 964 
9651 964 1723 1724 965 
9652 965 1724 1725 966 
9653 966 1725 1726 967 
9654 967 1726 1727 968 
9655 49 50 1684 1717 
9656 1717 1684 1685 1718 
9657 1718 1685 1686 1719 
9658 1719 1686 1687 1720 
9659 1720 1687 1688 1721 
9660 1721 1688 1689 1722 
9661 1722 1689 1690 1723 
9662 1723 1690 1691 1724 
9663 1724 1691 1692 1725 
9664 1725 1692 1693 1726 
9665 1726 1693 1694 1727 
9666 50 51 3290 1684 
9667 1684 3290 3291 1685 
9668 1685 3291 3292 1686 
9669 1686 3292 3293 1687 
9670 1687 3293 3294 1688 
9671 1688 3294 3295 1689 
9672 1689 3295 3296 1690 
9673 1690 3296 3297 1691 
9674 1691 3297 3298 1692 
9675 1692 3298 3299 1693 
9676 1693 3299 3300 1694 
9677 51 52 1222 3290 
9678 3290 1222 1223 3291 
9679 3291 1223 1224 3292 
9680 3292 1224 1225 3293 
9681 3293 1225 1226 3294 
9682 3294 1226 1227 3295 
9683 3295 1227 1228 3296 
9684 3296 1228 1229 3297 
9685 3297 1229 1230 3298 
9686 3298 1230 1231 3299 
9687 3299 1231 1232 3300 
9688 52 53 969 1222 
9689 1222 969 970 1223 
9690 1223 970 971 1224 
9691 1224 971 972 1225 
9692 1225 972 973 1226 
9693 1226 973 974 1227 
9694 1227 974 975 1228 
9695 1228 975 976 1229 
9696 1229 976 977 1230 
9697 1230 977 978 1231 
9698 1231 978 979 1232 
9699 100 101 1101 1090 
9700 1090 1101 1102 1091 
9701 1091 1102 1103 1092 
9702 1092 1103 1104 1093 
9703 1093 1104 1105 1094 
9704 1094 1105 1106 1095 
9705 1095 1106 1107 1096 
9706 1096 1107 1108 1097 
9707 1097 1108 1109 1098 
9708 1098 1109 1110 1099 
9709 1099 1110 1111 1100 
9710 101 102 3334 1101 
9711 1101 3334 3335 1102 
9712 1102 3335 3336 1103 
9713 1103 3336 3337 1104 
9714 1104 3337 3338 1105 
9715 1105 3338 3339 1106 
9716 1106 3339 3340 1107 
9717 1107 3340 3341 1108 
9718 1108 3341 3342 1109 
9719 1109 3342 3343 1110 
9720 1110 3343 3344 1111 
9721 102 103 3345 3334 
9722 3334 3345 3346 3335 
9723 3335 3346 3347 3336 
9724 3336 3347 3348 3337 
9725 3337 3348 3349 3338 
9726 3338 3349 3350 3339 
9727 3339 3350 3351 3340 
9728 3340 3351 3352 3341 
9729 3341 3352 3353 3342 
9730 3342 3353 3354 3343 
9731 3343 3354 3355 3344 
9732 103 104 1728 3345 
9733 3345 1728 1729 3346 
9734 3346 1729 1730 3347 
9735 3347 1730 1731 3348 
9736 3348 1731 1732 3349 
9737 3349 1732 1733 3350 
9738 3350 1733 1734 3351 
9739 3351 1734 1735 3352 
9740 3352 1735 1736 3353 
9741 3353 1736 1737 3354 
9742 3354 1737 1738 3355 
9743 104 105 1739 1728 
9744 1728 1739 1740 1729 
9745 1729 1740 1741 1730 
9746 1730 1741 1742 1731 
9747 1731 1742 1743 1732 
9748 1732 1743 1744 1733 
9749 1733 1744 1745 1734 
9750 1734 1745 1746 1735 
9751 1735 1746 1747 1736 
9752 1736 1747 1748 1737 
9753 1737 1748 1749 1738 
9754 55 56 991 760 
9755 760 991 992 761 
9756 761 992 993 762 
9757 762 993 994 763 
9758 763 994 995 764 
9759 764 995 996 765 
9760 765 996 997 766 
9761 766 997 998 767 
9762 767 998 999 768 
9763 768 999 1000 769 
9764 769 1000 1001 770 
9765 56 57 1002 991 
9766 991 1002 1003 992 
9767 992 1003 1004 993 
9768 993 1004 1005 994 
9769 994 1005 1006 995 
9770 995 1006 1007 996 
9771 996 1007 1008 997 
9772 997 1008 1009 998 
9773 998 1009 1010 999 
9774 999 1010 1011 1000 
9775 1000 1011 1012 1001 
9776 57 58 980 1002 
9777 1002 980 981 1003 
9778 1003 981 982 1004 
9779 1004 982 983 1005 
9780 1005 983 984 1006 
9781 1006 984 985 1007 
9782 1007 985 986 1008 
9783 1008 986 987 1009 
9784 1009 987 988 1010 
9785 1010 988 989 1011 
9786 1011 989 990 1012 
9787 58 59 452 980 
9788 980 452 453 981 
9789 981 453 454 982 
9790 982 454 455 983 
9791 983 455 456 984 
9792 984 456 457 985 
9793 985 457 458 986 
9794 986 458 459 987 
9795 987 459 460 988 
9796 988 460 461 989 
9797 989 461 462 990 
9798 59 60 837 452 
9799 452 837 838 453 
9800 453 838 839 454 
9801 454 839 840 455 
9802 455 840 841 456 
9803 456 841 842 457 
9804 457 842 843 458 
9805 458 843 844 459 
9806 459 844 845 460 
9807 460 845 846 461 
9808 461 846 847 462 
9809 14 15 2300 1882 
9810 1882 2300 2301 1883 
9811 1883 2301 2302 1884 
9812 1884 2302 2303 1885 
9813 1885 2303 2304 1886 
9814 1886 2304 2305 1887 
9815 1887 2305 2306 1888 
9816 1888 2306 2307 1889 
9817 1889 2307 2308 1890 
9818 1890 2308 2309 1891 
9819 1891 2309 2310 1892 
9820 9 10 2652 1123 
9821 1123 2652 2653 1124 
9822 1124 2653 2654 1125 
9823 1125 2654 2655 1126 
9824 1126 2655 2656 1127 
9825 1127 2656 2657 1128 
9826 1128 2657 2658 1129 
9827 1129 2658 2659 1130 
9828 1130 2659 2660 1131 
9829 1131 2660 2661 1132 
9830 1132 2661 2662 1133 
9831 11 12 386 3664 
9832 3664 386 387 3665 
9833 3665 387 388 3666 
9834 3666 388 389 3667 
9835 3667 389 390 3668 
9836 3668 390 391 3669 
9837 3669 391 392 3670 
9838 3670 392 393 3671 
9839 3671 393 394 3672 
9840 3672 394 395 3673 
9841 3673 395 396 3674 
9842 8 9 1123 2377 
9843 2377 1123 1124 2378 
9844 2378 1124 1125 2379 
9845 2379 1125 1126 2380 
9846 2380 1126 1127 2381 
9847 2381 1127 1128 2382 
9848 2382 1128 1129 2383 
9849 2383 1129 1130 2384 
9850 2384 1130 1131 2385 
9851 2385 1131 1132 2386 
9852 2386 1132 1133 2387 
9853 12 13 3642 386 
9854 386 3642 3643 387 
9855 387 3643 3644 388 
9856 388 3644 3645 389 
9857 389 3645 3646 390 
9858 390 3646 3647 391 
9859 391 3647 3648 392 
9860 392 3648 3649 393 
9861 393 3649 3650 394 
9862 394 3650 3651 395 
9863 395 3651 3652 396 
9864 21 22 3235 3356 
9865 3356 3235 3236 3357 
9866 3357 3236 3237 3358 
9867 3358 3237 3238 3359 
9868 3359 3238 3239 3360 
9869 3360 3239 3240 3361 
9870 3361 3240 3241 3362 
9871 3362 3241 3242 3363 
9872 3363 3242 3243 3364 
9873 3364 3243 3244 3365 
9874 3365 3244 3245 3366 
9875 17 18 463 881 
9876 881 463 464 882 
9877 882 464 465 883 
9878 883 465 466 884 
9879 884 466 467 885 
9880 885 467 468 886 
9881 886 468 469 887 
9882 887 469 470 888 
9883 888 470 471 889 
9884 889 471 472 890 
9885 890 472 473 891 
9886 18 19 3081 463 
9887 463 3081 3082 464 
9888 464 3082 3083 465 
9889 465 3083 3084 466 
9890 466 3084 3085 467 
9891 467 3085 3086 468 
9892 468 3086 3087 469 
9893 469 3087 3088 470 
9894 470 3088 3089 471 
9895 471 3089 3090 472 
9896 472 3090 3091 473 
9897 30 31 892 3125 
9898 3125 892 893 3126 
9899 3126 893 894 3127 
9900 3127 894 895 3128 
9901 3128 895 896 3129 
9902 3129 896 897 3130 
9903 3130 897 898 3131 
9904 3131 898 899 3132 
9905 3132 899 900 3133 
9906 3133 900 901 3134 
9907 3134 901 902 3135 
9908 22 23 1750 3235 
9909 3235 1750 1751 3236 
9910 3236 1751 1752 3237 
9911 3237 1752 1753 3238 
9912 3238 1753 1754 3239 
9913 3239 1754 1755 3240 
9914 3240 1755 1756 3241 
9915 3241 1756 1757 3242 
9916 3242 1757 1758 3243 
9917 3243 1758 1759 3244 
9918 3244 1759 1760 3245 
9919 23 24 1277 1750 
9920 1750 1277 1278 1751 
9921 1751 1278 1279 1752 
9922 1752 1279 1280 1753 
9923 1753 1280 1281 1754 
9924 1754 1281 1282 1755 
9925 1755 1282 1283 1756 
9926 1756 1283 1284 1757 
9927 1757 1284 1285 1758 
9928 1758 1285 1286 1759 
9929 1759 1286 1287 1760 
9930 24 25 1189 1277 
9931 1277 1189 1190 1278 
9932 1278 1190 1191 1279 
9933 1279 1191 1192 1280 
9934 1280 1192 1193 1281 
9935 1281 1193 1194 1282 
9936 1282 1194 1195 1283 
9937 1283 1195 1196 1284 
9938 1284 1196 1197 1285 
9939 1285 1197 1198 1286 
9940 1286 1198 1199 1287 
9941 25 26 947 1189 
9942 1189 947 948 1190 
9943 1190 948 949 1191 
9944 1191 949 950 1192 
9945 1192 950 951 1193 
9946 1193 951 952 1194 
9947 1194 952 953 1195 
9948 1195 953 954 1196 
9949 1196 954 955 1197 
9950 1197 955 956 1198 
9951 1198 956 957 1199 
9952 26 27 3829 947 
9953 947 3829 3830 948 
9954 948 3830 3831 949 
9955 949 3831 3832 950 
9956 950 3832 3833 951 
9957 951 3833 3834 952 
9958 952 3834 3835 953 
9959 953 3835 3836 954 
9960 954 3836 3837 955 
9961 955 3837 3838 956 
9962 956 3838 3839 957 
9963 27 28 3873 3829 
9964 3829 3873 3874 3830 
9965 3830 3874 3875 3831 
9966 3831 3875 3876 3832 
9967 3832 3876 3877 3833 
9968 3833 3877 3878 3834 
9969 3834 3878 3879 3835 
9970 3835 3879 3880 3836 
9971 3836 3880 3881 3837 
9972 3837 3881 3882 3838 
9973 3838 3882 3883 3839 
9974 28 29 2333 3873 
9975 3873 2333 2334 3874 
9976 3874 2334 2335 3875 
9977 3875 2335 2336 3876 
9978 3876 2336 2337 3877 
9979 3877 2337 2338 3878 
9980 3878 2338 2339 3879 
9981 3879 2339 2340 3880 
9982 3880 2340 2341 3881 
9983 3881 2341 2342 3882 
9984 3882 2342 2343 3883 
9985 10 11 3664 2652 
9986 2652 3664 3665 2653 
9987 2653 3665 3666 2654 
9988 2654 3666 3667 2655 
9989 2655 3667 3668 2656 
9990 2656 3668 3669 2657 
9991 2657 3669 3670 2658 
9992 2658 3670 3671 2659 
9993 2659 3671 3672 2660 
9994 2660 3672 3673 2661 
9995 2661 3673 3674 2662 
9996 19 20 3246 3081 
9997 3081 3246 3247 3082 
9998 3082 3247 3248 3083 
9999 3083 3248 3249 3084 
10000 3084 3249 3250 3085 
10001 3085 3250 3251 3086 
10002 3086 3251 3252 3087 
10003 3087 3252 3253 3088 
10004 3088 3253 3254 3089 
10005 3089 3254 3255 3090 
10006 3090 3255 3256 3091 
10007 299 300 3785 3774 
10008 3774 3785 3786 3775 
10009 3775 3786 3787 3776 
10010 3776 3787 3788 3777 
10011 3777 3788 3789 3778 
10012 3778 3789 3790 3779 
10013 3779 3790 3791 3780 
10014 3780 3791 3792 3781 
10015 3781 3792 3793 3782 
10016 3782 3793 3794 3783 
10017 3783 3794 3795 3784 
10018 300 301 3477 3785 
10019 3785 3477 3478 3786 
10020 3786 3478 3479 3787 
10021 3787 3479 3480 3788 
10022 3788 3480 3481 3789 
10023 3789 3481 3482 3790 
10024 3790 3482 3483 3791 
10025 3791 3483 3484 3792 
10026 3792 3484 3485 3793 
10027 3793 3485 3486 3794 
10028 3794 3486 3487 3795 
10029 301 302 3488 3477 
10030 3477 3488 3489 3478 
10031 3478 3489 3490 3479 
10032 3479 3490 3491 3480 
10033 3480 3491 3492 3481 
10034 3481 3492 3493 3482 
10035 3482 3493 3494 3483 
10036 3483 3494 3495 3484 
10037 3484 3495 3496 3485 
10038 3485 3496 3497 3486 
10039 3486 3497 3498 3487 
10040 302 1 1651 3488 
10041 3488 1651 1652 3489 
10042 3489 1652 1653 3490 
10043 3490 1653 1654 3491 
10044 3491 1654 1655 3492 
10045 3492 1655 1656 3493 
10046 3493 1656 1657 3494 
10047 3494 1657 1658 3495 
10048 3495 1658 1659 3496 
10049 3496 1659 1660 3497 
10050 3497 1660 1661 3498 
10051 1420 1421 1432 1431 
10052 1421 1422 1433 1432 
10053 1422 1423 1434 1433 
10054 1423 1424 1435 1434 
10055 1424 1425 1436 1435 
10056 1425 1426 1437 1436 
10057 1426 1427 1438 1437 
10058 1427 1428 1439 1438 
10059 1428 1429 1440 1439 
10060 1429 1430 1441 1440 
10061 1431 1432 1443 1442 
10062 1432 1433 1444 1443 
10063 1433 1434 1445 1444 
10064 1434 1435 1446 1445 
10065 1435 1436 1447 1446 
10066 1436 1437 1448 1447 
10067 1437 1438 1449 1448 
10068 1438 1439 1450 1449 
10069 1439 1440 1451 1450 
10070 1440 1441 1452 1451 
10071 1442 1443 1454 1453 
10072 1443 1444 1455 1454 
10073 1444 1445 1456 1455 
10074 1445 1446 1457 1456 
10075 1446 1447 1458 1457 
10076 1447 1448 1459 1458 
10077 1448 1449 1460 1459 
10078 1449 1450 1461 1460 
10079 1450 1451 1462 1461 
10080 1451 1452 1463 1462 
10081 1453 1454 1465 1464 
10082 1454 1455 1466 1465 
10083 1455 1456 1467 1466 
10084 1456 1457 1468 1467 
10085 1457 1458 1469 1468 
10086 1458 1459 1470 1469 
10087 1459 1460 1471 1470 
10088 1460 1461 1472 1471 
10089 1461 1462 1473 1472 
10090 1462 1463 1474 1473 
10091 1464 1465 1476 1475 
10092 1465 1466 1477 1476 
10093 1466 1467 1478 1477 
10094 1467 1468 1479 1478 
10095 1468 1469 1480 1479 
10096 1469 1470 1481 1480 
10097 1470 1471 1482 1481 
10098 1471 1472 1483 1482 
10099 1472 1473 1484 1483 
10100 1473 1474 1485 1484 
10101 1475 1476 1487 1486 
10102 1476 1477 1488 1487 
10103 1477 1478 1489 1488 
10104 1478 1479 1490 1489 
10105 1479 1480 1491 1490 
10106 1480 1481 1492 1491 
10107 1481 1482 1493 1492 
10108 1482 1483 1494 1493 
10109 1483 1484 1495 1494 
10110 1484 1485 1496 1495 
10111 1486 1487 1498 1497 
10112 1487 1488 1499 1498 
10113 1488 1489 1500 1499 
10114 1489 1490 1501 1500 
10115 1490 1491 1502 1501 
10116 1491 1492 1503 1502 
10117 1492 1493 1504 1503 
10118 1493 1494 1505 1504 
10119 1494 1495 1506 1505 
10120 1495 1496 1507 1506 
10121 1497 1498 1509 1508 
10122 1498 1499 1510 1509 
10123 1499 1500 1511 1510 
10124 1500 1501 1512 1511 
10125 1501 1502 1513 1512 
10126 1502 1503 1514 1513 
10127 1503 1504 1515 1514 
10128 1504 1505 1516 1515 
10129 1505 1506 1517 1516 
10130 1506 1507 1518 1517 
10131 1508 1509 1520 1519 
10132 1509 1510 1521 1520 
10133 1510 1511 1522 1521 
10134 1511 1512 1523 1522 
10135 1512 1513 1524 1523 
10136 1513 1514 1525 1524 
10137 1514 1515 1526 1525 
10138 1515 1516 1527 1526 
10139 1516 1517 1528 1527 
10140 1517 1518 1529 1528 
10141 1519 1520 1531 1530 
10142 1520 1521 1532 1531 
10143 1521 1522 1533 1532 
10144 1522 1523 1534 1533 
10145 1523 1524 1535 1534 
10146 1524 1525 1536 1535 
10147 1525 1526 1537 1536 
10148 1526 1527 1538 1537 
10149 1527 1528 1539 1538 
10150 1528 1529 1540 1539 
10151 1530 1531 1542 1541 
10152 1531 1532 1543 1542 
10153 1532 1533 1544 1543 
10154 1533 1534 1545 1544 
10155 1534 1535 1546 1545 
10156 1535 1536 1547 1546 
10157 1536 1537 1548 1547 
10158 1537 1538 1549 1548 
10159 1538 1539 1550 1549 
10160 1539 1540 1551 1550 
10161 1541 1542 1553 1552 
10162 1542 1543 1554 1553 
10163 1543 1544 1555 1554 
10164 1544 1545 1556 1555 
10165 1545 1546 1557 1556 
10166 1546 1547 1558 1557 
10167 1547 1548 1559 1558 
10168 1548 1549 1560 1559 
10169 1549 1550 1561 1560 
10170 1550 1551 1562 1561 
10171 1552 1553 1564 1563 
10172 1553 1554 1565 1564 
10173 1554 1555 1566 1565 
10174 1555 1556 1567 1566 
10175 1556 1557 1568 1567 
10176 1557 1558 1569 1568 
10177 1558 1559 1570 1569 
10178 1559 1560 1571 1570 
10179 1560 1561 1572 1571 
10180 1561 1562 1573 1572 
10181 1563 1564 1575 1574 
10182 1564 1565 1576 1575 
10183 1565 1566 1577 1576 
10184 1566 1567 1578 1577 
10185 1567 1568 1579 1578 
10186 1568 1569 1580 1579 
10187 1569 1570 1581 1580 
10188 1570 1571 1582 1581 
10189 1571 1572 1583 1582 
10190 1572 1573 1584 1583 
10191 1574 1575 1586 1585 
10192 1575 1576 1587 1586 
10193 1576 1577 1588 1587 
10194 1577 1578 1589 1588 
10195 1578 1579 1590 1589 
10196 1579 1580 1591 1590 
10197 1580 1581 1592 1591 
10198 1581 1582 1593 1592 
10199 1582 1583 1594 1593 
10200 1583 1584 1595 1594 
10201 1585 1586 1597 1596 
10202 1586 1587 1598 1597 
10203 1587 1588 1599 1598 
10204 1588 1589 1600 1599 
10205 1589 1590 1601 1600 
10206 1590 1591 1602 1601 
10207 1591 1592 1603 1602 
10208 1592 1593 1604 1603 
10209 1593 1594 1605 1604 
10210 1594 1595 1606 1605 
10211 1596 1597 1608 1607 
10212 1597 1598 1609 1608 
10213 1598 1599 1610 1609 
10214 1599 1600 1611 1610 
10215 1600 1601 1612 1611 
10216 1601 1602 1613 1612 
10217 1602 1603 1614 1613 
10218 1603 1604 1615 1614 
10219 1604 1605 1616 1615 
10220 1605 1606 1617 1616 
10221 1607 1608 1619 1618 
10222 1608 1609 1620 1619 
10223 1609 1610 1621 1620 
10224 1610 1611 1622 1621 
10225 1611 1612 1623 1622 
10226 1612 1613 1624 1623 
10227 1613 1614 1625 1624 
10228 1614 1615 1626 1625 
10229 1615 1616 1627 1626 
10230 1616 1617 1628 1627 
10231 1618 1619 1630 1629 
10232 1619 1620 1631 1630 
10233 1620 1621 1632 1631 
10234 1621 1622 1633 1632 
10235 1622 1623 1634 1633 
10236 1623 1624 1635 1634 
10237 1624 1625 1636 1635 
10238 1625 1626 1637 1636 
10239 1626 1627 1638 1637 
10240 1627 1628 1639 1638 
10241 1629 1630 1641 1640 
10242 1630 1631 1642 1641 
10243 1631 1632 1643 1642 
10244 1632 1633 1644 1643 
10245 1633 1634 1645 1644 
10246 1634 1635 1646 1645 
10247 1635 1636 1647 1646 
10248 1636 1637 1648 1647 
10249 1637 1638 1649 1648 
10250 1638 1639 1650 1649 
10251 1640 1641 1652 1651 
10252 1641 1642 1653 1652 
10253 1642 1643 1654 1653 
10254 1643 1644 1655 1654 
10255 1644 1645 1656 1655 
10256 1645 1646 1657 1656 
10257 1646 1647 1658 1657 
10258 1647 1648 1659 1658 
10259 1648 1649 1660 1659 
10260 1649 1650 1661 1660 
$EndElements
