$MeshFormat
4.1 0 8
$EndMeshFormat
$PhysicalNames
3
1 7 "farfield"
1 8 "airfoil"
2 9 "fluid"
$EndPhysicalNames
$Entities
84 6 1 0
1 1 0 0 0 
2 0.998464 0.000258 0 0 
3 0.993864 0.001027 0 0 
4 0.986229 0.002295 0 0 
5 0.975606 0.004041 0 0 
6 0.962059 0.006238 0 0 
7 0.945672 0.008852 0 0 
8 0.926546 0.011846 0 0 
9 0.904797 0.015177 0 0 
10 0.88056 0.018799 0 0 
11 0.853983 0.022668 0 0 
12 0.825229 0.026734 0 0 
13 0.794476 0.03095 0 0 
14 0.761912 0.035266 0 0 
15 0.727737 0.039631 0 0 
16 0.692163 0.043996 0 0 
17 0.655407 0.048306 0 0 
18 0.617695 0.052508 0 0 
19 0.57926 0.056545 0 0 
20 0.540338 0.060359 0 0 
21 0.501167 0.063891 0 0 
22 0.461989 0.067079 0 0 
23 0.423044 0.069864 0 0 
24 0.384571 0.072188 0 0 
25 0.346806 0.07399600000000001 0 0 
26 0.309983 0.075241 0 0 
27 0.274326 0.075881 0 0 
28 0.240055 0.07588499999999999 0 0 
29 0.207382 0.07523000000000001 0 0 
30 0.176177 0.07386 0 0 
31 0.146288 0.071464 0 0 
32 0.118178 0.067761 0 0 
33 0.092309 0.062655 0 0 
34 0.069107 0.056225 0 0 
35 0.048932 0.048702 0 0 
36 0.032056 0.040422 0 0 
37 0.018649 0.031767 0 0 
38 0.008784 0.023119 0 0 
39 0.002449 0.014802 0 0 
40 -0.000435 0.007053 0 0 
41 0 0 0 0 
42 0.003518 -0.00612 0 0 
43 0.009863 -0.011167 0 0 
44 0.018846 -0.015292 0 0 
45 0.030295 -0.018693 0 0 
46 0.044064 -0.021586 0 0 
47 0.060061 -0.024186 0 0 
48 0.078253 -0.026682 0 0 
49 0.098674 -0.029222 0 0 
50 0.121416 -0.031893 0 0 
51 0.146605 -0.034701 0 0 
52 0.174375 -0.037541 0 0 
53 0.204833 -0.040166 0 0 
54 0.237446 -0.042262 0 0 
55 0.271684 -0.043772 0 0 
56 0.307334 -0.044706 0 0 
57 0.344177 -0.045088 0 0 
58 0.381984 -0.044948 0 0 
59 0.420522 -0.044325 0 0 
60 0.459552 -0.043262 0 0 
61 0.498833 -0.041807 0 0 
62 0.538121 -0.040008 0 0 
63 0.577174 -0.037916 0 0 
64 0.61575 -0.03558 0 0 
65 0.65361 -0.033046 0 0 
66 0.6905210000000001 -0.030363 0 0 
67 0.726253 -0.027573 0 0 
68 0.760587 -0.02472 0 0 
69 0.79331 -0.021847 0 0 
70 0.824219 -0.018993 0 0 
71 0.853124 -0.0162 0 0 
72 0.879846 -0.013508 0 0 
73 0.90422 -0.010959 0 0 
74 0.926094 -0.008592000000000001 0 0 
75 0.945334 -0.006445 0 0 
76 0.961821 -0.004557 0 0 
77 0.975451 -0.00296 0 0 
78 0.986141 -0.001685 0 0 
79 0.993824 -0.000755 0 0 
80 0.998454 -0.00019 0 0 
81 -25 -25 0 0 
82 25 -25 0 0 
83 25 25 0 0 
84 -25 25 0 0 
1 0 0 0 1 0.07595603703703703 0 1 8 2 1 -41 
2 0 -0.04450229492455419 0 1 0 0 1 8 2 41 -1 
3 -25 -25 0 25 -25 0 1 7 2 81 -82 
4 25 -25 0 25 25 0 1 7 2 82 -83 
5 -25 25 0 25 25 0 1 7 2 83 -84 
6 -25 -25 0 -25 25 0 1 7 2 84 -81 
1 -25 -25 0 25 25 0 1 9 6 1 2 -5 -4 -3 -6 
$EndEntities
$Nodes
13 6962 1 6962
0 1 0 1
1
1 -0 0
0 41 0 1
2
0 0 0
0 81 0 1
3
-25 -25 0
0 82 0 1
4
25 -25 0
0 83 0 1
5
25 25 0
0 84 0 1
6
-25 25 0
1 1 0 148
7
8
9
10
11
12
13
14
15
16
17
18
19
20
21
22
23
24
25
26
27
28
29
30
31
32
33
34
35
36
37
38
39
40
41
42
43
44
45
46
47
48
49
50
51
52
53
54
55
56
57
58
59
60
61
62
63
64
65
66
67
68
69
70
71
72
73
74
75
76
77
78
79
80
81
82
83
84
85
86
87
88
89
90
91
92
93
94
95
96
97
98
99
100
101
102
103
104
105
106
107
108
109
110
111
112
113
114
115
116
117
118
119
120
121
122
123
124
125
126
127
128
129
130
131
132
133
134
135
136
137
138
139
140
141
142
143
144
145
146
147
148
149
150
151
152
153
154
0.9970074643375555 0.0005019794755210767 0
0.993530440235838 0.001082543153601115 0
0.9897445294185554 0.001712700891587953 0
0.9857040159719757 0.002381663879424805 0
0.9814410960538932 0.003084578070221082 0
0.9769780578992581 0.003816898418595349 0
0.972331385586817 0.004574827640296755 0
0.9675146987584913 0.00535743322291493 0
0.9625386861166957 0.006160874097005496 0
0.9574125558321558 0.006983643283445743 0
0.9521446121340924 0.007825262695560924 0
0.9467417167867445 0.008682944344331688 0
0.9412100996396716 0.009555566227059867 0
0.9355557401588109 0.01044333295159762 0
0.9297836624343255 0.01134385288023854 0
0.9238984275225098 0.01225529787396617 0
0.9179047307370318 0.01317856684327092 0
0.9118066668636069 0.01411221399283294 0
0.9056078869577586 0.01505432678899255 0
0.899311973751542 0.01600442374498844 0
0.8929225797504882 0.01696299953955052 0
0.8864428597241092 0.01792860309007753 0
0.8798757383156149 0.01889984756619597 0
0.8732242670947713 0.01987721393954796 0
0.8664913697017033 0.02086046245090634 0
0.8596796209506712 0.021848115060322 0
0.8527914485620007 0.02283879251665558 0
0.8458294668624641 0.0238330566214779 0
0.8387961877265548 0.02483074899337877 0
0.8316938649545641 0.02583075617996675 0
0.8245246326347243 0.02683200231297268 0
0.8172907700698109 0.02783495280302428 0
0.8099945036296921 0.02883956129415428 0
0.8026378249044047 0.02984472143377851 0
0.7952226349745544 0.03084934372237019 0
0.7877509155857779 0.03185342380840939 0
0.7802247401650323 0.03285747585817573 0
0.7726459274016562 0.03386048366681283 0
0.7650162191302822 0.03486142632139554 0
0.7573373520699013 0.03585971706491326 0
0.7496112595013459 0.03685620913382118 0
0.7418396646842874 0.03785022980206109 0
0.7340242049770772 0.03884090937171614 0
0.7261664700591868 0.03982742208553539 0
0.7182682272046732 0.04081050405665775 0
0.7103311435837445 0.04178993834892971 0
0.7023567420451459 0.04276468775666676 0
0.6943465042425807 0.04373370943859438 0
0.686301964497063 0.0446966666657086 0
0.6782248207031871 0.04565445455560824 0
0.6701165528123056 0.04660624318789709 0
0.6619785936868986 0.04755109361045805 0
0.6538123505543356 0.04848810264559503 0
0.6456194196627791 0.04941808168636472 0
0.6374013020536028 0.05034089002962243 0
0.6291593734424936 0.05125548429463408 0
0.6208949853006612 0.05216080301798935 0
0.6126095323124197 0.05305632806967103 0
0.6043045955851838 0.05394319518037106 0
0.5959815403675358 0.05482055250201998 0
0.5876416894898878 0.05568730373936883 0
0.579286351361333 0.05654232551624859 0
0.5709169890012709 0.05738605611563621 0
0.5625350766830921 0.05821896874870338 0
0.5541419180770596 0.05903991996491859 0
0.5457388079027807 0.05984773651452827 0
0.5373270564440736 0.06064143177226047 0
0.5289081922956393 0.06142231318299751 0
0.5204835717481985 0.06218984454751888 0
0.5120544797375456 0.06294273811668491 0
0.5036222009515651 0.063679664768137 0
0.4951881033563764 0.06440017909631357 0
0.4867537037962803 0.06510558188364206 0
0.4783203148115616 0.06579477320776293 0
0.4698892398623462 0.06646645359167816 0
0.4614617915629366 0.06711927692243359 0
0.4530394487166526 0.0677539413441164 0
0.4446236549172563 0.06837076597794232 0
0.4362157362000254 0.06896841029998214 0
0.4278170326845945 0.0695454745144391 0
0.4194289263989514 0.07010084764325893 0
0.4110529686950301 0.0706359497487638 0
0.4026905646391702 0.07115004847923219 0
0.3943430969725804 0.07164173666955891 0
0.3860119732929316 0.07210953119228253 0
0.3776986948157442 0.07255314697884722 0
0.3694048197727863 0.0729736004281529 0
0.3611317979512073 0.07336967046046909 0
0.3528811063049648 0.07373999906755123 0
0.3446542643599319 0.07408325145877113 0
0.3364528993203776 0.07440035972917658 0
0.3282785731824561 0.07469096311372224 0
0.3201328420859464 0.07495370752961088 0
0.312017309293027 0.07518713618593595 0
0.3039336451297093 0.07539057841925707 0
0.2958835486666241 0.07556488280041809 0
0.2878686845274547 0.07570898346301168 0
0.2798907696078689 0.07582160718993743 0
0.2719515852691177 0.07590147199855317 0
0.2640529533566807 0.07594907137957789 0
0.2561966757011436 0.07596391969533506 0
0.2483846071337153 0.07594480717675593 0
0.2406186813295768 0.07589038249181086 0
0.2329008956417671 0.0758008451309182 0
0.2252332691518072 0.07567626137909035 0
0.2176178642974595 0.07551412014330351 0
0.2100567644041931 0.07531196564804687 0
0.2025519497395113 0.07507110009444352 0
0.1951052542811829 0.07479758145837999 0
0.1877191525451109 0.07448037225493923 0
0.1803963485749089 0.07410711916950405 0
0.1731395906468006 0.07366865854437929 0
0.165950230701508 0.07317848981020557 0
0.1588308648721393 0.07263014765337467 0
0.1517849615620655 0.07201083248756392 0
0.1448166208238605 0.07130752360519609 0
0.1379283126424858 0.07052625557801889 0
0.1311227984130814 0.06966856475139539 0
0.1244041258307046 0.06872757124087769 0
0.1177770661337023 0.06769537397780397 0
0.1112459049012483 0.06657005974428723 0
0.1048141128781229 0.06535421381284481 0
0.09848605383160505 0.06404665787326332 0
0.09226680528471105 0.06264507742997141 0
0.08616273627328566 0.0611438122664195 0
0.08017899885168778 0.05954290619202374 0
0.07431991811683883 0.05784667573601329 0
0.06859051957750774 0.05605820792057364 0
0.06300029784375574 0.0541682924973389 0
0.05755632785046145 0.05217645652741149 0
0.05226278739153656 0.0500916478595208 0
0.04712544529713598 0.04791965481048602 0
0.04215983422240234 0.04564529215537135 0
0.03737323355503221 0.04327437639471417 0
0.03277035620160931 0.04081923894918059 0
0.02836507147584631 0.03827706040459881 0
0.02417816075638201 0.0356362482855099 0
0.02021641797062237 0.0329119878963985 0
0.01649354803646146 0.0301116865769085 0
0.01304500049550811 0.02721891289372837 0
0.009887595381873315 0.02424775441741023 0
0.007047489873492237 0.02120847859023302 0
0.004580771336443279 0.01809377413137151 0
0.002522321500144108 0.01492914280264415 0
0.0009334092307777689 0.01173903492735505 0
-0.0001211088780269749 0.008568220069050784 0
-0.0005613267311364651 0.005493695809449657 0
-0.0003111597868300487 0.002629741613822986 0
1 2 0 148
155
156
157
158
159
160
161
162
163
164
165
166
167
168
169
170
171
172
173
174
175
176
177
178
179
180
181
182
183
184
185
186
187
188
189
190
191
192
193
194
195
196
197
198
199
200
201
202
203
204
205
206
207
208
209
210
211
212
213
214
215
216
217
218
219
220
221
222
223
224
225
226
227
228
229
230
231
232
233
234
235
236
237
238
239
240
241
242
243
244
245
246
247
248
249
250
251
252
253
254
255
256
257
258
259
260
261
262
263
264
265
266
267
268
269
270
271
272
273
274
275
276
277
278
279
280
281
282
283
284
285
286
287
288
289
290
291
292
293
294
295
296
297
298
299
300
301
302
0.001172465156736862 -0.002295642737328925 0
0.002496797069794289 -0.004755462882195371 0
0.004421833628780668 -0.007073984378314881 0
0.006884228966087241 -0.009180131337010134 0
0.009757161513897517 -0.01110345359586668 0
0.01298509402520189 -0.01283985962976613 0
0.01652190847179064 -0.01439681637390363 0
0.02031912556747249 -0.01581591652190947 0
0.02435571584825912 -0.0170942799427287 0
0.02860425200570433 -0.01826301817595711 0
0.03304401161715952 -0.01935001792352174 0
0.03766586365036216 -0.02034850481926134 0
0.04245446264794836 -0.02128602161206751 0
0.0473986563564229 -0.02218058247655245 0
0.0524930993326616 -0.02302412418476983 0
0.05772833115271685 -0.02383580598683192 0
0.06309656124796419 -0.02462999557561881 0
0.06859384040229974 -0.02539866027406077 0
0.07421382167875563 -0.02615220403639483 0
0.07995033310985321 -0.02690216409415821 0
0.08579949895963995 -0.02764478166834576 0
0.09175697529939714 -0.02838169402157745 0
0.09781800394932719 -0.02911859665342311 0
0.1039783219043841 -0.02985819177821943 0
0.1102345349629408 -0.03059799995940798 0
0.1165831195749759 -0.03133744783351025 0
0.1230205484811106 -0.03207634842221661 0
0.1295429757794539 -0.03281851500471269 0
0.1361476126251744 -0.03356018771144841 0
0.1428320038449126 -0.03429505710529353 0
0.1495934162704824 -0.03501962289128351 0
0.1564278571967184 -0.03574333582341547 0
0.1633333628969528 -0.03645804632471057 0
0.1703082984768972 -0.03715251434830281 0
0.1773506364609212 -0.03781909007228223 0
0.1844564453700024 -0.03847023048746898 0
0.1916235850236689 -0.03910095592633707 0
0.1988505265900785 -0.03970161338610724 0
0.2061358022979401 -0.04026294465482846 0
0.213476994803997 -0.04078811100788157 0
0.220871558594526 -0.04128164762994677 0
0.2283174530103368 -0.04174344191275984 0
0.235812810910632 -0.04217306663200644 0
0.2433558745726249 -0.04257007911305209 0
0.2509447793858303 -0.042935305006144 0
0.2585776631994834 -0.04326984051025269 0
0.2662527406857077 -0.04357465092470507 0
0.2739682979797972 -0.04385048722897001 0
0.2817226867442918 -0.0440966551062832 0
0.2895142010880545 -0.04431387768128609 0
0.2973411710753624 -0.04450339661359851 0
0.305201986494211 -0.0446663482065307 0
0.3130950933878193 -0.04480302065410594 0
0.3210189437404408 -0.04491260165179332 0
0.3289719722781531 -0.04499625855061408 0
0.3369526585806917 -0.04505517000276815 0
0.3449595257666194 -0.04509041291063921 0
0.3529911210463995 -0.04510119516528285 0
0.3610459711230954 -0.04508754524702677 0
0.3691226309329655 -0.0450507845356453 0
0.3772196895096709 -0.04499215392654156 0
0.385335762605543 -0.04491252984780731 0
0.3934694439993208 -0.0448105539103217 0
0.4016193432119724 -0.04468694368255105 0
0.4097841040916871 -0.04454295457786579 0
0.4179623939171493 -0.04437977657785887 0
0.426152878961278 -0.04419771133616766 0
0.4343541832765084 -0.04399546286014786 0
0.4425649897543464 -0.04377416788347061 0
0.4507840041397709 -0.04353507891981985 0
0.4590099472203844 -0.04327939609706054 0
0.4672414973797122 -0.04300674519170295 0
0.4754773142881128 -0.0427163497328133 0
0.4837161289017763 -0.04240939024775318 0
0.4919566826461167 -0.04208700604531982 0
0.5001977207893819 -0.041750247744219 0
0.5084379018889175 -0.04139801957196117 0
0.5166759278645343 -0.041030319628667 0
0.5249105563672489 -0.04064832684910065 0
0.5331405470711952 -0.04025318200504616 0
0.5413646448864775 -0.03984573540875708 0
0.5495814855054939 -0.0394246198361024 0
0.5577897982662325 -0.03899031144822169 0
0.5659883410946203 -0.03854386452491385 0
0.5741758658512524 -0.0380863039996235 0
0.5823510811034748 -0.0376180321086587 0
0.5905126082010138 -0.0371378417413917 0
0.5986591817078578 -0.03664648500113984 0
0.6067895369708831 -0.03614488716932921 0
0.6149023960201841 -0.03563395127456297 0
0.6229963930389918 -0.03511341809921091 0
0.6310701444995469 -0.03458255730661243 0
0.6391223708485217 -0.03404236101718233 0
0.6471517751664246 -0.03349381790981429 0
0.6551570347733469 -0.03293785295266335 0
0.6631366957927105 -0.03237363804669387 0
0.6710893730309354 -0.03180112264286743 0
0.6790137209629494 -0.0312210939571395 0
0.6869083657763158 -0.0306343241839381 0
0.6947718732217865 -0.03004122254304497 0
0.7026027103260678 -0.02944079132303669 0
0.7103994676942293 -0.02883364331030033 0
0.718160723499469 -0.02822063801646339 0
0.7258850142275253 -0.0276026287229312 0
0.7335707554512954 -0.02697933209068583 0
0.7412163658409359 -0.02635024005148043 0
0.7488203505653303 -0.02571620421216458 0
0.7563811644874686 -0.0250780747451353 0
0.763897192066933 -0.02443647587314048 0
0.7713666781553983 -0.02379049416196776 0
0.7787879891309296 -0.0231405374246827 0
0.7861594646609763 -0.02248736921395528 0
0.7934793764621879 -0.02183175340308869 0
0.8007458391295847 -0.02117324482682932 0
0.8079570077692068 -0.02051161886784475 0
0.8151110914218602 -0.01984781584990033 0
0.8222062186043634 -0.01918278702792471 0
0.8292403700421811 -0.01851683627316462 0
0.8362114206574348 -0.01784909432993252 0
0.8431173715219948 -0.01718041013427716 0
0.8499561279387809 -0.01651175559027282 0
0.8567254395686299 -0.01584373011142344 0
0.8634228681918379 -0.01517530846093072 0
0.8700461275775635 -0.01450735353672535 0
0.8765928261942626 -0.01384107524193436 0
0.8830603788596753 -0.01317734933545072 0
0.8894459386262927 -0.01251511619462772 0
0.8957467933298886 -0.01185521463534481 0
0.9019600794114137 -0.01119892350633505 0
0.9080826442679573 -0.01054694513673005 0
0.9141110664330809 -0.009898309600478196 0
0.9200420095441332 -0.009254266029668494 0
0.9258718676603849 -0.008616385726341816 0
0.9315965402835608 -0.007984599416822058 0
0.9372117531804682 -0.00735869485902213 0
0.9427131024234865 -0.006740687355136289 0
0.9480956202340493 -0.00613225893745985 0
0.9533536139987352 -0.005532473735353586 0
0.9584811733617433 -0.004942903969728689 0
0.9634715516354474 -0.004365646308928617 0
0.9683167504286445 -0.003800134748106602 0
0.9730080099250309 -0.003248341052307198 0
0.977534882872822 -0.002713333518631322 0
0.9818843214338263 -0.002195166420109334 0
0.9860404040829072 -0.001697072759365107 0
0.9899814615727865 -0.001221670373114669 0
0.9936765013166697 -0.0007729111360898235 0
0.9970729782793758 -0.000358958141414888 0
1 3 0 18
303
304
305
306
307
308
309
310
311
312
313
314
315
316
317
318
319
320
-22.36842105263604 -25 0
-19.73684210527208 -25 0
-17.10526315791981 -25 0
-14.47368421056976 -25 0
-11.84210526321515 -25 0
-9.210526315860241 -25 0
-6.578947368496678 -25 0
-3.947368421132708 -25 0
-1.315789473768739 -25 0
1.315789473595224 -25 0
3.94736842095919 -25 0
6.578947368323163 -25 0
9.210526315704001 -25 0
11.84210526308667 -25 0
14.47368421046934 -25 0
17.105263157852 -25 0
19.73684210523467 -25 0
22.36842105261733 -25 0
1 4 0 18
321
322
323
324
325
326
327
328
329
330
331
332
333
334
335
336
337
338
25 -22.36842105263604 0
25 -19.73684210527208 0
25 -17.10526315791981 0
25 -14.47368421056976 0
25 -11.84210526321515 0
25 -9.210526315860241 0
25 -6.578947368496678 0
25 -3.947368421132708 0
25 -1.315789473768739 0
25 1.315789473595224 0
25 3.94736842095919 0
25 6.578947368323163 0
25 9.210526315704001 0
25 11.84210526308667 0
25 14.47368421046934 0
25 17.105263157852 0
25 19.73684210523467 0
25 22.36842105261733 0
1 5 0 18
339
340
341
342
343
344
345
346
347
348
349
350
351
352
353
354
355
356
22.36842105263604 25 0
19.73684210527208 25 0
17.10526315791981 25 0
14.47368421056976 25 0
11.84210526321515 25 0
9.210526315860241 25 0
6.578947368496678 25 0
3.947368421132708 25 0
1.315789473768739 25 0
-1.315789473595224 25 0
-3.94736842095919 25 0
-6.578947368323163 25 0
-9.210526315704001 25 0
-11.84210526308667 25 0
-14.47368421046934 25 0
-17.105263157852 25 0
-19.73684210523467 25 0
-22.36842105261733 25 0
1 6 0 18
357
358
359
360
361
362
363
364
365
366
367
368
369
370
371
372
373
374
-25 22.36842105263604 0
-25 19.73684210527208 0
-25 17.10526315791981 0
-25 14.47368421056976 0
-25 11.84210526321515 0
-25 9.210526315860241 0
-25 6.578947368496678 0
-25 3.947368421132708 0
-25 1.315789473768739 0
-25 -1.315789473595224 0
-25 -3.94736842095919 0
-25 -6.578947368323163 0
-25 -9.210526315704001 0
-25 -11.84210526308667 0
-25 -14.47368421046934 0
-25 -17.105263157852 0
-25 -19.73684210523467 0
-25 -22.36842105261733 0
2 1 0 6588
375
376
377
378
379
380
381
382
383
384
385
386
387
388
389
390
391
392
393
394
395
396
397
398
399
400
401
402
403
404
405
406
407
408
409
410
411
412
413
414
415
416
417
418
419
420
421
422
423
424
425
426
427
428
429
430
431
432
433
434
435
436
437
438
439
440
441
442
443
444
445
446
447
448
449
450
451
452
453
454
455
456
457
458
459
460
461
462
463
464
465
466
467
468
469
470
471
472
473
474
475
476
477
478
479
480
481
482
483
484
485
486
487
488
489
490
491
492
493
494
495
496
497
498
499
500
501
502
503
504
505
506
507
508
509
510
511
512
513
514
515
516
517
518
519
520
521
522
523
524
525
526
527
528
529
530
531
532
533
534
535
536
537
538
539
540
541
542
543
544
545
546
547
548
549
550
551
552
553
554
555
556
557
558
559
560
561
562
563
564
565
566
567
568
569
570
571
572
573
574
575
576
577
578
579
580
581
582
583
584
585
586
587
588
589
590
591
592
593
594
595
596
597
598
599
600
601
602
603
604
605
606
607
608
609
610
611
612
613
614
615
616
617
618
619
620
621
622
623
624
625
626
627
628
629
630
631
632
633
634
635
636
637
638
639
640
641
642
643
644
645
646
647
648
649
650
651
652
653
654
655
656
657
658
659
660
661
662
663
664
665
666
667
668
669
670
671
672
673
674
675
676
677
678
679
680
681
682
683
684
685
686
687
688
689
690
691
692
693
694
695
696
697
698
699
700
701
702
703
704
705
706
707
708
709
710
711
712
713
714
715
716
717
718
719
720
721
722
723
724
725
726
727
728
729
730
731
732
733
734
735
736
737
738
739
740
741
742
743
744
745
746
747
748
749
750
751
752
753
754
755
756
757
758
759
760
761
762
763
764
765
766
767
768
769
770
771
772
773
774
775
776
777
778
779
780
781
782
783
784
785
786
787
788
789
790
791
792
793
794
795
796
797
798
799
800
801
802
803
804
805
806
807
808
809
810
811
812
813
814
815
816
817
818
819
820
821
822
823
824
825
826
827
828
829
830
831
832
833
834
835
836
837
838
839
840
841
842
843
844
845
846
847
848
849
850
851
852
853
854
855
856
857
858
859
860
861
862
863
864
865
866
867
868
869
870
871
872
873
874
875
876
877
878
879
880
881
882
883
884
885
886
887
888
889
890
891
892
893
894
895
896
897
898
899
900
901
902
903
904
905
906
907
908
909
910
911
912
913
914
915
916
917
918
919
920
921
922
923
924
925
926
927
928
929
930
931
932
933
934
935
936
937
938
939
940
941
942
943
944
945
946
947
948
949
950
951
952
953
954
955
956
957
958
959
960
961
962
963
964
965
966
967
968
969
970
971
972
973
974
975
976
977
978
979
980
981
982
983
984
985
986
987
988
989
990
991
992
993
994
995
996
997
998
999
1000
1001
1002
1003
1004
1005
1006
1007
1008
1009
1010
1011
1012
1013
1014
1015
1016
1017
1018
1019
1020
1021
1022
1023
1024
1025
1026
1027
1028
1029
1030
1031
1032
1033
1034
1035
1036
1037
1038
1039
1040
1041
1042
1043
1044
1045
1046
1047
1048
1049
1050
1051
1052
1053
1054
1055
1056
1057
1058
1059
1060
1061
1062
1063
1064
1065
1066
1067
1068
1069
1070
1071
1072
1073
1074
1075
1076
1077
1078
1079
1080
1081
1082
1083
1084
1085
1086
1087
1088
1089
1090
1091
1092
1093
1094
1095
1096
1097
1098
1099
1100
1101
1102
1103
1104
1105
1106
1107
1108
1109
1110
1111
1112
1113
1114
1115
1116
1117
1118
1119
1120
1121
1122
1123
1124
1125
1126
1127
1128
1129
1130
1131
1132
1133
1134
1135
1136
1137
1138
1139
1140
1141
1142
1143
1144
1145
1146
1147
1148
1149
1150
1151
1152
1153
1154
1155
1156
1157
1158
1159
1160
1161
1162
1163
1164
1165
1166
1167
1168
1169
1170
1171
1172
1173
1174
1175
1176
1177
1178
1179
1180
1181
1182
1183
1184
1185
1186
1187
1188
1189
1190
1191
1192
1193
1194
1195
1196
1197
1198
1199
1200
1201
1202
1203
1204
1205
1206
1207
1208
1209
1210
1211
1212
1213
1214
1215
1216
1217
1218
1219
1220
1221
1222
1223
1224
1225
1226
1227
1228
1229
1230
1231
1232
1233
1234
1235
1236
1237
1238
1239
1240
1241
1242
1243
1244
1245
1246
1247
1248
1249
1250
1251
1252
1253
1254
1255
1256
1257
1258
1259
1260
1261
1262
1263
1264
1265
1266
1267
1268
1269
1270
1271
1272
1273
1274
1275
1276
1277
1278
1279
1280
1281
1282
1283
1284
1285
1286
1287
1288
1289
1290
1291
1292
1293
1294
1295
1296
1297
1298
1299
1300
1301
1302
1303
1304
1305
1306
1307
1308
1309
1310
1311
1312
1313
1314
1315
1316
1317
1318
1319
1320
1321
1322
1323
1324
1325
1326
1327
1328
1329
1330
1331
1332
1333
1334
1335
1336
1337
1338
1339
1340
1341
1342
1343
1344
1345
1346
1347
1348
1349
1350
1351
1352
1353
1354
1355
1356
1357
1358
1359
1360
1361
1362
1363
1364
1365
1366
1367
1368
1369
1370
1371
1372
1373
1374
1375
1376
1377
1378
1379
1380
1381
1382
1383
1384
1385
1386
1387
1388
1389
1390
1391
1392
1393
1394
1395
1396
1397
1398
1399
1400
1401
1402
1403
1404
1405
1406
1407
1408
1409
1410
1411
1412
1413
1414
1415
1416
1417
1418
1419
1420
1421
1422
1423
1424
1425
1426
1427
1428
1429
1430
1431
1432
1433
1434
1435
1436
1437
1438
1439
1440
1441
1442
1443
1444
1445
1446
1447
1448
1449
1450
1451
1452
1453
1454
1455
1456
1457
1458
1459
1460
1461
1462
1463
1464
1465
1466
1467
1468
1469
1470
1471
1472
1473
1474
1475
1476
1477
1478
1479
1480
1481
1482
1483
1484
1485
1486
1487
1488
1489
1490
1491
1492
1493
1494
1495
1496
1497
1498
1499
1500
1501
1502
1503
1504
1505
1506
1507
1508
1509
1510
1511
1512
1513
1514
1515
1516
1517
1518
1519
1520
1521
1522
1523
1524
1525
1526
1527
1528
1529
1530
1531
1532
1533
1534
1535
1536
1537
1538
1539
1540
1541
1542
1543
1544
1545
1546
1547
1548
1549
1550
1551
1552
1553
1554
1555
1556
1557
1558
1559
1560
1561
1562
1563
1564
1565
1566
1567
1568
1569
1570
1571
1572
1573
1574
1575
1576
1577
1578
1579
1580
1581
1582
1583
1584
1585
1586
1587
1588
1589
1590
1591
1592
1593
1594
1595
1596
1597
1598
1599
1600
1601
1602
1603
1604
1605
1606
1607
1608
1609
1610
1611
1612
1613
1614
1615
1616
1617
1618
1619
1620
1621
1622
1623
1624
1625
1626
1627
1628
1629
1630
1631
1632
1633
1634
1635
1636
1637
1638
1639
1640
1641
1642
1643
1644
1645
1646
1647
1648
1649
1650
1651
1652
1653
1654
1655
1656
1657
1658
1659
1660
1661
1662
1663
1664
1665
1666
1667
1668
1669
1670
1671
1672
1673
1674
1675
1676
1677
1678
1679
1680
1681
1682
1683
1684
1685
1686
1687
1688
1689
1690
1691
1692
1693
1694
1695
1696
1697
1698
1699
1700
1701
1702
1703
1704
1705
1706
1707
1708
1709
1710
1711
1712
1713
1714
1715
1716
1717
1718
1719
1720
1721
1722
1723
1724
1725
1726
1727
1728
1729
1730
1731
1732
1733
1734
1735
1736
1737
1738
1739
1740
1741
1742
1743
1744
1745
1746
1747
1748
1749
1750
1751
1752
1753
1754
1755
1756
1757
1758
1759
1760
1761
1762
1763
1764
1765
1766
1767
1768
1769
1770
1771
1772
1773
1774
1775
1776
1777
1778
1779
1780
1781
1782
1783
1784
1785
1786
1787
1788
1789
1790
1791
1792
1793
1794
1795
1796
1797
1798
1799
1800
1801
1802
1803
1804
1805
1806
1807
1808
1809
1810
1811
1812
1813
1814
1815
1816
1817
1818
1819
1820
1821
1822
1823
1824
1825
1826
1827
1828
1829
1830
1831
1832
1833
1834
1835
1836
1837
1838
1839
1840
1841
1842
1843
1844
1845
1846
1847
1848
1849
1850
1851
1852
1853
1854
1855
1856
1857
1858
1859
1860
1861
1862
1863
1864
1865
1866
1867
1868
1869
1870
1871
1872
1873
1874
1875
1876
1877
1878
1879
1880
1881
1882
1883
1884
1885
1886
1887
1888
1889
1890
1891
1892
1893
1894
1895
1896
1897
1898
1899
1900
1901
1902
1903
1904
1905
1906
1907
1908
1909
1910
1911
1912
1913
1914
1915
1916
1917
1918
1919
1920
1921
1922
1923
1924
1925
1926
1927
1928
1929
1930
1931
1932
1933
1934
1935
1936
1937
1938
1939
1940
1941
1942
1943
1944
1945
1946
1947
1948
1949
1950
1951
1952
1953
1954
1955
1956
1957
1958
1959
1960
1961
1962
1963
1964
1965
1966
1967
1968
1969
1970
1971
1972
1973
1974
1975
1976
1977
1978
1979
1980
1981
1982
1983
1984
1985
1986
1987
1988
1989
1990
1991
1992
1993
1994
1995
1996
1997
1998
1999
2000
2001
2002
2003
2004
2005
2006
2007
2008
2009
2010
2011
2012
2013
2014
2015
2016
2017
2018
2019
2020
2021
2022
2023
2024
2025
2026
2027
2028
2029
2030
2031
2032
2033
2034
2035
2036
2037
2038
2039
2040
2041
2042
2043
2044
2045
2046
2047
2048
2049
2050
2051
2052
2053
2054
2055
2056
2057
2058
2059
2060
2061
2062
2063
2064
2065
2066
2067
2068
2069
2070
2071
2072
2073
2074
2075
2076
2077
2078
2079
2080
2081
2082
2083
2084
2085
2086
2087
2088
2089
2090
2091
2092
2093
2094
2095
2096
2097
2098
2099
2100
2101
2102
2103
2104
2105
2106
2107
2108
2109
2110
2111
2112
2113
2114
2115
2116
2117
2118
2119
2120
2121
2122
2123
2124
2125
2126
2127
2128
2129
2130
2131
2132
2133
2134
2135
2136
2137
2138
2139
2140
2141
2142
2143
2144
2145
2146
2147
2148
2149
2150
2151
2152
2153
2154
2155
2156
2157
2158
2159
2160
2161
2162
2163
2164
2165
2166
2167
2168
2169
2170
2171
2172
2173
2174
2175
2176
2177
2178
2179
2180
2181
2182
2183
2184
2185
2186
2187
2188
2189
2190
2191
2192
2193
2194
2195
2196
2197
2198
2199
2200
2201
2202
2203
2204
2205
2206
2207
2208
2209
2210
2211
2212
2213
2214
2215
2216
2217
2218
2219
2220
2221
2222
2223
2224
2225
2226
2227
2228
2229
2230
2231
2232
2233
2234
2235
2236
2237
2238
2239
2240
2241
2242
2243
2244
2245
2246
2247
2248
2249
2250
2251
2252
2253
2254
2255
2256
2257
2258
2259
2260
2261
2262
2263
2264
2265
2266
2267
2268
2269
2270
2271
2272
2273
2274
2275
2276
2277
2278
2279
2280
2281
2282
2283
2284
2285
2286
2287
2288
2289
2290
2291
2292
2293
2294
2295
2296
2297
2298
2299
2300
2301
2302
2303
2304
2305
2306
2307
2308
2309
2310
2311
2312
2313
2314
2315
2316
2317
2318
2319
2320
2321
2322
2323
2324
2325
2326
2327
2328
2329
2330
2331
2332
2333
2334
2335
2336
2337
2338
2339
2340
2341
2342
2343
2344
2345
2346
2347
2348
2349
2350
2351
2352
2353
2354
2355
2356
2357
2358
2359
2360
2361
2362
2363
2364
2365
2366
2367
2368
2369
2370
2371
2372
2373
2374
2375
2376
2377
2378
2379
2380
2381
2382
2383
2384
2385
2386
2387
2388
2389
2390
2391
2392
2393
2394
2395
2396
2397
2398
2399
2400
2401
2402
2403
2404
2405
2406
2407
2408
2409
2410
2411
2412
2413
2414
2415
2416
2417
2418
2419
2420
2421
2422
2423
2424
2425
2426
2427
2428
2429
2430
2431
2432
2433
2434
2435
2436
2437
2438
2439
2440
2441
2442
2443
2444
2445
2446
2447
2448
2449
2450
2451
2452
2453
2454
2455
2456
2457
2458
2459
2460
2461
2462
2463
2464
2465
2466
2467
2468
2469
2470
2471
2472
2473
2474
2475
2476
2477
2478
2479
2480
2481
2482
2483
2484
2485
2486
2487
2488
2489
2490
2491
2492
2493
2494
2495
2496
2497
2498
2499
2500
2501
2502
2503
2504
2505
2506
2507
2508
2509
2510
2511
2512
2513
2514
2515
2516
2517
2518
2519
2520
2521
2522
2523
2524
2525
2526
2527
2528
2529
2530
2531
2532
2533
2534
2535
2536
2537
2538
2539
2540
2541
2542
2543
2544
2545
2546
2547
2548
2549
2550
2551
2552
2553
2554
2555
2556
2557
2558
2559
2560
2561
2562
2563
2564
2565
2566
2567
2568
2569
2570
2571
2572
2573
2574
2575
2576
2577
2578
2579
2580
2581
2582
2583
2584
2585
2586
2587
2588
2589
2590
2591
2592
2593
2594
2595
2596
2597
2598
2599
2600
2601
2602
2603
2604
2605
2606
2607
2608
2609
2610
2611
2612
2613
2614
2615
2616
2617
2618
2619
2620
2621
2622
2623
2624
2625
2626
2627
2628
2629
2630
2631
2632
2633
2634
2635
2636
2637
2638
2639
2640
2641
2642
2643
2644
2645
2646
2647
2648
2649
2650
2651
2652
2653
2654
2655
2656
2657
2658
2659
2660
2661
2662
2663
2664
2665
2666
2667
2668
2669
2670
2671
2672
2673
2674
2675
2676
2677
2678
2679
2680
2681
2682
2683
2684
2685
2686
2687
2688
2689
2690
2691
2692
2693
2694
2695
2696
2697
2698
2699
2700
2701
2702
2703
2704
2705
2706
2707
2708
2709
2710
2711
2712
2713
2714
2715
2716
2717
2718
2719
2720
2721
2722
2723
2724
2725
2726
2727
2728
2729
2730
2731
2732
2733
2734
2735
2736
2737
2738
2739
2740
2741
2742
2743
2744
2745
2746
2747
2748
2749
2750
2751
2752
2753
2754
2755
2756
2757
2758
2759
2760
2761
2762
2763
2764
2765
2766
2767
2768
2769
2770
2771
2772
2773
2774
2775
2776
2777
2778
2779
2780
2781
2782
2783
2784
2785
2786
2787
2788
2789
2790
2791
2792
2793
2794
2795
2796
2797
2798
2799
2800
2801
2802
2803
2804
2805
2806
2807
2808
2809
2810
2811
2812
2813
2814
2815
2816
2817
2818
2819
2820
2821
2822
2823
2824
2825
2826
2827
2828
2829
2830
2831
2832
2833
2834
2835
2836
2837
2838
2839
2840
2841
2842
2843
2844
2845
2846
2847
2848
2849
2850
2851
2852
2853
2854
2855
2856
2857
2858
2859
2860
2861
2862
2863
2864
2865
2866
2867
2868
2869
2870
2871
2872
2873
2874
2875
2876
2877
2878
2879
2880
2881
2882
2883
2884
2885
2886
2887
2888
2889
2890
2891
2892
2893
2894
2895
2896
2897
2898
2899
2900
2901
2902
2903
2904
2905
2906
2907
2908
2909
2910
2911
2912
2913
2914
2915
2916
2917
2918
2919
2920
2921
2922
2923
2924
2925
2926
2927
2928
2929
2930
2931
2932
2933
2934
2935
2936
2937
2938
2939
2940
2941
2942
2943
2944
2945
2946
2947
2948
2949
2950
2951
2952
2953
2954
2955
2956
2957
2958
2959
2960
2961
2962
2963
2964
2965
2966
2967
2968
2969
2970
2971
2972
2973
2974
2975
2976
2977
2978
2979
2980
2981
2982
2983
2984
2985
2986
2987
2988
2989
2990
2991
2992
2993
2994
2995
2996
2997
2998
2999
3000
3001
3002
3003
3004
3005
3006
3007
3008
3009
3010
3011
3012
3013
3014
3015
3016
3017
3018
3019
3020
3021
3022
3023
3024
3025
3026
3027
3028
3029
3030
3031
3032
3033
3034
3035
3036
3037
3038
3039
3040
3041
3042
3043
3044
3045
3046
3047
3048
3049
3050
3051
3052
3053
3054
3055
3056
3057
3058
3059
3060
3061
3062
3063
3064
3065
3066
3067
3068
3069
3070
3071
3072
3073
3074
3075
3076
3077
3078
3079
3080
3081
3082
3083
3084
3085
3086
3087
3088
3089
3090
3091
3092
3093
3094
3095
3096
3097
3098
3099
3100
3101
3102
3103
3104
3105
3106
3107
3108
3109
3110
3111
3112
3113
3114
3115
3116
3117
3118
3119
3120
3121
3122
3123
3124
3125
3126
3127
3128
3129
3130
3131
3132
3133
3134
3135
3136
3137
3138
3139
3140
3141
3142
3143
3144
3145
3146
3147
3148
3149
3150
3151
3152
3153
3154
3155
3156
3157
3158
3159
3160
3161
3162
3163
3164
3165
3166
3167
3168
3169
3170
3171
3172
3173
3174
3175
3176
3177
3178
3179
3180
3181
3182
3183
3184
3185
3186
3187
3188
3189
3190
3191
3192
3193
3194
3195
3196
3197
3198
3199
3200
3201
3202
3203
3204
3205
3206
3207
3208
3209
3210
3211
3212
3213
3214
3215
3216
3217
3218
3219
3220
3221
3222
3223
3224
3225
3226
3227
3228
3229
3230
3231
3232
3233
3234
3235
3236
3237
3238
3239
3240
3241
3242
3243
3244
3245
3246
3247
3248
3249
3250
3251
3252
3253
3254
3255
3256
3257
3258
3259
3260
3261
3262
3263
3264
3265
3266
3267
3268
3269
3270
3271
3272
3273
3274
3275
3276
3277
3278
3279
3280
3281
3282
3283
3284
3285
3286
3287
3288
3289
3290
3291
3292
3293
3294
3295
3296
3297
3298
3299
3300
3301
3302
3303
3304
3305
3306
3307
3308
3309
3310
3311
3312
3313
3314
3315
3316
3317
3318
3319
3320
3321
3322
3323
3324
3325
3326
3327
3328
3329
3330
3331
3332
3333
3334
3335
3336
3337
3338
3339
3340
3341
3342
3343
3344
3345
3346
3347
3348
3349
3350
3351
3352
3353
3354
3355
3356
3357
3358
3359
3360
3361
3362
3363
3364
3365
3366
3367
3368
3369
3370
3371
3372
3373
3374
3375
3376
3377
3378
3379
3380
3381
3382
3383
3384
3385
3386
3387
3388
3389
3390
3391
3392
3393
3394
3395
3396
3397
3398
3399
3400
3401
3402
3403
3404
3405
3406
3407
3408
3409
3410
3411
3412
3413
3414
3415
3416
3417
3418
3419
3420
3421
3422
3423
3424
3425
3426
3427
3428
3429
3430
3431
3432
3433
3434
3435
3436
3437
3438
3439
3440
3441
3442
3443
3444
3445
3446
3447
3448
3449
3450
3451
3452
3453
3454
3455
3456
3457
3458
3459
3460
3461
3462
3463
3464
3465
3466
3467
3468
3469
3470
3471
3472
3473
3474
3475
3476
3477
3478
3479
3480
3481
3482
3483
3484
3485
3486
3487
3488
3489
3490
3491
3492
3493
3494
3495
3496
3497
3498
3499
3500
3501
3502
3503
3504
3505
3506
3507
3508
3509
3510
3511
3512
3513
3514
3515
3516
3517
3518
3519
3520
3521
3522
3523
3524
3525
3526
3527
3528
3529
3530
3531
3532
3533
3534
3535
3536
3537
3538
3539
3540
3541
3542
3543
3544
3545
3546
3547
3548
3549
3550
3551
3552
3553
3554
3555
3556
3557
3558
3559
3560
3561
3562
3563
3564
3565
3566
3567
3568
3569
3570
3571
3572
3573
3574
3575
3576
3577
3578
3579
3580
3581
3582
3583
3584
3585
3586
3587
3588
3589
3590
3591
3592
3593
3594
3595
3596
3597
3598
3599
3600
3601
3602
3603
3604
3605
3606
3607
3608
3609
3610
3611
3612
3613
3614
3615
3616
3617
3618
3619
3620
3621
3622
3623
3624
3625
3626
3627
3628
3629
3630
3631
3632
3633
3634
3635
3636
3637
3638
3639
3640
3641
3642
3643
3644
3645
3646
3647
3648
3649
3650
3651
3652
3653
3654
3655
3656
3657
3658
3659
3660
3661
3662
3663
3664
3665
3666
3667
3668
3669
3670
3671
3672
3673
3674
3675
3676
3677
3678
3679
3680
3681
3682
3683
3684
3685
3686
3687
3688
3689
3690
3691
3692
3693
3694
3695
3696
3697
3698
3699
3700
3701
3702
3703
3704
3705
3706
3707
3708
3709
3710
3711
3712
3713
3714
3715
3716
3717
3718
3719
3720
3721
3722
3723
3724
3725
3726
3727
3728
3729
3730
3731
3732
3733
3734
3735
3736
3737
3738
3739
3740
3741
3742
3743
3744
3745
3746
3747
3748
3749
3750
3751
3752
3753
3754
3755
3756
3757
3758
3759
3760
3761
3762
3763
3764
3765
3766
3767
3768
3769
3770
3771
3772
3773
3774
3775
3776
3777
3778
3779
3780
3781
3782
3783
3784
3785
3786
3787
3788
3789
3790
3791
3792
3793
3794
3795
3796
3797
3798
3799
3800
3801
3802
3803
3804
3805
3806
3807
3808
3809
3810
3811
3812
3813
3814
3815
3816
3817
3818
3819
3820
3821
3822
3823
3824
3825
3826
3827
3828
3829
3830
3831
3832
3833
3834
3835
3836
3837
3838
3839
3840
3841
3842
3843
3844
3845
3846
3847
3848
3849
3850
3851
3852
3853
3854
3855
3856
3857
3858
3859
3860
3861
3862
3863
3864
3865
3866
3867
3868
3869
3870
3871
3872
3873
3874
3875
3876
3877
3878
3879
3880
3881
3882
3883
3884
3885
3886
3887
3888
3889
3890
3891
3892
3893
3894
3895
3896
3897
3898
3899
3900
3901
3902
3903
3904
3905
3906
3907
3908
3909
3910
3911
3912
3913
3914
3915
3916
3917
3918
3919
3920
3921
3922
3923
3924
3925
3926
3927
3928
3929
3930
3931
3932
3933
3934
3935
3936
3937
3938
3939
3940
3941
3942
3943
3944
3945
3946
3947
3948
3949
3950
3951
3952
3953
3954
3955
3956
3957
3958
3959
3960
3961
3962
3963
3964
3965
3966
3967
3968
3969
3970
3971
3972
3973
3974
3975
3976
3977
3978
3979
3980
3981
3982
3983
3984
3985
3986
3987
3988
3989
3990
3991
3992
3993
3994
3995
3996
3997
3998
3999
4000
4001
4002
4003
4004
4005
4006
4007
4008
4009
4010
4011
4012
4013
4014
4015
4016
4017
4018
4019
4020
4021
4022
4023
4024
4025
4026
4027
4028
4029
4030
4031
4032
4033
4034
4035
4036
4037
4038
4039
4040
4041
4042
4043
4044
4045
4046
4047
4048
4049
4050
4051
4052
4053
4054
4055
4056
4057
4058
4059
4060
4061
4062
4063
4064
4065
4066
4067
4068
4069
4070
4071
4072
4073
4074
4075
4076
4077
4078
4079
4080
4081
4082
4083
4084
4085
4086
4087
4088
4089
4090
4091
4092
4093
4094
4095
4096
4097
4098
4099
4100
4101
4102
4103
4104
4105
4106
4107
4108
4109
4110
4111
4112
4113
4114
4115
4116
4117
4118
4119
4120
4121
4122
4123
4124
4125
4126
4127
4128
4129
4130
4131
4132
4133
4134
4135
4136
4137
4138
4139
4140
4141
4142
4143
4144
4145
4146
4147
4148
4149
4150
4151
4152
4153
4154
4155
4156
4157
4158
4159
4160
4161
4162
4163
4164
4165
4166
4167
4168
4169
4170
4171
4172
4173
4174
4175
4176
4177
4178
4179
4180
4181
4182
4183
4184
4185
4186
4187
4188
4189
4190
4191
4192
4193
4194
4195
4196
4197
4198
4199
4200
4201
4202
4203
4204
4205
4206
4207
4208
4209
4210
4211
4212
4213
4214
4215
4216
4217
4218
4219
4220
4221
4222
4223
4224
4225
4226
4227
4228
4229
4230
4231
4232
4233
4234
4235
4236
4237
4238
4239
4240
4241
4242
4243
4244
4245
4246
4247
4248
4249
4250
4251
4252
4253
4254
4255
4256
4257
4258
4259
4260
4261
4262
4263
4264
4265
4266
4267
4268
4269
4270
4271
4272
4273
4274
4275
4276
4277
4278
4279
4280
4281
4282
4283
4284
4285
4286
4287
4288
4289
4290
4291
4292
4293
4294
4295
4296
4297
4298
4299
4300
4301
4302
4303
4304
4305
4306
4307
4308
4309
4310
4311
4312
4313
4314
4315
4316
4317
4318
4319
4320
4321
4322
4323
4324
4325
4326
4327
4328
4329
4330
4331
4332
4333
4334
4335
4336
4337
4338
4339
4340
4341
4342
4343
4344
4345
4346
4347
4348
4349
4350
4351
4352
4353
4354
4355
4356
4357
4358
4359
4360
4361
4362
4363
4364
4365
4366
4367
4368
4369
4370
4371
4372
4373
4374
4375
4376
4377
4378
4379
4380
4381
4382
4383
4384
4385
4386
4387
4388
4389
4390
4391
4392
4393
4394
4395
4396
4397
4398
4399
4400
4401
4402
4403
4404
4405
4406
4407
4408
4409
4410
4411
4412
4413
4414
4415
4416
4417
4418
4419
4420
4421
4422
4423
4424
4425
4426
4427
4428
4429
4430
4431
4432
4433
4434
4435
4436
4437
4438
4439
4440
4441
4442
4443
4444
4445
4446
4447
4448
4449
4450
4451
4452
4453
4454
4455
4456
4457
4458
4459
4460
4461
4462
4463
4464
4465
4466
4467
4468
4469
4470
4471
4472
4473
4474
4475
4476
4477
4478
4479
4480
4481
4482
4483
4484
4485
4486
4487
4488
4489
4490
4491
4492
4493
4494
4495
4496
4497
4498
4499
4500
4501
4502
4503
4504
4505
4506
4507
4508
4509
4510
4511
4512
4513
4514
4515
4516
4517
4518
4519
4520
4521
4522
4523
4524
4525
4526
4527
4528
4529
4530
4531
4532
4533
4534
4535
4536
4537
4538
4539
4540
4541
4542
4543
4544
4545
4546
4547
4548
4549
4550
4551
4552
4553
4554
4555
4556
4557
4558
4559
4560
4561
4562
4563
4564
4565
4566
4567
4568
4569
4570
4571
4572
4573
4574
4575
4576
4577
4578
4579
4580
4581
4582
4583
4584
4585
4586
4587
4588
4589
4590
4591
4592
4593
4594
4595
4596
4597
4598
4599
4600
4601
4602
4603
4604
4605
4606
4607
4608
4609
4610
4611
4612
4613
4614
4615
4616
4617
4618
4619
4620
4621
4622
4623
4624
4625
4626
4627
4628
4629
4630
4631
4632
4633
4634
4635
4636
4637
4638
4639
4640
4641
4642
4643
4644
4645
4646
4647
4648
4649
4650
4651
4652
4653
4654
4655
4656
4657
4658
4659
4660
4661
4662
4663
4664
4665
4666
4667
4668
4669
4670
4671
4672
4673
4674
4675
4676
4677
4678
4679
4680
4681
4682
4683
4684
4685
4686
4687
4688
4689
4690
4691
4692
4693
4694
4695
4696
4697
4698
4699
4700
4701
4702
4703
4704
4705
4706
4707
4708
4709
4710
4711
4712
4713
4714
4715
4716
4717
4718
4719
4720
4721
4722
4723
4724
4725
4726
4727
4728
4729
4730
4731
4732
4733
4734
4735
4736
4737
4738
4739
4740
4741
4742
4743
4744
4745
4746
4747
4748
4749
4750
4751
4752
4753
4754
4755
4756
4757
4758
4759
4760
4761
4762
4763
4764
4765
4766
4767
4768
4769
4770
4771
4772
4773
4774
4775
4776
4777
4778
4779
4780
4781
4782
4783
4784
4785
4786
4787
4788
4789
4790
4791
4792
4793
4794
4795
4796
4797
4798
4799
4800
4801
4802
4803
4804
4805
4806
4807
4808
4809
4810
4811
4812
4813
4814
4815
4816
4817
4818
4819
4820
4821
4822
4823
4824
4825
4826
4827
4828
4829
4830
4831
4832
4833
4834
4835
4836
4837
4838
4839
4840
4841
4842
4843
4844
4845
4846
4847
4848
4849
4850
4851
4852
4853
4854
4855
4856
4857
4858
4859
4860
4861
4862
4863
4864
4865
4866
4867
4868
4869
4870
4871
4872
4873
4874
4875
4876
4877
4878
4879
4880
4881
4882
4883
4884
4885
4886
4887
4888
4889
4890
4891
4892
4893
4894
4895
4896
4897
4898
4899
4900
4901
4902
4903
4904
4905
4906
4907
4908
4909
4910
4911
4912
4913
4914
4915
4916
4917
4918
4919
4920
4921
4922
4923
4924
4925
4926
4927
4928
4929
4930
4931
4932
4933
4934
4935
4936
4937
4938
4939
4940
4941
4942
4943
4944
4945
4946
4947
4948
4949
4950
4951
4952
4953
4954
4955
4956
4957
4958
4959
4960
4961
4962
4963
4964
4965
4966
4967
4968
4969
4970
4971
4972
4973
4974
4975
4976
4977
4978
4979
4980
4981
4982
4983
4984
4985
4986
4987
4988
4989
4990
4991
4992
4993
4994
4995
4996
4997
4998
4999
5000
5001
5002
5003
5004
5005
5006
5007
5008
5009
5010
5011
5012
5013
5014
5015
5016
5017
5018
5019
5020
5021
5022
5023
5024
5025
5026
5027
5028
5029
5030
5031
5032
5033
5034
5035
5036
5037
5038
5039
5040
5041
5042
5043
5044
5045
5046
5047
5048
5049
5050
5051
5052
5053
5054
5055
5056
5057
5058
5059
5060
5061
5062
5063
5064
5065
5066
5067
5068
5069
5070
5071
5072
5073
5074
5075
5076
5077
5078
5079
5080
5081
5082
5083
5084
5085
5086
5087
5088
5089
5090
5091
5092
5093
5094
5095
5096
5097
5098
5099
5100
5101
5102
5103
5104
5105
5106
5107
5108
5109
5110
5111
5112
5113
5114
5115
5116
5117
5118
5119
5120
5121
5122
5123
5124
5125
5126
5127
5128
5129
5130
5131
5132
5133
5134
5135
5136
5137
5138
5139
5140
5141
5142
5143
5144
5145
5146
5147
5148
5149
5150
5151
5152
5153
5154
5155
5156
5157
5158
5159
5160
5161
5162
5163
5164
5165
5166
5167
5168
5169
5170
5171
5172
5173
5174
5175
5176
5177
5178
5179
5180
5181
5182
5183
5184
5185
5186
5187
5188
5189
5190
5191
5192
5193
5194
5195
5196
5197
5198
5199
5200
5201
5202
5203
5204
5205
5206
5207
5208
5209
5210
5211
5212
5213
5214
5215
5216
5217
5218
5219
5220
5221
5222
5223
5224
5225
5226
5227
5228
5229
5230
5231
5232
5233
5234
5235
5236
5237
5238
5239
5240
5241
5242
5243
5244
5245
5246
5247
5248
5249
5250
5251
5252
5253
5254
5255
5256
5257
5258
5259
5260
5261
5262
5263
5264
5265
5266
5267
5268
5269
5270
5271
5272
5273
5274
5275
5276
5277
5278
5279
5280
5281
5282
5283
5284
5285
5286
5287
5288
5289
5290
5291
5292
5293
5294
5295
5296
5297
5298
5299
5300
5301
5302
5303
5304
5305
5306
5307
5308
5309
5310
5311
5312
5313
5314
5315
5316
5317
5318
5319
5320
5321
5322
5323
5324
5325
5326
5327
5328
5329
5330
5331
5332
5333
5334
5335
5336
5337
5338
5339
5340
5341
5342
5343
5344
5345
5346
5347
5348
5349
5350
5351
5352
5353
5354
5355
5356
5357
5358
5359
5360
5361
5362
5363
5364
5365
5366
5367
5368
5369
5370
5371
5372
5373
5374
5375
5376
5377
5378
5379
5380
5381
5382
5383
5384
5385
5386
5387
5388
5389
5390
5391
5392
5393
5394
5395
5396
5397
5398
5399
5400
5401
5402
5403
5404
5405
5406
5407
5408
5409
5410
5411
5412
5413
5414
5415
5416
5417
5418
5419
5420
5421
5422
5423
5424
5425
5426
5427
5428
5429
5430
5431
5432
5433
5434
5435
5436
5437
5438
5439
5440
5441
5442
5443
5444
5445
5446
5447
5448
5449
5450
5451
5452
5453
5454
5455
5456
5457
5458
5459
5460
5461
5462
5463
5464
5465
5466
5467
5468
5469
5470
5471
5472
5473
5474
5475
5476
5477
5478
5479
5480
5481
5482
5483
5484
5485
5486
5487
5488
5489
5490
5491
5492
5493
5494
5495
5496
5497
5498
5499
5500
5501
5502
5503
5504
5505
5506
5507
5508
5509
5510
5511
5512
5513
5514
5515
5516
5517
5518
5519
5520
5521
5522
5523
5524
5525
5526
5527
5528
5529
5530
5531
5532
5533
5534
5535
5536
5537
5538
5539
5540
5541
5542
5543
5544
5545
5546
5547
5548
5549
5550
5551
5552
5553
5554
5555
5556
5557
5558
5559
5560
5561
5562
5563
5564
5565
5566
5567
5568
5569
5570
5571
5572
5573
5574
5575
5576
5577
5578
5579
5580
5581
5582
5583
5584
5585
5586
5587
5588
5589
5590
5591
5592
5593
5594
5595
5596
5597
5598
5599
5600
5601
5602
5603
5604
5605
5606
5607
5608
5609
5610
5611
5612
5613
5614
5615
5616
5617
5618
5619
5620
5621
5622
5623
5624
5625
5626
5627
5628
5629
5630
5631
5632
5633
5634
5635
5636
5637
5638
5639
5640
5641
5642
5643
5644
5645
5646
5647
5648
5649
5650
5651
5652
5653
5654
5655
5656
5657
5658
5659
5660
5661
5662
5663
5664
5665
5666
5667
5668
5669
5670
5671
5672
5673
5674
5675
5676
5677
5678
5679
5680
5681
5682
5683
5684
5685
5686
5687
5688
5689
5690
5691
5692
5693
5694
5695
5696
5697
5698
5699
5700
5701
5702
5703
5704
5705
5706
5707
5708
5709
5710
5711
5712
5713
5714
5715
5716
5717
5718
5719
5720
5721
5722
5723
5724
5725
5726
5727
5728
5729
5730
5731
5732
5733
5734
5735
5736
5737
5738
5739
5740
5741
5742
5743
5744
5745
5746
5747
5748
5749
5750
5751
5752
5753
5754
5755
5756
5757
5758
5759
5760
5761
5762
5763
5764
5765
5766
5767
5768
5769
5770
5771
5772
5773
5774
5775
5776
5777
5778
5779
5780
5781
5782
5783
5784
5785
5786
5787
5788
5789
5790
5791
5792
5793
5794
5795
5796
5797
5798
5799
5800
5801
5802
5803
5804
5805
5806
5807
5808
5809
5810
5811
5812
5813
5814
5815
5816
5817
5818
5819
5820
5821
5822
5823
5824
5825
5826
5827
5828
5829
5830
5831
5832
5833
5834
5835
5836
5837
5838
5839
5840
5841
5842
5843
5844
5845
5846
5847
5848
5849
5850
5851
5852
5853
5854
5855
5856
5857
5858
5859
5860
5861
5862
5863
5864
5865
5866
5867
5868
5869
5870
5871
5872
5873
5874
5875
5876
5877
5878
5879
5880
5881
5882
5883
5884
5885
5886
5887
5888
5889
5890
5891
5892
5893
5894
5895
5896
5897
5898
5899
5900
5901
5902
5903
5904
5905
5906
5907
5908
5909
5910
5911
5912
5913
5914
5915
5916
5917
5918
5919
5920
5921
5922
5923
5924
5925
5926
5927
5928
5929
5930
5931
5932
5933
5934
5935
5936
5937
5938
5939
5940
5941
5942
5943
5944
5945
5946
5947
5948
5949
5950
5951
5952
5953
5954
5955
5956
5957
5958
5959
5960
5961
5962
5963
5964
5965
5966
5967
5968
5969
5970
5971
5972
5973
5974
5975
5976
5977
5978
5979
5980
5981
5982
5983
5984
5985
5986
5987
5988
5989
5990
5991
5992
5993
5994
5995
5996
5997
5998
5999
6000
6001
6002
6003
6004
6005
6006
6007
6008
6009
6010
6011
6012
6013
6014
6015
6016
6017
6018
6019
6020
6021
6022
6023
6024
6025
6026
6027
6028
6029
6030
6031
6032
6033
6034
6035
6036
6037
6038
6039
6040
6041
6042
6043
6044
6045
6046
6047
6048
6049
6050
6051
6052
6053
6054
6055
6056
6057
6058
6059
6060
6061
6062
6063
6064
6065
6066
6067
6068
6069
6070
6071
6072
6073
6074
6075
6076
6077
6078
6079
6080
6081
6082
6083
6084
6085
6086
6087
6088
6089
6090
6091
6092
6093
6094
6095
6096
6097
6098
6099
6100
6101
6102
6103
6104
6105
6106
6107
6108
6109
6110
6111
6112
6113
6114
6115
6116
6117
6118
6119
6120
6121
6122
6123
6124
6125
6126
6127
6128
6129
6130
6131
6132
6133
6134
6135
6136
6137
6138
6139
6140
6141
6142
6143
6144
6145
6146
6147
6148
6149
6150
6151
6152
6153
6154
6155
6156
6157
6158
6159
6160
6161
6162
6163
6164
6165
6166
6167
6168
6169
6170
6171
6172
6173
6174
6175
6176
6177
6178
6179
6180
6181
6182
6183
6184
6185
6186
6187
6188
6189
6190
6191
6192
6193
6194
6195
6196
6197
6198
6199
6200
6201
6202
6203
6204
6205
6206
6207
6208
6209
6210
6211
6212
6213
6214
6215
6216
6217
6218
6219
6220
6221
6222
6223
6224
6225
6226
6227
6228
6229
6230
6231
6232
6233
6234
6235
6236
6237
6238
6239
6240
6241
6242
6243
6244
6245
6246
6247
6248
6249
6250
6251
6252
6253
6254
6255
6256
6257
6258
6259
6260
6261
6262
6263
6264
6265
6266
6267
6268
6269
6270
6271
6272
6273
6274
6275
6276
6277
6278
6279
6280
6281
6282
6283
6284
6285
6286
6287
6288
6289
6290
6291
6292
6293
6294
6295
6296
6297
6298
6299
6300
6301
6302
6303
6304
6305
6306
6307
6308
6309
6310
6311
6312
6313
6314
6315
6316
6317
6318
6319
6320
6321
6322
6323
6324
6325
6326
6327
6328
6329
6330
6331
6332
6333
6334
6335
6336
6337
6338
6339
6340
6341
6342
6343
6344
6345
6346
6347
6348
6349
6350
6351
6352
6353
6354
6355
6356
6357
6358
6359
6360
6361
6362
6363
6364
6365
6366
6367
6368
6369
6370
6371
6372
6373
6374
6375
6376
6377
6378
6379
6380
6381
6382
6383
6384
6385
6386
6387
6388
6389
6390
6391
6392
6393
6394
6395
6396
6397
6398
6399
6400
6401
6402
6403
6404
6405
6406
6407
6408
6409
6410
6411
6412
6413
6414
6415
6416
6417
6418
6419
6420
6421
6422
6423
6424
6425
6426
6427
6428
6429
6430
6431
6432
6433
6434
6435
6436
6437
6438
6439
6440
6441
6442
6443
6444
6445
6446
6447
6448
6449
6450
6451
6452
6453
6454
6455
6456
6457
6458
6459
6460
6461
6462
6463
6464
6465
6466
6467
6468
6469
6470
6471
6472
6473
6474
6475
6476
6477
6478
6479
6480
6481
6482
6483
6484
6485
6486
6487
6488
6489
6490
6491
6492
6493
6494
6495
6496
6497
6498
6499
6500
6501
6502
6503
6504
6505
6506
6507
6508
6509
6510
6511
6512
6513
6514
6515
6516
6517
6518
6519
6520
6521
6522
6523
6524
6525
6526
6527
6528
6529
6530
6531
6532
6533
6534
6535
6536
6537
6538
6539
6540
6541
6542
6543
6544
6545
6546
6547
6548
6549
6550
6551
6552
6553
6554
6555
6556
6557
6558
6559
6560
6561
6562
6563
6564
6565
6566
6567
6568
6569
6570
6571
6572
6573
6574
6575
6576
6577
6578
6579
6580
6581
6582
6583
6584
6585
6586
6587
6588
6589
6590
6591
6592
6593
6594
6595
6596
6597
6598
6599
6600
6601
6602
6603
6604
6605
6606
6607
6608
6609
6610
6611
6612
6613
6614
6615
6616
6617
6618
6619
6620
6621
6622
6623
6624
6625
6626
6627
6628
6629
6630
6631
6632
6633
6634
6635
6636
6637
6638
6639
6640
6641
6642
6643
6644
6645
6646
6647
6648
6649
6650
6651
6652
6653
6654
6655
6656
6657
6658
6659
6660
6661
6662
6663
6664
6665
6666
6667
6668
6669
6670
6671
6672
6673
6674
6675
6676
6677
6678
6679
6680
6681
6682
6683
6684
6685
6686
6687
6688
6689
6690
6691
6692
6693
6694
6695
6696
6697
6698
6699
6700
6701
6702
6703
6704
6705
6706
6707
6708
6709
6710
6711
6712
6713
6714
6715
6716
6717
6718
6719
6720
6721
6722
6723
6724
6725
6726
6727
6728
6729
6730
6731
6732
6733
6734
6735
6736
6737
6738
6739
6740
6741
6742
6743
6744
6745
6746
6747
6748
6749
6750
6751
6752
6753
6754
6755
6756
6757
6758
6759
6760
6761
6762
6763
6764
6765
6766
6767
6768
6769
6770
6771
6772
6773
6774
6775
6776
6777
6778
6779
6780
6781
6782
6783
6784
6785
6786
6787
6788
6789
6790
6791
6792
6793
6794
6795
6796
6797
6798
6799
6800
6801
6802
6803
6804
6805
6806
6807
6808
6809
6810
6811
6812
6813
6814
6815
6816
6817
6818
6819
6820
6821
6822
6823
6824
6825
6826
6827
6828
6829
6830
6831
6832
6833
6834
6835
6836
6837
6838
6839
6840
6841
6842
6843
6844
6845
6846
6847
6848
6849
6850
6851
6852
6853
6854
6855
6856
6857
6858
6859
6860
6861
6862
6863
6864
6865
6866
6867
6868
6869
6870
6871
6872
6873
6874
6875
6876
6877
6878
6879
6880
6881
6882
6883
6884
6885
6886
6887
6888
6889
6890
6891
6892
6893
6894
6895
6896
6897
6898
6899
6900
6901
6902
6903
6904
6905
6906
6907
6908
6909
6910
6911
6912
6913
6914
6915
6916
6917
6918
6919
6920
6921
6922
6923
6924
6925
6926
6927
6928
6929
6930
6931
6932
6933
6934
6935
6936
6937
6938
6939
6940
6941
6942
6943
6944
6945
6946
6947
6948
6949
6950
6951
6952
6953
6954
6955
6956
6957
6958
6959
6960
6961
6962
0.7808833435354434 0.03781391091143196 0
0.7816078072428957 0.04326598947001381 0
0.7824047173210932 0.04926327588445385 0
0.7832813184071105 0.05586029094033788 0
0.7842455796017294 0.06311700750181033 0
0.7853062669158103 0.07109939571943003 0
0.7864730229612992 0.07988002275881168 0
0.787756454611337 0.08953871250213151 0
0.7891682294263787 0.1001632712197833 0
0.7907211817229245 0.1118502858092003 0
0.7924294292491249 0.124706001857559 0
0.8465340435151054 0.02878316543617847 0
0.8473090778330108 0.0342282851323491 0
0.8481616155827069 0.0402179167981368 0
0.8490994071073724 0.04680651163050326 0
0.8501309777845046 0.05405396594610637 0
0.85126570552935 0.0620261656932698 0
0.8525139060486798 0.07079558541514956 0
0.8538869266199428 0.08044194710921732 0
0.8553972492483319 0.09105294497269183 0
0.85705860413956 0.1027250426225138 0
0.8588860945199109 0.115564350037318 0
0.757979459631964 0.04081831608689887 0
0.758685777950233 0.04627277501108303 0
0.7594627281003288 0.05227267982768562 0
0.7603173732654342 0.05887257512594846 0
0.7612574829470503 0.06613245995403758 0
0.7622916035968279 0.07411833326493561 0
0.7634291363115833 0.08290279390692346 0
0.7646804222978141 0.09256570061311009 0
0.7660568368826681 0.1031948979899154 0
0.7675708929260074 0.1148870151044012 0
0.7692363545736808 0.1277483439303356 0
0.7656637228200902 0.0398193238051273 0
0.766375976878879 0.04527301103723223 0
0.7671594563435468 0.05127206699254766 0
0.7680212837546813 0.05787102854339464 0
0.7689692939069291 0.06512988624932631 0
0.7700121050744019 0.07311462972585114 0
0.7711591973586218 0.08189784755002846 0
0.7724209988712638 0.09155938715662351 0
0.77380898053517 0.1021870807238781 0
0.7753357603654668 0.1138775436478581 0
0.7770152181787934 0.1267370528642361 0
0.9943526482471733 0.006014477419824843 0
0.9952570770596421 0.01143960511267094 0
0.9962519487533577 0.01740724557480166 0
0.9973463076164448 0.02397165008314544 0
0.9985501023658407 0.0311924950423236 0
0.9998742765901762 0.03913542449741958 0
1.001330868236945 0.04787264689802515 0
1.002933119048391 0.05748359153869129 0
1.004695594940982 0.06805563064342404 0
1.006634318422831 0.07968487365863006 0
1.008766914252866 0.09247704097535669 0
0.686893502692432 0.04966155238734841 0
0.6875441947073377 0.05512292668115221 0
0.6882599559237341 0.06113043840433639 0
0.6890472932617702 0.06773870129983899 0
0.6899133643336098 0.07500779048489184 0
0.6908660425126334 0.08300378858844998 0
0.6919139885095593 0.09179938650236392 0
0.6930667291061778 0.1014745442076693 0
0.6943347437624583 0.1121172176835052 0
0.6957295598843667 0.1238241585069246 0
0.697263857618466 0.1367017934126861 0
0.8179751169798238 0.03278789887951536 0
0.8187278985808382 0.03823613956365554 0
0.8195559583419538 0.04422920431620975 0
0.8204668240791811 0.05082157554401938 0
0.8214687763901312 0.05807318389460996 0
0.8225709239321761 0.06604995308025961 0
0.8237832862284257 0.07482439918447423 0
0.8251168847543001 0.0844762898991103 0
0.826583843132762 0.09509336968521 0
0.8281974973490701 0.1067721574499196 0
0.829972516987009 0.1196188239911003 0
0.7346500237214745 0.04380159075621255 0
0.7353384243403114 0.0492583402791586 0
0.7360956650210321 0.05526076475439926 0
0.7369286297698249 0.06186343167716398 0
0.7378448909934968 0.06912636529220517 0
0.738852778339536 0.07711559226875049 0
0.7399614544201791 0.08590374194295033 0
0.7411809981088866 0.09557070658457018 0
0.7425224961664648 0.106204367690352 0
0.7439981440298008 0.117901394906712 0
0.7456213566794704 0.130768124844708 0
0.6625519184960118 0.05251811585323275 0
0.6631825757860363 0.05798184032028491 0
0.6638762988050634 0.06399193723404228 0
0.664639394125993 0.07060304383917541 0
0.6654787989790157 0.07787526110482185 0
0.6664021443173407 0.08587470009703291 0
0.6674178241894981 0.09467408298846509 0
0.6685350720488713 0.1043534041690405 0
0.6697640446941818 0.1150006574676734 0
0.6711159146040233 0.1267126360961697 0
0.672602971504849 0.1395958125875155 0
0.8739489843711835 0.02482441413341632 0
0.8747461733752369 0.03026633434667151 0
0.8756230812796956 0.03625244658125222 0
0.8765876799746002 0.04283717003929099 0
0.8776487385389953 0.05008036584313366 0
0.8788159029598298 0.05804788122736058 0
0.8800997838227478 0.0668121481500102 0
0.8815120527719577 0.07645284176492478 0
0.8830655486160884 0.08705760474133083 0
0.8847743940446323 0.09872284401537747 0
0.8866541240160306 0.1115546072168288 0
0.492156464349196 -0.04708301506999806 0
0.4923762242225833 -0.05257862499714412 0
0.4926179600833093 -0.05862379591700479 0
0.4928838695301079 -0.06527348392885153 0
0.4931763699215864 -0.07258814074188294 0
0.4934981203522127 -0.08063426323621749 0
0.4938520458259016 -0.08948499797998549 0
0.4942413638469595 -0.09922080619813031 0
0.4946696136701231 -0.1099301952380896 0
0.4951406884756031 -0.1217105231820448 0
0.4956588707616311 -0.1346688839203956 0
0.5004065368889099 -0.04674588763191448 0
0.5006362345983909 -0.05224109150837951 0
0.5008889020788199 -0.05828581577249103 0
0.5011668363072918 -0.06493501246301372 0
0.5014725639586108 -0.07224912882258866 0
0.5018088643750619 -0.08029465681812112 0
0.502178794833158 -0.08914473761320679 0
0.5025857183370637 -0.09887982648780107 0
0.5030333341913599 -0.1095884242498548 0
0.5035257116310858 -0.1213678817881138 0
0.5040673268147843 -0.1343252850801988 0
0.50865611934646 -0.04639325764084135 0
0.5088961585497569 -0.05188801951660956 0
0.5091602016733834 -0.05793225757995459 0
0.5094506491093725 -0.06458091944963412 0
0.5097701412889607 -0.0718944475062816 0
0.5101215826865075 -0.07993932836859383 0
0.5105081682238092 -0.08878869731713727 0
0.5109334123148409 -0.09852300316053508 0
0.5114011808149758 -0.1092307395882727 0
0.5119157261651243 -0.121009249658784 0
0.5124817260502874 -0.1339656107363465 0
0.9063565889270143 0.01999795423094912 0
0.9071801610931957 0.02543594441710135 0
0.9080860904759951 0.0314177336218688 0
0.9090826127970745 0.03799770174711299 0
0.9101787873502617 0.0452356666848816 0
0.9113845793587677 0.05319742811642708 0
0.9127109505681243 0.06195536569112711 0
0.9141699588984167 0.07158909702329715 0
0.9157748680617382 0.08218620148868418 0
0.9175402681413919 0.09384301640060991 0
0.9194822082290109 0.1066655128037282 0
0.6379560176495732 0.05531002488870009 0
0.6385662048051407 0.06077607323368552 0
0.6392374106762649 0.06678872641316949 0
0.6399757371345015 0.07340264491060186 0
0.6407878962385618 0.08067795525777748 0
0.6416812712530281 0.08868079663967066 0
0.6426639837689411 0.09748392215975313 0
0.6437449675364454 0.1071673602318439 0
0.6449340496807 0.1178191421111437 0
0.6462420400393802 0.1295361021783735 0
0.6476808294339284 0.1424247582523263 0
0.1628282501451352 -0.04143247652275444 0
0.1622726261181358 -0.0469043497406027 0
0.1616614396884365 -0.05292341028023577 0
0.1609891346157673 -0.05954437687383216 0
0.1602495990358311 -0.06682744012678819 0
0.1594361098979013 -0.07483880970503981 0
0.1585412718461786 -0.0836513162411166 0
0.1575569499892835 -0.09334507343080109 0
0.156474195946699 -0.104008206339454 0
0.155283166499856 -0.1157376525389722 0
0.1539730341083287 -0.1286400433584423 0
0.1698249658818117 -0.04212911335702154 0
0.1692933000272177 -0.04760337226661215 0
0.1687084675871642 -0.05362505706716182 0
0.1680651519031054 -0.06024891034776646 0
0.1673575046506407 -0.06753514895643156 0
0.1665790926729296 -0.07555001142596317 0
0.1657228394974473 -0.08436636014244794 0
0.1647809610044168 -0.0940643437305812 0
0.1637448946620832 -0.1047321256775278 0
0.1626052216855163 -0.116466685819169 0
0.1613515814112927 -0.1293747019749744 0
0.176886888203621 -0.04279754299398793 0
0.1763767651205907 -0.04827384120786419 0
0.1758156297292575 -0.05429776924312808 0
0.1751983807987909 -0.06092409008191836 0
0.1745194069752776 -0.06821304300458768 0
0.173772535769413 -0.07623089121952392 0
0.172950977442962 -0.08505052425595377 0
0.1720472632838658 -0.09475212059602664 0
0.17105317770886 -0.1054238765701068 0
0.1699596835763537 -0.1171628081415949 0
0.1687568400305967 -0.1300756328702319 0
0.880604956022952 0.0238463864568796 0
0.8814070955010227 0.0292875792366316 0
0.8822894489269004 0.0352728912943588 0
0.883260037695366 0.04185673455785872 0
0.8843276853406782 0.04909896214770863 0
0.8855020977505215 0.05706541249654353 0
0.8867939514013492 0.06582850788026193 0
0.8882149904172596 0.07546791280235216 0
0.8897781333347611 0.08607125821665143 0
0.8914975905440127 0.0977349381723806 0
0.8933889934741895 0.1105649861236827 0
0.9419874344550683 0.01449477202319808 0
0.9428425027520045 0.01992789839895011 0
0.9437830778786345 0.02590433741227734 0
0.9448177105179274 0.0324784203269373 0
0.9459558064211496 0.03970991153306326 0
0.9472077119146941 0.04766455185980181 0
0.9485848079575929 0.05641465621921421 0
0.9500996136047817 0.06603977101456786 0
0.9517658998166894 0.07662739728945689 0
0.9535988146497878 0.0882737861918348 0
0.955615020966196 0.1010848139844505 0
0.9125606806734772 0.0190550341076756 0
0.9133900958643344 0.02449213623400253 0
0.9143024525742774 0.03047294857296215 0
0.9153060449552147 0.03705184214581773 0
0.9164099965742458 0.04428862507595887 0
0.9176243433551799 0.05224908629911412 0
0.9189601248142075 0.06100559364458491 0
0.9204294844191379 0.07063775172460277 0
0.9220457799845612 0.08123312561262243 0
0.9238237051065269 0.09288803688944404 0
0.9257794227406891 0.1057084392939478 0
0.6788106842153503 0.05062001319768666 0
0.6794551340787297 0.05608212770397292 0
0.6801640289284471 0.06209045366088779 0
0.6809438132631361 0.06869961221349416 0
0.6818015760312941 0.07596968662136117 0
0.6827451150762679 0.08396676847001489 0
0.6837830080257391 0.09276355850353396 0
0.6849246902701575 0.102440027540405 0
0.6861805407390176 0.113084143480963 0
0.6875619762547638 0.124792671015577 0
0.6890815553220845 0.1376720513036522 0
0.4787225051175887 0.0707785738658083 0
0.4791649144542187 0.0762607545896582 0
0.4796515647245116 0.0822911533858931 0
0.4801868800218338 0.08892459206175148 0
0.4807757268488882 0.0962213746051957 0
0.4814234583586481 0.1042478354029844 0
0.4821359630193839 0.1130769422805518 0
0.4829197181461934 0.1227889598458761 0
0.4837818487856838 0.1334721791677328 0
0.4847301924891232 0.1452237204217752 0
0.4857733705629065 0.1581504158012218 0
0.4702808879071774 0.07145109417836597 0
0.4707117007564918 0.07693419882372257 0
0.4711855948907375 0.08296561393361482 0
0.4717068784384079 0.0896001705544963 0
0.4722802903408452 0.09689818283746593 0
0.4729110434335264 0.1049259963487325 0
0.4736048718354756 0.1137565912111258 0
0.4743680830776197 0.1234702455597583 0
0.4752076154439783 0.1341552653432542 0
0.4761311010469727 0.1459087871050996 0
0.4771469352102666 0.1588376610431296 0
0.9000559423000134 0.02094876550459992 0
0.9008743077033319 0.02638754144017256 0
0.9017745096469822 0.03237019496930246 0
0.9027647317849977 0.03895111385134534 0
0.9038539761368146 0.04619012462159253 0
0.9050521449238133 0.05415303646886441 0
0.9063701305895118 0.0629122395008635 0
0.9078199148217801 0.0725473628360625 0
0.9094146774772753 0.0831459985047814 0
0.9111689163983201 0.09480449774037218 0
0.9130985792114692 0.1076288468995221 0
0.9205838063891236 -0.01422482538855325 0
0.9211797829186131 -0.01969244068332648 0
0.9218353571010515 -0.02570681750757703 0
0.9225564887017338 -0.03232263201425264 0
0.9233497334624843 -0.03960002797159581 0
0.9242223026993098 -0.0476051635246733 0
0.9251821288598179 -0.05641081263305853 0
0.9262379376363769 -0.0660970266522823 0
0.9273993272905916 -0.07675186207342843 0
0.9286768559102279 -0.08847218103668919 0
0.9300821373918278 -0.101364531896276 0
0.9264180135807765 -0.01358646923601083 0
0.9270187740932071 -0.01905356109664675 0
0.9276796106568809 -0.02506736214334626 0
0.928406530876922 -0.03168254329471572 0
0.9292061431189672 -0.03895924256122214 0
0.930085716585217 -0.04696361175437919 0
0.9310532473980918 -0.05576841786685195 0
0.9321175312922541 -0.06545370459057197 0
0.9332882435758325 -0.07610751998666401 0
0.9345760270877688 -0.08782671692236525 0
0.9359925889508988 -0.1007178335516366 0
0.9321477164002557 -0.01295412779687594 0
0.9327540101286201 -0.0184206090149352 0
0.933420933229821 -0.0244337383548004 0
0.934154548641142 -0.03104818062865211 0
0.934961525593595 -0.03832406712988899 0
0.9358492002412935 -0.04632754228124957 0
0.9368256423537616 -0.0551313649477462 0
0.9378997286774767 -0.06481556988089249 0
0.9390812236335633 -0.07546819530735342 0
0.9403808680852584 -0.08718608327646045 0
0.9418104769821232 -0.1000757600424782 0
0.6461803694305132 0.05438651649365479 0
0.6467974141750206 0.05985179478167386 0
0.6474761633939788 0.06586360089849486 0
0.6482227875348328 0.07247658762699793 0
0.6490440740897722 0.07975087302835132 0
0.6499474893002055 0.08775258696984006 0
0.6509412460316822 0.09655447230547767 0
0.6520343784363065 0.106236546174679 0
0.6532368240813933 0.1168868274308005 0
0.6545595142909888 0.1286021368125342 0
0.6560144735215437 0.1414889771324412 0
0.9246616616206461 0.01719670231163856 0
0.9255012191285961 0.02263224719307819 0
0.926424732387341 0.02861134656266178 0
0.9274405969719604 0.03518835586920373 0
0.9285580480150417 0.04242306610639988 0
0.9297872441624312 0.05038124736731564 0
0.9311393599245597 0.05913524675432298 0
0.9326266872629009 0.06876464608003105 0
0.9342627473350763 0.07935698533830995 0
0.9360624134144693 0.09100855852241671 0
0.9380420461018015 0.1038252890249342 0
0.5416162875465116 -0.04483940080575569 0
0.5418930944725492 -0.05033243274245416 0
0.5421975820911905 -0.05637476787282249 0
0.5425325184716959 -0.06302133651622764 0
0.5429009484902518 -0.07033256202397331 0
0.5433062215106634 -0.07837491008249353 0
0.5437520218331161 -0.08722149294686579 0
0.5442424021878141 -0.09695273409767528 0
0.5447818205779819 -0.1076570993635657 0
0.5453751808071664 -0.1194319011560452 0
0.5460278770592695 -0.1323841831277726 0
0.5498415151636012 -0.0444178554320455 0
0.5501275477875194 -0.04991041458758293 0
0.5504421836738294 -0.05595222965867409 0
0.5507882831487703 -0.06259822623687437 0
0.5511689925712053 -0.06990882247289468 0
0.5515877729358839 -0.07795047833251702 0
0.5520484313370303 -0.08679629977810159 0
0.5525551555782913 -0.09652670336824462 0
0.5531125522436784 -0.107230147317402 0
0.5537256885756042 -0.119003935661475 0
0.5544001385407227 -0.1319551028399554 0
0.5580578062013893 -0.04398312493898812 0
0.5583526149300618 -0.04947521977883119 0
0.5586769045316016 -0.05551652410265857 0
0.5590336230932953 -0.0621619588588687 0
0.5594260135111584 -0.06947193709069983 0
0.5598576429708078 -0.07751291314571408 0
0.5603324353764221 -0.08635798680622975 0
0.5608547070225979 -0.096087567832797 0
0.5614292058333913 -0.106790106962021 0
0.562061154525264 -0.1185629000041673 0
0.5627562980863239 -0.1315129723505283 0
0.8672113718725439 0.0258083512335886 0
0.8680033742604688 0.0312510288945391 0
0.8688745768871861 0.03723797432158464 0
0.869832899776575 0.04382361429133474 0
0.8708870549549029 0.05106781825805985 0
0.8720466256510636 0.05903644262145748 0
0.8733221534168403 0.06780192942119487 0
0.8747252339591948 0.07744396490090599 0
0.8762686225557846 0.08805020392858824 0
0.8779663500120334 0.09971706685903869 0
0.8798338502139071 0.1125506160825342 0
0.03665728678268654 -0.02524596666703276 0
0.03554785222824336 -0.03063317469958132 0
0.03432747421835586 -0.03655910353538475 0
0.03298505840747962 -0.04307762525476852 0
0.03150840101551574 -0.05024799914609065 0
0.02988407788435548 -0.05813541042654501 0
0.02809732244007919 -0.0668115628350448 0
0.02613189145137527 -0.07635533048439458 0
0.02396991736380097 -0.08685347489867934 0
0.02159174586746923 -0.09840143375439256 0
0.01897575722150432 -0.1111041884956771 0
0.04152880413458408 -0.02619972099839034 0
0.04051057976988336 -0.03160479032334546 0
0.03939053296871257 -0.03755036658079608 0
0.0381584814874247 -0.04409050046399176 0
0.03680322485800805 -0.05128464773550702 0
0.03531244256564973 -0.05919820973417379 0
0.03367258204405558 -0.06790312793270725 0
0.03186873547030201 -0.07747853795109405 0
0.02988450423917309 -0.08801148897131954 0
0.02770184988493127 -0.09959773509356758 0
0.02530093009526527 -0.1123426058280404 0
0.04654493282661076 -0.02710729987753282 0
0.0456058369438174 -0.03252668901861121 0
0.04457283147274471 -0.03848801707379745 0
0.04343652545456475 -0.04504547793450231 0
0.0421865888345668 -0.05225868488127766 0
0.04081165855256905 -0.06019321252273054 0
0.03929923524237153 -0.06892119292832871 0
0.03763556960115425 -0.07852197137448669 0
0.03580553739581524 -0.08908282766526049 0
0.03379250196994234 -0.1006997695851117 0
0.03157816300148214 -0.1134784056969479 0
0.7188832058016297 0.04577254076035333 0
0.7195596822582817 0.05123078113441847 0
0.720303806360599 0.05723484554589012 0
0.721122342873148 0.06383931639850893 0
0.7220227330369519 0.07110423433638963 0
0.7230131622171362 0.07909564406805838 0
0.7241026343153389 0.08788619477289403 0
0.7253010536233619 0.09755580054821324 0
0.7266193148621872 0.1081923669010644 0
0.728069402224895 0.1198925898892006 0
0.7296644983238736 0.1327628351761505 0
0.6872816811470505 -0.03562036901987595 0
0.6876923280548587 -0.04110501833940759 0
0.6881440396534477 -0.04713813259089239 0
0.6886409224118957 -0.05377455826752568 0
0.6891874934461883 -0.06107462651182229 0
0.6897887215839104 -0.06910470158054856 0
0.6904500725354046 -0.07793778415614747 0
0.6911775585820482 -0.08765417498930625 0
0.6919777932333562 -0.09834220490578091 0
0.6928580513497949 -0.1100990378139031 0
0.6938263352778776 -0.1230315540128374 0
0.6951510123572168 -0.03502682814114838 0
0.69556806540619 -0.04051099429906214 0
0.6960268237600606 -0.04654357707276727 0
0.6965314579493183 -0.05317941812384291 0
0.6970865555575018 -0.06047884328002612 0
0.6976971629265035 -0.06850821095182764 0
0.6983688310324054 -0.07734051539080933 0
0.6991076659488976 -0.08705605027368918 0
0.699920384357039 -0.09774313864485704 0
0.7008143746059945 -0.1094989358531417 0
0.7017977638798456 -0.1224303127822547 0
0.7029879148320876 -0.03442593187593906 0
0.7034116397887094 -0.03990958648413168 0
0.7038777372409933 -0.04594160655314356 0
0.7043904444385056 -0.05257682862905663 0
0.7049544223557692 -0.059875572912561 0
0.7055747980647592 -0.06790419162441581 0
0.7062572113446481 -0.07673567220745611 0
0.707007865952526 -0.08645030084880043 0
0.7078335860211915 -0.09713639235427921 0
0.7087418780967237 -0.1088910930103058 0
0.7097409993798091 -0.1218212637319351 0
0.7424712374791245 0.04281018179220246 0
0.7431659675534451 0.04826612898135797 0
0.743930170635198 0.05426767088942903 0
0.7447707940251259 0.06086936698830721 0
0.7456954797540468 0.06813123269707319 0
0.7467126340558597 0.07611928497671577 0
0.747831503787854 0.08490614248432261 0
0.7490622604930477 0.09457168574269015 0
0.7504160928687608 0.1052037833268944 0
0.7519053084820451 0.1168990906695191 0
0.7535434456566579 0.1297639287464063 0
0.6706963532809169 0.05157251355874212 0
0.6713341337963893 0.05703541096667165 0
0.6720356923634089 0.06304459811539413 0
0.6728074067871305 0.06965470397898887 0
0.6736562926532241 0.07692582042894308 0
0.6745900671059273 0.08492404852389271 0
0.6756172190039007 0.0937220994283373 0
0.6767470860916714 0.1033999554232264 0
0.6779899398882192 0.1140455970176043 0
0.6793570790644219 0.1257558027714201 0
0.6808609321582447 0.1386370291006174 0
0.8033119132478724 0.03479907435643838 0
0.804053410425687 0.04024886257136423 0
0.8048690573212829 0.04624362960778266 0
0.8057662689064385 0.05283787334784294 0
0.8067532016501097 0.06009154146190925 0
0.8078388276681479 0.06807057638738219 0
0.80903301628799 0.07684751480540242 0
0.8103466237698161 0.08650214706522467 0
0.8117915919998251 0.09712224255102916 0
0.8133810570528348 0.1088043475854141 0
0.8151294686111455 0.1216546631232375 0
0.8252137682865598 0.03178428443491839 0
0.825971817503579 0.03723179476905868 0
0.8268056716422999 0.04322405613661299 0
0.8277229111948929 0.04981554364092274 0
0.8287318747027453 0.05706617989566345 0
0.829841734561383 0.06504187977587823 0
0.8310625804058844 0.07381514964411451 0
0.8324055108348359 0.0834657464991744 0
0.8338827343066827 0.0940814030397403 0
0.8355076801257141 0.1057586252343628 0
0.8372951205266486 0.1186035696484475 0
0.3449451276319994 -0.05009039802872096 0
0.3449292896839175 -0.05559038165861088 0
0.3449118679410274 -0.0616403636514898 0
0.3448927040238482 -0.06829534384365661 0
0.3448716237149512 -0.07561582205504011 0
0.3448484353751644 -0.08366834808756195 0
0.344822928201399 -0.09252612672333597 0
0.344794870310257 -0.1022696832226874 0
0.3447640066300008 -0.112987595371974 0
0.344730056581719 -0.1247772987361892 0
0.344692711528609 -0.137745972436826 0
0.3529919636234257 -0.05010120085927412 0
0.3529928904581545 -0.05560120712266452 0
0.3529939099763562 -0.06165121401239396 0
0.3529950314463781 -0.06830622159109634 0
0.3529962650634021 -0.07562672992766896 0
0.3529976220421286 -0.08367928909789885 0
0.3529991147187278 -0.09253710418515171 0
0.3530007566629868 -0.1022807007811299 0
0.3530025628016718 -0.1129986570367059 0
0.3530045495542252 -0.1247884089178394 0
0.353006734982034 -0.1377571359870864 0
0.3610615507373606 -0.05008752607545992 0
0.3610786883130522 -0.05558750498673638 0
0.361097539646313 -0.0616374817891405 0
0.3611182761128999 -0.06829245627178501 0
0.3611410862261455 -0.07561292820269398 0
0.3611661773507157 -0.08366544732669386 0
0.3611937775877428 -0.09252321836309371 0
0.3612241378484727 -0.1022667665031336 0
0.3612575341352755 -0.1129846694571774 0
0.3612942700507586 -0.1247743627066256 0
0.3613346795577901 -0.1377430252810186 0
0.9363288873154096 0.01538319624331666 0
0.9371793491876682 0.0208170458642076 0
0.9381148572471526 0.02679428044718764 0
0.9391439161125854 0.03336923848846568 0
0.9402758808645616 0.04060169233387153 0
0.9415210420917354 0.04855739156381796 0
0.9428907194416265 0.05730866071675904 0
0.9443973645265067 0.06693505678499422 0
0.946054674119875 0.07752409246005293 0
0.9478777146725801 0.0891720317026175 0
0.9498830592805556 0.1019847648694385 0
0.8535008035770202 0.02778821890558215 0
0.8542810940935416 0.03323258793340139 0
0.8551394136617152 0.03922139386400256 0
0.856083565186706 0.04580908038766383 0
0.8571221318641961 0.05305553556369125 0
0.858264555209435 0.06102663625732139 0
0.8595212208891979 0.06979484702031455 0
0.8609035531369371 0.07943987885960704 0
0.8624241186094502 0.09004941388282878 0
0.8640967406292146 0.1017199024083727 0
0.8659366248509555 0.114557439786471 0
0.7029603302474559 0.04772812315431482 0
0.7036242772699968 0.05318790209172768 0
0.7043546189947918 0.05919365892288184 0
0.7051579948920663 0.0657999914371514 0
0.7060417083790683 0.07306695720284792 0
0.7070137932147704 0.08106061954511409 0
0.7080830865340428 0.0898536481216069 0
0.7092593091852425 0.09952597955574896 0
0.7105531541015621 0.1101655441333053 0
0.7119763835095136 0.1218690651686172 0
0.7135419358582604 0.1347429383074603 0
0.7958912533619733 0.03580443773909498 0
0.7966267335881343 0.04125504115749225 0
0.7974357618369112 0.04725070491772925 0
0.7983256929105659 0.05384593505398995 0
0.7993046170915861 0.06110068820387672 0
0.8003814336907082 0.06908091666875217 0
0.8015659319497426 0.07785916798011516 0
0.8028688800346804 0.08751524442261445 0
0.804302122928112 0.09813692850936369 0
0.8058786901108868 0.1098207810047878 0
0.8076129140119389 0.1226730187497544 0
0.8394958802451243 0.029781550649842 0
0.8402655420155509 0.03522743247195156 0
0.84111216996302 0.04121790247627206 0
0.8420434607052361 0.04780741948102463 0
0.8430678805216737 0.05505588818625245 0
0.8441947423197551 0.06302920376200305 0
0.8454342902976447 0.07179985089532871 0
0.8467977930733233 0.08144756274198693 0
0.8482976461265697 0.09206004577331099 0
0.8499474844851407 0.1037337771077674 0
0.8517623066795688 0.1165748815756695 0
0.8835734719163939 -0.01815095393421056 0
0.8841378742787844 -0.02362191899284639 0
0.884758716877414 -0.0296399805573458 0
0.8854416437359065 -0.03625984827829515 0
0.8861928632802484 -0.04354170277133942 0
0.8870192047790243 -0.05155174271368813 0
0.8879281804276778 -0.06036278665027171 0
0.8889280536411968 -0.07005493498051367 0
0.8900279141760676 -0.08071629814377981 0
0.8912377607644255 -0.09244379762337256 0
0.8925685920116192 -0.1053440470509246 0
0.8899642188142489 -0.01748818286039227 0
0.8905343270210007 -0.02295855619273328 0
0.8911614460484276 -0.02897596685830838 0
0.8918512769785972 -0.035595118590441 0
0.8926100910017838 -0.04287618549578687 0
0.8934447864272891 -0.05088535909166733 0
0.8943629513953448 -0.05969545004713585 0
0.8953729328602062 -0.06938655009815121 0
0.8964839124715537 -0.08004676015426813 0
0.897705990044036 -0.09177299121599672 0
0.8990502753737665 -0.1046718453838982 0
0.8962697951300099 -0.01682778680821274 0
0.8968450971101435 -0.02229761619836747 0
0.8974779292882904 -0.02831442852753768 0
0.8981740446842519 -0.0349329220896249 0
0.8989397716198096 -0.04221326500792084 0
0.8997820712489231 -0.05022164221804638 0
0.9007086008409479 -0.05903085714918448 0
0.9017277833921753 -0.06872099357343639 0
0.9028488841985253 -0.07938014364011348 0
0.9040820950855104 -0.0911052087134583 0
0.9054386270611939 -0.1040027802941376 0
0.9539225132809507 -0.01050000417243227 0
0.9545483024913878 -0.01596428765321882 0
0.9552366706228685 -0.02197499948208402 0
0.9559938755674974 -0.02858678249383575 0
0.9568268010065891 -0.03585974380676265 0
0.95774301898959 -0.04386000125098224 0
0.9587508587708911 -0.05266028443962378 0
0.9598594825303222 -0.06234059594712949 0
0.9610789686656963 -0.07298893860538577 0
0.962420403414608 -0.08470211552946767 0
0.9638959816384107 -0.09758661014595776 0
0.9590540047359495 -0.009909982300559683 0
0.9596841192475762 -0.01537376846447377 0
0.9603772452103656 -0.02138393324477928 0
0.9611396837694339 -0.02799511450311533 0
0.9619783661844091 -0.03526741388728499 0
0.9629009168408819 -0.04326694320987161 0
0.9639157225630018 -0.0520664254647169 0
0.9650320088573339 -0.06174585594504672 0
0.966259923781099 -0.07239322947340952 0
0.9676106301972407 -0.08410534035460859 0
0.9690964072549966 -0.09698866232392758 0
0.9640486311616472 -0.009332233248014972 0
0.964683418640467 -0.01479547888100996 0
0.9653816848671688 -0.02080504907730445 0
0.9661497777165408 -0.02741557629322839 0
0.96699467985085 -0.03468715623074473 0
0.96792407219859 -0.04268589416201269 0
0.9689464037811041 -0.05148450588640745 0
0.9700709685218696 -0.06116297878324169 0
0.9713079897367116 -0.07180929896975936 0
0.9726687130730379 -0.08352025117492881 0
0.9741655087429968 -0.09640229860061518 0
0.9978327836425236 0.005433394239406255 0
0.9987406348779885 0.01085795047967995 0
0.9997392712369999 0.01682496234398102 0
1.000837771231913 0.02338867539471219 0
1.002046121226316 0.03060875975051649 0
1.00337530622016 0.0385508525419012 0
1.004837409713389 0.04728715461242439 0
1.006445723555941 0.05689708688999991 0
1.008214868782747 0.06746801239533298 0
1.010160928532234 0.07909603045119937 0
1.01230159425667 0.09188685031265237 0
0.9683141443017225 0.01029310875314599 0
0.9691935343992767 0.01572235183640016 0
0.9701608635065864 0.02169451922797975 0
0.971224925524627 0.02826390335871729 0
0.9723953937444718 0.03549022590252859 0
0.973682908786301 0.04343918070072102 0
0.9750991753323132 0.0521830309787327 0
0.9766570685329264 0.06180126628454554 0
0.9783707510536012 0.07238132512093967 0
0.9802558018263433 0.08401938984097322 0
0.9823293576763596 0.09682126103301011 0
0.05170153178417657 -0.02796113548737704 0
0.05083080748084302 -0.03339184792024497 0
0.04987301074717612 -0.03936563159639969 0
0.04881943434014253 -0.04593679364016989 0
0.04766050029240559 -0.0531650718883171 0
0.04638567283989495 -0.06111617796127904 0
0.04498336264213325 -0.06986239464153716 0
0.04344082142459538 -0.07948323298982111 0
0.04174402608530371 -0.09006615517293347 0
0.03987755121208288 -0.101707369574357 0
0.03782442885153997 -0.114512705415923 0
0.05697933353981512 -0.02877941839382524 0
0.05615543616562323 -0.0342173920415179 0
0.05524914905401214 -0.04019916305397982 0
0.05425223323123995 -0.04677911116768793 0
0.05315562582619054 -0.05401705409276684 0
0.05194935768063618 -0.06197879131035366 0
0.0506224627205264 -0.07073670224969916 0
0.04916287826440562 -0.0803704042829792 0
0.04755733536267277 -0.09096747651958727 0
0.04579123817076665 -0.1026242559798561 0
0.0438485312596699 -0.1154467133861519 0
0.06238437999763175 -0.02957905538882108 0
0.06160098062226607 -0.03502302118334358 0
0.06073924130936383 -0.04101138355731833 0
0.05979132806517136 -0.04759858216869055 0
0.05874862349655964 -0.05484450064119999 0
0.05760164847108675 -0.06281501096096039 0
0.05633997594306657 -0.07158257231269682 0
0.05495213616224437 -0.08122688979960689 0
0.05342551240333995 -0.09183563903520799 0
0.0517462262685451 -0.1035052631943692 0
0.04989901152027075 -0.1163418497694465 0
0.2328313367258305 0.08080037475352635 0
0.2327548219183003 0.08629985733839532 0
0.2326706556300171 0.09234928818175117 0
0.2325780727129055 0.09900366210944263 0
0.2324762315040828 0.1063234734299032 0
0.2323642061743778 0.1143752658824099 0
0.2322409783117023 0.1232322375801672 0
0.2321054276627592 0.1329749064477002 0
0.2319563219489219 0.1436918422019866 0
0.2317923056637008 0.1554804715317016 0
0.2316118877499576 0.1684479637943881 0
0.2251395005771437 0.08067539793492649 0
0.2250363551450139 0.08617444814634624 0
0.2249228951696711 0.09222340337890797 0
0.224798089196794 0.09887725413472587 0
0.2246608026266292 0.1061964899661256 0
0.2245097873994479 0.1142476493806652 0
0.2243436706495484 0.1231039247366588 0
0.2241609422246591 0.1328458276282518 0
0.2239599409572808 0.1435619208090041 0
0.2237388395631646 0.1553496233078316 0
0.2234956280296369 0.1683160960565419 0
0.8871771119556037 0.02287439738666167 0
0.8879847894102475 0.02831477111290423 0
0.8888732346103558 0.03429918221177104 0
0.8898505243304748 0.04088203442052454 0
0.8909255430226058 0.04812317185015339 0
0.89210806358395 0.05608842302274512 0
0.8934088362014285 0.06485019931259603 0
0.8948396860806549 0.07448815323143203 0
0.8964136209478039 0.08508990254215164 0
0.8981449493016678 0.09675182678394319 0
0.9000494104909181 0.1095799434499139 0
0.9024873984881042 -0.01617103966741201 0
0.9030674494724638 -0.02164036744459667 0
0.9037055055552593 -0.02765662799949979 0
0.9044073672463344 -0.03427451460989323 0
0.9051794151065171 -0.041554189881326 0
0.906028667752718 -0.04956183267990207 0
0.9069628456635389 -0.05837023975833573 0
0.907990441365442 -0.06805948754461276 0
0.9091207966375354 -0.0787176601095175 0
0.9103641874368381 -0.09044164993091272 0
0.9117319173160711 -0.1033380387344474 0
0.9086148005723444 -0.0155185462041789 0
0.9092001725071703 -0.02098730737837263 0
0.9098440816354788 -0.02700294466998573 0
0.9105523816766182 -0.03362014569076015 0
0.9113315117218715 -0.04089906681361201 0
0.9121885547716501 -0.04890588004874905 0
0.9131313021264066 -0.05771337460739979 0
0.9141683242166387 -0.06740161862191563 0
0.915309048515894 -0.07805868703788303 0
0.9165638452450749 -0.08978146229544717 0
0.9179441216471739 -0.1026765150787677 0
0.914648390794894 -0.01486935461795444 0
0.9152394475928883 -0.0203375041371783 0
0.9158896100706821 -0.02635246860832455 0
0.9166047887962554 -0.03296892952658543 0
0.9173914853943859 -0.0402470365366724 0
0.9182568516523295 -0.04825295424776806 0
0.9192087545360674 -0.05705946372997328 0
0.9202558477081791 -0.06674662416039903 0
0.921407650197502 -0.07740250063386736 0
0.9226746329357571 -0.08912396475468254 0
0.9240683139478378 -0.1020175752875792 0
0.264072795293276 0.08094904270196457 0
0.2640946214235307 0.0864490111565899 0
0.264118630166811 0.09249897645667779 0
0.2641450397844193 0.09915393828677445 0
0.2641740903637884 0.1064743962998808 0
0.2642060460010944 0.1145269001142978 0
0.264241197202131 0.1233846543101564 0
0.2642798635232713 0.1331281839256009 0
0.2643223964765256 0.1438460665025899 0
0.2643691827251053 0.1556357373372778 0
0.2644206475985429 0.1686043752554345 0
0.2561953382822377 0.08096393126989043 0
0.2561938671214412 0.08646394400190135 0
0.256192248844565 0.09251395800711336 0
0.2561904687400013 0.09916897341284657 0
0.2561885106249812 0.1064894903591531 0
0.256186356698459 0.1145420590000903 0
0.2561839873792846 0.1233998845051212 0
0.2561813811281928 0.1331434925606552 0
0.2561785142519918 0.1438614614217426 0
0.2561753606881708 0.1556512271689387 0
0.2561718917679676 0.1686199694908544 0
-0.005006573361547442 0.0097228727771057 0
-0.01038058429341996 0.01099299075596611 0
-0.01629199631847972 0.01239012053271256 0
-0.02279454954604547 0.01392696328713365 0
-0.02994735809636779 0.01561749031699685 0
-0.03781544750172233 0.01747707004984637 0
-0.04647034584761233 0.01952260775598085 0
-0.05599073402809134 0.02177269923272877 0
-0.06646316102661826 0.02424779985715149 0
-0.07798283072499786 0.02697041054401648 0
-0.09065446739321542 0.02996528229956796 0
-0.005592392969883873 0.005635188638118315 0
-0.01112656583250602 0.005790830749653838 0
-0.01721415598139039 0.005962037072342915 0
-0.02391050514516319 0.006150364027300898 0
-0.03127648922531327 0.00635752367775468 0
-0.03937907171347835 0.00658539929325384 0
-0.04829191245045996 0.006836062470302916 0
-0.05809603726113972 0.007111791965056899 0
-0.06888057455288747 0.007415094409286282 0
-0.08074356557380998 0.007748727097938602 0
-0.09379285569682475 0.008115723055456154 0
0.8936619856853408 0.02190802582099993 0
0.8944753322136787 0.02734755473059428 0
0.8953700133948505 0.03333103653114807 0
0.8963541626941393 0.03991286651175724 0
0.8974367269233571 0.04715287949042732 0
0.8986275475754966 0.05511689376696441 0
0.8999374502928501 0.06387730947115522 0
0.9013783432819389 0.0735137667457651 0
0.9029633255699366 0.08411386974783598 0
0.904706806086734 0.09577398305011393 0
0.9066246346552114 0.1086001076826197 0
0.9186637078168598 0.01812062704135884 0
0.9194985826046707 0.02355689325925554 0
0.9204169448712626 0.02953678609894192 0
0.9214271433645136 0.03611466822259694 0
0.9225383617070898 0.04335033855861745 0
0.9237607018839237 0.05130957592824001 0
0.9251052760784408 0.06006473703482484 0
0.9265843076924097 0.06969541425206816 0
0.9282112424677755 0.0802891591910358 0
0.9300008707206779 0.0919422786239002 0
0.9319694617988705 0.104760710000051 0
0.01078920012841716 -0.01733618506025601 0
0.008373716841953956 -0.02228214303379489 0
0.005716685226844433 -0.02772269680468765 0
0.002793950450223955 -0.03370730595266969 0
-0.0004210578040585687 -0.04029037601544992 0
-0.003957566883769347 -0.0475317530845082 0
-0.0078477268714512 -0.05549726786047229 0
-0.01212690285790124 -0.06425933411403278 0
-0.01683399644299629 -0.07389760699294935 0
-0.02201179938660084 -0.08449970715975755 0
-0.02770738262456585 -0.09616201734324659 0
0.0146372790839761 -0.0190302293820264 0
0.01256418675738011 -0.02412698369096146 0
0.01028378519812452 -0.02973341343079002 0
0.007775343482943365 -0.03590048614460144 0
0.005016057596244098 -0.04268426612979399 0
0.001980843120874905 -0.05014642411350581 0
-0.001357892802031208 -0.05835479789558881 0
-0.005030502317227934 -0.0673840090558801 0
-0.009070372783944337 -0.07731614133220054 0
-0.01351423029733238 -0.088241486836153 0
-0.01840247356205921 -0.1002593668905007 0
0.01868749747993151 -0.02054392031554109 0
0.01689270658363643 -0.02574472448853587 0
0.01491843659771184 -0.03146560907883013 0
0.0127467396131948 -0.03775858212815382 0
0.01035787293022605 -0.04468085248240988 0
0.007730119578960427 -0.05229534987209154 0
0.004839590892568239 -0.06067129700074136 0
0.001660009337536836 -0.06988483884225619 0
-0.001837530372997713 -0.08001973486792249 0
-0.005684824054585716 -0.09116812049615541 0
-0.009916847104332514 -0.1034313446872116 0
0.2483610275034921 0.08094476458122547 0
0.2483350899102467 0.08644471772614196 0
0.2483065585576767 0.09249466618555011 0
0.2482751740698496 0.09914960949089906 0
0.24824065113324 0.1064700471267829 0
0.2482026759029693 0.1145225285262551 0
0.2481609031496715 0.1233802580656746 0
0.248114953121044 0.133123760559036 0
0.2480644080895537 0.1438416133017336 0
0.2480088085549144 0.1556312513187009 0
0.2479476490668112 0.1685998531373649 0
0.2405722166642826 0.08089017977536742 0
0.2405211055324589 0.08638995678727961 0
0.2404648832874529 0.09243971150038303 0
0.2404030388179463 0.09909444168479681 0
0.240335009901489 0.1064146448876519 0
0.240260178093386 0.1144668684107926 0
0.2401778631044726 0.1233243142862473 0
0.240087316616668 0.1330675047492475 0
0.2399877154800829 0.1437850142585477 0
0.2398781542298392 0.155574274718778 0
0.2397576368545712 0.1685424612250312 0
0.2972287983528825 -0.04950214127176521 0
0.2971051883581546 -0.05500076039574858 0
0.296969217363954 -0.06104924143213028 0
0.2968196492703333 -0.06770257057215015 0
0.2966551243673505 -0.07502123262617202 0
0.2964741469740694 -0.08307176088559606 0
0.2962750718414602 -0.09192734197096253 0
0.2960560891955901 -0.1016684811648656 0
0.295815208285133 -0.112383734278159 0
0.2955502392836301 -0.1241705127027818 0
0.295258773381977 -0.1371359689698668 0
0.3051068488380536 -0.04966545028868965 0
0.3050021974162804 -0.05516446257906448 0
0.3048870808523299 -0.0612133760984768 0
0.3047604526319844 -0.06786718096983035 0
0.3046211615896042 -0.07518636632831927 0
0.3044679414429861 -0.08323747022265707 0
0.3042993992817062 -0.09209368450642866 0
0.3041140029042982 -0.1018355202185774 0
0.3039100668891495 -0.112551539501941 0
0.3036857372724859 -0.124339160713641 0
0.303438974694156 -0.137305544046511 0
0.3130171979012869 -0.04980242143964164 0
0.3129315128661013 -0.05530176230373092 0
0.3128372593273972 -0.06135103725422912 0
0.3127335804348226 -0.06800523969977715 0
0.3126195336529906 -0.07532486238987998 0
0.3124940821929754 -0.0833764473489931 0
0.3123560855869587 -0.09223319080401751 0
0.3122042893203403 -0.1019756086045444 0
0.31203731342706 -0.1126922681851239 0
0.3118536399444518 -0.1244805937237615 0
0.3116515991135826 -0.1374477518162627 0
0.8603942608610828 0.02679678134546166 0
0.8611803647625356 0.03224031425911529 0
0.8620450790541336 0.03822820046413428 0
0.8629962647748916 0.04481487528965516 0
0.8640425690677251 0.05206021759772814 0
0.8651935037898422 0.06003009413660841 0
0.8664595319841709 0.06879695832937671 0
0.8678521629979324 0.07844050894142185 0
0.8693840571130702 0.0890484146146715 0
0.8710691406397217 0.1007171108552461 0
0.8729227325190384 0.1135526767198782 0
0.1038439978226372 0.070259381286888 0
0.1027768712616028 0.07565506550833551 0
0.101603032044465 0.08159031815192776 0
0.1003118089056135 0.08811909605987925 0
0.09889146345287675 0.09530075175862587 0
0.09732908345486636 0.1032005730272472 0
0.09561046545705494 0.1118903764227306 0
0.09371998565946237 0.1214491601577624 0
0.09164045788211053 0.1319638222662973 0
0.08935297732702352 0.1435299505856857 0
0.08683674871642781 0.156252691737013 0
0.09743068268125567 0.06893421288101031 0
0.09626977441587134 0.07431052338953201 0
0.09499277532394859 0.08022446494890588 0
0.09358807632283356 0.08672980066421712 0
0.09204290742160702 0.09388566995105951 0
0.09034322163025783 0.1017571261665861 0
0.08847356725977372 0.1104157280036654 0
0.08641694745224121 0.1199401900244526 0
0.08415466566395544 0.1304170982473186 0
0.08166615569684109 0.1419416972924711 0
0.07892879473301531 0.1546187562421388 0
0.5169032283714242 -0.04602515232164914 0
0.5171532589290031 -0.0515194682839295 0
0.5174282925423399 -0.05756321584243789 0
0.5177308295170104 -0.06421133815679712 0
0.518063620189148 -0.07152427270259228 0
0.5184296899284992 -0.07956850070296695 0
0.5188323666417857 -0.08841715150337909 0
0.5192753110264008 -0.09815066738383244 0
0.5197625498494773 -0.1088575348523311 0
0.5202985125548616 -0.1206350890676797 0
0.5208880715307842 -0.1335903987045631 0
0.5251462771482782 -0.04564276897289826 0
0.5254055700074105 -0.05113665530907564 0
0.525690792152456 -0.05717993027887075 0
0.526004536512006 -0.06382753274564537 0
0.526349655307511 -0.07113989545909746 0
0.5267292859825665 -0.07918349444389476 0
0.5271468797251275 -0.08803145332717179 0
0.5276062328419447 -0.09776420809877652 0
0.5281115212704436 -0.1084702383475417 0
0.5286673385417924 -0.1202468716211835 0
0.529278737540276 -0.1332011682221894 0
0.5333841279305203 -0.04524724677539377 0
0.5336520668757778 -0.05074071802277615 0
0.5339467997155611 -0.05678353639489676 0
0.5342710058393229 -0.06343063660422944 0
0.5346276325754608 -0.07074244683449539 0
0.5350199219852123 -0.07878543808778793 0
0.5354514403359392 -0.08763272846640972 0
0.5359261105217387 -0.0973647478828937 0
0.536448247726118 -0.1080699692410261 0
0.5370225986509354 -0.1198457127349717 0
0.5376543846682345 -0.1327990305783119 0
0.8323882318512121 0.03078230769866055 0
0.833152035437525 0.03622901436922375 0
0.8339922193824691 0.04222039170684326 0
0.8349164217219076 0.04881090677822472 0
0.83593304429529 0.05606047335674434 0
0.8370513291260107 0.0640349965931159 0
0.8382814424398033 0.07280697215312462 0
0.8396345670849753 0.08245614526913422 0
0.8411230041946645 0.0930702356967448 0
0.8427602850153225 0.1047457351671164 0
0.8445612939180465 0.1175887845845252 0
0.9824775455384684 -0.007159850523575364 0
0.9831300920535747 -0.012621003037388 0
0.9838478932201917 -0.0186282708025819 0
0.9846374745034704 -0.02523626534429518 0
0.9855060139150769 -0.0325050593401798 0
0.986461407267844 -0.04050073273565288 0
0.9875123399558879 -0.04929597347067326 0
0.9886683659127362 -0.05897073827919569 0
0.9899399944652693 -0.06961297956857036 0
0.9913387858730557 -0.08131944498688251 0
0.9928774564216207 -0.09419655694702585 0
0.9866372829779789 -0.006661318854298603 0
0.9872938497625579 -0.01212198955872545 0
0.9880160732255947 -0.01812872733359498 0
0.9888105190349353 -0.02473613888595147 0
0.9896844094252099 -0.0320042915935436 0
0.990645688854512 -0.03999925957189494 0
0.9917030962267442 -0.04879372434808143 0
0.9928662443361997 -0.05846763560188656 0
0.9941457072566007 -0.06910893798107222 0
0.9955531164690419 -0.08081437059817642 0
0.9971012666027271 -0.09369034647699105 0
0.9905822595719518 -0.006185443721673629 0
0.9912431373710334 -0.01164559440508849 0
0.9919701029500234 -0.01765176015684483 0
0.9927697650869123 -0.02425854248377681 0
0.99364939343749 -0.03152600304340199 0
0.9946169846231255 -0.03952020965898968 0
0.9956813349273247 -0.04831383693613615 0
0.9968521202619437 -0.05798682694099726 0
0.9981399841300246 -0.06862711594634448 0
0.9995566343849136 -0.08033143385222644 0
1.001114949665292 -0.09320618354869657 0
0.9942803590084536 -0.005736312892969216 0
0.9949446024694157 -0.01119605482553655 0
0.9956752702764742 -0.01720177095136062 0
0.9964790048642385 -0.02380805868976709 0
0.9973631129107791 -0.03107497520201421 0
0.9983356317619738 -0.03906858336548604 0
0.9994054024982881 -0.04786155234530506 0
1.000582150308234 -0.05753381822310599 0
1.001876572899174 -0.068173310688687 0
1.003300437749208 -0.07987675240082612 0
1.004866689084246 -0.09275053828417915 0
0.9976797341075626 -0.005322006686246481 0
0.9983471655185682 -0.01078136008556123 0
0.9990813400706743 -0.01678664882480747 0
0.9998889320779909 -0.02339246643797832 0
1.000777283286039 -0.03065886581246625 0
1.001754469614893 -0.03865190512440297 0
1.002829374576631 -0.04744424836753338 0
1.004011770034543 -0.05711582593497683 0
1.005312405038247 -0.06775456125916463 0
1.006743103542321 -0.07945717011577119 0
1.008316871896802 -0.09233003985803842 0
0.3691520780710807 -0.05005070234214838 0
0.3691844699230075 -0.05555061192930177 0
0.3692201009601268 -0.06160051247517051 0
0.3692592951009582 -0.06825540307562612 0
0.3693024086558726 -0.07557578273612729 0
0.3693498335662785 -0.0836282003626786 0
0.369402000967725 -0.092485859751885 0
0.3694593851093161 -0.1022292850800121 0
0.3695225076650664 -0.1129470529409518 0
0.3695919424763917 -0.1247365975879856 0
0.3696683207688495 -0.1377050966997227 0
0.3772622850719586 -0.04999197661166926 0
0.3773091401904751 -0.05549178156530973 0
0.3773606808208432 -0.06154156701431425 0
0.3774173755142482 -0.06819633100821922 0
0.3774797396769936 -0.07551657140151469 0
0.3775483402560136 -0.0835688358341397 0
0.3776238008929356 -0.09242632671002721 0
0.3777068075935498 -0.1021695666735035 0
0.3777981149642254 -0.1128871306333274 0
0.3778985530719686 -0.1246764509891337 0
0.378009034990486 -0.1376447033805206 0
0.3853915955418755 -0.04991222275276569 0
0.3854530117718412 -0.0554118849482199 0
0.3855205696248035 -0.06146151336321954 0
0.385594883263062 -0.06811610461971915 0
0.3856766282651464 -0.0754361550018687 0
0.3857665477674392 -0.08348821042223321 0
0.3858654592199613 -0.0923454713846342 0
0.3859742618177356 -0.1020884584432753 0
0.3860939446752873 -0.1128057442077804 0
0.3862255958185943 -0.1245947585487361 0
0.3863704120762319 -0.1375626743237874 0
0.9865191084090601 0.007314779224286295 0
0.9874157100898531 0.01274120610363393 0
0.9884019719387253 0.01871027567091634 0
0.9894868599724848 0.02527625219492698 0
0.9906802368096201 0.03249882637133869 0
0.9919929513304691 0.04044365796539157 0
0.9934369373034029 0.04918297271884974 0
0.9950253218736301 0.05879621894765372 0
0.9967725449008801 0.06937078979933811 0
0.998694490230855 0.08100281773619095 0
1.000808630093827 0.09379804846672905 0
-0.004861457408587903 -0.001472434635017468 0
-0.0102090605580346 -0.003092112733536684 0
-0.01609142402242596 -0.004873758641907821 0
-0.02256202383325646 -0.006833569141116071 0
-0.02967968362517001 -0.008989360690245148 0
-0.03750910939627491 -0.01136073139428713 0
-0.0461214777444903 -0.01396923916873331 0
-0.05559508292752725 -0.01683859772062411 0
-0.06601604862886788 -0.01999489212770399 0
-0.07747911090034257 -0.02346681597549186 0
-0.09008847939896474 -0.02728593220805852 0
0.02578123950475491 0.04255882130842818 0
0.02293902433655438 0.04726875830264047 0
0.01981258765153379 0.05244968899627399 0
0.01637350729801114 0.05814871275927087 0
0.01259051890913623 0.06441763889856744 0
0.008429231681373828 0.07131345765179366 0
0.003851815730835182 0.0788988582803425 0
-0.001183341814757329 0.08724279897174624 0
-0.006722015114909087 0.09642113373229035 0
-0.01281455574507603 0.1065173019688889 0
-0.01951635043825965 0.1176230870291472 0
0.02142727021238656 0.03981266320376627 0
0.01840129061399156 0.04440671961384828 0
0.01507271305575706 0.04946018166493849 0
0.01141127774169911 0.05501898992113773 0
0.007383698896235368 0.06113367900295687 0
0.002953362166225253 0.06785983699295794 0
-0.001920008236785876 0.07525861078195911 0
-0.007280715680098117 0.08339726194986041 0
-0.01317749386774159 0.09234977823455184 0
-0.01966394987414941 0.1021975461477124 0
-0.026799051481198 0.113030090852189 0
1.000827162665999 0.004931105547843895 0
1.001737041598599 0.01035532165047218 0
1.002737908424458 0.01632195936336329 0
1.003838861932903 0.02288526084754352 0
1.005049910792193 0.03010489248014176 0
1.006382064537411 0.03804648727599984 0
1.007847433657152 0.04678224155144372 0
1.009459339688866 0.05639157125443199 0
1.011232436323752 0.06696183392771909 0
1.013182842622127 0.0785891228683349 0
1.015328289550339 0.09137914070301228 0
1.001519887911073 0.004763395924944009 0
1.003191764613254 0.01000313144238242 0
1.005030828985653 0.01576684051156467 0
1.007053799795291 0.02210692048766515 0
1.009279067685894 0.02908100846137567 0
1.011726862365556 0.03675250523245725 0
1.014419436513185 0.04519115168064698 0
1.017381268075577 0.05447366277365569 0
1.020639282794208 0.06468442497596529 0
1.024223098984702 0.07591626339850582 0
1.028165296794246 0.08827128566330042 0
1.002181729350978 0.004498895090917402 0
1.004581631637054 0.009447679690926544 0
1.007221524151737 0.0148913427509366 0
1.010125405917889 0.02087937211694767 0
1.013319675860656 0.02746620441955984 0
1.0168333727977 0.03471171995243322 0
1.020698439428448 0.04268178703859395 0
1.024950012722271 0.05144886083337075 0
1.029626743345476 0.06109264200762523 0
1.034771147031002 0.07170080129930516 0
1.04042999108508 0.08336977652015308 0
1.002799238505774 0.004142977647513092 0
1.005878400862125 0.008700253059777494 0
1.009265479454111 0.01371325601326834 0
1.012991265905296 0.01922755926210826 0
1.0170896310016 0.02529329283583218 0
1.021597832607534 0.03196559976692849 0
1.026556854374061 0.03930513739113443 0
1.032011778317241 0.04737862877776097 0
1.038012194654739 0.05625946930305017 0
1.044612652625986 0.06602839388086829 0
1.051873156394359 0.0767742109164682 0
1.003359867718302 0.003702875762905011 0
1.007055722208435 0.007776039102100524 0
1.011121162147581 0.01225651877521559 0
1.015593146080642 0.01718504641564216 0
1.020512328407008 0.02260642682011139 0
1.025923428966011 0.02856994526502754 0
1.031875639580915 0.0351298155544353 0
1.038423071257309 0.04234567287278385 0
1.045625246101342 0.05028311592296725 0
1.053547638429779 0.05901430327816899 0
1.062262269991059 0.0686186093688909 0
1.003852225119962 0.003187532215543994 0
1.008089672751921 0.006693817652642387 0
1.012750865147076 0.01055073163345062 0
1.017878176781746 0.01479333701233967 0
1.023518219579882 0.01946020292911764 0
1.029722266657833 0.02459375543757339 0
1.036546718443579 0.03024066319687473 0
1.044053615407899 0.03645226173210619 0
1.052311202068651 0.04328502012086081 0
1.061394547395479 0.05080105434849089 0
1.071386227254989 0.05906869199888398 0
1.004266306111102 0.002607418678765904 0
1.008959242833313 0.005475579225408399 0
1.014121473227746 0.008630555826715144 0
1.019799926661622 0.01210103008815256 0
1.026046225438886 0.01591855177573372 0
1.032917154093876 0.020117825632073 0
1.040475175614366 0.02473702687404621 0
1.048788999286904 0.02981814824021673 0
1.057934205326696 0.03540738174300432 0
1.067993931970467 0.04155553859607065 0
1.079059631278615 0.04831851113444362 0
1.004593696652394 0.001974322938574785 0
1.009646762970028 0.004146078171007049 0
1.015205135919425 0.006535008926682539 0
1.021319346163761 0.009162832757925577 0
1.028044977432532 0.01205343897229292 0
1.035443171828179 0.015233105808097 0
1.043581185663391 0.01873073932748148 0
1.052533000882124 0.02257813619880442 0
1.062379997622731 0.02681027275725965 0
1.073211694037398 0.0314656229715604 0
1.085126560093532 0.03658650820729122 0
1.004827744236364 0.001301109368291224 0
1.010138262896364 0.002732329673411571 0
1.015979833422364 0.004306672009043952 0
1.022405561000965 0.006038448578239573 0
1.029473861337425 0.007943402804354753 0
1.037248991707532 0.01003885245308145 0
1.045801635114649 0.01234384706668082 0
1.055209542862477 0.01487934114164013 0
1.065558241385089 0.01766838462409537 0
1.076941809759962 0.02073633245479613 0
1.089463734972322 0.02411107506856697 0
1.004963693064948 0.0006014575271711503 0
1.01042375543639 0.001263060807059416 0
1.016429824044977 0.001990824414936508 0
1.023036499514422 0.002791364383601309 0
1.030303842530812 0.00367195834913259 0
1.03829791984884 0.004640611711217 0
1.047091404898672 0.00570613040950985 0
1.056764238453487 0.006878200977631986 0
1.067404355363784 0.008167478602566336 0
1.079108483965109 0.009585683989994121 0
1.091983025426568 0.01114570991616468 0
1.00499878068632 -0.0001104158053834979 0
1.010497439441271 -0.0002318731913053455 0
1.016545964071718 -0.000365476315819378 0
1.023199341165209 -0.0005124397527848137 0
1.03051805596805 -0.000674099533446793 0
1.038568642251174 -0.0008519252921749701 0
1.047424287162611 -0.001047533626775965 0
1.057165496565192 -0.00126270279483706 0
1.06788082690803 -0.001499388879704264 0
1.079667690285153 -0.001759743573058188 0
1.092633239999988 -0.002046133735747504 0
1.004932294127336 -0.0008200455118153128 0
1.010357817667405 -0.001722095574812157 0
1.016325893561482 -0.002714350644108686 0
1.022890777044966 -0.003805831220334868 0
1.030112148876798 -0.005006459854183667 0
1.038055657891814 -0.006327151351417346 0
1.046793517808331 -0.007779911998374394 0
1.0564051637165 -0.009377948710027147 0
1.066977974215486 -0.01113578909284518 0
1.07860806576437 -0.01306941351394501 0
1.091401166468143 -0.01519640037715482 0
1.004765584381 -0.001513012064581484 0
1.0100077272001 -0.003177325335621116 0
1.01577408430111 -0.005008069933764712 0
1.022117077112221 -0.007021888991722667 0
1.029094369204443 -0.009237089955476417 0
1.036769390505887 -0.01167381101560554 0
1.045211913937476 -0.01435420418174758 0
1.054498689712223 -0.01730263666450382 0
1.064714143064446 -0.02054591239553569 0
1.07595114175189 -0.02411351569967075 0
1.088311840308079 -0.02803787933421931 0
1.004502038954567 -0.002175234527944275 0
1.009454281804591 -0.004567992508682978 0
1.014901748939617 -0.007200026287495552 0
1.020893962788146 -0.01009526344418938 0
1.027485398021527 -0.01328002431655259 0
1.034735976778247 -0.01678326127615213 0
1.042711613410639 -0.02063682193171162 0
1.05148481370627 -0.02487573865282706 0
1.061135334031464 -0.02953854704605404 0
1.071750906389177 -0.03466763627860373 0
1.083428035982662 -0.04030963443440837 0
1.004147013036103 -0.002793256679646668 0
1.008708727375817 -0.005865839027258003 0
1.013726613149501 -0.009245679609630473 0
1.019246287500555 -0.01296350425024019 0
1.025317929286713 -0.01705311135491087 0
1.031996735251488 -0.02155167917004863 0
1.03934342181274 -0.02650010376670016 0
1.047424777030117 -0.03194337082301685 0
1.056314267769231 -0.03793096458496521 0
1.066092707582258 -0.04451731772310839 0
1.076848991376587 -0.05176230617506591 0
1.003707720678181 -0.003354520438540476 0
1.007786213424181 -0.007044492920935 0
1.01227255544478 -0.01110346265156898 0
1.01720753166744 -0.01556832935526635 0
1.022636005512366 -0.02047968272933346 0
1.028607326741783 -0.02588217144080728 0
1.035175780094143 -0.03182490902342849 0
1.042401078781739 -0.03836192036431182 0
1.050348907338094 -0.04555263283928348 0
1.059091518750085 -0.05346241656175231 0
1.068708391303275 -0.06216317865646802 0
1.003193088209839 -0.003847621042174521 0
1.006705485240663 -0.008080004188566494 0
1.010569121974569 -0.01273562564959767 0
1.014819122381865 -0.01785680925673196 0
1.019494122829891 -0.02349011122457967 0
1.02463662332272 -0.02968674338921216 0
1.030293373864831 -0.0365030387703079 0
1.036515799461154 -0.04400096368951321 0
1.043360467617108 -0.05224868110063906 0
1.050889602588659 -0.06132117025287749 0
1.059171651057364 -0.07130090832033976 0
1.002613572855436 -0.004262538789187611 0
1.005488502996415 -0.008951331457293984 0
1.008650926151493 -0.01410900339221099 0
1.012129591622078 -0.0197824425206197 0
1.015956123639721 -0.02602322556186929 0
1.020165308859129 -0.03288808690724383 0
1.024795412600478 -0.04043943438715582 0
1.029888526715962 -0.04874591661505902 0
1.035490952242994 -0.05788304706575254 0
1.041653620322729 -0.0679338905615154 0
1.048432555210438 -0.07898981840685457 0
1.001980950246034 -0.004590842637549199 0
1.00415999551667 -0.009640769538853317 0
1.006556945314371 -0.01519568913028785 0
1.009193590091842 -0.02130610068086583 0
1.012093899347059 -0.02802755338650162 0
1.015284239527799 -0.03542115136270097 0
1.018793613726612 -0.04355410913652027 0
1.022653925345307 -0.0525003626877215 0
1.026900268125871 -0.06234124159404286 0
1.031571245184492 -0.07316620839099634 0
1.036709319948975 -0.08507367186764518 0
1.001308075141034 -0.004825861521573961 0
1.002746957796172 -0.01013430919530532 0
1.004329728716824 -0.01597360163640981 0
1.00607077672954 -0.02239682332162475 0
1.007985929543529 -0.02946236717536119 0
1.010092597638915 -0.03723446541447127 0
1.012409932543841 -0.04578377347749236 0
1.01495900093926 -0.05518801234681556 0
1.01776297617422 -0.06553267510307109 0
1.020847348932676 -0.07691180413495216 0
1.024240158966978 -0.08942884607002134 0
1.00060862022215 -0.004962819906584363 0
1.001278102466515 -0.01042192180382716 0
1.002014532935317 -0.01642693389079424 0
1.002824606450998 -0.02303244718645803 0
1.003715687318248 -0.0302985118116882 0
1.004695876272223 -0.03829118289944138 0
1.005774084121596 -0.04708312109596988 0
1.006960112755905 -0.05675425311215124 0
1.008264744253646 -0.06739249832995073 0
1.00969983890116 -0.07909456806953016 0
1.011278443013427 -0.09196684478306755 0
0.9305516606371023 0.01628451949012178 0
0.9313964586601566 0.02171925276099335 0
0.9323257364855165 0.02769745935895208 0
0.9333479420934123 0.03427348661670668 0
0.9344723682620978 0.04150711660023675 0
0.9357092370476517 0.04946410958211981 0
0.9370697927117612 0.05821680186219119 0
0.9385664039422814 0.06784476337026969 0
0.9402126762958537 0.07843552102915606 0
0.9420235758847832 0.09008535445393108 0
0.9440155654326058 0.1029001712211836 0
0.1304635810819373 0.07462503728223166 0
0.1297384420176787 0.08007715706615157 0
0.1289407890469943 0.08607448882846346 0
0.1280633707792414 0.09267155376700655 0
0.1270982106847133 0.09992832519940394 0
0.1260365345807323 0.1079107737750411 0
0.1248686908663533 0.1166914672082419 0
0.1235840627805363 0.1263502299847628 0
0.1221709718861376 0.1369748690389359 0
0.1206165719022991 0.1486619719985262 0
0.1189067319200767 0.1615177852540756 0
0.1236727665954953 0.07367394250623274 0
0.1228682714367651 0.07911495089812332 0
0.1219833267621619 0.08510006012920293 0
0.1210098876200985 0.09168368028339051 0
0.1199391045638286 0.09892566245299685 0
0.1187612432019318 0.1068918428395638 0
0.1174655957038452 0.1156546412647875 0
0.1160403834559501 0.1252937195325335 0
0.1144726499832654 0.1358967056270542 0
0.1127481431633122 0.1475599903310269 0
0.1108511856613637 0.1603896035053969 0
0.0008460726015452292 -0.01059478501192398 0
-0.003087264528413754 -0.01446766570889399 0
-0.007413935371368637 -0.01872783447556101 0
-0.01217327329861901 -0.02341402011889472 0
-0.01740854501859442 -0.02856882432656181 0
-0.02316734391056736 -0.03423910895499561 0
-0.02950202269173761 -0.04047642204627278 0
-0.03647016935102488 -0.04733746644667768 0
-0.04413513067624088 -0.05488461528712306 0
-0.05256658813397848 -0.06318647901161299 0
-0.06184119133748983 -0.07231852910855191 0
0.003856845831540615 -0.01317032525860961 0
0.0005267243835393271 -0.01755953857236904 0
-0.00313640920926209 -0.02238767321750441 0
-0.007165856161343648 -0.02769862132715332 0
-0.01159824780863336 -0.03354066424776712 0
-0.01647387862065205 -0.0399669114604423 0
-0.0218370725138726 -0.047035783394385 0
-0.02773658579641522 -0.05481154252172198 0
-0.03422605040721209 -0.06336487756179264 0
-0.04136446147908865 -0.07277354610587038 0
-0.04921671365815287 -0.08312308150435589 0
0.007175025318810699 -0.01539189746272561 0
0.0043346755042152 -0.02010918571627045 0
0.00121029070816015 -0.02529820279516976 0
-0.002226532567500406 -0.03100612158195901 0
-0.006007038170727017 -0.03728483224742718 0
-0.01016559433427629 -0.04419141397944217 0
-0.01474000611418049 -0.05178865388465866 0
-0.01977185907207511 -0.06014561778039679 0
-0.02530689732575919 -0.06933827806570875 0
-0.03139543940481168 -0.0794502043795519 0
-0.03809283569176942 -0.09057332332477937 0
0.009722900476549527 0.03095843114252108 0
0.006068590455695084 0.03507190121619307 0
0.002048849432755196 0.03959671829723225 0
-0.00237286569247868 0.04457401708637535 0
-0.007236752330235945 0.05004904575443277 0
-0.01258702763176893 0.05607157728929592 0
-0.01847233046345522 0.06269636197764539 0
-0.02494616357831015 0.06998362513482981 0
-0.03206738000465056 0.07799961460773266 0
-0.03990071807362501 0.08681720302792581 0
-0.04851738994949691 0.09651655029013827 0
0.006344647124203792 0.02777951470506299 0
0.002447404040767317 0.03166445102148101 0
-0.001839563351012806 0.03593788096954084 0
-0.006555227481970941 0.04063865391240665 0
-0.01174245802602489 0.04580950414955904 0
-0.01744841162448423 0.05149743941042667 0
-0.02372496058278951 0.05775416819738106 0
-0.03062916443692532 0.0646365698630309 0
-0.03822378867647471 0.07220721169524572 0
-0.04657787533997904 0.08053491771068202 0
-0.0557673706698338 0.08969539432766196 0
0.1169679697296949 0.07262964041402048 0
0.1160779636852868 0.07805733349385863 0
0.115098957036438 0.08402779588168061 0
0.1140220497227042 0.09059530450828478 0
0.112837451677597 0.09781956399754937 0
0.1115343938279792 0.1057662494357404 0
0.1101010301933995 0.1145076034177506 0
0.1085243301953619 0.1241230927979617 0
0.1067899601975205 0.1347001311161941 0
0.104882153199895 0.1463348732662496 0
0.1027835655025069 0.1591330896313106 0
0.1103571837016143 0.07149061018312355 0
0.1093795903820169 0.0769032156658435 0
0.1083042377304598 0.08285708169683545 0
0.107121349813747 0.0894063343309266 0
0.1058201731053629 0.09661051222842687 0
0.1043888787261403 0.1045351079156771 0
0.1028144549089955 0.1132521631716525 0
0.1010825887101363 0.1228409239532253 0
0.0991775358913911 0.1333885608129555 0
0.09708197779077139 0.1449909613586586 0
0.09477686388008971 0.1577536019589321 0
0.08517768257555465 -0.03260597194905056 0
0.0844936845530608 -0.03806328125782585 0
0.08374128672831758 -0.04406632149747866 0
0.08291364912110004 -0.05066966576109676 0
0.08200324775316073 -0.05793334445107666 0
0.0810018062484275 -0.06592339101005455 0
0.07990022059322095 -0.07471244222493023 0
0.07868847637249374 -0.08438039856129349 0
0.07735555772969381 -0.09501515053129307 0
0.07588934722261388 -0.1067133776982926 0
0.07427651566482596 -0.1195814275819921 0
0.09114832012579602 -0.03334451237541586 0
0.09047879943483481 -0.0388036125646381 0
0.08974232667477745 -0.04480862277278258 0
0.08893220663871437 -0.0514141340017415 0
0.08804107459904498 -0.05868019635359631 0
0.08706082935540865 -0.06667286494063659 0
0.08598255958740869 -0.07546480038638093 0
0.08479646284260874 -0.08513592937669968 0
0.08349175642332878 -0.09577417126605033 0
0.08205657936212082 -0.107476237344336 0
0.08047788459479208 -0.1203485100304503 0
0.09721825096839523 -0.03408249738124951 0
0.09655852268937007 -0.03954278818185854 0
0.09583282158244241 -0.04554910806252847 0
0.09503455036482197 -0.0521560599312654 0
0.09415645202543949 -0.05942370698687603 0
0.09319054385211877 -0.06741811874804772 0
0.09212804486146596 -0.07621197168533657 0
0.09095929597174787 -0.08588520991635432 0
0.089673672193058 -0.09652577197047384 0
0.08825948603649911 -0.1082303902300053 0
0.08670388126428434 -0.1211054703154899 0
0.3448551118571243 0.07907922168955016 0
0.345076044104036 0.08457478894340707 0
0.345319069575639 0.09061991292264969 0
0.3455863975944021 0.09726954929981656 0
0.3458804584150416 0.1045841493147001 0
0.3462039253177451 0.112630209331072 0
0.3465597389107188 0.1214808753490811 0
0.34695113386299 0.1312166079688912 0
0.3473816683104883 0.1419259138506822 0
0.3478552562027364 0.1537061503206523 0
0.3483762028842094 0.1666644104376195 0
0.3366383502635395 0.07939692539061133 0
0.3368423463010176 0.08489314761818956 0
0.3370667419422435 0.09093899206852561 0
0.3373135771475919 0.09758942096389528 0
0.3375850958734752 0.1049048927488019 0
0.3378837664719468 0.1129519117121992 0
0.3382123041302656 0.1218036325719362 0
0.3385736955544162 0.1315405255176469 0
0.338971226120982 0.1422511077579287 0
0.3394085097442043 0.1540327482222387 0
0.3398895217297488 0.1669925527329796 0
0.3121521304562096 0.0801853262545288 0
0.3123004337357105 0.08568333532998094 0
0.3124635673431615 0.0917311453129783 0
0.3126430143113576 0.09838373629427538 0
0.3128404059763733 0.1057015863737022 0
0.3130575368078906 0.1137512214610717 0
0.3132963807225596 0.1226058200571781 0
0.3135591090286955 0.1323458785128951 0
0.313848110165445 0.1430599428141839 0
0.3141660114158695 0.1548454135456016 0
0.3145157027913364 0.167809431350161 0
0.3040507054183932 0.08038921563432291 0
0.3041794717359456 0.08588771657089533 0
0.3043211146852532 0.09193606760112501 0
0.3044769219294916 0.09858925373437764 0
0.3046483098981538 0.1059077584809555 0
0.3048368366636823 0.1139581137021912 0
0.3050442161057635 0.1228135044455505 0
0.305272333492053 0.1325544342632457 0
0.3055232626169713 0.1432694570627104 0
0.3057992846543815 0.1550559821421215 0
0.3061029088955327 0.1680211597294738 0
0.9688986026775194 -0.00876616464636245 0
0.9695386401512817 -0.01422879753444388 0
0.9702426813724202 -0.02023769371133346 0
0.9710171267156726 -0.026847479505912 0
0.9718690165932503 -0.03411824387994838 0
0.9728060954585857 -0.04211608469138841 0
0.9738368822104546 -0.05091370958397244 0
0.9749707476375105 -0.06059109696581488 0
0.9762179996072718 -0.07123622308584156 0
0.9775899767740095 -0.08294586181787091 0
0.9790991516574208 -0.09582646442310319 0
0.9735934639007675 -0.008213947316435141 0
0.9742374632740779 -0.01367611420697588 0
0.9749458625847193 -0.01968449778657069 0
0.9757251018264248 -0.02629371972412499 0
0.9765822649923008 -0.03356386385543471 0
0.9775251444747645 -0.0415610223998754 0
0.9785623119054745 -0.05035789679876016 0
0.9797031960792555 -0.06003445863753341 0
0.9809581686704146 -0.07067867666018399 0
0.9823386385206897 -0.08238731648509962 0
0.9838571553559923 -0.0952668202925068 0
0.9781240356026407 -0.007678502653693209 0
0.9787721036054413 -0.01314018870226129 0
0.979484978408522 -0.01914804335568617 0
0.9802691406919107 -0.02575668347445354 0
0.9811317192036384 -0.03302618760509765 0
0.9820805555665387 -0.04102264214880617 0
0.9831242755657291 -0.04981874214688554 0
0.9842723675648386 -0.05949445214477286 0
0.985535268763859 -0.07013773314244891 0
0.9869244600827815 -0.08184534223989255 0
0.9884525705335961 -0.09472371224708057 0
0.2023800470251169 0.08006815757185722 0
0.2021909540392831 0.08556492079701229 0
0.2019829517548659 0.09161136034468287 0
0.201754149242007 0.09826244384712049 0
0.2015024664778622 0.1055786356998019 0
0.201225615437303 0.1136264467377514 0
0.2009210792926877 0.1224790388794959 0
0.200586089533611 0.1322168902354148 0
0.2002176007986266 0.1429285267269257 0
0.1998122631901438 0.1547113268675876 0
0.1993663918208126 0.1676724070223157 0
0.194906297828992 0.07979364561938079 0
0.194687445731582 0.08528931619648168 0
0.1944467084244309 0.09133455383129267 0
0.1941818973865648 0.09798431522958476 0
0.193890605244912 0.105299052767706 0
0.193570183889094 0.1133452640596394 0
0.1932177203976941 0.1221960964807662 0
0.1928300105571543 0.1319320121440056 0
0.1924035297325605 0.142641519373569 0
0.1919344008255073 0.1544219773260888 0
0.1914183590277488 0.1673804810738604 0
0.1442839635059703 0.07627916611091393 0
0.1436980404562909 0.08174797286720356 0
0.1430535251016437 0.08776366029912215 0
0.1423445582115317 0.09438091647423261 0
0.1415646946324085 0.1016598982668541 0
0.1407068446953731 0.1096667782387377 0
0.139763209764634 0.1184743462078097 0
0.1387252113408211 0.128162670973789 0
0.1375834130746268 0.1388198282163661 0
0.1363274349818132 0.150542701183201 0
0.1349458590797182 0.1634378614467193 0
0.1373341017405705 0.0754909186324948 0
0.1366804697484638 0.08095204799241831 0
0.1359614745571463 0.08695929028833416 0
0.1351705798466971 0.09356725681384159 0
0.1343005956652029 0.1008360199918998 0
0.1333436130655594 0.1088316594877638 0
0.1322909322059515 0.1176268629332142 0
0.1311329832603828 0.1273015867232096 0
0.1298592394202572 0.1379437828922046 0
0.1284581211961191 0.1496501986780991 0
0.1269168911495672 0.1625272560425831 0
0.04511075878391885 0.05249638755467776 0
0.04289460361938002 0.05753079357328867 0
0.0404568329383873 0.06306864019376067 0
0.03777528518929529 0.06916027147627987 0
0.0348255826652941 0.07586106588705099 0
0.03158090988889278 0.08323193973889922 0
0.02801176983485133 0.09133990097593228 0
0.02408571577540574 0.1002586583366687 0
0.01976705631001558 0.1100692914334787 0
0.01501653089808642 0.1208609878399697 0
0.009790952944964328 0.1327318538871098 0
0.04000898057194663 0.05015966953538859 0
0.03764304155644535 0.05512548465340756 0
0.03504050863939394 0.06058788128322842 0
0.03217772243063739 0.06659651757603138 0
0.02902865760100518 0.07320601749811463 0
0.02556468628840976 0.08047646741240619 0
0.02175431784455479 0.08847396231812693 0
0.01756291255631432 0.09727120671441972 0
0.01295236673924981 0.1069481755503418 0
0.007880766340478837 0.1175928412698561 0
0.00230200590183078 0.1293019735613218 0
0.01729620982493684 0.03697199846089828 0
0.01408398086468276 0.04143801008184803 0
0.01055052900840326 0.04635062286489276 0
0.006663731966495817 0.05175449692624197 0
0.002388255220397626 0.05769875839372609 0
-0.002314769200310381 0.06423744600795862 0
-0.00748809606308919 0.07143000238361441 0
-0.01317875561214588 0.07934181439683578 0
-0.01943848111610824 0.0880448076113793 0
-0.02632417917046684 0.09761810014737717 0
-0.0338984470302613 0.1081487219369748 0
0.01338240157276904 0.03402811144953629 0
0.009960140462707372 0.03833617880942686 0
0.006195653241639537 0.04307505290530649 0
0.00205471729846492 0.04828781441077407 0
-0.002500312239027157 0.05402185206678842 0
-0.007510844730268442 0.0603292934884042 0
-0.01302243047063386 0.06726747905218156 0
-0.01908517478503582 0.07489948317233666 0
-0.02575419353087798 0.08329468770450726 0
-0.03309011415130435 0.09252941268989494 0
-0.04115962683377335 0.1026876101738214 0
0.2959826538033754 0.08056390894927064 0
0.2960916694538018 0.08606283771300843 0
0.2962115866692709 0.09211165935312002 0
0.2963434956062869 0.09876536315724274 0
0.2964885954370045 0.1060844373417778 0
0.2966482052507938 0.1141354189447663 0
0.296823776045962 0.1229914987080536 0
0.2970169039206471 0.1327331864476697 0
0.2972293445828006 0.1434490429612474 0
0.2974630293111696 0.1552364851261829 0
0.2977200825123754 0.168202671507612 0
0.2879489623536693 0.08070834828798783 0
0.2880372679625054 0.08620764959546159 0
0.288134404132225 0.09225688103368275 0
0.2882412539189166 0.09891103561572601 0
0.2883587886842774 0.1062306056559736 0
0.2884880769261743 0.1142821327002459 0
0.2886302939922609 0.1231388124489455 0
0.2887867327649561 0.1328811601725151 0
0.2889588154149208 0.1435977426684416 0
0.289148106329882 0.1553859834139607 0
0.2893563263363393 0.1683530482340317 0
0.2507150829915848 -0.04793003768573076 0
0.2504624169579149 -0.05342424363327619 0
0.250184484320878 -0.05946787017557617 0
0.2498787584201373 -0.06611585937210615 0
0.2495424599293226 -0.07342864748828912 0
0.2491725315894265 -0.0814727144160904 0
0.2487656104155407 -0.0903211880366718 0
0.2483179971242663 -0.1000545090193113 0
0.2478256225038645 -0.1107611621002148 0
0.2472840104214225 -0.1225384804892087 0
0.2466882371307363 -0.1354935307171019 0
0.258368938317458 -0.04826549255284112 0
0.2581393409472301 -0.05376070979968839 0
0.2578867838399794 -0.05980544877122039 0
0.2576089710220036 -0.0664546616399056 0
0.2573033769222302 -0.07376879579545931 0
0.2569672234124795 -0.0818143433665684 0
0.2565974545517537 -0.0906644456947884 0
0.2561907088049554 -0.1003995582558304 0
0.2557432884834772 -0.1111081820729766 0
0.2552511261298511 -0.1228876682718374 0
0.2547097475408626 -0.1358451030905843 0
0.2660641635806502 -0.04857110332485959 0
0.265856728765087 -0.05406720096502957 0
0.2656285504679674 -0.06011290836921655 0
0.2653775543411359 -0.06676318651382222 0
0.2651014586016212 -0.07407849247288846 0
0.264797753288155 -0.08212532902786132 0
0.2644636774433423 -0.09097684923833146 0
0.2640961940140482 -0.1007135214698486 0
0.2636919622418248 -0.1114238609245175 0
0.2632473072923789 -0.1232052343246533 0
0.2627581868479886 -0.1361647450648027 0
0.8436015769405586 -0.02215690996985994 0
0.8441342029009786 -0.02763105978900101 0
0.8447200914574408 -0.03365262459005619 0
0.845364568869549 -0.04027634587121688 0
0.8460734940228682 -0.04756243928049364 0
0.8468533116915192 -0.05557714203069807 0
0.8477111111270355 -0.06439331505592295 0
0.8486546905061032 -0.07409110538367032 0
0.8496926278230778 -0.08475867474419244 0
0.8508343588717497 -0.09649300104076677 0
0.852090263025289 -0.1094007599669985 0
0.8504449109336156 -0.02148780786716989 0
0.8509825722279337 -0.02696146537175667 0
0.8515739996516837 -0.03298248862680213 0
0.8522245698178087 -0.03960561420735213 0
0.8529401970005461 -0.04689105234595713 0
0.8537273869015574 -0.05490503429842264 0
0.8545932957926696 -0.06372041444613469 0
0.8555457955728932 -0.07341733260861795 0
0.8565935453311391 -0.08408394258734955 0
0.8577460700652096 -0.0958172135639543 0
0.8590138472726871 -0.1087238116382195 0
0.8572192178249503 -0.02081928944665659 0
0.8577623739069027 -0.02629240471541306 0
0.8583598455970504 -0.03231283151104517 0
0.8590170644562127 -0.0389353009862405 0
0.8597400052012913 -0.04622001740895536 0
0.8605352400208779 -0.0542332054739417 0
0.861409998322423 -0.06304771234542668 0
0.8623722324541228 -0.07274366990406016 0
0.8634306899989924 -0.08340922321855698 0
0.864594993298349 -0.09514133186450349 0
0.8658757269276414 -0.1080466513750447 0
0.5293659311473632 0.06640131828795516 0
0.5298694438842594 0.07187822390340856 0
0.5304233078948452 0.07790282008040732 0
0.5310325583064895 0.08452987587510595 0
0.5317027337592983 0.09181963724927443 0
0.532439926757388 0.09983837476085977 0
0.5332508390552867 0.1086589860236036 0
0.5341428425829753 0.1183616584126219 0
0.5351240464634326 0.129034598040542 0
0.5362033707319358 0.1407748316312541 0
0.5373906274272892 0.1536890885810374 0
0.5209328356134769 0.06716962180870897 0
0.5214270258652832 0.07264737679601808 0
0.5219706351422702 0.0786729072820581 0
0.5225686053469558 0.08530099081670212 0
0.5232263725721099 0.09259188270481053 0
0.5239499165197795 0.1006118637817298 0
0.5247458148622162 0.109433842966341 0
0.5256213030388963 0.1191380200694133 0
0.5265843400332446 0.1298126148827929 0
0.5276436807270276 0.1415546691775103 0
0.528808955490189 0.1544709289016996 0
0.5965020691903646 0.05979338501603852 0
0.5970746508954763 0.06526350078145891 0
0.5977044907710991 0.07128062812342134 0
0.5983973146342841 0.07789946819958002 0
0.5991594208837878 0.08518019228335456 0
0.5999977377582417 0.09318898877550656 0
0.6009198863201412 0.1019986649168738 0
0.6019342497382304 0.1116893086723777 0
0.6030500494981287 0.122349016803432 0
0.6042774292340167 0.1340746957475917 0
0.6056275469434936 0.1469729425861675 0
0.5881546414865955 0.06066092373339735 0
0.588718888682974 0.06613190572682873 0
0.5893395605989902 0.07214998591960324 0
0.5900222997066081 0.0787698741316552 0
0.5907733127249878 0.08605175116491236 0
0.5915994270452055 0.09406181590149523 0
0.592508152797445 0.1028728871117364 0
0.5935077511249083 0.1125650654430017 0
0.5946073092851181 0.1232264616073935 0
0.5958168232613488 0.1349539973882245 0
0.5971472886352025 0.1478542867471386 0
0.6394600908724155 -0.03903094343689127 0
0.6398315828986986 -0.04451838409857112 0
0.6402402241276099 -0.05055456882641896 0
0.6406897294794125 -0.05719437202705156 0
0.6411841853663953 -0.06449815554774743 0
0.6417280868420765 -0.0725323174205129 0
0.6423263784653256 -0.08136989548055491 0
0.6429844992508997 -0.09109123134660113 0
0.6437084321150313 -0.101784700799252 0
0.644504758265576 -0.1135475171971679 0
0.6453807170311752 -0.1264866152348754 0
0.6474953637662958 -0.03848199942454628 0
0.6478733112261541 -0.04396899909075148 0
0.6482890534319982 -0.05000469872357719 0
0.6487463698584267 -0.05664396831968548 0
0.649249417927498 -0.06394716487540458 0
0.6498027708034766 -0.07198068108669561 0
0.6504114589670529 -0.08081754891911574 0
0.6510810159469869 -0.09053810353477788 0
0.6518175286249143 -0.1012307136120063 0
0.6526276925706344 -0.1129925846969574 0
0.6535188729109266 -0.1259306428904038 0
0.6555065534287116 -0.03792562264295374 0
0.6558910239496127 -0.04341216930227317 0
0.6563139415226039 -0.04944737062752452 0
0.6567791508528943 -0.05608609208530103 0
0.6572908811162138 -0.06338868568885518 0
0.6578537844058652 -0.07142153865276474 0
0.6584729780244817 -0.08025767691306528 0
0.6591540910049598 -0.08997742899939586 0
0.6599033152834858 -0.1006691562943595 0
0.6607274619898643 -0.1124300563188195 0
0.6616340233668808 -0.1253670463457255 0
-0.005285564472702166 0.002118694587117677 0
-0.0107574096271615 0.001556542857741836 0
-0.01677643929706676 0.0009381759554284116 0
-0.02339737193396255 0.0002579723628836441 0
-0.03068039783454791 -0.0004902515889155996 0
-0.03869172632519182 -0.001313297935894767 0
-0.04750418766490012 -0.002218648917571852 0
-0.05719789513857924 -0.003214534997416647 0
-0.06786097335962629 -0.004310009685245921 0
-0.07959035940277803 -0.005515031841858122 0
-0.09249268405024495 -0.006840556214131542 0
0.5908099385592948 -0.04212899473715896 0
0.5911370019534038 -0.04761926303250295 0
0.5914967716869237 -0.05365855815738134 0
0.5918925183937956 -0.06030178279474756 0
0.5923278397713547 -0.06760932989585042 0
0.5928066932866698 -0.07564763170706354 0
0.5933334321535163 -0.08448976369939798 0
0.5939128449070475 -0.09421610889096588 0
0.5945501989359319 -0.1049150886016906 0
0.5952512883677046 -0.1166839662834877 0
0.5960224867426546 -0.1296297317334646 0
0.5989636210267534 -0.04163720924860546 0
0.5992985042775386 -0.04712700592081764 0
0.5996668758534023 -0.05316578226025104 0
0.6000720845868524 -0.05980843623362778 0
0.6005178141936474 -0.0671153556043422 0
0.6010081167611219 -0.07515296691212806 0
0.6015474495853439 -0.08399433935069249 0
0.6021407156919881 -0.09371984903311337 0
0.6027933084092968 -0.1044179096837764 0
0.6035111603983363 -0.1161857763995056 0
0.6043007975862797 -0.1291304297868078 0
0.6071005996622217 -0.04113520281342057 0
0.6074427686226943 -0.04662455002192106 0
0.6078191544792141 -0.0526628319512716 0
0.6082331789213858 -0.0593049420735572 0
0.6086886058077748 -0.06661126320807136 0
0.6091895753828026 -0.07464821645603692 0
0.6097406419153333 -0.08348886502879906 0
0.610346815101117 -0.0932135784588374 0
0.611013605605479 -0.1039107632318796 0
0.6117470751602773 -0.115677666482226 0
0.6125538916705553 -0.128621260057607 0
0.7339778329047261 -0.03196273420049075 0
0.7344256181034999 -0.03744447652127617 0
0.7349181818221512 -0.04347439307414012 0
0.7354600019126675 -0.05010730128229048 0
0.7360560040122355 -0.05740350031125586 0
0.7367116063217601 -0.06542931924311779 0
0.7374327688622374 -0.0742577200681659 0
0.7382260476567624 -0.08396896097571885 0
0.7390986543307398 -0.09465132597402708 0
0.7400585216721151 -0.1064019274721661 0
0.7411143757476277 -0.1193275891201191 0
0.7416290975013722 -0.03133317694092378 0
0.7420831023278522 -0.03681440751931146 0
0.7425825076369802 -0.04284376115553792 0
0.7431318534770209 -0.04947605015538702 0
0.7437361339010659 -0.05677156805522102 0
0.7444008423675151 -0.06479663774503844 0
0.7451320216806094 -0.07362421440383757 0
0.7459363189250131 -0.08333454872851664 0
0.7468210458938572 -0.09401591648566363 0
0.7477942455595857 -0.1057654210185253 0
0.748864765191887 -0.1186898760046731 0
0.7492383238038717 -0.03069870406190711 0
0.7496980943662672 -0.03617945389662389 0
0.7502038419849024 -0.04220827871481235 0
0.7507601643654011 -0.04883998601481965 0
0.7513721189839495 -0.05613486404482768 0
0.7520452690643529 -0.06415922987783651 0
0.7527857341527966 -0.07298603229414624 0
0.7536002457500847 -0.08269551495208693 0
0.7544962085071015 -0.09337594587582169 0
0.7554817675398201 -0.1051244198919299 0
0.7565658824758106 -0.118047741309649 0
0.2799512567995423 0.08082125159312749 0
0.280017792710383 0.08632086043663656 0
0.2800909822123078 0.09237043016449653 0
0.280171490664425 0.09902495686514251 0
0.280260049961754 0.1063449362358531 0
0.2803574651888159 0.1143969135436347 0
0.280464621938584 0.1232540885821945 0
0.2805824943633288 0.1329969811246103 0
0.2807121540305482 0.1437141629212676 0
0.2808547796644895 0.1555030628975907 0
0.2810116678618249 0.1684708528715461 0
0.2719918486853548 0.0809013200478121 0
0.2720361384432156 0.08640115290199693 0
0.2720848571768625 0.09245096904160024 0
0.2721384477838741 0.09910576679516389 0
0.2721973974515869 0.1064260443240839 0
0.272262242086071 0.1144783496058959 0
0.2723335711840034 0.1233358854158891 0
0.2724120331917291 0.1330791748068816 0
0.2724983414002274 0.1437967931369734 0
0.2725932804295755 0.1555861733000744 0
0.2726977133618584 0.1685544914794855 0
0.7792267454472269 -0.02812125016437582 0
0.779709377395154 -0.03360003417803824 0
0.7802402725378739 -0.03962669659306692 0
0.7808242571948656 -0.04625602524959845 0
0.7814666403175565 -0.05354828677178314 0
0.7821732617525166 -0.0615697744461863 0
0.7829505453309726 -0.07039341088802978 0
0.7838055572672743 -0.08009941097405761 0
0.7847460703972061 -0.09077601106868823 0
0.7857806348401312 -0.1025202711727819 0
0.7869186557273486 -0.1154389572872849 0
0.7866031297139138 -0.02746764701478029 0
0.787091161272145 -0.03294595259568779 0
0.7876279959861993 -0.03897208873468604 0
0.788218514171659 -0.04560083848758413 0
0.7888680841756647 -0.05289246321577201 0
0.789582611180071 -0.06091325041677869 0
0.7903685908849178 -0.06973611633788604 0
0.7912331685602495 -0.07944126885110411 0
0.7921842040031142 -0.09011693661564402 0
0.7932303429902655 -0.1018601711566379 0
0.7943810958761318 -0.1147777291517312 0
0.7939280188970519 -0.02681158541182933 0
0.7944215255754022 -0.03228940062144403 0
0.7949643829215876 -0.03831499735202021 0
0.7955615260023915 -0.044943153755654 0
0.7962183833912757 -0.05223412579965117 0
0.7969409265190485 -0.06025419504804805 0
0.7977357239595985 -0.06907627122128462 0
0.7986100011442034 -0.07878055501184486 0
0.799571706047269 -0.08945526718146114 0
0.800629581440641 -0.101197450568039 0
0.8017932443733503 -0.1141138522932747 0
0.1422923900400427 -0.03926585824770512 0
0.1416988148546858 -0.04473373950435786 0
0.1410458821507932 -0.05074840888667588 0
0.1403276561765114 -0.05736454520722571 0
0.1395376076048014 -0.06464229515983051 0
0.1386685541759203 -0.0726478201076958 0
0.1377125954041512 -0.0814538975503476 0
0.1366610407552052 -0.09114058273726461 0
0.1355043306413645 -0.1017959364428733 0
0.1342319495161398 -0.1135168255190429 0
0.1328323302783926 -0.1264098035028294 0
0.1490637626752837 -0.03999149144570684 0
0.1484811437205652 -0.0454605468555725 0
0.1478402628703748 -0.05147650780642473 0
0.1471352939351654 -0.05809406485236218 0
0.146359828106435 -0.06537337760289337 0
0.1455068156948316 -0.07338062162847769 0
0.1445685020420678 -0.08218859005662044 0
0.1435363570240277 -0.09187735532757746 0
0.1424009975041836 -0.1025349971256302 0
0.141152102032355 -0.1142584031034882 0
0.1397783170133436 -0.127154149679132 0
0.1559071971145978 -0.04071615676418546 0
0.1553344710242651 -0.04618625979903244 0
0.1547044723248991 -0.05220337313736414 0
0.1540114737555965 -0.058822197809529 0
0.1532491753293637 -0.06610290494891034 0
0.1524106470605076 -0.07411168280222982 0
0.1514882659647659 -0.08292133844088125 0
0.15047364675945 -0.09261195964339781 0
0.1493575656336025 -0.1032716429661661 0
0.1481298763951703 -0.1149972946212111 0
0.1467794182328948 -0.1278955114417607 0
0.8639219811663101 -0.02015033539112071 0
0.8644710054382295 -0.02562286501432969 0
0.865074932137341 -0.03164264759985958 0
0.8657392515063635 -0.03826440844394246 0
0.8664700028122883 -0.04554834537243362 0
0.8672738292488056 -0.0535606759937739 0
0.8681580383289745 -0.0623742396772482 0
0.8691306683171605 -0.07206915972906995 0
0.8702005613041649 -0.08273357178607386 0
0.8713774435898699 -0.09446442504877818 0
0.8726720141041453 -0.1073683636377529 0
0.8705500940358168 -0.01948189100559334 0
0.8711044571398956 -0.02495388222134814 0
0.8717142565543822 -0.03097307255867841 0
0.8723850359103174 -0.03759418192974171 0
0.8731228932018461 -0.04487740223791135 0
0.8739345362225278 -0.05288894457689794 0
0.8748273435452776 -0.06170164114978319 0
0.8758094316003023 -0.07139560737995698 0
0.8768897284608296 -0.08205897023314813 0
0.8780780550074097 -0.09378866937165843 0
0.8793852142086476 -0.1066913384240197 0
0.8771011607593999 -0.01881516816435694 0
0.877660328781051 -0.02428667037902179 0
0.8782754136048673 -0.03030532281515312 0
0.878952006911065 -0.03692584049489758 0
0.8796962595478827 -0.04420840994261649 0
0.8805149374483821 -0.05221923633510728 0
0.8814154831389313 -0.06103114536684716 0
0.8824060833985355 -0.07072424530176104 0
0.8834957436841002 -0.08138665523016629 0
0.8846943699982213 -0.09311530615141207 0
0.8860128589437545 -0.1060168221647824 0
0.6949438999904343 0.04869789397490346 0
0.6956010353130732 0.05415849696484343 0
0.696323884167976 0.06016516025377742 0
0.6971190179083691 0.06677248987160481 0
0.6979936650228015 0.07404055245121492 0
0.698955776848677 0.08203542128878605 0
0.7000140998571402 0.0908297770101143 0
0.7011782551664498 0.1005035683035754 0
0.7024588260066903 0.1111447387263826 0
0.7038674539309547 0.1228500261914705 0
0.7054169446476457 0.1357258424030671 0
0.9905633639490438 0.006645196673652031 0
0.9914640819325808 0.01207094203392252 0
0.9924548717144718 0.01803926193022005 0
0.9935447404745517 0.02460441381614734 0
0.9947435961106397 0.03182608089066736 0
0.9960623373103364 0.03976991467263938 0
0.9975129526300028 0.0485081318328086 0
0.9991086294816359 0.05812017070899475 0
1.000863874018432 0.06869341347279952 0
1.002794643008908 0.08032398051298476 0
1.004918488898432 0.09311760425718851 0
0.8011998743169344 -0.02615258814287798 0
0.8016993130230191 -0.03162986579053151 0
0.8022486955997122 -0.03765487120295039 0
0.8028530164340747 -0.04428237715661117 0
0.8035177693518734 -0.05157263370563801 0
0.804248997561452 -0.05959191590956754 0
0.8050533485919884 -0.06841312633389002 0
0.8059381347255784 -0.07811645780064477 0
0.8069113994725275 -0.08879012241407498 0
0.8079819906941715 -0.1005311534888482 0
0.8091596410379799 -0.1134462876710988 0
0.8084163855254866 -0.02549047201668074 0
0.8089217010573942 -0.03096721048040033 0
0.8094775481424928 -0.03699162279049188 0
0.8100889799361012 -0.04361847633159259 0
0.8107615549090704 -0.05090801522680337 0
0.8115013873793365 -0.05892650801153522 0
0.8123152030966293 -0.06774685007474027 0
0.8132104003856513 -0.07744922634426582 0
0.8141951174035755 -0.08812184024074392 0
0.8152783061232921 -0.09986171552686983 0
0.8164698137149804 -0.1127755783416083 0
0.8155753575805335 -0.02482621543261996 0
0.8160860503550741 -0.03030245497361156 0
0.8166478124070686 -0.03632631846870231 0
0.8172657506642628 -0.04295256831330214 0
0.8179454827471763 -0.05024144314236197 0
0.8186931880383811 -0.05825920545432776 0
0.8195156638587064 -0.06707874399749014 0
0.8204203872610644 -0.07678023639496877 0
0.821415583003658 -0.08745187803219526 0
0.822510298320511 -0.09919068383314437 0
0.8237144851690493 -0.1121033702141884 0
0.6131436543369223 0.0580277186119163 0
0.6137311885638752 0.06349624820838609 0
0.6143774762135235 0.06951163076450287 0
0.6150883926281365 0.07612855157623132 0
0.615870400684211 0.08340716446913261 0
0.6167306095458926 0.09141363865132404 0
0.6176768392937426 0.1002207602517346 0
0.6187176920163776 0.1099085940121863 0
0.6198626300112761 0.120565211148683 0
0.6211220618056644 0.1322874899988295 0
0.6225074367794916 0.1451819967339906 0
0.6048321533355236 0.05891528672978003 0
0.6054124668608976 0.06438458743412989 0
0.6060508117388088 0.07040081820891475 0
0.6067529911045112 0.07701867206117809 0
0.6075253884067838 0.08429831129866776 0
0.6083750254392838 0.09230591445990639 0
0.6093096261750336 0.1011142779372689 0
0.6103376869843585 0.1108034777623677 0
0.6114685538746158 0.1214615975699763 0
0.6127125074538989 0.1331855293583458 0
0.6140808563911104 0.1460818543255522 0
0.3946302882865607 0.07663348668203533 0
0.3949461987319389 0.0821244116957594 0
0.3952937002218549 0.08816442921085588 0
0.3956759518607627 0.094808448477462 0
0.3960964286635611 0.1021168696707287 0
0.3965589531466394 0.1101561329833221 0
0.3970677300780255 0.1189993226271749 0
0.3976273847025503 0.1287268312354129 0
0.3982430047895275 0.1394270907044748 0
0.3989201868852024 0.1511973761204428 0
0.3996650871904449 0.1641446900780076 0
0.3862853794039944 0.07710205534209107 0
0.3865861261261634 0.08259383190688047 0
0.3869169475205494 0.08863478612814879 0
0.387280851054374 0.09527983577154396 0
0.387681144941581 0.1025893903792786 0
0.3881214682175087 0.1106299004477868 0
0.3886058238210292 0.1194744615231458 0
0.3891386149849018 0.1292034787060406 0
0.3897246852651616 0.139905397607225 0
0.3903693625734474 0.1516775083985278 0
0.3910785076125617 0.1646268302689608 0
0.7502482444202599 0.04181546887488051 0
0.7509489278310655 0.04727065459004577 0
0.7517196795829515 0.05327135887672756 0
0.7525675065100261 0.05987213359207753 0
0.7535001161298083 0.0671329857789625 0
0.7545259867115686 0.07511992318453595 0
0.755654444351505 0.08390555433066677 0
0.756895747755435 0.09356974859141065 0
0.758261181499758 0.1042003622782289 0
0.7597631586185132 0.115894037333729 0
0.761415333449144 0.1287570798947792 0
0.003255386046355602 0.0244737090303301 0
-0.0009159281634946968 0.02806546251443688 0
-0.005504373794330029 0.03201639134695435 0
-0.01055166398824889 0.03636241306272356 0
-0.01610368320155964 0.04114303695006968 0
-0.02221090433620147 0.04640172322615043 0
-0.02892884758430747 0.05218627812983925 0
-0.03631858515722408 0.05854928852389695 0
-0.04444729648743236 0.06554859995736043 0
-0.05338887895066145 0.07324784253417024 0
-0.06322461966021346 0.08171700936866105 0
0.0005171346465030809 0.02101629624659375 0
-0.003952865712431137 0.0242310705733382 0
-0.008869866107258777 0.02776732233275711 0
-0.01427856654156918 0.03165719926811791 0
-0.02022813701931062 0.03593606389701479 0
-0.02677266454482621 0.04064281498880135 0
-0.03397164482289337 0.04582024118976657 0
-0.04189052312876723 0.05151541001082832 0
-0.05060128926522849 0.05778009571399623 0
-0.06018313201533586 0.06467124998748094 0
-0.070723159040454 0.07225151968831413 0
0.7107903900133055 -0.03381833862288751 0
0.7112204045642891 -0.0393015034667334 0
0.7116934205703711 -0.04533298479496388 0
0.7122137381770614 -0.05196761425601741 0
0.7127860875444206 -0.05926570666317629 0
0.7134156718485158 -0.06729360831105106 0
0.7141082145830205 -0.07612430012371332 0
0.7148700115909757 -0.08583806111764179 0
0.7157079882997265 -0.09652319821096311 0
0.7166297626793523 -0.1082768490136166 0
0.7176437144969406 -0.1212058648965354 0
0.7185569390243903 -0.03320491527120872 0
0.7189927761018038 -0.03868762025142859 0
0.7194721968869586 -0.04471859572967044 0
0.719999559750629 -0.05135266875573648 0
0.7205796589006663 -0.05865014908440912 0
0.7212177679657074 -0.06667737744594902 0
0.7219196879372526 -0.07550732864364293 0
0.7226917999059522 -0.08522027496110622 0
0.723541123071522 -0.09590451591031585 0
0.7244753785536485 -0.1076571809544464 0
0.7255030595839879 -0.1205851125029901 0
0.7262864661898434 -0.03258648703170577 0
0.7267280633483932 -0.0380687311713578 0
0.7272138202227981 -0.04409919972497502 0
0.7277481527846434 -0.05073271513395397 0
0.7283359186026733 -0.05802958208383081 0
0.7289824610025062 -0.06605613572869534 0
0.7296936576423223 -0.07488534473804632 0
0.7304759739461201 -0.08459747464833242 0
0.7313365218802976 -0.09528081754964712 0
0.732283124607893 -0.1070324947410933 0
0.7333243876082478 -0.1199593396516841 0
0.1874847171001536 0.07947491334630385 0
0.1872268381107006 0.08496890854680494 0
0.1869431712223023 0.09101230326735615 0
0.1866311376450641 0.09766003745996248 0
0.1862879007101022 0.1049725450718294 0
0.185910340081644 0.1130163034448831 0
0.18549502339034 0.1218644376552421 0
0.1850381750299057 0.131597385286637 0
0.1845356418334279 0.1423036276811714 0
0.1839828553173023 0.1540804943151593 0
0.1833747901495641 0.167035047612546 0
0.1801184187262787 0.07909944424454747 0
0.1798126958927854 0.08459100182709524 0
0.1794764007759427 0.09063171516789778 0
0.1791064761474158 0.09727649984278057 0
0.1786995590560363 0.1045857629851517 0
0.1782519502555188 0.1126259524417598 0
0.1777595805749495 0.1214701608440288 0
0.1772179739263233 0.1311987900865247 0
0.1766222066128344 0.1419002822532702 0
0.1759668625679967 0.1536719236366903 0
0.1752459841186752 0.1666207291584523 0
0.3284480320771453 0.0796880974319933 0
0.3286344368613034 0.08518494518209146 0
0.3288394821238774 0.09123147770719946 0
0.3290650319127087 0.09788266348481825 0
0.3293131366804232 0.1051989678401989 0
0.3295860519249091 0.1132469026311176 0
0.3298862586938436 0.1220996309011282 0
0.3302164861396716 0.1318376319981399 0
0.3305797363300824 0.1425494332048527 0
0.3309793115395342 0.1543324145322369 0
0.3314188442699312 0.1672936939923594 0
0.3202853609557584 0.07995138839954384 0
0.3204531317125516 0.08544883735647009 0
0.3206376795450241 0.09149603120908897 0
0.3208406821607439 0.09814794444696975 0
0.3210639850380356 0.1054650490086386 0
0.3213096182030565 0.1135138640264743 0
0.3215798146845795 0.1223675605460936 0
0.3218770308142548 0.1321066267176749 0
0.3222039685568976 0.1428195995064142 0
0.3225636000738047 0.1546038695740276 0
0.3229591947424025 0.1675665666484022 0
0.98225264013087 0.008018278511859758 0
0.9831453386155445 0.0134453489976623 0
0.9841273069486864 0.0194151265320451 0
0.9852074721151426 0.02598188181986618 0
0.9863956537982443 0.03320531263646936 0
0.9877026536496564 0.04115108653473286 0
0.9891403534862094 0.04989143782282272 0
0.9907218233064179 0.05950582423972156 0
0.9924614401086472 0.07008164929831029 0
0.9943750185910994 0.08171505686275789 0
0.9964799549217969 0.09451180518365025 0
0.2174978986613263 0.08051269927405559 0
0.2173659364615797 0.08601113631788287 0
0.2172207780418585 0.09205941706609289 0
0.2170611037801652 0.09871252588912391 0
0.2168854620923026 0.106030945594458 0
0.2166922562356537 0.1140812072703256 0
0.2164797297933399 0.1229364951137798 0
0.2162459507067947 0.1326773117415795 0
0.215988793711595 0.1433922100321592 0
0.2157059210168754 0.1551785981517969 0
0.2153947610526837 0.1681436250833983 0
0.2099098177682698 0.08030982377404899 0
0.2097481764687542 0.08580746771265133 0
0.209570371039287 0.09185487604511389 0
0.2093747850668731 0.0985070252108227 0
0.2091596404972178 0.1058243892931024 0
0.208922981470597 0.1138734897836101 0
0.2086626565413141 0.1227275003231685 0
0.2083762991191029 0.1324669119166828 0
0.2080613059546705 0.1431802646695485 0
0.207714813473795 0.1549649526977008 0
0.2073336717448319 0.1679281095286683 0
0.495609280172993 0.06938241051764954 0
0.4960725746712714 0.07486286508111911 0
0.4965821986193776 0.08089136510093564 0
0.4971427849622944 0.08752271512273381 0
0.4977594299395028 0.09481720014671181 0
0.4984377394144322 0.1028411336730876 0
0.4991838798368544 0.111667460552101 0
0.5000046343015189 0.1213764201190157 0
0.5009074642126499 0.1320562756426219 0
0.5019005771148939 0.1438041167185887 0
0.5029930013073624 0.1567267419021522 0
0.4871657109102409 0.0700885802464451 0
0.4876189187355975 0.07556987844552845 0
0.4881174473434898 0.08159930646452013 0
0.4886658288121713 0.08823167728541099 0
0.489269048427721 0.09552728518839093 0
0.4899325900048256 0.1035524538816689 0
0.4906624857396407 0.1123801394442746 0
0.4914653710479373 0.1220905935631409 0
0.4923485448870636 0.1327720930938938 0
0.4933200361101024 0.144521742577722 0
0.4943886764554453 0.1574463570099331 0
0.4427050116690973 -0.04877220973896607 0
0.4428590357753234 -0.05427005578001107 0
0.443028462292172 -0.06031768642516058 0
0.4432148314607056 -0.06697008013482504 0
0.4434198375460924 -0.07428771321545594 0
0.4436453442400179 -0.08233710960414994 0
0.4438934016033361 -0.09119144563171333 0
0.444166264702986 -0.1009312152620331 0
0.4444664141126009 -0.1116449618553848 0
0.4447965784631773 -0.1234300831080717 0
0.4451597592488113 -0.1363937164860272 0
0.4509343418519727 -0.04853282074455138 0
0.4510997133353946 -0.05403033675175608 0
0.4512816219671588 -0.06007760435968124 0
0.4514817214620993 -0.06672959872839893 0
0.4517018309065339 -0.07404679253398837 0
0.4519439512954119 -0.08209570572013675 0
0.4522102837231778 -0.09094951022489997 0
0.4525032493937202 -0.1006886951801395 0
0.4528255116313169 -0.111401798630903 0
0.4531800000926732 -0.1231862124267429 0
0.4535699374001652 -0.1361490676021668 0
0.4591703520590436 -0.0482768250609032 0
0.4593467973815688 -0.05377399692113013 0
0.4595408872363465 -0.05982088596737975 0
0.459754386076602 -0.06647246391825434 0
0.459989234800883 -0.07378919966421638 0
0.4602475683975921 -0.08183760898477463 0
0.4605317353539722 -0.0906908592373887 0
0.4608443190059902 -0.1004294345152642 0
0.4611881610232101 -0.1111418673209272 0
0.4615663872421519 -0.1229255434071566 0
0.4619824360829879 -0.1358875871020088 0
0.5630256726264059 0.0631948435970347 0
0.563565328164051 0.06866830593019915 0
0.5641589492554607 0.07468911449668006 0
0.5648119324560114 0.08131200391980906 0
0.5655302139766171 0.08859718228525094 0
0.5663203236492834 0.09661087848723703 0
0.5671894442892162 0.1054259443094217 0
0.5681454769931426 0.1151225167138249 0
0.5691971129674613 0.1257887463586684 0
0.5703539125392121 0.1375215989679962 0
0.5716263920681378 0.1504277368382568 0
0.5546245371960068 0.06401657507416496 0
0.5551554182268487 0.06949089569433595 0
0.5557393873607747 0.07551264837652405 0
0.5563817534080934 0.08213657632693096 0
0.5570883560601438 0.08942289707237855 0
0.5578656189773994 0.09743784989237091 0
0.5587206081863806 0.1062542979943625 0
0.5596610963162598 0.1159523909065533 0
0.560695633259127 0.1266202931099631 0
0.5618336238962809 0.1383549855337139 0
0.5630854135971501 0.1512631471998398 0
0.5124945746869614 0.06792333439552914 0
0.5129786791313188 0.07340199030225779 0
0.5135111940201119 0.0794285117996593 0
0.5140969603977843 0.08605768544680098 0
0.514741303413224 0.0933497764586568 0
0.5154500807302077 0.1013710765716982 0
0.5162297357788898 0.1101945066960438 0
0.51708735633244 0.1199002798328239 0
0.5180307389413452 0.130576630283282 0
0.5190684598111409 0.142320615778786 0
0.5202099527679163 0.1552389998238403 0
0.5040526765228897 0.06866110176500863 0
0.5045261996513466 0.07414068246156744 0
0.5050470750926493 0.08016822122778211 0
0.5056200380780823 0.08679851387061825 0
0.5062502973620586 0.09409183577773803 0
0.5069435825744325 0.1021144898755698 0
0.5077061963080438 0.1109394093831847 0
0.5085450714150161 0.1206468208415611 0
0.5094678340326858 0.1313249734457751 0
0.5104828729121225 0.1430709413104106 0
0.5115994156795027 0.1559915059615096 0
0.07883775829311221 0.06435992496687384 0
0.07736239367867909 0.06965864561920895 0
0.07573949260280266 0.07548723833677758 0
0.07395430141933858 0.08189869032610306 0
0.07199059111752809 0.0889512875143611 0
0.06983050978553655 0.09670914442144493 0
0.06745442032034586 0.1052427870192372 0
0.06484072190863611 0.1146297938768086 0
0.06196565365575538 0.1249555014201372 0
0.05880307857758657 0.1363137797177986 0
0.05532424599160088 0.1488078858452263 0
0.07287985644993797 0.06263509083418099 0
0.07129578861634703 0.06790234744216547 0
0.069553313999397 0.07369632971094839 0
0.06763659192075196 0.08006971020660961 0
0.06552819763424242 0.08708042875183694 0
0.06320896391908191 0.09479221915158702 0
0.06065780683240537 0.1032751885913121 0
0.05785153403706117 0.1126064549750097 0
0.05476463396218254 0.122870847997077 0
0.05136904387981606 0.1341616803213511 0
0.04763389478921293 0.1465815958780526 0
0.4449836822922685 0.07335779019780833 0
0.445379712404782 0.07884351683966094 0
0.4458153455285468 0.08487781614569882 0
0.4462945419646881 0.09151554538234048 0
0.4468216580444435 0.09881704754264631 0
0.4474014857321745 0.1068486999189827 0
0.4480392961886785 0.1156835175329528 0
0.448740887690833 0.1254018169083198 0
0.4495126383432029 0.1360919462212236 0
0.4503615640608097 0.1478510884654177 0
0.4512953823501774 0.1607861449340313 0
0.4365643893469248 0.07395624307772343 0
0.4369479078085142 0.07944285913323886 0
0.4373697781162626 0.08547813679430581 0
0.4378338354547858 0.09211694222147947 0
0.4383442985271613 0.09941962819137048 0
0.4389058079067744 0.1074525827582506 0
0.4395234682243487 0.1162888327818188 0
0.4402028945736806 0.1260087078077437 0
0.4409502635579455 0.1367005703362612 0
0.441772369440637 0.1484616191176303 0
0.4426766859115976 0.1613987727771365 0
0.8106739558414775 0.03379318132425221 0
0.8114213532744415 0.03924216335735992 0
0.812243490450702 0.04523604359377842 0
0.8131478413445884 0.05182931185383875 0
0.8141426273278635 0.05908190693990512 0
0.8152368919094661 0.06705976153457813 0
0.8164405829492289 0.07583540158871843 0
0.8177646430929681 0.08548860564827279 0
0.8192211092510812 0.09610713011378257 0
0.8208232220250056 0.1077875070258433 0
0.8225855460763224 0.1206359216291102 0
0.1728188496418919 0.07865839785154773 0
0.1724660345364923 0.08414711108943301 0
0.1720779379205528 0.09018469565110684 0
0.1716510316430193 0.09682603866894804 0
0.1711814347377324 0.1041315159885734 0
0.1706648781419169 0.1121675410401612 0
0.1700966658865198 0.1210071685969078 0
0.1694716324055831 0.1307307589093291 0
0.1687840955765526 0.1414267082529926 0
0.1680278050646191 0.1531922525310224 0
0.1671958855014922 0.1661343512368551 0
0.1655882938196994 0.07816542124700615 0
0.16519016324971 0.08365104582748678 0
0.1647522196227216 0.08968523286601549 0
0.1642704816330344 0.09632283860839705 0
0.1637405698443785 0.1036242049250168 0
0.163157666876857 0.1116557078732985 0
0.1625164736125833 0.1204903611164083 0
0.1618111610218823 0.1302084796838292 0
0.1610353171721111 0.1408984101079921 0
0.1601818889373628 0.1526573335745714 0
0.1592431178791398 0.1655921493878086 0
0.1224528098738843 -0.0370440117465449 0
0.1218282974059353 -0.04250844140330604 0
0.1211413336911914 -0.04851931402574328 0
0.1203856736049732 -0.05513127391042424 0
0.1195544475101331 -0.06240442978357331 0
0.118640098805809 -0.07040490124403728 0
0.1176343152310526 -0.07920541985054763 0
0.1165279532988204 -0.08888599031770905 0
0.1153109551733651 -0.0995346178315866 0
0.1139722572353642 -0.1112481080968519 0
0.1124996895035632 -0.1241329473886437 0
0.1289813281210189 -0.03778687141862246 0
0.1283635156967405 -0.04325206347392321 0
0.1276839220300342 -0.04926377473475403 0
0.1269363689966573 -0.05587665712166794 0
0.1261140606599427 -0.06315082774727324 0
0.1252095214895566 -0.07115241543543907 0
0.124214528402132 -0.07995416189242148 0
0.1231200360059648 -0.08963608299510213 0
0.121916094370181 -0.1002861962080508 0
0.1205917585708187 -0.1120013207422945 0
0.1191349891915203 -0.1248879577299624 0
0.1355953979736648 -0.03852960345948545 0
0.1349879618570042 -0.04399596078232619 0
0.1343197821286775 -0.05000895383745101 0
0.1335847844275183 -0.05662324619808831 0
0.132776286956243 -0.06389896779478935 0
0.1318869397378403 -0.07190226155116047 0
0.1309086577975972 -0.08070588468316872 0
0.1298325476633299 -0.09038987012837779 0
0.1286488265156358 -0.1010422541181078 0
0.1273467332531724 -0.1127598765068108 0
0.1259144306644625 -0.125649261134384 0
0.06791533328697393 -0.0303524292170936 0
0.06716897546011555 -0.03580157505442971 0
0.06634798185057132 -0.04179563547549943 0
0.06544488888007267 -0.04838910193867612 0
0.06445148661252416 -0.05564191504817048 0
0.06335874411822079 -0.06362000946861428 0
0.06215672737448709 -0.07239591333110246 0
0.06083450895638002 -0.08204940757983946 0
0.05938006869646224 -0.09266825125345016 0
0.05778018441055268 -0.1043489792944219 0
0.05602031169605217 -0.1171977801394909 0
0.07355746656692813 -0.03110894345347678 0
0.07283547594391789 -0.03656135681226692 0
0.07204128625860662 -0.04255901150693608 0
0.07116767760476421 -0.04915643167107216 0
0.07020670808553757 -0.05641359385162183 0
0.06914964161438826 -0.06439647225022647 0
0.06798686849612402 -0.07317763848869159 0
0.06670781806603336 -0.08283692135100322 0
0.06530086259293363 -0.09346213249954601 0
0.06375321157252394 -0.1051498647629431 0
0.06205079545007327 -0.1180063702526799 0
0.07931133101536156 -0.03186117230387338 0
0.07860842871142075 -0.03731608133456008 0
0.07783523617708586 -0.04331648126831543 0
0.07698472438931747 -0.04991692119544633 0
0.07604916142277225 -0.05717740511529031 0
0.07502004215957252 -0.06516393742711869 0
0.07388801097005279 -0.07394912297012993 0
0.07264277666158112 -0.08361282706744227 0
0.07127301892226226 -0.09424290157448587 0
0.06976628540901152 -0.1059359835322338 0
0.06810887854443569 -0.1187983736857565 0
-0.003255854008526932 -0.004617910655451758 0
-0.008127005090317106 -0.007172405365386876 0
-0.0134852712802863 -0.009982349546315505 0
-0.01937936408925241 -0.013073288145337 0
-0.02586286617911513 -0.01647332060426064 0
-0.03299471847796412 -0.02021335630907664 0
-0.04083975600669802 -0.02432739558437425 0
-0.04946929728830531 -0.02885283878720162 0
-0.05896179269807333 -0.03383082631031173 0
-0.06940353764881815 -0.03930661258573284 0
-0.08088945709463745 -0.04532997748869607 0
-0.001670407459328673 -0.007563254453268761 0
-0.006254332441363931 -0.01065182518144949 0
-0.01129664992160271 -0.01404925298244829 0
-0.01684319914986538 -0.01778642356354698 0
-0.02294440330095431 -0.02189731120275553 0
-0.02965572786715213 -0.02641928760588494 0
-0.03703818488996974 -0.03139346164932728 0
-0.0451588876150691 -0.03686505309711387 0
-0.05409166061267841 -0.04288380368967912 0
-0.06391771091004865 -0.04950442934150089 0
-0.07472636623715591 -0.05678711755850482 0
0.3935386660363439 -0.04981007903881374 0
0.3936148102770692 -0.055309556680155 0
0.3936985689418672 -0.06135898208563038 0
0.3937907034731449 -0.06801335003165329 0
0.3938920514575504 -0.0753331547722785 0
0.3940035342403964 -0.08338493998696624 0
0.3941261653015271 -0.09224190372312274 0
0.3942610594687708 -0.1019845638328949 0
0.3944094430527388 -0.1127014899536443 0
0.3945726649951037 -0.1244901086864686 0
0.3947522091317051 -0.1374575892925753 0
0.4017013077360299 -0.0496862756255155 0
0.401791468712493 -0.05518554076277639 0
0.4018906457866025 -0.06123473241376337 0
0.4019997405681229 -0.06788884322984905 0
0.4021197448277954 -0.07520836512754329 0
0.4022517495134351 -0.08325983921500696 0
0.4023969546676388 -0.092116460711217 0
0.4025566803372629 -0.101858744357048 0
0.4027323785738494 -0.1125752563674622 0
0.4029256466340945 -0.1243634195789178 0
0.4031382415003641 -0.1373303991115189 0
0.4098780286737047 -0.04954207567127184 0
0.4099813457139241 -0.0550411088740185 0
0.4100949944581654 -0.06109004539703983 0
0.4102200080768308 -0.06774387557236328 0
0.4103575230573628 -0.07506308876521908 0
0.4105087895359479 -0.08311422327736047 0
0.4106751826623916 -0.09197047124071599 0
0.4108582151014796 -0.1017123440004071 0
0.4110595507844765 -0.1124284040360672 0
0.411281020035773 -0.1242160700752934 0
0.4115246362121991 -0.1371825027184423 0
0.2280195784704457 -0.04673457484166185 0
0.2276919164765654 -0.05222482106345405 0
0.2273314882832972 -0.05826409190742548 0
0.2269350172707021 -0.06490728983579405 0
0.2264988991568475 -0.07221480755699948 0
0.2260191692316074 -0.08025307705032544 0
0.2254914663138433 -0.08909517349298401 0
0.2249109931043028 -0.09882147957990844 0
0.2242724725738082 -0.1095204162755253 0
0.2235700999902642 -0.1212892466407039 0
0.2227974901483658 -0.1342349600424003 0
0.2355382891818542 -0.04716553838804884 0
0.2352363152801987 -0.05265725731969549 0
0.2349041439883776 -0.05869814814450681 0
0.2345387555673743 -0.06534312805179926 0
0.2341368283042708 -0.07265260594982094 0
0.2336947083148568 -0.0806930316376448 0
0.2332083763265015 -0.08953749989425105 0
0.2326734111393107 -0.09926641497651792 0
0.2320849494334008 -0.1099682215670115 0
0.2314376415568999 -0.1217402088165544 0
0.2307256028927489 -0.1346893947910516 0
0.2431042407151192 -0.0475637557833831 0
0.242827443471863 -0.05305680012074722 0
0.2425229665042812 -0.05909914889184774 0
0.2421880418399411 -0.06574573254005832 0
0.2418196247091671 -0.07305697455308995 0
0.2414143658653156 -0.08109934076742474 0
0.240968581137079 -0.08994594360319302 0
0.2404782179360187 -0.09967720672253813 0
0.2399388184148525 -0.1103815961538177 0
0.2393454789415695 -0.1221564245282253 0
0.2386928055209583 -0.1351087357400736 0
0.2057652890361307 -0.04524921659011789 0
0.2053577244481404 -0.05073411571893626 0
0.204909403401351 -0.05676750476063647 0
0.2044162502498827 -0.06340423270650671 0
0.2038737817832676 -0.07070463344696397 0
0.2032770664699909 -0.07873507426146695 0
0.2026206796253866 -0.08756855915742023 0
0.2018986540963219 -0.09728539254296883 0
0.2011044260143506 -0.1079739092670723 0
0.2002307751241823 -0.1197312776635861 0
0.1992697591449971 -0.1326643828997514 0
0.2131320596783146 -0.04577621305389255 0
0.2127526310400639 -0.05126312530450464 0
0.2123352595379883 -0.05729872878017794 0
0.211876150885705 -0.06393789260341856 0
0.2113711313681935 -0.07124097280898326 0
0.2108156098989307 -0.07927436103510441 0
0.2102045362827417 -0.08811108808383768 0
0.2095323553049338 -0.09783148783744428 0
0.2087929562293451 -0.1085239275664115 0
0.2079796172461976 -0.1202856112682755 0
0.2070849443647352 -0.1332234633403259 0
0.2205502582922866 -0.04627132741875391 0
0.2201968279598234 -0.05175997518644176 0
0.2198080545941139 -0.05779748773089841 0
0.2193804038918334 -0.06443875152980071 0
0.2189099881193248 -0.07174414170859325 0
0.2183925307695654 -0.07978007090526504 0
0.21782332768483 -0.08861959302160399 0
0.2171972042916211 -0.09834306734957687 0
0.2165084685590913 -0.109038889110347 0
0.2157508592533086 -0.1208042930471942 0
0.2149174890169475 -0.1337462373777261 0
0.1840091087283757 -0.04345018742361293 0
0.1835170384225862 -0.04892814005337127 0
0.1829757610862178 -0.05495388794610546 0
0.1823803560162126 -0.06158221062811306 0
0.1817254104392068 -0.06887336557832142 0
0.1810049703045004 -0.07689363602355062 0
0.1802124861563235 -0.08571593351330274 0
0.1793407535933288 -0.09542046075203008 0
0.1783818477740346 -0.1060954407146301 0
0.1773270513728111 -0.1178379186734902 0
0.1761667753314652 -0.1307546444282363 0
0.1911972932439516 -0.04408276508863031 0
0.1907283722862626 -0.04956275516715289 0
0.1902125592328048 -0.05559074425352772 0
0.189645164874001 -0.06222153224854003 0
0.189021031079317 -0.06951539904305358 0
0.1883344839051645 -0.07753865251701847 0
0.1875792820135968 -0.08636423133837987 0
0.1867485599328723 -0.0960723680418774 0
0.1858347656440754 -0.1067513184157247 0
0.1848295919263988 -0.1184981638269567 0
0.1837239008369545 -0.1314196937793119 0
0.1984513221147689 -0.04468567424632484 0
0.1980121971919283 -0.05016814119256421 0
0.1975291597768037 -0.05619885483342751 0
0.1969978186201666 -0.06283263983837714 0
0.1964133433478658 -0.07012980334382174 0
0.1957704205483349 -0.07815668319981078 0
0.195063205468851 -0.08698625104139875 0
0.1942852688814186 -0.09669877566714551 0
0.193429538635243 -0.1073825527554669 0
0.1924882353644499 -0.1191347075526205 0
0.1914528017665774 -0.1320620778294895 0
0.4618427539283406 0.07210474532126848 0
0.4622618125302849 0.07758876055998686 0
0.4627227769924238 0.08362117732257707 0
0.4632298379007764 0.09025683576142632 0
0.4637876048999644 0.09755606004416048 0
0.4644011485990712 0.1055852067551681 0
0.4650760466680886 0.1144172681372764 0
0.4658184345440078 0.1241325356575955 0
0.4666350612075189 0.1348193299299466 0
0.467533350537381 0.1465748036295328 0
0.4685214688002295 0.1595058246990776 0
0.4534100731212978 0.07274018881211078 0
0.4538177599664075 0.0782250610269046 0
0.4542662154960281 0.0842584204631778 0
0.4547595165786109 0.09089511584307833 0
0.4553021477694519 0.0981954807609689 0
0.455899042079377 0.1062258821706485 0
0.4565556258202947 0.1150593237212962 0
0.4572778679353041 0.1247761094270085 0
0.4580723342618144 0.1354645737032921 0
0.4589462472209758 0.1472218844072041 0
0.4599075514760533 0.1601549261815072 0
0.3613634843671198 0.07836430528729438 0
0.3616183394246237 0.08385840359680219 0
0.3618986799878779 0.08990191173726078 0
0.3622070546074575 0.09654977069176524 0
0.3625462666889951 0.1038624155417201 0
0.3629193999786864 0.1119063248766705 0
0.363329846597347 0.120754625145116 0
0.3637813378778735 0.1304877554404059 0
0.3642779782864527 0.1411941987652249 0
0.3648242827358898 0.1529712864225257 0
0.3654252176302706 0.1659260828455567 0
0.353097462571385 0.07873532209866829 0
0.3533354544644472 0.08423017743289705 0
0.3535972455468157 0.0902745183005487 0
0.353885215737421 0.0969232932549655 0
0.3542019829470868 0.104236945704824 0
0.3545504268777192 0.1122819633996683 0
0.3549337152014149 0.1211314828639971 0
0.3553553323574801 0.1308659542747588 0
0.3558191112291518 0.1415738728265966 0
0.3563292679879907 0.1533525832336182 0
0.3568904404227136 0.1663091646813419 0
0.4281535942379268 0.07453413816347888 0
0.4285238119465923 0.08002166817742265 0
0.4289310514261243 0.0860579511927608 0
0.4293790148536095 0.09269786250963276 0
0.4298717746238433 0.1000017649581919 0
0.4304138103711004 0.108036057651607 0
0.4310100496930833 0.1168737796143636 0
0.4316659129472644 0.1265952737733958 0
0.4323873625268637 0.1372889173483313 0
0.4331809570644228 0.1490519252807603 0
0.4340539110557379 0.1619912340064322 0
0.4197535067101076 0.07509030463747245 0
0.4201105450523795 0.08057870733110732 0
0.4205032872288787 0.08661595029410568 0
0.4209353036230277 0.09325691755340387 0
0.4214105216565917 0.1005619815386319 0
0.421933261493512 0.1085975519223827 0
0.4225082753141243 0.1174366793445086 0
0.4231407905167979 0.1271597195088471 0
0.4238365572397389 0.1378550636896194 0
0.4246019006349739 0.149619942288469 0
0.4254437783697325 0.1625613087472035 0
0.663492517557969 -0.03736096208526883 0
0.6638839214997534 -0.04284701852770129 0
0.6643144658357162 -0.04888168061437699 0
0.6647880646052753 -0.05551980890972026 0
0.6653090232517902 -0.06282175003459786 0
0.6658820777629567 -0.07085388527196322 0
0.6665124377252398 -0.07968923403306512 0
0.6672058336837513 -0.0894081176702772 0
0.6679685692381139 -0.1000988896712105 0
0.6688075783479127 -0.1118587388722371 0
0.6697304883686914 -0.1247945729933664 0
0.6714513705734905 -0.03678800210468898 0
0.6718495678703009 -0.0422735695126927 0
0.6722875848967925 -0.04830769366149678 0
0.6727694036259333 -0.05494523022518127 0
0.6732994042279881 -0.06224652044523421 0
0.6738824048902484 -0.07027793968729246 0
0.6745237056187346 -0.07911250085355651 0
0.6752291364200697 -0.08883051813644698 0
0.6760051103015381 -0.09952033714762649 0
0.6768586815711534 -0.111279138059924 0
0.6777976099677302 -0.1242138190634512 0
0.6793815097962228 -0.03620754953785924 0
0.6797860775128236 -0.04169265067665096 0
0.6802311020010844 -0.04772626192932183 0
0.6807206289381713 -0.05436323430725981 0
0.6812591085689669 -0.06166390392299158 0
0.6818514361628421 -0.06969464050029651 0
0.6825029965161048 -0.07852845073533196 0
0.6832197129046937 -0.08824564199387094 0
0.6840081009321416 -0.09893455237826385 0
0.6848753277623342 -0.110692353801096 0
0.6858292772755461 -0.1236259353662114 0
0.0350868324985927 0.04772162666264956 0
0.03257179133650925 0.05261360195737849 0
0.02980524605821744 0.05799477478158032 0
0.02676204625209646 0.06391406488820232 0
0.02341452646536338 0.07042528400548653 0
0.01973225469995699 0.07758762503449916 0
0.01568175575800996 0.08546620016641306 0
0.01122620692186823 0.09413263281151835 0
0.006325103202112322 0.1036657087211342 0
0.0009338891103808297 0.1141520922217116 0
-0.004996446390523816 0.1256871140723467 0
0.03034391942761349 0.04519180954495146 0
0.02767483897621809 0.05000163720029942 0
0.02473885047968314 0.05529244762118218 0
0.0215092631334947 0.06111233908415321 0
0.01795671705268741 0.06751421969342135 0
0.01404891636379941 0.07455628836361629 0
0.009750335606022592 0.08230256390083074 0
0.005021896772468094 0.09082346699176663 0
-0.0001793859444418552 0.1001964603917961 0
-0.005900796933042796 0.1105067531318285 0
-0.01219434902050383 0.1218480751458642 0
0.1584201033551929 0.07761331976752836 0
0.1579682656865518 0.08309480909309741 0
0.1574712442510466 0.08912444735122338 0
0.1569245206719909 0.09575704943516193 0
0.1563231247350295 0.1030529117274944 0
0.1556615892043721 0.11107836024906 0
0.1549339001206489 0.1199063536227822 0
0.1541334421285535 0.1296171463338767 0
0.1532529383372484 0.1402990183160806 0
0.1522843841668129 0.1520490774965049 0
0.1512189745793338 0.1649741425949716 0
0.1513151553779453 0.07698881651017982 0
0.1507983685754132 0.08246459893505731 0
0.1502299030926278 0.08848795960242256 0
0.1496045910615639 0.09511365633652433 0
0.1489167478273936 0.1024019227440363 0
0.1481601202698063 0.1104190157922994 0
0.1473278299564602 0.1192378181453888 0
0.1464123106117795 0.1289385007337873 0
0.1454052393326308 0.1396092515810255 0
0.1442974609255672 0.1513470775129875 0
0.1430789046777972 0.1642586860381458 0
0.5662637532401791 -0.04353627485110199 0
0.5665667066002938 -0.04902792620990894 0
0.5668999552964201 -0.05506874270459659 0
0.567266528862159 -0.06171364084875301 0
0.5676697597844717 -0.06902302880732508 0
0.5681133137990158 -0.07706335556175434 0
0.5686012232150141 -0.08590771499162653 0
0.5691379235726124 -0.09563651036448595 0
0.5697282939659705 -0.1063381852746313 0
0.5703777013986643 -0.1181100276757912 0
0.5710920495746276 -0.1310590543170671 0
0.5744583080873752 -0.04307832147330173 0
0.5747689945471103 -0.04856954069434778 0
0.5751107496528188 -0.05460988183749842 0
0.5754866802690982 -0.06125425709496414 0
0.5759002039470056 -0.06856306987817642 0
0.5763550799927037 -0.07660276393970994 0
0.5768554436429717 -0.0854464274073968 0
0.5774058436582664 -0.09517445722185236 0
0.5780112836750906 -0.1058752900177535 0
0.5786772676935973 -0.1176462060932447 0
0.5794098501139545 -0.1305942137762851 0
0.5826408620154793 -0.0426096292539813 0
0.5829596210186841 -0.04810038611383617 0
0.5833102559222095 -0.05414021865967653 0
0.5836959543160875 -0.06078403446010092 0
0.5841202225493531 -0.06809223184056776 0
0.5845869176059454 -0.07613124895908126 0
0.585100282168197 -0.08497416778944612 0
0.5856649831866736 -0.09470137850284746 0
0.5862861543069979 -0.105401310287589 0
0.5869694425393547 -0.1171712352508046 0
0.5877210595949471 -0.1301181527103418 0
0.7884144857629712 0.03680919623725172 0
0.789144412957884 0.04226054590897829 0
0.7899473328722879 0.04825703054787751 0
0.7908305447781323 0.05485316365066666 0
0.7918020778745611 0.06210891006373472 0
0.7928707642806329 0.07009023111810959 0
0.7940463193273116 0.07886968427792196 0
0.7953394298786584 0.08852708275371554 0
0.7967618514851398 0.09915022107708851 0
0.7983265152522694 0.1108356732327988 0
0.8000476453961118 0.12368967060408 0
0.8226751416156999 -0.02416075013310145 0
0.8231909569281699 -0.02963650954879587 0
0.823758353771887 -0.03565984490605972 0
0.8243824902999759 -0.04228551379904998 0
0.8250690404808736 -0.04957374958133924 0
0.825824245679861 -0.05759080894185743 0
0.8266549713987472 -0.06640957423842746 0
0.8275687696895221 -0.07611021606465447 0
0.8285739478093744 -0.0867809220735042 0
0.8296796437412119 -0.09851869868323891 0
0.8308959092662332 -0.1114302529539471 0
0.8297143662184091 -0.0234943190949591 0
0.8302357620122599 -0.02896955019893303 0
0.8308092973854958 -0.03499230441330434 0
0.8314401862960552 -0.04161733404911279 0
0.8321341640976706 -0.04890486664850209 0
0.8328975396794476 -0.05692115250783031 0
0.8337372528194023 -0.06573906695309135 0
0.8346609372733523 -0.0754387728428785 0
0.8356769901726975 -0.08610844932164438 0
0.8367946483619771 -0.09784509344828685 0
0.8380240723701847 -0.1107554019875936 0
0.8366907278282413 -0.02282606843722205 0
0.8372179657161284 -0.02830073995524054 0
0.8377979273928042 -0.03432287862506088 0
0.8384358852371476 -0.04094723116186325 0
0.8391376388659254 -0.04823401895234585 0
0.8399095678575809 -0.05624948552187672 0
0.840758689748402 -0.06506649874836068 0
0.8416927238283052 -0.07476521329749303 0
0.8427201613161986 -0.08543379930153863 0
0.8438503425528815 -0.09716924390598877 0
0.8450935419132327 -0.1100782329708839 0
0.7568040410286776 -0.03006016077032258 0
0.7572692052240075 -0.03554045539802859 0
0.7577808858388705 -0.04156877948850519 0
0.7583437345152197 -0.04819993598802946 0
0.7589628680592039 -0.05549420813750616 0
0.7596439149575864 -0.06351790750193054 0
0.7603930665458072 -0.07234397680279735 0
0.76121713329285 -0.08205265303375084 0
0.7621236067145972 -0.09273219688779968 0
0.7631207274785191 -0.1044796951272534 0
0.7642175603188331 -0.1174019431906525 0
0.7643252181817189 -0.02941812232306901 0
0.7647960469079834 -0.0348979334179904 0
0.7653139585068744 -0.04092572562240393 0
0.7658836612656544 -0.04755629704725881 0
0.7665103343003126 -0.05484992561459918 0
0.7671996746384364 -0.06287291703867359 0
0.7679579490103727 -0.07169820760515544 0
0.7687920508195026 -0.08140602722828547 0
0.7697095628095455 -0.09208462881372852 0
0.7707188259985928 -0.1038310905577159 0
0.7718290155065446 -0.1167521984761019 0
0.7718001821849669 -0.02877166688184963 0
0.7722770366174924 -0.03425095687371968 0
0.7728015764932704 -0.04027817586477674 0
0.7733785703566262 -0.04690811675493951 0
0.7740132636063176 -0.05420105173411856 0
0.7747114261809781 -0.0622232802112155 0
0.7754794050131048 -0.07104773153602215 0
0.776324181728444 -0.08075462799330946 0
0.7772534361153172 -0.09143221409632551 0
0.7782756159408777 -0.1031775588096432 0
0.7794000137489941 -0.1160974379942926 0
0.6152199607738684 -0.04062385744952732 0
0.6155692820029212 -0.04611275424198809 0
0.6159535353548792 -0.05215054071369495 0
0.6163762140420329 -0.05879210583257249 0
0.6168411605979021 -0.06609782746333778 0
0.6173526018093581 -0.07413412125717961 0
0.6179151871419598 -0.08297404443040561 0
0.6185340310078217 -0.09269795992095423 0
0.6192147592602697 -0.1033942669605577 0
0.6199635603379626 -0.1151602047041215 0
0.6207872415234247 -0.1281027362220417 0
0.6233208459169863 -0.0401028813156916 0
0.6236777440827803 -0.04559129085382035 0
0.6240703320651537 -0.05162854134576199 0
0.6245021788457644 -0.05826951688689778 0
0.6249772103044362 -0.06557458998214716 0
0.6254997449089752 -0.07361017038692147 0
0.626074532973968 -0.08244930883217322 0
0.6267067998454602 -0.09217236112195015 0
0.6274022934041015 -0.1028677186407048 0
0.628167336318607 -0.1146326119113349 0
0.6290088835245631 -0.127573994509028 0
0.6314014928688669 -0.03957156715844133 0
0.631765976075119 -0.04505947799545312 0
0.6321669076019962 -0.0510961799161661 0
0.6326079322815612 -0.05773655202895037 0
0.6330930594290827 -0.06504096135301307 0
0.6336266992913563 -0.07307581160948204 0
0.6342137031398573 -0.0819141468915979 0
0.6348594073732083 -0.09163631570192535 0
0.6355696820298945 -0.1023307013932856 0
0.6363509841522493 -0.1140945256537818 0
0.6372104164868395 -0.1270347323403276 0
0.3779585181690194 0.07754639602827143 0
0.3782443238576221 0.08303896998263806 0
0.3785587101150851 0.08908080133244135 0
0.3789045349982944 0.09572681581722498 0
0.3792849423698246 0.103037431750487 0
0.3797033904785078 0.1110791092770751 0
0.3801636833980594 0.1199249545563221 0
0.3806700056095661 0.1296553843634938 0
0.3812269600422235 0.1403588571513827 0
0.3818396099181466 0.1521326772180605 0
0.382513524781662 0.165083879291406 0
0.3696509790982559 0.07796754226130889 0
0.3699217543562726 0.08346087827778048 0
0.3702196071400909 0.08950354789589923 0
0.3705472452022911 0.09615048447582986 0
0.3709076470707112 0.1034621147137536 0
0.3713040891259734 0.1115049079754696 0
0.3717401753867618 0.1203519805633573 0
0.3722198702736291 0.1300837604100337 0
0.372747534649183 0.1407887182413778 0
0.3733279654622924 0.1525641718558563 0
0.3739664393567126 0.1655171708317826 0
0.7732991297301096 0.03881763352864504 0
0.7740176522914084 0.04427049837666047 0
0.7748080271088371 0.05026864970947745 0
0.7756774394080087 0.05686661617557612 0
0.7766337929370974 0.06412437928828466 0
0.777685781819095 0.07210791871226405 0
0.7788429695892923 0.08088981207864138 0
0.7801158761365095 0.09054989478165645 0
0.7815160733384482 0.101175985754973 0
0.7830562902605809 0.1128646858256213 0
0.7847505288749268 0.1257222559033343 0
0.7267866937367183 0.044788805928225 0
0.7274689397820031 0.05024632815518356 0
0.7282194104318163 0.05624960260483798 0
0.7290449281466108 0.06285320449945785 0
0.7299529976328848 0.0701171665835397 0
0.7309518740677863 0.07810752487602973 0
0.7320506381461778 0.08689691899776877 0
0.7332592786324085 0.09656525253168172 0
0.7345887831672622 0.107200419418986 0
0.7360512381556014 0.1188991029950206 0
0.7376599386427743 0.1317676549286588 0
0.7109406643652618 0.04675264856098568 0
0.7116111372249307 0.05221162979424725 0
0.7123486573705667 0.05821650915083497 0
0.7131599295307662 0.06482187644308146 0
0.7140523289069857 0.07208778046455261 0
0.7150339682208271 0.08008027488817086 0
0.7161137714660526 0.08887201875415096 0
0.7173015550358007 0.09854293700672906 0
0.7186081169625236 0.109180947084565 0
0.7200453350819188 0.1208827581701845 0
0.7216262750132535 0.1337547503643659 0
0.3209580368326567 -0.0499122375205315 0
0.3208910392340941 -0.0554118369761435 0
0.3208173418756753 -0.06146139637731669 0
0.3207362747814146 -0.0681159117186072 0
0.3206471009777279 -0.07543587859402677 0
0.3205490097936725 -0.08348784215698829 0
0.3204411094912116 -0.09234500207624596 0
0.3203224191585046 -0.1020878779874294 0
0.3201918597925268 -0.1128050414897312 0
0.3200482444899513 -0.1245939213422632 0
0.3198902676571183 -0.1375616891800484 0
0.3289271835466825 -0.04999606409375413 0
0.3288779159420648 -0.05549585019120819 0
0.3288237215769854 -0.06154561489840765 0
0.328764107775398 -0.06820035607632706 0
0.3286985325936519 -0.07552057137203841 0
0.3286263998937312 -0.08357280819732088 0
0.3285470539238183 -0.09243026870513162 0
0.3284597733569143 -0.1021734752637234 0
0.3283637647333197 -0.1128910024781744 0
0.3282581552473658 -0.1246802824140705 0
0.3281419848128165 -0.1376484903435562 0
0.3369231637152667 -0.05005508855788467 0
0.3368907193632992 -0.05555499896851283 0
0.3368550305761349 -0.06160490042020382 0
0.3368157729102542 -0.06825979201706391 0
0.3367725894777854 -0.07558017277361001 0
0.3367250877020698 -0.08363259160581071 0
0.3366728357487825 -0.09249025232123148 0
0.3366153586001666 -0.1022336791081943 0
0.3365521337366891 -0.1129514485738535 0
0.3364825863868638 -0.1247409949860785 0
0.336406084302056 -0.1377094960395261 0
0.2737996038865971 -0.04884765065709289 0
0.273614040384077 -0.05434453042802805 0
0.2734099205313049 -0.06039109817605672 0
0.2731853886932555 -0.06704232269888827 0
0.2729384036714012 -0.07435866967400297 0
0.2726667201473615 -0.08240665134662914 0
0.2723678682709179 -0.09125943118651791 0
0.2720391312068298 -0.1009974890103956 0
0.2716775204363329 -0.111709352616661 0
0.2712797485887864 -0.123492402583553 0
0.2708421995564852 -0.1364537575471342 0
0.2815736427018085 -0.04909444252987925 0
0.2814096942550769 -0.05459200869583491 0
0.2812293509636721 -0.06063933147838613 0
0.2810309733431268 -0.06729138653919248 0
0.280812757960527 -0.07460864710607945 0
0.2805727210396672 -0.08265763372965512 0
0.2803086804267215 -0.09151151901558836 0
0.2800182357524811 -0.1012507928301149 0
0.2796987466108168 -0.1119639940260942 0
0.279347308554986 -0.1237485153416713 0
0.2789607266935721 -0.1367114887888062 0
0.2893839675264192 -0.04931218970573433 0
0.2892407106086203 -0.0548103329326274 0
0.2890831279990416 -0.06085829048220977 0
0.2889097871285049 -0.06751104378675038 0
0.2887191121709146 -0.07482907242174505 0
0.2885093697175654 -0.08287890392023919 0
0.2882786530188811 -0.09173371856858273 0
0.2880248646503284 -0.1014740146817606 0
0.2877456974449205 -0.1121883404062564 0
0.2874386135189718 -0.1239740987032016 0
0.2871008212004282 -0.1369384328298414 0
0.6543793144593765 0.05345585477021545 0
0.6550029747549214 0.0589203821072979 0
0.6556890010800209 0.06493136217808861 0
0.6564436300376304 0.07154344025595838 0
0.6572737218910008 0.07881672614161514 0
0.6581868229297081 0.08681734061583755 0
0.6591912340722862 0.09561801653748223 0
0.6602960863291222 0.1052987600512914 0
0.6615114238116417 0.1159475779164814 0
0.6628482950424133 0.1276612775681905 0
0.6643188533962618 0.1405463471850704 0
0.5462129055294301 0.06482521085742264 0
0.5467344129187445 0.07030043263460645 0
0.5473080710469903 0.07632317658950864 0
0.5479390949880607 0.08294819493990105 0
0.5486332213232381 0.0902357151253327 0
0.5493967602919333 0.09825198732930751 0
0.5502366531574979 0.1070698867536798 0
0.5511605353096192 0.1167695761204893 0
0.5521768056769524 0.1274392344239798 0
0.553294703081019 0.1391758585578194 0
0.5545243902254923 0.1520861451050428 0
0.5377928154688363 0.06561969294348738 0
0.5383051503960753 0.07109578023183699 0
0.5388687188160382 0.07711947624902157 0
0.5394886440779972 0.0837455418679246 0
0.5401705618661523 0.09103421404871793 0
0.5409206714331228 0.0990517534475906 0
0.5417457919567905 0.1078710467863505 0
0.5426534245328248 0.1175722694589865 0
0.5436518203664626 0.128243614398886 0
0.5447500557834642 0.1399820938327755 0
0.5459581147421659 0.1528944212100539 0
-0.001824687318722213 0.01741626167440269 0
-0.006606397019475166 0.02015209243333708 0
-0.01186627769030341 0.02316150626816492 0
-0.01765214642821449 0.02647186148647553 0
-0.02401660203991667 0.03011325222661721 0
-0.03101750321278907 0.03411878204077305 0
-0.0387184945029487 0.03852486483634448 0
-0.04718958492212431 0.04337155591147306 0
-0.05650778438321748 0.04870291609411449 0
-0.06675780379041996 0.05456741229502006 0
-0.0780328251383427 0.06101835811601618 0
-0.00369896086653766 0.01365368694387247 0
-0.008794567973584633 0.01575980416204163 0
-0.0143997357913363 0.01807653310202771 0
-0.02056542039086314 0.02062493493601239 0
-0.02734767345034266 0.02342817695339555 0
-0.03480815181577013 0.02651174317251701 0
-0.04301467801774035 0.02990366601355063 0
-0.05204185683990759 0.03363478113868761 0
-0.06197175354429157 0.03773900777633828 0
-0.07289463991911393 0.04225365707775403 0
-0.08490981493141854 0.04721977130931134 0
0.9529309830483231 0.01276303820088115 0
0.9537959910539769 0.0181945912567334 0
0.9547474998601961 0.02416929961817088 0
0.9557941595470373 0.03074147881575211 0
0.9569454852025625 0.03797087593309145 0
0.9582119434236402 0.04592321276216474 0
0.9596050474668257 0.05467078327414535 0
0.9611374619143298 0.06429311083732403 0
0.9628231178065842 0.07487767115682058 0
0.9646773392880642 0.08652068750826677 0
0.9667169829176921 0.0993280054948576 0
0.5797916306953935 0.06151673070199928 0
0.58034743796286 0.06698857640632504 0
0.5809588259570732 0.07300760668108336 0
0.5816313527507077 0.07962853998331754 0
0.5823711322237056 0.08691156661577512 0
0.5831848896440034 0.09492289591147846 0
0.5840800228063309 0.1037353581367521 0
0.5850646692848911 0.1134290665845532 0
0.5861477804113074 0.1240921458771343 0
0.5873392026503653 0.1358215330989736 0
0.5886497671133291 0.1487238590429968 0
0.5714149735174714 0.0623611967321011 0
0.5719627564852919 0.06783385141021246 0
0.5725653177498946 0.07385377155613497 0
0.5732281351409575 0.08047568371664973 0
0.5739572342711268 0.08775978709321597 0
0.5747592433143128 0.09577230080743883 0
0.5756414532618176 0.104586065893084 0
0.5766118842040727 0.1142812074872936 0
0.5776793582405535 0.1249458632409243 0
0.5788535796806823 0.1366769845699179 0
0.580145223264824 0.149581218031811 0
0.9777853324183569 0.008751299442780396 0
0.9786733343893655 0.01417914056938395 0
0.9796501365574751 0.02014976580864786 0
0.9807246189423956 0.02671745357183816 0
0.9819065495658081 0.0339419101113475 0
0.983206673251562 0.04188881230480776 0
0.9846368093058911 0.05063040471761405 0
0.9862099589656533 0.06024615637170097 0
0.9879404235913917 0.07082348319119659 0
0.9898439346797038 0.08245854269264177 0
0.9919377968768471 0.09525710814423147 0
0.05578122866643884 0.05685114953702226 0
0.05382861956401398 0.06199331184759411 0
0.05168074955134663 0.06764969038922314 0
0.04931809253741254 0.07387170678501509 0
0.04671916982208504 0.08071592482038621 0
0.0438603548352248 0.08824456465929446 0
0.04071565834967854 0.09652606848209352 0
0.03725649221557764 0.1056357226871725 0
0.03345140946806664 0.1156563423127594 0
0.02926581844580456 0.126679023900905 0
0.02466166832131627 0.1388039736478651 0
0.05037314039910306 0.05472123544988736 0
0.04829452870742621 0.05981378179929057 0
0.04600805584658168 0.06541558278363412 0
0.04349293569965269 0.07157756386641201 0
0.04072630353803081 0.0783557430574677 0
0.03768300816024674 0.08581174016762895 0
0.03433538324468426 0.09401333698880632 0
0.03065299583756552 0.1030350934921014 0
0.02660236968973492 0.1129590256457261 0
0.02214668092712126 0.1238753510147132 0
0.01724542328824623 0.135883308920599 0
0.9377677802391452 -0.01232768253672033 0
0.93837941000369 -0.01779356898218834 0
0.939052202744689 -0.02380604407220316 0
0.9397922747597882 -0.03041976667121946 0
0.9406063539763971 -0.03769486153013739 0
0.9415018411146671 -0.04569746587494711 0
0.9424868769667639 -0.05450033065423782 0
0.9435704164040705 -0.06418348191145759 0
0.9447623097851077 -0.07483494829439934 0
0.9460733925042486 -0.08655156131563525 0
0.9475155834953037 -0.09943983563899476 0
0.9432729884555455 -0.01170924153326924 0
0.9438888630908104 -0.01717465112921549 0
0.9445663251896018 -0.02318660168475636 0
0.9453115334982723 -0.02979974729585132 0
0.9461312626378099 -0.03707420746805578 0
0.9470329646913012 -0.04507611365748069 0
0.9480248369501417 -0.05387821046584808 0
0.9491158964348662 -0.06356051695505222 0
0.9503160618680632 -0.07421105409317677 0
0.9516362438445798 -0.08592664494511378 0
0.9530884440187481 -0.09881379488224448 0
0.9486597544633979 -0.01110033291786287 0
0.9492803021156814 -0.0165652142963062 0
0.9499629045331932 -0.02257658381259386 0
0.9507137671924563 -0.02918909028051028 0
0.9515397161176455 -0.03646284739521834 0
0.9524482599353539 -0.04446398022139721 0
0.9534476581348329 -0.05326522633019398 0
0.95454699615426 -0.06294659704987042 0
0.9557562679756296 -0.07359610484151451 0
0.9570864669791364 -0.085310563412323 0
0.9585496858829936 -0.09819646784021234 0
0.4674123277424333 -0.04800382888857029 0
0.4676002411414265 -0.05350062095512436 0
0.4678069458803191 -0.05954709222833383 0
0.4680343210931009 -0.06619821062886427 0
0.4682844338271609 -0.07351444086944774 0
0.4685595578346269 -0.08156229413408955 0
0.4688621942428395 -0.09041493272519555 0
0.4691950942918733 -0.1001528351754122 0
0.4695612843458105 -0.1108645278706504 0
0.4699640934051415 -0.1226473898354125 0
0.4704071833704055 -0.1356085379966508 0
0.4756584648227918 -0.0477130695928611 0
0.4758577304109388 -0.05320946143891368 0
0.4760769225579005 -0.05925549246957153 0
0.4763180339195583 -0.06590612660329516 0
0.4765832564173819 -0.07322182415039115 0
0.4768750011649878 -0.08126909145219674 0
0.4771959203873544 -0.09012108548418288 0
0.4775489315319576 -0.09985827891936766 0
0.4779372437910211 -0.1105691916980709 0
0.4783643872759911 -0.1223511957546445 0
0.4788342451094579 -0.1353114002168754 0
0.4839069150734818 -0.047405751152227 0
0.484116779862358 -0.05290174814714821 0
0.4843476311301217 -0.05894734484156153 0
0.4846015675246618 -0.0655975012054162 0
0.4848808975586559 -0.07291267320565632 0
0.4851881605960494 -0.08095936240592047 0
0.4855261499371822 -0.08981072052621103 0
0.4858979382124284 -0.09954721445853063 0
0.4863069053151992 -0.1102573577840822 0
0.486756769128247 -0.1220385154421889 0
0.4872516193225996 -0.1349977888661064 0
0.9731347924230441 0.009509859539051823 0
0.974018539942894 0.0149383946276824 0
0.9749906622147289 0.02090978322517603 0
0.9760599967137472 0.02747831068241903 0
0.9772362646626674 0.03470369088538633 0
0.9785301594064796 0.04265160910865036 0
0.9799534436246731 0.05139431915424079 0
0.9815190562646858 0.06101130020439027 0
0.9832412301686998 0.0715899793595547 0
0.9851356214631153 0.08322652643023556 0
0.9872194518869722 0.09602672820798452 0
0.4113657915414163 0.07562615794352079 0
0.4117098966724412 0.08111538695775349 0
0.4120884123165686 0.08715353887340944 0
0.4125047795251088 0.09379550598063099 0
0.4129627834545029 0.1011016697985747 0
0.4134665877768365 0.1091384499983128 0
0.4140207725314034 0.1179789082180247 0
0.414630375761427 0.1277034122597077 0
0.415300939314453 0.1384003667055592 0
0.4160385592227815 0.1501670165959957 0
0.416849941121943 0.1631103314754759 0
0.4029910027258473 0.07614101813346733 0
0.4033214846211922 0.08163108475312597 0
0.4036850147060714 0.08767015803475048 0
0.4040848977994386 0.09431313864453744 0
0.4045247692021426 0.1016204173153031 0
0.4050086277451169 0.1096584238531453 0
0.4055408721423887 0.1185002310447718 0
0.4061263409793876 0.1282262189555609 0
0.4067703567000864 0.1389248056574289 0
0.4074787739928551 0.1506932510294837 0
0.4082580330149007 0.163638540938744 0
0.9633333851735086 0.01109731601982442 0
0.9642075541360029 0.01652740213492523 0
0.9651691399947466 0.02250049686153614 0
0.9662268844393647 0.02907090106080813 0
0.9673904033284446 0.03629834568000731 0
0.9686702741064325 0.04424853476112642 0
0.9700781319622191 0.05299374275035743 0
0.9716267756035845 0.06261347153851156 0
0.9733302836090862 0.07319517320548109 0
0.9752041424151383 0.08483504503914759 0
0.9772653871017956 0.09763890405618073 0
0.09112024274828082 0.0675120858570981 0
0.08985902395820754 0.07286579512693747 0
0.08847168328912695 0.07875487532376076 0
0.08694560855313829 0.08523286354026638 0
0.08526692634355078 0.09235865057842257 0
0.08342037591300451 0.1001970163203944 0
0.08138917043940361 0.1088192186365634 0
0.07915484441844262 0.1183036411843493 0
0.07669708579538553 0.1287365059869137 0
0.07399355131002273 0.1402126572697347 0
0.07101966337612367 0.1528364236808377 0
0.08491965132783241 0.0659870865552605 0
0.08355225788783385 0.07131468827298562 0
0.08204812510383543 0.07717505016248323 0
0.08039357904143715 0.08362144824093062 0
0.07857357837279906 0.09071248612722274 0
0.07657157763729716 0.09851262780214406 0
0.07436937682824507 0.1070927836445575 0
0.07194695593828776 0.1165309550712124 0
0.06928229295933473 0.1269129436405327 0
0.06635116368248639 0.138333131066785 0
0.06312692147795322 0.1508953372356625 0
0.1033867107423088 -0.03482307003005602 0
0.1027359384640259 -0.04028443610707626 0
0.1020200889579148 -0.04629193879179853 0
0.1012326545011925 -0.05290019174499303 0
0.100366476598798 -0.06016926999350698 0
0.09941368090616404 -0.06816525606687232 0
0.09836560564426669 -0.0769608407475742 0
0.0972127228561796 -0.08663598389634626 0
0.09594455178928382 -0.09727864135999553 0
0.09454956361569844 -0.1089855645700097 0
0.09301507662475454 -0.1218631801010254 0
0.1096516981753777 -0.03556391583555046 0
0.1090105777090584 -0.04102642329930718 0
0.1083053451961072 -0.04703518150943956 0
0.1075295894318608 -0.05364481554058519 0
0.1066762580911898 -0.06091541297484539 0
0.1057375936164517 -0.06891307015253159 0
0.1047050626942398 -0.07771049304798644 0
0.1035692786798067 -0.08738765823298676 0
0.1023199162639303 -0.09803253993648713 0
0.1009456176064662 -0.1097419098103375 0
0.09943388908325573 -0.1226222166715729 0
0.116008784680939 -0.0363043539997019 0
0.1153770162974985 -0.04176795078251271 0
0.1146820710757139 -0.0477779072436046 0
0.1139176313317508 -0.05438885935080569 0
0.1130767476133915 -0.06166090666872688 0
0.1121517755231962 -0.06966015871844018 0
0.1111343062239814 -0.07845933597312482 0
0.1100150899948451 -0.08813843095327792 0
0.1087839521427952 -0.09878543543144636 0
0.1074297005055402 -0.1104971403574316 0
0.1059400237045598 -0.1233800157760154 0
0.4180677957445698 -0.04937866873615993 0
0.4181837377547322 -0.0548774501102911 0
0.4183112739659109 -0.06092610962183538 0
0.4184515637982075 -0.0675796350845341 0
0.4186058826137337 -0.07489851309350268 0
0.4187756333108125 -0.08294927890336812 0
0.4189623590775992 -0.09180512129422011 0
0.4191677574210646 -0.1015465479241573 0
0.4193936955988766 -0.1122621172170882 0
0.4196422275944697 -0.1240492434393122 0
0.4199156127896221 -0.1370150822837586 0
0.4262700399459996 -0.04919634217060102 0
0.4263989170291934 -0.05469483608847771 0
0.4265406818207065 -0.06074317939814208 0
0.426696623091371 -0.06739635703877288 0
0.426868158489102 -0.07471485244346676 0
0.427056847426606 -0.08276519738863002 0
0.4272644052578604 -0.09162057682830962 0
0.4274927188722403 -0.1013614942119572 0
0.4277438638480582 -0.1120765033339695 0
0.4280201233214578 -0.123863013368183 0
0.4283240087421974 -0.1368281744058179 0
0.4344831422792044 -0.04899380281862031 0
0.43462499718217 -0.05449197677294 0
0.4347810375754321 -0.06053996812269166 0
0.4349526820080205 -0.06719275860741848 0
0.4351414908838677 -0.07451082814061799 0
0.4353491806472996 -0.08256070462713747 0
0.4355776393870747 -0.09141556876230886 0
0.4358289440008273 -0.1011559193109974 0
0.4361053790759552 -0.1118703049145548 0
0.4364094576585958 -0.123656129078468 0
0.4367439440995006 -0.1366205356587724 0
0.02293685525693259 -0.02188969240361729 0
0.02137610860647341 -0.02716464611059476 0
0.01965928729096831 -0.03296709518826996 0
0.01777078384391271 -0.03934978917371269 0
0.01569343005215154 -0.04637075255769968 0
0.01340834088121425 -0.05409381228008538 0
0.01089474279318324 -0.06258917797470966 0
0.008129784896349117 -0.07193408023879636 0
0.005088331209831588 -0.08221347272929172 0
0.001742732154662308 -0.09352080446883662 0
-0.001937426806023903 -0.105958869382336 0
0.02734603780258296 -0.02310263780113011 0
0.02596200217914945 -0.02842621938882041 0
0.02443956299337259 -0.03428215913527974 0
0.02276487988901804 -0.040723692856385 0
0.02092272847422805 -0.04780937994960079 0
0.01889636191795905 -0.05560363575213815 0
0.01666735870606315 -0.06417731713492925 0
0.01421545517297766 -0.07360836665599947 0
0.01151836128658362 -0.08398252112917673 0
0.008551558011550171 -0.09539409104967167 0
0.005288074409013382 -0.1079468179622161 0
0.03192103578070533 -0.02422275829838812 0
0.03068576236060573 -0.02958277271074115 0
0.02932696159849616 -0.03547878856432947 0
0.02783228076017563 -0.04196440600327662 0
0.02618813183802305 -0.0490985851861185 0
0.02437956802365522 -0.05694618228724455 0
0.0223901478278506 -0.06557853909848321 0
0.02020178561246552 -0.07507413159084575 0
0.01779458717554193 -0.08551928333244455 0
0.01514666889492598 -0.0970089502482032 0
0.01223395878624843 -0.1096475838555377 0
0.0670449748657975 0.06081370221145185 0
0.06534487568291622 0.06604474593141788 0
0.06347476658174683 0.07179889402338051 0
0.06141764657046049 0.0781284569245394 0
0.05915481455804552 0.08509097611581419 0
0.05666569934438905 0.09274974722621646 0
0.05392767260936694 0.1011743954476589 0
0.05091584320084262 0.1104415084912457 0
0.04760283085146585 0.1206353328391911 0
0.04395851726715141 0.1318485396219311 0
0.03994977232440554 0.144183067082945 0
0.06134065774526476 0.05888522158985513 0
0.05951505363692467 0.06407384359162298 0
0.05750688911775058 0.06978132779356762 0
0.05529790814665908 0.07605956041570672 0
0.05286802907845843 0.08296561630005973 0
0.05019516210343772 0.09056227777284805 0
0.04725500843091493 0.09891860539291519 0
0.04402083939113986 0.1081105657749891 0
0.04046325344738728 0.1182217221952703 0
0.03654990890925945 0.1293439942575797 0
0.03224522991731883 0.14157849352612 0
0.9475232447861365 0.01362148864940915 0
0.9483829255854678 0.01905388738499435 0
0.9493285744647321 0.02502952599413807 0
0.9503687882319228 0.03160272846419617 0
0.9515130233758328 0.03883325118126008 0
0.9527716820341335 0.04678682617003037 0
0.9541562065582645 0.05553575865767769 0
0.9556791835348085 0.06515958439408975 0
0.957354458209007 0.07574579270414303 0
0.9591972603506252 0.08739062184520162 0
0.9612243427064054 0.1001999339003661 0
0.6297073526911516 0.05622536669894464 0
0.6303101298646754 0.06169223734368625 0
0.6309731847555515 0.06770579505290203 0
0.6317025451355153 0.07432070853303938 0
0.6325048415534754 0.08159711336119047 0
0.6333873676132316 0.08960115867215666 0
0.6343581462789634 0.09840560851421948 0
0.6354260028112683 0.1080905033404886 0
0.6366006449968037 0.1187438876493846 0
0.6378927514008926 0.1304626103891702 0
0.6393140684453905 0.1433532054029344 0
0.6214358817140757 0.05713146133375144 0
0.6220308677688317 0.06259918548108974 0
0.6226853524290632 0.06861368204316187 0
0.6234052855553178 0.07522962826144122 0
0.624197211994198 0.0825071691015485 0
0.6250683310769661 0.0905124640256665 0
0.6260265620680111 0.09931828844219631 0
0.6270806161581606 0.1090046953003791 0
0.628240075657325 0.1196597428443802 0
0.6295154811064059 0.1313802951427814 0
0.6309184271003948 0.1442729026710226 0
0.9582031606557304 0.01192074235968422 0
0.9590728259616624 0.01735155134354654 0
0.9600294577981876 0.0233254412257951 0
0.9610817528183654 0.02989672009626851 0
0.9622392773405609 0.03712512685378926 0
0.9635125543149761 0.04507637428706208 0
0.9649131589868326 0.05382274646366219 0
0.9664538241258749 0.06344375585792231 0
0.9681485557788214 0.07402686619160845 0
0.9700127605970625 0.08566828755866319 0
0.9720633858971278 0.09847385106242341 0
10.52936896770723 -22.85089704933538 0
10.5263157895377 22.72098577952647 0
-7.992368069988367 22.55347235160606 0
-22.70505283353916 -8.114261476079514 0
-22.82792723873005 8.261177404086375 0
-8.103278292996123 -22.66579656679867 0
22.58355895953672 8.054145404711507 0
22.72098577952259 -7.894736842178459 0
2.522708209866458 -22.80015719030216 0
2.58645510209689 22.84197593080581 0
-22.62703668342265 0.04132140755623959 0
22.75238050668404 -0.1001973476878809 0
-22.98166697453103 -15.73442450097599 0
-15.80090826955738 22.83458711747258 0
22.68675593573586 -15.40182720888925 0
22.67830165028781 15.85695130918197 0
-22.82118289327958 16.03289969536218 0
-15.74271340952848 -22.98211726223062 0
-2.51862359575447 -22.86900723784479 0
-2.537649014537226 22.76832302502233 0
15.78876800257171 -22.90662458535372 0
15.838464235919 22.895266634744 0
-22.95304685230612 -21.19282754932112 0
20.98065609543291 -22.50500022407253 0
-20.93990737174216 22.78514178394949 0
22.61663894428423 20.89685625841381 0
-0.006413419551500395 22.82642373042754 0
-1.308138068664996 20.75811030190092 0
-3.481345061287293 20.6227636521361 0
-2.462597514843261 18.84173853061375 0
-4.422815166590219 18.7062824907423 0
-3.468349025215569 17.03147874087403 0
-1.540215575591625 17.11630814403975 0
-2.45112439504731 15.47977677559901 0
-0.707341473461176 15.51574419605837 0
-1.470523098746933 14.08309034336715 0
0.08980203887715223 14.08983508264632 0
-0.6644866584717631 12.76661000486859 0
0.8387017615062687 12.77081645543545 0
-2.133071651849994 12.72924507135986 0
-1.314170984008154 11.28352047925724 0
-2.730914093508573 11.41355187910021 0
-2.120707518358102 10.22668588124759 0
-3.342005438232976 10.24946156465216 0
-2.637354849744778 9.199499323856418 0
0.8197357368869395 0.1275729754970583 0
-1.587346243833383 9.171509841584221 0
0.62749957385532 0.1520055057428788 0
-3.872180174290735 9.124695448894199 0
-2.004076988937562 8.252307268564337 0
-1.020530833122562 8.259782392841586 0
-1.433638989662985 7.431352550906928 0
-0.5315551297129788 7.440062317740804 0
0.4475164266225553 0.1685542350879803 0
-0.9201921368868874 6.688560815776499 0
-0.1100440485962862 6.695704309407994 0
-0.4974284519755857 6.007720806851705 0
-1.249988549892806 5.979407454864006 0
0.2819223552303849 6.008168006712308 0
-0.8619235197440116 5.36529159897658 0
-1.5409444402017 5.322132941477222 0
0.3027945762830257 0.1761572741576202 0
-1.190745606255571 4.765137740091454 0
-1.826244864107688 4.719683114834284 0
-1.473146832094258 4.210930041593413 0
-2.084700514928028 4.161299227058027 0
-0.8938739510832057 4.239808184829337 0
-1.139410314237845 3.753273995469116 0
-0.6441385629044041 3.763403228015143 0
0.1870795953559601 0.1742521646568038 0
-0.848998334959596 3.34558846985698 0
-0.4144124480739189 3.354166463750668 0
-0.6115882938022495 2.977764857911584 0
0.1057884377786154 0.1664613839630814 0
-0.2005859541086452 2.993568918343237 0
-1.02127777772717 2.951893939143038 0
-0.7949356315592837 2.615998750680757 0
-1.171469501669123 2.584793932616353 0
-0.964519892646734 2.278851076982439 0
-1.319457822835832 2.247839743871567 0
-0.1020685896183162 0.04270688744082699 0
-0.05859095579739938 0.1002462195505988 0
0.03339616070656186 0.1507207140593911 0
0.6809831996554201 6.672619488887088 0
1.089520255862684 5.98360241117089 0
1.486777449121611 6.683783890882318 0
1.913559533062472 5.958919035895928 0
2.330681231744177 6.694383924821293 0
2.764411678829574 5.925595125879177 0
3.222987559842196 6.705643677969047 0
3.656102696767569 5.912748021408437 0
4.149631351446622 6.706626914464956 0
4.556794622192172 5.909067723030363 0
5.187186958384642 6.896760703558357 0
5.575129486737729 5.702299348342337 0
6.319659785950412 6.746638370602487 0
6.831571852948587 5.72506889357447 0
6.275345750215655 4.720801405842303 0
7.366501392592502 4.714338305639689 0
6.818534994795586 3.750312047012555 0
7.500064900183518 6.742975039449529 0
7.882234554277192 3.72882547087542 0
7.301213813428911 2.793364861430833 0
-1.113345404901458 1.971087640262629 0
-1.461340643744687 1.928991130068285 0
-0.7952073557938784 1.997343428920424 0
8.374460452549503 2.764368630393344 0
7.820189221002881 1.804303027117861 0
-4.616075883877163 10.19454297134651 0
-5.180320391417792 8.987113748758237 0
-0.9213516382809122 1.719679308944676 0
-0.6481138874084188 1.737583785697498 0
8.883473429017418 1.799068319484625 0
8.322885658518144 0.8308777572924783 0
-0.7534449631596908 1.508712031367978 0
-0.523752150713153 1.520983264875388 0
3.17248368756106 5.116983758199938 0
-5.970862337710211 10.14169038039461 0
-6.590384536431351 8.884509198476472 0
-0.6121546973686062 1.325812279988206 0
-0.4124308337218404 1.340413935246092 0
-0.8198496679452143 1.298222674647347 0
9.413290443448265 0.815127999020242 0
8.794770778667687 -0.1417407366763277 0
7.787260293546606 -0.08385984292422101 0
8.175661602554253 -1.061907285592546 0
7.104694199106253 -0.9098614031739435 0
7.576117383228155 -1.921427631420123 0
6.437941883650959 -1.877538521809335 0
0.5853586152009389 -0.1397609045755395 0
0.8133930036912114 -0.1194136628623949 0
6.993320029541333 -2.784747947311714 0
5.858073715879565 -2.800344480327087 0
0.2413585345055222 -0.1445894754337749 0
6.425242626426102 -3.664498711600101 0
5.384015898344666 -3.692756849445422 0
5.873945485301507 -4.529251012406272 0
4.845752297921771 -4.477760739673971 0
5.278732326423045 -5.403114611496299 0
4.269816563387786 -5.362641448159268 0
6.50177354672967 -5.536624914266548 0
4.690194764528441 -6.316328270177841 0
3.627017687699152 -6.283921238409778 0
8.692583684037867 -1.997731291255137 0
4.107287065038748 -7.279170539200797 0
2.964201445810231 -7.216691007713973 0
2.434561915397959 -6.133692225481007 0
1.850142389565026 -7.088230296804534 0
1.331795942321869 -6.161396172418106 0
0.4078322105440482 -0.1436888876890967 0
0.8018342430574656 -6.987207606909981 0
0.3809158590870521 -6.08287318198026 0
-0.2031712882781709 -6.893804510148798 0
-0.6193876067121032 -5.986813989348921 0
-1.222228754962037 -6.803168042765812 0
-1.659729044082956 -5.87379950175997 0
-2.282177530706697 -6.728911892883708 0
-2.739262508121095 -5.749967318065577 0
-3.401421263218956 -6.662193645859546 0
-3.895820246226743 -5.614461283840112 0
-4.588982680023723 -6.58575680635515 0
-5.078437902164652 -5.504663335230707 0
-5.853236397897171 -6.491394029442111 0
-6.373984663582175 -5.33048389074199 0
0.2470483616496395 -7.704017787489787 0
3.461034365549383 -8.309760810079624 0
9.032404657806374 3.662675403266243 0
-7.207781180298147 -6.435033286683955 0
-0.4882987598409674 1.168566694598537 0
-0.3082954596767131 1.179681359919044 0
0.9536466216239502 0.1075218926417991 0
0.8975621163339562 0.1157661455546894 0
0.8632794469009099 0.1211393663919127 0
-0.2269447541827089 1.341747898085586 0
-0.1263541425605268 1.167023205244996 0
-0.05292726195150749 1.337417418131187 0
0.04181250098587491 1.193162423374735 0
0.1140741557435463 1.342828827215838 0
1.020121706336552 0.09782692991126786 0
0.9875288902187944 0.09973775319586466 0
0.1990506489976673 1.203513153835265 0
0.7266925784769415 0.1401618220645844 0
0.6775701613946282 0.1463924674053043 0
0.7749908578769334 0.1339678525436758 0
0.2790531680959284 1.34630579511999 0
0.9708654687702973 0.1046674736768625 0
-7.790157474629802 -5.139824209450133 0
-3.975835413028891 -7.674027554482338 0
-0.3844883947554008 1.028592648858684 0
-6.748637526640058 -3.949771231994042 0
6.246353762020671 2.860489619042759 0
-8.316580916014397 -3.832931281252803 0
-7.516828235100125 -2.712328617169365 0
4.710828577376162 -8.380556069968007 0
6.103116024907696 -1.000134193833554 0
0.1296352056402019 1.067447688189236 0
0.2697765769257424 1.07285315898571 0
0.5417955239194867 0.1608689379008905 0
0.4993140438456892 0.1645381133602166 0
0.5761800531374137 0.1561472743512256 0
-8.899281929030529 -2.559160734831148 0
-8.080534981748389 -1.462946771834399 0
-7.412368266004001 10.0750048348205 0
-8.089145041059307 8.725348095844467 0
0.2022332611707459 0.9512513810919635 0
0.3305294917725007 0.9545589002068413 0
-9.467523661789949 -1.262860349569114 0
0.2711718636357587 0.8514769016164144 0
0.3793141309339786 0.1736960364021115 0
0.3439770837966599 0.1741108047836053 0
0.3898191094659754 0.8527405556702554 0
0.4039035686456866 0.171668343119555 0
0.4473554243199894 0.9531308757083616 0
0.5055704921468737 0.8505033025372066 0
0.5647127123204936 0.949276089845936 0
0.9321793154081998 -5.23029842552508 0
0.3380895436091312 0.7483997010293215 0
0.2320446295870539 0.7532532673532174 0
6.921822039542747 7.809049520932172 0
8.148996659229589 7.823128960770658 0
7.488632442132575 8.990258653541931 0
8.980124481401928 8.994166936904719 0
-8.641157545429172 -6.288057071305194 0
-8.012909215616286 -7.665117804959572 0
-3.191022042248531 -4.81114546391634 0
0.2794350459092866 0.6735748463736078 0
0.2440058970646986 0.1756844182839893 0
0.1970080796389617 0.6712337440681698 0
-0.01178886650687151 0.1292923295313878 0
-0.03505440354845614 0.1167017677444348 0
0.268602306865714 0.1757352655440871 0
0.2192850384910343 0.1753836913944178 0
0.2447775499513054 0.6052577566574123 0
0.3162610673380881 0.6048356004632036 0
0.1687316346922396 0.5891343922105662 0
4.016591766058129 -9.466424300263938 0
5.356454671328407 -9.539987500762754 0
4.446242113552882 -3.725030823649732 0
-8.954528548357924 10.00648174419852 0
-9.653112400369933 8.575588791555402 0
0.2869845443489767 0.545571816035584 0
0.3512875521446471 0.5455165120012035 0
-9.558786200583976 -7.537292942510651 0
1.00352439403054 0.0987033427018176 0
0.3239015653638028 0.4925059324582932 0
0.380325974725698 0.4921996841163248 0
-8.869988841835482 -8.965414433499735 0
-0.08580658618543854 0.07266097649696696 0
-10.33847637496776 -2.423635517488316 0
-10.92662163431112 -1.045957609446283 0
0.3542623893702725 0.4450195873879033 0
0.405999708503969 0.4441580612286408 0
0.3023397926314609 0.4432295695163929 0
0.4346309375351954 0.4905277192026676 0
0.457940465359023 0.4347207808236453 0
0.4885070557953561 0.4875409007383263 0
0.5142159298100989 0.4329419310523369 0
0.5420785955609316 0.4853170283021398 0
0.5672662085215253 0.4387382643707904 0
0.596033395568629 0.485014001993169 0
0.6227649439313163 0.4297944364327974 0
0.6511123781581398 0.4823313672110549 0
0.6771187242727661 0.4344624779942535 0
0.7069906447142442 0.4828486568732926 0
0.7324258140691048 0.43390483876196 0
0.7641097578652436 0.482041083986967 0
0.7890617994308351 0.4224470267128243 0
0.8229968287102601 0.4801226431580343 0
-10.54914038130983 -8.862179142353611 0
8.186756183983281 10.29392282055398 0
1.627136077980083 14.06958592460759 0
9.704779082761195 10.31325195016659 0
10.55304201375075 8.868683155066782 0
-7.202073463471656 7.554946277637342 0
4.607839217958778 -10.72538553949829 0
6.055087155122775 -10.8094456799342 0
0.4861120962837598 0.3968217129759413 0
0.331394627261369 0.3955894100509537 0
0.2857214879858599 0.397989649058997 0
-10.57597921254666 9.929750557824317 0
0.5860898769038346 0.3933253062526488 0
0.7022722053509198 0.3894496281898011 0
-11.31846055988377 8.384429047082175 0
-6.646603513217824 -1.486278791675133 0
-11.85965679613813 -2.298158208154648 0
0.03478346070613354 1.492117295228908 0
-9.794322385506655 -10.40966806149502 0
0.3049991046835086 0.3620258910946456 0
0.2680605029850066 0.3610812873553778 0
0.002735223537855079 3.355139530653871 0
0.2169572857054983 2.99463294607849 0
11.26178075938159 10.35820590700715 0
-12.46208235758041 -0.8366951971657526 0
-1.679267334716708 2.216349815605508 0
-1.850045974667749 1.864140835903289 0
-2.105793472596668 2.229412277827 0
-2.306849143538254 1.786577735600229 0
-2.613169560628577 2.190064108884521 0
-7.353744763537975 -0.3892856110745698 0
-2.811994064810345 1.687522214008823 0
-2.506839221301995 1.30717604128235 0
-3.282236011359618 2.100063416662494 0
0.1202916222064454 0.6614918226069798 0
0.08928503930083079 0.5905133237025323 0
5.242255294548405 -12.04614584618979 0
3.857375466109435 -12.10781835653485 0
6.780604757461733 -12.14415145579005 0
7.60298478581461 -10.82889926010732 0
8.380876390428726 -12.16740968658139 0
9.249354497160109 -10.7839657410559 0
10.07716956272356 -12.24840720876216 0
10.99525018757327 -10.73613636069216 0
0.2878200958712928 0.3268081766562953 0
0.3205889688563937 0.3299890383034679 0
0.2539868327537929 0.3289284136345743 0
0.1465062280793665 0.1715465167863484 0
0.2340718674745204 0.3574109225999181 0
0.2199636919969282 0.3215636952316811 0
0.2001619082979697 0.3524191880196661 0
0.1867390283881048 0.3216029907729073 0
0.1666365711885671 0.3490571400236407 0
0.1529227025035582 0.3138587885981396 0
0.1330175655371331 0.3446742350475814 0
0.1193499839655352 0.3138434923674802 0
0.09941776611586628 0.3412086101777291 0
0.08537031420679997 0.3053056771885712 0
0.06470871318119953 0.3373286299621044 0
0.06539963593779408 0.1586712129712036 0
0.05082141101946329 0.3055209286798306 0
0.02916895800938227 0.3345300269589163 0
12.1487757466346 8.797139271482484 0
-11.59015271685948 -10.2923119268477 0
8.86565059970828 11.54737951557645 0
-2.477124932640793 4.699245995742602 0
-9.813705790858741 11.44666724331553 0
-12.29111315607052 9.843686554041199 0
0.7363705438290002 0.5352296324040113 0
0.4189312583939242 3.34834835021618 0
0.6383853162079982 2.986788812282144 0
-3.020942913577116 1.164736104319211 0
-2.60281945635642 0.7351436740573127 0
-13.46989167481873 -2.133027540916826 0
-10.73984480772343 -11.98939735063043 0
-8.88270647330447 -12.10044562257812 0
0.04245525599664227 0.6538493810312711 0
0.3090750701083483 0.3026068007387456 0
0.3369073953899773 0.3038019348447644 0
11.85951140094543 -12.36928978643854 0
3.677606600014446 7.601598019900401 0
0.2399976645127387 0.2999993632411675 0
0.009827227786023431 0.5819558198215738 0
-13.0767820470051 8.208780251519684 0
12.96345391731551 10.39927723597087 0
0.1770220094862904 0.2940288690107631 0
5.922674802410965 -13.48829901354197 0
0.3239127421429808 0.2759180909507232 0
0.3506163046922364 0.2801082441937549 0
-0.5010123512276787 1.939752167679959 0
-0.03609923374174758 0.6449676773014081 0
-0.06475254938100636 0.5753200941986065 0
0.1069216161139944 0.2816567358282135 0
12.75862761676159 -10.78548829838255 0
11.90971339706035 -9.171902388163515 0
-14.10638009874534 9.755257880610387 0
0.8501959689769026 3.361145986098478 0
1.0662848498298 2.986038998116649 0
-3.255555925488825 0.6197810160923197 0
-2.866027228861333 0.1561934615222813 0
-2.290354314983634 0.2299371473319405 0
-2.488020491802139 -0.275477581921706 0
-1.918831560628848 -0.1508190793989926 0
-2.131115533756209 -0.6664979859720666 0
-1.663213669810333 -0.5657569616841523 0
0.09557257980491286 -0.1277555334401224 0
-1.810533380626112 -1.009460596314042 0
-1.336938184945061 -0.8838871350420279 0
-1.524577218922095 -1.339729100634665 0
-1.045755844383925 -1.237794882227027 0
-1.256354650880871 -1.679138308975691 0
-0.7961002106877096 -1.600479183348497 0
-0.9465305701923966 -2.011788025614197 0
-0.5140861697926755 -1.925491752356308 0
-2.248988650536341 -1.148259170296696 0
-0.3859326134023971 -1.474620149628585 0
0.950797541028817 -0.1040185169562601 0
0.8895030150420382 -0.1125056716447265 0
-0.112450316081275 -1.819309741430427 0
0.01279536945447738 -1.419040790528941 0
0.70631901666018 -0.1292634865771632 0
0.2545117917297746 -1.730204691776757 0
0.3804397367470462 -1.392250734123773 0
0.6064797793210515 -1.658696058545517 0
0.7175696380869624 -1.30324398202171 0
0.9412224829545514 -1.575283417802342 0
1.04498539837362 -1.285756225991761 0
1.266048622443636 -1.509663709244409 0
1.346602429359178 -1.15655717776558 0
1.58562884186449 -1.429044217825391 0
1.675054523697564 -1.060030625105164 0
1.493219726879346 -1.764148649068537 0
0.4999579171769766 -2.00038288207932 0
1.907425079376269 -1.354741897632093 0
2.010043702934678 -1.020041101711944 0
2.24348809660403 -1.289708555032134 0
2.342796781621831 -0.9551379971306558 0
2.10863056057061 -0.6998228991621132 0
2.432868219931845 -0.6228378135089947 0
2.150402216553238 -0.3562209761905741 0
2.5230204198755 -0.28392197777141 0
2.279220822567172 -0.03707546227578268 0
2.629600596446684 0.0585284518937422 0
2.372917624843232 0.3208060285457735 0
2.739491785469936 0.4271453117203846 0
2.463788163145902 0.7089569201659819 0
2.856086443926807 0.831010971408775 0
2.624856683781212 -0.8578188297545917 0
3.011978544480595 0.1866842683772377 0
2.552830200315017 1.143213847122428 0
2.997523701542164 1.258773087171704 0
-1.490344022739676 -0.1948918768412427 0
-0.6209209321549575 -2.36022038742438 0
-0.1837321319943374 -1.244011598591437 0
-0.06407920821871149 -0.08806952045781069 0
-0.01823423942288847 -0.109860133140573 0
0.03406119698171638 -0.1194952493892249 0
2.136941223378042 0.9946793381910503 0
2.658403064088515 1.598781154910308 0
3.138463814461877 1.729881759989424 0
3.490847297555048 1.357431074181092 0
0.4744516342983556 -1.10170693557148 0
0.3244609242705769 -0.1462052529426247 0
0.5001687768535008 -0.1418901940863391 0
1.467703038940894 -0.89741713698877 0
1.032467340167245 -0.0979693778951074 0
0.9874893574096619 -0.09998164624795676 0
1.003369570503591 -0.09609696139498819 0
0.9721320084977728 -0.1010270510010605 0
2.770057832522507 2.101851378075664 0
3.295193284775277 2.240335694982528 0
-12.66681175234015 -11.83207548105785 0
-14.16584248168297 -0.7023167411736041 0
-0.1166971023406882 0.6365455005303208 0
-0.1502896255849555 0.5603998488002124 0
-11.52105527545143 0.6389748359843035 0
13.86024854454508 8.807172288998384 0
-13.41272116313248 -10.11181481024233 0
-0.5616180636704127 1.003625124755307 0
-0.2065568247807423 0.6299541562610156 0
-0.2524730203953713 0.5258206783653984 0
-11.77999985929523 -13.63592273828167 0
0.3646885010803209 0.3042008252783778 0
0.376681502952503 0.2793114899226015 0
13.67799963829022 -9.203270716353824 0
12.82196329729491 -7.652509641194891 0
0.3645933097744019 0.2591215050173544 0
0.387739433290784 0.2578045045891918 0
0.4006102660574768 0.2773703949341664 0
0.4102829279005809 0.255871555838355 0
0.4241527006942254 0.2743822177585569 0
0.4338740454918254 0.2529769913052427 0
0.4474022864471434 0.2720339145616762 0
0.4575287984380399 0.2512120367034554 0
0.4734124150257693 0.1666360174420909 0
0.4706921130619533 0.2700566805817027 0
0.4799998876579431 0.2491912604496762 0
0.4937648934803742 0.267911376349376 0
0.5021479089420168 0.247837957452952 0
0.5169399028086914 0.2653221934068967 0
0.526051362113434 0.2438348866362911 0
0.5400216453003767 0.2632709244291505 0
0.5509774988991841 0.2396436161716781 0
0.5634636895616572 0.2607671983979548 0
0.5744381179631945 0.2397510268909163 0
0.5865810112208432 0.2588017047103077 0
0.5969730471844246 0.2349513460180671 0
0.6013062130961215 0.1560169628231131 0
0.6097771083117443 0.2557918745188248 0
0.6193385214262288 0.2352883191884605 0
0.6328996096540543 0.2541131455074897 0
0.6421977731789055 0.233571492713527 0
0.6561224143859463 0.2524009478144997 0
0.6648480371741129 0.2276866872260377 0
0.6793165966751937 0.2496842334465716 0
0.6528569635940593 0.1495359731175943 0
0.6893699821368542 0.2269777673887259 0
0.7028651004664717 0.247651440680023 0
0.7131464902710938 0.2264697167891511 0
0.7264194629294125 0.2455916153650633 0
0.7022414250831939 0.1433142462711987 0
0.7366595117099837 0.2220368472078922 0
0.7500621793505122 0.2433350675356302 0
0.7604444985139487 0.2218991146743536 0
0.773785840515407 0.2414705695687124 0
0.78403697886528 0.2171375849773759 0
0.797487954162891 0.2386605088509179 0
0.8073443443462378 0.2173347436375422 0
0.821247984975453 0.2371109411794794 0
0.8308999149312469 0.2156086255976499 0
0.8451255751010679 0.2346840925704289 0
0.8552570008479063 0.2116765647073158 0
0.8693067912258545 0.2303735212982616 0
0.8803589697005181 0.2099572019998349 0
0.8957773111170256 0.2310264680649538 0
0.9058321069016001 0.2036723069022835 0
0.9230123603994709 0.2291389380390734 0
0.9299152554576847 0.1106893289518595 0
0.9083629441617067 0.2588434337219236 0
0.9425227946837086 0.254346705333522 0
0.933248986040098 0.2039686053632943 0
0.837205102140822 0.2610286971230036 0
0.01837276298469763 0.1438413881300316 0
0.003051497713501839 0.1376635756767983 0
0.01418135256522654 0.3007577543831355 0
-0.008154462540482944 0.3316296875856402 0
-0.02422911007940211 0.2951032354552299 0
0.03632052152886055 0.2749783181557938 0
-0.04934654655095978 0.328419495598381 0
-0.06463294191393755 0.2895006074722232 0
-1.47935883542841 -2.149540110615597 0
-15.21667250112795 -1.992838301276188 0
0.764274681354479 0.264267125089365 0
14.82455523308447 10.35848864707814 0
13.84829437735476 12.04071395747452 0
0.04955104672264414 0.1543547803669316 0
0.8424448395146923 2.614379443495119 0
2.038843228030398 0.2268016149322072 0
0.08951856699363347 0.1637383994826247 0
13.69091484114369 -12.24366467663914 0
-0.03523661157989503 0.256213018510816 0
-0.07803529071241078 0.2513203710243915 0
-0.1076611860428775 0.2840255051478202 0
-0.1205473655360729 0.2359812415970367 0
-0.1552858334439582 0.2756468633437473 0
-0.1717291536715023 0.2226233086988816 0
-0.2120493650491579 0.2690749794127313 0
-0.1077371603475989 -0.0206367907942701 0
-0.2305719152428007 0.2100869328571672 0
-0.2791168726633116 0.2610178338133435 0
-0.3052054921847802 0.1881746909556576 0
0.1220446553898935 0.1687486419396518 0
0.1708224371310109 0.173206108642443 0
14.63144933769376 -7.666011045631656 0
13.79400709682074 -6.079210081874432 0
15.56466610757609 -6.108319810079033 0
14.76512420056494 -4.529163260206033 0
-0.09591937250173856 0.7142732651196273 0
9.97364097479948 -0.2196266212418524 0
10.65473050618366 0.8263116076545545 0
0.1468835440622143 0.3803784216105049 0
1.312452771405775 3.372646140063216 0
0.9417946750147004 0.1078585595631973 0
0.8841012106761332 0.1179225387136681 0
0.8490492615422014 0.1233753860249656 0
0.8341739617247304 0.1243354612550907 0
6.7141904046918 10.1450456879818 0
0.910698490114955 0.1138053182708396 0
0.2031264997682395 0.1748541431934045 0
0.3188768737551604 0.1753957341537264 0
0.284649640071006 0.1766061522605891 0
0.8040282398882777 0.1307765112571335 0
0.429954739664809 0.1699138048673732 0
10.89804988706187 -13.82457447354004 0
0.7894366023141082 0.1329246862298584 0
-3.51007272408842 0.01915607338741116 0
-3.941592441112574 0.5564679932766521 0
0.3613108982542875 0.174026006159245 0
0.7583679774133094 0.1362076461444442 0
0.7422301488943073 0.1372986825297281 0
0.5595420991307984 0.1576133636293443 0
0.5165557812594903 0.1630654182721948 0
15.32680029841102 -9.418076343835832 0
-14.91422353945848 8.074897326829756 0
-10.32071881706957 7.056113071416712 0
0.3897446473388157 0.6053787950390426 0
2.891565652626014 2.64676371614576 0
3.463656636449261 2.795252257715778 0
12.9409604476064 7.277735134440777 0
14.69641105701453 7.242816869648178 0
0.8181714500131115 0.1966305211537153 0
-0.3642458668158586 4.227152169289129 0
0.5701941054280312 0.5353879153544733 0
-13.83197320825896 -13.46349854290806 0
0.8660906088139961 0.1908440151183078 0
-2.431115505781375 7.327663303072089 0
0.4149929233608151 0.2973285323608638 0
0.5304145874310404 0.2845993964343279 0
-13.24933619874412 11.42353160324719 0
0.04387758408130576 0.3628435846048062 0
0.7687209283307275 0.2034753125038629 0
-0.1035566885317815 8.266688734018821 0
0.3971852118632502 0.2372722980576778 0
0.7223371136165957 0.2066186770132167 0
13.7619318312622 5.733484930987242 0
15.5210266003298 5.67505502974708 0
-15.19906236156388 11.35094758701904 0
-14.25692498396318 13.15681365263498 0
0.9190171765277056 0.1835288499072327 0
0.9429193657302679 0.1815265589483165 0
0.9585793883652343 0.2003735817981909 0
0.9664217187239924 0.1756240769568518 0
0.9845962070958137 0.1973904068621256 0
0.6442238785822831 0.2729431077826537 0
0.6761750056441714 0.2111712197342867 0
14.57899950801909 4.239151236660872 0
-3.520248278566193 12.59950481251209 0
0.4677711229137869 0.2331951137335705 0
-0.05345743887974215 0.2187096193999608 0
-5.460976552747923 16.92036488985387 0
0.5369426761421643 0.2266995912664774 0
0.994176814713836 0.1702697418722023 0
1.015300064479637 0.1944590822873293 0
1.052068711913545 0.09247998326279633 0
-0.1300662892988962 0.335719114484033 0
0.6282419434411887 0.2132457290675852 0
-0.3061909169196455 0.6200017668834039 0
-0.3609728348497518 0.5187084735049661 0
-1.854253811476015 -7.738993752781862 0
0.6207526955610658 0.8466166271056134 0
0.6866772888362324 0.9521642976729031 0
0.7388461435122982 0.8392064633164988 0
0.8232285738787144 0.9500252455728938 0
0.749995331925196 1.086267534549405 0
0.9101090156261533 1.08647352574281 0
0.9972992515991727 0.9177948794054647 0
0.8116249484145925 1.263030600847544 0
1.021968382568645 1.256085405387829 0
0.9036093560113001 1.463746122646926 0
1.157486470164548 1.457036432849892 0
1.257927932509669 1.197435367163969 0
1.427831455239298 1.452709284960552 0
1.239281888799287 2.581047146163713 0
0.5816768291954781 0.2206001849204978 0
16.60390843874816 -4.571789338444656 0
15.69485268470433 -3.023487670909511 0
-13.84085550991665 6.526613018957863 0
-15.71909189699371 6.36251388854352 0
3.891042317440156 2.359452642847914 0
-15.95037242346378 -0.4139559654864549 0
16.36515081901467 4.08782046909547 0
0.4841710952476715 0.2923574573532184 0
1.064593748436387 3.789389487698379 0
0.5768650950179172 0.2811955329223603 0
-12.77805763180602 -3.650171498590176 0
0.6931805370535868 0.2704451556526577 0
0.2133135679123679 0.3859349592290097 0
11.9455759520723 -5.90918776550801 0
-0.4237245115198407 0.6150495010426059 0
-0.4806933817627882 0.4939064607804459 0
-0.5614368191423766 0.6075170135434573 0
-0.6282529780963821 0.4631514856154862 0
-0.7272034733925457 0.6012162154160432 0
-0.8014505691825538 0.4356230595480617 0
-0.9277107936211322 0.5924816936171015 0
4.0881003372059 2.977174383862959 0
-6.745863001387854 11.40170251899364 0
-0.1334028439064175 0.1886668281256086 0
15.83175893322674 12.00905568138633 0
14.83941864018976 13.72984366209361 0
-12.93227000662919 -15.31705035045949 0
-10.83663395460721 -15.4239037207879 0
7.528683531281607 -3.788172182332387 0
0.2002261021966171 17.00428963272688 0
0.9275257922466909 0.1646805858221299 0
0.9096650860097579 0.1655405802435106 0
-2.763249363482444 4.085456584445208 0
-3.184352584177429 4.667245338222084 0
-3.528265274755567 3.969874034648385 0
-3.988952312665798 4.643441629438347 0
-4.371295551490033 3.851383517209854 0
-4.860227424962766 4.609043429475269 0
-5.29256447933214 3.752700543621025 0
-4.424673449656925 5.483557164628976 0
-0.6808436238590558 0.2789201758018267 0
-15.07148213385135 -15.18705017818866 0
-15.97940327951756 -13.2255250747161 0
-1.462007238756915 2.869611130393571 0
2.135800229463468 -1.635446509758422 0
2.519242318291612 -1.560148074451551 0
2.375078070928892 -2.001156843295574 0
2.876995897814889 -1.860327197035029 0
2.715318683355279 -2.357745186447788 0
2.162113697523992 -2.479470791441915 0
2.546474087080258 -2.892628179465281 0
1.94823301941849 -2.999302889598861 0
2.368197249326315 -3.461242613399677 0
0.994575342774476 -0.09822565579600864 0
0.9811702187916407 0.1025411231072006 0
0.9886526158840981 0.1078048928201602 0
-1.042766409050442 -5.003746622411844 0
-17.07169924346015 -1.817026293334953 0
-16.29290151257164 -3.535497094359727 0
-0.03103369146730386 0.3690110688146465 0
11.26928284004377 -0.363172181455202 0
2.349184748498794 12.7380481968153 0
3.206733149486791 14.04261564589578 0
-1.590806483254569 1.603932495582464 0
1.563534012256095 3.795355928000285 0
8.278613839377979 -9.486234936654029 0
1.859830301683343 7.445732744436642 0
-4.221726109380674 -0.1122821622235911 0
-4.717384024992412 0.4912454596382115 0
16.50740502820898 7.206072892873809 0
-12.00037633909145 -17.23103183551258 0
-5.908916515999007 4.67939037276848 0
-6.304294807584224 3.679408032416205 0
-7.043345011805405 4.577569550709169 0
-7.407926772941896 3.276903236646423 0
1.029742167217325 1.682398934925385 0
0.7595029288053534 1.674108718096435 0
-18.25089183408272 -3.372189787462173 0
-17.40890253604003 -5.194704685033564 0
-0.9437507444207682 -0.8834670996767668 0
-0.02044175666634744 0.2248781895764403 0
-0.02976619630493194 0.1990585272298253 0
-0.004071457643484313 0.2039728885066138 0
-16.3553483913643 13.0483504191234 0
-15.39766592023661 14.94223587256448 0
-13.23245065473397 15.0268948530699 0
15.25969063526299 2.559938493503797 0
2.749021882978836 -9.300072570289984 0
1.011008674200423 0.09502326930645777 0
1.010416426510572 0.1045149937179942 0
1.022418347228357 0.1108695246363144 0
1.579496524288283 11.48980908355504 0
12.80684941755208 13.73795097801057 0
13.80628610788869 15.45186990872752 0
11.75820933267376 15.42577620174902 0
15.79437932120735 15.62638236296473 0
-14.6088402901741 4.833565860412198 0
-16.46507434770575 4.697472104219948 0
-7.390862227164608 -9.070440064421652 0
8.794718441029023 6.669681241701324 0
-16.87178138835989 7.892383597477862 0
-0.8651446060495445 0.2570731836535798 0
-0.7719686607415693 0.1322976549187438 0
0.9174849121228787 0.1497084643346452 0
0.9329536340169555 0.1482428320503288 0
0.9011986480809564 0.1507671127886746 0
17.43341548425338 -2.938227443406104 0
17.22747907781903 2.439848421501382 0
0.07943928392331989 0.7410684778315032 0
0.2987411025042478 0.2775878715137511 0
0.3081781737346748 0.2559850952274694 0
0.2881158919681587 0.2565737830147078 0
0.2980482956374627 0.2388192563852916 0
0.2793042476000249 0.2381221329781013 0
0.2898398270331528 0.2224023711435216 0
0.3067163967339079 0.222963508357148 0
0.2731658881756044 0.2194790881135247 0
0.2618574640689 0.2358521300948788 0
0.2554565887168335 0.2200998271952722 0
0.2449390741076073 0.2338628628808151 0
0.2388384818320347 0.2163960756158816 0
0.2283678391143201 0.2317201533366648 0
0.2219720096261653 0.2166495898694746 0
0.211736937028763 0.2300264353307695 0
0.2057907632881222 0.2129887223717523 0
0.1955872438091659 0.2279533589318664 0
0.1893368403561629 0.2132335678415927 0
0.179352921963493 0.2263030747812816 0
0.1735197801012519 0.2095294639561833 0
0.1633599338588746 0.224357669297764 0
0.1571502399588665 0.209728975654588 0
0.1471854343300243 0.2227457938039968 0
0.1413193713478905 0.2062764470844642 0
0.1311267817359512 0.2209681567315545 0
0.1245414255485221 0.2040385314972814 0
0.1149864340490199 0.2190340329786369 0
0.1084869260026218 0.2043459607402615 0
0.09871342076293885 0.2175421674747262 0
0.09185087499368529 0.2004388959866043 0
0.0820592495231806 0.2158205987673201 0
0.07511009308838099 0.2004300485171392 0
0.06527799467208197 0.2141980064279501 0
0.05881810617559131 0.1987303959478651 0
0.04655414365442698 0.212091773530293 0
0.2211221220289009 0.250582048634396 0
-3.742534483332031 -0.6875902458385454 0
0.5056648933861475 1.040551720426837 0
-9.84611337088128 -17.33289020396904 0
0.001496304873282843 2.603841434285457 0
3.244212816507952 -2.250400664373842 0
3.39863471023368 -1.691258374884532 0
0.153617107078877 0.2379322371325874 0
3.808513991804647 -2.116367217928492 0
3.969702145035978 -1.510770805985568 0
12.73626316506009 17.22741081879086 0
10.68190308988848 17.16473368611302 0
18.28988411593625 4.073145477838712 0
3.027895896513206 3.219987108422396 0
-0.01322715949312241 0.1794531769561337 0
-0.03543436866880177 0.1759268263642699 0
0.007541177521431163 0.1856231449745318 0
1.867192056561307 -0.488231727218792 0
1.29743585210703 4.26261472650089 0
1.751330719868328 -3.569020515299189 0
0.1213841733099628 0.5289504417813075 0
17.41839235663097 -6.157953849309031 0
-0.2587807961326979 0.7176217859733633 0
12.83383057210706 4.345705765388422 0
3.022645441993862 11.43844974878636 0
1.338949985049837 -3.085479398410533 0
1.156685053703981 -3.69223747836364 0
0.728015334556946 -3.158174574294733 0
0.5246852746007616 -3.796603473429681 0
0.06888588881407837 0.2330941716766935 0
2.2353738450239 1.983570786362555 0
0.2997052371167614 0.2089767256031357 0
0.3150727908669454 0.2091918663267254 0
0.3228519196618866 0.2224462365765927 0
0.3304340156055078 0.2087726871159601 0
0.3384094932990812 0.2213618185703765 0
0.3458303283004993 0.2080589230260622 0
-14.39213359408491 16.87898311432009 0
-12.09531208416525 16.89347490341175 0
-16.66553199353792 16.67008550172651 0
0.9734946248602299 0.1533080040230888 0
0.2301449210269455 0.2038294335837202 0
1.008822351260851 0.1172481607594723 0
1.022096620498836 0.1279812164355902 0
-17.81086678967065 -0.02309910481833111 0
0.3527582942710524 0.2215993614027796 0
0.3609708549060672 0.2072774557992002 0
2.170327213906479 -4.105366745448053 0
0.2639624433782192 0.2069165157038576 0
-4.525558325546904 -0.8466847073568293 0
-3.977436961466397 -1.492101820598439 0
-0.3632787914012188 0.2483799014531345 0
-0.3967782886548965 0.163237937243177 0
-0.3257083863771849 0.09287289346085112 0
-0.4264773725553941 0.06563787177629352 0
-0.350480408704253 -0.009217592404243566 0
-0.4613017435297857 -0.03968355904939658 0
-0.3801188711298804 -0.1207247073877149 0
-0.5019070956470432 -0.1571079551850645 0
-0.4037868038858728 -0.2540736746559312 0
-0.5512119515129046 -0.3005012408798605 0
-0.4353082327359992 -0.4099046275673808 0
-0.2873992750206297 -0.3540989043467602 0
0.1649807109419091 -0.1369159885011021 0
0.1948426477652696 -0.1390942539554883 0
0.1343603855173863 -0.1338998333965699 0
-0.3164173061242173 -0.5181745814623689 0
-0.1774052043598043 -0.4603014687105899 0
-0.1667088394720548 -0.3381797423735938 0
-0.06430806712252234 -0.401736089252286 0
-0.073087678641531 -0.5438959953236862 0
0.05382214978994375 -0.4742586658053389 0
0.04209682216643107 -0.6241958669488453 0
0.1608819098295884 -0.5625336177999427 0
0.1714672704731878 -0.4375700064238834 0
0.2583880504044083 -0.4889721452343085 0
0.2894587666635953 -0.393657682102689 0
0.3626516350925276 -0.4396346789244275 0
0.3475968327261166 -0.3606337811645481 0
0.4456699248884862 -0.4096817570633899 0
0.6489707982346156 -0.1335166033419956 0
0.6253554275986963 -0.134950140009895 0
0.6745261386452004 -0.1316806744680111 0
0.3655343359051635 -0.1449387070982755 0
0.4392539851246787 -0.5034328310277312 0
0.5180839057298243 -0.4540950914953248 0
0.5097016550796023 -0.3595090465413626 0
0.5867673054123275 -0.404110564225321 0
0.7603525694690766 -0.1245715338046705 0
0.7377651292687716 -0.1263729676427588 0
0.783759107043932 -0.1225963752946554 0
0.4493135073746255 -0.1442837851485431 0
0.5428193335341442 -0.1408023674742413 0
0.5989038404071532 -0.4963594568666532 0
0.6755170521675113 -0.4250922193673581 0
0.6913496720691787 -0.5361266509707825 0
0.7676644480291436 -0.4695982205449235 0
0.7584040400882723 -0.3770646986479206 0
0.8381868554813472 -0.4063314978896414 0
0.8614518535633897 -0.5052398705094038 0
0.9269951383331945 -0.4346725416270292 0
0.8157856682339715 -0.3262454454800225 0
0.722503987505882 -0.1284135188710569 0
0.4339743236686833 -0.1463831064786121 0
0.3485054043742746 -0.1450284032280533 0
0.4667311111877162 -0.1431522221582528 0
0.5589606627607945 -0.1389621453488522 0
0.3822639949838946 -0.1451206541402751 0
0.5252964406029146 -0.1409545177262062 0
0.7462876023181874 -0.3011501927795938 0
0.5820969001131981 -0.3200830099753693 0
0.9626928907836829 -0.5382526074629302 0
1.038712309690004 -0.4589433153985856 0
0.6093717654487275 -0.1369317995850602 0
0.6101185443943675 -0.6061261157669678 0
0.2920101245090461 -0.6323310123545083 0
0.877479885838935 -0.6152007218970855 0
0.1833339727425158 -0.3494038520604649 0
0.2820478175329194 -0.1426471744284542 0
0.2657928177051425 -0.1421273267655329 0
0.2992573136254624 -0.1454610931124925 0
0.5255370834140811 -0.2916489075893358 0
0.8035890009934438 -0.268163636238415 0
0.8561626388850756 -0.1152942544290831 0
0.8352386997411698 -0.1165423945729081 0
0.8574296451748771 -0.2805413339879926 0
0.8698577244272846 -0.1135575894595009 0
0.7568700329384259 -0.2458116519671985 0
0.5686937235461902 -0.2634441316679868 0
0.8451093377680369 -0.2262674947658174 0
0.9219682663874942 -0.1086671138422979 0
0.8916433313188856 -0.2352204769824048 0
0.9934828571618404 -0.106374227424161 0
0.9081997828961631 -0.110293150406015 0
0.9344337757481674 -0.1074968664489774 0
0.5268921365458537 -0.240328197550543 0
0.4874852945138939 -0.2605993073343144 0
0.8774468623268851 -0.2047774656137304 0
0.9230995582442703 -0.2097882233173102 0
0.9335741142759186 -0.2504015243846691 0
0.9598859224122491 -0.2205428934211633 0
0.8355311275732757 -0.1914240358253012 0
-0.02147092404185834 -0.3134956280473703 0
0.5671812461287844 -0.2216507749205269 0
0.6011500424287526 -0.2361774489662348 0
0.4921188235375173 -0.2202424956671818 0
0.4571802545474886 -0.2361020838902673 0
1.029876372549543 -0.6522521159754672 0
0.9112154164216055 -0.1757907375387301 0
-0.09399001048075489 -0.2352629773476682 0
0.9788485597551921 -0.2611003632171641 0
1.005540132559898 -0.2209382621737373 0
0.5946518367398365 -0.2019710120142621 0
0.6282195578969745 -0.209246578477516 0
0.635997391473332 -0.2482306751923163 0
-0.08608205191153942 -0.6937944898194577 0
0.03363196020433567 -0.7842123398786409 0
1.030606320863026 -0.2740712508884228 0
1.070339996459407 -0.2226657630451735 0
1.072131287499011 -0.07531231473060448 0
1.096207887817619 -0.2990709889966621 0
1.139275016705563 -0.2408206358152023 0
1.168311608881708 -0.3055978165306288 0
1.224176042983437 -0.2478793447582028 0
1.097714222333225 -0.03962962246638053 0
1.249861169987094 -0.3410049818103807 0
1.327558662379408 -0.2600699005469269 0
1.103294990463929 0.01934749755668475 0
1.103405668212063 -0.009688274034359004 0
1.272421383002494 -0.1605621133433632 0
1.398442040534275 -0.1727999632697047 0
1.342674154335645 -0.05636640094317859 0
1.084532858990685 0.06033896438462588 0
1.484693513378823 -0.0782291999398491 0
1.423928710256563 0.03641638185415151 0
1.374985847250257 -0.3717024072690789 0
1.319636837746136 0.04014082464140583 0
1.359166753702022 0.1378509743444232 0
1.24909202686201 0.1845109344917218 0
1.323624153403722 0.2682013137838843 0
1.467927286364711 0.2510154426311206 0
1.407956751441576 0.3939131438218249 0
1.222299278988682 0.3772483147266757 0
1.321169860819759 0.5333489329752752 0
1.16121256004007 0.5240797688055661 0
1.580042854004971 0.0402102178322948 0
1.509727867678001 0.5411280556779092 0
1.274279601964557 -0.4675873457018938 0
0.4624353040613367 -0.2034190663513366 0
0.4305021997371208 -0.211463718301375 0
0.8995679294435236 -0.7601235051987635 0
-0.2685740777409914 -0.08760985683255629 0
0.4237506217850202 -0.2474527273295668 0
0.3997533994928618 -0.2243763934423724 0
0.4860010939601018 -0.1897646930895018 0
0.9928469453468106 -0.1798908160355948 0
-11.19306628449998 -7.347540427504889 0
-4.370387673664639 1.22976318000562 0
-5.24084384969903 1.185714377515026 0
-2.956194101752146 5.314342720845121 0
0.9252890636186556 0.1365867598928152 0
0.9382854962663963 0.1346838729124911 0
1.110796169931794 -0.1720242389861098 0
0.4071414626360772 -0.1928019576105323 0
0.3799815397342539 -0.1999028584905024 0
0.3689919142602685 -0.2322686955445614 0
0.3474072761619616 -0.2061978337831017 0
0.3374520911515273 -0.2395259896552263 0
0.3149819446456179 -0.2127063374075436 0
0.3047231558990785 -0.2472374657236732 0
0.2832403034733795 -0.2208724459322383 0
0.5567517455130103 0.7555267688886202 0
0.6614521369286621 -0.2225873607511987 0
0.6558513913916013 -0.1921694779106722 0
0.682709316373425 -0.1990322124471769 0
-0.4796265089195895 -0.5800335621294617 0
0.5656856953630894 -0.1871721333240092 0
-2.338438437945992 2.6671596364386 0
12.00321493789997 0.8346849640394002 0
0.1884783142117315 0.2465927479791402 0
-0.23883014757095 0.3279342817715926 0
12.70208058069976 -0.4169060872689854 0
11.89317371735364 -1.675414923001171 0
4.552371584662462 2.480763257925066 0
-11.0143047119958 -19.20832017244719 0
1.424907556126756 -0.509421930524403 0
4.757898611014462 3.157669716075981 0
-8.295205454578031 4.475907112300104 0
-8.877690993940696 3.289480396978753 0
0.1238224797382586 0.2392867593016709 0
2.289555285192436 10.26644484923537 0
-17.28378064826357 -15.01273307749022 0
-18.22475999663976 -12.9545440847616 0
-16.3573195812929 -17.04498000527775 0
-0.09943995137594058 -0.04216478692703099 0
-0.121371435673291 -0.03487416318759195 0
-0.1326671897490734 -0.01320500482027676 0
-0.1189007188736034 -0.06020093921111154 0
4.248082769208379 3.694771191061589 0
1.415877173688224 0.6924410619130434 0
-0.01167565866558736 0.5189223146173634 0
1.071058885459802 -0.8207097876976636 0
-12.76697489308861 5.018402293019606 0
9.71755868161695 15.39246632704948 0
8.644559454470034 17.08537711237341 0
7.755462168806122 15.33205667783972 0
6.671925249697486 16.99514754135866 0
7.594340808745072 18.81660835002753 0
5.504783623292554 18.74412611824707 0
3.701238596264432 10.20707635367617 0
0.2908453386543978 -0.1922590918500132 0
0.2638230236131706 -0.1968834161561933 0
0.251907463129058 -0.2254707020457453 0
0.2352720007546661 -0.2029004581775532 0
0.2185250563564111 -0.1410938657176122 0
0.2205653320422454 -0.2283957507077165 0
0.2047627182053017 -0.1995241599510824 0
0.1884550506868981 -0.2299619529463111 0
0.1706078198320928 -0.2053758667423616 0
0.1545630417246961 -0.2337860037772402 0
0.1359467758224117 -0.2033262751837979 0
0.0638112311369286 -0.1241753384558593 0
0.07663565540252121 -0.1249287102827563 0
0.05207180314919532 -0.1220513810154531 0
0.1176953412840099 -0.2385601922631439 0
0.09822391106427232 -0.2069464586347673 0
1.081392592466719 0.4217829533691989 0
0.2515718620022413 0.2503907878882035 0
0.07184113032370022 0.944967905634968 0
1.015117504124618 0.522127484864969 0
-6.551563038889146 18.91008777631176 0
-7.448613221608797 16.86271945842159 0
0.1972896713577343 0.2007295272739459 0
0.1132178286155725 -0.1766244443692898 0
0.1157164815292587 -0.1323892276617425 0
0.0824547929568852 -0.1768597014255263 0
0.06283997525456106 -0.2057975519682997 0
0.05118937220280437 -0.1759707853507179 0
0.03223845799098718 -0.1935041653718876 0
0.005986886952199174 -0.169539789184745 0
0.006323075033958566 -0.1160754061447351 0
0.67610844840364 -0.1707570351243782 0
0.6993202568116278 -0.1785568875989549 0
4.421206939632388 -1.974968425572922 0
4.577685322497834 -1.342018761325349 0
4.113587612078677 -0.8911583398454677 0
4.724743961834013 -0.7074378724847457 0
4.251690313977565 -0.2772886172911949 0
4.869894298242812 -0.07368222686328457 0
4.38377029432883 0.3490133010363755 0
5.014024186774086 0.575965777158972 0
1.868545171499827 4.278455265732439 0
-0.1475067163795967 -0.03739146793616183 0
-0.1660852656802357 -0.006252848967369569 0
-0.1575142393572124 -0.07356275650702279 0
-0.1181503399920144 -0.1007580847814522 0
-0.1688862014091356 -0.1215945551645348 0
2.831885855515768 -3.940827258804749 0
-0.9771875565545383 0.04153833023600858 0
-1.131007895674233 0.289026550259272 0
0.1340305835695743 0.1963044228941886 0
0.00820315626318005 0.2250435532335183 0
-8.70487415708288 -15.57261297284531 0
-7.722527177806876 -17.36768042110222 0
-6.586940957900315 -15.62067112544631 0
-5.648359600161666 -17.42219378863453 0
-4.521391573511984 -15.76817520316763 0
-3.617906543008812 -17.53553458520567 0
-2.577797950062221 -15.8291536388831 0
-3.439089206466093 -14.15131211074289 0
-1.617533544213204 -14.21013824557483 0
-0.7374659087453966 -15.80340343123137 0
-2.441466791245716 -12.6359696260895 0
-4.191342724633557 -12.55994144677173 0
-0.7321485785305739 -12.70049742716783 0
-1.4935918487213 -11.25951876170144 0
0.09051128459915599 -11.32289081852477 0
-13.54682807194973 3.35704168913553 0
0.06879916568112643 0.1864816522592916 0
0.05498813275439902 0.1837753647814574 0
1.778597774074687 3.360663422105435 0
0.8865447117421553 1.910578480994934 0
0.6072223076069755 1.882723844695712 0
1.168625396535368 1.940738351541092 0
-0.023029597354968 0.1612379640129958 0
-0.04045818352108613 0.1531646884396714 0
-0.05542328531650878 0.1698526449239544 0
-0.06063589916110402 0.1486605384262555 0
1.536947071356129 -0.219223083536371 0
-8.21720087979736 2.10973721434374 0
-4.326979469656219 7.963477983218841 0
-11.09395298136461 15.00711565900542 0
-8.789481126560837 18.76806106250096 0
-6.378801851292046 15.16882047485642 0
0.7403881796992957 4.239175997415725 0
-0.8102837100094467 0.784700473127928 0
-1.063487682072167 0.7843426214128224 0
0.8912132713285452 0.1674532358189048 0
0.8858163642326785 0.1514098567635168 0
0.8917195848736685 0.1393024908641536 0
0.8792273056334543 0.13982320742694 0
0.8725266334325715 0.1502093869614208 0
0.3619309802116404 -0.1825960745692937 0
1.03857570959772 0.1188196082846363 0
1.038993167576538 0.1399766509692122 0
1.061538806906205 0.1277364874135078 0
-16.61150717980969 -10.91617453005145 0
0.1651722419987988 0.1972937743487595 0
6.098650741132122 -8.2299677960061 0
0.8654872886876613 -12.61976685331564 0
16.24907603115038 0.8449685910842779 0
17.8239916136664 0.490834102773587 0
0.2385551915781203 -0.2555870760760632 0
-4.843673024591502 -1.656254319600021 0
-4.230805610210696 -2.339516026580868 0
-3.37207170453147 -2.088046938198755 0
0.9343433082837176 10.26570326705339 0
-15.43871336933211 -5.326740785607339 0
-9.771769205367885 4.529838148418015 0
0.6508864087838965 -0.1673607895058316 0
1.627804646491581 0.7142184735466701 0
0.1080619458941906 -3.257612044302242 0
0.04421552518973074 -0.243365868838717 0
0.588904562046928 -0.1722154550136446 0
0.1829810911153595 -0.1792777160988682 0
0.2084272229571383 -0.1738324592860128 0
-10.35158884229434 3.101025312085233 0
-19.09635092706616 -10.75349977924712 0
4.428460405350916 11.29657660349982 0
0.6952397715452646 -0.1588025176505414 0
0.7133043241696819 -0.1636003858550809 0
0.7214715011273347 -0.1831739386420419 0
0.7355782453905387 -0.1657454514233121 0
0.6896052062594813 -0.1316700961354969 0
0.7438358012555168 -0.187296120744472 0
0.756843023904169 -0.1673715334792891 0
0.7671291805036407 -0.1911420211683213 0
0.7810893277786121 -0.1715948468123363 0
0.7936495483113197 -0.1972528504557177 0
-13.33034904548006 18.84401309296424 0
1.566538273360614 1.202663581419978 0
0.4647699676739014 -0.1755264343789313 0
0.9755882003705897 0.4149319124801698 0
0.9313536905346382 0.2916931209265611 0
0.9724915594583012 0.2835868982242976 0
0.8902211439502214 0.291686026198351 0
0.0985089725417477 -0.3780539100773539 0
-5.197460211792455 -2.538817544614234 0
-4.548752859276295 -3.448149576911473 0
-19.45828548556752 -5.015242206414998 0
0.1036858599025189 0.1908476822816874 0
0.2407771372693234 -0.169437828083265 0
1.199212821691603 0.06256940985431912 0
-0.1820268990948811 0.470321010383597 0
0.3381419945050538 0.1945992237456576 0
0.2745425146148337 0.2764489876207285 0
-16.54849693715445 -7.017620516083623 0
0.771852795269376 -0.151247043626227 0
0.7926134906542808 -0.154336658409615 0
0.752980879779879 -0.1491125857697968 0
0.8672946458991688 0.1381791316412092 0
0.8594070558166302 0.146934135467997 0
-0.1565498182557532 -3.853021766515945 0
4.521979054643523 0.9884984027723284 0
5.175492379122394 1.253508174350678 0
5.726711479555251 0.7644538941907002 0
0.4844782595649471 -0.1662413816957934 0
0.50283667222905 -0.1766965969031377 0
0.5410848538510391 -0.2028250280875345 0
0.543607485838623 -0.1791174467034273 0
-0.003231946286491193 -0.2082275558227499 0
-0.02143795525176015 -0.1699623253650204 0
-4.678952045462294 2.988930286772604 0
-0.07790202421198582 0.1643221390402525 0
-0.0822277909060608 0.1413647697909071 0
0.6138793206786521 -0.1822270292443872 0
11.28160066771967 2.052556902892149 0
1.7684526118121 1.469814477441714 0
0.3080083680725912 0.1953490244442696 0
0.2944599192621639 0.1965480981573168 0
1.304629180169926 -0.6242951660153309 0
0.2591214909739776 0.4346661076107737 0
0.6721149621214629 -0.2590830528948372 0
0.3694849448579817 0.2205314094508865 0
0.3757242461419308 0.2057615172825137 0
-4.794679586855938 -19.19298697573138 0
0.1952206832202242 -1.117891846032766 0
-0.6621449231795931 -0.1864506405041783 0
-0.7184985777969723 -0.3494503215805678 0
0.4830419826116583 -0.1431832743416208 0
1.021996267902818 -0.1058924837361913 0
1.033580061252771 -0.1146660182623798 0
1.016430955125443 -0.1194574904687365 0
1.030341400730038 -0.1364620619477072 0
1.05255351159372 -0.1241535596192256 0
16.78541614558279 10.25746236309756 0
17.88315122786634 12.01128076331814 0
18.91509358189402 10.18220548549535 0
20.05166632518245 12.01599537541039 0
0.3671318316264803 0.1929364630978057 0
0.3817090805141505 0.1936524930747889 0
0.3896850965842139 0.2042656646606234 0
0.3950072162082208 0.1926250623563489 0
0.4032206433116278 0.2033385910923787 0
0.4081084265314264 0.1896298944281813 0
0.4166253419378041 0.2018590758229339 0
0.4215673466593826 0.1898434134281795 0
0.4298927060598465 0.2004502751955758 0
0.4244758409066766 0.2147491223088099 0
0.4345730982919273 0.1872854869636631 0
0.4430839720537628 0.1990473546302472 0
6.390589994044698 20.75234532275458 0
-17.26907164641018 11.14271045444844 0
-18.52137114618165 12.93581959583268 0
-19.50384851249075 10.95886791537656 0
-13.23438548356546 -19.08008317910528 0
-18.62062525901556 -16.952206471906 0
1.075275747267306 0.6458671236040582 0
0.9462458037321062 0.6255571020736825 0
-0.5896148406715312 -3.261611625536747 0
1.036688117406035 -0.1870663977832701 0
0.4486666338891602 0.1856877636471979 0
0.4562518933311901 0.1975690210402813 0
0.4620085308220135 0.185941956219009 0
0.469346287365374 0.1959795062661698 0
-0.2338765281608585 -0.2445967258966913 0
0.9471444998588476 0.1454719573062583 0
0.9507878788170276 0.1332332199659052 0
18.93593359598309 13.94805867013083 0
0.8651991000884682 0.1607287132301907 0
0.8518095435642872 0.1591356961007039 0
0.8458593109861968 0.146851746993486 0
0.8378001336677539 0.1571917726834671 0
0.8430575202689146 0.1702963698090433 0
0.8291200667266551 0.1677306416336406 0
0.8243683391178216 0.1547525882892197 0
0.8155834174093033 0.1646850508098474 0
0.8117749728830012 0.152188621603641 0
0.8028385324038512 0.1615940769899308 0
0.8002685688066179 0.1492561368486264 0
0.7894140873286208 0.1564479134092317 0
0.7935437786286702 0.1709373103696932 0
0.7805796868294512 0.1675393027073699 0
0.7766562407785683 0.1549828616520298 0
0.7674934162819516 0.1650219422423425 0
0.2766846225459005 -0.1744503439073316 0
1.037615966783596 4.757805160982052 0
0.403376651329047 4.751054878184686 0
0.9118959877233586 0.3241468198317489 0
0.8715541571166514 0.3275915912225315 0
0.853059842818059 0.4159382048700587 0
0.3308579616809824 0.2371770820602805 0
-0.6064997037055453 -9.974284601273229 0
-2.148732516305992 -9.919798292939761 0
4.670510239805068 16.89698285025446 0
3.513325741025086 18.57296254692628 0
0.8667089505820105 -0.1677981042273336 0
-0.1093719595913126 0.0223088710000574 0
-0.1222732482963349 0.03780993455040436 0
-0.1176766395114641 0.0609112353604956 0
-0.1451244263543392 0.04977743161492504 0
-0.1414394361220966 0.08286317324917236 0
-0.1779519942457635 0.07002387674124828 0
-0.1649920509662841 0.111422325680762 0
0.8863296505376087 0.4805600147410676 0
-20.32530177200287 -3.102809439540673 0
-0.4510501143047783 0.878031168716653 0
0.9833760537310002 -0.1067440971914347 0
0.9915876497563275 -0.1164477388270037 0
0.9773575423835688 -0.1176547540453402 0
0.9871242885916793 -0.1287654004480921 0
0.9720969057009213 -0.1327187829214771 0
0.9622782562641041 -0.1200553255773154 0
0.9565024371260021 -0.1349958831584281 0
0.9473902504845335 -0.1223503998212679 0
0.9412256596565098 -0.1370697149405708 0
0.9506879012467433 -0.1508050270942619 0
0.9617797458646202 -0.1027176746804488 0
0.9308706826420209 -0.1246827595353958 0
0.9258025779155449 -0.1390961847704174 0
0.9159023100870757 -0.1283075563019939 0
0.9105924189288419 -0.1413639624230512 0
0.9015392511503231 -0.1300529182837501 0
0.8954274642950328 -0.1434083236714991 0
0.8859865084915406 -0.1304160229581275 0
0.06557771788128702 -0.1538536350550142 0
0.04347878709469195 -0.152915379228018 0
0.01188074294800358 -0.1448394936752069 0
0.02052324041757386 -0.1163965454201164 0
0.08766958569831096 -0.1551665133361998 0
2.423236710414771 15.4010361555151 0
0.3670910934734422 -0.2751244263170621 0
0.4745049552570565 0.185062178565945 0
0.4823278236864309 0.1947579320802242 0
0.4877208683188357 0.182912842978101 0
0.4952168996958158 0.1940461453379009 0
0.4889655216731155 0.2055634394702179 0
0.5043309438929171 0.2047928337022603 0
0.5086214397864244 0.1903011549179889 0
-2.52143343642019 -19.27974449734479 0
0.5188571866979108 0.2023304528653984 0
0.5244208559067071 0.1889396353644734 0
0.5334496894715275 0.1999913202609159 0
0.538488268983244 0.1869262651087989 0
0.5477255761543582 0.197958061140781 0
0.5521579236222303 0.1847588201577672 0
0.5618553568074173 0.195587934065723 0
0.5670069689450022 0.181273263148848 0
0.575824448566136 0.193108849150587 0
0.5813106109481443 0.1809736683567316 0
0.5897317640502037 0.1912355323219284 0
0.594480220518417 0.1785215132392873 0
0.6033542447996211 0.1888709973211155 0
0.6076278414151726 0.1743406605615196 0
0.6169215770814896 0.1865753580732849 0
0.6213253884371719 0.1739914408356874 0
0.630313236780645 0.1843755068347421 0
0.6343780458888766 0.1702051858795933 0
0.6435770088167657 0.1822155733480243 0
0.6477987848592839 0.16994591925977 0
0.6567391137346662 0.1800746143076316 0
0.6604705552298942 0.1663974673595201 0
0.6697808350689498 0.1779383035827715 0
0.6525693724344803 0.1943123881528306 0
0.6747865238011285 0.1639405920628566 0
0.6827551127740168 0.1756472098904739 0
0.6879878474112072 0.1635096345652738 0
0.6956426352532745 0.1737923448345057 0
0.690958162790567 0.1860894952088517 0
0.5569444205691397 0.2096280041992349 0
0.7005137754449029 0.1603074798653638 0
0.7083376035956835 0.1715489043821282 0
0.7133136237394681 0.1597440062334397 0
0.7209657581537245 0.169686106899999 0
0.7255711657565185 0.156536532005149 0
0.7334073601543865 0.1674572400574518 0
0.738214807416032 0.1564167910447509 0
0.7458578126768209 0.1657333099229444 0
0.7414276684021056 0.1779098395623274 0
0.7501669287713633 0.1538534186484772 0
3.694821560237353 -0.4906715378115951 0
11.69985995825451 19.01760373826049 0
13.77360800856484 18.96961650632863 0
1.00388842772411 0.1338484323719465 0
5.835494607008753 1.496607432195584 0
6.48621869831247 0.8479107659471429 0
0.4648161176232432 0.5311161358743403 0
0.5298271862663674 0.1768421464996712 0
-0.07808135349203746 -0.07421144373287306 0
0.1408362272925448 -0.1712431463157007 0
0.4430354385182806 -0.1857781265292861 0
0.5679870988942483 -0.1632716070414371 0
-5.693058439458126 0.4217142110733734 0
-6.055156436632469 1.19235275677566 0
0.2965125686448769 -0.1682973656365143 0
0.3125939237851142 -0.1842869956083946 0
-17.65825690236247 -18.969187226749 0
-0.06425683294187295 0.1294613597526815 0
-0.08208533833826942 0.118933104051371 0
-0.1050153879596023 0.1326762404619061 0
0.6905741944904804 -0.3416152392908171 0
0.9454085649662963 -0.3014652051171736 0
1.000372465642249 0.2235614778346751 0
1.044427066869021 0.2261093812004441 0
1.062249302296509 0.1583017536084817 0
1.087912768289813 0.1385489646398623 0
1.09618907773963 0.1853803338227001 0
1.09830593597755 0.256532226042868 0
2.622377044143514 -4.685967180292914 0
0.4875194917567313 1.657863508516247 0
0.3301740968227754 1.866654193615978 0
0.466731713381483 2.099168292469593 0
0.1636239501092433 2.076904887381984 0
12.70773506491446 2.042577756618727 0
0.7332881412374712 -0.1459289144582478 0
0.4508440375861385 0.2095802532796131 0
-14.63456141571859 -7.069929662867193 0
-0.3461641285086832 -0.6904156155649832 0
-0.5219412433818642 -0.7746485354414409 0
0.9305310975894177 0.1246432374405692 0
0.9190864331125235 0.1266789685080098 0
-0.02602976402565889 0.1449931943599231 0
0.6663465532621263 0.1561922224154289 0
0.5134172066150033 0.2165383227955757 0
1.727977533144413 0.5183720452586293 0
-20.52402097675063 -12.70770681838269 0
5.063308755667999 -1.796260918384837 0
0.2093957336594365 3.723583888297715 0
4.987905034335718 3.837659307669972 0
1.619756703475217 9.224185548108181 0
0.6657356150411813 -0.1533120772863253 0
-0.1173785432886676 -0.8592999573917851 0
3.566357026579834 -2.808941140759006 0
0.1390843728388264 -0.2723416048827116 0
-6.70190829626589 5.687851546731125 0
-16.30449653252896 1.394417037395128 0
-18.55755199778107 1.790255039312571 0
-5.790370018799914 2.002054627065817 0
-0.2107185092252414 0.09969059940068073 0
-0.2273955981632602 0.04379056674113666 0
-3.049555637761333 3.378603536791764 0
-12.21505132599973 -21.06897325331904 0
-1.277219412027264 -0.4770179012220941 0
0.5985592060385799 0.20248564201186 0
-0.5048725692341161 0.1438329572434649 0
0.8754030227514781 0.1282076855824822 0
-1.959486774013198 5.887617595004951 0
0.8203044852706458 0.1436747391934402 0
0.9847913762689158 -2.64784709019211 0
0.4415326876211593 -0.3321798642352716 0
-0.01329644213215266 0.1502517205643299 0
0.001648442860007574 0.168794475504037 0
0.01734355499791233 0.171269917210906 0
0.02828936166247291 0.1883052487811566 0
0.03192747261397011 0.1710406628301499 0
-21.23698453078607 -4.72181214213819 0
-0.1265158536118586 -0.1502433693717956 0
-0.6692357686981247 -1.246311998575218 0
1.089959121612979 0.1039838757940039 0
1.128900632976648 0.1189191576600052 0
0.6090098785715123 -0.1590877358206161 0
0.1249263335764718 -0.15639019710862 0
0.1508777113340762 -0.153798495369537 0
0.1497399926530887 -0.1344150216344874 0
0.516836629417136 0.1794204491627901 0
2.134158851290393 0.5745023529862281 0
1.006866591098171 -0.1407410654204667 0
-5.432406279287013 -0.9735436073181511 0
0.3403491604941133 -0.9076203569339395 0
0.5406203996848585 -0.8571531383209755 0
0.6982547450011234 -1.011341631103907 0
-20.77268833580403 12.8012770269693 0
0.09200449436767018 -0.2769444481501415 0
0.5052048233920455 0.1785219413855848 0
0.8399505958900697 0.1976530843407051 0
0.6408937771782766 0.1598331377375414 0
-0.3056657959790317 0.9094026751203775 0
0.3151116107598085 -0.1637461130289253 0
0.3297437254057214 -0.1749942991203527 0
-1.823940779535815 0.3215205228731842 0
-2.057216418629425 0.6634525722617812 0
-1.65187924979505 0.7042986941077126 0
-1.864035749294877 1.037165201833853 0
-1.510274159866594 1.031662661959621 0
4.97396889797589 -2.446687863776377 0
1.597387529457372 1.734784823013364 0
0.7164750275026607 0.1822433606707602 0
4.445543102523023 4.481043473242397 0
0.4469248542795487 -0.1655925508819436 0
0.4308793861632847 -0.1713322297639814 0
0.8853548611943753 0.1305516833375654 0
0.8959959003697048 0.1282888653723611 0
0.9030115002700791 0.1373386056924881 0
0.9081380973153979 0.1268430517969167 0
1.811194680204249 -0.7664456049610715 0
0.05594696939160321 1.84244716828844 0
-0.1155321346126165 2.034694600577495 0
-0.22570300832601 1.806587690762364 0
-0.8439391306805338 -4.030101055597946 0
-1.302248383965195 -3.406774024476857 0
-1.621731583644301 -4.179237200575848 0
-2.038368313573378 -3.494071952900939 0
0.6290676530550716 1.236507662351052 0
-19.63105877861703 14.621552361077 0
0.7851692331349944 0.1840059811104252 0
13.37771681567573 -1.729996584792454 0
12.52507737808192 -3.015897711234651 0
11.06266718404688 -2.93416718922247 0
-0.746868535703973 -0.6176658290472552 0
-0.07874286018190416 0.3626698663344228 0
-0.05777520547366344 0.4128629356144327 0
-0.005729236150221315 0.412303683717415 0
1.046159802640602 0.2900410171982333 0
0.3263844763576221 -4.529657323760803 0
-8.203630910263566 15.00927559799207 0
0.787248268927992 -10.15073778610297 0
0.7435804206423805 -0.6645598244958545 0
0.4468789132174957 0.2347690882513519 0
0.7015859962170894 0.2093192090689259 0
1.244879276251378 -0.07194110994042413 0
6.207206394195318 0.1565246451402467 0
0.8197626673705599 0.3775577348641512 0
0.942659355615997 -0.188164252183983 0
-1.152771543592123 0.5430194767571045 0
-0.9592867575604656 0.984577496642409 0
0.0819512877333059 0.1880063242173924 0
0.07688607880307852 0.1773307887419192 0
0.09467935641335679 0.1781398780482543 0
0.06506272345006869 0.1738618684905871 0
0.05274620281146289 0.1720578256992905 0
0.1531829482080668 0.1966717323123809 0
0.1612931738159881 0.187788967728579 0
0.1727271574795785 0.1875780765975255 0
0.1852656786855514 0.1998185970213229 0
0.1931048966635929 0.1903324720789696 0
0.2047196403029743 0.1900323536975899 0
0.6147628392511095 0.1633846850399172 0
0.2174643301368847 0.2029046119657139 0
0.2243383001511519 0.1914991769286095 0
0.2361882847829838 0.192768344164896 0
0.7494264132209854 0.2039224977021034 0
0.1151223074480889 0.1923417949600973 0
0.1276121271178761 0.1827714112598458 0
1.197873888575141 -0.1200302099512048 0
1.171958452402376 -0.06399240831022947 0
0.231345516983611 0.1836463034409424 0
0.2509392746307538 0.2054033774137744 0
0.2592169882023101 0.1950826079513164 0
0.2706999811960362 0.1958814895692391 0
0.6917456928279103 0.1529322175286834 0
0.200495111483304 0.2968448346004782 0
0.2271254549257637 0.2761608627429997 0
0.2953139870203541 -0.3273115527823702 0
0.7559834728270765 0.1754506324005628 0
3.945902449211969 -4.499791421497354 0
0.4887704734452982 0.2327574999339731 0
0.1330773161473518 0.2883432007766346 0
0.1575864450241425 0.2668014443798563 0
-0.0839353288301235 -0.1293377436500542 0
-0.03701718140623843 -0.1034963677152523 0
-0.08884536736516814 -0.1803814485680494 0
0.1971365257817121 -0.1599410982734191 0
0.1783582345969679 -0.1576784185613792 0
0.179374905939565 -0.1375691351450518 0
1.123708547733546 0.08345927541851657 0
0.1108380943556782 0.1827478336671713 0
0.3523175226988272 0.1954989597492113 0
1.971782817670532 -0.07612072097503411 0
0.6581419102117856 0.3881582220019757 0
0.6200563356338489 0.3514391760308985 0
0.680533417040706 0.3491393181336969 0
0.7205295930732888 0.3485918761605761 0
0.4181143339935424 0.2355465737529889 0
0.9777671230096876 0.1096717837658903 0
0.9686015160656168 0.1127190065626582 0
0.9751699889366836 0.1200896292581944 0
-0.07200172524571624 0.1884691941815354 0
0.5479901211478848 0.3939587984878625 0
0.5095988315312138 0.3575075917799637 0
0.5664362199770946 0.3561624441673405 0
0.538018625320116 0.3261845205781017 0
0.144168221813511 0.1850069788610187 0
0.9647951907426554 0.1227232090645609 0
1.168007158885427 0.2205124135207286 0
0.5860388625526272 0.1679489940499666 0
0.6974047010196035 0.3178635582329736 0
0.7341589434901947 0.3110348253110662 0
0.7585951709962243 0.342056014774335 0
0.658271253424176 0.3160344415276371 0
0.773445745058486 0.3093891502763743 0
0.189719695354241 0.2728247366353979 0
0.06515771619337279 0.2775496905968101 0
0.09240834550367763 0.2562554757784752 0
0.7633070602144185 0.1526061647764811 0
-0.09447415136416576 5.259588527326025 0
-0.1930642613629849 -0.03594023188236346 0
0.6445965643993786 -0.2997363118679976 0
0.2175130676158115 0.5395245811609181 0
0.1822317992002456 0.4836838761386713 0
-3.171239268357957 -1.297419835184415 0
14.11896994282641 -0.362319137232077 0
0.7296759965593425 -0.2027303182939613 0
-19.94926722707365 -18.83857996907298 0
-19.02814389555878 -21.10627993818859 0
0.8866200782417001 0.1876873470120804 0
-0.04777795406333046 0.1357627042508825 0
0.8330994619414548 0.1437023809601072 0
0.8412882560609301 0.1360174495296156 0
0.8510723180762236 0.1375586510749271 0
0.3782686317215478 0.401006102069812 0
0.3623192936257148 0.3627190051283684 0
0.3994924165265661 0.3636582254331529 0
0.4224103837751426 0.398053877754501 0
0.4362809677984586 0.3589892309970477 0
0.0563143516696852 0.5237946200743197 0
0.09458985794506637 0.4725055022556582 0
0.5428271061323853 0.1752652775545485 0
-0.869804697890129 -0.1869882259258541 0
-0.406074095380026 0.4077692853201421 0
0.322704014425241 0.1946225008374257 0
0.3298096626306047 0.1850789850448138 0
0.8813778942727796 -0.1434720396901139 0
0.8687494507630235 -0.1328958124337746 0
0.9056797177129132 0.3722942593422732 0
0.5556648206587788 0.1720385880480511 0
0.5672615135714526 0.1698485112697027 0
-5.169258936992148 22.43312442352756 0
0.7080087237699204 -0.1464102229992817 0
0.002372301349506336 0.2696910528904471 0
1.528246497001156 -2.529416425301894 0
0.3809432436837744 -0.1760036831479528 0
0.3688169809952089 -0.1643891000468225 0
0.3479412269363464 -0.1654268329109025 0
0.4039066119543893 -0.1703327576521163 0
0.213919855847848 -0.1580398139331217 0
-21.71523306075434 10.74845902363415 0
0.9730373967448688 0.1346578365114778 0
0.4450690072172271 0.7447722111044909 0
0.506115570289792 0.6701301179679614 0
0.5956155815667863 0.6658940926002552 0
0.01132754860318047 0.1570434583179504 0
1.00905580406474 2.207660934169625 0
0.8948337134064125 -0.3431610643035056 0
0.3850463704174222 -0.1617838501577614 0
-19.97069827012885 0.187677192832588 0
-20.82230121009815 2.101677736537475 0
-19.39869098556482 3.661251487830736 0
-21.25668613359152 4.000224135613673 0
-19.91500547550681 5.6041304140531 0
0.1256197559641533 0.263757189240103 0
-0.1114393968407747 0.08972778673290646 0
0.1476907975434716 0.8308471186787636 0
0.7861110725252736 -0.138607433410171 0
0.7986603569312234 -0.1208453897930066 0
0.8019613380103028 -0.1407759280090058 0
0.8111526614793366 -0.1548114288300185 0
0.8188305158430143 -0.1392603802192975 0
0.8286662107357039 -0.15467253445572 0
0.8372422622427261 -0.1387432744597926 0
0.819877144842196 -0.1714564264554695 0
0.8587318769817724 0.5560314484195108 0
-0.3284776308868249 -0.8891384619447876 0
0.6637849985107073 0.7476485426121267 0
0.6947943071219664 0.6576764089340617 0
0.7165426007044134 0.1495210868652574 0
-21.46166307352995 -10.65782207888269 0
-20.03335067047787 -8.6872538734135 0
0.5106707020847426 -0.1982600763966518 0
0.1595396213119411 11.46920238143222 0
-0.2906968494283597 10.24260781895587 0
0.342358156614728 0.2536096579811813 0
-0.1176964388451153 0.4055347073485387 0
-0.09639194625388102 0.4625205228331519 0
-0.184244153785909 0.3794194470682452 0
0.7722834559374496 -0.1346770197538474 0
3.486467358814144 -1.071376984997016 0
0.3875182125256462 0.1813702749916852 0
0.4159885036193549 0.1797961827944888 0
12.61072020706173 20.99595850575605 0
0.8091268284099998 0.1397261416079185 0
-7.145251853717816 13.18162538019187 0
-5.479989184787714 13.65896376803629 0
-4.344082704666576 15.13341877037872 0
1.756928178167577 -4.782654040807099 0
0.2858681665647966 0.2080804313991217 0
-2.71115720188777 -1.884156075002821 0
-2.787727209674691 -2.586345948858291 0
-0.2516053866337914 0.4118880944722865 0
-15.72444562495145 -8.743386601142211 0
0.6285764601926345 -0.1668911448622889 0
-0.008606922503266941 1.053574205998111 0
-0.04613609710797885 0.92949742780695 0
0.7978467764145094 0.1977309218746748 0
0.5010289731483598 -0.1583409931376183 0
0.5160179268754719 -0.1651672253151273 0
-1.691799083073095 3.683514398419677 0
0.8483456381484789 -0.1538687782621888 0
1.231125146919501 20.67411648223339 0
-0.4102469832182354 2.638165517158805 0
0.9433110928280803 0.1231733271307999 0
2.897128537963296 9.216223183967035 0
4.208721342000189 8.819915180491884 0
1.508335493051772 -0.3699920069598696 0
-0.2342773453437978 1.034086622436427 0
0.02457425482548161 0.1588644477554721 0
0.5913348887224934 -0.1535570061459272 0
3.616438050654989 4.30191143819702 0
1.625430341678415 -0.552775676919286 0
-7.482355662925944 -13.67653029869908 0
0.9838982155792804 -0.1508180565313706 0
-2.122268309553456 -4.9703837455582 0
2.508873158908372 3.038990900787144 0
2.61738712541359 3.620703649191146 0
0.445413163823001 2.64580474904101 0
0.02765970687564239 0.8309911681939459 0
-8.983518036617491 5.922536839766972 0
1.036094192394832 0.09980579284015234 0
-2.346057687333849 3.60220610183589 0
0.3966282594892711 0.2179464873671784 0
11.6627901664569 -4.273947306815893 0
10.24341248477153 -4.049191183281728 0
0.6492767890356677 0.213109932573664 0
8.686681073708733 20.73547667047582 0
-1.620581305390019 -2.777009131088088 0
0.3153355581273538 0.186908236248816 0
5.286383604482758 2.628192512066614 0
0.4697780017694326 -0.1610226896576545 0
0.9855433836196033 0.1282388470171582 0
-5.611226256321127 -3.438449511773702 0
-3.544036133234915 -2.941487063177837 0
0.5976240191319281 0.1663287487573999 0
0.3766116981349393 0.2395578493918896 0
0.3299556046162243 -0.1573283107145501 0
4.305920365456493 1.898034557818626 0
0.9604360953121196 0.1425582096408697 0
0.07894577653764336 -0.1432274771263302 0
1.683104830926372 -0.3354177456887739 0
0.5137175316404107 -0.1511728980238348 0
0.7982446697918075 0.1381809182080659 0
0.7902140224800716 0.1434959946659019 0
0.6524245452390866 -0.1491079121291056 0
8.757831040520415 13.80916527958762 0
6.890805338893049 13.79688264143215 0
0.8974892060519117 -0.9276450578367241 0
0.3440732389313156 -2.671543265571105 0
0.3966550534388698 -0.1566476402622348 0
2.16998909925442 1.448899930735441 0
1.047785509155812 -0.09233382798332493 0
-0.08978121827303759 -0.05758058338740996 0
-10.9846606466128 18.83014205728954 0
-12.2153669813115 20.89730123913898 0
21.12185602591158 10.05021684876325 0
19.91028291426647 8.141790278405526 0
21.03272330787162 5.890859492642103 0
0.8253233376395128 0.1348633712269293 0
-0.581961756969287 2.272351868333176 0
-8.978238952602638 13.13577880736172 0
6.709137601302541 1.832097591397242 0
-1.222854288695764 1.675618898287031 0
-0.01417044472681906 -22.80199125499629 0
1.275809241397593 -20.70926715891818 0
3.587154458538452 -20.65098058672528 0
2.348657184627763 -18.73773793771669 0
4.526841504424493 -18.59338532487208 0
3.336067659916007 -16.85493531074373 0
5.732439938014644 -20.40822402555527 0
6.684870171942043 -18.41579979420424 0
7.826998167352473 -20.04541558170356 0
8.782570930166528 -18.18804568268673 0
7.588114275695306 -16.56056863531264 0
9.556678407027457 -16.38009141257053 0
10.88335618601195 -18.00337791846836 0
8.33598304942794 -14.98653600717883 0
0.1210981055658045 -18.77466426150163 0
11.53969529058896 -15.7985397799641 0
12.98252800050464 -17.62421220934797 0
13.87548243485574 -15.74020251733156 0
15.19070605444871 -17.40821761789338 0
16.09761712319842 -15.49124160486157 0
17.5952811995841 -17.28507764608953 0
18.49329255729409 -15.17455907644248 0
17.01404464966843 -13.42387183978353 0
19.25372760095179 -13.04934723482199 0
12.41593483372606 -19.45854827167639 0
17.97786711611777 -11.30428811060679 0
20.07112581024814 -10.81948005730333 0
18.68982111997131 -9.139282968261105 0
21.47599869424237 -12.81663776939306 0
16.25229659996801 -19.1287424073796 0
18.72802333472569 -19.23395801844465 0
1.389072464702922 -17.0004894094316 0
2.313106721728992 -15.23320468981728 0
4.444042402487634 -14.90026717455945 0
7.855284412069826 -23.15536036883652 0
0.05358955271116642 -0.139272442907359 0
-5.186533790143934 -22.80536108257493 0
-9.914802845961031 20.90620906578453 0
2.979273212528843 -1.392637714394822 0
22.55784819264975 -10.5520497391689 0
0.2093305371868668 1.640995846516728 0
0.7110004306643862 5.340820614603668 0
0.9589084125264598 0.1147572484533636 0
5.88771920259977 15.27519426861508 0
5.0811080116558 13.57317623009292 0
6.245617057617359 12.40309945458319 0
11.06141966593346 -7.626445725549546 0
10.24015181880093 -6.233038931409872 0
9.466517470267057 -7.442796438338307 0
8.763945697168367 -6.233982487205513 0
8.066869414930419 -7.37449849542655 0
9.995290011933761 -9.042836552554459 0
1.372805783383301 2.216465736579717 0
1.638716142153348 2.515614889715478 0
3.795408522504303 0.1065749862252588 0
3.848498221563589 0.7757838130808217 0
10.72591284233219 13.58758098834242 0
2.292719041209023 5.176907712731674 0
2.671443853031584 4.430948789709758 0
-0.04808621184392096 0.1199346597695198 0
-3.12961073224129 -11.16314105624704 0
-4.896561848577932 -11.00775085956579 0
-3.735283088542993 -9.825533318544355 0
-5.169418748605286 -9.473910095442797 0
-5.861805823756984 -12.37657239132683 0
-6.429647279834842 -10.46754145536853 0
0.346731204245401 0.1872928726184044 0
5.498531505960067 -16.74829679612468 0
-0.09549558071302884 0.05955132831097716 0
-22.55188087680088 -2.774596374082374 0
5.391202945064259 -0.531894014781106 0
0.52659416904571 -0.1537710593208395 0
-0.6146205114119045 0.8547754472611825 0
1.000332447186286 0.1077054268695551 0
1.214152020254475 -0.01647221347968457 0
1.155180916619881 -0.0130650232650021 0
-13.65042060502103 -5.394594281409437 0
0.3477150599514719 1.204576598924016 0
0.4588520387052212 1.326886854639913 0
0.01799337628834725 0.2061408937275194 0
0.03759482019285517 0.4594094915771173 0
0.07920482643202875 0.4162933847659706 0
0.1281534312303999 0.4250487478994385 0
12.09214278960667 5.774054383034334 0
11.26955585358605 4.516201342777934 0
10.59999586179284 5.690470233776876 0
0.6305855944622983 0.5883084375005975 0
0.6947448793863877 -0.2291061806523768 0
0.7121784394138705 -0.265766891199626 0
16.57656100408249 -1.133901297492812 0
0.9224241062765994 0.1186037265234665 0
0.05342729130984047 0.2526915704387471 0
0.8547883151612121 -0.1397871228383321 0
0.8471546987802471 -0.1269811112457664 0
-0.2804486515960956 2.327854790037712 0
0.7697068183769273 0.7280927507494546 0
-0.9751327586629703 -0.4056286086520232 0
1.138566170413854 -0.1192785112653264 0
1.124553332217315 -0.07068276218760458 0
1.101721865554284 -0.09530906765733851 0
5.153376216653641 22.8484285271282 0
1.070416350149319 0.08528048832925654 0
-0.07641179574367619 0.08679114815156745 0
1.161451157639379 -0.5665391108485696 0
0.2662432948054436 0.3019934654063676 0
-3.14454950677024 8.158073743164728 0
-3.534016522746225 7.135511273268776 0
-4.750633938931205 6.746478578665055 0
-5.718952011825129 7.809861719852252 0
-2.66188174719619 6.499359856646702 0
0.774668261467842 0.6120184970756529 0
0.02690284644237573 0.2465316542672936 0
13.1627148749794 -22.99317627512266 0
0.04396902584302577 0.1950198355179585 0
5.142210409208305 -22.79081484279098 0
0.8873389745538102 -0.1596089657636123 0
1.060927072978145 -0.08512449330967092 0
-0.1119135983003281 0.001383146915013473 0
-1.153116059497781 -0.1903840122681083 0
-0.06461519644710899 0.09236184188141981 0
-0.07180779343718034 0.1020099996438847 0
1.062150415109391 -0.1013626058354996 0
0.9566340439734636 0.1565478014601372 0
-0.05052000413985018 0.1067453206085242 0
-0.5567015126602672 4.787105258871242 0
-0.05033800828028854 -0.09715252502203942 0
-0.04622719541290972 -0.1114478093511889 0
-0.03046164829898358 -0.1167343291983928 0
-0.05074817324232882 -0.1267892083623116 0
0.3745886774131139 0.1840558129757044 0
0.3990271335754884 0.1814658168924883 0
22.7586422139706 -2.555732966179848 0
20.64045748489816 -1.315789473768727 0
20.74089133848879 -3.739696826102551 0
22.78254355998476 -5.120895155864519 0
20.77453757094406 -6.156379123805406 0
20.82500484497741 1.074705041208845 0
22.73688456169721 2.341201661169504 0
20.59392872287405 3.506701181075317 0
-1.021007603776598 1.471826429692234 0
-1.060112010790635 1.232008092224531 0
-8.622576762691724 -0.1711526923217368 0
-7.801981124874516 0.8309437153814909 0
-9.083276089141895 1.095265096380033 0
1.134225112312518 -2.21237050694597 0
-12.31412595734576 13.12214195814831 0
10.41325173324058 -1.593666309774733 0
1.797838330498987 0.09358423657872222 0
-1.91063750381557 3.162014109636671 0
0.8646226282953201 0.8114449636278591 0
-0.08777475794870332 0.1002127145148603 0
3.192946198400837 -0.5728372505508048 0
1.048909664875773 -0.1545766968926823 0
1.079402580527982 -0.1435654420262073 0
1.044333963903441 -0.3450829538883429 0
1.099109309848473 0.03429466272803062 0
1.11490913716719 0.02773781299163019 0
1.120628301720778 0.007029836597395213 0
1.139522405362718 0.02626843719765639 0
-0.07974432872365522 -5.237968123235953 0
1.058732520805281 -4.432776310971679 0
2.395503131311677 2.497511121370424 0
22.27685226286804 11.96390846343029 0
1.424637219343866 1.005006344329039 0
0.6615868758287564 -0.1414180991363493 0
0.6431775030693191 -0.1415344631362574 0
0.6245937977258446 0.1628984626927963 0
-0.2861657932494221 1.551260800675307 0
0.7957816401788385 0.3379891674591515 0
0.8110147292515986 0.305847133292408 0
-20.39263750379156 9.037492667959015 0
0.9952955885987524 0.1187062882406072 0
1.435742097057567 5.325933095437617 0
-0.667794286154891 1.137379305990093 0
0.4149398315160909 0.3318596338775077 0
0.4493752238791234 0.3247639117616569 0
0.4723952084607736 0.3510861496979866 0
0.4994761536559346 0.3226770314294781 0
0.3806793403894014 0.3318871849138426 0
0.624789437275129 -0.1542488395903 0
1.592718976190503 -11.30220772647789 0
0.299452745929326 0.1854031313554383 0
-0.2246244462919289 -2.759163935873918 0
0.3564651800093886 0.1836790605606471 0
0.2692309262274538 0.4873040587932056 0
3.104343533332 -13.61668066174053 0
11.15527455614232 7.223204051921737 0
1.877424346514715 0.7109552964874033 0
-17.75826993723757 -8.830252852045453 0
1.090987522497195 -0.05295359564603146 0
-1.615347934843302 -17.50308154784541 0
0.2829381954400117 -0.161180471660751 0
0.2681098494184448 -0.1584385923597597 0
0.2579285889584819 -0.1724308997143946 0
0.2518556382375205 -0.1556881980456358 0
0.2356588604967688 -0.1551715290466887 0
0.2315407475745599 -0.1461826876299895 0
1.082427925634507 -0.06502160348830666 0
0.4406753828435518 0.1791223912887441 0
18.45908350422276 -1.283174583490333 0
0.2892002826183249 0.1858137166676528 0
0.6099394702179746 0.2182594670445475 0
0.3920988643779565 0.6909681072880562 0
-9.908253350646994 -21.12150636193775 0
15.75796694161473 -11.55097959834023 0
-15.42032180390346 3.171611634724057 0
-14.28498126473841 1.810473349915263 0
-12.60792850605638 2.049492914847214 0
-6.399174315693771 -20.84436893808174 0
0.03610540618967952 -0.13789017271761 0
0.8193415782731946 0.1785416256064472 0
-0.1754600388035674 -0.1859228096767386 0
-11.80037455390633 6.628591032374751 0
1.689955698705415 -0.1077937141237943 0
18.37880482526117 -22.85180936874467 0
-0.08690332841705596 -2.279164986846592 0
-0.04809529306847594 -0.2002181464410823 0
1.080914771475598 -1.030638746088162 0
18.39136077615088 22.78196077575954 0
17.17863544594122 20.65032753524297 0
19.72134333145102 20.63409432822736 0
18.4673023283456 18.43455078542285 0
20.84783883763104 18.33649920522342 0
0.8266267182714244 -0.1280435989879761 0
-0.007945613702057474 -0.1124002869082722 0
-0.01492364111457226 -0.1228347506798018 0
-0.02984632085388854 -0.1401457802524397 0
-0.002705377222966958 -0.1226744324679983 0
0.008857185580604528 -0.1279311304527598 0
0.751135702792105 0.3880583658927189 0
-6.929814063798622 1.791088972304765 0
0.7821457218093101 0.1384313714528078 0
18.64473156214952 6.330760890833535 0
0.7728278644085995 0.1437562601572035 0
1.163681948274812 0.2884632507002711 0
-0.1272014841175461 0.112705546658096 0
-0.1353700650426305 0.1464431333149573 0
-0.1802547871917262 0.1560676940540943 0
1.736731498219629 2.106051303526484 0
-8.707061403020047 7.373975213759749 0
22.82766233419025 -18.33293356149181 0
20.4116057475666 -17.11746126620699 0
1.841722216110664 -2.076933082324201 0
-9.756564362907088 16.57114257508488 0
-18.41128742585599 22.72662372363457 0
-19.73029006451446 20.49149377254412 0
-22.5699529732772 20.73360021548875 0
-21.30713494613765 18.39125039810232 0
-17.10532361129338 20.63919767505293 0
-22.50843971094072 -18.58928128408985 0
0.3572962354466844 0.2396209931283747 0
1.091411256159821 0.04529673363607981 0
0.6252671439451252 0.1956590090608294 0
0.1618677608433977 -0.1690233636516742 0
3.833663432560987 20.59263923570088 0
0.9202300312834131 -0.1545573329950116 0
0.5924608628591881 0.1571488546046037 0
-0.4537126591892524 18.87937165372633 0
1.520739629595017 18.46319289164637 0
2.287127852137368 -8.139262257391742 0
12.00062593593532 11.95857595596099 0
-0.02636458506294711 -0.1053024428575931 0
0.03588500609043928 0.1607887469116658 0
9.67223178702328 -2.911517999622069 0
8.812075203652562 -3.951696133432343 0
-6.618340370826494 20.87832108044799 0
-10.00563143736091 0.1207802379047873 0
19.95401549243591 16.16591046057422 0
0.9353645473141754 0.1175880269623104 0
0.4176284845870264 9.196986342632453 0
0.04363491637578266 -14.10693901064408 0
7.757739459716948 22.84287271664751 0
1.500599971040776 2.942531044279094 0
1.722283971906256 0.9553820807041929 0
5.068591748364714 1.943354798941741 0
6.114040577460645 8.944548336575691 0
5.194931200243196 9.96491505136108 0
5.194107841378644 8.121100774351401 0
-10.41273520077936 1.470412146401521 0
-8.904996038045269 -19.14208042646468 0
0.02241171927716897 -0.9741494212415251 0
-11.10967646464461 5.280218792577877 0
-4.285361364480065 -4.609718520440106 0
0.2651252573717795 0.1853551097814412 0
0.2554638807390876 0.1842665842771231 0
0.2768378033207028 0.1843565797190423 0
0.9819342175925341 0.7447986286358463 0
1.136417917362166 0.7899296209850792 0
0.8749521732540879 0.174459639437915 0
0.7312003139058529 -0.8257504243084798 0
0.4251413564998217 0.1792658435082627 0
-18.57447115263412 18.28575662781553 0
1.103071950919811 -0.02479643313749045 0
1.114762519407614 -0.03883659131048198 0
1.123341154329916 -0.02134688003159323 0
1.102389045164665 0.005157727260027628 0
1.131325438044177 -0.4009590796166157 0
5.303356364916336 4.595318809340068 0
-5.270042655897918 -14.08305121899193 0
1.625185249321595 0.199424044168922 0
-6.275490286353661 -2.651485663935228 0
-3.875165492912752 3.193889141961494 0
-4.093732768919659 2.320072170355759 0
-8.124163785985848 -10.52780145263868 0
1.988141449550426 2.857606448202898 0
0.7708027659753074 0.1778972952683532 0
0.1789565674356327 0.1737614991228419 0
0.1823346850033031 0.1815649749174517 0
1.195945132073612 0.9709901093634216 0
1.001245754801695 -0.1033757345211349 0
-9.692664064270001 -13.82905968123605 0
0.6939007590702549 -0.1421519129123727 0
0.4671842932361109 0.1759363097853691 0
0.45597433854687 0.1759113698573995 0
-0.253485341022108 0.1376024587613194 0
-0.08769400734016017 0.2173634707855191 0
-0.01945027325580064 0.1259656661031331 0
-0.02729878598974503 0.1218006876949961 0
0.8703982963245804 0.1204797247106517 0
0.07347237516767847 0.1603465086246172 0
-0.5245366535709877 0.3474519568682247 0
-0.04174373867925239 0.110843616046655 0
-9.201572942398506 -4.988809508006814 0
0.8908733196643577 0.1168564582818709 0
14.40460624633514 -20.89026388130981 0
0.8772396456411382 0.1189923255849947 0
0.4031027872619076 -0.7393602651596365 0
-2.79295273809794 -3.328921616512537 0
-3.473537234585192 -3.890638101262985 0
0.1383293528237108 0.1707791408204529 0
0.8766753326096596 -0.1224585143538961 0
0.9594309217030719 0.1061509825651137 0
0.9502101940140417 0.1151154211695176 0
0.1546823068608035 0.172102511903912 0
0.05739259211446458 0.1567372201701706 0
0.8562117447265424 0.1223268387264471 0
0.8607461310847255 0.1283872681491778 0
0.04171149686460698 0.15220028295185 0
0.8476752900484167 0.2943319535667977 0
-3.070749313810039 -0.423178134194504 0
0.8410626486327299 0.126160678832467 0
0.0976404502151831 0.1651027993489717 0
-1.058547999968526 -20.77635982116327 0
0.08152166081972814 0.1621049767780192 0
-4.879883323889521 1.977177178125852 0
-3.741510712351858 1.650445687084002 0
0.9173324940509328 0.1129611902543304 0
0.5490862808070376 0.5996310249583015 0
0.7355383092298492 0.1938856908567758 0
0.2033240376338717 -0.1475789834195453 0
8.025654010764752 5.678294623154736 0
0.1139470553571228 0.1675484768195988 0
-1.066769188764443 -2.893367472310641 0
-2.067423862633571 -2.244589480201162 0
-6.655641273662567 -7.678665543487054 0
0.827155795165431 0.1264951267170485 0
0.3104929684660259 0.1752129275116895 0
6.740238113377792 -9.584088080876413 0
0.1627786208269416 0.1726400068718156 0
0.6359085449775009 0.1511534011689852 0
0.6320766905273248 1.454833519796466 0
-0.07843685723355123 0.8137415708698442 0
-0.1708777183962077 0.8987461208957296 0
0.8122496324849636 0.1286476771036723 0
0.6190115410305874 0.1538982726907371 0
0.9477309430050285 0.1074524977576766 0
0.2938622756250662 0.1767559990304907 0
0.1301744596188126 0.1697470378851094 0
0.3268510021089269 0.1753820705077417 0
0.9041779678027925 0.1147332196401235 0
-11.20026408701268 -3.706304201003367 0
0.439447860625536 0.17063474658177 0
0.01080962393717627 0.1407144351059918 0
0.004029131542304341 0.1468038541856125 0
0.421477232187854 0.1704427754945854 0
0.6859785524934792 0.1456083404668779 0
0.6826014436720663 0.1537554581857871 0
0.796837317327886 0.1300555576313394 0
0.2603043815550141 0.1763886119561545 0
-0.08460270250712387 -0.09520816557577928 0
5.836931206438503 3.836640093905285 0
0.02544018283079347 0.1476638569910007 0
-0.005470714117302021 0.1338903952662797 0
0.2769272465331123 0.1757249709333357 0
-3.016776999496332 14.03100499283889 0
0.434716209373725 -0.1579261353407304 0
0.4229982339290252 -0.156432666527849 0
0.9384824270317857 -0.1146711541654128 0
0.3957887862620201 0.1718120401250379 0
0.2111740376815132 0.1751797915950634 0
0.2148523731544281 0.1841797290296168 0
0.7666715083547864 0.1354737000040719 0
0.6693471254096469 0.1474591495188071 0
0.2520423049869928 0.1757503673879866 0
16.06561002327914 18.44274626786862 0
0.2274209039375477 0.1755714436711678 0
0.4766842564886705 0.2167706766710935 0
0.7504493670574269 0.1371055085734276 0
0.7547299641373547 0.1449757758059198 0
0.3529413719526404 0.1738698832746859 0
0.3352374355285276 0.1750388611547172 0
0.4121593590493124 0.1712633393662054 0
3.58259832504622 -3.611537936111556 0
0.5260458225341295 0.1624259478064204 0
0.3279390748563233 -0.1947178197725772 0
0.3700849929147434 0.1736129992841503 0
-11.83663193667764 3.614453728410125 0
0.4907024680589851 0.1654140015676372 0
0.5679753846721447 0.1597644639746274 0
0.6100202472819932 0.1547786371835063 0
0.7345222931313055 0.1391752249631508 0
0.7320573134813768 0.147824046554579 0
0.5079239435054503 0.1636886595949423 0
0.1951217202025697 0.1746107771252766 0
0.552269165806051 0.1613564673062699 0
1.91506085644003 1.744530580519884 0
0.3871924627725514 0.1722846631153165 0
0.4820689096525546 0.1661462775112663 0
0.6505546072553278 0.1594479885918935 0
-1.744311915697721 6.64617084857778 0
10.14820132865341 -19.77457245347003 0
0.6609820655580638 0.1482011903300863 0
-1.429455395146578 0.4004344493325296 0
0.3220190946443962 7.418708444329546 0
1.03160134135857 8.151907314466566 0
0.464449569634531 0.1673752629087474 0
0.9358079361820156 0.1095006219175949 0
0.5338859529108054 0.1602509620626332 0
0.7103337702263163 0.1422965478491124 0
0.7070823576616774 0.1509396996722285 0
0.6445347984807471 0.1509580773785458 0
-14.16659449424529 -17.14504752181684 0
0.2761350537035668 2.352501994925199 0
1.023518477979967 0.1655802697401438 0
0.6943100056861505 0.1444472466553496 0
3.808551922466196 12.63650127464603 0
1.076043078352656 0.07059655897995527 0
20.96723311357772 22.86852873856254 0
0.9286556934683201 -0.1132203703373354 0
0.941166340249372 -0.1081229304405853 0
0.8582141785559161 0.1731574740918929 0
-14.58814196576032 -11.64745569304739 0
0.3990556959445087 -0.1446776560261969 0
0.4160216011035421 -0.1455675610334908 0
22.97943252891462 -20.95692820939431 0
9.925622851376483 7.593487869287396 0
-0.09715019402044213 0.1870131546051108 0
0.7072100651087754 2.313594116666779 0
0.9544325183640985 -0.1139011824892255 0
-19.48063248938723 -14.81426798193194 0
-22.95810430690807 2.466328347423745 0
-22.83619594723984 -12.90626577977649 0
0.9240726202619929 0.111855314536515 0
20.57255893147635 -14.79037350147211 0
-3.497372148247582 6.046963935881682 0
-5.48494664947639 5.654827604104412 0
-18.65039608231209 -6.907943649599527 0
-5.250200766102491 -7.922050048886935 0
-0.2045775882275552 -0.09252470002329516 0
-0.2587137344117402 -0.009280738165661627 0
3.420244319172219 0.4698099093512655 0
9.657863632484599 18.92632561888468 0
3.031198063103803 -10.79413114823202 0
7.447922908288249 -6.411239136498321 0
7.905815528911217 -5.08125988712337 0
6.325022263608855 -6.765737868101966 0
1.066524949413016 0.1046124247636987 0
0.8183802038870192 -0.2086686547595825 0
9.845359417753528 4.583727316000154 0
10.38585323119391 3.250610162666643 0
-10.11910648102941 -6.155650050264162 0
-11.76682017261676 -5.465190404905823 0
0.9185441045404521 -0.1169592380095448 0
0.9080997231544551 -0.1198787567389426 0
0.9017860066102634 -0.1140249636550295 0
0.8954952345020186 -0.1196018563758324 0
-15.5629077633967 18.73502332652173 0
-0.006371304258963194 -0.1409687231299985 0
-2.522585246442736 -4.138687304834992 0
-17.59885981855777 6.194635238165157 0
-14.54601564830791 20.78064036138754 0
20.62386243005312 -8.639583042170358 0
-1.330385228625289 1.346939948378866 0
-17.52097151543449 14.76702868265132 0
-12.2459589849207 -8.717059877673696 0
-1.286294386238435 -8.873797672945017 0
-5.3398561421133 11.30760242144984 0
-0.02694860981442374 0.1325751639504114 0
-14.47444288244624 -3.672144917026615 0
-19.1030898780195 -1.569032690363243 0
-2.88967528264297 -8.628061521253583 0
15.73921022625522 8.750368378955955 0
-15.94016010510665 9.635397638177807 0
0.3496120966917685 0.3313852528400965 0
-4.026823850369095 11.33053665752384 0
-20.9209331956164 -22.75969648603195 0
-9.753476885842835 -3.733314106290394 0
7.283938077085272 11.36165331088546 0
1.596815135283694 0.3779537770845306 0
12.77164105384255 -14.00700688450218 0
3.26468713967317 -5.342560508078193 0
-0.4838614613416622 0.7389271361291201 0
16.81640018352736 -7.926988020807268 0
21.173234051495 13.96032521941231 0
16.8175706938331 13.96981056215015 0
5.255472412056477 -7.203047985376752 0
0.9139398059992343 0.1356076479180421 0
0.424782705823549 -0.1452370145888077 0
0.968434458669803 -0.1119874036916859 0
3.290354428849276 0.8865571144254583 0
0.09344846481758637 -0.1425802648385381 0
0.1057881398968954 -0.1510663083919294 0
0.1184103822482473 -0.1436164461348203 0
0.1050402802359732 -0.1381984744975685 0
0.1250209340214202 -0.1355883227827261 0
0.08756733285724311 -0.1336953952555356 0
-1.312293786994358 0.07726329683132924 0
-1.335990657445106 0.7474249125524391 0
0.3909367812051836 -0.1456114218212482 0
0.4958084807707889 0.174318792695624 0
0.3591551740526319 -0.1551186699203572 0
0.3157304943946072 -0.145043706177651 0
-1.760699276641656 -1.757380896537457 0
0.1988597404326481 0.1823074313681688 0
0.9277403804440454 -0.1066962132571334 0
18.71856252371667 -4.809736989636664 0
0.333327247615285 -0.146020770957283 0
0.3407754347161693 -0.1524832132198849 0
0.2820740620290291 0.1960628779354421 0
0.3848050456673365 0.2259063086266545 0
-11.47487580617714 11.35388649126986 0
0.508691522630783 -0.1419892740526726 0
-0.1372326541714412 0.01570002351782025 0
0.6980731725442678 -0.1310425310921366 0
0.6821829613721615 -0.1382630086714532 0
0.4917406984400068 -0.1421299080061011 0
0.489039253346457 -0.1519681170596817 0
-0.0001954536576152768 -0.1130111625731116 0
0.1305788764199446 -0.1437129864489392 0
-2.003559838362552 1.408334011893342 0
0.9154063215546377 -0.1083440605107328 0
1.272153042130598 -0.8457452139402248 0
0.7745965584540137 -0.2174359148526365 0
0.3035208354640678 -0.1569311618019604 0
0.7142240721614108 -0.1283416466721679 0
0.7188593555875998 -0.1363383081715143 0
0.7455401155593703 -0.1256997331828777 0
0.7408810930147012 -0.1351389248842478 0
0.7526817587024284 -0.133218985546774 0
0.4786463865486153 0.1749721915783374 0
-1.294292505613821 3.311832988364957 0
-1.840764008302734 2.63062040298245 0
-8.174992735488161 11.54121008814696 0
-0.06136871634792478 0.113514969713491 0
0.7295870726860257 -0.1264609223677643 0
0.5171058436931313 -0.141605763847926 0
8.558629941571395 4.655677907758928 0
0.3566628546996625 -0.1453674573928188 0
0.9549218160910906 0.1235221440604164 0
-0.4369494381849365 1.711233541938103 0
0.8766112258495042 -0.1128068720335053 0
0.02331150272426509 -0.3745437801227898 0
13.39941988951836 0.8419929242348179 0
0.8492813808907029 -0.1163833052389201 0
0.4666807324750133 0.589203162434651 0
9.245385701860769 -1.133997117583635 0
0.6663541787138866 -0.1329711281666864 0
0.4753407559794383 -0.1419790889752952 0
0.768370918032952 -0.1245038892489785 0
0.3074739135260902 -0.1453480535719523 0
0.6821516124932795 -0.1303678889650017 0
0.6719947679772367 -0.1416247249912854 0
0.1513744610437376 -8.761893568074658 0
0.4418264219014422 -0.1434574689360387 0
0.7528010182797146 -0.1240455739697289 0
0.4580106095102602 -0.1435356157458033 0
0.45376845677237 -0.1528113354371336 0
-7.756182551165676 5.486953479037341 0
0.5333692006807483 -0.142130098505059 0
0.5385305469445839 -0.1516816278647772 0
0.5512465004314854 -0.1482447410412944 0
1.226091613037192 -7.891839075947657 0
1.530768689340915 -9.080371594906833 0
0.8633420426171965 -0.1149281094342621 0
0.8603682413181515 -0.1220515918841321 0
-0.7802483422482204 -7.709598269249269 0
0.8420063329567055 -0.1177998578980571 0
0.1859020576089393 4.139354674310457 0
10.01682415625372 1.815213578071712 0
0.3736294737894967 -0.1456126582439886 0
-0.03642198496145909 -0.2514048561018835 0
0.01413360501385547 -0.1168253870839508 0
22.82726349360404 4.544598506686158 0
0.6416631318942513 -0.1325945640145957 0
0.2100982291441508 -0.1405793264064026 0
0.290243193497 -0.1442929221907862 0
6.457928777143817 -15.11685036707127 0
0.633576224649307 -0.1344004060195227 0
-20.75994141029575 -6.656718697918492 0
0.8842576449444433 15.38943477616506 0
-0.3593230420705524 -4.530898978304498 0
9.43893400396005 2.71729004535077 0
0.3920987275594346 0.3036596768812266 0
0.7912556944178744 -0.1219308604658902 0
0.7953393985051409 -0.1298069108235224 0
0.8067122297798424 -0.1281971632570103 0
0.1866901162702336 -0.1390000126081359 0
0.1901684807356257 -0.1482224224800272 0
13.12483592526611 -4.483988792225677 0
0.8833462873189978 -0.1116597615696307 0
0.5241701223324302 -0.1816595978750185 0
1.050920854337274 0.1078643690058431 0
-18.21341348621431 9.384158289149406 0
0.2029239236106049 -0.1386280820043027 0
-0.29961155558536 -0.177368214114409 0
0.9563798494460376 -0.1034750058341093 0
0.9603695635830748 -0.1096289703025243 0
-13.157894736778 23.05662002957017 0
-2.221130165049919 5.301861584374433 0
17.76122534909547 8.630197212039668 0
0.2473870330140956 0.1922723559906091 0
-0.3602530256437373 0.7921840766537152 0
0.2584550886687876 -0.1430269583181794 0
0.1567973802781268 -0.1359883246590791 0
0.159899359382957 -0.1450607895355281 0
0.1710936169492336 -0.1453217603006904 0
0.2730177179261697 -0.1450754965225838 0
-6.26332027104255 6.72264453235757 0
5.264089893564682 -1.159933724682545 0
-0.1194652239963287 1.476388443427916 0
-12.89322662886407 -7.094966438840977 0
0.7760630353956199 -0.1242689135200629 0
0.8064643643908753 0.1738588675614177 0
0.9148400983862356 0.1194770570011918 0
0.5679397002220793 -0.1391553270023088 0
0.5632980215071145 -0.1487896093385395 0
0.5755076762573927 -0.1471202432429077 0
0.5951561019747892 -0.1425502391056642 0
2.904784928620409 -0.2200412612926164 0
3.336697345569285 -0.08674681428354236 0
0.5505858592036835 -0.1394252482221053 0
-2.884372866253356 -7.521214835738978 0
0.141847049522003 -0.1409805082607288 0
-22.99886266699433 13.06882396919504 0
0.8278859260320565 -0.1179625521304951 0
0.8209957274725255 -0.1196418613088938 0
0.8174752901386974 -0.1270944967527103 0
2.993229348756428 -3.243963657889312 0
6.847092143730021 -4.519961341545736 0
1.028527350592411 0.350783982691479 0
0.9617141105481283 0.3346050937447057 0
0.1085620942307451 -0.1294870170941176 0
0.6166927748743998 -0.134683792353799 0
11.94149367248333 3.24327030770432 0
0.05974250708557682 0.1651989638638798 0
0.5713218288965309 0.2075037395758275 0
5.530792875653697 0.08346200190645259 0
0.4249707120505222 -0.1877869304384693 0
1.093514402743557 0.07737869986304147 0
9.238144847334013 5.603746435870011 0
0.6651272235667054 0.190405616842444 0
0.9506475160019873 0.2255849931855736 0
0.9755875364924135 0.2456582328277822 0
1.010829388548033 -0.1022674947883344 0
0.2694236033547207 0.2534218075479908 0
-0.1769507921244922 0.02931380664305022 0
0.2372238095957266 0.2464217507699159 0
0.5426578288369527 0.2112562656969125 0
0.5669367314506096 0.2220430942807061 0
0.4376614659395022 0.295617338106017 0
0.5855463985749184 0.2051899274507807 0
0.4111197636410711 0.2147879724892539 0
0.6137139309206632 0.2008493670965371 0
3.621141345899872 3.371096773099213 0
0.4604787069523335 0.2948330611265016 0
0.4648608756075825 0.2075313246249241 0
0.5074375382133263 0.2902311116821711 0
0.4377007518213299 0.2111487898413119 0
0.0707099195542768 -0.1254797676699826 0
0.06467060070169808 -0.1324723718742024 0
0.05739628461493931 -0.1296281797011915 0
0.6382075824089787 0.1971530231729459 0
-2.898165891287628 2.688785126571995 0
0.7037153731722654 0.1838636675485802 0
7.350819618731069 0.8858843400224941 0
1.099121704060985 -0.06943431095826837 0
-5.141574524755627 -0.2371444635932146 0
-6.200045475698634 -0.3870083405610211 0
0.4987161849650652 0.2187081880471132 0
0.553588119563849 0.2822902301735529 0
0.5661287912389023 0.305750793461791 0
0.5940534213030766 0.3024685941555848 0
0.4499540554176217 -0.2778681294585147 0
0.4103770017700115 -0.2859570696476125 0
0.4805401991929177 -0.3042046824872547 0
-0.1980229297868933 3.731627403337936 0
0.6780616917329076 0.188024386720665 0
0.7284413233472234 0.1805820594586996 0
0.6015322665167793 0.2778439426946916 0
0.6282973420276314 0.2939427579252416 0
-14.43147436110053 -20.97143898784315 0
0.6346505739427081 -0.3596524823655682 0
0.05829976774107071 -0.1225287941461924 0
0.6697227346295145 0.2712364165174309 0
0.7612013401889652 0.1900357169534168 0
17.06563962512784 5.474570952077721 0
0.2503949867361488 -0.1426055390483167 0
-0.0101502027802388 0.7331485900579333 0
-0.1704451222384693 0.7755922759709997 0
1.899722390273046 1.21159862899459 0
0.3154066145373264 0.236912231504442 0
0.1795520783043764 0.3816215732418839 0
0.1907229282656628 0.417323978587415 0
0.4731792776391673 0.3171435222737683 0
0.8430805816940337 -1.913805556024211 0
0.04722828024343842 0.2331039299255839 0
0.2039775398838645 0.2432127333014891 0
0.7399961263335926 0.2650689693049881 0
2.768874720022407 7.501875229101231 0
2.341031337943104 8.312620491847449 0
0.7874259046818567 0.2607274254184879 0
0.5135604812816021 0.538032694610372 0
0.2484964390080415 0.3910144978704639 0
4.263878042261889 15.28837553018922 0
0.1701136925751652 0.2406828862253192 0
0.1734293769058415 0.2589040371337047 0
0.1552948825798505 0.7315788861077267 0
3.68924264357272 1.803783346254846 0
0.4089357616903459 0.5394464731041849 0
8.2125019364608 -2.892548864228962 0
9.468037791507051 -5.11143992667937 0
-1.508508496445086 2.520573638781922 0
14.05038578693632 -3.085054160762951 0
3.97126582940852 5.164808575726185 0
0.5464881432478522 -0.1623636070110088 0
0.13970333466483 0.2349451946932598 0
0.1430547912491968 0.2522042852979364 0
0.2061631703974718 0.2613574886809374 0
0.8468235496642538 0.1305034421702259 0
0.8093723034398189 0.2605787062012039 0
-10.57730016554319 23.08867754053906 0
0.8776609410282601 0.1614799635895102 0
0.7163966545372682 0.2668753644352537 0
0.8705248796778736 0.2574248846491028 0
1.792759218738847 -1.652062871321728 0
14.76619246845963 -14.0657700730997 0
-3.610308919299976 5.231110157803243 0
0.7431958318413094 0.145235635445719 0
0.1109761458808981 0.3793744720746665 0
0.4558286537260373 0.1665563877939331 0
0.8059436951627215 -0.1192032711753571 0
0.1644193366213265 -0.1541765654837617 0
0.2359103302499753 0.1760707765391238 0
-5.679126663048493 -1.861275985428554 0
0.6797643972176587 0.531939172445164 0
-1.209922749393376 1.021159288861781 0
0.7115866358042057 0.1962184098725926 0
1.197331726273175 -1.843484087177123 0
0.03111517099228164 0.2222799227451974 0
0.02163780619694128 -0.1346678410691354 0
0.0421537729597224 -0.1260001081622239 0
0.7565617381543261 0.1625330935981616 0
0.1571833685073 -0.7024107978490791 0
3.17007896642465 3.824010848571534 0
-2.635216721948867 -0.8664042976659482 0
-3.701858859310513 -21.03219408779976 0
0.6255379741669514 0.5245961789008917 0
3.01311839245595 -2.710735765787046 0
0.6310840581529473 -0.7243536324700426 0
-13.30957365082458 -22.99964455624959 0
0.3642173000331294 1.497995536117313 0
0.241395044881649 0.2621148000447002 0
0.24044744023984 0.183667916700696 0
1.076242277292668 7.274550376600432 0
-0.06377440677479376 -0.1072175702293919 0
-15.38461627971248 -18.98812635235399 0
0.08697183794871793 0.2340736771464704 0
-0.0660717713041386 1.659398805018592 0
0.3890830997640652 1.058406169728421 0
0.5757598920945199 -0.1377829745943346 0
0.6383223023909934 -0.1538324639483423 0
0.6350802245168984 -0.1840569212592102 0
0.3661005655677251 0.1811830397547909 0
0.01109529079559439 0.3700445258873912 0
-0.2011365893163571 -0.610268223432836 0
2.121481056655636 3.813866894896035 0
0.1860062682611595 -2.032568531260793 0
1.001734227276966 -0.1242891335453011 0
-13.3185554129669 0.5766741499465586 0
0.5782344911291475 3.766833064006155 0
5.724482351416298 -1.581856587285676 0
0.07917974190774608 0.3686434329467744 0
-19.02656481246746 7.565422116782143 0
0.9647134720796831 0.1044432346773583 0
-5.56524782344751 2.857379230192182 0
0.7188637345710152 0.1412423592269873 0
-21.11789230663287 -1.327549228094038 0
0.3575147065456221 -0.5398184665412417 0
0.4364879275191739 -0.6109825539369109 0
0.5815181863941326 0.3302027406591637 0
0.1719261138837493 -0.1366480031223761 0
0.4339327122896482 0.2260652380842553 0
0.105528599484638 0.2322410070952483 0
0.1108601593609444 0.2546394334487422 0
0.25274165479821 0.2822190677293338 0
0.8888235114239134 0.1232378667888879 0
4.291677363862314 -2.600568427931939 0
0.8170012071588995 0.1351354432981714 0
23.22855588644062 18.38648240718117 0
-0.4646255683935245 0.2394554284831633 0
7.50657205338981 -13.54999498630601 0
0.009054904495476168 2.279159541441569 0
-0.03326793455023493 0.4613384739503636 0
-0.2299079216690468 -0.1478378908293381 0
0.6808603872349563 -0.1508185461060593 0
0.08259327248960625 -0.1268514525689794 0
0.08909042860816022 -0.1262542063362305 0
1.303420583273234 1.705806231194352 0
0.6869808796078293 0.2003266500804634 0
-0.576379201873332 -0.9863739233819153 0
2.591131097224722 -1.202269079618432 0
18.92885610698292 -7.27556952230495 0
0.2229545812065022 0.4663886290701518 0
-0.01673511909996468 -1.159127140657567 0
13.20611894926772 23.13565297148057 0
0.3774072098098309 -0.1539527027433916 0
0.9904219016599529 0.1439119885768741 0
0.6625279516999241 0.2053536789845057 0
-22.79701061474342 5.605614036188015 0
0.9747008662016396 -0.3690207021084184 0
7.351303264176478 -8.454611089086518 0
2.754319427333646 -0.5384026831325037 0
1.237991437500539 0.6681344102956139 0
4.073748101907603 1.344638183569252 0
0.8539679593021248 0.1296959735559489 0
0.7940561125926389 0.530269095845463 0
1.814159941976271 0.3025684937999114 0
0.7979457754471935 0.1834471434664648 0
10.39180695467159 11.66060028264428 0
-0.09420272553868611 4.620502407911612 0
10.63983740984078 20.73815415605777 0
-3.496604026522236 2.684285946106526 0
-7.377455508269045 -12.15329907846903 0
-0.08608996479771505 0.3200669178073761 0
0.5213979669209023 -0.5552834220230449 0
0.4093915615306783 -0.1550851601740412 0
0.7631808749056938 0.1426039093776241 0
14.43522932520002 17.14360517293607 0
-17.3647008791092 3.24100077607211 0
0.1425405415753885 -0.1330677175257522 0
0.6048546476405623 -0.1464553442544348 0
-10.76479803325714 -22.9759867897175 0
0.4869894226699559 0.1727528212661932 0
-3.606640352451681 1.083777677717458 0
0.2234484265435546 0.1820560688929508 0
0.8341681572440502 0.1813795833695024 0
0.6172614176796567 0.326424812347592 0
0.9777131481777535 -0.1011178909762916 0
0.8319645204129704 0.3319901687388084 0
5.859048240714658 2.191661450719392 0
4.500981594738585 -13.27747505490922 0
2.411091074510577 -12.41858523292517 0
-20.8242224129707 -16.64124280304281 0
-0.7491310424264075 0.9748423471199634 0
0.9426576084289242 0.1140669735057297 0
0.6063498183622766 1.076364562202084 0
2.98940700248155 17.01848395655573 0
0.8488255581620343 0.1846221801360445 0
-0.5925121076597578 -0.05740698713583939 0
0.5218964618165434 0.1704493799180236 0
0.9130049685762972 0.4308945609881288 0
2.33883961567102 -5.314666973787244 0
0.86716685832943 -0.1503589139148286 0
0.7526896772881541 0.2884027193118545 0
-6.836608217035897 -19.0569566256788 0
0.2065464582679606 0.1813106897767687 0
0.2139486953982973 0.1933775777033963 0
14.77055129136868 20.91555318307902 0
1.451643565389921 -0.70170720711829 0
0.04236144975764317 0.1798134487649352 0
0.9663906721658404 -0.1010430216216389 0
1.168022553579558 -0.1876867478586162 0
0.9317097711939624 0.5350994743371579 0
19.04441310526559 1.9137018981625 0
0.2717985708343764 -0.2542679888860194 0
0.2573780307228333 -0.2920689393602461 0
0.211154422423888 -0.2934169996726132 0
0.657849774462641 -0.1329537918239784 0
-0.01523812199092352 0.1370646885222208 0
0.974451395398042 -0.107444956873885 0
-0.9804358606679774 0.4191038151751277 0
0.5240306836697519 0.3051157072764892 0
17.62078244452534 16.49424223300729 0
0.1020736576463978 -0.1294347059510287 0
0.1331697260405227 0.1770183511831437 0
0.7850038405124602 -0.5701789590888648 0
0.6741303615079192 0.1535479779176368 0
-23.33965416253889 18.39997111442903 0
13.62235141203998 3.136943139127221 0
0.03968132330125976 0.4039834133063532 0
1.075891019836853 -0.09144748458140217 0
20.99472623748049 -19.72482180650431 0
0.3367320007399914 -0.3071439932900809 0
0.3935426213468114 -0.2544667266942942 0
0.9024695438018618 0.1815764639768024 0
-0.1292000903001819 -0.2012438793283874 0
-0.1517396289121541 -0.2517568960133905 0
0.7029899541179682 -0.137707824132695 0
0.720492895875501 -0.1495298401447334 0
-0.09318231312235715 0.08443667340770943 0
-0.2044419303485426 0.004326110873758443 0
0.55089183117961 0.2218541143230018 0
0.7810048983320351 -0.1303501018596059 0
-1.060449578052964 -0.6448577166241928 0
-0.03684506253357581 0.1274179694973188 0
-10.52396324351395 -4.868429655815424 0
0.8878427517978434 -1.111725128608452 0
0.1666249300307315 0.1800024450154765 0
0.2960245425428472 -0.2840308048643242 0
0.2450211883499858 -0.3424538701709902 0
0.8642126176973244 0.68713062443293 0
-0.5863027613338877 -0.4515111162409052 0
0.9426470193768116 0.1594403886539858 0
-10.55919984302044 13.11546657434561 0
0.0415533061878923 -0.3103734901905343 0
-0.7201481139751637 -0.8646194550376741 0
0.2918270034341495 -0.1546758608486045 0
0.5279612077390075 0.2143062816050842 0
-5.366820339091301 -4.486218073719804 0
0.244517722374784 -0.1843751597544833 0
-0.6351837924904529 9.193668493097956 0
0.01864283112455628 0.15150335852259 0
1.006264686933218 0.1531046433565233 0
0.3197307506398963 -0.1534649040281892 0
0.6301027405190066 -0.1439632230997847 0
0.8012914504307189 -0.1728265237900041 0
1.690454997614923 4.745216248911333 0
-18.42105263159594 -23.2714025465468 0
1.046180337477265 -0.1070227092939457 0
1.171837163209736 0.09441532435273128 0
1.177025022455556 0.149821173717827 0
1.003338592083587 -0.1124711617639703 0
0.3405769857725324 -0.1443933067139856 0
0.9758263167141099 0.1025986271337115 0
0.1496233396739867 0.1786657325713905 0
-9.388498401190729 2.213184033237856 0
0.4894554272040423 1.157215594712054 0
-0.7498824253674785 -0.04456974548048556 0
-2.541795352925405 3.120616585067559 0
0.1908797348100089 0.1811980354371062 0
23.17102214605895 10.1388456950963 0
0.9451709593216664 -0.1043146123040927 0
0.8437555730015373 -0.1712061945201938 0
-0.3249586551516077 0.3464200148972406 0
0.7081821034705753 0.2907299184833437 0
-6.747513798779817 0.4526935038526937 0
0.704805553675265 0.5896995187441399 0
0.8687740768723395 -0.1218947578195925 0
0.08299584943204885 -0.2343229039710139 0
-0.2684529559109147 0.07872194183946547 0
-0.005055570033296473 0.1435969535925403 0
-0.002674071374425281 0.1555409450448267 0
-0.1051780510078565 0.1600810442231237 0
0.7624107880031952 -0.1401351059034563 0
0.507911493841781 0.2313706675157228 0
1.571178427974531 -4.135650705950792 0
0.2002917243531209 1.464048660039756 0
-0.04921660288314018 0.1904033624199092 0
0.4434206288950657 -0.1517423970371669 0
14.90002824750438 -1.607131911500207 0
0.3681631170170717 -0.1546076369890824 0
0.7289924809870432 -0.1358887430017604 0
0.08410807798444651 0.1700436107329935 0
0.9339253431072942 -0.1501618739447836 0
0.7194547095849557 -2.292205481076929 0
14.80823991647527 1.118478266505205 0
0.7085545259158558 -0.2046392570279733 0
0.9845343059175652 0.1173919696053509 0
0.8963330145144661 -0.1100565577691315 0
0.8846029339689597 -0.1182414498226197 0
0.9049608610965407 -0.1549458644783809 0
0.6005659009425233 -0.1360825978410616 0
0.6088565335279782 -0.2723181366909629 0
1.167833727589849 -0.7019082788954512 0
0.1002502088282438 0.1724523337345016 0
0.512102057829157 0.1710390748834083 0
0.9016583734139786 0.1210188753868635 0
0.1165406745957996 0.1751547313300256 0
0.2263998859579186 -0.1407717427048319 0
0.2233582960292062 -0.1503462085185961 0
0.6821889028435995 0.2926978808028738 0
-0.05381807310195752 -0.1578057754398262 0
1.998893213251796 2.392070909835568 0
0.7828673961537126 0.3736216619406362 0
-0.8347241112606736 1.119148202194575 0
-0.103323092714785 0.1111628378076319 0
0.6580614867006765 0.1558341000942786 0
0.90513366465153 -0.2834100734147013 0
0.8676083052839635 0.1264288541981715 0
1.650932301782466 -13.87750918770089 0
0.0274433422266567 -0.1184162350029914 0
0.7492521291579927 -0.2132753385933196 0
14.24246186724425 -10.64029592671032 0
0.4065490534499807 0.2271113498374913 0
0.6233460410184986 0.2709269656857803 0
-16.77770957997645 -21.04809205231869 0
0.7487584051563421 -15.54210928347345 0
-0.1840951578297743 0.3175589372160699 0
-8.173982773606902 20.33970949666121 0
19.17889758221667 -2.820530137796041 0
0.4758375274398635 -0.1511699440796395 0
0.3241833961089591 0.2513211579866387 0
0.9473818479113904 -0.11082141229499 0
0.9655861877614296 -0.1473351768874495 0
0.9626054544672291 -0.1682928586983466 0
0.5039726305937741 -0.1485332988628691 0
0.5473181081857272 0.1674166237978884 0
0.2269218014733104 0.4190656344735628 0
0.4548321067411828 0.3873313417916536 0
1.96050475087345 -10.18081199202581 0
-0.09806347168717307 -0.07645496720435825 0
-6.037812042622116 12.48480116658781 0
0.1806593223656997 -0.1460417680621956 0
0.2070417013935779 -0.2553857000983125 0
0.04370338148968599 0.1596647031206858 0
1.43676799976886 -0.2765360164781216 0
0.7479562282181624 0.1899944937168928 0
-0.5210908227566856 0.04504871558673772 0
0.9079026054066719 0.119175504419187 0
6.531266503049077 -0.4487204498395843 0
0.5834209810579222 0.1576707038603347 0
0.5759272265514001 0.1643124719659172 0
0.6324163036909752 0.1581746010829374 0
0.7822515873610341 0.1474228802674349 0
0.05089737218072711 0.1627825413667594 0
0.4593628097224789 -0.1616809280665546 0
0.8366232412688586 -0.1251846011223872 0
0.3284045767613773 -0.2706125359700733 0
0.7252126672286457 -0.2268882729557426 0
-13.9478050992285 -8.630915514987313 0
0.2259778753364498 -0.1657270757173174 0
0.2714164001137027 -0.7681571179674891 0
0.2751541082687372 0.2052840805442371 0
1.069227305840198 -0.1759797077466886 0
0.89505388357694 0.1215954851567758 0
10.80876927557319 -5.118401093057484 0
0.5187231490894841 -0.2158707814308913 0
0.9089450151480869 0.1436357923263383 0
0.3391841771257409 0.1826752090126711 0
9.171163352422624 -13.55130163122067 0
0.07583726500935511 0.2550092170456111 0
0.9823069732663658 -0.09978738382625862 0
0.7816677858108143 0.1315566437987825 0
0.8844570393161614 -0.1818102045359211 0
0.8821844503374078 0.1237824200015196 0
19.31375749462775 -21.10463792485695 0
1.710397104955263 -5.504988757656006 0
-0.1713324629578946 -1.037949067670181 0
0.5325680657141119 -0.1656267606816997 0
0.5564885306618734 -0.1724993067403988 0
-18.66432478737283 16.13993108632855 0
1.232086929098675 0.2586629923984365 0
0.1230923573302529 -0.3230852650204328 0
0.1280246112068355 -0.130306627795444 0
-23.08182520062739 -5.87112201247005 0
-0.6394811950595872 0.7174272570955463 0
1.079665478565784 -0.1134696546884601 0
-23.47843294475039 -10.52631578939533 0
1.577266225538108 16.61270610145894 0
0.5809335564802656 -0.1590410778609792 0
0.3429924567143987 -0.1847865720312456 0
0.08633000240188377 0.1785991367674328 0
0.178617781927856 -0.26395724387055 0
0.9739940777202208 0.2188268249154861 0
0.5224567892902779 0.2265499499638303 0
0.3078280143314632 0.1832672029423483 0
0.5041314230354755 0.1707481496490781 0
0.1644365597961468 -0.8590631575402827 0
0.1834262230816703 0.1903231281394418 0
0.04560313244901875 -0.11998808835748 0
0.04069821250033348 -0.1190885729422007 0
23.16425165514002 13.76121758735308 0
23.44231930133845 -13.12128657918597 0
1.610531598950729 -0.7882856345955986 0
0.8564041810862308 0.3650743918075646 0
-0.2532044916780288 0.818709386922837 0
0.994779655137919 -0.3101480950439044 0
23.0735505063891 23.07355050638409 0
-0.1172504451823556 1.016585516476443 0
1.019742138788519 -0.0969206054751704 0
0.2138450950022976 -0.1475276395990556 0
0.2580519826080166 0.2663109874170768 0
23.07355050638409 -23.0735505063891 0
0.1195536017774396 0.183386205303197 0
-23.07355050638409 23.07355050638911 0
-1.673685208624621 1.274758978503951 0
1.018952276142534 0.1440982425746832 0
-11.29905229185898 2.344709108537404 0
0.1518322986340503 -0.1420486278918721 0
0.3864618819710403 -0.1526232538249822 0
0.02033246699285776 -0.1236588702072802 0
-2.206894136789054 1.030254300265728 0
0.1381260779161884 -0.1528186507891236 0
-23.08694930380852 -23.08694930380341 0
0.439941764339761 0.6600904787668406 0
0.1756669454507845 0.195675727869655 0
-1.904707049544804 -1.395603421875607 0
0.1644206577068356 0.4459448644416652 0
1.048336797872953 0.1859661641318198 0
0.7739397900616365 0.1905519928085513 0
17.03183390360044 -9.797284444056302 0
17.12239758732465 -21.14241294501175 0
-4.299962783845563 -8.742740962048215 0
0.3221257111686311 0.182457482935738 0
1.018256886433886 -0.1637686558998108 0
0.012636379638383 0.1479812988524352 0
0.8336839101941314 0.1319290780868764 0
-0.1007201032746127 0.07345760006181111 0
0.1412599121036608 0.1781443605937803 0
0.7100802244594159 -0.1356122977105644 0
1.139398787596543 -0.04362475074059337 0
0.605809907926337 0.1626501838179693 0
0.3116141025704493 -0.1522315779088602 0
0.4586503004679299 0.2204663874339974 0
0.2805428060344099 -0.151291866626766 0
-0.5646320433804709 0.2264054750159524 0
0.6427858225135622 0.3525018225728767 0
0.2628504690650248 -0.1501060199387776 0
0.4969232899676758 -0.1487726830257672 0
-0.4166947527794729 0.317895317404381 0
-21.40758766111687 -14.40180179724274 0
1.111071286833679 0.04942725160525419 0
0.4334562089948244 0.1772705348497452 0
1.154877093109096 0.05817766744017584 0
1.184844559217788 0.02539192134185039 0
-2.265913833926622 -2.905432583793384 0
0.3443360282625057 0.2346737826285985 0
0.9629921826186987 0.1100034020070502 0
-7.730405962125126 6.547551214965718 0
0.5571467942501969 -0.1585396234850464 0
0.2074916132264674 0.1991485572808643 0
0.06798852859285708 0.1651416895598032 0
0.02985338582240638 -0.1271915909953482 0
1.242114361117583 0.03244005648662819 0
0.4639147527336869 -0.1522287891908397 0
3.249290456510842 -4.481736221369451 0
0.5347994516807777 0.1676456107914394 0
1.095336418218299 0.3325712629803763 0
0.1742931554160514 0.1792226208591478 0
9.596204541463781 12.73652925339197 0
0.5955719952928493 0.2162390339124557 0
0.7887753211318393 0.28124950067632 0
0.689278584366522 -0.296094752485958 0
-0.330893853558189 2.100102635451376 0
0.2878376229507588 0.2969534884698306 0
-0.658426405031041 -2.809019178754106 0
0.4287831322315919 -0.1516424408554055 0
0.4291037629791051 0.3142248866926872 0
0.4764369529642347 0.2041205758225259 0
0.03368653189403906 0.2055059639620927 0
-4.701826607653619 12.40040933500795 0
1.07664994287545 1.085755857412699 0
1.491250170729972 0.1329834121661824 0
0.699178651340767 0.1503881779985648 0
7.94000777588136 12.60911824257614 0
0.04292014749065476 0.1676913214489144 0
0.5922265611777174 -0.1359040820978356 0
0.8200644513870659 0.280300640164118 0
-6.399530697314433 2.721366819725079 0
1.319729160557972 0.8294327419239999 0
0.8538313008461453 -0.1222385397574052 0
0.8563948903106329 -0.130042098536698 0
11.74564810027196 -21.37055534321471 0
4.483450818644909 7.629200318553399 0
0.0755246088937061 -0.1326877135306698 0
0.06757884533981418 -0.1416756640023471 0
5.603744703230333 -2.133307916346104 0
1.870768324205196 -0.2744902653745308 0
0.8525309409285016 0.1961989610755933 0
3.063631104379766 0.5602415150566242 0
9.110493230027448 -21.5079060213783 0
5.975717950090465 -0.390596063406813 0
1.060714640910145 -0.5581716865574338 0
-0.07645669385926268 0.5165590994133591 0
0.7302847010239572 0.2844223593693012 0
0.8593919487206139 0.1360704566432672 0
5.423094443658423 3.264130249752123 0
0.1583600091387566 -0.1862129772697633 0
0.20835178537956 0.2798460562096414 0
19.64031692720786 4.950366760597417 0
-1.594973109009055 0.09070146255936154 0
14.24921434699651 -18.90199687752143 0
4.161592653682085 -3.182565105711936 0
5.959537872299741 7.606747764652741 0
0.1020356584480816 0.1814573730451368 0
19.45240011575396 -0.001317940233329415 0
0.3498689925310626 -0.1535126616613415 0
0.2266224461496105 -0.1826328568282857 0
0.1421156517493649 0.4793062776367221 0
0.9443500189606152 0.4767226894822986 0
-0.1298539879521289 0.5039409899832761 0
0.4071719994704816 0.1788426648977509 0
0.1670565814526678 -0.3004409931013545 0
0.1521147289368183 0.187018590976326 0
9.526336580485788 -1.933520346988542 0
-0.128216661305613 -17.15136185005617 0
0.9615181276182806 0.1321304385783512 0
0.004928795217562885 -0.2653734798002511 0
0.5424361614447319 0.3007881295848525 0
-0.1652840192706356 0.6945425264096036 0
-8.218189739453692 -20.84762868323187 0
0.8137458950089059 -0.188325698257215 0
-4.174435498042318 13.61478216792573 0
2.524713487525148 19.57572778912672 0
0.09342217331547205 0.1862482150577513 0
6.979226239703777 0.0839767413044617 0
0.6989654095183915 0.1951634863558827 0
0.3875163929997876 -0.3250733832558181 0
0.07626540132316734 0.1676298938487283 0
0.2406995990573627 0.2021339173537762 0
-0.8118008444958809 -1.060941887640993 0
-1.091475962229877 -2.431226095931502 0
0.2478693112089429 0.1823283285280808 0
3.178672507588689 8.290446421061599 0
5.600851060654537 -6.246527368805808 0
-0.3665621423115167 0.6967568533364417 0
5.798655430151427 11.26001298230588 0
8.644079354837853 -8.296726504189895 0
0.9521770138617059 0.1693047826471391 0
0.1578528500242116 0.1797030425112499 0
0.7343753256779477 2.084862592066204 0
0.9541390226935104 -0.1083705504480962 0
-20.6674577364704 16.33809516947798 0
1.007583449757879 0.2622926116669739 0
-21.00914056253861 -20.54392819363315 0
0.1619465279138978 0.4100635171561815 0
0.4165479947106628 -0.1722952836944982 0
-14.96617147095444 -10.18137138628344 0
0.5213303669917004 -0.1476792349179042 0
0.8000267535977215 -0.2309250464703065 0
0.9353996203791081 -0.1659579459847489 0
0.09235475934960727 0.1706125176956097 0
0.1595602825666446 0.2513049780338807 0
-9.68029956977376 14.62720928697284 0
0.8091246431746441 0.1856095761144916 0
4.722221417166539 5.161217540071425 0
0.4476438456676898 0.1760984008092284 0
0.02826677827182753 -0.147030116200212 0
0.3425418249805078 0.6603654593498877 0
-0.3993364114779677 -1.113534111189307 0
5.000143971393655 12.3097497873105 0
0.902692591543812 -0.1086162358522256 0
0.125901157297454 0.1909447145599495 0
1.245440712397806 0.1002498139841509 0
0.6577601609483873 0.2897694176893326 0
0.7874940341648512 -0.128658336370769 0
1.004846444564471 0.3045248147514758 0
-23.66736003508002 10.5263157895377 0
-10.76741661224612 4.131383995372812 0
-18.14846630128887 4.67969800406821 0
0.5379760319896983 0.3573826646660017 0
0.6886789954454529 0.2124134212898451 0
-0.6225690592138139 0.1094524860746054 0
0.9291229675294802 0.1165664581567674 0
1.279560483962872 -0.01333219962671408 0
0.1357231266733588 0.1859703099465622 0
4.903259063027826 -3.142775866557096 0
1.438118001852127 1.95754846996882 0
1.458161848755256 -2.085374016967465 0
0.4024437788323958 -0.370996060137005 0
2.189878153577256 4.666536049000235 0
0.09728258679191601 -0.1649292418807363 0
0.1431349035746562 0.1940061121119374 0
-21.46585849790261 14.48816156086767 0
0.3331491509184705 0.3560340341389767 0
0.7425882240295321 -0.154863307135385 0
0.9126658067426188 -0.1139426074239086 0
-6.174586467941322 -8.794473997373252 0
1.086404730960804 -0.07907608727753196 0
-0.01011576549893216 0.1630556564164647 0
0.09730500956051294 -0.1347404356603381 0
0.9958332171997648 0.09996754101933814 0
-0.1096986027007732 0.2072561737783188 0
-0.006074113521349934 0.2441878574887116 0
0.1705638691422821 0.275828623567635 0
0.2211547152587676 0.2943710237983251 0
0.08706702235604868 0.2759405135209694 0
0.7436017286995226 -0.1446307515010193 0
0.3486211499980745 0.1800622608821532 0
0.6205775551394876 0.3784728346469177 0
0.155198835108137 0.2850025340232421 0
-21.16769120237442 7.279732493888327 0
5.180635455707876 8.975738790318253 0
15.33057502840779 -0.2279810977271224 0
-0.03561191479161501 0.1387827440996414 0
4.703320453697352 1.497196528958293 0
0.2344300815178982 -0.1402022130411968 0
0.9727075620804367 -0.195565816502565 0
1.103242746076951 -0.1276580644922309 0
0.3841151139912403 0.2142234988656405 0
-0.08910657583180059 -0.298639364856032 0
0.1253182327648925 0.1752766797870566 0
0.7632198980290203 -0.1314213068515453 0
0.1219949755525159 -0.1299859181607106 0
-5.163781376674713 20.21206925218855 0
0.3924741235708107 -0.1689008104020601 0
13.95948738364221 1.939986115997953 0
2.9381656630139 -0.9392237570746949 0
0.515656936976666 0.3889341240745883 0
0.1082333548939236 0.1743036887599192 0
0.9393141339544328 -0.1041354128823897 0
0.596192848264397 0.355815242427274 0
-2.232360519112443 -1.636263687056674 0
0.4448625969939051 0.2209518680434312 0
0.7358925225550735 0.2071096318656859 0
-0.2158477887824144 -0.74858334963077 0
0.3950566504056887 -0.1802182877702427 0
9.851846313000511 -14.90187520947096 0
-3.276377773113083 1.571217823246045 0
6.707402913487329 -21.78058869393977 0
0.1429074286985963 0.2712217307435544 0
0.7242631157515511 0.147006222532196 0
-14.86944259229182 0.5001157372719287 0
-2.600469226588294 5.846967109263762 0
0.6532973423664693 -0.1396289263436445 0
-1.226600624613658 10.02443582855479 0
6.976387714373026 -7.525110833592319 0
0.2209224806330762 -0.3898749019359128 0
0.3446313370474438 -2.27763226502521 0
1.000467159614537 -0.1588046484718107 0
1.918512780191238 0.4666399606928758 0
9.826382182228469 6.560858316363518 0
0.6734119791131938 0.1990874930181465 0
0.7819427413614295 0.198580358654978 0
2.229378403658034 3.397074314637146 0
-0.3061685406631803 -0.2575343797534479 0
-2.599792472368675 -1.366500613041311 0
0.5755090365137252 0.1728713817582332 0
-10.16915358573601 5.925580752049341 0
0.4327325256929314 0.2378784766939392 0
0.5605425967678451 0.1641242788455991 0
-0.323977267438802 0.4470084705306928 0
0.7228338166406144 0.1923101187048835 0
0.02884017091008562 -0.1639666215017979 0
22.86088644025309 6.267137693090732 0
0.9006276658850987 -0.1948686661769709 0
0.1717392608355308 0.5240307729468499 0
-0.2914939394716328 0.03682640883122579 0
0.5238019473223594 -0.6822098546129296 0
0.617168095989719 -0.1443315535305557 0
1.50206643439758 0.8392961404833891 0
0.4979490949646516 0.1841905611660747 0
1.105427860103267 -0.05430737651375338 0
0.9672596406965255 -0.1056415130285406 0
0.858834815094651 -0.1905472499147162 0
$EndNodes
$Elements
8 10446 1 10446
1 1 1 149
1 1 7 
2 7 8 
3 8 9 
4 9 10 
5 10 11 
6 11 12 
7 12 13 
8 13 14 
9 14 15 
10 15 16 
11 16 17 
12 17 18 
13 18 19 
14 19 20 
15 20 21 
16 21 22 
17 22 23 
18 23 24 
19 24 25 
20 25 26 
21 26 27 
22 27 28 
23 28 29 
24 29 30 
25 30 31 
26 31 32 
27 32 33 
28 33 34 
29 34 35 
30 35 36 
31 36 37 
32 37 38 
33 38 39 
34 39 40 
35 40 41 
36 41 42 
37 42 43 
38 43 44 
39 44 45 
40 45 46 
41 46 47 
42 47 48 
43 48 49 
44 49 50 
45 50 51 
46 51 52 
47 52 53 
48 53 54 
49 54 55 
50 55 56 
51 56 57 
52 57 58 
53 58 59 
54 59 60 
55 60 61 
56 61 62 
57 62 63 
58 63 64 
59 64 65 
60 65 66 
61 66 67 
62 67 68 
63 68 69 
64 69 70 
65 70 71 
66 71 72 
67 72 73 
68 73 74 
69 74 75 
70 75 76 
71 76 77 
72 77 78 
73 78 79 
74 79 80 
75 80 81 
76 81 82 
77 82 83 
78 83 84 
79 84 85 
80 85 86 
81 86 87 
82 87 88 
83 88 89 
84 89 90 
85 90 91 
86 91 92 
87 92 93 
88 93 94 
89 94 95 
90 95 96 
91 96 97 
92 97 98 
93 98 99 
94 99 100 
95 100 101 
96 101 102 
97 102 103 
98 103 104 
99 104 105 
100 105 106 
101 106 107 
102 107 108 
103 108 109 
104 109 110 
105 110 111 
106 111 112 
107 112 113 
108 113 114 
109 114 115 
110 115 116 
111 116 117 
112 117 118 
113 118 119 
114 119 120 
115 120 121 
116 121 122 
117 122 123 
118 123 124 
119 124 125 
120 125 126 
121 126 127 
122 127 128 
123 128 129 
124 129 130 
125 130 131 
126 131 132 
127 132 133 
128 133 134 
129 134 135 
130 135 136 
131 136 137 
132 137 138 
133 138 139 
134 139 140 
135 140 141 
136 141 142 
137 142 143 
138 143 144 
139 144 145 
140 145 146 
141 146 147 
142 147 148 
143 148 149 
144 149 150 
145 150 151 
146 151 152 
147 152 153 
148 153 154 
149 154 2 
1 2 1 149
150 2 155 
151 155 156 
152 156 157 
153 157 158 
154 158 159 
155 159 160 
156 160 161 
157 161 162 
158 162 163 
159 163 164 
160 164 165 
161 165 166 
162 166 167 
163 167 168 
164 168 169 
165 169 170 
166 170 171 
167 171 172 
168 172 173 
169 173 174 
170 174 175 
171 175 176 
172 176 177 
173 177 178 
174 178 179 
175 179 180 
176 180 181 
177 181 182 
178 182 183 
179 183 184 
180 184 185 
181 185 186 
182 186 187 
183 187 188 
184 188 189 
185 189 190 
186 190 191 
187 191 192 
188 192 193 
189 193 194 
190 194 195 
191 195 196 
192 196 197 
193 197 198 
194 198 199 
195 199 200 
196 200 201 
197 201 202 
198 202 203 
199 203 204 
200 204 205 
201 205 206 
202 206 207 
203 207 208 
204 208 209 
205 209 210 
206 210 211 
207 211 212 
208 212 213 
209 213 214 
210 214 215 
211 215 216 
212 216 217 
213 217 218 
214 218 219 
215 219 220 
216 220 221 
217 221 222 
218 222 223 
219 223 224 
220 224 225 
221 225 226 
222 226 227 
223 227 228 
224 228 229 
225 229 230 
226 230 231 
227 231 232 
228 232 233 
229 233 234 
230 234 235 
231 235 236 
232 236 237 
233 237 238 
234 238 239 
235 239 240 
236 240 241 
237 241 242 
238 242 243 
239 243 244 
240 244 245 
241 245 246 
242 246 247 
243 247 248 
244 248 249 
245 249 250 
246 250 251 
247 251 252 
248 252 253 
249 253 254 
250 254 255 
251 255 256 
252 256 257 
253 257 258 
254 258 259 
255 259 260 
256 260 261 
257 261 262 
258 262 263 
259 263 264 
260 264 265 
261 265 266 
262 266 267 
263 267 268 
264 268 269 
265 269 270 
266 270 271 
267 271 272 
268 272 273 
269 273 274 
270 274 275 
271 275 276 
272 276 277 
273 277 278 
274 278 279 
275 279 280 
276 280 281 
277 281 282 
278 282 283 
279 283 284 
280 284 285 
281 285 286 
282 286 287 
283 287 288 
284 288 289 
285 289 290 
286 290 291 
287 291 292 
288 292 293 
289 293 294 
290 294 295 
291 295 296 
292 296 297 
293 297 298 
294 298 299 
295 299 300 
296 300 301 
297 301 302 
298 302 1 
1 3 1 19
299 3 303 
300 303 304 
301 304 305 
302 305 306 
303 306 307 
304 307 308 
305 308 309 
306 309 310 
307 310 311 
308 311 312 
309 312 313 
310 313 314 
311 314 315 
312 315 316 
313 316 317 
314 317 318 
315 318 319 
316 319 320 
317 320 4 
1 4 1 19
318 4 321 
319 321 322 
320 322 323 
321 323 324 
322 324 325 
323 325 326 
324 326 327 
325 327 328 
326 328 329 
327 329 330 
328 330 331 
329 331 332 
330 332 333 
331 333 334 
332 334 335 
333 335 336 
334 336 337 
335 337 338 
336 338 5 
1 5 1 19
337 5 339 
338 339 340 
339 340 341 
340 341 342 
341 342 343 
342 343 344 
343 344 345 
344 345 346 
345 346 347 
346 347 348 
347 348 349 
348 349 350 
349 350 351 
350 351 352 
351 352 353 
352 353 354 
353 354 355 
354 355 356 
355 356 6 
1 6 1 19
356 6 357 
357 357 358 
358 358 359 
359 359 360 
360 360 361 
361 361 362 
362 362 363 
363 363 364 
364 364 365 
365 365 366 
366 366 367 
367 367 368 
368 368 369 
369 369 370 
370 370 371 
371 371 372 
372 372 373 
373 373 374 
374 374 3 
2 1 2 6594
375 1 1508 1519 
376 1 1519 1530 
377 1 1530 1541 
378 1 1541 1552 
379 1 1552 1563 
380 1 1563 1574 
381 1 1574 1585 
382 1 1585 1596 
383 1 1596 1607 
384 1 1607 1618 
385 1 1618 1629 
386 1 1629 1640 
387 1 1640 1651 
388 1 1651 1662 
389 1 1662 1673 
390 1 1673 1684 
391 1 1684 1695 
392 1 1695 1706 
393 1 1706 1717 
394 1 1717 1728 
395 4669 5464 5463 
396 4527 6160 5529 
397 4770 4784 4777 
398 4947 6124 4948 
399 4837 5030 4843 
400 5304 6672 5677 
401 4269 6149 4305 
402 4922 5310 5238 
403 5235 6336 6172 
404 5008 5279 4930 
405 5114 6514 4717 
406 5030 5055 4843 
407 4865 5240 5012 
408 5910 5953 4846 
409 4485 5520 5358 
410 4758 4776 4771 
411 4574 6227 5840 
412 4784 4792 4777 
413 4528 5845 4406 
414 5550 6781 4221 
415 5120 5456 5455 
416 4915 5031 4918 
417 5529 6160 5605 
418 5400 6379 4649 
419 5097 6279 5421 
420 4948 6030 5372 
421 5242 6563 5838 
422 3531 5864 2178 
423 4373 6351 4375 
424 4561 5349 5347 
425 6005 6355 6006 
426 1738 6697 6271 
427 5346 6167 4230 
428 4865 5012 4801 
429 6120 6121 4923 
430 5351 5968 4497 
431 4233 6411 5441 
432 5978 6079 4515 
433 5362 5768 4088 
434 4158 6385 5648 
435 5439 6345 4868 
436 4758 4771 4750 
437 5823 6936 5593 
438 6051 6115 5994 
439 5533 6650 4621 
440 5528 5971 4432 
441 5570 6289 4486 
442 6062 6931 4848 
443 5709 6266 6044 
444 6180 6193 4037 
445 5666 6393 4940 
446 4227 6204 5641 
447 4303 6134 5581 
448 4770 4777 4759 
449 5721 6487 5302 
450 5825 6149 4269 
451 5174 5178 4924 
452 5174 5584 5178 
453 2178 5864 4348 
454 4006 6314 5802 
455 5718 6528 5509 
456 6534 6732 6203 
457 5415 5674 5043 
458 4271 6691 5343 
459 5134 5243 4899 
460 4576 6063 4542 
461 5145 6560 5545 
462 4579 6776 5838 
463 5498 6411 4233 
464 5314 5795 4298 
465 4839 5365 4765 
466 4013 6256 6072 
467 4926 5174 4924 
468 5598 5851 4687 
469 4375 6351 4379 
470 5726 6124 4947 
471 4869 6561 5536 
472 4256 6857 4294 
473 5442 6006 5228 
474 4922 5238 4909 
475 5357 6533 4584 
476 6172 6336 4446 
477 5069 6486 6149 
478 4022 6453 6050 
479 6093 6193 6180 
480 6213 6254 5505 
481 5764 6739 5766 
482 5392 5393 5368 
483 5802 5803 4006 
484 5556 5585 4666 
485 4081 5737 5525 
486 5498 6344 4878 
487 6081 6083 6082 
488 5858 6744 5519 
489 5357 6521 5704 
490 5561 6393 5666 
491 6032 6327 4571 
492 4900 5134 4899 
493 6070 6469 5788 
494 5196 5474 5473 
495 5466 5726 4947 
496 4792 4865 4801 
497 4837 4843 4794 
498 5554 6244 4002 
499 4440 6355 6005 
500 5834 6599 5736 
501 4090 5500 4080 
502 5060 6085 4928 
503 4784 5057 4792 
504 4735 4770 4759 
505 5690 6356 5689 
506 4685 5415 5043 
507 4127 6626 5461 
508 4431 5893 5808 
509 5872 6337 5871 
510 4551 5850 4549 
511 5278 6032 5877 
512 5871 6337 4016 
513 4831 6755 4915 
514 6119 6120 5310 
515 5458 5459 4150 
516 5031 6258 5472 
517 4862 5008 4930 
518 4435 5588 5587 
519 5307 6074 4994 
520 4746 4758 4750 
521 5842 6755 4831 
522 5232 5779 5576 
523 3883 5494 5493 
524 4619 5533 4621 
525 3975 5606 4063 
526 4665 5687 5302 
527 5474 6948 5473 
528 5167 6080 6046 
529 4820 6872 4825 
530 6181 6576 4752 
531 5255 6548 5308 
532 5677 6672 367 
533 4784 6654 5057 
534 4757 6186 5679 
535 5013 5410 5014 
536 3934 5974 5789 
537 5316 6361 4156 
538 4922 6119 5310 
539 5775 6385 6237 
540 6058 6436 5496 
541 5000 5697 4999 
542 5088 6390 5791 
543 3880 5743 5742 
544 5641 6468 4227 
545 5860 6280 4486 
546 5643 6368 6288 
547 4899 5244 4857 
548 5443 5649 5136 
549 5013 5014 4905 
550 4991 5480 5479 
551 5136 6447 5443 
552 4613 5563 5500 
553 4653 5702 5547 
554 4230 6761 5346 
555 4156 6295 5316 
556 4271 5343 4275 
557 4469 6512 4376 
558 4814 5904 4811 
559 4812 6489 4818 
560 5240 6677 5012 
561 5291 6521 4248 
562 5040 5803 5802 
563 6040 6055 5260 
564 5634 6089 5647 
565 4002 6245 5554 
566 4720 5035 4723 
567 3898 5830 5828 
568 5588 6641 5129 
569 4127 5461 4124 
570 5247 6161 5728 
571 5278 6327 6032 
572 5468 5573 5067 
573 5519 6744 5140 
574 4711 4717 4716 
575 4354 6435 5570 
576 5343 5556 4666 
577 4088 5767 5362 
578 4503 5490 4397 
579 5555 5666 3989 
580 4376 6512 5453 
581 5058 6667 4865 
582 4681 5468 5067 
583 6112 6500 5117 
584 5785 6284 4512 
585 5269 6241 5342 
586 6004 6296 5185 
587 5850 6352 4549 
588 4542 6063 4544 
589 5427 5784 4149 
590 4850 5548 5268 
591 4930 5018 4931 
592 4669 5463 4176 
593 4388 5719 5477 
594 5479 6924 4853 
595 4836 5904 4814 
596 1430 6271 4308 
597 308 6459 3878 
598 4831 4915 4833 
599 4102 5929 5667 
600 4724 6935 4725 
601 4976 5454 5246 
602 4497 5968 4499 
603 3888 5875 5830 
604 4475 6435 4354 
605 5893 5991 4103 
606 5581 6135 5481 
607 5705 5706 5393 
608 4711 5114 4717 
609 4991 5479 4853 
610 5327 5581 5481 
611 5175 5643 5174 
612 4924 6879 4922 
613 4584 6521 5357 
614 5357 5704 5077 
615 4771 4778 4774 
616 5472 6258 5137 
617 5392 5705 5393 
618 4388 5477 4385 
619 4862 4930 4863 
620 6477 6754 6011 
621 4728 5298 4735 
622 4743 5249 4746 
623 5441 6410 6384 
624 4221 6831 5550 
625 5711 5904 4836 
626 5444 6066 4840 
627 5650 5939 4043 
628 5891 5893 4103 
629 4457 6210 5782 
630 5717 6027 5295 
631 5571 5879 3874 
632 6175 6618 4754 
633 5713 5714 4979 
634 5667 6522 4102 
635 5516 6218 5057 
636 4785 4794 4784 
637 4432 5587 5528 
638 4245 5291 4248 
639 5306 6857 4256 
640 3878 6459 5811 
641 350 5475 3875 
642 4649 6345 5400 
643 4083 5486 4089 
644 4013 6072 6071 
645 5024 5048 5046 
646 4974 6902 5454 
647 4868 6333 5439 
648 4838 5239 4837 
649 3955 5989 5553 
650 4587 4663 4586 
651 5790 5823 5593 
652 3957 5780 5649 
653 5011 6815 5059 
654 4453 5955 5694 
655 4515 6079 5684 
656 5551 5585 5556 
657 4665 5300 4663 
658 4914 4922 4909 
659 5347 6208 4561 
660 5673 6885 5671 
661 4646 6323 4678 
662 5012 5309 5064 
663 4421 6356 5690 
664 4579 5838 4978 
665 3980 6292 5606 
666 5562 6055 6040 
667 4738 6579 6162 
668 5120 5455 5121 
669 4061 5552 5325 
670 4430 5964 5573 
671 4550 5646 4552 
672 4778 4786 4780 
673 4675 5768 4677 
674 4203 5794 4145 
675 5577 6536 4062 
676 4795 4837 4794 
677 6320 6715 6430 
678 5672 5906 5557 
679 3931 5649 5443 
680 5134 5799 5243 
681 4256 4294 4260 
682 4679 6023 5846 
683 5568 6216 4518 
684 6496 6568 5990 
685 3874 5879 344 
686 6255 6375 5281 
687 4907 5013 4905 
688 4653 6419 5702 
689 364 6436 6058 
690 4725 5401 4727 
691 4747 5491 4749 
692 5250 6437 5491 
693 6276 6519 4343 
694 5686 6378 5968 
695 5057 5058 4865 
696 5283 6746 6235 
697 4687 5851 4980 
698 5789 5974 5808 
699 5594 6126 6050 
700 4486 6280 5809 
701 3921 5713 4979 
702 4720 6169 5035 
703 4694 5858 5072 
704 5704 5726 5466 
705 4801 5064 4802 
706 4178 6469 6070 
707 5072 5858 5580 
708 6279 6611 5421 
709 5629 5849 5628 
710 4243 4292 4245 
711 5030 5575 5055 
712 5563 6315 5969 
713 5940 6472 5548 
714 4792 4801 4793 
715 5239 5337 5030 
716 6110 6429 5635 
717 3876 5515 5514 
718 4848 6354 6062 
719 4981 5851 5598 
720 5377 5378 4968 
721 5342 6114 5269 
722 5782 6210 5786 
723 4926 5175 5174 
724 5500 6334 4613 
725 4593 4594 4051 
726 6307 6464 5437 
727 4486 6289 5860 
728 5276 6303 6195 
729 6195 6303 4452 
730 3906 5531 3904 
731 4263 4302 4265 
732 4286 5314 4298 
733 4228 6619 4615 
734 4585 4587 4586 
735 5049 6606 5944 
736 5188 5798 5622 
737 5838 6563 5750 
738 4587 4665 4663 
739 4973 5299 5270 
740 5088 5791 5415 
741 4838 6265 5239 
742 4561 5559 5349 
743 5519 6619 4228 
744 4886 4941 4884 
745 4431 5991 5893 
746 1045 4559 4052 
747 5482 6844 4852 
748 4060 6249 6098 
749 5429 6407 6298 
750 4948 6124 6030 
751 5228 6369 5442 
752 4005 6874 5333 
753 4818 5392 5368 
754 5317 5318 4302 
755 4708 6943 4711 
756 4056 5999 5841 
757 6121 6259 4923 
758 5321 6670 6532 
759 5877 6032 4462 
760 5302 6767 5721 
761 4665 5301 5300 
762 5485 5583 4689 
763 3880 5742 327 
764 5715 6062 4544 
765 4182 5659 4184 
766 4986 5896 5453 
767 5075 5317 4302 
768 5294 5933 5926 
769 4855 4991 4853 
770 6561 6949 5536 
771 5042 5521 5520 
772 4915 6257 5031 
773 6068 6247 4289 
774 4761 5904 5711 
775 5503 6213 5505 
776 5491 6437 4749 
777 5196 5473 5194 
778 4101 6496 5990 
779 4585 4586 4479 
780 4859 4899 4857 
781 6266 6739 4821 
782 6122 6671 4714 
783 5840 6313 4574 
784 4123 5458 4150 
785 5705 6489 4851 
786 4406 5845 4409 
787 5000 5807 5697 
788 4049 5539 4047 
789 4648 6323 4646 
790 4535 4608 4536 
791 4778 6962 4786 
792 5005 5517 4596 
793 5082 6722 5315 
794 4796 6790 5711 
795 5303 5553 5301 
796 6054 6570 4528 
797 5159 6395 5315 
798 4850 5268 4849 
799 4609 4849 4608 
800 4790 6962 4778 
801 5212 6289 5570 
802 3888 6111 5875 
803 4260 5075 4263 
804 4292 5291 4245 
805 4974 5454 4976 
806 5005 5518 5517 
807 6150 6847 4776 
808 5835 6085 5833 
809 6098 6720 4060 
810 4603 6885 5673 
811 4241 5328 4243 
812 4435 5839 5588 
813 4456 6027 5717 
814 4930 6422 5018 
815 5539 6696 4047 
816 4080 5500 4077 
817 4305 6691 4271 
818 5840 6227 5601 
819 5303 5870 5553 
820 4718 6908 4791 
821 4818 5368 4820 
822 5021 6516 5263 
823 5487 6712 5486 
824 3887 6061 5636 
825 4853 6924 4852 
826 4725 4727 4726 
827 4827 6548 5432 
828 5346 6385 5775 
829 6618 6752 4754 
830 5947 6372 5448 
831 5553 5870 3955 
832 4746 4750 4747 
833 5008 6389 5538 
834 5905 5988 5277 
835 3991 5716 4146 
836 5795 5881 4298 
837 5922 6567 4702 
838 5302 6487 5303 
839 5358 6451 4485 
840 6532 6670 5035 
841 5040 5802 5801 
842 5006 6096 5684 
843 5669 5671 5670 
844 4735 4759 4736 
845 5548 5876 5268 
846 4743 6309 5249 
847 5528 6415 5971 
848 5024 5046 5026 
849 5022 6141 5919 
850 5478 5850 4554 
851 4282 5416 4398 
852 4846 5952 5910 
853 5717 6931 6062 
854 4570 5659 4182 
855 5486 5810 4089 
856 6394 6936 5823 
857 4401 4585 4479 
858 4298 5595 4290 
859 5064 6389 4802 
860 4842 4852 4838 
861 5421 6409 5097 
862 6176 6239 5523 
863 5948 6724 5456 
864 4923 6122 6120 
865 1782 5237 2915 
866 5935 6086 5936 
867 4561 5767 4026 
868 4327 5858 5519 
869 5445 6760 5249 
870 3879 5601 5600 
871 5792 6430 5446 
872 4088 5768 5532 
873 5748 6363 6090 
874 4094 6053 4092 
875 6405 6406 4764 
876 4689 5730 4472 
877 5298 6302 4735 
878 5050 5457 5120 
879 5684 6096 4515 
880 6108 6753 5403 
881 4470 4535 4469 
882 5649 5780 5135 
883 4839 5897 5365 
884 4587 5687 4665 
885 5984 6504 5213 
886 4037 6189 6180 
887 3879 5602 5601 
888 4518 6216 4415 
889 6149 6486 4305 
890 6034 6472 4423 
891 4723 6935 4724 
892 5718 6443 4209 
893 5129 6641 5132 
894 4914 4924 4922 
895 4556 5478 4554 
896 6195 6397 5276 
897 5663 6117 4301 
898 5528 5587 5128 
899 5463 5688 4889 
900 3970 5988 5905 
901 3978 5604 4230 
902 4663 4973 4664 
903 5647 6089 3880 
904 5485 6434 5576 
905 4371 6351 4373 
906 4915 4918 4833 
907 5169 6080 5167 
908 5885 6781 5550 
909 5008 5589 5279 
910 5456 6346 5948 
911 4062 6536 4036 
912 4655 5646 5524 
913 5598 5645 4981 
914 4973 5270 4974 
915 5246 6161 5247 
916 5011 6566 5321 
917 4844 6622 5558 
918 4600 6455 6002 
919 5393 5683 5682 
920 4802 4862 4861 
921 5969 6315 4418 
922 4411 5922 4702 
923 4995 5796 5537 
924 5243 5326 5244 
925 5636 6690 3887 
926 5996 6024 5525 
927 4653 5547 3947 
928 5446 6430 5447 
929 5812 6353 4400 
930 5630 6353 5812 
931 5538 6388 5008 
932 5846 6600 4679 
933 4561 6208 5767 
934 5834 6085 5060 
935 5648 6385 5344 
936 4382 6351 4371 
937 357 5854 358 
938 5756 6158 4548 
939 5581 6541 4303 
940 6010 6255 5281 
941 4451 6463 5818 
942 5441 6411 6410 
943 4967 5377 4968 
944 4485 5522 5520 
945 4090 6334 5500 
946 5471 6480 5700 
947 4900 5801 5134 
948 5794 6053 4145 
949 5215 5984 5213 
950 5606 6467 4063 
951 4209 6564 5718 
952 6155 6579 4738 
953 5686 5968 5351 
954 5301 5489 5300 
955 5075 6685 5317 
956 5333 6784 4005 
957 5517 5518 3913 
958 4269 4305 4271 
959 4348 5864 5579 
960 4163 5562 4653 
961 4252 5306 4256 
962 4213 5329 4241 
963 5606 6292 5234 
964 5050 6793 5457 
965 5145 6962 6560 
966 5206 6640 5774 
967 4677 5768 5362 
968 4855 6678 4991 
969 6608 6708 5177 
970 5552 5970 5325 
971 5995 6046 4783 
972 5116 5548 4850 
973 5042 5536 4321 
974 5881 6958 5771 
975 4460 6507 6399 
976 4720 4723 4722 
977 5917 6549 4781 
978 5048 6571 5046 
979 4851 6906 5705 
980 5437 6862 6307 
981 5454 5667 5246 
982 4482 4689 4472 
983 5429 5785 5427 
984 5126 5528 5128 
985 4345 6276 4343 
986 4302 5319 4265 
987 1518 4051 1529 
988 4309 6961 6488 
989 6241 6636 5342 
990 4391 6829 5572 
991 5813 5814 5284 
992 4174 5953 5910 
993 5374 5375 4967 
994 4600 6500 6112 
995 6002 6500 4600 
996 4776 6847 4771 
997 4713 6221 5957 
998 4689 6434 5485 
999 6115 6764 5994 
1000 5472 6478 5031 
1001 5012 5554 5309 
1002 5365 6503 4765 
1003 5520 5522 5042 
1004 3906 5992 5531 
1005 5057 6218 5058 
1006 5486 6712 5810 
1007 3891 6373 5950 
1008 5194 5473 5465 
1009 5295 6931 5717 
1010 4691 5779 5232 
1011 5244 6012 4857 
1012 5337 6643 5030 
1013 5774 5972 5385 
1014 5890 6536 5037 
1015 6234 6732 5800 
1016 4807 6651 4851 
1017 5738 5996 5525 
1018 4426 6724 5948 
1019 5602 6200 5746 
1020 5746 6797 5602 
1021 4610 4988 4987 
1022 4840 6067 5444 
1023 4535 4536 4469 
1024 5688 6420 4889 
1025 4248 4584 4250 
1026 4062 5908 5577 
1027 5018 5476 5019 
1028 4560 6889 4052 
1029 5411 6215 5410 
1030 4676 5593 5297 
1031 4897 5862 5100 
1032 5390 5414 5039 
1033 5509 6528 5107 
1034 5548 6166 5940 
1035 5014 6805 4905 
1036 4043 5940 5650 
1037 4550 6428 5646 
1038 4655 5524 4658 
1039 4611 6133 4505 
1040 4988 5340 5339 
1041 5475 5873 3875 
1042 5557 5906 4953 
1043 5635 6718 6110 
1044 4650 5947 5448 
1045 5046 5501 5047 
1046 4989 5294 5049 
1047 5555 6371 5666 
1048 4717 6908 4718 
1049 5800 6735 6234 
1050 4786 6953 4780 
1051 5016 5796 4995 
1052 4608 4610 4536 
1053 5315 5558 5159 
1054 5291 5726 5704 
1055 6030 6125 5372 
1056 3883 6058 5494 
1057 5525 6024 4081 
1058 3898 6416 5830 
1059 4717 4718 4716 
1060 5723 6480 5470 
1061 5484 5778 3877 
1062 6430 6625 6320 
1063 5400 6412 6379 
1064 5669 5670 5668 
1065 5722 6927 5642 
1066 5546 5865 3900 
1067 5144 5862 4897 
1068 3883 5677 366 
1069 4456 5717 5714 
1070 5294 6606 5049 
1071 4042 5552 4061 
1072 5622 5950 5188 
1073 3980 5606 3975 
1074 5595 6317 5066 
1075 4988 5339 4989 
1076 4950 6891 5719 
1077 6047 6620 5995 
1078 4878 6411 5498 
1079 5453 6512 4986 
1080 3880 6089 5743 
1081 4528 6570 5844 
1082 5472 6692 5139 
1083 5243 6151 5326 
1084 4704 6067 4840 
1085 5669 5673 5671 
1086 4609 4850 4849 
1087 4260 6431 5075 
1088 4610 5341 4988 
1089 5310 6710 5238 
1090 5785 6499 6284 
1091 5628 5849 5638 
1092 4728 4735 4734 
1093 4250 5306 4252 
1094 5255 6716 5252 
1095 4097 5559 4030 
1096 3951 5604 3978 
1097 4859 4900 4899 
1098 5862 6821 5546 
1099 4613 6315 5563 
1100 5755 5821 4834 
1101 4275 5343 4278 
1102 4988 4989 4987 
1103 5060 6599 5834 
1104 5237 5597 2915 
1105 4332 6947 5421 
1106 5268 5269 4849 
1107 5370 6601 4139 
1108 5558 6937 4844 
1109 5557 5918 4216 
1110 5544 6158 5756 
1111 5803 5804 4006 
1112 5605 6160 4207 
1113 4921 5383 5382 
1114 4800 6905 4844 
1115 4996 5380 5379 
1116 6185 6746 5283 
1117 5562 6040 4653 
1118 4764 6406 5934 
1119 6046 6132 4783 
1120 5952 6402 5061 
1121 4387 5477 4401 
1122 4535 4609 4608 
1123 5428 6407 5429 
1124 326 5647 3880 
1125 6307 6862 4474 
1126 4978 5838 5750 
1127 5536 6949 4321 
1128 4456 5714 5713 
1129 4012 6108 5403 
1130 5313 5322 5187 
1131 5899 6084 4688 
1132 4743 4746 4745 
1133 5065 6196 6077 
1134 4056 5841 5839 
1135 5787 6542 6388 
1136 6189 6190 6180 
1137 4690 5387 5386 
1138 6294 6295 5241 
1139 4822 5821 4977 
1140 4837 5239 5030 
1141 4154 5419 5417 
1142 4596 5517 3911 
1143 5856 6084 5899 
1144 5404 6296 6004 
1145 5180 6511 6301 
1146 4704 4840 4706 
1147 3882 5546 3899 
1148 3882 5862 5546 
1149 4139 6601 5837 
1150 5788 6627 6070 
1151 5635 6089 5634 
1152 3918 6415 5603 
1153 5950 6373 5188 
1154 3899 5546 3900 
1155 6019 6355 6018 
1156 5641 6204 5675 
1157 4381 4469 4376 
1158 5518 6933 3913 
1159 5490 6055 4397 
1160 4092 6053 4604 
1161 4482 6434 4689 
1162 6356 6399 5689 
1163 4617 4619 4618 
1164 4697 5396 5395 
1165 4615 4617 4616 
1166 6063 6235 5715 
1167 5443 6447 5732 
1168 6739 6741 5766 
1169 5999 6454 5841 
1170 5467 5928 4520 
1171 5594 6707 6126 
1172 4252 4256 4254 
1173 5662 6247 6068 
1174 4860 5487 5486 
1175 4944 5987 5407 
1176 5420 5434 5419 
1177 5321 6532 5011 
1178 5399 5439 4226 
1179 4160 4185 4161 
1180 5831 6253 6252 
1181 4544 6063 5715 
1182 4150 4160 4151 
1183 5511 5512 5488 
1184 325 5647 326 
1185 1958 4558 4307 
1186 5507 5701 5700 
1187 5059 6815 6198 
1188 4879 5549 5278 
1189 3957 5649 3931 
1190 5388 5394 5387 
1191 5294 6662 5933 
1192 5687 6767 5302 
1193 4123 4150 4125 
1194 5046 5047 5026 
1195 5124 5296 5126 
1196 4258 6586 6083 
1197 5978 6523 6079 
1198 4228 4615 4614 
1199 4263 5075 4302 
1200 4184 5659 4235 
1201 5416 5755 4398 
1202 5077 6529 5357 
1203 5572 5961 4391 
1204 5316 6295 6294 
1205 4627 5386 4629 
1206 4153 5428 5426 
1207 4643 5374 4645 
1208 4103 5986 5891 
1209 5053 5882 5233 
1210 4770 4785 4784 
1211 5128 5588 5129 
1212 3989 6341 5555 
1213 4964 5668 5142 
1214 5043 5469 5468 
1215 4940 6878 5666 
1216 5405 5498 4233 
1217 5891 5986 5892 
1218 4620 4680 4619 
1219 5018 5019 4931 
1220 4404 6890 4528 
1221 5456 6724 5455 
1222 4241 4243 4242 
1223 4681 5067 4680 
1224 4042 4061 4041 
1225 5499 6725 5148 
1226 4930 4931 4863 
1227 4374 4455 4372 
1228 3978 3984 3983 
1229 3993 4041 3992 
1230 5814 6930 5284 
1231 5458 5460 5459 
1232 4098 4105 4100 
1233 4280 6785 5416 
1234 4072 6639 6638 
1235 5608 5609 3881 
1236 4186 4218 4185 
1237 4089 4098 4090 
1238 4105 5446 4107 
1239 5464 5689 5688 
1240 4820 4825 4823 
1241 5163 6056 5161 
1242 6368 6687 4912 
1243 4905 6805 4902 
1244 3988 3992 3987 
1245 4149 6626 4127 
1246 5279 6422 4930 
1247 4219 4228 4218 
1248 5756 6159 4866 
1249 4282 4398 4284 
1250 5070 5792 4125 
1251 4106 4113 4105 
1252 5367 6869 4357 
1253 4552 5646 4655 
1254 4243 4245 4244 
1255 5643 6288 6287 
1256 6290 6449 5289 
1257 4759 6590 5445 
1258 3984 3988 3987 
1259 4639 5390 4641 
1260 4248 6521 4584 
1261 4623 5395 4625 
1262 4834 5821 4822 
1263 4976 5246 5063 
1264 4114 4117 4113 
1265 5955 6329 6172 
1266 5582 6441 6335 
1267 4991 5481 5480 
1268 4922 6879 6119 
1269 5074 6373 5816 
1270 6018 6355 4440 
1271 5019 6516 5021 
1272 4771 4774 4750 
1273 4222 6412 5400 
1274 5012 5064 4801 
1275 5748 6090 5747 
1276 4118 4123 4117 
1277 3984 3987 3983 
1278 4423 6472 5973 
1279 4001 4067 3999 
1280 4537 5566 5289 
1281 5360 6420 5688 
1282 4124 5458 4123 
1283 5882 6467 5233 
1284 4794 6654 4784 
1285 4078 4080 4077 
1286 5666 6371 5561 
1287 5133 6369 5402 
1288 4983 6397 6195 
1289 5910 6449 4174 
1290 4842 4853 4852 
1291 4083 4089 4080 
1292 4479 6575 5425 
1293 4069 4077 4068 
1294 4852 6265 4838 
1295 4645 5374 4967 
1296 4678 6323 5699 
1297 4225 5868 4395 
1298 3988 3993 3992 
1299 5013 5411 5410 
1300 5936 6086 4097 
1301 4081 6013 5737 
1302 5747 6090 5607 
1303 4280 5416 4282 
1304 4631 5382 4633 
1305 5194 5465 5192 
1306 5480 5492 5479 
1307 4635 5379 4637 
1308 4641 5039 4643 
1309 357 6702 5854 
1310 6186 6187 5679 
1311 4679 5769 4310 
1312 5238 6710 5311 
1313 5525 5737 5089 
1314 5407 6382 5736 
1315 5387 6462 5998 
1316 4201 5440 4388 
1317 3904 5531 4480 
1318 4503 5660 5490 
1319 6011 6754 6035 
1320 4198 5440 4201 
1321 5452 6613 6545 
1322 4376 5453 4374 
1323 4368 5541 4366 
1324 4364 5389 4362 
1325 5448 5534 5004 
1326 5121 5455 5124 
1327 4645 4967 4647 
1328 5202 6729 5579 
1329 3993 4042 4041 
1330 5445 6309 4759 
1331 5329 5330 5328 
1332 4633 4996 4635 
1333 5844 5845 4528 
1334 4637 4949 4639 
1335 3978 3983 3976 
1336 4629 4921 4631 
1337 3982 5716 3991 
1338 4292 5726 5291 
1339 5783 6282 6277 
1340 5323 6463 4451 
1341 5972 6017 5385 
1342 5418 6897 6734 
1343 349 5475 350 
1344 4370 4451 4368 
1345 5223 5513 5221 
1346 4625 4690 4627 
1347 4359 5367 4357 
1348 5202 5579 5200 
1349 4278 4666 4280 
1350 5876 6472 6034 
1351 5120 5457 5456 
1352 5309 5538 5064 
1353 5268 5698 5269 
1354 4135 5417 4133 
1355 3951 3978 3976 
1356 5496 6436 5497 
1357 5287 5845 5152 
1358 5296 5528 5126 
1359 6436 6899 5497 
1360 4278 5343 4666 
1361 4194 5405 4196 
1362 4783 6047 5995 
1363 4862 4863 4861 
1364 4366 4461 4364 
1365 5161 6116 5158 
1366 4621 4697 4623 
1367 6301 6825 5180 
1368 5614 5722 5610 
1369 5654 5655 4518 
1370 5641 5675 5613 
1371 6545 6613 3890 
1372 6638 6639 5433 
1373 4077 5500 4917 
1374 5219 5398 5215 
1375 4298 6317 5595 
1376 4190 5399 4192 
1377 4807 4851 4810 
1378 4817 5903 5765 
1379 5208 5324 5206 
1380 4113 5792 5446 
1381 5204 5385 5202 
1382 5213 5271 5210 
1383 4362 4464 4359 
1384 4192 4226 4194 
1385 5413 6266 5307 
1386 5200 5433 5198 
1387 4187 4222 4190 
1388 5346 6761 5345 
1389 5957 6215 4713 
1390 5037 6536 5577 
1391 4641 5390 5039 
1392 5828 6045 3898 
1393 3944 3945 3943 
1394 5816 6373 5644 
1395 5493 6404 3883 
1396 5192 5236 5190 
1397 3939 5732 4452 
1398 5888 6685 5075 
1399 4250 6828 5306 
1400 5593 6582 5297 
1401 3941 3943 3940 
1402 4357 4475 4354 
1403 4332 5421 4330 
1404 4352 4486 4350 
1405 5393 5682 5368 
1406 5710 5758 5728 
1407 4061 5325 5155 
1408 4086 5486 4083 
1409 4196 4233 4198 
1410 3975 4063 3972 
1411 5317 5934 5318 
1412 4339 5404 4337 
1413 5547 5604 3949 
1414 4790 6819 5508 
1415 5190 5313 5187 
1416 4347 4504 4345 
1417 5420 5837 5436 
1418 5464 5688 5463 
1419 4330 4463 4328 
1420 5091 5525 5089 
1421 5824 6198 4798 
1422 4771 6847 4778 
1423 4131 5426 4129 
1424 5375 5377 4967 
1425 4778 4780 4774 
1426 5095 5526 5093 
1427 4334 5366 4332 
1428 5410 5483 5014 
1429 5236 6754 6477 
1430 3935 5732 3939 
1431 5760 6722 5082 
1432 4401 4479 4402 
1433 6547 6861 5041 
1434 5968 6378 5258 
1435 5274 6059 5514 
1436 4343 4481 4341 
1437 6658 6894 5441 
1438 4385 5477 4387 
1439 5830 6416 3888 
1440 5529 6629 4527 
1441 4996 5381 5380 
1442 6040 6419 4653 
1443 4785 4795 4794 
1444 314 5722 5642 
1445 4683 5468 4681 
1446 5299 6496 5270 
1447 4695 5415 4685 
1448 4010 4110 4008 
1449 4802 6389 4862 
1450 4337 4478 4334 
1451 4354 5570 4352 
1452 5736 6599 5407 
1453 4256 4260 4259 
1454 5402 5913 5133 
1455 3939 3940 3937 
1456 5434 5437 5419 
1457 4372 5323 4370 
1458 6217 6587 6168 
1459 3947 5547 3945 
1460 5324 6640 5206 
1461 5055 5542 5056 
1462 4866 6556 5756 
1463 5735 5869 4296 
1464 4449 5794 4203 
1465 5239 5338 5337 
1466 4137 4154 4135 
1467 5964 6683 5573 
1468 5679 6846 4757 
1469 4961 5668 4964 
1470 4324 4327 4229 
1471 5719 6891 5477 
1472 4176 5463 4223 
1473 5545 6480 5145 
1474 5610 5722 3881 
1475 5469 6721 5468 
1476 4752 6576 5993 
1477 4685 5043 4683 
1478 1188 5146 1177 
1479 5683 5902 5765 
1480 4898 5884 5550 
1481 5514 6675 3876 
1482 3989 5666 5665 
1483 4775 6168 5938 
1484 5711 6591 4796 
1485 5469 6008 5976 
1486 5073 5088 4695 
1487 5427 5785 5784 
1488 5382 6713 4633 
1489 4795 4838 4837 
1490 5547 5702 5604 
1491 3891 5950 5608 
1492 5668 5670 5142 
1493 4997 6113 6073 
1494 4729 6932 5773 
1495 5871 6812 5754 
1496 4792 4793 4777 
1497 5302 5303 5301 
1498 330 5745 331 
1499 5558 6622 6621 
1500 4196 5405 4233 
1501 5386 6748 4629 
1502 5249 6309 5445 
1503 3925 3927 3924 
1504 3923 3924 3922 
1505 4860 5511 5488 
1506 4129 4149 4127 
1507 4133 4153 4131 
1508 5139 6692 5370 
1509 4150 4151 4125 
1510 5067 5068 4680 
1511 3939 3941 3940 
1512 4160 4161 4151 
1513 4619 4621 4618 
1514 4690 5386 4627 
1515 4617 4618 4616 
1516 6430 6715 5447 
1517 4053 4068 4049 
1518 4185 4187 4161 
1519 4229 5519 4228 
1520 3877 6865 5484 
1521 4154 5417 4135 
1522 4844 6722 5109 
1523 4125 5792 4117 
1524 5066 6023 5595 
1525 5206 5774 5204 
1526 4989 5339 5294 
1527 6172 6329 5235 
1528 3989 5665 3961 
1529 4123 4125 4117 
1530 4615 4616 4614 
1531 4201 4388 4385 
1532 4445 5847 5564 
1533 4164 5868 4225 
1534 5409 5824 4798 
1535 5413 6741 6739 
1536 4697 5395 4623 
1537 3882 3899 347 
1538 312 5608 3881 
1539 5515 5796 5016 
1540 4107 4669 4176 
1541 6399 6507 5689 
1542 4067 6236 5678 
1543 3878 5644 309 
1544 4860 5486 4086 
1545 3935 3939 3937 
1546 4921 5382 4631 
1547 4554 5850 4551 
1548 3919 3922 3917 
1549 4381 4470 4469 
1550 5512 5694 5488 
1551 4699 5448 5004 
1552 4228 4614 4218 
1553 4849 6114 4608 
1554 4792 5057 4865 
1555 6006 6355 5228 
1556 5331 5332 5330 
1557 4065 5908 4062 
1558 4921 5384 5383 
1559 4996 5379 4635 
1560 5481 6128 5480 
1561 4328 5580 4327 
1562 5872 6072 4533 
1563 327 5742 328 
1564 5283 6063 4576 
1565 4490 4860 4086 
1566 4567 6331 5652 
1567 5944 6793 5049 
1568 5603 5963 3918 
1569 4451 5541 4368 
1570 4267 5825 4269 
1571 4461 5389 4364 
1572 5210 6604 6026 
1573 5604 6761 4230 
1574 4663 4664 4586 
1575 4245 4248 4247 
1576 6050 6453 5594 
1577 5192 5465 5236 
1578 4047 5552 4042 
1579 5613 5675 5612 
1580 4464 5367 4359 
1581 5454 6522 5667 
1582 5645 6616 4981 
1583 4801 4802 4793 
1584 4153 5426 4131 
1585 3977 5607 4568 
1586 5372 6498 4948 
1587 4089 4090 4080 
1588 5093 5738 5091 
1589 5055 6144 5542 
1590 5995 6620 5163 
1591 5112 5921 5110 
1592 4154 5837 5420 
1593 5167 5995 5163 
1594 4797 5371 4787 
1595 5739 5740 3884 
1596 3941 3944 3943 
1597 4676 5297 4674 
1598 5055 5056 4843 
1599 5715 6235 5716 
1600 5542 5586 5543 
1601 4374 5453 4455 
1602 5546 5866 5865 
1603 4505 6133 4670 
1604 3928 3929 3927 
1605 5994 6453 6051 
1606 4223 5463 4889 
1607 4670 6429 6110 
1608 4098 4100 4090 
1609 4834 5907 5755 
1610 4024 4088 4021 
1611 4773 6644 6252 
1612 4192 5399 4226 
1613 5046 5523 5501 
1614 4154 5420 5419 
1615 5420 5435 5434 
1616 4690 5388 5387 
1617 4730 6957 6260 
1618 6246 6247 5759 
1619 4326 5654 4518 
1620 3919 3923 3922 
1621 4617 4620 4619 
1622 4098 4106 4105 
1623 4330 5421 4463 
1624 4727 6877 4726 
1625 6065 6720 5671 
1626 5460 5786 5459 
1627 5221 6037 5219 
1628 4397 6055 5562 
1629 4397 5562 4211 
1630 4185 5712 4187 
1631 6542 6957 4730 
1632 4327 5519 4229 
1633 5139 5370 4139 
1634 4370 5323 4451 
1635 5037 5936 5890 
1636 3915 3919 3917 
1637 4350 5809 4347 
1638 5043 5468 4683 
1639 4337 5404 4478 
1640 4674 5478 4556 
1641 4211 5562 4163 
1642 4124 5461 5458 
1643 4160 4186 4185 
1644 5088 5415 4695 
1645 5455 6724 5603 
1646 4620 4681 4680 
1647 5817 6368 5643 
1648 366 5677 367 
1649 5031 6807 4918 
1650 3907 3908 3906 
1651 5309 5787 5538 
1652 4879 5278 5005 
1653 4113 5446 4105 
1654 4746 5249 4758 
1655 4478 5366 4334 
1656 5289 5909 4539 
1657 5501 6212 5503 
1658 4723 5035 4766 
1659 4697 5397 5396 
1660 4895 5651 5143 
1661 4301 6441 5663 
1662 5701 6194 6171 
1663 4860 5488 5487 
1664 4260 4263 4262 
1665 6090 6363 5332 
1666 3900 3902 3901 
1667 6668 6840 5899 
1668 4106 4114 4113 
1669 3944 3947 3945 
1670 5468 6721 5573 
1671 5029 5881 5771 
1672 5098 5898 5095 
1673 5278 5877 5005 
1674 5301 5553 5489 
1675 4608 6655 4610 
1676 5073 5089 5088 
1677 4186 4219 4218 
1678 5395 6827 4625 
1679 3923 3925 3924 
1680 5331 6709 6147 
1681 5694 5955 5488 
1682 4069 4078 4077 
1683 5440 5699 4388 
1684 5773 6201 4729 
1685 4219 4229 4228 
1686 4105 4107 4100 
1687 4967 4968 4647 
1688 4324 4328 4327 
1689 6149 6591 5069 
1690 4053 4069 4068 
1691 3929 3932 3930 
1692 5010 5593 4676 
1693 5210 6026 5208 
1694 5236 5313 5190 
1695 5100 5862 5708 
1696 4723 4724 4722 
1697 6012 6678 4855 
1698 4114 4118 4117 
1699 3876 6206 5515 
1700 3920 5972 5774 
1701 6225 6348 5599 
1702 4198 6894 5440 
1703 4902 6537 4900 
1704 4964 5141 4965 
1705 3874 6432 5527 
1706 4078 4083 4080 
1707 4118 4124 4123 
1708 4887 6281 5555 
1709 4934 5229 4936 
1710 5470 6480 5471 
1711 4299 5595 4679 
1712 5117 6500 5875 
1713 4387 4401 4390 
1714 4097 6086 5559 
1715 4213 4241 4240 
1716 5765 5766 5683 
1717 5455 5603 5296 
1718 4643 6822 5374 
1719 3899 3900 3892 
1720 4053 5685 4069 
1721 5200 5579 5433 
1722 4077 4917 4068 
1723 5162 5163 5161 
1724 5385 6729 5202 
1725 4973 4974 4664 
1726 5443 5732 3932 
1727 3931 5443 3929 
1728 6059 6675 5514 
1729 6033 6357 5921 
1730 4797 6848 5371 
1731 4809 5904 5762 
1732 3917 5713 3921 
1733 6192 6565 5471 
1734 5924 6496 4101 
1735 3961 5665 3959 
1736 5648 6574 4158 
1737 5645 6348 3875 
1738 5759 6439 6246 
1739 5446 6954 4107 
1740 4020 4021 4019 
1741 3932 3935 3933 
1742 4263 4265 4264 
1743 4352 5570 4486 
1744 5356 5871 5754 
1745 5567 6137 4463 
1746 4565 5754 4419 
1747 329 5739 3884 
1748 3909 3910 3908 
1749 4581 5258 4971 
1750 6133 6429 4670 
1751 4658 5524 4934 
1752 4223 4889 4232 
1753 5652 6043 4567 
1754 3949 3951 3950 
1755 3905 3906 3904 
1756 3878 5816 5644 
1757 5013 6795 5861 
1758 4663 6887 4973 
1759 3945 3949 3948 
1760 5032 6258 5033 
1761 4852 6844 6265 
1762 4651 6554 6473 
1763 4434 6107 5623 
1764 4892 5664 5590 
1765 6083 6586 6082 
1766 4879 5005 4596 
1767 5013 5861 5411 
1768 5259 5648 5344 
1769 5573 6721 4430 
1770 5836 6085 5835 
1771 5003 5578 5037 
1772 4672 5692 5691 
1773 5464 5690 5689 
1774 4735 4736 4734 
1775 5118 6048 5896 
1776 5338 5993 5337 
1777 4758 5696 4776 
1778 4781 6549 5157 
1779 4780 6953 4787 
1780 3945 5547 3949 
1781 5802 6735 5800 
1782 5802 6314 6230 
1783 5786 6210 4323 
1784 3949 5604 3951 
1785 5179 6474 6331 
1786 4008 6874 4005 
1787 5993 6764 4752 
1788 4989 5049 4990 
1789 4633 6713 4996 
1790 4463 5580 4328 
1791 5297 5478 4674 
1792 6140 6273 5149 
1793 5328 6798 4243 
1794 4944 6628 5987 
1795 3873 5720 316 
1796 5981 6569 5489 
1797 5564 6946 4445 
1798 4074 4156 4065 
1799 5473 6948 6022 
1800 6046 6080 4779 
1801 5505 5831 5507 
1802 6077 6261 5065 
1803 5132 5442 5133 
1804 5587 5985 4435 
1805 5703 5718 5512 
1806 5557 6450 5672 
1807 4213 6709 5329 
1808 6481 6759 4393 
1809 4610 4987 4986 
1810 5893 6136 5808 
1811 4961 4964 4963 
1812 4746 4747 4745 
1813 6196 6209 6077 
1814 5500 5563 4917 
1815 4155 5820 4224 
1816 4445 5820 4155 
1817 4230 6167 3984 
1818 3925 3928 3927 
1819 6123 6424 4246 
1820 4769 6177 6151 
1821 5537 6845 4995 
1822 6022 6948 4441 
1823 4934 5524 5229 
1824 5716 6235 4146 
1825 4725 4726 4724 
1826 5459 6882 4150 
1827 3972 5988 3970 
1828 5920 6033 5921 
1829 3915 3917 3916 
1830 5799 6732 6534 
1831 5124 5126 5125 
1832 5124 5455 5296 
1833 6081 6082 4782 
1834 4778 6847 6075 
1835 5137 6258 5032 
1836 5511 5703 5512 
1837 4844 5109 4800 
1838 5694 6374 4453 
1839 4238 4397 4211 
1840 5875 6111 5117 
1841 6002 6485 5827 
1842 4639 6860 5390 
1843 3913 3915 3914 
1844 5896 6048 4455 
1845 4404 4528 4406 
1846 5417 6897 4133 
1847 5425 5923 4479 
1848 5171 6083 6081 
1849 4512 6321 5785 
1850 4290 5595 4299 
1851 5326 5581 5327 
1852 4398 5314 4284 
1853 4308 4558 1397 
1854 4215 5918 4322 
1855 5126 5128 5127 
1856 5270 6902 4974 
1857 5870 5945 3955 
1858 5541 6445 5353 
1859 5017 5884 4898 
1860 4139 5837 4137 
1861 5389 6922 4362 
1862 5599 6348 5645 
1863 4761 6437 5762 
1864 5164 5167 5163 
1865 4898 5549 4879 
1866 5919 6142 5022 
1867 4958 4961 4959 
1868 5140 6619 5519 
1869 4927 6951 4926 
1870 4058 5423 5422 
1871 5081 6271 5079 
1872 3902 3904 3903 
1873 4286 4298 4290 
1874 5534 5961 5535 
1875 344 5879 345 
1876 4470 6530 4535 
1877 5665 5780 3959 
1878 3998 3999 3997 
1879 5656 5657 5655 
1880 5808 5974 4431 
1881 6016 6639 4072 
1882 4735 6302 4770 
1883 4938 5663 5052 
1884 4982 5530 5529 
1885 3951 3976 3952 
1886 5784 6626 4149 
1887 3911 5517 3910 
1888 5471 5938 5173 
1889 4163 4653 3947 
1890 4010 5403 4110 
1891 5700 6779 5471 
1892 3935 3937 3936 
1893 6198 6908 4798 
1894 5559 6086 5349 
1895 4251 6130 4249 
1896 4265 4267 4266 
1897 4021 6664 4019 
1898 3900 3901 3892 
1899 5775 6167 5346 
1900 5429 6499 5785 
1901 4533 6337 5872 
1902 4673 4879 4596 
1903 4445 6946 5820 
1904 5476 6727 6153 
1905 4777 6590 4759 
1906 5231 6485 6002 
1907 4453 6329 5955 
1908 3905 3907 3906 
1909 4316 6705 5886 
1910 4680 5533 4619 
1911 4947 6555 5466 
1912 5777 6466 5946 
1913 3929 5443 3932 
1914 4294 6431 4260 
1915 4708 4711 4710 
1916 3959 5780 3957 
1917 3910 3913 3912 
1918 4862 6389 5008 
1919 4028 4561 4026 
1920 5141 5364 4965 
1921 4019 6108 4015 
1922 4070 6754 6624 
1923 4737 6910 6156 
1924 5341 5342 5340 
1925 5609 5611 5610 
1926 6622 6848 5165 
1927 4992 5565 4595 
1928 5609 5610 3881 
1929 4443 6718 5812 
1930 4595 5565 4051 
1931 6076 6077 4039 
1932 3553 6889 2629 
1933 6239 6520 5523 
1934 4825 6861 4826 
1935 4811 5904 4809 
1936 3902 3905 3904 
1937 5876 6034 4378 
1938 4432 5985 5587 
1939 5905 6853 3967 
1940 4146 5847 4076 
1941 5416 5821 5755 
1942 5116 6166 5548 
1943 4379 6351 5034 
1944 5396 6228 5395 
1945 5377 6826 6749 
1946 5549 6327 5278 
1947 4702 6955 4704 
1948 6464 6734 5437 
1949 5899 6840 5855 
1950 5448 6944 5534 
1951 4499 5968 4581 
1952 4216 5918 4215 
1953 5225 6019 5223 
1954 5471 6779 6192 
1955 4180 5965 4570 
1956 5820 6946 5889 
1957 5426 6916 4129 
1958 5229 5662 4936 
1959 3929 3930 3927 
1960 5089 5737 5088 
1961 5419 6734 5417 
1962 5591 5653 5652 
1963 4241 5329 5328 
1964 4372 6786 5323 
1965 4711 4716 4715 
1966 4496 5895 5894 
1967 5740 5744 3884 
1968 5259 5344 5261 
1969 6087 6867 5497 
1970 5629 6061 5849 
1971 5639 5640 5613 
1972 5171 6081 5169 
1973 4758 6760 5696 
1974 3910 5517 3913 
1975 6548 6861 6547 
1976 5994 6844 6453 
1977 4000 4001 3999 
1978 5611 5613 5612 
1979 4216 6450 5557 
1980 3928 3931 3929 
1981 5573 6683 5067 
1982 5271 6604 5210 
1983 5671 6885 6065 
1984 5809 6758 4347 
1985 4243 6798 4292 
1986 4185 6762 5712 
1987 5590 5591 4894 
1988 4272 6352 5850 
1989 6204 6418 5621 
1990 5173 6083 5171 
1991 5042 6808 5521 
1992 4046 4047 4042 
1993 5574 6794 4063 
1994 5673 5911 4603 
1995 5168 5169 5167 
1996 5243 5244 4899 
1997 5566 6556 5289 
1998 5501 5503 5047 
1999 3970 5905 3967 
2000 4326 4518 4415 
2001 5160 5161 5158 
2002 4666 6785 4280 
2003 5998 6484 5387 
2004 4235 5654 4326 
2005 4892 5590 4894 
2006 5341 6114 5342 
2007 5377 6262 5378 
2008 5692 5693 5691 
2009 6243 6244 5240 
2010 5286 6402 5952 
2011 6414 6874 6800 
2012 5719 6366 4950 
2013 4964 4965 4963 
2014 5441 6894 4233 
2015 5297 5752 5478 
2016 4779 6132 6046 
2017 4672 5691 4465 
2018 4012 5403 4010 
2019 4194 6898 5405 
2020 6026 6038 5324 
2021 5121 5124 5123 
2022 5589 5772 5279 
2023 4961 4963 4959 
2024 5910 5952 5061 
2025 5815 6705 4316 
2026 5129 5132 5131 
2027 331 6200 332 
2028 5401 6510 4727 
2029 4018 4019 4015 
2030 325 6690 5647 
2031 4585 4950 4587 
2032 5410 5957 5483 
2033 5067 5789 5068 
2034 4955 4958 4957 
2035 4718 6169 4720 
2036 5654 5656 5655 
2037 5618 6204 5621 
2038 3907 3909 3908 
2039 6200 6952 332 
2040 4476 4672 4465 
2041 5289 6449 5909 
2042 4917 5563 5540 
2043 5622 5639 5611 
2044 4951 5557 4953 
2045 4145 6053 4094 
2046 3992 5781 3994 
2047 5093 6809 5738 
2048 4074 4171 4156 
2049 4275 4278 4277 
2050 5750 5751 4978 
2051 6141 6515 5919 
2052 4465 5691 4449 
2053 5307 6266 5709 
2054 5902 6728 5901 
2055 4248 4250 4249 
2056 4962 5668 4961 
2057 2222 5725 1188 
2058 3905 5865 4534 
2059 5665 6544 5780 
2060 4218 6762 4185 
2061 5050 5120 5119 
2062 6073 6934 4997 
2063 4629 6748 4921 
2064 6497 6961 4309 
2065 348 3899 3892 
2066 3891 5608 311 
2067 5881 6317 4298 
2068 5081 6549 6271 
2069 310 5644 3891 
2070 5057 6654 5516 
2071 5375 6826 5377 
2072 4964 5142 5141 
2073 4190 6893 5399 
2074 4871 5754 4565 
2075 3902 5865 3905 
2076 5618 5621 5619 
2077 4950 5687 4587 
2078 5422 6551 4058 
2079 4789 6905 4800 
2080 5739 5741 5740 
2081 4319 6471 5781 
2082 5109 6651 4807 
2083 5602 5840 5601 
2084 4566 4596 3911 
2085 4944 5407 5305 
2086 4468 5753 4459 
2087 4518 6653 5568 
2088 6855 6951 5176 
2089 6335 6441 4301 
2090 4982 5529 5363 
2091 5593 6936 6582 
2092 5343 6691 5556 
2093 5946 6775 5777 
2094 5098 6740 5898 
2095 5578 5936 5037 
2096 6095 6496 5924 
2097 4480 5531 4982 
2098 5258 5648 5259 
2099 3932 5732 3935 
2100 4267 4269 4268 
2101 3971 3972 3970 
2102 5532 6664 4088 
2103 4958 4959 4957 
2104 5348 5960 5108 
2105 5662 5663 4938 
2106 5745 6200 331 
2107 5379 6880 4637 
2108 6187 6666 5679 
2109 5356 5754 4871 
2110 3996 3997 3986 
2111 5344 5346 5345 
2112 5091 5738 5525 
2113 5170 5171 5169 
2114 4187 5712 4222 
2115 5524 5759 5229 
2116 5640 5641 5613 
2117 4463 6611 5567 
2118 5665 6878 6544 
2119 5714 6062 5715 
2120 5172 5173 5171 
2121 5470 5471 5173 
2122 5330 6125 6030 
2123 4669 6806 5464 
2124 4599 5664 4892 
2125 5934 6956 5318 
2126 5855 6840 3889 
2127 4750 5491 4747 
2128 4650 5448 4699 
2129 4395 5868 4597 
2130 4488 6949 5467 
2131 5611 5612 5610 
2132 5006 5684 5265 
2133 6734 6897 5417 
2134 3874 6448 5571 
2135 4728 6877 5298 
2136 3902 3903 3901 
2137 5623 6107 5625 
2138 6169 6532 5035 
2139 4068 5539 4049 
2140 5043 6656 5469 
2141 5615 5675 5618 
2142 5332 6125 5330 
2143 4490 5511 4860 
2144 5615 5618 5617 
2145 5480 6433 5492 
2146 3945 3948 3943 
2147 4597 5664 4599 
2148 6342 6666 6187 
2149 4787 5371 4789 
2150 5898 5982 5526 
2151 5680 6471 4319 
2152 5998 6483 5384 
2153 4980 6531 5753 
2154 4980 5753 4590 
2155 3974 3975 3972 
2156 4625 6827 4690 
2157 4621 4623 4622 
2158 4986 6349 5896 
2159 3889 6505 5855 
2160 4936 5662 4938 
2161 6780 6788 6028 
2162 5114 6421 5819 
2163 4150 6882 4160 
2164 6156 6182 4737 
2165 5771 5916 4501 
2166 4039 6164 6076 
2167 3913 6933 3915 
2168 5505 5507 5506 
2169 5330 6030 5328 
2170 6281 6371 5555 
2171 5973 6472 5940 
2172 4028 5559 4561 
2173 5743 6429 6133 
2174 5706 6960 5901 
2175 5024 6883 5048 
2176 6037 6771 5219 
2177 4149 6916 5427 
2178 3932 3933 3930 
2179 5699 6658 4678 
2180 4928 6951 4927 
2181 5749 5750 4171 
2182 5509 6443 5718 
2183 315 5642 3873 
2184 346 5708 3882 
2185 5392 6489 5705 
2186 4256 4259 4254 
2187 5340 6413 5339 
2188 4296 5833 5735 
2189 4951 5918 5557 
2190 4048 4049 4047 
2191 5474 6639 6016 
2192 3963 3989 3961 
2193 5432 6548 5255 
2194 3910 3912 3908 
2195 4548 6159 5756 
2196 5580 6137 5072 
2197 5299 6887 6569 
2198 329 3884 330 
2199 326 3880 327 
2200 332 3879 333 
2201 3909 3911 3910 
2202 5612 5675 5615 
2203 5067 6683 5789 
2204 5656 5658 5657 
2205 4019 6664 6479 
2206 4995 6049 4547 
2207 4615 6318 4617 
2208 4089 6856 4098 
2209 5611 5639 5613 
2210 5960 6763 5108 
2211 4590 5753 4468 
2212 5453 5896 4455 
2213 5916 6769 4501 
2214 4665 5302 5301 
2215 5609 5622 5611 
2216 4032 4097 4030 
2217 5204 5774 5385 
2218 5132 5841 5442 
2219 4310 5769 4447 
2220 4032 5890 4097 
2221 4107 6954 4669 
2222 4627 4629 4628 
2223 312 3881 313 
2224 346 3882 347 
2225 348 3892 349 
2226 350 3875 351 
2227 5005 5877 5518 
2228 5503 5505 5504 
2229 310 3891 311 
2230 4699 5004 5003 
2231 362 3877 363 
2232 308 3878 309 
2233 368 3876 369 
2234 365 3883 366 
2235 315 3873 316 
2236 343 3874 344 
2237 4047 6696 5552 
2238 5591 5652 5651 
2239 4679 6600 5769 
2240 5110 5806 5098 
2241 5313 6593 5322 
2242 5366 6947 4332 
2243 5447 6954 5446 
2244 4507 4891 4601 
2245 4918 6490 5107 
2246 4625 4627 4626 
2247 5541 6941 4366 
2248 4943 5444 4941 
2249 5351 6554 5686 
2250 4447 5769 5560 
2251 4623 4625 4624 
2252 4563 6096 5006 
2253 4117 5792 4113 
2254 4306 6697 1727 
2255 5580 5858 4327 
2256 3892 5475 349 
2257 5203 5204 5202 
2258 4480 4982 4920 
2259 5355 5356 4871 
2260 3924 4456 3922 
2261 4233 6894 4198 
2262 5326 5327 5244 
2263 5946 6351 4382 
2264 5461 5462 5460 
2265 5226 5228 5225 
2266 3983 5747 5607 
2267 4171 6295 4156 
2268 4168 6159 4166 
2269 5224 5225 5223 
2270 3884 5745 330 
2271 4958 4962 4961 
2272 5222 5223 5221 
2273 4299 4679 4310 
2274 6391 6507 4460 
2275 5809 6280 5292 
2276 4787 6953 4797 
2277 5442 6369 5133 
2278 4925 4926 4924 
2279 5670 6720 6098 
2280 4629 4631 4630 
2281 4187 4190 4189 
2282 5287 5922 5845 
2283 4023 4024 4021 
2284 5195 5196 5194 
2285 5201 5202 5200 
2286 5211 5213 5210 
2287 4243 4244 4242 
2288 4438 6007 5791 
2289 5220 5221 5219 
2290 5754 6173 4419 
2291 5090 5091 5089 
2292 5205 5206 5204 
2293 5826 5827 3894 
2294 4621 6650 4697 
2295 5193 5194 5192 
2296 5462 5782 5460 
2297 5932 6780 5632 
2298 4315 5042 4321 
2299 5746 6200 5745 
2300 4356 6038 6026 
2301 5209 5210 5208 
2302 5690 6843 4421 
2303 6560 6962 4790 
2304 5197 5198 5196 
2305 5568 5569 5356 
2306 4586 6575 4479 
2307 5191 5192 5190 
2308 4828 6669 4831 
2309 328 5742 5739 
2310 6010 6753 4946 
2311 6134 6135 5581 
2312 3875 6616 5645 
2313 4486 5809 4350 
2314 6637 6823 3999 
2315 3978 4230 3984 
2316 5199 5200 5198 
2317 4599 4892 4660 
2318 4050 4053 4049 
2319 5189 5190 5187 
2320 4610 6655 5341 
2321 328 5739 329 
2322 5214 5215 5213 
2323 5785 6321 5784 
2324 3881 5722 313 
2325 4329 4330 4328 
2326 4658 4934 4933 
2327 5440 6894 6658 
2328 5216 5219 5215 
2329 5207 5208 5206 
2330 4043 5973 5940 
2331 5148 5676 3953 
2332 2541 5710 2530 
2333 4979 5716 3982 
2334 4892 4894 4893 
2335 5921 6854 5110 
2336 4843 5516 4794 
2337 4951 4953 4952 
2338 4461 6312 5389 
2339 4269 4271 4270 
2340 6093 6098 4489 
2341 4687 4980 4590 
2342 4074 5749 4171 
2343 5108 5790 5010 
2344 5092 5093 5091 
2345 5096 5098 5095 
2346 4241 4242 4240 
2347 5094 5095 5093 
2348 5697 6901 4999 
2349 4668 4674 4556 
2350 4673 4898 4879 
2351 5864 6638 5433 
2352 5099 5110 5098 
2353 4018 4020 4019 
2354 5707 6293 5706 
2355 5786 6101 5459 
2356 4631 4633 4632 
2357 5979 6854 3926 
2358 3894 6485 6432 
2359 5350 5572 5348 
2360 5513 6037 5221 
2361 5010 5790 5593 
2362 4637 4639 4638 
2363 4331 4332 4330 
2364 4635 4637 4636 
2365 4224 5820 4507 
2366 317 5720 3893 
2367 4953 4955 4954 
2368 4633 4635 4634 
2369 5856 5899 5853 
2370 5890 5936 4097 
2371 4190 4192 4191 
2372 4235 5659 5654 
2373 4898 5550 5549 
2374 5182 5183 5181 
2375 4682 4683 4681 
2376 5115 5116 4850 
2377 5852 5856 5853 
2378 4455 6786 4372 
2379 5714 5715 4979 
2380 5404 6004 4478 
2381 4245 4247 4244 
2382 5618 5619 5617 
2383 4367 4368 4366 
2384 5183 6157 5181 
2385 4901 4902 4900 
2386 6072 6256 4533 
2387 5113 5181 5112 
2388 5801 5802 5800 
2389 4333 4334 4332 
2390 5462 5783 5782 
2391 5280 6665 5510 
2392 5329 5331 5330 
2393 5111 5112 5110 
2394 5919 6422 6142 
2395 5579 5864 5433 
2396 4192 4194 4193 
2397 5681 6889 4560 
2398 4918 5107 5106 
2399 3924 6027 4456 
2400 5555 6341 5336 
2401 4365 4366 4364 
2402 4340 4341 4339 
2403 5450 6646 6584 
2404 5397 5891 5396 
2405 4336 4337 4334 
2406 5403 6010 4110 
2407 3949 3950 3948 
2408 4339 6572 5404 
2409 5640 5793 5641 
2410 4907 6795 5013 
2411 4338 4339 4337 
2412 4323 4324 4229 
2413 5623 6925 4434 
2414 5249 6760 4758 
2415 4344 4345 4343 
2416 4342 4343 4341 
2417 4355 4357 4354 
2418 5527 6448 3874 
2419 4891 4966 4601 
2420 6080 6148 4779 
2421 4353 4354 4352 
2422 4024 5767 4088 
2423 4982 5531 5530 
2424 4351 4352 4350 
2425 5322 6959 5187 
2426 5180 6825 6510 
2427 4346 4347 4345 
2428 4349 4350 4347 
2429 5711 6790 4761 
2430 6532 6815 5011 
2431 4363 4364 4362 
2432 3937 5544 3938 
2433 4909 6795 4907 
2434 5484 6251 5320 
2435 3954 6161 5731 
2436 5680 6673 4984 
2437 4831 4833 4832 
2438 4684 4685 4683 
2439 3992 3994 3987 
2440 6022 6624 5473 
2441 5630 5812 5633 
2442 5319 5897 5592 
2443 3921 4979 3982 
2444 3915 3916 3914 
2445 3913 3914 3912 
2446 5413 6739 6266 
2447 4566 4673 4596 
2448 4064 4065 4062 
2449 4694 4695 4685 
2450 5718 6564 5512 
2451 5072 5073 4695 
2452 5954 6241 5698 
2453 3969 3970 3967 
2454 5467 6737 5928 
2455 5477 6891 4401 
2456 5318 5319 4302 
2457 4061 5155 4319 
2458 4020 4023 4021 
2459 4360 4362 4359 
2460 4084 5996 5738 
2461 4571 6381 6032 
2462 5572 6829 5960 
2463 5145 6480 5723 
2464 4492 5511 4490 
2465 6093 6180 5141 
2466 311 5608 312 
2467 347 3899 348 
2468 5469 6656 6008 
2469 309 5644 310 
2470 5299 6568 6496 
2471 3904 4480 3903 
2472 6384 6658 5441 
2473 5583 5730 4689 
2474 4058 6401 5423 
2475 4126 4127 4124 
2476 3930 6027 3927 
2477 4358 4359 4357 
2478 4953 5906 4955 
2479 5828 5829 5827 
2480 4966 5815 5814 
2481 5982 6009 5526 
2482 4369 4370 4368 
2483 6491 6803 5000 
2484 4929 6199 5836 
2485 5825 6524 5592 
2486 4194 4196 4195 
2487 5258 5259 4971 
2488 6144 6736 5542 
2489 3883 6404 5677 
2490 4675 4676 4674 
2491 4904 4905 4902 
2492 4718 4720 4719 
2493 3935 3936 3933 
2494 5039 6822 4643 
2495 5742 5743 5741 
2496 4019 6479 6108 
2497 6388 6542 5773 
2498 1540 5565 4484 
2499 5542 6623 5586 
2500 5507 5700 5545 
2501 4895 5143 4897 
2502 4766 6935 4723 
2503 4962 5669 5668 
2504 5436 5438 5435 
2505 4004 4005 4001 
2506 4869 5536 5522 
2507 4235 4326 4325 
2508 4496 5757 4493 
2509 5021 6883 5024 
2510 341 5826 3894 
2511 4980 6851 6531 
2512 4133 6897 4153 
2513 4955 4957 4956 
2514 3993 4046 4042 
2515 5753 6138 4459 
2516 4129 6916 4149 
2517 5554 6458 5309 
2518 3999 6823 3997 
2519 5889 6014 4891 
2520 5783 6321 6282 
2521 3940 5544 3937 
2522 4982 5363 4920 
2523 4958 5906 4962 
2524 4782 6884 6081 
2525 5868 6446 5664 
2526 5685 6386 4069 
2527 316 5720 317 
2528 4128 4129 4127 
2529 5488 5955 5487 
2530 5737 6390 5088 
2531 5152 5844 5843 
2532 4035 5962 4040 
2533 5848 5849 3887 
2534 6128 6165 4732 
2535 6147 6709 4173 
2536 4886 4943 4941 
2537 4532 4951 4652 
2538 5845 5922 4409 
2539 4639 4641 4640 
2540 5186 5187 5184 
2541 5702 6761 5604 
2542 5691 5794 4449 
2543 5803 6597 5804 
2544 6473 6554 5351 
2545 5630 5633 5631 
2546 2904 4883 1485 
2547 4828 4831 4830 
2548 4265 6524 4267 
2549 5920 6157 4335 
2550 5044 6412 5712 
2551 4137 5837 4154 
2552 4894 5651 4895 
2553 4130 4131 4129 
2554 4597 5868 5664 
2555 5018 5919 5476 
2556 3896 6509 6052 
2557 5349 6086 5350 
2558 4791 6169 4718 
2559 5263 6883 5021 
2560 5582 6335 4509 
2561 4107 4176 4175 
2562 5776 5777 5438 
2563 5627 5630 5629 
2564 5699 5719 4388 
2565 4063 6467 5574 
2566 5529 5605 5363 
2567 5342 6594 5340 
2568 3991 4146 4076 
2569 4507 5820 4891 
2570 4238 4503 4397 
2571 4641 4643 4642 
2572 5515 6064 5796 
2573 4447 5560 4662 
2574 5633 5635 5634 
2575 5831 6254 6253 
2576 5852 5853 3897 
2577 5497 6400 6087 
2578 5425 6054 5923 
2579 4180 4570 4182 
2580 5281 6800 6010 
2581 3951 3952 3950 
2582 4326 4415 4414 
2583 5603 6415 5296 
2584 4643 4645 4644 
2585 4581 5968 5258 
2586 3886 5856 5852 
2587 4391 6130 4251 
2588 4966 6014 5815 
2589 5263 6579 6155 
2590 5176 6085 5836 
2591 314 5642 315 
2592 4026 5767 4024 
2593 4176 4223 4217 
2594 4315 6808 5042 
2595 5246 5247 5063 
2596 345 5708 346 
2597 4472 6836 4470 
2598 4503 5880 5661 
2599 5803 6648 6597 
2600 4962 5906 5672 
2601 4917 5540 5539 
2602 4401 4402 4390 
2603 4857 6012 4855 
2604 4522 5928 4545 
2605 5095 5898 5526 
2606 4085 4086 4083 
2607 5570 6435 5212 
2608 5523 6910 6176 
2609 5891 5892 5396 
2610 4196 4198 4197 
2611 4934 4936 4935 
2612 3986 6292 3980 
2613 5374 6679 5375 
2614 5390 6701 5414 
2615 5353 6941 5541 
2616 4076 5847 4112 
2617 4169 6147 4173 
2618 4132 4133 4131 
2619 5213 6504 5271 
2620 3875 6348 351 
2621 4278 4280 4279 
2622 5586 6846 5679 
2623 4322 5918 4532 
2624 4800 5109 4807 
2625 4134 4135 4133 
2626 4989 4990 4987 
2627 5591 5651 4894 
2628 5826 5828 5827 
2629 323 5848 3887 
2630 4059 4062 4036 
2631 5587 5588 5128 
2632 317 3893 318 
2633 341 3894 342 
2634 6386 6554 4651 
2635 4136 4137 4135 
2636 3886 6225 6088 
2637 4184 4235 4234 
2638 4156 5908 4065 
2639 319 5822 3896 
2640 6245 6458 5554 
2641 313 5722 314 
2642 4007 4008 4005 
2643 4826 6861 4827 
2644 4073 4074 4065 
2645 5006 5265 5045 
2646 3979 3980 3975 
2647 3900 5865 3902 
2648 5708 5862 3882 
2649 4887 5555 5336 
2650 4949 6860 4639 
2651 5744 5746 5745 
2652 4496 5916 5895 
2653 5440 6658 5699 
2654 5579 6729 4348 
2655 4450 4465 4449 
2656 4030 5559 4028 
2657 3873 6788 6780 
2658 4162 4163 3947 
2659 4812 4818 4815 
2660 5132 5133 5131 
2661 4401 6891 4585 
2662 6235 6746 4146 
2663 4881 4995 4547 
2664 4250 4252 4251 
2665 3996 3998 3997 
2666 5398 5984 5215 
2667 3917 3921 3916 
2668 4831 6669 5842 
2669 5147 6140 5149 
2670 5467 6949 6561 
2671 5523 6520 5501 
2672 4002 6774 6245 
2673 4865 6667 5240 
2674 5339 6662 5294 
2675 5607 6090 4568 
2676 4009 4010 4008 
2677 5049 6793 5050 
2678 4563 5006 4583 
2679 5181 5920 5112 
2680 3893 5822 318 
2681 3912 5992 3908 
2682 5782 6765 4457 
2683 5612 5615 5614 
2684 4749 6437 4761 
2685 4610 4986 4536 
2686 5594 6453 5482 
2687 6360 6380 4099 
2688 4906 4907 4905 
2689 5019 5021 5020 
2690 5484 6865 6251 
2691 3967 6853 3965 
2692 4226 6898 4194 
2693 5544 5566 3938 
2694 5481 6678 5327 
2695 6287 6783 5643 
2696 5652 6331 5651 
2697 4371 4372 4370 
2698 4645 4647 4646 
2699 4736 6309 4743 
2700 5692 6261 6077 
2701 5508 6560 4790 
2702 4488 5467 4520 
2703 5126 5127 5125 
2704 5229 6247 5662 
2705 4953 4954 4952 
2706 4317 4449 4203 
2707 4375 4376 4374 
2708 6048 6475 4455 
2709 5514 5515 5016 
2710 5355 5568 5356 
2711 343 6432 3874 
2712 4537 5289 4539 
2713 5473 6624 5465 
2714 4451 6852 5541 
2715 4087 4490 4086 
2716 5318 5897 5319 
2717 5787 6388 5538 
2718 4854 4855 4853 
2719 4415 4417 4416 
2720 6446 6757 5664 
2721 5569 5871 5356 
2722 3937 3938 3936 
2723 5124 5125 5123 
2724 4584 6828 4250 
2725 4373 4374 4372 
2726 5451 6842 5857 
2727 5128 5129 5127 
2728 5853 5854 3897 
2729 3896 6663 6509 
2730 5708 5879 5100 
2731 5344 5345 5261 
2732 4968 6487 5721 
2733 340 5826 341 
2734 322 5848 323 
2735 3998 4000 3999 
2736 5674 6656 5043 
2737 5035 6670 4766 
2738 4222 6893 4190 
2739 4892 4893 4660 
2740 5592 5897 4839 
2741 4818 4820 4819 
2742 5853 5855 5854 
2743 4347 6758 4504 
2744 4496 5894 5757 
2745 5725 6140 5146 
2746 6051 6453 4022 
2747 4539 5909 4541 
2748 4866 6159 4168 
2749 5333 6874 6414 
2750 4341 6572 4339 
2751 4138 4139 4137 
2752 5029 6317 5881 
2753 6135 6804 5481 
2754 5415 5791 5674 
2755 5615 5617 5616 
2756 323 3887 324 
2757 335 3888 336 
2758 4061 4319 4041 
2759 4852 6924 5482 
2760 5595 6023 4679 
2761 5120 5121 5119 
2762 5865 5866 4534 
2763 4057 5685 4053 
2764 4520 5928 4522 
2765 6759 6775 6347 
2766 4894 4895 4893 
2767 5591 6772 5653 
2768 5318 6956 6376 
2769 5728 5758 5247 
2770 5572 5960 5348 
2771 5507 6644 5701 
2772 6075 6819 4790 
2773 5569 5872 5871 
2774 5574 6467 5882 
2775 5442 6454 6006 
2776 5029 5771 4501 
2777 355 5852 3897 
2778 373 5857 3895 
2779 5103 5778 5484 
2780 5576 6434 5232 
2781 6067 6955 5288 
2782 5608 5950 5609 
2783 353 3886 354 
2784 359 3889 360 
2785 371 3885 372 
2786 305 3890 306 
2787 4726 6877 4728 
2788 5705 5707 5706 
2789 5965 6438 4570 
2790 4112 5847 4445 
2791 3940 6158 5544 
2792 3939 4452 3941 
2793 4063 5988 3972 
2794 4377 4381 4376 
2795 5400 6893 4222 
2796 5544 5756 5566 
2797 3886 5852 354 
2798 3885 5857 372 
2799 5534 5535 5004 
2800 5360 6507 6391 
2801 5600 5601 5086 
2802 5143 5144 4897 
2803 4001 6398 4067 
2804 4201 4385 4202 
2805 5021 5024 5023 
2806 5685 6554 6386 
2807 6082 6859 4782 
2808 5187 6959 5184 
2809 6432 6485 5527 
2810 4067 6398 6236 
2811 4011 4012 4010 
2812 5004 5578 5003 
2813 5384 6131 5383 
2814 5526 6809 5093 
2815 4951 4952 4652 
2816 5720 5932 3893 
2817 318 5822 319 
2818 4198 4201 4199 
2819 337 3898 338 
2820 4966 5814 5813 
2821 5208 6026 5324 
2822 5880 5912 5661 
2823 1815 5731 2046 
2824 5799 6534 5243 
2825 5647 6690 5636 
2826 5767 6208 5362 
2827 5432 6669 4827 
2828 4293 5823 5790 
2829 5909 5910 5061 
2830 6474 6676 5866 
2831 5994 6764 5993 
2832 4248 4249 4247 
2833 4223 4232 4231 
2834 6555 6870 6476 
2835 5428 6868 5426 
2836 5397 5893 5891 
2837 5784 6321 5783 
2838 3977 4568 4167 
2839 5049 5050 4990 
2840 4507 4601 4508 
2841 4224 4507 4444 
2842 5782 5786 5460 
2843 4288 6915 6428 
2844 4112 4445 4155 
2845 319 3896 320 
2846 5542 5543 5056 
2847 5653 6772 6105 
2848 354 5852 355 
2849 372 5857 373 
2850 3993 5775 4046 
2851 6071 6073 4013 
2852 6328 6759 6347 
2853 355 3897 356 
2854 373 3895 374 
2855 4501 6769 4498 
2856 4025 4026 4024 
2857 3969 3971 3970 
2858 6067 6518 5444 
2859 5393 6728 5683 
2860 6331 6474 5143 
2861 6608 6750 6708 
2862 5295 6027 3930 
2863 5410 6215 5957 
2864 4959 4960 4957 
2865 4856 4857 4855 
2866 4597 4599 4598 
2867 4988 5341 5340 
2868 5144 6474 5866 
2869 5238 6795 4909 
2870 4605 6220 6100 
2871 6168 6587 5938 
2872 5319 6524 4265 
2873 5068 5533 4680 
2874 5423 5650 5431 
2875 4018 5867 4020 
2876 4046 4048 4047 
2877 4541 5909 5061 
2878 5739 5742 5741 
2879 6639 6945 5433 
2880 5414 6802 5039 
2881 3976 5607 3977 
2882 4079 5749 4074 
2883 4466 4476 4465 
2884 3983 5607 3976 
2885 5651 6331 5143 
2886 3988 5775 3993 
2887 5627 6353 5630 
2888 5709 6074 5307 
2889 4959 5878 4960 
2890 365 6058 3883 
2891 4778 6075 4790 
2892 5024 5026 5025 
2893 5296 6415 5528 
2894 4955 4956 4954 
2895 5969 6316 5970 
2896 5612 5614 5610 
2897 4616 5044 4614 
2898 5384 6484 5998 
2899 4559 4560 4052 
2900 6252 6644 5831 
2901 4471 4472 4470 
2902 4677 5010 4676 
2903 3976 3977 3952 
2904 5288 6955 6567 
2905 5439 6892 4226 
2906 4059 4064 4062 
2907 3956 3957 3931 
2908 4395 4597 4530 
2909 4271 4275 4274 
2910 4858 4859 4857 
2911 4284 5314 4286 
2912 5630 5631 5629 
2913 5289 6556 6290 
2914 4621 4622 4618 
2915 1474 6889 4116 
2916 4973 6887 5299 
2917 5458 5461 5460 
2918 6439 6915 4288 
2919 5522 5536 5042 
2920 5434 6598 5437 
2921 5300 6887 4663 
2922 4260 4262 4259 
2923 5457 6346 5456 
2924 3971 3974 3972 
2925 6656 6896 4082 
2926 4005 6784 4001 
2927 4900 6537 5801 
2928 4001 6784 6398 
2929 4541 5061 4543 
2930 4965 4998 4963 
2931 5575 6618 5055 
2932 5619 5623 5620 
2933 5748 6602 5373 
2934 4522 4545 4524 
2935 4881 5016 4995 
2936 3876 6675 369 
2937 5883 5884 4427 
2938 5744 5745 3884 
2939 5055 6618 6144 
2940 4936 4938 4937 
2941 5828 5830 5829 
2942 4151 5070 4125 
2943 4908 4909 4907 
2944 362 6865 3877 
2945 4477 5992 3912 
2946 5370 6466 5776 
2947 5489 6569 5300 
2948 5812 6610 4443 
2949 3901 5475 3892 
2950 3922 5713 3917 
2951 4316 5874 4122 
2952 4463 6137 5580 
2953 3948 6158 3943 
2954 5672 5673 5669 
2955 3966 6781 5885 
2956 5789 6683 3934 
2957 5720 6780 5932 
2958 6153 6579 6516 
2959 345 5879 5708 
2960 371 6059 3885 
2961 5435 6562 5434 
2962 4235 4325 4234 
2963 4494 6473 5351 
2964 5423 6745 5650 
2965 4415 6216 4417 
2966 5633 5634 5631 
2967 3974 3979 3975 
2968 4411 4702 4701 
2969 4675 6573 5768 
2970 5812 6718 5633 
2971 5324 6038 5967 
2972 6453 6844 5482 
2973 3905 4534 3907 
2974 3938 5566 4537 
2975 5810 6856 4089 
2976 5496 5497 5495 
2977 5107 6490 5509 
2978 3908 5992 3906 
2979 4711 4715 4710 
2980 4187 4189 4161 
2981 5600 6558 3879 
2982 5550 6831 5549 
2983 4297 6688 6368 
2984 5364 5788 4965 
2985 4210 4211 4163 
2986 4096 4603 4119 
2987 4955 5906 4958 
2988 4956 5798 5188 
2989 4263 4264 4262 
2990 5006 5045 4583 
2991 4326 4414 4325 
2992 4227 6418 6204 
2993 5889 6866 6014 
2994 5766 6742 5683 
2995 5026 6543 5027 
2996 4599 4660 4659 
2997 5849 6509 5638 
2998 4169 4173 4172 
2999 5693 5794 5691 
3000 5150 5499 5148 
3001 5826 6045 5828 
3002 4579 4978 4877 
3003 4872 5582 4509 
3004 4796 6591 4890 
3005 6153 6516 5476 
3006 5688 6507 5360 
3007 5670 6098 5142 
3008 4686 4687 4590 
3009 4993 6041 5253 
3010 4480 4920 4919 
3011 4913 4914 4909 
3012 5510 6923 5280 
3013 4252 4254 4253 
3014 5654 5659 5656 
3015 4093 5883 4427 
3016 4173 4213 4212 
3017 4511 4591 4476 
3018 6088 6225 5599 
3019 4637 6880 4949 
3020 4883 5597 4886 
3021 4417 4506 4505 
3022 4040 5962 4096 
3023 4755 6243 6188 
3024 5765 5902 4817 
3025 4110 6874 4008 
3026 5857 6842 3895 
3027 3985 3986 3980 
3028 4027 4028 4026 
3029 4280 4282 4281 
3030 4919 6616 5873 
3031 5582 6903 6441 
3032 4492 5703 5511 
3033 5744 6803 6491 
3034 5028 5598 4687 
3035 5219 6771 5398 
3036 5399 6796 5439 
3037 5394 6462 5387 
3038 4048 4050 4049 
3039 3944 4162 3947 
3040 5938 6565 4775 
3041 4122 5874 4079 
3042 4143 4566 3911 
3043 5073 5090 5089 
3044 5163 6620 6056 
3045 5265 5537 5045 
3046 307 6459 308 
3047 4589 4590 4468 
3048 5284 6456 5813 
3049 1177 5146 3953 
3050 4938 5052 4939 
3051 4064 4073 4065 
3052 4322 4532 4531 
3053 3927 6027 3924 
3054 5662 6068 5663 
3055 4265 4266 4264 
3056 4532 5918 4951 
3057 4612 4999 4591 
3058 5165 6848 6581 
3059 5638 6719 5637 
3060 6100 6220 5101 
3061 5769 5912 5560 
3062 5623 5625 5624 
3063 5287 6567 5922 
3064 4324 4329 4328 
3065 3886 6088 5856 
3066 5034 5946 5138 
3067 4841 4842 4838 
3068 5381 6525 5380 
3069 6665 6857 5510 
3070 4802 4861 4803 
3071 5179 6331 4567 
3072 5650 6745 5939 
3073 5433 6945 5198 
3074 5885 6801 3966 
3075 5820 5889 4891 
3076 4317 4450 4449 
3077 4159 4216 4215 
3078 5830 5875 5829 
3079 5103 6220 5778 
3080 4246 6888 6123 
3081 5465 6754 5236 
3082 5139 6478 5472 
3083 6733 6870 4545 
3084 5789 5808 5068 
3085 4668 4675 4674 
3086 5850 6876 4272 
3087 5601 6227 5086 
3088 4702 4704 4703 
3089 5829 6002 5827 
3090 5051 5108 5010 
3091 5615 5616 5614 
3092 4886 6628 4944 
3093 4532 4652 4575 
3094 5756 6556 5566 
3095 5853 5899 5855 
3096 6537 6805 5040 
3097 4570 6835 5659 
3098 4965 5788 4998 
3099 5152 5845 5844 
3100 5048 6895 6156 
3101 4985 6363 5373 
3102 5338 5994 5993 
3103 4506 5697 4611 
3104 5896 6349 5118 
3105 5599 5645 5598 
3106 4278 4279 4277 
3107 4321 6949 4488 
3108 5992 6820 5531 
3109 4415 4416 4414 
3110 4041 5781 3992 
3111 5666 6878 5665 
3112 4323 6101 5786 
3113 4934 4935 4933 
3114 4620 4682 4681 
3115 5311 5861 5238 
3116 4091 5883 4093 
3117 4014 4015 4012 
3118 3894 6432 342 
3119 4079 5874 5749 
3120 4482 6540 6434 
3121 4693 5284 4510 
3122 6171 6778 5701 
3123 4165 4316 4122 
3124 4093 4427 4142 
3125 6164 6267 6076 
3126 5142 6093 5141 
3127 4000 4004 4001 
3128 6035 6754 4070 
3129 4873 5811 5290 
3130 5497 6867 5495 
3131 5494 5495 5285 
3132 5586 5679 5543 
3133 5405 6928 5498 
3134 339 6045 340 
3135 5462 5784 5783 
3136 4623 4624 4622 
3137 3923 4462 3925 
3138 4611 6617 6133 
3139 5692 6076 5693 
3140 5308 5413 5307 
3141 4219 4323 4229 
3142 321 6052 322 
3143 353 6225 3886 
3144 5380 6811 5379 
3145 4237 4238 4211 
3146 5625 5627 5626 
3147 4966 5813 4601 
3148 5673 6450 5911 
3149 4591 6506 4476 
3150 4159 5911 4216 
3151 5427 6868 5429 
3152 5833 6085 5834 
3153 4478 6731 5366 
3154 4627 4628 4626 
3155 4106 4446 4114 
3156 6609 6646 5450 
3157 4148 4180 4179 
3158 5619 5620 5617 
3159 5846 6023 5334 
3160 4594 4595 4051 
3161 4625 4626 4624 
3162 1485 4883 4408 
3163 5575 6752 6618 
3164 4408 5725 2222 
3165 5201 5203 5202 
3166 4073 4079 4074 
3167 5552 6696 5970 
3168 4917 5539 4068 
3169 5698 6241 5269 
3170 5203 5205 5204 
3171 5522 6615 4869 
3172 5759 6247 5229 
3173 5920 5921 5112 
3174 4984 6673 4523 
3175 4464 6364 5367 
3176 5195 5197 5196 
3177 5254 5307 4994 
3178 5193 5195 5194 
3179 4629 4630 4628 
3180 3889 6251 360 
3181 5191 5193 5192 
3182 5189 5191 5190 
3183 4118 4126 4124 
3184 4720 4722 4721 
3185 4066 4997 4109 
3186 4107 4175 4100 
3187 5791 6390 4438 
3188 5245 5452 5451 
3189 4507 4508 4444 
3190 5560 5561 4662 
3191 5197 5199 5198 
3192 5223 6929 5513 
3193 5209 5211 5210 
3194 4984 6471 5680 
3195 5362 6208 5051 
3196 5360 6391 4564 
3197 4489 6193 6093 
3198 5199 5201 5200 
3199 5663 6441 5052 
3200 4891 6014 4966 
3201 4023 4025 4024 
3202 4942 6273 6140 
3203 5563 5969 5540 
3204 5220 5222 5221 
3205 5222 5224 5223 
3206 5224 5226 5225 
3207 5768 6573 5532 
3208 5051 6208 5347 
3209 4141 6092 4845 
3210 6156 6895 6155 
3211 5046 6571 5523 
3212 4957 5798 4956 
3213 5915 6686 6557 
3214 4267 4268 4266 
3215 4581 4971 4970 
3216 5084 6227 6099 
3217 4873 5887 5811 
3218 5911 6450 4216 
3219 3958 3959 3957 
3220 5411 6630 6215 
3221 4446 6712 6172 
3222 4592 5867 4038 
3223 5090 5092 5091 
3224 5205 5207 5206 
3225 4316 6396 5815 
3226 5770 6689 334 
3227 5381 6686 5915 
3228 6099 6227 4574 
3229 5211 5214 5213 
3230 3984 6167 3988 
3231 5252 5256 5255 
3232 5627 5629 5628 
3233 5515 6206 6064 
3234 5207 5209 5208 
3235 5216 5220 5219 
3236 4108 4592 4038 
3237 5186 5189 5187 
3238 5079 6697 4306 
3239 5657 6338 5655 
3240 5161 6224 6116 
3241 5092 5094 5093 
3242 5096 5099 5098 
3243 5214 5216 5215 
3244 6372 6944 5448 
3245 4029 4030 4028 
3246 4329 4331 4330 
3247 5094 5096 5095 
3248 5963 6724 4426 
3249 5773 6932 5589 
3250 5989 6539 5553 
3251 5326 6541 5581 
3252 5429 6868 5428 
3253 5274 5514 5016 
3254 4096 5962 4603 
3255 5658 6071 5657 
3256 5492 6707 5594 
3257 6230 6735 5802 
3258 4601 4602 4508 
3259 4597 4598 4530 
3260 5347 5348 5108 
3261 5234 6823 5369 
3262 6013 6390 5737 
3263 4995 6845 6049 
3264 5141 6180 5364 
3265 5099 5111 5110 
3266 5182 5184 5183 
3267 4331 4333 4332 
3268 4504 6276 4345 
3269 5717 6062 5714 
3270 5848 6509 5849 
3271 5113 5182 5181 
3272 5420 5436 5435 
3273 4450 4466 4465 
3274 5921 6357 3926 
3275 5368 6872 4820 
3276 4312 4318 4204 
3277 5692 6077 6076 
3278 5241 6563 5242 
3279 4880 4881 4547 
3280 6295 6563 5241 
3281 4631 4632 4630 
3282 1529 5565 1540 
3283 4190 4191 4189 
3284 5111 5113 5112 
3285 6663 6719 5638 
3286 4282 4284 4283 
3287 6441 6903 5052 
3288 4929 5836 5835 
3289 4895 4897 4896 
3290 4238 5880 4503 
3291 4546 4547 4454 
3292 5354 5355 4871 
3293 6423 6782 4911 
3294 5637 6719 5932 
3295 5553 6539 5489 
3296 3987 5747 3983 
3297 4333 4336 4334 
3298 5345 6761 5702 
3299 6593 6684 5322 
3300 4747 4749 4748 
3301 4078 4085 4083 
3302 5387 6484 5386 
3303 5806 6854 5979 
3304 6036 6037 5513 
3305 6188 6248 4755 
3306 5421 6611 4463 
3307 5689 6507 5688 
3308 4601 5813 4602 
3309 4499 4581 4580 
3310 4338 4340 4339 
3311 4336 4338 4337 
3312 4140 5139 4139 
3313 4366 6941 4461 
3314 5961 6130 4391 
3315 4682 4684 4683 
3316 4736 4743 4742 
3317 4340 4342 4341 
3318 4969 6942 5912 
3319 4192 4193 4191 
3320 363 6436 364 
3321 4017 4018 4015 
3322 4962 5672 5669 
3323 4417 4505 4416 
3324 4684 4694 4685 
3325 5359 5360 4564 
3326 4342 4344 4343 
3327 5363 5851 4920 
3328 4686 5028 4687 
3329 4956 5188 5074 
3330 5146 6140 5147 
3331 5383 6686 5382 
3332 4694 5072 4695 
3333 5623 5624 5620 
3334 4633 4634 4632 
3335 4433 5982 5898 
3336 4635 4636 4634 
3337 4637 4638 4636 
3338 4177 4178 4147 
3339 4116 4593 2431 
3340 4357 6869 4475 
3341 4599 4659 4598 
3342 4344 4346 4345 
3343 4353 4355 4354 
3344 4351 4353 4352 
3345 4714 6146 6122 
3346 4563 4583 4582 
3347 4349 4351 4350 
3348 4446 6856 5810 
3349 5225 6355 6019 
3350 4346 4349 4347 
3351 4616 6272 5044 
3352 6584 6646 5695 
3353 5644 6373 3891 
3354 5403 6753 6010 
3355 6224 6961 6116 
3356 4532 4575 4531 
3357 4952 5887 4652 
3358 4589 4686 4590 
3359 4269 4270 4268 
3360 4365 4367 4366 
3361 6788 6927 5616 
3362 5236 6477 5313 
3363 4791 6908 6198 
3364 4545 4607 4606 
3365 4420 5065 4867 
3366 5245 5451 5105 
3367 6156 6571 5048 
3368 5793 6468 5641 
3369 4050 4057 4053 
3370 4870 4871 4565 
3371 4981 6616 4919 
3372 5851 6851 4980 
3373 340 6045 5826 
3374 5100 5879 5571 
3375 5749 5751 5750 
3376 4363 4365 4364 
3377 4494 5351 4497 
3378 4204 6092 4141 
3379 5227 6305 5956 
3380 5634 5647 5636 
3381 4194 4195 4193 
3382 5620 6028 5617 
3383 322 6052 5848 
3384 4144 4145 4094 
3385 4609 5115 4850 
3386 6019 6929 5223 
3387 4025 4027 4026 
3388 3997 6292 3986 
3389 4382 6775 5946 
3390 3995 3996 3986 
3391 4180 4182 4181 
3392 4378 6871 5876 
3393 4467 5101 4588 
3394 4534 6207 3907 
3395 5810 6712 4446 
3396 4355 4358 4357 
3397 5712 6762 5044 
3398 5671 6720 5670 
3399 3928 3956 3931 
3400 3888 6416 336 
3401 5028 5599 5598 
3402 4360 4363 4362 
3403 5961 6743 5535 
3404 4480 4919 3903 
3405 4652 4873 4575 
3406 4126 4128 4127 
3407 5101 5103 5102 
3408 6119 6121 6120 
3409 5103 5484 5320 
3410 4881 5274 5016 
3411 6292 6823 5234 
3412 367 6672 368 
3413 4660 5230 4659 
3414 4728 4734 4733 
3415 4974 4976 4975 
3416 5228 6355 5225 
3417 3960 3961 3959 
3418 4920 4981 4919 
3419 6077 6209 4039 
3420 4178 6468 5793 
3421 4787 4789 4788 
3422 5894 6528 5757 
3423 4398 6938 5314 
3424 5835 6145 4929 
3425 1177 3953 3509 
3426 5427 6916 6868 
3427 5625 5626 5624 
3428 4473 4482 4472 
3429 4392 4563 4562 
3430 4759 6309 4736 
3431 4963 5878 4959 
3432 5743 6133 5741 
3433 4358 4360 4359 
3434 3531 6638 5864 
3435 4466 4511 4476 
3436 359 6505 3889 
3437 4034 5890 4032 
3438 4367 4369 4368 
3439 4128 4130 4129 
3440 4393 6759 6328 
3441 4148 5965 4180 
3442 6261 6506 5262 
3443 5107 6528 5894 
3444 5841 6454 5442 
3445 5761 6906 4851 
3446 4223 4231 4217 
3447 3876 6672 6206 
3448 4335 6033 5920 
3449 364 6058 365 
3450 4164 4203 4145 
3451 5628 5638 5637 
3452 5617 6028 5616 
3453 3943 6158 3940 
3454 4184 4234 4220 
3455 5059 5060 4928 
3456 4936 4937 4935 
3457 5320 5352 5102 
3458 6109 6833 4519 
3459 4385 4387 4386 
3460 4895 4896 4893 
3461 4224 4444 4236 
3462 5707 6886 6293 
3463 4341 6682 6572 
3464 337 6416 3898 
3465 4155 4224 4208 
3466 4182 4184 4183 
3467 4157 4515 4214 
3468 4121 5978 4157 
3469 5408 5869 5735 
3470 5609 5950 5622 
3471 6147 6703 5331 
3472 5762 5904 4761 
3473 3921 3982 3981 
3474 3909 4143 3911 
3475 4112 4155 4152 
3476 4639 4640 4638 
3477 4343 6519 4481 
3478 4983 5136 5135 
3479 583 4044 1111 
3480 5780 6544 5135 
3481 3979 3985 3980 
3482 5142 6098 6093 
3483 4513 6397 4983 
3484 6428 6915 5646 
3485 5494 5496 5495 
3486 5627 5628 5626 
3487 5836 6367 5176 
3488 4176 4217 4175 
3489 5452 6545 6103 
3490 5712 6412 4222 
3491 4612 5000 4999 
3492 4546 4882 4880 
3493 5259 5261 5260 
3494 748 4424 484 
3495 5926 6606 5294 
3496 4511 4612 4591 
3497 4693 5285 5284 
3498 4151 6330 5070 
3499 4141 4845 4115 
3500 4250 4251 4249 
3501 4076 4112 4111 
3502 484 5931 583 
3503 3982 3991 3990 
3504 5361 6864 6257 
3505 4004 4007 4005 
3506 5325 6229 5155 
3507 4007 4009 4008 
3508 5178 6879 4924 
3509 4009 4011 4010 
3510 4882 5245 5105 
3511 4673 5017 4898 
3512 5085 5117 5087 
3513 5388 6380 5394 
3514 4196 4197 4195 
3515 3962 3963 3961 
3516 5619 6925 5623 
3517 5537 5796 5045 
3518 4529 5084 4394 
3519 4583 5038 4582 
3520 6071 6072 5657 
3521 4271 4274 4270 
3522 5234 5369 5054 
3523 5350 6086 5935 
3524 5856 6088 6084 
3525 4225 4317 4203 
3526 4038 5867 4018 
3527 5298 6301 6300 
3528 3991 4076 4075 
3529 4546 4880 4547 
3530 5634 5636 5631 
3531 5675 6204 5618 
3532 396 4045 924 
3533 4130 4132 4131 
3534 4436 5947 4650 
3535 4213 4240 4239 
3536 5489 6723 5981 
3537 4743 4745 4744 
3538 5070 6430 5792 
3539 5100 5571 4896 
3540 306 6377 307 
3541 5829 6500 6002 
3542 5628 5637 5626 
3543 5683 6728 5902 
3544 5664 6757 5590 
3545 4513 4983 4667 
3546 4552 4655 4654 
3547 4920 5851 4981 
3548 4956 5074 4954 
3549 4452 6303 3941 
3550 5085 5086 5084 
3551 5038 5154 4582 
3552 4506 4611 4505 
3553 3179 5941 2827 
3554 1375 4425 957 
3555 957 5943 396 
3556 4652 5887 4873 
3557 5624 5632 5620 
3558 5087 5600 5086 
3559 4225 4395 4394 
3560 4040 4096 4095 
3561 5697 5807 4611 
3562 4873 5104 4575 
3563 4675 4677 4676 
3564 5373 6363 5748 
3565 1848 5949 1837 
3566 5700 6480 5545 
3567 4594 5681 4691 
3568 5872 6338 6072 
3569 5160 5162 5161 
3570 4741 6187 6186 
3571 5491 6605 5250 
3572 6108 6479 5257 
3573 4923 6911 6122 
3574 4484 6074 5709 
3575 4503 5661 5660 
3576 4508 4605 4444 
3577 3887 6690 324 
3578 869 5948 1375 
3579 4603 5911 4119 
3580 4322 4531 4454 
3581 5394 6380 6360 
3582 1111 5977 1199 
3583 4143 4567 4566 
3584 6083 6587 4258 
3585 3994 6602 5748 
3586 4783 6918 6047 
3587 6218 6666 5058 
3588 5007 5564 4876 
3589 2596 5914 2585 
3590 4960 5798 4957 
3591 4882 5105 4880 
3592 4236 4459 4208 
3593 370 6059 371 
3594 5018 6422 5919 
3595 4220 4434 4183 
3596 3914 4477 3912 
3597 3985 3995 3986 
3598 4284 4286 4285 
3599 4395 4530 4529 
3600 2585 3942 1980 
3601 4180 4181 4179 
3602 5288 6518 6067 
3603 451 4426 869 
3604 5344 6385 5346 
3605 924 5926 1309 
3606 4132 4134 4133 
3607 3102 5979 2794 
3608 4589 4688 4686 
3609 4655 4658 4657 
3610 4011 4014 4012 
3611 4092 4604 3973 
3612 4040 4059 4036 
3613 4085 4087 4086 
3614 5369 6264 5054 
3615 4588 4589 4468 
3616 4569 4969 4422 
3617 5230 5231 4659 
3618 4035 4036 4034 
3619 5069 5711 4836 
3620 5230 5527 5231 
3621 4215 4322 4312 
3622 4467 4468 4459 
3623 4997 5965 4109 
3624 2794 3926 2783 
3625 2805 5963 451 
3626 4872 5882 5582 
3627 1309 5933 748 
3628 5233 6467 5606 
3629 2068 5974 2057 
3630 4121 4122 4079 
3631 6118 6121 6119 
3632 1925 5964 1914 
3633 5066 6317 5029 
3634 3696 5927 1331 
3635 5103 5320 5102 
3636 5516 6654 4794 
3637 858 3918 2805 
3638 4641 4642 4640 
3639 5416 6785 5821 
3640 2475 3920 3861 
3641 5932 6719 3893 
3642 3564 5989 3828 
3643 5808 6136 5068 
3644 4134 4136 4135 
3645 6068 6117 5663 
3646 4059 5930 4064 
3647 4873 5290 5104 
3648 946 5971 858 
3649 305 6545 3890 
3650 4741 6188 6187 
3651 5436 5776 5438 
3652 5632 6028 5620 
3653 1837 3946 1771 
3654 5269 6114 4849 
3655 4658 4933 4932 
3656 4643 4644 4642 
3657 5783 6765 5782 
3658 4563 4582 4562 
3659 4531 4546 4454 
3660 4153 6919 5428 
3661 3828 3955 3817 
3662 5655 6653 4518 
3663 4027 4029 4028 
3664 2057 3934 1925 
3665 4035 4040 4036 
3666 4040 4095 4059 
3667 5883 6801 5885 
3668 4322 4454 4312 
3669 3234 4432 946 
3670 5101 5102 4588 
3671 4436 4650 4572 
3672 4362 6922 4464 
3673 5699 6323 5719 
3674 4840 6222 4706 
3675 5407 6599 5409 
3676 2761 5942 3707 
3677 4414 4443 4325 
3678 4232 6791 4315 
3679 3366 4435 385 
3680 4033 4035 4034 
3681 5646 6915 5524 
3682 4886 4944 4943 
3683 4950 6366 5687 
3684 4178 6070 4147 
3685 2310 5991 2299 
3686 4148 4179 4177 
3687 5813 6456 4602 
3688 649 5954 528 
3689 3113 4433 3102 
3690 4234 4400 4220 
3691 4157 4165 4122 
3692 6107 6353 5625 
3693 334 6558 5770 
3694 1199 4428 649 
3695 4418 6316 5969 
3696 4207 6531 5605 
3697 3861 5967 3850 
3698 4846 6461 4437 
3699 303 6103 304 
3700 5318 6376 5897 
3701 1826 3954 1815 
3702 4324 6210 4329 
3703 1914 4430 2618 
3704 4224 4236 4208 
3705 5701 6779 5700 
3706 4938 4939 4937 
3707 4033 4034 4032 
3708 4987 6349 4986 
3709 473 4055 847 
3710 407 4056 418 
3711 4155 4208 4152 
3712 2299 4431 2068 
3713 847 5983 616 
3714 4547 6049 4454 
3715 913 4043 594 
3716 4672 6261 5692 
3717 4598 4600 4530 
3718 4112 4152 4111 
3719 4845 6079 6078 
3720 5052 5053 4939 
3721 4159 4215 4204 
3722 5129 5131 5130 
3723 4184 4220 4183 
3724 4573 4846 4437 
3725 5661 5846 5660 
3726 2651 5997 2640 
3727 5751 6553 4978 
3728 4577 6776 4579 
3729 5777 6759 5438 
3730 4977 5585 5551 
3731 5162 5164 5163 
3732 4693 5493 5285 
3733 4157 5978 4515 
3734 4286 4290 4287 
3735 5155 6109 5680 
3736 6868 6916 5426 
3737 2618 5976 2607 
3738 2519 5999 407 
3739 4109 4148 4147 
3740 4275 4277 4276 
3741 4968 5721 4647 
3742 4232 4315 4314 
3743 836 4439 2519 
3744 5793 6469 4178 
3745 4066 6113 4997 
3746 4215 4312 4204 
3747 5702 6419 5345 
3748 1254 6001 1166 
3749 2607 6008 1903 
3750 3674 6009 3663 
3751 4214 4313 4165 
3752 4316 5886 5874 
3753 462 6005 836 
3754 4645 4646 4644 
3755 4290 4299 4291 
3756 1892 6007 3091 
3757 4467 4588 4468 
3758 5701 6644 6194 
3759 4073 4121 4079 
3760 5759 6915 6439 
3761 4491 4492 4490 
3762 2662 6020 2750 
3763 3991 4075 3990 
3764 4182 4183 4181 
3765 4144 4164 4145 
3766 2497 4084 3674 
3767 4017 4038 4018 
3768 4003 6254 6213 
3769 4392 4510 4313 
3770 6228 6827 5395 
3771 3377 4440 462 
3772 2739 6011 2156 
3773 4562 4693 4510 
3774 4015 6108 4012 
3775 3964 3965 3963 
3776 4198 4199 4197 
3777 2486 5972 2475 
3778 3080 6013 3355 
3779 2420 6036 935 
3780 2717 4072 3542 
3781 4578 5283 4576 
3782 1155 4103 2310 
3783 2002 5975 1991 
3784 1100 6003 1089 
3785 2673 4071 2662 
3786 4031 4060 4033 
3787 3344 6024 2508 
3788 385 5985 3234 
3789 2728 6016 2717 
3790 4201 4202 4199 
3791 2750 4442 2739 
3792 1771 5959 1760 
3793 1903 4082 1892 
3794 4998 5878 4963 
3795 4076 4111 4075 
3796 5819 6514 5114 
3797 1749 5973 913 
3798 4299 4310 4300 
3799 4462 6538 5877 
3800 3476 4441 2728 
3801 5087 5770 5600 
3802 6127 6460 5183 
3803 4511 4661 4612 
3804 5774 6640 3920 
3805 792 6018 3377 
3806 5085 5087 5086 
3807 2816 4413 2596 
3808 5038 5304 5154 
3809 6142 6178 5022 
3810 3663 5982 3113 
3811 3091 4438 3080 
3812 3956 3958 3957 
3813 4164 4225 4203 
3814 2508 5996 2497 
3815 4029 4031 4030 
3816 4825 4826 4823 
3817 4450 4574 4466 
3818 3921 3981 3916 
3819 4660 6069 5230 
3820 4236 4467 4459 
3821 1265 4099 1254 
3822 3966 3967 3965 
3823 3388 4054 792 
3824 4529 5085 5084 
3825 5667 5929 5731 
3826 4557 4668 4556 
3827 2640 4104 1100 
3828 4225 4394 4317 
3829 4162 4210 4163 
3830 4505 4670 4416 
3831 3465 6000 473 
3832 4152 4207 4111 
3833 4479 5923 4402 
3834 5847 6746 5564 
3835 5121 5123 5122 
3836 5715 5716 4979 
3837 4136 4138 4137 
3838 3850 6038 539 
3839 4548 6158 3948 
3840 5084 6099 4394 
3841 4014 4017 4015 
3842 4142 4205 4144 
3843 1166 5986 1155 
3844 2167 6017 2486 
3845 4121 4157 4122 
3846 3968 3969 3967 
3847 627 6015 2673 
3848 5242 5286 4847 
3849 1485 4408 2222 
3850 3487 6022 3476 
3851 4897 5100 4896 
3852 4157 4214 4165 
3853 4706 6222 4708 
3854 4031 4032 4030 
3855 4159 4204 4141 
3856 4369 4371 4370 
3857 3873 6780 5720 
3858 4096 4119 4115 
3859 4395 4529 4394 
3860 5164 5168 5167 
3861 638 6025 627 
3862 6162 6579 4751 
3863 1980 6021 1969 
3864 4392 4562 4510 
3865 5257 5532 4696 
3866 3355 4081 3344 
3867 4214 4392 4313 
3868 5493 5494 5285 
3869 5554 6677 6244 
3870 2156 6035 2145 
3871 4119 4159 4141 
3872 6106 6444 5907 
3873 4108 6070 4592 
3874 5873 6616 3875 
3875 5361 6755 5256 
3876 4985 5373 4984 
3877 4066 4109 4108 
3878 693 6029 3465 
3879 2145 4070 3487 
3880 3058 4335 638 
3881 5407 5409 5305 
3882 4845 6238 6079 
3883 6670 6810 4766 
3884 3069 6033 3058 
3885 616 6042 440 
3886 1991 5937 3190 
3887 5857 6470 5451 
3888 6316 6693 5970 
3889 4881 6057 5274 
3890 5897 6376 5365 
3891 2178 4348 2167 
3892 4312 6049 4318 
3893 3968 4091 3973 
3894 5746 6491 4661 
3895 4650 4699 4698 
3896 6277 6765 5783 
3897 3190 4188 3179 
3898 3998 4016 4000 
3899 4880 6057 4881 
3900 4731 6178 6142 
3901 1969 4429 2651 
3902 704 4423 1749 
3903 5495 6456 5285 
3904 5176 6951 4928 
3905 4017 4066 4038 
3906 5741 6617 5740 
3907 539 4356 693 
3908 4318 6092 4204 
3909 5304 5677 5154 
3910 5494 6058 5496 
3911 6229 6833 6109 
3912 4592 6190 5867 
3913 3995 4419 3996 
3914 5258 6378 5648 
3915 4310 4447 4311 
3916 4023 4037 4025 
3917 4387 4390 4389 
3918 440 4361 2420 
3919 3968 3973 3969 
3920 3960 3962 3961 
3921 4567 6043 4566 
3922 4258 6587 6217 
3923 4093 4142 4094 
3924 4945 6421 6066 
3925 5912 6942 5560 
3926 4402 5923 4404 
3927 4661 6313 5840 
3928 4091 6801 5883 
3929 4677 5051 5010 
3930 5181 6157 5920 
3931 3969 5958 3971 
3932 3933 5295 3930 
3933 4060 6720 6065 
3934 5349 5350 5348 
3935 4179 4227 4177 
3936 4672 6506 6261 
3937 3817 5945 2772 
3938 4870 5354 4871 
3939 4280 4281 4279 
3940 5849 6061 3887 
3941 4232 4314 4231 
3942 4446 6336 4114 
3943 6125 6363 4985 
3944 4148 4177 4147 
3945 4604 5958 3973 
3946 5572 6743 5961 
3947 5438 6481 5435 
3948 3966 3968 3967 
3949 5065 5262 4867 
3950 4400 6610 5812 
3951 4481 6682 4341 
3952 3707 4200 3696 
3953 4731 6179 6174 
3954 4142 4144 4094 
3955 5749 5874 5751 
3956 334 6689 335 
3957 5003 5037 5036 
3958 6008 6656 4082 
3959 5698 6060 5954 
3960 4096 4115 4095 
3961 4536 6512 4469 
3962 4282 4283 4281 
3963 5034 5138 5137 
3964 4075 4527 3990 
3965 5874 5886 5751 
3966 1760 4412 2002 
3967 4109 4147 4108 
3968 4456 5713 3922 
3969 3982 3990 3981 
3970 5068 6136 5533 
3971 5827 6485 3894 
3972 4918 5106 4833 
3973 5867 6189 4020 
3974 4583 6064 5038 
3975 4109 5965 4148 
3976 4789 4800 4799 
3977 5155 5680 4319 
3978 1320 4399 1848 
3979 4119 4141 4115 
3980 6568 6569 5981 
3981 4267 6524 5825 
3982 2948 4022 2937 
3983 5017 6858 6834 
3984 5045 6064 4583 
3985 3901 6912 5475 
3986 5050 5119 5118 
3987 5631 6061 5629 
3988 5168 5170 5169 
3989 4173 6709 4213 
3990 3974 4039 3979 
3991 5505 5506 5504 
3992 6597 6648 5483 
3993 6156 6910 6571 
3994 3964 3966 3965 
3995 4555 4556 4554 
3996 4210 4237 4211 
3997 5816 6482 5074 
3998 4526 4887 4875 
3999 4877 5015 5007 
4000 4467 6100 5101 
4001 338 6695 5 
4002 5 6695 339 
4003 6016 6948 5474 
4004 1210 6034 704 
4005 4095 5930 4059 
4006 4173 4212 4172 
4007 3157 5990 2024 
4008 4699 5003 5002 
4009 4560 5779 5681 
4010 4035 6065 5962 
4011 3990 6094 3981 
4012 6206 6672 5304 
4013 2827 5966 2816 
4014 4031 4033 4032 
4015 4420 6196 5065 
4016 320 6700 4 
4017 4 6700 321 
4018 5284 6930 4510 
4019 5172 5470 5173 
4020 3938 4537 4206 
4021 356 6702 6 
4022 6 6702 357 
4023 5183 6460 6157 
4024 5402 6312 5913 
4025 4830 6106 4829 
4026 4553 4554 4551 
4027 5854 6702 3897 
4028 5198 6945 5196 
4029 3962 3964 3963 
4030 6244 6677 5240 
4031 4622 6272 4618 
4032 1331 5951 1320 
4033 4875 5574 4872 
4034 5170 5172 5171 
4035 4066 4108 4038 
4036 4143 5179 4567 
4037 5877 6538 5518 
4038 4718 4719 4716 
4039 4969 5880 4422 
4040 605 4378 1210 
4041 4447 4662 4448 
4042 6114 6655 4608 
4043 5507 5545 5506 
4044 5332 6703 6090 
4045 2772 4396 2761 
4046 4579 4877 4876 
4047 5501 6863 6212 
4048 594 5939 3839 
4049 4545 6870 4607 
4050 528 6060 605 
4051 5551 6633 4977 
4052 4470 6836 6530 
4053 4462 6031 3925 
4054 4392 6096 4563 
4055 6064 6206 5038 
4056 5574 5882 4872 
4057 4575 6039 4531 
4058 3925 6031 3928 
4059 4566 6043 4673 
4060 4402 4404 4403 
4061 4893 6069 4660 
4062 4704 4706 4705 
4063 5571 6069 4896 
4064 4526 4872 4509 
4065 352 6348 6225 
4066 4138 4140 4139 
4067 4943 6066 5444 
4068 5051 5347 5108 
4069 4969 5912 5880 
4070 1661 5797 1672 
4071 6075 6847 5027 
4072 6513 6514 5819 
4073 4371 4373 4372 
4074 4870 5449 5354 
4075 4186 6101 4219 
4076 6557 6686 5383 
4077 5503 5504 5047 
4078 1793 4295 1782 
4079 4063 6794 5988 
4080 4546 6039 4882 
4081 374 6711 3 
4082 3 6711 303 
4083 4462 6032 6031 
4084 5105 6057 4880 
4085 5732 6447 4452 
4086 5397 6136 5893 
4087 4831 4832 4830 
4088 6458 6589 4762 
4089 4525 4984 4523 
4090 4820 4823 4822 
4091 5909 6449 5910 
4092 5740 6617 5807 
4093 5136 5649 5135 
4094 6097 6404 5493 
4095 5866 6676 4534 
4096 5738 6809 4084 
4097 4213 4239 4212 
4098 4284 4285 4283 
4099 4859 4901 4900 
4100 4119 5911 4159 
4101 5804 6904 4006 
4102 5524 6915 5759 
4103 5154 6404 6097 
4104 4500 4501 4498 
4105 3907 6207 3909 
4106 4093 4094 4092 
4107 5693 6939 5794 
4108 4252 4253 4251 
4109 3958 3960 3959 
4110 4845 6078 4115 
4111 5352 6091 5102 
4112 4422 5880 4238 
4113 4237 4422 4238 
4114 4373 4375 4374 
4115 5678 6789 4067 
4116 6079 6238 5684 
4117 4890 6149 5825 
4118 5841 6641 5839 
4119 3995 4420 4419 
4120 6110 6718 4443 
4121 5684 6238 5265 
4122 6250 6706 5311 
4123 6624 6754 5465 
4124 4883 4884 4408 
4125 4454 6049 4312 
4126 5589 6932 5772 
4127 4381 4471 4470 
4128 4502 5029 4501 
4129 4121 6104 5978 
4130 3962 4221 3964 
4131 5844 6570 5248 
4132 4559 5422 4560 
4133 4531 6039 4546 
4134 6056 6224 5161 
4135 4577 4579 4578 
4136 4165 6396 4316 
4137 4441 6948 6016 
4138 4558 4781 4307 
4139 4452 6447 6195 
4140 4427 6105 4142 
4141 4605 6100 4444 
4142 4205 6772 6757 
4143 4375 4377 4376 
4144 4581 4970 4580 
4145 3965 6341 3963 
4146 4088 6664 4021 
4147 4914 4925 4924 
4148 4887 5336 5277 
4149 4385 4386 4202 
4150 5821 6785 5585 
4151 6607 6614 5878 
4152 5744 6491 5746 
4153 4647 4648 4646 
4154 5485 6814 5583 
4155 4749 4761 4760 
4156 4545 4606 4524 
4157 6407 6919 6464 
4158 5730 6836 4472 
4159 4400 6353 6107 
4160 5085 6112 5117 
4161 4091 4093 4092 
4162 5659 6835 5656 
4163 4568 6147 4167 
4164 4686 6084 5028 
4165 5796 6064 5045 
4166 4189 6330 4161 
4167 2024 4384 2013 
4168 6142 6179 4731 
4169 5404 6572 6296 
4170 4877 5007 4876 
4171 4983 5135 4667 
4172 4976 5063 5062 
4173 5892 6228 5396 
4174 4448 4509 4311 
4175 4317 6099 4450 
4176 5355 6216 5568 
4177 5259 5260 4971 
4178 4027 4489 4029 
4179 5915 6756 5381 
4180 5104 6039 4575 
4181 5636 6061 5631 
4182 6300 6302 5298 
4183 5577 5908 5036 
4184 6482 6818 5887 
4185 3941 6303 3944 
4186 5642 6927 6788 
4187 3938 4206 3936 
4188 4495 4496 4493 
4189 5196 6945 5474 
4190 5245 6613 5452 
4191 5227 5402 5226 
4192 3944 6303 4162 
4193 4009 4013 4011 
4194 5564 6185 4876 
4195 370 6675 6059 
4196 4275 4276 4274 
4197 5603 6724 5963 
4198 5261 6040 5260 
4199 4983 6195 5136 
4200 4867 4870 4565 
4201 5185 5186 5184 
4202 5134 5800 5799 
4203 5480 6578 6433 
4204 5115 5583 5116 
4205 5438 6759 6481 
4206 4444 6100 4236 
4207 4064 6104 4073 
4208 5710 5727 2530 
4209 4142 6105 4205 
4210 5154 6097 4582 
4211 4647 5721 4648 
4212 4416 6110 4414 
4213 3973 5958 3969 
4214 6298 6816 5429 
4215 5015 6553 5886 
4216 5530 6629 5529 
4217 4602 6087 4508 
4218 4014 6113 4017 
4219 5987 6628 5237 
4220 4164 6446 5868 
4221 4290 4291 4287 
4222 6526 6645 6510 
4223 4937 5678 4935 
4224 5053 5233 5054 
4225 5729 6674 5083 
4226 4589 6091 4688 
4227 4863 6584 5695 
4228 6087 6400 4605 
4229 4299 4300 4291 
4230 4286 4287 4285 
4231 4174 6926 5953 
4232 6312 6634 5389 
4233 352 6225 353 
4234 5107 5894 5106 
4235 5175 5817 5643 
4236 5019 5020 4931 
4237 4896 6069 4893 
4238 5286 5952 4847 
4239 5347 5349 5348 
4240 4605 6400 6220 
4241 4057 5686 5685 
4242 2013 5980 3575 
4243 4170 4866 4168 
4244 4732 6578 6128 
4245 4487 4671 4320 
4246 3879 6558 333 
4247 6377 6459 307 
4248 5704 6521 5291 
4249 4579 4876 4578 
4250 5632 6799 5932 
4251 4420 4565 4419 
4252 4033 6065 4035 
4253 4515 6096 4214 
4254 6072 6338 5657 
4255 5117 6111 5087 
4256 4474 6612 6307 
4257 5053 5054 4939 
4258 4420 4867 4565 
4259 4254 4293 4253 
4260 4091 4092 3973 
4261 5233 5606 5234 
4262 6159 6339 4166 
4263 1496 5924 3168 
4264 4829 6106 5907 
4265 4542 4544 4540 
4266 5028 6088 5599 
4267 3575 4383 3564 
4268 4688 6084 4686 
4269 4310 4311 4300 
4270 5462 6626 5784 
4271 4673 6043 5017 
4272 6151 6534 4769 
4273 4591 6914 6506 
4274 6763 6829 4293 
4275 4394 6099 4317 
4276 6465 6659 5156 
4277 5183 6959 6127 
4278 5788 6469 4998 
4279 4620 6318 4682 
4280 4588 6091 4589 
4281 3877 6436 363 
4282 4618 6272 4616 
4283 2530 5727 1826 
4284 4863 5695 4861 
4285 6071 6934 6073 
4286 3954 5731 1815 
4287 583 5931 4044 
4288 4946 6255 6010 
4289 4424 5931 484 
4290 4242 5947 4240 
4291 5889 6946 5007 
4292 4036 6536 4034 
4293 4067 6637 3999 
4294 4048 4158 4050 
4295 3885 6470 5857 
4296 4693 6097 5493 
4297 4508 6087 4605 
4298 5257 6753 6108 
4299 4537 4539 4538 
4300 5133 5913 5131 
4301 5309 6957 5787 
4302 5731 6161 5667 
4303 4004 4533 4007 
4304 5728 6161 3954 
4305 6401 6745 5423 
4306 2783 6357 3069 
4307 5475 6912 5873 
4308 360 6251 361 
4309 4538 4848 4206 
4310 4095 6078 5930 
4311 4694 6744 5858 
4312 3926 6854 5921 
4313 5946 6466 5138 
4314 4600 6112 4530 
4315 5065 6261 5262 
4316 3168 4101 3157 
4317 4650 4698 4572 
4318 5252 5361 5256 
4319 6069 6448 5230 
4320 5930 6104 4064 
4321 4526 4875 4872 
4322 4678 6658 6384 
4323 5854 6505 358 
4324 3963 6341 3989 
4325 4901 4904 4902 
4326 2046 5929 2035 
4327 4530 6112 4529 
4328 4582 6097 4562 
4329 3953 5676 3509 
4330 4175 6334 4100 
4331 5102 6091 4588 
4332 3751 6051 2948 
4333 6103 6545 304 
4334 5242 5838 5286 
4335 3509 5676 3498 
4336 4220 6107 4434 
4337 4459 6138 4208 
4338 1089 6360 1265 
4339 4161 6330 4151 
4340 5037 5577 5036 
4341 396 5943 4045 
4342 4677 5362 5051 
4343 4323 6210 4324 
4344 4543 4577 4576 
4345 4147 6070 4108 
4346 5273 6444 6106 
4347 6014 6705 5815 
4348 4044 5977 1111 
4349 4842 4854 4853 
4350 4977 5821 5585 
4351 3762 6115 3751 
4352 5476 6516 5019 
4353 2937 6050 2926 
4354 5781 6602 3994 
4355 4447 4448 4311 
4356 4425 5943 957 
4357 5564 6746 6185 
4358 5233 5234 5054 
4359 4329 6210 4457 
4360 4236 6100 4467 
4361 5125 5818 5123 
4362 5017 6834 5884 
4363 5129 5130 5127 
4364 4118 6336 4126 
4365 1551 5709 1562 
4366 6220 6400 5778 
4367 4562 6097 4693 
4368 3597 4257 3586 
4369 4450 6099 4574 
4370 3773 4752 3762 
4371 5101 6220 5103 
4372 5836 6708 6367 
4373 4060 6065 4033 
4374 4655 4657 4654 
4375 4300 4301 4291 
4376 5072 6907 5073 
4377 5535 5935 5578 
4378 5003 5036 5002 
4379 4978 6553 4877 
4380 1375 5948 4425 
4381 5970 6696 5540 
4382 5884 6900 5550 
4383 4100 6334 4090 
4384 333 6558 334 
4385 5650 6166 5431 
4386 4146 6746 5847 
4387 748 5933 4424 
4388 4285 4289 4283 
4389 4214 6096 4392 
4390 5815 6396 5814 
4391 2926 6126 1463 
4392 4400 6107 4220 
4393 5867 6190 6189 
4394 5831 6644 5507 
4395 3985 6196 3995 
4396 4887 5277 4875 
4397 4315 4321 4320 
4398 4720 4721 4719 
4399 1507 5925 1496 
4400 4237 4513 4422 
4401 5087 6111 5770 
4402 6299 6307 6306 
4403 4414 6110 4443 
4404 4557 4696 4668 
4405 4617 6318 4620 
4406 5753 6531 6138 
4407 4448 4526 4509 
4408 4240 4436 4239 
4409 5038 6206 5304 
4410 6213 6358 4003 
4411 4539 4541 4540 
4412 4419 6173 3996 
4413 3928 6031 3956 
4414 4594 4691 4595 
4415 1463 4756 1452 
4416 4073 6104 4121 
4417 4426 5948 869 
4418 5158 6497 5156 
4419 4115 6078 4095 
4420 5185 6766 6004 
4421 4670 6110 4416 
4422 4658 4932 4657 
4423 6000 6029 5271 
4424 4952 6482 5887 
4425 4292 6124 5726 
4426 3916 6102 3914 
4427 4557 4946 4696 
4428 4379 5034 5032 
4429 4933 5275 4932 
4430 5109 6722 5760 
4431 5268 6871 5698 
4432 935 6403 3388 
4433 4607 6870 6555 
4434 2585 5914 3942 
4435 4577 4578 4576 
4436 2794 5979 3926 
4437 5819 6421 4945 
4438 5953 6461 4846 
4439 6039 6383 4882 
4440 1837 5949 3946 
4441 5002 5316 4698 
4442 4699 5002 4698 
4443 1804 5733 1793 
4444 4555 4557 4556 
4445 6177 6730 6151 
4446 5535 5578 5004 
4447 3914 6102 4477 
4448 3950 4548 3948 
4449 6257 6755 5361 
4450 4541 4543 4542 
4451 451 5963 4426 
4452 5934 6649 4764 
4453 4254 5823 4293 
4454 4529 6112 5085 
4455 4045 5926 924 
4456 4800 4807 4806 
4457 5806 6740 5098 
4458 4513 4667 4569 
4459 4114 6336 4118 
4460 4017 6113 4066 
4461 4409 5922 4411 
4462 4506 6577 5697 
4463 4417 6340 4506 
4464 5086 6227 5084 
4465 3994 5747 3987 
4466 4527 6094 3990 
4467 3934 5964 1925 
4468 2057 5974 3934 
4469 671 4783 660 
4470 4433 5979 3102 
4471 5227 6634 5402 
4472 825 4261 814 
4473 5614 6927 5722 
4474 4624 4916 4622 
4475 1716 4306 1727 
4476 3410 4303 3399 
4477 5873 6912 4919 
4478 4436 4437 4239 
4479 506 4304 495 
4480 5969 5970 5540 
4481 3918 5963 2805 
4482 4513 4569 4422 
4483 1639 5900 1650 
4484 5104 6383 6039 
4485 6081 6884 6080 
4486 6084 6088 5028 
4487 4628 4649 4626 
4488 5121 5122 5119 
4489 5750 6563 4171 
4490 4725 6527 5401 
4491 6298 6299 4514 
4492 5622 6813 5639 
4493 5148 6725 5676 
4494 6101 6882 5459 
4495 5531 6820 5530 
4496 5146 5147 3953 
4497 3542 6638 3531 
4498 4774 5491 4750 
4499 5986 6001 5892 
4500 4219 6101 4323 
4501 2684 6181 3773 
4502 858 5971 3918 
4503 5090 5567 5092 
4504 5150 5843 5499 
4505 5483 6648 5014 
4506 6194 6644 4773 
4507 1199 5977 4428 
4508 5632 6780 6028 
4509 2552 6152 825 
4510 6257 6258 5031 
4511 5144 6821 5862 
4512 5193 5218 5195 
4513 1914 5964 4430 
4514 5336 5905 5277 
4515 5021 5023 5020 
4516 6538 6933 5518 
4517 3958 4571 3960 
4518 5186 5272 5189 
4519 5355 6340 6216 
4520 4431 5974 2068 
4521 4432 5971 946 
4522 4537 4538 4206 
4523 5094 5097 5096 
4524 4329 4457 4331 
4525 5108 6763 5790 
4526 5532 6573 4696 
4527 4798 6513 5409 
4528 5199 5292 5201 
4529 4177 6468 4178 
4530 4667 4940 4569 
4531 3946 5959 1771 
4532 3920 5967 3861 
4533 4162 5276 4210 
4534 4847 5952 4846 
4535 4682 5140 4684 
4536 332 6952 3879 
4537 3942 6021 1980 
4538 4573 5241 4847 
4539 4657 5281 4654 
4540 5182 5185 5184 
4541 5625 6353 5627 
4542 4719 6392 4716 
4543 4336 4512 4338 
4544 6092 6238 4845 
4545 5099 5264 5111 
4546 660 6132 1144 
4547 5731 5929 2046 
4548 5584 6118 5178 
4549 5203 5860 5205 
4550 5131 5353 5130 
4551 5275 5333 4932 
4552 5207 5212 5209 
4553 5423 5431 5424 
4554 4798 6908 6514 
4555 4573 4847 4846 
4556 5402 6369 5226 
4557 2563 4751 2552 
4558 4502 5334 5066 
4559 4340 4458 4342 
4560 5926 5933 1309 
4561 4904 4906 4905 
4562 5106 6440 4833 
4563 4208 6138 4152 
4564 4279 4288 4277 
4565 4916 6272 4622 
4566 351 6348 352 
4567 4217 4613 4175 
4568 2475 5972 3920 
4569 1144 4779 1133 
4570 495 6143 3641 
4571 2299 5991 4431 
4572 3828 5989 3955 
4573 814 6141 803 
4574 4802 4803 4793 
4575 3909 6207 4143 
4576 5226 6369 5228 
4577 4087 4491 4490 
4578 4069 6386 4078 
4579 1243 4296 1232 
4580 5696 6646 4776 
4581 5214 5217 5216 
4582 4181 6418 4179 
4583 4259 5823 4254 
4584 6368 6750 4297 
4585 2574 6162 2563 
4586 4970 5490 4972 
4587 1342 6163 517 
4588 4344 4514 4346 
4589 1232 5869 1221 
4590 4413 5914 2596 
4591 5220 5335 5222 
4592 3981 6102 3916 
4593 4724 4764 4722 
4594 4294 6857 6665 
4595 6166 6814 5431 
4596 3955 5945 3817 
4597 517 6139 506 
4598 4715 5266 4864 
4599 4126 5235 4128 
4600 5224 5227 5226 
4601 4511 6313 4661 
4602 4526 6281 4887 
4603 4430 5976 2618 
4604 4578 6185 5283 
4605 5009 5273 4835 
4606 5569 6338 5872 
4607 4319 5781 4041 
4608 4885 5725 4408 
4609 5292 6758 5809 
4610 1452 6197 1441 
4611 5983 5984 5398 
4612 3923 6538 4462 
4613 5363 6851 5851 
4614 2266 4738 2574 
4615 6338 6653 5655 
4616 4270 4272 4268 
4617 4818 4819 4815 
4618 4207 6160 4111 
4619 3113 5982 4433 
4620 4435 6660 5839 
4621 3399 6129 1298 
4622 407 5999 4056 
4623 5070 6625 6430 
4624 5912 6600 5661 
4625 4632 4868 4630 
4626 4795 4841 4838 
4627 4103 5991 2310 
4628 4078 6386 4085 
4629 5024 5025 5023 
4630 1353 4757 1342 
4631 6470 6738 6057 
4632 5026 5027 5025 
4633 3630 6175 3619 
4634 4169 4172 4170 
4635 5239 6265 5338 
4636 4351 4474 4353 
4637 4636 4656 4634 
4638 3234 5985 4432 
4639 4427 6834 6105 
4640 4055 5983 847 
4641 2277 6154 2266 
4642 3619 4754 2706 
4643 4439 5999 2519 
4644 4736 4742 4734 
4645 4543 4576 4542 
4646 5354 6340 5355 
4647 4435 5985 385 
4648 4191 4517 4189 
4649 5769 6600 5912 
4650 6098 6249 4489 
4651 5050 5118 4990 
4652 4661 6797 5746 
4653 6420 6791 4889 
4654 4264 4273 4262 
4655 2035 4102 1507 
4656 4084 6009 3674 
4657 5976 6008 2607 
4658 6017 6729 5385 
4659 4706 4708 4707 
4660 5571 6448 6069 
4661 4195 4421 4193 
4662 4020 6189 4023 
4663 4399 5949 1848 
4664 3977 4167 4166 
4665 836 6005 4439 
4666 4974 4975 4664 
4667 6407 6464 6299 
4668 4363 4393 4365 
4669 6594 6652 5340 
4670 1364 6186 1353 
4671 4555 6255 4557 
4672 4539 4540 4538 
4673 5505 6254 5831 
4674 4436 4572 4437 
4675 4202 4460 4199 
4676 5371 6848 6622 
4677 1133 6148 1122 
4678 4291 6117 4287 
4679 3135 4731 3124 
4680 3146 6178 3135 
4681 5775 6237 4046 
4682 891 4753 880 
4683 3890 6377 306 
4684 4071 6020 2662 
4685 2288 6182 2277 
4686 4152 6138 4207 
4687 473 6000 4055 
4688 5044 6762 4614 
4689 2123 4772 2112 
4690 3971 6164 3974 
4691 4485 6615 5522 
4692 5231 6455 4659 
4693 3663 6009 5982 
4694 4404 4406 4405 
4695 6180 6190 5364 
4696 1903 6008 4082 
4697 4314 4418 4231 
4698 3641 5078 3630 
4699 3421 6134 3410 
4700 4130 4453 4132 
4701 5155 6229 6109 
4702 4440 6005 462 
4703 3994 5748 5747 
4704 6002 6455 5231 
4705 4082 6007 1892 
4706 803 5022 3146 
4707 2706 6183 2695 
4708 2750 6020 4442 
4709 4521 6109 4519 
4710 3124 6174 2211 
4711 5800 6732 5799 
4712 5752 6582 6322 
4713 6516 6579 5263 
4714 4911 6782 6286 
4715 5241 5242 4847 
4716 2717 6016 4072 
4717 2497 5996 4084 
4718 5723 6588 4797 
4719 4355 4516 4358 
4720 5967 6038 3850 
4721 3996 6173 3998 
4722 4321 4488 4487 
4723 3988 6167 5775 
4724 4572 4573 4437 
4725 5956 6634 5227 
4726 3091 6007 4438 
4727 5290 6308 5104 
4728 4834 6770 5907 
4729 6791 6808 4315 
4730 5653 6858 5652 
4731 5794 6939 6053 
4732 4541 4542 4540 
4733 4592 6627 6190 
4734 4099 6001 1254 
4735 1155 5986 4103 
4736 4441 6016 2728 
4737 4946 5257 4696 
4738 5839 6660 4056 
4739 3498 4120 2541 
4740 6222 6421 5114 
4741 715 4741 1364 
4742 1166 6001 5986 
4743 3278 4737 2288 
4744 2695 4740 2684 
4745 4702 4703 4701 
4746 2673 6015 4071 
4747 1298 6177 1287 
4748 4442 6011 2739 
4749 4438 6013 3080 
4750 5541 6852 6445 
4751 4493 5757 4492 
4752 5760 6651 5109 
4753 6251 6865 361 
4754 2640 5997 4104 
4755 2134 6191 2123 
4756 3377 6018 4440 
4757 4854 4856 4855 
4758 5694 6564 6362 
4759 4466 6313 4511 
4760 2486 6017 5972 
4761 2508 6024 5996 
4762 4188 5941 3179 
4763 6265 6844 5338 
4764 3998 6173 4016 
4765 4429 5997 2651 
4766 4111 6160 4075 
4767 902 6165 891 
4768 4428 5954 649 
4769 5589 6388 5773 
4770 4970 4972 4580 
4771 1287 4769 1276 
4772 4104 6003 1100 
4773 1221 5408 1804 
4774 3476 6022 4441 
4775 1122 4782 990 
4776 5373 6471 4984 
4777 3355 6013 4081 
4778 4861 5695 5071 
4779 1760 5959 4412 
4780 4882 6383 5245 
4781 6165 6804 4753 
4782 5958 6164 3971 
4783 4476 6506 4672 
4784 5074 6482 4954 
4785 3289 6176 3278 
4786 4552 4654 4553 
4787 4925 4927 4926 
4788 4081 6024 3344 
4789 5243 6534 6151 
4790 4054 6018 792 
4791 5565 6219 4484 
4792 4553 4555 4554 
4793 2398 6168 2387 
4794 2387 4775 2134 
4795 6011 6035 2156 
4796 3608 6223 3597 
4797 5787 6957 6542 
4798 1793 5733 4295 
4799 4315 4320 4314 
4800 5983 6042 616 
4801 913 5973 4043 
4802 4574 6313 4466 
4803 5740 6803 5744 
4804 627 6025 6015 
4805 5027 6847 6150 
4806 5332 6363 6125 
4807 5119 6048 5118 
4808 1991 5975 5937 
4809 4504 6278 6263 
4810 4747 4748 4745 
4811 336 6416 337 
4812 4200 5927 3696 
4813 4776 6646 6609 
4814 2112 6171 3267 
4815 4640 4878 4638 
4816 1969 6021 4429 
4817 3977 4166 3952 
4818 4070 6022 3487 
4819 5105 6470 6057 
4820 4016 6812 5871 
4821 3465 6029 6000 
4822 3707 5942 4200 
4823 1441 4732 902 
4824 5832 6145 5835 
4825 6094 6102 3981 
4826 2145 6035 4070 
4827 4552 4553 4551 
4828 5941 5966 2827 
4829 4607 6555 4947 
4830 4335 6025 638 
4831 4708 4710 4709 
4832 2200 4729 2189 
4833 5682 6872 5368 
4834 4348 6017 2167 
4835 1276 6203 3454 
4836 5590 6772 5591 
4837 4856 4858 4857 
4838 3058 6033 4335 
4839 4890 6591 6149 
4840 4502 5066 5029 
4841 4387 4389 4386 
4842 5681 5779 4691 
4843 2189 6201 3333 
4844 5266 5510 5267 
4845 4247 4255 4244 
4846 539 6038 4356 
4847 5901 6728 5706 
4848 5927 5951 1331 
4849 5935 5936 5578 
4850 5297 6582 5752 
4851 4607 4947 4606 
4852 4499 4580 4500 
4853 5643 6783 5174 
4854 4412 5975 2002 
4855 4085 4651 4087 
4856 3926 6357 2783 
4857 4668 6573 4675 
4858 4396 5942 2761 
4859 3784 5832 1243 
4860 5378 6487 4968 
4861 4289 6787 6068 
4862 4870 6170 5449 
4863 4598 6455 4600 
4864 4550 4552 4551 
4865 4356 6029 693 
4866 6751 6872 5682 
4867 5676 6725 4120 
4868 4162 6303 5276 
4869 4728 4733 4726 
4870 4234 6610 4400 
4871 4361 6036 2420 
4872 3454 4767 3443 
4873 4025 6193 4027 
4874 2816 5966 4413 
4875 3974 6164 4039 
4876 5143 6474 5144 
4877 5976 6721 5469 
4878 5230 6448 5527 
4879 3966 6801 3968 
4880 342 6432 343 
4881 6076 6267 5693 
4882 6170 6583 5449 
4883 4835 6106 4830 
4884 5521 6791 6420 
4885 440 6042 4361 
4886 5932 6799 5637 
4887 2409 6217 2398 
4888 4023 6189 4037 
4889 3190 5937 4188 
4890 6124 6798 6030 
4891 4136 4209 4138 
4892 6283 6731 6004 
4893 5056 5516 4843 
4894 4084 6809 6009 
4895 4548 6339 6159 
4896 4517 6330 4189 
4897 4240 5947 4436 
4898 2211 6495 2200 
4899 5266 6923 5510 
4900 6362 6374 5694 
4901 5637 6799 5626 
4902 5816 6818 6482 
4903 5955 6172 5487 
4904 2772 5945 4396 
4905 4423 5973 1749 
4906 2959 4903 3014 
4907 1826 5727 3954 
4908 5561 6371 4662 
4909 6155 6895 5263 
4910 4075 6160 4527 
4911 3919 6538 3923 
4912 4434 6657 4183 
4913 4787 4788 4780 
4914 2343 5502 2332 
4915 5592 6524 5319 
4916 4156 6361 5908 
4917 5009 5881 5795 
4918 4500 4502 4501 
4919 5695 5696 5071 
4920 4559 6551 5422 
4921 3979 6209 3985 
4922 6531 6851 5605 
4923 4253 4391 4251 
4924 4402 4403 4390 
4925 4543 6402 4577 
4926 5334 6023 5066 
4927 4791 6532 6169 
4928 5843 5844 5248 
4929 5188 6373 5074 
4930 6041 6540 4482 
4931 5007 6946 5564 
4932 1320 5951 4399 
4933 4861 5071 4803 
4934 4615 6619 6318 
4935 6123 6782 6423 
4936 4144 6446 4164 
4937 5490 5660 4972 
4938 4807 4810 4809 
4939 4377 6269 4381 
4940 4646 4678 4644 
4941 5131 5913 5353 
4942 5299 6569 6568 
4943 726 6248 715 
4944 5639 6614 5640 
4945 6493 6527 6494 
4946 5642 6788 3873 
4947 968 4258 2409 
4948 4143 6207 5179 
4949 4172 4174 4170 
4950 4682 6318 5140 
4951 4031 6249 4060 
4952 4276 4549 4274 
4953 5861 6359 5411 
4954 3014 6202 3003 
4955 3300 6239 3289 
4956 5078 6618 6175 
4957 5886 6705 5015 
4958 5262 6170 4867 
4959 6406 6956 5934 
4960 4832 4888 4835 
4961 4016 6337 4000 
4962 3934 6683 5964 
4963 5837 6601 5436 
4964 6543 6819 5027 
4965 5388 6827 6228 
4966 4525 4985 4984 
4967 3245 6252 2464 
4968 5110 6854 5806 
4969 3995 6196 4420 
4970 4483 6041 4482 
4971 4283 6246 4281 
4972 4810 6489 4812 
4973 4167 4169 4168 
4974 4743 4744 4742 
4975 4751 6579 6153 
4976 5174 6783 5584 
4977 5940 6166 5650 
4978 4867 6170 4870 
4979 4471 4473 4472 
4980 2101 6230 2090 
4981 4740 6576 6181 
4982 3267 6194 3256 
4983 3443 6234 3432 
4984 1265 6360 4099 
4985 5261 6419 6040 
4986 3069 6357 6033 
4987 4827 4828 4826 
4988 6070 6627 4592 
4989 5134 5801 5800 
4990 368 6672 3876 
4991 4876 6185 4578 
4992 3333 6205 3322 
4993 5538 6389 5064 
4994 6003 6360 1089 
4995 6116 6961 6497 
4996 6757 6772 5590 
4997 4497 4499 4498 
4998 6834 6858 5653 
4999 4321 4487 4320 
5000 5914 5915 3942 
5001 4749 4760 4748 
5002 4039 6209 3979 
5003 4906 4908 4907 
5004 4550 4551 4549 
5005 4998 6607 5878 
5006 5776 6601 5370 
5007 6055 6838 5260 
5008 3936 6226 3933 
5009 6062 6354 4544 
5010 4488 4520 4519 
5011 5185 6296 5186 
5012 704 6034 4423 
5013 2332 6211 2321 
5014 4851 6489 4810 
5015 4037 6193 4025 
5016 5954 6060 528 
5017 1540 4484 1551 
5018 4369 4382 4371 
5019 4313 6396 4165 
5020 4383 5989 3564 
5021 4613 6334 4175 
5022 4661 6491 4612 
5023 5822 6663 3896 
5024 3036 5412 3025 
5025 5686 6554 5685 
5026 5534 6920 5961 
5027 6290 6556 4866 
5028 5265 6647 5537 
5029 5152 5843 5150 
5030 4389 4564 4386 
5031 4648 6366 6323 
5032 4927 5059 4928 
5033 4820 4822 4819 
5034 4186 6882 6101 
5035 6036 6403 935 
5036 1001 5166 3608 
5037 3388 6403 4054 
5038 4704 4705 4703 
5039 5520 5521 5359 
5040 4126 6336 5235 
5041 5752 6876 5478 
5042 5585 6785 4666 
5043 5569 6653 6338 
5044 4443 6610 4325 
5045 6476 6870 6635 
5046 759 6199 3806 
5047 4027 6193 4489 
5048 5012 6677 5554 
5049 5658 6934 6071 
5050 4179 6418 4227 
5051 5311 6359 5861 
5052 4935 6236 4933 
5053 6299 6306 4514 
5054 5138 5472 5137 
5055 5315 6937 5558 
5056 6089 6429 5743 
5057 5908 6361 5036 
5058 5252 6841 5361 
5059 4169 4170 4168 
5060 5402 6634 6312 
5061 4722 6370 4721 
5062 4859 6492 4901 
5063 5674 6896 6656 
5064 5543 6218 5056 
5065 5811 6818 3878 
5066 4106 6856 4446 
5067 6245 6589 6458 
5068 5327 6678 6012 
5069 4933 6236 5275 
5070 5267 5357 4864 
5071 4167 6147 4169 
5072 5492 6913 5479 
5073 5464 6806 5690 
5074 4509 6335 4311 
5075 4492 5757 5703 
5076 4944 5305 4945 
5077 4525 5372 4985 
5078 4043 5939 594 
5079 5167 6046 5995 
5080 4775 6565 6191 
5081 4046 6237 4048 
5082 4433 6740 5979 
5083 4276 4550 4549 
5084 5943 5944 4045 
5085 4544 6354 4540 
5086 6323 6366 5719 
5087 3933 6226 5295 
5088 6015 6127 4071 
5089 4741 6248 6188 
5090 4889 6791 4232 
5091 4520 4522 4521 
5092 4055 5984 5983 
5093 5801 6537 5040 
5094 4335 6157 6025 
5095 4557 6255 4946 
5096 880 6550 3421 
5097 6005 6006 4439 
5098 3432 4768 2101 
5099 2321 4739 3300 
5100 4378 6034 1210 
5101 5195 6263 5197 
5102 4410 4869 4407 
5103 5640 6614 6607 
5104 4716 6392 4715 
5105 4007 6256 4009 
5106 5584 6123 6118 
5107 5512 6564 5694 
5108 6263 6276 4504 
5109 4691 5232 4692 
5110 5997 5998 4104 
5111 5907 6770 4829 
5112 358 6505 359 
5113 5706 6728 5393 
5114 5451 6470 5105 
5115 6469 6607 4998 
5116 4919 6912 3903 
5117 5778 6899 3877 
5118 6118 6119 5178 
5119 6004 6731 4478 
5120 5677 6404 5154 
5121 4810 4812 4811 
5122 3795 6145 3784 
5123 737 4755 726 
5124 5811 6459 5290 
5125 4029 6249 4031 
5126 4781 5156 4307 
5127 5672 6450 5673 
5128 5334 6875 5846 
5129 3839 6401 3520 
5130 5061 6402 4543 
5131 6105 6834 5653 
5132 4054 6019 6018 
5133 5122 6048 5119 
5134 5358 5359 4564 
5135 4406 4409 4407 
5136 4375 4379 4377 
5137 4976 5062 4975 
5138 5209 6268 5211 
5139 5798 6813 5622 
5140 4009 6256 4013 
5141 6244 6387 4002 
5142 3322 4730 3311 
5143 1705 5596 1716 
5144 5548 6472 5876 
5145 5633 6718 5635 
5146 550 5312 2376 
5147 5034 6351 5946 
5148 4535 6530 4609 
5149 5855 6505 5854 
5150 5359 6420 5360 
5151 6021 6131 4429 
5152 3256 4773 3245 
5153 5875 6500 5829 
5154 4499 4500 4498 
5155 605 6060 4378 
5156 5315 6395 5081 
5157 6073 6832 4013 
5158 5624 6799 5632 
5159 4908 4913 4909 
5160 5397 6650 6136 
5161 4609 6530 5115 
5162 5331 6703 5332 
5163 4272 6876 6365 
5164 4715 6392 5266 
5165 5283 6235 6063 
5166 3962 6326 4221 
5167 4361 6037 6036 
5168 6216 6340 4417 
5169 4301 6117 4291 
5170 6079 6523 6078 
5171 6486 6691 4305 
5172 4348 6729 6017 
5173 4662 6281 4448 
5174 5408 5735 5734 
5175 4999 6583 4591 
5176 5818 6852 4451 
5177 5556 6691 6486 
5178 4331 6277 4333 
5179 4390 6451 4389 
5180 5948 6346 4425 
5181 2849 4923 2838 
5182 4120 5710 2541 
5183 5111 6283 5113 
5184 5843 6603 5499 
5185 6802 6917 6592 
5186 4715 4864 4710 
5187 4804 6392 4719 
5188 4405 4485 4403 
5189 4522 4524 4523 
5190 4568 6703 6147 
5191 5791 6896 5674 
5192 5127 6240 5125 
5193 4874 5069 4836 
5194 5930 6523 6104 
5195 5513 6403 6036 
5196 5290 6459 6377 
5197 4569 6393 4969 
5198 4993 6704 6041 
5199 5169 6081 6080 
5200 5883 6900 5884 
5201 5092 6279 5094 
5202 5191 6275 5193 
5203 4116 6889 5681 
5204 4338 6284 4340 
5205 4000 6337 4004 
5206 4824 5551 4874 
5207 2024 5990 4384 
5208 4409 4411 4410 
5209 3806 4929 3795 
5210 4404 4405 4403 
5211 6701 6909 6595 
5212 6103 6842 5452 
5213 4181 6657 6418 
5214 4424 6413 5931 
5215 2442 6358 2343 
5216 4939 6264 4937 
5217 4626 6274 4624 
5218 4954 6482 4952 
5219 4805 5280 4804 
5220 5096 6285 5099 
5221 5423 5424 5422 
5222 5197 6278 5199 
5223 4333 6282 4336 
5224 4659 6455 4598 
5225 4488 4519 4487 
5226 6174 6179 5772 
5227 5075 6431 5888 
5228 4494 4497 4495 
5229 5201 6280 5203 
5230 2090 6314 2079 
5231 5818 6463 5123 
5232 4266 6322 4264 
5233 4520 4521 4519 
5234 4997 6438 5965 
5235 3889 6881 6251 
5236 4848 6226 4206 
5237 5270 6496 6095 
5238 3985 6209 6196 
5239 5898 6740 4433 
5240 2838 6259 3740 
5241 5635 6429 6089 
5242 4491 4493 4492 
5243 3311 6260 2255 
5244 5776 6466 5777 
5245 5892 6830 6228 
5246 6104 6523 5978 
5247 3047 6214 3036 
5248 5205 6289 5207 
5249 5015 6705 6014 
5250 4342 6297 4344 
5251 4947 4948 4606 
5252 3003 6221 2992 
5253 4671 6817 4320 
5254 6458 6957 5309 
5255 5971 6415 3918 
5256 4888 5009 4835 
5257 4205 6446 4144 
5258 2464 6253 2453 
5259 5285 6456 5284 
5260 5216 6291 5220 
5261 6298 6407 6299 
5262 5372 6125 4985 
5263 5987 6382 5407 
5264 2904 5597 4883 
5265 5942 6262 4200 
5266 4533 6256 4007 
5267 4721 4805 4804 
5268 6154 6156 6155 
5269 5358 5520 5359 
5270 5054 6264 4939 
5271 5186 6296 5272 
5272 4902 6805 6537 
5273 4992 6219 5565 
5274 304 6545 305 
5275 5211 6304 5214 
5276 2948 6051 4022 
5277 5958 6267 6164 
5278 5970 6693 5325 
5279 4721 4804 4719 
5280 3586 6559 682 
5281 4489 6249 4029 
5282 4101 5990 3157 
5283 6060 6871 4378 
5284 4346 6306 4349 
5285 5550 6900 5885 
5286 5273 6106 4835 
5287 5116 6814 6166 
5288 5007 6866 5889 
5289 3879 6952 5602 
5290 6137 6907 5072 
5291 4308 5917 4558 
5292 5222 6305 5224 
5293 5398 6042 5983 
5294 4056 6660 418 
5295 6800 6874 4110 
5296 5878 6614 4960 
5297 6054 6890 5923 
5298 6197 6578 4732 
5299 5123 6463 5122 
5300 4170 6290 4866 
5301 3201 6242 737 
5302 4353 6311 4355 
5303 5840 6797 4661 
5304 4193 6319 4191 
5305 4384 5980 2013 
5306 4630 6324 4628 
5307 4022 6050 2937 
5308 4379 4380 4377 
5309 4360 6325 4363 
5310 6614 6813 4960 
5311 4789 4799 4788 
5312 6065 6885 5962 
5313 3366 6660 4435 
5314 3575 5980 4383 
5315 4824 4836 4814 
5316 4634 6332 4632 
5317 5009 5795 5273 
5318 3952 6339 3950 
5319 6138 6531 4207 
5320 5080 5081 5079 
5321 6583 6901 5449 
5322 6059 6738 3885 
5323 4389 5358 4564 
5324 5757 6528 5703 
5325 4805 5888 5280 
5326 6134 6550 6135 
5327 4085 6386 4651 
5328 3960 6326 3962 
5329 4524 4525 4523 
5330 5357 6529 4864 
5331 4289 6246 4283 
5332 6199 6708 5836 
5333 3915 6933 3919 
5334 5678 6236 4935 
5335 5527 6485 5231 
5336 5327 6012 5244 
5337 4522 4523 4521 
5338 4638 6343 4636 
5339 4662 6371 6281 
5340 4140 5153 5139 
5341 3168 5924 4101 
5342 2255 4762 2244 
5343 5497 6899 6400 
5344 1606 4816 1617 
5345 6233 6408 5412 
5346 4942 6140 4885 
5347 4937 6264 5678 
5348 4914 6566 4925 
5349 5616 6927 5614 
5350 4571 6327 6326 
5351 4797 6661 5723 
5352 4604 6267 5958 
5353 5772 6179 5279 
5354 4491 4494 4493 
5355 6135 6550 4753 
5356 5621 6925 5619 
5357 5260 6838 4971 
5358 4128 6329 4130 
5359 6322 6365 5752 
5360 5237 6628 5597 
5361 770 5177 759 
5362 4167 4168 4166 
5363 4428 6241 5954 
5364 4206 6226 3936 
5365 5290 6377 6308 
5366 5047 6543 5026 
5367 4842 6511 4854 
5368 2893 4910 2882 
5369 4940 6393 4569 
5370 5521 6420 5359 
5371 5510 6427 5267 
5372 4411 4701 4700 
5373 4688 6668 5899 
5374 4573 6294 5241 
5375 5758 6517 5499 
5376 4365 6328 4367 
5377 4742 6452 4734 
5378 4828 4830 4829 
5379 561 6231 550 
5380 4497 4498 4495 
5381 4231 6315 4217 
5382 4612 6491 5000 
5383 4227 6468 4177 
5384 5478 6876 5850 
5385 5876 6871 5268 
5386 4706 4707 4705 
5387 6299 6464 6307 
5388 4057 6378 5686 
5389 5266 5267 4864 
5390 2079 4006 2981 
5391 4832 4835 4830 
5392 3919 6933 6538 
5393 4134 6362 4136 
5394 6010 6800 4110 
5395 4004 6337 4533 
5396 4242 6372 5947 
5397 4448 6281 4526 
5398 5316 6294 4698 
5399 6212 6213 5503 
5400 4358 6350 4360 
5401 5257 6479 5532 
5402 4708 4709 4707 
5403 6242 6244 6243 
5404 6026 6604 4356 
5405 6116 6497 5158 
5406 6090 6703 4568 
5407 6464 6919 5418 
5408 5895 6440 5106 
5409 5345 6419 5261 
5410 4709 5076 4707 
5411 4692 4992 4595 
5412 5364 6627 5788 
5413 4774 6605 5491 
5414 5156 6659 4307 
5415 5640 6607 5793 
5416 5667 6161 5246 
5417 4644 6384 4642 
5418 4277 6428 4276 
5419 4797 6588 5863 
5420 5125 6240 5818 
5421 6510 6645 5180 
5422 4289 6247 6246 
5423 3212 6387 3201 
5424 4048 6237 4158 
5425 4734 6452 4733 
5426 5281 6375 4654 
5427 5151 5152 5150 
5428 5639 6813 6614 
5429 5437 6734 5419 
5430 5960 6829 6763 
5431 6308 6383 5104 
5432 4711 6943 5114 
5433 5135 6544 4667 
5434 1716 5596 4306 
5435 3025 6408 572 
5436 5077 5704 5466 
5437 6136 6650 5533 
5438 6228 6830 6380 
5439 3498 5676 4120 
5440 4833 6440 4832 
5441 339 6695 6045 
5442 1496 5925 5924 
5443 5077 5466 5076 
5444 4812 4815 4814 
5445 4970 6838 5490 
5446 5870 6632 5945 
5447 5988 6794 5277 
5448 5602 6797 5840 
5449 321 6700 6052 
5450 5151 5288 5287 
5451 4288 6428 4277 
5452 4764 6370 4722 
5453 3964 6781 3966 
5454 1650 4813 1661 
5455 4237 6397 4513 
5456 6229 6693 4671 
5457 5082 5315 5081 
5458 3877 6899 6436 
5459 4990 6349 4987 
5460 6120 6146 5310 
5461 6128 6804 6165 
5462 5543 6666 6218 
5463 4197 6356 4195 
5464 2244 6589 2233 
5465 5009 6958 5881 
5466 4311 6335 4300 
5467 5461 6626 5462 
5468 5790 6763 4293 
5469 4494 4495 4493 
5470 1683 4808 1694 
5471 5333 6414 4932 
5472 6190 6627 5364 
5473 4014 6832 6113 
5474 1188 5725 5146 
5475 5369 6789 6264 
5476 1694 5724 1705 
5477 4502 6425 5334 
5478 3893 6719 5822 
5479 5894 5895 5106 
5480 2453 4003 2442 
5481 5156 6497 6465 
5482 4614 6762 4218 
5483 4810 4811 4809 
5484 4877 6553 5015 
5485 2992 4713 3047 
5486 4748 6503 4745 
5487 6237 6385 4158 
5488 6052 6509 5848 
5489 5115 5730 5583 
5490 5846 6875 5660 
5491 5371 6905 4789 
5492 979 6586 968 
5493 5535 6743 5935 
5494 5159 5160 5158 
5495 335 6689 3888 
5496 5431 5485 5424 
5497 6122 6146 6120 
5498 4555 6375 6255 
5499 4744 4763 4742 
5500 5807 6803 5740 
5501 4800 4806 4799 
5502 2970 6596 2959 
5503 4367 6347 4369 
5504 4996 6713 5381 
5505 5755 6444 4398 
5506 4890 5825 5592 
5507 3956 6381 3958 
5508 1859 6286 2893 
5509 5254 5308 5307 
5510 5502 6213 6212 
5511 4430 6721 5976 
5512 5568 6653 5569 
5513 4664 6575 4586 
5514 5157 6549 6395 
5515 4698 6294 4572 
5516 5928 6737 6417 
5517 6297 6298 4514 
5518 5218 6263 5195 
5519 5370 6692 6466 
5520 6118 6888 6121 
5521 4796 4890 4839 
5522 4697 6650 5397 
5523 4300 6335 4301 
5524 5130 6240 5127 
5525 3878 6818 5816 
5526 4264 6322 4273 
5527 5147 5148 3953 
5528 3958 6381 4571 
5529 6032 6381 6031 
5530 5485 5576 5424 
5531 4869 6615 4407 
5532 6009 6809 5526 
5533 3751 6115 6051 
5534 4381 6269 4471 
5535 2035 5929 4102 
5536 6632 6773 6642 
5537 5062 5425 4975 
5538 4473 4483 4482 
5539 4438 6390 6013 
5540 6493 6494 5001 
5541 4132 6374 4134 
5542 5863 6848 4797 
5543 369 6675 370 
5544 4268 6365 4266 
5545 4624 6274 4916 
5546 4745 6503 4744 
5547 5979 6740 5806 
5548 5036 6361 5002 
5549 4274 6352 4270 
5550 4538 6354 4848 
5551 6291 6364 5335 
5552 5551 5556 4874 
5553 4649 6274 4626 
5554 6307 6612 6306 
5555 6272 6699 5044 
5556 5567 6279 5092 
5557 6400 6899 5778 
5558 5935 6743 5350 
5559 5212 6268 5209 
5560 5002 6361 5316 
5561 5365 6376 4763 
5562 4457 6277 4331 
5563 4244 6372 4242 
5564 6007 6896 5791 
5565 5157 5158 5156 
5566 6324 6345 4649 
5567 4760 4796 4765 
5568 5435 6792 6562 
5569 4752 6115 3762 
5570 5546 6821 5866 
5571 5097 6285 5096 
5572 4760 4765 4748 
5573 3223 4002 3212 
5574 6319 6320 4517 
5575 5094 6279 5097 
5576 4744 5365 4763 
5577 5597 6628 4886 
5578 324 6690 325 
5579 4628 6324 4649 
5580 5264 6283 5111 
5581 4512 6284 4338 
5582 5193 6275 5218 
5583 5292 6280 5201 
5584 6332 6333 4868 
5585 4340 6284 4458 
5586 4406 4407 4405 
5587 4931 6584 4863 
5588 4437 6461 4239 
5589 4824 4874 4836 
5590 6228 6380 5388 
5591 4336 6282 4512 
5592 4890 5592 4839 
5593 5099 6285 5264 
5594 4384 5981 5980 
5595 4796 4839 4765 
5596 4572 6294 4573 
5597 6144 6618 5078 
5598 5199 6278 5292 
5599 6598 6862 5437 
5600 5833 5834 5735 
5601 6050 6126 2926 
5602 6343 6344 4656 
5603 6232 6359 5311 
5604 6396 6930 5814 
5605 5203 6280 5860 
5606 4411 4700 4410 
5607 4458 6297 4342 
5608 5886 6553 5751 
5609 6860 6873 5391 
5610 4712 6233 6232 
5611 5860 6289 5205 
5612 4571 6326 3960 
5613 5059 5824 5060 
5614 4344 6297 4514 
5615 418 6660 3366 
5616 4255 6944 6372 
5617 4724 6405 4764 
5618 6442 6793 5944 
5619 5189 6535 5191 
5620 5034 5137 5032 
5621 4380 6269 4377 
5622 5957 6698 5483 
5623 4210 6397 4237 
5624 6041 6716 5253 
5625 4703 5293 4701 
5626 6308 6377 3890 
5627 5256 6755 5842 
5628 3885 6738 6470 
5629 5207 6289 5212 
5630 4684 6744 4694 
5631 3898 6695 338 
5632 5217 6291 5216 
5633 6154 6182 6156 
5634 4851 6651 5761 
5635 5770 6558 5600 
5636 4770 6302 4785 
5637 5919 6515 5476 
5638 4514 6306 4346 
5639 4174 6290 4170 
5640 6092 6647 6238 
5641 4832 6440 4888 
5642 5490 6838 6055 
5643 4484 6219 6074 
5644 1463 6126 4756 
5645 4013 6832 4011 
5646 5560 6942 5561 
5647 3895 6711 374 
5648 5220 6291 5335 
5649 5335 6305 5222 
5650 4102 5925 1507 
5651 5214 6304 5217 
5652 4840 6421 6222 
5653 3950 6339 4548 
5654 3896 6700 320 
5655 4642 6410 4640 
5656 5030 6643 5575 
5657 3897 6702 356 
5658 5354 6577 6340 
5659 5184 6959 5183 
5660 6014 6866 5015 
5661 5149 5150 5148 
5662 5690 6806 6715 
5663 1881 6423 1870 
5664 4199 6399 4197 
5665 4868 6324 4630 
5666 6731 6921 5366 
5667 2376 6457 2365 
5668 5224 6305 5227 
5669 4656 6332 4634 
5670 5062 6054 5425 
5671 5506 5508 5504 
5672 4120 6725 6517 
5673 5027 6819 6075 
5674 4418 6315 4231 
5675 4823 4834 4822 
5676 4363 6325 4393 
5677 5885 6900 5883 
5678 6282 6321 4512 
5679 4632 6332 4868 
5680 4421 6319 4193 
5681 4313 6930 6396 
5682 4130 6329 4453 
5683 5723 6661 5145 
5684 4972 6425 4580 
5685 4474 6311 4353 
5686 5235 6329 4128 
5687 4709 5077 5076 
5688 4540 6354 4538 
5689 3773 6181 4752 
5690 1012 6488 1001 
5691 4355 6311 4516 
5692 4217 6315 4613 
5693 5907 6444 5755 
5694 4884 4885 4408 
5695 6117 6787 4287 
5696 4636 6343 4656 
5697 4885 6140 5725 
5698 6133 6617 5741 
5699 5401 6526 6510 
5700 4191 6319 4517 
5701 5173 6587 6083 
5702 6188 6342 6187 
5703 6274 6379 4916 
5704 4785 6300 4795 
5705 4986 6512 4536 
5706 5272 6535 5189 
5707 6647 6845 5537 
5708 6184 6576 4740 
5709 572 4712 561 
5710 4654 6375 4553 
5711 4239 6461 4212 
5712 5083 6674 5761 
5713 4158 6574 4050 
5714 6717 6941 5353 
5715 6236 6398 5275 
5716 5069 6591 5711 
5717 4403 6451 4390 
5718 6003 6462 5394 
5719 5824 6599 5060 
5720 1672 5805 1683 
5721 6031 6381 3956 
5722 4442 6477 6011 
5723 4281 6439 4279 
5724 4878 6343 4638 
5725 5027 6150 5025 
5726 4858 6492 4859 
5727 6105 6772 4205 
5728 4272 6365 4268 
5729 4712 6408 6233 
5730 4707 6476 4705 
5731 4262 6394 4259 
5732 3520 4058 3872 
5733 5832 5835 5833 
5734 4325 6610 4234 
5735 1595 5763 1606 
5736 4812 4814 4811 
5737 5132 6641 5841 
5738 6438 6835 4570 
5739 4393 6328 4365 
5740 5023 5450 5020 
5741 5925 6095 5924 
5742 4815 4824 4814 
5743 361 6865 362 
5744 5071 5445 4803 
5745 1221 5869 5408 
5746 4098 6856 4106 
5747 5276 6397 4210 
5748 4516 6350 4358 
5749 4409 4410 4407 
5750 5151 6273 5288 
5751 4756 6197 1452 
5752 5056 6218 5516 
5753 1078 6687 1067 
5754 4050 6574 4057 
5755 5495 6867 6456 
5756 6053 6939 4604 
5757 4379 5032 4380 
5758 4270 6352 4272 
5759 5275 6784 5333 
5760 4799 5250 4788 
5761 4883 4886 4884 
5762 6078 6523 5930 
5763 5247 5248 5063 
5764 4140 5509 5153 
5765 825 6152 4261 
5766 5282 5321 4913 
5767 4690 6827 5388 
5768 4195 6356 4421 
5769 4809 5762 4806 
5770 4921 6748 5384 
5771 6029 6604 5271 
5772 5218 6276 6263 
5773 1870 4911 1859 
5774 6123 6888 6118 
5775 4657 6414 5281 
5776 5097 6409 6285 
5777 5008 6388 5589 
5778 6263 6278 5197 
5779 4667 6544 4940 
5780 4136 6362 4209 
5781 4822 4977 4819 
5782 6811 6837 6552 
5783 4841 6511 4842 
5784 4304 6143 495 
5785 5594 6913 5492 
5786 5350 6743 5572 
5787 4721 6370 4805 
5788 6330 6625 5070 
5789 4553 6375 4555 
5790 6191 6565 6192 
5791 4793 6590 4777 
5792 5793 6607 6469 
5793 6113 6832 6073 
5794 506 6139 4304 
5795 5866 6821 5144 
5796 5172 5723 5470 
5797 4261 6141 814 
5798 6222 6943 4708 
5799 6471 6602 5781 
5800 5895 6777 6440 
5801 4034 6536 5890 
5802 6121 6501 6259 
5803 5471 6565 5938 
5804 6278 6758 5292 
5805 4160 6882 4186 
5806 6127 6959 5322 
5807 4751 6152 2552 
5808 4525 6498 5372 
5809 2882 6310 2871 
5810 6286 6782 6287 
5811 5391 6909 6701 
5812 5499 6603 5758 
5813 3740 6501 3729 
5814 4783 6132 660 
5815 6277 6282 4333 
5816 5277 6794 4875 
5817 4460 6399 4199 
5818 4701 6417 4700 
5819 5727 5728 3954 
5820 4453 6374 4132 
5821 4273 6394 4262 
5822 4303 6129 3399 
5823 6268 6304 5211 
5824 6246 6439 4281 
5825 5274 6738 6059 
5826 5248 6603 5843 
5827 6365 6876 5752 
5828 5703 6528 5718 
5829 4485 6451 4403 
5830 4678 6384 4644 
5831 3410 6134 4303 
5832 5168 5863 5170 
5833 4901 5001 4904 
5834 6304 6426 5217 
5835 4425 6442 5943 
5836 5381 6713 6686 
5837 5414 6917 6802 
5838 6433 6578 6197 
5839 2563 6162 4751 
5840 4780 6605 4774 
5841 5367 6824 6426 
5842 4932 6414 4657 
5843 4991 6678 5481 
5844 5540 6696 5539 
5845 5938 6587 5173 
5846 4807 4809 4806 
5847 5311 6710 6250 
5848 6806 6954 5447 
5849 4854 5180 4856 
5850 4279 6439 4288 
5851 5807 6617 4611 
5852 1936 6465 1023 
5853 5567 6907 6137 
5854 517 6163 6139 
5855 4276 6428 4550 
5856 5118 6349 4990 
5857 6679 6849 6580 
5858 1144 6132 4779 
5859 4174 6449 6290 
5860 5754 6812 6173 
5861 3597 6223 4257 
5862 4166 6339 3952 
5863 6130 6714 4249 
5864 4259 6394 5823 
5865 4740 6181 2684 
5866 6300 6301 4841 
5867 6233 6630 5411 
5868 5779 6585 5576 
5869 4757 6163 1342 
5870 4738 6162 2574 
5871 4824 6633 5551 
5872 4351 6612 4474 
5873 4386 6391 4202 
5874 6238 6647 5265 
5875 6897 6919 4153 
5876 4580 6425 4500 
5877 4733 6406 6405 
5878 5838 6776 5286 
5879 4828 4829 4826 
5880 4696 6573 4668 
5881 3641 6143 5078 
5882 5418 6734 6464 
5883 4549 6352 4274 
5884 4439 6454 5999 
5885 4827 6861 6548 
5886 5449 6577 5354 
5887 4972 6875 6425 
5888 1617 5903 1628 
5889 5656 6835 5658 
5890 4669 6954 6806 
5891 5115 6530 5730 
5892 5683 6742 5682 
5893 3619 6175 4754 
5894 803 6141 5022 
5895 5083 6546 5729 
5896 2266 6154 4738 
5897 1067 6688 1056 
5898 4726 6405 4724 
5899 6410 6411 4878 
5900 4926 6951 5175 
5901 4691 4692 4595 
5902 1353 6186 4757 
5903 4202 6391 4460 
5904 4994 6219 4992 
5905 4306 5080 5079 
5906 6494 6527 4766 
5907 5975 6502 5937 
5908 6045 6695 3898 
5909 5212 6435 6268 
5910 5817 6855 6367 
5911 6195 6447 5136 
5912 4754 6183 2706 
5913 4776 6609 6150 
5914 4640 6410 4878 
5915 5078 6175 3630 
5916 3942 6557 6021 
5917 4389 6451 5358 
5918 4779 6148 1133 
5919 4606 6498 4524 
5920 4504 6758 6278 
5921 5773 6542 6205 
5922 2277 6182 6154 
5923 6080 6884 6148 
5924 5272 6682 6535 
5925 6052 6700 3896 
5926 4349 6612 4351 
5927 4266 6365 6322 
5928 5157 6395 5159 
5929 4369 6347 4382 
5930 5240 6747 6243 
5931 5777 6775 6759 
5932 3135 6178 4731 
5933 4534 6676 6207 
5934 5080 5083 5082 
5935 6172 6712 5487 
5936 6475 6786 4455 
5937 6129 6177 1298 
5938 4255 6372 4244 
5939 5022 6178 3146 
5940 4741 6186 1364 
5941 4731 6174 3124 
5942 5250 6694 6437 
5943 5966 6525 4413 
5944 2695 6183 4740 
5945 1441 6197 4732 
5946 4941 4942 4885 
5947 4360 6350 6325 
5948 5162 5165 5164 
5949 4564 6391 4386 
5950 5182 6766 5185 
5951 5773 6205 6201 
5952 5661 6600 5846 
5953 891 6165 4753 
5954 5409 6599 5824 
5955 5256 5432 5255 
5956 4285 6787 4289 
5957 4737 6182 2288 
5958 5000 6803 5807 
5959 6418 6657 5621 
5960 5939 6401 3839 
5961 6025 6460 6015 
5962 2915 5597 2904 
5963 1287 6177 4769 
5964 4827 6669 4828 
5965 6577 6901 5697 
5966 2123 6191 4772 
5967 5191 6535 6275 
5968 5151 5287 5152 
5969 5394 6360 6003 
5970 4908 5282 4913 
5971 5032 5033 4380 
5972 3718 6424 1881 
5973 4104 6462 6003 
5974 4901 6492 5001 
5975 1122 6148 4782 
5976 3278 6176 4737 
5977 3895 6842 6103 
5978 6544 6878 4940 
5979 5457 6793 6442 
5980 4772 6171 2112 
5981 6174 6495 2211 
5982 5502 6358 6213 
5983 4732 6165 902 
5984 1243 5832 4296 
5985 5288 6567 5287 
5986 2233 6774 3223 
5987 5915 6557 3942 
5988 3888 6689 6111 
5989 4763 6452 4742 
5990 4434 6925 6657 
5991 1628 4817 1639 
5992 4769 6203 1276 
5993 4257 6559 3586 
5994 5695 6646 5696 
5995 4484 5709 1551 
5996 4813 5797 1661 
5997 6325 6481 4393 
5998 6494 6680 6631 
5999 2365 4714 2354 
6000 5090 6907 5567 
6001 4775 6191 2134 
6002 4183 6657 4181 
6003 5271 6504 6000 
6004 4418 6817 6316 
6005 5149 6273 5151 
6006 5353 6445 5130 
6007 4044 6594 5977 
6008 4714 6250 6146 
6009 6139 6163 5586 
6010 5961 6920 6130 
6011 4072 6638 3542 
6012 5314 6938 5795 
6013 2387 6168 4775 
6014 5041 6751 6742 
6015 4753 6550 880 
6016 5305 5819 4945 
6017 4188 6552 5941 
6018 4944 4945 4943 
6019 3421 6550 6134 
6020 2200 6495 4729 
6021 4318 6845 6647 
6022 4429 6483 5997 
6023 5967 6640 5324 
6024 5418 6919 6897 
6025 4500 6425 4502 
6026 6000 6504 4055 
6027 6157 6460 6025 
6028 5452 6842 5451 
6029 4795 6300 4841 
6030 5337 6576 6184 
6031 6305 6950 5956 
6032 3903 6912 3901 
6033 4729 6201 2189 
6034 6091 6668 4688 
6035 5251 6841 5252 
6036 6444 6938 4398 
6037 3454 6203 4767 
6038 5149 5151 5150 
6039 6006 6454 4439 
6040 4844 6905 6622 
6041 6226 6931 5295 
6042 5389 6634 5956 
6043 6242 6387 6244 
6044 6015 6460 6127 
6045 4295 5237 1782 
6046 715 6248 4741 
6047 4380 6270 6269 
6048 4134 6374 6362 
6049 5352 6840 6668 
6050 4247 6714 4255 
6051 5153 6478 5139 
6052 5083 5761 5760 
6053 5509 6490 5153 
6054 2398 6217 6168 
6055 5698 6871 6060 
6056 6622 6905 5371 
6057 5997 6483 5998 
6058 6328 6347 4367 
6059 5583 6814 5116 
6060 6233 6359 6232 
6061 6425 6875 5334 
6062 6284 6499 4458 
6063 4473 5251 4483 
6064 4483 6716 6041 
6065 5765 5903 4816 
6066 5949 6592 3946 
6067 5993 6576 5337 
6068 6440 6777 4888 
6069 5887 6818 5811 
6070 4913 6566 4914 
6071 5735 5834 5736 
6072 6021 6557 6131 
6073 4116 5681 4594 
6074 4765 6503 4748 
6075 4172 6926 4174 
6076 3968 6801 4091 
6077 5466 6555 5076 
6078 3289 6239 6176 
6079 5998 6462 4104 
6080 5710 6517 5758 
6081 5530 6768 6629 
6082 4945 6066 4943 
6083 4296 5869 1232 
6084 1705 5724 5596 
6085 4864 6529 4710 
6086 4055 6504 5984 
6087 6306 6612 4349 
6088 5384 6483 6131 
6089 5253 6716 5255 
6090 6384 6410 4642 
6091 5605 6851 5363 
6092 5059 6198 5824 
6093 4710 6529 4709 
6094 4874 6486 5069 
6095 4524 6498 4525 
6096 5033 6841 6270 
6097 990 6859 979 
6098 2871 4912 1078 
6099 6346 6442 4425 
6100 6020 6593 4442 
6101 6264 6789 5678 
6102 5951 6580 4399 
6103 4733 6405 4726 
6104 5884 6834 4427 
6105 3965 6853 6341 
6106 5943 6442 5944 
6107 5882 6903 5582 
6108 6494 6631 5001 
6109 6316 6817 4671 
6110 4197 6399 6356 
6111 5652 6858 6043 
6112 5412 6630 6233 
6113 6258 6864 5033 
6114 6296 6572 5272 
6115 5797 5805 1672 
6116 5159 5558 5160 
6117 6171 6194 3267 
6118 5923 6890 4404 
6119 4057 6574 6378 
6120 5411 6359 6233 
6121 5942 6642 6262 
6122 6103 6711 3895 
6123 6403 6929 4054 
6124 5931 6652 4044 
6125 5352 6668 6091 
6126 4767 6234 3443 
6127 6201 6205 3333 
6128 5058 6666 6342 
6129 4258 6217 2409 
6130 5308 6547 5413 
6131 6642 6773 5378 
6132 6131 6483 4429 
6133 4756 6433 6197 
6134 4975 6575 4664 
6135 5329 6709 5331 
6136 4261 6515 6141 
6137 4753 6804 6135 
6138 4751 6153 6152 
6139 6920 6944 4255 
6140 1562 6044 1573 
6141 4903 6202 3014 
6142 5795 6938 5273 
6143 5914 6756 5915 
6144 1023 4309 1012 
6145 3872 6551 3685 
6146 4383 6539 5989 
6147 781 6608 770 
6148 5658 6835 6438 
6149 6143 6144 5078 
6150 4925 5011 4927 
6151 5325 6693 6229 
6152 6142 6422 6179 
6153 6502 6873 6726 
6154 4558 5917 4781 
6155 6151 6730 5326 
6156 5157 5159 5158 
6157 6030 6798 5328 
6158 4854 6511 5180 
6159 6283 6766 5113 
6160 1584 5859 1595 
6161 5530 6820 6768 
6162 6508 6886 5707 
6163 5822 6719 6663 
6164 5286 6776 6402 
6165 6243 6747 6188 
6166 303 6711 6103 
6167 5076 6476 4707 
6168 6127 6684 4071 
6169 6514 6908 4717 
6170 6154 6155 4738 
6171 5626 6799 5624 
6172 4138 6443 4140 
6173 5436 6601 5776 
6174 6057 6738 5274 
6175 5959 6595 4412 
6176 4314 6817 4418 
6177 5977 6636 4428 
6178 5256 5842 5432 
6179 6183 6184 4740 
6180 6742 6751 5682 
6181 5502 6211 2332 
6182 5916 6777 5895 
6183 5166 6223 3608 
6184 4303 6541 6129 
6185 671 6918 4783 
6186 4692 4993 4992 
6187 5053 6903 5882 
6188 4510 6930 4313 
6189 5317 6649 5934 
6190 5421 6947 6409 
6191 682 6918 671 
6192 5422 6585 4560 
6193 6340 6577 4506 
6194 4948 6498 4606 
6195 5122 6475 6048 
6196 1650 5900 4813 
6197 6109 6673 5680 
6198 5130 6445 6240 
6199 4651 6473 4087 
6200 6267 6939 5693 
6201 4781 5157 5156 
6202 5052 6903 5053 
6203 6417 6733 5928 
6204 5218 6519 6276 
6205 4045 6606 5926 
6206 4477 6820 5992 
6207 6293 6960 5706 
6208 6479 6664 5532 
6209 2860 6911 2849 
6210 6251 6881 5320 
6211 2354 6671 2860 
6212 4671 6833 6229 
6213 5944 6606 4045 
6214 3729 4246 3718 
6215 6367 6750 5817 
6216 4960 6813 5798 
6217 4785 6302 6300 
6218 5080 5082 5081 
6219 4318 6647 6092 
6220 4848 6931 6226 
6221 4733 6452 6406 
6222 6714 6920 4255 
6223 5311 6706 6232 
6224 4704 6955 6067 
6225 4293 6829 4253 
6226 5063 6570 5062 
6227 4884 4941 4885 
6228 5293 6417 4701 
6229 2981 6904 2970 
6230 5933 6662 4424 
6231 5457 6442 6346 
6232 6643 6752 5575 
6233 6191 6192 4772 
6234 5956 6950 4464 
6235 4523 6673 4521 
6236 4308 6271 5917 
6237 5576 6585 5424 
6238 4396 6642 5942 
6239 6271 6697 5079 
6240 4714 6671 2354 
6241 4491 6473 4494 
6242 5504 6543 5047 
6243 6068 6787 6117 
6244 4070 6624 6022 
6245 5071 6760 5445 
6246 3784 6145 5832 
6247 5928 6733 4545 
6248 6287 6288 4910 
6249 4993 4994 4992 
6250 4755 6248 726 
6251 4762 6957 6458 
6252 4739 6239 3300 
6253 6327 6831 6326 
6254 3432 6234 4768 
6255 4744 6503 5365 
6256 4209 6443 4138 
6257 6413 6652 5931 
6258 5556 6486 4874 
6259 968 6586 4258 
6260 4941 5444 4942 
6261 6042 6771 4361 
6262 4803 6590 4793 
6263 6362 6564 4209 
6264 2959 6596 4903 
6265 4768 6230 2101 
6266 4925 6566 5011 
6267 4971 6838 4970 
6268 5839 6641 5588 
6269 5340 6652 6413 
6270 5679 6666 5543 
6271 5267 6533 5357 
6272 1573 4821 1584 
6273 2321 6211 4739 
6274 4997 6934 6438 
6275 4498 6769 4495 
6276 4519 6833 4487 
6277 5138 6692 5472 
6278 4808 5724 1694 
6279 3322 6205 4730 
6280 5113 6766 5182 
6281 4773 6252 3245 
6282 2343 6358 5502 
6283 6028 6788 5616 
6284 4788 6605 4780 
6285 6463 6475 5122 
6286 5341 6655 6114 
6287 6049 6845 4318 
6288 6250 6457 5312 
6289 6708 6750 6367 
6290 6344 6850 4656 
6291 5320 6881 5352 
6292 4424 6662 6413 
6293 5147 5149 5148 
6294 3256 6194 4773 
6295 5409 6513 5305 
6296 4516 6562 6350 
6297 4356 6604 6029 
6298 4782 6859 990 
6299 5721 6767 4648 
6300 4805 6685 5888 
6301 5303 6773 5870 
6302 5408 5733 1804 
6303 5083 5760 5082 
6304 5282 6670 5321 
6305 4739 6520 6239 
6306 4087 6473 4491 
6307 5080 6546 5083 
6308 5020 6584 4931 
6309 5033 6270 4380 
6310 5817 6750 6368 
6311 6184 6752 6643 
6312 6596 6597 4903 
6313 4527 6629 6094 
6314 5430 6880 6811 
6315 6383 6613 5245 
6316 6066 6421 4840 
6317 6205 6542 4730 
6318 4052 6889 3553 
6319 4287 6787 4285 
6320 4442 6593 6477 
6321 6111 6689 5770 
6322 5380 6837 6811 
6323 6230 6314 2090 
6324 5888 6665 5280 
6325 5454 6902 6522 
6326 6319 6843 6320 
6327 6301 6511 4841 
6328 4875 6794 5574 
6329 4410 6561 4869 
6330 5140 6744 4684 
6331 6202 6221 3003 
6332 4071 6684 6020 
6333 1606 5763 4816 
6334 6252 6253 2464 
6335 6322 6582 4273 
6336 5321 6566 4913 
6337 6184 6643 5337 
6338 5733 6382 4295 
6339 6326 6831 4221 
6340 3890 6613 6308 
6341 5338 6844 5994 
6342 5481 6804 6128 
6343 3920 6640 5967 
6344 6535 6682 4481 
6345 5962 6885 4603 
6346 5762 6694 4806 
6347 6271 6549 5917 
6348 5376 6849 6679 
6349 5945 6632 4396 
6350 5709 6044 1562 
6351 5502 6212 6211 
6352 4428 6636 6241 
6353 6288 6310 4910 
6354 6320 6625 4517 
6355 3997 6823 6292 
6356 5449 6901 6577 
6357 6492 6493 5001 
6358 4221 6781 3964 
6359 4560 6585 5779 
6360 4140 6443 5509 
6361 4671 6693 6316 
6362 6275 6519 5218 
6363 6311 6598 4516 
6364 3036 6214 5412 
6365 4249 6714 4247 
6366 4516 6598 6562 
6367 6426 6824 5217 
6368 4769 6534 6203 
6369 6242 6243 4755 
6370 6262 6749 4200 
6371 5425 6575 4975 
6372 4011 6832 4014 
6373 5842 6669 5432 
6374 4585 6891 4950 
6375 5545 6560 5506 
6376 6379 6699 4916 
6377 6679 6822 5376 
6378 4709 6529 5077 
6379 6260 6957 4762 
6380 5335 6950 6305 
6381 6004 6766 6283 
6382 4257 6620 6559 
6383 5179 6676 6474 
6384 1683 5805 4808 
6385 4730 6260 3311 
6386 5724 5729 5596 
6387 5401 6527 6493 
6388 3806 6199 4929 
6389 4929 6145 3795 
6390 6318 6619 5140 
6391 5305 6513 5819 
6392 6427 6533 5267 
6393 5482 6913 5594 
6394 5177 6199 759 
6395 6412 6699 6379 
6396 4918 6807 6490 
6397 737 6242 4755 
6398 5424 6585 5422 
6399 5406 6850 6344 
6400 5431 6814 5485 
6401 5251 5252 4483 
6402 5602 6952 6200 
6403 6461 6926 4212 
6404 4816 5903 1617 
6405 3685 4559 1045 
6406 4916 6699 6272 
6407 6308 6613 6383 
6408 5567 6611 6279 
6409 4858 6526 6492 
6410 4413 6756 5914 
6411 4999 6901 6583 
6412 5937 6726 4188 
6413 6198 6815 4791 
6414 1947 6659 1936 
6415 4517 6625 6330 
6416 6128 6578 5480 
6417 4760 6790 4796 
6418 5990 6568 4384 
6419 6456 6867 4602 
6420 5735 5736 5734 
6421 5015 6866 5007 
6422 5412 6408 3025 
6423 4120 6517 5710 
6424 5253 5254 4994 
6425 5040 6648 5803 
6426 4421 6843 6319 
6427 4946 6753 5257 
6428 4923 6259 2838 
6429 5170 6588 5172 
6430 5248 6570 5063 
6431 6253 6254 4003 
6432 4171 6563 6295 
6433 6402 6776 4577 
6434 6345 6796 5400 
6435 4102 6522 5925 
6436 4949 6873 6860 
6437 4496 6769 5916 
6438 5073 6907 5090 
6439 6661 6962 5145 
6440 6559 6918 682 
6441 4200 6749 5927 
6442 4819 6633 4815 
6443 5764 5765 4816 
6444 6629 6768 6094 
6445 5164 6581 5168 
6446 4817 5900 1639 
6447 4320 6817 4314 
6448 6131 6557 5383 
6449 4713 6215 6214 
6450 6427 6857 5306 
6451 6426 6869 5367 
6452 6499 6816 4458 
6453 4762 6589 2244 
6454 2255 6260 4762 
6455 4602 6867 6087 
6456 5696 6760 5071 
6457 6525 6756 4413 
6458 4295 5987 5237 
6459 6502 6726 5937 
6460 4815 6633 4824 
6461 4361 6771 6037 
6462 550 6231 5312 
6463 2079 6314 4006 
6464 979 6859 6586 
6465 6434 6540 5232 
6466 5584 6782 6123 
6467 5166 6224 6223 
6468 5981 6723 5980 
6469 5980 6723 4383 
6470 6043 6858 5017 
6471 6552 6837 5941 
6472 5336 6853 5905 
6473 4044 6652 6594 
6474 4915 6755 6257 
6475 6102 6768 4477 
6476 6380 6830 4099 
6477 6873 6880 5430 
6478 6768 6820 4477 
6479 4823 6770 4834 
6480 4521 6673 6109 
6481 6020 6684 6593 
6482 6431 6665 5888 
6483 4253 6829 4391 
6484 4051 5565 1529 
6485 6509 6663 5638 
6486 5250 6605 4788 
6487 6583 6914 4591 
6488 4405 6615 4485 
6489 6214 6630 5412 
6490 5322 6684 6127 
6491 5758 6603 5247 
6492 5391 6873 6502 
6493 5975 6909 6502 
6494 6476 6635 4705 
6495 4604 6939 6267 
6496 6777 6958 4888 
6497 4528 6890 6054 
6498 4700 6561 4410 
6499 6207 6676 5179 
6500 5062 6570 6054 
6501 6589 6774 2233 
6502 5298 6825 6301 
6503 6215 6630 6214 
6504 6594 6636 5977 
6505 5273 6938 6444 
6506 4714 6457 6250 
6507 6312 6717 5913 
6508 5771 6777 5916 
6509 5761 6651 5760 
6510 3201 6387 6242 
6511 5044 6699 6412 
6512 6778 6779 5701 
6513 5282 6810 6670 
6514 5949 6849 6592 
6515 6726 6873 5430 
6516 4003 6358 2442 
6517 4384 6568 5981 
6518 4464 6922 5956 
6519 6811 6880 5379 
6520 5376 6822 6802 
6521 4188 6726 6552 
6522 5660 6875 4972 
6523 6437 6694 5762 
6524 5445 6590 4803 
6525 6582 6936 4273 
6526 2970 6904 6596 
6527 5956 6922 5389 
6528 5596 6546 4306 
6529 2453 6253 4003 
6530 2992 6221 4713 
6531 4495 6769 4496 
6532 5925 6522 6095 
6533 4487 6833 4671 
6534 4006 6904 2981 
6535 5913 6717 5353 
6536 4713 6214 3047 
6537 5508 6543 5504 
6538 6370 6685 4805 
6539 6649 6685 6370 
6540 5408 5734 5733 
6541 5175 6855 5817 
6542 5957 6221 6202 
6543 5280 6923 4804 
6544 6333 6892 5439 
6545 5870 6773 6632 
6546 1001 6488 5166 
6547 4648 6767 6366 
6548 5160 6621 5162 
6549 4798 6514 6513 
6550 4993 5253 4994 
6551 5398 6771 6042 
6552 5025 6609 5023 
6553 6173 6812 4016 
6554 4761 6790 4760 
6555 5253 5255 5254 
6556 5312 6457 2376 
6557 2849 6911 4923 
6558 4212 6926 4172 
6559 6571 6910 5523 
6560 4977 6633 4819 
6561 4116 4594 4593 
6562 6270 6681 6269 
6563 6417 6737 4700 
6564 4764 6649 6370 
6565 6275 6535 4481 
6566 5513 6929 6403 
6567 2893 6286 4910 
6568 4942 6518 6273 
6569 5450 6584 5020 
6570 6701 6860 5391 
6571 5308 6548 6547 
6572 5832 5833 4296 
6573 4804 6923 6392 
6574 4399 6849 5949 
6575 6150 6609 5025 
6576 5232 6704 4692 
6577 6592 6917 3946 
6578 5927 6826 5951 
6579 4481 6519 6275 
6580 6398 6784 5275 
6581 5381 6756 6525 
6582 5262 6914 6170 
6583 5797 6293 5805 
6584 6494 6810 6680 
6585 6262 6642 5378 
6586 4808 6508 5724 
6587 3520 6401 4058 
6588 5959 6917 6595 
6589 5506 6560 5508 
6590 6094 6768 6102 
6591 5941 6837 5966 
6592 5312 6706 6250 
6593 3223 6774 4002 
6594 5966 6837 6525 
6595 4205 6757 6446 
6596 5264 6731 6283 
6597 4904 6631 4906 
6598 5498 6928 6344 
6599 3946 6917 5959 
6600 6139 6623 4304 
6601 6333 6850 5406 
6602 6481 6792 5435 
6603 4712 6232 6231 
6604 5378 6773 6487 
6605 5406 6892 6333 
6606 6580 6849 4399 
6607 6561 6737 5467 
6608 6632 6642 4396 
6609 6657 6925 5621 
6610 4002 6387 3212 
6611 4473 6681 5251 
6612 6749 6826 5927 
6613 5429 6816 6499 
6614 6297 6816 6298 
6615 1056 4297 781 
6616 5764 5766 5765 
6617 4752 6764 6115 
6618 6621 6622 5165 
6619 4054 6929 6019 
6620 6522 6902 6095 
6621 6492 6526 6493 
6622 6490 6807 5153 
6623 4099 6830 6001 
6624 4407 6615 4405 
6625 4912 6310 6288 
6626 6342 6747 6667 
6627 5861 6795 5238 
6628 4292 6798 6124 
6629 5558 6621 5160 
6630 4763 6956 6452 
6631 4856 6645 4858 
6632 5951 6826 6580 
6633 6782 6783 6287 
6634 6341 6853 5336 
6635 5586 6623 6139 
6636 6572 6682 5272 
6637 6648 6805 5014 
6638 6435 6940 6268 
6639 6376 6956 4763 
6640 4767 6732 6234 
6641 4712 6231 561 
6642 6291 6824 6364 
6643 5323 6475 6463 
6644 4082 6896 6007 
6645 6667 6747 5240 
6646 1628 5903 4817 
6647 5384 6748 6484 
6648 6259 6501 3740 
6649 6332 6850 6333 
6650 4766 6810 6494 
6651 572 6408 4712 
6652 6559 6620 6047 
6653 4705 6635 4703 
6654 6414 6800 5281 
6655 6074 6219 4994 
6656 6595 6909 4412 
6657 4791 6815 6532 
6658 5172 6588 5723 
6659 4457 6765 6277 
6660 5939 6745 6401 
6661 6095 6902 5270 
6662 6364 6950 5335 
6663 1595 5859 5763 
6664 4910 6310 2882 
6665 4412 6909 5975 
6666 6409 6947 5366 
6667 5406 6898 6892 
6668 5374 6822 6679 
6669 6392 6923 5266 
6670 4703 6635 5293 
6671 5023 6609 5450 
6672 4383 6723 6539 
6673 5863 6588 5170 
6674 6304 6940 6426 
6675 6452 6956 6406 
6676 6179 6422 5279 
6677 4908 6680 5282 
6678 6325 6792 6481 
6679 5900 5901 4813 
6680 5804 6597 6596 
6681 5247 6603 5248 
6682 5510 6857 6427 
6683 5033 6864 6841 
6684 6270 6841 5251 
6685 5114 6943 6222 
6686 6366 6767 5687 
6687 5264 6921 6731 
6688 6409 6921 6285 
6689 5168 6581 5863 
6690 6286 6287 4910 
6691 6393 6942 4969 
6692 4768 6735 6230 
6693 6741 6742 5766 
6694 6364 6824 5367 
6695 6344 6928 5406 
6696 6119 6879 5178 
6697 6126 6707 4756 
6698 5900 5902 5901 
6699 5293 6733 6417 
6700 5076 6555 6476 
6701 5177 6708 6199 
6702 4817 5902 5900 
6703 1958 4307 1947 
6704 4911 6286 1859 
6705 5763 5764 4816 
6706 6378 6574 5648 
6707 5165 6581 5164 
6708 6547 6741 5413 
6709 6001 6830 5892 
6710 5373 6602 6471 
6711 5252 6716 4483 
6712 5001 6631 4904 
6713 6465 6497 4309 
6714 5444 6518 4942 
6715 4826 6770 4823 
6716 6170 6914 6583 
6717 4949 6880 6873 
6718 6515 6727 5476 
6719 6796 6893 5400 
6720 6913 6924 5479 
6721 5734 6382 5733 
6722 4471 6681 4473 
6723 1870 6423 4911 
6724 4888 6958 5009 
6725 6342 6667 5058 
6726 6347 6775 4382 
6727 5180 6645 4856 
6728 6438 6934 5658 
6729 6188 6747 6342 
6730 5406 6928 6898 
6731 5729 6546 5596 
6732 5953 6926 6461 
6733 6722 6937 5315 
6734 6477 6593 5313 
6735 4858 6645 6526 
6736 4829 6770 4826 
6737 6506 6914 5262 
6738 6269 6681 4471 
6739 4906 6680 4908 
6740 6427 6828 6533 
6741 6152 6727 4261 
6742 5377 6749 6262 
6743 5549 6831 6327 
6744 5162 6621 5165 
6745 6320 6843 6715 
6746 6562 6598 5434 
6747 6257 6864 6258 
6748 4799 6694 5250 
6749 4458 6816 6297 
6750 6350 6792 6325 
6751 6466 6692 5138 
6752 5293 6870 6733 
6753 6232 6706 6231 
6754 770 6608 5177 
6755 6202 6698 5957 
6756 4306 6546 5080 
6757 5369 6823 6637 
6758 5217 6824 6291 
6759 5705 6906 5707 
6760 6121 6888 6501 
6761 6044 6266 4821 
6762 4806 6694 4799 
6763 3652 4052 3553 
6764 4756 6707 6433 
6765 6802 6822 5039 
6766 6129 6730 6177 
6767 6240 6852 5818 
6768 4067 6789 6637 
6769 4294 6665 6431 
6770 4304 6736 6143 
6771 4475 6940 6435 
6772 4754 6752 6183 
6773 5771 6958 6777 
6774 1881 6424 6423 
6775 6285 6921 5264 
6776 6520 6863 5501 
6777 5251 6681 6270 
6778 4261 6727 6515 
6779 5483 6698 6597 
6780 2365 6457 4714 
6781 6143 6736 6144 
6782 4656 6850 6332 
6783 6153 6727 6152 
6784 6562 6792 6350 
6785 6273 6518 5288 
6786 6192 6779 6778 
6787 6493 6526 5401 
6788 6268 6940 6304 
6789 6056 6839 6224 
6790 6687 6688 1067 
6791 4912 6687 1078 
6792 5317 6685 6649 
6793 4903 6698 6202 
6794 4273 6936 6394 
6795 5390 6860 6701 
6796 6183 6752 6184 
6797 6540 6704 5232 
6798 6484 6748 5386 
6799 6413 6662 5339 
6800 1397 4558 1386 
6801 4464 6950 6364 
6802 5326 6730 6541 
6803 6487 6773 5303 
6804 5376 6802 6592 
6805 5439 6796 6345 
6806 5707 6674 6508 
6807 1573 6044 4821 
6808 6541 6730 6129 
6809 4474 6862 6311 
6810 6502 6909 5391 
6811 4821 5859 1584 
6812 5772 6495 6174 
6813 6250 6710 6146 
6814 6637 6789 5369 
6815 6146 6710 5310 
6816 5724 6508 5729 
6817 6231 6706 5312 
6818 6508 6674 5729 
6819 5352 6881 6840 
6820 5306 6828 6427 
6821 5375 6679 6580 
6822 6367 6855 5176 
6823 4692 6704 4993 
6824 6715 6843 5690 
6825 4772 6778 6171 
6826 5521 6808 6791 
6827 4461 6717 6312 
6828 4295 6382 5987 
6829 6176 6910 4737 
6830 6597 6698 4903 
6831 6445 6852 6240 
6832 4309 6488 1012 
6833 6581 6848 5863 
6834 6223 6839 4257 
6835 6552 6726 5430 
6836 5323 6786 6475 
6837 5534 6944 6920 
6838 4757 6846 6163 
6839 5414 6701 6595 
6840 6533 6828 4584 
6841 6592 6849 5376 
6842 6192 6778 4772 
6843 2871 6310 4912 
6844 5474 6945 6639 
6845 4058 6551 3872 
6846 6892 6898 4226 
6847 6311 6862 6598 
6848 6530 6836 5730 
6849 6148 6884 4782 
6850 6163 6846 5586 
6851 6635 6870 5293 
6852 5041 6861 6751 
6853 6395 6549 5081 
6854 4257 6839 6620 
6855 6595 6917 5414 
6856 5399 6893 6796 
6857 5542 6736 6623 
6858 3729 6501 4246 
6859 5561 6942 6393 
6860 1023 6465 4309 
6861 4739 6863 6520 
6862 6525 6837 5380 
6863 4297 6750 6608 
6864 4700 6737 6561 
6865 5428 6919 6407 
6866 4475 6869 6426 
6867 5342 6636 6594 
6868 6840 6881 3889 
6869 6898 6928 5405 
6870 5508 6819 6543 
6871 6212 6863 6211 
6872 1419 4308 1408 
6873 4246 6424 3718 
6874 6686 6713 5382 
6875 6539 6723 5489 
6876 6569 6887 5300 
6877 5153 6807 6478 
6878 5430 6811 6552 
6879 6631 6680 4906 
6880 5366 6921 6409 
6881 6623 6736 4304 
6882 6426 6940 4475 
6883 6580 6826 5375 
6884 4786 6962 6661 
6885 6715 6806 5447 
6886 5805 6886 4808 
6887 6211 6863 4739 
6888 6433 6707 5492 
6889 5859 6739 5763 
6890 5901 6960 4813 
6891 5584 6783 6782 
6892 6510 6825 4727 
6893 6495 6932 4729 
6894 4797 6953 6661 
6895 6674 6906 5761 
6896 6224 6839 6223 
6897 1936 6659 6465 
6898 4808 6886 6508 
6899 6130 6920 6714 
6900 6047 6918 6559 
6901 6567 6955 4702 
6902 6751 6861 4825 
6903 6586 6859 6082 
6904 1474 4116 2431 
6905 5298 6877 6825 
6906 5041 6742 6741 
6907 6517 6725 5499 
6908 4813 6960 5797 
6909 4844 6937 6722 
6910 3685 6551 4559 
6911 4725 6935 6527 
6912 5263 6895 6883 
6913 6596 6904 5804 
6914 6527 6935 4766 
6915 1056 6688 4297 
6916 5041 6741 6547 
6917 5040 6805 6648 
6918 6680 6810 5282 
6919 5175 6951 6855 
6920 6478 6807 5031 
6921 6245 6774 6589 
6922 5166 6961 6224 
6923 429 4593 1034 
6924 4461 6941 6717 
6925 6293 6886 5805 
6926 6671 6911 2860 
6927 6488 6961 5166 
6928 6501 6888 4246 
6929 5763 6739 5764 
6930 4297 6608 781 
6931 6883 6895 5048 
6932 6041 6704 6540 
6933 5797 6960 6293 
6934 5772 6932 6495 
6935 4825 6872 6751 
6936 5482 6924 6913 
6937 5707 6906 6674 
6938 6423 6424 6123 
6939 6825 6877 4727 
6940 6661 6953 4786 
6941 4307 6659 1947 
6942 6841 6864 5361 
6943 6620 6839 6056 
6944 6122 6911 6671 
6945 6368 6688 6687 
6946 2431 4593 429 
6947 1045 4052 3652 
6948 1430 4308 1419 
6949 1727 6697 1738 
6950 1034 4593 1518 
6951 1386 4558 1958 
6952 1408 4308 1397 
6953 1738 6271 1430 
6954 2629 6889 1474 
6955 1518 4593 4051 
6956 4649 6379 6274 
6957 6203 6732 4767 
6958 6234 6735 4768 
6959 4818 6489 5392 
6960 4821 6739 5859 
6961 4868 6345 6324 
6962 4878 6344 6343 
6963 6288 6368 4912 
6964 5011 5059 4927 
6965 4928 6085 5176 
6966 5255 5308 5254 
6967 5710 5728 5727 
6968 5736 6382 5734 
2 1 3 3478
6969 94 95 3081 3070 
6970 3070 3081 3082 3071 
6971 3071 3082 3083 3072 
6972 3072 3083 3084 3073 
6973 3073 3084 3085 3074 
6974 3074 3085 3086 3075 
6975 3075 3086 3087 3076 
6976 3076 3087 3088 3077 
6977 3077 3088 3089 3078 
6978 3078 3089 3090 3079 
6979 3079 3090 3091 3080 
6980 95 96 1882 3081 
6981 3081 1882 1883 3082 
6982 3082 1883 1884 3083 
6983 3083 1884 1885 3084 
6984 3084 1885 1886 3085 
6985 3085 1886 1887 3086 
6986 3086 1887 1888 3087 
6987 3087 1888 1889 3088 
6988 3088 1889 1890 3089 
6989 3089 1890 1891 3090 
6990 3090 1891 1892 3091 
6991 96 97 1893 1882 
6992 1882 1893 1894 1883 
6993 1883 1894 1895 1884 
6994 1884 1895 1896 1885 
6995 1885 1896 1897 1886 
6996 1886 1897 1898 1887 
6997 1887 1898 1899 1888 
6998 1888 1899 1900 1889 
6999 1889 1900 1901 1890 
7000 1890 1901 1902 1891 
7001 1891 1902 1903 1892 
7002 97 98 2597 1893 
7003 1893 2597 2598 1894 
7004 1894 2598 2599 1895 
7005 1895 2599 2600 1896 
7006 1896 2600 2601 1897 
7007 1897 2601 2602 1898 
7008 1898 2602 2603 1899 
7009 1899 2603 2604 1900 
7010 1900 2604 2605 1901 
7011 1901 2605 2606 1902 
7012 1902 2606 2607 1903 
7013 98 99 2608 2597 
7014 2597 2608 2609 2598 
7015 2598 2609 2610 2599 
7016 2599 2610 2611 2600 
7017 2600 2611 2612 2601 
7018 2601 2612 2613 2602 
7019 2602 2613 2614 2603 
7020 2603 2614 2615 2604 
7021 2604 2615 2616 2605 
7022 2605 2616 2617 2606 
7023 2606 2617 2618 2607 
7024 99 100 1904 2608 
7025 2608 1904 1905 2609 
7026 2609 1905 1906 2610 
7027 2610 1906 1907 2611 
7028 2611 1907 1908 2612 
7029 2612 1908 1909 2613 
7030 2613 1909 1910 2614 
7031 2614 1910 1911 2615 
7032 2615 1911 1912 2616 
7033 2616 1912 1913 2617 
7034 2617 1913 1914 2618 
7035 192 193 2982 3037 
7036 3037 2982 2983 3038 
7037 3038 2983 2984 3039 
7038 3039 2984 2985 3040 
7039 3040 2985 2986 3041 
7040 3041 2986 2987 3042 
7041 3042 2987 2988 3043 
7042 3043 2988 2989 3044 
7043 3044 2989 2990 3045 
7044 3045 2990 2991 3046 
7045 3046 2991 2992 3047 
7046 193 194 2993 2982 
7047 2982 2993 2994 2983 
7048 2983 2994 2995 2984 
7049 2984 2995 2996 2985 
7050 2985 2996 2997 2986 
7051 2986 2997 2998 2987 
7052 2987 2998 2999 2988 
7053 2988 2999 3000 2989 
7054 2989 3000 3001 2990 
7055 2990 3001 3002 2991 
7056 2991 3002 3003 2992 
7057 194 195 3004 2993 
7058 2993 3004 3005 2994 
7059 2994 3005 3006 2995 
7060 2995 3006 3007 2996 
7061 2996 3007 3008 2997 
7062 2997 3008 3009 2998 
7063 2998 3009 3010 2999 
7064 2999 3010 3011 3000 
7065 3000 3011 3012 3001 
7066 3001 3012 3013 3002 
7067 3002 3013 3014 3003 
7068 195 196 2949 3004 
7069 3004 2949 2950 3005 
7070 3005 2950 2951 3006 
7071 3006 2951 2952 3007 
7072 3007 2952 2953 3008 
7073 3008 2953 2954 3009 
7074 3009 2954 2955 3010 
7075 3010 2955 2956 3011 
7076 3011 2956 2957 3012 
7077 3012 2957 2958 3013 
7078 3013 2958 2959 3014 
7079 196 197 2960 2949 
7080 2949 2960 2961 2950 
7081 2950 2961 2962 2951 
7082 2951 2962 2963 2952 
7083 2952 2963 2964 2953 
7084 2953 2964 2965 2954 
7085 2954 2965 2966 2955 
7086 2955 2966 2967 2956 
7087 2956 2967 2968 2957 
7088 2957 2968 2969 2958 
7089 2958 2969 2970 2959 
7090 197 198 2971 2960 
7091 2960 2971 2972 2961 
7092 2961 2972 2973 2962 
7093 2962 2973 2974 2963 
7094 2963 2974 2975 2964 
7095 2964 2975 2976 2965 
7096 2965 2976 2977 2966 
7097 2966 2977 2978 2967 
7098 2967 2978 2979 2968 
7099 2968 2979 2980 2969 
7100 2969 2980 2981 2970 
7101 198 199 2069 2971 
7102 2971 2069 2070 2972 
7103 2972 2070 2071 2973 
7104 2973 2071 2072 2974 
7105 2974 2072 2073 2975 
7106 2975 2073 2074 2976 
7107 2976 2074 2075 2977 
7108 2977 2075 2076 2978 
7109 2978 2076 2077 2979 
7110 2979 2077 2078 2980 
7111 2980 2078 2079 2981 
7112 199 200 2080 2069 
7113 2069 2080 2081 2070 
7114 2070 2081 2082 2071 
7115 2071 2082 2083 2072 
7116 2072 2083 2084 2073 
7117 2073 2084 2085 2074 
7118 2074 2085 2086 2075 
7119 2075 2086 2087 2076 
7120 2076 2087 2088 2077 
7121 2077 2088 2089 2078 
7122 2078 2089 2090 2079 
7123 200 201 2091 2080 
7124 2080 2091 2092 2081 
7125 2081 2092 2093 2082 
7126 2082 2093 2094 2083 
7127 2083 2094 2095 2084 
7128 2084 2095 2096 2085 
7129 2085 2096 2097 2086 
7130 2086 2097 2098 2087 
7131 2087 2098 2099 2088 
7132 2088 2099 2100 2089 
7133 2089 2100 2101 2090 
7134 201 202 3422 2091 
7135 2091 3422 3423 2092 
7136 2092 3423 3424 2093 
7137 2093 3424 3425 2094 
7138 2094 3425 3426 2095 
7139 2095 3426 3427 2096 
7140 2096 3427 3428 2097 
7141 2097 3428 3429 2098 
7142 2098 3429 3430 2099 
7143 2099 3430 3431 2100 
7144 2100 3431 3432 2101 
7145 105 106 1145 2300 
7146 2300 1145 1146 2301 
7147 2301 1146 1147 2302 
7148 2302 1147 1148 2303 
7149 2303 1148 1149 2304 
7150 2304 1149 1150 2305 
7151 2305 1150 1151 2306 
7152 2306 1151 1152 2307 
7153 2307 1152 1153 2308 
7154 2308 1153 1154 2309 
7155 2309 1154 1155 2310 
7156 106 107 1156 1145 
7157 1145 1156 1157 1146 
7158 1146 1157 1158 1147 
7159 1147 1158 1159 1148 
7160 1148 1159 1160 1149 
7161 1149 1160 1161 1150 
7162 1150 1161 1162 1151 
7163 1151 1162 1163 1152 
7164 1152 1163 1164 1153 
7165 1153 1164 1165 1154 
7166 1154 1165 1166 1155 
7167 107 108 1244 1156 
7168 1156 1244 1245 1157 
7169 1157 1245 1246 1158 
7170 1158 1246 1247 1159 
7171 1159 1247 1248 1160 
7172 1160 1248 1249 1161 
7173 1161 1249 1250 1162 
7174 1162 1250 1251 1163 
7175 1163 1251 1252 1164 
7176 1164 1252 1253 1165 
7177 1165 1253 1254 1166 
7178 108 109 1255 1244 
7179 1244 1255 1256 1245 
7180 1245 1256 1257 1246 
7181 1246 1257 1258 1247 
7182 1247 1258 1259 1248 
7183 1248 1259 1260 1249 
7184 1249 1260 1261 1250 
7185 1250 1261 1262 1251 
7186 1251 1262 1263 1252 
7187 1252 1263 1264 1253 
7188 1253 1264 1265 1254 
7189 109 110 1079 1255 
7190 1255 1079 1080 1256 
7191 1256 1080 1081 1257 
7192 1257 1081 1082 1258 
7193 1258 1082 1083 1259 
7194 1259 1083 1084 1260 
7195 1260 1084 1085 1261 
7196 1261 1085 1086 1262 
7197 1262 1086 1087 1263 
7198 1263 1087 1088 1264 
7199 1264 1088 1089 1265 
7200 110 111 1090 1079 
7201 1079 1090 1091 1080 
7202 1080 1091 1092 1081 
7203 1081 1092 1093 1082 
7204 1082 1093 1094 1083 
7205 1083 1094 1095 1084 
7206 1084 1095 1096 1085 
7207 1085 1096 1097 1086 
7208 1086 1097 1098 1087 
7209 1087 1098 1099 1088 
7210 1088 1099 1100 1089 
7211 111 112 2630 1090 
7212 1090 2630 2631 1091 
7213 1091 2631 2632 1092 
7214 1092 2632 2633 1093 
7215 1093 2633 2634 1094 
7216 1094 2634 2635 1095 
7217 1095 2635 2636 1096 
7218 1096 2636 2637 1097 
7219 1097 2637 2638 1098 
7220 1098 2638 2639 1099 
7221 1099 2639 2640 1100 
7222 112 113 2641 2630 
7223 2630 2641 2642 2631 
7224 2631 2642 2643 2632 
7225 2632 2643 2644 2633 
7226 2633 2644 2645 2634 
7227 2634 2645 2646 2635 
7228 2635 2646 2647 2636 
7229 2636 2647 2648 2637 
7230 2637 2648 2649 2638 
7231 2638 2649 2650 2639 
7232 2639 2650 2651 2640 
7233 113 114 1959 2641 
7234 2641 1959 1960 2642 
7235 2642 1960 1961 2643 
7236 2643 1961 1962 2644 
7237 2644 1962 1963 2645 
7238 2645 1963 1964 2646 
7239 2646 1964 1965 2647 
7240 2647 1965 1966 2648 
7241 2648 1966 1967 2649 
7242 2649 1967 1968 2650 
7243 2650 1968 1969 2651 
7244 114 115 1970 1959 
7245 1959 1970 1971 1960 
7246 1960 1971 1972 1961 
7247 1961 1972 1973 1962 
7248 1962 1973 1974 1963 
7249 1963 1974 1975 1964 
7250 1964 1975 1976 1965 
7251 1965 1976 1977 1966 
7252 1966 1977 1978 1967 
7253 1967 1978 1979 1968 
7254 1968 1979 1980 1969 
7255 115 116 2575 1970 
7256 1970 2575 2576 1971 
7257 1971 2576 2577 1972 
7258 1972 2577 2578 1973 
7259 1973 2578 2579 1974 
7260 1974 2579 2580 1975 
7261 1975 2580 2581 1976 
7262 1976 2581 2582 1977 
7263 1977 2582 2583 1978 
7264 1978 2583 2584 1979 
7265 1979 2584 2585 1980 
7266 116 117 2586 2575 
7267 2575 2586 2587 2576 
7268 2576 2587 2588 2577 
7269 2577 2588 2589 2578 
7270 2578 2589 2590 2579 
7271 2579 2590 2591 2580 
7272 2580 2591 2592 2581 
7273 2581 2592 2593 2582 
7274 2582 2593 2594 2583 
7275 2583 2594 2595 2584 
7276 2584 2595 2596 2585 
7277 117 118 2806 2586 
7278 2586 2806 2807 2587 
7279 2587 2807 2808 2588 
7280 2588 2808 2809 2589 
7281 2589 2809 2810 2590 
7282 2590 2810 2811 2591 
7283 2591 2811 2812 2592 
7284 2592 2812 2813 2593 
7285 2593 2813 2814 2594 
7286 2594 2814 2815 2595 
7287 2595 2815 2816 2596 
7288 118 119 2817 2806 
7289 2806 2817 2818 2807 
7290 2807 2818 2819 2808 
7291 2808 2819 2820 2809 
7292 2809 2820 2821 2810 
7293 2810 2821 2822 2811 
7294 2811 2822 2823 2812 
7295 2812 2823 2824 2813 
7296 2813 2824 2825 2814 
7297 2814 2825 2826 2815 
7298 2815 2826 2827 2816 
7299 119 120 3169 2817 
7300 2817 3169 3170 2818 
7301 2818 3170 3171 2819 
7302 2819 3171 3172 2820 
7303 2820 3172 3173 2821 
7304 2821 3173 3174 2822 
7305 2822 3174 3175 2823 
7306 2823 3175 3176 2824 
7307 2824 3176 3177 2825 
7308 2825 3177 3178 2826 
7309 2826 3178 3179 2827 
7310 120 121 3180 3169 
7311 3169 3180 3181 3170 
7312 3170 3181 3182 3171 
7313 3171 3182 3183 3172 
7314 3172 3183 3184 3173 
7315 3173 3184 3185 3174 
7316 3174 3185 3186 3175 
7317 3175 3186 3187 3176 
7318 3176 3187 3188 3177 
7319 3177 3188 3189 3178 
7320 3178 3189 3190 3179 
7321 121 122 1981 3180 
7322 3180 1981 1982 3181 
7323 3181 1982 1983 3182 
7324 3182 1983 1984 3183 
7325 3183 1984 1985 3184 
7326 3184 1985 1986 3185 
7327 3185 1986 1987 3186 
7328 3186 1987 1988 3187 
7329 3187 1988 1989 3188 
7330 3188 1989 1990 3189 
7331 3189 1990 1991 3190 
7332 122 123 1992 1981 
7333 1981 1992 1993 1982 
7334 1982 1993 1994 1983 
7335 1983 1994 1995 1984 
7336 1984 1995 1996 1985 
7337 1985 1996 1997 1986 
7338 1986 1997 1998 1987 
7339 1987 1998 1999 1988 
7340 1988 1999 2000 1989 
7341 1989 2000 2001 1990 
7342 1990 2001 2002 1991 
7343 123 124 1750 1992 
7344 1992 1750 1751 1993 
7345 1993 1751 1752 1994 
7346 1994 1752 1753 1995 
7347 1995 1753 1754 1996 
7348 1996 1754 1755 1997 
7349 1997 1755 1756 1998 
7350 1998 1756 1757 1999 
7351 1999 1757 1758 2000 
7352 2000 1758 1759 2001 
7353 2001 1759 1760 2002 
7354 124 125 1761 1750 
7355 1750 1761 1762 1751 
7356 1751 1762 1763 1752 
7357 1752 1763 1764 1753 
7358 1753 1764 1765 1754 
7359 1754 1765 1766 1755 
7360 1755 1766 1767 1756 
7361 1756 1767 1768 1757 
7362 1757 1768 1769 1758 
7363 1758 1769 1770 1759 
7364 1759 1770 1771 1760 
7365 125 126 1827 1761 
7366 1761 1827 1828 1762 
7367 1762 1828 1829 1763 
7368 1763 1829 1830 1764 
7369 1764 1830 1831 1765 
7370 1765 1831 1832 1766 
7371 1766 1832 1833 1767 
7372 1767 1833 1834 1768 
7373 1768 1834 1835 1769 
7374 1769 1835 1836 1770 
7375 1770 1836 1837 1771 
7376 126 127 1838 1827 
7377 1827 1838 1839 1828 
7378 1828 1839 1840 1829 
7379 1829 1840 1841 1830 
7380 1830 1841 1842 1831 
7381 1831 1842 1843 1832 
7382 1832 1843 1844 1833 
7383 1833 1844 1845 1834 
7384 1834 1845 1846 1835 
7385 1835 1846 1847 1836 
7386 1836 1847 1848 1837 
7387 127 128 1310 1838 
7388 1838 1310 1311 1839 
7389 1839 1311 1312 1840 
7390 1840 1312 1313 1841 
7391 1841 1313 1314 1842 
7392 1842 1314 1315 1843 
7393 1843 1315 1316 1844 
7394 1844 1316 1317 1845 
7395 1845 1317 1318 1846 
7396 1846 1318 1319 1847 
7397 1847 1319 1320 1848 
7398 128 129 1321 1310 
7399 1310 1321 1322 1311 
7400 1311 1322 1323 1312 
7401 1312 1323 1324 1313 
7402 1313 1324 1325 1314 
7403 1314 1325 1326 1315 
7404 1315 1326 1327 1316 
7405 1316 1327 1328 1317 
7406 1317 1328 1329 1318 
7407 1318 1329 1330 1319 
7408 1319 1330 1331 1320 
7409 129 130 3686 1321 
7410 1321 3686 3687 1322 
7411 1322 3687 3688 1323 
7412 1323 3688 3689 1324 
7413 1324 3689 3690 1325 
7414 1325 3690 3691 1326 
7415 1326 3691 3692 1327 
7416 1327 3692 3693 1328 
7417 1328 3693 3694 1329 
7418 1329 3694 3695 1330 
7419 1330 3695 3696 1331 
7420 130 131 3697 3686 
7421 3686 3697 3698 3687 
7422 3687 3698 3699 3688 
7423 3688 3699 3700 3689 
7424 3689 3700 3701 3690 
7425 3690 3701 3702 3691 
7426 3691 3702 3703 3692 
7427 3692 3703 3704 3693 
7428 3693 3704 3705 3694 
7429 3694 3705 3706 3695 
7430 3695 3706 3707 3696 
7431 131 132 2751 3697 
7432 3697 2751 2752 3698 
7433 3698 2752 2753 3699 
7434 3699 2753 2754 3700 
7435 3700 2754 2755 3701 
7436 3701 2755 2756 3702 
7437 3702 2756 2757 3703 
7438 3703 2757 2758 3704 
7439 3704 2758 2759 3705 
7440 3705 2759 2760 3706 
7441 3706 2760 2761 3707 
7442 132 133 2762 2751 
7443 2751 2762 2763 2752 
7444 2752 2763 2764 2753 
7445 2753 2764 2765 2754 
7446 2754 2765 2766 2755 
7447 2755 2766 2767 2756 
7448 2756 2767 2768 2757 
7449 2757 2768 2769 2758 
7450 2758 2769 2770 2759 
7451 2759 2770 2771 2760 
7452 2760 2771 2772 2761 
7453 133 134 3807 2762 
7454 2762 3807 3808 2763 
7455 2763 3808 3809 2764 
7456 2764 3809 3810 2765 
7457 2765 3810 3811 2766 
7458 2766 3811 3812 2767 
7459 2767 3812 3813 2768 
7460 2768 3813 3814 2769 
7461 2769 3814 3815 2770 
7462 2770 3815 3816 2771 
7463 2771 3816 3817 2772 
7464 261 262 3268 2278 
7465 2278 3268 3269 2279 
7466 2279 3269 3270 2280 
7467 2280 3270 3271 2281 
7468 2281 3271 3272 2282 
7469 2282 3272 3273 2283 
7470 2283 3273 3274 2284 
7471 2284 3274 3275 2285 
7472 2285 3275 3276 2286 
7473 2286 3276 3277 2287 
7474 2287 3277 3278 2288 
7475 262 263 3279 3268 
7476 3268 3279 3280 3269 
7477 3269 3280 3281 3270 
7478 3270 3281 3282 3271 
7479 3271 3282 3283 3272 
7480 3272 3283 3284 3273 
7481 3273 3284 3285 3274 
7482 3274 3285 3286 3275 
7483 3275 3286 3287 3276 
7484 3276 3287 3288 3277 
7485 3277 3288 3289 3278 
7486 134 135 3818 3807 
7487 3807 3818 3819 3808 
7488 3808 3819 3820 3809 
7489 3809 3820 3821 3810 
7490 3810 3821 3822 3811 
7491 3811 3822 3823 3812 
7492 3812 3823 3824 3813 
7493 3813 3824 3825 3814 
7494 3814 3825 3826 3815 
7495 3815 3826 3827 3816 
7496 3816 3827 3828 3817 
7497 135 136 3554 3818 
7498 3818 3554 3555 3819 
7499 3819 3555 3556 3820 
7500 3820 3556 3557 3821 
7501 3821 3557 3558 3822 
7502 3822 3558 3559 3823 
7503 3823 3559 3560 3824 
7504 3824 3560 3561 3825 
7505 3825 3561 3562 3826 
7506 3826 3562 3563 3827 
7507 3827 3563 3564 3828 
7508 136 137 3565 3554 
7509 3554 3565 3566 3555 
7510 3555 3566 3567 3556 
7511 3556 3567 3568 3557 
7512 3557 3568 3569 3558 
7513 3558 3569 3570 3559 
7514 3559 3570 3571 3560 
7515 3560 3571 3572 3561 
7516 3561 3572 3573 3562 
7517 3562 3573 3574 3563 
7518 3563 3574 3575 3564 
7519 137 138 2003 3565 
7520 3565 2003 2004 3566 
7521 3566 2004 2005 3567 
7522 3567 2005 2006 3568 
7523 3568 2006 2007 3569 
7524 3569 2007 2008 3570 
7525 3570 2008 2009 3571 
7526 3571 2009 2010 3572 
7527 3572 2010 2011 3573 
7528 3573 2011 2012 3574 
7529 3574 2012 2013 3575 
7530 138 139 2014 2003 
7531 2003 2014 2015 2004 
7532 2004 2015 2016 2005 
7533 2005 2016 2017 2006 
7534 2006 2017 2018 2007 
7535 2007 2018 2019 2008 
7536 2008 2019 2020 2009 
7537 2009 2020 2021 2010 
7538 2010 2021 2022 2011 
7539 2011 2022 2023 2012 
7540 2012 2023 2024 2013 
7541 139 140 3147 2014 
7542 2014 3147 3148 2015 
7543 2015 3148 3149 2016 
7544 2016 3149 3150 2017 
7545 2017 3150 3151 2018 
7546 2018 3151 3152 2019 
7547 2019 3152 3153 2020 
7548 2020 3153 3154 2021 
7549 2021 3154 3155 2022 
7550 2022 3155 3156 2023 
7551 2023 3156 3157 2024 
7552 140 141 3158 3147 
7553 3147 3158 3159 3148 
7554 3148 3159 3160 3149 
7555 3149 3160 3161 3150 
7556 3150 3161 3162 3151 
7557 3151 3162 3163 3152 
7558 3152 3163 3164 3153 
7559 3153 3164 3165 3154 
7560 3154 3165 3166 3155 
7561 3155 3166 3167 3156 
7562 3156 3167 3168 3157 
7563 141 142 1486 3158 
7564 3158 1486 1487 3159 
7565 3159 1487 1488 3160 
7566 3160 1488 1489 3161 
7567 3161 1489 1490 3162 
7568 3162 1490 1491 3163 
7569 3163 1491 1492 3164 
7570 3164 1492 1493 3165 
7571 3165 1493 1494 3166 
7572 3166 1494 1495 3167 
7573 3167 1495 1496 3168 
7574 142 143 1497 1486 
7575 1486 1497 1498 1487 
7576 1487 1498 1499 1488 
7577 1488 1499 1500 1489 
7578 1489 1500 1501 1490 
7579 1490 1501 1502 1491 
7580 1491 1502 1503 1492 
7581 1492 1503 1504 1493 
7582 1493 1504 1505 1494 
7583 1494 1505 1506 1495 
7584 1495 1506 1507 1496 
7585 143 144 2025 1497 
7586 1497 2025 2026 1498 
7587 1498 2026 2027 1499 
7588 1499 2027 2028 1500 
7589 1500 2028 2029 1501 
7590 1501 2029 2030 1502 
7591 1502 2030 2031 1503 
7592 1503 2031 2032 1504 
7593 1504 2032 2033 1505 
7594 1505 2033 2034 1506 
7595 1506 2034 2035 1507 
7596 144 145 2036 2025 
7597 2025 2036 2037 2026 
7598 2026 2037 2038 2027 
7599 2027 2038 2039 2028 
7600 2028 2039 2040 2029 
7601 2029 2040 2041 2030 
7602 2030 2041 2042 2031 
7603 2031 2042 2043 2032 
7604 2032 2043 2044 2033 
7605 2033 2044 2045 2034 
7606 2034 2045 2046 2035 
7607 145 146 1805 2036 
7608 2036 1805 1806 2037 
7609 2037 1806 1807 2038 
7610 2038 1807 1808 2039 
7611 2039 1808 1809 2040 
7612 2040 1809 1810 2041 
7613 2041 1810 1811 2042 
7614 2042 1811 1812 2043 
7615 2043 1812 1813 2044 
7616 2044 1813 1814 2045 
7617 2045 1814 1815 2046 
7618 146 147 1816 1805 
7619 1805 1816 1817 1806 
7620 1806 1817 1818 1807 
7621 1807 1818 1819 1808 
7622 1808 1819 1820 1809 
7623 1809 1820 1821 1810 
7624 1810 1821 1822 1811 
7625 1811 1822 1823 1812 
7626 1812 1823 1824 1813 
7627 1813 1824 1825 1814 
7628 1814 1825 1826 1815 
7629 147 148 2520 1816 
7630 1816 2520 2521 1817 
7631 1817 2521 2522 1818 
7632 1818 2522 2523 1819 
7633 1819 2523 2524 1820 
7634 1820 2524 2525 1821 
7635 1821 2525 2526 1822 
7636 1822 2526 2527 1823 
7637 1823 2527 2528 1824 
7638 1824 2528 2529 1825 
7639 1825 2529 2530 1826 
7640 148 149 2531 2520 
7641 2520 2531 2532 2521 
7642 2521 2532 2533 2522 
7643 2522 2533 2534 2523 
7644 2523 2534 2535 2524 
7645 2524 2535 2536 2525 
7646 2525 2536 2537 2526 
7647 2526 2537 2538 2527 
7648 2527 2538 2539 2528 
7649 2528 2539 2540 2529 
7650 2529 2540 2541 2530 
7651 149 150 3488 2531 
7652 2531 3488 3489 2532 
7653 2532 3489 3490 2533 
7654 2533 3490 3491 2534 
7655 2534 3491 3492 2535 
7656 2535 3492 3493 2536 
7657 2536 3493 3494 2537 
7658 2537 3494 3495 2538 
7659 2538 3495 3496 2539 
7660 2539 3496 3497 2540 
7661 2540 3497 3498 2541 
7662 150 151 3499 3488 
7663 3488 3499 3500 3489 
7664 3489 3500 3501 3490 
7665 3490 3501 3502 3491 
7666 3491 3502 3503 3492 
7667 3492 3503 3504 3493 
7668 3493 3504 3505 3494 
7669 3494 3505 3506 3495 
7670 3495 3506 3507 3496 
7671 3496 3507 3508 3497 
7672 3497 3508 3509 3498 
7673 151 152 1167 3499 
7674 3499 1167 1168 3500 
7675 3500 1168 1169 3501 
7676 3501 1169 1170 3502 
7677 3502 1170 1171 3503 
7678 3503 1171 1172 3504 
7679 3504 1172 1173 3505 
7680 3505 1173 1174 3506 
7681 3506 1174 1175 3507 
7682 3507 1175 1176 3508 
7683 3508 1176 1177 3509 
7684 152 153 1178 1167 
7685 1167 1178 1179 1168 
7686 1168 1179 1180 1169 
7687 1169 1180 1181 1170 
7688 1170 1181 1182 1171 
7689 1171 1182 1183 1172 
7690 1172 1183 1184 1173 
7691 1173 1184 1185 1174 
7692 1174 1185 1186 1175 
7693 1175 1186 1187 1176 
7694 1176 1187 1188 1177 
7695 153 154 2212 1178 
7696 1178 2212 2213 1179 
7697 1179 2213 2214 1180 
7698 1180 2214 2215 1181 
7699 1181 2215 2216 1182 
7700 1182 2216 2217 1183 
7701 1183 2217 2218 1184 
7702 1184 2218 2219 1185 
7703 1185 2219 2220 1186 
7704 1186 2220 2221 1187 
7705 1187 2221 2222 1188 
7706 154 2 1475 2212 
7707 2212 1475 1476 2213 
7708 2213 1476 1477 2214 
7709 2214 1477 1478 2215 
7710 2215 1478 1479 2216 
7711 2216 1479 1480 2217 
7712 2217 1480 1481 2218 
7713 2218 1481 1482 2219 
7714 2219 1482 1483 2220 
7715 2220 1483 1484 2221 
7716 2221 1484 1485 2222 
7717 2 155 2894 1475 
7718 1475 2894 2895 1476 
7719 1476 2895 2896 1477 
7720 1477 2896 2897 1478 
7721 1478 2897 2898 1479 
7722 1479 2898 2899 1480 
7723 1480 2899 2900 1481 
7724 1481 2900 2901 1482 
7725 1482 2901 2902 1483 
7726 1483 2902 2903 1484 
7727 1484 2903 2904 1485 
7728 155 156 2905 2894 
7729 2894 2905 2906 2895 
7730 2895 2906 2907 2896 
7731 2896 2907 2908 2897 
7732 2897 2908 2909 2898 
7733 2898 2909 2910 2899 
7734 2899 2910 2911 2900 
7735 2900 2911 2912 2901 
7736 2901 2912 2913 2902 
7737 2902 2913 2914 2903 
7738 2903 2914 2915 2904 
7739 156 157 1772 2905 
7740 2905 1772 1773 2906 
7741 2906 1773 1774 2907 
7742 2907 1774 1775 2908 
7743 2908 1775 1776 2909 
7744 2909 1776 1777 2910 
7745 2910 1777 1778 2911 
7746 2911 1778 1779 2912 
7747 2912 1779 1780 2913 
7748 2913 1780 1781 2914 
7749 2914 1781 1782 2915 
7750 157 158 1783 1772 
7751 1772 1783 1784 1773 
7752 1773 1784 1785 1774 
7753 1774 1785 1786 1775 
7754 1775 1786 1787 1776 
7755 1776 1787 1788 1777 
7756 1777 1788 1789 1778 
7757 1778 1789 1790 1779 
7758 1779 1790 1791 1780 
7759 1780 1791 1792 1781 
7760 1781 1792 1793 1782 
7761 158 159 1794 1783 
7762 1783 1794 1795 1784 
7763 1784 1795 1796 1785 
7764 1785 1796 1797 1786 
7765 1786 1797 1798 1787 
7766 1787 1798 1799 1788 
7767 1788 1799 1800 1789 
7768 1789 1800 1801 1790 
7769 1790 1801 1802 1791 
7770 1791 1802 1803 1792 
7771 1792 1803 1804 1793 
7772 159 160 1211 1794 
7773 1794 1211 1212 1795 
7774 1795 1212 1213 1796 
7775 1796 1213 1214 1797 
7776 1797 1214 1215 1798 
7777 1798 1215 1216 1799 
7778 1799 1216 1217 1800 
7779 1800 1217 1218 1801 
7780 1801 1218 1219 1802 
7781 1802 1219 1220 1803 
7782 1803 1220 1221 1804 
7783 160 161 1222 1211 
7784 1211 1222 1223 1212 
7785 1212 1223 1224 1213 
7786 1213 1224 1225 1214 
7787 1214 1225 1226 1215 
7788 1215 1226 1227 1216 
7789 1216 1227 1228 1217 
7790 1217 1228 1229 1218 
7791 1218 1229 1230 1219 
7792 1219 1230 1231 1220 
7793 1220 1231 1232 1221 
7794 161 162 1233 1222 
7795 1222 1233 1234 1223 
7796 1223 1234 1235 1224 
7797 1224 1235 1236 1225 
7798 1225 1236 1237 1226 
7799 1226 1237 1238 1227 
7800 1227 1238 1239 1228 
7801 1228 1239 1240 1229 
7802 1229 1240 1241 1230 
7803 1230 1241 1242 1231 
7804 1231 1242 1243 1232 
7805 162 163 3774 1233 
7806 1233 3774 3775 1234 
7807 1234 3775 3776 1235 
7808 1235 3776 3777 1236 
7809 1236 3777 3778 1237 
7810 1237 3778 3779 1238 
7811 1238 3779 3780 1239 
7812 1239 3780 3781 1240 
7813 1240 3781 3782 1241 
7814 1241 3782 3783 1242 
7815 1242 3783 3784 1243 
7816 163 164 3785 3774 
7817 3774 3785 3786 3775 
7818 3775 3786 3787 3776 
7819 3776 3787 3788 3777 
7820 3777 3788 3789 3778 
7821 3778 3789 3790 3779 
7822 3779 3790 3791 3780 
7823 3780 3791 3792 3781 
7824 3781 3792 3793 3782 
7825 3782 3793 3794 3783 
7826 3783 3794 3795 3784 
7827 164 165 3796 3785 
7828 3785 3796 3797 3786 
7829 3786 3797 3798 3787 
7830 3787 3798 3799 3788 
7831 3788 3799 3800 3789 
7832 3789 3800 3801 3790 
7833 3790 3801 3802 3791 
7834 3791 3802 3803 3792 
7835 3792 3803 3804 3793 
7836 3793 3804 3805 3794 
7837 3794 3805 3806 3795 
7838 165 166 749 3796 
7839 3796 749 750 3797 
7840 3797 750 751 3798 
7841 3798 751 752 3799 
7842 3799 752 753 3800 
7843 3800 753 754 3801 
7844 3801 754 755 3802 
7845 3802 755 756 3803 
7846 3803 756 757 3804 
7847 3804 757 758 3805 
7848 3805 758 759 3806 
7849 166 167 760 749 
7850 749 760 761 750 
7851 750 761 762 751 
7852 751 762 763 752 
7853 752 763 764 753 
7854 753 764 765 754 
7855 754 765 766 755 
7856 755 766 767 756 
7857 756 767 768 757 
7858 757 768 769 758 
7859 758 769 770 759 
7860 167 168 771 760 
7861 760 771 772 761 
7862 761 772 773 762 
7863 762 773 774 763 
7864 763 774 775 764 
7865 764 775 776 765 
7866 765 776 777 766 
7867 766 777 778 767 
7868 767 778 779 768 
7869 768 779 780 769 
7870 769 780 781 770 
7871 168 169 1046 771 
7872 771 1046 1047 772 
7873 772 1047 1048 773 
7874 773 1048 1049 774 
7875 774 1049 1050 775 
7876 775 1050 1051 776 
7877 776 1051 1052 777 
7878 777 1052 1053 778 
7879 778 1053 1054 779 
7880 779 1054 1055 780 
7881 780 1055 1056 781 
7882 169 170 1057 1046 
7883 1046 1057 1058 1047 
7884 1047 1058 1059 1048 
7885 1048 1059 1060 1049 
7886 1049 1060 1061 1050 
7887 1050 1061 1062 1051 
7888 1051 1062 1063 1052 
7889 1052 1063 1064 1053 
7890 1053 1064 1065 1054 
7891 1054 1065 1066 1055 
7892 1055 1066 1067 1056 
7893 170 171 1068 1057 
7894 1057 1068 1069 1058 
7895 1058 1069 1070 1059 
7896 1059 1070 1071 1060 
7897 1060 1071 1072 1061 
7898 1061 1072 1073 1062 
7899 1062 1073 1074 1063 
7900 1063 1074 1075 1064 
7901 1064 1075 1076 1065 
7902 1065 1076 1077 1066 
7903 1066 1077 1078 1067 
7904 171 172 2861 1068 
7905 1068 2861 2862 1069 
7906 1069 2862 2863 1070 
7907 1070 2863 2864 1071 
7908 1071 2864 2865 1072 
7909 1072 2865 2866 1073 
7910 1073 2866 2867 1074 
7911 1074 2867 2868 1075 
7912 1075 2868 2869 1076 
7913 1076 2869 2870 1077 
7914 1077 2870 2871 1078 
7915 172 173 2872 2861 
7916 2861 2872 2873 2862 
7917 2862 2873 2874 2863 
7918 2863 2874 2875 2864 
7919 2864 2875 2876 2865 
7920 2865 2876 2877 2866 
7921 2866 2877 2878 2867 
7922 2867 2878 2879 2868 
7923 2868 2879 2880 2869 
7924 2869 2880 2881 2870 
7925 2870 2881 2882 2871 
7926 173 174 2883 2872 
7927 2872 2883 2884 2873 
7928 2873 2884 2885 2874 
7929 2874 2885 2886 2875 
7930 2875 2886 2887 2876 
7931 2876 2887 2888 2877 
7932 2877 2888 2889 2878 
7933 2878 2889 2890 2879 
7934 2879 2890 2891 2880 
7935 2880 2891 2892 2881 
7936 2881 2892 2893 2882 
7937 174 175 1849 2883 
7938 2883 1849 1850 2884 
7939 2884 1850 1851 2885 
7940 2885 1851 1852 2886 
7941 2886 1852 1853 2887 
7942 2887 1853 1854 2888 
7943 2888 1854 1855 2889 
7944 2889 1855 1856 2890 
7945 2890 1856 1857 2891 
7946 2891 1857 1858 2892 
7947 2892 1858 1859 2893 
7948 175 176 1860 1849 
7949 1849 1860 1861 1850 
7950 1850 1861 1862 1851 
7951 1851 1862 1863 1852 
7952 1852 1863 1864 1853 
7953 1853 1864 1865 1854 
7954 1854 1865 1866 1855 
7955 1855 1866 1867 1856 
7956 1856 1867 1868 1857 
7957 1857 1868 1869 1858 
7958 1858 1869 1870 1859 
7959 176 177 1871 1860 
7960 1860 1871 1872 1861 
7961 1861 1872 1873 1862 
7962 1862 1873 1874 1863 
7963 1863 1874 1875 1864 
7964 1864 1875 1876 1865 
7965 1865 1876 1877 1866 
7966 1866 1877 1878 1867 
7967 1867 1878 1879 1868 
7968 1868 1879 1880 1869 
7969 1869 1880 1881 1870 
7970 177 178 3708 1871 
7971 1871 3708 3709 1872 
7972 1872 3709 3710 1873 
7973 1873 3710 3711 1874 
7974 1874 3711 3712 1875 
7975 1875 3712 3713 1876 
7976 1876 3713 3714 1877 
7977 1877 3714 3715 1878 
7978 1878 3715 3716 1879 
7979 1879 3716 3717 1880 
7980 1880 3717 3718 1881 
7981 178 179 3719 3708 
7982 3708 3719 3720 3709 
7983 3709 3720 3721 3710 
7984 3710 3721 3722 3711 
7985 3711 3722 3723 3712 
7986 3712 3723 3724 3713 
7987 3713 3724 3725 3714 
7988 3714 3725 3726 3715 
7989 3715 3726 3727 3716 
7990 3716 3727 3728 3717 
7991 3717 3728 3729 3718 
7992 179 180 3730 3719 
7993 3719 3730 3731 3720 
7994 3720 3731 3732 3721 
7995 3721 3732 3733 3722 
7996 3722 3733 3734 3723 
7997 3723 3734 3735 3724 
7998 3724 3735 3736 3725 
7999 3725 3736 3737 3726 
8000 3726 3737 3738 3727 
8001 3727 3738 3739 3728 
8002 3728 3739 3740 3729 
8003 180 181 2828 3730 
8004 3730 2828 2829 3731 
8005 3731 2829 2830 3732 
8006 3732 2830 2831 3733 
8007 3733 2831 2832 3734 
8008 3734 2832 2833 3735 
8009 3735 2833 2834 3736 
8010 3736 2834 2835 3737 
8011 3737 2835 2836 3738 
8012 3738 2836 2837 3739 
8013 3739 2837 2838 3740 
8014 181 182 2839 2828 
8015 2828 2839 2840 2829 
8016 2829 2840 2841 2830 
8017 2830 2841 2842 2831 
8018 2831 2842 2843 2832 
8019 2832 2843 2844 2833 
8020 2833 2844 2845 2834 
8021 2834 2845 2846 2835 
8022 2835 2846 2847 2836 
8023 2836 2847 2848 2837 
8024 2837 2848 2849 2838 
8025 182 183 2850 2839 
8026 2839 2850 2851 2840 
8027 2840 2851 2852 2841 
8028 2841 2852 2853 2842 
8029 2842 2853 2854 2843 
8030 2843 2854 2855 2844 
8031 2844 2855 2856 2845 
8032 2845 2856 2857 2846 
8033 2846 2857 2858 2847 
8034 2847 2858 2859 2848 
8035 2848 2859 2860 2849 
8036 183 184 2344 2850 
8037 2850 2344 2345 2851 
8038 2851 2345 2346 2852 
8039 2852 2346 2347 2853 
8040 2853 2347 2348 2854 
8041 2854 2348 2349 2855 
8042 2855 2349 2350 2856 
8043 2856 2350 2351 2857 
8044 2857 2351 2352 2858 
8045 2858 2352 2353 2859 
8046 2859 2353 2354 2860 
8047 184 185 2355 2344 
8048 2344 2355 2356 2345 
8049 2345 2356 2357 2346 
8050 2346 2357 2358 2347 
8051 2347 2358 2359 2348 
8052 2348 2359 2360 2349 
8053 2349 2360 2361 2350 
8054 2350 2361 2362 2351 
8055 2351 2362 2363 2352 
8056 2352 2363 2364 2353 
8057 2353 2364 2365 2354 
8058 185 186 2366 2355 
8059 2355 2366 2367 2356 
8060 2356 2367 2368 2357 
8061 2357 2368 2369 2358 
8062 2358 2369 2370 2359 
8063 2359 2370 2371 2360 
8064 2360 2371 2372 2361 
8065 2361 2372 2373 2362 
8066 2362 2373 2374 2363 
8067 2363 2374 2375 2364 
8068 2364 2375 2376 2365 
8069 186 187 540 2366 
8070 2366 540 541 2367 
8071 2367 541 542 2368 
8072 2368 542 543 2369 
8073 2369 543 544 2370 
8074 2370 544 545 2371 
8075 2371 545 546 2372 
8076 2372 546 547 2373 
8077 2373 547 548 2374 
8078 2374 548 549 2375 
8079 2375 549 550 2376 
8080 187 188 551 540 
8081 540 551 552 541 
8082 541 552 553 542 
8083 542 553 554 543 
8084 543 554 555 544 
8085 544 555 556 545 
8086 545 556 557 546 
8087 546 557 558 547 
8088 547 558 559 548 
8089 548 559 560 549 
8090 549 560 561 550 
8091 188 189 562 551 
8092 551 562 563 552 
8093 552 563 564 553 
8094 553 564 565 554 
8095 554 565 566 555 
8096 555 566 567 556 
8097 556 567 568 557 
8098 557 568 569 558 
8099 558 569 570 559 
8100 559 570 571 560 
8101 560 571 572 561 
8102 189 190 3015 562 
8103 562 3015 3016 563 
8104 563 3016 3017 564 
8105 564 3017 3018 565 
8106 565 3018 3019 566 
8107 566 3019 3020 567 
8108 567 3020 3021 568 
8109 568 3021 3022 569 
8110 569 3022 3023 570 
8111 570 3023 3024 571 
8112 571 3024 3025 572 
8113 190 191 3026 3015 
8114 3015 3026 3027 3016 
8115 3016 3027 3028 3017 
8116 3017 3028 3029 3018 
8117 3018 3029 3030 3019 
8118 3019 3030 3031 3020 
8119 3020 3031 3032 3021 
8120 3021 3032 3033 3022 
8121 3022 3033 3034 3023 
8122 3023 3034 3035 3024 
8123 3024 3035 3036 3025 
8124 191 192 3037 3026 
8125 3026 3037 3038 3027 
8126 3027 3038 3039 3028 
8127 3028 3039 3040 3029 
8128 3029 3040 3041 3030 
8129 3030 3041 3042 3031 
8130 3031 3042 3043 3032 
8131 3032 3043 3044 3033 
8132 3033 3044 3045 3034 
8133 3034 3045 3046 3035 
8134 3035 3046 3047 3036 
8135 202 203 3433 3422 
8136 3422 3433 3434 3423 
8137 3423 3434 3435 3424 
8138 3424 3435 3436 3425 
8139 3425 3436 3437 3426 
8140 3426 3437 3438 3427 
8141 3427 3438 3439 3428 
8142 3428 3439 3440 3429 
8143 3429 3440 3441 3430 
8144 3430 3441 3442 3431 
8145 3431 3442 3443 3432 
8146 203 204 3444 3433 
8147 3433 3444 3445 3434 
8148 3434 3445 3446 3435 
8149 3435 3446 3447 3436 
8150 3436 3447 3448 3437 
8151 3437 3448 3449 3438 
8152 3438 3449 3450 3439 
8153 3439 3450 3451 3440 
8154 3440 3451 3452 3441 
8155 3441 3452 3453 3442 
8156 3442 3453 3454 3443 
8157 204 205 1266 3444 
8158 3444 1266 1267 3445 
8159 3445 1267 1268 3446 
8160 3446 1268 1269 3447 
8161 3447 1269 1270 3448 
8162 3448 1270 1271 3449 
8163 3449 1271 1272 3450 
8164 3450 1272 1273 3451 
8165 3451 1273 1274 3452 
8166 3452 1274 1275 3453 
8167 3453 1275 1276 3454 
8168 205 206 1277 1266 
8169 1266 1277 1278 1267 
8170 1267 1278 1279 1268 
8171 1268 1279 1280 1269 
8172 1269 1280 1281 1270 
8173 1270 1281 1282 1271 
8174 1271 1282 1283 1272 
8175 1272 1283 1284 1273 
8176 1273 1284 1285 1274 
8177 1274 1285 1286 1275 
8178 1275 1286 1287 1276 
8179 206 207 1288 1277 
8180 1277 1288 1289 1278 
8181 1278 1289 1290 1279 
8182 1279 1290 1291 1280 
8183 1280 1291 1292 1281 
8184 1281 1292 1293 1282 
8185 1282 1293 1294 1283 
8186 1283 1294 1295 1284 
8187 1284 1295 1296 1285 
8188 1285 1296 1297 1286 
8189 1286 1297 1298 1287 
8190 207 208 3389 1288 
8191 1288 3389 3390 1289 
8192 1289 3390 3391 1290 
8193 1290 3391 3392 1291 
8194 1291 3392 3393 1292 
8195 1292 3393 3394 1293 
8196 1293 3394 3395 1294 
8197 1294 3395 3396 1295 
8198 1295 3396 3397 1296 
8199 1296 3397 3398 1297 
8200 1297 3398 3399 1298 
8201 208 209 3400 3389 
8202 3389 3400 3401 3390 
8203 3390 3401 3402 3391 
8204 3391 3402 3403 3392 
8205 3392 3403 3404 3393 
8206 3393 3404 3405 3394 
8207 3394 3405 3406 3395 
8208 3395 3406 3407 3396 
8209 3396 3407 3408 3397 
8210 3397 3408 3409 3398 
8211 3398 3409 3410 3399 
8212 209 210 3411 3400 
8213 3400 3411 3412 3401 
8214 3401 3412 3413 3402 
8215 3402 3413 3414 3403 
8216 3403 3414 3415 3404 
8217 3404 3415 3416 3405 
8218 3405 3416 3417 3406 
8219 3406 3417 3418 3407 
8220 3407 3418 3419 3408 
8221 3408 3419 3420 3409 
8222 3409 3420 3421 3410 
8223 210 211 870 3411 
8224 3411 870 871 3412 
8225 3412 871 872 3413 
8226 3413 872 873 3414 
8227 3414 873 874 3415 
8228 3415 874 875 3416 
8229 3416 875 876 3417 
8230 3417 876 877 3418 
8231 3418 877 878 3419 
8232 3419 878 879 3420 
8233 3420 879 880 3421 
8234 211 212 881 870 
8235 870 881 882 871 
8236 871 882 883 872 
8237 872 883 884 873 
8238 873 884 885 874 
8239 874 885 886 875 
8240 875 886 887 876 
8241 876 887 888 877 
8242 877 888 889 878 
8243 878 889 890 879 
8244 879 890 891 880 
8245 212 213 892 881 
8246 881 892 893 882 
8247 882 893 894 883 
8248 883 894 895 884 
8249 884 895 896 885 
8250 885 896 897 886 
8251 886 897 898 887 
8252 887 898 899 888 
8253 888 899 900 889 
8254 889 900 901 890 
8255 890 901 902 891 
8256 213 214 1431 892 
8257 892 1431 1432 893 
8258 893 1432 1433 894 
8259 894 1433 1434 895 
8260 895 1434 1435 896 
8261 896 1435 1436 897 
8262 897 1436 1437 898 
8263 898 1437 1438 899 
8264 899 1438 1439 900 
8265 900 1439 1440 901 
8266 901 1440 1441 902 
8267 214 215 1442 1431 
8268 1431 1442 1443 1432 
8269 1432 1443 1444 1433 
8270 1433 1444 1445 1434 
8271 1434 1445 1446 1435 
8272 1435 1446 1447 1436 
8273 1436 1447 1448 1437 
8274 1437 1448 1449 1438 
8275 1438 1449 1450 1439 
8276 1439 1450 1451 1440 
8277 1440 1451 1452 1441 
8278 215 216 1453 1442 
8279 1442 1453 1454 1443 
8280 1443 1454 1455 1444 
8281 1444 1455 1456 1445 
8282 1445 1456 1457 1446 
8283 1446 1457 1458 1447 
8284 1447 1458 1459 1448 
8285 1448 1459 1460 1449 
8286 1449 1460 1461 1450 
8287 1450 1461 1462 1451 
8288 1451 1462 1463 1452 
8289 216 217 2916 1453 
8290 1453 2916 2917 1454 
8291 1454 2917 2918 1455 
8292 1455 2918 2919 1456 
8293 1456 2919 2920 1457 
8294 1457 2920 2921 1458 
8295 1458 2921 2922 1459 
8296 1459 2922 2923 1460 
8297 1460 2923 2924 1461 
8298 1461 2924 2925 1462 
8299 1462 2925 2926 1463 
8300 217 218 2927 2916 
8301 2916 2927 2928 2917 
8302 2917 2928 2929 2918 
8303 2918 2929 2930 2919 
8304 2919 2930 2931 2920 
8305 2920 2931 2932 2921 
8306 2921 2932 2933 2922 
8307 2922 2933 2934 2923 
8308 2923 2934 2935 2924 
8309 2924 2935 2936 2925 
8310 2925 2936 2937 2926 
8311 218 219 2938 2927 
8312 2927 2938 2939 2928 
8313 2928 2939 2940 2929 
8314 2929 2940 2941 2930 
8315 2930 2941 2942 2931 
8316 2931 2942 2943 2932 
8317 2932 2943 2944 2933 
8318 2933 2944 2945 2934 
8319 2934 2945 2946 2935 
8320 2935 2946 2947 2936 
8321 2936 2947 2948 2937 
8322 219 220 3741 2938 
8323 2938 3741 3742 2939 
8324 2939 3742 3743 2940 
8325 2940 3743 3744 2941 
8326 2941 3744 3745 2942 
8327 2942 3745 3746 2943 
8328 2943 3746 3747 2944 
8329 2944 3747 3748 2945 
8330 2945 3748 3749 2946 
8331 2946 3749 3750 2947 
8332 2947 3750 3751 2948 
8333 220 221 3752 3741 
8334 3741 3752 3753 3742 
8335 3742 3753 3754 3743 
8336 3743 3754 3755 3744 
8337 3744 3755 3756 3745 
8338 3745 3756 3757 3746 
8339 3746 3757 3758 3747 
8340 3747 3758 3759 3748 
8341 3748 3759 3760 3749 
8342 3749 3760 3761 3750 
8343 3750 3761 3762 3751 
8344 221 222 3763 3752 
8345 3752 3763 3764 3753 
8346 3753 3764 3765 3754 
8347 3754 3765 3766 3755 
8348 3755 3766 3767 3756 
8349 3756 3767 3768 3757 
8350 3757 3768 3769 3758 
8351 3758 3769 3770 3759 
8352 3759 3770 3771 3760 
8353 3760 3771 3772 3761 
8354 3761 3772 3773 3762 
8355 222 223 2674 3763 
8356 3763 2674 2675 3764 
8357 3764 2675 2676 3765 
8358 3765 2676 2677 3766 
8359 3766 2677 2678 3767 
8360 3767 2678 2679 3768 
8361 3768 2679 2680 3769 
8362 3769 2680 2681 3770 
8363 3770 2681 2682 3771 
8364 3771 2682 2683 3772 
8365 3772 2683 2684 3773 
8366 223 224 2685 2674 
8367 2674 2685 2686 2675 
8368 2675 2686 2687 2676 
8369 2676 2687 2688 2677 
8370 2677 2688 2689 2678 
8371 2678 2689 2690 2679 
8372 2679 2690 2691 2680 
8373 2680 2691 2692 2681 
8374 2681 2692 2693 2682 
8375 2682 2693 2694 2683 
8376 2683 2694 2695 2684 
8377 224 225 2696 2685 
8378 2685 2696 2697 2686 
8379 2686 2697 2698 2687 
8380 2687 2698 2699 2688 
8381 2688 2699 2700 2689 
8382 2689 2700 2701 2690 
8383 2690 2701 2702 2691 
8384 2691 2702 2703 2692 
8385 2692 2703 2704 2693 
8386 2693 2704 2705 2694 
8387 2694 2705 2706 2695 
8388 225 226 3609 2696 
8389 2696 3609 3610 2697 
8390 2697 3610 3611 2698 
8391 2698 3611 3612 2699 
8392 2699 3612 3613 2700 
8393 2700 3613 3614 2701 
8394 2701 3614 3615 2702 
8395 2702 3615 3616 2703 
8396 2703 3616 3617 2704 
8397 2704 3617 3618 2705 
8398 2705 3618 3619 2706 
8399 226 227 3620 3609 
8400 3609 3620 3621 3610 
8401 3610 3621 3622 3611 
8402 3611 3622 3623 3612 
8403 3612 3623 3624 3613 
8404 3613 3624 3625 3614 
8405 3614 3625 3626 3615 
8406 3615 3626 3627 3616 
8407 3616 3627 3628 3617 
8408 3617 3628 3629 3618 
8409 3618 3629 3630 3619 
8410 227 228 3631 3620 
8411 3620 3631 3632 3621 
8412 3621 3632 3633 3622 
8413 3622 3633 3634 3623 
8414 3623 3634 3635 3624 
8415 3624 3635 3636 3625 
8416 3625 3636 3637 3626 
8417 3626 3637 3638 3627 
8418 3627 3638 3639 3628 
8419 3628 3639 3640 3629 
8420 3629 3640 3641 3630 
8421 228 229 485 3631 
8422 3631 485 486 3632 
8423 3632 486 487 3633 
8424 3633 487 488 3634 
8425 3634 488 489 3635 
8426 3635 489 490 3636 
8427 3636 490 491 3637 
8428 3637 491 492 3638 
8429 3638 492 493 3639 
8430 3639 493 494 3640 
8431 3640 494 495 3641 
8432 229 230 496 485 
8433 485 496 497 486 
8434 486 497 498 487 
8435 487 498 499 488 
8436 488 499 500 489 
8437 489 500 501 490 
8438 490 501 502 491 
8439 491 502 503 492 
8440 492 503 504 493 
8441 493 504 505 494 
8442 494 505 506 495 
8443 230 231 507 496 
8444 496 507 508 497 
8445 497 508 509 498 
8446 498 509 510 499 
8447 499 510 511 500 
8448 500 511 512 501 
8449 501 512 513 502 
8450 502 513 514 503 
8451 503 514 515 504 
8452 504 515 516 505 
8453 505 516 517 506 
8454 231 232 1332 507 
8455 507 1332 1333 508 
8456 508 1333 1334 509 
8457 509 1334 1335 510 
8458 510 1335 1336 511 
8459 511 1336 1337 512 
8460 512 1337 1338 513 
8461 513 1338 1339 514 
8462 514 1339 1340 515 
8463 515 1340 1341 516 
8464 516 1341 1342 517 
8465 232 233 1343 1332 
8466 1332 1343 1344 1333 
8467 1333 1344 1345 1334 
8468 1334 1345 1346 1335 
8469 1335 1346 1347 1336 
8470 1336 1347 1348 1337 
8471 1337 1348 1349 1338 
8472 1338 1349 1350 1339 
8473 1339 1350 1351 1340 
8474 1340 1351 1352 1341 
8475 1341 1352 1353 1342 
8476 233 234 1354 1343 
8477 1343 1354 1355 1344 
8478 1344 1355 1356 1345 
8479 1345 1356 1357 1346 
8480 1346 1357 1358 1347 
8481 1347 1358 1359 1348 
8482 1348 1359 1360 1349 
8483 1349 1360 1361 1350 
8484 1350 1361 1362 1351 
8485 1351 1362 1363 1352 
8486 1352 1363 1364 1353 
8487 234 235 705 1354 
8488 1354 705 706 1355 
8489 1355 706 707 1356 
8490 1356 707 708 1357 
8491 1357 708 709 1358 
8492 1358 709 710 1359 
8493 1359 710 711 1360 
8494 1360 711 712 1361 
8495 1361 712 713 1362 
8496 1362 713 714 1363 
8497 1363 714 715 1364 
8498 235 236 716 705 
8499 705 716 717 706 
8500 706 717 718 707 
8501 707 718 719 708 
8502 708 719 720 709 
8503 709 720 721 710 
8504 710 721 722 711 
8505 711 722 723 712 
8506 712 723 724 713 
8507 713 724 725 714 
8508 714 725 726 715 
8509 236 237 727 716 
8510 716 727 728 717 
8511 717 728 729 718 
8512 718 729 730 719 
8513 719 730 731 720 
8514 720 731 732 721 
8515 721 732 733 722 
8516 722 733 734 723 
8517 723 734 735 724 
8518 724 735 736 725 
8519 725 736 737 726 
8520 237 238 3191 727 
8521 727 3191 3192 728 
8522 728 3192 3193 729 
8523 729 3193 3194 730 
8524 730 3194 3195 731 
8525 731 3195 3196 732 
8526 732 3196 3197 733 
8527 733 3197 3198 734 
8528 734 3198 3199 735 
8529 735 3199 3200 736 
8530 736 3200 3201 737 
8531 238 239 3202 3191 
8532 3191 3202 3203 3192 
8533 3192 3203 3204 3193 
8534 3193 3204 3205 3194 
8535 3194 3205 3206 3195 
8536 3195 3206 3207 3196 
8537 3196 3207 3208 3197 
8538 3197 3208 3209 3198 
8539 3198 3209 3210 3199 
8540 3199 3210 3211 3200 
8541 3200 3211 3212 3201 
8542 239 240 3213 3202 
8543 3202 3213 3214 3203 
8544 3203 3214 3215 3204 
8545 3204 3215 3216 3205 
8546 3205 3216 3217 3206 
8547 3206 3217 3218 3207 
8548 3207 3218 3219 3208 
8549 3208 3219 3220 3209 
8550 3209 3220 3221 3210 
8551 3210 3221 3222 3211 
8552 3211 3222 3223 3212 
8553 240 241 2223 3213 
8554 3213 2223 2224 3214 
8555 3214 2224 2225 3215 
8556 3215 2225 2226 3216 
8557 3216 2226 2227 3217 
8558 3217 2227 2228 3218 
8559 3218 2228 2229 3219 
8560 3219 2229 2230 3220 
8561 3220 2230 2231 3221 
8562 3221 2231 2232 3222 
8563 3222 2232 2233 3223 
8564 241 242 2234 2223 
8565 2223 2234 2235 2224 
8566 2224 2235 2236 2225 
8567 2225 2236 2237 2226 
8568 2226 2237 2238 2227 
8569 2227 2238 2239 2228 
8570 2228 2239 2240 2229 
8571 2229 2240 2241 2230 
8572 2230 2241 2242 2231 
8573 2231 2242 2243 2232 
8574 2232 2243 2244 2233 
8575 242 243 2245 2234 
8576 2234 2245 2246 2235 
8577 2235 2246 2247 2236 
8578 2236 2247 2248 2237 
8579 2237 2248 2249 2238 
8580 2238 2249 2250 2239 
8581 2239 2250 2251 2240 
8582 2240 2251 2252 2241 
8583 2241 2252 2253 2242 
8584 2242 2253 2254 2243 
8585 2243 2254 2255 2244 
8586 243 244 3301 2245 
8587 2245 3301 3302 2246 
8588 2246 3302 3303 2247 
8589 2247 3303 3304 2248 
8590 2248 3304 3305 2249 
8591 2249 3305 3306 2250 
8592 2250 3306 3307 2251 
8593 2251 3307 3308 2252 
8594 2252 3308 3309 2253 
8595 2253 3309 3310 2254 
8596 2254 3310 3311 2255 
8597 244 245 3312 3301 
8598 3301 3312 3313 3302 
8599 3302 3313 3314 3303 
8600 3303 3314 3315 3304 
8601 3304 3315 3316 3305 
8602 3305 3316 3317 3306 
8603 3306 3317 3318 3307 
8604 3307 3318 3319 3308 
8605 3308 3319 3320 3309 
8606 3309 3320 3321 3310 
8607 3310 3321 3322 3311 
8608 245 246 3323 3312 
8609 3312 3323 3324 3313 
8610 3313 3324 3325 3314 
8611 3314 3325 3326 3315 
8612 3315 3326 3327 3316 
8613 3316 3327 3328 3317 
8614 3317 3328 3329 3318 
8615 3318 3329 3330 3319 
8616 3319 3330 3331 3320 
8617 3320 3331 3332 3321 
8618 3321 3332 3333 3322 
8619 246 247 2179 3323 
8620 3323 2179 2180 3324 
8621 3324 2180 2181 3325 
8622 3325 2181 2182 3326 
8623 3326 2182 2183 3327 
8624 3327 2183 2184 3328 
8625 3328 2184 2185 3329 
8626 3329 2185 2186 3330 
8627 3330 2186 2187 3331 
8628 3331 2187 2188 3332 
8629 3332 2188 2189 3333 
8630 247 248 2190 2179 
8631 2179 2190 2191 2180 
8632 2180 2191 2192 2181 
8633 2181 2192 2193 2182 
8634 2182 2193 2194 2183 
8635 2183 2194 2195 2184 
8636 2184 2195 2196 2185 
8637 2185 2196 2197 2186 
8638 2186 2197 2198 2187 
8639 2187 2198 2199 2188 
8640 2188 2199 2200 2189 
8641 248 249 2201 2190 
8642 2190 2201 2202 2191 
8643 2191 2202 2203 2192 
8644 2192 2203 2204 2193 
8645 2193 2204 2205 2194 
8646 2194 2205 2206 2195 
8647 2195 2206 2207 2196 
8648 2196 2207 2208 2197 
8649 2197 2208 2209 2198 
8650 2198 2209 2210 2199 
8651 2199 2210 2211 2200 
8652 249 250 3114 2201 
8653 2201 3114 3115 2202 
8654 2202 3115 3116 2203 
8655 2203 3116 3117 2204 
8656 2204 3117 3118 2205 
8657 2205 3118 3119 2206 
8658 2206 3119 3120 2207 
8659 2207 3120 3121 2208 
8660 2208 3121 3122 2209 
8661 2209 3122 3123 2210 
8662 2210 3123 3124 2211 
8663 250 251 3125 3114 
8664 3114 3125 3126 3115 
8665 3115 3126 3127 3116 
8666 3116 3127 3128 3117 
8667 3117 3128 3129 3118 
8668 3118 3129 3130 3119 
8669 3119 3130 3131 3120 
8670 3120 3131 3132 3121 
8671 3121 3132 3133 3122 
8672 3122 3133 3134 3123 
8673 3123 3134 3135 3124 
8674 251 252 3136 3125 
8675 3125 3136 3137 3126 
8676 3126 3137 3138 3127 
8677 3127 3138 3139 3128 
8678 3128 3139 3140 3129 
8679 3129 3140 3141 3130 
8680 3130 3141 3142 3131 
8681 3131 3142 3143 3132 
8682 3132 3143 3144 3133 
8683 3133 3144 3145 3134 
8684 3134 3145 3146 3135 
8685 252 253 793 3136 
8686 3136 793 794 3137 
8687 3137 794 795 3138 
8688 3138 795 796 3139 
8689 3139 796 797 3140 
8690 3140 797 798 3141 
8691 3141 798 799 3142 
8692 3142 799 800 3143 
8693 3143 800 801 3144 
8694 3144 801 802 3145 
8695 3145 802 803 3146 
8696 253 254 804 793 
8697 793 804 805 794 
8698 794 805 806 795 
8699 795 806 807 796 
8700 796 807 808 797 
8701 797 808 809 798 
8702 798 809 810 799 
8703 799 810 811 800 
8704 800 811 812 801 
8705 801 812 813 802 
8706 802 813 814 803 
8707 254 255 815 804 
8708 804 815 816 805 
8709 805 816 817 806 
8710 806 817 818 807 
8711 807 818 819 808 
8712 808 819 820 809 
8713 809 820 821 810 
8714 810 821 822 811 
8715 811 822 823 812 
8716 812 823 824 813 
8717 813 824 825 814 
8718 255 256 2542 815 
8719 815 2542 2543 816 
8720 816 2543 2544 817 
8721 817 2544 2545 818 
8722 818 2545 2546 819 
8723 819 2546 2547 820 
8724 820 2547 2548 821 
8725 821 2548 2549 822 
8726 822 2549 2550 823 
8727 823 2550 2551 824 
8728 824 2551 2552 825 
8729 256 257 2553 2542 
8730 2542 2553 2554 2543 
8731 2543 2554 2555 2544 
8732 2544 2555 2556 2545 
8733 2545 2556 2557 2546 
8734 2546 2557 2558 2547 
8735 2547 2558 2559 2548 
8736 2548 2559 2560 2549 
8737 2549 2560 2561 2550 
8738 2550 2561 2562 2551 
8739 2551 2562 2563 2552 
8740 257 258 2564 2553 
8741 2553 2564 2565 2554 
8742 2554 2565 2566 2555 
8743 2555 2566 2567 2556 
8744 2556 2567 2568 2557 
8745 2557 2568 2569 2558 
8746 2558 2569 2570 2559 
8747 2559 2570 2571 2560 
8748 2560 2571 2572 2561 
8749 2561 2572 2573 2562 
8750 2562 2573 2574 2563 
8751 258 259 2256 2564 
8752 2564 2256 2257 2565 
8753 2565 2257 2258 2566 
8754 2566 2258 2259 2567 
8755 2567 2259 2260 2568 
8756 2568 2260 2261 2569 
8757 2569 2261 2262 2570 
8758 2570 2262 2263 2571 
8759 2571 2263 2264 2572 
8760 2572 2264 2265 2573 
8761 2573 2265 2266 2574 
8762 259 260 2267 2256 
8763 2256 2267 2268 2257 
8764 2257 2268 2269 2258 
8765 2258 2269 2270 2259 
8766 2259 2270 2271 2260 
8767 2260 2271 2272 2261 
8768 2261 2272 2273 2262 
8769 2262 2273 2274 2263 
8770 2263 2274 2275 2264 
8771 2264 2275 2276 2265 
8772 2265 2276 2277 2266 
8773 260 261 2278 2267 
8774 2267 2278 2279 2268 
8775 2268 2279 2280 2269 
8776 2269 2280 2281 2270 
8777 2270 2281 2282 2271 
8778 2271 2282 2283 2272 
8779 2272 2283 2284 2273 
8780 2273 2284 2285 2274 
8781 2274 2285 2286 2275 
8782 2275 2286 2287 2276 
8783 2276 2287 2288 2277 
8784 263 264 3290 3279 
8785 3279 3290 3291 3280 
8786 3280 3291 3292 3281 
8787 3281 3292 3293 3282 
8788 3282 3293 3294 3283 
8789 3283 3294 3295 3284 
8790 3284 3295 3296 3285 
8791 3285 3296 3297 3286 
8792 3286 3297 3298 3287 
8793 3287 3298 3299 3288 
8794 3288 3299 3300 3289 
8795 264 265 2311 3290 
8796 3290 2311 2312 3291 
8797 3291 2312 2313 3292 
8798 3292 2313 2314 3293 
8799 3293 2314 2315 3294 
8800 3294 2315 2316 3295 
8801 3295 2316 2317 3296 
8802 3296 2317 2318 3297 
8803 3297 2318 2319 3298 
8804 3298 2319 2320 3299 
8805 3299 2320 2321 3300 
8806 265 266 2322 2311 
8807 2311 2322 2323 2312 
8808 2312 2323 2324 2313 
8809 2313 2324 2325 2314 
8810 2314 2325 2326 2315 
8811 2315 2326 2327 2316 
8812 2316 2327 2328 2317 
8813 2317 2328 2329 2318 
8814 2318 2329 2330 2319 
8815 2319 2330 2331 2320 
8816 2320 2331 2332 2321 
8817 266 267 2333 2322 
8818 2322 2333 2334 2323 
8819 2323 2334 2335 2324 
8820 2324 2335 2336 2325 
8821 2325 2336 2337 2326 
8822 2326 2337 2338 2327 
8823 2327 2338 2339 2328 
8824 2328 2339 2340 2329 
8825 2329 2340 2341 2330 
8826 2330 2341 2342 2331 
8827 2331 2342 2343 2332 
8828 267 268 2432 2333 
8829 2333 2432 2433 2334 
8830 2334 2433 2434 2335 
8831 2335 2434 2435 2336 
8832 2336 2435 2436 2337 
8833 2337 2436 2437 2338 
8834 2338 2437 2438 2339 
8835 2339 2438 2439 2340 
8836 2340 2439 2440 2341 
8837 2341 2440 2441 2342 
8838 2342 2441 2442 2343 
8839 268 269 2443 2432 
8840 2432 2443 2444 2433 
8841 2433 2444 2445 2434 
8842 2434 2445 2446 2435 
8843 2435 2446 2447 2436 
8844 2436 2447 2448 2437 
8845 2437 2448 2449 2438 
8846 2438 2449 2450 2439 
8847 2439 2450 2451 2440 
8848 2440 2451 2452 2441 
8849 2441 2452 2453 2442 
8850 269 270 2454 2443 
8851 2443 2454 2455 2444 
8852 2444 2455 2456 2445 
8853 2445 2456 2457 2446 
8854 2446 2457 2458 2447 
8855 2447 2458 2459 2448 
8856 2448 2459 2460 2449 
8857 2449 2460 2461 2450 
8858 2450 2461 2462 2451 
8859 2451 2462 2463 2452 
8860 2452 2463 2464 2453 
8861 270 271 3235 2454 
8862 2454 3235 3236 2455 
8863 2455 3236 3237 2456 
8864 2456 3237 3238 2457 
8865 2457 3238 3239 2458 
8866 2458 3239 3240 2459 
8867 2459 3240 3241 2460 
8868 2460 3241 3242 2461 
8869 2461 3242 3243 2462 
8870 2462 3243 3244 2463 
8871 2463 3244 3245 2464 
8872 271 272 3246 3235 
8873 3235 3246 3247 3236 
8874 3236 3247 3248 3237 
8875 3237 3248 3249 3238 
8876 3238 3249 3250 3239 
8877 3239 3250 3251 3240 
8878 3240 3251 3252 3241 
8879 3241 3252 3253 3242 
8880 3242 3253 3254 3243 
8881 3243 3254 3255 3244 
8882 3244 3255 3256 3245 
8883 272 273 3257 3246 
8884 3246 3257 3258 3247 
8885 3247 3258 3259 3248 
8886 3248 3259 3260 3249 
8887 3249 3260 3261 3250 
8888 3250 3261 3262 3251 
8889 3251 3262 3263 3252 
8890 3252 3263 3264 3253 
8891 3253 3264 3265 3254 
8892 3254 3265 3266 3255 
8893 3255 3266 3267 3256 
8894 273 274 2102 3257 
8895 3257 2102 2103 3258 
8896 3258 2103 2104 3259 
8897 3259 2104 2105 3260 
8898 3260 2105 2106 3261 
8899 3261 2106 2107 3262 
8900 3262 2107 2108 3263 
8901 3263 2108 2109 3264 
8902 3264 2109 2110 3265 
8903 3265 2110 2111 3266 
8904 3266 2111 2112 3267 
8905 274 275 2113 2102 
8906 2102 2113 2114 2103 
8907 2103 2114 2115 2104 
8908 2104 2115 2116 2105 
8909 2105 2116 2117 2106 
8910 2106 2117 2118 2107 
8911 2107 2118 2119 2108 
8912 2108 2119 2120 2109 
8913 2109 2120 2121 2110 
8914 2110 2121 2122 2111 
8915 2111 2122 2123 2112 
8916 275 276 2124 2113 
8917 2113 2124 2125 2114 
8918 2114 2125 2126 2115 
8919 2115 2126 2127 2116 
8920 2116 2127 2128 2117 
8921 2117 2128 2129 2118 
8922 2118 2129 2130 2119 
8923 2119 2130 2131 2120 
8924 2120 2131 2132 2121 
8925 2121 2132 2133 2122 
8926 2122 2133 2134 2123 
8927 276 277 2377 2124 
8928 2124 2377 2378 2125 
8929 2125 2378 2379 2126 
8930 2126 2379 2380 2127 
8931 2127 2380 2381 2128 
8932 2128 2381 2382 2129 
8933 2129 2382 2383 2130 
8934 2130 2383 2384 2131 
8935 2131 2384 2385 2132 
8936 2132 2385 2386 2133 
8937 2133 2386 2387 2134 
8938 277 278 2388 2377 
8939 2377 2388 2389 2378 
8940 2378 2389 2390 2379 
8941 2379 2390 2391 2380 
8942 2380 2391 2392 2381 
8943 2381 2392 2393 2382 
8944 2382 2393 2394 2383 
8945 2383 2394 2395 2384 
8946 2384 2395 2396 2385 
8947 2385 2396 2397 2386 
8948 2386 2397 2398 2387 
8949 278 279 2399 2388 
8950 2388 2399 2400 2389 
8951 2389 2400 2401 2390 
8952 2390 2401 2402 2391 
8953 2391 2402 2403 2392 
8954 2392 2403 2404 2393 
8955 2393 2404 2405 2394 
8956 2394 2405 2406 2395 
8957 2395 2406 2407 2396 
8958 2396 2407 2408 2397 
8959 2397 2408 2409 2398 
8960 279 280 958 2399 
8961 2399 958 959 2400 
8962 2400 959 960 2401 
8963 2401 960 961 2402 
8964 2402 961 962 2403 
8965 2403 962 963 2404 
8966 2404 963 964 2405 
8967 2405 964 965 2406 
8968 2406 965 966 2407 
8969 2407 966 967 2408 
8970 2408 967 968 2409 
8971 280 281 969 958 
8972 958 969 970 959 
8973 959 970 971 960 
8974 960 971 972 961 
8975 961 972 973 962 
8976 962 973 974 963 
8977 963 974 975 964 
8978 964 975 976 965 
8979 965 976 977 966 
8980 966 977 978 967 
8981 967 978 979 968 
8982 281 282 980 969 
8983 969 980 981 970 
8984 970 981 982 971 
8985 971 982 983 972 
8986 972 983 984 973 
8987 973 984 985 974 
8988 974 985 986 975 
8989 975 986 987 976 
8990 976 987 988 977 
8991 977 988 989 978 
8992 978 989 990 979 
8993 282 283 1112 980 
8994 980 1112 1113 981 
8995 981 1113 1114 982 
8996 982 1114 1115 983 
8997 983 1115 1116 984 
8998 984 1116 1117 985 
8999 985 1117 1118 986 
9000 986 1118 1119 987 
9001 987 1119 1120 988 
9002 988 1120 1121 989 
9003 989 1121 1122 990 
9004 283 284 1123 1112 
9005 1112 1123 1124 1113 
9006 1113 1124 1125 1114 
9007 1114 1125 1126 1115 
9008 1115 1126 1127 1116 
9009 1116 1127 1128 1117 
9010 1117 1128 1129 1118 
9011 1118 1129 1130 1119 
9012 1119 1130 1131 1120 
9013 1120 1131 1132 1121 
9014 1121 1132 1133 1122 
9015 284 285 1134 1123 
9016 1123 1134 1135 1124 
9017 1124 1135 1136 1125 
9018 1125 1136 1137 1126 
9019 1126 1137 1138 1127 
9020 1127 1138 1139 1128 
9021 1128 1139 1140 1129 
9022 1129 1140 1141 1130 
9023 1130 1141 1142 1131 
9024 1131 1142 1143 1132 
9025 1132 1143 1144 1133 
9026 285 286 650 1134 
9027 1134 650 651 1135 
9028 1135 651 652 1136 
9029 1136 652 653 1137 
9030 1137 653 654 1138 
9031 1138 654 655 1139 
9032 1139 655 656 1140 
9033 1140 656 657 1141 
9034 1141 657 658 1142 
9035 1142 658 659 1143 
9036 1143 659 660 1144 
9037 286 287 661 650 
9038 650 661 662 651 
9039 651 662 663 652 
9040 652 663 664 653 
9041 653 664 665 654 
9042 654 665 666 655 
9043 655 666 667 656 
9044 656 667 668 657 
9045 657 668 669 658 
9046 658 669 670 659 
9047 659 670 671 660 
9048 287 288 672 661 
9049 661 672 673 662 
9050 662 673 674 663 
9051 663 674 675 664 
9052 664 675 676 665 
9053 665 676 677 666 
9054 666 677 678 667 
9055 667 678 679 668 
9056 668 679 680 669 
9057 669 680 681 670 
9058 670 681 682 671 
9059 288 289 3576 672 
9060 672 3576 3577 673 
9061 673 3577 3578 674 
9062 674 3578 3579 675 
9063 675 3579 3580 676 
9064 676 3580 3581 677 
9065 677 3581 3582 678 
9066 678 3582 3583 679 
9067 679 3583 3584 680 
9068 680 3584 3585 681 
9069 681 3585 3586 682 
9070 289 290 3587 3576 
9071 3576 3587 3588 3577 
9072 3577 3588 3589 3578 
9073 3578 3589 3590 3579 
9074 3579 3590 3591 3580 
9075 3580 3591 3592 3581 
9076 3581 3592 3593 3582 
9077 3582 3593 3594 3583 
9078 3583 3594 3595 3584 
9079 3584 3595 3596 3585 
9080 3585 3596 3597 3586 
9081 290 291 3598 3587 
9082 3587 3598 3599 3588 
9083 3588 3599 3600 3589 
9084 3589 3600 3601 3590 
9085 3590 3601 3602 3591 
9086 3591 3602 3603 3592 
9087 3592 3603 3604 3593 
9088 3593 3604 3605 3594 
9089 3594 3605 3606 3595 
9090 3595 3606 3607 3596 
9091 3596 3607 3608 3597 
9092 291 292 991 3598 
9093 3598 991 992 3599 
9094 3599 992 993 3600 
9095 3600 993 994 3601 
9096 3601 994 995 3602 
9097 3602 995 996 3603 
9098 3603 996 997 3604 
9099 3604 997 998 3605 
9100 3605 998 999 3606 
9101 3606 999 1000 3607 
9102 3607 1000 1001 3608 
9103 292 293 1002 991 
9104 991 1002 1003 992 
9105 992 1003 1004 993 
9106 993 1004 1005 994 
9107 994 1005 1006 995 
9108 995 1006 1007 996 
9109 996 1007 1008 997 
9110 997 1008 1009 998 
9111 998 1009 1010 999 
9112 999 1010 1011 1000 
9113 1000 1011 1012 1001 
9114 293 294 1013 1002 
9115 1002 1013 1014 1003 
9116 1003 1014 1015 1004 
9117 1004 1015 1016 1005 
9118 1005 1016 1017 1006 
9119 1006 1017 1018 1007 
9120 1007 1018 1019 1008 
9121 1008 1019 1020 1009 
9122 1009 1020 1021 1010 
9123 1010 1021 1022 1011 
9124 1011 1022 1023 1012 
9125 56 57 837 606 
9126 606 837 838 607 
9127 607 838 839 608 
9128 608 839 840 609 
9129 609 840 841 610 
9130 610 841 842 611 
9131 611 842 843 612 
9132 612 843 844 613 
9133 613 844 845 614 
9134 614 845 846 615 
9135 615 846 847 616 
9136 57 58 463 837 
9137 837 463 464 838 
9138 838 464 465 839 
9139 839 465 466 840 
9140 840 466 467 841 
9141 841 467 468 842 
9142 842 468 469 843 
9143 843 469 470 844 
9144 844 470 471 845 
9145 845 471 472 846 
9146 846 472 473 847 
9147 58 59 3455 463 
9148 463 3455 3456 464 
9149 464 3456 3457 465 
9150 465 3457 3458 466 
9151 466 3458 3459 467 
9152 467 3459 3460 468 
9153 468 3460 3461 469 
9154 469 3461 3462 470 
9155 470 3462 3463 471 
9156 471 3463 3464 472 
9157 472 3464 3465 473 
9158 59 60 683 3455 
9159 3455 683 684 3456 
9160 3456 684 685 3457 
9161 3457 685 686 3458 
9162 3458 686 687 3459 
9163 3459 687 688 3460 
9164 3460 688 689 3461 
9165 3461 689 690 3462 
9166 3462 690 691 3463 
9167 3463 691 692 3464 
9168 3464 692 693 3465 
9169 60 61 529 683 
9170 683 529 530 684 
9171 684 530 531 685 
9172 685 531 532 686 
9173 686 532 533 687 
9174 687 533 534 688 
9175 688 534 535 689 
9176 689 535 536 690 
9177 690 536 537 691 
9178 691 537 538 692 
9179 692 538 539 693 
9180 61 62 3840 529 
9181 529 3840 3841 530 
9182 530 3841 3842 531 
9183 531 3842 3843 532 
9184 532 3843 3844 533 
9185 533 3844 3845 534 
9186 534 3845 3846 535 
9187 535 3846 3847 536 
9188 536 3847 3848 537 
9189 537 3848 3849 538 
9190 538 3849 3850 539 
9191 62 63 3851 3840 
9192 3840 3851 3852 3841 
9193 3841 3852 3853 3842 
9194 3842 3853 3854 3843 
9195 3843 3854 3855 3844 
9196 3844 3855 3856 3845 
9197 3845 3856 3857 3846 
9198 3846 3857 3858 3847 
9199 3847 3858 3859 3848 
9200 3848 3859 3860 3849 
9201 3849 3860 3861 3850 
9202 63 64 2465 3851 
9203 3851 2465 2466 3852 
9204 3852 2466 2467 3853 
9205 3853 2467 2468 3854 
9206 3854 2468 2469 3855 
9207 3855 2469 2470 3856 
9208 3856 2470 2471 3857 
9209 3857 2471 2472 3858 
9210 3858 2472 2473 3859 
9211 3859 2473 2474 3860 
9212 3860 2474 2475 3861 
9213 64 65 2476 2465 
9214 2465 2476 2477 2466 
9215 2466 2477 2478 2467 
9216 2467 2478 2479 2468 
9217 2468 2479 2480 2469 
9218 2469 2480 2481 2470 
9219 2470 2481 2482 2471 
9220 2471 2482 2483 2472 
9221 2472 2483 2484 2473 
9222 2473 2484 2485 2474 
9223 2474 2485 2486 2475 
9224 65 66 2157 2476 
9225 2476 2157 2158 2477 
9226 2477 2158 2159 2478 
9227 2478 2159 2160 2479 
9228 2479 2160 2161 2480 
9229 2480 2161 2162 2481 
9230 2481 2162 2163 2482 
9231 2482 2163 2164 2483 
9232 2483 2164 2165 2484 
9233 2484 2165 2166 2485 
9234 2485 2166 2167 2486 
9235 66 67 2168 2157 
9236 2157 2168 2169 2158 
9237 2158 2169 2170 2159 
9238 2159 2170 2171 2160 
9239 2160 2171 2172 2161 
9240 2161 2172 2173 2162 
9241 2162 2173 2174 2163 
9242 2163 2174 2175 2164 
9243 2164 2175 2176 2165 
9244 2165 2176 2177 2166 
9245 2166 2177 2178 2167 
9246 67 68 3521 2168 
9247 2168 3521 3522 2169 
9248 2169 3522 3523 2170 
9249 2170 3523 3524 2171 
9250 2171 3524 3525 2172 
9251 2172 3525 3526 2173 
9252 2173 3526 3527 2174 
9253 2174 3527 3528 2175 
9254 2175 3528 3529 2176 
9255 2176 3529 3530 2177 
9256 2177 3530 3531 2178 
9257 68 69 3532 3521 
9258 3521 3532 3533 3522 
9259 3522 3533 3534 3523 
9260 3523 3534 3535 3524 
9261 3524 3535 3536 3525 
9262 3525 3536 3537 3526 
9263 3526 3537 3538 3527 
9264 3527 3538 3539 3528 
9265 3528 3539 3540 3529 
9266 3529 3540 3541 3530 
9267 3530 3541 3542 3531 
9268 69 70 2707 3532 
9269 3532 2707 2708 3533 
9270 3533 2708 2709 3534 
9271 3534 2709 2710 3535 
9272 3535 2710 2711 3536 
9273 3536 2711 2712 3537 
9274 3537 2712 2713 3538 
9275 3538 2713 2714 3539 
9276 3539 2714 2715 3540 
9277 3540 2715 2716 3541 
9278 3541 2716 2717 3542 
9279 70 71 2718 2707 
9280 2707 2718 2719 2708 
9281 2708 2719 2720 2709 
9282 2709 2720 2721 2710 
9283 2710 2721 2722 2711 
9284 2711 2722 2723 2712 
9285 2712 2723 2724 2713 
9286 2713 2724 2725 2714 
9287 2714 2725 2726 2715 
9288 2715 2726 2727 2716 
9289 2716 2727 2728 2717 
9290 71 72 3466 2718 
9291 2718 3466 3467 2719 
9292 2719 3467 3468 2720 
9293 2720 3468 3469 2721 
9294 2721 3469 3470 2722 
9295 2722 3470 3471 2723 
9296 2723 3471 3472 2724 
9297 2724 3472 3473 2725 
9298 2725 3473 3474 2726 
9299 2726 3474 3475 2727 
9300 2727 3475 3476 2728 
9301 72 73 3477 3466 
9302 3466 3477 3478 3467 
9303 3467 3478 3479 3468 
9304 3468 3479 3480 3469 
9305 3469 3480 3481 3470 
9306 3470 3481 3482 3471 
9307 3471 3482 3483 3472 
9308 3472 3483 3484 3473 
9309 3473 3484 3485 3474 
9310 3474 3485 3486 3475 
9311 3475 3486 3487 3476 
9312 73 74 2135 3477 
9313 3477 2135 2136 3478 
9314 3478 2136 2137 3479 
9315 3479 2137 2138 3480 
9316 3480 2138 2139 3481 
9317 3481 2139 2140 3482 
9318 3482 2140 2141 3483 
9319 3483 2141 2142 3484 
9320 3484 2142 2143 3485 
9321 3485 2143 2144 3486 
9322 3486 2144 2145 3487 
9323 74 75 2146 2135 
9324 2135 2146 2147 2136 
9325 2136 2147 2148 2137 
9326 2137 2148 2149 2138 
9327 2138 2149 2150 2139 
9328 2139 2150 2151 2140 
9329 2140 2151 2152 2141 
9330 2141 2152 2153 2142 
9331 2142 2153 2154 2143 
9332 2143 2154 2155 2144 
9333 2144 2155 2156 2145 
9334 75 76 2729 2146 
9335 2146 2729 2730 2147 
9336 2147 2730 2731 2148 
9337 2148 2731 2732 2149 
9338 2149 2732 2733 2150 
9339 2150 2733 2734 2151 
9340 2151 2734 2735 2152 
9341 2152 2735 2736 2153 
9342 2153 2736 2737 2154 
9343 2154 2737 2738 2155 
9344 2155 2738 2739 2156 
9345 76 77 2740 2729 
9346 2729 2740 2741 2730 
9347 2730 2741 2742 2731 
9348 2731 2742 2743 2732 
9349 2732 2743 2744 2733 
9350 2733 2744 2745 2734 
9351 2734 2745 2746 2735 
9352 2735 2746 2747 2736 
9353 2736 2747 2748 2737 
9354 2737 2748 2749 2738 
9355 2738 2749 2750 2739 
9356 77 78 2652 2740 
9357 2740 2652 2653 2741 
9358 2741 2653 2654 2742 
9359 2742 2654 2655 2743 
9360 2743 2655 2656 2744 
9361 2744 2656 2657 2745 
9362 2745 2657 2658 2746 
9363 2746 2658 2659 2747 
9364 2747 2659 2660 2748 
9365 2748 2660 2661 2749 
9366 2749 2661 2662 2750 
9367 78 79 2663 2652 
9368 2652 2663 2664 2653 
9369 2653 2664 2665 2654 
9370 2654 2665 2666 2655 
9371 2655 2666 2667 2656 
9372 2656 2667 2668 2657 
9373 2657 2668 2669 2658 
9374 2658 2669 2670 2659 
9375 2659 2670 2671 2660 
9376 2660 2671 2672 2661 
9377 2661 2672 2673 2662 
9378 79 80 617 2663 
9379 2663 617 618 2664 
9380 2664 618 619 2665 
9381 2665 619 620 2666 
9382 2666 620 621 2667 
9383 2667 621 622 2668 
9384 2668 622 623 2669 
9385 2669 623 624 2670 
9386 2670 624 625 2671 
9387 2671 625 626 2672 
9388 2672 626 627 2673 
9389 80 81 628 617 
9390 617 628 629 618 
9391 618 629 630 619 
9392 619 630 631 620 
9393 620 631 632 621 
9394 621 632 633 622 
9395 622 633 634 623 
9396 623 634 635 624 
9397 624 635 636 625 
9398 625 636 637 626 
9399 626 637 638 627 
9400 81 82 3048 628 
9401 628 3048 3049 629 
9402 629 3049 3050 630 
9403 630 3050 3051 631 
9404 631 3051 3052 632 
9405 632 3052 3053 633 
9406 633 3053 3054 634 
9407 634 3054 3055 635 
9408 635 3055 3056 636 
9409 636 3056 3057 637 
9410 637 3057 3058 638 
9411 82 83 3059 3048 
9412 3048 3059 3060 3049 
9413 3049 3060 3061 3050 
9414 3050 3061 3062 3051 
9415 3051 3062 3063 3052 
9416 3052 3063 3064 3053 
9417 3053 3064 3065 3054 
9418 3054 3065 3066 3055 
9419 3055 3066 3067 3056 
9420 3056 3067 3068 3057 
9421 3057 3068 3069 3058 
9422 83 84 2773 3059 
9423 3059 2773 2774 3060 
9424 3060 2774 2775 3061 
9425 3061 2775 2776 3062 
9426 3062 2776 2777 3063 
9427 3063 2777 2778 3064 
9428 3064 2778 2779 3065 
9429 3065 2779 2780 3066 
9430 3066 2780 2781 3067 
9431 3067 2781 2782 3068 
9432 3068 2782 2783 3069 
9433 84 85 2784 2773 
9434 2773 2784 2785 2774 
9435 2774 2785 2786 2775 
9436 2775 2786 2787 2776 
9437 2776 2787 2788 2777 
9438 2777 2788 2789 2778 
9439 2778 2789 2790 2779 
9440 2779 2790 2791 2780 
9441 2780 2791 2792 2781 
9442 2781 2792 2793 2782 
9443 2782 2793 2794 2783 
9444 85 86 3092 2784 
9445 2784 3092 3093 2785 
9446 2785 3093 3094 2786 
9447 2786 3094 3095 2787 
9448 2787 3095 3096 2788 
9449 2788 3096 3097 2789 
9450 2789 3097 3098 2790 
9451 2790 3098 3099 2791 
9452 2791 3099 3100 2792 
9453 2792 3100 3101 2793 
9454 2793 3101 3102 2794 
9455 86 87 3103 3092 
9456 3092 3103 3104 3093 
9457 3093 3104 3105 3094 
9458 3094 3105 3106 3095 
9459 3095 3106 3107 3096 
9460 3096 3107 3108 3097 
9461 3097 3108 3109 3098 
9462 3098 3109 3110 3099 
9463 3099 3110 3111 3100 
9464 3100 3111 3112 3101 
9465 3101 3112 3113 3102 
9466 87 88 3653 3103 
9467 3103 3653 3654 3104 
9468 3104 3654 3655 3105 
9469 3105 3655 3656 3106 
9470 3106 3656 3657 3107 
9471 3107 3657 3658 3108 
9472 3108 3658 3659 3109 
9473 3109 3659 3660 3110 
9474 3110 3660 3661 3111 
9475 3111 3661 3662 3112 
9476 3112 3662 3663 3113 
9477 88 89 3664 3653 
9478 3653 3664 3665 3654 
9479 3654 3665 3666 3655 
9480 3655 3666 3667 3656 
9481 3656 3667 3668 3657 
9482 3657 3668 3669 3658 
9483 3658 3669 3670 3659 
9484 3659 3670 3671 3660 
9485 3660 3671 3672 3661 
9486 3661 3672 3673 3662 
9487 3662 3673 3674 3663 
9488 89 90 2487 3664 
9489 3664 2487 2488 3665 
9490 3665 2488 2489 3666 
9491 3666 2489 2490 3667 
9492 3667 2490 2491 3668 
9493 3668 2491 2492 3669 
9494 3669 2492 2493 3670 
9495 3670 2493 2494 3671 
9496 3671 2494 2495 3672 
9497 3672 2495 2496 3673 
9498 3673 2496 2497 3674 
9499 90 91 2498 2487 
9500 2487 2498 2499 2488 
9501 2488 2499 2500 2489 
9502 2489 2500 2501 2490 
9503 2490 2501 2502 2491 
9504 2491 2502 2503 2492 
9505 2492 2503 2504 2493 
9506 2493 2504 2505 2494 
9507 2494 2505 2506 2495 
9508 2495 2506 2507 2496 
9509 2496 2507 2508 2497 
9510 91 92 3334 2498 
9511 2498 3334 3335 2499 
9512 2499 3335 3336 2500 
9513 2500 3336 3337 2501 
9514 2501 3337 3338 2502 
9515 2502 3338 3339 2503 
9516 2503 3339 3340 2504 
9517 2504 3340 3341 2505 
9518 2505 3341 3342 2506 
9519 2506 3342 3343 2507 
9520 2507 3343 3344 2508 
9521 92 93 3345 3334 
9522 3334 3345 3346 3335 
9523 3335 3346 3347 3336 
9524 3336 3347 3348 3337 
9525 3337 3348 3349 3338 
9526 3338 3349 3350 3339 
9527 3339 3350 3351 3340 
9528 3340 3351 3352 3341 
9529 3341 3352 3353 3342 
9530 3342 3353 3354 3343 
9531 3343 3354 3355 3344 
9532 93 94 3070 3345 
9533 3345 3070 3071 3346 
9534 3346 3071 3072 3347 
9535 3347 3072 3073 3348 
9536 3348 3073 3074 3349 
9537 3349 3074 3075 3350 
9538 3350 3075 3076 3351 
9539 3351 3076 3077 3352 
9540 3352 3077 3078 3353 
9541 3353 3078 3079 3354 
9542 3354 3079 3080 3355 
9543 7 8 419 1024 
9544 1024 419 420 1025 
9545 1025 420 421 1026 
9546 1026 421 422 1027 
9547 1027 422 423 1028 
9548 1028 423 424 1029 
9549 1029 424 425 1030 
9550 1030 425 426 1031 
9551 1031 426 427 1032 
9552 1032 427 428 1033 
9553 1033 428 429 1034 
9554 11 12 3543 2619 
9555 2619 3543 3544 2620 
9556 2620 3544 3545 2621 
9557 2621 3545 3546 2622 
9558 2622 3546 3547 2623 
9559 2623 3547 3548 2624 
9560 2624 3548 3549 2625 
9561 2625 3549 3550 2626 
9562 2626 3550 3551 2627 
9563 2627 3551 3552 2628 
9564 2628 3552 3553 2629 
9565 10 11 2619 1464 
9566 1464 2619 2620 1465 
9567 1465 2620 2621 1466 
9568 1466 2621 2622 1467 
9569 1467 2622 2623 1468 
9570 1468 2623 2624 1469 
9571 1469 2624 2625 1470 
9572 1470 2625 2626 1471 
9573 1471 2626 2627 1472 
9574 1472 2627 2628 1473 
9575 1473 2628 2629 1474 
9576 19 20 903 584 
9577 584 903 904 585 
9578 585 904 905 586 
9579 586 905 906 587 
9580 587 906 907 588 
9581 588 907 908 589 
9582 589 908 909 590 
9583 590 909 910 591 
9584 591 910 911 592 
9585 592 911 912 593 
9586 593 912 913 594 
9587 20 21 1739 903 
9588 903 1739 1740 904 
9589 904 1740 1741 905 
9590 905 1741 1742 906 
9591 906 1742 1743 907 
9592 907 1743 1744 908 
9593 908 1744 1745 909 
9594 909 1745 1746 910 
9595 910 1746 1747 911 
9596 911 1747 1748 912 
9597 912 1748 1749 913 
9598 1 7 1024 1508 
9599 1508 1024 1025 1509 
9600 1509 1025 1026 1510 
9601 1510 1026 1027 1511 
9602 1511 1027 1028 1512 
9603 1512 1028 1029 1513 
9604 1513 1029 1030 1514 
9605 1514 1030 1031 1515 
9606 1515 1031 1032 1516 
9607 1516 1032 1033 1517 
9608 1517 1033 1034 1518 
9609 12 13 3642 3543 
9610 3543 3642 3643 3544 
9611 3544 3643 3644 3545 
9612 3545 3644 3645 3546 
9613 3546 3645 3646 3547 
9614 3547 3646 3647 3548 
9615 3548 3647 3648 3549 
9616 3549 3648 3649 3550 
9617 3550 3649 3650 3551 
9618 3551 3650 3651 3552 
9619 3552 3651 3652 3553 
9620 9 10 1464 2421 
9621 2421 1464 1465 2422 
9622 2422 1465 1466 2423 
9623 2423 1466 1467 2424 
9624 2424 1467 1468 2425 
9625 2425 1468 1469 2426 
9626 2426 1469 1470 2427 
9627 2427 1470 1471 2428 
9628 2428 1471 1472 2429 
9629 2429 1472 1473 2430 
9630 2430 1473 1474 2431 
9631 13 14 1035 3642 
9632 3642 1035 1036 3643 
9633 3643 1036 1037 3644 
9634 3644 1037 1038 3645 
9635 3645 1038 1039 3646 
9636 3646 1039 1040 3647 
9637 3647 1040 1041 3648 
9638 3648 1041 1042 3649 
9639 3649 1042 1043 3650 
9640 3650 1043 1044 3651 
9641 3651 1044 1045 3652 
9642 15 16 3862 3675 
9643 3675 3862 3863 3676 
9644 3676 3863 3864 3677 
9645 3677 3864 3865 3678 
9646 3678 3865 3866 3679 
9647 3679 3866 3867 3680 
9648 3680 3867 3868 3681 
9649 3681 3868 3869 3682 
9650 3682 3869 3870 3683 
9651 3683 3870 3871 3684 
9652 3684 3871 3872 3685 
9653 18 19 584 3829 
9654 3829 584 585 3830 
9655 3830 585 586 3831 
9656 3831 586 587 3832 
9657 3832 587 588 3833 
9658 3833 588 589 3834 
9659 3834 589 590 3835 
9660 3835 590 591 3836 
9661 3836 591 592 3837 
9662 3837 592 593 3838 
9663 3838 593 594 3839 
9664 14 15 3675 1035 
9665 1035 3675 3676 1036 
9666 1036 3676 3677 1037 
9667 1037 3677 3678 1038 
9668 1038 3678 3679 1039 
9669 1039 3679 3680 1040 
9670 1040 3680 3681 1041 
9671 1041 3681 3682 1042 
9672 1042 3682 3683 1043 
9673 1043 3683 3684 1044 
9674 1044 3684 3685 1045 
9675 21 22 694 1739 
9676 1739 694 695 1740 
9677 1740 695 696 1741 
9678 1741 696 697 1742 
9679 1742 697 698 1743 
9680 1743 698 699 1744 
9681 1744 699 700 1745 
9682 1745 700 701 1746 
9683 1746 701 702 1747 
9684 1747 702 703 1748 
9685 1748 703 704 1749 
9686 16 17 3510 3862 
9687 3862 3510 3511 3863 
9688 3863 3511 3512 3864 
9689 3864 3512 3513 3865 
9690 3865 3513 3514 3866 
9691 3866 3514 3515 3867 
9692 3867 3515 3516 3868 
9693 3868 3516 3517 3869 
9694 3869 3517 3518 3870 
9695 3870 3518 3519 3871 
9696 3871 3519 3520 3872 
9697 17 18 3829 3510 
9698 3510 3829 3830 3511 
9699 3511 3830 3831 3512 
9700 3512 3831 3832 3513 
9701 3513 3832 3833 3514 
9702 3514 3833 3834 3515 
9703 3515 3834 3835 3516 
9704 3516 3835 3836 3517 
9705 3517 3836 3837 3518 
9706 3518 3837 3838 3519 
9707 3519 3838 3839 3520 
9708 30 31 738 474 
9709 474 738 739 475 
9710 475 739 740 476 
9711 476 740 741 477 
9712 477 741 742 478 
9713 478 742 743 479 
9714 479 743 744 480 
9715 480 744 745 481 
9716 481 745 746 482 
9717 482 746 747 483 
9718 483 747 748 484 
9719 22 23 1200 694 
9720 694 1200 1201 695 
9721 695 1201 1202 696 
9722 696 1202 1203 697 
9723 697 1203 1204 698 
9724 698 1204 1205 699 
9725 699 1205 1206 700 
9726 700 1206 1207 701 
9727 701 1207 1208 702 
9728 702 1208 1209 703 
9729 703 1209 1210 704 
9730 23 24 595 1200 
9731 1200 595 596 1201 
9732 1201 596 597 1202 
9733 1202 597 598 1203 
9734 1203 598 599 1204 
9735 1204 599 600 1205 
9736 1205 600 601 1206 
9737 1206 601 602 1207 
9738 1207 602 603 1208 
9739 1208 603 604 1209 
9740 1209 604 605 1210 
9741 24 25 518 595 
9742 595 518 519 596 
9743 596 519 520 597 
9744 597 520 521 598 
9745 598 521 522 599 
9746 599 522 523 600 
9747 600 523 524 601 
9748 601 524 525 602 
9749 602 525 526 603 
9750 603 526 527 604 
9751 604 527 528 605 
9752 25 26 639 518 
9753 518 639 640 519 
9754 519 640 641 520 
9755 520 641 642 521 
9756 521 642 643 522 
9757 522 643 644 523 
9758 523 644 645 524 
9759 524 645 646 525 
9760 525 646 647 526 
9761 526 647 648 527 
9762 527 648 649 528 
9763 26 27 1189 639 
9764 639 1189 1190 640 
9765 640 1190 1191 641 
9766 641 1191 1192 642 
9767 642 1192 1193 643 
9768 643 1193 1194 644 
9769 644 1194 1195 645 
9770 645 1195 1196 646 
9771 646 1196 1197 647 
9772 647 1197 1198 648 
9773 648 1198 1199 649 
9774 27 28 1101 1189 
9775 1189 1101 1102 1190 
9776 1190 1102 1103 1191 
9777 1191 1103 1104 1192 
9778 1192 1104 1105 1193 
9779 1193 1105 1106 1194 
9780 1194 1106 1107 1195 
9781 1195 1107 1108 1196 
9782 1196 1108 1109 1197 
9783 1197 1109 1110 1198 
9784 1198 1110 1111 1199 
9785 28 29 573 1101 
9786 1101 573 574 1102 
9787 1102 574 575 1103 
9788 1103 575 576 1104 
9789 1104 576 577 1105 
9790 1105 577 578 1106 
9791 1106 578 579 1107 
9792 1107 579 580 1108 
9793 1108 580 581 1109 
9794 1109 581 582 1110 
9795 1110 582 583 1111 
9796 29 30 474 573 
9797 573 474 475 574 
9798 574 475 476 575 
9799 575 476 477 576 
9800 576 477 478 577 
9801 577 478 479 578 
9802 578 479 480 579 
9803 579 480 481 580 
9804 580 481 482 581 
9805 581 482 483 582 
9806 582 483 484 583 
9807 8 9 2421 419 
9808 419 2421 2422 420 
9809 420 2422 2423 421 
9810 421 2423 2424 422 
9811 422 2424 2425 423 
9812 423 2425 2426 424 
9813 424 2426 2427 425 
9814 425 2427 2428 426 
9815 426 2428 2429 427 
9816 427 2429 2430 428 
9817 428 2430 2431 429 
9818 53 54 2410 925 
9819 925 2410 2411 926 
9820 926 2411 2412 927 
9821 927 2412 2413 928 
9822 928 2413 2414 929 
9823 929 2414 2415 930 
9824 930 2415 2416 931 
9825 931 2416 2417 932 
9826 932 2417 2418 933 
9827 933 2418 2419 934 
9828 934 2419 2420 935 
9829 54 55 430 2410 
9830 2410 430 431 2411 
9831 2411 431 432 2412 
9832 2412 432 433 2413 
9833 2413 433 434 2414 
9834 2414 434 435 2415 
9835 2415 435 436 2416 
9836 2416 436 437 2417 
9837 2417 437 438 2418 
9838 2418 438 439 2419 
9839 2419 439 440 2420 
9840 55 56 606 430 
9841 430 606 607 431 
9842 431 607 608 432 
9843 432 608 609 433 
9844 433 609 610 434 
9845 434 610 611 435 
9846 435 611 612 436 
9847 436 612 613 437 
9848 437 613 614 438 
9849 438 614 615 439 
9850 439 615 616 440 
9851 31 32 1299 738 
9852 738 1299 1300 739 
9853 739 1300 1301 740 
9854 740 1301 1302 741 
9855 741 1302 1303 742 
9856 742 1303 1304 743 
9857 743 1304 1305 744 
9858 744 1305 1306 745 
9859 745 1306 1307 746 
9860 746 1307 1308 747 
9861 747 1308 1309 748 
9862 32 33 914 1299 
9863 1299 914 915 1300 
9864 1300 915 916 1301 
9865 1301 916 917 1302 
9866 1302 917 918 1303 
9867 1303 918 919 1304 
9868 1304 919 920 1305 
9869 1305 920 921 1306 
9870 1306 921 922 1307 
9871 1307 922 923 1308 
9872 1308 923 924 1309 
9873 33 34 386 914 
9874 914 386 387 915 
9875 915 387 388 916 
9876 916 388 389 917 
9877 917 389 390 918 
9878 918 390 391 919 
9879 919 391 392 920 
9880 920 392 393 921 
9881 921 393 394 922 
9882 922 394 395 923 
9883 923 395 396 924 
9884 34 35 947 386 
9885 386 947 948 387 
9886 387 948 949 388 
9887 388 949 950 389 
9888 389 950 951 390 
9889 390 951 952 391 
9890 391 952 953 392 
9891 392 953 954 393 
9892 393 954 955 394 
9893 394 955 956 395 
9894 395 956 957 396 
9895 35 36 1365 947 
9896 947 1365 1366 948 
9897 948 1366 1367 949 
9898 949 1367 1368 950 
9899 950 1368 1369 951 
9900 951 1369 1370 952 
9901 952 1370 1371 953 
9902 953 1371 1372 954 
9903 954 1372 1373 955 
9904 955 1373 1374 956 
9905 956 1374 1375 957 
9906 36 37 859 1365 
9907 1365 859 860 1366 
9908 1366 860 861 1367 
9909 1367 861 862 1368 
9910 1368 862 863 1369 
9911 1369 863 864 1370 
9912 1370 864 865 1371 
9913 1371 865 866 1372 
9914 1372 866 867 1373 
9915 1373 867 868 1374 
9916 1374 868 869 1375 
9917 37 38 441 859 
9918 859 441 442 860 
9919 860 442 443 861 
9920 861 443 444 862 
9921 862 444 445 863 
9922 863 445 446 864 
9923 864 446 447 865 
9924 865 447 448 866 
9925 866 448 449 867 
9926 867 449 450 868 
9927 868 450 451 869 
9928 38 39 2795 441 
9929 441 2795 2796 442 
9930 442 2796 2797 443 
9931 443 2797 2798 444 
9932 444 2798 2799 445 
9933 445 2799 2800 446 
9934 446 2800 2801 447 
9935 447 2801 2802 448 
9936 448 2802 2803 449 
9937 449 2803 2804 450 
9938 450 2804 2805 451 
9939 39 40 848 2795 
9940 2795 848 849 2796 
9941 2796 849 850 2797 
9942 2797 850 851 2798 
9943 2798 851 852 2799 
9944 2799 852 853 2800 
9945 2800 853 854 2801 
9946 2801 854 855 2802 
9947 2802 855 856 2803 
9948 2803 856 857 2804 
9949 2804 857 858 2805 
9950 40 41 936 848 
9951 848 936 937 849 
9952 849 937 938 850 
9953 850 938 939 851 
9954 851 939 940 852 
9955 852 940 941 853 
9956 853 941 942 854 
9957 854 942 943 855 
9958 855 943 944 856 
9959 856 944 945 857 
9960 857 945 946 858 
9961 41 42 3224 936 
9962 936 3224 3225 937 
9963 937 3225 3226 938 
9964 938 3226 3227 939 
9965 939 3227 3228 940 
9966 940 3228 3229 941 
9967 941 3229 3230 942 
9968 942 3230 3231 943 
9969 943 3231 3232 944 
9970 944 3232 3233 945 
9971 945 3233 3234 946 
9972 42 43 375 3224 
9973 3224 375 376 3225 
9974 3225 376 377 3226 
9975 3226 377 378 3227 
9976 3227 378 379 3228 
9977 3228 379 380 3229 
9978 3229 380 381 3230 
9979 3230 381 382 3231 
9980 3231 382 383 3232 
9981 3232 383 384 3233 
9982 3233 384 385 3234 
9983 43 44 3356 375 
9984 375 3356 3357 376 
9985 376 3357 3358 377 
9986 377 3358 3359 378 
9987 378 3359 3360 379 
9988 379 3360 3361 380 
9989 380 3361 3362 381 
9990 381 3362 3363 382 
9991 382 3363 3364 383 
9992 383 3364 3365 384 
9993 384 3365 3366 385 
9994 44 45 408 3356 
9995 3356 408 409 3357 
9996 3357 409 410 3358 
9997 3358 410 411 3359 
9998 3359 411 412 3360 
9999 3360 412 413 3361 
10000 3361 413 414 3362 
10001 3362 414 415 3363 
10002 3363 415 416 3364 
10003 3364 416 417 3365 
10004 3365 417 418 3366 
10005 45 46 397 408 
10006 408 397 398 409 
10007 409 398 399 410 
10008 410 399 400 411 
10009 411 400 401 412 
10010 412 401 402 413 
10011 413 402 403 414 
10012 414 403 404 415 
10013 415 404 405 416 
10014 416 405 406 417 
10015 417 406 407 418 
10016 46 47 2509 397 
10017 397 2509 2510 398 
10018 398 2510 2511 399 
10019 399 2511 2512 400 
10020 400 2512 2513 401 
10021 401 2513 2514 402 
10022 402 2514 2515 403 
10023 403 2515 2516 404 
10024 404 2516 2517 405 
10025 405 2517 2518 406 
10026 406 2518 2519 407 
10027 47 48 826 2509 
10028 2509 826 827 2510 
10029 2510 827 828 2511 
10030 2511 828 829 2512 
10031 2512 829 830 2513 
10032 2513 830 831 2514 
10033 2514 831 832 2515 
10034 2515 832 833 2516 
10035 2516 833 834 2517 
10036 2517 834 835 2518 
10037 2518 835 836 2519 
10038 48 49 452 826 
10039 826 452 453 827 
10040 827 453 454 828 
10041 828 454 455 829 
10042 829 455 456 830 
10043 830 456 457 831 
10044 831 457 458 832 
10045 832 458 459 833 
10046 833 459 460 834 
10047 834 460 461 835 
10048 835 461 462 836 
10049 49 50 3367 452 
10050 452 3367 3368 453 
10051 453 3368 3369 454 
10052 454 3369 3370 455 
10053 455 3370 3371 456 
10054 456 3371 3372 457 
10055 457 3372 3373 458 
10056 458 3373 3374 459 
10057 459 3374 3375 460 
10058 460 3375 3376 461 
10059 461 3376 3377 462 
10060 50 51 782 3367 
10061 3367 782 783 3368 
10062 3368 783 784 3369 
10063 3369 784 785 3370 
10064 3370 785 786 3371 
10065 3371 786 787 3372 
10066 3372 787 788 3373 
10067 3373 788 789 3374 
10068 3374 789 790 3375 
10069 3375 790 791 3376 
10070 3376 791 792 3377 
10071 51 52 3378 782 
10072 782 3378 3379 783 
10073 783 3379 3380 784 
10074 784 3380 3381 785 
10075 785 3381 3382 786 
10076 786 3382 3383 787 
10077 787 3383 3384 788 
10078 788 3384 3385 789 
10079 789 3385 3386 790 
10080 790 3386 3387 791 
10081 791 3387 3388 792 
10082 52 53 925 3378 
10083 3378 925 926 3379 
10084 3379 926 927 3380 
10085 3380 927 928 3381 
10086 3381 928 929 3382 
10087 3382 929 930 3383 
10088 3383 930 931 3384 
10089 3384 931 932 3385 
10090 3385 932 933 3386 
10091 3386 933 934 3387 
10092 3387 934 935 3388 
10093 100 101 1915 1904 
10094 1904 1915 1916 1905 
10095 1905 1916 1917 1906 
10096 1906 1917 1918 1907 
10097 1907 1918 1919 1908 
10098 1908 1919 1920 1909 
10099 1909 1920 1921 1910 
10100 1910 1921 1922 1911 
10101 1911 1922 1923 1912 
10102 1912 1923 1924 1913 
10103 1913 1924 1925 1914 
10104 101 102 2047 1915 
10105 1915 2047 2048 1916 
10106 1916 2048 2049 1917 
10107 1917 2049 2050 1918 
10108 1918 2050 2051 1919 
10109 1919 2051 2052 1920 
10110 1920 2052 2053 1921 
10111 1921 2053 2054 1922 
10112 1922 2054 2055 1923 
10113 1923 2055 2056 1924 
10114 1924 2056 2057 1925 
10115 102 103 2058 2047 
10116 2047 2058 2059 2048 
10117 2048 2059 2060 2049 
10118 2049 2060 2061 2050 
10119 2050 2061 2062 2051 
10120 2051 2062 2063 2052 
10121 2052 2063 2064 2053 
10122 2053 2064 2065 2054 
10123 2054 2065 2066 2055 
10124 2055 2066 2067 2056 
10125 2056 2067 2068 2057 
10126 103 104 2289 2058 
10127 2058 2289 2290 2059 
10128 2059 2290 2291 2060 
10129 2060 2291 2292 2061 
10130 2061 2292 2293 2062 
10131 2062 2293 2294 2063 
10132 2063 2294 2295 2064 
10133 2064 2295 2296 2065 
10134 2065 2296 2297 2066 
10135 2066 2297 2298 2067 
10136 2067 2298 2299 2068 
10137 104 105 2300 2289 
10138 2289 2300 2301 2290 
10139 2290 2301 2302 2291 
10140 2291 2302 2303 2292 
10141 2292 2303 2304 2293 
10142 2293 2304 2305 2294 
10143 2294 2305 2306 2295 
10144 2295 2306 2307 2296 
10145 2296 2307 2308 2297 
10146 2297 2308 2309 2298 
10147 2298 2309 2310 2299 
10148 294 295 1926 1013 
10149 1013 1926 1927 1014 
10150 1014 1927 1928 1015 
10151 1015 1928 1929 1016 
10152 1016 1929 1930 1017 
10153 1017 1930 1931 1018 
10154 1018 1931 1932 1019 
10155 1019 1932 1933 1020 
10156 1020 1933 1934 1021 
10157 1021 1934 1935 1022 
10158 1022 1935 1936 1023 
10159 295 296 1937 1926 
10160 1926 1937 1938 1927 
10161 1927 1938 1939 1928 
10162 1928 1939 1940 1929 
10163 1929 1940 1941 1930 
10164 1930 1941 1942 1931 
10165 1931 1942 1943 1932 
10166 1932 1943 1944 1933 
10167 1933 1944 1945 1934 
10168 1934 1945 1946 1935 
10169 1935 1946 1947 1936 
10170 296 297 1948 1937 
10171 1937 1948 1949 1938 
10172 1938 1949 1950 1939 
10173 1939 1950 1951 1940 
10174 1940 1951 1952 1941 
10175 1941 1952 1953 1942 
10176 1942 1953 1954 1943 
10177 1943 1954 1955 1944 
10178 1944 1955 1956 1945 
10179 1945 1956 1957 1946 
10180 1946 1957 1958 1947 
10181 297 298 1376 1948 
10182 1948 1376 1377 1949 
10183 1949 1377 1378 1950 
10184 1950 1378 1379 1951 
10185 1951 1379 1380 1952 
10186 1952 1380 1381 1953 
10187 1953 1381 1382 1954 
10188 1954 1382 1383 1955 
10189 1955 1383 1384 1956 
10190 1956 1384 1385 1957 
10191 1957 1385 1386 1958 
10192 298 299 1387 1376 
10193 1376 1387 1388 1377 
10194 1377 1388 1389 1378 
10195 1378 1389 1390 1379 
10196 1379 1390 1391 1380 
10197 1380 1391 1392 1381 
10198 1381 1392 1393 1382 
10199 1382 1393 1394 1383 
10200 1383 1394 1395 1384 
10201 1384 1395 1396 1385 
10202 1385 1396 1397 1386 
10203 299 300 1398 1387 
10204 1387 1398 1399 1388 
10205 1388 1399 1400 1389 
10206 1389 1400 1401 1390 
10207 1390 1401 1402 1391 
10208 1391 1402 1403 1392 
10209 1392 1403 1404 1393 
10210 1393 1404 1405 1394 
10211 1394 1405 1406 1395 
10212 1395 1406 1407 1396 
10213 1396 1407 1408 1397 
10214 300 301 1409 1398 
10215 1398 1409 1410 1399 
10216 1399 1410 1411 1400 
10217 1400 1411 1412 1401 
10218 1401 1412 1413 1402 
10219 1402 1413 1414 1403 
10220 1403 1414 1415 1404 
10221 1404 1415 1416 1405 
10222 1405 1416 1417 1406 
10223 1406 1417 1418 1407 
10224 1407 1418 1419 1408 
10225 301 302 1420 1409 
10226 1409 1420 1421 1410 
10227 1410 1421 1422 1411 
10228 1411 1422 1423 1412 
10229 1412 1423 1424 1413 
10230 1413 1424 1425 1414 
10231 1414 1425 1426 1415 
10232 1415 1426 1427 1416 
10233 1416 1427 1428 1417 
10234 1417 1428 1429 1418 
10235 1418 1429 1430 1419 
10236 302 1 1728 1420 
10237 1420 1728 1729 1421 
10238 1421 1729 1730 1422 
10239 1422 1730 1731 1423 
10240 1423 1731 1732 1424 
10241 1424 1732 1733 1425 
10242 1425 1733 1734 1426 
10243 1426 1734 1735 1427 
10244 1427 1735 1736 1428 
10245 1428 1736 1737 1429 
10246 1429 1737 1738 1430 
10247 1508 1509 1520 1519 
10248 1509 1510 1521 1520 
10249 1510 1511 1522 1521 
10250 1511 1512 1523 1522 
10251 1512 1513 1524 1523 
10252 1513 1514 1525 1524 
10253 1514 1515 1526 1525 
10254 1515 1516 1527 1526 
10255 1516 1517 1528 1527 
10256 1517 1518 1529 1528 
10257 1519 1520 1531 1530 
10258 1520 1521 1532 1531 
10259 1521 1522 1533 1532 
10260 1522 1523 1534 1533 
10261 1523 1524 1535 1534 
10262 1524 1525 1536 1535 
10263 1525 1526 1537 1536 
10264 1526 1527 1538 1537 
10265 1527 1528 1539 1538 
10266 1528 1529 1540 1539 
10267 1530 1531 1542 1541 
10268 1531 1532 1543 1542 
10269 1532 1533 1544 1543 
10270 1533 1534 1545 1544 
10271 1534 1535 1546 1545 
10272 1535 1536 1547 1546 
10273 1536 1537 1548 1547 
10274 1537 1538 1549 1548 
10275 1538 1539 1550 1549 
10276 1539 1540 1551 1550 
10277 1541 1542 1553 1552 
10278 1542 1543 1554 1553 
10279 1543 1544 1555 1554 
10280 1544 1545 1556 1555 
10281 1545 1546 1557 1556 
10282 1546 1547 1558 1557 
10283 1547 1548 1559 1558 
10284 1548 1549 1560 1559 
10285 1549 1550 1561 1560 
10286 1550 1551 1562 1561 
10287 1552 1553 1564 1563 
10288 1553 1554 1565 1564 
10289 1554 1555 1566 1565 
10290 1555 1556 1567 1566 
10291 1556 1557 1568 1567 
10292 1557 1558 1569 1568 
10293 1558 1559 1570 1569 
10294 1559 1560 1571 1570 
10295 1560 1561 1572 1571 
10296 1561 1562 1573 1572 
10297 1563 1564 1575 1574 
10298 1564 1565 1576 1575 
10299 1565 1566 1577 1576 
10300 1566 1567 1578 1577 
10301 1567 1568 1579 1578 
10302 1568 1569 1580 1579 
10303 1569 1570 1581 1580 
10304 1570 1571 1582 1581 
10305 1571 1572 1583 1582 
10306 1572 1573 1584 1583 
10307 1574 1575 1586 1585 
10308 1575 1576 1587 1586 
10309 1576 1577 1588 1587 
10310 1577 1578 1589 1588 
10311 1578 1579 1590 1589 
10312 1579 1580 1591 1590 
10313 1580 1581 1592 1591 
10314 1581 1582 1593 1592 
10315 1582 1583 1594 1593 
10316 1583 1584 1595 1594 
10317 1585 1586 1597 1596 
10318 1586 1587 1598 1597 
10319 1587 1588 1599 1598 
10320 1588 1589 1600 1599 
10321 1589 1590 1601 1600 
10322 1590 1591 1602 1601 
10323 1591 1592 1603 1602 
10324 1592 1593 1604 1603 
10325 1593 1594 1605 1604 
10326 1594 1595 1606 1605 
10327 1596 1597 1608 1607 
10328 1597 1598 1609 1608 
10329 1598 1599 1610 1609 
10330 1599 1600 1611 1610 
10331 1600 1601 1612 1611 
10332 1601 1602 1613 1612 
10333 1602 1603 1614 1613 
10334 1603 1604 1615 1614 
10335 1604 1605 1616 1615 
10336 1605 1606 1617 1616 
10337 1607 1608 1619 1618 
10338 1608 1609 1620 1619 
10339 1609 1610 1621 1620 
10340 1610 1611 1622 1621 
10341 1611 1612 1623 1622 
10342 1612 1613 1624 1623 
10343 1613 1614 1625 1624 
10344 1614 1615 1626 1625 
10345 1615 1616 1627 1626 
10346 1616 1617 1628 1627 
10347 1618 1619 1630 1629 
10348 1619 1620 1631 1630 
10349 1620 1621 1632 1631 
10350 1621 1622 1633 1632 
10351 1622 1623 1634 1633 
10352 1623 1624 1635 1634 
10353 1624 1625 1636 1635 
10354 1625 1626 1637 1636 
10355 1626 1627 1638 1637 
10356 1627 1628 1639 1638 
10357 1629 1630 1641 1640 
10358 1630 1631 1642 1641 
10359 1631 1632 1643 1642 
10360 1632 1633 1644 1643 
10361 1633 1634 1645 1644 
10362 1634 1635 1646 1645 
10363 1635 1636 1647 1646 
10364 1636 1637 1648 1647 
10365 1637 1638 1649 1648 
10366 1638 1639 1650 1649 
10367 1640 1641 1652 1651 
10368 1641 1642 1653 1652 
10369 1642 1643 1654 1653 
10370 1643 1644 1655 1654 
10371 1644 1645 1656 1655 
10372 1645 1646 1657 1656 
10373 1646 1647 1658 1657 
10374 1647 1648 1659 1658 
10375 1648 1649 1660 1659 
10376 1649 1650 1661 1660 
10377 1651 1652 1663 1662 
10378 1652 1653 1664 1663 
10379 1653 1654 1665 1664 
10380 1654 1655 1666 1665 
10381 1655 1656 1667 1666 
10382 1656 1657 1668 1667 
10383 1657 1658 1669 1668 
10384 1658 1659 1670 1669 
10385 1659 1660 1671 1670 
10386 1660 1661 1672 1671 
10387 1662 1663 1674 1673 
10388 1663 1664 1675 1674 
10389 1664 1665 1676 1675 
10390 1665 1666 1677 1676 
10391 1666 1667 1678 1677 
10392 1667 1668 1679 1678 
10393 1668 1669 1680 1679 
10394 1669 1670 1681 1680 
10395 1670 1671 1682 1681 
10396 1671 1672 1683 1682 
10397 1673 1674 1685 1684 
10398 1674 1675 1686 1685 
10399 1675 1676 1687 1686 
10400 1676 1677 1688 1687 
10401 1677 1678 1689 1688 
10402 1678 1679 1690 1689 
10403 1679 1680 1691 1690 
10404 1680 1681 1692 1691 
10405 1681 1682 1693 1692 
10406 1682 1683 1694 1693 
10407 1684 1685 1696 1695 
10408 1685 1686 1697 1696 
10409 1686 1687 1698 1697 
10410 1687 1688 1699 1698 
10411 1688 1689 1700 1699 
10412 1689 1690 1701 1700 
10413 1690 1691 1702 1701 
10414 1691 1692 1703 1702 
10415 1692 1693 1704 1703 
10416 1693 1694 1705 1704 
10417 1695 1696 1707 1706 
10418 1696 1697 1708 1707 
10419 1697 1698 1709 1708 
10420 1698 1699 1710 1709 
10421 1699 1700 1711 1710 
10422 1700 1701 1712 1711 
10423 1701 1702 1713 1712 
10424 1702 1703 1714 1713 
10425 1703 1704 1715 1714 
10426 1704 1705 1716 1715 
10427 1706 1707 1718 1717 
10428 1707 1708 1719 1718 
10429 1708 1709 1720 1719 
10430 1709 1710 1721 1720 
10431 1710 1711 1722 1721 
10432 1711 1712 1723 1722 
10433 1712 1713 1724 1723 
10434 1713 1714 1725 1724 
10435 1714 1715 1726 1725 
10436 1715 1716 1727 1726 
10437 1717 1718 1729 1728 
10438 1718 1719 1730 1729 
10439 1719 1720 1731 1730 
10440 1720 1721 1732 1731 
10441 1721 1722 1733 1732 
10442 1722 1723 1734 1733 
10443 1723 1724 1735 1734 
10444 1724 1725 1736 1735 
10445 1725 1726 1737 1736 
10446 1726 1727 1738 1737 
$EndElements
