$MeshFormat
4.1 0 8
$EndMeshFormat
$PhysicalNames
3
1 7 "farfield"
1 8 "airfoil"
2 9 "fluid"
$EndPhysicalNames
$Entities
84 6 1 0
1 1 0 0 0 
2 0.998474 0.000326 0 0 
3 0.993903 0.001298 0 0 
4 0.986314 0.002896 0 0 
5 0.975752 0.005092 0 0 
6 0.962276 0.007845 0 0 
7 0.945966 0.011105 0 0 
8 0.926917 0.014814 0 0 
9 0.90524 0.01891 0 0 
10 0.881064 0.023324 0 0 
11 0.854532 0.027985 0 0 
12 0.825802 0.032822 0 0 
13 0.7950469999999999 0.03776 0 0 
14 0.762452 0.042726 0 0 
15 0.728216 0.047648 0 0 
16 0.692545 0.052453 0 0 
17 0.655659 0.057071 0 0 
18 0.617783 0.061432 0 0 
19 0.579153 0.065468 0 0 
20 0.540006 0.06911299999999999 0 0 
21 0.500587 0.07230300000000001 0 0 
22 0.461143 0.074977 0 0 
23 0.421921 0.077082 0 0 
24 0.383032 0.07854700000000001 0 0 
25 0.34468 0.07918 0 0 
26 0.307289 0.07893 0 0 
27 0.271106 0.077795 0 0 
28 0.236371 0.07579 0 0 
29 0.203313 0.072945 0 0 
30 0.172151 0.06930799999999999 0 0 
31 0.143089 0.06494 0 0 
32 0.116313 0.059917 0 0 
33 0.09199599999999999 0.054325 0 0 
34 0.070289 0.048257 0 0 
35 0.051324 0.041808 0 0 
36 0.035214 0.035076 0 0 
37 0.022051 0.028152 0 0 
38 0.011907 0.02112 0 0 
39 0.004833 0.014049 0 0 
40 0.00086 0.006997 0 0 
41 0 0 0 0 
42 0.002223 -0.006689 0 0 
43 0.007479 -0.012828 0 0 
44 0.015723 -0.018404 0 0 
45 0.026892 -0.023408 0 0 
46 0.040906 -0.027826 0 0 
47 0.057669 -0.031651 0 0 
48 0.077071 -0.034878 0 0 
49 0.09898700000000001 -0.037507 0 0 
50 0.123281 -0.039546 0 0 
51 0.149805 -0.041012 0 0 
52 0.178401 -0.041933 0 0 
53 0.208902 -0.042343 0 0 
54 0.241131 -0.04229 0 0 
55 0.274904 -0.041827 0 0 
56 0.310028 -0.041016 0 0 
57 0.346303 -0.039923 0 0 
58 0.383522 -0.038617 0 0 
59 0.421645 -0.037134 0 0 
60 0.460398 -0.035388 0 0 
61 0.499413 -0.033414 0 0 
62 0.538453 -0.031267 0 0 
63 0.577282 -0.028997 0 0 
64 0.615662 -0.026651 0 0 
65 0.653358 -0.024269 0 0 
66 0.6901389999999999 -0.021884 0 0 
67 0.7257749999999999 -0.019529 0 0 
68 0.760046 -0.017226 0 0 
69 0.7927380000000001 -0.014999 0 0 
70 0.823646 -0.012865 0 0 
71 0.852575 -0.010842 0 0 
72 0.879342 -0.008946000000000001 0 0 
73 0.9037770000000001 -0.007191 0 0 
74 0.925723 -0.005594 0 0 
75 0.94504 -0.004169 0 0 
76 0.961603 -0.002931 0 0 
77 0.975305 -0.001896 0 0 
78 0.986056 -0.001076 0 0 
79 0.993785 -0.000481 0 0 
80 0.998444 -0.000121 0 0 
81 -25 -25 0 0 
82 25 -25 0 0 
83 25 25 0 0 
84 -25 25 0 0 
1 0 0 0 1 0.07746655144032924 0 1 8 2 1 -41 
2 0 -0.04217892592592593 0 1 0 0 1 8 2 41 -1 
3 -25 -25 0 25 -25 0 1 7 2 81 -82 
4 25 -25 0 25 25 0 1 7 2 82 -83 
5 -25 25 0 25 25 0 1 7 2 83 -84 
6 -25 -25 0 -25 25 0 1 7 2 84 -81 
1 -25 -25 0 25 25 0 1 9 6 1 2 -5 -4 -3 -6 
$EndEntities
$Nodes
13 7005 1 7005
0 1 0 1
1
1 -0 0
0 41 0 1
2
0 0 0
0 81 0 1
3
-25 -25 0
0 82 0 1
4
25 -25 0
0 83 0 1
5
25 25 0
0 84 0 1
6
-25 25 0
1 1 0 148
7
8
9
10
11
12
13
14
15
16
17
18
19
20
21
22
23
24
25
26
27
28
29
30
31
32
33
34
35
36
37
38
39
40
41
42
43
44
45
46
47
48
49
50
51
52
53
54
55
56
57
58
59
60
61
62
63
64
65
66
67
68
69
70
71
72
73
74
75
76
77
78
79
80
81
82
83
84
85
86
87
88
89
90
91
92
93
94
95
96
97
98
99
100
101
102
103
104
105
106
107
108
109
110
111
112
113
114
115
116
117
118
119
120
121
122
123
124
125
126
127
128
129
130
131
132
133
134
135
136
137
138
139
140
141
142
143
144
145
146
147
148
149
150
151
152
153
154
0.9970568717618271 0.0006281827931166538 0
0.9936384669772272 0.001353914118937942 0
0.9899169707969946 0.002139790255961806 0
0.9859455355257452 0.002973021347023343 0
0.9817557933867898 0.003847892348155312 0
0.9773694163903597 0.004758367649365131 0
0.9728022646991487 0.005698803890106624 0
0.9680679451525526 0.006668794817297602 0
0.9631766328407272 0.007663007020870341 0
0.958137258887621 0.008679152798940819 0
0.9529581741143104 0.009717392055477716 0
0.9476457789076277 0.01077334926943753 0
0.9422060009181672 0.01184477516862217 0
0.9366449884073081 0.01293297401403167 0
0.9309674891143781 0.01403471082300775 0
0.9251777604899011 0.01514704482555808 0
0.9192806071047325 0.01627155286380461 0
0.9132800233309921 0.01740666519667592 0
0.9071793761706036 0.01854939008836814 0
0.9009820508622228 0.01969839631641768 0
0.8946919029709763 0.02085544093711889 0
0.8883118685880842 0.0220182031339099 0
0.8818446205016103 0.02318419167766174 0
0.8752930713778492 0.02435321205398727 0
0.8686603470152544 0.02552640917670313 0
0.8619488592129071 0.02670165315038289 0
0.8551608647845771 0.02787685218086949 0
0.8482988874483527 0.02905213783823702 0
0.8413656050578289 0.03022852553445358 0
0.8343630844247995 0.03140400503060695 0
0.8272932771603173 0.03257659467179037 0
0.8201583109174189 0.03374590971888732 0
0.8129606282461916 0.03491344206268408 0
0.8057021073829135 0.03607756040635159 0
0.7983845213766609 0.0372365496630442 0
0.7910096762005286 0.0383893816516206 0
0.7835798087379874 0.0395377942358806 0
0.7760967014895255 0.04068070346597069 0
0.7685619959918217 0.04181657471154665 0
0.7609772813583461 0.04294395329355972 0
0.753344532614569 0.04406413405725019 0
0.7456655320292014 0.04517701382999 0
0.7379418105892557 0.04628109618934098 0
0.7301748472325912 0.04737487795935395 0
0.7223662455198557 0.04845800196368995 0
0.7145178740552599 0.049531903806 0
0.7066312200706755 0.05059539685063254 0
0.6987077109795933 0.05164714949014092 0
0.6907487480671737 0.05268590540291245 0
0.6827560541377937 0.05371294390971218 0
0.6747311828209817 0.0547281306546482 0
0.6666755055854324 0.05573015016541218 0
0.6585903650046997 0.05671766010861835 0
0.65047717544811 0.05769007404972655 0
0.642337612750487 0.05864890882591148 0
0.6341730497734738 0.05959318368685508 0
0.6259848048938172 0.06052163707465435 0
0.6177741754673218 0.06143296853648356 0
0.6095426582153526 0.06232774130402189 0
0.601291767178326 0.06320659753190887 0
0.5930228028360697 0.06406830692950505 0
0.5847370498569945 0.06491159862706741 0
0.5764358028915902 0.06573535405787195 0
0.5681206058880944 0.06654096615658753 0
0.559792833556501 0.06732807732099129 0
0.5514537685614492 0.06809545438431218 0
0.5431046869999128 0.06884181212493853 0
0.5347469272310976 0.06956654690963755 0
0.5263820090534692 0.07027111549282278 0
0.5180112432960727 0.07095457215261163 0
0.5096359169614987 0.07161566431398329 0
0.5012573193944746 0.07225307632255014 0
0.4928768571701712 0.07286694493976997 0
0.4844959883087473 0.07345813900517148 0
0.4761160290054997 0.07402557520435481 0
0.4677383008093652 0.07456809300867435 0
0.4593641421260919 0.07508456109531232 0
0.4509950650701935 0.07557657468538609 0
0.4426324510024073 0.07604365979861102 0
0.434277606543676 0.07648383425297604 0
0.4259318592642682 0.0768950844143807 0
0.4175966249667995 0.07727680677927558 0
0.4092735488586703 0.07763371336456484 0
0.400963882960684 0.07796178712531303 0
0.3926688763230844 0.07825557054282978 0
0.3843898532772225 0.07850950233652468 0
0.3761283228186399 0.07872196310368132 0
0.3678859232775641 0.07889720352350003 0
0.3596641518543477 0.07903406694741016 0
0.3514645504177478 0.07913104871680599 0
0.3432887227347949 0.07918644260179789 0
0.3351383214892588 0.0792002498157886 0
0.3270149759014205 0.07917284981937642 0
0.3189203369711808 0.07910388568989771 0
0.310856097265034 0.07899286952551371 0
0.3028239988528526 0.07883917176985526 0
0.2948257823508867 0.07864237879755442 0
0.2868631843478786 0.07840246453833992 0
0.2789379868551582 0.07811929888024352 0
0.2710520304076833 0.07779260931097996 0
0.2632072241574899 0.07742152165761601 0
0.2554054460370394 0.07700562769349256 0
0.2476485825081597 0.07654511145413991 0
0.2399385853986476 0.0760400106639768 0
0.2322775065252825 0.07548990035601301 0
0.2246674884258216 0.07489330621204149 0
0.217110554555494 0.07425057941752768 0
0.2096087833748171 0.07356218971019717 0
0.2021643484448442 0.07282840630939159 0
0.1947796942258228 0.07204740035152332 0
0.1874571249505735 0.07121875102053524 0
0.1801988898668341 0.07034322729348168 0
0.1730073492139762 0.06942143199411829 0
0.1658852073713895 0.06845208974676616 0
0.1588352524807671 0.06743344560957125 0
0.1518599519591124 0.06636666031123824 0
0.1449619003185987 0.06525275808383627 0
0.1381441006658449 0.06409107904621238 0
0.1314099764920656 0.06287877299726051 0
0.1247623578565291 0.06161703926524319 0
0.118204218292887 0.06030710570022052 0
0.111739092394479 0.05894831168255227 0
0.1053711951531283 0.05753723187665371 0
0.09910389530710062 0.05607515525607223 0
0.09294075824101974 0.05456344109782572 0
0.08688632726216218 0.05300054434310611 0
0.08094578564264217 0.05138310164976972 0
0.07512338059323423 0.04971243709101394 0
0.0694237924481636 0.04798955847585613 0
0.06385369119348154 0.04621025459662054 0
0.05841929979721359 0.04437290731152392 0
0.05312650723615695 0.04247859147584482 0
0.04798267649693266 0.04052611437951382 0
0.04299754328192194 0.0385097986056667 0
0.03817965179791519 0.03642936713068811 0
0.03353902754323179 0.03428382095539794 0
0.0290897796317888 0.03206641663833981 0
0.0248458410662711 0.02977451006312527 0
0.02082344064324094 0.02740582939857467 0
0.01704512726189477 0.02495293584170279 0
0.01353584267961927 0.02241170864392608 0
0.01032648851149475 0.01977887273100834 0
0.007457862758890108 0.01705042541306617 0
0.00497643912435428 0.0142310740683964 0
0.002938674536589743 0.01133489052479514 0
0.001402270714153544 0.008395510833671169 0
0.0004636549405482823 0.005460514373343374 0
0.0001857097658059344 0.002621688558687189 0
1 2 0 148
155
156
157
158
159
160
161
162
163
164
165
166
167
168
169
170
171
172
173
174
175
176
177
178
179
180
181
182
183
184
185
186
187
188
189
190
191
192
193
194
195
196
197
198
199
200
201
202
203
204
205
206
207
208
209
210
211
212
213
214
215
216
217
218
219
220
221
222
223
224
225
226
227
228
229
230
231
232
233
234
235
236
237
238
239
240
241
242
243
244
245
246
247
248
249
250
251
252
253
254
255
256
257
258
259
260
261
262
263
264
265
266
267
268
269
270
271
272
273
274
275
276
277
278
279
280
281
282
283
284
285
286
287
288
289
290
291
292
293
294
295
296
297
298
299
300
301
302
0.0006915673865981267 -0.002498061704205045 0
0.001504944607128891 -0.005188121019037301 0
0.002956910144471134 -0.007851057292236872 0
0.004985734232041929 -0.01040630023348229 0
0.007483862616694134 -0.01283221884024197 0
0.01039279442501295 -0.01510635526625382 0
0.01365685091089714 -0.01722599968353306 0
0.01722884988434233 -0.01919950316868245 0
0.02107314224407222 -0.02103479616545629 0
0.02515972618945121 -0.02274390738794708 0
0.02946523009052476 -0.02433736915975645 0
0.03397117957698668 -0.02582291577154099 0
0.03866125022485686 -0.02721045131591838 0
0.04352226595846268 -0.02850779786628506 0
0.04854345207032594 -0.02971970272762111 0
0.05371478726543768 -0.03085280713142445 0
0.05902773382350273 -0.03191277809016011 0
0.06447514182367904 -0.03290248354449263 0
0.07005013597560129 -0.03382619842719622 0
0.07574652611458239 -0.03468834069186794 0
0.08155895763452027 -0.03549166761722233 0
0.08748249157180094 -0.03623784893185844 0
0.09351227864270573 -0.03693056819920443 0
0.09964395551521295 -0.03757301666537958 0
0.1058736895140769 -0.0381659589169308 0
0.1121976403899622 -0.03871123828929227 0
0.1186121312877448 -0.03921190002016038 0
0.1251138032851032 -0.03967043998091497 0
0.1316996319612623 -0.04008652882336971 0
0.138366495960112 -0.04046207707852695 0
0.1451114241944612 -0.04079984933331991 0
0.151931663335041 -0.04110210560689802 0
0.1588246795510752 -0.04136800679658494 0
0.1657878588164371 -0.04159909955300526 0
0.1728187006609942 -0.0417978278213031 0
0.1799148573938529 -0.04196630668599415 0
0.1870741220597947 -0.04210338991359236 0
0.1942942327772439 -0.04221018093208572 0
0.2015730073492218 -0.04228926202383874 0
0.2089083831358116 -0.04234303631587864 0
0.216298384026052 -0.04237099282682563 0
0.2237410119902325 -0.04237280209227615 0
0.2312343253841024 -0.04235088390180895 0
0.2387764723510738 -0.04230751395764054 0
0.2463656622186447 -0.04224347467532361 0
0.2540000710576023 -0.04215694520736419 0
0.2616779316184522 -0.04205010617496595 0
0.2693975538783146 -0.04192530245831093 0
0.2771573062315219 -0.04178452004531543 0
0.2849554973865627 -0.04162569508433896 0
0.2927904769898602 -0.04144964068475684 0
0.3006606756127421 -0.04125863300544808 0
0.3085645747632262 -0.04105486277295906 0
0.3165006379382365 -0.04083844163742723 0
0.3244672597239728 -0.04060762018524711 0
0.3324629607766161 -0.0403645056405431 0
0.3404863044824726 -0.04011123759106021 0
0.3485358787617428 -0.03984971824983961 0
0.3566101948819827 -0.03957846113477834 0
0.3647077575252975 -0.03929751638385617 0
0.3728272042241343 -0.03900807707548439 0
0.3809670319821381 -0.03871132293484519 0
0.3891261177662185 -0.0384088682336256 0
0.3973028078506812 -0.03810140854960162 0
0.4054956807979921 -0.03778632356307834 0
0.4137032398597218 -0.037460861001129 0
0.4219239995151697 -0.03712227452469347 0
0.4301565817179405 -0.03677035037368023 0
0.4383996889942181 -0.03640695659177606 0
0.4466519951876993 -0.03603277072051207 0
0.4549121917681965 -0.03564841613496555 0
0.463178974134701 -0.03525431908346955 0
0.4714509637769531 -0.03484934906656734 0
0.4797268657787881 -0.03443421358768699 0
0.4880054254636557 -0.03401023282372609 0
0.4962853945936885 -0.03357869977228748 0
0.5045654905333848 -0.03314018978988966 0
0.512844324141022 -0.03269327131792509 0
0.5211206315436673 -0.03223883870814238 0
0.5293931641522904 -0.03177801890779116 0
0.5376606716786111 -0.03131192309724128 0
0.5459218268487182 -0.03084036045259601 0
0.5541752726709536 -0.03036253671324346 0
0.5624197542433317 -0.02987946187112973 0
0.5706540118023896 -0.02939214702826503 0
0.57887677291524 -0.02890154625448957 0
0.5870866572496404 -0.02840687270939363 0
0.5952823384088308 -0.02790810312224621 0
0.6034625323713243 -0.02740605026267824 0
0.611625941561707 -0.02690152112339992 0
0.6197712340313609 -0.02639506186674568 0
0.6278969993808379 -0.02588587865910057 0
0.6360019043535802 -0.02537434733992101 0
0.6440846128805926 -0.02486108191680885 0
0.652143765871949 -0.02434669534129571 0
0.6601779454322134 -0.02383119286981292 0
0.6681857199055662 -0.02331413344083723 0
0.676165716493676 -0.02279612203009491 0
0.6841165353013793 -0.02227778377136854 0
0.6920367398749004 -0.02175971315132877 0
0.6999248245656392 -0.02124161885827054 0
0.7077793202594531 -0.02072349090261614 0
0.7155987499614737 -0.02020564575076885 0
0.7233815960075023 -0.01968840076265008 0
0.7311262861824709 -0.01917188039469718 0
0.7388312410274596 -0.01865586116450749 0
0.746494911243424 -0.01814070636585784 0
0.7541157023933479 -0.01762682340945764 0
0.7616919631072765 -0.0171146108284957 0
0.7692219843408372 -0.01660399376133233 0
0.7767040866419103 -0.01609499473766118 0
0.7841365505353818 -0.01558781632866514 0
0.7915175892436968 -0.0150826631012872 0
0.7988453429691337 -0.01457960865595631 0
0.8061179675457417 -0.01407865077744816 0
0.8133336012044291 -0.01358005773480958 0
0.820490297347897 -0.01308410896266682 0
0.827586011412791 -0.01259102281627534 0
0.8346186721102101 -0.01210074038457394 0
0.8415862068442944 -0.01161346520250244 0
0.8484864411292298 -0.01112944869766551 0
0.8553170741591035 -0.01064892471499767 0
0.8620757446372547 -0.01017190857946982 0
0.8687600852408617 -0.009698564703331511 0
0.8753675950457163 -0.009229116814392474 0
0.8818956050622204 -0.008763760047312979 0
0.8883413497327359 -0.008302444158922026 0
0.8947020476620575 -0.007845505488732193 0
0.9009747282433878 -0.007393401129495068 0
0.9071561859684859 -0.006946511410388059 0
0.913243071609416 -0.006504776289509881 0
0.9192319377183831 -0.006068536061339834 0
0.9251190313480098 -0.005638225954401829 0
0.9309002558914249 -0.005214021563045781 0
0.9365713509545006 -0.004796056444654231 0
0.942127731726447 -0.004384985646348363 0
0.9475642685970727 -0.003981403900222611 0
0.9528753435324433 -0.003585234159722645 0
0.9580549131091566 -0.003197322088108661 0
0.9630960633972097 -0.002818783833825603 0
0.9679908536840804 -0.002449817553725662 0
0.9727303423648702 -0.002091212837277545 0
0.9773037878170381 -0.001744195630425049 0
0.9816981340052031 -0.001409308025919436 0
0.9858971563271899 -0.001088162262959959 0
0.9898789242787142 -0.0007822973415746382 0
0.9936120741910074 -0.0004943326901280568 0
0.9970433268257379 -0.0002293847041172878 0
1 3 0 18
303
304
305
306
307
308
309
310
311
312
313
314
315
316
317
318
319
320
-22.36842105263604 -25 0
-19.73684210527208 -25 0
-17.10526315791981 -25 0
-14.47368421056976 -25 0
-11.84210526321515 -25 0
-9.210526315860241 -25 0
-6.578947368496678 -25 0
-3.947368421132708 -25 0
-1.315789473768739 -25 0
1.315789473595224 -25 0
3.94736842095919 -25 0
6.578947368323163 -25 0
9.210526315704001 -25 0
11.84210526308667 -25 0
14.47368421046934 -25 0
17.105263157852 -25 0
19.73684210523467 -25 0
22.36842105261733 -25 0
1 4 0 18
321
322
323
324
325
326
327
328
329
330
331
332
333
334
335
336
337
338
25 -22.36842105263604 0
25 -19.73684210527208 0
25 -17.10526315791981 0
25 -14.47368421056976 0
25 -11.84210526321515 0
25 -9.210526315860241 0
25 -6.578947368496678 0
25 -3.947368421132708 0
25 -1.315789473768739 0
25 1.315789473595224 0
25 3.94736842095919 0
25 6.578947368323163 0
25 9.210526315704001 0
25 11.84210526308667 0
25 14.47368421046934 0
25 17.105263157852 0
25 19.73684210523467 0
25 22.36842105261733 0
1 5 0 18
339
340
341
342
343
344
345
346
347
348
349
350
351
352
353
354
355
356
22.36842105263604 25 0
19.73684210527208 25 0
17.10526315791981 25 0
14.47368421056976 25 0
11.84210526321515 25 0
9.210526315860241 25 0
6.578947368496678 25 0
3.947368421132708 25 0
1.315789473768739 25 0
-1.315789473595224 25 0
-3.94736842095919 25 0
-6.578947368323163 25 0
-9.210526315704001 25 0
-11.84210526308667 25 0
-14.47368421046934 25 0
-17.105263157852 25 0
-19.73684210523467 25 0
-22.36842105261733 25 0
1 6 0 18
357
358
359
360
361
362
363
364
365
366
367
368
369
370
371
372
373
374
-25 22.36842105263604 0
-25 19.73684210527208 0
-25 17.10526315791981 0
-25 14.47368421056976 0
-25 11.84210526321515 0
-25 9.210526315860241 0
-25 6.578947368496678 0
-25 3.947368421132708 0
-25 1.315789473768739 0
-25 -1.315789473595224 0
-25 -3.94736842095919 0
-25 -6.578947368323163 0
-25 -9.210526315704001 0
-25 -11.84210526308667 0
-25 -14.47368421046934 0
-25 -17.105263157852 0
-25 -19.73684210523467 0
-25 -22.36842105261733 0
2 1 0 6631
375
376
377
378
379
380
381
382
383
384
385
386
387
388
389
390
391
392
393
394
395
396
397
398
399
400
401
402
403
404
405
406
407
408
409
410
411
412
413
414
415
416
417
418
419
420
421
422
423
424
425
426
427
428
429
430
431
432
433
434
435
436
437
438
439
440
441
442
443
444
445
446
447
448
449
450
451
452
453
454
455
456
457
458
459
460
461
462
463
464
465
466
467
468
469
470
471
472
473
474
475
476
477
478
479
480
481
482
483
484
485
486
487
488
489
490
491
492
493
494
495
496
497
498
499
500
501
502
503
504
505
506
507
508
509
510
511
512
513
514
515
516
517
518
519
520
521
522
523
524
525
526
527
528
529
530
531
532
533
534
535
536
537
538
539
540
541
542
543
544
545
546
547
548
549
550
551
552
553
554
555
556
557
558
559
560
561
562
563
564
565
566
567
568
569
570
571
572
573
574
575
576
577
578
579
580
581
582
583
584
585
586
587
588
589
590
591
592
593
594
595
596
597
598
599
600
601
602
603
604
605
606
607
608
609
610
611
612
613
614
615
616
617
618
619
620
621
622
623
624
625
626
627
628
629
630
631
632
633
634
635
636
637
638
639
640
641
642
643
644
645
646
647
648
649
650
651
652
653
654
655
656
657
658
659
660
661
662
663
664
665
666
667
668
669
670
671
672
673
674
675
676
677
678
679
680
681
682
683
684
685
686
687
688
689
690
691
692
693
694
695
696
697
698
699
700
701
702
703
704
705
706
707
708
709
710
711
712
713
714
715
716
717
718
719
720
721
722
723
724
725
726
727
728
729
730
731
732
733
734
735
736
737
738
739
740
741
742
743
744
745
746
747
748
749
750
751
752
753
754
755
756
757
758
759
760
761
762
763
764
765
766
767
768
769
770
771
772
773
774
775
776
777
778
779
780
781
782
783
784
785
786
787
788
789
790
791
792
793
794
795
796
797
798
799
800
801
802
803
804
805
806
807
808
809
810
811
812
813
814
815
816
817
818
819
820
821
822
823
824
825
826
827
828
829
830
831
832
833
834
835
836
837
838
839
840
841
842
843
844
845
846
847
848
849
850
851
852
853
854
855
856
857
858
859
860
861
862
863
864
865
866
867
868
869
870
871
872
873
874
875
876
877
878
879
880
881
882
883
884
885
886
887
888
889
890
891
892
893
894
895
896
897
898
899
900
901
902
903
904
905
906
907
908
909
910
911
912
913
914
915
916
917
918
919
920
921
922
923
924
925
926
927
928
929
930
931
932
933
934
935
936
937
938
939
940
941
942
943
944
945
946
947
948
949
950
951
952
953
954
955
956
957
958
959
960
961
962
963
964
965
966
967
968
969
970
971
972
973
974
975
976
977
978
979
980
981
982
983
984
985
986
987
988
989
990
991
992
993
994
995
996
997
998
999
1000
1001
1002
1003
1004
1005
1006
1007
1008
1009
1010
1011
1012
1013
1014
1015
1016
1017
1018
1019
1020
1021
1022
1023
1024
1025
1026
1027
1028
1029
1030
1031
1032
1033
1034
1035
1036
1037
1038
1039
1040
1041
1042
1043
1044
1045
1046
1047
1048
1049
1050
1051
1052
1053
1054
1055
1056
1057
1058
1059
1060
1061
1062
1063
1064
1065
1066
1067
1068
1069
1070
1071
1072
1073
1074
1075
1076
1077
1078
1079
1080
1081
1082
1083
1084
1085
1086
1087
1088
1089
1090
1091
1092
1093
1094
1095
1096
1097
1098
1099
1100
1101
1102
1103
1104
1105
1106
1107
1108
1109
1110
1111
1112
1113
1114
1115
1116
1117
1118
1119
1120
1121
1122
1123
1124
1125
1126
1127
1128
1129
1130
1131
1132
1133
1134
1135
1136
1137
1138
1139
1140
1141
1142
1143
1144
1145
1146
1147
1148
1149
1150
1151
1152
1153
1154
1155
1156
1157
1158
1159
1160
1161
1162
1163
1164
1165
1166
1167
1168
1169
1170
1171
1172
1173
1174
1175
1176
1177
1178
1179
1180
1181
1182
1183
1184
1185
1186
1187
1188
1189
1190
1191
1192
1193
1194
1195
1196
1197
1198
1199
1200
1201
1202
1203
1204
1205
1206
1207
1208
1209
1210
1211
1212
1213
1214
1215
1216
1217
1218
1219
1220
1221
1222
1223
1224
1225
1226
1227
1228
1229
1230
1231
1232
1233
1234
1235
1236
1237
1238
1239
1240
1241
1242
1243
1244
1245
1246
1247
1248
1249
1250
1251
1252
1253
1254
1255
1256
1257
1258
1259
1260
1261
1262
1263
1264
1265
1266
1267
1268
1269
1270
1271
1272
1273
1274
1275
1276
1277
1278
1279
1280
1281
1282
1283
1284
1285
1286
1287
1288
1289
1290
1291
1292
1293
1294
1295
1296
1297
1298
1299
1300
1301
1302
1303
1304
1305
1306
1307
1308
1309
1310
1311
1312
1313
1314
1315
1316
1317
1318
1319
1320
1321
1322
1323
1324
1325
1326
1327
1328
1329
1330
1331
1332
1333
1334
1335
1336
1337
1338
1339
1340
1341
1342
1343
1344
1345
1346
1347
1348
1349
1350
1351
1352
1353
1354
1355
1356
1357
1358
1359
1360
1361
1362
1363
1364
1365
1366
1367
1368
1369
1370
1371
1372
1373
1374
1375
1376
1377
1378
1379
1380
1381
1382
1383
1384
1385
1386
1387
1388
1389
1390
1391
1392
1393
1394
1395
1396
1397
1398
1399
1400
1401
1402
1403
1404
1405
1406
1407
1408
1409
1410
1411
1412
1413
1414
1415
1416
1417
1418
1419
1420
1421
1422
1423
1424
1425
1426
1427
1428
1429
1430
1431
1432
1433
1434
1435
1436
1437
1438
1439
1440
1441
1442
1443
1444
1445
1446
1447
1448
1449
1450
1451
1452
1453
1454
1455
1456
1457
1458
1459
1460
1461
1462
1463
1464
1465
1466
1467
1468
1469
1470
1471
1472
1473
1474
1475
1476
1477
1478
1479
1480
1481
1482
1483
1484
1485
1486
1487
1488
1489
1490
1491
1492
1493
1494
1495
1496
1497
1498
1499
1500
1501
1502
1503
1504
1505
1506
1507
1508
1509
1510
1511
1512
1513
1514
1515
1516
1517
1518
1519
1520
1521
1522
1523
1524
1525
1526
1527
1528
1529
1530
1531
1532
1533
1534
1535
1536
1537
1538
1539
1540
1541
1542
1543
1544
1545
1546
1547
1548
1549
1550
1551
1552
1553
1554
1555
1556
1557
1558
1559
1560
1561
1562
1563
1564
1565
1566
1567
1568
1569
1570
1571
1572
1573
1574
1575
1576
1577
1578
1579
1580
1581
1582
1583
1584
1585
1586
1587
1588
1589
1590
1591
1592
1593
1594
1595
1596
1597
1598
1599
1600
1601
1602
1603
1604
1605
1606
1607
1608
1609
1610
1611
1612
1613
1614
1615
1616
1617
1618
1619
1620
1621
1622
1623
1624
1625
1626
1627
1628
1629
1630
1631
1632
1633
1634
1635
1636
1637
1638
1639
1640
1641
1642
1643
1644
1645
1646
1647
1648
1649
1650
1651
1652
1653
1654
1655
1656
1657
1658
1659
1660
1661
1662
1663
1664
1665
1666
1667
1668
1669
1670
1671
1672
1673
1674
1675
1676
1677
1678
1679
1680
1681
1682
1683
1684
1685
1686
1687
1688
1689
1690
1691
1692
1693
1694
1695
1696
1697
1698
1699
1700
1701
1702
1703
1704
1705
1706
1707
1708
1709
1710
1711
1712
1713
1714
1715
1716
1717
1718
1719
1720
1721
1722
1723
1724
1725
1726
1727
1728
1729
1730
1731
1732
1733
1734
1735
1736
1737
1738
1739
1740
1741
1742
1743
1744
1745
1746
1747
1748
1749
1750
1751
1752
1753
1754
1755
1756
1757
1758
1759
1760
1761
1762
1763
1764
1765
1766
1767
1768
1769
1770
1771
1772
1773
1774
1775
1776
1777
1778
1779
1780
1781
1782
1783
1784
1785
1786
1787
1788
1789
1790
1791
1792
1793
1794
1795
1796
1797
1798
1799
1800
1801
1802
1803
1804
1805
1806
1807
1808
1809
1810
1811
1812
1813
1814
1815
1816
1817
1818
1819
1820
1821
1822
1823
1824
1825
1826
1827
1828
1829
1830
1831
1832
1833
1834
1835
1836
1837
1838
1839
1840
1841
1842
1843
1844
1845
1846
1847
1848
1849
1850
1851
1852
1853
1854
1855
1856
1857
1858
1859
1860
1861
1862
1863
1864
1865
1866
1867
1868
1869
1870
1871
1872
1873
1874
1875
1876
1877
1878
1879
1880
1881
1882
1883
1884
1885
1886
1887
1888
1889
1890
1891
1892
1893
1894
1895
1896
1897
1898
1899
1900
1901
1902
1903
1904
1905
1906
1907
1908
1909
1910
1911
1912
1913
1914
1915
1916
1917
1918
1919
1920
1921
1922
1923
1924
1925
1926
1927
1928
1929
1930
1931
1932
1933
1934
1935
1936
1937
1938
1939
1940
1941
1942
1943
1944
1945
1946
1947
1948
1949
1950
1951
1952
1953
1954
1955
1956
1957
1958
1959
1960
1961
1962
1963
1964
1965
1966
1967
1968
1969
1970
1971
1972
1973
1974
1975
1976
1977
1978
1979
1980
1981
1982
1983
1984
1985
1986
1987
1988
1989
1990
1991
1992
1993
1994
1995
1996
1997
1998
1999
2000
2001
2002
2003
2004
2005
2006
2007
2008
2009
2010
2011
2012
2013
2014
2015
2016
2017
2018
2019
2020
2021
2022
2023
2024
2025
2026
2027
2028
2029
2030
2031
2032
2033
2034
2035
2036
2037
2038
2039
2040
2041
2042
2043
2044
2045
2046
2047
2048
2049
2050
2051
2052
2053
2054
2055
2056
2057
2058
2059
2060
2061
2062
2063
2064
2065
2066
2067
2068
2069
2070
2071
2072
2073
2074
2075
2076
2077
2078
2079
2080
2081
2082
2083
2084
2085
2086
2087
2088
2089
2090
2091
2092
2093
2094
2095
2096
2097
2098
2099
2100
2101
2102
2103
2104
2105
2106
2107
2108
2109
2110
2111
2112
2113
2114
2115
2116
2117
2118
2119
2120
2121
2122
2123
2124
2125
2126
2127
2128
2129
2130
2131
2132
2133
2134
2135
2136
2137
2138
2139
2140
2141
2142
2143
2144
2145
2146
2147
2148
2149
2150
2151
2152
2153
2154
2155
2156
2157
2158
2159
2160
2161
2162
2163
2164
2165
2166
2167
2168
2169
2170
2171
2172
2173
2174
2175
2176
2177
2178
2179
2180
2181
2182
2183
2184
2185
2186
2187
2188
2189
2190
2191
2192
2193
2194
2195
2196
2197
2198
2199
2200
2201
2202
2203
2204
2205
2206
2207
2208
2209
2210
2211
2212
2213
2214
2215
2216
2217
2218
2219
2220
2221
2222
2223
2224
2225
2226
2227
2228
2229
2230
2231
2232
2233
2234
2235
2236
2237
2238
2239
2240
2241
2242
2243
2244
2245
2246
2247
2248
2249
2250
2251
2252
2253
2254
2255
2256
2257
2258
2259
2260
2261
2262
2263
2264
2265
2266
2267
2268
2269
2270
2271
2272
2273
2274
2275
2276
2277
2278
2279
2280
2281
2282
2283
2284
2285
2286
2287
2288
2289
2290
2291
2292
2293
2294
2295
2296
2297
2298
2299
2300
2301
2302
2303
2304
2305
2306
2307
2308
2309
2310
2311
2312
2313
2314
2315
2316
2317
2318
2319
2320
2321
2322
2323
2324
2325
2326
2327
2328
2329
2330
2331
2332
2333
2334
2335
2336
2337
2338
2339
2340
2341
2342
2343
2344
2345
2346
2347
2348
2349
2350
2351
2352
2353
2354
2355
2356
2357
2358
2359
2360
2361
2362
2363
2364
2365
2366
2367
2368
2369
2370
2371
2372
2373
2374
2375
2376
2377
2378
2379
2380
2381
2382
2383
2384
2385
2386
2387
2388
2389
2390
2391
2392
2393
2394
2395
2396
2397
2398
2399
2400
2401
2402
2403
2404
2405
2406
2407
2408
2409
2410
2411
2412
2413
2414
2415
2416
2417
2418
2419
2420
2421
2422
2423
2424
2425
2426
2427
2428
2429
2430
2431
2432
2433
2434
2435
2436
2437
2438
2439
2440
2441
2442
2443
2444
2445
2446
2447
2448
2449
2450
2451
2452
2453
2454
2455
2456
2457
2458
2459
2460
2461
2462
2463
2464
2465
2466
2467
2468
2469
2470
2471
2472
2473
2474
2475
2476
2477
2478
2479
2480
2481
2482
2483
2484
2485
2486
2487
2488
2489
2490
2491
2492
2493
2494
2495
2496
2497
2498
2499
2500
2501
2502
2503
2504
2505
2506
2507
2508
2509
2510
2511
2512
2513
2514
2515
2516
2517
2518
2519
2520
2521
2522
2523
2524
2525
2526
2527
2528
2529
2530
2531
2532
2533
2534
2535
2536
2537
2538
2539
2540
2541
2542
2543
2544
2545
2546
2547
2548
2549
2550
2551
2552
2553
2554
2555
2556
2557
2558
2559
2560
2561
2562
2563
2564
2565
2566
2567
2568
2569
2570
2571
2572
2573
2574
2575
2576
2577
2578
2579
2580
2581
2582
2583
2584
2585
2586
2587
2588
2589
2590
2591
2592
2593
2594
2595
2596
2597
2598
2599
2600
2601
2602
2603
2604
2605
2606
2607
2608
2609
2610
2611
2612
2613
2614
2615
2616
2617
2618
2619
2620
2621
2622
2623
2624
2625
2626
2627
2628
2629
2630
2631
2632
2633
2634
2635
2636
2637
2638
2639
2640
2641
2642
2643
2644
2645
2646
2647
2648
2649
2650
2651
2652
2653
2654
2655
2656
2657
2658
2659
2660
2661
2662
2663
2664
2665
2666
2667
2668
2669
2670
2671
2672
2673
2674
2675
2676
2677
2678
2679
2680
2681
2682
2683
2684
2685
2686
2687
2688
2689
2690
2691
2692
2693
2694
2695
2696
2697
2698
2699
2700
2701
2702
2703
2704
2705
2706
2707
2708
2709
2710
2711
2712
2713
2714
2715
2716
2717
2718
2719
2720
2721
2722
2723
2724
2725
2726
2727
2728
2729
2730
2731
2732
2733
2734
2735
2736
2737
2738
2739
2740
2741
2742
2743
2744
2745
2746
2747
2748
2749
2750
2751
2752
2753
2754
2755
2756
2757
2758
2759
2760
2761
2762
2763
2764
2765
2766
2767
2768
2769
2770
2771
2772
2773
2774
2775
2776
2777
2778
2779
2780
2781
2782
2783
2784
2785
2786
2787
2788
2789
2790
2791
2792
2793
2794
2795
2796
2797
2798
2799
2800
2801
2802
2803
2804
2805
2806
2807
2808
2809
2810
2811
2812
2813
2814
2815
2816
2817
2818
2819
2820
2821
2822
2823
2824
2825
2826
2827
2828
2829
2830
2831
2832
2833
2834
2835
2836
2837
2838
2839
2840
2841
2842
2843
2844
2845
2846
2847
2848
2849
2850
2851
2852
2853
2854
2855
2856
2857
2858
2859
2860
2861
2862
2863
2864
2865
2866
2867
2868
2869
2870
2871
2872
2873
2874
2875
2876
2877
2878
2879
2880
2881
2882
2883
2884
2885
2886
2887
2888
2889
2890
2891
2892
2893
2894
2895
2896
2897
2898
2899
2900
2901
2902
2903
2904
2905
2906
2907
2908
2909
2910
2911
2912
2913
2914
2915
2916
2917
2918
2919
2920
2921
2922
2923
2924
2925
2926
2927
2928
2929
2930
2931
2932
2933
2934
2935
2936
2937
2938
2939
2940
2941
2942
2943
2944
2945
2946
2947
2948
2949
2950
2951
2952
2953
2954
2955
2956
2957
2958
2959
2960
2961
2962
2963
2964
2965
2966
2967
2968
2969
2970
2971
2972
2973
2974
2975
2976
2977
2978
2979
2980
2981
2982
2983
2984
2985
2986
2987
2988
2989
2990
2991
2992
2993
2994
2995
2996
2997
2998
2999
3000
3001
3002
3003
3004
3005
3006
3007
3008
3009
3010
3011
3012
3013
3014
3015
3016
3017
3018
3019
3020
3021
3022
3023
3024
3025
3026
3027
3028
3029
3030
3031
3032
3033
3034
3035
3036
3037
3038
3039
3040
3041
3042
3043
3044
3045
3046
3047
3048
3049
3050
3051
3052
3053
3054
3055
3056
3057
3058
3059
3060
3061
3062
3063
3064
3065
3066
3067
3068
3069
3070
3071
3072
3073
3074
3075
3076
3077
3078
3079
3080
3081
3082
3083
3084
3085
3086
3087
3088
3089
3090
3091
3092
3093
3094
3095
3096
3097
3098
3099
3100
3101
3102
3103
3104
3105
3106
3107
3108
3109
3110
3111
3112
3113
3114
3115
3116
3117
3118
3119
3120
3121
3122
3123
3124
3125
3126
3127
3128
3129
3130
3131
3132
3133
3134
3135
3136
3137
3138
3139
3140
3141
3142
3143
3144
3145
3146
3147
3148
3149
3150
3151
3152
3153
3154
3155
3156
3157
3158
3159
3160
3161
3162
3163
3164
3165
3166
3167
3168
3169
3170
3171
3172
3173
3174
3175
3176
3177
3178
3179
3180
3181
3182
3183
3184
3185
3186
3187
3188
3189
3190
3191
3192
3193
3194
3195
3196
3197
3198
3199
3200
3201
3202
3203
3204
3205
3206
3207
3208
3209
3210
3211
3212
3213
3214
3215
3216
3217
3218
3219
3220
3221
3222
3223
3224
3225
3226
3227
3228
3229
3230
3231
3232
3233
3234
3235
3236
3237
3238
3239
3240
3241
3242
3243
3244
3245
3246
3247
3248
3249
3250
3251
3252
3253
3254
3255
3256
3257
3258
3259
3260
3261
3262
3263
3264
3265
3266
3267
3268
3269
3270
3271
3272
3273
3274
3275
3276
3277
3278
3279
3280
3281
3282
3283
3284
3285
3286
3287
3288
3289
3290
3291
3292
3293
3294
3295
3296
3297
3298
3299
3300
3301
3302
3303
3304
3305
3306
3307
3308
3309
3310
3311
3312
3313
3314
3315
3316
3317
3318
3319
3320
3321
3322
3323
3324
3325
3326
3327
3328
3329
3330
3331
3332
3333
3334
3335
3336
3337
3338
3339
3340
3341
3342
3343
3344
3345
3346
3347
3348
3349
3350
3351
3352
3353
3354
3355
3356
3357
3358
3359
3360
3361
3362
3363
3364
3365
3366
3367
3368
3369
3370
3371
3372
3373
3374
3375
3376
3377
3378
3379
3380
3381
3382
3383
3384
3385
3386
3387
3388
3389
3390
3391
3392
3393
3394
3395
3396
3397
3398
3399
3400
3401
3402
3403
3404
3405
3406
3407
3408
3409
3410
3411
3412
3413
3414
3415
3416
3417
3418
3419
3420
3421
3422
3423
3424
3425
3426
3427
3428
3429
3430
3431
3432
3433
3434
3435
3436
3437
3438
3439
3440
3441
3442
3443
3444
3445
3446
3447
3448
3449
3450
3451
3452
3453
3454
3455
3456
3457
3458
3459
3460
3461
3462
3463
3464
3465
3466
3467
3468
3469
3470
3471
3472
3473
3474
3475
3476
3477
3478
3479
3480
3481
3482
3483
3484
3485
3486
3487
3488
3489
3490
3491
3492
3493
3494
3495
3496
3497
3498
3499
3500
3501
3502
3503
3504
3505
3506
3507
3508
3509
3510
3511
3512
3513
3514
3515
3516
3517
3518
3519
3520
3521
3522
3523
3524
3525
3526
3527
3528
3529
3530
3531
3532
3533
3534
3535
3536
3537
3538
3539
3540
3541
3542
3543
3544
3545
3546
3547
3548
3549
3550
3551
3552
3553
3554
3555
3556
3557
3558
3559
3560
3561
3562
3563
3564
3565
3566
3567
3568
3569
3570
3571
3572
3573
3574
3575
3576
3577
3578
3579
3580
3581
3582
3583
3584
3585
3586
3587
3588
3589
3590
3591
3592
3593
3594
3595
3596
3597
3598
3599
3600
3601
3602
3603
3604
3605
3606
3607
3608
3609
3610
3611
3612
3613
3614
3615
3616
3617
3618
3619
3620
3621
3622
3623
3624
3625
3626
3627
3628
3629
3630
3631
3632
3633
3634
3635
3636
3637
3638
3639
3640
3641
3642
3643
3644
3645
3646
3647
3648
3649
3650
3651
3652
3653
3654
3655
3656
3657
3658
3659
3660
3661
3662
3663
3664
3665
3666
3667
3668
3669
3670
3671
3672
3673
3674
3675
3676
3677
3678
3679
3680
3681
3682
3683
3684
3685
3686
3687
3688
3689
3690
3691
3692
3693
3694
3695
3696
3697
3698
3699
3700
3701
3702
3703
3704
3705
3706
3707
3708
3709
3710
3711
3712
3713
3714
3715
3716
3717
3718
3719
3720
3721
3722
3723
3724
3725
3726
3727
3728
3729
3730
3731
3732
3733
3734
3735
3736
3737
3738
3739
3740
3741
3742
3743
3744
3745
3746
3747
3748
3749
3750
3751
3752
3753
3754
3755
3756
3757
3758
3759
3760
3761
3762
3763
3764
3765
3766
3767
3768
3769
3770
3771
3772
3773
3774
3775
3776
3777
3778
3779
3780
3781
3782
3783
3784
3785
3786
3787
3788
3789
3790
3791
3792
3793
3794
3795
3796
3797
3798
3799
3800
3801
3802
3803
3804
3805
3806
3807
3808
3809
3810
3811
3812
3813
3814
3815
3816
3817
3818
3819
3820
3821
3822
3823
3824
3825
3826
3827
3828
3829
3830
3831
3832
3833
3834
3835
3836
3837
3838
3839
3840
3841
3842
3843
3844
3845
3846
3847
3848
3849
3850
3851
3852
3853
3854
3855
3856
3857
3858
3859
3860
3861
3862
3863
3864
3865
3866
3867
3868
3869
3870
3871
3872
3873
3874
3875
3876
3877
3878
3879
3880
3881
3882
3883
3884
3885
3886
3887
3888
3889
3890
3891
3892
3893
3894
3895
3896
3897
3898
3899
3900
3901
3902
3903
3904
3905
3906
3907
3908
3909
3910
3911
3912
3913
3914
3915
3916
3917
3918
3919
3920
3921
3922
3923
3924
3925
3926
3927
3928
3929
3930
3931
3932
3933
3934
3935
3936
3937
3938
3939
3940
3941
3942
3943
3944
3945
3946
3947
3948
3949
3950
3951
3952
3953
3954
3955
3956
3957
3958
3959
3960
3961
3962
3963
3964
3965
3966
3967
3968
3969
3970
3971
3972
3973
3974
3975
3976
3977
3978
3979
3980
3981
3982
3983
3984
3985
3986
3987
3988
3989
3990
3991
3992
3993
3994
3995
3996
3997
3998
3999
4000
4001
4002
4003
4004
4005
4006
4007
4008
4009
4010
4011
4012
4013
4014
4015
4016
4017
4018
4019
4020
4021
4022
4023
4024
4025
4026
4027
4028
4029
4030
4031
4032
4033
4034
4035
4036
4037
4038
4039
4040
4041
4042
4043
4044
4045
4046
4047
4048
4049
4050
4051
4052
4053
4054
4055
4056
4057
4058
4059
4060
4061
4062
4063
4064
4065
4066
4067
4068
4069
4070
4071
4072
4073
4074
4075
4076
4077
4078
4079
4080
4081
4082
4083
4084
4085
4086
4087
4088
4089
4090
4091
4092
4093
4094
4095
4096
4097
4098
4099
4100
4101
4102
4103
4104
4105
4106
4107
4108
4109
4110
4111
4112
4113
4114
4115
4116
4117
4118
4119
4120
4121
4122
4123
4124
4125
4126
4127
4128
4129
4130
4131
4132
4133
4134
4135
4136
4137
4138
4139
4140
4141
4142
4143
4144
4145
4146
4147
4148
4149
4150
4151
4152
4153
4154
4155
4156
4157
4158
4159
4160
4161
4162
4163
4164
4165
4166
4167
4168
4169
4170
4171
4172
4173
4174
4175
4176
4177
4178
4179
4180
4181
4182
4183
4184
4185
4186
4187
4188
4189
4190
4191
4192
4193
4194
4195
4196
4197
4198
4199
4200
4201
4202
4203
4204
4205
4206
4207
4208
4209
4210
4211
4212
4213
4214
4215
4216
4217
4218
4219
4220
4221
4222
4223
4224
4225
4226
4227
4228
4229
4230
4231
4232
4233
4234
4235
4236
4237
4238
4239
4240
4241
4242
4243
4244
4245
4246
4247
4248
4249
4250
4251
4252
4253
4254
4255
4256
4257
4258
4259
4260
4261
4262
4263
4264
4265
4266
4267
4268
4269
4270
4271
4272
4273
4274
4275
4276
4277
4278
4279
4280
4281
4282
4283
4284
4285
4286
4287
4288
4289
4290
4291
4292
4293
4294
4295
4296
4297
4298
4299
4300
4301
4302
4303
4304
4305
4306
4307
4308
4309
4310
4311
4312
4313
4314
4315
4316
4317
4318
4319
4320
4321
4322
4323
4324
4325
4326
4327
4328
4329
4330
4331
4332
4333
4334
4335
4336
4337
4338
4339
4340
4341
4342
4343
4344
4345
4346
4347
4348
4349
4350
4351
4352
4353
4354
4355
4356
4357
4358
4359
4360
4361
4362
4363
4364
4365
4366
4367
4368
4369
4370
4371
4372
4373
4374
4375
4376
4377
4378
4379
4380
4381
4382
4383
4384
4385
4386
4387
4388
4389
4390
4391
4392
4393
4394
4395
4396
4397
4398
4399
4400
4401
4402
4403
4404
4405
4406
4407
4408
4409
4410
4411
4412
4413
4414
4415
4416
4417
4418
4419
4420
4421
4422
4423
4424
4425
4426
4427
4428
4429
4430
4431
4432
4433
4434
4435
4436
4437
4438
4439
4440
4441
4442
4443
4444
4445
4446
4447
4448
4449
4450
4451
4452
4453
4454
4455
4456
4457
4458
4459
4460
4461
4462
4463
4464
4465
4466
4467
4468
4469
4470
4471
4472
4473
4474
4475
4476
4477
4478
4479
4480
4481
4482
4483
4484
4485
4486
4487
4488
4489
4490
4491
4492
4493
4494
4495
4496
4497
4498
4499
4500
4501
4502
4503
4504
4505
4506
4507
4508
4509
4510
4511
4512
4513
4514
4515
4516
4517
4518
4519
4520
4521
4522
4523
4524
4525
4526
4527
4528
4529
4530
4531
4532
4533
4534
4535
4536
4537
4538
4539
4540
4541
4542
4543
4544
4545
4546
4547
4548
4549
4550
4551
4552
4553
4554
4555
4556
4557
4558
4559
4560
4561
4562
4563
4564
4565
4566
4567
4568
4569
4570
4571
4572
4573
4574
4575
4576
4577
4578
4579
4580
4581
4582
4583
4584
4585
4586
4587
4588
4589
4590
4591
4592
4593
4594
4595
4596
4597
4598
4599
4600
4601
4602
4603
4604
4605
4606
4607
4608
4609
4610
4611
4612
4613
4614
4615
4616
4617
4618
4619
4620
4621
4622
4623
4624
4625
4626
4627
4628
4629
4630
4631
4632
4633
4634
4635
4636
4637
4638
4639
4640
4641
4642
4643
4644
4645
4646
4647
4648
4649
4650
4651
4652
4653
4654
4655
4656
4657
4658
4659
4660
4661
4662
4663
4664
4665
4666
4667
4668
4669
4670
4671
4672
4673
4674
4675
4676
4677
4678
4679
4680
4681
4682
4683
4684
4685
4686
4687
4688
4689
4690
4691
4692
4693
4694
4695
4696
4697
4698
4699
4700
4701
4702
4703
4704
4705
4706
4707
4708
4709
4710
4711
4712
4713
4714
4715
4716
4717
4718
4719
4720
4721
4722
4723
4724
4725
4726
4727
4728
4729
4730
4731
4732
4733
4734
4735
4736
4737
4738
4739
4740
4741
4742
4743
4744
4745
4746
4747
4748
4749
4750
4751
4752
4753
4754
4755
4756
4757
4758
4759
4760
4761
4762
4763
4764
4765
4766
4767
4768
4769
4770
4771
4772
4773
4774
4775
4776
4777
4778
4779
4780
4781
4782
4783
4784
4785
4786
4787
4788
4789
4790
4791
4792
4793
4794
4795
4796
4797
4798
4799
4800
4801
4802
4803
4804
4805
4806
4807
4808
4809
4810
4811
4812
4813
4814
4815
4816
4817
4818
4819
4820
4821
4822
4823
4824
4825
4826
4827
4828
4829
4830
4831
4832
4833
4834
4835
4836
4837
4838
4839
4840
4841
4842
4843
4844
4845
4846
4847
4848
4849
4850
4851
4852
4853
4854
4855
4856
4857
4858
4859
4860
4861
4862
4863
4864
4865
4866
4867
4868
4869
4870
4871
4872
4873
4874
4875
4876
4877
4878
4879
4880
4881
4882
4883
4884
4885
4886
4887
4888
4889
4890
4891
4892
4893
4894
4895
4896
4897
4898
4899
4900
4901
4902
4903
4904
4905
4906
4907
4908
4909
4910
4911
4912
4913
4914
4915
4916
4917
4918
4919
4920
4921
4922
4923
4924
4925
4926
4927
4928
4929
4930
4931
4932
4933
4934
4935
4936
4937
4938
4939
4940
4941
4942
4943
4944
4945
4946
4947
4948
4949
4950
4951
4952
4953
4954
4955
4956
4957
4958
4959
4960
4961
4962
4963
4964
4965
4966
4967
4968
4969
4970
4971
4972
4973
4974
4975
4976
4977
4978
4979
4980
4981
4982
4983
4984
4985
4986
4987
4988
4989
4990
4991
4992
4993
4994
4995
4996
4997
4998
4999
5000
5001
5002
5003
5004
5005
5006
5007
5008
5009
5010
5011
5012
5013
5014
5015
5016
5017
5018
5019
5020
5021
5022
5023
5024
5025
5026
5027
5028
5029
5030
5031
5032
5033
5034
5035
5036
5037
5038
5039
5040
5041
5042
5043
5044
5045
5046
5047
5048
5049
5050
5051
5052
5053
5054
5055
5056
5057
5058
5059
5060
5061
5062
5063
5064
5065
5066
5067
5068
5069
5070
5071
5072
5073
5074
5075
5076
5077
5078
5079
5080
5081
5082
5083
5084
5085
5086
5087
5088
5089
5090
5091
5092
5093
5094
5095
5096
5097
5098
5099
5100
5101
5102
5103
5104
5105
5106
5107
5108
5109
5110
5111
5112
5113
5114
5115
5116
5117
5118
5119
5120
5121
5122
5123
5124
5125
5126
5127
5128
5129
5130
5131
5132
5133
5134
5135
5136
5137
5138
5139
5140
5141
5142
5143
5144
5145
5146
5147
5148
5149
5150
5151
5152
5153
5154
5155
5156
5157
5158
5159
5160
5161
5162
5163
5164
5165
5166
5167
5168
5169
5170
5171
5172
5173
5174
5175
5176
5177
5178
5179
5180
5181
5182
5183
5184
5185
5186
5187
5188
5189
5190
5191
5192
5193
5194
5195
5196
5197
5198
5199
5200
5201
5202
5203
5204
5205
5206
5207
5208
5209
5210
5211
5212
5213
5214
5215
5216
5217
5218
5219
5220
5221
5222
5223
5224
5225
5226
5227
5228
5229
5230
5231
5232
5233
5234
5235
5236
5237
5238
5239
5240
5241
5242
5243
5244
5245
5246
5247
5248
5249
5250
5251
5252
5253
5254
5255
5256
5257
5258
5259
5260
5261
5262
5263
5264
5265
5266
5267
5268
5269
5270
5271
5272
5273
5274
5275
5276
5277
5278
5279
5280
5281
5282
5283
5284
5285
5286
5287
5288
5289
5290
5291
5292
5293
5294
5295
5296
5297
5298
5299
5300
5301
5302
5303
5304
5305
5306
5307
5308
5309
5310
5311
5312
5313
5314
5315
5316
5317
5318
5319
5320
5321
5322
5323
5324
5325
5326
5327
5328
5329
5330
5331
5332
5333
5334
5335
5336
5337
5338
5339
5340
5341
5342
5343
5344
5345
5346
5347
5348
5349
5350
5351
5352
5353
5354
5355
5356
5357
5358
5359
5360
5361
5362
5363
5364
5365
5366
5367
5368
5369
5370
5371
5372
5373
5374
5375
5376
5377
5378
5379
5380
5381
5382
5383
5384
5385
5386
5387
5388
5389
5390
5391
5392
5393
5394
5395
5396
5397
5398
5399
5400
5401
5402
5403
5404
5405
5406
5407
5408
5409
5410
5411
5412
5413
5414
5415
5416
5417
5418
5419
5420
5421
5422
5423
5424
5425
5426
5427
5428
5429
5430
5431
5432
5433
5434
5435
5436
5437
5438
5439
5440
5441
5442
5443
5444
5445
5446
5447
5448
5449
5450
5451
5452
5453
5454
5455
5456
5457
5458
5459
5460
5461
5462
5463
5464
5465
5466
5467
5468
5469
5470
5471
5472
5473
5474
5475
5476
5477
5478
5479
5480
5481
5482
5483
5484
5485
5486
5487
5488
5489
5490
5491
5492
5493
5494
5495
5496
5497
5498
5499
5500
5501
5502
5503
5504
5505
5506
5507
5508
5509
5510
5511
5512
5513
5514
5515
5516
5517
5518
5519
5520
5521
5522
5523
5524
5525
5526
5527
5528
5529
5530
5531
5532
5533
5534
5535
5536
5537
5538
5539
5540
5541
5542
5543
5544
5545
5546
5547
5548
5549
5550
5551
5552
5553
5554
5555
5556
5557
5558
5559
5560
5561
5562
5563
5564
5565
5566
5567
5568
5569
5570
5571
5572
5573
5574
5575
5576
5577
5578
5579
5580
5581
5582
5583
5584
5585
5586
5587
5588
5589
5590
5591
5592
5593
5594
5595
5596
5597
5598
5599
5600
5601
5602
5603
5604
5605
5606
5607
5608
5609
5610
5611
5612
5613
5614
5615
5616
5617
5618
5619
5620
5621
5622
5623
5624
5625
5626
5627
5628
5629
5630
5631
5632
5633
5634
5635
5636
5637
5638
5639
5640
5641
5642
5643
5644
5645
5646
5647
5648
5649
5650
5651
5652
5653
5654
5655
5656
5657
5658
5659
5660
5661
5662
5663
5664
5665
5666
5667
5668
5669
5670
5671
5672
5673
5674
5675
5676
5677
5678
5679
5680
5681
5682
5683
5684
5685
5686
5687
5688
5689
5690
5691
5692
5693
5694
5695
5696
5697
5698
5699
5700
5701
5702
5703
5704
5705
5706
5707
5708
5709
5710
5711
5712
5713
5714
5715
5716
5717
5718
5719
5720
5721
5722
5723
5724
5725
5726
5727
5728
5729
5730
5731
5732
5733
5734
5735
5736
5737
5738
5739
5740
5741
5742
5743
5744
5745
5746
5747
5748
5749
5750
5751
5752
5753
5754
5755
5756
5757
5758
5759
5760
5761
5762
5763
5764
5765
5766
5767
5768
5769
5770
5771
5772
5773
5774
5775
5776
5777
5778
5779
5780
5781
5782
5783
5784
5785
5786
5787
5788
5789
5790
5791
5792
5793
5794
5795
5796
5797
5798
5799
5800
5801
5802
5803
5804
5805
5806
5807
5808
5809
5810
5811
5812
5813
5814
5815
5816
5817
5818
5819
5820
5821
5822
5823
5824
5825
5826
5827
5828
5829
5830
5831
5832
5833
5834
5835
5836
5837
5838
5839
5840
5841
5842
5843
5844
5845
5846
5847
5848
5849
5850
5851
5852
5853
5854
5855
5856
5857
5858
5859
5860
5861
5862
5863
5864
5865
5866
5867
5868
5869
5870
5871
5872
5873
5874
5875
5876
5877
5878
5879
5880
5881
5882
5883
5884
5885
5886
5887
5888
5889
5890
5891
5892
5893
5894
5895
5896
5897
5898
5899
5900
5901
5902
5903
5904
5905
5906
5907
5908
5909
5910
5911
5912
5913
5914
5915
5916
5917
5918
5919
5920
5921
5922
5923
5924
5925
5926
5927
5928
5929
5930
5931
5932
5933
5934
5935
5936
5937
5938
5939
5940
5941
5942
5943
5944
5945
5946
5947
5948
5949
5950
5951
5952
5953
5954
5955
5956
5957
5958
5959
5960
5961
5962
5963
5964
5965
5966
5967
5968
5969
5970
5971
5972
5973
5974
5975
5976
5977
5978
5979
5980
5981
5982
5983
5984
5985
5986
5987
5988
5989
5990
5991
5992
5993
5994
5995
5996
5997
5998
5999
6000
6001
6002
6003
6004
6005
6006
6007
6008
6009
6010
6011
6012
6013
6014
6015
6016
6017
6018
6019
6020
6021
6022
6023
6024
6025
6026
6027
6028
6029
6030
6031
6032
6033
6034
6035
6036
6037
6038
6039
6040
6041
6042
6043
6044
6045
6046
6047
6048
6049
6050
6051
6052
6053
6054
6055
6056
6057
6058
6059
6060
6061
6062
6063
6064
6065
6066
6067
6068
6069
6070
6071
6072
6073
6074
6075
6076
6077
6078
6079
6080
6081
6082
6083
6084
6085
6086
6087
6088
6089
6090
6091
6092
6093
6094
6095
6096
6097
6098
6099
6100
6101
6102
6103
6104
6105
6106
6107
6108
6109
6110
6111
6112
6113
6114
6115
6116
6117
6118
6119
6120
6121
6122
6123
6124
6125
6126
6127
6128
6129
6130
6131
6132
6133
6134
6135
6136
6137
6138
6139
6140
6141
6142
6143
6144
6145
6146
6147
6148
6149
6150
6151
6152
6153
6154
6155
6156
6157
6158
6159
6160
6161
6162
6163
6164
6165
6166
6167
6168
6169
6170
6171
6172
6173
6174
6175
6176
6177
6178
6179
6180
6181
6182
6183
6184
6185
6186
6187
6188
6189
6190
6191
6192
6193
6194
6195
6196
6197
6198
6199
6200
6201
6202
6203
6204
6205
6206
6207
6208
6209
6210
6211
6212
6213
6214
6215
6216
6217
6218
6219
6220
6221
6222
6223
6224
6225
6226
6227
6228
6229
6230
6231
6232
6233
6234
6235
6236
6237
6238
6239
6240
6241
6242
6243
6244
6245
6246
6247
6248
6249
6250
6251
6252
6253
6254
6255
6256
6257
6258
6259
6260
6261
6262
6263
6264
6265
6266
6267
6268
6269
6270
6271
6272
6273
6274
6275
6276
6277
6278
6279
6280
6281
6282
6283
6284
6285
6286
6287
6288
6289
6290
6291
6292
6293
6294
6295
6296
6297
6298
6299
6300
6301
6302
6303
6304
6305
6306
6307
6308
6309
6310
6311
6312
6313
6314
6315
6316
6317
6318
6319
6320
6321
6322
6323
6324
6325
6326
6327
6328
6329
6330
6331
6332
6333
6334
6335
6336
6337
6338
6339
6340
6341
6342
6343
6344
6345
6346
6347
6348
6349
6350
6351
6352
6353
6354
6355
6356
6357
6358
6359
6360
6361
6362
6363
6364
6365
6366
6367
6368
6369
6370
6371
6372
6373
6374
6375
6376
6377
6378
6379
6380
6381
6382
6383
6384
6385
6386
6387
6388
6389
6390
6391
6392
6393
6394
6395
6396
6397
6398
6399
6400
6401
6402
6403
6404
6405
6406
6407
6408
6409
6410
6411
6412
6413
6414
6415
6416
6417
6418
6419
6420
6421
6422
6423
6424
6425
6426
6427
6428
6429
6430
6431
6432
6433
6434
6435
6436
6437
6438
6439
6440
6441
6442
6443
6444
6445
6446
6447
6448
6449
6450
6451
6452
6453
6454
6455
6456
6457
6458
6459
6460
6461
6462
6463
6464
6465
6466
6467
6468
6469
6470
6471
6472
6473
6474
6475
6476
6477
6478
6479
6480
6481
6482
6483
6484
6485
6486
6487
6488
6489
6490
6491
6492
6493
6494
6495
6496
6497
6498
6499
6500
6501
6502
6503
6504
6505
6506
6507
6508
6509
6510
6511
6512
6513
6514
6515
6516
6517
6518
6519
6520
6521
6522
6523
6524
6525
6526
6527
6528
6529
6530
6531
6532
6533
6534
6535
6536
6537
6538
6539
6540
6541
6542
6543
6544
6545
6546
6547
6548
6549
6550
6551
6552
6553
6554
6555
6556
6557
6558
6559
6560
6561
6562
6563
6564
6565
6566
6567
6568
6569
6570
6571
6572
6573
6574
6575
6576
6577
6578
6579
6580
6581
6582
6583
6584
6585
6586
6587
6588
6589
6590
6591
6592
6593
6594
6595
6596
6597
6598
6599
6600
6601
6602
6603
6604
6605
6606
6607
6608
6609
6610
6611
6612
6613
6614
6615
6616
6617
6618
6619
6620
6621
6622
6623
6624
6625
6626
6627
6628
6629
6630
6631
6632
6633
6634
6635
6636
6637
6638
6639
6640
6641
6642
6643
6644
6645
6646
6647
6648
6649
6650
6651
6652
6653
6654
6655
6656
6657
6658
6659
6660
6661
6662
6663
6664
6665
6666
6667
6668
6669
6670
6671
6672
6673
6674
6675
6676
6677
6678
6679
6680
6681
6682
6683
6684
6685
6686
6687
6688
6689
6690
6691
6692
6693
6694
6695
6696
6697
6698
6699
6700
6701
6702
6703
6704
6705
6706
6707
6708
6709
6710
6711
6712
6713
6714
6715
6716
6717
6718
6719
6720
6721
6722
6723
6724
6725
6726
6727
6728
6729
6730
6731
6732
6733
6734
6735
6736
6737
6738
6739
6740
6741
6742
6743
6744
6745
6746
6747
6748
6749
6750
6751
6752
6753
6754
6755
6756
6757
6758
6759
6760
6761
6762
6763
6764
6765
6766
6767
6768
6769
6770
6771
6772
6773
6774
6775
6776
6777
6778
6779
6780
6781
6782
6783
6784
6785
6786
6787
6788
6789
6790
6791
6792
6793
6794
6795
6796
6797
6798
6799
6800
6801
6802
6803
6804
6805
6806
6807
6808
6809
6810
6811
6812
6813
6814
6815
6816
6817
6818
6819
6820
6821
6822
6823
6824
6825
6826
6827
6828
6829
6830
6831
6832
6833
6834
6835
6836
6837
6838
6839
6840
6841
6842
6843
6844
6845
6846
6847
6848
6849
6850
6851
6852
6853
6854
6855
6856
6857
6858
6859
6860
6861
6862
6863
6864
6865
6866
6867
6868
6869
6870
6871
6872
6873
6874
6875
6876
6877
6878
6879
6880
6881
6882
6883
6884
6885
6886
6887
6888
6889
6890
6891
6892
6893
6894
6895
6896
6897
6898
6899
6900
6901
6902
6903
6904
6905
6906
6907
6908
6909
6910
6911
6912
6913
6914
6915
6916
6917
6918
6919
6920
6921
6922
6923
6924
6925
6926
6927
6928
6929
6930
6931
6932
6933
6934
6935
6936
6937
6938
6939
6940
6941
6942
6943
6944
6945
6946
6947
6948
6949
6950
6951
6952
6953
6954
6955
6956
6957
6958
6959
6960
6961
6962
6963
6964
6965
6966
6967
6968
6969
6970
6971
6972
6973
6974
6975
6976
6977
6978
6979
6980
6981
6982
6983
6984
6985
6986
6987
6988
6989
6990
6991
6992
6993
6994
6995
6996
6997
6998
6999
7000
7001
7002
7003
7004
7005
0.2242603124458186 0.07987672681418745 0
0.2238124188678152 0.08535848947654801 0
0.2233197359320116 0.09138842840514462 0
0.2227777847026276 0.09802136122660089 0
0.2221816383503051 0.1053175873302028 0
0.2215258773627505 0.1133434360441649 0
0.2208045402764403 0.1221718696295232 0
0.2200110694814992 0.1318831465734173 0
0.2191382516070639 0.1425655512117009 0
0.2181781519451851 0.1543161963138128 0
0.2171220423171184 0.1672419059261359 0
0.2166703196840416 0.07923118886874859 0
0.216186061325444 0.08470985926509161 0
0.2156533771309866 0.09073639670106894 0
0.2150674245170834 0.09736558788064399 0
0.21442287664179 0.1046576981781766 0
0.2137138739789672 0.1126790195054624 0
0.2129339710498621 0.1215024729654768 0
0.2120760778278465 0.1312082717714926 0
0.2111323952836294 0.14188465045811 0
0.2100943444849905 0.1536286670133892 0
0.2089524886064878 0.1665470852241963 0
0.6444022858324464 -0.02985098016721133 0
0.6447517260794856 -0.03533986824265407 0
0.6451361103512288 -0.04137764512564109 0
0.6455589330501462 -0.04801919969692679 0
0.6460240380189555 -0.05532490972534108 0
0.6465356534846456 -0.0633611907565968 0
0.6470984304969047 -0.07220109989097807 0
0.6477174852103897 -0.0819249999387975 0
0.6483984453952234 -0.09262128999139885 0
0.6491475015985403 -0.1043872090492603 0
0.6499714634221889 -0.117329720012908 0
0.6524630836336317 -0.02933648861079295 0
0.6528143331714826 -0.03482526120723992 0
0.6532007076631187 -0.04086291106333159 0
0.6536257196039182 -0.04750432590503242 0
0.6540932327387978 -0.05480988223090334 0
0.6546074971871654 -0.06284599418936135 0
0.6551731880803697 -0.07168571734366515 0
0.6557954480628945 -0.08140941281339933 0
0.6564799340436717 -0.09210547783010695 0
0.6572328686225266 -0.1038711493484853 0
0.658061096659267 -0.1168133880187015 0
0.6604991091635297 -0.02882086769683908 0
0.6608523892679777 -0.03430951000656786 0
0.6612409973828706 -0.04034701654726952 0
0.6616684663092526 -0.04698827374204134 0
0.6621386821282729 -0.05429365665629035 0
0.6626559195291952 -0.06232957786196425 0
0.6632248806702097 -0.07116909118820555 0
0.6638507379253257 -0.08089255584707099 0
0.6645391809059533 -0.09158836697182296 0
0.6652964681846436 -0.1033537592090501 0
0.666129484191203 -0.11629569067 0
0.9946742007442583 0.006245464268154646 0
0.9958135078879924 0.01162616943229302 0
0.9970667457461 0.01754494511284523 0
0.9984453073900184 0.02405559836145267 0
0.9999617251983285 0.03121731693492085 0
1.00162978478747 0.03909520736573584 0
1.003464650335525 0.04776088683963235 0
1.005483002438386 0.0572931342609185 0
1.007703189751533 0.06777860642433327 0
1.010145395795994 0.0793126258040895 0
1.012831822444902 0.09200004712182137 0
0.9738082701189787 0.01059655431019242 0
0.9749148760807919 0.01598407977228679 0
0.9761321426387862 0.0219103577805906 0
0.9774711358525802 0.02842926358972479 0
0.9789440283877534 0.03560005997977241 0
0.9805642101764439 0.04348793600882477 0
0.9823464101440036 0.05216459964078238 0
0.9843068301083191 0.06170892963593576 0
0.9864632920690662 0.07220769263060448 0
0.9888354002258881 0.08375633192474007 0
0.9914447191983922 0.09645983514828921 0
0.8137568321984537 0.03984964294467411 0
0.814632656545942 0.04527946391486314 0
0.815596063328179 0.05125226698207107 0
0.8166558107886399 0.05782235035599981 0
0.8178215329951467 0.06504944206732141 0
0.8191038274223044 0.07299924294977517 0
0.8205143512921776 0.08174402392047431 0
0.8220659275490383 0.09136328298824337 0
0.823772661431585 0.1019444679627893 0
0.8256500687023864 0.1135837714347899 0
0.8277152167002679 0.1263870052539905 0
0.4512812399582714 0.08056838372007395 0
0.451596032335157 0.08605937365823062 0
0.4519423039497312 0.09209946259020294 0
0.4523232027257628 0.09874356041537249 0
0.4527421913793976 0.106052068023059 0
0.4532030788983959 0.1140914263915142 0
0.453710055169294 0.1229347205968148 0
0.4542677290672819 0.1326623442226456 0
0.4548811703550685 0.1433627302110594 0
0.4555559557716339 0.1551331547983146 0
0.4562982197298557 0.1680806218442953 0
0.4429034384478042 0.08103631722760303 0
0.4432015246377408 0.08652824039949425 0
0.4435294194466711 0.09256935588857458 0
0.4438901037364944 0.09921458292656295 0
0.4442868564553 0.1065243326683502 0
0.4447232844459862 0.1145650573843161 0
0.4452033552357411 0.1234098545718786 0
0.4457314331044714 0.1331391314781973 0
0.4463123187600747 0.143841336075148 0
0.4469512929812384 0.1556137611317937 0
0.4476541646245184 0.168563428694104 0
0.842197703846131 0.03515880249494564 0
0.8431130125132634 0.04058210715148691 0
0.844119852047109 0.04654774227368232 0
0.8452273755343392 0.05310994090809724 0
0.8464456513702924 0.06032835940595368 0
0.847785754789841 0.06826861975359574 0
0.8492598685513443 0.07700290613600203 0
0.8508813936889981 0.08661062115664894 0
0.8526650713404171 0.09717910767936055 0
0.8546271167569781 0.1088044428543433 0
0.8567853667151952 0.1215923115468244 0
0.9080954168911275 0.02346476297970267 0
0.9091030616837038 0.02887167316017064 0
0.9102114709555378 0.03481927435868542 0
0.911430721154555 0.04136163567705167 0
0.9127718963734741 0.04855823312725455 0
0.914247189114285 0.05647449032247771 0
0.9158700111291771 0.0651823732372232 0
0.9176551153455583 0.07476104444344324 0
0.9196187299835776 0.08529758277028528 0
0.921778706085399 0.09688777492981153 0
0.9241546797974024 0.1096369863052904 0
0.8491391534312785 0.03398102901523344 0
0.8500634460124969 0.03940280930992948 0
0.8510801678518373 0.04536676763409514 0
0.8521985618751116 0.05192712179067736 0
0.8534287953007134 0.0591435113629178 0
0.8547820520688753 0.06708153989238229 0
0.8562706345138533 0.07581337127479323 0
0.8579080752033292 0.08541838579544526 0
0.8597092599617527 0.09598390176816252 0
0.8616905631960187 0.1076059693381515 0
0.8638699967537111 0.1203902436651393 0
0.8351860401668205 0.03633581683384283 0
0.8360912914830436 0.04176080981740229 0
0.8370870679308891 0.0477283020993177 0
0.8381824220235191 0.05429254360942465 0
0.8393873115254121 0.0615132092705423 0
0.8407126899774945 0.06945594149777171 0
0.842170606274785 0.07819294694772407 0
0.8437743142018046 0.08780365294267164 0
0.8455383929215261 0.09837542953711401 0
0.8474788795132199 0.1100043837910006 0
0.8496134147640829 0.1227962334702758 0
0.8281066793893951 0.03750999105636841 0
0.8290014218413807 0.04293672707940424 0
0.8299856385385648 0.04890613670474366 0
0.8310682769054674 0.05547248729261703 0
0.8322591791090601 0.06269547293927773 0
0.8335691715330122 0.0706407571506045 0
0.8350101631993595 0.07938056978306395 0
0.8365952540323416 0.08899436367876934 0
0.8383388539486217 0.09956953696404526 0
0.8402568138565301 0.1112022275778488 0
0.8423665697552291 0.1239981872530327 0
0.3246156245751762 -0.04560541976770022 0
0.3247788259114999 -0.05110299930839862 0
0.324958347381456 -0.05715033680316688 0
0.3251558209984077 -0.06380240804741195 0
0.3253730419770546 -0.07111968641608155 0
0.3256119850535662 -0.0791686926216181 0
0.3258748224377289 -0.08802259944770829 0
0.326163943560308 -0.09776189695640752 0
0.3264819767951448 -0.1084751242159767 0
0.3268318133534655 -0.1202596742015027 0
0.3272166335676182 -0.1332226791855814 0
0.3326178021452958 -0.0453621083213416 0
0.3327881276508435 -0.05085947127021995 0
0.332975485706946 -0.05690657051398614 0
0.3331815795686587 -0.06355837968212895 0
0.3334082828165427 -0.07087536976708604 0
0.333657656389215 -0.07892405886053883 0
0.3339319673191546 -0.0877776168633369 0
0.3342337093420882 -0.0975165306664148 0
0.3345656255673152 -0.1082293358498005 0
0.3349307334150648 -0.1200134215515247 0
0.3353323520475894 -0.1329759158234214 0
0.3406463484183836 -0.04510867605921339 0
0.3408223967478858 -0.05060585837418189 0
0.3410160499103382 -0.05665275892064724 0
0.3412290683890358 -0.06330434952175913 0
0.3414633887156032 -0.07062109918298221 0
0.3417211410748274 -0.07866952381032757 0
0.3420046686699739 -0.0875227909004075 0
0.3423165490246351 -0.09726138469949541 0
0.3426596174147624 -0.1079738378784921 0
0.3430369926439025 -0.1197575363753885 0
0.3434521053959566 -0.1327196047219745 0
0.8695270217400135 0.03045072571408073 0
0.8704803639372485 0.03586747390519609 0
0.871529040354207 0.04182589691542298 0
0.8726825844128614 0.04838016222667257 0
0.8739514828773812 0.05558985406904711 0
0.875347271188353 0.06352051509565911 0
0.8768826383304219 0.07224424222493231 0
0.8785715421866978 0.08184034206713282 0
0.8804293364286012 0.0923960518935534 0
0.882472910094695 0.104007332702616 0
0.8847208411273981 0.1167797415925849 0
0.6018157114676654 0.06817907326374688 0
0.6023920501859389 0.07364879656876869 0
0.6030260227760397 0.07966549220429267 0
0.6037233926251506 0.08628385740336905 0
0.6044904994591725 0.09356405912235308 0
0.6053343169765967 0.1015722810132355 0
0.6062625162457632 0.1103813250932062 0
0.6072835354418464 0.1200712735811739 0
0.608406656557538 0.1307302169179385 0
0.6096420897847986 0.1424550545883794 0
0.6110010663347853 0.1553523760258645 0
0.5935350879941621 0.06904199772908362 0
0.5940986016680637 0.07451305760862005 0
0.5947184667093556 0.08053122347611012 0
0.5954003182547766 0.0871512059303492 0
0.5961503549547396 0.09443318663001218 0
0.596975395324699 0.1024433653996415 0
0.5978829397316543 0.1112545620462337 0
0.5988812385793052 0.1209468783574851 0
0.5999793673117212 0.1316084262998617 0
0.6011873089173787 0.1433361290364759 0
0.602516044683602 0.1562366020467516 0
0.9018900866063232 0.02461525339306093 0
0.9028889259248336 0.03002379617736851 0
0.9039876491751951 0.03597319324010684 0
0.9051962447505927 0.04251753000911901 0
0.90652569988353 0.04971630045503239 0
0.9079881005297612 0.05763494794553711 0
0.9095967412406154 0.06634546018509231 0
0.9113662460225551 0.07592702364860303 0
0.9133127012826887 0.08646674345846482 0
0.9154538020688356 0.09806043524931278 0
0.9178090129335973 0.1108134962192455 0
0.8955924415114807 0.025773677120465 0
0.8965830339060353 0.03118373692214572 0
0.8976726855400454 0.03713480270399451 0
0.8988713023374566 0.04368097506402818 0
0.900189780814609 0.05088176466006522 0
0.9016401071394765 0.05880263321570596 0
0.9032354660968308 0.06751558862691077 0
0.9049903609499205 0.07709983957923608 0
0.9069207452883191 0.08764251562679393 0
0.9090441680605577 0.09923945927910752 0
0.9113799331100201 0.1119960972966525 0
0.8827273691900032 0.02810565233336475 0
0.8836983927472354 0.03351925905463806 0
0.8847665186601908 0.0394742264480387 0
0.8859414571644418 0.04602469058077941 0
0.887233889519118 0.05323020112679419 0
0.8886555651092617 0.06115626272741044 0
0.8902194082584197 0.06987493048808832 0
0.8919396357224937 0.07946546502483401 0
0.8938318859329749 0.09001505301525425 0
0.8959133611645043 0.1016195998047165 0
0.8982029839191866 0.114384601273125 0
0.7540661330444445 0.04901179138080883 0
0.7548598935173075 0.05445421443672334 0
0.7557330300374568 0.06044087979822931 0
0.7566934802096211 0.06702621169588585 0
0.7577499753990019 0.07427007678330808 0
0.7589121201073207 0.08223832837947251 0
0.7601904792864713 0.09100340513525337 0
0.761596674383537 0.1006449895666123 0
0.7631434889903093 0.1112507324411072 0
0.7648449850577588 0.1229170496030516 0
0.7667166307319533 0.1357499984811903 0
0.3027147432559513 0.08383799663019445 0
0.30259456209936 0.08933670397656755 0
0.3024623628271094 0.09538528205757797 0
0.3023169436276338 0.1020387179466894 0
0.3021569825082107 0.109357497424712 0
0.3019810252768453 0.1174081548505369 0
0.3017874723223433 0.1262638780189442 0
0.3015745640723911 0.1360051735041923 0
0.3013403649974437 0.1467205985379652 0
0.3010827460150015 0.1585075660751154 0
0.3007993651343152 0.1714732303659806 0
0.2946890658477718 0.08364052836862726 0
0.2945386776943454 0.08913849289680738 0
0.2943732507255764 0.09518625387780551 0
0.2941912810599304 0.1018387909569035 0
0.2939911144277198 0.1091565817439112 0
0.2937709311322881 0.1172061516096197 0
0.2935287295073134 0.1260606784618991 0
0.2932623077198411 0.1358006579994064 0
0.2929692437536216 0.1465146354906644 0
0.2926468733907802 0.1583000107310483 0
0.2922922659916546 0.1712639234954705 0
0.8892037112431602 0.0269380241833762 0
0.8901847381637439 0.03234982733778913 0
0.8912638677763859 0.03830281080764336 0
0.8924509103502921 0.04485109262448302 0
0.8937566571815889 0.05205420262300663 0
0.8951929786960154 0.05997762362138261 0
0.8967729323618846 0.06869338671959618 0
0.8985108813943408 0.07828072612763111 0
0.9004226253300425 0.08882679947646954 0
0.9025255436593143 0.1004274801601918 0
0.9048387538215134 0.1131882289122863 0
0.8064891071209236 0.04101523750000185 0
0.8073548068327346 0.04644668230301713 0
0.8083070765157269 0.05242127158633394 0
0.8093545731670183 0.05899331979798243 0
0.8105068194834389 0.06622257283079577 0
0.8117742904315015 0.07417475116689046 0
0.8131685084743705 0.08292214733659459 0
0.8147021483215262 0.09254428312326915 0
0.8163891521533976 0.1031286324886112 0
0.8182448563684561 0.1147714167904874 0
0.8202861310050205 0.1275784795225512 0
0.8064621010388564 -0.01906679396190108 0
0.8068406478812826 -0.02455375146479929 0
0.8072570494079515 -0.03058940471798733 0
0.8077150910872872 -0.03722862329649416 0
0.8082189369345565 -0.04453176373285168 0
0.8087731673665527 -0.05256521821284495 0
0.8093828208417485 -0.06140201814083756 0
0.8100534396644639 -0.07112249806162943 0
0.8107911203694508 -0.08181502597450048 0
0.8116025691449364 -0.09357680667865864 0
0.8124951627979706 -0.1065147654532326 0
0.8136787672132487 -0.01856812957399871 0
0.8140584498229503 -0.02405500859710675 0
0.814476100693622 -0.03009057552252559 0
0.8149355166513608 -0.03672969914048631 0
0.8154408742048735 -0.04403273512024312 0
0.8159967675137376 -0.0520660746979756 0
0.816608250153488 -0.06090274823348134 0
0.8172808810572135 -0.07062308912253765 0
0.8180207750513115 -0.08131546410049958 0
0.8188346584448194 -0.09307707657625772 0
0.8197299301776779 -0.1060148502995917 0
0.8208364356998572 -0.01807211342034561 0
0.8212171878870135 -0.02355891832379227 0
0.8216360152928853 -0.02959440371758361 0
0.8220967254393443 -0.03623343765075408 0
0.8226035066004492 -0.04353637497724159 0
0.8231609658776646 -0.05156960603637786 0
0.8237741710826016 -0.06040616020142775 0
0.8244486968080322 -0.07012636978298263 0
0.825190675106006 -0.08081860032269302 0
0.826006851233777 -0.09258005391637443 0
0.8269046449743253 -0.105517652869424 0
0.9261177354456265 0.02005789598043913 0
0.9271517078969244 0.02545983225080829 0
0.928289077593352 0.03140196214821436 0
0.9295401842594224 0.03793830503536104 0
0.9309164015920999 0.04512828221122239 0
0.9324302406580451 0.05303725710466986 0
0.9340954636305848 0.06173712948746209 0
0.9359272089003786 0.07130698910853354 0
0.9379421286971517 0.08183383469171214 0
0.9401585404736021 0.09341336483320861 0
0.9425965934276975 0.1061508479888547 0
0.7463778944675459 0.05012601001408239 0
0.7471614931497249 0.05556990581658401 0
0.7480234517001219 0.06155819119933581 0
0.7489716061055584 0.06814530512036278 0
0.7500145759515386 0.07539113043349245 0
0.7511618427821168 0.08336153827793508 0
0.7524238362957529 0.09212898690682199 0
0.7538120291607526 0.1017731803985976 0
0.7553390413122524 0.1123817932395507 0
0.757018754678902 0.1240512673645992 0
0.7588664393822165 0.1368876889021525 0
-0.005048723086771747 -0.0005005646020439575 0
-0.01060231848222067 -0.001051185664292311 0
-0.01671127341721448 -0.0016568688327655 0
-0.02343112384570768 -0.002323120318086007 0
-0.0308229593170502 -0.003055996951938566 0
-0.03895397833552696 -0.003862161249176379 0
-0.04789809925585141 -0.004748941976137976 0
-0.0577366322682083 -0.005724400775795731 0
-0.06855901858180088 -0.006797405455419262 0
-0.08046364352675273 -0.007977710603005147 0
-0.09355873096619975 -0.009276046265349619 0
0.4178181378016096 0.08227190286957471 0
0.4180618019199007 0.08776650856890376 0
0.4183298324500209 0.09381057483816571 0
0.4186246660331532 0.1004590477343539 0
0.4189489829745986 0.1077723679201608 0
0.4193057316101887 0.1158170201245485 0
0.4196981551093377 0.1246661375493749 0
0.4201298209584016 0.134400166716684 0
0.420604653392372 0.145107598800724 0
0.4211269690697393 0.156885774093168 0
0.4217015163148434 0.1698417669148563 0
0.4094793227562468 0.08262948448959341 0
0.4097056740435808 0.08812483272712485 0
0.4099546604596482 0.09416971578840941 0
0.4102285455173224 0.1008190871558224 0
0.410529819080764 0.1081333956599768 0
0.4108612200005498 0.1161791350145465 0
0.4112257610123141 0.1250294483045733 0
0.4116267561252548 0.1347647929236027 0
0.4120678507494897 0.145473672004535 0
0.412553054836148 0.1572534389935606 0
0.4130867793314722 0.1702111826814888 0
0.738644230469324 0.05123151368250183 0
0.7394168923373992 0.05667697292497875 0
0.7402668203922818 0.06266697809170338 0
0.7412017412526527 0.06925598377510046 0
0.7422301541990607 0.07650389002683726 0
0.7433614084401095 0.08447658690374772 0
0.7446057881052632 0.09324655346834924 0
0.7459746057369322 0.1028935166894109 0
0.7474803051317682 0.1135051762325788 0
0.7491365744660877 0.1251780017300634 0
0.7509584707338393 0.1380181097772965 0
0.9319154402719168 0.01894402954025828 0
0.9329581865452093 0.02434428012923386 0
0.9341052074458311 0.03028455577710699 0
0.9353669304365152 0.03681885898976744 0
0.9367548257262676 0.04400659252369395 0
0.9382815105449953 0.0519130994110131 0
0.9399608638455956 0.06061025698706417 0
0.9418081524762562 0.07017713032072034 0
0.9438401699699827 0.08070069098774214 0
0.9460753892130818 0.09227660772146611 0
0.9485341303804908 0.1050101161285625 0
0.09794047484663727 0.06093799985060301 0
0.09666071234012759 0.06628712890458686 0
0.09525297358296694 0.07217117086396911 0
0.09370446095009022 0.07864361701928958 0
0.09200109705392584 0.08576330779014209 0
0.09012739676814502 0.09359496763807985 0
0.08806632645378611 0.1022097934708114 0
0.0857991491079913 0.1116861018868161 0
0.08330525402761702 0.1221100411444213 0
0.08056196943920532 0.133576374327787 0
0.07754435639195244 0.1461893408294892 0
0.09172043659580698 0.05941233054642757 0
0.09037808278607293 0.06474610893988961 0
0.08890149359536548 0.07061326517269784 0
0.08727724548558728 0.0770671370287869 0
0.08549057256483127 0.08416639607048487 0
0.08352523235199966 0.09197558101635264 0
0.08136335811788488 0.1005656844568072 0
0.07898529646035862 0.1100147982413072 0
0.07636942863707974 0.1204088234042572 0
0.07349197403147296 0.1318422510835022 0
0.07032677396530551 0.1444190215306717 0
0.9202135808838222 0.02118373907490034 0
0.9212398520408209 0.02658714390710566 0
0.9223687503135196 0.03253088922253149 0
0.9236105384134881 0.03906900906949992 0
0.9249765053234534 0.04626094090116518 0
0.9264790689244152 0.05417206591599698 0
0.9281318888854733 0.06287430343231196 0
0.9299499908426372 0.07244676470025843 0
0.9319499029955174 0.08297647209499956 0
0.9341498063636856 0.09455915022921479 0
0.9365697000686707 0.1073000961768516 0
0.7768468476109848 0.04562411364602807 0
0.77767200834459 0.05106186484409118 0
0.7785796851515558 0.0570433911619606 0
0.7795781296392181 0.06362307011161697 0
0.7806764185756467 0.07086071695623897 0
0.7818845364057182 0.07882212848532318 0
0.7832134660187968 0.08757968116731579 0
0.7846752885931833 0.0972129891175077 0
0.7862832934250084 0.1078096278627188 0
0.7880520987400159 0.119465930482451 0
0.7899977845865243 0.1322878633641564 0
0.7917776902654946 0.04333004685938765 0
0.7926225057369571 0.0487647785879314 0
0.7935518027555659 0.05474298348932953 0
0.7945740294760356 0.06131900888086747 0
0.7956984788685523 0.06855263681155921 0
0.7969353732003206 0.0765096275353201 0
0.7982959569652658 0.0852623173314571 0
0.7997925991067054 0.09489027610720781 0
0.801438905462289 0.1054810307605336 0
0.803249842453431 0.1171308608791919 0
0.8052418731436872 0.1299456740097161 0
0.7617078730848245 0.04789029101459734 0
0.7625115239839507 0.05333126250773872 0
0.7633955399729896 0.05931633115019423 0
0.7643679575609323 0.0658999066568953 0
0.7654376169076694 0.07314183971426648 0
0.7666142421890801 0.08110796607737478 0
0.767908529998632 0.0898707050767939 0
0.769332246589139 0.09950971797615493 0
0.7708983348386966 0.1101126321654521 0
0.7726210319132102 0.121775837773679 0
0.774515998695175 0.1346053639427285 0
0.769302248596626 0.04676147640856692 0
0.7701165264619108 0.05220086827528921 0
0.7710122321137238 0.05818419932868374 0
0.7719975083307183 0.06476586348741772 0
0.7730813121694123 0.07200569406202509 0
0.7742734963919756 0.07996950769409321 0
0.7755848990367953 0.08872970268936814 0
0.7770274419460969 0.09836591718417056 0
0.7786142391463287 0.1089657531284532 0
0.7803597160665836 0.1206255726671642 0
0.7822797406788641 0.1334513741597462 0
0.8628065738122341 0.03162753873104671 0
0.8637500598714939 0.03704601286977691 0
0.8647878945366796 0.04300633442238012 0
0.8659295126683838 0.04956268813024367 0
0.8671852926132585 0.05677467720889358 0
0.8685666505526207 0.06470786519540847 0
0.870086144285919 0.07343437198057484 0
0.8717575873925473 0.08303352944425785 0
0.8735961748098383 0.09359260265430919 0
0.8756186209688585 0.1052075831853656 0
0.8778433117437806 0.1179840617695277 0
0.7991617419908501 0.04217577566379518 0
0.8000166846664581 0.04760892426462127 0
0.8009571216096271 0.05358538772552997 0
0.8019916022471129 0.06015949753252954 0
0.8031295309483473 0.06739101832022906 0
0.804381252519705 0.07534569118669854 0
0.8057581462481986 0.08409583133981496 0
0.8072727293495415 0.09372098550824304 0
0.8089387707610188 0.1043086550935139 0
0.8107714163136437 0.1159550916373119 0
0.8127873264215312 0.1287661718354897 0
0.8761676806435708 0.02927612509580291 0
0.8771297508358644 0.03469132944180012 0
0.8781880280473876 0.04064805422239705 0
0.879352132980063 0.04720045148105367 0
0.8806326484060059 0.05440808846557596 0
0.8820412153745432 0.06233648914855047 0
0.8835906390399341 0.07105772989982244 0
0.8852950050718642 0.0806510947262216 0
0.8871698077069873 0.09120379603526069 0
0.8892320906056226 0.1028117674752037 0
0.8915006017941215 0.115580536059141 0
0.9142049977156125 0.02232036466300522 0
0.9152224695386948 0.02772543407596745 0
0.9163416885440855 0.03367101043022591 0
0.9175728294500152 0.04021114441991022 0
0.9189270844465378 0.04740529180856295 0
0.9204167649427127 0.05531885393608096 0
0.9220554134885052 0.06402377227635078 0
0.9238579268888768 0.07359918245064757 0
0.9258406916292856 0.08413213364237405 0
0.9280217328437352 0.09571837995327317 0
0.9304208781796299 0.1084632508952622 0
0.8209629423481585 0.0386807435471802 0
0.8218480369219721 0.04410906075830237 0
0.822821640953167 0.05008020969053676 0
0.8238926053874814 0.05664847351599459 0
0.8250706662652273 0.0638735637239982 0
0.8263665332307477 0.07182116295280216 0
0.8277919868928202 0.08056352210448653 0
0.8293599859210999 0.09018011717133935 0
0.8310847848522077 0.1007583717448775 0
0.8329820636764261 0.1123944517757693 0
0.8350690703830665 0.1251941398097504 0
0.7844774468838733 -0.02057618178539368 0
0.7848524328672141 -0.02606338378779506 0
0.7852649174488888 -0.03209930599043659 0
0.7857186504887311 -0.03873882041334227 0
0.7862177568325576 -0.04604228627853851 0
0.7867667738107668 -0.05407609873025439 0
0.7873706924867968 -0.06291329242714185 0
0.7880350030304298 -0.07263420549371805 0
0.7887657446284262 -0.08332720986695188 0
0.7895695603862222 -0.0950895146775091 0
0.7904537577197978 -0.108028049969122 0
0.7918595090304646 -0.02007095851512712 0
0.7922356207959093 -0.02555808347035103 0
0.7926493437378983 -0.03159392092109734 0
0.7931044389740863 -0.03823334211691828 0
0.7936050437338932 -0.04553670543232131 0
0.7941557089696807 -0.05357040507926464 0
0.7947614407290469 -0.0624074746909023 0
0.7954277456643498 -0.07212825126370374 0
0.7961606810931829 -0.08282110549378532 0
0.7969669100648994 -0.09458324514687505 0
0.7978537619337875 -0.1075215987652738 0
0.7991883631237988 -0.01956782852952472 0
0.7995656852939306 -0.02505487039044998 0
0.7999807396810754 -0.03109061643746776 0
0.8004372995069348 -0.03772993708918732 0
0.8009395153153801 -0.04503318980607884 0
0.8014919527046699 -0.05306676779465951 0
0.8020996338328887 -0.06190370358209825 0
0.8027680830739294 -0.07162433294828086 0
0.8035033772390742 -0.08231702525108174 0
0.8043122008207334 -0.0940789867841627 0
0.8052019067605586 -0.1070171444705518 0
0.7843391668434594 0.04447979740828763 0
0.7851744607594786 0.04991600089793537 0
0.7860932840670998 0.05589582473654787 0
0.787103989705483 0.06247363095902163 0
0.7882157659077046 0.06970921780374276 0
0.7894387197301483 0.077668363332936 0
0.7907839689348365 0.08642342341504858 0
0.7922637430599934 0.09605398950537242 0
0.7938914945976661 0.1066476122047286 0
0.7956820212891059 0.1183005971740205 0
0.7976516006496898 0.1311188806402415 0
0.5955873424405242 -0.03289879187192319 0
0.595922846875387 -0.03838854949656786 0
0.596291901753736 -0.04442728288367701 0
0.5966978621199199 -0.05106988960949706 0
0.5971444185227223 -0.05837675700789911 0
0.5976356305658048 -0.06641431114614138 0
0.5981759638131956 -0.07525562069820786 0
0.5987703303853256 -0.08498106120548102 0
0.5994241336146684 -0.09567904576348148 0
0.6001433171669456 -0.107446828777282 0
0.6009344190744504 -0.1203913900924625 0
0.6037698894855281 -0.0323965945965913 0
0.6041079823111524 -0.03788619336389566 0
0.6044798844193391 -0.04392475200793046 0
0.6048889767383444 -0.05056716651636874 0
0.6053389782892502 -0.05787382247565084 0
0.6058339799952467 -0.06591114403086115 0
0.6063784818718428 -0.0747521977415925 0
0.6069774339360985 -0.08447735682339699 0
0.6076362812067798 -0.09517503181338192 0
0.6083610132045292 -0.1069424743023654 0
0.6091582184020535 -0.1198866610402471 0
0.6119352977908542 -0.03189194190656075 0
0.6122755896429161 -0.03738140476803765 0
0.6126499106801842 -0.04341981391566226 0
0.613061663821179 -0.05006206397804931 0
0.6135145922762734 -0.05736853904667508 0
0.6140128135768772 -0.06540566162216341 0
0.6145608570075414 -0.07424649645520058 0
0.615163704781272 -0.08397141477154148 0
0.6158268373323756 -0.09466882491951648 0
0.6165562831385897 -0.106435976082289 0
0.6173586735254252 -0.1193798423613387 0
0.9641687790525535 0.01256358464217223 0
0.9652601398855625 0.0179542200256043 0
0.9664606368018722 0.02388391894737959 0
0.967781183409813 0.0304065877613324 0
0.9692337846785479 0.0375815234566805 0
0.9708316460741563 0.0454739527215634 0
0.9725892936093256 0.0541556249129346 0
0.9745227058980117 0.06370546432344291 0
0.9766494594155665 0.07421028767500208 0
0.9789888882848766 0.08576559336171714 0
0.9815622600411179 0.09847642961710371 0
0.6993602399229868 0.05660439024026095 0
0.7000780217607196 0.06205735506539298 0
0.7008675817822259 0.06805561637303822 0
0.7017360978058825 0.07465370381144799 0
0.702691465431905 0.08191159999369874 0
0.7037423698205297 0.08989528579417455 0
0.7048983646480168 0.09867734017469795 0
0.7061699589582527 0.1083375999932737 0
0.7075687126995122 0.118963885793707 0
0.7091073418148977 0.1306528001741837 0
0.7107998338418215 0.143510605992708 0
0.69139093736857 0.05764449567551246 0
0.6920973456001059 0.06309894497537247 0
0.6928743946547955 0.06909883920521849 0
0.693729148614954 0.0756987228580491 0
0.6946693779711284 0.08295859487616278 0
0.6957036302629201 0.09094445409608783 0
0.6968413077838912 0.09972889923800538 0
0.6980927530569593 0.1093917888941147 0
0.6994693428573342 0.1200209675158349 0
0.7009835916377465 0.1317130639997272 0
0.7026492652962001 0.1445743701320087 0
0.5709505955158443 -0.03438334323206978 0
0.5712768376006444 -0.03987365905625501 0
0.5716357038939246 -0.04591300646285876 0
0.5720304568165328 -0.05255628861012289 0
0.5724646850314017 -0.05986389897211342 0
0.5729423360677576 -0.06790227037030301 0
0.573467752207749 -0.07674447890831157 0
0.5740457099617395 -0.08647090830012097 0
0.5746814634911293 -0.09716998063111133 0
0.5753807923734578 -0.1089389601952007 0
0.5761500541440193 -0.121884837715699 0
0.5791760210824892 -0.03389258349057409 0
0.5795051940664633 -0.03938272445026706 0
0.5798672843488348 -0.04542187950592933 0
0.5802655836594436 -0.05206495006715783 0
0.5807037129011131 -0.05937232768450917 0
0.5811856550669496 -0.06741044306359564 0
0.5817157914493698 -0.07625236998059078 0
0.582298941470032 -0.08597848958928542 0
0.5829404064927604 -0.09667722115884952 0
0.5836460180177616 -0.1084458258853701 0
0.584422190695263 -0.1213912910845426 0
0.5873888737076428 -0.03339773110024007 0
0.5877213118114454 -0.03888767533017115 0
0.5880869937256283 -0.04492661398309534 0
0.5884892438312295 -0.05156944650131195 0
0.5889317189473908 -0.05887656227135021 0
0.5894184415751683 -0.06691438961839231 0
0.5899538364657234 -0.07575599970013862 0
0.5905427708453341 -0.08548177079005956 0
0.5911905986629059 -0.09618011898897259 0
0.5919032092622349 -0.1079483020077769 0
0.5926870809214968 -0.1208933033284617 0
0.6183201564843319 0.06640307284317114 0
0.6189207356030429 0.07187018758052746 0
0.619581372633625 0.07788401379161944 0
0.6203080733672655 0.08449922262382061 0
0.6211074441742698 0.09177595233924189 0
0.6219867520619746 0.0997803550262053 0
0.6229539907384499 0.1085851979818651 0
0.6240179532825728 0.1182705252330908 0
0.6251883120811079 0.1289243852094391 0
0.6264757067594966 0.1406436311834222 0
0.6278918409057241 0.1535348017548037 0
0.6100776396178589 0.06729904133924229 0
0.6106661191606159 0.07276747137798473 0
0.6113134466576484 0.0787827444206014 0
0.6120255069043843 0.08539954476747975 0
0.6128087731757937 0.09267802514904594 0
0.6136703660743442 0.1006843535687688 0
0.6146181182627497 0.1094913148304638 0
0.6156606456699957 0.1191789722183284 0
0.6168074258179663 0.1298353953449795 0
0.618068883980734 0.1415574607842957 0
0.6194564879597784 0.1544517327675435 0
0.3351341871753807 0.08420026415334579 0
0.3351296394301148 0.0897002799246587 0
0.3351246369103223 0.0957502972731029 0
0.3351191341385506 0.1024053163563915 0
0.3351130810896017 0.109725837348009 0
0.3351064227357579 0.1177784104387882 0
0.3350990985465297 0.1266362408386454 0
0.3350910419383787 0.1363798542784883 0
0.3350821796694126 0.1470978290623154 0
0.3350724311735499 0.1588876013245253 0
0.3350617078281009 0.1718563508129561 0
0.3269853087289478 0.0841727783591327 0
0.3269526748392277 0.0896726997528646 0
0.3269167775605357 0.09572261328596969 0
0.3268772905539745 0.1023775181723853 0
0.3268338548467571 0.1096979135474425 0
0.3267860755688181 0.1177503484600053 0
0.3267335183630851 0.1266080268638245 0
0.3266757054367788 0.1363514731080256 0
0.3266121112178418 0.1470692639766468 0
0.3265421575770112 0.1588588339321301 0
0.3264652085720975 0.1718273608831618 0
0.4221336317608302 -0.04211787954278972 0
0.4223642272310569 -0.04761304506269559 0
0.4226178822483062 -0.05365772713459205 0
0.4228969027672804 -0.06030687741367816 0
0.423203825338152 -0.06762094272067287 0
0.4235414401661109 -0.07566641455836705 0
0.4239128164768656 -0.08451643357983066 0
0.4243213304186957 -0.09425145450344062 0
0.4247706957547089 -0.1049599775194116 0
0.4252649976243234 -0.1167393528369797 0
0.4258087296808994 -0.1296966656863045 0
0.4303734415008246 -0.04176564645721669 0
0.4306119872619972 -0.0472604721491068 0
0.430874387599287 -0.05330478041018592 0
0.4311630279703057 -0.05995351949737295 0
0.4314805323784264 -0.06726713249327869 0
0.4318297872273591 -0.07531210678877499 0
0.4322139675611851 -0.08416157851382093 0
0.4326365659283936 -0.09389599741137146 0
0.4331014241323231 -0.1046038581986771 0
0.4336127681566454 -0.1163825050647132 0
0.4341752465834 -0.129339016617353 0
0.4386230195599609 -0.04140196743458604 0
0.438868683182278 -0.04689647936167702 0
0.4391389131668268 -0.05294044248147709 0
0.4394361661498306 -0.05958880191325718 0
0.4397631444311347 -0.06690199728821526 0
0.4401228205405692 -0.07494651220066917 0
0.4405184642609471 -0.08379547860436845 0
0.4409536723533629 -0.09352934164843768 0
0.4414324012550202 -0.1042365909969138 0
0.4419590030468433 -0.1160145652802376 0
0.4425382650178486 -0.1289703369918937 0
0.9376013602611751 0.01784065863078395 0
0.9386533693004288 0.02323911170921146 0
0.9398105792436078 0.02917741009548173 0
0.9410835101811047 0.03570953832037901 0
0.9424837342123513 0.04289487936776603 0
0.9440239806467227 0.05079875451989175 0
0.9457182517245311 0.05949301718723004 0
0.9475819499101203 0.06905670612130216 0
0.9496320179142685 0.07957676394878149 0
0.9518870927188315 0.09114882755900877 0
0.9543676750038509 0.1038780975302588 0
0.3188646903547576 0.08410359322770387 0
0.3188034790766919 0.08960327151929065 0
0.3187361466708197 0.09565291764003611 0
0.3186620810243603 0.1023075283728561 0
0.318580608813255 0.1096276001789581 0
0.3184909893810391 0.1176796791656703 0
0.3183924080056016 0.1265369660510537 0
0.3182839684926204 0.1362799816249755 0
0.3181646850283411 0.1469972987562895 0
0.3180334732176339 0.1587863476007348 0
0.3178891402258558 0.1717543013296247 0
0.3107739206444075 0.08399221218898204 0
0.3106835263617184 0.08949148911879719 0
0.3105840926507604 0.09554069374159385 0
0.3104747155687066 0.1021948188266702 0
0.3103544007784474 0.1095143564202542 0
0.3102220545091623 0.1175658477731965 0
0.3100764736129487 0.1264224882614331 0
0.3099163346271137 0.1361647927984934 0
0.3097401817426951 0.1468813277892597 0
0.3095464135698348 0.1586695162791026 0
0.3093332685796884 0.1716365236179298 0
0.4345322216709094 0.08147735439063858 0
0.4348122983108662 0.08697022654206735 0
0.4351203826148187 0.09301238590863901 0
0.4354592753491663 0.09965876121186784 0
0.4358320573569488 0.1069697740454195 0
0.4362421175655095 0.1150118881623264 0
0.4366931837949263 0.123858213690924 0
0.4371893566472848 0.1335891717723813 0
0.437735146784879 0.1442932256619844 0
0.4383355159362328 0.1560676849405477 0
0.4389959220027219 0.1690195901469675 0
0.4261693160817716 0.08188945020246646 0
0.4264305185810254 0.08738325256936082 0
0.4267178413302046 0.09342643517294461 0
0.4270338963543017 0.1000739360368868 0
0.4273815568808085 0.1073861869872231 0
0.427763983459966 0.1154296630325932 0
0.4281846526970392 0.1242774866825002 0
0.4286473888578197 0.1340100926973979 0
0.4291563986346784 0.1447159593137854 0
0.4297163093892228 0.1564924125918116 0
0.4303322112192217 0.1694465111976405 0
0.08560479044633855 0.05783363370561383 0
0.08419509994893254 0.06315003200437233 0
0.08264444040178594 0.06899807013300667 0
0.08093871489992469 0.07543091207450445 0
0.07906241684787729 0.08250703821015201 0
0.07699848899062517 0.09029077695936433 0
0.07472816834764782 0.09885288958349787 0
0.07223081564037276 0.1082712134700448 0
0.06948372766237017 0.1186313697452464 0
0.06646193088656732 0.1300275416479681 0
0.06313795443318421 0.1425633307409621 0
0.07959959591941057 0.05619859015654505 0
0.07811878722385582 0.06149562751399791 0
0.07648989765874559 0.06732236860719606 0
0.07469811913712433 0.07373178380971401 0
0.07272716276334094 0.08078214053248377 0
0.07055911075217923 0.0885375329275305 0
0.06817425353990134 0.0970684645620819 0
0.06555091060639566 0.1064524893600885 0
0.06266523337953941 0.1167749166378957 0
0.05949098842999754 0.1281295866434836 0
0.05599931898550148 0.1406197236496303 0
0.9731081061500091 -0.007076921894567862 0
0.9735236463136618 -0.01256120185758721 0
0.9739807404936799 -0.0185939098169085 0
0.9744835440916997 -0.02522988857216191 0
0.9750366280495215 -0.03252946520294067 0
0.9756450204031255 -0.0405589994967973 0
0.97631425199209 -0.0493914872200396 0
0.9770504067399508 -0.05910722371560612 0
0.9778601769625977 -0.0697945338607293 0
0.9787509242075093 -0.08155057502036481 0
0.9797307461769121 -0.09448222029596386 0
0.9776829023769151 -0.006729802196564973 0
0.9780999283927799 -0.01221396941931889 0
0.9785586570102311 -0.0182465533643482 0
0.9790632584894275 -0.02488239570388044 0
0.9796183201165436 -0.0321818222773659 0
0.9802288879063712 -0.04021119150819991 0
0.9809005124751816 -0.04904349766211732 0
0.981639299500873 -0.05875903443142647 0
0.9824519652291336 -0.06944612487766655 0
0.9833458975302202 -0.08120192436853063 0
0.9843292230614155 -0.09413330380848112 0
0.9820787475947663 -0.006394800354027693 0
0.9824974225432858 -0.01187884191494678 0
0.9829579649866572 -0.01791128763195777 0
0.9834645616743658 -0.02454697792066986 0
0.9840218180308453 -0.03184623723825317 0
0.9846348000229728 -0.03987542248759479 0
0.9853090802143128 -0.04870752626187059 0
0.986050788424787 -0.05842284041357397 0
0.9868666674563086 -0.06910968598044769 0
0.9877641343909823 -0.08086521610400876 0
0.9887513480191235 -0.09379629923992595 0
0.8691138472286765 -0.01468603428159913 0
0.8695029854152728 -0.02017225081769351 0
0.8699310374205288 -0.02620708900739733 0
0.8704018946263102 -0.03284541101607152 0
0.87091983755267 -0.04014756522561315 0
0.8714895747716657 -0.04817993485610893 0
0.8721162857125608 -0.05701554144965429 0
0.8728056677475455 -0.06673470870255419 0
0.8735639879860289 -0.07742579268074408 0
0.8743981402483604 -0.08918598505675296 0
0.875315707736925 -0.1021221966703627 0
0.8757225288716628 -0.01421650313703062 0
0.8761129560802039 -0.01970262809193259 0
0.8765424260095992 -0.02573736554232475 0
0.877014842931934 -0.03237557673775612 0
0.8775345015465023 -0.03967760905273064 0
0.8781061260225274 -0.04770984459920261 0
0.878734912946155 -0.05654530370032176 0
0.8794265785621453 -0.06626430871155285 0
0.8801874107397347 -0.07695521422390705 0
0.8810243261350831 -0.08871521028749667 0
0.8819449330699664 -0.1016512059574452 0
0.8822518320468661 -0.01375105418647783 0
0.8826436817299763 -0.01923707773955916 0
0.8830747163813976 -0.02527170364794864 0
0.8835488544979609 -0.03190979214717705 0
0.8840704064261806 -0.03921168949632831 0
0.8846441135472224 -0.04724377658039469 0
0.8852751913803681 -0.05607907237286772 0
0.8859693769968287 -0.06579789774458804 0
0.8867329811749352 -0.07648860565348041 0
0.8875729457708522 -0.088248384353262 0
0.8884969068263611 -0.1011841409230218 0
0.9486163178553606 0.01567825223829316 0
0.949683910697867 0.02107364550403436 0
0.9508582628246238 0.02700857809634967 0
0.9521500501640563 0.03353700394789651 0
0.9535710162374321 0.04071827238459804 0
0.9551340789181456 0.04861766766496971 0
0.9568534478669303 0.05730700247337857 0
0.9587447537105935 0.0668652707626283 0
0.9608251901386231 0.07737936588080302 0
0.9631136702094556 0.08894487051079519 0
0.9656309982873713 0.1016669256037866 0
0.3974928108409638 -0.04309779758918605 0
0.3977018141302747 -0.04859382553272892 0
0.3979317177485166 -0.05463945627062607 0
0.3981846117285828 -0.06128965008231295 0
0.3984627951066556 -0.0686048632751685 0
0.3987687968225356 -0.07665159778730962 0
0.3991053987100037 -0.08550300575066484 0
0.3994756607862185 -0.0952395545103556 0
0.3998829490700549 -0.1059497581460154 0
0.4003309661822749 -0.1177309821452412 0
0.4008237850057169 -0.1306903285443896 0
0.4056907982233755 -0.04278251592295595 0
0.4059054273912973 -0.04827832751882134 0
0.4061415194760112 -0.05432372027427326 0
0.4064012207691965 -0.06097365230527038 0
0.4066868921917004 -0.06828857753936721 0
0.4070011307564547 -0.07633499529687371 0
0.4073467931776844 -0.08518605483013086 0
0.407727021841037 -0.09492222031671374 0
0.4081452733707249 -0.1056320023519549 0
0.4086053500533816 -0.1174127625907202 0
0.409111434404304 -0.130371598853362 0
0.4139051577983598 -0.04245678371687096 0
0.4141272675308617 -0.04795229870418711 0
0.4143715882366137 -0.05399736519023488 0
0.4146403410129409 -0.06064693832488742 0
0.4149359690669008 -0.06796146877300521 0
0.4152611599262568 -0.07600745226593479 0
0.4156188698715483 -0.08485803410815732 0
0.416012350811369 -0.09459367413460212 0
0.4164451798451718 -0.1053028781636914 0
0.4169212917823548 -0.1170830025956896 0
0.4174450149132561 -0.1300411394708876 0
0.3679807316553386 0.083896317880505 0
0.3680850208708906 0.08939534367321046 0
0.3681997390079977 0.09544427204518648 0
0.3683259289588156 0.1020980932543601 0
0.3684647379047153 0.1094172965844511 0
0.3686174277452049 0.1174684202475511 0
0.3687853865697435 0.1263246562769612 0
0.3689701412767359 0.1360665159093123 0
0.3691733714544276 0.1467825615048985 0
0.3693969246498884 0.1585702116600433 0
0.3696428331648954 0.1715366268307026 0
0.3597353895627733 0.08403357394940134 0
0.3598137510420416 0.08953303165159164 0
0.3598999486692367 0.09558243512400097 0
0.3599947660591513 0.1022367789436512 0
0.3600990651880573 0.1095565571452665 0
0.3602137942298539 0.1176083131670433 0
0.3603399961758302 0.1264652447909978 0
0.3604788183164042 0.1362078695773478 0
0.3606315226710355 0.1469247568423327 0
0.36079949746113 0.1587133328338161 0
0.3609842697302339 0.1716807664244479 0
0.5184114419608564 0.0759385350840513 0
0.5188516604921185 0.08142089430863492 0
0.5193359008765068 0.08745148945567692 0
0.519868565299334 0.09408514411742311 0
0.5204544961644438 0.1013821642453439 0
0.5210990201160647 0.1094088863860568 0
0.5218079964628476 0.118238280740841 0
0.5225878704443089 0.1279506145311036 0
0.5234457318239162 0.1386341817003925 0
0.5243893793414842 0.1503861055866103 0
0.5254273916108091 0.1633132218614498 0
0.5100223168799625 0.0766007165217225 0
0.5104473567902726 0.08208427395023563 0
0.5109149006916138 0.08811618712160008 0
0.5114291989830891 0.09475129161010096 0
0.511994927103712 0.1020499065474519 0
0.5126172280363972 0.110078382978538 0
0.5133017590623508 0.1189097070527327 0
0.5140547431908998 0.1286241635343468 0
0.5148830257323037 0.1393100656641224 0
0.515794136527848 0.1510645580068755 0
0.5167963584029468 0.1639944995839039 0
0.9783817328933573 0.00965481851270706 0
0.9794952810466547 0.01504091446238318 0
0.9807201840152819 0.02096562000702692 0
0.9820675772807718 0.02748279610613503 0
0.9835497098728107 0.03465168981515395 0
0.9851800557240534 0.04253747289507476 0
0.9869734361604204 0.05121183428298766 0
0.9889461546404241 0.06075363180969184 0
0.9911161449684283 0.07124960908906645 0
0.9935031343292328 0.08279518409637852 0
0.9961288226261177 0.09549531660442179 0
0.446881423743537 -0.04102750507958095 0
0.4471337951549585 -0.04652171287455673 0
0.4474114037075221 -0.05256534144903008 0
0.4477167731153421 -0.05921333288095077 0
0.4480526794639441 -0.06652612345606353 0
0.4484221764474062 -0.07457019308868756 0
0.4488286231292146 -0.08341866968457401 0
0.4492757144792038 -0.0931519939400491 0
0.449767514964192 -0.1038586506210717 0
0.4503084954976789 -0.1156359729701965 0
0.4509035740845146 -0.1285910275542339 0
0.4551474249888224 -0.04064288041443668 0
0.455406181531511 -0.04613679112185492 0
0.4556908137284684 -0.05218009290001499 0
0.4560039091451215 -0.05882772485599106 0
0.4563483141034399 -0.06614012000756474 0
0.4567271595575902 -0.07418375467429579 0
0.4571438895571555 -0.08303175280769995 0
0.4576022925566773 -0.09276455075444454 0
0.4581065358561513 -0.1034706284958636 0
0.4586612034855727 -0.1152473140114245 0
0.4592713378779362 -0.1282016680785415 0
0.4634202495767137 -0.0402484953342621 0
0.4636856525629276 -0.04574208921013391 0
0.4639775958477629 -0.0517850424735929 0
0.4642987334610817 -0.05843229106339778 0
0.4646519848357325 -0.06574426451218317 0
0.4650405613478483 -0.07378743530584708 0
0.4654679955111757 -0.08263492317887738 0
0.4659381730908358 -0.09236715983921072 0
0.466455368428462 -0.1030726201655774 0
0.4670242832998507 -0.1148486265245807 0
0.4676500896583784 -0.1278022335194844 0
0.9980979137844591 0.005518605978496305 0
0.9992430600093543 0.01089807148241392 0
1.000502720856739 0.0168154835367233 0
1.001888347788862 0.02332463679646362 0
1.003412537414198 0.03048470538217797 0
1.005089146002067 0.03836078082646375 0
1.006933415448723 0.04702446381517811 0
1.008962111840044 0.05655451510276392 0
1.011193677870498 0.06703757151910832 0
1.013648400503997 0.07856893357708712 0
1.016348595400846 0.09125343184086383 0
0.9591228228635681 0.01358105769410885 0
0.9602069432371099 0.01897315307879368 0
0.9613994756480058 0.024904458001947 0
0.9627112612999914 0.03142889341741565 0
0.9641542255171754 0.03860577237443116 0
0.965741486156078 0.04650033922714823 0
0.9674874728588707 0.055184362765137 0
0.9694080582319428 0.06473678865692466 0
0.971520702142322 0.07524445713789107 0
0.9738446104437392 0.08680289246695413 0
0.9764009095752981 0.09951717132892351 0
0.997429163672072 -0.005214475551325772 0
0.9978535842030395 -0.0106980754832551 0
0.9983204467871036 -0.01673003540837737 0
0.9988339956295743 -0.02336519132601186 0
0.999398899356292 -0.03066386283540981 0
1.000020293455681 -0.03869240149574753 0
1.00070382696501 -0.04752379402211905 0
1.001455713825271 -0.05723832580112771 0
1.002282789371558 -0.06792431075803726 0
1.003192572472475 -0.07967889421063774 0
1.004193333883482 -0.09260893600849827 0
0.05139696181444017 0.04717017409032627 0
0.04949446185055172 0.05233091496625587 0
0.04740171189027442 0.05800772992977844 0
0.04509968693396938 0.06425222638965325 0
0.04256745948203385 0.07112117249551556 0
0.03978200928490476 0.07867701321196408 0
0.03671801406806276 0.08698843800005746 0
0.03334761932953656 0.0961310052669602 0
0.02964018511715774 0.1061878292605532 0
0.02556200748354104 0.1172503356535055 0
0.02107601208656267 0.129419092685753 0
0.04615814253893003 0.04518164709648263 0
0.04415115518512714 0.05030273308514834 0
0.04194346909594396 0.0559359276726806 0
0.03951501439784245 0.0621324417189661 0
0.0368437142299308 0.06894860716988015 0
0.03390528404522799 0.07644638916588559 0
0.03067301084205489 0.08469394936149159 0
0.02711751031856448 0.09376626557665818 0
0.02320645974272503 0.1037458134133414 0
0.01890430410930163 0.114723316033693 0
0.0141719329125359 0.1267985689160798 0
0.1372813351121393 0.06901613557181818 0
0.1363322930030631 0.07443369774998457 0
0.1352883466830793 0.0803930161459676 0
0.1341400057310971 0.08694826638154893 0
0.1328768306839167 0.09415904164068839 0
0.1314873381320183 0.1020908944257418 0
0.12995889632493 0.1108159324893006 0
0.1282776103371329 0.1204134743592152 0
0.1264281957505561 0.1309707704161213 0
0.1243938397053216 0.142583796078718 0
0.1221560480555637 0.1553581243075743 0
0.1305009482882944 0.067795502238301 0
0.1295010172641461 0.07320390440344553 0
0.128401093137583 0.07915314678510452 0
0.1271911765983635 0.08569731340492941 0
0.1258602684052222 0.09289589668673678 0
0.1243962693927666 0.1008143382967249 0
0.1227858704790655 0.1095246240677118 0
0.1210144316739943 0.1191059384157974 0
0.119065848988416 0.1296453841986916 0
0.1169224080342798 0.1412387745598752 0
0.1145646229847301 0.1539915039571772 0
0.6510671875717451 0.06265514317300735 0
0.6517162009077437 0.06811671920861623 0
0.6524301155773422 0.07412445284778599 0
0.6532154217139006 0.08073295985087273 0
0.6540792584641147 0.08800231755426816 0
0.6550294788893504 0.09599861102800311 0
0.6560747213571095 0.1047945338491116 0
0.6572244880716446 0.1144700489523309 0
0.6584892314576332 0.1251131155658721 0
0.6598804491822206 0.1368204888407675 0
0.6614107886792667 0.1496985994431523 0
0.6429173390931682 0.06361518966073793 0
0.6435550380701174 0.06907809857904701 0
0.6442565069447617 0.07508729838918701 0
0.6450281227068703 0.08169741818034101 0
0.6458769000451898 0.08896854995061042 0
0.6468105551173412 0.09696679489790676 0
0.6478375756967079 0.1057648643399327 0
0.6489672983340111 0.1154427407261613 0
0.6502099932350447 0.1260884047510127 0
0.6515769576261816 0.1377986351783493 0
0.6530806184564323 0.1506798886484196 0
0.8279331831298559 -0.01757895546522686 0
0.8283150720186273 -0.02306568137907353 0
0.8287351497962759 -0.02910107988430488 0
0.8291972353516893 -0.03574001824005936 0
0.8297055294626441 -0.04304285043138929 0
0.8302646529846943 -0.0510759658418522 0
0.8308796888589496 -0.05991239279336141 0
0.8315562283206304 -0.06963246244002155 0
0.8323004217284792 -0.0803245390513477 0
0.833119034477113 -0.09208582332380646 0
0.8340195085006101 -0.1050232360235111 0
0.8349669468075974 -0.01708859613978496 0
0.8353500489747234 -0.02257523747051707 0
0.8357714613585621 -0.0286105429343224 0
0.8362350149807846 -0.03524937894450826 0
0.8367449239652293 -0.04255209855571272 0
0.8373058238481185 -0.05058509012803761 0
0.8379228137192966 -0.05942138085759499 0
0.8386015025775925 -0.06914130066010812 0
0.839348060321718 -0.07983321244287256 0
0.8401692738402561 -0.09159431540391344 0
0.8410726087106479 -0.1045315286610584 0
0.8419355485018707 -0.01660124634032535 0
0.8423198243252045 -0.02208780559193056 0
0.8427425277308718 -0.02812302076869628 0
0.8432075014771057 -0.03476175746313858 0
0.843718972597963 -0.04206436782702511 0
0.8442815908309061 -0.05009723922730028 0
0.8449004708871435 -0.05893339776760299 0
0.8455812389490047 -0.06865317216193596 0
0.8463300838170519 -0.07934492399570223 0
0.8471538131719039 -0.09110585101284513 0
0.8480599154622411 -0.1040428707317023 0
0.28669869387419 0.0833997776598875 0
0.2865177543531326 0.08889682209358983 0
0.2863187208799695 0.09494357097066239 0
0.28609978405949 0.1015949947354422 0
0.2858589535569626 0.1089115608767 0
0.2855940400041824 0.1169597836320836 0
0.2853026350961243 0.1258128286630056 0
0.2849820896972603 0.1355511781970197 0
0.2846294897585099 0.1462633626844352 0
0.2842416298258845 0.1580467656205924 0
0.2838149838999966 0.1710085088503652 0
0.2787453103510592 0.08311560531683802 0
0.2785333661965501 0.08861154239709196 0
0.2783002276265902 0.09465707318537131 0
0.2780437751996343 0.1013071570524786 0
0.2777616775299828 0.1086222493062966 0
0.2774513700933662 0.1166688507854964 0
0.2771100319130879 0.1255201124126162 0
0.2767345599147817 0.1352565002024479 0
0.276321540716645 0.1459665267712629 0
0.2758672195986945 0.1577475559969593 0
0.2753674663689491 0.1707066881452254 0
0.5213967308350886 -0.03723121020159614 0
0.5217004400556522 -0.04272281884439528 0
0.5220345201982721 -0.04876358835147433 0
0.5224020083551539 -0.05540843480926129 0
0.522806245327724 -0.06271776591282693 0
0.5232509059975511 -0.07075803012674915 0
0.5237400327343609 -0.07960232076206358 0
0.5242780721448516 -0.08933104046090948 0
0.5248699154963914 -0.10003263212964 0
0.5255209431830853 -0.1118043829652435 0
0.5262370736384484 -0.1247533088844073 0
0.5296729209163735 -0.0367701866691823 0
0.529980653356865 -0.04226157120671255 0
0.5303191590414056 -0.04830209419799582 0
0.5306915152944002 -0.05494666948840742 0
0.5311011071726943 -0.06225570230786018 0
0.5315516582388178 -0.07029563840925822 0
0.5320472644115537 -0.07913956812079606 0
0.5325924312015631 -0.0888678908034877 0
0.5331921146705735 -0.0995690457544485 0
0.5338517664864849 -0.1113403162005054 0
0.5345773834839875 -0.1242887136911679 0
0.537943854484854 -0.03630389771513074 0
0.5382553555717212 -0.04179506979480915 0
0.5385980067672752 -0.04783535908245539 0
0.5389749230823846 -0.05447967729886626 0
0.5393895310290049 -0.06178842733691822 0
0.5398455997702872 -0.06982805237877536 0
0.5403472753856977 -0.07867163992481824 0
0.5408991185626494 -0.0883995862254654 0
0.5415061460572961 -0.09910032715617725 0
0.5421738763014076 -0.1108711421799603 0
0.5429083795699301 -0.1238190387061217 0
0.4965477154399166 -0.03857181424908233 0
0.4968362683707675 -0.04406424017355666 0
0.4971536765947035 -0.05010590869047843 0
0.4975028256410332 -0.05675174405909238 0
0.4978868895919957 -0.06406216296456771 0
0.4983093599380545 -0.07210362376059057 0
0.4987740773187193 -0.08094923063621573 0
0.4992852664374505 -0.09067939819940342 0
0.4998475744680548 -0.1013825825189099 0
0.5004661133017195 -0.113156085270367 0
0.5011465060187508 -0.1261069382969698 0
0.5048324534118398 -0.03813305843771677 0
0.5051261125781401 -0.04362521395032658 0
0.5054491376610706 -0.04966658501419739 0
0.5058044652522941 -0.05631209318445526 0
0.5061953256026399 -0.06362215217173893 0
0.5066252719880203 -0.07166321705775097 0
0.5070982130119388 -0.08050838843236421 0
0.5076184481382491 -0.09023807694443878 0
0.5081907067771904 -0.1009407343077208 0
0.5088201912800259 -0.112713657407331 0
0.5095126242331449 -0.1256638728169023 0
0.5131161373722585 -0.0376858781396539 0
0.5134151319266187 -0.04317774564355559 0
0.5137440259364149 -0.04921879989784746 0
0.5141058093471906 -0.05586395957756851 0
0.514503771099044 -0.06317363522526168 0
0.5149415290260827 -0.07121427843772415 0
0.5154230627458254 -0.08005898597143288 0
0.5159527498375422 -0.08978816425851247 0
0.5165354056384307 -0.1004902603743 0
0.5171763270194081 -0.1122625661016663 0
0.5178813405384832 -0.1252121024017693 0
0.7151909126683939 0.05448640103005788 0
0.7159312551428413 0.05993634797652156 0
0.7167456318647333 0.0659312896176316 0
0.7176414462588147 0.07252572542285265 0
0.7186268420923041 0.07977960480859581 0
0.7197107775091425 0.08775887213291328 0
0.7209031064676646 0.09653606618966248 0
0.7222146683220392 0.1061909796520866 0
0.7236573863618511 0.1168113844607532 0
0.7252443762056441 0.1284938297502864 0
0.7269900650338165 0.1413445195687729 0
0.7072943006163653 0.05555123694273998 0
0.7080236892166242 0.06100266104405816 0
0.7088260166769088 0.06699922755550816 0
0.7097085768832221 0.07359545071810317 0
0.7106793931101666 0.08085129619695766 0
0.7117472909598055 0.08883272622369762 0
0.7129219785944083 0.09761229925311155 0
0.7142141349924714 0.1072698295854669 0
0.715635507030341 0.1178931129510578 0
0.7171990162719973 0.1295787246532077 0
0.7189188764378194 0.1424328975255727 0
0.6672872172317711 0.06069259306226291 0
0.6679601000427435 0.0661512802487987 0
0.6687002711348133 0.07215583615398807 0
0.66951445933609 0.07876084764969637 0
0.6704100663574944 0.08602636029497551 0
0.6713952340810393 0.09401842420478257 0
0.6724789185769385 0.1028096945055703 0
0.6736709715224278 0.1124800918364369 0
0.674982229762466 0.1231175289003901 0
0.676424613826508 0.1348187096707386 0
0.6780112362969541 0.1476900085181219 0
0.6591909988529042 0.06168145609765882 0
0.6598516960859292 0.06714163168560333 0
0.6605784630422566 0.07314782483234231 0
0.6613779066942168 0.07975463729375516 0
0.6622572947113731 0.08702213100130932 0
0.663224621530245 0.09501637407961887 0
0.664288681031004 0.1038100414657594 0
0.6654591464818389 0.113483075590514 0
0.6667466584777574 0.124123413127744 0
0.6681629216732676 0.135827784418697 0
0.6697208111883289 0.1487025928387454 0
0.001269660674055796 -0.01376711737204055 0
-0.00281802023972895 -0.01746401622445464 0
-0.007314469244892173 -0.02153060496211014 0
-0.01226056315057172 -0.02600385257353119 0
-0.01770126644681922 -0.03092442494609433 0
-0.02368604007269147 -0.0363370545559138 0
-0.03026929106115094 -0.04229094712671522 0
-0.03751086714845636 -0.04884022895459678 0
-0.04547660084449234 -0.05604443896526649 0
-0.0542389079101319 -0.06396906997700318 0
-0.06387744568233542 -0.07268616408991353 0
0.004191998525104069 -0.01660522802177235 0
0.0005709480243549971 -0.02075553812145578 0
-0.003412207526468982 -0.02532087923110755 0
-0.007793678632375359 -0.03034275445172449 0
-0.01261329684887237 -0.03586681719440313 0
-0.01791487688701909 -0.04194328621134964 0
-0.02374661492898048 -0.04862740212999079 0
-0.03016152677513801 -0.05597992964049606 0
-0.0372179298059113 -0.06406770990205188 0
-0.04497997313976191 -0.07296426818976325 0
-0.05351822080699759 -0.08275048230624577 0
0.007485009316070931 -0.01917978022255728 0
0.004286445696234714 -0.0236605476744911 0
0.0007680257144148748 -0.02858939187161829 0
-0.003102236265586948 -0.03401112048845821 0
-0.007359524443588953 -0.03997502196698211 0
-0.01204254143939116 -0.04653531359335841 0
-0.01719386013477358 -0.05375163438237233 0
-0.02286031069969425 -0.06168958725028766 0
-0.02909340632110699 -0.07042133540499451 0
-0.035949811504661 -0.08002625837517205 0
-0.04349185720657042 -0.09059167364236734 0
0.6923637645145879 -0.02674900722309968 0
0.6927234916182442 -0.03223723070204768 0
0.693119191432266 -0.03827427652889047 0
0.69355446122769 -0.04491502693841755 0
0.6940332580026565 -0.05221985238889733 0
0.6945599344551195 -0.06025516038442509 0
0.695139278552829 -0.06909399917950564 0
0.6957765570603093 -0.07881672185409423 0
0.6964775634185377 -0.08951171679614169 0
0.6972486704125889 -0.1012762112323939 0
0.6980968881060452 -0.1142171551122713 0
0.7002532263740961 -0.02623082247769343 0
0.7006144683633988 -0.0317189464590586 0
0.7010118345516316 -0.0377558828385603 0
0.7014489373586879 -0.04439651285601216 0
0.7019297504464496 -0.05170120587520921 0
0.7024586448429876 -0.05973636819632597 0
0.7030404286791794 -0.06857504674955439 0
0.7036803908989903 -0.07829759315810568 0
0.7043843493407823 -0.08899239420751209 0
0.7051587036267536 -0.1007566753618591 0
0.7060104933413219 -0.1136973846316409 0
0.7081090755866737 -0.02571260523703367 0
0.7084718064466163 -0.03120063100489296 0
0.7088708103925532 -0.03723745934953818 0
0.7093097147330838 -0.04387797052864792 0
0.7097925095076675 -0.05118253282566863 0
0.7103235837597095 -0.05921755135239143 0
0.7109077654369557 -0.06805607173178649 0
0.7115503652819265 -0.07777844414912106 0
0.7122572251113944 -0.08847305380818909 0
0.7130347709238091 -0.1002371244331639 0
0.7138900713174653 -0.1131776021206363 0
0.7620297332416246 -0.02210318894176925 0
0.7624012803894076 -0.02759062486637015 0
0.7628099822519689 -0.03362680438343114 0
0.7632595543007863 -0.04026660185219823 0
0.7637540835544854 -0.04757037906784203 0
0.7642980657335545 -0.05560453400505022 0
0.7648964461305304 -0.06444210443597921 0
0.765554664567204 -0.07416343191000112 0
0.7662787048475449 -0.08485689213142521 0
0.7670751491559199 -0.09661969837499172 0
0.7679512378951323 -0.1095587852429149 0
0.7695608003367036 -0.02159250095440623 0
0.7699334979321566 -0.02707985886678752 0
0.7703434652871549 -0.03311595257040693 0
0.7707944293776531 -0.03975565564438829 0
0.7712904898772009 -0.04705932902576779 0
0.7718361564267037 -0.05509336974528523 0
0.7724363896311567 -0.06393081453675442 0
0.773096646156055 -0.07365200380737054 0
0.7738229283334432 -0.08434531200504827 0
0.7746218387285702 -0.09610795102249377 0
0.7755006401632099 -0.1090468539416838 0
0.7770439639214357 -0.02108342973336308 0
0.7774178289289138 -0.02657070822863516 0
0.7778290804371395 -0.03260671457343446 0
0.7782814570961879 -0.03924632155271369 0
0.7787790714211411 -0.04654988922992084 0
0.7793264471785896 -0.05458381367484869 0
0.7799285605117829 -0.06342113056426935 0
0.7805908851782957 -0.07314217914263206 0
0.7813194423114597 -0.08383533257883105 0
0.7821208551579401 -0.09559780135864994 0
0.7830024092890685 -0.1085365170164507 0
0.4680537868284528 0.07955813584517181 0
0.4684008214494491 0.08504718296531902 0
0.4687825595325451 0.09108513479748093 0
0.4692024714239506 0.09772688181285905 0
0.4696643745044967 0.105032803529775 0
0.4701724678930975 0.1130693174183825 0
0.4707313706205583 0.1219094826958508 0
0.4713461636207651 0.1316336645010659 0
0.4720224359209927 0.1423302644868025 0
0.4727663354512431 0.1540965244711127 0
0.4735846249345184 0.1670394104538541 0
0.4596647914370278 0.08007551908158955 0
0.4599955056790573 0.08556557286649449 0
0.4603592913452898 0.09160463202988994 0
0.4607594555781455 0.09824759710962493 0
0.4611996362342868 0.1055548586973334 0
0.4616838349560422 0.1135928464438127 0
0.4622164535499731 0.12243463296494 0
0.4628023340032972 0.13216059813818 0
0.4634468025019537 0.142859159828744 0
0.4641557178504758 0.1546275776883644 0
0.4649355247338501 0.1675728373339468 0
0.02332612325111399 -0.0273967286934052 0
0.02130916001894306 -0.03251483212940914 0
0.01909050046355503 -0.03814474590901348 0
0.0166499749526282 -0.04433765106657825 0
0.01396539689060868 -0.05114984673989949 0
0.01101236102238722 -0.05864326198055286 0
0.007764021567343602 -0.06688601874527157 0
0.00419084816679563 -0.07595305118646214 0
0.0002603574261928546 -0.0859267868717718 0
-0.004063182388470199 -0.09689789612561239 0
-0.008819076184599553 -0.108966116304837 0
0.02781377599914583 -0.02905762364422761 0
0.02599717649862901 -0.03424990357714588 0
0.02399891704806051 -0.03996141150335598 0
0.02180083165243515 -0.0462440702221871 0
0.01938293771724726 -0.05315499481290132 0
0.01672325438854059 -0.06075701186268697 0
0.01379760272696324 -0.06911923061745118 0
0.01057938589922816 -0.07831767124769182 0
0.007039347388719565 -0.08843595594095652 0
0.003145305027160119 -0.09956606910354768 0
-0.001138141570555275 -0.111809193582398 0
0.0324784618253828 -0.03059551805713485 0
0.03083647229861853 -0.0358453805712881 0
0.02903028381917783 -0.04162022933685666 0
0.02704347649179306 -0.04797256297898209 0
0.02485798843166982 -0.05496012998532006 0
0.02245395156553425 -0.06264645369229183 0
0.01980951101278512 -0.07110140976996077 0
0.01690062640476108 -0.0804018614553966 0
0.01370085333593463 -0.09063235830937605 0
0.01018110296022554 -0.1018859048487534 0
0.006309377546945546 -0.1142648060420685 0
-0.004797016306870528 0.003042351298530896 0
-0.01027801498681464 0.003505080312358972 0
-0.01630711353475316 0.004014082227569857 0
-0.02293912193748553 0.00457398433430183 0
-0.03023433118049114 0.005189876651707 0
-0.03825906134779732 0.005867358200852687 0
-0.0470862645318341 0.006612587904912943 0
-0.05679618803427457 0.007432340579379224 0
-0.06747710388695909 0.008334068521292134 0
-0.07922611132491206 0.009325969257396335 0
-0.09215001950666032 0.01041706006711096 0
0.01108227747445966 -0.02151590345813977 0
0.008250246694378432 -0.02623479761020715 0
0.005135012836289084 -0.03142558117748127 0
0.0017082555923908 -0.0371354431014828 0
-0.002061177375897311 -0.04341629121788448 0
-0.006207553641014232 -0.05032522414592632 0
-0.01076856753264285 -0.05792505036677236 0
-0.01578568281343433 -0.06628485920970301 0
-0.02130450962230496 -0.07548064893692671 0
-0.02737521911206265 -0.08559601763687277 0
-0.0340529995507961 -0.09672292320681347 0
0.01494012548536251 -0.02364739756339798 0
0.0124225286464847 -0.02854008139758506 0
0.00965317212371912 -0.03392203361519085 0
0.006606879948676975 -0.03984218105455722 0
0.003255958556130619 -0.04635434323786022 0
-0.000430054975670377 -0.05351772163949353 0
-0.00448466986065147 -0.06139743788129017 0
-0.008944746234130673 -0.07006512574726648 0
-0.0138508302449578 -0.07959958239984041 0
-0.01924752265686764 -0.09008748471767174 0
-0.02518388430996846 -0.1016241772672862 0
0.01902967061885835 -0.02559981706260834 0
0.01678185183112309 -0.0306213400494756 0
0.01430925116461431 -0.03614501533502959 0
0.01158939043145465 -0.04222105814913898 0
0.008597543624979023 -0.0489047052446593 0
0.00530651213785583 -0.05625671704973165 0
0.00168637750202032 -0.06434393003531125 0
-0.002295770597398741 -0.0732398643194488 0
-0.006676133506759711 -0.08302539203200013 0
-0.01149453270705678 -0.09378947251580655 0
-0.01679477182738355 -0.1056299610479936 0
0.9584288167437245 -0.008183322119371221 0
0.9588401107417491 -0.01366792215376004 0
0.9592925341395763 -0.01970098219158774 0
0.9597901998771862 -0.02633734823319821 0
0.9603376321885571 -0.03363735087896973 0
0.960939807731065 -0.04166735378931839 0
0.9616022008278237 -0.05050035699070193 0
0.9623308332342583 -0.06021666051222382 0
0.9631323288813364 -0.0709045943858979 0
0.9640139740931223 -0.0826613216469394 0
0.9649837838260867 -0.09559372163408503 0
0.9634711723144106 -0.007804693361582774 0
0.9638837921233318 -0.01328919384211566 0
0.964337673913145 -0.01932214437070184 0
0.9648369438819394 -0.02595838995214664 0
0.9653861408476134 -0.03325826009173591 0
0.9659902575098548 -0.04128811724528411 0
0.9666547858383202 -0.05012096011418714 0
0.9673857669996323 -0.05983708726998047 0
0.9681898462770755 -0.07052482714135312 0
0.9690743334822631 -0.08228134099986305 0
0.9700472694079695 -0.09521350624422396 0
0.9683673843087032 -0.00743561991506638 0
0.9687815679957883 -0.01292000251254117 0
0.9692371700515818 -0.01895282336976344 0
0.9697383323129547 -0.02558892631270794 0
0.9702896108004649 -0.03288863954994688 0
0.9708960171367261 -0.04091832411090972 0
0.9715630641066135 -0.04975097712796886 0
0.9722968157734896 -0.0594668954467339 0
0.9731039426070532 -0.07015440559737544 0
0.9739917821239733 -0.08191066676308115 0
0.9749684055925854 -0.09484255404535742 0
0.1054219283302324 -0.04314555778398563 0
0.1049249910280033 -0.04862311653774595 0
0.1043783599955514 -0.05464843116688231 0
0.1037770658598543 -0.0612762772589323 0
0.1031156423105874 -0.0685669079601873 0
0.1023880764063939 -0.07658660173156778 0
0.101587753911781 -0.08540826488008632 0
0.1007073991677068 -0.09511209434345672 0
0.09973900894922524 -0.1057863067531642 0
0.0986737797088955 -0.1175279404038423 0
0.09750202754453278 -0.1304437374195883 0
0.1117882311779614 -0.0436944898370487 0
0.1113378810447605 -0.04917606653958079 0
0.1108424958982395 -0.05520580091236607 0
0.1102975722370664 -0.06183850872242989 0
0.109698156209776 -0.0691344873135001 0
0.1090387985797566 -0.07716006376367732 0
0.1083135051867352 -0.08598819785887225 0
0.1075156824544117 -0.0956991453635867 0
0.1066380774488559 -0.1063811876187726 0
0.1056727119427445 -0.1181314340994771 0
0.1046108098860219 -0.131056705228252 0
0.1182416164622556 -0.04419818810037703 0
0.1178340501542174 -0.04968310498861533 0
0.1173857272153754 -0.05571651356567746 0
0.1168925719826493 -0.06235326300044582 0
0.1163501012266505 -0.069653687378691 0
0.1157533833950519 -0.0776841541947607 0
0.1150969937802933 -0.08651766769243738 0
0.114374965204059 -0.09623453253988171 0
0.1135807337702012 -0.1069230838720705 0
0.1127070791929576 -0.1186804903374782 0
0.1117460591579896 -0.1316136374494266 0
1.001043693620356 0.004889857219472637 0
1.002191756602747 0.01026870016089254 0
1.003454625883378 0.01618542739645443 0
1.004843782092071 0.02269382735557251 0
1.006371853921634 0.0298530673106024 0
1.008052732934153 0.03772823126113527 0
1.009901699847924 0.04639091160672144 0
1.011935563453072 0.05591985998686623 0
1.014172813418736 0.0664017032050255 0
1.016633788380965 0.07793173074500069 0
1.019340860839417 0.0906147610389734 0
1.001728473962241 0.004691735048130403 0
1.003629795320706 0.009852643601073846 0
1.005721248815017 0.01552964300931163 0
1.00802184765876 0.0217743423583732 0
1.010552506386877 0.02864351164234092 0
1.013336230987806 0.03619959785470542 0
1.016398328048827 0.04451129268830636 0
1.019766634815951 0.05365415700526741 0
1.023471772259787 0.06371130775392456 0
1.027547423448006 0.07477417357744742 0
1.032030639755048 0.08694332598332258 0
1.002378119509398 0.004398243694819468 0
1.004994050969736 0.009236311759120883 0
1.007871575576108 0.01455818662985244 0
1.011036852643117 0.02041224898765715 0
1.014518657416827 0.02685171758124234 0
1.018348642667909 0.03393513303418604 0
1.022561626444098 0.04172689003242411 0
1.027195908597906 0.05029782273048599 0
1.032293618967095 0.05972584869835407 0
1.037901100373203 0.07009667726300894 0
1.044069329919921 0.08150458868412931 0
1.002979424877516 0.00401534897602201 0
1.006256792242783 0.008432232849646221 0
1.009861896344577 0.01329080511063285 0
1.01382751085655 0.01863523459771815 0
1.018189686819721 0.02451410703351197 0
1.022988080379208 0.03098086671288518 0
1.028266313294645 0.03809430236019571 0
1.034072369501625 0.04591908157223729 0
1.040459031329303 0.05452633870548304 0
1.047484359339749 0.06399432155205335 0
1.055212220151239 0.0744091026832807 0
1.003520167296022 0.003550834015835456 0
1.007392351321647 0.007456751433254459 0
1.011651753749834 0.01175326059241536 0
1.01633709642084 0.01647942066749235 0
1.021490973358947 0.02167819675007705 0
1.027160237990864 0.02739685044092021 0
1.033396429085972 0.03368736950084768 0
1.040256239290592 0.04060694046676791 0
1.047802030515674 0.04821846852928017 0
1.056102400863264 0.05659114939804364 0
1.065232808245612 0.06580109835368346 0
1.003989355061086 0.003014141037938417 0
1.008377645628281 0.006329696179670676 0
1.013204765252196 0.009976806835576162 0
1.018514596838502 0.0139886285570722 0
1.024355411583439 0.01840163245071783 0
1.030780307802869 0.02325593673372803 0
1.037847693644242 0.02859567144503926 0
1.045621818069753 0.0344693796274816 0
1.054173354937814 0.04093045862816818 0
1.063580045492682 0.04803764552892342 0
1.073927405103037 0.05585555111975418 0
1.004377450964642 0.002416179432939123 0
1.009192647025748 0.00507397680917216 0
1.014489362692964 0.0079975539230285 0
1.020315749926902 0.01121348874827047 0
1.026724775884234 0.01475101705603664 0
1.033774704437299 0.01864229819457943 0
1.04152962584567 0.0229227074469765 0
1.050060039394879 0.02763115762461327 0
1.059443494299008 0.03281045282001373 0
1.069765294693551 0.03850767753495423 0
1.081119275127548 0.04477462472138877 0
1.004676566157794 0.001769104002532996 0
1.009820788931367 0.003715118405319291 0
1.015479433982297 0.005855734248384216 0
1.021703943538321 0.008210411675755635 0
1.028550904049947 0.01080055684586419 0
1.036082560612735 0.01364971653298361 0
1.044367382831802 0.01678379218881497 0
1.053480687272776 0.02023127541022946 0
1.063505322157848 0.0240235069537854 0
1.074532420531426 0.02819496165169694 0
1.086662228742362 0.03278356181939963 0
1.004880620507928 0.00108606788811374 0
1.010249303066649 0.002280742565038853 0
1.016154853881242 0.003594884709656479 0
1.022650959777294 0.005040441068735866 0
1.029796676262952 0.006630553063723192 0
1.037656964397175 0.008379676258209252 0
1.046303281344821 0.01030371177214392 0
1.055814229987231 0.01242015083747205 0
1.066276273493882 0.014748233809333 0
1.077784521351198 0.01730912507838004 0
1.090443593994246 0.02012610547433178 0
1.004985466189933 0.0003809552060730551 0
1.01046947899886 0.0008000059327534159 0
1.016501893088678 0.001260961732101813 0
1.023137548587479 0.001768013111385049 0
1.03043676963616 0.002325769628596609 0
1.03846591278971 0.002939301797529325 0
1.047297970258614 0.003614187183355313 0
1.057013233474408 0.004356561107763899 0
1.067700023011782 0.005173172424613346 0
1.079455491502893 0.006071444873147735 0
1.092386506843116 0.007059544566535564 0
1.004988971999292 -0.0003319011754726511 0
1.010476841198513 -0.0006969924684925675 0
1.016513497317657 -0.001098592890814475 0
1.023153819048714 -0.001540353355368574 0
1.030458172952878 -0.002026289866378083 0
1.038492962247457 -0.002560820028488542 0
1.047331230471495 -0.003148803206810047 0
1.057053325517937 -0.003795584702963704 0
1.067747630069023 -0.004507044348732726 0
1.079511365075217 -0.005289649959078649 0
1.092451473582031 -0.006150516130459166 0
1.004891066673206 -0.00103801098175898 0
1.010271240013733 -0.002179823061693857 0
1.016189430688312 -0.003435816349622223 0
1.02269944043035 -0.004817408966343425 0
1.029860451146591 -0.006337160844736747 0
1.037737562934456 -0.008008887910969402 0
1.046402385901108 -0.009847787683825321 0
1.055933691164425 -0.01187057743396683 0
1.066418126954073 -0.0140956461591225 0
1.077951006322687 -0.01654322175679373 0
1.090637173628161 -0.01923555491423208 0
1.004693740339158 -0.001723021076064697 0
1.009856854712231 -0.003618344259735865 0
1.015536280522612 -0.005703199761774149 0
1.021783648914031 -0.007996540814016262 0
1.028655754144592 -0.01051921597148259 0
1.036215069898209 -0.01329415864469554 0
1.044530317227188 -0.01634659558522979 0
1.053677089289064 -0.01970427621981747 0
1.063738538557129 -0.02339772491786392 0
1.074806132751999 -0.02746051848571501 0
1.086980486366357 -0.03192959141035121 0
1.004401004061469 -0.00237300721678962 0
1.009242108529084 -0.004983315155258202 0
1.014567323443462 -0.007854653887573643 0
1.020425059849276 -0.01101312649312063 0
1.026868569895673 -0.01448744635922231 0
1.033956430946709 -0.01830919821193416 0
1.041753078102849 -0.0225131252499172 0
1.050329389974602 -0.02713744499169854 0
1.059763333033531 -0.03222419670765802 0
1.070140670398353 -0.03781962359521344 0
1.081555741499657 -0.04397459317152441 0
1.004018808308153 -0.002974757096355413 0
1.008439497447122 -0.006246989902346367 0
1.013302255499988 -0.009846445988936418 0
1.01865128935814 -0.01380584768418547 0
1.024535226602107 -0.01816118954895943 0
1.031007557570472 -0.02295206560021079 0
1.038127121635672 -0.02822202925658728 0
1.045958642107393 -0.03401898927860143 0
1.054573314626286 -0.04039564530281699 0
1.064049454397068 -0.04740996692945409 0
1.074473208144928 -0.05512572071875492 0
1.003554921995396 -0.003516038908580519 0
1.007465336190331 -0.007383681708019091 0
1.01176679180476 -0.01163808878740152 0
1.016498392980631 -0.01631793657472219 0
1.02170315427409 -0.02146576914077493 0
1.027428391696895 -0.02712838496343294 0
1.03372615286198 -0.03335726236835676 0
1.040653690143574 -0.04020902751377296 0
1.048273981153327 -0.04774596917373078 0
1.056656301264055 -0.05603660499968438 0
1.065876853385856 -0.06515630440823333 0
1.00301877456832 -0.0039858499853439 0
1.006339426593472 -0.008370284969222189 0
1.009992143821138 -0.01319316345148831 0
1.014010132771572 -0.01849832978198104 0
1.018429920617049 -0.02433401274552304 0
1.023291687247073 -0.03075326400541925 0
1.028639630540101 -0.03781444039130507 0
1.03452236816243 -0.04558173441577949 0
1.040993379546993 -0.05412575784270134 0
1.048111492070012 -0.06352418361231538 0
1.055941415845333 -0.07386245195889081 0
1.002421264328089 -0.0043746404484851 0
1.005084655088988 -0.009186744941818708 0
1.008014384925976 -0.01448005988448568 0
1.011237087746663 -0.02030270632141935 0
1.014782060849418 -0.02670761740204638 0
1.01868153126245 -0.03375301959073612 0
1.022970948716784 -0.04150296199829483 0
1.027689307916552 -0.05002789864660942 0
1.032879503036296 -0.05940532895975547 0
1.038588717668015 -0.06972050230421611 0
1.044868853762906 -0.08106719298312283 0
1.001774536901481 -0.004674507330754982 0
1.00372652749311 -0.009816465394585463 0
1.005873717143902 -0.01547261926479899 0
1.008235625759774 -0.02169438852203388 0
1.010833725237232 -0.02853833470499225 0
1.013691634662436 -0.03606667550624645 0
1.016835335030161 -0.04434785038762608 0
1.020293405434658 -0.05345714275714367 0
1.024097282879605 -0.06347736436361304 0
1.028281548069046 -0.07449960813072933 0
1.032884239777432 -0.08662407627455725 0
1.001091738355994 -0.004879355219908781 0
1.002292650547588 -0.01024664596180844 0
1.003613653958341 -0.01615066577789806 0
1.005066757710169 -0.02264508757559665 0
1.00666517183718 -0.0297889515530651 0
1.008423427376892 -0.03764720192828039 0
1.010357508470576 -0.04629127734101721 0
1.012484997673628 -0.05579976029502771 0
1.014825235796985 -0.06625909154443928 0
1.017399497732677 -0.07776435591879198 0
1.020231185861939 -0.09042014673057996 0
1.000386747978943 -0.004985020160519301 0
1.000812170755779 -0.01046854233709053 0
1.0012801358103 -0.01650041673131889 0
1.001794897370272 -0.02313547856497008 0
1.002361135086242 -0.03043404658198639 0
1.002983996573809 -0.03846247140070432 0
1.003669144210132 -0.04729373870129406 0
1.004422806610088 -0.05700813273194277 0
1.005251835250039 -0.06769396616565636 0
1.006163766753986 -0.0794483829427413 0
1.007166891408327 -0.09237824139753473 0
0.986279274942549 -0.006073539486219235 0
0.9866996054194439 -0.01155745443180444 0
0.9871619689440283 -0.01758976087194817 0
0.9876705688210712 -0.02422529795610626 0
0.9882300286858183 -0.03152438874868017 0
0.9888454345370402 -0.03955338862051146 0
0.9895223809733843 -0.0483852884795259 0
0.9902670220533628 -0.05810037832444177 0
0.9910861272413392 -0.06878697715384924 0
0.9919871429481131 -0.08054223586619745 0
0.9929782602255645 -0.09347302044978048 0
0.9902626689086976 -0.005767549661636307 0
0.9906847880016794 -0.01125132721370414 0
0.9911491190039593 -0.01728348252097876 0
0.9916598831064672 -0.02391885335898085 0
0.9922217236192259 -0.03121776128078314 0
0.9928397481832605 -0.03924655999476565 0
0.9935195752036986 -0.04807823858014643 0
0.9942673849261805 -0.05779308502406528 0
0.9950899756209105 -0.06847941611237603 0
0.9959948253851135 -0.08023438030951784 0
0.9969901601257369 -0.09316484092637384 0
0.9939968123457068 -0.005479508373170605 0
0.9944200243158763 -0.01096320162451741 0
0.9948855574830626 -0.01699526420099889 0
0.9953976439669675 -0.02363053303512853 0
0.995960939099263 -0.03092932875267112 0
0.996580563744788 -0.03895800404196798 0
0.9972621508548656 -0.04778954686019452 0
0.9980118966759508 -0.05750424396024372 0
0.9988366170791446 -0.06819041077029785 0
0.9997438095226577 -0.07994519426135738 0
1.000741721210522 -0.09287545610152285 0
0.4716984419122886 -0.03984322167266394 0
0.4719706678611577 -0.04533648153937021 0
0.4722701164049137 -0.05137906739274711 0
0.4725995098030452 -0.0580259118314617 0
0.4729618425409899 -0.06533744071404775 0
0.4733604085527292 -0.0733801224848924 0
0.4737988311656423 -0.08222707243282151 0
0.4742810960398467 -0.09195871737554354 0
0.4748115874014716 -0.1026635268125378 0
0.4753951278992589 -0.1144388171932314 0
0.476037022446825 -0.1273916366119944 0
0.4799799684420881 -0.03942780407229306 0
0.4802583813717181 -0.04492075360535973 0
0.4805646355943111 -0.05096299809173307 0
0.4809015152391634 -0.05760946702674374 0
0.4812720828485009 -0.06492058285525548 0
0.4816797072187721 -0.07296281026661841 0
0.4821280940260705 -0.08180926041911762 0
0.4826213195140988 -0.09154035558686675 0
0.4831638675509298 -0.1022445602713908 0
0.4837606703914439 -0.1140191854243673 0
0.4844171535160096 -0.1269712730926413 0
0.4882634002137572 -0.03900357379966406 0
0.4885471724388689 -0.04449624887319584 0
0.4888593218864917 -0.0505381914540808 0
0.4892026862788769 -0.05718432829305425 0
0.4895803871105006 -0.06449507881592503 0
0.4899958580252866 -0.07253690439108292 0
0.4904528760315512 -0.08138291252375658 0
0.4909555958384423 -0.09111352146969762 0
0.4915085876260225 -0.1018171913102328 0
0.4921168785923607 -0.1135912281348214 0
0.4927859986553327 -0.1265426686418689 0
0.6200827241624857 -0.03138534997013646 0
0.6204253633067228 -0.03687466688386631 0
0.6208022663653837 -0.04291291548896914 0
0.6212168597299107 -0.04955498895458225 0
0.6216729124308904 -0.05686126976675669 0
0.622174570401968 -0.06489817866014856 0
0.6227263941701534 -0.07373877844287963 0
0.6233334003151574 -0.0834634382038838 0
0.6240011070746617 -0.09416056394098839 0
0.6247355845101165 -0.1059274022518034 0
0.6255435096891168 -0.1188709243937 0
0.6282108153262932 -0.03087602102316361 0
0.6285560128662941 -0.03636517762363296 0
0.6289357301602951 -0.04240324988414924 0
0.6293534191836962 -0.04904512937071714 0
0.6298128771094375 -0.05635119680594185 0
0.6303182808277529 -0.06438787098468901 0
0.6308742249178997 -0.07322821258131089 0
0.6314857634170612 -0.08295258833759497 0
0.6321584557661389 -0.09364940166950746 0
0.6328984173501244 -0.1054158963346112 0
0.6337123750925084 -0.1183590404662253 0
0.6363178057745504 -0.03036435808389605 0
0.6366652973376177 -0.0358533699022686 0
0.6370475380569915 -0.04189128290247839 0
0.637468002848303 -0.04853298720270917 0
0.6379305141187455 -0.05583886193296303 0
0.6384392765162322 -0.06387532413624226 0
0.6389989151534676 -0.07271543255984943 0
0.6396145176544266 -0.08243955182581732 0
0.6402916804054815 -0.093136083018382 0
0.6410365594316418 -0.1049022673302031 0
0.6418559263604182 -0.1178450700732064 0
0.8886989455133559 -0.01328964033558519 0
0.8890923008720378 -0.01877555612991468 0
0.8895249917665881 -0.02481006350367711 0
0.8900009517505932 -0.03144802161481578 0
0.890524507732999 -0.03874977553706832 0
0.8911004193136453 -0.04678170485154611 0
0.8917339220523561 -0.05561682709747169 0
0.8924307750649382 -0.06533546156798982 0
0.8931973133787784 -0.07602595948555978 0
0.8940405055240026 -0.08778550719488672 0
0.8949680168837492 -0.1007210096751464 0
0.8950608993131229 -0.01283261144719446 0
0.895455636129295 -0.01831842800150296 0
0.8958898466270842 -0.0243528262112423 0
0.8963674781746523 -0.03099066424195558 0
0.8968928728769773 -0.03829228607574019 0
0.8974708070495347 -0.04632407009290326 0
0.8981065346393479 -0.05515903251178264 0
0.8988058349881424 -0.06487749117254996 0
0.8995750653718163 -0.07556779569939402 0
0.9004212187938576 -0.08732713067892248 0
0.9013519875581031 -0.1002623991564038 0
0.9013347147062853 -0.01238042529687706 0
0.9017306998154727 -0.01786615188099725 0
0.9021662834355788 -0.02390045112352946 0
0.9026454254176955 -0.0305381802903149 0
0.9031724815980239 -0.03783968237377888 0
0.903752243396385 -0.04587133466558925 0
0.9043899813745824 -0.05470615218658067 0
0.9050914931505994 -0.06442445145967123 0
0.9058631561042182 -0.07511458066007085 0
0.9067119853531989 -0.08687372278051042 0
0.9076456975270776 -0.09980877911299393 0
0.08688455524651699 -0.04120204257015116 0
0.08622682528870466 -0.04666265557227314 0
0.0855033223351111 -0.05266932987460732 0
0.08470746908615817 -0.05927667160717492 0
0.08383203051230995 -0.06654474751299928 0
0.08286904808107691 -0.07453963100940608 0
0.08180976740672057 -0.08333400285545356 0
0.08064455866492859 -0.09300781188610578 0
0.07936282904895742 -0.1036490018198232 0
0.07795292647138911 -0.1153543107469124 0
0.076402033636064 -0.1282301505667106 0
0.09296629881286245 -0.04190073212117759 0
0.09236572100003483 -0.04736791243534806 0
0.09170508540592445 -0.05338181078093558 0
0.09097838625240304 -0.05999709896108185 0
0.09017901718352948 -0.06727391595924276 0
0.08929971120776857 -0.07527841465721974 0
0.08833247463443157 -0.08408336322499443 0
0.08726851440376086 -0.09376880664954659 0
0.08609815815002309 -0.104422794416554 0
0.08481076627091154 -0.1161421809602621 0
0.08339463520388883 -0.129033506158341 0
0.09914643648211839 -0.0425482592715837 0
0.09859916554571439 -0.04802102613840823 0
0.09799716751566999 -0.05404106969191522 0
0.09733496968262113 -0.06066311760077291 0
0.09660655206626741 -0.06794737030051637 0
0.0958052926882783 -0.07596004827023417 0
0.09492390737249028 -0.08477399403692373 0
0.09395438352512346 -0.09446933438028228 0
0.09288790729301996 -0.1051342087579767 0
0.09171478343770612 -0.1168655705734405 0
0.09042434719686088 -0.1297700685704507 0
0.6685087479070837 -0.02830368789428561 0
0.6688640787087529 -0.03379219779307883 0
0.669254942590589 -0.03982955868175139 0
0.6696848928606087 -0.04647065565929119 0
0.6701578381576305 -0.05377586233458498 0
0.6706780779843544 -0.06181158967740814 0
0.6712503417937506 -0.07065088975451361 0
0.6718798319840865 -0.08037411983932964 0
0.6725722711934561 -0.09106967293262729 0
0.6733339543237625 -0.1028347813352547 0
0.6741718057670997 -0.1157764005781448 0
0.676490293971003 -0.02778557590249033 0
0.6768473291960628 -0.03327397516212529 0
0.6772400679436286 -0.03931121434772375 0
0.677672080565951 -0.04595217745188205 0
0.6781472944505055 -0.05325723686645618 0
0.6786700297235155 -0.06129280222248774 0
0.6792450385238266 -0.07013192411412245 0
0.6798775482041687 -0.07985495819492061 0
0.6805733088525451 -0.0905502956837986 0
0.6813386455657591 -0.1023151669215644 0
0.6821805159502944 -0.1152565252831068 0
0.684442349474327 -0.02726715702056105 0
0.6848007450645697 -0.03275546759467279 0
0.6851949802138365 -0.03879260922619572 0
0.6856286388780299 -0.04543346502087094 0
0.6861056634086429 -0.05273840639501369 0
0.686630390392317 -0.0607738419065707 0
0.6872075900743585 -0.06961282096928342 0
0.6878425097246043 -0.0793356979382674 0
0.6885409213398745 -0.09003086260414982 0
0.6893091741166718 -0.1017955437366204 0
0.6901542521711489 -0.1147366929823381 0
0.3007857444261727 -0.04625706996593812 0
0.3009233201209463 -0.05175535062247717 0
0.3010746533851973 -0.05780345934467013 0
0.3012411199758734 -0.06445637893908238 0
0.3014242332256171 -0.07177459049293586 0
0.3016256578003351 -0.07982462320217468 0
0.301847224832525 -0.08867965918233739 0
0.3020909485679338 -0.09842019876051636 0
0.3023590446768836 -0.1091347922965132 0
0.3026539503967283 -0.1209208451861098 0
0.3029783466885575 -0.133885503364666 0
0.3086971385008181 -0.04605310653496643 0
0.3088429586121691 -0.05155117467317454 0
0.3090033607346552 -0.05759904962520346 0
0.3091798030693899 -0.06425171207243528 0
0.3093738896375982 -0.07156964076439028 0
0.3095873848626272 -0.07961936232554077 0
0.3098222296101591 -0.08847405604280632 0
0.3100805588324442 -0.09821421913179842 0
0.3103647209769578 -0.1089283985296897 0
0.3106772993359228 -0.1207139958673702 0
0.3110211355307843 -0.1336781529388187 0
0.316641171559621 -0.04583646808777932 0
0.316795758543144 -0.05133429718316662 0
0.3169658042250192 -0.05738190918809265 0
0.317152854475082 -0.06403428239351129 0
0.3173586097501511 -0.07135189291947178 0
0.317584940552727 -0.07940126449802833 0
0.3178339044355606 -0.08825557323444053 0
0.3181077647066775 -0.09799531284449395 0
0.3184090110049061 -0.1087090264155527 0
0.3187403819329576 -0.1204941113437174 0
0.3191048899538142 -0.1334577047646985 0
0.5462087824118573 -0.03583211972141091 0
0.5465244335313105 -0.04132305491710729 0
0.546871649762709 -0.04736308363237332 0
0.5472535876172472 -0.05400711521916595 0
0.5476737192572393 -0.06131554996463785 0
0.5481358640612306 -0.06935482818465694 0
0.5486442233456211 -0.07819803422667793 0
0.5492034185584506 -0.08792556087290102 0
0.549818533292563 -0.09862584018374643 0
0.5504951595000868 -0.1103961474256764 0
0.5512394483283628 -0.1233434853917993 0
0.554465990208786 -0.03535407819397937 0
0.5547857795004014 -0.04084477382278887 0
0.5551375477211786 -0.04688453901447931 0
0.5555244927640334 -0.0535282807253388 0
0.5559501323111737 -0.06083639660728424 0
0.5564183358130281 -0.06887532407742422 0
0.5569333596650679 -0.07771814429457821 0
0.5574998859023117 -0.0874452465334476 0
0.5581230647632798 -0.09814505899620392 0
0.5588085615103447 -0.1099148527052359 0
0.5595626079321162 -0.122861625785171 0
0.5627136755504322 -0.03487081563627684 0
0.5630369889882427 -0.04036130477793867 0
0.5633926337698343 -0.04640084283376667 0
0.563783843029585 -0.05304433469517748 0
0.5642141732153108 -0.06035217574272937 0
0.5646875364196091 -0.06839080089503644 0
0.5652082359443373 -0.07723328856257423 0
0.5657810054215384 -0.08696002499686581 0
0.5664110518464596 -0.09765943507458652 0
0.5671041029138728 -0.1094287861600793 0
0.5678664590880275 -0.1223750723541214 0
0.5685969601538796 0.07151822654997325 0
0.5691209498462433 0.07699321298269754 0
0.5696973385078433 0.08301569805869427 0
0.5703313660356034 0.08964043164229066 0
0.5710287963161395 0.0969276385842467 0
0.5717959696247291 0.1049435662203983 0
0.5726398602641777 0.1137610866201651 0
0.5735681399675712 0.1234603590599086 0
0.574589247641304 0.1341295587436265 0
0.5757124660824102 0.1458656783957161 0
0.5769480063676269 0.1587754100130147 0
0.5602571944796104 0.07230647135468286 0
0.5607679914950308 0.07778270479174358 0
0.5613298682119932 0.08380656157251039 0
0.5619479326006518 0.09043280403135387 0
0.5626278034281762 0.09772167073608169 0
0.5633756613384532 0.1057394241112823 0
0.5641983050397578 0.114558952824003 0
0.5651032131111928 0.1242604344079957 0
0.5660986119897715 0.1349320641503877 0
0.5671935507562079 0.146670856867019 0
0.568397983399288 0.1595835288553133 0
0.1656342380154933 -0.04659675418435377 0
0.1654652551344551 -0.05209417427883713 0
0.1652793739653131 -0.05814133638276883 0
0.1650749046792568 -0.0647932146970937 0
0.164849988464595 -0.07211028084285107 0
0.164602580628467 -0.08015905360318415 0
0.1643304320087262 -0.08901270363955055 0
0.1640310685270113 -0.0987517186795536 0
0.1637017686971249 -0.109464635223557 0
0.1633395388842499 -0.1212488434219606 0
0.1629410860900874 -0.1342114724402047 0
0.1726886700157333 -0.04679614951114412 0
0.1725456363059464 -0.05229430336996924 0
0.1723882992251808 -0.05834227261467687 0
0.1722152284363387 -0.06499503878385526 0
0.1720248505686123 -0.0723130815699515 0
0.1718154349141133 -0.08036292863465735 0
0.1715850776941644 -0.0892177604058338 0
0.1713316847522205 -0.0989580753541279 0
0.1710529525160824 -0.1096724217972514 0
0.1707463470563303 -0.1214582028846873 0
0.1704090810506032 -0.1344225620808667 0
0.1798076003710242 -0.0469651693315874 0
0.1796896176459125 -0.05246391824173997 0
0.1795598366482897 -0.05851254204290781 0
0.1794170775509046 -0.06516602822419243 0
0.179260042543781 -0.07248486302360552 0
0.1790873040359451 -0.0805355813029599 0
0.1788972916773255 -0.08939137141024973 0
0.178688278082844 -0.09913274052826855 0
0.1784583631289143 -0.1098482465580893 0
0.1782054566795917 -0.121635303190892 0
0.1779272595853368 -0.1346010654869751 0
0.02238888570349458 0.03413018945899512 0
0.01968623480444041 0.03892143679445195 0
0.01671331881548082 0.04419180886345445 0
0.01344311122762528 0.04998921813935722 0
0.009845882880984173 0.05636636834285026 0
0.005888931699678961 0.06338123356669259 0
0.001536285400243226 0.07109758531291918 0
-0.003251625529136083 0.07958557223376841 0
-0.008518327551453327 0.08892235784670258 0
-0.01431169977600229 0.09919282202093016 0
-0.02068440922300615 0.1104903326125805 0
0.01819278483433656 0.0316592450170778 0
0.01529906344454174 0.03633800219743125 0
0.01211596991576744 0.04148463509582005 0
0.00861456703411571 0.04714593128404772 0
0.004763023864298804 0.05337335709109817 0
0.0005263263775002122 0.06022352547885364 0
-0.004134040857978243 0.06775871070538468 0
-0.00926044481700454 0.07604741445456882 0
-0.01489948917193347 0.08516498857867139 0
-0.0211024379623553 0.09519432011518419 0
-0.02792568163181931 0.1062265848053483 0
0.5852370837728557 0.06988653638629186 0
0.585787121080303 0.07535896792143873 0
0.5863921621184949 0.0813786426101003 0
0.5870577072605061 0.08800028476762804 0
0.5877898069167184 0.09528409114090855 0
0.588595116538552 0.1032962781515171 0
0.589480957122569 0.1121096838631865 0
0.5904553817649876 0.1218044301460229 0
0.591527248871648 0.1324686510571428 0
0.5927063026889745 0.1441992940593748 0
0.5940032618880337 0.15710300136183 0
0.5769237836229404 0.07071148796099626 0
0.5774605624274256 0.07618523525443299 0
0.5780510191123592 0.0822063572772134 0
0.5787005214657863 0.08882959150227183 0
0.579414974054556 0.09611514914983613 0
0.5802008719022028 0.1041292625621568 0
0.5810653595346141 0.1129447873157096 0
0.5820162959302667 0.1226418645446177 0
0.5830623259654845 0.1333086494964166 0
0.5842129590042241 0.1450421129433954 0
0.5854786553468376 0.157948922735072 0
0.2088805548964618 -0.04734296674061077 0
0.2088499438331771 -0.0528428902078161 0
0.2088162716635638 -0.05889280602174198 0
0.2087792322769893 -0.06554771341706042 0
0.2087384889517573 -0.07286811155191072 0
0.2086936712940021 -0.08092054950024606 0
0.2086443718704713 -0.08977823124341493 0
0.2085901425045875 -0.09952168116090068 0
0.2085304902021153 -0.110239476070135 0
0.208464872669396 -0.1220290504702928 0
0.2083926933834046 -0.1349975823104663 0
0.216288274749533 -0.04737099043892654 0
0.2162771545453622 -0.05287098781223754 0
0.2162649223207743 -0.05892098492287963 0
0.2162514668737276 -0.06557598174458594 0
0.2162366658819763 -0.07289647824846288 0
0.2162203847910498 -0.08094902440272753 0
0.2162024755910307 -0.08980682517241861 0
0.2161827754710096 -0.09955040601907883 0
0.2161611053389865 -0.1102683449504051 0
0.216137268193761 -0.1220580777748639 0
0.216111047334013 -0.1350267838817687 0
0.2237476774168389 -0.04737280392260965 0
0.2237550093861058 -0.05287280593597651 0
0.2237630745522995 -0.05892280815068004 0
0.2237719462351125 -0.06557781058685394 0
0.2237817050862069 -0.07289831326664523 0
0.2237924398224107 -0.08095086621441563 0
0.2238042480322348 -0.0898086744569631 0
0.2238172370630414 -0.09955226352376531 0
0.2238315249969286 -0.1102702114972477 0
0.2238472417242046 -0.1220599542680784 0
0.2238645301242081 -0.1350286713159921 0
0.186989234203205 -0.04710268112579249 0
0.1868958575609564 -0.05260190145921263 0
0.1867931432544828 -0.0586510438259748 0
0.1866801575173619 -0.06530510042941318 0
0.186555873206529 -0.07262456269319539 0
0.1864191604646127 -0.08067597118335582 0
0.1862687764485048 -0.0895325205225323 0
0.1861033540307861 -0.09927472479562643 0
0.1859213893712956 -0.10999114949603 0
0.185721228245856 -0.1217792166664739 0
0.1855010510078724 -0.1347460905539622 0
0.1942300508834603 -0.04720977861537323 0
0.1941594508002984 -0.05270933606698948 0
0.1940817907088203 -0.05875884926376736 0
0.1939963646081944 -0.06541331378022303 0
0.1939023958975059 -0.07273322474832426 0
0.1937990303157486 -0.08078512681323562 0
0.1936853281758155 -0.08964221908463811 0
0.1935602558218891 -0.09938502058318086 0
0.1934226762325701 -0.1101021022315779 0
0.1932713386843192 -0.1218908920448146 0
0.1931048673812432 -0.134858560839375 0
0.2015274767742569 -0.04728906252007963 0
0.2014773931417955 -0.05278884306594462 0
0.2014223011460879 -0.05883860166639611 0
0.2013616999508095 -0.06549333612689275 0
0.2012950386360034 -0.07281354403343904 0
0.2012217111897166 -0.08086577273063997 0
0.2011410509988011 -0.08972322429756099 0
0.2010523247887941 -0.09946642102117412 0
0.2009547259577864 -0.1101839374171486 0
0.2008473672436779 -0.1219732054527204 0
0.2007292726581585 -0.1349414002918495 0
0.254063157255018 -0.04715655136738929 0
0.2541325520721752 -0.05265611814341691 0
0.2542088863710482 -0.05870564159704728 0
0.2542928540998084 -0.0653601173960407 0
0.2543852186014447 -0.07268004077493344 0
0.2544868195532446 -0.08073195649171547 0
0.2545985806002245 -0.0895890637801757 0
0.2547215177519024 -0.09933188179748197 0
0.254856748618748 -0.1100489816165189 0
0.2550055025722783 -0.1218377914174594 0
0.2551691319211615 -0.1348054821984941 0
0.2617531007771712 -0.04704954427103177 0
0.261835786851762 -0.05254892617670416 0
0.261926741533812 -0.0585982462729438 0
0.2620267916840669 -0.06525249837880739 0
0.2621368468493473 -0.07257217569525737 0
0.2622579075311558 -0.08062382074335231 0
0.2623910742811452 -0.08948063029625677 0
0.2625375577061334 -0.09922312080445167 0
0.2626986894736205 -0.1099398603634661 0
0.2628759344178563 -0.1217282738783819 0
0.2630709038565157 -0.1346955287447893 0
0.2694832909524575 -0.04692456975789303 0
0.2695776017340146 -0.05242376378743333 0
0.2696813435937275 -0.05847287721992766 0
0.2697954596394117 -0.06512690199567142 0
0.2699209872896643 -0.07244632924898957 0
0.2700590677049421 -0.08049769922763952 0
0.2702109561617478 -0.08935420620415449 0
0.270378033464234 -0.09909636387832094 0
0.2705618184969688 -0.109812737319904 0
0.2707639820329771 -0.1216007481056454 0
0.2709863619225863 -0.134567559969961 0
0.2312559784632247 -0.04735084200485248 0
0.2312797968502593 -0.05285079591820037 0
0.2313059970759973 -0.05890074522288305 0
0.2313348173243091 -0.065555689458034 0
0.2313665195974521 -0.07287612811670002 0
0.2314013920979094 -0.08092861064123266 0
0.2314397518484125 -0.08978634141821858 0
0.2314819475739658 -0.09952984527290307 0
0.2315283628720745 -0.110247699513056 0
0.231579419699994 -0.1220373391772243 0
0.2316355822107055 -0.1350059428078093 0
0.2388119094185663 -0.04730739289257911 0
0.2388508901928081 -0.05280725972101154 0
0.238893769044474 -0.05885711323228722 0
0.2389409357813066 -0.06551195209469046 0
0.2389928191918224 -0.07283227484333403 0
0.2390498909433898 -0.08088462986684195 0
0.2391126698701139 -0.08974222039270066 0
0.2391817266895105 -0.09948556997114527 0
0.2392576891908467 -0.1102032545074343 0
0.2393412479423165 -0.1219927074973523 0
0.2394331625689333 -0.134961105786262 0
0.2464150546502631 -0.04724323594883124 0
0.2464693863250433 -0.05274297334968965 0
0.2465291511673015 -0.05879268449063389 0
0.2465948924937856 -0.06544736674567256 0
0.246667207952918 -0.07276751722621511 0
0.2467467549579637 -0.08081968275481188 0
0.246834256663514 -0.08967706483626836 0
0.2469305085396193 -0.09942018512587047 0
0.2470363856033352 -0.1101376174444328 0
0.2471528503734226 -0.1219267929948514 0
0.2472809616205188 -0.1348948861003118 0
0.925484224897785 -0.01062487153679083 0
0.9258859378025379 -0.01611018167741873 0
0.926327821997766 -0.02214402283210942 0
0.926813894612517 -0.02878124810226918 0
0.927348574488743 -0.03608219589944492 0
0.9279367223525916 -0.04411323847633823 0
0.9285836850028251 -0.05294738531092087 0
0.9292953439180819 -0.06266494682896177 0
0.9300781687248644 -0.07335426449880679 0
0.9309392760123252 -0.08511251393563629 0
0.931886494028532 -0.09804658831614874 0
0.9312669545974082 -0.01020055670390716 0
0.9316703231739899 -0.01568574535885467 0
0.9321140286082297 -0.02171945287929694 0
0.9326021045858934 -0.02835653115178343 0
0.9331389881613236 -0.03565731725151858 0
0.9337295600942969 -0.04368818196122724 0
0.9343791892205673 -0.05252213314190676 0
0.9350937812594649 -0.06223947944065423 0
0.9358798325022522 -0.07292856036927645 0
0.9367444888693183 -0.08468654939076091 0
0.9376956108730908 -0.0976203373143938 0
0.9369395517981689 -0.009782480877671949 0
0.9373445727262041 -0.01526754775399144 0
0.9377900957470429 -0.02130112131794288 0
0.9382801710699653 -0.02793805223828946 0
0.9388192539251802 -0.0352386762506707 0
0.9394122450659165 -0.04326936266429006 0
0.9400645353207264 -0.05210311771927136 0
0.9407820546010173 -0.0618202482797508 0
0.9415713258093373 -0.07250909189627819 0
0.9424395241384893 -0.0842668198744583 0
0.9433945423005565 -0.09720032065045643 0
0.8560094078891727 0.03280432565749221 0
0.856942805304228 0.03822454648177721 0
0.8579695424607886 0.0441867893884907 0
0.8590989533330055 0.05074525658587555 0
0.8603413052924439 0.05795957050299888 0
0.8617078924478262 0.06589531581183455 0
0.8632111383187467 0.07462463565155378 0
0.8648647087767593 0.08422688747524493 0
0.8666836362805731 0.0947893644813052 0
0.8686844565347683 0.1064080891879715 0
0.8708853588143831 0.1191886863653044 0
0.1448756273962193 -0.04579430689534061 0
0.1446162509181533 -0.05128821021356339 0
0.1443309367922807 -0.05733150386360844 0
0.1440170912538207 -0.063979126878658 0
0.1436718611615148 -0.07129151219521251 0
0.1432921080599783 -0.07933513604342249 0
0.1428743796482881 -0.08818312227645345 0
0.142414878395429 -0.09791590713278751 0
0.1419094270172839 -0.108621970474755 0
0.1413534305013243 -0.1203986401509192 0
0.1407418343337687 -0.1333529767946998 0
0.1517245382242536 -0.04609783423798763 0
0.1514967006023875 -0.0515931357321862 0
0.1512460792183348 -0.05763796737580462 0
0.1509703956958768 -0.06428728218378489 0
0.150667143821173 -0.07160152847256318 0
0.1503335667589988 -0.0796471993902193 0
0.1499666319906072 -0.08849743739964105 0
0.1495630037453764 -0.09823269921000496 0
0.1491190126756226 -0.1089414872014053 0
0.1486306224988933 -0.1207211539919456 0
0.1480933933044912 -0.13367878746154 0
0.1586453205242501 -0.04636480690154783 0
0.1584480255947426 -0.05186128701700701 0
0.1582310011722842 -0.05790741514401211 0
0.1579922743075801 -0.06455815608371773 0
0.1577296747564055 -0.07187397111739391 0
0.1574408152501135 -0.07992136765443769 0
0.1571230697931923 -0.08877350384518587 0
0.1567735497905789 -0.09851085365500886 0
0.1563890777877042 -0.1092219384458142 0
0.155966158584542 -0.1210041317157 0
0.1555009474610637 -0.1339645443125744 0
0.1247801944938352 -0.04465933159611975 0
0.1244132248234405 -0.050147112372845 0
0.1240095581860063 -0.05618367122724278 0
0.1235655248848286 -0.06282388596708036 0
0.1230770882535332 -0.07012812218090167 0
0.1225398079591082 -0.07816278201610512 0
0.1219487996352408 -0.08700090783482892 0
0.1212986904789865 -0.09672284623542508 0
0.1205835704071069 -0.1074169784760809 0
0.1197969383280393 -0.1191805239408023 0
0.118931643041065 -0.1321204239519958 0
0.1314013059745121 -0.04507765020942969 0
0.1310731473890869 -0.05056788373409567 0
0.1307121729451192 -0.05660714061122826 0
0.1303151010567547 -0.0632503231760741 0
0.1298783219795537 -0.07055782399740451 0
0.1293978649946326 -0.07859607490086798 0
0.1288693623112195 -0.0874381508946778 0
0.128288009359465 -0.0971644344878686 0
0.1276485211125351 -0.1078633464403785 0
0.1269450840409121 -0.1196321495881393 0
0.1261713032621269 -0.1325778330506763 0
0.138100774195519 -0.04545503561139132 0
0.1378084802544668 -0.05094728999754214 0
0.1374869569193093 -0.05698876982230804 0
0.1371332812506361 -0.06363439762955053 0
0.1367442380150956 -0.07094458821751726 0
0.136316290456001 -0.07898579786428067 0
0.1358455481409969 -0.08783112847572042 0
0.1353277315944925 -0.09756099214830416 0
0.1347581333933376 -0.1082638421881463 0
0.1341315753720672 -0.1200369772319726 0
0.1334423615486698 -0.1329874257801815 0
0.03730680263082187 -0.03202397101914825 0
0.03581691027738339 -0.03731884269270111 0
0.03417802868860106 -0.04314320153360925 0
0.03237525894094049 -0.04954999625860822 0
0.03039221221851386 -0.05659747045610707 0
0.02821086082384458 -0.06434969207335581 0
0.02581137428970836 -0.07287713585232942 0
0.02317193910215852 -0.08225732400920041 0
0.0202685603958537 -0.0925755309817585 0
0.01707484381891839 -0.1039255586515724 0
0.01356175558428956 -0.1164105890883677 0
0.04229059114907323 -0.03335409248554679 0
0.04093574885874483 -0.03868501656673468 0
0.03944542233938358 -0.04454903305604137 0
0.03780606316808622 -0.05099945119427873 0
0.03600276807965912 -0.05809491114633982 0
0.03401914348238931 -0.06589991709360701 0
0.03183715642539252 -0.07448542363560094 0
0.02943697066269604 -0.08392948083179426 0
0.02679676632372992 -0.09431794374760691 0
0.02389254155086719 -0.1057452529550008 0
0.02069789430071819 -0.1183152930831341 0
0.04742143071094326 -0.03459246965184914 0
0.04618720721562231 -0.03995251326849999 0
0.04482956137076927 -0.04584856124681591 0
0.04333615094143092 -0.05233421402296343 0
0.04169339946915873 -0.05946843207672569 0
0.03988637284965933 -0.06731607193586418 0
0.03789864356820999 -0.07594847578091653 0
0.03571214135861571 -0.08544412001047411 0
0.033306988928062 -0.09588932866298745 0
0.03066132125445293 -0.1073790581807521 0
0.02775108681348295 -0.1200177606502933 0
0.8488368085129094 -0.01611715788652208 0
0.8492222126349571 -0.0216036379942643 0
0.8496461571692095 -0.02763876611278074 0
0.8501124961568871 -0.03427740704314883 0
0.8506254690433326 -0.04157991206655372 0
0.8511897392184226 -0.0496126675922991 0
0.8518104364110215 -0.05844869867061903 0
0.8524932033228803 -0.06816833285677094 0
0.853244246925925 -0.07885993046153805 0
0.8540703948892743 -0.09062068782678187 0
0.8549791576489584 -0.1035575209285501 0
0.8556685168686746 -0.01563655825699941 0
0.8560551038492027 -0.02112295515320133 0
0.8564803495277837 -0.02715799173902344 0
0.8569481197742228 -0.03379653198342776 0
0.8574626670453058 -0.04109892625227252 0
0.8580286690434971 -0.04913155994800174 0
0.8586512712415075 -0.0579674570133039 0
0.8593361336593189 -0.06768694378513627 0
0.8600894823189116 -0.07837837923415188 0
0.8609181658444635 -0.09013895822806904 0
0.8618297177225704 -0.1030755951213779 0
0.862428342301796 -0.01515946060726863 0
0.8628161997327916 -0.02064576783784733 0
0.8632428429068866 -0.0266807057914839 0
0.8637121503983912 -0.03331913754048413 0
0.8642283886390462 -0.04062141246438437 0
0.8647962507037668 -0.04865391488067464 0
0.8654208989749593 -0.05748966753859395 0
0.8661080120732711 -0.06720899546230517 0
0.8668638364814142 -0.07790025617838754 0
0.8676952433303715 -0.08966064296607813 0
0.8686097908642245 -0.1025970684325378 0
0.7159297321204722 -0.0251946788384709 0
0.7162938124953706 -0.03068261523494314 0
0.7166943009077589 -0.03671934527106261 0
0.717134838161386 -0.04335974831079403 0
0.7176194291403758 -0.05066419165449859 0
0.7181524792172645 -0.05869907933257359 0
0.7187388343018422 -0.06753745577845612 0
0.7193838248948776 -0.07725966986892688 0
0.7200933145472165 -0.08795410536844474 0
0.7208737531647894 -0.09971798441791438 0
0.7217322356441195 -0.112658251372331 0
0.7237137405766413 -0.02467735659769299 0
0.7240790996026941 -0.0301652080162402 0
0.7244809945313523 -0.03620184457664212 0
0.7249230789528762 -0.04284214479308424 0
0.7254093718165526 -0.05014647503117056 0
0.7259442939665967 -0.05818123829306552 0
0.7265327083316451 -0.06701947788114998 0
0.7271799641331983 -0.07674154142804288 0
0.7278919455149069 -0.08743581132962508 0
0.7286751250347863 -0.0991995082213655 0
0.7295366225066536 -0.11213957480228 0
0.7314597036081291 -0.02416075133932262 0
0.7318264627763531 -0.02964850937841061 0
0.7322298978613996 -0.03568504322140739 0
0.7326736764549506 -0.04232523044870386 0
0.7331618329078569 -0.04962943639872997 0
0.7336988050060536 -0.0576640629437587 0
0.7342894743140701 -0.06650215214329029 0
0.7349392105528882 -0.07622405026277505 0
0.7356539204155882 -0.08691813819420829 0
0.7364401012645581 -0.09868163491878486 0
0.737304900198425 -0.1116214813158191 0
0.2091351805464391 0.07853973775776595 0
0.2086142174352234 0.0840150406100916 0
0.2080411580128861 0.09003787374764982 0
0.2074107926483151 0.09666299019896388 0
0.2067173907472869 0.1039506182954093 0
0.2059546486561559 0.1119670092014993 0
0.2051156323559119 0.1207850391981983 0
0.2041927144256434 0.1304848721945672 0
0.2031775047023481 0.141154688490573 0
0.2020607740067233 0.1528914864161794 0
0.2008323702415359 0.1658019641343464 0
0.2016562631365839 0.07780255608703782 0
0.2010973692974975 0.08327412084244865 0
0.2004825860745025 0.08929284207340057 0
0.199806324529208 0.09591343542744769 0
0.199062436829384 0.1031960881168995 0
0.1982441603595776 0.1112070060752965 0
0.1973440562427906 0.1200190158295333 0
0.1963539417143249 0.1297122265591936 0
0.1952648157330127 0.1403747583618201 0
0.1940667771535692 0.1521035433447092 0
0.1927489347161813 0.1650052068258871 0
0.6833884640752441 0.05867279085161373 0
0.6840841150064396 0.06412862248770544 0
0.6848493310307546 0.07013003728740633 0
0.6856910686575012 0.0767315935670773 0
0.6866169800469224 0.08399330547471538 0
0.6876354825752856 0.09198118857311725 0
0.6887558353564853 0.1007678599813593 0
0.6899882234158049 0.1104331985304256 0
0.6913438502810564 0.1210650709343985 0
0.6928350398328331 0.1327601305787687 0
0.6944753483397875 0.1456246961875759 0
0.6753535599610124 0.05968924684742834 0
0.6760381748150464 0.0651464746594865 0
0.6767912511544836 0.07114942525275048 0
0.6776196351278646 0.07775267090534085 0
0.6785308574985838 0.08501624112319026 0
0.6795332021063748 0.0930061683628246 0
0.6806357811749448 0.1017950883264224 0
0.681848618150372 0.11146290028638 0
0.6831827388233418 0.1220974934423333 0
0.6846502715636087 0.1337955459138819 0
0.6862645575779022 0.1466634036325855 0
0.4848408359669059 0.07844623779961379 0
0.4852201683908803 0.08393314647350032 0
0.4856374340572522 0.08996874601477552 0
0.4860964262902612 0.09660790551017823 0
0.4866013177465712 0.1039109809551212 0
0.4871566983485121 0.1119443639445585 0
0.4877676170106471 0.1207810852329395 0
0.4884396275389957 0.1305014786501586 0
0.4891788391201791 0.1411939114090996 0
0.4899919718594808 0.1529555874439348 0
0.4908864178727127 0.1658934310822534 0
0.4764465176772903 0.07901464639906804 0
0.47681005521626 0.08450262471325259 0
0.4772099465091267 0.0905394008588556 0
0.4776498269312801 0.09717985461901892 0
0.4781336953956488 0.1044843537551986 0
0.4786659507064543 0.1125193028049962 0
0.4792514315483405 0.1213577467597735 0
0.4798954604744152 0.1310800351100286 0
0.4806038922930975 0.1417745522953093 0
0.4813831672936479 0.153538521199118 0
0.4822403697942534 0.1664788869933075 0
0.3515111184501055 0.08413084780540173 0
0.3515623432856991 0.08963062680285704 0
0.351618690604852 0.09568038370005788 0
0.3516806726559202 0.1023351162869788 0
0.3517488529120952 0.1096553221325918 0
0.3518238511938877 0.1177075485627662 0
0.3519063493038594 0.1265649976359579 0
0.3519970972248284 0.1363081916164689 0
0.3520969199378942 0.1470257049950309 0
0.3522067249222666 0.1588149697114491 0
0.3523275104050763 0.1717831608995092 0
0.3433099591192801 0.08418641363980542 0
0.3433333191422139 0.08968638178161371 0
0.343359015167441 0.09573634673760284 0
0.3433872807951909 0.1023913081891909 0
0.3434183729857157 0.1097117657859377 0
0.343452574395293 0.1177642691423592 0
0.343490195945828 0.1266220228344229 0
0.3435315796514166 0.1363655518956929 0
0.343577101727564 0.14708343386309 0
0.3436271760113261 0.1588731040272267 0
0.3436822577234645 0.1718417412077772 0
0.9909468643745132 0.007032573708510428 0
0.9920797473097835 0.01241463550631391 0
0.993325918538581 0.01833490348389774 0
0.9946967068902581 0.02484719825923996 0
0.9962045740771031 0.0320107225121164 0
0.9978632279826325 0.03989059919028047 0
0.9996877472787148 0.04855846353626096 0
1.001694718504405 0.05809311431683951 0
1.003902386852665 0.06858123017547592 0
1.006330822035751 0.08011815761997595 0
1.009002100737145 0.09280877780892599 0
0.3845308298712897 0.08350752982705034 0
0.3846859041247636 0.08900536006662856 0
0.3848564858035848 0.0950529733301646 0
0.3850441256502882 0.1017053479200543 0
0.385250529481662 0.1090229599689329 0
0.3854775736961731 0.1170723332226994 0
0.3857273223321354 0.1259266438018425 0
0.3860020458316938 0.1356663854388999 0
0.3863042416812081 0.1463801012396631 0
0.3866366571156739 0.1581651886205026 0
0.3870023140935862 0.1711287847394261 0
0.3762457898386097 0.08372059546299032 0
0.3763750035605765 0.08921909105823021 0
0.3765171386547399 0.09526743621299411 0
0.3766734872583197 0.1019206158832344 0
0.3768454707222574 0.1092391135204987 0
0.3770346525325889 0.1172894609214894 0
0.3772427525239536 0.1261448430625792 0
0.3774716625144547 0.135885763417778 0
0.377723463504006 0.1466007758084967 0
0.3780004445925124 0.1583872894382872 0
0.3783051237898694 0.1713524544310568 0
0.9690677228452351 0.01156782122667255 0
0.9701674783071859 0.01695675027698498 0
0.9713772093153318 0.02288457223232867 0
0.9727079134242922 0.02940517638320672 0
0.9741716879441487 0.03657784094917257 0
0.9757818399159908 0.04446777197173502 0
0.9775530070850171 0.0531466960965537 0
0.9795012909709462 0.06269351263385425 0
0.9816444032454681 0.07319501082488487 0
0.9840018267474421 0.08474665883501854 0
0.9865949925996136 0.09745347164616559 0
0.06229233941863384 0.05096040750316008 0
0.06057485246630138 0.05618557570035357 0
0.05868561681873567 0.0619332607172664 0
0.05660745760641339 0.06825571423587051 0
0.05432148247285888 0.07521041310633506 0
0.05180690982594892 0.08286058186384604 0
0.04904087991434796 0.09127576749710811 0
0.04599824701158691 0.1005324716936964 0
0.04265135081854975 0.1107148463099435 0
0.03896976500620888 0.1219154583878154 0
0.03492002061263391 0.1342361316734744 0
0.05677623358662502 0.04909543678499628 0
0.0549688607549776 0.05429021920581589 0
0.05298075064016543 0.06000447986871744 0
0.05079382951387204 0.06629016659790916 0
0.04838821627494932 0.07320442200002006 0
0.04574204171213433 0.08081010294234203 0
0.04283124969303784 0.0891763519788962 0
0.03962937847203168 0.09837922591910581 0
0.03610732012892492 0.1085023872533364 0
0.03223305595150749 0.11963786472099 0
0.02797136535634832 0.131886889935409 0
0.9075174032396056 -0.01193344659701397 0
0.9079147422378373 -0.01741907530230247 0
0.9083518151358921 -0.02345326687811983 0
0.9088325953237525 -0.03009087761151892 0
0.9093614535303989 -0.03739224941825792 0
0.9099431975577098 -0.04542375840567082 0
0.9105831159877519 -0.05425841829182502 0
0.9112870262607983 -0.06397654416659462 0
0.9120613275611492 -0.07466648262884121 0
0.9129130589915352 -0.08642541493731244 0
0.9138499635649598 -0.09936024047663079 0
0.9136056449165809 -0.01149161306733222 0
0.9140044755544624 -0.0169771335229368 0
0.9144431892561321 -0.02301120602410184 0
0.9149257743279686 -0.02964868577538338 0
0.915456617906989 -0.03694991350179307 0
0.9160405458439113 -0.04498126400084374 0
0.9166828665745257 -0.05381574954979947 0
0.9173894193782017 -0.06353368365365078 0
0.9181666274622452 -0.07422341116788722 0
0.9190215563546932 -0.08598211143354731 0
0.9199619781363858 -0.09891668172577339 0
0.9195958064209753 -0.01105527848097459 0
0.9199960619938266 -0.01654069514257283 0
0.9204363431239631 -0.02257465347033089 0
0.9209206523671133 -0.02921200763086475 0
0.9214533925345784 -0.036513097207452 0
0.9220394067187901 -0.04454429574169799 0
0.922684022321423 -0.05337861412936856 0
0.9233930994843191 -0.06309636435580619 0
0.9241730843635049 -0.07378588960488761 0
0.9250310677306092 -0.08554436737887713 0
0.925974849434424 -0.09847869293026563 0
0.3487009840123235 -0.04484699229587732 0
0.3488825997879624 -0.0503439937465188 0
0.3490823771411651 -0.05639069534222443 0
0.349302132229688 -0.06304206709750063 0
0.3495438628270633 -0.07035857602830442 0
0.3498097664841761 -0.07840673585218863 0
0.3501022605070002 -0.08725971165846123 0
0.3504240039321067 -0.09699798504536111 0
0.3507779216997238 -0.107710085770951 0
0.3511672312441027 -0.1194933965690998 0
0.3515954717429194 -0.1324550384470636 0
0.3567808068506671 -0.04457555019741622 0
0.3569684800162199 -0.05007234816631789 0
0.3571749204983281 -0.05611882593210972 0
0.357402005028647 -0.06276995147448074 0
0.3576517980119979 -0.07008618957108885 0
0.3579265702936837 -0.07813405147735777 0
0.3582288198035383 -0.0869866995742536 0
0.3585612942643782 -0.09672461248083901 0
0.3589270161713022 -0.107436316678083 0
0.3593293102689185 -0.1192191912950513 0
0.3597718337762965 -0.1321803533737165 0
0.3648834936126706 -0.04429442767846246 0
0.365076803308781 -0.04979103010252937 0
0.3652894439745025 -0.05583729276900298 0
0.365523348706796 -0.06248818170212395 0
0.365780643912319 -0.06980415952855701 0
0.3660636686383943 -0.07785173513763338 0
0.3663749958370771 -0.08670406830761739 0
0.3667174557556281 -0.0964416347945998 0
0.3670941616660343 -0.1071529579302805 0
0.367508538167481 -0.1189354133795292 0
0.3679643523190725 -0.1318961143737027 0
0.2551242771870018 0.08199773869455684 0
0.2548149914519605 0.08748906079572755 0
0.254474777143415 0.09352951510701533 0
0.2541005414040151 0.1001740148494319 0
0.2536888820906751 0.1074829645660901 0
0.2532360568460011 0.1155228092544141 0
0.2527379490768597 0.1243666384115706 0
0.2521900305308042 0.1340948504844427 0
0.2515873201301431 0.144795883764602 0
0.2509243386894159 0.1565670203727772 0
0.250195059104616 0.1695152706417699 0
0.2473370634738072 0.08153542105972406 0
0.2469943925360195 0.08702476162586663 0
0.2466174545044529 0.09306303624862346 0
0.2462028226697298 0.09970513833365596 0
0.2457467276515343 0.1070114506271917 0
0.2452450231315192 0.1150483941500811 0
0.2446931481595027 0.1238890320252593 0
0.2440860856902845 0.1336137336879554 0
0.2434183169741445 0.1443109055169212 0
0.2426837713863905 0.1560777945287834 0
0.2418757712398611 0.1690213724418319 0
0.9869698955797205 0.007866965782852477 0
0.9880966916390933 0.01325030466226453 0
0.9893361673044034 0.01917197742961779 0
0.9906995905362447 0.02568581747370637 0
0.9921993560912699 0.03285104152220381 0
0.9938490982017977 0.04073278797555099 0
0.9956638145233783 0.04940270907423289 0
0.9976600024771169 0.05893962228278299 0
0.9998558092262294 0.06943022681218811 0
1.002271196650253 0.08096989179453372 0
1.004928122816679 0.0936635232751139 0
0.5351727624455429 0.07454838416188982 0
0.5356411811814327 0.08002840513936732 0
0.5361564417909115 0.08605642821459257 0
0.5367232284613381 0.09268725359734034 0
0.5373466937988074 0.09998116151836289 0
0.5380325056700236 0.1080044602314877 0
0.5387868987283615 0.116830088815925 0
0.5396167310925332 0.126538280258806 0
0.5405295466931219 0.1372172908459751 0
0.5415336438537697 0.1489642024918612 0
0.5426381507304822 0.1618858053023358 0
0.5267953140900422 0.07525400822824367 0
0.5272499496302726 0.08073519023720666 0
0.5277500487245259 0.08676449044706595 0
0.5283001577282046 0.09339672067791116 0
0.5289052776322511 0.1006921739318409 0
0.5295709095267024 0.1087171725111636 0
0.5303031046105987 0.1175446709484186 0
0.5311085192028847 0.1272549192293991 0
0.5319944752543992 0.1379361923384776 0
0.5329690269110653 0.149685592758464 0
0.5340410337333978 0.162609933220449 0
0.05269025267476185 -0.03574693971828694 0
0.05156326462501844 -0.04113048556383566 0
0.05032357777030069 -0.04705238599393926 0
0.04895992223011116 -0.05356647646705322 0
0.04745990113590268 -0.06073197598747858 0
0.04580987793227335 -0.06861402545994646 0
0.0439948524082811 -0.07728427987966115 0
0.04199832433188961 -0.0868215597413473 0
0.03980214344785897 -0.09731256758920206 0
0.03738634447542527 -0.1088526762218423 0
0.0347289656057482 -0.1215467957177466 0
0.0580914324826699 -0.03682451795728905 0
0.05706150100775378 -0.04222743181113088 0
0.05592857638534605 -0.04817063705035689 0
0.05468235930069755 -0.05470816281350552 0
0.0533115205075842 -0.06189944115296899 0
0.05180359783515952 -0.06980984732637882 0
0.05014488289549236 -0.07851129411712963 0
0.04832029646185849 -0.08808288558695553 0
0.04631325138486123 -0.09861163620376401 0
0.04410550180016425 -0.1101932618822533 0
0.04167697725699757 -0.1229330501285916 0
0.06361935548858462 -0.03782885507316087 0
0.06267799051998076 -0.04324786375469595 0
0.06164248905451652 -0.04920877330438453 0
0.06050343744250584 -0.05576577380904198 0
0.05925048066929411 -0.06297847436416515 0
0.05787222821876119 -0.07091244497480065 0
0.05635615052317499 -0.07963981264649971 0
0.05468846505803017 -0.08923991708536866 0
0.05285401104637086 -0.09980003196812452 0
0.05083611163354562 -0.111416158339156 0
0.04861642227943785 -0.1241938973472906 0
0.7391659672575247 -0.02364464445623623 0
0.7395341661105964 -0.02913230607713784 0
0.7399391848489751 -0.03516873386012962 0
0.7403847054611919 -0.04180880442142058 0
0.7408747781346303 -0.04911288203884063 0
0.7414138580754125 -0.05714736741800269 0
0.7420068460102729 -0.06598530133508095 0
0.7426591327386194 -0.07570702864386702 0
0.7433766481398005 -0.08640092868353173 0
0.7441659150810997 -0.09816421872716291 0
0.745034108716529 -0.1111038377751572 0
0.746830778486102 -0.02312941295894495 0
0.7472002324530479 -0.02861699021134077 0
0.7476066318166883 -0.03465332518897618 0
0.7480536711166927 -0.04129329366437513 0
0.7485454143466977 -0.04859725898731397 0
0.7490863318997031 -0.0566316208425467 0
0.749681341208009 -0.0654694188833027 0
0.7503358514471455 -0.0751909967281343 0
0.7510558127101957 -0.08588473235744906 0
0.7518477700995509 -0.09764784154969532 0
0.7527189232278417 -0.1105872616611662 0
0.754452531496435 -0.02261546514312252 0
0.7548230435098308 -0.02810297105015389 0
0.7552306067245661 -0.0341392275478884 0
0.7556789262607749 -0.04077910969539636 0
0.7561720777506047 -0.04808298005765512 0
0.7567145443894174 -0.05611723745613975 0
0.7573112576921114 -0.06495492059447285 0
0.7579676423250747 -0.07467637204663924 0
0.7586896654213345 -0.0853699686440223 0
0.7594838908272202 -0.09713292490114367 0
0.7603575387736945 -0.1100721767839772 0
0.04106907566951228 0.04312330047273125 0
0.03894776129586165 0.04819815252650225 0
0.03661431548484596 0.05378048978565035 0
0.03404752509272871 0.05992106077071326 0
0.03122405566139973 0.06667568885428246 0
0.02811823928693785 0.07410577974620859 0
0.02470184127502978 0.08227887972732734 0
0.0209438034619309 0.09126928970655795 0
0.01680996186752214 0.1011587406837116 0
0.0122627361136725 0.1120371367585807 0
0.007260787784437894 0.1240033724409366 0
0.03613938457708672 0.04099460045056218 0
0.0338950906341754 0.04601635710242365 0
0.03142636729697294 0.05154028941947126 0
0.02871077162605024 0.05761661496822364 0
0.02572361638803527 0.06430057307185126 0
0.0224377456262188 0.07165292698584164 0
0.01882328778822069 0.07974051629123105 0
0.01484738416642277 0.08863686452715941 0
0.01047389018244504 0.09842284758668061 0
0.005663046800069557 0.1091874289521539 0
0.0003711190794565208 0.1210284684541746 0
0.06926716314887046 -0.03876463710288067 0
0.06840589303946656 -0.04419691964613357 0
0.06745849591912226 -0.05017243044371176 0
0.06641635908674354 -0.05674549232104777 0
0.06527000857112693 -0.06397586038611737 0
0.06400902300394867 -0.07192926525769394 0
0.06262193888005257 -0.08067801061642815 0
0.06109614634376688 -0.09030163051103582 0
0.05941777455385261 -0.1008876123951042 0
0.05757156558494692 -0.1125321924675795 0
0.05554073571915065 -0.1253412305473023 0
0.07502995877653972 -0.03963683203702646 0
0.07424173470469278 -0.04508017251670084 0
0.07337468822566115 -0.05106784704434265 0
0.07242093709872635 -0.05765428902474865 0
0.07137181085909808 -0.06489937520319523 0
0.07021777199550697 -0.0728689699994865 0
0.06894832924555676 -0.08163552427540688 0
0.06755194222061152 -0.09127873397891929 0
0.06601591649317176 -0.101886264652783 0
0.06432628819298802 -0.113554548394033 0
0.06246769706278592 -0.126389660509408 0
0.08090406495752926 -0.0404486848681042 0
0.08018368301283915 -0.04590140384407426 0
0.07939126287368004 -0.05189939471764131 0
0.078519600720605 -0.05849718467856507 0
0.07756077235222246 -0.06575475363558123 0
0.07650606114700166 -0.07373807948829897 0
0.0753458788212588 -0.0825197379262885 0
0.07406967826294164 -0.09217956220807699 0
0.07266585764879277 -0.1028053689180443 0
0.071121654973229 -0.1144937562990084 0
0.06942303203010887 -0.1273509824180689 0
0.6347419682770964 0.06456071456473107 0
0.6353677786310813 0.07002499853039466 0
0.6360561700204648 0.07603571089262461 0
0.6368134005487864 0.08264749449107756 0
0.6376463541299404 0.08992045644937578 0
0.6385626030692096 0.09792071460350385 0
0.6395704769024059 0.1067209985730447 0
0.6406791381189217 0.1164013109395397 0
0.6418986654570892 0.1270496545426841 0
0.6432401455290734 0.138762832506143 0
0.644715773608256 0.1516473282659478 0
0.6265422930517593 0.06549046408941468 0
0.6271555300254956 0.07095617380565106 0
0.6278300906966056 0.07696845449351106 0
0.6285721074348264 0.08358196325015707 0
0.6293883258468694 0.09085682288246769 0
0.6302861661001167 0.09885916847800935 0
0.6312737903786887 0.1076617486331052 0
0.6323601770851179 0.1173445868037106 0
0.6335552024621901 0.1279957087913766 0
0.6348697303769695 0.1397119429778092 0
0.6363157110832267 0.152599800582885 0
0.179581737270716 0.07530502821885489 0
0.1789028694149861 0.08076300923676541 0
0.1781561147736832 0.08676678835646699 0
0.17733468466825 0.09337094538813873 0
0.1764311115522735 0.1006355181229776 0
0.1754371811246993 0.1086265481313004 0
0.1743438576543677 0.1174166811404555 0
0.173141201837003 0.1270858274505261 0
0.1718182804379018 0.1377218883916038 0
0.1703630668988905 0.1494215554267892 0
0.168762332005978 0.1622911891654931 0
0.1723524431404472 0.07437839449188581 0
0.1716320464595654 0.07983105323943007 0
0.1708396101105953 0.08582897786172877 0
0.1699679301267283 0.09242669494625733 0
0.1690090821444745 0.09968418373923875 0
0.1679543493639954 0.1076674214115183 0
0.1667941433054683 0.1164489828510258 0
0.1655179166410886 0.1261087004344841 0
0.1641140673102708 0.1367343897762882 0
0.1625698330463713 0.1484226480522727 0
0.1608711753560819 0.1612797321558557 0
0.2772535345312996 -0.04678359706133546 0
0.277359385661055 -0.0522825817789575 0
0.2774758219037859 -0.05833146496834174 0
0.27760390177079 -0.0649852364766644 0
0.2777447896244945 -0.07230438513581933 0
0.2778997662635694 -0.08035544866088974 0
0.2780702405665518 -0.08921161853846721 0
0.2782577622998325 -0.09895340540380243 0
0.2784640362064412 -0.1096693709556712 0
0.2786909375037108 -0.1214569330627268 0
0.2789405289307073 -0.1344232513804879 0
0.2850625396396056 -0.04662455191193333 0
0.2851802861179529 -0.05212329442228715 0
0.2853098072441349 -0.05817191118367634 0
0.2854522804829351 -0.06482538962120446 0
0.2856090010456154 -0.0721442159024854 0
0.2857813936645636 -0.08019492481189441 0
0.2859710255454067 -0.08905070461224435 0
0.2861796206143341 -0.09879206239262928 0
0.2864090751901542 -0.1095075559510527 0
0.2866614752235563 -0.1212945988653184 0
0.2869391152602986 -0.1342603460710108 0
0.29290727280358 -0.04644827839447951 0
0.2930357481986718 -0.05194677987517446 0
0.2931770711332728 -0.0579951315039389 0
0.2933325263613339 -0.06464831829557978 0
0.2935035271122011 -0.07196682376638475 0
0.2936916279381551 -0.08001717978427021 0
0.2938985388467044 -0.08887257140394422 0
0.2941261408461087 -0.09861350218558565 0
0.2943765030454534 -0.1093285260453912 0
0.2946519014647325 -0.1211150522911773 0
0.2949548397259396 -0.1340802311615421 0
0.5519054859221767 0.07307501198394258 0
0.5524023750189769 0.078552525343536 0
0.5529489530254572 0.08457779003908879 0
0.5535501888325856 0.09120558120419683 0
0.5542115482204267 0.0984961514858157 0
0.5549390435470519 0.1065157787955965 0
0.5557392884063397 0.1153373688363553 0
0.5566195577515562 0.12504111788119 0
0.5575878540312945 0.1357152418305081 0
0.5586529799390065 0.1474567781747582 0
0.5598246184374898 0.1603724681534331 0
0.5435432925894351 0.0738225419247274 0
0.5440257587379098 0.07930134470449514 0
0.5445564715012319 0.08532802776223966 0
0.5451402555408862 0.09195737912575865 0
0.545782417984506 0.09924966562562951 0
0.5464887966724876 0.1072711807754875 0
0.5472658132292676 0.1160948474403312 0
0.5481205314417255 0.1258008807716594 0
0.5490607214754291 0.1364775174361203 0
0.5500949305125031 0.1482218177670274 0
0.5512325604532845 0.1611405481310251 0
0.9424972573361414 -0.009371312071733558 0
0.9429037355068053 -0.01485627113965727 0
0.9433508614945356 -0.02088972611437336 0
0.9438427000810389 -0.02752652658656106 0
0.9443837225261925 -0.03482700710596752 0
0.9449788472158615 -0.04285753567731463 0
0.9456334843744973 -0.05169111710579646 0
0.9463535852489968 -0.06140805667712647 0
0.9471456962109461 -0.07209669020558948 0
0.9480170182690905 -0.08385418708689879 0
0.9489754725330493 -0.09678743365633903 0
0.947935308811464 -0.008967617889993453 0
0.9483434530472946 -0.01445245327874138 0
0.9487924117067082 -0.0204857722063641 0
0.9492862662320632 -0.02712242302674909 0
0.9498295062099538 -0.03442273892917259 0
0.9504270701856333 -0.04245308642183843 0
0.9510843905588808 -0.05128646866377085 0
0.9518074429694531 -0.06100318912989652 0
0.9526028006210826 -0.07169158164263477 0
0.953477694037875 -0.08344881340664682 0
0.9544400767963467 -0.0963817683470601 0
0.9532480149581808 -0.008571326473666836 0
0.953657953526492 -0.01405602801900544 0
0.9541088859516343 -0.02008919971887791 0
0.954604911619291 -0.02672568858873763 0
0.9551505398537131 -0.03402582634558332 0
0.9557507309115776 -0.04205597787811358 0
0.9564109410752285 -0.05088914456389686 0
0.9571371722552445 -0.06060562791825848 0
0.9579360265532622 -0.07129375960805627 0
0.9588147662810815 -0.08305070446683381 0
0.9597813799816828 -0.09598334381148912 0
0.1651906376802135 0.0734036547270306 0
0.16442661101992 0.0788503762053215 0
0.1635861816935971 0.08484176983144148 0
0.1626617094346419 0.09143230282017346 0
0.1616447899497912 0.09868188910777864 0
0.1605261785164555 0.1066564340241443 0
0.1592957059397861 0.1154284334321466 0
0.1579421861054498 0.1250776327809491 0
0.1564533142876799 0.1356917520646319 0
0.154815555288133 0.1473672832766829 0
0.1530140203886314 0.160210367609939 0
0.158099881305442 0.07237911605996526 0
0.1572909730125843 0.07781935355539868 0
0.1564011738904408 0.08380361480037543 0
0.1554223948560831 0.09038630216984986 0
0.1543457379182895 0.09762725827627174 0
0.1531614152867166 0.1055923099933358 0
0.1518586603919863 0.1143538668821063 0
0.1504256300077831 0.1239915794597538 0
0.1488492965851595 0.1345930632951661 0
0.1471153298202736 0.1462546955141196 0
0.1452079663788991 0.1590824909549684 0
-0.001339145485750276 0.01394422870860332 0
-0.006044747510324296 0.01681450071079232 0
-0.01122090973735572 0.01997179991320022 0
-0.01691468818709029 0.02344482903584891 0
-0.02317784448179831 0.02726516107076247 0
-0.03006731640597714 0.03146752630916739 0
-0.03764573552257385 0.0360901280714128 0
-0.04598199655083024 0.04117499000988275 0
-0.05515188368191226 0.0467683381421997 0
-0.06523875952610247 0.05292102108774834 0
-0.07633432295471172 0.05968897232785184 0
-0.003227900830407502 0.01033137778722126 0
-0.008321089529424652 0.01246083143612637 0
-0.01392359709834352 0.01480323044992199 0
-0.02008635542415427 0.01737986936509716 0
-0.0268653895825461 0.02021417217178986 0
-0.0343223271567771 0.02333190525915182 0
-0.04252495848843122 0.02676141165524998 0
-0.05154785295325075 0.03053386869095796 0
-0.06147303686455224 0.03468357143023674 0
-0.07239073916698387 0.03924824444344339 0
-0.08440021169965865 0.04426938475797071 0
-0.004460191781993198 0.006479607158597868 0
-0.009876423176788827 0.00760060922237781 0
-0.01583427771106402 0.008833711492535748 0
-0.02238791769876673 0.01019012398970948 0
-0.02959692168523971 0.01168217773660058 0
-0.03752682607036 0.0133234368581808 0
-0.04624972089399231 0.01512882189191903 0
-0.05584490519998786 0.01711474542903109 0
-0.06639960793658295 0.01929926131985436 0
-0.07800978094683757 0.02170222879975995 0
-0.09078097125811764 0.02434549302765611 0
0.4011510465588334 0.0829582931773781 0
0.4013569265167976 0.08845444983464967 0
0.4015833944705583 0.0945002221576484 0
0.4018325092196951 0.101150571712947 0
0.4021065354437455 0.1084659562237755 0
0.402407964290201 0.1165128791856868 0
0.402739536021302 0.1253644944437892 0
0.4031042649255132 0.1351012712277019 0
0.4035054667201454 0.1458117256900059 0
0.4039467886942409 0.1575932255985402 0
0.4044322428657459 0.170552875497928 0
0.392834066175671 0.08325285507904828 0
0.3930157750135163 0.08874986806888865 0
0.3932156547351461 0.09479658235771304 0
0.393435522428939 0.1014479680754199 0
0.393677376892111 0.1087644923648974 0
0.3939434168016003 0.1168126690833227 0
0.3942360607020385 0.1256656634735905 0
0.3945579689925206 0.1354039573028851 0
0.3949120681120509 0.1461160805151091 0
0.3953015771435341 0.1578994160485556 0
0.3957300370781657 0.1708610851353466 0
0.03137461885753669 0.03879166901764819 0
0.02899376930327208 0.04375030188612346 0
0.02637483479358101 0.04920479804144625 0
0.02349400683292083 0.05520474381230133 0
0.02032509607619464 0.06180468416024192 0
0.01683929424379583 0.06906461854297656 0
0.01300491222815713 0.07705054636398467 0
0.008787092010954567 0.08583506696709359 0
0.004147489772031741 0.0954980396305134 0
-0.0009560726907833703 0.1061273095602752 0
-0.006569991399879987 0.1178195064830132 0
0.02678644893006468 0.03650504255535555 0
0.02425278515816813 0.04138753106407286 0
0.02146575500908193 0.0467582684236619 0
0.01840002184508711 0.05266607951920986 0
0.01502771536469281 0.0591646717243126 0
0.01131817823625908 0.06631312314992563 0
0.00723768739498197 0.07417641971809993 0
0.002749147469577152 0.0828260459430917 0
-0.002188246448368146 0.09234063479058263 0
-0.007619379758107975 0.1028066825228227 0
-0.01359362639882179 0.1143193350282867 0
0.3730073389217205 -0.04400483157961541 0
0.3732054870890653 -0.04950126153415951 0
0.3734234500731446 -0.05554733448415804 0
0.3736632093556318 -0.06219801472915642 0
0.3739269445663677 -0.06951376299865464 0
0.3742170532981772 -0.07756108609510268 0
0.3745361729031677 -0.0864131415011955 0
0.3748872044686573 -0.09615040244789763 0
0.3752733391906957 -0.10686138948927 0
0.375698087384938 -0.1186434752347796 0
0.3761653103986046 -0.1316037695548401 0
0.3811507171124364 -0.04370794800705867 0
0.3813527707557646 -0.0492042355864935 0
0.3815750297634255 -0.05525015192387181 0
0.3818195146718525 -0.06190065989498795 0
0.3820884480711223 -0.0692162186632157 0
0.3823842748103191 -0.07726333330826624 0
0.3827096842234354 -0.08611515941782182 0
0.3830676345778635 -0.09585216813833296 0
0.3834613799677343 -0.1065628777308952 0
0.3838944998965922 -0.1183446582827137 0
0.384370931818336 -0.131304616889714 0
0.3893126603112056 -0.04340538738647929 0
0.3895178571106915 -0.04890155845461835 0
0.389743573590126 -0.05494734662957131 0
0.3899918617175038 -0.06159771362201957 0
0.3902649786576195 -0.06891311731371266 0
0.3905654072917468 -0.07696006137457505 0
0.3908958787892868 -0.08581169984152368 0
0.3912593974365807 -0.09554850215516719 0
0.3916592679486041 -0.106258984700175 0
0.3920991255118298 -0.1180405154996837 0
0.3925829688313781 -0.1310001993791432 0
0.9431692409657821 0.01675111576741101 0
0.9442288050181586 0.02214809042607872 0
0.9453943254757727 0.02808476255061321 0
0.9466763979791483 0.03461510188760115 0
0.9480866777328614 0.04179847515828788 0
0.9496379854619458 0.04970018575604329 0
0.9513444239639386 0.05839206741357424 0
0.9532215063161307 0.06795313723685828 0
0.9552862969035421 0.07847031404247075 0
0.9575575665496945 0.09003920852864444 0
0.9600559631604622 0.1027649924634355 0
0.1238065884571059 0.06652489806312113 0
0.1227552421177404 0.07192354274078688 0
0.1215987611444384 0.0778620518862192 0
0.1203266320738061 0.08439441194619475 0
0.1189272900961106 0.09158000801216784 0
0.1173880139206456 0.09948416368473825 0
0.115694810127634 0.1081787349245657 0
0.1138322859553213 0.1177427632883759 0
0.1117835093657774 0.1282631944885672 0
0.109529855117279 0.1398356688087775 0
0.1070508354439308 0.1525653905610089 0
0.1172004356869778 0.06520537547833397 0
0.1160962748204777 0.07059347223425874 0
0.1148816978673276 0.076520378665776 0
0.1135456632188624 0.083039975740445 0
0.1120760251055508 0.09021153252258088 0
0.1104594231809079 0.09810024498293035 0
0.1086811610638008 0.1067778286893148 0
0.106725072734983 0.1163231707663376 0
0.1045733755732834 0.1268230470510628 0
0.1022065086954138 0.1383729109642605 0
0.09960295512975728 0.1510777612687779 0
0.7308669799663752 0.05232674419299472 0
0.7316283259735376 0.05777379704999956 0
0.7324658065814161 0.0637655551927049 0
0.7333870352500825 0.07035648914968076 0
0.7344003867856157 0.07760651650235421 0
0.7355150734747021 0.08558154659029502 0
0.7367412288326972 0.09435407968702988 0
0.7380899997264917 0.1040038660934383 0
0.7395736477096657 0.1146186311404875 0
0.7412056604911572 0.1262948726922416 0
0.7430008745507978 0.1391387383991711 0
0.7230486727875652 0.05341121448203441 0
0.7237993427820456 0.05885974825221331 0
0.7246250797759741 0.06485313539941009 0
0.7255333904692954 0.07144586126132657 0
0.7265325322319489 0.07869785970943469 0
0.7276315881708677 0.0866750580023536 0
0.7288405497036784 0.09544997612456443 0
0.7301704073897702 0.1051023860589963 0
0.7316332508444712 0.1157200369868714 0
0.7332423786446421 0.127399453007534 0
0.7350124192248303 0.1402468106302629 0
0.1942357270518039 0.0770177558905953 0
0.1936373631603832 0.08248514698357447 0
0.1929791628798203 0.08849927718585156 0
0.1922551425712012 0.09511482040835637 0
0.1914587202317202 0.1023919179531116 0
0.1905826556582911 0.1103967252523425 0
0.189618984627519 0.1192020132814963 0
0.1885589464936697 0.1288878301135656 0
0.1873929045464355 0.1395422286288418 0
0.1861102584044779 0.1512620669956456 0
0.1846993476483245 0.1641538891991299 0
0.1868767009928223 0.0761849816475835 0
0.186238234639296 0.08164783533733658 0
0.185535921650417 0.08765697439606497 0
0.1847633773626501 0.09426702736066619 0
0.1839135786461065 0.1015380856217276 0
0.1829788000579086 0.1095362497088951 0
0.1819505436108909 0.1183342302047793 0
0.1808194615191714 0.128012008750252 0
0.17957527121828 0.1386575651502719 0
0.1782066618872994 0.1503676771902938 0
0.1767011916232207 0.1632488004343179 0
0.1510835525632383 0.07130605687358883 0
0.1502295132277769 0.07673939309217451 0
0.1492900699587693 0.08271606293261873 0
0.148256682362861 0.08929039975710738 0
0.1471199560073618 0.0965221702640449 0
0.1458695570163127 0.1044771178216762 0
0.1444941181261587 0.1132275601350706 0
0.1429811353469893 0.1228530466798044 0
0.1413168542899029 0.1334410818790116 0
0.139486145127108 0.1450879205981396 0
0.1374723650480335 0.1578994431891803 0
0.1441435314751553 0.07018537830155991 0
0.1432433257473675 0.07561126054105591 0
0.142253099446801 0.0815797310045015 0
0.1411638505161779 0.08814504851429167 0
0.1399656766924924 0.09536689777506085 0
0.1386476854864384 0.1033109319619069 0
0.137197895159779 0.1120493695674376 0
0.1356031258004536 0.1216616509335214 0
0.1338488795051958 0.1322351604362136 0
0.1319192085804121 0.143866020889175 0
0.12979657056315 0.1566599673874325 0
0.9827749100143969 0.00874293169231641 0
0.9838959383047647 0.01412747497089362 0
0.9851290694241694 0.02005047257732855 0
0.9864855136555145 0.02656576994440698 0
0.9879776023099942 0.03373259704819324 0
0.9896188998299218 0.04161610686235814 0
0.9914243271018421 0.05028796765793952 0
0.9934102971009545 0.05982701453307904 0
0.9955948640999781 0.07031996609573252 0
0.9979978877989041 0.08186221281465135 0
1.000641213867723 0.09455868420546205 0
0.2395961753609966 0.08102829700219627 0
0.2392195243195804 0.08651541197423768 0
0.2388052081740227 0.09255123844348324 0
0.2383494604139092 0.09919064755965336 0
0.2378481378777844 0.1064939975874405 0
0.237296683088047 0.1145276826180063 0
0.236690082819336 0.1233647361516287 0
0.2360228225237538 0.1330854950386134 0
0.2352888361986134 0.1437783298142966 0
0.234481451240959 0.155540448067548 0
0.2335933277875391 0.1684787781461246 0
0.2319031399433465 0.08047589253961374 0
0.2314913367032169 0.08596048394157452 0
0.2310383531390744 0.0919935344837314 0
0.2305400712185176 0.09862989008010396 0
0.2299919611059052 0.1059298812361138 0
0.2293890399820315 0.1139598715077246 0
0.2287258267457704 0.1227928608064965 0
0.2279962921858832 0.1325091490351455 0
0.2271938041700073 0.1431970660866595 0
0.2263110673525438 0.1549537748433249 0
0.2253400568533339 0.1678861544756568 0
0.07371058281377689 0.05450881575559418 0
0.07215650525637381 0.05978483228663244 0
0.07044701994323041 0.06558845047077454 0
0.06856658609877268 0.07197243047333084 0
0.06649810886986918 0.07899480847614276 0
0.06422278391807533 0.0867194242792359 0
0.0617199264711021 0.09521650166263833 0
0.05896678327943154 0.104563286784381 0
0.05593832576859392 0.114844750418298 0
0.05260702250667254 0.1261543604156066 0
0.04894258891855903 0.1385949314126461 0
0.06793978502484636 0.05276441468504278 0
0.06630737685919741 0.05801675651514809 0
0.06451172787698355 0.06379433252826393 0
0.0625365139965483 0.07014966614269134 0
0.06036377872806954 0.07714053311856151 0
0.05797376993274291 0.08483048679201868 0
0.0553447602578836 0.09328943583282159 0
0.05245284961553835 0.1025942797777048 0
0.04927174790895859 0.1128296081170763 0
0.04577253603172086 0.124088469290385 0
0.04192340296675934 0.1364732165810245 0
-0.004111558410101439 -0.003888546583278518 0
-0.00939499678647096 -0.005418079950259338 0
-0.01520677900047744 -0.00710056665393824 0
-0.02159973943588456 -0.008951302027985032 0
-0.02863199591483239 -0.01098711093943651 0
-0.03636747804167501 -0.01322650074203312 0
-0.04487650838120189 -0.01568982952488941 0
-0.05423644175468147 -0.01839949118603131 0
-0.064532368465509 -0.02138011901328742 0
-0.07585788784741927 -0.02465880962326913 0
-0.08831595916752058 -0.02826536929424901 0
-0.00313279286267009 -0.007126514086638558 0
-0.008234304079448971 -0.009258746460999941 0
-0.01384596641790574 -0.01160420207279746 0
-0.02001879499020819 -0.01418420324577474 0
-0.02680890641974088 -0.01702220453604974 0
-0.03427802899222684 -0.02014400595535224 0
-0.04249406382196139 -0.02357798751658499 0
-0.05153170213466941 -0.02735536723394101 0
-0.06147310427864822 -0.03151048492303265 0
-0.07240864663702491 -0.03608111438103345 0
-0.08443774323123929 -0.04110880678483431 0
-0.001227929808979607 -0.01062101313551712 0
-0.005831253757775422 -0.0136679645631254 0
-0.01089491010145082 -0.0170196111334945 0
-0.01646493207949376 -0.02070642236090051 0
-0.02259195625534098 -0.02476191471104713 0
-0.02933168284877294 -0.0292229562962084 0
-0.03674538210154808 -0.0341301020398858 0
-0.04490045127960075 -0.03952796235793095 0
-0.05387102737545869 -0.04546560870778062 0
-0.06373866108090241 -0.05199701969261523 0
-0.0745930581568905 -0.05918157177593332 0
0.2708304963191174 0.08278772068705695 0
0.270586808821695 0.08828234320074164 0
0.2703187525745304 0.0943264279657948 0
0.2700238907026492 0.1009749212073533 0
0.26969954264358 0.1082882637730676 0
0.2693427597786038 0.1163329405953533 0
0.26895029862713 0.1251820850998677 0
0.2685185913605089 0.1349161440548334 0
0.2680437133672256 0.1456236089052958 0
0.267521347574614 0.1574018202408043 0
0.2669467452027413 0.1703578527098638 0
0.2629560893488246 0.08241523325023654 0
0.2626798410592927 0.08790831600211912 0
0.2623759679408076 0.09395070702918998 0
0.2620417075104741 0.1005973371589679 0
0.2616740210371072 0.1079086303017236 0
0.2612695659164036 0.1159510527587549 0
0.2608246652836296 0.1247977174614893 0
0.2603352745875782 0.1345290486344972 0
0.2597969448219217 0.1452335129248059 0
0.2592047820796996 0.1570084236441454 0
0.2585534030632552 0.1699608254354188 0
0.01421623661623784 0.02907769008762984 0
0.01110445690601523 0.03361491975814959 0
0.007681499224770355 0.03860587239572132 0
0.00391624577540099 0.04409592029705023 0
-0.0002255330189053113 0.05013497298851202 0
-0.004781489692642242 0.05677793094912 0
-0.009793042033752867 0.06408518470578878 0
-0.01530574960897456 0.07212316383812442 0
-0.02136972794171841 0.08096494088369365 0
-0.02804010410773666 0.09069089563381978 0
-0.03537751789035673 0.1013894458589585 0
0.01048176098659823 0.0263734399863502 0
0.007122271124275084 0.03073134446301674 0
0.003426832275719624 0.03552503938734992 0
-0.0006381504576913836 0.04079810380411644 0
-0.005109631464443492 0.04659847466255959 0
-0.01002826057187081 0.05297888260684707 0
-0.01543875259004086 0.0599973313455633 0
-0.02139029381002792 0.06771762495815115 0
-0.02793698915201369 0.07620994793199778 0
-0.03513835402819803 0.08555150320322909 0
-0.0430598553920008 0.0958272140015835 0
0.007014150058152847 0.02352881224682571 0
0.00337057775947676 0.02765374571422482 0
-0.0006373517690669381 0.03219117252836384 0
-0.005046074250465006 0.03718234202391676 0
-0.009895668980002879 0.04267262846902499 0
-0.01523022318249454 0.04871194355864402 0
-0.02109823280523537 0.05535519015722497 0
-0.02755304339025028 0.062662761415664 0
-0.03465333503376669 0.07070108979994695 0
-0.04246365584163473 0.07954325102265819 0
-0.05105500873028958 0.08926962836764056 0
0.003851932312483617 0.02052123337178501 0
-0.0001145911785635232 0.02433912212637573 0
-0.004477767018715377 0.02853879975642552 0
-0.009277260442882419 0.0331584451494803 0
-0.01455670320946616 0.03824005508184054 0
-0.02036409025270828 0.04382982600743682 0
-0.02675221600027461 0.04997857402559272 0
-0.03377915432259758 0.05674219684556422 0
-0.04150878647715284 0.06418218194753286 0
-0.05001138184716363 0.07236616555969838 0
-0.05936423675417549 0.08136854753308043 0
0.001044428042535021 0.01733158004117214 0
-0.003280784147466165 0.02074213661122545 0
-0.008038517556467471 0.02449374883828409 0
-0.01327202430636891 0.0286205222880486 0
-0.01902888173126049 0.03315997308278956 0
-0.02536142489864122 0.03815336895700461 0
-0.03232722238276003 0.04364610441864117 0
-0.03998959961529073 0.04968811342644139 0
-0.04841821457107449 0.05633432333502163 0
-0.05768969102243664 0.06364515423445989 0
-0.06788831511893501 0.07168706822384198 0
0.5016296331508435 0.07723920025179164 0
0.5020391782828494 0.08272393657395727 0
0.5024896779280558 0.08875714652833948 0
0.5029852275377827 0.09539367747815991 0
0.5035303321084825 0.1026938615229624 0
0.5041299471362523 0.1107240639722451 0
0.504789523666799 0.1195572866664561 0
0.5055150578504003 0.1292738316300882 0
0.5063131454523618 0.1399620310900835 0
0.5071910418145195 0.1517190504960783 0
0.5081567278128929 0.1646517718426727 0
0.493235441993755 0.0778540746075041 0
0.4936298852996971 0.08333991724201162 0
0.4940637729362334 0.08937434413996991 0
0.4945410493364234 0.09601221372772402 0
0.4950660533766324 0.1033138702742536 0
0.4956435578208623 0.111345692475436 0
0.4962788127095151 0.1201806968967367 0
0.4969775930870333 0.1298992017601676 0
0.4977462515023033 0.1405895571099414 0
0.4985917757591002 0.1523489479946927 0
0.4995218524415769 0.1652842779679191 0
0.9539369828181825 0.01462065118946679 0
0.9550136723924419 0.02001423623685477 0
0.9561980309241273 0.02594717978898154 0
0.9575008253089812 0.032473417696321 0
0.9589338991323204 0.0396522793943944 0
0.9605102803379936 0.04754902726227515 0
0.9622442996642341 0.05623544991694396 0
0.9641517209230986 0.06579051483707966 0
0.9662498843078496 0.07630108624922893 0
0.9685578640310757 0.08786271480259313 0
0.9710966417266245 0.1005805062112937 0
0.1106841336011584 0.06383582700798349 0
0.1095236789285058 0.06921209386595784 0
0.108247178788588 0.0751259874097296 0
0.1068430286346783 0.08163127030787856 0
0.1052984634653777 0.08878708149584241 0
0.1035994417791471 0.09665847380260265 0
0.1017305179242933 0.1053170053400389 0
0.0996747016839542 0.1148413900312188 0
0.09741330381958117 0.1253182131915166 0
0.09492576616877085 0.1368427186678443 0
0.09218947475287949 0.1495196746918048 0
0.1042624678484504 0.0624128340360145 0
0.1030428678133047 0.06777599641131138 0
0.1017013077746444 0.07367547502413795 0
0.1002255917321181 0.08016490149824716 0
0.0986023040853392 0.08730327061976731 0
0.09681668767388238 0.09515547665343946 0
0.09485250962127988 0.1037929032904788 0
0.09269191376341712 0.1132940725912222 0
0.0903152583197681 0.1237453588220398 0
0.08770093733175417 0.1352417736759392 0
0.08482518424493884 0.1478878300152285 0
10.52937753208744 -22.85088816294786 0
10.5263157895377 22.72098577952647 0
-7.983392927482154 22.53996005892428 0
-8.10864250930149 -22.67483968010391 0
-22.80908043708786 8.262927798759124 0
-22.71086220709286 -8.116463530344538 0
22.58416266092803 8.054426591804406 0
22.72098577952259 -7.894736842178459 0
2.522693045715906 -22.80016043325071 0
2.586445187676786 22.84207650325166 0
-22.62874735150919 0.04258062055640282 0
22.75237716613055 -0.1001879913438043 0
-22.98842852438249 -15.73945721342841 0
-15.79297619552684 22.82285491330588 0
22.67839050555658 15.85700446577322 0
22.6871692945817 -15.40164851753482 0
-15.74409960609968 -22.9948062861322 0
-22.8067809050246 16.03057922547844 0
-2.520202545995515 -22.87095776102723 0
-2.537651873243259 22.76833352580092 0
15.83851567972742 22.89548313434362 0
15.78876756267904 -22.90653470556615 0
-22.95445031314864 -21.19497898743921 0
20.9807505186261 -22.50500082272037 0
-20.93983560448083 22.78518446061531 0
22.61664267964243 20.89685405613055 0
-0.006416018076492465 22.82645962186285 0
-1.308117744627719 20.75813140621647 0
-3.481341438709486 20.62276289843589 0
-2.46257667537954 18.84171988159411 0
-4.422726037029081 18.70619682845489 0
-3.468602247192657 17.03165238544384 0
-1.540214184105715 17.11629458216402 0
-2.45140526213638 15.47999153213294 0
-0.707356377114814 15.51572118152772 0
-1.470522921850635 14.0830756539621 0
0.08981272284714367 14.08977618769299 0
-0.6644640969437869 12.76658244575933 0
0.838684400326148 12.77075666668332 0
-2.132997115758819 12.72922616320355 0
-1.314133594869078 11.28351825790495 0
-2.730811145138549 11.4135495673165 0
-2.1206166985863 10.22669375340253 0
-3.341881456899519 10.24947579054408 0
-2.637217305512751 9.199517541045216 0
-1.587262090966045 9.171519473757467 0
-3.872049068670678 9.124698100896138 0
-2.003946512525914 8.252331910501105 0
0.7479237072415452 0.145345585466381 0
-1.020430154052462 8.259804936322753 0
-1.433525397606555 7.431374328678574 0
0.5817133245265251 0.1656123137458817 0
-0.5314138427648543 7.440095128381827 0
-0.9200586933741022 6.688556115293551 0
-0.1098648942502107 6.695710026631404 0
-0.4972504348966353 6.007638919151256 0
-1.249926699397416 5.979310750437158 0
0.4262118467947349 0.1776410900063489 0
0.2820300488481586 6.00819196023889 0
-0.8618787394930805 5.365106506493377 0
-1.54087868169844 5.321917188374501 0
0.296360245916241 0.1788790043651373 0
-1.190692805422719 4.764898618341264 0
-1.826157667769161 4.719436412432342 0
-1.473096213658157 4.210647665748652 0
-2.08465100720441 4.161100622278626 0
-0.8938282524854021 4.239563592329374 0
0.9282949116366247 0.1144268780610093 0
-1.139300502676358 3.753006029281786 0
0.1879970181426637 0.171375280509534 0
-0.6440425512661325 3.763211445784347 0
-0.8488199517708805 3.345382191151691 0
-0.4142458758617766 3.354047265487216 0
-0.6113600144721918 2.977656643661856 0
0.094558619828452 0.1566478049719154 0
-0.20037028792377 2.993533817699551 0
-1.021037812405968 2.95174370843713 0
-0.7893240456583683 2.61807153148922 0
-1.170713192874999 2.58497053954943 0
-0.9588084739045948 2.284928764251871 0
-1.319465327786341 2.246666616733225 0
-1.112244243372122 1.970590548081599 0
-1.461956408240081 1.927300227289923 0
-0.09265871703139708 0.05817290380328126 0
-0.01392928659304277 0.1229180516648482 0
-0.7858957521665741 2.000347011671795 0
0.6812023575372304 6.672634621984104 0
1.089506379224052 5.983721139369114 0
1.486974139178343 6.683834267030993 0
1.913765188947024 5.958935764131025 0
2.330945895486563 6.694434796664931 0
2.764716145585421 5.925587559765878 0
3.223336043423064 6.705704960198166 0
3.63593123185249 5.925501341808233 0
4.146597415643605 6.708803246369346 0
4.577824900768158 5.747943999675257 0
5.18985375913522 6.874251680162687 0
5.717740069648188 5.819547706692422 0
6.309538475517865 6.743385544567294 0
6.847914007575781 5.734803576038187 0
6.257927050139655 4.907197947601611 0
7.373046470592092 4.746329401387484 0
6.62235099624126 3.859772638997991 0
7.501631588347299 6.744148402728499 0
7.851290808180723 3.752215388163416 0
7.286442413878921 2.801392286907899 0
8.373977917661181 2.771040021427218 0
7.711429450579844 1.771636031368715 0
-4.615970140133428 10.19456479112222 0
-5.179833420736667 8.986980020764399 0
8.87333119946361 1.788658101776351 0
8.291119342490845 0.8616547947121974 0
-0.9197201781661897 1.71805024983886 0
-0.6473428081366294 1.740563797272493 0
3.098218037955666 5.058329591071337 0
-5.970789101429817 10.1417235447953 0
-6.590364268078363 8.884498445401562 0
-0.7525952989565592 1.506232449661104 0
-0.5204829738742431 1.52306067885755 0
9.418707494732093 0.8142011058461944 0
8.791160303979876 -0.1376043630884513 0
7.651626120472336 -0.0777472024742451 0
8.165670643739325 -1.057222120367558 0
7.133204005047453 -1.03672226856012 0
7.579602681262731 -1.943475281009974 0
6.577241978207139 -1.872218700564459 0
0.5136790466595763 -0.1319524368045825 0
0.8089799771259385 -0.1142483690689639 0
7.003761737375447 -2.7924935453991 0
5.905952314472994 -2.731763925751729 0
6.437774733145913 -3.649151484641928 0
5.392923473275108 -3.673304816350798 0
5.877421294623218 -4.545816682294569 0
4.844079190670461 -4.531672983812353 0
5.297133111532571 -5.414246372324065 0
4.295329085318879 -5.423788220602942 0
6.50452302807718 -5.545068676517257 0
4.695973181947586 -6.333139238674762 0
3.656691049826847 -6.297004029535846 0
8.692986941158923 -2.001333575645283 0
4.10907508908069 -7.293109445327238 0
2.966976792928158 -7.226333917461901 0
2.538735547445052 -6.107154977862779 0
1.865074386653411 -7.090618379589942 0
1.391094894652038 -6.139284083323108 0
0.799892692726932 -6.984484111524538 0
0.3796173989697632 -6.078224620583333 0
-0.2094814226597893 -6.901167110171279 0
-0.6344423776683512 -5.97739113473912 0
-1.229144646966389 -6.810753953602472 0
-1.65304659360465 -5.889112685880542 0
-2.285041265725478 -6.73144509653463 0
-2.729038510754215 -5.768513009096481 0
-3.406599220099137 -6.670923975017685 0
-3.887399637829939 -5.624566899403994 0
-4.590225501165909 -6.591017498063707 0
-5.083779703077824 -5.512248959021072 0
-5.864907258586001 -6.498965401362874 0
-6.384255852939795 -5.337973878988572 0
0.2415725626454771 -7.710324721278304 0
3.459745759707984 -8.319459823751824 0
9.030622693676621 3.665078325785955 0
-7.220472363492235 -6.442803159224933 0
-0.6105744242921874 1.325018828212802 0
-0.4093239103969135 1.336976127429652 0
-0.8206697297433593 1.294298287522883 0
-0.4861439109579669 1.166559781162465 0
-0.05264315496926594 0.09931180716961321 0
-0.3100303820474586 1.179194593618429 0
-0.2242190142704425 1.337227319003247 0
-0.1282435296325656 1.160852481149668 0
-0.05068018793578311 1.330988804876631 0
0.04338964985515281 1.186953389446886 0
0.1172626394599376 1.330808306686253 0
1.027010815389912 0.09722958412916632 0
0.9779429155511921 0.1041098939348322 0
0.9981333736493688 0.1000067109937437 0
0.2008116576704566 1.196132063492987 0
0.2809398579645654 1.33617643001529 0
-7.803470898313792 -5.14637731409512 0
-3.985019042072922 -7.682554428739145 0
-6.759583585212735 -3.959260305435418 0
6.24694364683798 2.860080988824415 0
-0.3865195958607169 1.02477502613989 0
-8.360883312568717 -3.835758181163437 0
-7.530404917582527 -2.716054346007557 0
4.709680286402784 -8.390161539658994 0
6.073677724662226 -0.9771959109573269 0
0.131432549992205 1.061655908452551 0
0.2708777390501973 1.06676113365426 0
0.8466486553775732 0.1302076652765607 0
0.8024301003216877 0.1369100093600888 0
0.8891624081666332 0.1221358224295788 0
-7.410497406952063 10.07397014464026 0
-8.085393952362827 8.729060543372999 0
-8.918974207225119 -2.562444118207747 0
-8.095666734061485 -1.465757045462992 0
0.2079975811919476 0.950137438325144 0
0.5042356887029118 0.1729069554651785 0
0.4700393222557325 0.1733467116099771 0
0.5393759519225909 0.1695823671947706 0
0.3314365765883884 0.9496112563356083 0
0.6661733875099085 0.1569691531794558 0
0.6243891317709351 0.1617495977095681 0
0.6994560363038304 0.1531191869009373 0
-9.482304132771345 -1.264246220879563 0
0.2767575709916426 0.8489445518833447 0
0.03648909836295129 0.1414048829166138 0
0.3872199053085157 0.8499030018345279 0
0.01536390893040849 0.1340632350311925 0
0.05789191005455845 0.1477499428479768 0
0.4465380069002197 0.9479885374590387 0
0.4993415523365888 0.8299646085610284 0
0.5625758427519788 0.9416606544487156 0
0.8877043699473781 -5.217330878806755 0
0.3377645274084866 0.7510181418059445 0
0.3571641582391334 0.1794487813789412 0
0.2353592269916073 0.7536824034381389 0
0.3308091907784761 0.1788033656980054 0
0.3821812967603516 0.1789109173111953 0
6.920748531584114 7.808924103505199 0
8.149796039131024 7.823339192039041 0
7.489368700244302 8.990550685995926 0
8.980952464984416 8.994479234073683 0
-8.655606085766752 -6.295609131286546 0
-8.026596089930198 -7.673991996656817 0
0.9635076450776309 0.107099636172869 0
-3.203484873051389 -4.818571475112934 0
0.2825414596266046 0.673346068948516 0
0.1985799339138954 0.6687755182910714 0
0.2449342454148814 0.6009832140191603 0
0.169554968505487 0.5973613821470057 0
0.3191120829878528 0.6035222547555726 0
4.014269655221921 -9.475842899355907 0
5.354881527711337 -9.54924158008788 0
4.369204016010883 -3.685061837818806 0
-8.947118174913967 10.00622434138243 0
-9.642479374686959 8.582800802915637 0
0.2117306304027356 0.5294077590487328 0
0.2462800714532707 0.1768036542714239 0
0.1427794412286058 0.5327874426713086 0
0.1403487264716312 0.1649323438273441 0
0.2206746091493307 0.1746619671603624 0
-9.57401919198993 -7.54612127139851 0
-8.883125062342742 -8.971495822396413 0
0.1723819521379211 0.4787476079923267 0
0.1142340709914452 0.4768748459233747 0
0.07937242194741806 0.5269510711222891 0
0.0541563623616404 0.4704356005131524 0
0.01682504235735643 0.5210565117890669 0
-0.009749560337178959 0.4623515406065446 0
-10.3540988879832 -2.426261646369793 0
-10.93972265087115 -1.047238554268449 0
-0.04806504224630807 0.5149318122211405 0
-0.07571713178191289 0.4537076854750561 0
-0.1155891918502109 0.5083941703164057 0
-0.1422896303472323 0.4459698524977791 0
-0.185861176639986 0.5025115913194145 0
-0.2106895676460301 0.4381682636391172 0
-0.2615295501508053 0.4953596988684754 0
-0.2825765141928456 0.4289132101153924 0
-0.3455653151782408 0.4892588423777406 0
-0.3671580345322681 0.3937228485205417 0
-0.1086020782210213 -0.0001054801178805847 0
-10.56498203437618 -8.871649177807244 0
8.187529568534327 10.29430322367877 0
1.627138977378673 14.0694840870051 0
9.705655031984476 10.31365316774609 0
10.55396137325482 8.86901436622342 0
-7.199950876115754 7.572594371898724 0
4.605712393595816 -10.73543342258372 0
6.053932203710507 -10.81947549018471 0
0.1478355098853067 0.4317254846616055 0
0.1961690154190988 0.4316599137830681 0
-10.5586700243873 9.929411144288288 0
-0.07171611521285748 0.08338128293548694 0
-11.29730919250479 8.394194689843527 0
-6.65830115414731 -1.494552850861103 0
-11.87354624460168 -2.299506428034146 0
0.1773181653817946 0.3908150992255731 0
0.2204329811283923 0.391980880549045 0
0.05711267583018955 1.471679729560782 0
-9.809326047967236 -10.42016626658492 0
-0.09922173558295122 0.3958177851258118 0
0.002871102627924074 3.355123372301939 0
0.1878174042651923 3.010850204356046 0
11.26276393319227 10.3586266017936 0
-12.48171554080273 -0.8407306752682382 0
-0.01775441852657716 0.5764528299639137 0
0.2006649281778272 0.3561708059822464 0
0.1619842840032328 0.3542513041305191 0
0.2406454085154255 0.3516355598262262 0
-1.680291362304272 2.215033302907998 0
-1.860563890326113 1.845802611505972 0
-2.108379624104613 2.224994780267507 0
-2.315849787758021 1.766022936153203 0
-2.615754906929974 2.184364627638478 0
-7.365936404105157 -0.3942728243689073 0
-2.820900353043491 1.690285818023036 0
-2.460249693282297 1.231883091021794 0
-3.285768188976965 2.100293108940362 0
5.240535083635915 -12.05701308764868 0
3.855740858070163 -12.11719914859807 0
6.779928341755539 -12.15504892165596 0
7.602846139647104 -10.83890516098062 0
8.380540111325795 -12.17671763415014 0
9.250209202457317 -10.79382780859603 0
10.07853090430487 -12.25791791918853 0
10.9971895901406 -10.74588953632873 0
12.14981626085738 8.797473319448592 0
-2.476839918336161 4.698706208317644 0
8.866472217689758 11.54784188467465 0
-11.60696999747907 -10.30356104895633 0
-9.80146107327376 11.44285517533679 0
-12.26264909953836 9.844559620183306 0
0.1834331821601729 0.3231305426089338 0
0.1496407759922038 0.3204934794668693 0
0.4167867101033516 3.35301211226232 0
0.5870194860795225 2.946581101178216 0
-3.016858996336877 1.149798354325088 0
-2.703726086551349 0.7069201894170052 0
-13.48334499159235 -2.133790371083872 0
-10.75586765067838 -12.00212924549271 0
-8.897303587205272 -12.113015890501 0
0.2617999024331476 0.3902246128893366 0
0.279992930572237 0.3558535475200411 0
0.300990278048574 0.3890644328819663 0
0.3183039692919547 0.3504543840883001 0
0.3394831459916849 0.3876398149182838 0
0.3549080340352012 0.35515015695678 0
0.3770624998241519 0.38704109164126 0
0.3917937476531834 0.350217969718896 0
0.4148547914753445 0.3854689833414043 0
0.4336453723803531 0.352166564305013 0
0.4536117983774731 0.384099291420284 0
0.4709794007836275 0.351376365681873 0
0.4920075255155126 0.3827693959988307 0
0.5090606092234217 0.3472225661512354 0
0.5304682459984635 0.3811944923291498 0
0.6221153789777006 0.8236496563438365 0
0.681735411144353 0.9387369324545016 0
0.7377589516250012 0.835254409066307 0
0.8024472826399608 0.9383558558099896 0
0.8644252552741902 0.8293115243873658 0
0.9309494006070427 0.9339162277735814 0
1.06792577037191 0.08083575605547384 0
0.54908699882386 0.3500384177868379 0
0.5697329932458883 0.3819575177214001 0
0.5901300446674477 0.342581189406053 0
0.6084017930149677 0.383250924213424 0
0.6309636702187272 0.3454920941002921 0
0.6489995440480987 0.3844590436747667 0
0.6709181822987362 0.345611348078446 0
0.6917481683339212 0.3811567671217495 0
0.7129308208662436 0.3381306054379556 0
0.7343749264843537 0.3787405754310575 0
0.7551560085508925 0.3415120836254091 0
0.7776899036142245 0.3793054109345227 0
0.7976375694195861 0.3415274802661844 0
0.8219282379062616 0.3790328646619998 0
0.8436718615199625 0.3387256487864215 0
0.8678835325926638 0.3778346784144117 0
0.89149676338803 0.3306744745684815 0
0.9162109413971165 0.3775083200746694 0
0.9395895735572909 0.3348686414504786 0
0.9667991696475853 0.3786555331894111 0
0.9929420396169319 0.3321231734681473 0
1.021279520148251 0.3798744900691026 0
1.050013521791282 0.3285097419444926 0
1.079952530966815 0.3808553940492395 0
1.109719786711529 0.3271608447579376 0
1.147020885015411 0.3825834795769207 0
1.095117759332168 0.04431138432002064 0
1.18234030273928 0.3201488652244123 0
1.227373889377556 0.3944266575596485 0
0.5453162554967349 0.4146599250371131 0
0.6714176279544418 0.4189212842516644 0
0.7978023126886644 0.4211140459610335 0
0.265628950171351 0.3249356826595151 0
0.4510978056890498 0.3232691014602328 0
0.7744603427372287 0.3070245583796894 0
0.5677486564057118 0.3158266868618627 0
0.3394017146590952 0.3244177270782957 0
0.8656085211843536 0.2994156194432707 0
0.6848408111025434 0.3094133545274296 0
0.7432606431399971 1.05224053782451 0
1.111119570994567 0.4454529960240139 0
11.8619762592945 -12.37992716715518 0
3.677075680372061 7.60226673869087 0
0.968897102514615 0.2881762218396782 0
-13.0438951405613 8.21988066263251 0
12.96455488791223 10.39971481892337 0
0.1677871929440709 0.2946403819952907 0
0.1381895414847727 0.2918251788203184 0
-0.5110364089244439 1.985620938948967 0
-0.03499778527062521 0.1124111001638378 0
5.921450682563407 -13.50010206671372 0
0.1536913496589073 0.2680596639440797 0
0.1264939843707237 0.2665148975554684 0
0.1107016136675072 0.2878974101789319 0
0.09981499590654765 0.2631909247350398 0
0.1803372454422599 0.26962191664738 0
0.08368089588049256 0.2846346617230124 0
0.07299642095717199 0.259449506659526 0
-14.05827068009219 9.756975106415871 0
12.76072431207058 -10.79490464088 0
11.9120488942431 -9.18089079974725 0
0.9395153260725023 0.4250346633550889 0
1.011549263251696 0.09546143082341944 0
0.8446153603732254 3.354859016870698 0
1.067382431632504 2.978538919525413 0
-3.274336360084638 0.6079225501921407 0
-2.8808945047618 0.1396471302943998 0
-12.68451672364579 -11.84494330751575 0
-14.17640801528501 -0.6912994012160361 0
0.05635082805099528 0.2809952347542889 0
0.04659593980469329 0.255308772882532 0
-2.310070912837672 0.3093727737968138 0
-2.492227331547116 -0.2763625418742466 0
-1.899318951229308 -0.1652080607267958 0
-2.12298966954042 -0.6783954655113926 0
-1.636681960364519 -0.611343509471012 0
-1.818244779675732 -1.088361668533915 0
0.2040004356211736 -0.1426417532967098 0
0.3477525741274564 -0.1396293552468403 0
-1.299786791500338 -0.9410128598162336 0
-1.498774126096176 -1.379894657493239 0
-1.065516752977024 -1.300773969942482 0
-1.214247597630902 -1.711746679554046 0
-0.7781617433607978 -1.638018675242011 0
0.6713352493846787 -0.1218868283975308 0
-0.9292808043010786 -2.058396428440131 0
-0.4948573452669534 -1.953615077950151 0
-0.3686070916608418 -1.524017663678763 0
0.9463277474938838 -0.1023687136269809 0
0.88564422182975 -0.1073121678174195 0
0.1221567285286723 -0.1385969643058763 0
-0.09408183585044319 -1.843780100028669 0
0.01987960417044715 -1.489903622620846 0
0.2797669647978002 -1.768367109264909 0
0.3749911313231447 -1.383249251054878 0
0.6353260681104476 -1.683127781114526 0
0.7342536699198222 -1.354705888296994 0
0.9749408678307431 -1.606009595446246 0
1.061553846513636 -1.243517087390761 0
1.310628832750874 -1.53153386729972 0
1.397450885055728 -1.219781169196044 0
1.64668734983805 -1.46141602594634 0
1.742481439640176 -1.120144811983924 0
1.568515145048855 -1.823115590401847 0
0.5168666645222827 -2.029668821081104 0
2.0014556095368 -1.389096852735524 0
2.101108232652324 -1.04696338013529 0
2.370592212608829 -1.311098119532571 0
2.45978688006965 -0.8870101559254835 0
-2.397682322671662 -1.244690879778577 0
2.796060304047472 -1.247788534274771 0
2.901238013942522 -0.8175027403684521 0
2.631813947529777 -0.4960131515917979 0
3.026670274135824 -0.3962711882683886 0
2.717342429214274 -0.08577492043012531 0
3.131968797855151 0.02969162080672014 0
2.799158789688434 0.3598139000307817 0
3.266169597983839 0.4488384247066439 0
2.923602448758437 0.7826269510072278 0
-0.1844163201850789 -1.246112434798506 0
-0.06894749494484634 -0.08711766046907679 0
-0.01533776454722254 -0.114942523568588 0
0.05807055351878729 -0.1321204895341169 0
-0.584001172801756 -2.479418428404104 0
3.410851597093793 0.9328080721060898 0
2.967818243841305 1.26837894229658 0
1.859613745149988 -0.845060141833589 0
0.5423116451554466 -1.116551529337122 0
0.4303160840163998 -0.1370549883724773 0
3.255789311148372 -1.184648356150343 0
-1.226247788788007 -0.5390147520886068 0
-11.51561100662291 0.6543689285306223 0
2.6447571415639 -1.650857063710092 0
13.86142954118452 8.807508010813631 0
-13.43159783615149 -10.12304947132439 0
-0.5506025871982233 1.007320861383038 0
-0.4456932726846752 0.4861625227769001 0
-0.4939272785916269 0.382791698312566 0
-0.5978173533459994 0.4938140997014007 0
-0.4086139943921877 0.277801716537818 0
-0.537280716048545 0.2648782539335991 0
-0.4673706188545955 0.1631737051915018 0
-11.7968851919952 -13.65025770445386 0
13.68042636652478 -9.211772361898621 0
12.82488184823269 -7.660728321204266 0
1.19014270260767 -0.9943336724125973 0
3.539270362869912 1.469517015202702 0
3.134531833634798 1.84429778319109 0
2.558689545079653 1.673718813986742 0
3.964490342511255 1.045883837833086 0
2.742193810247286 2.213522694851746 0
3.257514563804995 2.411136814689824 0
0.4346865916478866 0.4118830965289615 0
-1.420705196298755 -2.208742102087657 0
-15.22823160934776 -1.990352646265625 0
14.82578716444595 10.35894068370799 0
13.84944512048345 12.04126469074132 0
0.1385338149880179 0.2466233493173046 0
0.1634641132378341 0.169567285101018 0
0.001458831381490033 0.1297880028512119 0
0.8523429834772105 2.611439519142835 0
13.69206752692143 -12.25092176073375 0
0.06532516631535518 0.234028839431078 0
0.03780176774704073 0.2308053185190891 0
0.02080868522275477 0.2507047740440539 0
0.01205881394003829 0.2257346049774047 0
-0.004916211514025454 0.2449012867780811 0
-0.01386092350797118 0.2197357619735724 0
-0.03184373966239434 0.240300208222168 0
-0.04186717385149564 0.2099848422433399 0
-0.06024120686895473 0.2347779162864601 0
-0.07193541281550428 0.2050872873516432 0
-0.09264176344426417 0.2300938874486635 0
-0.1025436543230591 0.1985405403058522 0
-0.1278217691010887 0.2245281436282286 0
-0.1358679555951519 0.1818913946724271 0
-0.5835779121521463 0.1389840628387343 0
-0.4823083077573999 0.03206534209544323 0
-0.2249161655901668 0.5720522799597388 0
14.63519656485031 -7.674189874117056 0
13.79747613978439 -6.086067046478053 0
15.56896479090103 -6.115730325253762 0
14.76897439877974 -4.534583501896859 0
0.07918034541911326 0.1534335911199649 0
0.1093175646624438 0.1605904364387735 0
9.975128898898838 -0.2207612392133472 0
10.65709100369839 0.8254532059990756 0
0.1464688318835122 0.7386980093552455 0
0.2042483870198125 0.173193116187935 0
1.307692991338941 3.373210958933294 0
0.1248204807932458 0.1627676544417219 0
0.9154900541417336 0.1171014774270073 0
0.9028478228975712 0.1199166653729017 0
0.3135094761527804 0.179050128502686 0
1.073906864158166 0.2832863958370586 0
0.2795052642783981 0.1790071233867513 0
0.4003473464550804 0.1782232397611432 0
0.8753810145559764 0.1248377702297606 0
0.2624480538751203 0.1774384397754968 0
6.714895935418562 10.14540425982602 0
0.4435516222955554 0.1757088464057323 0
0.8613877456173699 0.1272463880532427 0
0.9404616317096568 0.113408363810219 0
0.7319253563018748 0.1475593778834854 0
0.7873224970052439 0.1408137538263446 0
0.7716054672900411 0.1419176184202939 0
-3.518879739135635 0.007894661457843778 0
-3.950333284353416 0.5480417045718933 0
0.716056814265752 0.1504372973847354 0
0.8323825890363974 0.1319186313078986 0
0.8175606769926518 0.134637289682746 0
0.5647263970617384 0.1675214729869381 0
10.89888659842003 -13.83103320139035 0
0.5985785320910993 0.1639880177773654 0
-14.8687888495229 8.087225593001477 0
0.6830454243761097 0.154471662840973 0
0.6420809283347587 0.1590748348518227 0
0.5210198891687906 0.1716141841219897 0
0.4864281132287022 0.1748108168342754 0
-10.26181969396233 7.028933680486984 0
2.478959148395714 0.646539246831105 0
15.32898159559928 -9.423254966197677 0
12.94207697237432 7.277960913226659 0
14.69768000797545 7.243044526957151 0
-0.3644119782732158 4.226975158380304 0
-13.85052903151544 -13.47786699845038 0
-2.430980212251612 7.327712970292778 0
0.1253235034186212 0.3487196977890958 0
0.9959526164051451 0.8209618639363128 0
1.069289831840111 0.9392714206035455 0
1.13889643218169 0.8144111757398653 0
1.22186895328477 0.9450223066267995 0
1.114875607164041 1.095379188605724 0
1.299408932048559 0.7779443815831545 0
1.399116937078663 0.9507918065944028 0
-13.21385523141002 11.41541493187147 0
4.117757242738687 1.654823134551723 0
4.562579540812219 1.21158825559662 0
-0.1034785150465463 8.266738716232425 0
-15.15199938350459 11.34460804068318 0
-14.21442359807856 13.1415960570262 0
13.76312046664161 5.733575910963905 0
15.52231619099136 5.675109798380022 0
0.005495895424758308 0.2678571510770018 0
14.58027077226178 4.239152133020607 0
-3.520150914608606 12.59948702748796 0
0.5589931923923467 0.7507477162499999 0
-5.461057803092986 16.9209502318602 0
0.02977087970554143 0.2079532043486277 0
1.486462430218833 0.7866490098677217 0
1.600725890102496 0.9601874180923368 0
-1.861784594654494 -7.746766194470815 0
-13.80269539356553 6.547678372004639 0
-15.67074482561898 6.384123231221801 0
16.60752918681957 -4.577273452369969 0
15.69909268650391 -3.028155343212749 0
4.381355106877287 0.575440211238481 0
-1.843187258124908 0.3249542577274471 0
-15.95929368925264 -0.404802062857086 0
16.3666199723906 4.087764913587463 0
-12.79221265687518 -3.650287110824309 0
1.062790962227898 3.788827799099306 0
2.827500137855489 2.796211048386236 0
3.397507142229046 3.012582392572492 0
0.9516569190584658 0.110510470280415 0
-0.0214213200658388 0.193924254091079 0
0.3593588872977903 0.4199423946688265 0
11.94796124251719 -5.915050140502525 0
-0.6384200312236559 -2.014207376208456e-05 0
-0.5371884933366127 -0.1118654447167828 0
-0.7359276950134245 0.1560884577675239 0
-6.753156825048194 11.31714121333606 0
15.83303616198239 12.00962189686504 0
14.84061788829573 13.73050909086259 0
7.539789453017751 -3.81329104231754 0
-12.94999045204366 -15.33287223982272 0
-10.85269247528841 -15.43971801599088 0
0.2002625251326906 17.00423836063657 0
-0.1700980021284025 0.218626417550619 0
-0.1841392259422749 0.174024849717972 0
-2.762470417872842 4.083530393246222 0
-3.18297775236502 4.666370002125927 0
-3.525771633082194 3.971010473260827 0
-3.984755661484679 4.642314637192266 0
-4.365310410028496 3.853994382913318 0
-4.852078553125735 4.607852506908518 0
-5.283833738851396 3.754579553604139 0
-4.419310019229458 5.478855939554366 0
0.794487690676744 0.7289790483320817 0
-15.09088665130766 -15.20289443749114 0
-15.99966222970843 -13.23990212899839 0
-1.462081600289058 2.869548326625808 0
-0.3980877449144893 -0.07281239377433975 0
-0.4236914759354423 -0.2005581629313723 0
-0.2862457083574034 -0.1984867826075746 0
-0.3407701280877451 -0.3120621035107119 0
-0.2089832647344698 -0.2788167850470274 0
-0.2555736378846589 -0.4063158225951256 0
-0.1239559704868247 -0.3661462185944626 0
-0.4004387640754131 -0.4869483481402688 0
-0.1680080373907132 -0.5004401325000751 0
-0.03132095128997316 -0.4546270462122274 0
0.2746333002688869 -0.142401017981922 0
0.307179093208101 -0.1407386069969714 0
0.2432937000246873 -0.1420012620607177 0
-0.07720510857207234 -0.5977577970706835 0
0.05352553734373461 -0.5635280238008503 0
0.104606900696428 -0.4177357357071702 0
0.1753385268558672 -0.5257539277321726 0
0.1981812753702303 -0.4341270740607159 0
0.2752165867163187 -0.4777277831863637 0
0.5972666672970537 -0.1281114171572448 0
0.5550742729165393 -0.1331704962685136 0
0.6299400725962641 -0.1269698893712726 0
0.3201350893044415 -0.3852810658201798 0
0.3783678784007172 -0.458091935153326 0
0.389238154066252 -0.3578282677842844 0
0.4602204980719956 -0.4176424545826226 0
0.7416403895882004 -0.1183576206660601 0
0.7106339889060639 -0.1214721120545163 0
0.7721678891383394 -0.1158202158689272 0
0.3887424550099157 -0.1389203422669671 0
0.4991457019498267 -0.3435437596546518 0
0.5494732785940056 -0.4043829651586169 0
0.4722144114250657 -0.1359281883504102 0
0.5597897876860378 -0.3185056148285115 0
0.6296096594493321 -0.3683508568342813 0
0.616122881887937 -0.4734876030978538 0
0.6974297801176281 -0.4377127391010188 0
0.7147881811709935 -0.3522365573120803 0
0.7763032638296068 -0.404824153413029 0
1.002378728323885 -0.09660493350540986 0
0.9824783199695188 -0.09823659084533788 0
0.7755288548738691 -0.3172856226133902 0
0.8411046004902444 -0.3608693001256107 0
0.8674392983476609 -0.2947554899490903 0
0.9152845400417076 -0.3423153328139111 0
1.030799468314097 -0.09987129245432075 0
0.8519568454476115 -0.110007842326769 0
0.8316857471520406 -0.1128298262707451 0
0.9909914113929973 -0.09738486697976351 0
0.9157841283455189 -0.2681188529969923 0
0.9730798895708596 -0.3064016439841697 0
0.917836152219741 -0.1035247274172559 0
0.7704223827868044 -0.4945853971421216 0
0.9049098343488131 -0.1056900262289466 0
0.9293208615575732 -0.103543259168223 0
0.8656319076416119 -0.108675984844702 0
0.6942723611707488 -0.1216146724137226 0
0.725964792517798 -0.1206136010592354 0
0.4052550029775091 -0.1379871445596849 0
0.4880741877189059 -0.1328655724101563 0
0.4555360034438886 -0.1347735280593898 0
0.6139573401194826 -0.1279138430954817 0
0.5814794728876961 -0.127713471591391 0
0.6463605107563125 -0.1246329608371767 0
0.7569981324001009 -0.1171359100107044 0
0.7878490160029177 -0.1137723971604735 0
0.5394034648759758 -0.1319840319020605 0
0.7188723539259178 -0.2854403460347033 0
0.9898711716436316 -0.2574286534451691 0
1.036580570014305 -0.2819352835604073 0
1.095480701573586 -0.04444638686820439 0
1.2711664183014 0.3219701578475783 0
1.070645544535421 -0.07852854032400765 0
1.215017088473859 0.2437031519049626 0
1.314331959724979 0.2330988271661711 0
1.102841729679763 -0.0008173333858724857 0
1.378431377163969 0.3293644210924691 0
1.434218012535395 0.2125686227981585 0
1.515507200181131 0.3371837963512295 0
1.587571369736364 0.1889598759340748 0
1.463388428065042 0.05052989948048746 0
1.659990791401123 0.02320299175851757 0
1.541515418992664 -0.1228453302772849 0
1.245225189641622 0.1554065663712374 0
0.4463822251352588 -0.5239122502937006 0
0.8732091118097856 -0.2519051724753226 0
0.1315132157013126 -0.3365167961947539 0
0.1661676310243783 -0.140130860057448 0
0.3289578530473846 -0.3181206797446426 0
0.2835608892918522 -0.6202769859904865 0
1.260077494591898 2.618976779065904 0
1.041041782739602 2.28591086442024 0
0.6912214186537247 2.283090681985069 0
0.8395691579042313 1.999836719248265 0
1.143662650956321 1.958305894418797 0
1.050431436986449 -0.2199934177732955 0
0.5105820139200842 -0.2817409856495407 0
0.5757839984352143 -0.271235518196748 0
-0.0517095645832184 0.2681727526844245 0
-0.1144912681957529 0.2612111935619654 0
-0.9711485837941858 -5.17121818961514 0
-17.08223914436347 -1.813533413013954 0
-16.30503930351628 -3.533315193625989 0
-0.07776388776187278 0.1739929891250409 0
11.27126564345355 -0.3643536449027927 0
2.349137923117655 12.73794997362059 0
3.206746545165395 14.04252996858031 0
0.9132963726970227 -0.4211110649481175 0
1.556696942852772 3.795205267994906 0
-1.586454371463641 1.570693990928165 0
1.45297854912947 1.16834345463428 0
0.01381265120918052 -0.7109251611553762 0
8.278845130896329 -9.495394157856808 0
5.03677164191543 0.7318262567069356 0
-0.2167018329304731 -0.6355345671884461 0
1.86006179330734 7.445826064859472 0
-4.228148397336525 -0.1217600685546219 0
-4.72423469026394 0.4831107206423826 0
1.744339267647646 -0.168936590746646 0
3.517455843771057 -0.2982007103335789 0
-0.3949126366017669 0.5731512116419523 0
16.50882725553279 7.206322125571589 0
-5.894247425847319 4.677993583628421 0
-6.34918309427362 3.63559458767646 0
-7.017256589032518 4.55378629642227 0
-7.555571783883442 3.454537284626012 0
-12.0172439914992 -17.2482386600602 0
1.684083589998587 0.3395833912276514 0
1.882215206794683 0.0116995890138564 0
-0.5852499460943323 -0.2635455484654644 0
-0.818770721321048 -0.0375356676666497 0
-18.26266420031094 -3.369001984820569 0
-17.42204291795536 -5.19239009659521 0
-16.30405198536683 13.03462037441431 0
-15.3497321611896 14.92047239963868 0
-13.19237374787645 15.00338849786059 0
0.06703898066746057 0.3094815501913548 0
0.5358144817348972 -0.225520780440908 0
0.2831281325548695 0.424911484651891 0
15.26130551844301 2.559921228262858 0
2.745698401386933 -9.309574903956085 0
1.032666568623316 -0.3642481071291149 0
1.112379752976002 -0.3314085574074781 0
1.101971384215845 -0.4363537199702789 0
1.208629946281116 -0.3894750682311029 0
1.205506576115908 -0.2686179592942817 0
0.9898666827084038 -0.1868247580918891 0
-14.56590387706072 4.86290798363802 0
-16.40834985345406 4.749019591282407 0
1.579425498157361 11.48975061806564 0
12.80792336946136 13.73860118720153 0
13.80740782910054 15.45263351115466 0
11.75920850492152 15.42652263142579 0
15.79549991221586 15.62708342670013 0
-16.81792313717895 7.905527707708256 0
-7.404100030195632 -9.079693841340822 0
1.735466843207256 1.174918904947763 0
-0.1520623888593634 0.138404400333049 0
-0.1969635900554405 0.1283317738269362 0
8.795583424399497 6.669807644173498 0
-0.9489673903965429 0.1079431652048935 0
17.43847688510414 -2.944513859953743 0
17.22898260100676 2.439580036804375 0
2.92610659458152 3.432083121196714 0
-3.748112881708567 -0.6992463794168701 0
0.5091877795753524 1.03818429544101 0
0.5431437464873539 1.997745486285006 0
-9.861406087215112 -17.35004405302377 0
12.73722220885133 17.22821957841018 0
10.68281376017295 17.1655633020257 0
18.29155454832648 4.073103178877464 0
-0.01938555757620821 2.718416220455046 0
1.297196392088493 4.263494109159892 0
-0.2723351858676692 -0.06968637706518094 0
-0.09273836014858525 -0.05784758088355046 0
-0.1170739707757814 -0.2637434600010116 0
0.02296785410579994 -0.1263180080123305 0
1.199052457493486 -0.5197282638369582 0
1.331720654620506 -0.4678859218093258 0
1.052647889151432 -0.5708390609540765 0
17.42350119006663 -6.165445709229321 0
1.057375121684535 -0.1767821554817761 0
0.08172790737896722 0.9129340062094848 0
1.172128571270346 0.1803559313742193 0
1.209447730184468 0.08234211789490087 0
12.83492365736878 4.34570594802615 0
3.022385112334827 11.4382678903711 0
0.6668957237280946 1.754491123402104 0
-14.34679973006706 16.84991574901276 0
-12.06163007751067 16.86826535618949 0
-16.6170870168933 16.64707955744557 0
-0.2222065261465342 0.2119086573020417 0
-0.2023553627398886 0.26498963703348 0
2.283586958408658 2.07917733491452 0
3.54613078929093 3.697989800245733 0
4.036364680647103 3.241968214827858 0
1.596791994253488 1.40093226451713 0
-17.81991587132508 -0.02130785387206879 0
-4.532170131020838 -0.8580158455719946 0
-3.982623026397303 -1.505279320298752 0
-4.35242286212145 1.142233902283568 0
-5.218292835306795 1.153474173530829 0
-11.20917763693571 -7.354826147474853 0
-2.95565049625632 5.313512352338057 0
-0.16211914481265 0.09284253838524729 0
-0.2163778558261493 0.07941619196951155 0
-0.2544971910979201 0.1212080861100938 0
4.829036985028013 0.06170122409243545 0
1.683616404173109 0.7229467972844282 0
-0.1051394585295695 -0.02181721806014124 0
-0.1266463270342599 -0.01474526600068037 0
-0.1300963879413083 0.01045508311675229 0
-0.1556590404887352 -0.009415394094033623 0
-0.1446979399706135 -0.03752106478303759 0
-2.339772759757663 2.664808300660776 0
12.00541443635318 0.8338545704540148 0
-8.291229656591707 4.498106526922827 0
-8.845396350025823 3.301764291111471 0
4.228909896836461 3.973827584980997 0
12.70441779377443 -0.4180876735699464 0
11.89526203178095 -1.676989412938944 0
-11.03030830851554 -19.22680905091953 0
4.724924773979128 1.845051986872867 0
0.02681938805034717 0.4103580837973496 0
2.289404558098609 10.26655346580839 0
3.700805027450313 10.20731480696168 0
-17.30489984387737 -15.02860505498166 0
-18.24675964734247 -12.96891873017307 0
-16.3421945841708 -17.08247402629045 0
1.054207608966424 0.7020792461427249 0
9.718440764656634 15.39319871531812 0
8.645369954765387 17.08619569982601 0
7.756243631961319 15.33277625983191 0
6.672651975471855 16.99593722592294 0
7.595087974791821 18.81747834447049 0
5.505402954500964 18.74493577271167 0
-12.4850904334169 4.994553182446242 0
-6.547410884160143 18.90685895421042 0
-7.44681612473782 16.86301571041452 0
-0.8757604615390666 0.3133759836181814 0
-1.099924265362273 0.2780458444318235 0
-1.011529821555645 0.4889056061524218 0
-1.19257361991796 0.03591925251030506 0
1.906047172318766 4.228374074161444 0
-13.46161082065255 3.38243336414046 0
-8.719454454188988 -15.58845315534092 0
-7.736380625246369 -17.38440747204724 0
-6.600125258920221 -15.63656520492498 0
-5.660858104220004 -17.43885238871329 0
-4.533219151292251 -15.78400279448721 0
-3.62906819726128 -17.55260435575637 0
-2.588291133606021 -15.84505625003917 0
-3.45023197898283 -14.16603678117108 0
-1.627334689481997 -14.2248926997058 0
-0.7459220909614495 -15.81969783761294 0
-2.451915905832966 -12.64954760368924 0
-4.203164055133431 -12.57348851138835 0
-0.7412520736046277 -12.71410178719093 0
-1.503335627943197 -11.27194965489664 0
0.08209685422432485 -11.33535102212346 0
2.005045477037233 -0.209366303546836 0
0.0319099732613559 -0.3639026892504338 0
0.07218124419383719 -0.2825708969422867 0
0.1468608549397355 -0.2720046362910439 0
-8.071150643641975 2.142289105312291 0
-4.326194544230715 7.963493798678858 0
1.134995697972836 0.1092307621030595 0
-11.0629651399423 14.98379175257202 0
-8.771227568379995 18.75048768269477 0
1.379897913647169 0.6272707018464161 0
-6.378805986178581 15.17078661356041 0
0.7399592493413384 4.239674979095295 0
-16.63133472167245 -10.92503612893935 0
-0.4492992278174787 0.8789876329471118 0
-0.6090744327397983 0.8478422845123431 0
-0.301156203517797 0.8962819269381226 0
1.012306083790042 -0.1477284666568687 0
6.097514832904738 -8.238376088543852 0
0.8599398384849022 -12.63044194135755 0
-4.851098288793255 -1.669562633393032 0
-4.263052959782748 -2.357661982321605 0
-3.458942373414178 -2.120913223183167 0
16.25055811510117 0.8445416146437001 0
17.82656631303885 0.4884343268551743 0
0.9342282710931114 10.2656903487489 0
-15.45184126316496 -5.325631886566711 0
1.314679813569408 -0.6215326297063212 0
-13.28769444836529 18.80951513618009 0
-9.645737288655935 4.429434915852536 0
-10.29432117062719 3.127462147256867 0
4.428574929344181 11.29654669760162 0
-19.11797545980587 -10.76352426107243 0
1.781869175464083 3.33108744478574 0
1.890459457421716 1.416114963592792 0
1.683218822510549 1.64665270100527 0
0.3996958280869909 1.757645141749792 0
0.2653575136662396 1.986649316033534 0
5.515538179316876 0.2206175623157966 0
5.754436488510984 0.9381707929502587 0
-19.47146841331774 -5.011614840982523 0
-5.210228679780525 -2.554674317488715 0
-4.580766115123085 -3.430135358623437 0
-0.1220254128880218 0.1119672794687297 0
-16.56277348866833 -7.016312280996166 0
-4.676928507986698 2.993013280092631 0
1.484575569841715 -0.5653648030095006 0
11.28344964108791 2.052068486960121 0
0.9318132091381601 -0.2212819125875172 0
0.8878937832264574 -0.1930014348404093 0
-4.804429928115834 -19.20877475394662 0
-0.2780683294441665 0.05886128487248674 0
0.4187367953916376 -0.2869603959462213 0
0.3644512596451793 -0.252138033660022 0
-0.1570973683077231 0.0249518085143634 0
-0.1916594725673401 0.004073508346576522 0
16.78676938597426 10.25792747759601 0
17.88455310461279 12.01186262500378 0
18.9165724609172 10.18269334578757 0
20.05319086002825 12.01659474137939 0
6.391041953745 20.75313761877422 0
-13.21142157704929 -19.11851844079269 0
-0.7138572256604887 0.9814387172737202 0
-17.2146071314328 11.13701421790839 0
-18.46226948662352 12.9236053444736 0
-19.44206450648946 10.95382407704907 0
-18.63559526708551 -16.97361614574702 0
0.7976941681285168 -0.2607148253649766 0
0.7458786131136068 -0.2274148734246252 0
18.9373831475472 13.94875697165892 0
0.6677029365698406 -0.3003653358310271 0
4.804059520449763 3.350952596590895 0
1.037156906312409 4.75827896517714 0
0.402903492733286 4.751267140683249 0
-1.261475217402855 0.4744157098380513 0
-1.155338891384406 0.7224762514343885 0
-1.446423887190626 0.697936306430371 0
-1.339885182931813 1.011495636707815 0
-1.656252537801866 0.9401423031138129 0
1.016849582556713 -0.104460183496945 0
1.028233907464665 -0.1159256891586111 0
1.044714674416805 -0.1109721691372872 0
1.042540088963304 -0.1309093913211165 0
1.064233294062174 -0.1265488399673574 0
-0.6155409303823539 -9.985589221356902 0
-2.159078240334361 -9.930915470950797 0
4.671127367961975 16.89773046710417 0
3.513950329570866 18.57377366112577 0
2.047440575684543 1.143350661886823 0
-0.103016136190904 0.0400300581344091 0
-0.1137104615408282 0.05621688401698488 0
1.091402230368205 -0.2014767633556799 0
-20.3367785949228 -3.098346544718387 0
2.423298155509751 15.40110574297501 0
-0.7843654806617525 0.812307375083381 0
0.03571240971067255 0.3058746058583109 0
0.04785548223331904 0.3370964051993271 0
0.008659488879297746 0.3346934652473766 0
1.362618903131921 -0.1045409928334051 0
11.70074224017992 19.01842387498305 0
13.77431610988868 18.97030280214788 0
-0.2638899122639977 0.2582006263668205 0
-2.530604486652817 -19.29508132852724 0
-5.695581954545604 0.4097611547702451 0
-6.180538954983988 1.094352794793525 0
1.339717144077182 1.413296534685243 0
2.122727606512509 0.01089848703430484 0
1.461250952239592 -0.7544157232227695 0
1.27013020495737 0.07917539397797529 0
1.229409201431719 0.01876838731768159 0
-17.69006398868948 -19.01649844662585 0
1.821041048042024 -0.3716681226527606 0
2.089083525063562 -0.4482211004267486 0
0.09775629493303817 -1.188185885266265 0
0.2175361517316781 -0.324118591950075 0
12.70977302621318 2.042222070028609 0
0.6823577285911543 -0.253512737641609 0
-14.64983730272355 -7.070918463588377 0
2.021508407776805 0.2128143186543935 0
1.169045131310463 0.03499327683024541 0
1.17706998119312 -0.02341155712235482 0
-6.624690332770923 5.657441812920705 0
0.5064143836291635 1.531504402972808 0
0.7604819930874849 1.526671366846239 0
0.6264532328927593 1.350628378638032 0
0.8334955683542483 1.305337138775096 0
-5.806382495315557 1.972067232860786 0
0.8044346113703214 -1.06410317580023 0
0.6413029168998468 -0.8893811309226618 0
0.3975388177387131 -0.891021380821875 0
0.8484702042724913 -0.8381359930115756 0
0.2094139997528492 3.723608735410636 0
0.9781934873086264 1.488212424412384 0
-16.29602014161485 1.417432294811756 0
-18.56100908259157 1.801100897940544 0
-20.54779375738883 -12.72210239433184 0
1.619730267746468 9.224468977495111 0
-0.2403784007688636 0.3174325422584741 0
-3.049355025446217 3.381169865074796 0
-0.913687910957567 0.9654824816271443 0
-0.1883526312455415 -0.1712979715595281 0
-12.26401161911788 -21.15781454765573 0
6.326228486565009 0.4246805949039766 0
-1.959494820306401 5.887617294543586 0
-21.5846362246694 -4.653165886340457 0
-0.1694744351727698 0.3266637655807891 0
-20.70654702341602 12.7904360285646 0
-19.57959179398158 14.60865529532195 0
-0.6304423775184171 -1.257788916178209 0
-0.8750795550359138 -0.9663682540340366 0
-0.5662229232377305 -0.9144731646195271 0
-0.7289279603633957 -0.7026992341673323 0
-5.441115489816389 -0.9846477660236328 0
6.54244976357313 1.161648478517576 0
0.02075593531928386 -0.2937952549125897 0
0.02829934989968096 -0.2271234243202422 0
0.09403999571869687 -0.1374927007078749 0
0.1076968513348023 -0.1375050712929815 0
0.07920282741203663 -0.1346856897469753 0
0.08437389267706055 -0.2233406784544593 0
1.605949887590073 0.5011039899644542 0
13.38065511110535 -1.73183122903059 0
12.52758366253639 -3.018066065329173 0
11.06452513828549 -2.936251016622967 0
-0.1144018322882596 0.1452556570394479 0
-0.08925553116023047 0.1211850209610337 0
0.7802180991637637 -10.16172664641585 0
1.013070728095646 -0.1199026179807146 0
1.00403625274303 -0.1098554327595667 0
0.9986012394283358 -0.1230583319600585 0
0.9890228018349394 -0.1121582605282151 0
0.984375531184525 -0.1258066714900973 0
0.9626097565990406 -0.1006908835502016 0
0.9741655184929392 -0.1150274117565765 0
0.9690133416168011 -0.1293610839207506 0
0.9790889265013011 -0.1418225701122222 0
0.9617980174108017 -0.1447513776543506 0
0.9517867908629822 -0.1270715771268559 0
0.9431887383409508 -0.145241532498274 0
0.9320992842132052 -0.1295563484195312 0
0.92472582526493 -0.1464653816362648 0
0.9149131869681244 -0.1339302174830746 0
0.953008582129989 -0.1641394645653595 0
0.9067279330476576 -0.1480120230937021 0
0.8975823636070099 -0.1323991993644677 0
0.8888500588976538 -0.1486439910165641 0
0.8797761538132087 -0.1342643583120511 0
0.8709008259659368 -0.1497110848519297 0
0.8616744303668789 -0.1339562665599516 0
0.8528206438660902 -0.1505283065243196 0
0.844028695058566 -0.135374525437176 0
0.8322546909143248 -0.1486234577681934 0
0.8444337454148112 -0.1689927740798106 0
0.8222590499054624 -0.1693464595439395 0
0.8106576835432671 -0.1502722680280582 0
0.7996937562703235 -0.1691659958660481 0
0.7877297864621559 -0.1485954142596635 0
0.7777384626212288 -0.1678733717542405 0
0.7676386381674944 -0.1485962181368282 0
0.7564099930454595 -0.166997078308166 0
0.7456080905155305 -0.1495568337698402 0
0.7354986142082073 -0.1659056244872369 0
0.7283360052859476 -0.1482601694370776 0
0.7156437680767508 -0.1617899601358822 0
0.785637753958722 -0.189142006188183 0
0.7047122564501422 -0.1465011299192149 0
0.6930650830707714 -0.1603328919800054 0
0.70442055928186 -0.1834177309786601 0
0.6807420100472357 -0.1814844672345129 0
0.6705244599149403 -0.1605997668172266 0
0.6573874083889769 -0.1788857505422924 0
0.6477285764790335 -0.158752367475453 0
0.6336524205426228 -0.1769896251733096 0
0.6427571566987678 -0.1998776944452954 0
0.6167764997491452 -0.1945717976505191 0
0.6106522825708992 -0.169490121223698 0
0.5918063981031167 -0.1878634081616774 0
0.5851020659462125 -0.1632143935628592 0
0.5678296175309995 -0.1812387370076354 0
0.8342503646769278 -0.1921112601275367 0
0.9728239117158146 -0.09922114252920046 0
0.561840019884335 -0.1579019043556152 0
0.5462604056542494 -0.1748456347383995 0
0.6267118364059689 -0.2233357716854379 0
0.9166658335990151 -0.1643129801284865 0
0.8013017909230522 -0.1331351753338534 0
0.6631738323356846 -0.1447072112449023 0
0.6802408716196316 -0.1453303740523751 0
0.8197874797917275 -0.1351152057228281 0
0.541258700565931 -0.1541554628546747 0
0.5263854833307069 -0.1692319424289907 0
0.7862802559305654 -0.1336332049518603 0
0.9391720275482196 -0.1177318932295514 0
0.955690571636803 -0.1149372193260299 0
0.6002871501065649 -0.1489777196914084 0
0.6184922203311274 -0.1519436283929644 0
-0.1096820654137039 -0.9870063650301617 0
0.9278965911507666 -0.1169487051893078 0
4.978672055803692 4.190632407361003 0
1.147822243212029 0.2306787187986758 0
1.109823766180509 0.1771516975909138 0
-8.198737654642834 15.01033662510512 0
0.5039890135555433 2.546207358528403 0
0.714172859531563 -0.6903708500254001 0
0.5297768443448049 -0.7172869652442015 0
0.7662088144944054 -0.1334339627376625 0
-0.3549718839478375 0.757111911830767 0
-0.2170533831587334 0.7846876583110651 0
-0.1657541757197118 0.8990704648291776 0
-0.09687133300864345 0.7937298679403828 0
-0.1430569252203256 0.6843456569476587 0
-0.02919018610827961 0.7117435642149521 0
0.5747243605633177 -0.2029517970992227 0
0.7405187206015789 0.3070721577013758 0
0.7579126052236509 0.277368973371925 0
0.7884552417038757 0.2760494313196032 0
0.7687642596600417 0.2472182734283028 0
0.7979676642498045 0.2473143587311013 0
0.7392090685777017 0.2513879138267039 0
0.7845070580879372 0.2252351105627282 0
0.8079989736055972 0.2236671730659299 0
0.7956928889780214 0.205373367157806 0
0.816574259488285 0.2038197090582892 0
0.7754130787550167 0.2051493861632112 0
0.8298818286915557 0.221003460518966 0
0.837029640229889 0.1980918385303813 0
0.8515625607224585 0.2172885024077972 0
0.8599005968394818 0.1942326819768616 0
0.8733082518096543 0.2139057753393189 0
0.8816332961104257 0.1940490071510388 0
0.895327081772394 0.2117622515196477 0
0.9034172151033724 0.1915490836366133 0
0.9176149713104175 0.2091361678562147 0
0.9254486938616882 0.1860607961449119 0
0.9403136120703075 0.2058591915369519 0
0.9487425999645591 0.1851410145832911 0
0.9643459212173914 0.2034625396333732 0
0.9721926819244266 0.1780401017069656 0
0.888530512817719 0.1744782987866949 0
0.9361074437244298 0.1676358990547215 0
0.8463624631828315 0.180965388967697 0
0.8046010562068995 0.1876812408571735 0
0.9899777845244848 0.2007762320512241 0
0.9988512664306387 0.17606031114431 0
0.9849275570296581 0.1564434909758431 0
1.007223696220153 0.1531364882181326 0
0.9087217484812296 0.2272753022209112 0
1.017336892884821 0.1981546902150332 0
1.009269149328605 0.2263101582471263 0
0.9920632390991351 0.1361146556392389 0
0.9731246291230877 0.1393297013785612 0
1.014040697719123 0.1328452390121164 0
1.02909649984821 0.1493546881153273 0
0.8435536037828245 0.2388318559288461 0
1.034528362361718 0.1282108240298327 0
1.051966093024487 0.144512972512531 0
1.059267668713373 0.1202938757426456 0
0.9542360061678239 0.2296966431634271 0
0.8166587237245762 0.2696442977184136 0
0.96479760167821 0.1563079053281537 0
0.9564527645338714 0.1406527415992943 0
0.9617607264901746 0.1280787574802014 0
0.9485435529092554 0.1278515222447903 0
0.9419494759638445 0.1401647103983988 0
0.935119638361318 0.1284079073578395 0
0.929601974216012 0.1393536381716414 0
0.9235672587747855 0.1300790446241179 0
0.9181977959021626 0.1390689213426565 0
0.9128840419062342 0.129258446813263 0
0.9069482947835121 0.1387453978630382 0
0.9126853205237915 0.1488603798883247 0
0.9019707643634729 0.1492130101857663 0
0.894906821922594 0.1367723827279355 0
0.8896112900992789 0.1479469323766775 0
0.9081273046236169 0.1746055598909451 0
0.883561299522921 0.1371237785498227 0
0.8768554455983125 0.1460233095092686 0
0.7115436175310093 0.2786120196973935 0
1.000074918387615 0.1181178899504911 0
0.9908912432734289 0.1020773339278797 0
0.9846902579923189 0.1218408175784779 0
1.080298821040048 0.141918625909522 0
1.083477721742148 0.1133267160410604 0
0.8709432251612858 0.1777672220466275 0
1.044399016647093 0.1691496574240825 0
1.043105350843543 0.220132426678285 0
0.785010592393292 0.1874238813497489 0
0.7672388759764956 0.187551787840711 0
0.7564919448152194 0.2023565451499606 0
0.7504447043723836 0.1856416602813317 0
0.7394059612222472 0.1983400151778283 0
0.7344999047280865 0.1809070964863372 0
0.723380848715123 0.1947485191633415 0
0.7162752760776711 0.1783876654019861 0
0.7068921012214356 0.1914086964618281 0
0.7124462109727783 0.2070501143896701 0
0.6963527114974504 0.2037405397044043 0
0.6913070937299204 0.1882289438658415 0
0.6804948054173507 0.1994394509682689 0
0.6848144289128681 0.2164754645631184 0
0.6677076518031597 0.2113567902826626 0
0.6717876306787571 0.2300240519722906 0
0.6534636394907422 0.2242885576523551 0
0.6507630161671948 0.2033682732705372 0
0.6358791762403492 0.2177834460610015 0
0.6391005021128903 0.237229107000564 0
0.6187336623727027 0.2281328011251336 0
0.6231311412128838 0.2506378023473424 0
0.6037012064717926 0.2428164383833965 0
0.5988772571644426 0.2237151495137676 0
0.5846621203855121 0.2354261649228678 0
0.5818003535669676 0.2170091186838936 0
0.5670893832864029 0.2284065926707378 0
0.5655387651889573 0.2086052064939003 0
0.5507080509665587 0.2212911033881997 0
0.552221254314174 0.2396121310790057 0
0.5350273646621592 0.2324096910610959 0
0.5367176774546594 0.2520968476848503 0
0.5184733637698448 0.2437198724799825 0
0.5202427977351665 0.2247230749548051 0
0.5010015786856963 0.2324889983370478 0
0.5017372257405213 0.2549308510521536 0
0.4838636774173757 0.2449939821581482 0
0.4822586506468912 0.2258269822235173 0
0.4667111597358831 0.2357584946775504 0
0.4670954288965857 0.217840865509208 0
0.4515912905284157 0.2266046870507417 0
0.4509063047021079 0.244752921046355 0
0.4351626735306722 0.2354220016602711 0
0.4343837830521731 0.2547038693043918 0
0.4175671141628056 0.2445209964222552 0
0.4168151592205642 0.2651020078090841 0
0.3993772895910507 0.25388778716986 0
0.4019373193400449 0.2322102666731608 0
0.383267801653797 0.2424494548419188 0
0.3847748210327746 0.2241064131084681 0
0.3669000665378763 0.2296026715292846 0
0.3658046590077185 0.250660523462531 0
0.3507052486763132 0.23933279608311 0
0.3510143088414865 0.2216778810221764 0
0.3371732475820253 0.2290940286796337 0
0.3336782754819801 0.246550423927307 0
0.3202095830793278 0.2329986792484662 0
0.3163986263207756 0.2537339604140099 0
0.3020163026817256 0.2413682767393689 0
0.3043666166335353 0.2235966417956894 0
0.2889541014005479 0.2300751526664086 0
0.2840332530292436 0.2474719746734377 0
0.2713585341867771 0.2329190294798987 0
0.2658849122921743 0.254932491304075 0
0.252506278557926 0.2403679612235615 0
0.2473299648860113 0.2599835479926585 0
0.2559911715233539 0.2225325501047966 0
0.2393804961605266 0.227643816191353 0
0.3986581450458909 0.275408670601866 0
0.6332802156269035 0.2000934064471464 0
0.5957128386850503 0.2083973390585839 0
0.4366566016929659 0.216827815839097 0
0.398755629838469 0.2152607820151179 0
0.292877984829977 0.21385784799262 0
0.5492577831149784 0.2044080304688431 0
0.2800799920803413 0.2710411915475194 0
0.2440327899209329 0.211742613680929 0
0.2278339909769921 0.2137021722411127 0
0.2231858359393476 0.2315403623654525 0
0.212342115681518 0.219129185029612 0
0.4806916286924793 0.2089262420353311 0
0.7953848740955152 0.1732633101078134 0
0.8107329607862389 0.172667532880305 0
0.3400187473360156 0.2128774103949864 0
0.7594365987177927 0.1729502695275937 0
0.2584146349245566 0.2074187109514866 0
0.640459665110412 0.2587677258479221 0
0.6771240539915029 0.1842095705483171 0
0.3058729516965812 0.2088091621304928 0
0.2156023190021887 0.2043860173226049 0
0.2014610322454939 0.2077711851923605 0
0.1967865620646382 0.2226410592405011 0
0.1863522325632775 0.2104984252873477 0
0.180993233370637 0.2253636139355766 0
0.171166721872748 0.2129622222961218 0
0.1770371488048026 0.1991432986701235 0
0.1621872109902055 0.1989830058682058 0
0.4840320841523326 0.2667230765032568 0
0.5032566942830391 0.2778867522292329 0
0.6437029173526243 0.1878333470906031 0
0.6026566158703784 0.2621889959313414 0
0.3852350135944032 0.2079621143592434 0
0.3320950433880724 0.2669999642625971 0
0.4669542191721351 0.2019997402203824 0
0.5561430521287012 0.2607653166265791 0
0.3513001895237998 0.2065689538440925 0
0.5599277654768682 0.1940357381783415 0
0.6301120289186357 0.1853888839668585 0
0.155921200074092 0.2144674093682675 0
0.1475399067935892 0.2020098090274706 0
0.1521859101552861 0.1893435483341714 0
0.1392641516564763 0.1907902303561544 0
0.1333565180029138 0.2030311082859777 0
0.1255538734138777 0.1915076131241641 0
0.1192701680639177 0.2040168868535908 0
0.1112279797957026 0.191999505310373 0
0.1046970960955285 0.2050050980193354 0
0.0963071222547342 0.1924597567791145 0
0.1137897948760955 0.2175032365318402 0
0.0873662379164355 0.207572958849855 0
0.08123681335238042 0.1926362914628349 0
0.08892227461961932 0.1805178676920094 0
0.07484347953365202 0.1783370260278329 0
0.06705671692063588 0.1916417588760275 0
0.06074208262899811 0.1793513698101322 0
0.80184316492604 0.1606872059024377 0
0.8152860756164809 0.1579566006893308 0
0.7890114792500862 0.1613425151848413 0
0.6911990409524386 0.2352772649587408 0
0.3987364191547491 0.1990899160414734 0
0.7261235552131455 0.1688662408386353 0
0.2051253361260019 0.1926906038514023 0
0.06644150017626149 0.1681804052702144 0
0.05417746903907186 0.1658810019537561 0
0.04707321519805187 0.1783616827604065 0
0.04086348732485738 0.1659818672828227 0
0.03379844128362398 0.1772039457270287 0
0.02761580206915695 0.1648059493116341 0
0.01743896856224324 0.17576943786325 0
0.01391604520496549 0.1627292428436062 0
0.478518365700863 0.1929281971746366 0
0.4919099991635978 0.2002031333427681 0
0.3403213135007424 0.1967031858985463 0
0.5470952889570383 0.1900304159409412 0
0.5358022477713731 0.1985480559099624 0
0.4106687325648002 0.2068037469508906 0
0.4107619507578412 0.1938645166613933 0
0.2473560744379188 0.1959250655232466 0
0.2948790535829203 0.197645651501057 0
0.4355497047177422 0.2754088596713261 0
0.02238540798960232 0.1522877105863951 0
0.009155943936768296 0.1510349553796868 0
0.0008057483697031902 0.1608501353030518 0
-0.003519186450395301 0.1487981249390249 0
-0.0126959281032762 0.1588930912915746 0
-0.01699187626162784 0.1435409620954613 0
-0.02729924777495153 0.1565673235215822 0
-0.03262351538989337 0.1418778489891258 0
0.6866694349275001 0.1726503936853839 0
-0.04372683290458602 0.1546465186024552 0
-0.04932173762483068 0.1384156809137837 0
0.1183313383893304 0.1790687882494418 0
0.2811147373790944 0.2054666544251082 0
0.4220287134595363 0.2002858649770297 0
0.3127397717186557 0.2751399242819907 0
0.3280389995477903 0.2054409718915152 0
0.714558213203778 0.1653840718138898 0
0.1905784094033065 0.2363038375238117 0
0.5390599181437791 0.2746258063855215 0
0.8243884242516439 0.1698806979232511 0
0.8279837799486762 0.1569261408626224 0
0.618959086838625 0.1945659048678206 0
0.6174206996745785 0.1795283508013693 0
0.6787251740853606 0.2508855511466894 0
0.2197234530687094 0.1911677085396014 0
0.7444062724070971 0.21567566203588 0
0.4841245968184354 0.2907788980318244 0
0.1753285670173163 0.2411681680009112 0
0.5100437393884029 0.3031280559223984 0
0.3092743562958564 0.1952916300713929 0
0.6734718307708586 0.1717102145554667 0
0.6644165330220264 0.179873428953542 0
0.2607359488137895 0.1931920643661172 0
0.6406368195753492 0.1757455257885036 0
0.1440870950295465 0.1789454099384652 0
0.5353228417696289 0.1861975336732432 0
0.5244557832240289 0.1939127035850799 0
0.5565195809946688 0.1821683419331654 0
0.5706743646495448 0.1830997573998214 0
0.3720193557205922 0.2126369446176496 0
0.3738676555073471 0.1987486232882074 0
0.2352782089026372 0.2003528803368155 0
0.7463713749509814 0.1710369039309547 0
0.7551383096495743 0.1612412231252321 0
0.7664384566627535 0.1619190944352637 0
0.743616539833839 0.1596567342958407 0
0.3859874750884936 0.1947351414080385 0
-0.03761079875057945 0.1731615908282663 0
0.4207785502331519 0.2268803619673962 0
0.8827690185899359 0.158798237878304 0
0.8691213144975369 0.1552875308943149 0
0.8648224752120327 0.142691642647417 0
0.8570362228719335 0.1529396759423607 0
0.8534183586606688 0.1426845192077267 0
0.8478503271029507 0.1502683992546383 0
0.7004170867446012 0.177348798558362 0
0.2943306530437543 0.3244151833409457 0
0.01267365110769034 0.8054211779032571 0
0.2147944477955936 0.3245113735422125 0
0.2406276987630504 0.2968454196748959 0
0.0344767277786947 0.1556297057553279 0
0.04525088574075936 0.1542743374696661 0
1.830819643721958 0.5191059745769544 0
1.962903136106851 0.7286343278196741 0
0.2370460054257331 0.188487940385962 0
0.7611468661534853 0.1525842967968672 0
0.1036191642907101 0.1786598746466242 0
-0.09766663675225183 0.09468014101047006 0
0.8211743715057893 0.1487404575695412 0
0.8327547360366514 0.1456789240457971 0
3.015958328504061 4.110277724496104 0
1.418988827872231 -0.2490510010001906 0
-0.09474296142897723 5.259582452303531 0
0.9172753036529535 0.2939960727636295 0
0.9146496410978914 -0.1177261741467912 0
0.002579983607914664 0.2005619908370678 0
-0.3243747891855471 0.1113979503334726 0
14.12217569510135 -0.3640990789783857 0
-3.131091630771691 -1.237710982914414 0
0.2844090396131804 0.5305859857885973 0
0.3503699635713953 0.5437425931916159 0
0.3883534161009694 0.6019872142229318 0
0.4168494376631094 0.5347840878613379 0
0.4565388146351299 0.5981943089186271 0
0.4898049221459801 0.538409605734109 0
0.5258105072060798 0.5964236592526525 0
0.5598885363363105 0.5368441998258252 0
0.5950865276702275 0.5948962799895214 0
0.6275795272208298 0.5350516712201394 0
0.6662079230240801 0.5947342352883396 0
0.6985139495422317 0.521386853394041 0
0.7388912336964515 0.5909179098155294 0
0.7747217517583898 0.5187067524394373 0
0.8145035906413238 0.5910425122251182 0
0.8508345490014518 0.5242286469378321 0
0.8928192981546124 0.6008456011436072 0
0.4296433409065635 0.6597023040791167 0
0.3244884907174503 0.4955963592892494 0
0.735039669928784 0.468659410749941 0
0.9345090682863969 0.5284521289734117 0
0.2501961530982816 0.4842267615350577 0
0.6317485696266772 0.6604608191470656 0
0.5914159822728243 0.477373223573645 0
0.5280498316063115 0.4832353178201712 0
0.4613759631317158 0.4887422155038913 0
0.4088129627173885 0.4849232707631799 0
0.4531545456492573 0.2098525549515478 0
0.4534748357728151 0.193545531518846 0
5.940246833610478 1.769339298923214 0
0.8852710403278901 0.2669005976067962 0
-19.96500183744987 -18.85909770598408 0
-19.03665941821823 -21.20148762029213 0
0.6063041629129324 0.1888889224231398 0
0.2000683343711945 0.2948790335380908 0
0.2074798943123639 0.268958528421166 0
-0.005999842830020841 0.1721449782347239 0
1.022165081120204 0.2909116291950332 0
0.2700569354916793 0.2158545022181995 0
0.7945345762331214 0.1497211949443536 0
0.8053770825283446 0.1507012820392881 0
-0.03472363542759511 0.3991094708652397 0
-0.06505299486793728 0.3485319636025694 0
0.442313211337486 0.2013483598051345 0
0.3521534844425601 0.1940741030946224 0
0.3446183409974566 0.1863790594162566 0
-5.167972525280983 22.43116623264984 0
0.09451693929503187 0.1699995231205418 0
0.08414036186156644 0.1697940003282485 0
0.5826384821553151 0.2023759173015861 0
0.1365604940300796 1.776435779514641 0
-0.005884834602588979 1.975300518034832 0
-0.1231624444088397 1.738494455045767 0
0.08851801636276846 2.223817779292423 0
-0.1540511632489348 2.15769417758181 0
0.4645564748593725 0.1880727546593967 0
-0.08203689069073813 -0.07603371648227333 0
-0.08564319188745208 -0.09788676748625576 0
-0.04318991258597994 -0.1025972496365126 0
-0.1055120661423915 -0.0840116824068337 0
-0.1075867327578853 -0.1131426567148359 0
-0.1345879292285873 -0.09613847278034121 0
-0.07731994932208985 -0.1241630051677863 0
-0.09897623096895769 -0.1437629301605265 0
-0.07110690697939448 -0.161850481972841 0
-0.05079801285076023 -0.1373071253150626 0
-0.03710580395429074 -0.1665103411532285 0
-0.008744902791174467 -0.1479021351307751 0
0.007514362913820717 -0.1207911596231235 0
-0.005320296530658616 -0.1782596803877616 0
-0.02863853262575339 -0.2054883620800117 0
0.01519801155535939 -0.1576016654060375 0
0.02222157433362433 -0.187495545355071 0
0.0375699428015013 -0.1645483749254405 0
0.04848350987684204 -0.1889291359348732 0
0.06731388611244003 -0.1705218230734954 0
0.03302821651384132 -0.1453542786381166 0
0.0448921864412155 -0.1288763452986463 0
0.05035576427874459 -0.147939912647689 0
-21.66719469225834 10.74605229834781 0
-1.444865812704124 -0.256989467064988 0
0.8492981576585654 0.1632239101901526 0
0.1316727375056768 0.1803959805716854 0
0.09048163146186747 0.2424868659491392 0
0.1150924866580532 0.2467664138525374 0
0.283579362323605 0.1897918032223286 0
0.5250585343961549 -0.1518516563542087 0
0.5078259834174946 -0.1610939989104294 0
0.5112458403468685 -0.1835380008593391 0
0.490633204063176 -0.1772837301883758 0
0.4946261191812902 -0.2017835641556904 0
0.4677819942751874 -0.1901425343451923 0
0.4745841674674907 -0.2221218038760624 0
0.4458196680363049 -0.2124659206801011 0
0.4391568776447621 -0.1840788192606939 0
0.4186799003763494 -0.2021035017932648 0
0.4136910446786957 -0.1740500653021269 0
0.3951935821391407 -0.1909715454335062 0
0.3902990404797243 -0.169842252278472 0
0.3742731597300947 -0.1817637687291775 0
0.3712519137428855 -0.1599172008776197 0
0.3554336437849751 -0.1727578056400735 0
0.3569438282266951 -0.1955658320951144 0
0.3380749858263815 -0.1868404371546872 0
0.3641199118142607 -0.1401083147577834 0
0.3373521186920932 -0.2106518423298491 0
0.3111885512836172 -0.1931555696935832 0
0.3142304145348995 -0.2280693696026919 0
0.286758893034044 -0.2140028747648941 0
0.2855855354498226 -0.1844863957464886 0
0.2606044571587258 -0.1997419299281296 0
0.2596914852285267 -0.2302080252946662 0
0.234112427266129 -0.2130159442212124 0
0.2346705614263871 -0.184527390618396 0
0.2093348272362333 -0.1971738639681075 0
0.2061432952338472 -0.2262774103379172 0
0.1832910234324884 -0.205743752017262 0
0.1890950156904585 -0.1794961090600252 0
0.1631388321746022 -0.186556926232704 0
0.1441222132663695 -0.1401759528939647 0
0.309942446305454 -0.1730904260735861 0
0.3308271639947609 -0.1613209792137468 0
0.3230863060961802 -0.1406018620460455 0
0.2871044580062604 -0.1641622854899 0
0.1558984474046813 -0.2128922074009461 0
0.1389421432826873 -0.1915276496100933 0
0.1464307730082707 -0.1685354348750999 0
0.1255375262121905 -0.1729406137055181 0
0.1679476079002832 -0.1639589886919421 0
0.1810067297172618 -0.1422631194926611 0
0.2907212060296419 -0.1403650942934103 0
0.433009589469038 -0.1598814108243763 0
0.4542513227295252 -0.1676290185618552 0
0.4878633482496566 -0.1563785998743108 0
0.1327167630989868 -0.1583641916562882 0
0.1137013064056838 -0.1571188979230934 0
0.105981052277946 -0.1746929178712285 0
0.09541791400740593 -0.1586355868208358 0
0.415011157579519 -0.1536765940593992 0
0.1216178764408929 -0.214680223104323 0
0.4212188460205457 -0.2360620096159489 0
0.186086633574135 -0.1606282204576182 0
0.2042886972224711 -0.1636623947931815 0
0.2208578611764365 -0.1410864765961565 0
0.1546976357113816 -0.1526476206323937 0
0.6513089571947555 0.3129040689546443 0
0.615419045371005 0.3148968384193885 0
0.737442641905153 -0.1348421655789693 0
0.3176369576825331 0.2160381340920499 0
-19.97603695009573 0.1918388989011701 0
-20.82610941176976 2.106229787033585 0
-19.39705602167969 3.670785064597962 0
-21.25872451595443 4.004908025905428 0
-19.89277878516799 5.615278809020645 0
0.6046786715593894 0.1774512282810838 0
0.5946273249662737 0.1842975853303244 0
0.6122735571473628 0.1695947135326799 0
1.108833806577405 0.1302977078090665 0
0.330925036269173 0.2936555728333503 0
0.3517221980755412 0.279524185213363 0
0.455804908518167 0.1828949055010178 0
2.342899126010912 0.2233427924039572 0
0.4162622916807777 0.3240185986074398 0
0.383680540590817 0.3182678960801447 0
0.7823657885120255 0.1728062282143812 0
0.1911151832161591 0.1967939652595044 0
0.1830591066416009 0.1859076984224766 0
0.1946197361241092 0.1862655431365097 0
0.1706822389768412 0.1878956281013388 0
0.175781639263231 0.1786194474840878 0
5.342175264767787 -0.4616254457657245 0
4.613855462487515 -0.6120286580035017 0
5.150769441571033 -1.149818314582781 0
4.287243946166604 -1.286188273451938 0
4.834269993454531 -1.825349844271607 0
4.131162257512291 -1.969344060231154 0
4.581853696820897 -2.497838258722309 0
3.88638339767686 -2.599102891289292 0
3.483590173491587 -2.135170892978585 0
3.231751233163268 -2.744699321237154 0
-21.47884119758364 -10.66413690821851 0
-20.05706694580153 -8.698520737388913 0
-9.047939815401994 5.851512330592641 0
0.4994684506980778 -0.14508573168056 0
0.1595043650054178 11.46918286779062 0
-0.2907315206665623 10.242605220177 0
0.7826775302398912 0.1504903397690758 0
0.490747313161521 0.1853877980167994 0
0.5026083439319736 0.1919851080644663 0
0.5019330303386597 0.2052384052559372 0
0.9274318789701894 0.7103354355534737 0
0.9880190996969388 0.6061433597178043 0
1.105007234958741 0.5972466068659619 0
1.182426404064485 0.68172405821544 0
1.19574271267139 0.583661277318136 0
4.091339682799662 -0.07508038503192016 0
0.6475606969490625 -0.1405988028069454 0
12.61150619991376 20.99682896216904 0
0.5759118998857923 -0.1467718141470095 0
-7.09716549800349 13.64486281489264 0
-5.47235692450764 13.73694356729852 0
-4.343190007668574 15.14501118455353 0
0.6964109144308909 0.1639466755665383 0
-15.74280499941639 -8.747439850851897 0
-0.397190134032004 2.6843152008993 0
1.864282028300264 -5.324833325673863 0
1.47917002767492 -4.548090572106238 0
2.279474417619956 -4.612217672426041 0
1.89326030448618 -3.903048908600918 0
1.188861669001882 -3.848766502908167 0
1.539863069137204 -3.282826373681579 0
0.8919092153541939 -3.23727835804522 0
0.5216372205504763 -3.767967386384835 0
0.2522355784727441 -3.16786571330322 0
-0.1242965922271622 -3.661646746049869 0
2.652963378605775 -3.952900769553218 0
1.174935203943747 -2.685427061062784 0
1.940637232625889 -2.726180778642158 0
0.09488847605991803 -4.224720221291557 0
3.072266503302607 -4.640857323984284 0
-0.3730567000262136 -3.079444221721089 0
-0.768298397184606 -3.590226388459731 0
-0.9893320135732788 -3.005431475884731 0
-1.421765144469361 -3.559192408178215 0
-1.636552926477087 -2.831912660112923 0
-2.132866026532806 -3.450801434967701 0
-1.844140498317022 -4.141853424760957 0
-2.41563797399866 -2.77446252949268 0
-2.922203384294135 -3.306928605957945 0
0.03827107220399977 -2.58774942731795 0
0.5822843050730531 -2.725124023866542 0
0.5230051451659141 0.2083154562803385 0
0.09161293409495401 0.4178734823613782 0
-0.2849137196437228 0.1843278800544257 0
-2.051581690602699 0.6423695937538401 0
0.7448922641112825 -0.1917303929484609 0
-0.004127091155999726 1.041823427757852 0
-1.691757699683355 3.68308206254514 0
0.1562249717049408 0.1772562353037279 0
1.231122977945184 20.674190268911 0
0.2588945806793186 -0.1752795817917349 0
0.2585685547659855 -0.1447131754703848 0
0.2413876507426399 -0.1626843872450201 0
-0.03827981008907619 0.1257653385434161 0
-0.0535373627840681 0.1238670966983779 0
-0.06749131730593147 0.1336868307816415 0
0.8888274211532983 -0.6667148579914547 0
1.033572137076368 -0.7735601356732832 0
2.896903340604668 9.216668117880412 0
4.20817927957153 8.820603789419163 0
0.280045711730105 0.2976784476521278 0
2.535987273388789 1.253359984520549 0
-7.496237055961758 -13.69082064263184 0
0.6646782038065407 0.2899349553468927 0
-0.02334062061255597 0.1290041762545285 0
-2.34599491304314 3.602000431331826 0
-0.05330091762059089 -5.28723363507377 0
1.441144547324237 2.213116388966812 0
1.664262149971934 2.603833039046032 0
4.247151719917301 2.30746897585897 0
-0.1087288726057497 0.02094691128036897 0
11.6647887250911 -4.276466667729522 0
10.24491072891133 -4.052277568804503 0
0.947969894360472 0.1540119421858406 0
8.687272603405521 20.73628205964241 0
-2.637912213018003 -2.025237288232711 0
-0.3961734442870347 1.740047078800647 0
0.8877028585908128 -0.1211482558536577 0
0.8736854349695685 -0.1210216249564683 0
0.8601495505717663 -0.1207259761486691 0
5.663984855221944 -1.764117650171485 0
-5.624112340493507 -3.448219397260177 0
0.3473489798828705 -0.1574931439066046 0
0.05169795716843663 0.215586027177178 0
-0.662168307096463 0.6653433926205616 0
4.407663489517514 4.793327743333537 0
0.6624481888752238 0.1670932760146287 0
0.2226771726626514 -0.1666108749182689 0
0.08846778173438229 0.3376097022899677 0
0.6206024317389738 0.2093768415920956 0
0.447601972111423 -0.1505712662074764 0
0.4633271691080553 -0.1534634697252995 0
0.1106147294054368 0.1713197725519853 0
0.2110031760036877 0.1830264971394056 0
8.758667321291576 13.8098009108973 0
6.891551397464703 13.79751404800666 0
2.866540270023983 -2.212569665120213 0
2.596202782849738 -2.833637009662217 0
-0.5717630346867008 2.325357344352402 0
3.915635769058455 -0.6819024627489099 0
0.6659685402191197 0.1941341779835235 0
-8.725965840907795 13.01655602389106 0
0.7222101085867192 -0.1321913508445515 0
-0.08230931460083286 0.07237413097205404 0
21.12345833687376 10.05071990315848 0
19.91184376159491 8.142183242025187 0
21.03338178600474 5.891070033107772 0
0.06150700470070423 0.158341719661327 0
1.07892137644798 0.06994479715788457 0
1.055392850521495 0.08963074552951601 0
1.041018494507413 0.0944766468376381 0
0.005837245334310293 0.1392169131924005 0
-0.006226383873043671 0.1371277985829623 0
-0.4960867396008837 -0.6812748866112746 0
-2.0168448576041 -1.733596357597422 0
-0.01420714195165306 -22.80210768877016 0
1.275998729755665 -20.70915040708099 0
3.587169029890729 -20.65092162479724 0
2.348592338862806 -18.7376616880663 0
4.526796250354137 -18.59327111929657 0
3.335930515220223 -16.85477105955963 0
5.732462219215718 -20.40813826679514 0
6.684879079793203 -18.4156315725498 0
7.827093079007453 -20.04530686521409 0
8.782701260612001 -18.18783558934653 0
7.58823536334192 -16.56134146487308 0
9.556266931190724 -16.38034482601509 0
10.88354024266616 -18.00323443840673 0
0.1209286820874487 -18.77470478560656 0
8.334869773079081 -14.99039008121952 0
11.53986089553069 -15.80135699453045 0
12.9829088503752 -17.6244336248048 0
13.87650438485485 -15.74355069600543 0
15.1913630374749 -17.40855557939529 0
16.09848523360559 -15.49261115334484 0
17.59598923563457 -17.28519352245021 0
18.49404014752801 -15.17450330172851 0
17.01468195521363 -13.42463583860744 0
19.25454645163907 -13.04897629684766 0
12.41615108379497 -19.4583549673918 0
17.97896340456071 -11.30392177991018 0
20.07198503761357 -10.81885415743714 0
18.69057305378054 -9.138280911968847 0
21.47690442241056 -12.81602054397289 0
16.25273931978349 -19.12860368545946 0
18.72852217002072 -19.2338772568663 0
1.388371732659822 -17.00506211996514 0
2.312950234099911 -15.23571657493744 0
4.443903597669152 -14.90552501384331 0
7.855324982196369 -23.15534106132377 0
-5.187283336857958 -22.80701379422246 0
22.55841816316829 -10.55163336438778 0
0.7108503676705462 5.340951543604242 0
5.888357932773634 15.27585928603122 0
5.081774721161209 13.57381125914477 0
6.246249857499042 12.40347993658301 0
11.06342543334701 -7.63459728119258 0
10.24153085029565 -6.239544339345079 0
9.467517117059309 -7.450700117284844 0
8.764445589608439 -6.240440783093854 0
8.066925812447 -7.382279861349332 0
9.996600894959482 -9.051783643324006 0
10.72685665831055 13.58820677078899 0
0.1542779696938454 -0.9326782830969149 0
2.307002745676768 5.212212116131774 0
0.6284781941809328 0.172974358491958 0
0.902607264417526 0.1292205931874121 0
-1.223251206194544 1.673043856538626 0
0.1498467197284065 0.1713773547738673 0
4.93494027171652 2.534799911673586 0
3.497249438300295 -3.938611968928902 0
-3.140715087590306 -11.17549550491327 0
-4.909063160203329 -11.02007196711202 0
-3.746984905421304 -9.836397914825689 0
-5.181788246314531 -9.484431307781257 0
-5.875062724806366 -12.39012763002547 0
-6.442719274820448 -10.47871330742635 0
5.498586845119256 -16.75023407802893 0
-10.95523894127227 18.80343753309885 0
-12.19906162585388 20.85215061221388 0
-9.883252013782824 20.86783828323524 0
0.4410439415776578 0.1896965065004299 0
5.629151028066753 3.623581918457108 0
-0.1045497865567812 -0.1891836925888814 0
-0.06209316909441235 0.09232033941370044 0
-0.06231851463682303 0.1034946182757092 0
1.0833850184026 0.08930237305242392 0
1.096212971054195 0.07477948419410269 0
0.3522944637158508 1.200535485364086 0
-13.66499242158386 -5.395708356204954 0
-22.71569370710231 -2.653286699978873 0
0.4216745078061481 0.7737294323162347 0
16.58060010248884 -1.13765688614003 0
12.09315123533765 5.77416400600104 0
11.27048946896993 4.516224333987747 0
10.60091652215123 5.690599511103319 0
0.5005813938932819 0.4434815838454971 0
0.3750592486754556 0.1874120448520032 0
0.4852442031261143 0.3195483387649234 0
1.253894317409091 -0.05656624155285021 0
1.188852001240425 -0.09254875631332427 0
0.2283132172221914 -0.1546118511526589 0
0.2160128824717128 -0.1546411897371146 0
0.5629927388064205 0.2846894975451902 0
0.5385324375258618 0.2988944503094866 0
0.03794686270698913 0.1918146551681364 0
5.153556305191086 22.84892852689183 0
1.255973775085176 -0.1299398411516837 0
0.4216164572735082 0.1869999861728866 0
0.4125802413980153 0.183886917477376 0
0.6525306770822605 0.4770452601002098 0
-20.34899525863022 9.042691103246671 0
-3.14430073154939 8.158118506220577 0
-3.533626901970875 7.135692914140304 0
-4.747478173752029 6.745325364246387 0
-5.716734263181196 7.811609544331477 0
-2.661893994486052 6.499251850059881 0
13.16271465830375 -22.99305327647795 0
-0.09985436641113926 -0.03907313147360084 0
-0.119841474265815 -0.05793115221106957 0
-0.04816880573752864 0.9098901787041577 0
1.017852691592949 0.1161379238013598 0
5.142254212215446 -22.79078955311301 0
0.06454499983427281 0.3734861259129794 0
1.032828269746478 0.5108630872326778 0
-0.3600633500703911 0.03270209713542477 0
-0.5567734800537563 4.786806922959405 0
0.2579028543276039 -0.1579939651177539 0
-0.2300448221066555 1.039009511126128 0
-8.637605140970829 -0.1716818378903935 0
-7.783790005611156 0.7851102840476242 0
-9.033610575666708 1.099767584138684 0
-1.317706332087676 1.340611377256273 0
22.75864065025333 -2.55574946801865 0
20.64044267535352 -1.315789473768727 0
20.74099593090709 -3.740368968658141 0
22.78255685983365 -5.121028924614705 0
20.77498417299429 -6.157014826834954 0
20.82548685222935 1.074203739174904 0
22.73701865981855 2.341050663839539 0
20.5947140093766 3.506454439555772 0
-0.301682747348488 1.525488124032631 0
1.101606589813276 0.03049519385382609 0
1.113887317476365 0.04887389672431981 0
1.122598754635917 0.02570481491819909 0
1.087119703873741 0.0565434300625153 0
0.4598965777678867 0.2790616810972422 0
-12.2816225712797 13.10596239198452 0
10.41495525516052 -1.595241767241793 0
-1.910673528874836 3.161734418585199 0
-0.320399089316232 -0.8180153674188939 0
-0.6115093260448009 -0.464300474469144 0
-0.9068167318484959 -0.4583598545575129 0
0.579875429521593 0.2679812126249928 0
-1.020212297294703 1.459052974892532 0
-0.02845831478441083 0.1194960584288207 0
22.2779387757031 11.96439278649139 0
0.3299379184487714 0.1934834165623524 0
-0.2487764119322455 0.671703319630969 0
0.9006149426208998 -0.1189632234142625 0
0.2471148021989231 1.578045360014789 0
1.1415172888815 -0.06336320784502801 0
1.133430180965728 -0.1223326128746675 0
1.19594461743236 -0.1771427314687189 0
1.526583388552589 5.246015637762576 0
1.585614708585909 -11.31467719194421 0
0.2516167059976457 0.1862314905943961 0
-17.77700222818197 -8.835292138439382 0
0.0714734725940864 0.2155341531586861 0
11.15623998608551 7.22343784850277 0
18.44357668282879 -1.281301677505355 0
-0.5020004555035096 0.7341802028447205 0
0.3946499894141953 0.1870479008730637 0
-1.625205860812324 -17.52016733915969 0
0.9427525218220774 0.2587965319255874 0
-0.3142310612768446 0.3099344428452165 0
1.058502722332103 -0.08802824285147884 0
1.074484056700028 -0.09396252991436255 0
1.089541807407169 -0.07983974545316311 0
3.104437557366805 -13.62284940666667 0
0.6929235529359141 0.7429027252916095 0
0.8731173247350705 0.1348360587680433 0
-9.924765513373437 -21.14513552568093 0
15.75929421840612 -11.55473672879883 0
-15.38119567392245 3.205547417146877 0
-14.25638484305926 1.842332584533663 0
-12.57379754262328 2.077880476962871 0
0.4477402126418789 1.344843178301709 0
18.37883904741069 -22.85180030362517 0
0.822302641317048 0.1867366292706535 0
-11.97497577335368 6.751758722327589 0
18.39137145150277 22.78199448089253 0
17.17877297434705 20.65050530216983 0
19.72137381445684 20.63412144925399 0
18.46746151267852 18.43471424477003 0
20.84786406602412 18.33647645792621 0
0.8120075491113484 0.3062398552226082 0
1.608010009182078 -0.2995544221415863 0
-0.788438257004454 0.494685249378481 0
-0.671341289356719 0.3410907495588105 0
1.31809034212327 0.004005854297368987 0
-6.401380515332963 -20.8582288487123 0
18.64612535207687 6.331032366980229 0
-8.736613288226362 7.319066533050068 0
-0.1202175967814478 0.08062795492667701 0
0.1216603149120594 0.6580486553674216 0
0.7223081092818477 0.1587538400255323 0
0.140446360983061 0.2157815339489599 0
0.6338587813362309 0.2869988358671274 0
3.680397800706634 -1.555927477815717 0
-0.05584042785728495 -0.09605068053108254 0
-0.05547674013775596 -0.1133615089111423 0
0.2728465146270313 0.1943739809507232 0
0.597454023327434 0.289355091450528 0
0.1662959896280072 0.8433494550747974 0
22.82787604891595 -18.33290183178227 0
20.41211319454171 -17.11742133017232 0
0.1760518021329115 -0.2367335943171404 0
0.202293077350615 -0.2653472865411567 0
-9.736488734136429 16.55731238108014 0
1.044995398878603 1.285870299639782 0
0.9431082136119123 1.155096302856016 0
-22.51556329114931 -18.59819237384297 0
-18.41129491086518 22.7266194021625 0
-19.72564154238805 20.48901049363543 0
-22.56925533753303 20.73346555287605 0
-21.29454215254767 18.3847073413987 0
-17.08236370314888 20.62175075129224 0
-10.84483105426886 5.535457523057965 0
0.9981953339477624 -0.4505161279723243 0
-0.1290419521772531 0.03576796515127805 0
-0.04413176108590492 0.105851112397216 0
0.6526110935173652 0.1758751343351939 0
0.6490708971913766 0.1657282573963112 0
3.833906380150416 20.59307797002379 0
1.56369914975708 -2.297683741301223 0
2.094054412215614 -2.282238728606173 0
1.111061955033649 -2.212857785045049 0
0.3769375065909444 -0.7204417555829118 0
0.1342014634428398 0.3896793971373915 0
-6.741576585540303 2.611727204735377 0
2.287903401539873 -8.147374471445739 0
-0.4536299236686281 18.87937710492798 0
1.520801963481033 18.46319354279156 0
0.5937333810126164 0.173328125008274 0
0.5833188778216492 0.1800536819709569 0
12.0016545815373 11.95910640678911 0
0.7082555130405908 -0.1336417541931208 0
-0.02430990995819147 -0.1109606559729061 0
-0.02316281950308453 -0.1215651446505355 0
-0.01154418641476441 -0.1261310911363261 0
-0.0362787945561141 -0.1181347564918765 0
1.105010861736439 -0.01456023209044357 0
1.12078227390857 -0.003827469103526695 0
1.105109908145814 0.01312347605391555 0
0.4734503265461368 -0.1663321120383512 0
0.5461577708902935 0.1780245569734968 0
0.5543394193412088 0.1711484620073706 0
0.3853771817535513 -0.1524613742363712 0
-10.00421444462161 0.1237308466851017 0
-10.41643316082675 1.471415180479709 0
-0.007281507832014724 -0.116283732252105 0
-0.03260310019221001 -0.106007952515079 0
2.45032447675128 3.861742311160652 0
9.673826101573814 -2.913718748416095 0
8.814752017716215 -3.958803030462343 0
-18.54707178385898 18.26969705394997 0
0.9965990007587768 0.1071049837112075 0
1.006516200544272 0.1073801756945416 0
0.9870547338837208 0.1097266372596767 0
0.8432871572791992 0.1405764101293727 0
0.431821100230148 0.1944855027213178 0
-6.610240573764421 20.8699642509295 0
19.95467690161564 16.16624916588944 0
0.6901858135770724 -0.2111244531245292 0
0.4176390445268401 9.197055471786886 0
7.757943389372703 22.84322233080582 0
0.03821764837041126 -14.11958549893076 0
0.07145392457010727 0.1589559911019252 0
0.7629286008689156 0.2212166720788352 0
6.114678234385321 8.94482801275891 0
5.195209155266951 9.965394742817384 0
5.194515158303648 8.117913501627495 0
0.007444948492010725 -0.1419860208539377 0
0.3204342536419394 0.1951883565417776 0
0.9954480587035532 -0.09689560329175834 0
0.9941103330441335 -0.1005188759499455 0
0.9884026791486481 -0.1020495983208832 0
0.9986887105014934 -0.09947906468105752 0
-8.918636812902221 -19.16127526948121 0
-4.305971137957098 -4.629828239125367 0
0.9988494757730383 -0.09580397970122451 0
1.00316886227719 -0.1018889321537943 0
1.006995122113718 -0.09692109334142787 0
1.012258054493246 -0.09728735401237634 0
-6.286163051627669 -2.666913501478373 0
0.4810156855012866 0.1821819962521107 0
6.787245497452372 1.953299648036675 0
0.9775105954709937 -0.09917176824535573 0
0.9812634967937959 -0.1034998305537523 0
-5.282521169731658 -14.0977507806602 0
-3.873452395966148 3.196832140692583 0
-4.042321129778953 2.376620687715512 0
-4.777009212441274 2.027577463800292 0
-3.891908135177448 1.716169551082599 0
-8.137976285692323 -10.53824651234661 0
2.23300875331234 1.379131549589425 0
-9.707908485257187 -13.84343789114013 0
-11.82016453164668 3.381885433465501 0
0.5172408050251165 1.172016252021951 0
0.3054434865939231 0.2986566036864478 0
14.40477096843537 -20.89009816565896 0
-9.220385424881067 -4.994752105059687 0
0.1020241095241957 0.1582882646553673 0
0.9551961538738074 0.1184523379667476 0
-0.006284159109792251 0.1266199869009441 0
0.127112397877035 0.2287833084624537 0
0.1800396116751447 0.1708447600653975 0
2.268430856397438 -3.343800842613761 0
0.3049242884543497 0.1789774536156885 0
0.9218972257511899 0.1160748549301141 0
0.9869905963183406 -0.09712013183887834 0
0.1178426611036903 0.3157768153949239 0
0.02935957365793462 0.1392362439839073 0
0.19662986780676 0.1724830977206838 0
0.1168671481451305 0.1622333487458818 0
0.119630312502138 0.1690680481677637 0
8.030183682166783 5.685470513731472 0
0.7559324260836329 0.1446749683989501 0
0.147554452749086 0.229343454230265 0
0.9091375221262209 0.1181876571207874 0
-1.059661288411073 -20.77849994440555 0
0.4349670980642346 0.1764772901191666 0
0.8963404499420873 0.1215154360923264 0
0.8939696656826719 0.1276381198110597 0
-6.668141903097634 -7.687260935061648 0
2.486570689344124 4.495059907401201 0
0.04355861622134821 0.1437350109050759 0
6.739549370597645 -9.593202867627596 0
0.8823170564064711 0.1233612857971504 0
0.3912129961033104 0.1786497872408921 0
-0.1162657177493023 0.343409101062725 0
-0.0832430096103827 0.2983106014301176 0
-0.03339665751818113 0.3088417252861206 0
0.2879106958855171 0.179328707867429 0
0.2597232745296059 0.2805443444430016 0
0.3221262285559212 0.1788956221688202 0
0.8362922429300808 0.1672500846989777 0
0.08697311178630082 0.1552339387275327 0
0.7399288363178982 0.1463486674092886 0
-3.07564239451742 -0.4359454760787348 0
0.1325396849034817 0.164053875101261 0
0.5733328372243514 0.1666733001559758 0
0.2124330718765977 0.1739984749646357 0
0.8684389366377236 0.1265264348164526 0
-11.21589604309388 -3.707464170496264 0
0.2708818888221249 0.1781364744467434 0
0.2372691378735366 0.1777329944493447 0
0.2287438819665899 0.1825891125843578 0
0.6074346500954492 -0.6042173827911778 0
0.7793944666766512 0.140733213412367 0
0.2882951379354399 -0.2487042216325623 0
0.2526588258250549 -0.2749360663897358 0
0.2767545846684318 -0.3260626810783941 0
0.3243301742740121 -0.2650147264400942 0
0.5898620151749489 0.1650220553381058 0
-3.656328555503588 -2.967569067018251 0
0.0084934641698524 0.131145158363681 0
0.7644959157577274 0.1441001133419248 0
0.7722765118787626 0.1522790706117523 0
-3.016674707940997 14.03093760054579 0
0.2546571262287839 0.1773368851138253 0
0.7238943061973853 0.1488583363424849 0
0.5531149209544074 -0.1454996144256738 0
-0.2642486133891603 1.962565950874342 0
0.8542358232191339 0.1283684635409703 0
0.8585877702657525 0.1347567693298964 0
0.8100148324224439 0.1357441749627961 0
0.7949464363972019 0.1385292180387458 0
16.06604607287446 18.4429880916335 0
0.7076770360292264 0.1512865861321981 0
0.705115815760714 0.1597213643607891 0
0.02230179114013357 0.1368426756436487 0
0.01646060791277515 0.142924629070432 0
0.06510421662005833 0.1497985087923866 0
0.3658002874825302 0.1793288687551287 0
0.8250065276277848 0.1332708007843483 0
0.8397501136484139 0.1308950436201377 0
0.4619544575875411 0.1763466672836705 0
0.6328853211646032 0.1608022423644906 0
0.529808172997656 0.1708890034712886 0
0.3741977579746205 0.1777081824360174 0
0.3626248459737101 0.1892298142127503 0
0.6912889851274562 0.1541374646822125 0
0.9287977638174901 1.737950972956287 0
1.194746480460353 1.638722769718021 0
0.674732818146012 0.1554483277456464 0
-1.975961067752996 1.448656735994946 0
0.1033826473572656 0.5857713964883859 0
0.03918203767394512 0.6381238807491829 0
0.05107143871768445 0.1466271438535445 0
-1.744224216408034 6.646169801500752 0
0.7539961487629828 -0.1344156848195195 0
10.14833413918354 -19.77444172014643 0
0.3221826297770801 7.418754768722303 0
1.031737189724944 8.15204221418454 0
0.5127091890627814 0.1720474031337699 0
0.5081656269255648 0.1813335724046367 0
0.9410879867824863 0.1210332412428067 0
0.6578013714279261 0.1575362324378092 0
0.4952426654369062 0.174389482753923 0
2.318014059395015 3.241947799828492 0
2.262737706448497 2.60213726752302 0
-14.14385441150044 -17.11453165530105 0
0.8794984471084607 -0.1671428267979016 0
0.7003837331058295 0.25632386064743 0
0.7144796270961359 0.2388942715399598 0
3.8084908183542 12.63636692532937 0
0.1962750113052006 -0.149878747151962 0
1.101858921139949 -0.02989098388381996 0
20.9672384580677 22.86853571759544 0
-14.60751351610323 -11.66040350161178 0
22.97954930940717 -20.95692107306689 0
9.926468153857614 7.593759533700725 0
0.0645305916943279 0.7257375549891464 0
-0.1603243412100295 0.3872607132350036 0
-3.495811047072552 6.045585526722933 0
-5.451921984671635 5.734462912729906 0
0.5366443913440195 0.2145738156459792 0
-19.49866484504866 -14.83031115407127 0
-22.96274010361737 2.472330728195157 0
-0.1445857455608587 0.05698011416766625 0
3.775189913144573 0.5065729520928066 0
20.57344365244749 -14.78991993248235 0
-5.260482610246299 -7.930547533500751 0
-18.66676724125431 -6.90982428889279 0
0.1764565875586338 -0.1513189258682679 0
-1.99414695258341 -4.91594313674813 0
0.679575675803564 0.1630290173350012 0
0.9269834742241785 0.1220029509551062 0
0.2348291639858054 0.2449541084109101 0
0.2160324404852646 0.249765200417649 0
9.658600156676394 18.92706888319102 0
3.027674409815899 -10.80414864171909 0
0.6416489380610345 -0.2593174680456805 0
7.448140260276614 -6.418239920406116 0
7.908456022118465 -5.090527550682263 0
6.323648569859619 -6.7729367011105 0
-22.84625441296191 -12.9111506442375 0
0.0865683625047258 -0.1751155281467567 0
0.09817114047437744 -0.1957513908285995 0
2.100948122928351 0.4891016978339914 0
0.9523807442689327 -0.1017000277427884 0
0.9498371730847566 -0.1073285733642375 0
0.9580204985194829 -0.1063968233061984 0
0.4942611576768297 0.2158686972862473 0
9.845937979444894 4.584034680446875 0
10.38662010464439 3.250693373914578 0
-10.13501181956457 -6.163172153524578 0
-11.78238887101677 -5.468429793230452 0
0.6116819605019882 -0.1399212866841854 0
0.6255328579217667 -0.1389820770097636 0
0.633732012994942 -0.1479315716152569 0
-15.51272075444887 18.7004639645611 0
0.4513714164108784 -0.2512146218929786 0
0.4663109479869394 -0.2915521452420757 0
0.9702200117696522 0.2528893824601012 0
0.6849011547783039 -0.5396362982689541 0
0.05115523365982932 -0.1310178702948738 0
1.089066224639909 -0.1548715826086767 0
-14.50545191068696 20.80547085014487 0
-5.340980830194368 11.29368793465299 0
-17.54111376984521 6.217293157899268 0
-12.26331821352921 -8.724980269439547 0
-0.03719560808274009 -0.3625736403879939 0
20.62481020990894 -8.639915978660898 0
0.06511376019083533 -0.1328871268662322 0
0.06018939451249962 -0.1403565414330673 0
0.0712950212567643 -0.1410676364821759 0
0.06347215903823968 -0.1521581900104853 0
0.07765400946762649 -0.1535743104286628 0
-1.29598023258836 -8.884404443094086 0
-2.899580014190044 -8.637629236481411 0
-17.46738759613241 14.75045656042586 0
-19.11147164044971 -1.565465499922732 0
-14.48761037434673 -3.671514260761909 0
1.433674436635038 1.827835511596167 0
15.74052468226543 8.75072096734932 0
-9.775443328786633 -3.736841709406053 0
0.9410747666931313 -0.1018690379681087 0
-4.026701142138337 11.33054181269781 0
-20.98677478452902 -22.8335856067729 0
-15.88895834021146 9.638805911559878 0
1.146209470802783 0.0005512796943987971 0
7.28466584879578 11.36208354752316 0
12.77281260106466 -14.01309642288529 0
1.117281169978765 -0.04270505324070234 0
16.81973210113628 -7.931444632324843 0
21.17416304324427 13.96071461356955 0
1.896784884600589 2.196854528375105 0
16.81875811353523 13.97041742298623 0
0.1287709897684652 -0.1380349413072488 0
5.255842037074717 -7.213483854246441 0
0.3815129452487058 0.2624685272793036 0
0.3769656619020156 0.2842675685510246 0
0.3602816830974035 -0.1520625831562655 0
0.339278857565207 -0.1482030950199785 0
-1.074101547631299 1.203058367105157 0
-0.01308741776203918 0.1314483493542985 0
1.428372222838457 0.4772272190087118 0
0.3010782983251897 0.187148065355306 0
0.9342145327151787 0.1189921664730802 0
0.9645139429961584 -0.1125917324633928 0
0.9677961974927485 -0.1055512256265508 0
0.9473347126375692 0.1166243832804986 0
-1.119386250123316 -0.2595417545561191 0
0.1651011541916305 0.2278971001892006 0
0.4667918618349506 0.2543814810779358 0
-1.529801357785456 0.08525076596817964 0
-0.09929010674497513 0.07493515632920907 0
18.72127668137406 -4.813705553921236 0
0.4219377063312222 -0.1374561704785638 0
0.4255126956694831 -0.1461313637611336 0
0.07228733490516183 -0.1328443172160325 0
0.6217463450074928 0.4349115472455415 0
0.4386790489546658 -0.1364695637969875 0
0.9234595245259666 -0.1039793654884787 0
0.9198881852257356 -0.111032700029083 0
-11.44945176241256 11.36253998825607 0
-0.06250131971064499 0.1527313003187435 0
-0.08504916929243235 0.1491243697132748 0
0.84129391055848 0.6573185533718662 0
0.2728567453857528 -0.1641012730986423 0
-8.227737738606566 11.3089473119854 0
-1.294103335969039 3.311544728047744 0
-1.841606060159628 2.629525265707194 0
2.113326509943726 -0.7258978414476747 0
0.1967974868876843 -0.1413406643082978 0
0.2137848368152839 -0.1439191894607787 0
0.9351557364780079 -0.1028035206370516 0
0.9335193491663114 -0.1098668033966585 0
8.555261011208582 4.666571040364189 0
13.40185520085755 0.8412499681946577 0
-1.095121306178289 -4.277746101610036 0
0.872371652048747 -0.1081339658697883 0
0.5648696957824618 -0.1397513158596725 0
0.1367760853261903 -0.1394804709667449 0
0.1386057129764674 -0.1479993394612973 0
9.246687577599563 -1.135385632804953 0
0.4135652116478653 -0.137561864327692 0
0.1447903905358048 -8.771210802529913 0
-7.722759973266461 5.489931162971544 0
0.9111325825567589 -0.1049064679043717 0
0.8446055128867029 -0.1108490115231574 0
0.849475746475042 -0.1174429970603195 0
0.8398108495096185 -0.1197440551486284 0
0.4479153041084643 -0.1363428445681037 0
2.638762920762577 -5.206760378846191 0
0.4638063981555652 -0.1352532103878106 0
1.221704180676366 -7.900211544425666 0
1.526470391972755 -9.089867082289045 0
0.8985757559609575 -0.106253759952821 0
0.8587099445445645 -0.1094780520841846 0
0.8886920122416184 0.4686227739882466 0
-13.157894736778 23.02608972331604 0
2.978512944118121 -3.345007112971463 0
-0.7866618336506477 -7.718170781649555 0
0.1856807121025058 4.139380923600563 0
0.9339923308619522 0.1125181510832845 0
0.8921589779183199 -0.106832874454723 0
10.01797906966747 1.814196505222597 0
-20.94123819034859 -6.567883638141638 0
1.104246120625019 0.09856343932573181 0
1.121268186666865 0.07432630912237166 0
0.6790746570928561 -0.1226712068966448 0
0.6726576084927194 -0.1315242937936748 0
0.6860153841837372 -0.1303887512772101 0
0.5250880584492976 0.1811796422359865 0
22.8273320780198 4.544533450291195 0
5.200838844342655 1.376135333402043 0
0.5713992342169828 0.247513769899418 0
0.1142442613340345 -0.1370786615534866 0
0.113038382081216 -0.1441470757798727 0
0.1007587326440103 -0.1446665232015616 0
0.08875540067232959 -0.1477033146695732 0
0.9650708900956764 0.1148154966258999 0
0.6629359827105189 -0.1236472356755196 0
0.6545497073236646 -0.1244089223274575 0
0.8790606861039404 -0.1078999885584598 0
0.7023938631370299 -0.1228236927436905 0
0.6863394341137571 -0.1209335697706045 0
0.6970939342574095 -0.1322990780568713 0
0.6382284484908968 -0.1251416857076123 0
0.8842967208626448 15.38933752639561 0
0.7182194589025525 -0.1213243161449952 0
0.001185846235041392 0.3761122585496561 0
0.4768043414518259 -0.147334127522784 0
0.15922106114042 -0.1419338435327842 0
0.1515506038587335 -0.1402133057495611 0
-22.96594975882524 13.06777297811884 0
0.7338699131948849 -0.1187462207490473 0
0.6218039498007507 -0.1272810294000813 0
0.3969881715246968 -0.1384569767434502 0
0.4020338344782776 -0.1467085708053315 0
0.1740140887450483 -0.1410013973688693 0
9.440206359622781 2.716874805943517 0
0.6058219615185341 -0.1287829833769437 0
0.3806165448228276 -0.1401257762270086 0
0.589139861646824 -0.1285281445800957 0
0.5834105477719278 -0.1362516972579875 0
0.8381068573928762 -0.1107198767050815 0
0.8263313101994509 -0.1233727471717471 0
0.8219418769744871 -0.1156804298790412 0
0.8140123130520187 -0.1226431831410643 0
0.2290392241909811 -0.1439555569360308 0
0.01545300452891754 -0.1236452942003401 0
0.01544300914671042 -0.1338341293278444 0
-6.256584296173648 6.716765264998939 0
0.1896501915029102 -0.1421189589233752 0
6.457831087455547 -15.12266325273901 0
13.12772302536487 -4.488162815282654 0
0.3723178748949356 -0.1388484068520806 0
0.08628310917415505 -0.1369031812457609 0
0.0004316295570681644 -0.1195697366683762 0
0.2671390926560345 -0.1417520282772857 0
0.02982521750694896 -0.126505987269989 0
0.2991351470988761 -0.1409279123195731 0
0.3028748724862274 -0.1494362879202424 0
0.3148855882874487 -0.1493171649904526 0
0.3317273040236383 -0.1410105616697635 0
0.5696970706910179 0.1730022055042885 0
0.1063201485271774 -0.2528646342809756 0
0.02109796960718547 0.1895426346384245 0
1.091254155782957 0.2314352239961488 0
1.068049294233574 0.1955606485029715 0
-18.15583106561213 9.387965796702579 0
0.7209184536353324 -0.2059905895414871 0
0.4783969401551022 0.1742400366626682 0
-2.221067456580384 5.301402477136426 0
0.1016219053605656 0.3731094852892497 0
0.2503426699605196 -0.1413660881165697 0
0.2483785644428782 -0.1496420648164596 0
17.76265473847961 8.630582979449562 0
0.3395086386319696 -0.1389077064963957 0
0.7493513073708551 -0.1178762398526417 0
0.7844873872147036 -4.406568363410135 0
0.3961419499032286 2.241002203454997 0
0.03678702148281363 -0.1305053079761572 0
0.5729279261224947 -0.1307183478564694 0
0.5641159046594504 -0.1297958304266344 0
0.1717866489828313 0.1707014106510685 0
-0.1057139761402983 1.508211290989601 0
0.9574499865065391 -0.1007306707208924 0
0.967652183808332 -0.09925409591685236 0
3.677704071748029 2.049016429303054 0
3.715896149806493 -3.218423904489828 0
0.1008087799611205 -0.136422279673851 0
-0.05433767778634931 0.1111390505158083 0
0.2981449439670156 0.261997317081033 0
-2.891771981032248 -7.528951136663856 0
6.853592906196505 -4.528771087290711 0
0.3498349231535646 0.2585341753329216 0
0.9336411301031939 0.1514316098476554 0
0.9228673334779964 0.1588368209070132 0
0.8968467870483952 0.16090941294166 0
0.2069908916264106 0.2353899264855508 0
1.491473454367199 2.991339312939673 0
11.94257306874739 3.243238878055668 0
0.7016130292222238 0.2205812309127817 0
0.2833245454076765 -0.14217664112778 0
0.2793086353509976 -0.1527552771218099 0
0.8895325251967845 -0.5215707527608406 0
0.7279711530454136 0.2110514110802666 0
0.7311255766318124 0.2285193622055267 0
0.7637666728346212 -0.1153989784834195 0
0.4007954242333351 0.3016865440980296 0
0.3572549068065592 0.3049412624737901 0
0.4804633393187534 -0.1355496826237335 0
0.4973436058849228 -0.1335652152346663 0
0.5056636578024261 -0.1343192309867283 0
0.6073862572073645 0.1626460326806681 0
5.181343746787563 -2.387586512983119 0
9.23894237579194 5.605395643861717 0
0.8621125612286663 0.1647641679669832 0
3.690861934184837 4.479174098109859 0
0.07272192339330737 0.1505592906748875 0
7.279861684016536 0.7702596532474049 0
0.2447398513094586 0.4369622859185834 0
0.4996366072140132 0.1820536171571122 0
-3.588075648278643 -3.874154138310186 0
0.3150554026152657 -0.1395586983473973 0
0.3263867638975135 -0.1502562974207396 0
-2.900124955727141 2.687400462298887 0
0.1265379954550974 -0.1462488402000602 0
0.318338653737106 0.4235763598347331 0
0.9849097609281825 0.1022646457061104 0
0.5467474799125437 -0.1304905724908348 0
5.224483041458038 5.019958902509476 0
2.181006734178521 -1.77625058606017 0
0.3559344908944218 -0.1407046947186772 0
0.8221048174675982 0.4673954482006254 0
-10.59424206164482 23.03655775154773 0
-5.148484637618627 -0.2471385718270431 0
-6.208974005278598 -0.395527252944215 0
0.7945908257159465 -0.1141610060900136 0
0.7900354248664074 -0.1224650918742662 0
-13.31284784626872 0.5967084360491718 0
-0.1979678182487856 3.731525271107841 0
-0.1441492745586678 0.5860292460185502 0
0.02961301404311133 0.2769128180198865 0
0.7774830421126979 0.1617808148562893 0
0.7796916256161839 -0.1152610101661773 0
-0.06864556082988583 -0.1037159245130687 0
1.096231813784625 -0.2582302835073113 0
0.9736970681306603 -0.162887670933589 0
0.9666221016550451 -0.1851037110636551 0
0.9372428061359119 -0.1874923482754025 0
0.4001727429859602 0.4190166859466807 0
0.6577857675121002 0.2442581652838414 0
-15.442637390869 -19.06961171123782 0
0.2664878882783406 0.1856185985201729 0
17.06708866386362 5.474666476679353 0
0.5203065982485116 0.2649096604665353 0
-0.9950752417010769 -0.7014223610564503 0
-1.956853053576916 -2.223686528058421 0
3.146624710783327 -1.66560107876942 0
-1.503250286988243 2.515844793775154 0
2.769080489742532 7.502225018462114 0
2.226550097655205 8.298893208125493 0
-0.6630306839630871 1.146388412142317 0
6.007958203717664 -0.2106886337094296 0
4.264037733718888 15.28874726023944 0
0.005139796757255052 0.1835331644695441 0
1.15415727213823 -0.2247187182200718 0
-12.90998113332093 -7.099746370343972 0
6.782171363276424 -0.2599199690438697 0
0.05312478488486776 0.1917254087877495 0
0.4930469486555993 0.6468272310949659 0
2.319201415364373 -0.2205058342290055 0
0.3482301032731755 0.1788500781895766 0
9.469732474276293 -5.117663031968527 0
0.3558538351916735 0.6642625665579318 0
-0.05725051362174344 0.1851740195976064 0
8.217453155350812 -2.903852537208389 0
14.05556244712182 -3.091484214138002 0
0.5308768078257388 -0.1323111844684473 0
0.5217214522507669 -0.1326901506219072 0
0.5355276977731583 -0.1411177134475064 0
0.3133751717688376 -1.102337265915411 0
1.102518986387217 -0.06219869455029418 0
1.140436782168529 -0.0295819701430347 0
0.5605837123546431 0.6671398942319801 0
-5.593964302468382 2.90490747684179 0
0.1361899311963628 0.1718423395361249 0
-3.607700995281606 5.229327691586709 0
0.6143871814036894 1.05309468797502 0
0.6723226067853392 1.175729455659432 0
0.3953855559844743 -0.2176967991817626 0
-0.077642228271596 0.5644229563274207 0
-5.689381332833029 -1.874070213848971 0
1.65900353789787 -0.6913096200078722 0
1.645114332398062 -0.8975896135551664 0
1.311254840743948 -0.3311054680131923 0
-2.635023592368524 -0.7805922826994494 0
0.07336857370539784 -0.195156894663279 0
0.4344830686996001 0.3001571145175855 0
14.76757994136645 -14.07178871749661 0
-0.02060654455181168 0.1183913906416678 0
0.8021188587136256 -0.113226311325155 0
0.3892596063080785 1.052220792172366 0
0.8598514764870533 -0.1839171449875672 0
0.7034800503866667 0.6550582269601358 0
0.03072282454248616 0.14697340048386 0
3.379739585107386 -0.7491469122189529 0
1.076431621904988 7.274618387356283 0
0.7556464155926212 0.4197635920164581 0
0.4174550622676634 0.1772510302004397 0
0.7138946830068935 0.4202294740208997 0
-3.722663343691724 -21.0251462965617 0
0.6362920513604716 -0.135254275954059 0
0.6128110964307029 -0.2935960887487597 0
0.5071896225341122 -0.2337600135807066 0
1.83755445319342 -1.700595482862396 0
-0.9007725757536041 -0.2428673003016784 0
-0.07598787457479553 0.09896419331308004 0
0.9939632669821893 -0.9722180366115407 0
1.26635859410773 -0.7961528557681158 0
0.08984934709707043 0.1625612846966152 0
0.7785312951919332 0.6446632501409463 0
0.5765411656501946 3.766560594389802 0
0.043821164940953 0.5724934980692998 0
0.6019331637161766 -0.136473302192041 0
1.047929142209843 0.4357640520294287 0
0.158833540518073 -2.13729048076756 0
0.0811785869971387 0.1609956099228517 0
0.4172603003834265 0.2835526393395782 0
-18.98519277365146 7.578106588177549 0
0.1033306842626033 0.1666869274764514 0
0.8213212539127757 0.2421855946113852 0
1.227256088129626 -1.887107934355482 0
1.119416648305672 -0.02507617897151971 0
1.07000212182962 0.1013103064419065 0
-21.19119508168029 -1.282442102012581 0
-0.04505687940320474 0.1158067396637312 0
0.8659554201619769 -1.952322001737672 0
23.22857945024463 18.38648804858333 0
0.7324203401271504 0.1604304422852371 0
1.032978498893654 0.1085185621287295 0
0.8665378958012472 0.238045231326845 0
0.8579773671171169 0.2612105309129077 0
0.274823825701473 0.185520216102076 0
0.9732174214427949 0.124682572131321 0
0.9762158570274246 0.1135173568483092 0
-17.35244597146206 3.225626703337988 0
5.558979953868619 2.429160671530476 0
0.8903040384833029 0.2358083939760709 0
-0.301489734366035 0.5748041106365868 0
7.506200457535763 -13.55779902952993 0
0.4495056464149721 0.2616617624394502 0
0.0992799834926872 0.2171286195299962 0
-2.614152897176234 -4.084708702642976 0
13.20616867245211 23.13624416819423 0
-14.36182277637684 -20.89540619275832 0
-13.30887895779599 -23.0049495961212 0
0.8483288634268205 0.4219715637231709 0
18.93191505237435 -7.278975769158206 0
7.350814008463915 -8.463049428139156 0
-3.495561574885429 2.687396808383569 0
-22.85719122168059 5.656194852666457 0
1.044162610235717 -0.09452328697902881 0
0.04530857020175377 -0.1372052833943397 0
0.1267950479606046 0.2138232148165645 0
0.8359988385426085 -0.2570492379561354 0
0.2290865798403866 0.1744173062535267 0
0.8921261351461443 0.4141943999111176 0
0.8578453618130485 -0.2167974166325873 0
0.820997739260112 -0.2219685562246387 0
0.2923454602009049 0.1862957423425469 0
10.39272566775586 11.66109790707726 0
0.7664809739174172 -0.2019893571403961 0
0.776134619903433 -0.1252541657945702 0
0.9192871538380987 0.1234006143126005 0
-0.09460362761779766 4.620285454410295 0
10.64031440674277 20.73847001819845 0
0.5152558827733019 0.1880129196777093 0
-7.391283711622617 -12.16639394583016 0
-0.0671547130413663 0.1153894684242751 0
-3.627737563330554 1.122457147615472 0
-0.01870347169804167 0.2720753915883816 0
-1.111974422690391 -2.516780218985909 0
14.43609842658618 17.14424548200927 0
2.032203939759111 1.768601219556523 0
0.5480634718381201 -0.2019446179447404 0
0.7128048056099513 0.1575299625661008 0
0.2291884314952107 0.1925964517588507 0
0.5303387715516801 -0.4886566930854528 0
0.8151322475984097 0.1419744717010853 0
0.3654242362525126 -0.2230424725939175 0
0.9293828454265429 0.2312875070909998 0
0.09354638661070658 0.3070800279556382 0
0.5302880284865032 0.3224743390760559 0
1.767694840725745 0.1769380414693885 0
-0.3581530455232572 -1.05885667041505 0
0.1454187653773309 -0.6611857432753042 0
0.5296117681023195 -0.1868612860492672 0
0.1737944803579002 2.488308871703075 0
0.9890255769831156 0.4190940478329994 0
0.6878325252161317 0.1612352707844016 0
0.004563446473602854 0.2943758595128463 0
-0.1948038217949321 -2.205097341160143 0
0.8654769444525159 0.1330537453213575 0
2.98948849271638 17.01890032259621 0
4.501033553046819 -13.28813194488006 0
2.408176973316767 -12.42720880063462 0
0.8873134384303016 0.1294858905764919 0
0.8803380267301482 0.1299289567842538 0
-0.8941613398715007 0.6552359110322621 0
-10.7764883631107 -22.99712322492696 0
0.3774440724665835 -0.2018080836066957 0
-20.83773740668107 -16.65702616763262 0
0.4228092478032153 0.212917222273965 0
-0.4418560005725253 -4.636705847700579 0
3.919530723458021 -4.594788488238546 0
0.8412292562512939 0.2832245946598201 0
0.3396658798113542 0.178772410198114 0
14.7708737011852 20.91612210075159 0
-6.848033864698913 -19.07381914644597 0
-0.02466559053987488 0.3534577767101925 0
0.9535233513239206 0.1682849981949523 0
-0.1391432512759435 -0.7904602264338132 0
0.615998259889653 0.1621070301463822 0
0.2286941909879056 0.2639479087022523 0
0.2243719647276317 0.2824099273997212 0
0.1271974142150392 0.1711994476779998 0
1.935222139825033 2.93841564203938 0
19.04579760494506 1.912853185849774 0
0.8381318290000925 -0.4405921336779439 0
0.4325581979965585 0.1846124540614454 0
1.430480180621808 -0.9751390427900246 0
0.7525349196640468 0.1522329136355861 0
0.3592735575855158 -0.5498838638877113 0
0.4200663294269203 -0.6179788887541384 0
-0.08046536254051456 0.2585132702823262 0
1.343458721424705 0.1285756171152932 0
1.313564899327774 0.4014371036132313 0
0.1580605878644894 0.2423421630209476 0
0.9699108246276533 0.1069649692328317 0
0.1765327642857353 -0.3084875301125065 0
0.5961848767724345 -0.2146649743106782 0
17.62145846655742 16.4946705268269 0
0.9748318801606197 -0.1052289684258376 0
-0.3708488806079642 0.1786168674077004 0
-0.2781869978634646 -0.5357760793860263 0
-23.33411567902106 18.39817147658902 0
-0.0625096850023564 0.6338458472458903 0
13.62356268706128 3.137147691048326 0
1.181447029515622 0.4443048304867599 0
-7.027348711806607 1.544274601160965 0
0.02424604104858637 0.1436529319536486 0
0.05915106427214606 -0.2168442662321809 0
1.294699511483199 -0.2145532342090474 0
1.835578349582482 0.9505607274549663 0
0.9087242906289956 -0.1130106025784358 0
0.6379997224425817 0.1674662980937441 0
1.158543485407794 0.07831043352404257 0
-0.1166617930274744 1.006362127584792 0
20.99511878251689 -19.72481011960148 0
0.9583092077116488 0.1095868385066043 0
-1.618948852566919 1.247280196015963 0
0.8087835334464144 -0.1930004691966832 0
0.6576940643258357 -0.2254581549219584 0
-10.54165861313316 -4.873483412691458 0
0.607823663577426 0.2016414287747239 0
0.3620553154776895 0.202551170414858 0
1.112996195795795 -0.08807775339849253 0
0.665990872964093 -0.2000674715474932 0
0.3179571629124719 -0.1618602054088811 0
0.9804535726317836 0.2256134199940246 0
0.4521436988537538 0.1757246600563328 0
0.716513335039265 -0.2398497396755958 0
0.7245304808285862 -0.1826232330234712 0
1.051731926893111 0.1028460273360871 0
0.5471068247817458 0.1680798152845605 0
0.7460821145091134 -0.1261683708289935 0
-10.49671200338087 13.08892622325444 0
-0.6351403354886502 9.19369072712049 0
-9.332182380157688 2.228539661659804 0
-0.1840382913942696 0.0487841324854917 0
-0.2292949812485438 0.02798606986729275 0
-0.2321395238912558 -0.03301570271965931 0
-0.1896910508606109 -0.04357099043701294 0
-0.2148729848028833 -0.1077053687743899 0
-0.1629491450133861 -0.07664385172796789 0
-1.322242136628395 0.2605349934690929 0
-1.526846605106054 0.4252483849946684 0
0.6493499178037498 0.1569333083200621 0
-0.150852497619463 0.2659978675051268 0
1.565031715159541 4.645241592113918 0
0.6554924200556661 0.1882168723266799 0
0.2018231558672549 0.1813412304908391 0
0.00112092830172484 -0.2089305390850981 0
-0.0152514379088275 -0.2452092135709396 0
1.08929045703767 -0.1101860076660298 0
1.301175266096352 1.083892748031403 0
-0.504491370995352 0.6050059444475793 0
-0.4723319280475468 -0.3454829275033923 0
0.1832785162193787 0.1777925656557478 0
0.3767255150616226 -0.1476161475620787 0
0.996396013555747 -0.1048394217065489 0
-5.371769175202783 -4.496937534834452 0
0.1919155268497991 0.2511772627462355 0
0.6930099864607562 -0.1439801018599728 0
0.2319414937762058 -0.2453705328091561 0
-2.54243038968362 3.119975771837159 0
-18.42105263159594 -23.27875168377125 0
0.5825696150166355 0.4247584889604747 0
-0.6971376764232498 -0.1514215622031026 0
0.1665333162903871 0.1784480583772314 0
0.7197411323274038 0.2604909122792934 0
0.317676752089021 0.1866079693014602 0
0.8829019724540763 -0.1144669485197801 0
0.293601717971352 0.2832285748298715 0
-0.4009931892951796 0.1035911924327085 0
23.17208167697173 10.13977493271744 0
-6.77576754449463 0.4097990782000271 0
0.8513399838128914 -0.1261176087564296 0
0.7309266830445773 -0.1269146652196111 0
0.6590830182421783 -0.1325185232100188 0
0.970249902220725 0.4731471644068079 0
3.439056107145005 -5.348738594283987 0
-0.01899730813228852 0.1735965022561835 0
-0.1821801110980427 2.396592590159726 0
1.469192559148485 -0.3960117641356826 0
1.023408096880671 0.1735181517346266 0
0.2684015304592101 -0.1506194561779664 0
0.1558590924622471 0.1667344711507852 0
14.9040416609977 -1.610857649787216 0
0.8986740910233006 -0.1683214432178111 0
-0.05923989326473444 -0.1918591158184891 0
-0.1547399133281435 -0.2257604772991121 0
0.9349663570941594 -0.1615303414207575 0
1.018120222707587 0.1043838573527879 0
2.307364463550548 1.001717352865283 0
0.8332750823822987 0.1805849278781921 0
-0.05422584931734029 0.1678939540475817 0
0.8008866183851571 0.143587411200974 0
0.4311257749046704 0.2051729531233088 0
0.2695751828416281 0.2043098199972398 0
0.1658605860181722 -0.1490519351622097 0
0.8615010277684704 -0.1640584274483057 0
14.81034440104425 1.118145927305401 0
1.058579245533406 -0.1506969564374993 0
0.236435525166228 -0.1410034756958263 0
0.5876577146662166 -0.1461159955897987 0
0.9081628341064953 0.1238180652826863 0
-0.3284995136369434 0.2417763066423962 0
0.5776696208163685 0.1733992441933115 0
0.9665045409761336 -0.3769184553695275 0
0.8741085469861912 0.1661743451972303 0
0.4043409936157581 0.1863043728623587 0
0.7591652888241188 -15.50571742018308 0
0.3166487677936869 0.2046351778453967 0
-0.1050512297911517 0.1711885191049001 0
0.8320325490828465 -0.1327573536241836 0
0.8959127291912991 -0.1130491902362931 0
0.4633059047081844 0.3022100267480827 0
-16.78272263530819 -21.07609365680293 0
1.650824742892844 -13.88554570425485 0
2.458244187034273 -2.055452874915543 0
1.080538857964931 -0.06798050639003328 0
0.1858950307316283 -0.1492415943787769 0
3.823544830924329 2.630418544771175 0
1.148264717590386 0.5149976435919434 0
14.24429880390444 -10.64711809170177 0
-0.3449013735175167 0.6508309581680431 0
19.16491160633255 -2.825606299161222 0
0.9121087120508078 -0.190125387289605 0
0.9462183559859716 0.1103294170001531 0
-0.9960941115024942 -0.07921646096184974 0
1.955358553866066 -10.19139737409563 0
1.173262178279685 -0.656362589187751 0
0.6714529168646882 0.1628943422178722 0
0.9418655907903108 -0.1080084454898766 0
-6.064829394924772 12.47135561314925 0
1.070907398225142 0.1656587203880042 0
0.2068723726871684 -0.1509486548879493 0
0.2378079802982676 -0.1489830996511189 0
0.9234255824644431 0.1480424962362613 0
0.8154318520256185 -0.1130203195683787 0
0.829884552902854 0.1375338869290648 0
0.3091827816706029 0.1858330750625771 0
5.384460797058942 3.004061191715047 0
-8.151027302501422 20.31842399279487 0
0.7492867556291137 0.2328035767150497 0
0.912391334368067 0.2536632499532108 0
0.7824866735079286 -0.5872500135893584 0
-0.2184923982328187 0.3762845173388084 0
1.123806839123816 0.2784181134822592 0
0.0809933236664496 -0.142771678259407 0
-13.96708094047857 -8.637786906409454 0
-0.1224337166032245 0.2997469049623473 0
0.2921500937861305 0.4642457458447876 0
1.086913499114064 -0.05474518033976224 0
-0.2294257975542436 0.163567309919751 0
0.5831351190602831 0.1899642412298688 0
0.3924939012057627 -0.250439728531926 0
0.002784380731577334 -0.1303133285396041 0
0.9703823350255443 -0.2163034397984469 0
0.4874495571156517 -0.1420852909472389 0
0.7148652251442544 -0.12758677092402 0
0.3869638296546655 0.1856290141570031 0
0.05478531238538023 0.1547889168362717 0
10.81032555516953 -5.123295641582353 0
0.5222309356005552 0.2850525496469848 0
0.7709929869760215 0.171739972613791 0
-1.62148496624137 -1.851533264958157 0
0.2117712759270483 -0.1785721587928439 0
0.8223198867676427 0.1401268686774693 0
0.1693170640008977 0.2557274316989816 0
1.137761397627179 0.05418127139590352 0
-18.62250012163513 16.12244617527325 0
19.31397779412971 -21.10462782280722 0
-1.75097098579085 0.65576601489526 0
-1.978617765012989 1.003789730209556 0
0.4670851973693648 -0.1434956717934219 0
0.81143096469363 1.145382168792386 0
9.171157838195924 -13.55741157516536 0
0.3620248087633349 0.3297968974145038 0
0.1180499477376188 -0.1899185590239525 0
0.0963889006970399 0.8023900423448195 0
0.219968374142455 0.1824514526216286 0
0.6025009838113604 -0.2453117311622671 0
0.1432676936225321 -0.2379708965824744 0
1.530288247610726 0.6400310478926164 0
1.577334187790655 16.61266023213314 0
-23.15662810995572 -6.017712544900613 0
1.267414631007379 0.5027302342670419 0
0.482007633663901 -0.2560779140482728 0
0.3399178395491269 -0.2362652590801589 0
-0.2949834680004878 -0.009191058255241405 0
0.8512355529604655 0.1353187654969053 0
1.141685808977291 0.1440771046049543 0
0.6942793215029224 0.4612484565033512 0
-0.05434641952404662 -0.2919147792710538 0
23.442764872889 -13.12122346529823 0
-0.03941177436337011 0.1899083792141543 0
23.16492566061366 13.76138605107177 0
0.5210918839562679 -0.205568043838442 0
1.69234070639858 1.947168234337641 0
-23.4923482113574 -10.52631578939533 0
0.4711476936102988 0.4149125560455055 0
0.07561157062774518 0.1672526065302145 0
0.8712302515282524 1.043524747268714 0
0.3651680774775092 0.2670909959678287 0
-0.7452191248569247 -0.305406391739216 0
23.0735505063891 23.07355050638409 0
-11.27452830325553 2.319041669793418 0
23.07355050638409 -23.0735505063891 0
-23.07355050638409 23.07355050638911 0
0.7061861115518036 0.1689049729170786 0
-0.8370694195911602 1.118133253134244 0
0.3392187991049634 -0.1706471554158039 0
0.785048564812304 -0.2203158416694407 0
0.8018398650661648 -0.1199798561388861 0
-7.765465249122192 6.562171522078338 0
0.3244092220358288 -0.1748234111639072 0
0.07346777321974936 0.2023741763501301 0
0.8580959945519002 0.1764314417982966 0
-23.08694930380852 -23.08694930380341 0
0.2907563122137058 -0.150799083711995 0
1.647781934109443 -0.4856057265444245 0
0.351368942493791 -0.1477291308665747 0
0.6205794413743249 0.1690227699856541 0
0.995688541672461 -0.1379391980716989 0
1.008780624725761 -0.132053394423525 0
0.9953225861287943 -0.1589927764945139 0
0.9132476613233126 0.1224669514951299 0
4.941032523043323 -3.055974988917625 0
17.1225139762009 -21.14236556991769 0
-4.311857180031197 -8.752320855955759 0
17.03476614115466 -9.798772081313853 0
0.7632723504738897 -0.1236233365555103 0
3.556424767110856 0.1223643804481343 0
0.1433808635951491 0.1714597039362528 0
0.7662038358924542 -0.1840734511659089 0
0.3398947850755817 0.4591468880224157 0
1.805428791253313 -2.033022991268857 0
-0.3533780144390746 2.169186867940757 0
0.2455917936214289 -0.3815523841503162 0
0.7369009396565414 0.1533053112818094 0
0.02605519586581614 -0.1345367934314801 0
0.006260143212829227 0.1710053917428352 0
0.417135400800742 -0.1439192312237368 0
0.3999212313141146 -0.1570274698755253 0
0.5884589212932517 0.2511853163524033 0
0.7175271193936728 0.221219278025641 0
0.9219690929841144 0.1712558036488211 0
-0.06318334010932075 -0.2312331038883978 0
0.4363841622054473 -0.1455939211445526 0
3.691729001337661 -1.098646501896279 0
-0.02793908667836474 -0.1362584323129674 0
-0.13467613361826 -0.1384202975310115 0
2.325497796182344 -0.538406643045793 0
9.597058328771586 12.73707438586539 0
1.177004413909059 0.124953819312069 0
0.5122754792639475 0.200748551853523 0
0.1092041564419519 -0.7744061007569054 0
1.449629775587322 1.585487956304366 0
0.9628293372342962 -0.1204412933849984 0
-21.41636920002102 -14.4102527307324 0
0.5926879424428996 0.3156649515344581 0
0.8361480409577173 0.2590193747662745 0
-4.703544785015445 12.40473849813507 0
3.848291063004393 5.241292144531448 0
0.6886492823320338 0.278063251544018 0
0.9103169491580646 0.160486982036984 0
0.8380957588999056 0.1535583457211676 0
0.9268169023252707 -0.1090741666543502 0
1.061281439692888 -0.1056689894454887 0
0.5143537044519443 -0.1423570876784651 0
0.1056471399137046 0.2307050970663818 0
1.006802142071072 0.09967061659537306 0
-10.96975543029348 4.303499100187475 0
0.2407129327078454 0.2769947753364782 0
7.940777495252073 12.60963245225836 0
0.4723590707036244 0.1815827342783695 0
0.5351776107017514 0.1769106694362487 0
0.4106001214967826 -0.1439706809951689 0
0.4105383448692083 0.2193838689356281 0
-0.003123994570523404 -0.8407431956614526 0
-0.1906882835262356 0.6308420275400065 0
0.9852190582850749 -0.1072864730513828 0
-3.018204900045713 -2.63902214277695 0
-0.2794077857617536 0.3658331583346444 0
11.7457049087445 -21.37044286632474 0
5.317180976500469 1.95209422895892 0
4.483244258605213 7.624767791253912 0
0.4828490759025739 0.7214758960425075 0
0.6182811010029899 -0.1341435515646898 0
0.3019321421791129 -0.1613493714329982 0
0.4554939467583479 -0.142479274949481 0
-0.4761864985785962 -4.078157703600353 0
0.2866469653363899 2.742072751244157 0
0.05343905242155354 -0.1648194873183967 0
9.110551242169205 -21.5078304861091 0
0.7366063429706405 0.168179483567401 0
-1.107892012919534 0.9762119452637757 0
1.228512605349647 1.242572471263876 0
0.6500624304962233 -0.1308121676790203 0
0.3671664542961982 0.4976063597156192 0
0.5087865314777023 0.2145638639946498 0
19.64144392394617 4.950415004630309 0
0.2444896841891063 -0.7666683749207329 0
0.7379923484483859 -0.1250058086085362 0
14.24958665197279 -18.90200920454206 0
5.959478151878876 7.60729278294153 0
0.9017475105501932 -0.1113933604821518 0
0.9993198216304204 0.256846781422302 0
19.45241305495865 -0.002493112623053684 0
0.3941847331300565 -0.1463466655815068 0
-20.63805343924279 16.32423785550221 0
-0.1304357622030084 -17.16667492221718 0
0.6432391418633141 -0.131588542164248 0
0.8754977004803912 -0.1131468273356818 0
0.869467249142417 -0.1143408758310619 0
0.03809963052924795 0.1484034675061087 0
-8.225298175000086 -20.87064229797038 0
0.7330896153263424 0.2772364956849797 0
0.291304625822203 -0.2872784254084276 0
0.9801506055030411 -0.1088327123670088 0
0.1913208662033254 0.1784025594628396 0
0.4088742041918866 0.1764515464278829 0
0.5932825175341272 -0.1374097127447627 0
9.527833532456452 -1.935551184531375 0
0.5678814512127094 -0.2315614018065114 0
-4.194681655000402 13.60067865715527 0
0.3353791755828548 0.1861001575172769 0
0.8888641519968518 -0.1125618873763747 0
2.524945412786874 19.57605886071303 0
0.3849004442953425 0.4565547759103499 0
-18.1183488803218 4.695600665227654 0
0.3684626741034119 -0.1462782139725677 0
1.102721187680667 0.05976690088466602 0
0.9807738869143341 0.1304919366818997 0
0.5620583405116952 0.1747598511430735 0
-0.08536544231257621 0.08522950218202942 0
0.6614028641439681 0.267066438147171 0
0.08489964866167182 0.2248567071825687 0
-0.1216907967655607 -0.03455775684759368 0
3.155557777589199 8.28813137451561 0
-23.62791121238192 10.5263157895377 0
0.2817543801560091 0.2198765137235735 0
0.9530815603634235 -0.2472349630890709 0
0.7441809885427741 0.1513778424177812 0
5.599160262252893 -6.2531801121633 0
5.799077065142328 11.26013754093868 0
0.05301590323432292 -0.1377280194608173 0
0.5420979853336217 -0.2593003934910154 0
8.644568552548348 -8.305188918274339 0
0.5715985113541228 0.1954653487353119 0
-14.98952676495087 -10.19059912718966 0
0.2220466679405208 0.3025068080139082 0
0.4373825417545534 0.4456448835062951 0
1.04242670515191 0.1942248681949053 0
0.1468313123263065 -0.147571104024047 0
0.1438564394242826 -0.1550235381298253 0
0.9961850044769722 1.036157390555803 0
-0.1704750592323806 -0.1175292915312886 0
0.8079364184519418 0.143090167856653 0
0.6216129537342776 0.7295288713675843 0
0.1481791164533708 0.1650255331636362 0
1.035460511150798 -0.1524552621801193 0
0.2141316314752711 0.4696933000296568 0
0.5086591450561104 0.3230933249786533 0
0.3294115339503467 0.2194781034720954 0
0.8399948340780365 0.3098240966772583 0
0.0451598382252302 0.2019823368785053 0
1.044914012417663 0.2571798767978489 0
-21.33938458409804 14.56433627659721 0
0.7770629934872115 0.459127849873499 0
0.7537137871223818 -0.1238886817805227 0
1.132800105108887 -0.176108481705563 0
-20.97844964135048 -20.60401561950358 0
0.7763872820818285 0.1467776975399441 0
0.5950402652262134 0.1959275723530378 0
0.3537546717611956 1.45329550691707 0
0.7125085070303241 0.3010087300655191 0
0.8137776294556087 0.1496236578756855 0
1.153071291419638 1.432667583920443 0
1.864975050034435 -0.5946270921521781 0
-0.007739738132595689 0.1847521779777197 0
1.023809044276359 -0.1324159660393769 0
5.000359936861466 12.30942239323936 0
-2.336359527293301 0.8604301766712771 0
-14.87317012921917 0.5376987027521481 0
0.2112369294429622 1.434001066638837 0
-0.394446429588262 -1.269511348191292 0
0.259189144638736 0.1839634956740017 0
1.021288213969898 -0.1767539951008154 0
-0.02695677330985163 0.1128619811542215 0
-9.654996865843989 14.59830259934749 0
0.360366361698128 0.2140485834318256 0
0.1075109217161556 -0.2944486112231209 0
-0.6320319031427086 0.2252603810246669 0
0.3173777205386292 0.3182989162721368 0
0.7761260955594685 0.1805473471163558 0
2.206207344386465 0.7499558338200034 0
0.0303417593251233 0.3656245308266924 0
0.5079042229028583 0.4074035906512192 0
1.008661574836779 -0.102082599152822 0
0.3264076035172969 0.1853306072979832 0
0.6195120453714678 0.2695896902888523 0
0.1612602855766445 0.1866483436221475 0
0.06122999520174891 -0.2496711977880507 0
0.2441924773349795 0.1843547761659506 0
0.4434839957300695 -0.3380366255368097 0
0.4058743331429858 -2.371467748519627 0
-21.15451462547428 7.299882954487885 0
-6.187273101470055 -8.803906472908929 0
5.180354105038266 8.97700855819062 0
0.2405035670988238 0.3167889287754109 0
0.7291123885730474 0.15387956971133 0
0.8362716805227883 0.1370039901240167 0
2.064978577941904 0.915056518587035 0
15.33354399494666 -0.2299852145913059 0
0.09685594000147064 0.1628367609841782 0
0.9210529052438184 -0.123840909776722 0
-3.328634647373067 1.555800795997312 0
2.058174716525449 4.73004517430854 0
-5.163034108979842 20.21135028920218 0
1.017154788247126 0.09695907630738843 0
0.07807969848139551 -0.3314949973717258 0
13.96136816672386 1.93973737696797 0
0.3697013562717047 -0.2884169720178651 0
0.5522202457727998 0.4509005901686215 0
0.7158315302880301 -0.1444768729059694 0
0.3529581865852072 0.1855963672584294 0
0.7760836172082186 -0.138344886959703 0
1.983106561215316 3.72922024982525 0
-2.600692341640793 5.846178939373562 0
0.5154530814180832 -0.5833872893359803 0
-0.4222640289914832 0.6705841394910996 0
6.707427084798042 -21.78051825012434 0
0.6085299128552853 0.2140430747477617 0
0.5164477292759473 0.1788375443148184 0
9.848499398495745 -14.90390603622764 0
0.05977667257099911 0.2024993581059855 0
-1.226578776727127 10.02442054444641 0
6.975606774157949 -7.532814007648073 0
5.742516834341879 4.320228762985438 0
0.8204617334424182 -0.2964781869801429 0
0.5255076393395526 -0.1400655585141069 0
0.5852594438704214 0.171483084051306 0
-0.3214593278699587 -0.1131636373165183 0
0.2967783859222243 -0.1746548168617556 0
0.02075108614960497 1.634158996219774 0
0.2216016043753212 -0.1476428527765479 0
7.08024659890547 1.414210952792593 0
0.5451660640822785 -0.1396123614089159 0
9.827289384765573 6.561093289815641 0
2.458811184367503 -2.413398132475399 0
4.410514391816526 2.814968010133979 0
0.7302808773451136 -2.29516009338363 0
0.3959780315790835 0.7132616282766848 0
0.8902114988515999 0.2961311508402631 0
0.9080597209611528 -0.1245710149514289 0
0.4399439360601783 0.1818497175391902 0
-0.9710891271589521 0.8263427928881903 0
0.9478183022702888 -0.1145624973804061 0
1.272552557363325 0.6362121516428646 0
0.4476604905130213 0.1832366945869248 0
0.604024431414383 0.169276369292661 0
0.4442209421014678 -0.1428612809601992 0
22.86121913123814 6.267244360881634 0
1.167246618387246 0.2682372123525775 0
0.3768324524979499 -4.79910655302491 0
-7.373771059498162 12.35177259545088 0
0.2582719085149535 0.3018598696016679 0
-23.11423951043185 -4.317883388044783 0
0.01886864208978515 -0.1436619923068104 0
2.602270061544774 0.9240958302778294 0
1.009497749244082 -0.2238438401549255 0
1.881010921030289 0.3475086847524758 0
0.2251506081123839 0.2003846169475172 0
0.8966661802824007 -0.222541652230376 0
0.6287070708983916 -0.1616026148423629 0
0.8558520531045745 -0.1153878790886667 0
4.298873956671691 -3.011280376247572 0
0.1789936835678022 -0.3670896853625896 0
0.7563880508363597 -0.259313256577706 0
-0.3502127170360648 -0.6496415265062154 0
$EndNodes
$Elements
8 10532 1 10532
1 1 1 149
1 1 7 
2 7 8 
3 8 9 
4 9 10 
5 10 11 
6 11 12 
7 12 13 
8 13 14 
9 14 15 
10 15 16 
11 16 17 
12 17 18 
13 18 19 
14 19 20 
15 20 21 
16 21 22 
17 22 23 
18 23 24 
19 24 25 
20 25 26 
21 26 27 
22 27 28 
23 28 29 
24 29 30 
25 30 31 
26 31 32 
27 32 33 
28 33 34 
29 34 35 
30 35 36 
31 36 37 
32 37 38 
33 38 39 
34 39 40 
35 40 41 
36 41 42 
37 42 43 
38 43 44 
39 44 45 
40 45 46 
41 46 47 
42 47 48 
43 48 49 
44 49 50 
45 50 51 
46 51 52 
47 52 53 
48 53 54 
49 54 55 
50 55 56 
51 56 57 
52 57 58 
53 58 59 
54 59 60 
55 60 61 
56 61 62 
57 62 63 
58 63 64 
59 64 65 
60 65 66 
61 66 67 
62 67 68 
63 68 69 
64 69 70 
65 70 71 
66 71 72 
67 72 73 
68 73 74 
69 74 75 
70 75 76 
71 76 77 
72 77 78 
73 78 79 
74 79 80 
75 80 81 
76 81 82 
77 82 83 
78 83 84 
79 84 85 
80 85 86 
81 86 87 
82 87 88 
83 88 89 
84 89 90 
85 90 91 
86 91 92 
87 92 93 
88 93 94 
89 94 95 
90 95 96 
91 96 97 
92 97 98 
93 98 99 
94 99 100 
95 100 101 
96 101 102 
97 102 103 
98 103 104 
99 104 105 
100 105 106 
101 106 107 
102 107 108 
103 108 109 
104 109 110 
105 110 111 
106 111 112 
107 112 113 
108 113 114 
109 114 115 
110 115 116 
111 116 117 
112 117 118 
113 118 119 
114 119 120 
115 120 121 
116 121 122 
117 122 123 
118 123 124 
119 124 125 
120 125 126 
121 126 127 
122 127 128 
123 128 129 
124 129 130 
125 130 131 
126 131 132 
127 132 133 
128 133 134 
129 134 135 
130 135 136 
131 136 137 
132 137 138 
133 138 139 
134 139 140 
135 140 141 
136 141 142 
137 142 143 
138 143 144 
139 144 145 
140 145 146 
141 146 147 
142 147 148 
143 148 149 
144 149 150 
145 150 151 
146 151 152 
147 152 153 
148 153 154 
149 154 2 
1 2 1 149
150 2 155 
151 155 156 
152 156 157 
153 157 158 
154 158 159 
155 159 160 
156 160 161 
157 161 162 
158 162 163 
159 163 164 
160 164 165 
161 165 166 
162 166 167 
163 167 168 
164 168 169 
165 169 170 
166 170 171 
167 171 172 
168 172 173 
169 173 174 
170 174 175 
171 175 176 
172 176 177 
173 177 178 
174 178 179 
175 179 180 
176 180 181 
177 181 182 
178 182 183 
179 183 184 
180 184 185 
181 185 186 
182 186 187 
183 187 188 
184 188 189 
185 189 190 
186 190 191 
187 191 192 
188 192 193 
189 193 194 
190 194 195 
191 195 196 
192 196 197 
193 197 198 
194 198 199 
195 199 200 
196 200 201 
197 201 202 
198 202 203 
199 203 204 
200 204 205 
201 205 206 
202 206 207 
203 207 208 
204 208 209 
205 209 210 
206 210 211 
207 211 212 
208 212 213 
209 213 214 
210 214 215 
211 215 216 
212 216 217 
213 217 218 
214 218 219 
215 219 220 
216 220 221 
217 221 222 
218 222 223 
219 223 224 
220 224 225 
221 225 226 
222 226 227 
223 227 228 
224 228 229 
225 229 230 
226 230 231 
227 231 232 
228 232 233 
229 233 234 
230 234 235 
231 235 236 
232 236 237 
233 237 238 
234 238 239 
235 239 240 
236 240 241 
237 241 242 
238 242 243 
239 243 244 
240 244 245 
241 245 246 
242 246 247 
243 247 248 
244 248 249 
245 249 250 
246 250 251 
247 251 252 
248 252 253 
249 253 254 
250 254 255 
251 255 256 
252 256 257 
253 257 258 
254 258 259 
255 259 260 
256 260 261 
257 261 262 
258 262 263 
259 263 264 
260 264 265 
261 265 266 
262 266 267 
263 267 268 
264 268 269 
265 269 270 
266 270 271 
267 271 272 
268 272 273 
269 273 274 
270 274 275 
271 275 276 
272 276 277 
273 277 278 
274 278 279 
275 279 280 
276 280 281 
277 281 282 
278 282 283 
279 283 284 
280 284 285 
281 285 286 
282 286 287 
283 287 288 
284 288 289 
285 289 290 
286 290 291 
287 291 292 
288 292 293 
289 293 294 
290 294 295 
291 295 296 
292 296 297 
293 297 298 
294 298 299 
295 299 300 
296 300 301 
297 301 302 
298 302 1 
1 3 1 19
299 3 303 
300 303 304 
301 304 305 
302 305 306 
303 306 307 
304 307 308 
305 308 309 
306 309 310 
307 310 311 
308 311 312 
309 312 313 
310 313 314 
311 314 315 
312 315 316 
313 316 317 
314 317 318 
315 318 319 
316 319 320 
317 320 4 
1 4 1 19
318 4 321 
319 321 322 
320 322 323 
321 323 324 
322 324 325 
323 325 326 
324 326 327 
325 327 328 
326 328 329 
327 329 330 
328 330 331 
329 331 332 
330 332 333 
331 333 334 
332 334 335 
333 335 336 
334 336 337 
335 337 338 
336 338 5 
1 5 1 19
337 5 339 
338 339 340 
339 340 341 
340 341 342 
341 342 343 
342 343 344 
343 344 345 
344 345 346 
345 346 347 
346 347 348 
347 348 349 
348 349 350 
349 350 351 
350 351 352 
351 352 353 
352 353 354 
353 354 355 
354 355 356 
355 356 6 
1 6 1 19
356 6 357 
357 357 358 
358 358 359 
359 359 360 
360 360 361 
361 361 362 
362 362 363 
363 363 364 
364 364 365 
365 365 366 
366 366 367 
367 367 368 
368 368 369 
369 369 370 
370 370 371 
371 371 372 
372 372 373 
373 373 374 
374 374 3 
2 1 2 6680
375 1 1959 1970 
376 1 1970 1981 
377 1 1981 1992 
378 1 1992 2003 
379 1 2003 2014 
380 1 2014 2025 
381 1 2025 2036 
382 1 2036 2047 
383 1 2047 2058 
384 1 2058 2069 
385 1 2069 2080 
386 1 2080 2091 
387 1 2091 2102 
388 1 2102 2113 
389 1 2113 2124 
390 1 2124 2135 
391 1 2135 2146 
392 1 2146 2157 
393 1 2157 2168 
394 1 2168 2179 
395 5828 6926 5196 
396 5465 6079 4822 
397 4265 5359 4274 
398 1441 6945 1969 
399 4998 6638 4961 
400 4299 5629 4295 
401 5227 5492 5490 
402 5615 6573 5113 
403 5512 6025 4437 
404 6190 6602 6201 
405 4467 6247 5321 
406 5574 6811 4261 
407 5541 6977 5852 
408 4694 5010 5009 
409 4632 6257 5817 
410 5520 5614 4630 
411 4513 6566 4910 
412 4940 6583 4938 
413 5359 5360 4274 
414 5295 6279 5083 
415 5678 6827 4899 
416 5970 6074 4479 
417 4328 5590 5324 
418 5392 5898 5396 
419 4423 5511 5364 
420 3663 6796 3146 
421 6463 6483 4462 
422 6041 6954 4714 
423 4958 5594 5593 
424 4935 6461 6399 
425 4934 4935 4813 
426 4309 6308 6197 
427 4935 6399 5313 
428 4545 6395 4840 
429 4298 6338 4919 
430 4633 6042 4504 
431 4910 6776 5698 
432 5983 5984 4424 
433 6313 6761 6397 
434 4822 6680 5465 
435 3850 6521 4048 
436 5486 6353 4876 
437 5257 5607 5312 
438 6170 6638 6226 
439 4997 6586 4976 
440 5734 6567 4724 
441 4513 4910 4515 
442 5457 5870 5416 
443 4060 5497 5495 
444 4108 6497 5685 
445 440 6945 1441 
446 4254 5828 5718 
447 6165 6181 4032 
448 5419 5457 5416 
449 4411 5948 5681 
450 3957 6382 5579 
451 5091 6659 5010 
452 5568 5770 4268 
453 4269 6234 5663 
454 6780 6825 5556 
455 5453 5466 5442 
456 4335 5486 4439 
457 5823 6926 5828 
458 4676 6384 5924 
459 5402 6445 6262 
460 4009 6275 6061 
461 3958 5613 4267 
462 5245 6380 5761 
463 4890 6108 4889 
464 5421 5456 5419 
465 3952 5613 3958 
466 4968 6017 5015 
467 4533 4599 4535 
468 6142 6537 6167 
469 5257 5312 5211 
470 5451 5453 5443 
471 5565 6147 5434 
472 5451 5469 5453 
473 5523 6263 6224 
474 726 6227 715 
475 6124 6711 4780 
476 4520 4772 4526 
477 6066 6997 5308 
478 5508 6683 6293 
479 6162 6308 6161 
480 6096 6181 6165 
481 5129 6043 5556 
482 5083 6279 5081 
483 4942 6128 6069 
484 4467 5321 4384 
485 6519 6711 6124 
486 4394 6637 4934 
487 6020 6343 4626 
488 4541 4607 4544 
489 4554 4596 4560 
490 5066 6556 6422 
491 6058 6488 5780 
492 6725 6877 5711 
493 5438 5567 5565 
494 4342 5554 5545 
495 5438 5565 5435 
496 6566 6968 4684 
497 4100 6435 6052 
498 5364 5993 4423 
499 5823 6861 5182 
500 5020 6529 6323 
501 5917 5919 5918 
502 5251 6123 5579 
503 5443 5453 5442 
504 5396 5401 5398 
505 5880 6358 5879 
506 4906 6020 5890 
507 5103 6734 5301 
508 5736 5883 5088 
509 4883 6363 4313 
510 5879 6358 4012 
511 4929 6065 5464 
512 5397 5399 4925 
513 6399 6461 5700 
514 4694 5009 4584 
515 5693 5834 4700 
516 5594 6177 4566 
517 4239 5362 4262 
518 6226 6228 6227 
519 4333 6353 5486 
520 5325 5346 4111 
521 4421 6183 6126 
522 4515 4686 4517 
523 3883 5475 5474 
524 5316 5951 3987 
525 4396 5740 4511 
526 5324 6378 4328 
527 5434 6147 5448 
528 5352 5368 5167 
529 4594 4694 4584 
530 5386 6567 5734 
531 4548 4578 4552 
532 5918 5919 4711 
533 5555 6977 5541 
534 5515 5516 5341 
535 5958 6483 6463 
536 5227 6574 5492 
537 4794 5707 4793 
538 6262 6445 5401 
539 3880 5752 5751 
540 6045 6443 5477 
541 4897 6400 4317 
542 5848 6538 5279 
543 6466 6723 6114 
544 5378 6606 6480 
545 4979 4997 4976 
546 4922 6374 4150 
547 4376 5409 4271 
548 4668 4813 4715 
549 5832 5833 4774 
550 4545 4840 4548 
551 4740 5516 5515 
552 5421 5463 5456 
553 5232 6247 5720 
554 4958 5593 4956 
555 4150 6318 4922 
556 4416 5969 5796 
557 5318 5667 4843 
558 4693 6704 5303 
559 4843 6457 5318 
560 4504 6042 4506 
561 6455 6756 4539 
562 6230 6681 5393 
563 5663 6487 4269 
564 4333 5486 4335 
565 5656 6090 5666 
566 3898 5810 5808 
567 6003 6800 4072 
568 4311 4883 4313 
569 4878 6518 5815 
570 4906 6343 6020 
571 308 6492 3876 
572 5410 5959 4414 
573 4216 5515 4507 
574 5617 6209 4568 
575 4349 6130 5767 
576 5452 5459 5451 
577 4563 6511 6286 
578 5350 5351 5328 
579 4597 7003 4526 
580 4586 5869 5868 
581 4964 4998 4961 
582 6286 6670 4563 
583 4981 4996 4979 
584 6115 6524 4839 
585 4840 4886 4578 
586 4394 4934 4668 
587 5066 6422 5064 
588 4891 6739 6232 
589 4734 5366 4123 
590 3388 5872 3377 
591 4351 6340 5611 
592 4515 6614 4686 
593 5377 6266 5756 
594 3887 5888 5810 
595 2189 5908 1463 
596 4686 6718 4517 
597 5462 6198 5460 
598 3876 6492 5797 
599 451 5089 4049 
600 5280 5407 5207 
601 4925 6928 4924 
602 6301 6350 4912 
603 4077 6008 5527 
604 5680 6004 4076 
605 6130 6398 5767 
606 5229 6686 5307 
607 5431 6969 5445 
608 4261 6864 5574 
609 6320 6455 6326 
610 4930 6708 4719 
611 5731 6016 4913 
612 5607 5940 4403 
613 4372 6464 5549 
614 4915 6675 6571 
615 6169 6600 6170 
616 4938 6924 4849 
617 5727 5728 4776 
618 4006 6497 4108 
619 5515 6146 4507 
620 5589 5891 3874 
621 5901 6583 5902 
622 5010 5482 5091 
623 5110 5615 5113 
624 4734 6210 5366 
625 6064 6095 5462 
626 4222 6139 4224 
627 4771 6353 4882 
628 4520 6089 4772 
629 5957 5958 4609 
630 5234 6247 5232 
631 350 5371 3875 
632 4966 4995 4964 
633 4338 5006 4883 
634 5225 6634 5787 
635 5307 6015 5952 
636 5088 5884 5090 
637 4009 6061 6060 
638 5136 5352 5167 
639 6065 6703 5464 
640 4479 6074 5704 
641 3960 5779 5667 
642 4899 5014 4898 
643 4255 6291 5483 
644 6178 6439 6315 
645 5758 6857 6188 
646 4346 4898 4897 
647 5262 6734 5103 
648 5691 6933 5689 
649 6027 6114 5583 
650 5354 6429 4055 
651 5103 5301 5104 
652 5596 6584 4054 
653 5833 5977 4884 
654 5088 5090 5059 
655 5536 5555 5541 
656 5578 6861 5823 
657 5387 5826 5390 
658 4262 6832 6081 
659 4970 6017 4968 
660 5096 5097 5033 
661 5227 5490 5186 
662 4919 4920 4918 
663 4949 5002 4947 
664 4987 5004 4985 
665 4182 5784 4141 
666 5586 6235 4486 
667 5545 5547 4342 
668 5690 5915 5577 
669 5450 5451 5443 
670 4060 5595 5497 
671 4879 4889 4695 
672 5435 5565 5434 
673 4714 6369 6041 
674 4849 5909 2178 
675 5903 5906 4550 
676 5377 5756 5591 
677 3931 5667 5318 
678 5873 6222 4540 
679 5742 6256 5566 
680 4357 5813 5599 
681 5924 6384 5703 
682 5355 6430 6423 
683 3874 5891 344 
684 3919 5727 4776 
685 6330 6682 6331 
686 4607 6872 4544 
687 5729 6041 4506 
688 4306 4338 4311 
689 364 6443 6045 
690 4966 5001 4995 
691 4048 6427 5884 
692 5561 6540 4043 
693 4872 5788 5643 
694 5311 5984 5983 
695 5628 5766 4518 
696 5651 5831 5650 
697 4813 5819 4715 
698 6329 6750 4657 
699 5048 6279 5295 
700 4377 6610 5563 
701 4529 6763 4533 
702 4690 5572 5571 
703 5775 6910 4154 
704 5850 6414 4322 
705 4175 6488 6058 
706 4599 6948 4535 
707 6243 6814 6242 
708 5579 6123 3957 
709 4100 6052 4025 
710 6160 6263 5523 
711 4188 5359 4265 
712 4298 4919 4300 
713 3906 5526 3904 
714 5284 6631 6245 
715 4901 6322 6182 
716 6182 6322 4443 
717 4145 5854 5557 
718 4668 4934 4813 
719 6112 6440 5657 
720 4446 5937 5603 
721 4349 6338 4298 
722 3878 5506 5505 
723 5231 5307 5306 
724 5814 6918 4489 
725 4376 5931 5409 
726 4935 5313 4813 
727 5071 5072 5070 
728 3377 5872 4430 
729 5958 6463 4609 
730 4300 4919 4918 
731 4063 6002 5885 
732 4700 5834 4778 
733 5471 6785 4221 
734 4313 4346 4315 
735 5229 5307 5231 
736 5242 6634 5225 
737 6033 6233 6152 
738 4053 6274 6097 
739 4684 6968 6714 
740 5890 6020 4457 
741 5059 5060 5054 
742 3880 5751 327 
743 4179 5676 4181 
744 5468 6971 6153 
745 5060 5071 5070 
746 4145 5557 4119 
747 4315 4897 4317 
748 4898 5013 4900 
749 6172 6604 4015 
750 4596 6999 4560 
751 4154 6970 5775 
752 4484 6605 5293 
753 5280 6368 5407 
754 6380 6640 5761 
755 4794 5785 5707 
756 4294 4349 4298 
757 5113 6573 5195 
758 5325 6676 5346 
759 4378 5627 5626 
760 5309 6066 5308 
761 4103 5325 4111 
762 5362 6832 4262 
763 5799 5800 4903 
764 5817 6336 4632 
765 4292 6133 5405 
766 4795 5509 4660 
767 4338 4883 4311 
768 5488 6290 6119 
769 5590 6339 5552 
770 4371 6877 6725 
771 5952 6840 5307 
772 4055 5912 5354 
773 6121 6258 4297 
774 4045 5561 4043 
775 5921 6466 4367 
776 3989 5730 4142 
777 4889 6539 4695 
778 5739 6647 4259 
779 4819 6450 6385 
780 5061 5088 5059 
781 3887 6113 5888 
782 4544 6872 4608 
783 4795 5510 5509 
784 5059 6858 5060 
785 5095 6892 6248 
786 4223 5471 4221 
787 4276 5408 4381 
788 6323 6805 5020 
789 4445 6016 5731 
790 4666 6933 5691 
791 4290 4476 4292 
792 5294 6803 5143 
793 5873 6834 6768 
794 4295 5629 4328 
795 6097 6754 4053 
796 5074 6126 6054 
797 4682 5529 3948 
798 5556 6825 5129 
799 5512 6303 6025 
800 5140 5294 5143 
801 4996 6190 4997 
802 5284 6679 5860 
803 5817 6257 5620 
804 3888 6048 5658 
805 5441 5442 5439 
806 5074 6054 5076 
807 4578 7004 4552 
808 5847 5848 5279 
809 5343 6676 5325 
810 4779 5834 5693 
811 5929 6542 4483 
812 5380 6800 6003 
813 5061 5736 5088 
814 5295 6633 5048 
815 4526 7003 4528 
816 4899 5853 5014 
817 5902 5914 4551 
818 5463 6137 5456 
819 5731 6954 6041 
820 5434 6969 5431 
821 4796 6100 5704 
822 5851 6761 6313 
823 5483 6291 5484 
824 5687 5689 5688 
825 5777 6549 5776 
826 5121 5374 5123 
827 5126 6043 5129 
828 6119 6291 5488 
829 4623 5676 4179 
830 4947 6783 4944 
831 5507 5843 4438 
832 4382 5598 4467 
833 6331 6682 4818 
834 4268 6418 5568 
835 5380 6003 5485 
836 5860 6631 5284 
837 5948 5949 5681 
838 4161 6529 6014 
839 4032 6174 6165 
840 3879 5620 5619 
841 5815 6518 4591 
842 5312 6412 5372 
843 5236 5380 5199 
844 5667 5779 4842 
845 4096 6038 4094 
846 4486 6235 4399 
847 5704 6100 4479 
848 5407 6508 5257 
849 4292 5405 4294 
850 5225 5292 5197 
851 6280 6585 6056 
852 5031 5096 5033 
853 4783 5782 5528 
854 4054 6584 4031 
855 5823 5828 5471 
856 5406 5962 5050 
857 5496 5614 5520 
858 4995 4998 4964 
859 5852 6414 5850 
860 6182 6404 4901 
861 3879 5621 5620 
862 4553 6965 4554 
863 5458 5508 5412 
864 5897 6811 5574 
865 4876 6353 4771 
866 6737 7004 4838 
867 5330 5350 5328 
868 5666 6090 3880 
869 5392 5396 5394 
870 5885 6715 4063 
871 4724 6863 5734 
872 6104 6657 6154 
873 6454 6737 4838 
874 5937 6474 5603 
875 6200 6521 4099 
876 5882 5884 5088 
877 4910 6614 4515 
878 6166 6739 4891 
879 4346 4897 4315 
880 5379 6606 5378 
881 5652 6381 5798 
882 4367 6466 4704 
883 5798 6381 4380 
884 5551 6158 6052 
885 5865 6681 5392 
886 5582 6101 4605 
887 4342 6484 5554 
888 6197 6308 5460 
889 4664 6465 5994 
890 5460 6308 5459 
891 4526 6946 4597 
892 5658 6719 3888 
893 4526 4528 4527 
894 5965 6378 5324 
895 4566 6839 5594 
896 5764 6149 4510 
897 5054 5069 5047 
898 4535 6948 4822 
899 357 5840 358 
900 5862 6204 4538 
901 4536 6930 4541 
902 6711 6984 4780 
903 4773 6946 4924 
904 5099 5288 5101 
905 5486 6066 4439 
906 4317 6400 4364 
907 5422 5423 5421 
908 5784 6038 4141 
909 5055 5059 5054 
910 4302 4918 4306 
911 5682 5769 5747 
912 5424 5425 5423 
913 5626 5998 4082 
914 3146 6796 2992 
915 5420 5421 5419 
916 5470 5471 4223 
917 4507 6403 6386 
918 4435 6538 5848 
919 6606 6762 5613 
920 4552 7004 4837 
921 4173 5919 5917 
922 5509 5510 3913 
923 5404 5726 3877 
924 5303 5735 4693 
925 5711 6949 4248 
926 5001 6320 4995 
927 4919 4921 4920 
928 5437 5438 5435 
929 4996 4997 4979 
930 4528 6763 4529 
931 5542 6975 5612 
932 4560 6999 4818 
933 5552 6807 5590 
934 5606 6211 5870 
935 5800 6909 4903 
936 4594 6779 4694 
937 4740 5517 5516 
938 4943 6844 4940 
939 4368 6047 4343 
940 3891 6393 5946 
941 5222 5365 5221 
942 4924 6928 4773 
943 4991 5523 4987 
944 4551 5936 5902 
945 3906 5985 5526 
946 4664 6524 6115 
947 5994 6524 4664 
948 5566 6609 5742 
949 5718 5828 5768 
950 5373 6726 5218 
951 4397 6431 5773 
952 4135 6808 5790 
953 4898 4900 4897 
954 6219 6623 4598 
955 4437 5911 5512 
956 5222 6902 5365 
957 4343 6047 4336 
958 1969 4047 1980 
959 5778 6535 4656 
960 6075 6221 4572 
961 4913 6954 5731 
962 5180 5289 5288 
963 4915 6571 4703 
964 6616 6945 6796 
965 5755 6826 5621 
966 4802 5782 4783 
967 5263 6585 6280 
968 5621 6193 5755 
969 4960 6638 6170 
970 4254 6785 5828 
971 5826 5866 5390 
972 4378 5930 5627 
973 5051 5177 5096 
974 6565 6566 6564 
975 5949 6489 5082 
976 4746 5849 4830 
977 5450 5452 5451 
978 4082 5982 5626 
979 5643 5946 4872 
980 4886 6554 4578 
981 5423 6768 5421 
982 4055 5697 3975 
983 4476 6133 4292 
984 5371 5887 3875 
985 5577 5915 4758 
986 5711 6877 5350 
987 5557 5738 4734 
988 5693 5695 4779 
989 4704 6466 6114 
990 4867 6483 5958 
991 5521 6823 6602 
992 5257 6508 5941 
993 5381 5384 4685 
994 4611 5581 4021 
995 4949 5007 5002 
996 3987 6299 5316 
997 5842 6078 5881 
998 6095 6199 5462 
999 5719 6475 4254 
1000 5881 6078 4701 
1001 5007 6155 5002 
1002 4346 4899 4898 
1003 3883 6045 5475 
1004 4445 5731 5728 
1005 5349 5350 5330 
1006 5082 6489 5085 
1007 6613 6772 5698 
1008 5221 5364 5223 
1009 3898 6420 5810 
1010 6170 6600 4960 
1011 5178 5221 5177 
1012 4892 6900 5775 
1013 5571 6286 4690 
1014 4672 6135 4473 
1015 6423 6424 5355 
1016 5408 6862 4381 
1017 4054 5910 5596 
1018 5564 5857 3900 
1019 5737 6957 5664 
1020 5687 5688 5686 
1021 5616 6148 4186 
1022 4857 5849 4746 
1023 4253 5024 5023 
1024 5006 5678 4883 
1025 4972 5472 4970 
1026 5425 5873 5423 
1027 5032 5051 5031 
1028 4981 5521 4996 
1029 4317 4364 4319 
1030 5195 5279 5203 
1031 5549 6339 4372 
1032 5030 5031 5029 
1033 5657 6755 6112 
1034 5366 5367 4156 
1035 5399 6534 4925 
1036 3950 5613 3952 
1037 4164 5304 4162 
1038 5233 5306 5246 
1039 5626 5982 4378 
1040 5203 5680 5268 
1041 5884 6427 5090 
1042 6514 6868 5291 
1043 5217 5373 5218 
1044 5426 6120 5425 
1045 4996 6602 6190 
1046 4377 6592 6265 
1047 3880 6090 5752 
1048 5315 6791 5885 
1049 4423 5975 5511 
1050 5161 5960 5159 
1051 5905 6584 4812 
1052 5687 5691 5689 
1053 5933 6180 5540 
1054 4300 4918 4302 
1055 6052 6435 5551 
1056 5312 5372 5217 
1057 5195 5847 5279 
1058 5027 5029 5026 
1059 5374 6874 5123 
1060 5341 6146 5515 
1061 4413 5362 4241 
1062 5598 6891 4467 
1063 5202 5283 5239 
1064 5650 5831 5660 
1065 3883 5705 366 
1066 4386 5321 4484 
1067 5722 6535 5778 
1068 5924 6370 4676 
1069 5336 6717 5725 
1070 5796 6490 4416 
1071 5487 5488 4204 
1072 6052 6158 4611 
1073 5273 6693 6585 
1074 5849 6853 5564 
1075 5355 6424 4256 
1076 4210 5713 4208 
1077 5562 6149 5764 
1078 4506 6042 5729 
1079 5469 6213 6212 
1080 5039 5093 5037 
1081 5231 5306 5233 
1082 4675 5965 5324 
1083 5490 5491 5191 
1084 4548 4840 4578 
1085 4224 6139 4249 
1086 4698 4892 4806 
1087 5518 5519 5517 
1088 4518 7005 5628 
1089 5627 6123 5251 
1090 5577 5922 4196 
1091 5456 5605 5457 
1092 6248 6249 5095 
1093 4381 5598 4382 
1094 5946 6393 4872 
1095 5488 6702 4204 
1096 6317 6318 4873 
1097 4262 5319 4237 
1098 5181 5243 5172 
1099 4630 6757 5520 
1100 5918 6367 4815 
1101 4724 6565 4723 
1102 5184 5244 5169 
1103 6174 6175 6165 
1104 4604 4698 4677 
1105 4445 5728 5727 
1106 5680 6538 6004 
1107 4819 6999 6450 
1108 326 5666 3880 
1109 5096 6920 5097 
1110 5097 5180 5099 
1111 5025 5026 5024 
1112 5448 6969 5434 
1113 5780 6654 6058 
1114 4089 6007 6000 
1115 5289 5291 5288 
1116 5369 5370 5238 
1117 4817 6185 6072 
1118 4892 5775 4806 
1119 1463 5908 4550 
1120 4359 5814 4356 
1121 5380 5485 5353 
1122 4414 6425 5410 
1123 6307 6442 4908 
1124 5829 6704 4693 
1125 5519 6984 6711 
1126 4388 6720 6357 
1127 4513 6968 6566 
1128 4558 6227 726 
1129 4135 5790 4358 
1130 5225 5787 5292 
1131 6042 6232 5729 
1132 5697 6964 3975 
1133 4934 6145 4935 
1134 4438 5818 5507 
1135 4660 5509 3911 
1136 4898 5014 5013 
1137 5533 5933 5540 
1138 3882 5564 3899 
1139 3930 6391 5723 
1140 5970 6546 6074 
1141 5171 5960 5575 
1142 5201 5238 5179 
1143 3882 5849 5564 
1144 4531 6973 6311 
1145 5236 6800 5380 
1146 5176 5236 5199 
1147 5013 5571 4900 
1148 5168 5197 5145 
1149 4552 6965 4553 
1150 4146 4152 4145 
1151 5657 6090 5656 
1152 3899 5564 3900 
1153 5396 5398 5397 
1154 5290 5311 5289 
1155 5176 5199 5135 
1156 5166 5374 5121 
1157 4297 6746 6121 
1158 5045 5049 5043 
1159 4153 4162 4152 
1160 5195 5203 5165 
1161 4339 5381 1705 
1162 4089 6951 6007 
1163 4602 4604 4603 
1164 5972 5973 5310 
1165 5907 6583 5903 
1166 5168 5225 5197 
1167 3987 5951 5679 
1168 5510 6962 3913 
1169 4535 6930 4536 
1170 4094 6038 4670 
1171 6768 6834 6218 
1172 5304 5359 4188 
1173 5202 5239 5170 
1174 5041 5048 5039 
1175 5101 5226 5103 
1176 5663 6234 5692 
1177 5607 6412 5312 
1178 4436 6192 6005 
1179 5433 5434 5431 
1180 4015 6604 4011 
1181 4270 4376 4271 
1182 4328 5629 5590 
1183 5854 6254 5557 
1184 4265 4270 4266 
1185 4922 6318 6317 
1186 5318 6457 5741 
1187 5180 5288 5099 
1188 5254 5276 5183 
1189 6913 6996 4657 
1190 2662 6229 2585 
1191 4162 4188 4163 
1192 4719 5308 4930 
1193 4188 4265 4189 
1194 5239 5871 5281 
1195 5107 5254 5183 
1196 5456 5457 5419 
1197 4740 5518 5517 
1198 4302 4306 4305 
1199 6241 6744 5455 
1200 5184 5275 5244 
1201 5072 5074 5073 
1202 4995 6228 4998 
1203 4895 6700 6371 
1204 325 5666 326 
1205 4735 5573 4906 
1206 5764 6150 4725 
1207 5680 6747 5268 
1208 4704 6114 6027 
1209 5226 5262 5103 
1210 5113 5195 5165 
1211 3960 5667 3931 
1212 5181 5278 5243 
1213 5268 5481 5479 
1214 4181 5676 4279 
1215 5350 6877 5351 
1216 5201 5369 5238 
1217 5178 5804 5265 
1218 4321 4345 4325 
1219 5159 5960 5171 
1220 5851 6975 5542 
1221 5622 5999 4083 
1222 4593 4868 4591 
1223 5508 6794 5412 
1224 5123 5202 5170 
1225 4923 6301 4912 
1226 5251 5579 5253 
1227 5119 5166 5121 
1228 4769 5686 4855 
1229 4041 4056 4039 
1230 5050 6618 5035 
1231 5037 5050 5035 
1232 4520 4526 4525 
1233 5578 5823 5470 
1234 5266 5314 5222 
1235 6200 6542 5929 
1236 5191 5493 5192 
1237 4740 5515 4447 
1238 6480 6606 4682 
1239 5288 6820 5101 
1240 4237 5319 4235 
1241 4604 4677 4603 
1242 5060 5070 5069 
1243 6239 6609 5566 
1244 4037 4039 4036 
1245 5383 5877 5866 
1246 6192 6801 6005 
1247 4921 5628 4920 
1248 5630 5631 3881 
1249 3958 3986 3985 
1250 4548 4552 4549 
1251 4533 4535 4534 
1252 5019 5020 5017 
1253 4292 4294 4293 
1254 5917 6442 4173 
1255 5213 5312 5217 
1256 4088 4101 4090 
1257 5491 5494 5493 
1258 3986 3991 3990 
1259 5053 5054 5047 
1260 4421 6126 6023 
1261 5211 5312 5213 
1262 5199 5380 5353 
1263 4103 4111 4104 
1264 4105 5325 4103 
1265 4893 4894 4892 
1266 4602 4603 4379 
1267 5602 5716 5567 
1268 4101 4103 4102 
1269 4499 5580 4908 
1270 5490 5492 5491 
1271 5712 6685 4092 
1272 5441 5443 5442 
1273 3998 4060 3996 
1274 4229 5023 4227 
1275 4074 4079 4070 
1276 5133 5176 5135 
1277 4384 5321 4386 
1278 5197 5292 5286 
1279 4782 6404 6182 
1280 3991 4037 4036 
1281 5326 5343 5325 
1282 4081 4088 4079 
1283 4271 5409 4273 
1284 4133 6808 4135 
1285 5206 5280 5207 
1286 5043 5084 5041 
1287 4037 4041 4039 
1288 5536 5541 5535 
1289 5143 5168 5145 
1290 5214 6795 5931 
1291 4062 4070 4061 
1292 4396 6597 5740 
1293 5155 5184 5169 
1294 4111 4118 4113 
1295 5278 6622 5827 
1296 4541 4544 4542 
1297 5019 5021 5020 
1298 3991 4036 3990 
1299 4554 4560 4555 
1300 4507 6386 5795 
1301 5605 6815 5606 
1302 5162 5181 5172 
1303 6122 6735 4909 
1304 5048 5093 5039 
1305 4264 5861 4375 
1306 4290 4292 4291 
1307 4075 6024 5601 
1308 4987 6628 5004 
1309 4118 4145 4119 
1310 4382 4467 4384 
1311 3986 3990 3985 
1312 5185 5270 5227 
1313 4992 4999 4991 
1314 4698 4806 4677 
1315 4956 5592 4954 
1316 4988 4991 4987 
1317 4225 5470 4223 
1318 357 6733 5840 
1319 5149 5201 5179 
1320 4868 5815 4591 
1321 5597 6120 5426 
1322 3982 5730 3989 
1323 5051 5096 5031 
1324 5031 5033 5029 
1325 5104 5301 5107 
1326 5006 6477 5765 
1327 5458 6683 5508 
1328 5221 5223 5177 
1329 5026 5028 5024 
1330 5280 6758 6368 
1331 4127 5366 4156 
1332 5004 5005 4985 
1333 3904 5526 4466 
1334 4568 6601 5617 
1335 5284 6874 6679 
1336 4396 4511 4488 
1337 5534 5535 5533 
1338 4986 4987 4985 
1339 4656 6348 5778 
1340 5025 5811 5068 
1341 4820 6393 5816 
1342 5442 6691 5439 
1343 5275 6636 5899 
1344 3476 4859 3465 
1345 4895 6371 4894 
1346 4584 6989 4246 
1347 6231 6681 6230 
1348 5207 5407 5209 
1349 4259 6407 5739 
1350 4753 6130 5405 
1351 5870 6211 5458 
1352 2189 5909 5908 
1353 5243 5310 5287 
1354 4704 6027 4369 
1355 5093 6742 5037 
1356 4777 6187 5482 
1357 5233 5246 5235 
1358 6467 6722 6479 
1359 349 5371 350 
1360 4694 6716 5010 
1361 4200 5302 4198 
1362 6079 6080 4822 
1363 5414 5458 5412 
1364 5477 6443 5478 
1365 3958 3985 3954 
1366 3952 3958 3954 
1367 6443 6932 5478 
1368 5185 5227 5186 
1369 4622 6504 4524 
1370 5285 6916 5146 
1371 5527 5996 4077 
1372 5069 6503 5047 
1373 5636 5737 5632 
1374 5370 6851 5238 
1375 6328 6348 4656 
1376 4975 6950 4973 
1377 5671 5672 4486 
1378 5663 5692 5635 
1379 5902 6583 4940 
1380 5035 6618 5804 
1381 5364 5511 5223 
1382 5218 5228 5220 
1383 5467 5717 5602 
1384 5452 5460 5459 
1385 4198 4251 4164 
1386 4231 4253 4229 
1387 5244 5410 5258 
1388 4682 6606 5529 
1389 5209 5407 5257 
1390 4121 5557 4734 
1391 4276 4381 4289 
1392 5418 5419 5416 
1393 4273 5409 5408 
1394 4998 6228 6226 
1395 4241 5362 4239 
1396 3948 5529 3946 
1397 4356 5814 4357 
1398 5808 6035 3898 
1399 5594 7001 6177 
1400 4725 6588 5764 
1401 3945 3946 3944 
1402 1705 5381 3740 
1403 5332 5349 5330 
1404 6781 6827 5678 
1405 3939 5741 4443 
1406 4253 5023 4229 
1407 4799 5843 5507 
1408 4606 6913 4692 
1409 3943 3944 3941 
1410 5186 5490 5188 
1411 5401 5403 5398 
1412 5188 5490 5191 
1413 5401 6765 6262 
1414 4273 5408 4276 
1415 3978 4055 3975 
1416 4313 6363 4346 
1417 4227 4257 4225 
1418 4560 6867 4561 
1419 4257 5578 5470 
1420 4206 5487 4204 
1421 4118 4146 4145 
1422 5162 5172 5163 
1423 5344 6717 5336 
1424 4611 6496 5581 
1425 5624 6416 4218 
1426 5534 5536 5535 
1427 3877 6865 5404 
1428 4043 6540 5743 
1429 5575 6596 5171 
1430 4202 4255 4200 
1431 6076 6216 4532 
1432 5893 6300 5999 
1433 3935 5741 3939 
1434 6154 6657 6155 
1435 4561 6867 4579 
1436 5557 6254 5738 
1437 4951 6941 4949 
1438 5810 6420 3887 
1439 5893 5999 5622 
1440 5266 5315 5314 
1441 5051 5178 5177 
1442 4939 4940 4938 
1443 314 5737 5664 
1444 4239 4262 4237 
1445 4006 4108 4004 
1446 4210 6888 5713 
1447 4736 5896 5574 
1448 4999 5988 4991 
1449 5041 5084 5048 
1450 4545 4548 4547 
1451 4290 6908 5559 
1452 4918 6911 4306 
1453 4257 5470 4225 
1454 5474 6417 3883 
1455 5843 6797 4747 
1456 5178 5222 5221 
1457 4208 4252 4206 
1458 5213 5217 5216 
1459 4146 4153 4152 
1460 6000 6007 5712 
1461 3939 3941 3937 
1462 4350 6731 5875 
1463 4891 6042 4633 
1464 4620 6012 4166 
1465 4441 5784 4182 
1466 5206 5563 5280 
1467 5611 6340 5503 
1468 5172 5287 5173 
1469 4294 5405 4349 
1470 5506 5782 4802 
1471 4766 5686 4769 
1472 4235 4256 4233 
1473 4786 5017 5016 
1474 5302 5575 4251 
1475 5871 6801 5281 
1476 4447 5515 4216 
1477 5632 5737 3881 
1478 5531 5534 5533 
1479 4265 4274 4270 
1480 4874 6532 4896 
1481 5155 5169 5156 
1482 3891 5946 5630 
1483 5030 5032 5031 
1484 5301 5527 5254 
1485 6033 6152 4296 
1486 4002 6752 6296 
1487 5505 6724 3878 
1488 4221 4254 4219 
1489 5879 6848 5763 
1490 5686 5688 4855 
1491 4788 6117 6062 
1492 5384 5734 4685 
1493 330 5754 331 
1494 6515 6516 4600 
1495 5221 5365 5364 
1496 5816 6393 5665 
1497 5270 5608 5227 
1498 5051 5804 5178 
1499 5017 5773 5016 
1500 5974 6470 4546 
1501 5050 6742 5406 
1502 5612 6180 5933 
1503 4306 4311 4310 
1504 4533 5978 4599 
1505 3925 3926 3923 
1506 5209 5257 5211 
1507 3922 3923 3920 
1508 4973 6950 4972 
1509 5197 5286 5285 
1510 4123 5366 4127 
1511 3939 3943 3941 
1512 4050 4061 4045 
1513 5567 5742 5565 
1514 4540 6834 5873 
1515 5348 5349 5332 
1516 5968 6705 4115 
1517 5199 5353 5352 
1518 5517 5739 5516 
1519 4162 5304 4188 
1520 5027 5030 5029 
1521 4812 6584 5596 
1522 4294 4298 4295 
1523 5338 5344 5336 
1524 3987 5679 3964 
1525 5334 5348 5332 
1526 4920 6477 4918 
1527 5286 6548 5285 
1528 4153 4164 4162 
1529 4159 5861 4264 
1530 5563 6610 5683 
1531 6033 6645 6233 
1532 3882 3899 347 
1533 312 5630 3881 
1534 5563 6592 4377 
1535 4905 6063 5505 
1536 3876 5665 309 
1537 3935 3939 3937 
1538 5149 5179 5150 
1539 5074 5076 5075 
1540 4940 6806 5902 
1541 5545 5554 5538 
1542 4693 5735 5561 
1543 3918 3920 3917 
1544 4960 6600 4958 
1545 5599 6579 4357 
1546 5456 6773 5605 
1547 5374 6899 6679 
1548 6422 6556 5625 
1549 5629 6339 5590 
1550 4212 4465 4085 
1551 4164 6935 5304 
1552 5529 6606 5613 
1553 327 5751 328 
1554 4253 5811 5025 
1555 4617 6346 5669 
1556 5258 6622 5363 
1557 5880 6061 4493 
1558 5192 5206 5205 
1559 5483 6919 4255 
1560 5614 6388 4630 
1561 5729 6232 5730 
1562 5324 5590 4792 
1563 6664 6692 5315 
1564 5868 5869 5759 
1565 5607 5941 5940 
1566 6616 6796 5883 
1567 4710 5324 4792 
1568 4119 5557 4121 
1569 4198 5302 4251 
1570 5538 5555 5536 
1571 5616 6991 6148 
1572 6014 6529 5021 
1573 4609 6517 5957 
1574 5635 5692 5634 
1575 5617 6684 6209 
1576 5086 5796 5297 
1577 4653 6328 4656 
1578 4070 5829 4693 
1579 4254 6475 4219 
1580 4344 6995 5576 
1581 5143 5145 5144 
1582 5025 5027 5026 
1583 4386 4484 4388 
1584 4750 5814 4489 
1585 5071 5929 5072 
1586 4162 4163 4152 
1587 4253 5025 5024 
1588 4446 5854 4163 
1589 3943 3945 3944 
1590 5748 5749 3884 
1591 4058 5910 4054 
1592 4101 4105 4103 
1593 4270 6520 4376 
1594 3994 6350 6301 
1595 5188 5191 5190 
1596 4002 5595 3998 
1597 4188 4189 4163 
1598 5564 5858 5857 
1599 4088 4090 4079 
1600 4335 4439 4337 
1601 3927 3928 3926 
1602 5712 6006 6000 
1603 4087 5531 5530 
1604 5028 6288 6031 
1605 5885 6791 5300 
1606 4265 4266 4189 
1607 4786 5743 5018 
1608 4270 4271 4266 
1609 4544 6395 4545 
1610 5824 6774 5498 
1611 5237 5512 5236 
1612 6773 6987 5605 
1613 5152 5473 5155 
1614 5133 5135 5134 
1615 4252 5487 4206 
1616 4406 5829 4090 
1617 4344 5576 4367 
1618 4019 4087 4017 
1619 5239 5281 5240 
1620 4216 4507 4214 
1621 4991 6160 5523 
1622 5241 5242 5225 
1623 4691 6440 6112 
1624 5412 6794 5411 
1625 6551 6814 6243 
1626 5608 5968 4407 
1627 4363 5671 4486 
1628 5496 5520 4718 
1629 3918 3922 3920 
1630 5553 6435 6304 
1631 5158 5363 5162 
1632 6049 6754 5689 
1633 4980 4981 4979 
1634 5173 5185 5175 
1635 4043 5743 4041 
1636 4473 6135 4691 
1637 5438 5602 5567 
1638 5437 5439 5438 
1639 5203 5268 5267 
1640 5254 6053 5276 
1641 4204 6702 4202 
1642 6695 6835 5881 
1643 5921 6617 4858 
1644 3915 3918 3917 
1645 5554 5555 5538 
1646 4513 4515 4514 
1647 5502 5503 5500 
1648 5218 6726 5228 
1649 4657 6330 6329 
1650 4105 5326 5325 
1651 4985 7000 4982 
1652 4101 4102 4090 
1653 4860 6046 5819 
1654 3907 3908 3906 
1655 4735 4906 4795 
1656 5004 6075 5005 
1657 6051 6219 5454 
1658 5612 5933 5542 
1659 4121 4734 4123 
1660 5767 6338 4349 
1661 5319 6979 4235 
1662 4744 5668 4856 
1663 5349 5711 5350 
1664 4062 4074 4070 
1665 6383 6738 6319 
1666 3900 3902 3901 
1667 5570 6461 4935 
1668 5253 5579 5568 
1669 4935 6145 5570 
1670 5268 5479 5358 
1671 5292 5712 5286 
1672 3945 3948 3946 
1673 4906 5890 4795 
1674 6087 6855 5478 
1675 4050 4062 4061 
1676 3955 5682 4620 
1677 4908 5916 4501 
1678 3922 3925 3923 
1679 4954 6980 4951 
1680 5939 6845 6574 
1681 4805 6723 6466 
1682 6179 6316 5694 
1683 5400 6095 6064 
1684 5279 5680 5203 
1685 4879 4890 4889 
1686 5228 5622 5229 
1687 5583 6509 6027 
1688 4262 5789 5319 
1689 5493 6927 5192 
1690 5180 5290 5289 
1691 5181 6622 5278 
1692 4074 4081 4079 
1693 5246 5998 5247 
1694 4050 5703 4062 
1695 4056 5743 4786 
1696 4465 6812 4085 
1697 3928 3932 3929 
1698 4896 6532 5855 
1699 4830 5849 5721 
1700 6427 6521 6200 
1701 4248 6923 5711 
1702 4127 4156 4129 
1703 4103 4104 4102 
1704 5067 6473 5789 
1705 5275 6125 5244 
1706 4311 4313 4312 
1707 5401 6445 5403 
1708 5695 6316 3875 
1709 366 5705 367 
1710 4769 4854 4770 
1711 5516 5739 5345 
1712 5730 6232 4142 
1713 5121 5123 5122 
1714 5119 5121 5120 
1715 4090 5829 4079 
1716 5072 6129 6023 
1717 3874 6436 5522 
1718 5346 6887 4111 
1719 5145 5285 5146 
1720 5682 5747 4620 
1721 5146 6916 5149 
1722 6313 6643 5851 
1723 5123 5170 5124 
1724 3740 4685 3729 
1725 4839 6524 5888 
1726 4017 5530 4015 
1727 4838 6251 5560 
1728 5158 5162 5160 
1729 4415 5955 5787 
1730 5611 6643 4351 
1731 4379 5012 4191 
1732 3899 3900 3892 
1733 4381 4382 4289 
1734 4163 5854 4152 
1735 5459 6880 5451 
1736 5739 6603 5345 
1737 4085 6812 5706 
1738 5351 6824 5328 
1739 6122 6821 4847 
1740 5517 6647 5739 
1741 3931 5318 3928 
1742 5318 5741 3932 
1743 5801 6731 4350 
1744 5184 6636 5275 
1745 5130 6070 5133 
1746 3917 5727 3919 
1747 5491 5493 5191 
1748 4937 4938 4849 
1749 3964 5679 3962 
1750 5013 6670 5571 
1751 5152 5155 5154 
1752 5769 6122 5747 
1753 5289 6514 5291 
1754 5097 5099 5098 
1755 4517 6718 6089 
1756 3946 5529 3950 
1757 3932 3935 3933 
1758 5360 6585 4274 
1759 4449 4740 4447 
1760 5023 6901 4227 
1761 4016 4017 4015 
1762 5228 5229 5220 
1763 5113 5165 5114 
1764 5765 6504 5006 
1765 5531 5533 5532 
1766 4111 4113 4104 
1767 4070 4693 4061 
1768 5957 6517 4610 
1769 6153 6971 5717 
1770 1859 5585 3476 
1771 6135 6440 4691 
1772 4933 5879 5763 
1773 5717 6660 6153 
1774 5002 6983 4947 
1775 3909 3910 3908 
1776 329 5748 3884 
1777 4615 5763 4404 
1778 5177 5489 5096 
1779 5669 6032 4617 
1780 5135 5352 5136 
1781 3946 3950 3949 
1782 5411 6362 4999 
1783 5000 5411 4999 
1784 5079 5681 5082 
1785 5055 5061 5059 
1786 4313 4315 4314 
1787 5146 5149 5148 
1788 3905 3906 3904 
1789 5238 6851 5772 
1790 4214 5795 4212 
1791 5528 6875 4783 
1792 4741 5677 5609 
1793 5029 5894 5026 
1794 4969 4970 4968 
1795 5372 5373 5217 
1796 4735 4795 4660 
1797 5622 6686 5229 
1798 5246 5247 5235 
1799 5723 5724 5242 
1800 5010 6248 5009 
1801 5136 5167 5138 
1802 3878 6186 5506 
1803 4698 4893 4892 
1804 6125 6452 5244 
1805 5076 5078 5077 
1806 4413 6892 5362 
1807 5307 6840 5306 
1808 4696 5709 5708 
1809 6315 6439 4250 
1810 5366 6502 5367 
1811 4967 4968 4966 
1812 5563 5683 5280 
1813 4158 4682 3948 
1814 4193 4290 4285 
1815 4984 4985 4982 
1816 4601 4602 4379 
1817 6430 6669 5056 
1818 5445 6740 5431 
1819 3950 3952 3951 
1820 4136 5585 1859 
1821 5336 5725 5334 
1822 5720 6247 4467 
1823 4863 6486 6346 
1824 6063 6724 5505 
1825 6481 6603 6407 
1826 5745 5746 4775 
1827 5297 5299 5298 
1828 4524 6504 4625 
1829 5247 5998 5626 
1830 4243 4413 4241 
1831 4056 4786 4784 
1832 3876 5816 5665 
1833 4069 4150 4058 
1834 5367 5958 5957 
1835 5018 5019 5017 
1836 4971 4972 4970 
1837 4948 4949 4947 
1838 3873 5732 316 
1839 4329 6340 4351 
1840 6072 6282 4817 
1841 4118 4119 4113 
1842 5107 5183 5108 
1843 4888 6997 6066 
1844 5500 5824 5498 
1845 4149 5805 4263 
1846 5577 6460 5690 
1847 5035 5804 5032 
1848 5014 5974 5013 
1849 5140 5143 5142 
1850 4438 5805 4149 
1851 5058 6892 5095 
1852 5130 5133 5132 
1853 4766 4769 4768 
1854 6185 6220 6072 
1855 4200 6919 5302 
1856 5217 5218 5216 
1857 5247 5626 5249 
1858 5862 6206 6204 
1859 5082 5085 5083 
1860 4431 6110 5645 
1861 5766 6580 4518 
1862 5387 5390 5389 
1863 4965 4966 4964 
1864 3925 3927 3926 
1865 5529 5613 3950 
1866 3978 5912 4055 
1867 5053 5055 5054 
1868 5085 5796 5086 
1869 6302 6676 4649 
1870 5775 6970 5375 
1871 4233 5811 4231 
1872 4390 4614 4392 
1873 5498 5614 5496 
1874 5206 5207 5205 
1875 3915 3917 3916 
1876 4451 5836 5835 
1877 6245 6859 5284 
1878 5363 6866 5258 
1879 5099 5101 5100 
1880 5888 6113 4839 
1881 5064 5736 5061 
1882 4801 5896 4736 
1883 5994 6500 5807 
1884 1969 6945 4047 
1885 5740 6714 4511 
1886 5470 5823 5471 
1887 3913 3915 3914 
1888 4283 4379 4191 
1889 5107 5301 5254 
1890 5243 5287 5172 
1891 5399 6818 5400 
1892 4195 5922 4361 
1893 4208 5713 4252 
1894 4736 5573 4735 
1895 5398 6818 5399 
1896 5924 6371 6370 
1897 5349 6949 5711 
1898 4950 4951 4949 
1899 5694 6316 5695 
1900 5060 6426 5071 
1901 5101 5103 5102 
1902 4763 4766 4764 
1903 5243 6929 5310 
1904 5043 6771 5084 
1905 5549 6464 5547 
1906 6527 7005 4518 
1907 3902 3904 3903 
1908 4995 6738 6228 
1909 5411 6966 6362 
1910 4956 5593 5592 
1911 5679 5779 3962 
1912 5673 5674 5672 
1913 3952 3954 3953 
1914 5438 6691 5602 
1915 3975 6964 3973 
1916 5278 5781 5243 
1917 344 5891 345 
1918 5723 6391 5724 
1919 3995 3996 3994 
1920 5126 5129 5128 
1921 3911 5509 3910 
1922 5485 6985 5353 
1923 4019 5581 4087 
1924 4781 5525 5524 
1925 5453 6051 5466 
1926 5601 6656 4075 
1927 5098 5894 5033 
1928 5585 5845 4859 
1929 5805 5843 4747 
1930 4893 4895 4894 
1931 3935 3937 3936 
1932 5405 6133 4753 
1933 5254 6482 6053 
1934 4142 5818 4067 
1935 4690 6655 5572 
1936 5026 6668 5028 
1937 6832 6892 5058 
1938 6242 6744 6241 
1939 5244 5258 5169 
1940 4048 6521 6427 
1941 3900 3901 3892 
1942 5695 6667 4779 
1943 5012 6817 4191 
1944 5191 5192 5190 
1945 5116 5119 5118 
1946 4697 4735 4660 
1947 4087 5530 4017 
1948 4111 6887 4118 
1949 4870 6500 5994 
1950 5917 5918 4815 
1951 3905 3907 3906 
1952 4786 5016 4784 
1953 3928 5318 3932 
1954 6139 6590 5348 
1955 5315 6692 5314 
1956 5406 6791 5962 
1957 5873 6582 6222 
1958 4493 6358 5880 
1959 3962 5779 3960 
1960 3910 3913 3912 
1961 4023 4611 4021 
1962 5881 6835 5841 
1963 4854 4936 4770 
1964 5821 5987 4427 
1965 4004 6752 4002 
1966 6199 6237 4926 
1967 6589 6641 3889 
1968 5631 5633 5632 
1969 4580 6996 4606 
1970 5276 5601 5277 
1971 5357 6641 6589 
1972 4290 5559 4476 
1973 4315 4317 4316 
1974 5202 5284 5283 
1975 5261 6636 5473 
1976 5590 6807 4792 
1977 5631 5632 3881 
1978 6380 6410 6290 
1979 5813 6491 5599 
1980 5226 5821 5262 
1981 5249 5627 5251 
1982 3902 3905 3904 
1983 5392 6681 5898 
1984 6071 6072 4034 
1985 5977 5978 4884 
1986 4338 6477 5006 
1987 5114 5604 5116 
1988 4468 4780 4452 
1989 4953 4954 4951 
1990 5573 6343 4906 
1991 5284 6859 5283 
1992 4041 5743 4056 
1993 5244 6452 5410 
1994 5845 6046 4860 
1995 5433 5435 5434 
1996 5072 6023 5074 
1997 5238 5261 5179 
1998 4381 5783 5598 
1999 5297 5991 5299 
2000 4531 6160 5988 
2001 5346 6676 6302 
2002 4894 5802 4892 
2003 5582 6723 6101 
2004 5383 5866 5826 
2005 4357 5814 5813 
2006 5273 6585 5263 
2007 4196 5922 4195 
2008 5185 5186 5175 
2009 5293 6720 4484 
2010 4344 4367 4366 
2011 4177 5953 4623 
2012 4042 4043 4041 
2013 5166 6899 5374 
2014 4837 7004 6737 
2015 4908 6442 5916 
2016 5610 5670 5669 
2017 4484 6905 6605 
2018 4602 5582 4605 
2019 5547 6464 4342 
2020 4579 6996 4580 
2021 3928 3929 3926 
2022 4440 6755 5798 
2023 4978 4979 4976 
2024 6192 6959 6459 
2025 5355 6669 6430 
2026 5110 5113 5112 
2027 5172 5173 5163 
2028 5560 6454 4838 
2029 5749 5753 3884 
2030 5651 6048 5831 
2031 4695 6779 4594 
2032 5661 5662 5635 
2033 3910 5509 3913 
2034 4083 6686 5622 
2035 4780 6708 6124 
2036 4968 6952 4966 
2037 4875 6903 6010 
2038 4772 6946 4526 
2039 4403 6412 5607 
2040 5633 5635 5634 
2041 6361 6794 3999 
2042 4512 6968 4513 
2043 3997 3998 3996 
2044 5158 6866 5363 
2045 3927 3931 3928 
2046 5747 6122 4847 
2047 4196 6460 5577 
2048 5689 6933 6049 
2049 5681 6629 4411 
2050 5514 6825 6780 
2051 5609 5610 4743 
2052 5608 6574 5227 
2053 4955 4956 4954 
2054 5274 6475 5719 
2055 5580 6588 4908 
2056 4571 6815 6171 
2057 5929 6129 5072 
2058 4363 4486 4399 
2059 5541 5542 5535 
2060 5691 5920 4666 
2061 5086 5297 5296 
2062 4279 5671 4363 
2063 4741 5609 4743 
2064 4085 5706 4081 
2065 5709 5710 5708 
2066 4298 4300 4299 
2067 4941 4943 4940 
2068 4769 4770 4768 
2069 6234 6432 5644 
2070 5439 6691 5438 
2071 4696 5708 4460 
2072 5715 5776 4890 
2073 5390 6775 5391 
2074 5079 5082 5081 
2075 5504 5611 5503 
2076 5197 5285 5145 
2077 5287 6998 5173 
2078 6339 6690 4372 
2079 4766 4768 4764 
2080 4056 4784 4354 
2081 5608 6705 5968 
2082 5391 6775 5392 
2083 5685 6270 4108 
2084 4367 4704 4369 
2085 6714 6968 4511 
2086 5601 6024 5848 
2087 4014 4015 4011 
2088 331 6193 332 
2089 5152 6889 5473 
2090 5492 6845 5491 
2091 4299 6690 5629 
2092 5793 6577 5792 
2093 325 6719 5666 
2094 4193 6908 4290 
2095 5894 6668 5026 
2096 5473 6889 5261 
2097 4069 4170 4150 
2098 4760 4763 4762 
2099 4526 4527 4525 
2100 5671 5673 5672 
2101 6319 6738 6320 
2102 5353 5696 5368 
2103 3907 3909 3908 
2104 5104 5107 5106 
2105 6193 6988 332 
2106 4486 6687 5586 
2107 5072 5073 5070 
2108 4605 6009 4604 
2109 4463 4696 4460 
2110 5162 5163 5160 
2111 4899 6363 5678 
2112 5640 6234 5644 
2113 5037 6742 5050 
2114 5643 5661 5633 
2115 4756 5577 4758 
2116 4141 6038 4096 
2117 4943 6783 6127 
2118 5199 5352 5135 
2119 4460 5708 4441 
2120 5283 5871 5239 
2121 4081 5706 4088 
2122 4718 5520 4475 
2123 6120 6314 5429 
2124 3905 5857 4496 
2125 4233 6890 5811 
2126 4767 5686 4766 
2127 4511 6968 4512 
2128 4606 6996 6913 
2129 4640 6580 5766 
2130 348 3899 3892 
2131 3891 5630 311 
2132 310 5665 3891 
2133 6062 6963 4788 
2134 5593 6595 5592 
2135 6590 6949 5348 
2136 4769 4855 4854 
2137 4459 5762 4454 
2138 3902 5857 3905 
2139 4731 5763 4615 
2140 5640 5644 5641 
2141 5060 5069 5054 
2142 4806 5375 4807 
2143 5819 6046 4715 
2144 4957 4958 4956 
2145 5786 6579 5599 
2146 5748 5750 5749 
2147 4896 6367 5918 
2148 4348 6340 4329 
2149 4616 4660 3911 
2150 5521 6602 4996 
2151 5621 5817 5620 
2152 5527 6482 5254 
2153 5571 6670 6286 
2154 5048 6633 5093 
2155 5696 6981 6512 
2156 5833 6522 4774 
2157 6178 6603 4280 
2158 4781 5524 5011 
2159 5958 6502 4867 
2160 5613 6762 4267 
2161 4541 6080 4607 
2162 5010 6659 6249 
2163 6008 6482 5527 
2164 4705 6299 4729 
2165 5728 6041 5729 
2166 4466 5526 4781 
2167 5795 6884 4212 
2168 5299 5885 5300 
2169 3932 5741 3935 
2170 3998 5595 4060 
2171 3974 3975 3973 
2172 6565 6567 6566 
2173 4763 4764 4762 
2174 5155 5156 5154 
2175 5253 5568 5256 
2176 5754 6193 331 
2177 4959 4960 4958 
2178 6069 6128 6127 
2179 3993 3994 3984 
2180 4337 6995 4344 
2181 4087 6260 5531 
2182 4933 5763 4731 
2183 5855 6367 4896 
2184 6304 6435 4100 
2185 5592 5774 4954 
2186 5364 6620 5993 
2187 5405 6130 4349 
2188 5478 6411 6087 
2189 5662 5663 5635 
2190 5466 6033 5467 
2191 5495 6345 4060 
2192 5108 5615 5110 
2193 5268 6747 5481 
2194 6198 6199 4926 
2195 5576 5921 4367 
2196 5495 5496 4718 
2197 4747 6797 5923 
2198 4663 5677 4741 
2199 5176 5237 5236 
2200 4507 5795 4214 
2201 5015 6756 6455 
2202 4375 5861 4661 
2203 4806 5775 5375 
2204 5353 5368 5352 
2205 4796 5704 4887 
2206 5633 5634 5632 
2207 4946 4947 4944 
2208 4847 6543 5747 
2209 4972 5617 5472 
2210 5149 5150 5148 
2211 3902 3903 3901 
2212 3946 3949 3944 
2213 4602 4605 4604 
2214 5310 6929 5972 
2215 5744 5745 4170 
2216 5637 5692 5640 
2217 5322 5558 4717 
2218 4249 6139 5725 
2219 5637 5640 5639 
2220 5334 5725 5348 
2221 3874 6458 5589 
2222 4661 5677 4663 
2223 4038 6735 6122 
2224 6262 6765 6240 
2225 5320 6537 6142 
2226 4787 6913 6750 
2227 5752 6440 6135 
2228 4247 6519 4582 
2229 4675 5324 4710 
2230 4778 5762 4646 
2231 5130 6825 6070 
2232 3890 6528 5841 
2233 6676 6760 6309 
2234 4044 4045 4043 
2235 5781 6929 5243 
2236 3977 3978 3975 
2237 1991 5625 5624 
2238 5145 5146 5144 
2239 4061 5561 4045 
2240 6809 6819 6018 
2241 5735 6540 5561 
2242 5259 5723 5242 
2243 3913 6962 3915 
2244 5168 5241 5225 
2245 5498 6774 5614 
2246 4034 6156 6071 
2247 4778 6559 5762 
2248 5681 5949 5082 
2249 5302 5925 5575 
2250 3932 3933 3929 
2251 4369 6027 4481 
2252 4306 4310 4305 
2253 4510 6150 5764 
2254 6218 6802 5463 
2255 5167 5294 5138 
2256 315 5664 3873 
2257 346 5721 3882 
2258 4756 5922 5577 
2259 3910 3912 3908 
2260 3966 3987 3964 
2261 5239 5240 5170 
2262 329 3884 330 
2263 5410 6452 5959 
2264 326 3880 327 
2265 332 3879 333 
2266 3909 3911 3910 
2267 5634 5692 5637 
2268 5673 5675 5674 
2269 4475 6047 4368 
2270 4783 6036 4509 
2271 4092 6006 5712 
2272 4197 4198 4164 
2273 5328 6824 5326 
2274 4646 5762 4459 
2275 5633 5661 5635 
2276 4698 6009 4893 
2277 5645 6110 5647 
2278 5631 5643 5633 
2279 5420 5422 5421 
2280 4963 4964 4961 
2281 4060 6350 3996 
2282 4786 5018 5017 
2283 5789 6081 5067 
2284 4515 4517 4516 
2285 5271 5894 5098 
2286 5712 6007 5286 
2287 5833 6587 5977 
2288 4780 6984 4452 
2289 4027 4100 4025 
2290 4812 6304 5905 
2291 5988 6160 4991 
2292 312 3881 313 
2293 346 3882 347 
2294 5698 6614 4910 
2295 348 3892 349 
2296 310 3891 311 
2297 350 3875 351 
2298 4795 5890 5510 
2299 308 3876 309 
2300 343 3874 344 
2301 315 3873 316 
2302 362 3877 363 
2303 368 3878 369 
2304 365 3883 366 
2305 4388 6357 4390 
2306 5502 5504 5503 
2307 4593 5317 4868 
2308 4451 6881 5836 
2309 5610 5669 5668 
2310 6128 6525 4943 
2311 4027 5905 4100 
2312 5424 5426 5425 
2313 5143 5144 5142 
2314 4710 4792 4791 
2315 4471 4747 4658 
2316 5718 5719 4254 
2317 4167 6150 4165 
2318 5893 6409 4402 
2319 5135 5136 5134 
2320 4088 6356 4101 
2321 5203 5267 5165 
2322 5600 6788 3968 
2323 5422 5424 5423 
2324 4613 6100 4796 
2325 4554 6447 4596 
2326 5410 5827 5258 
2327 4466 4781 4749 
2328 3892 5371 349 
2329 5841 6835 3890 
2330 3923 4445 3920 
2331 3875 6667 5695 
2332 4932 4933 4731 
2333 4076 6747 5680 
2334 4170 6318 4150 
2335 5404 6214 4916 
2336 5811 6498 5068 
2337 4600 6516 5853 
2338 5348 6949 5349 
2339 5238 5772 5261 
2340 6815 6987 6171 
2341 3884 5754 330 
2342 4763 4767 4766 
2343 5316 6299 4705 
2344 6033 6660 5467 
2345 3958 4267 3986 
2346 5592 6639 5774 
2347 5097 5098 5033 
2348 5459 6308 6162 
2349 5237 5513 5512 
2350 5491 6845 6581 
2351 5707 6939 4793 
2352 4251 6935 4164 
2353 5133 5134 5132 
2354 5688 6754 6097 
2355 5464 6246 4929 
2356 5265 5266 5222 
2357 4776 5730 3982 
2358 4069 5744 4170 
2359 5719 6688 5274 
2360 4046 4050 4045 
2361 5766 6729 4640 
2362 4018 4019 4017 
2363 4292 4293 4291 
2364 5806 5807 3893 
2365 5763 6163 4404 
2366 5926 6809 5654 
2367 5306 6387 5246 
2368 5367 5956 4156 
2369 5755 6193 5754 
2370 4270 6693 6520 
2371 5586 5587 4933 
2372 328 5751 5748 
2373 5377 6970 6266 
2374 5969 6485 5796 
2375 4321 6376 4345 
2376 4199 4200 4198 
2377 5842 5881 5839 
2378 5241 5259 5242 
2379 5300 6791 5406 
2380 4663 4741 4680 
2381 328 5748 329 
2382 3881 5737 313 
2383 5321 6905 4484 
2384 5859 6986 4432 
2385 5353 6985 5696 
2386 5988 6973 4531 
2387 5531 5532 5530 
2388 5484 6291 6119 
2389 5736 6616 5883 
2390 5032 5804 5051 
2391 4543 6292 6211 
2392 4603 5012 4379 
2393 4528 4529 4527 
2394 4605 6010 6009 
2395 5418 5420 5419 
2396 4741 4743 4742 
2397 4756 4758 4757 
2398 6096 6097 4470 
2399 5281 5282 5240 
2400 4255 6919 4200 
2401 4785 5786 5599 
2402 4056 4354 4039 
2403 5368 6621 5167 
2404 6361 6966 6794 
2405 4700 4778 4646 
2406 5375 5377 5376 
2407 5497 5595 5499 
2408 4697 4736 4735 
2409 6119 6290 5164 
2410 5512 5911 5236 
2411 5579 6382 5770 
2412 4407 6574 5608 
2413 4201 4202 4200 
2414 5138 5294 5140 
2415 4294 4295 4293 
2416 4014 4016 4015 
2417 5276 5277 5183 
2418 5728 5729 4776 
2419 5396 6994 5401 
2420 5519 6647 5517 
2421 5021 6039 6014 
2422 3893 6500 6436 
2423 5781 5986 4112 
2424 5605 5606 5457 
2425 5155 5473 5184 
2426 5129 5130 5128 
2427 4021 5581 4019 
2428 4736 5574 5573 
2429 317 5732 3894 
2430 4925 6575 5397 
2431 5034 5035 5032 
2432 5838 5842 5839 
2433 4758 4760 4759 
2434 4668 4715 4669 
2435 4279 5676 5671 
2436 4263 5805 4471 
2437 5268 5358 5267 
2438 6151 6777 4327 
2439 5097 6689 5180 
2440 5074 5075 5073 
2441 759 4136 1859 
2442 5192 6927 5206 
2443 5640 5641 5639 
2444 4755 5801 5800 
2445 5871 6557 4073 
2446 4975 6206 5862 
2447 5466 5467 5442 
2448 5338 6894 5344 
2449 4634 6367 5855 
2450 3923 6016 4445 
2451 5503 5824 5500 
2452 5479 5480 5358 
2453 4394 4668 4498 
2454 4859 5845 4860 
2455 5101 6820 5226 
2456 6061 6275 4493 
2457 5049 6771 5043 
2458 5162 5363 5181 
2459 3985 5769 5682 
2460 6232 6739 4142 
2461 6137 6773 5456 
2462 4079 5829 4070 
2463 4390 6357 4614 
2464 5522 6458 3874 
2465 5537 5538 5536 
2466 5931 5944 5822 
2467 5121 5122 5120 
2468 5482 6187 5092 
2469 4747 4755 4658 
2470 4649 6676 6309 
2471 3937 5562 3938 
2472 4781 5526 5525 
2473 5123 5124 5122 
2474 759 4720 4136 
2475 5269 6861 6789 
2476 4803 6953 6026 
2477 5469 6623 5453 
2478 5652 5798 5655 
2479 6178 6315 5340 
2480 5541 5852 5850 
2481 5469 6879 6213 
2482 4203 4204 4202 
2483 3919 4776 3982 
2484 4774 6522 4597 
2485 6265 6592 5494 
2486 5703 6384 4062 
2487 3950 3951 3949 
2488 6585 6693 4274 
2489 5036 5037 5035 
2490 4548 4549 4547 
2491 4227 6901 4257 
2492 4037 4042 4041 
2493 5533 5540 5532 
2494 5604 6958 5116 
2495 5579 5770 5568 
2496 4620 6543 6012 
2497 4327 4331 4330 
2498 3915 3916 3914 
2499 5292 6685 5712 
2500 3913 3914 3912 
2501 5019 5303 5021 
2502 4616 4697 4660 
2503 5835 5836 4895 
2504 4947 6983 5003 
2505 4057 4058 4054 
2506 3972 3973 3970 
2507 4290 4291 4285 
2508 5662 5794 5663 
2509 4267 5591 3986 
2510 5119 5120 5118 
2511 4907 4915 4703 
2512 4626 6389 6020 
2513 5038 5039 5037 
2514 6431 6649 5773 
2515 3904 4466 3903 
2516 4016 4018 4017 
2517 4321 6513 6376 
2518 5040 5041 5039 
2519 347 3899 348 
2520 311 5630 312 
2521 6096 6165 4854 
2522 309 5665 310 
2523 6510 6833 4794 
2524 4205 4206 4204 
2525 2585 6229 5468 
2526 4893 6009 4902 
2527 3929 6016 3926 
2528 5808 5809 5807 
2529 4758 5915 4760 
2530 4755 5923 5801 
2531 5645 6960 4431 
2532 5984 6325 5511 
2533 4207 4208 4206 
2534 4723 6565 4825 
2535 5467 6660 5717 
2536 5327 5328 5326 
2537 6424 6498 4256 
2538 5497 5498 5496 
2539 5078 5681 5079 
2540 4191 6817 4158 
2541 5939 6574 4407 
2542 3935 3936 3933 
2543 4209 4210 4208 
2544 5698 6772 4686 
2545 5751 5752 5750 
2546 4319 6513 4321 
2547 3989 4142 4067 
2548 5056 6669 6473 
2549 4036 4038 3990 
2550 5506 6050 5782 
2551 4744 4856 4746 
2552 5367 5957 5956 
2553 4778 6915 6559 
2554 4767 5687 5686 
2555 4279 4363 4362 
2556 341 5806 3893 
2557 3986 5591 3991 
2558 4877 6513 6401 
2559 5001 6455 6320 
2560 6345 6350 4060 
2561 4001 4002 3998 
2562 5796 6485 5297 
2563 4760 4762 4761 
2564 5723 6512 3930 
2565 4449 5518 4740 
2566 6473 6669 5789 
2567 5591 5989 5377 
2568 4781 5011 4749 
2569 6594 6665 5275 
2570 4903 6428 5799 
2571 4231 5811 4253 
2572 6750 6913 4657 
2573 4211 4219 4210 
2574 5762 6143 4454 
2575 3941 5562 3937 
2576 5240 6043 5170 
2577 6075 6406 6221 
2578 4763 5915 4767 
2579 5861 6453 5677 
2580 316 5732 317 
2581 6204 6206 4567 
2582 4359 6918 5814 
2583 5193 6132 5761 
2584 4002 6296 5595 
2585 4030 5950 4035 
2586 5830 5831 3888 
2587 4495 4756 4678 
2588 5546 6158 5548 
2589 5290 5984 5311 
2590 5708 5784 4441 
2591 4152 5854 4145 
2592 3883 6417 5705 
2593 5652 5655 5653 
2594 5020 5773 5017 
2595 4256 6890 4233 
2596 5911 6800 5236 
2597 4743 5668 4744 
2598 5973 6448 4115 
2599 4674 6026 5878 
2600 4661 5861 5677 
2601 5931 6795 5409 
2602 3886 6179 6085 
2603 5173 6998 5185 
2604 3896 6541 6037 
2605 5524 5616 5011 
2606 4840 6059 4886 
2607 5404 6865 6214 
2608 6578 6822 4621 
2609 5649 5652 5651 
2610 6545 6550 5889 
2611 5113 5114 5112 
2612 6248 6892 4413 
2613 5329 5330 5328 
2614 5588 6277 5049 
2615 4067 5818 4110 
2616 5042 5043 5041 
2617 5446 6121 5597 
2618 3968 6312 5600 
2619 5838 5839 3897 
2620 5655 5657 5656 
2621 4177 4623 4179 
2622 4363 4399 4398 
2623 6548 6916 5285 
2624 4471 5805 4747 
2625 3875 6316 351 
2626 3886 5842 5838 
2627 4358 6526 4360 
2628 5319 6669 5355 
2629 5539 5545 5538 
2630 5626 5627 5249 
2631 5461 5462 5460 
2632 4150 5910 4058 
2633 3952 3953 3951 
2634 314 5664 315 
2635 5331 5332 5330 
2636 345 5721 346 
2637 5956 6040 4156 
2638 4767 5915 5690 
2639 5601 5848 5847 
2640 5342 6978 6812 
2641 5594 6839 5593 
2642 3984 6301 3980 
2643 4382 4384 4383 
2644 4271 4273 4272 
2645 5776 6364 6111 
2646 5541 5850 5542 
2647 4084 4085 4081 
2648 4226 4227 4225 
2649 6191 6205 4567 
2650 3980 5912 3978 
2651 4068 4069 4058 
2652 4361 5922 4495 
2653 4538 6684 5862 
2654 4317 4319 4318 
2655 4224 4225 4223 
2656 5084 6279 5048 
2657 5610 5668 4743 
2658 6094 6095 5400 
2659 5806 5808 5807 
2660 323 5830 3888 
2661 4052 4054 4031 
2662 341 3893 342 
2663 317 3894 318 
2664 4181 4279 4278 
2665 4003 4004 4002 
2666 319 5803 3896 
2667 313 5737 314 
2668 4228 4229 4227 
2669 4166 6012 4168 
2670 4283 4601 4379 
2671 3900 5857 3902 
2672 4796 4887 4814 
2673 4230 4231 4229 
2674 3979 3980 3978 
2675 4533 4534 4529 
2676 5721 5849 3882 
2677 4220 4221 4219 
2678 6854 6877 6332 
2679 4222 4223 4221 
2680 5176 6070 5237 
2681 5076 6456 5078 
2682 4442 4460 4441 
2683 4157 4158 3948 
2684 5753 5755 5754 
2685 3873 6819 6809 
2686 4597 6917 4774 
2687 5229 5231 5230 
2688 4738 4783 4509 
2689 5297 6485 5991 
2690 5931 6446 5214 
2691 3993 3995 3994 
2692 5572 6401 4364 
2693 5472 6017 4970 
2694 3917 3919 3916 
2695 4005 4006 4004 
2696 5479 5859 5480 
2697 4601 5582 4602 
2698 4037 5756 4042 
2699 4621 6822 4875 
2700 5599 6491 4864 
2701 4613 4796 4643 
2702 3894 5803 318 
2703 3912 5985 3908 
2704 5984 6898 4424 
2705 5562 5580 3938 
2706 5107 5108 5106 
2707 5634 5637 5636 
2708 5195 6573 5847 
2709 5333 5334 5332 
2710 4296 6660 6033 
2711 5591 5756 3991 
2712 5099 5100 5098 
2713 4213 4214 4212 
2714 4086 4212 4085 
2715 5299 6715 5885 
2716 4603 6261 5012 
2717 5669 6346 5668 
2718 4992 5000 4999 
2719 4300 4302 4301 
2720 4327 6777 4331 
2721 4438 5843 5805 
2722 5047 6503 5045 
2723 5709 6282 6072 
2724 4758 4759 4757 
2725 4352 4441 4182 
2726 5299 5300 5298 
2727 4131 6671 4133 
2728 5505 5506 4802 
2729 4499 4908 4501 
2730 4932 5586 4933 
2731 343 6436 3874 
2732 5335 5336 5334 
2733 5499 5500 5498 
2734 5487 6290 5488 
2735 6051 6623 6219 
2736 5629 6690 6339 
2737 4572 6813 6075 
2738 4399 4401 4400 
2739 5207 5209 5208 
2740 6453 6778 5677 
2741 3937 3938 3936 
2742 4725 6150 4167 
2743 5839 5840 3897 
2744 4273 4276 4275 
2745 5587 5879 4933 
2746 3991 5756 4037 
2747 5930 6123 5627 
2748 5721 5891 4830 
2749 3896 6696 6541 
2750 340 5806 341 
2751 5556 6043 5240 
2752 322 5830 323 
2753 5010 6716 5482 
2754 6210 6502 5366 
2755 4367 4369 4366 
2756 4381 6862 5783 
2757 5192 5205 5204 
2758 4051 5703 4050 
2759 5021 6529 5020 
2760 5337 5338 5336 
2761 5297 5298 5296 
2762 3995 3997 3996 
2763 4741 4742 4680 
2764 4232 4233 4231 
2765 5839 5841 5840 
2766 4235 6979 4256 
2767 4552 4553 4549 
2768 5696 5886 5368 
2769 5101 5102 5100 
2770 4276 4289 4288 
2771 5535 5933 5533 
2772 6789 6901 5087 
2773 4110 5818 4438 
2774 4909 6821 6122 
2775 5356 6897 5837 
2776 5123 6874 5202 
2777 6031 6593 5028 
2778 5103 5104 5102 
2779 4908 6588 6307 
2780 335 3887 336 
2781 323 3888 324 
2782 5637 5639 5638 
2783 4501 5916 4503 
2784 5303 6039 5021 
2785 5085 6490 5796 
2786 4544 4545 4542 
2787 5857 5858 4496 
2788 4743 4744 4742 
2789 6605 6905 5361 
2790 5546 5547 5545 
2791 5610 6799 5670 
2792 4222 6590 6139 
2793 4073 6801 5871 
2794 5247 5249 5248 
2795 4511 4512 4488 
2796 6206 6586 6191 
2797 4517 4520 4519 
2798 6352 6812 6366 
2799 5218 5220 5219 
2800 4298 4299 4295 
2801 373 5837 3895 
2802 355 5838 3897 
2803 4625 6504 5765 
2804 5562 5764 5580 
2805 5076 5077 5075 
2806 4835 5726 5404 
2807 371 3885 372 
2808 305 3889 306 
2809 353 3886 354 
2810 359 3890 360 
2811 3941 6149 5562 
2812 3939 4443 3943 
2813 4837 6737 6451 
2814 3886 6085 5842 
2815 5953 6441 4623 
2816 5630 5946 5631 
2817 5116 6958 5119 
2818 5587 5880 5879 
2819 4358 6630 6526 
2820 4806 4807 4677 
2821 5770 6914 4268 
2822 5717 6971 5716 
2823 6634 6846 4415 
2824 5156 6866 5158 
2825 5186 5188 5187 
2826 4988 4992 4991 
2827 6293 6294 5508 
2828 3885 5837 372 
2829 3886 5838 354 
2830 4856 4857 4746 
2831 5619 5620 4828 
2832 4119 4121 4120 
2833 4541 4542 4536 
2834 4986 4988 4987 
2835 5568 5569 5256 
2836 5228 5893 5622 
2837 4554 4555 4553 
2838 6372 6680 6472 
2839 4007 4008 4006 
2840 4535 4536 4534 
2841 6436 6500 5522 
2842 5379 6762 6606 
2843 5449 5450 5443 
2844 4756 4757 4678 
2845 5732 5926 3894 
2846 318 5803 319 
2847 5601 5847 5277 
2848 5089 5882 4049 
2849 337 3898 338 
2850 5824 6340 4348 
2851 5666 6719 5658 
2852 6026 6953 5878 
2853 5501 5502 5500 
2854 5044 5045 5043 
2855 4755 5800 5799 
2856 4621 4875 4707 
2857 5049 6503 5588 
2858 6486 6709 5858 
2859 5006 6804 5678 
2860 5696 6512 5886 
2861 4110 4438 4149 
2862 4078 5744 4069 
2863 5085 5086 5083 
2864 5258 6866 5169 
2865 5487 6380 6290 
2866 4636 5855 4775 
2867 5082 5083 5081 
2868 4674 5878 5316 
2869 319 3896 320 
2870 5670 6799 6109 
2871 372 5837 373 
2872 354 5838 355 
2873 5511 6325 5223 
2874 5916 5917 4815 
2875 4263 4471 4433 
2876 4517 6089 4520 
2877 373 3895 374 
2878 355 3897 356 
2879 6060 6062 4009 
2880 5237 6070 5514 
2881 5209 5211 5210 
2882 5454 6645 6051 
2883 5576 6617 5921 
2884 4020 4021 4019 
2885 4471 4658 4472 
2886 3972 3974 3973 
2887 4042 4044 4043 
2888 5899 6594 5275 
2889 6346 6486 4856 
2890 4913 6016 3929 
2891 5223 5489 5177 
2892 5534 5537 5536 
2893 5504 5612 5611 
2894 6395 6706 6059 
2895 4764 4765 4762 
2896 4331 4333 4332 
2897 5231 5233 5232 
2898 4857 6486 5858 
2899 4661 4663 4662 
2900 4665 6250 6107 
2901 4212 6884 4465 
2902 5416 5870 5414 
2903 365 6045 3883 
2904 5188 5190 5189 
2905 5150 6889 5152 
2906 4014 5856 4016 
2907 3973 6312 3970 
2908 5173 5175 5174 
2909 4350 5874 4125 
2910 5748 5751 5750 
2911 3954 3955 3953 
2912 4984 4986 4985 
2913 5668 6346 4856 
2914 4384 4386 4385 
2915 5431 6740 5428 
2916 4461 4463 4460 
2917 4257 6789 5578 
2918 4764 5892 4765 
2919 5211 5213 5212 
2920 4582 4584 4246 
2921 5409 6795 5408 
2922 5392 5394 5391 
2923 4760 4761 4759 
2924 5634 5636 5632 
2925 4503 5916 4815 
2926 5649 6381 5652 
2927 3959 3960 3931 
2928 4375 4661 4492 
2929 5768 5828 5196 
2930 4052 4057 4054 
2931 5652 5653 5651 
2932 3955 4620 4166 
2933 3954 5682 3955 
2934 6399 6860 5313 
2935 5603 6254 4446 
2936 5070 5588 5069 
2937 5261 6889 5179 
2938 4234 4235 4233 
2939 6022 6303 5513 
2940 4055 6666 5697 
2941 5213 5216 5215 
2942 6014 6405 4161 
2943 3974 3977 3975 
2944 4593 5812 5317 
2945 5467 6691 5442 
2946 4770 4789 4768 
2947 4591 6518 4588 
2948 5641 5645 5642 
2949 5895 5896 4418 
2950 4153 4197 4164 
2951 4738 4802 4783 
2952 5753 5754 3884 
2953 5339 5340 5338 
2954 4503 4815 4505 
2955 5396 5397 5394 
2956 5839 5881 5841 
2957 4311 4312 4310 
2958 5808 5810 5809 
2959 3878 6724 369 
2960 5078 5079 5077 
2961 5365 6620 5364 
2962 3985 5682 3954 
2963 3969 6811 5897 
2964 4125 5874 4078 
2965 3949 6149 3944 
2966 4399 6235 4401 
2967 5973 6705 5270 
2968 4464 5985 3912 
2969 3938 5580 4499 
2970 3901 5371 3892 
2971 362 6865 3877 
2972 3920 5727 3917 
2973 5925 6919 5483 
2974 5690 5691 5687 
2975 5732 6809 5926 
2976 3718 4720 759 
2977 6564 6566 4684 
2978 5375 6970 5377 
2979 4279 4362 4278 
2980 345 5891 5721 
2981 5156 5158 5157 
2982 5655 5656 5653 
2983 4483 6129 5929 
2984 5974 6082 5013 
2985 4921 5766 5628 
2986 3977 3979 3978 
2987 5798 6755 5655 
2988 6188 6857 5702 
2989 5478 6855 5476 
2990 4837 6451 6447 
2991 6242 6814 6744 
2992 3905 4496 3907 
2993 5477 5478 5476 
2994 5359 6507 5360 
2995 4427 6468 5821 
2996 3908 5985 3906 
2997 6477 6911 4918 
2998 4121 4123 4122 
2999 5619 6598 3879 
3000 4936 5780 4770 
3001 5865 6775 5864 
3002 4190 4191 4158 
3003 4098 4666 4117 
3004 4785 5599 4864 
3005 4123 4127 4126 
3006 4760 5915 4763 
3007 371 6063 3885 
3008 4358 4360 4359 
3009 4302 4305 4304 
3010 4604 6009 4698 
3011 4761 5788 4872 
3012 5574 6864 5573 
3013 4363 4398 4362 
3014 5606 5870 5457 
3015 4796 4814 4643 
3016 5257 5941 5607 
3017 3465 4859 3956 
3018 6077 6394 5521 
3019 5795 6386 5347 
3020 4663 4680 4679 
3021 4567 6206 6191 
3022 5710 5784 5708 
3023 5688 6097 4855 
3024 4036 6344 4038 
3025 4466 4749 4748 
3026 5831 6541 5660 
3027 5773 6649 5016 
3028 5806 6035 5808 
3029 6085 6179 5694 
3030 5165 5604 5114 
3031 4360 4396 4395 
3032 4313 4314 4312 
3033 4636 4775 4728 
3034 4095 5895 4418 
3035 5520 6047 4475 
3036 5671 5676 5673 
3037 4044 4046 4045 
3038 5495 5497 5496 
3039 4699 4700 4646 
3040 5725 6139 5348 
3041 5974 6955 6470 
3042 4478 4650 4463 
3043 4809 6194 5354 
3044 5837 6897 3895 
3045 4401 4474 4473 
3046 6188 6694 5758 
3047 5150 5152 5151 
3048 4035 5950 4098 
3049 5233 5235 5234 
3050 5753 6833 6510 
3051 3983 3984 3980 
3052 4022 4023 4021 
3053 4306 6911 4338 
3054 6056 6585 5360 
3055 4432 5980 5859 
3056 5798 6648 4440 
3057 5022 6849 6467 
3058 4172 4193 4192 
3059 4556 4849 2178 
3060 4319 4321 4320 
3061 3945 4157 3948 
3062 4798 5693 4700 
3063 4823 6948 5979 
3064 4139 4616 3911 
3065 307 6492 308 
3066 4868 6535 5722 
3067 4887 5528 4814 
3068 5158 5160 5159 
3069 5024 6842 5023 
3070 5864 6775 5866 
3071 4884 6522 5833 
3072 5764 6588 5580 
3073 5311 6514 5289 
3074 4645 4646 4459 
3075 4218 6416 5701 
3076 5000 5412 5411 
3077 4361 4495 4494 
3078 3926 6016 3923 
3079 4057 4068 4058 
3080 5628 5765 4920 
3081 5317 6535 4868 
3082 4350 6321 5801 
3083 4269 6432 6234 
3084 5765 7005 4625 
3085 4078 5874 5744 
3086 4236 4237 4235 
3087 6450 6999 4596 
3088 5660 6753 5659 
3089 4495 5922 4756 
3090 4747 5923 4755 
3091 4550 5907 5903 
3092 4673 4793 4650 
3093 6155 6657 5002 
3094 5421 6768 5463 
3095 5897 6830 3969 
3096 6107 6250 4833 
3097 4257 6901 6789 
3098 4215 4216 4214 
3099 5046 5047 5045 
3100 5645 5647 5646 
3101 5873 6768 5423 
3102 4315 4316 4314 
3103 6192 6459 5282 
3104 4025 6052 4023 
3105 4863 6346 4617 
3106 4155 4196 4195 
3107 4352 4442 4441 
3108 5985 6850 5526 
3109 4168 4172 4171 
3110 367 6993 6710 
3111 5304 6876 5359 
3112 6151 6904 4882 
3113 5810 5888 5809 
3114 4127 4129 4128 
3115 5182 6926 5823 
3116 4546 6082 5974 
3117 5620 6257 4828 
3118 4835 6250 5726 
3119 4345 6904 6151 
3120 5637 5638 5636 
3121 5146 5148 5147 
3122 4495 4678 4637 
3123 5809 5994 5807 
3124 353 6179 3886 
3125 4770 5780 4789 
3126 6082 6670 5013 
3127 4623 6873 5676 
3128 4474 5707 4672 
3129 4513 4514 4512 
3130 4238 4239 4237 
3131 4720 4721 4136 
3132 4399 4400 4398 
3133 5152 5154 5153 
3134 5694 5695 5693 
3135 4252 6380 5487 
3136 4321 4325 4324 
3137 4532 6394 6076 
3138 4093 5895 4095 
3139 4809 5354 4923 
3140 4274 6693 4270 
3141 4160 4350 4125 
3142 4708 4903 4477 
3143 4010 4011 4008 
3144 6142 6941 5320 
3145 3893 6436 342 
3146 4099 6542 6200 
3147 3890 6214 360 
3148 6407 6603 5739 
3149 4095 4418 4138 
3150 3997 4001 3998 
3151 5183 5615 5108 
3152 6156 6297 6071 
3153 5475 5476 4904 
3154 4855 6096 4854 
3155 4732 5797 4911 
3156 5783 6862 5215 
3157 5481 6986 5479 
3158 4754 5951 5878 
3159 339 6035 340 
3160 5345 6178 5340 
3161 3922 4457 3925 
3162 5513 6780 6459 
3163 4197 4199 4198 
3164 4775 6532 5745 
3165 4585 4594 4584 
3166 6084 6577 5777 
3167 5178 5265 5222 
3168 6212 6623 5469 
3169 5772 5899 5261 
3170 5709 6071 5710 
3171 4980 4982 4981 
3172 1980 5625 1991 
3173 4105 5327 5326 
3174 5283 5872 5871 
3175 4135 4358 4356 
3176 4452 5518 4449 
3177 5506 6186 6050 
3178 321 6037 322 
3179 4752 5813 4750 
3180 5307 6686 6015 
3181 5341 5345 5340 
3182 6007 6951 5369 
3183 4155 5920 4196 
3184 4068 4078 4069 
3185 6029 6612 4819 
3186 5647 5649 5648 
3187 5691 6460 5920 
3188 5143 6803 5168 
3189 4364 6400 5572 
3190 4650 6530 4463 
3191 6301 6972 3980 
3192 5375 5376 4807 
3193 5842 6085 6078 
3194 4333 4335 4334 
3195 4282 4283 4191 
3196 4144 4177 4176 
3197 6093 6138 4928 
3198 4755 5799 4658 
3199 5641 5642 5639 
3200 5369 6951 5370 
3201 4924 6576 4925 
3202 5136 5138 5137 
3203 6332 6877 4371 
3204 4168 6012 4172 
3205 4560 4561 4555 
3206 4000 6663 6228 
3207 4481 6027 6026 
3208 4639 6476 4888 
3209 5129 6825 5130 
3210 4470 6181 6096 
3211 4059 4788 4107 
3212 4924 6946 4772 
3213 4880 5357 5356 
3214 4748 6667 5887 
3215 4978 4980 4979 
3216 5007 6941 6142 
3217 4199 4201 4200 
3218 6030 6031 5224 
3219 5746 6561 4775 
3220 5259 5886 5723 
3221 5920 6460 4196 
3222 5571 5572 4900 
3223 4018 4020 4019 
3224 4137 6088 4713 
3225 5451 6880 5469 
3226 4693 5561 4061 
3227 5088 5883 5882 
3228 4732 5904 5797 
3229 4762 5788 4761 
3230 4672 6650 6135 
3231 4826 6257 6102 
3232 4360 6597 4396 
3233 4471 4472 4433 
3234 3961 3962 3960 
3235 4877 6401 4797 
3236 6069 6267 4942 
3237 6318 6599 4873 
3238 4651 5856 4033 
3239 4915 6040 5956 
3240 4102 4406 4090 
3241 5376 5989 5379 
3242 4221 6785 4254 
3243 5249 5251 5250 
3244 6102 6257 4632 
3245 4873 6599 4874 
3246 5649 5651 5650 
3247 4928 6673 6093 
3248 5033 5894 5029 
3249 5406 6742 6298 
3250 5674 6355 5672 
3251 5771 6721 334 
3252 4106 4651 4033 
3253 5138 5140 5139 
3254 5731 6041 5728 
3255 5548 5549 5547 
3256 5030 5034 5032 
3257 6023 6129 4421 
3258 6251 6554 5889 
3259 6366 6812 4465 
3260 5602 5717 5716 
3261 6010 6782 4875 
3262 5130 5132 5131 
3263 4024 4025 4023 
3264 5052 5053 5047 
3265 5140 5142 5141 
3266 4905 5505 4802 
3267 4189 4446 4163 
3268 4098 5950 4666 
3269 4317 4318 4316 
3270 4156 6040 4129 
3271 5016 5786 4784 
3272 5675 6060 5674 
3273 5372 6402 5373 
3274 5124 6043 5126 
3275 6571 6675 4610 
3276 4661 4662 4492 
3277 5759 6694 4889 
3278 5850 5851 5542 
3279 4837 6965 4552 
3280 5848 6570 4435 
3281 4854 6165 4936 
3282 4624 4718 4475 
3283 5018 5735 5019 
3284 6191 6586 4997 
3285 4878 4879 4695 
3286 3996 6350 3994 
3287 4783 6875 6036 
3288 4966 6952 5001 
3289 4521 6609 6239 
3290 5025 5068 5027 
3291 4658 4659 4472 
3292 6353 6777 4882 
3293 4442 4461 4460 
3294 4286 4353 4185 
3295 5830 6541 5831 
3296 4737 4738 4509 
3297 5709 6072 6071 
3298 4648 6872 6396 
3299 5540 5685 5544 
3300 6696 6753 5660 
3301 4653 4656 4655 
3302 1463 4550 2222 
3303 5062 5064 5061 
3304 4201 4203 4202 
3305 5799 6428 4659 
3306 4744 4746 4745 
3307 5382 6327 5387 
3308 6031 6283 5224 
3309 4508 4509 4444 
3310 4648 6722 6467 
3311 6697 6698 4848 
3312 4074 4084 4081 
3313 5659 6753 5926 
3314 4931 4932 4731 
3315 4808 5495 4718 
3316 5215 6741 5783 
3317 4129 6040 4131 
3318 1254 4551 1243 
3319 6121 6746 5597 
3320 5440 5441 5439 
3321 4104 5820 4102 
3322 5905 6304 4100 
3323 6447 6451 6450 
3324 5548 6158 5551 
3325 4376 5944 5931 
3326 4217 4447 4216 
3327 4112 6929 5781 
3328 4967 4969 4968 
3329 4658 5799 4659 
3330 363 6443 364 
3331 4013 4014 4011 
3332 4456 4475 4368 
3333 5377 5989 5376 
3334 6574 6845 5492 
3335 5011 5834 4749 
3336 4401 4473 4400 
3337 4767 5690 5687 
3338 4761 4872 4820 
3339 5645 5646 5642 
3340 6076 6394 6077 
3341 6081 6832 6552 
3342 5045 6503 5049 
3343 4174 4175 4143 
3344 4663 4679 4662 
3345 4345 6151 4325 
3346 4699 4798 4700 
3347 3994 6301 3984 
3348 5744 5746 5745 
3349 5269 6789 6030 
3350 5834 6915 4778 
3351 5314 6902 5222 
3352 4256 6979 5355 
3353 4386 4388 4387 
3354 5553 6304 5981 
3355 4965 4967 4966 
3356 4271 4272 4266 
3357 4613 4643 4642 
3358 4046 4051 4050 
3359 6543 6698 6012 
3360 4495 4637 4494 
3361 5859 5860 5480 
3362 4757 5904 4678 
3363 5124 5126 5125 
3364 4325 6151 4327 
3365 4969 4971 4970 
3366 6819 6957 5638 
3367 4203 4205 4204 
3368 4331 4332 4330 
3369 4880 5356 4836 
3370 5568 6418 5569 
3371 4405 4817 4726 
3372 4119 4120 4113 
3373 4645 4699 4646 
3374 5530 6172 4015 
3375 4730 4731 4615 
3376 5491 6581 5494 
3377 4830 5891 5589 
3378 4205 4207 4206 
3379 3990 5769 3985 
3380 5133 6070 5176 
3381 5724 6846 6634 
3382 340 6035 5806 
3383 5718 5768 5200 
3384 4185 6088 4137 
3385 3465 3956 3454 
3386 5656 5666 5658 
3387 4207 4209 4208 
3388 4845 6491 4752 
3389 5642 6018 5639 
3390 322 6037 5830 
3391 5065 5066 5064 
3392 4140 4141 4096 
3393 5193 5761 5272 
3394 4020 4022 4021 
3395 4641 6591 6398 
3396 3992 3993 3984 
3397 4177 4179 4178 
3398 5276 6656 5601 
3399 5414 5870 5458 
3400 4971 4973 4972 
3401 4973 4976 4975 
3402 4496 6208 3907 
3403 4335 4337 4336 
3404 5540 6180 5685 
3405 5716 6661 5567 
3406 4466 4748 3903 
3407 5126 5128 5127 
3408 3927 3959 3931 
3409 3887 6420 336 
3410 4458 4833 4644 
3411 5689 6754 5688 
3412 4678 4732 4637 
3413 5537 5539 5538 
3414 5665 6393 3891 
3415 4798 5694 5693 
3416 5081 6790 5080 
3417 4738 4905 4802 
3418 367 6710 368 
3419 5767 6729 5766 
3420 4680 4869 4679 
3421 4209 4211 4210 
3422 4749 4779 4748 
3423 5981 6304 4812 
3424 4833 4835 4834 
3425 3963 3964 3962 
3426 4774 6707 5832 
3427 4835 5404 4916 
3428 5818 6739 5507 
3429 5752 6135 5750 
3430 4115 6705 5973 
3431 4976 6586 4975 
3432 5647 5648 5646 
3433 4768 5892 4764 
3434 6017 6756 5015 
3435 6072 6220 4034 
3436 359 6528 3890 
3437 4373 4613 4612 
3438 4402 6300 5893 
3439 4461 4478 4463 
3440 4364 6513 4319 
3441 4382 4383 4289 
3442 3989 4067 4066 
3443 4029 5905 4027 
3444 5554 6931 5555 
3445 5972 6448 5973 
3446 4592 4593 4591 
3447 4023 6052 4611 
3448 4144 5953 4177 
3449 3795 4040 3784 
3450 4354 6344 4039 
3451 6282 6530 4885 
3452 5398 5399 5397 
3453 4722 5585 4136 
3454 4067 4110 4109 
3455 4159 4182 4141 
3456 5327 5329 5328 
3457 5650 5660 5659 
3458 5639 6018 5638 
3459 4455 5584 4733 
3460 5114 5116 5115 
3461 5010 6249 6248 
3462 5768 6195 5200 
3463 4181 4278 4260 
3464 5794 6487 5663 
3465 3944 6149 3941 
3466 5497 5499 5498 
3467 4719 5309 5308 
3468 6523 6849 5022 
3469 6302 6887 5346 
3470 4110 4149 4147 
3471 4744 4745 4742 
3472 4175 6487 5794 
3473 4916 4917 4834 
3474 6190 6191 4997 
3475 4179 4181 4180 
3476 4300 4301 4299 
3477 337 6420 3898 
3478 4149 4263 4187 
3479 4151 4479 4194 
3480 5513 6459 6022 
3481 3909 4139 3911 
3482 3919 3982 3981 
3483 4124 5970 4151 
3484 4963 4965 4964 
3485 4782 4843 4842 
3486 364 6045 365 
3487 6671 6808 4133 
3488 4263 4433 4277 
3489 4480 6404 4782 
3490 4855 6097 6096 
3491 3979 3983 3980 
3492 6647 6711 6531 
3493 4108 6752 4004 
3494 5779 6572 4842 
3495 5170 6043 5124 
3496 5631 5946 5643 
3497 5329 5331 5330 
3498 5592 6852 6639 
3499 4337 4344 4343 
3500 5475 5477 5476 
3501 5116 5118 5117 
3502 5649 5650 5648 
3503 5617 6601 5472 
3504 4708 4904 4903 
3505 4508 4739 4737 
3506 4673 4794 4793 
3507 6060 6061 5674 
3508 4478 4673 4650 
3509 6170 6226 4558 
3510 4520 4525 4524 
3511 4003 4005 4004 
3512 4137 4713 4116 
3513 4634 5855 4636 
3514 5207 5208 5205 
3515 3982 3989 3988 
3516 5539 5546 5545 
3517 2211 5900 2200 
3518 4697 4801 4736 
3519 4739 4880 4836 
3520 4005 4007 4006 
3521 5641 6960 5645 
3522 4827 4839 4829 
3523 4001 4003 4002 
3524 3965 3966 3964 
3525 4491 4826 4374 
3526 5528 5782 4814 
3527 6549 6577 5793 
3528 306 6438 307 
3529 4643 4810 4642 
3530 5281 6192 5282 
3531 4193 4285 4284 
3532 5192 5204 5190 
3533 4264 4352 4182 
3534 4033 5856 4014 
3535 4508 4737 4509 
3536 5656 5658 5653 
3537 4410 6456 5935 
3538 5390 5391 5389 
3539 4129 4131 4130 
3540 5196 6769 5768 
3541 5410 6425 5827 
3542 4186 6559 5616 
3543 4344 4366 4365 
3544 4515 4516 4514 
3545 4830 5589 4745 
3546 4480 4782 4683 
3547 5650 5659 5648 
3548 4749 5834 4779 
3549 5677 6778 5609 
3550 5809 6524 5994 
3551 4784 4785 4354 
3552 4761 4820 4759 
3553 4443 6322 3943 
3554 4827 4828 4826 
3555 4474 4672 4473 
3556 4810 4862 4642 
3557 4799 5507 4727 
3558 4678 5904 4732 
3559 5880 6355 6061 
3560 5646 5654 5642 
3561 4829 5619 4828 
3562 4264 4375 4374 
3563 4035 4098 4097 
3564 5707 5785 4672 
3565 4732 4831 4637 
3566 6279 6790 5081 
3567 5229 5230 5220 
3568 5034 5036 5035 
3569 6173 6815 4571 
3570 5692 6234 5640 
3571 4086 4213 4212 
3572 6169 7001 5594 
3573 4211 4220 4219 
3574 5246 6533 5998 
3575 4038 6122 5769 
3576 3888 6719 324 
3577 5738 6922 4734 
3578 4792 5981 4791 
3579 506 3940 924 
3580 4361 4494 4444 
3581 4307 6657 6104 
3582 4690 6286 5844 
3583 4139 4617 4616 
3584 5186 5187 5175 
3585 3878 6710 6186 
3586 6127 6128 4943 
3587 4739 4836 4737 
3588 4765 5788 4762 
3589 4472 4665 4433 
3590 4886 6545 5889 
3591 5772 6925 5899 
3592 3003 5955 3498 
3593 6147 6285 5448 
3594 4481 6026 4674 
3595 4666 5920 4117 
3596 1210 5947 1199 
3597 4260 4431 4180 
3598 4779 6667 4748 
3599 3914 4464 3912 
3600 3983 3992 3984 
3601 4350 5875 5874 
3602 4375 4492 4491 
3603 4177 4178 4176 
3604 4558 6225 6170 
3605 4277 4454 4187 
3606 6401 6513 4364 
3607 638 4411 682 
3608 660 5934 1188 
3609 682 5945 627 
3610 5331 5333 5332 
3611 5108 5110 5109 
3612 4007 4010 4008 
3613 1573 5959 671 
3614 4094 4670 3976 
3615 4437 6252 5911 
3616 4325 4327 4326 
3617 4124 4125 4078 
3618 4035 4052 4031 
3619 3872 5963 3861 
3620 616 5935 506 
3621 3586 5928 3575 
3622 4030 4031 4029 
3623 4869 4870 4679 
3624 5357 6589 6106 
3625 4869 5522 4870 
3626 4195 4361 4286 
3627 4645 4701 4699 
3628 4788 5953 4107 
3629 4084 4086 4085 
3630 3520 3957 3509 
3631 792 5943 748 
3632 4644 4645 4459 
3633 4948 4950 4949 
3634 627 4410 616 
3635 4771 4881 4629 
3636 5962 6791 5266 
3637 6145 6637 4614 
3638 5926 6753 3894 
3639 5036 5038 5037 
3640 4052 5927 4057 
3641 2222 5906 2211 
3642 4458 4459 4454 
3643 770 3930 1210 
3644 4822 6930 4535 
3645 5436 5437 5435 
3646 4732 4911 4831 
3647 671 3934 660 
3648 5672 6687 4486 
3649 5654 6018 5642 
3650 4848 6543 4847 
3651 4439 6995 4337 
3652 4425 5965 4675 
3653 4835 4916 4834 
3654 5895 6830 5897 
3655 913 5948 638 
3656 4224 4226 4225 
3657 4494 4508 4444 
3658 5279 6538 5680 
3659 5262 6468 5996 
3660 3597 3921 792 
3661 5550 5552 5549 
3662 305 6589 3889 
3663 5038 5040 5039 
3664 891 5954 583 
3665 2200 4559 1265 
3666 4613 4642 4612 
3667 4022 4024 4023 
3668 4189 5937 4446 
3669 4030 4035 4031 
3670 6228 6663 6227 
3671 2915 5939 2904 
3672 4267 5989 5591 
3673 4035 4097 4052 
3674 6079 6712 6080 
3675 5110 5112 5111 
3676 4361 4444 4286 
3677 4008 6497 4006 
3678 4222 4224 4223 
3679 5567 6256 5742 
3680 6178 6449 6439 
3681 583 4065 913 
3682 6015 6686 4083 
3683 1507 5940 1496 
3684 4610 6675 5957 
3685 5173 5174 5163 
3686 4946 4948 4947 
3687 4398 4440 4362 
3688 4902 5835 4895 
3689 4028 4030 4029 
3690 3498 4415 3487 
3691 4579 4580 4561 
3692 2728 4416 891 
3693 2464 3924 2552 
3694 6227 6663 715 
3695 6315 6894 5338 
3696 3861 3947 3586 
3697 4425 4675 4627 
3698 5483 5484 5198 
3699 4175 6058 4143 
3700 3751 5971 1584 
3701 4144 4176 4174 
3702 4833 4834 4644 
3703 370 6063 371 
3704 1177 5961 1122 
3705 4278 4380 4260 
3706 4151 4160 4125 
3707 4628 4711 4426 
3708 4220 4222 4221 
3709 1199 4419 484 
3710 4975 6586 6206 
3711 4226 4228 4227 
3712 2552 5980 2541 
3713 303 6106 304 
3714 5333 5335 5334 
3715 5274 6888 6475 
3716 3608 5964 3597 
3717 2475 5967 2464 
3718 4711 6462 4426 
3719 4028 4029 4027 
3720 880 4423 847 
3721 4950 4953 4951 
3722 2541 4432 605 
3723 5040 5042 5041 
3724 334 6598 5771 
3725 4713 6074 6073 
3726 869 5975 880 
3727 5614 6774 6388 
3728 5340 6315 5338 
3729 4509 6036 4444 
3730 4662 4664 4492 
3731 3619 3942 2915 
3732 4696 6282 5709 
3733 4155 4195 4185 
3734 5499 5501 5500 
3735 5885 6937 5315 
3736 5234 6347 6247 
3737 4181 4260 4180 
3738 5335 5337 5336 
3739 4110 4147 4109 
3740 3377 4430 2475 
3741 649 4424 869 
3742 6455 6952 5015 
3743 4263 4277 4187 
3744 4149 4187 4147 
3745 4067 4109 4066 
3746 396 5968 385 
3747 3124 5986 3762 
3748 4981 7000 6077 
3749 847 5993 979 
3750 5251 5253 5252 
3751 4107 4144 4143 
3752 4708 5474 4904 
3753 1661 4422 3608 
3754 5479 6986 5859 
3755 1188 4412 1177 
3756 3388 6557 5872 
3757 4228 4230 4229 
3758 5218 5219 5216 
3759 4807 6261 4677 
3760 1672 5987 1661 
3761 902 4429 693 
3762 4619 4803 4408 
3763 4059 6117 4788 
3764 4777 6188 6187 
3765 6249 6659 5094 
3766 517 5969 2728 
3767 4195 4286 4185 
3768 5761 6433 5245 
3769 4068 4124 4078 
3770 4151 5970 4479 
3771 6025 6303 4071 
3772 1584 4414 1573 
3773 1034 4427 1672 
3774 5313 5819 4813 
3775 3652 5966 3641 
3776 5678 6363 4883 
3777 4848 6698 6543 
3778 4194 4287 4160 
3779 3014 4092 3003 
3780 6552 6832 5058 
3781 5887 6667 3875 
3782 4635 4891 4633 
3783 1353 6006 3014 
3784 858 5992 902 
3785 528 5990 495 
3786 5534 6260 5537 
3787 979 4064 858 
3788 693 6001 462 
3789 4179 4180 4178 
3790 3989 4066 3988 
3791 5354 5912 4923 
3792 495 4420 517 
3793 4458 4644 4459 
3794 5729 5730 4776 
3795 4140 4159 4141 
3796 4013 4033 4014 
3797 5787 6634 4415 
3798 4373 4477 4287 
3799 3967 3968 3966 
3800 4729 6299 5600 
3801 4612 4708 4477 
3802 1045 5995 1034 
3803 1364 6000 1353 
3804 539 4063 528 
3805 4369 4481 4370 
3806 4926 6271 6198 
3807 4026 4053 4028 
3808 5376 5379 5378 
3809 5156 5157 5154 
3810 4853 6577 6084 
3811 3828 6021 1386 
3812 5265 5962 5266 
3813 4102 5820 4406 
3814 4789 5892 4768 
3815 1815 4072 1804 
3816 1089 6004 3311 
3817 4510 6149 3949 
3818 1100 4076 1089 
3819 462 4428 935 
3820 4829 5771 5619 
3821 4202 6702 4255 
3822 4457 6560 5890 
3823 4478 4681 4673 
3824 5520 6757 6047 
3825 4827 4829 4828 
3826 1122 4091 1111 
3827 3762 4417 3751 
3828 935 6002 539 
3829 4230 4232 4231 
3830 6110 6381 5647 
3831 4159 4264 4182 
3832 3959 3961 3960 
3833 4131 4133 4132 
3834 4442 4632 4461 
3835 4024 4026 4025 
3836 5789 6669 5319 
3837 3919 3981 3916 
3838 4874 4896 4712 
3839 5514 6780 5513 
3840 5476 6428 4904 
3841 4680 6057 4869 
3842 4810 4914 4862 
3843 5602 6691 5467 
3844 3311 4435 3300 
3845 4953 4955 4954 
3846 3969 3970 3968 
3847 4491 4827 4826 
3848 4264 4374 4352 
3849 5104 5106 5105 
3850 5701 6416 5092 
3851 4157 4190 4158 
3852 4473 4691 4400 
3853 3630 5932 3619 
3854 4881 5812 4629 
3855 3575 4403 1507 
3856 2926 4077 1045 
3857 6390 6392 5344 
3858 4605 6101 6010 
3859 4481 4674 4482 
3860 4791 5981 4812 
3861 4800 6561 5875 
3862 3168 4073 3157 
3863 2013 5623 2024 
3864 4010 4013 4011 
3865 4826 6102 4374 
3866 2904 4407 396 
3867 2937 6008 2926 
3868 4138 4184 4140 
3869 1683 4434 2937 
3870 4124 4151 4125 
3871 5559 6697 4476 
3872 748 5983 649 
3873 3971 3972 3970 
3874 1375 6005 3168 
3875 4277 4458 4454 
3876 5281 6801 6192 
3877 5150 5151 5148 
3878 4746 4830 4745 
3879 4121 4122 4120 
3880 1694 6011 1683 
3881 4026 4027 4025 
3882 5794 6488 4175 
3883 4614 6619 6144 
3884 1386 4436 1375 
3885 473 6003 1815 
3886 4155 4185 4137 
3887 385 4115 3685 
3888 4151 4194 4160 
3889 4098 4117 4116 
3890 4375 4491 4374 
3891 3873 6809 5732 
3892 4147 4186 4109 
3893 2959 4437 2948 
3894 5270 6469 5973 
3895 2970 4089 1364 
3896 3707 5952 3696 
3897 5018 6540 5735 
3898 5542 5933 5535 
3899 5355 6979 5319 
3900 3135 4112 3124 
3901 5822 6446 5931 
3902 4373 4612 4477 
3903 4117 4155 4137 
3904 5474 5475 4904 
3905 4240 4241 4239 
3906 4194 4373 4287 
3907 5531 6260 5534 
3908 5743 6540 5018 
3909 4106 6058 4651 
3910 4384 4385 4383 
3911 4674 5316 4705 
3912 4273 4275 4272 
3913 4465 6884 6366 
3914 1496 4409 3652 
3915 4331 6353 4333 
3916 6017 6895 6756 
3917 4059 4107 4106 
3918 6144 6145 4614 
3919 1518 4075 1694 
3920 4123 4126 4122 
3921 3641 4114 3443 
3922 4127 4128 4126 
3923 4824 6046 5845 
3924 2145 5791 2156 
3925 2948 6025 3839 
3926 4738 6044 4905 
3927 4286 6036 4353 
3928 3971 4093 3976 
3929 3839 4071 3828 
3930 4737 6044 4738 
3931 3995 4012 3997 
3932 5345 6603 6178 
3933 4675 4710 4709 
3934 5513 6303 5512 
3935 1804 6252 2959 
3936 4013 4059 4033 
3937 5755 6510 4681 
3938 4353 6088 4185 
3939 1221 5999 825 
3940 3674 5972 3135 
3941 5750 6650 5749 
3942 5188 5189 5187 
3943 4914 5705 4862 
3944 4388 4390 4389 
3945 4868 5722 5714 
3946 5475 6045 5477 
3947 3992 4404 3993 
3948 1529 6024 1518 
3949 4651 6175 5856 
3950 4276 4288 4275 
3951 4018 4032 4020 
3952 4333 4334 4332 
3953 3333 4377 3322 
3954 3971 3976 3972 
3955 4617 6032 4616 
3956 3933 4913 3929 
3957 3963 3965 3964 
3958 4959 4961 4960 
3959 5247 5248 5235 
3960 4095 4138 4096 
3961 5146 5147 5144 
3962 4093 6830 5895 
3963 4681 6336 5817 
3964 4339 5382 5381 
3965 4322 6761 5850 
3966 5543 6990 6496 
3967 3972 5942 3974 
3968 5725 6717 4249 
3969 5827 6335 5278 
3970 352 6316 6179 
3971 3696 6015 1232 
3972 4639 4888 4876 
3973 4176 4269 4174 
3974 4728 4800 4799 
3975 4219 6475 4210 
3976 6009 6010 4902 
3977 5874 5875 5746 
3978 4696 6530 6282 
3979 4730 4931 4731 
3980 5744 5874 5746 
3981 4955 4957 4956 
3982 6059 6706 4993 
3983 4144 4174 4143 
3984 4713 6349 6074 
3985 5831 6048 3888 
3986 4670 5942 3976 
3987 4590 4591 4588 
3988 5322 6526 5558 
3989 5326 6824 5343 
3990 814 4402 3872 
3991 3969 3971 3970 
3992 4817 4885 4726 
3993 5091 5092 5066 
3994 4066 4490 3988 
3995 5546 5548 5547 
3996 4380 6648 5798 
3997 4053 6754 6049 
3998 4051 5802 5703 
3999 4138 4140 4096 
4000 4791 4812 4811 
4001 4335 4336 4334 
4002 4098 4116 4097 
4003 334 6721 335 
4004 5972 6929 4112 
4005 4677 6261 4603 
4006 6013 6014 5820 
4007 4445 5727 3920 
4008 5209 5210 5208 
4009 4107 4143 4106 
4010 3982 3988 3981 
4011 5856 6174 4016 
4012 4957 4959 4958 
4013 6812 6978 5706 
4014 4213 4215 4214 
4015 5807 6500 3893 
4016 4107 5953 4144 
4017 4643 6050 4810 
4018 4117 4137 4116 
4019 6467 6849 4648 
4020 5705 6993 367 
4021 5714 5715 4890 
4022 4801 6907 6870 
4023 5428 6736 5426 
4024 5653 6048 5651 
4025 3901 6944 5371 
4026 3322 6265 3630 
4027 4814 6050 4643 
4028 4919 6338 4921 
4029 3977 4034 3979 
4030 5472 6558 6017 
4031 4104 6013 5820 
4032 3509 5930 3256 
4033 5167 6495 5294 
4034 3938 4499 4183 
4035 4283 6281 4601 
4036 3036 4080 3707 
4037 6081 6552 5067 
4038 6124 6708 4930 
4039 3967 3969 3968 
4040 4448 4449 4447 
4041 4190 4282 4191 
4042 4232 4234 4233 
4043 3784 5846 3773 
4044 4097 5927 4052 
4045 4608 6706 6395 
4046 3988 6086 3981 
4047 4710 4791 4790 
4048 5136 5137 5134 
4049 338 6730 5 
4050 5 6730 339 
4051 4859 4860 3956 
4052 5558 6678 4717 
4053 4030 6049 5950 
4054 5337 5339 5338 
4055 5892 6642 6635 
4056 4026 4028 4027 
4057 4405 6185 4817 
4058 320 6732 4 
4059 4 6732 321 
4060 356 6733 6 
4061 6 6733 357 
4062 4458 6107 4833 
4063 4462 6483 6324 
4064 6366 6884 5347 
4065 4467 6891 5720 
4066 4039 6344 4036 
4067 5889 6554 4886 
4068 5068 6413 5027 
4069 4903 6909 4477 
4070 5086 5296 5295 
4071 5840 6733 3897 
4072 3965 3967 3966 
4073 5494 6592 5493 
4074 4319 4320 4318 
4075 5158 5159 5157 
4076 5876 6238 5865 
4077 4531 6264 6160 
4078 5540 5544 5532 
4079 4059 4106 4033 
4080 4517 4519 4516 
4081 4139 4863 4617 
4082 5890 6560 5510 
4083 4160 6321 4350 
4084 5231 5232 5230 
4085 4246 6672 4243 
4086 4321 4324 4320 
4087 4484 6720 4388 
4088 5092 6416 5066 
4089 5583 6114 5582 
4090 3806 5699 3795 
4091 5204 6131 5190 
4092 5427 5428 5426 
4093 5211 5212 5210 
4094 1232 4083 1221 
4095 5237 5514 5513 
4096 6050 6186 4810 
4097 4636 4728 4727 
4098 4889 6108 5759 
4099 4153 6302 4197 
4100 4589 6124 4930 
4101 5758 6694 5759 
4102 4961 6638 4960 
4103 5201 6548 5369 
4104 5008 5697 4841 
4105 4751 4752 4750 
4106 4939 4941 4940 
4107 4846 4847 4845 
4108 4452 6984 5518 
4109 825 6300 814 
4110 4784 5786 4785 
4111 4457 6019 3925 
4112 4172 4192 4171 
4113 4729 5600 5008 
4114 4671 4750 4489 
4115 5816 6501 4820 
4116 4637 6028 4494 
4117 3925 6019 3927 
4118 5042 5044 5043 
4119 5837 6494 5356 
4120 4616 6032 4697 
4121 4373 6100 4613 
4122 4742 6057 4680 
4123 4729 4841 4706 
4124 4844 4845 4752 
4125 5130 5131 5128 
4126 4456 4624 4475 
4127 4624 4808 4718 
4128 6028 6334 4739 
4129 5589 6057 4745 
4130 5160 5161 5159 
4131 4344 4365 4343 
4132 5213 5215 5212 
4133 6628 6847 5004 
4134 6160 6264 6263 
4135 4893 4902 4895 
4136 4894 5924 5802 
4137 4193 4284 4192 
4138 4327 4330 4329 
4139 4608 6395 4544 
4140 5152 5153 5151 
4141 6186 6710 4914 
4142 5955 6685 5787 
4143 4730 5323 4931 
4144 6224 6847 6628 
4145 6244 6306 5447 
4146 4337 4343 4336 
4147 4396 4488 4487 
4148 4508 6028 4739 
4149 4836 6044 4737 
4150 374 6743 3 
4151 3 6743 303 
4152 4457 6020 6019 
4153 4545 4547 4546 
4154 6076 6813 6216 
4155 4325 4326 4324 
4156 5872 6859 4430 
4157 5741 6457 4443 
4158 4728 4799 4727 
4159 4843 5667 4842 
4160 6434 6862 6795 
4161 5282 5556 5240 
4162 5858 6709 4496 
4163 352 6179 353 
4164 4705 4706 4482 
4165 5430 5431 5428 
4166 5584 5684 4733 
4167 4242 4243 4241 
4168 4831 6334 6028 
4169 4117 5920 4155 
4170 3907 6208 3909 
4171 5715 5777 5776 
4172 4713 6073 4116 
4173 5783 6961 5598 
4174 4095 4096 4094 
4175 4866 5603 4647 
4176 5710 6974 5784 
4177 6612 6651 4819 
4178 3961 3963 3962 
4179 5581 6990 4087 
4180 5524 6991 5616 
4181 4129 4130 4128 
4182 3047 5938 3036 
4183 3992 4405 4404 
4184 5378 6261 4807 
4185 4173 6942 5919 
4186 4282 4408 4283 
4187 5749 6650 5785 
4188 4917 6098 4834 
4189 4994 6615 6331 
4190 3773 4268 2530 
4191 5916 6442 5917 
4192 4444 6036 4286 
4193 5267 5604 5165 
4194 4302 4304 4301 
4195 4124 6103 5970 
4196 5347 6884 5795 
4197 4234 4236 4235 
4198 5704 6349 4887 
4199 3965 4261 3967 
4200 6238 6681 5865 
4201 5813 5814 4750 
4202 4494 6028 4508 
4203 6023 6126 5074 
4204 3256 4378 3245 
4205 4634 4636 4635 
4206 5724 6634 5242 
4207 6099 6417 5474 
4208 4413 6672 6248 
4209 4418 6109 4138 
4210 3454 5618 3817 
4211 6679 6874 5374 
4212 5124 5125 5122 
4213 4184 6799 6778 
4214 4862 6417 6099 
4215 6537 6980 5774 
4216 5079 5081 5080 
4217 5392 6775 5865 
4218 5872 6557 5871 
4219 360 6214 361 
4220 5753 6510 5755 
4221 4443 6457 6182 
4222 4827 6115 4839 
4223 3245 5982 1485 
4224 4093 4095 4094 
4225 5676 6873 5673 
4226 4665 6107 4433 
4227 3956 5618 3454 
4228 5782 6050 4814 
4229 4896 5918 4712 
4230 5138 5139 5137 
4231 4446 6254 5854 
4232 4386 4387 4385 
4233 6501 6841 5904 
4234 4932 6235 5586 
4235 4993 6545 6059 
4236 3938 4183 3936 
4237 4782 4842 4683 
4238 4860 6134 3956 
4239 4352 6102 4442 
4240 4831 6028 4637 
4241 5019 5735 5303 
4242 5596 5910 4811 
4243 4022 4470 4024 
4244 5432 5433 5431 
4245 6112 6755 4440 
4246 4699 6078 4798 
4247 605 6295 594 
4248 4921 5767 5766 
4249 4450 4452 4449 
4250 3943 6322 3945 
4251 5658 6048 5653 
4252 5205 5822 5204 
4253 6074 6349 5704 
4254 1485 4082 1474 
4255 5679 6943 5779 
4256 5664 6957 6819 
4257 5140 5141 5139 
4258 3945 6322 4157 
4259 4005 4009 4007 
4260 5684 6976 4841 
4261 4782 6182 4843 
4262 5253 5256 5255 
4263 4455 6269 5584 
4264 4380 6381 6110 
4265 5802 5924 5703 
4266 6243 6305 5447 
4267 4726 4730 4615 
4268 4057 6103 4068 
4269 5078 6629 5681 
4270 6438 6492 307 
4271 3817 4148 3806 
4272 5142 5164 5141 
4273 6226 6227 4558 
4274 4624 4809 4808 
4275 1474 5997 3047 
4276 4266 5937 4189 
4277 6012 6698 4172 
4278 4138 6109 4184 
4279 5507 6166 4727 
4280 5525 6658 5524 
4281 4244 4246 4243 
4282 4400 6112 4398 
4283 4862 6099 4642 
4284 4934 6637 6145 
4285 3976 5942 3972 
4286 5270 6705 5608 
4287 4010 6117 4013 
4288 4236 4238 4237 
4289 5190 6131 5189 
4290 4159 6453 5861 
4291 1826 4340 1892 
4292 4775 6561 4728 
4293 4433 6107 4277 
4294 4305 4342 4304 
4295 5132 5193 5131 
4296 5603 6474 4647 
4297 5277 5615 5183 
4298 924 6183 836 
4299 4169 4725 4167 
4300 4589 4930 4638 
4301 4659 6087 4472 
4302 4745 6057 4742 
4303 4937 4939 4938 
4304 6061 6355 5674 
4305 5878 5951 5316 
4306 5097 6920 6689 
4307 4215 4217 4216 
4308 3879 6598 333 
4309 5463 6767 6137 
4310 4636 4727 4635 
4311 4390 4392 4391 
4312 4645 6098 4701 
4313 4071 6303 6022 
4314 6459 6959 6022 
4315 4809 4923 4912 
4316 5233 5234 5232 
4317 6824 6854 6760 
4318 370 6724 6063 
4319 5925 6596 5575 
4320 6591 6729 6398 
4321 6087 6411 4665 
4322 5114 5115 5112 
4323 4405 4615 4404 
4324 4028 6049 4030 
4325 4839 6113 4829 
4326 6396 6872 4607 
4327 5548 5550 5549 
4328 5654 6829 5926 
4329 4405 4726 4615 
4330 4504 4506 4502 
4331 2519 6382 3520 
4332 4093 4094 3976 
4333 5339 5341 5340 
4334 5780 6488 4789 
4335 4346 6363 4899 
4336 4665 6411 6250 
4337 4479 6100 4194 
4338 6150 6341 4165 
4339 5503 6340 5824 
4340 5429 6856 6120 
4341 6385 6624 6029 
4342 4146 6302 4153 
4343 4383 6324 4289 
4344 4520 4524 4519 
4345 5310 6469 5287 
4346 4113 6013 4104 
4347 6699 6815 6173 
4348 4374 6102 4352 
4349 4697 6032 4801 
4350 4650 6947 6530 
4351 4798 6085 5694 
4352 4692 4861 4606 
4353 4701 6078 4699 
4354 4455 4733 4456 
4355 4940 6844 6806 
4356 4499 4501 4500 
4357 5484 6276 5198 
4358 4900 6400 4897 
4359 3877 6443 363 
4360 5160 6055 5161 
4361 4809 4912 4808 
4362 4044 4154 4046 
4363 6060 6963 6062 
4364 4291 5965 4285 
4365 3399 4307 2717 
4366 4644 6098 4645 
4367 4598 6623 6212 
4368 5413 5414 5412 
4369 5819 6134 4860 
4370 3968 6788 3966 
4371 5376 5378 4807 
4372 5126 5127 5125 
4373 4629 5812 4593 
4374 4712 5918 4711 
4375 5899 6925 6594 
4376 6007 6548 5286 
4377 6084 6626 4853 
4378 4944 6783 4943 
4379 5537 6260 5543 
4380 4708 6099 5474 
4381 4001 4493 4003 
4382 5801 6321 5800 
4383 6118 6119 5164 
4384 4031 6584 4029 
4385 4803 6281 4408 
4386 4500 4714 4183 
4387 4365 4368 4343 
4388 4097 6073 5927 
4389 1727 5825 1716 
4390 5371 6944 5887 
4391 5187 6280 5175 
4392 5927 6103 4057 
4393 5923 6731 5801 
4394 4142 6739 5818 
4395 4472 6087 4665 
4396 4668 4669 4498 
4397 1243 5913 1925 
4398 4817 6282 4885 
4399 5064 6422 5736 
4400 4664 6115 4492 
4401 4675 4709 4627 
4402 5840 6528 358 
4403 5463 6768 6218 
4404 4105 6356 5327 
4405 5090 6858 5059 
4406 6057 6458 4869 
4407 5462 6199 6198 
4408 6706 6849 6523 
4409 5342 6812 6352 
4410 4481 4482 4370 
4411 5504 6180 5612 
4412 2981 6354 2970 
4413 5249 5250 5248 
4414 4492 6115 4491 
4415 5320 6980 6537 
4416 4642 6099 4612 
4417 4582 6519 4587 
4418 4260 6110 4431 
4419 4505 4634 4633 
4420 5108 5109 5106 
4421 4812 5596 4811 
4422 5595 6296 5499 
4423 2090 6034 2101 
4424 5786 6956 6579 
4425 6106 6589 304 
4426 4143 6058 4106 
4427 6266 6970 4154 
4428 4801 6870 5896 
4429 4369 4370 4366 
4430 5896 6934 5574 
4431 4941 4944 4943 
4432 4834 6098 4644 
4433 5855 6532 4775 
4434 6226 6638 4998 
4435 5773 6805 4397 
4436 5507 6739 6166 
4437 2211 5906 5900 
4438 4454 6143 4187 
4439 5537 5543 5539 
4440 5044 5046 5045 
4441 4686 6614 5698 
4442 4601 5583 5582 
4443 1716 4339 1705 
4444 4612 6099 4708 
4445 4442 6102 4632 
4446 4791 4811 4790 
4447 4053 6049 4028 
4448 5004 6847 6406 
4449 5118 5196 5117 
4450 4674 4705 4482 
4451 4101 6356 4105 
4452 5116 5117 5115 
4453 3885 6494 5837 
4454 4810 6186 4914 
4455 6080 6712 4607 
4456 4277 6107 4458 
4457 5230 6351 5220 
4458 5552 6339 5549 
4459 6250 6411 5726 
4460 5919 6462 4711 
4461 333 6598 334 
4462 5341 5516 5345 
4463 4847 6821 4845 
4464 4380 6110 4260 
4465 4833 6250 4835 
4466 4194 6100 4373 
4467 4729 5008 4841 
4468 5856 6175 6174 
4469 6199 6673 6237 
4470 5726 6932 3877 
4471 5415 5416 5414 
4472 3983 6185 3992 
4473 4501 4503 4502 
4474 4392 6637 4394 
4475 4348 6774 5824 
4476 2783 4309 2772 
4477 4285 4425 4284 
4478 6132 6433 5761 
4479 4068 6103 4124 
4480 4282 4480 4408 
4481 5157 6273 5154 
4482 4398 6112 4440 
4483 4753 6653 6130 
4484 4829 6113 5771 
4485 4601 6281 5583 
4486 4819 6385 6029 
4487 5886 6621 5368 
4488 5100 5271 5098 
4489 5575 6992 4251 
4490 4880 6641 5357 
4491 5028 6842 5024 
4492 3927 6019 3959 
4493 4116 6073 4097 
4494 4040 5846 3784 
4495 4404 6163 3993 
4496 5702 5760 5623 
4497 6261 6480 5012 
4498 3278 4341 3267 
4499 351 6316 352 
4500 4790 4922 4709 
4501 4087 6990 6260 
4502 5902 6806 5914 
4503 4705 4729 4706 
4504 4634 4635 4633 
4505 4691 6112 4400 
4506 3916 6105 3914 
4507 5962 6618 5050 
4508 5104 5105 5102 
4509 4527 6478 4525 
4510 5762 6559 6143 
4511 5935 6456 6054 
4512 4757 6501 5904 
4513 3930 5947 1210 
4514 6064 6379 5400 
4515 4238 4240 4239 
4516 4329 4351 4326 
4517 4710 4790 4709 
4518 4982 7000 4981 
4519 2046 5757 2057 
4520 5163 6055 5160 
4521 5382 5387 5385 
4522 4049 6796 3663 
4523 4503 4505 4504 
4524 5745 6599 4170 
4525 3934 5934 660 
4526 3914 6105 4464 
4527 1881 5877 1870 
4528 671 5959 3934 
4529 4587 6124 4589 
4530 4455 4456 4368 
4531 5001 6952 6455 
4532 4874 6599 6532 
4533 4401 6359 4474 
4534 5804 6618 5265 
4535 4197 4649 4199 
4536 4929 6379 6065 
4537 4832 6344 4354 
4538 4490 6086 3988 
4539 5943 6514 5311 
4540 4131 4132 4130 
4541 6046 6562 4715 
4542 1144 4347 1133 
4543 4491 6115 4827 
4544 4132 4397 4130 
4545 3951 4510 3949 
4546 6246 6928 4929 
4547 5151 6276 5148 
4548 4480 4683 4619 
4549 4038 5769 3990 
4550 4425 4426 4284 
4551 5756 6266 4042 
4552 4013 6117 4059 
4553 4828 6257 4826 
4554 4474 6611 5707 
4555 5913 6525 4990 
4556 6682 6867 4818 
4557 4365 4455 4368 
4558 506 5935 3940 
4559 5593 6838 6595 
4560 6447 6450 4596 
4561 5977 6843 5978 
4562 6024 6570 5848 
4563 5887 6944 4748 
4564 4411 5945 682 
4565 1199 5947 4419 
4566 4330 4348 4329 
4567 5636 6957 5737 
4568 3795 5699 4040 
4569 5417 5418 5416 
4570 6286 6511 4618 
4571 627 5945 4410 
4572 4480 4619 4408 
4573 3947 5928 3586 
4574 4499 4500 4183 
4575 3498 5955 4415 
4576 5643 6836 5661 
4577 5526 6850 5525 
4578 2695 4565 3080 
4579 4410 5935 616 
4580 5369 6548 6007 
4581 5363 6622 5181 
4582 6324 6483 4865 
4583 5550 5553 5552 
4584 638 5948 4411 
4585 5110 5111 5109 
4586 3861 5963 3947 
4587 4262 6081 5789 
4588 6078 6085 4798 
4589 4388 4389 4387 
4590 5654 6809 6018 
4591 5300 5406 5298 
4592 5093 6633 6298 
4593 5142 6118 5164 
4594 5046 5052 5047 
4595 1188 5934 4412 
4596 4932 6359 6235 
4597 6560 6962 5510 
4598 4857 6853 5849 
4599 4062 6384 4074 
4600 3961 4626 3963 
4601 3924 5980 2552 
4602 1892 5863 1881 
4603 6088 6349 4713 
4604 2002 4218 2013 
4605 6564 6714 6563 
4606 4628 4873 4712 
4607 2464 5967 3924 
4608 4628 4712 4711 
4609 4414 5959 1573 
4610 4587 6519 6124 
4611 5907 6924 4938 
4612 5875 6731 4800 
4613 4683 4754 4619 
4614 5821 6468 5262 
4615 5742 6147 5565 
4616 4201 4485 4203 
4617 5706 6978 4088 
4618 6577 6793 5792 
4619 5441 5449 5443 
4620 4092 5955 3003 
4621 4157 4901 4190 
4622 332 6988 3879 
4623 4174 6487 4175 
4624 3597 5964 3921 
4625 6240 6765 4687 
4626 4065 5948 913 
4627 3973 6964 6312 
4628 5473 6636 5184 
4629 4719 6536 5309 
4630 4392 4394 4393 
4631 2541 5980 4432 
4632 4907 6671 4915 
4633 3921 5943 792 
4634 5189 5273 5263 
4635 583 5954 4065 
4636 5090 6427 6426 
4637 5387 6327 5826 
4638 1265 5936 1254 
4639 4915 6671 6040 
4640 6758 6885 4114 
4641 4205 4371 4207 
4642 5878 6953 4754 
4643 3942 5939 2915 
4644 6214 6865 361 
4645 4635 6166 4891 
4646 6277 6278 5049 
4647 6002 6937 5885 
4648 5119 6958 5166 
4649 4074 6384 4084 
4650 4430 5967 2475 
4651 4334 4630 4332 
4652 3909 6208 4139 
4653 4416 5954 891 
4654 4327 4329 4326 
4655 5327 5342 5329 
4656 4412 5961 1177 
4657 4172 6908 4193 
4658 5647 6381 5649 
4659 5073 5588 5070 
4660 5174 6056 6055 
4661 3981 6105 3916 
4662 5452 5461 5460 
4663 5030 6413 5034 
4664 4187 6143 4147 
4665 5011 6915 5834 
4666 1584 5971 4414 
4667 6355 6687 5672 
4668 5587 6355 5880 
4669 4422 5964 3608 
4670 5900 5906 5903 
4671 2706 6154 2695 
4672 3575 5928 4403 
4673 5713 6640 4252 
4674 4197 6302 4649 
4675 880 5975 4423 
4676 4120 6013 4113 
4677 6494 6784 6044 
4678 4478 6336 4681 
4679 4424 5975 869 
4680 4178 6432 4176 
4681 1133 6136 1342 
4682 4804 4858 4667 
4683 5447 6306 6243 
4684 3922 6560 4457 
4685 5790 6630 4358 
4686 4168 4171 4169 
4687 3957 5930 3509 
4688 781 6391 770 
4689 4505 4633 4504 
4690 5169 6866 5156 
4691 5779 6943 6572 
4692 4423 5993 847 
4693 3080 6141 3069 
4694 1661 5987 4422 
4695 6165 6175 4936 
4696 2728 5969 4416 
4697 4126 4161 4122 
4698 4771 4882 4881 
4699 5148 6276 5147 
4700 5132 6132 5193 
4701 6251 6555 5560 
4702 4501 4502 4500 
4703 5154 6273 5153 
4704 4418 6870 6109 
4705 1122 5961 4091 
4706 4931 6359 4932 
4707 4186 6148 4109 
4708 5886 6512 5723 
4709 6097 6274 4470 
4710 3955 4166 4165 
4711 6285 6609 4521 
4712 4417 5971 3751 
4713 5153 5260 5198 
4714 3619 5932 3942 
4715 5175 6280 5174 
4716 2904 5939 4407 
4717 3014 6006 4092 
4718 4427 5987 1672 
4719 4425 4627 4426 
4720 5223 6325 5489 
4721 4850 4937 4849 
4722 5060 6858 6426 
4723 979 5993 4064 
4724 5600 6312 5008 
4725 4016 6174 4018 
4726 4403 5940 1507 
4727 5455 6744 6284 
4728 3685 6448 3674 
4729 1342 6164 1331 
4730 5055 5062 5061 
4731 6026 6509 4803 
4732 5589 6458 6057 
4733 4280 6449 6178 
4734 5193 5194 5131 
4735 5144 6118 5142 
4736 4681 6826 5755 
4737 5127 5200 5125 
4738 5141 5245 5139 
4739 4453 4468 4452 
4740 4627 4628 4426 
4741 4685 5733 3729 
4742 5548 5551 5550 
4743 902 5992 4429 
4744 4873 4874 4712 
4745 5313 6134 5819 
4746 4064 5992 858 
4747 1155 6140 1144 
4748 1034 5995 4427 
4749 3974 6156 3977 
4750 5112 6333 5111 
4751 4133 4134 4132 
4752 5260 5925 5483 
4753 4503 4504 4502 
4754 2563 4296 2618 
4755 4870 6465 4679 
4756 5153 5198 5151 
4757 4288 4865 4647 
4758 2838 4557 1562 
4759 3762 5986 4417 
4760 1331 4569 1320 
4761 5106 6283 5105 
4762 4420 5969 517 
4763 4429 6001 693 
4764 2717 6104 2706 
4765 5994 6465 4870 
4766 5943 5983 748 
4767 5836 6700 4895 
4768 2772 6196 1958 
4769 649 5983 4424 
4770 4407 5968 396 
4771 5052 5057 5053 
4772 3993 6163 3995 
4773 1408 6171 1155 
4774 5159 5171 5157 
4775 3289 6091 3278 
4776 4147 6143 4186 
4777 1496 5940 4409 
4778 5822 5944 5204 
4779 6000 6006 1353 
4780 3069 4562 3058 
4781 4651 6654 6175 
4782 4358 4359 4356 
4783 4109 6148 4066 
4784 4314 4323 4312 
4785 5111 5224 5109 
4786 5784 6974 6038 
4787 5670 6907 5669 
4788 495 5990 4420 
4789 4402 5963 3872 
4790 5333 5347 5335 
4791 4076 6004 1089 
4792 5996 6734 5262 
4793 385 5968 4115 
4794 1419 4571 1408 
4795 4112 5986 3124 
4796 4818 6867 4560 
4797 5117 5182 5115 
4798 5301 6734 5527 
4799 1991 5624 2002 
4800 4077 5995 1045 
4801 6128 6268 4990 
4802 462 6001 4428 
4803 1815 6003 4072 
4804 2849 6177 2838 
4805 3410 6067 3399 
4806 5489 6920 5096 
4807 2200 5900 4559 
4808 5189 5263 5187 
4809 5179 6889 5150 
4810 4461 6336 4478 
4811 5086 5295 5083 
4812 4063 5990 528 
4813 4217 4448 4447 
4814 3311 6004 4435 
4815 3995 6163 4012 
4816 5174 6055 5163 
4817 2860 4566 2849 
4818 5193 5272 5194 
4819 4150 6374 5910 
4820 4084 4676 4086 
4821 5208 5822 5205 
4822 4865 4867 4866 
4823 3168 6005 4073 
4824 4089 6000 1364 
4825 4320 4322 4318 
4826 5975 6898 5511 
4827 5027 6413 5030 
4828 4409 5966 3652 
4829 5942 6156 3974 
4830 6429 6666 4055 
4831 4463 6530 4696 
4832 5215 6862 6434 
4833 4820 6501 4759 
4834 3058 6167 2321 
4835 2321 4564 2310 
4836 6014 6039 5820 
4837 4428 6002 935 
4838 1276 6159 2860 
4839 3641 5966 4114 
4840 539 6002 4063 
4841 5944 6131 5204 
4842 2926 6008 4077 
4843 1386 6021 4436 
4844 4287 6321 4160 
4845 429 6201 418 
4846 6559 6915 5616 
4847 4436 6005 1375 
4848 3955 4165 3953 
4849 6567 6882 6566 
4850 5272 5713 5274 
4851 4224 4249 4226 
4852 5625 6556 5624 
4853 5749 6833 5753 
4854 4072 6252 1804 
4855 4632 6336 4461 
4856 4867 6502 6210 
4857 5134 6132 5132 
4858 4434 6008 2937 
4859 6320 6738 4995 
4860 4739 6334 4880 
4861 336 6420 337 
4862 5272 5274 5194 
4863 6426 6427 6200 
4864 1683 6011 4434 
4865 1430 6173 1419 
4866 5075 6277 5073 
4867 5131 6337 5128 
4868 5264 5718 5200 
4869 3889 6438 306 
4870 4396 4487 4395 
4871 4071 6021 3828 
4872 6086 6105 3981 
4873 4011 6604 4008 
4874 1320 6217 3553 
4875 4211 4248 4220 
4876 4437 6025 2948 
4877 2079 5867 2090 
4878 2618 6152 2607 
4879 4840 6395 6059 
4880 2794 6116 2783 
4881 5127 5264 5200 
4882 4910 6882 6776 
4883 418 6202 407 
4884 2959 6252 4437 
4885 4836 6494 6044 
4886 3135 5972 4112 
4887 2365 4303 429 
4888 5269 6030 5224 
4889 5400 6379 5399 
4890 2310 6176 2299 
4891 4295 4328 4293 
4892 4871 4907 4703 
4893 4012 6848 5879 
4894 4075 6011 1694 
4895 2376 6189 2365 
4896 5264 5719 5718 
4897 5094 6878 6249 
4898 5609 6799 5610 
4899 5532 6172 5530 
4900 5260 5483 5198 
4901 6821 6982 4845 
4902 4248 6949 6590 
4903 2574 6153 2563 
4904 4366 6269 4365 
4905 5367 6502 5958 
4906 3630 6265 5932 
4907 1738 4567 2387 
4908 3839 6025 4071 
4909 1760 4538 1749 
4910 1287 6203 1276 
4911 1749 6204 1738 
4912 2387 6205 2376 
4913 4866 5738 5603 
4914 4000 6738 6383 
4915 6108 6365 5868 
4916 3980 6972 5912 
4917 407 4574 2288 
4918 5559 6698 6697 
4919 2299 6184 1298 
4920 5291 6820 5288 
4921 836 4421 737 
4922 2871 6209 1760 
4923 4489 6918 4395 
4924 6180 6270 5685 
4925 4305 6484 4342 
4926 2288 6207 2277 
4927 2882 4568 2871 
4928 4600 6478 4527 
4929 2277 4532 2266 
4930 4360 4395 4359 
4931 3267 6083 3201 
4932 4730 6157 5323 
4933 2893 6215 2882 
4934 3212 4537 2893 
4935 3957 6123 5930 
4936 5853 6827 4600 
4937 4390 4391 4389 
4938 4662 6465 4664 
4939 1298 4308 1287 
4940 2233 4543 1430 
4941 1518 6024 4075 
4942 6294 6794 5508 
4943 4157 6322 4901 
4944 2266 6216 1012 
4945 5884 6310 4048 
4946 4247 6711 6519 
4947 4432 6295 605 
4948 4715 4716 4669 
4949 4020 6181 4022 
4950 4856 6486 4857 
4951 4272 5937 4266 
4952 5360 6506 6056 
4953 4278 6648 4380 
4954 3977 6156 4034 
4955 4289 6324 4288 
4956 5628 7005 5765 
4957 3969 6830 3971 
4958 4869 6458 5522 
4959 5128 6337 5127 
4960 4066 6148 4490 
4961 1012 4572 1001 
4962 1001 6221 990 
4963 3553 4540 3542 
4964 6531 6711 4247 
4965 990 4530 1078 
4966 6093 6673 6095 
4967 6157 6625 5323 
4968 4607 6712 6396 
4969 342 6436 343 
4970 4592 4629 4593 
4971 4983 4984 4982 
4972 6071 6297 5710 
4973 3542 6222 3531 
4974 5926 6829 5659 
4975 4018 6174 4032 
4976 4377 6265 3322 
4977 5742 6609 6147 
4978 2486 6212 2761 
4979 5816 6841 6501 
4980 4505 6367 4634 
4981 4158 6817 4682 
4982 4722 5845 5585 
4983 5853 6516 5014 
4984 5212 5214 5210 
4985 6068 6657 4307 
4986 6075 6076 5005 
4987 5659 6829 5648 
4988 4525 4622 4524 
4989 5259 6621 5886 
4990 3531 6236 3113 
4991 4285 5965 4425 
4992 4510 6341 6150 
4993 6228 6738 4000 
4994 3918 6560 3922 
4995 3113 5429 3102 
4996 1562 6168 1551 
4997 4304 4372 4301 
4998 4431 6701 4180 
4999 2739 6161 2794 
5000 3979 6220 3983 
5001 2101 4581 2112 
5002 4230 4250 4232 
5003 5733 6863 4720 
5004 4702 4703 4497 
5005 5251 5252 5250 
5006 4080 5952 3707 
5007 4171 4173 4169 
5008 5360 6507 6506 
5009 4140 6453 4159 
5010 4841 6666 5684 
5011 2332 6138 3289 
5012 2607 6233 2596 
5013 6496 6990 5581 
5014 6281 6509 5583 
5015 5220 6351 5219 
5016 5664 6819 3873 
5017 5111 5269 5224 
5018 4288 4647 4275 
5019 5461 6064 5462 
5020 4139 6208 4863 
5021 6041 6369 4506 
5022 4026 6274 4053 
5023 4707 4805 4804 
5024 2585 5468 2574 
5025 3223 6259 3212 
5026 5079 5080 5077 
5027 4240 4242 4241 
5028 770 6391 3930 
5029 6075 6813 6076 
5030 2497 4598 2486 
5031 4088 6978 6356 
5032 1958 4927 1947 
5033 5034 5063 5036 
5034 4981 6077 5521 
5035 2640 5566 2629 
5036 4825 6562 4824 
5037 1078 6223 1067 
5038 5820 6039 4406 
5039 4690 5844 4654 
5040 5952 6015 3696 
5041 4872 6393 4820 
5042 4242 4244 4243 
5043 5612 6975 5611 
5044 4789 6642 5892 
5045 550 5447 2420 
5046 2761 6213 2750 
5047 4885 6157 4726 
5048 5661 6635 5662 
5049 2596 5454 2508 
5050 3520 6382 3957 
5051 2750 5444 2739 
5052 2508 6219 2497 
5053 6472 6680 4823 
5054 6741 6961 5783 
5055 4012 6358 3997 
5056 3366 5455 3355 
5057 5844 6286 4618 
5058 4846 4848 4847 
5059 5226 6421 5821 
5060 3421 6267 3410 
5061 4236 4280 4238 
5062 4166 4168 4167 
5063 5339 6146 5341 
5064 5437 5440 5439 
5065 3992 6185 4405 
5066 814 6300 4402 
5067 4727 6166 4635 
5068 4938 6583 5907 
5069 5478 6932 6411 
5070 4621 4707 4667 
5071 6307 6588 4725 
5072 4385 4462 4383 
5073 2167 4556 2178 
5074 5850 6761 5851 
5075 6270 7002 4108 
5076 4719 6708 4468 
5077 4393 4610 4391 
5078 4726 6157 4730 
5079 6058 6654 4651 
5080 4469 4719 4468 
5081 6120 6746 6314 
5082 4815 6367 4505 
5083 4370 6269 4366 
5084 6635 6642 5662 
5085 4355 4631 4134 
5086 2970 6354 4089 
5087 3970 6312 3968 
5088 1111 6499 2981 
5089 2629 6255 2684 
5090 6778 6799 5609 
5091 368 6710 3878 
5092 4888 5486 4876 
5093 4551 5913 1243 
5094 5147 6118 5144 
5095 4977 4978 4976 
5096 5122 6195 5120 
5097 4034 6220 3979 
5098 5327 6356 5342 
5099 6027 6509 6026 
5100 594 6505 1100 
5101 3936 6253 3933 
5102 6870 6907 5670 
5103 4083 5999 1221 
5104 5216 6741 5215 
5105 5999 6300 825 
5106 5109 6283 5106 
5107 1056 6263 2453 
5108 6119 6728 5484 
5109 4408 6281 4283 
5110 4244 4247 4246 
5111 4072 6800 6252 
5112 4688 4690 4654 
5113 4032 6181 4020 
5114 3934 6125 5934 
5115 5859 6967 5860 
5116 561 6244 550 
5117 1232 6015 4083 
5118 4550 5906 2222 
5119 4040 6272 5846 
5120 4949 6941 5007 
5121 5502 6270 5504 
5122 3234 4575 3223 
5123 2244 6292 2233 
5124 4888 6066 5486 
5125 5005 7000 4985 
5126 4389 4609 4387 
5127 2123 6644 2134 
5128 3476 5585 4859 
5129 5232 5720 5230 
5130 4681 6510 4673 
5131 5803 6696 3896 
5132 5149 6916 5201 
5133 6047 6757 4336 
5134 4406 6704 5829 
5135 6451 6544 4989 
5136 3256 5930 4378 
5137 6054 6126 3940 
5138 4865 4866 4647 
5139 4891 6232 6042 
5140 4448 4450 4449 
5141 5263 6280 5187 
5142 3940 6183 924 
5143 4733 6194 4456 
5144 3036 5938 4080 
5145 5567 6661 6256 
5146 1067 4573 1056 
5147 1551 6225 1540 
5148 4624 6194 4809 
5149 4844 4846 4845 
5150 6211 6699 4543 
5151 5862 6684 5617 
5152 2684 4523 2673 
5153 4785 4832 4354 
5154 3773 5846 4268 
5155 5464 6703 5450 
5156 4751 4844 4752 
5157 4800 6731 5923 
5158 5587 6687 6355 
5159 5588 6503 5069 
5160 4887 6674 5528 
5161 3817 5618 4148 
5162 957 6319 946 
5163 4392 4393 4391 
5164 5777 6896 6084 
5165 5089 5884 5882 
5166 5978 6843 4599 
5167 5910 6374 4811 
5168 4168 4169 4167 
5169 4816 6375 4877 
5170 4148 5699 3806 
5171 4022 6181 4470 
5172 6278 6790 6771 
5173 4440 6648 4362 
5174 5914 6525 5913 
5175 4671 4751 4750 
5176 5675 6963 6060 
5177 4706 6646 4482 
5178 3355 6284 3344 
5179 2343 4928 2332 
5180 4430 6245 5967 
5181 5062 5065 5064 
5182 4252 6640 6380 
5183 5420 6372 5422 
5184 4785 4864 4832 
5185 4590 4592 4591 
5186 3933 6253 4913 
5187 4845 6982 6491 
5188 5057 6878 6608 
5189 5311 5983 5943 
5190 5714 5815 4868 
5191 4326 6313 4324 
5192 4462 6324 4383 
5193 4042 6266 4044 
5194 6090 6440 5752 
5195 4417 6335 5971 
5196 1628 6293 2255 
5197 5137 6132 5134 
5198 5040 5056 5042 
5199 3102 6314 3091 
5200 4942 6268 6128 
5201 5797 6841 3876 
5202 5241 6495 5259 
5203 2651 6239 2640 
5204 4115 6448 3685 
5205 5092 6187 5701 
5206 5811 6890 6498 
5207 5253 5255 5252 
5208 4808 6345 5495 
5209 4506 6369 4502 
5210 1947 6271 1936 
5211 4003 6275 4005 
5212 4130 6323 4128 
5213 4176 6432 4269 
5214 1771 6289 3234 
5215 5449 5464 5450 
5216 5776 6365 4890 
5217 5171 6273 5157 
5218 2420 6305 2409 
5219 5189 6131 5273 
5220 3674 6448 5972 
5221 4213 4258 4215 
5222 4904 6428 4903 
5223 5003 6783 4947 
5224 5523 6628 4987 
5225 5893 6726 6409 
5226 358 6528 359 
5227 1903 4942 3421 
5228 4453 4621 4469 
5229 4748 6944 3903 
5230 4242 4259 4244 
5231 1925 4990 1914 
5232 4448 4451 4450 
5233 4456 6194 4624 
5234 5700 6461 6272 
5235 5705 6417 4862 
5236 5441 5832 5449 
5237 2398 6241 3366 
5238 4024 6274 4026 
5239 5015 6952 4968 
5240 5812 6607 5317 
5241 4994 6651 6612 
5242 5087 6901 6842 
5243 4529 4600 4527 
5244 2453 6264 2442 
5245 5198 6276 5151 
5246 5115 6333 5112 
5247 6109 6870 5670 
5248 5690 6460 5691 
5249 3956 6134 5618 
5250 5544 6172 5532 
5251 4071 6022 6021 
5252 4005 6275 4009 
5253 5356 6494 4836 
5254 1914 6268 1903 
5255 6476 6997 4888 
5256 5841 6528 5840 
5257 5065 5091 5066 
5258 4091 6499 1111 
5259 4419 6553 484 
5260 5655 6755 5657 
5261 6488 6642 4789 
5262 6235 6359 4401 
5263 572 6258 561 
5264 6062 6869 4009 
5265 6298 6742 5093 
5266 6544 6737 4974 
5267 5646 6829 5654 
5268 5194 6337 5131 
5269 6194 6810 5354 
5270 6292 6683 6211 
5271 5888 6524 5809 
5272 2354 6237 2343 
5273 1254 5936 4551 
5274 2002 5624 4218 
5275 5940 5941 4409 
5276 4077 5996 5995 
5277 1100 6505 4076 
5278 5738 6254 5603 
5279 6074 6546 6073 
5280 1782 4539 1771 
5281 5788 6836 5643 
5282 3965 6342 4261 
5283 1870 5383 1727 
5284 1540 4558 726 
5285 5966 6368 4114 
5286 4962 4963 4961 
5287 6011 6053 4434 
5288 5720 6351 5230 
5289 4894 6371 5924 
5290 5989 6762 5379 
5291 5433 5436 5435 
5292 1606 6360 1595 
5293 5554 6484 6408 
5294 4793 6625 4650 
5295 5797 6492 4911 
5296 4804 5921 4858 
5297 5927 6546 6103 
5298 4545 4546 4542 
5299 2255 4570 2244 
5300 5118 6769 5196 
5301 5482 6716 4777 
5302 5235 6766 5234 
5303 4654 5844 4652 
5304 1837 5876 1826 
5305 4614 6637 4392 
5306 3300 6570 1529 
5307 4378 5982 3245 
5308 6030 6593 6031 
5309 484 6553 473 
5310 3344 4521 2651 
5311 6296 6752 5501 
5312 6789 6861 5578 
5313 5044 5067 5046 
5314 5895 6934 5896 
5315 3047 5997 5938 
5316 5774 6980 4954 
5317 4178 6701 6432 
5318 4199 6309 4201 
5319 1848 6238 1837 
5320 4707 4804 4667 
5321 5898 6681 6231 
5322 5963 6402 3947 
5323 5425 6582 5873 
5324 6059 6545 4886 
5325 5787 6685 5292 
5326 4536 4595 4534 
5327 3190 6262 3179 
5328 3997 6358 4001 
5329 2156 6444 2167 
5330 4656 6377 4655 
5331 4243 6672 4413 
5332 1936 4926 2354 
5333 5990 5991 4420 
5334 4824 6562 6046 
5335 5923 6797 4800 
5336 5185 6998 5270 
5337 4714 6253 4183 
5338 473 6553 6003 
5339 5057 6608 5053 
5340 4701 6695 5881 
5341 4679 6465 4662 
5342 4689 4816 4797 
5343 4799 6797 5843 
5344 1485 5982 4082 
5345 4759 6501 4757 
5346 6450 6451 4989 
5347 5464 6707 6246 
5348 6103 6546 5970 
5349 4825 6563 6562 
5350 4394 4498 4497 
5351 4788 6441 5953 
5352 4065 5949 5948 
5353 3983 6220 6185 
5354 3890 6893 6214 
5355 5440 5832 5441 
5356 4639 4771 4629 
5357 5171 6596 6273 
5358 5009 6989 4584 
5359 4084 6384 4676 
5360 4582 4585 4584 
5361 4911 6492 6438 
5362 4435 6570 3300 
5363 5250 5361 5248 
5364 5278 6912 5781 
5365 6290 6410 5164 
5366 5685 6497 5544 
5367 5245 6410 6380 
5368 5161 6798 5960 
5369 4082 5997 1474 
5370 4912 6345 4808 
5371 4133 4135 4134 
5372 1793 6326 1782 
5373 4365 6269 4455 
5374 4493 6275 4003 
5375 2442 4531 2431 
5376 5776 6549 6364 
5377 5052 5058 5057 
5378 4184 6453 4140 
5379 4606 6328 4580 
5380 5574 6934 5897 
5381 5102 6287 5100 
5382 6189 6191 6190 
5383 5979 6948 4599 
5384 5657 6440 6090 
5385 6331 6615 4952 
5386 4858 6536 4667 
5387 2409 4522 2398 
5388 5759 6108 5868 
5389 4547 6082 4546 
5390 5569 5570 5256 
5391 5174 6280 6056 
5392 5020 6805 5773 
5393 5892 6635 4765 
5394 4169 6307 4725 
5395 5942 6297 6156 
5396 5290 6325 5984 
5397 4470 6274 4024 
5398 4240 6407 4242 
5399 5623 5760 2024 
5400 3091 4297 572 
5401 4203 6332 4205 
5402 4450 4453 4452 
5403 6795 6862 5408 
5404 4330 6388 4348 
5405 6121 6306 6244 
5406 4073 6557 3157 
5407 4838 7004 6554 
5408 6842 6901 5023 
5409 5821 6936 5987 
5410 6162 6880 5459 
5411 3879 6988 5621 
5412 4549 4563 4547 
5413 5973 6469 5310 
5414 4288 6324 4865 
5415 4146 6887 6302 
5416 6635 6836 4765 
5417 5387 5389 5388 
5418 5034 6413 5063 
5419 1529 6570 6024 
5420 2035 4245 2046 
5421 304 6589 305 
5422 3953 6341 3951 
5423 2816 6230 2805 
5424 5817 6826 4681 
5425 5499 6296 5501 
5426 6625 6939 5323 
5427 6593 6842 5028 
5428 6049 6933 5950 
5429 5125 6195 5122 
5430 4351 6313 4326 
5431 6114 6723 5582 
5432 6092 6094 5403 
5433 4977 6251 5889 
5434 3201 5402 3190 
5435 2827 4687 2816 
5436 5153 6273 5260 
5437 5935 6054 3940 
5438 968 6383 957 
5439 4415 6846 3487 
5440 4512 4640 4488 
5441 5519 6711 6647 
5442 946 4576 1793 
5443 6295 6505 594 
5444 6063 6784 3885 
5445 2431 6311 1617 
5446 5255 5293 5252 
5447 5058 5095 5057 
5448 3963 6342 3965 
5449 4621 4667 4469 
5450 6248 6672 5009 
5451 4594 4878 4695 
5452 3179 6240 2827 
5453 6411 6932 5726 
5454 4864 4909 4832 
5455 3915 6962 3918 
5456 4707 6782 4805 
5457 6143 6559 4186 
5458 4921 6338 5767 
5459 6388 6774 4348 
5460 1716 5825 4339 
5461 3333 6610 4377 
5462 4639 4876 4771 
5463 5522 6500 4870 
5464 4592 4639 4629 
5465 6344 6735 4038 
5466 4671 4753 4751 
5467 5424 5427 5426 
5468 4626 6343 6342 
5469 4911 6437 4831 
5470 6272 6461 5569 
5471 1639 6294 1628 
5472 5638 6957 5636 
5473 5644 6960 5641 
5474 4183 6253 3936 
5475 4670 6297 5942 
5476 4166 4167 4165 
5477 5418 5465 5420 
5478 4397 6323 4130 
5479 6408 6931 5554 
5480 3157 6557 3388 
5481 4803 6509 6281 
5482 5267 6547 5604 
5483 4628 6317 4873 
5484 4332 6388 4330 
5485 5956 6675 4915 
5486 737 6652 803 
5487 3025 5089 451 
5488 5298 6298 5296 
5489 6532 6599 5745 
5490 2981 6499 6354 
5491 5466 6645 6033 
5492 5329 6352 5331 
5493 4922 6317 4709 
5494 6106 6897 5357 
5495 3877 6932 6443 
5496 1595 6361 1650 
5497 4673 6510 4794 
5498 6330 6331 4952 
5499 5844 6632 4652 
5500 3918 6962 6560 
5501 5256 6144 5255 
5502 4772 6089 4924 
5503 4516 4518 4514 
5504 4524 4625 4519 
5505 4291 6378 5965 
5506 4269 6487 4174 
5507 4001 6358 4493 
5508 5111 6333 5269 
5509 5224 6283 5109 
5510 5866 6775 5390 
5511 4453 4469 4468 
5512 1617 4577 1606 
5513 4721 4722 4136 
5514 2024 5760 2035 
5515 4816 4877 4797 
5516 6472 6493 6372 
5517 4555 4618 4553 
5518 4692 6084 4861 
5519 6698 6908 4172 
5520 4825 6564 6563 
5521 5747 6543 4620 
5522 6331 6651 4994 
5523 5343 6760 6676 
5524 4522 6243 6242 
5525 5000 5413 5412 
5526 4631 6431 4134 
5527 4936 6654 5780 
5528 4247 4582 4246 
5529 4228 6390 4230 
5530 4930 5308 4638 
5531 6126 6183 3940 
5532 6273 6596 5260 
5533 6133 6569 6568 
5534 6744 6814 5448 
5535 5768 6769 6195 
5536 5938 6387 4080 
5537 5683 6758 5280 
5538 5594 6600 6169 
5539 4044 6266 4154 
5540 5453 6623 6051 
5541 3432 6610 3333 
5542 6287 6288 5271 
5543 5504 6270 6180 
5544 4703 6571 4497 
5545 4559 5936 1265 
5546 6285 6744 5448 
5547 4394 4497 4393 
5548 3740 5381 4685 
5549 6069 6127 5003 
5550 4702 5558 4871 
5551 4114 6885 3443 
5552 4842 6572 4683 
5553 5661 6836 6635 
5554 4487 4489 4395 
5555 4734 6922 6210 
5556 5759 5869 5757 
5557 2662 6627 6229 
5558 6368 6508 5407 
5559 5802 6900 4892 
5560 4641 4671 4489 
5561 339 6730 6035 
5562 6644 6677 6364 
5563 5875 6561 5746 
5564 6101 6782 6010 
5565 3966 6788 3987 
5566 4487 4641 4489 
5567 5206 6927 5563 
5568 5071 6200 5929 
5569 6375 6376 4877 
5570 4912 6350 6345 
5571 5662 6642 5794 
5572 321 6732 6037 
5573 6563 6714 4821 
5574 3967 6811 3969 
5575 5621 6826 5817 
5576 6175 6654 4936 
5577 4267 6762 5989 
5578 4282 6404 4480 
5579 5127 6337 5264 
5580 4118 6887 4146 
5581 5351 6877 6854 
5582 5427 5430 5428 
5583 6748 6749 4787 
5584 5400 6818 6094 
5585 4246 6989 6672 
5586 4853 6793 6577 
5587 4777 6779 6539 
5588 4871 5790 4907 
5589 6437 6438 3889 
5590 4010 6869 6117 
5591 6031 6770 6283 
5592 5277 6573 5615 
5593 5331 6366 5333 
5594 5791 6793 6444 
5595 3894 6753 5803 
5596 5234 6766 6347 
5597 6013 6405 6014 
5598 5928 6412 4403 
5599 4724 6567 6565 
5600 2805 5393 1848 
5601 2134 4583 2145 
5602 4986 5022 4988 
5603 3999 6794 6294 
5604 6037 6541 5830 
5605 5430 5432 5431 
5606 5182 6333 5115 
5607 6076 6077 5005 
5608 335 6721 3887 
5609 5572 6400 4900 
5610 6210 6922 4867 
5611 4728 6561 4800 
5612 4082 5998 5997 
5613 5699 5700 4040 
5614 5511 6898 5984 
5615 5586 6687 5587 
5616 5100 6287 5271 
5617 3959 6389 3961 
5618 6608 6878 5094 
5619 5827 6425 6335 
5620 4709 6317 4627 
5621 5774 6831 6537 
5622 5028 6668 6288 
5623 5546 6816 6158 
5624 704 4000 968 
5625 5272 6640 5713 
5626 5909 6924 5908 
5627 4550 5908 5907 
5628 5835 6822 4451 
5629 5200 6195 5125 
5630 4218 5623 2013 
5631 5317 6607 6377 
5632 5827 6622 5258 
5633 4945 4946 4944 
5634 4293 6378 4291 
5635 4618 6632 5844 
5636 4128 6373 4126 
5637 4287 6909 6321 
5638 5335 6386 5337 
5639 3961 6389 4626 
5640 6020 6389 6019 
5641 4649 6309 4199 
5642 4268 6914 2530 
5643 4811 6374 4790 
5644 4500 6369 4714 
5645 6169 6170 6168 
5646 5403 6871 6092 
5647 5432 5976 5433 
5648 5785 6833 5749 
5649 4790 6374 4922 
5650 5684 6810 4733 
5651 4086 6370 4213 
5652 4990 6525 6128 
5653 4340 5876 5865 
5654 4426 6462 4284 
5655 4715 6562 4716 
5656 4702 4871 4703 
5657 6067 6069 6068 
5658 5315 6937 6664 
5659 4980 4983 4982 
5660 4965 4974 4967 
5661 5014 6955 5974 
5662 1650 3999 1639 
5663 5073 6277 5588 
5664 4201 6309 4485 
5665 6088 6674 6349 
5666 4841 6976 4706 
5667 5882 5883 4049 
5668 369 6724 370 
5669 5080 6790 6278 
5670 4721 4724 4723 
5671 6133 6568 4753 
5672 5564 6853 5858 
5673 5062 5094 5065 
5674 4969 5560 4971 
5675 4706 6976 6646 
5676 5597 6736 5446 
5677 4962 6385 4989 
5678 4627 6317 4628 
5679 6040 6671 4131 
5680 324 6719 325 
5681 3930 6512 5947 
5682 4436 6959 6192 
5683 6392 6717 5344 
5684 4879 5714 4890 
5685 4825 6565 6564 
5686 6284 6744 6285 
5687 5846 6418 4268 
5688 5425 6856 6582 
5689 6068 6069 5003 
5690 6269 6646 5584 
5691 5413 5415 5414 
5692 4226 6392 4228 
5693 6321 6909 5800 
5694 4973 4977 4976 
5695 4205 6332 4371 
5696 4122 6405 4120 
5697 3885 6784 6494 
5698 5105 6287 5102 
5699 4173 6307 4169 
5700 4626 6342 3963 
5701 4370 6646 6269 
5702 4485 6332 4203 
5703 4580 4652 4561 
5704 803 4483 1166 
5705 4318 6414 4316 
5706 6278 6662 5080 
5707 5053 6608 5055 
5708 1309 6521 3850 
5709 3876 6841 5816 
5710 3921 6514 5943 
5711 4190 6404 4282 
5712 5293 6619 6357 
5713 5282 6780 5556 
5714 3898 6730 338 
5715 5992 6471 4429 
5716 5771 6598 5619 
5717 4589 4638 4590 
5718 5502 7002 6270 
5719 5415 5417 5416 
5720 5358 6547 5267 
5721 5266 6791 5315 
5722 4009 6869 4007 
5723 4999 6973 5988 
5724 4865 6483 4867 
5725 3895 6743 374 
5726 5624 6556 6416 
5727 4284 6462 4192 
5728 4931 6611 6359 
5729 3896 6732 320 
5730 3897 6733 356 
5731 6505 6747 4076 
5732 4468 6708 4780 
5733 4716 4821 4717 
5734 5897 6934 5895 
5735 5322 6597 6526 
5736 6794 6966 5411 
5737 4502 6369 4500 
5738 3951 6341 4510 
5739 4324 6397 4320 
5740 6189 6205 6191 
5741 5342 6352 5329 
5742 5290 6689 6325 
5743 5378 6480 6261 
5744 5417 6079 5418 
5745 5245 6433 5139 
5746 5791 6444 2156 
5747 4821 5740 5322 
5748 4911 6438 6437 
5749 4498 4702 4497 
5750 4630 6388 4332 
5751 6197 6198 4927 
5752 4959 4962 4961 
5753 4556 4850 4849 
5754 5765 6477 4920 
5755 6357 6720 5293 
5756 4754 6953 4619 
5757 4312 6408 4310 
5758 6135 6650 5750 
5759 6120 6856 5425 
5760 4831 6437 6334 
5761 4988 6467 4992 
5762 4135 4356 4355 
5763 4356 4357 4355 
5764 6019 6389 3959 
5765 6674 6875 5528 
5766 4599 6843 5979 
5767 4882 6904 4881 
5768 5091 5482 5092 
5769 6883 6902 6471 
5770 6771 6790 5084 
5771 5899 6636 5261 
5772 6109 6799 4184 
5773 361 6865 362 
5774 6421 6820 5291 
5775 5605 6987 6815 
5776 2673 6627 2662 
5777 4336 6757 4334 
5778 5406 6298 5298 
5779 5180 6689 5290 
5780 6451 6737 6544 
5781 4316 6419 4314 
5782 6252 6800 5911 
5783 4161 6405 4122 
5784 5036 6423 5038 
5785 5715 5778 5777 
5786 6441 6873 4623 
5787 6004 6538 4435 
5788 6089 6718 4924 
5789 5333 6366 5347 
5790 6516 6955 5014 
5791 6093 6095 6094 
5792 4901 6404 4190 
5793 6073 6546 5927 
5794 4585 6518 4594 
5795 4522 6305 6243 
5796 4977 5889 4978 
5797 781 6846 6391 
5798 4563 6082 4547 
5799 4818 6651 6331 
5800 4362 6648 4278 
5801 5337 6403 5339 
5802 5572 6655 6401 
5803 4476 6569 6133 
5804 3278 6091 4341 
5805 4983 4993 4984 
5806 5164 6410 5141 
5807 6038 6974 4670 
5808 6370 6371 4258 
5809 2101 6034 4581 
5810 5971 6425 4414 
5811 5683 6885 6758 
5812 4314 6419 4323 
5813 4824 5845 4722 
5814 2167 6444 4556 
5815 4977 6555 6251 
5816 4307 6104 2717 
5817 4340 5863 1892 
5818 5433 5976 5436 
5819 836 6183 4421 
5820 4173 6442 6307 
5821 5734 6863 5733 
5822 4126 6373 4161 
5823 4309 6196 2772 
5824 6377 6607 4689 
5825 5087 6593 6030 
5826 6118 6728 6119 
5827 6067 6267 6069 
5828 5432 5979 5976 
5829 4402 6409 5963 
5830 4955 6029 4957 
5831 6247 6347 5321 
5832 5347 6386 5335 
5833 2068 4586 2079 
5834 5201 6916 6548 
5835 5427 6472 5430 
5836 4683 6572 4754 
5837 5858 6853 4857 
5838 715 6663 704 
5839 4950 4994 4953 
5840 6117 6869 6062 
5841 5476 6855 6428 
5842 3399 6067 4307 
5843 4242 6407 4259 
5844 4962 4989 4963 
5845 5697 6666 4841 
5846 5437 6587 5440 
5847 4347 6136 1133 
5848 4589 4590 4588 
5849 5038 6430 5040 
5850 5900 5903 5901 
5851 4230 6390 4250 
5852 5959 6452 3934 
5853 4622 6804 6504 
5854 4610 6517 4391 
5855 1144 6140 4347 
5856 6522 7003 4597 
5857 2519 6914 6382 
5858 4281 6945 440 
5859 5761 6640 5272 
5860 6323 6373 4128 
5861 4250 6894 6315 
5862 4165 6341 3953 
5863 4689 4797 4688 
5864 5141 6410 5245 
5865 5139 6433 5137 
5866 4580 6328 4653 
5867 4322 6414 4318 
5868 2783 6116 4309 
5869 5847 6573 5277 
5870 4323 6408 4312 
5871 6349 6674 4887 
5872 5215 6434 5212 
5873 5210 6446 5208 
5874 4249 6392 4226 
5875 5794 6642 6488 
5876 4029 6584 5905 
5877 5063 6424 6423 
5878 4135 4355 4134 
5879 5550 6435 5553 
5880 5551 6435 5550 
5881 6055 6506 5161 
5882 2695 6154 4565 
5883 4232 6439 4234 
5884 4120 6405 6013 
5885 4320 6397 4322 
5886 5852 6419 6414 
5887 4821 5322 4717 
5888 4946 4952 4948 
5889 4047 6616 6422 
5890 5543 6816 5539 
5891 5976 5977 5436 
5892 5339 6403 6146 
5893 5089 6310 5884 
5894 4376 6520 5944 
5895 5194 6688 6337 
5896 5763 6848 6163 
5897 5785 6650 4672 
5898 4565 6141 3080 
5899 5570 6144 5256 
5900 4685 5734 5733 
5901 6357 6619 4614 
5902 4310 6484 4305 
5903 4453 6578 4621 
5904 4340 5865 5864 
5905 4341 6083 3267 
5906 4220 6590 4222 
5907 5722 5778 5715 
5908 4879 5815 5714 
5909 4657 6682 6330 
5910 5323 6611 4931 
5911 6313 6397 4324 
5912 4962 6624 6385 
5913 5527 6734 5996 
5914 4702 6678 5558 
5915 5071 6426 6200 
5916 6039 6704 4406 
5917 5004 6406 6075 
5918 6941 6980 5320 
5919 5932 6581 3942 
5920 4905 6784 6063 
5921 4917 6835 6695 
5922 4154 6910 4046 
5923 2992 6796 4281 
5924 4752 6491 5813 
5925 4676 6370 4086 
5926 5673 6873 5675 
5927 6091 6093 6092 
5928 4525 6478 4622 
5929 5932 6265 5494 
5930 5214 6446 5210 
5931 6298 6633 5296 
5932 6035 6730 3898 
5933 6459 6780 5282 
5934 6646 6976 5584 
5935 4655 4689 4688 
5936 4328 6378 4293 
5937 6136 6164 1342 
5938 6182 6457 4843 
5939 6376 6513 4877 
5940 4275 6474 4272 
5941 5260 6596 5925 
5942 4583 5791 2145 
5943 5303 6704 6039 
5944 4800 6797 4799 
5945 5995 6468 4427 
5946 6051 6645 5466 
5947 6091 6138 6093 
5948 1826 5876 4340 
5949 5296 6633 5295 
5950 6037 6732 3896 
5951 4716 4717 4669 
5952 4412 6594 5961 
5953 4496 6709 6208 
5954 1155 6171 6140 
5955 4794 6833 5785 
5956 5440 5833 5832 
5957 1331 6164 4569 
5958 5570 6145 6144 
5959 6104 6154 2706 
5960 4419 6985 6553 
5961 5979 6713 4823 
5962 5436 6587 5437 
5963 4371 6725 4207 
5964 5863 5877 1881 
5965 6362 6973 4999 
5966 4571 6171 1408 
5967 6054 6456 5076 
5968 2057 5869 2068 
5969 5077 6662 5075 
5970 6312 6964 5008 
5971 3718 5733 4720 
5972 6335 6425 5971 
5973 6129 6652 4421 
5974 4580 4653 4652 
5975 6432 6701 5644 
5976 3069 6141 4562 
5977 6198 6271 4927 
5978 4983 6545 4993 
5979 4234 6449 4236 
5980 6337 6688 5264 
5981 5075 6662 6277 
5982 5016 6956 5786 
5983 4420 6485 5969 
5984 4213 6370 4258 
5985 3487 6846 781 
5986 4792 6807 5981 
5987 2838 6177 4557 
5988 5450 6703 5452 
5989 4236 6449 4280 
5990 5860 6679 5480 
5991 6611 6939 5707 
5992 4587 4588 4585 
5993 6385 6450 4989 
5994 4248 6590 4220 
5995 4434 6482 6008 
5996 4647 6474 4275 
5997 4569 6217 1320 
5998 4342 6464 4304 
5999 1419 6173 4571 
6000 4132 6431 4397 
6001 5212 6434 5214 
6002 2563 6153 4296 
6003 6352 6366 5331 
6004 5418 6079 5465 
6005 2112 6677 2123 
6006 5494 6581 5932 
6007 5208 6446 5822 
6008 6056 6506 6055 
6009 4587 4589 4588 
6010 5055 6608 5062 
6011 4875 6782 4707 
6012 4296 6152 2618 
6013 4566 6177 2849 
6014 3934 6452 6125 
6015 6010 6903 4902 
6016 6607 6745 4816 
6017 6277 6662 6278 
6018 3887 6721 6113 
6019 2530 6914 2519 
6020 4562 6167 3058 
6021 4387 6463 4385 
6022 4655 4688 4654 
6023 1166 6542 3564 
6024 3289 6138 6091 
6025 3443 6885 3432 
6026 4609 6463 4387 
6027 4431 6960 6701 
6028 2860 6159 4566 
6029 3889 6641 6437 
6030 4805 6466 4804 
6031 4689 6607 4816 
6032 6347 6766 5361 
6033 5063 6423 5036 
6034 5415 6396 5417 
6035 5954 6489 4065 
6036 6201 6202 418 
6037 4653 4655 4654 
6038 6195 6769 5120 
6039 2321 6167 4564 
6040 4878 5815 4879 
6041 4303 6201 429 
6042 3895 6897 6106 
6043 4721 6863 4724 
6044 4353 6875 6674 
6045 6249 6878 5095 
6046 4595 6516 6515 
6047 5452 6703 5461 
6048 4180 6701 4178 
6049 6003 6553 5485 
6050 6253 6954 4913 
6051 5137 6433 6132 
6052 4211 6923 4248 
6053 6170 6225 6168 
6054 4416 6490 5954 
6055 4250 6439 4232 
6056 6065 6379 6064 
6057 5394 5395 5391 
6058 6429 6810 5684 
6059 6134 6860 5618 
6060 4304 6464 4372 
6061 4543 6173 1430 
6062 1958 6196 4927 
6063 4723 4824 4722 
6064 4564 6176 2310 
6065 5042 6473 5044 
6066 1276 6203 6159 
6067 2365 6189 4303 
6068 3903 6944 3901 
6069 5472 6828 6558 
6070 4805 6782 6101 
6071 407 6202 4574 
6072 2376 6205 6189 
6073 4557 6168 1562 
6074 5963 6409 6402 
6075 3553 6217 4540 
6076 4692 6626 6084 
6077 4567 6205 2387 
6078 1738 6204 4567 
6079 4851 4853 4852 
6080 4538 6204 1749 
6081 5357 6897 5356 
6082 4409 6508 5966 
6083 6098 6695 4701 
6084 1760 6209 4538 
6085 6158 6496 4611 
6086 4574 6207 2288 
6087 6125 6665 5934 
6088 2794 6161 6116 
6089 4687 6765 6231 
6090 2277 6207 4532 
6091 5812 6745 6607 
6092 4568 6209 2871 
6093 6176 6184 2299 
6094 5525 6787 6658 
6095 2882 6215 4568 
6096 4532 6216 2266 
6097 4345 6376 6375 
6098 1925 5913 4990 
6099 5904 6841 5797 
6100 4171 6942 4173 
6101 4482 6646 4370 
6102 5901 5902 4559 
6103 4537 6215 2893 
6104 4448 6881 4451 
6105 4822 6948 6680 
6106 5271 6668 5894 
6107 6554 7004 4578 
6108 4228 6392 6390 
6109 1012 6216 4572 
6110 4308 6203 1287 
6111 5966 6508 6368 
6112 5387 5388 5385 
6113 5461 6065 6064 
6114 3971 6830 4093 
6115 4556 6444 4851 
6116 4572 6221 1001 
6117 5343 6824 6760 
6118 1298 6184 4308 
6119 6214 6893 4916 
6120 5714 5722 5715 
6121 990 6221 4530 
6122 4540 6222 3542 
6123 4488 6591 4487 
6124 5446 6306 6121 
6125 5701 5702 5623 
6126 5040 6430 5056 
6127 5957 6675 5956 
6128 6394 6837 5521 
6129 4773 6928 6246 
6130 4411 6629 5945 
6131 5967 6631 3924 
6132 4542 6470 4536 
6133 5120 6769 5118 
6134 4716 6563 4821 
6135 5996 6468 5995 
6136 3432 6885 6610 
6137 4945 6329 4946 
6138 6152 6233 2607 
6139 6222 6236 3531 
6140 5468 6153 2574 
6141 6245 6631 5967 
6142 4272 6474 5937 
6143 5981 6807 5553 
6144 5241 6803 6495 
6145 3113 6236 5429 
6146 6627 6661 6229 
6147 6579 6956 4631 
6148 5669 6907 6032 
6149 5202 6874 5284 
6150 5896 6870 4418 
6151 2035 5760 4245 
6152 4372 6690 4301 
6153 4533 6763 5978 
6154 6111 6365 5776 
6155 6053 6482 4434 
6156 3212 6259 4537 
6157 5616 6915 5011 
6158 4245 5757 2046 
6159 4917 6695 6098 
6160 3410 6267 6067 
6161 5993 6620 4064 
6162 4671 6653 4753 
6163 6386 6403 5337 
6164 4551 5914 5913 
6165 4941 4945 4944 
6166 5265 6618 5962 
6167 4530 6223 1078 
6168 6416 6556 5066 
6169 6106 6743 3895 
6170 5465 6372 5420 
6171 6373 6529 4161 
6172 6497 6604 5544 
6173 5444 6161 2739 
6174 6651 6999 4819 
6175 5553 6807 5552 
6176 3987 6788 6299 
6177 5700 6272 4040 
6178 5351 6854 6824 
6179 5168 6803 5241 
6180 4134 6431 4132 
6181 5389 5698 5388 
6182 4582 4587 4585 
6183 4653 4654 4652 
6184 5525 6850 6787 
6185 4598 6212 2486 
6186 5445 6814 6551 
6187 4804 6466 5921 
6188 4477 6909 4287 
6189 4385 6463 4462 
6190 5902 5936 4559 
6191 6212 6213 2761 
6192 5675 6873 6441 
6193 2233 6292 4543 
6194 5080 6662 5077 
6195 2596 6233 5454 
6196 4640 6591 4488 
6197 5264 6688 5719 
6198 5044 6473 5067 
6199 4529 6515 4600 
6200 6276 6728 5147 
6201 4816 6745 6375 
6202 2497 6219 4598 
6203 5803 6753 6696 
6204 4867 6922 4866 
6205 303 6743 6106 
6206 2750 6213 5444 
6207 4519 6527 4516 
6208 6680 6948 4823 
6209 5397 6575 5394 
6210 6437 6641 6334 
6211 5454 6219 2508 
6212 5934 6665 4412 
6213 5781 6912 5986 
6214 1870 5877 5383 
6215 5648 6829 5646 
6216 6187 6188 5702 
6217 4556 4851 4850 
6218 4992 6479 5000 
6219 4240 6481 6407 
6220 4592 6476 4639 
6221 6412 6940 5372 
6222 5569 6461 5570 
6223 5941 6508 4409 
6224 6398 6653 4641 
6225 6372 6493 5422 
6226 4553 6511 4549 
6227 5991 6485 4420 
6228 4536 6470 4595 
6229 4148 6399 5699 
6230 5274 6688 5194 
6231 5544 6604 6172 
6232 5052 6552 5058 
6233 4928 6138 2332 
6234 6359 6611 4474 
6235 5566 6255 2629 
6236 5944 6520 6131 
6237 5117 6926 5182 
6238 6147 6609 6285 
6239 4421 6652 737 
6240 4347 6137 6136 
6241 6325 6689 5489 
6242 6011 6656 6053 
6243 5828 6785 5471 
6244 6566 6882 4910 
6245 4075 6656 6011 
6246 4714 6954 6253 
6247 6001 6664 4428 
6248 6364 6677 4581 
6249 4787 6750 6748 
6250 550 6244 5447 
6251 6456 6751 5078 
6252 4534 6515 4529 
6253 4958 6600 5594 
6254 6297 6974 5710 
6255 4464 6850 5985 
6256 5358 6899 6547 
6257 6070 6825 5514 
6258 4765 6836 5788 
6259 4688 6655 4690 
6260 4238 6481 4240 
6261 6168 6225 1551 
6262 6414 6419 4316 
6263 4575 6259 3223 
6264 4353 6674 6088 
6265 6044 6784 4905 
6266 4207 6725 4209 
6267 4469 6536 4719 
6268 5900 5901 4559 
6269 5293 6605 5252 
6270 4280 6481 4238 
6271 5344 6894 6390 
6272 5056 6473 5042 
6273 5429 6314 3102 
6274 1067 6223 4573 
6275 6272 6418 5846 
6276 5283 6859 5872 
6277 5991 6715 5299 
6278 5383 5825 1727 
6279 6736 6740 5446 
6280 4927 6271 1947 
6281 5422 6493 5424 
6282 6444 6793 4851 
6283 5068 6786 6413 
6284 6189 6190 4303 
6285 6201 6602 6202 
6286 5960 6798 5305 
6287 3729 5733 3718 
6288 4047 6422 5625 
6289 2640 6239 5566 
6290 5825 6327 4339 
6291 4923 6972 6301 
6292 5455 6284 3355 
6293 5365 6902 6883 
6294 5986 6912 4417 
6295 4391 6517 4389 
6296 2684 6255 4523 
6297 5386 6882 6567 
6298 4301 6690 4299 
6299 4573 6263 1056 
6300 4864 6982 4909 
6301 4255 6702 6291 
6302 4092 6685 5955 
6303 4963 6544 4965 
6304 6343 6864 6342 
6305 5382 5384 5381 
6306 5361 6766 5248 
6307 4065 6489 5949 
6308 5997 6533 5938 
6309 4215 6727 4217 
6310 6387 6533 5246 
6311 5302 6919 5925 
6312 5447 6305 2420 
6313 6539 6779 4695 
6314 5480 6899 5358 
6315 6207 6394 4532 
6316 4218 5701 5623 
6317 4389 6517 4609 
6318 6507 6798 6506 
6319 6021 6959 4436 
6320 6259 6558 4537 
6321 3366 6241 5455 
6322 4851 4852 4850 
6323 4723 4825 4824 
6324 6495 6621 5259 
6325 5883 6796 4049 
6326 4916 6893 4917 
6327 4655 6377 4689 
6328 4483 6652 6129 
6329 3564 4099 1309 
6330 5951 6943 5679 
6331 3924 6967 5980 
6332 4984 6523 4986 
6333 6116 6308 4309 
6334 6562 6563 4716 
6335 4595 6955 6516 
6336 5219 6741 5216 
6337 4818 6999 6651 
6338 6231 6994 5898 
6339 4569 6218 6217 
6340 6215 6601 4568 
6341 6221 6406 4530 
6342 4656 6535 6377 
6343 6368 6758 4114 
6344 4355 6579 4631 
6345 6154 6155 4565 
6346 4308 6595 6203 
6347 4978 6550 4980 
6348 4861 6348 6328 
6349 5481 6505 6295 
6350 4429 6692 6001 
6351 4583 5793 5792 
6352 3234 6289 4575 
6353 5484 6728 6276 
6354 5867 6034 2090 
6355 6491 6982 4864 
6356 5501 7002 5502 
6357 4788 6963 6441 
6358 6263 6264 2453 
6359 4971 6555 4973 
6360 6067 6068 4307 
6361 5518 6984 5519 
6362 6229 6661 5716 
6363 6036 6875 4353 
6364 6167 6537 4564 
6365 6111 6415 6365 
6366 4720 6863 4721 
6367 4590 6476 4592 
6368 4838 6554 6251 
6369 6018 6819 5638 
6370 5702 6857 5760 
6371 4557 6169 6168 
6372 561 6258 6244 
6373 5701 6187 5702 
6374 5990 6715 5991 
6375 4909 6982 6821 
6376 5740 6597 5322 
6377 3201 6083 5402 
6378 4942 6267 3421 
6379 4581 6677 2112 
6380 4667 6536 4469 
6381 4588 6518 4585 
6382 6141 6142 4562 
6383 2343 6237 4928 
6384 4821 6714 5740 
6385 4890 6365 6108 
6386 4490 6658 6086 
6387 6423 6430 5038 
6388 6354 6499 5370 
6389 4546 6470 4542 
6390 4884 7003 6522 
6391 5166 6958 6547 
6392 4846 6697 4848 
6393 4570 6292 2244 
6394 6030 6789 5087 
6395 5898 6994 5396 
6396 4721 4723 4722 
6397 4967 6759 4969 
6398 6334 6641 4880 
6399 6287 6770 6288 
6400 4244 6531 4247 
6401 2134 6644 4583 
6402 6398 6729 5767 
6403 4393 6571 4610 
6404 5062 6608 5094 
6405 4063 6715 5990 
6406 6223 6224 4573 
6407 4861 6328 4606 
6408 6113 6721 5771 
6409 1540 6225 4558 
6410 4983 6550 6545 
6411 4993 6523 4984 
6412 6496 6816 5543 
6413 5617 6950 5862 
6414 5046 6552 5052 
6415 1023 6310 3025 
6416 4259 6531 4244 
6417 6342 6864 4261 
6418 4638 6476 4590 
6419 5382 5385 5384 
6420 2255 6293 4570 
6421 6536 6938 5309 
6422 6222 6582 6236 
6423 4334 6757 4630 
6424 4258 6727 4215 
6425 4487 6591 4641 
6426 6408 6484 4310 
6427 5757 5869 2057 
6428 3344 6284 4521 
6429 6526 6630 5558 
6430 5684 6666 6429 
6431 4521 6239 2651 
6432 5481 6747 6505 
6433 6489 6490 5085 
6434 5950 6933 4666 
6435 4539 6289 1771 
6436 1936 6271 4926 
6437 5539 6816 5546 
6438 4430 6859 6245 
6439 4512 6580 4640 
6440 5362 6892 6832 
6441 6658 6991 5524 
6442 5938 6533 6387 
6443 6319 6320 4576 
6444 6402 6940 3947 
6445 5167 6621 6495 
6446 6439 6449 4234 
6447 6679 6899 5480 
6448 4514 6580 4512 
6449 6295 6986 5481 
6450 5323 6939 6611 
6451 5444 6162 6161 
6452 4549 6511 4563 
6453 4261 6811 3967 
6454 4844 6569 4846 
6455 5889 6550 4978 
6456 6233 6645 5454 
6457 6146 6403 4507 
6458 4523 6627 2673 
6459 6326 6455 4539 
6460 5248 6766 5235 
6461 6224 6628 5523 
6462 5067 6552 5046 
6463 6093 6094 6092 
6464 5228 6726 5893 
6465 5928 6940 6412 
6466 6462 6942 4192 
6467 4926 6237 2354 
6468 4972 6950 5617 
6469 4583 6644 5793 
6470 1903 6268 4942 
6471 4007 6869 4010 
6472 4451 6578 4450 
6473 5998 6533 5997 
6474 6101 6723 4805 
6475 6471 6692 4429 
6476 6255 6256 4523 
6477 4351 6643 6313 
6478 4990 6268 1914 
6479 6196 6197 4927 
6480 5426 6736 5597 
6481 6176 6639 6184 
6482 3091 6314 4297 
6483 2409 6305 4522 
6484 6475 6888 4210 
6485 4331 6777 6353 
6486 4625 6527 4519 
6487 5361 6905 6347 
6488 4882 6777 6151 
6489 5022 6467 4988 
6490 4522 6241 2398 
6491 6291 6702 5488 
6492 6428 6855 4659 
6493 4863 6709 6486 
6494 4259 6647 6531 
6495 4594 6518 4878 
6496 4595 6515 4534 
6497 5147 6728 6118 
6498 2442 6264 4531 
6499 4563 6670 6082 
6500 5978 6763 4884 
6501 4953 6612 4955 
6502 4853 6626 4852 
6503 6111 6364 4581 
6504 5440 6587 5833 
6505 957 6383 6319 
6506 6333 6861 5269 
6507 6284 6285 4521 
6508 5835 6903 6822 
6509 946 6319 4576 
6510 4989 6544 4963 
6511 4476 6697 6569 
6512 6053 6656 5276 
6513 4516 6527 4518 
6514 4754 6943 5951 
6515 4957 6624 4959 
6516 4751 6568 4844 
6517 5105 6770 6287 
6518 4797 6655 4688 
6519 4793 6939 6625 
6520 6347 6905 5321 
6521 6246 6707 4774 
6522 4297 6258 572 
6523 1628 6294 6293 
6524 5007 6792 6155 
6525 1782 6326 4539 
6526 5584 6976 5684 
6527 5621 6988 6193 
6528 6506 6798 5161 
6529 6131 6520 5273 
6530 6095 6673 6199 
6531 1837 6238 5876 
6532 5758 5759 5757 
6533 4412 6665 6594 
6534 6391 6846 5724 
6535 4659 6855 6087 
6536 4170 6599 6318 
6537 6700 6727 4258 
6538 6091 6092 4341 
6539 5678 6804 6781 
6540 6283 6770 5105 
6541 5385 5386 5384 
6542 5095 6878 5057 
6543 6421 6936 5821 
6544 4948 6615 4950 
6545 6329 6330 4952 
6546 6387 6840 4080 
6547 4586 5867 2079 
6548 4339 6327 5382 
6549 6422 6616 5736 
6550 5393 6681 6238 
6551 4577 6362 6360 
6552 6512 6981 5947 
6553 5864 5866 5863 
6554 6211 6683 5458 
6555 5432 6713 5979 
6556 4522 6242 6241 
6557 4753 6568 4751 
6558 5699 6399 5700 
6559 4777 6539 6188 
6560 5778 6896 5777 
6561 4925 6576 6575 
6562 4946 6329 4952 
6563 4422 6764 5964 
6564 5402 6262 3190 
6565 5275 6665 6125 
6566 5618 6860 4148 
6567 4357 6579 4355 
6568 6424 6786 6498 
6569 3179 6262 6240 
6570 4561 6632 4555 
6571 6658 6787 6086 
6572 6153 6660 4296 
6573 4490 6991 6658 
6574 6763 7003 4884 
6575 5291 6764 6421 
6576 2827 6240 4687 
6577 6299 6788 5600 
6578 5954 6490 6489 
6579 3921 6868 6514 
6580 5250 6605 5361 
6581 5182 6861 6333 
6582 6401 6655 4797 
6583 5427 6493 6472 
6584 6360 6361 1595 
6585 4047 5625 1980 
6586 4618 6511 4553 
6587 4531 6311 2431 
6588 5309 6921 6066 
6589 4046 6910 4051 
6590 6365 6415 5868 
6591 4577 6360 1606 
6592 4555 6632 4618 
6593 4576 6326 1793 
6594 4518 6580 4514 
6595 6306 6551 6243 
6596 5992 6883 6471 
6597 6288 6668 5271 
6598 4251 6992 6935 
6599 5370 6951 6354 
6600 5359 6876 6507 
6601 4410 6751 6456 
6602 5252 6605 5250 
6603 4687 6230 2816 
6604 4340 5864 5863 
6605 6032 6907 4801 
6606 5000 6479 5413 
6607 4669 6678 4498 
6608 5255 6619 5293 
6609 4450 6578 4453 
6610 4914 6993 5705 
6611 5415 6722 6396 
6612 4280 6603 6481 
6613 6371 6700 4258 
6614 4209 6923 4211 
6615 4619 6953 4803 
6616 4498 6678 4702 
6617 6105 6787 4464 
6618 5977 6587 5436 
6619 6787 6850 4464 
6620 4497 6571 4393 
6621 5424 6493 5427 
6622 5945 6751 4410 
6623 6467 6479 4992 
6624 5980 6967 5859 
6625 6541 6696 5660 
6626 6005 6801 4073 
6627 6581 6845 3942 
6628 5383 5826 5825 
6629 5063 6786 6424 
6630 5563 6927 6592 
6631 6625 6947 4650 
6632 5008 6964 5697 
6633 5976 6843 5977 
6634 4670 6974 6297 
6635 6208 6709 4863 
6636 4909 6735 4832 
6637 6525 6844 4943 
6638 4881 6745 5812 
6639 1617 6311 4577 
6640 5393 6238 1848 
6641 6935 6992 5305 
6642 6594 6925 5961 
6643 4684 6714 6564 
6644 6142 6792 5007 
6645 5793 6644 6364 
6646 4733 6810 6194 
6647 5461 6703 6065 
6648 5196 6926 5117 
6649 2123 6677 6644 
6650 4974 6759 4967 
6651 5560 6759 6454 
6652 3942 6845 5939 
6653 4641 6653 4671 
6654 6379 6534 5399 
6655 5560 6555 4971 
6656 5960 6992 5575 
6657 4051 6900 5802 
6658 6083 6445 5402 
6659 5305 6992 5960 
6660 6144 6619 5255 
6661 4192 6942 4171 
6662 4965 6544 4974 
6663 6553 6985 5485 
6664 803 6652 4483 
6665 6001 6692 6664 
6666 4417 6912 6335 
6667 4986 6523 5022 
6668 5964 6868 3921 
6669 2805 6230 5393 
6670 6396 6722 4648 
6671 6080 6930 4822 
6672 5597 6746 6120 
6673 6649 6956 5016 
6674 5354 6810 6429 
6675 6163 6848 4012 
6676 5912 6972 4923 
6677 5403 6818 5398 
6678 4080 6840 5952 
6679 4866 6922 5738 
6680 4850 6906 4937 
6681 4980 6550 4983 
6682 4969 6759 5560 
6683 4064 6883 5992 
6684 4640 6729 6591 
6685 4832 6735 6344 
6686 5790 6808 4907 
6687 4902 6903 5835 
6688 4993 6706 6523 
6689 5558 6630 4871 
6690 4148 6860 6399 
6691 4000 6383 968 
6692 5606 6699 6211 
6693 6209 6684 4538 
6694 4973 6555 4977 
6695 4974 6737 6454 
6696 6725 6923 4209 
6697 5270 6998 6469 
6698 4008 6604 6497 
6699 4583 5792 5791 
6700 5389 6613 5698 
6701 6569 6697 4846 
6702 5401 6994 6765 
6703 6127 6783 5003 
6704 4245 5758 5757 
6705 3999 6294 1639 
6706 6311 6973 4577 
6707 6498 6786 5068 
6708 6547 6899 5166 
6709 4787 6906 6886 
6710 4885 6947 6157 
6711 6022 6959 6021 
6712 6495 6803 5294 
6713 6610 6885 5683 
6714 704 6663 4000 
6715 6237 6673 4928 
6716 4424 6898 5975 
6717 1650 6361 3999 
6718 6568 6569 4844 
6719 6086 6787 6105 
6720 6309 6760 4485 
6721 4871 6630 5790 
6722 2068 5869 4586 
6723 4091 6925 6851 
6724 6158 6816 6496 
6725 6620 6883 4064 
6726 6229 6971 5468 
6727 4184 6778 6453 
6728 5866 5877 5863 
6729 3947 6940 5928 
6730 5078 6751 6629 
6731 5979 6843 5976 
6732 4929 6534 6379 
6733 4091 6851 6499 
6734 5084 6790 6279 
6735 6454 6759 4974 
6736 6335 6912 5278 
6737 4959 6624 4962 
6738 6629 6751 5945 
6739 6402 6409 5373 
6740 6130 6653 6398 
6741 6617 6938 4858 
6742 6520 6693 5273 
6743 4652 6632 4561 
6744 4861 6896 6348 
6745 4249 6717 6392 
6746 4217 6881 4448 
6747 5094 6659 5065 
6748 5391 6613 5389 
6749 4543 6699 6173 
6750 6066 6921 4439 
6751 5961 6925 4091 
6752 5065 6659 5091 
6753 6288 6770 6031 
6754 6701 6960 5644 
6755 5987 6936 4422 
6756 5832 6707 5449 
6757 5003 6983 6068 
6758 4851 6793 4853 
6759 6526 6597 4360 
6760 5313 6860 6134 
6761 6419 6977 4323 
6762 6760 6854 4485 
6763 6749 6906 4787 
6764 4717 6678 4669 
6765 5852 6977 6419 
6766 5372 6940 6402 
6767 5903 6583 5901 
6768 6409 6726 5373 
6769 4955 6612 6029 
6770 5947 6981 4419 
6771 6354 6951 4089 
6772 6029 6624 4957 
6773 4577 6973 6362 
6774 4994 6612 4953 
6775 6289 6756 4575 
6776 4638 6997 6476 
6777 4687 6231 6230 
6778 6094 6818 5403 
6779 6664 6937 4428 
6780 5394 6575 5395 
6781 4397 6805 6323 
6782 5777 6577 6549 
6783 4952 6615 4948 
6784 4937 6749 4939 
6785 6447 6965 4837 
6786 4523 6661 6627 
6787 5226 6820 6421 
6788 6148 6991 4490 
6789 4432 6986 6295 
6790 5826 6327 5825 
6791 6575 6576 5395 
6792 6244 6258 6121 
6793 6745 6904 6375 
6794 4428 6937 6002 
6795 4950 6615 4994 
6796 6478 6781 4622 
6797 4631 6649 6431 
6798 6727 6881 4217 
6799 4047 6945 6616 
6800 4849 6924 5909 
6801 6034 6111 4581 
6802 6547 6958 5604 
6803 6764 6868 5964 
6804 6397 6761 4322 
6805 4570 6683 6292 
6806 6278 6771 5049 
6807 6478 6827 6781 
6808 6886 6913 4787 
6809 4600 6827 6478 
6810 4451 6822 6578 
6811 5219 6961 6741 
6812 6539 6694 6188 
6813 4051 6910 6900 
6814 5449 6707 5464 
6815 6413 6786 5063 
6816 6382 6914 5770 
6817 4951 6980 6941 
6818 5919 6942 6462 
6819 4485 6854 6332 
6820 6260 6990 5543 
6821 4422 6936 6764 
6822 6534 6928 4925 
6823 4939 6748 4941 
6824 6434 6795 5214 
6825 4682 6817 6480 
6826 6377 6535 5317 
6827 6157 6947 6625 
6828 6716 6779 4777 
6829 4858 6938 6536 
6830 5446 6740 6551 
6831 6876 6935 5305 
6832 5713 6888 5274 
6833 5428 6740 6736 
6834 6441 6963 5675 
6835 6351 6961 5219 
6836 4541 6930 6080 
6837 5308 6997 4638 
6838 6822 6903 4875 
6839 1452 4048 1023 
6840 6530 6947 4885 
6841 5836 6727 6700 
6842 5573 6864 6343 
6843 5720 6891 6351 
6844 6364 6549 5793 
6845 4554 6965 6447 
6846 6472 6713 5430 
6847 6643 6975 5851 
6848 6216 6813 4572 
6849 5395 6613 5391 
6850 5606 6815 6699 
6851 5465 6680 6372 
6852 5469 6880 6879 
6853 5430 6713 5432 
6854 6314 6746 4297 
6855 6356 6978 5342 
6856 6551 6740 5445 
6857 4881 6904 6745 
6858 6396 6712 5417 
6859 5417 6712 6079 
6860 6256 6661 4523 
6861 6140 6773 4347 
6862 5413 6722 5415 
6863 6136 6767 6164 
6864 6445 6871 5403 
6865 6851 6925 5772 
6866 5862 6950 4975 
6867 5305 6798 6507 
6868 6390 6894 4250 
6869 4483 6542 1166 
6870 4586 5868 5867 
6871 5314 6692 6471 
6872 4323 6931 6408 
6873 6504 6804 5006 
6874 4852 6906 4850 
6875 6498 6890 4256 
6876 6084 6896 4861 
6877 6077 7000 5005 
6878 5365 6883 6620 
6879 4338 6911 6477 
6880 6891 6961 6351 
6881 6879 6880 6162 
6882 4608 6849 6706 
6883 4917 6893 6835 
6884 5760 6857 4245 
6885 6426 6858 5090 
6886 4565 6792 6141 
6887 4347 6773 6137 
6888 4439 6921 6617 
6889 6137 6767 6136 
6890 6375 6904 4345 
6891 4597 6946 6917 
6892 4907 6808 6671 
6893 6480 6817 5012 
6894 4945 6750 6329 
6895 4924 6718 6576 
6896 6246 6917 4773 
6897 6631 6967 3924 
6898 6202 6823 4574 
6899 6558 6828 4537 
6900 5867 6415 6034 
6901 6572 6943 4754 
6902 6164 6802 4569 
6903 6602 6823 6202 
6904 5711 6923 6725 
6905 5304 6935 6876 
6906 4537 6828 6215 
6907 5306 6840 6387 
6908 5463 6802 6767 
6909 6215 6828 6601 
6910 6171 6987 6140 
6911 6507 6876 5305 
6912 6207 6837 6394 
6913 6626 6886 4852 
6914 6886 6906 4852 
6915 5446 6551 6306 
6916 4557 7001 6169 
6917 6592 6927 5493 
6918 6217 6834 4540 
6919 3025 6310 5089 
6920 6203 6838 6159 
6921 4564 6831 6176 
6922 4569 6802 6218 
6923 5569 6418 6272 
6924 4308 6852 6595 
6925 6259 6895 6558 
6926 6479 6722 5413 
6927 5087 6842 6593 
6928 6406 6847 4530 
6929 6223 6847 6224 
6930 5559 6908 6698 
6931 6595 6838 6203 
6932 6177 7001 4557 
6933 6141 6792 6142 
6934 6218 6834 6217 
6935 4941 6748 4945 
6936 6781 6804 4622 
6937 6849 6872 4648 
6938 6159 6839 4566 
6939 6764 6936 6421 
6940 6184 6852 4308 
6941 4530 6847 6223 
6942 6752 7002 5501 
6943 6236 6856 5429 
6944 5908 6924 5907 
6945 6765 6994 6231 
6946 6537 6831 4564 
6947 4574 6837 6207 
6948 6595 6852 5592 
6949 6155 6792 4565 
6950 5521 6837 6823 
6951 6176 6831 6639 
6952 4099 6521 1309 
6953 6582 6856 6236 
6954 6835 6893 3890 
6955 4657 6996 6682 
6956 6558 6895 6017 
6957 6617 6995 4439 
6958 4937 6906 6749 
6959 6776 6882 5386 
6960 6213 6879 5444 
6961 4341 6871 6083 
6962 4395 6918 4359 
6963 4929 6928 6534 
6964 6639 6852 6184 
6965 6499 6851 5370 
6966 4575 6895 6259 
6967 6469 6998 5287 
6968 6470 6955 4595 
6969 6748 6750 4945 
6970 5444 6879 6162 
6971 6981 6985 4419 
6972 6471 6902 5314 
6973 4631 6956 6649 
6974 6900 6910 5775 
6975 4939 6749 6748 
6976 6689 6920 5489 
6977 6710 6993 4914 
6978 6718 6772 6576 
6979 6362 6966 6360 
6980 6814 6969 5448 
6981 6068 6983 6657 
6982 5291 6868 6764 
6983 5388 6776 5385 
6984 3564 6542 4099 
6985 5792 6793 5791 
6986 4528 7003 6763 
6987 4108 7002 6752 
6988 4823 6713 6472 
6989 6672 6989 5009 
6990 4625 7005 6527 
6991 4686 6772 6718 
6992 5385 6776 5386 
6993 5836 6881 6727 
6994 5914 6844 6525 
6995 4774 6917 6246 
6996 5445 6969 6814 
6997 5860 6967 6631 
6998 6931 6977 5555 
6999 6576 6772 5395 
7000 6083 6871 6445 
7001 1397 4049 3663 
7002 6756 6895 4575 
7003 6034 6415 6111 
7004 5395 6772 6613 
7005 4245 6857 5758 
7006 6348 6896 5778 
7007 6092 6871 4341 
7008 4694 6779 6716 
7009 6917 6946 4773 
7010 4692 6913 6886 
7011 5309 6938 6921 
7012 6360 6966 6361 
7013 6767 6802 6164 
7014 5598 6961 6891 
7015 5716 6971 6229 
7016 6140 6987 6773 
7017 5868 6415 5867 
7018 5576 6995 6617 
7019 6806 6844 5914 
7020 6921 6938 6617 
7021 4608 6872 6849 
7022 6823 6837 4574 
7023 5611 6975 6643 
7024 6838 6839 6159 
7025 4889 6694 6539 
7026 6601 6828 5472 
7027 4323 6977 6931 
7028 6639 6831 5774 
7029 5696 6985 6981 
7030 2992 4281 440 
7031 4579 6867 6682 
7032 4692 6886 6626 
7033 6657 6983 5002 
7034 4048 6310 1023 
7035 6682 6996 4579 
7036 5593 6839 6838 
7037 451 4049 1397 
7038 3850 4048 1452 
7039 2178 5909 2189 
7040 6796 6945 4281 
7041 6190 6201 4303 
7042 4309 6197 6196 
7043 4539 6756 6289 
7044 6142 6167 4562 
7045 6293 6683 4570 
7046 6224 6263 4573 
7047 6320 6326 4576 
7048 4899 6827 5853 
7049 5386 5734 5384 
7050 5698 6776 5388 
7051 5460 6198 6197 
7052 5566 6256 6255 
7053 6161 6308 6116 
7054 6323 6529 6373 
2 1 3 3478
7055 55 56 2916 1035 
7056 1035 2916 2917 1036 
7057 1036 2917 2918 1037 
7058 1037 2918 2919 1038 
7059 1038 2919 2920 1039 
7060 1039 2920 2921 1040 
7061 1040 2921 2922 1041 
7062 1041 2922 2923 1042 
7063 1042 2923 2924 1043 
7064 1043 2924 2925 1044 
7065 1044 2925 2926 1045 
7066 56 57 2927 2916 
7067 2916 2927 2928 2917 
7068 2917 2928 2929 2918 
7069 2918 2929 2930 2919 
7070 2919 2930 2931 2920 
7071 2920 2931 2932 2921 
7072 2921 2932 2933 2922 
7073 2922 2933 2934 2923 
7074 2923 2934 2935 2924 
7075 2924 2935 2936 2925 
7076 2925 2936 2937 2926 
7077 57 58 1673 2927 
7078 2927 1673 1674 2928 
7079 2928 1674 1675 2929 
7080 2929 1675 1676 2930 
7081 2930 1676 1677 2931 
7082 2931 1677 1678 2932 
7083 2932 1678 1679 2933 
7084 2933 1679 1680 2934 
7085 2934 1680 1681 2935 
7086 2935 1681 1682 2936 
7087 2936 1682 1683 2937 
7088 58 59 1684 1673 
7089 1673 1684 1685 1674 
7090 1674 1685 1686 1675 
7091 1675 1686 1687 1676 
7092 1676 1687 1688 1677 
7093 1677 1688 1689 1678 
7094 1678 1689 1690 1679 
7095 1679 1690 1691 1680 
7096 1680 1691 1692 1681 
7097 1681 1692 1693 1682 
7098 1682 1693 1694 1683 
7099 59 60 1508 1684 
7100 1684 1508 1509 1685 
7101 1685 1509 1510 1686 
7102 1686 1510 1511 1687 
7103 1687 1511 1512 1688 
7104 1688 1512 1513 1689 
7105 1689 1513 1514 1690 
7106 1690 1514 1515 1691 
7107 1691 1515 1516 1692 
7108 1692 1516 1517 1693 
7109 1693 1517 1518 1694 
7110 60 61 1519 1508 
7111 1508 1519 1520 1509 
7112 1509 1520 1521 1510 
7113 1510 1521 1522 1511 
7114 1511 1522 1523 1512 
7115 1512 1523 1524 1513 
7116 1513 1524 1525 1514 
7117 1514 1525 1526 1515 
7118 1515 1526 1527 1516 
7119 1516 1527 1528 1517 
7120 1517 1528 1529 1518 
7121 61 62 3290 1519 
7122 1519 3290 3291 1520 
7123 1520 3291 3292 1521 
7124 1521 3292 3293 1522 
7125 1522 3293 3294 1523 
7126 1523 3294 3295 1524 
7127 1524 3295 3296 1525 
7128 1525 3296 3297 1526 
7129 1526 3297 3298 1527 
7130 1527 3298 3299 1528 
7131 1528 3299 3300 1529 
7132 62 63 3301 3290 
7133 3290 3301 3302 3291 
7134 3291 3302 3303 3292 
7135 3292 3303 3304 3293 
7136 3293 3304 3305 3294 
7137 3294 3305 3306 3295 
7138 3295 3306 3307 3296 
7139 3296 3307 3308 3297 
7140 3297 3308 3309 3298 
7141 3298 3309 3310 3299 
7142 3299 3310 3311 3300 
7143 63 64 1079 3301 
7144 3301 1079 1080 3302 
7145 3302 1080 1081 3303 
7146 3303 1081 1082 3304 
7147 3304 1082 1083 3305 
7148 3305 1083 1084 3306 
7149 3306 1084 1085 3307 
7150 3307 1085 1086 3308 
7151 3308 1086 1087 3309 
7152 3309 1087 1088 3310 
7153 3310 1088 1089 3311 
7154 64 65 1090 1079 
7155 1079 1090 1091 1080 
7156 1080 1091 1092 1081 
7157 1081 1092 1093 1082 
7158 1082 1093 1094 1083 
7159 1083 1094 1095 1084 
7160 1084 1095 1096 1085 
7161 1085 1096 1097 1086 
7162 1086 1097 1098 1087 
7163 1087 1098 1099 1088 
7164 1088 1099 1100 1089 
7165 65 66 584 1090 
7166 1090 584 585 1091 
7167 1091 585 586 1092 
7168 1092 586 587 1093 
7169 1093 587 588 1094 
7170 1094 588 589 1095 
7171 1095 589 590 1096 
7172 1096 590 591 1097 
7173 1097 591 592 1098 
7174 1098 592 593 1099 
7175 1099 593 594 1100 
7176 66 67 595 584 
7177 584 595 596 585 
7178 585 596 597 586 
7179 586 597 598 587 
7180 587 598 599 588 
7181 588 599 600 589 
7182 589 600 601 590 
7183 590 601 602 591 
7184 591 602 603 592 
7185 592 603 604 593 
7186 593 604 605 594 
7187 67 68 2531 595 
7188 595 2531 2532 596 
7189 596 2532 2533 597 
7190 597 2533 2534 598 
7191 598 2534 2535 599 
7192 599 2535 2536 600 
7193 600 2536 2537 601 
7194 601 2537 2538 602 
7195 602 2538 2539 603 
7196 603 2539 2540 604 
7197 604 2540 2541 605 
7198 68 69 2542 2531 
7199 2531 2542 2543 2532 
7200 2532 2543 2544 2533 
7201 2533 2544 2545 2534 
7202 2534 2545 2546 2535 
7203 2535 2546 2547 2536 
7204 2536 2547 2548 2537 
7205 2537 2548 2549 2538 
7206 2538 2549 2550 2539 
7207 2539 2550 2551 2540 
7208 2540 2551 2552 2541 
7209 69 70 2454 2542 
7210 2542 2454 2455 2543 
7211 2543 2455 2456 2544 
7212 2544 2456 2457 2545 
7213 2545 2457 2458 2546 
7214 2546 2458 2459 2547 
7215 2547 2459 2460 2548 
7216 2548 2460 2461 2549 
7217 2549 2461 2462 2550 
7218 2550 2462 2463 2551 
7219 2551 2463 2464 2552 
7220 70 71 2465 2454 
7221 2454 2465 2466 2455 
7222 2455 2466 2467 2456 
7223 2456 2467 2468 2457 
7224 2457 2468 2469 2458 
7225 2458 2469 2470 2459 
7226 2459 2470 2471 2460 
7227 2460 2471 2472 2461 
7228 2461 2472 2473 2462 
7229 2462 2473 2474 2463 
7230 2463 2474 2475 2464 
7231 71 72 3367 2465 
7232 2465 3367 3368 2466 
7233 2466 3368 3369 2467 
7234 2467 3369 3370 2468 
7235 2468 3370 3371 2469 
7236 2469 3371 3372 2470 
7237 2470 3372 3373 2471 
7238 2471 3373 3374 2472 
7239 2472 3374 3375 2473 
7240 2473 3375 3376 2474 
7241 2474 3376 3377 2475 
7242 72 73 3378 3367 
7243 3367 3378 3379 3368 
7244 3368 3379 3380 3369 
7245 3369 3380 3381 3370 
7246 3370 3381 3382 3371 
7247 3371 3382 3383 3372 
7248 3372 3383 3384 3373 
7249 3373 3384 3385 3374 
7250 3374 3385 3386 3375 
7251 3375 3386 3387 3376 
7252 3376 3387 3388 3377 
7253 73 74 3147 3378 
7254 3378 3147 3148 3379 
7255 3379 3148 3149 3380 
7256 3380 3149 3150 3381 
7257 3381 3150 3151 3382 
7258 3382 3151 3152 3383 
7259 3383 3152 3153 3384 
7260 3384 3153 3154 3385 
7261 3385 3154 3155 3386 
7262 3386 3155 3156 3387 
7263 3387 3156 3157 3388 
7264 74 75 3158 3147 
7265 3147 3158 3159 3148 
7266 3148 3159 3160 3149 
7267 3149 3160 3161 3150 
7268 3150 3161 3162 3151 
7269 3151 3162 3163 3152 
7270 3152 3163 3164 3153 
7271 3153 3164 3165 3154 
7272 3154 3165 3166 3155 
7273 3155 3166 3167 3156 
7274 3156 3167 3168 3157 
7275 75 76 1365 3158 
7276 3158 1365 1366 3159 
7277 3159 1366 1367 3160 
7278 3160 1367 1368 3161 
7279 3161 1368 1369 3162 
7280 3162 1369 1370 3163 
7281 3163 1370 1371 3164 
7282 3164 1371 1372 3165 
7283 3165 1372 1373 3166 
7284 3166 1373 1374 3167 
7285 3167 1374 1375 3168 
7286 76 77 1376 1365 
7287 1365 1376 1377 1366 
7288 1366 1377 1378 1367 
7289 1367 1378 1379 1368 
7290 1368 1379 1380 1369 
7291 1369 1380 1381 1370 
7292 1370 1381 1382 1371 
7293 1371 1382 1383 1372 
7294 1372 1383 1384 1373 
7295 1373 1384 1385 1374 
7296 1374 1385 1386 1375 
7297 77 78 3818 1376 
7298 1376 3818 3819 1377 
7299 1377 3819 3820 1378 
7300 1378 3820 3821 1379 
7301 1379 3821 3822 1380 
7302 1380 3822 3823 1381 
7303 1381 3823 3824 1382 
7304 1382 3824 3825 1383 
7305 1383 3825 3826 1384 
7306 1384 3826 3827 1385 
7307 1385 3827 3828 1386 
7308 78 79 3829 3818 
7309 3818 3829 3830 3819 
7310 3819 3830 3831 3820 
7311 3820 3831 3832 3821 
7312 3821 3832 3833 3822 
7313 3822 3833 3834 3823 
7314 3823 3834 3835 3824 
7315 3824 3835 3836 3825 
7316 3825 3836 3837 3826 
7317 3826 3837 3838 3827 
7318 3827 3838 3839 3828 
7319 79 80 2938 3829 
7320 3829 2938 2939 3830 
7321 3830 2939 2940 3831 
7322 3831 2940 2941 3832 
7323 3832 2941 2942 3833 
7324 3833 2942 2943 3834 
7325 3834 2943 2944 3835 
7326 3835 2944 2945 3836 
7327 3836 2945 2946 3837 
7328 3837 2946 2947 3838 
7329 3838 2947 2948 3839 
7330 80 81 2949 2938 
7331 2938 2949 2950 2939 
7332 2939 2950 2951 2940 
7333 2940 2951 2952 2941 
7334 2941 2952 2953 2942 
7335 2942 2953 2954 2943 
7336 2943 2954 2955 2944 
7337 2944 2955 2956 2945 
7338 2945 2956 2957 2946 
7339 2946 2957 2958 2947 
7340 2947 2958 2959 2948 
7341 81 82 1794 2949 
7342 2949 1794 1795 2950 
7343 2950 1795 1796 2951 
7344 2951 1796 1797 2952 
7345 2952 1797 1798 2953 
7346 2953 1798 1799 2954 
7347 2954 1799 1800 2955 
7348 2955 1800 1801 2956 
7349 2956 1801 1802 2957 
7350 2957 1802 1803 2958 
7351 2958 1803 1804 2959 
7352 82 83 1805 1794 
7353 1794 1805 1806 1795 
7354 1795 1806 1807 1796 
7355 1796 1807 1808 1797 
7356 1797 1808 1809 1798 
7357 1798 1809 1810 1799 
7358 1799 1810 1811 1800 
7359 1800 1811 1812 1801 
7360 1801 1812 1813 1802 
7361 1802 1813 1814 1803 
7362 1803 1814 1815 1804 
7363 83 84 463 1805 
7364 1805 463 464 1806 
7365 1806 464 465 1807 
7366 1807 465 466 1808 
7367 1808 466 467 1809 
7368 1809 467 468 1810 
7369 1810 468 469 1811 
7370 1811 469 470 1812 
7371 1812 470 471 1813 
7372 1813 471 472 1814 
7373 1814 472 473 1815 
7374 84 85 474 463 
7375 463 474 475 464 
7376 464 475 476 465 
7377 465 476 477 466 
7378 466 477 478 467 
7379 467 478 479 468 
7380 468 479 480 469 
7381 469 480 481 470 
7382 470 481 482 471 
7383 471 482 483 472 
7384 472 483 484 473 
7385 85 86 1189 474 
7386 474 1189 1190 475 
7387 475 1190 1191 476 
7388 476 1191 1192 477 
7389 477 1192 1193 478 
7390 478 1193 1194 479 
7391 479 1194 1195 480 
7392 480 1195 1196 481 
7393 481 1196 1197 482 
7394 482 1197 1198 483 
7395 483 1198 1199 484 
7396 86 87 1200 1189 
7397 1189 1200 1201 1190 
7398 1190 1201 1202 1191 
7399 1191 1202 1203 1192 
7400 1192 1203 1204 1193 
7401 1193 1204 1205 1194 
7402 1194 1205 1206 1195 
7403 1195 1206 1207 1196 
7404 1196 1207 1208 1197 
7405 1197 1208 1209 1198 
7406 1198 1209 1210 1199 
7407 87 88 760 1200 
7408 1200 760 761 1201 
7409 1201 761 762 1202 
7410 1202 762 763 1203 
7411 1203 763 764 1204 
7412 1204 764 765 1205 
7413 1205 765 766 1206 
7414 1206 766 767 1207 
7415 1207 767 768 1208 
7416 1208 768 769 1209 
7417 1209 769 770 1210 
7418 88 89 771 760 
7419 760 771 772 761 
7420 761 772 773 762 
7421 762 773 774 763 
7422 763 774 775 764 
7423 764 775 776 765 
7424 765 776 777 766 
7425 766 777 778 767 
7426 767 778 779 768 
7427 768 779 780 769 
7428 769 780 781 770 
7429 89 90 3477 771 
7430 771 3477 3478 772 
7431 772 3478 3479 773 
7432 773 3479 3480 774 
7433 774 3480 3481 775 
7434 775 3481 3482 776 
7435 776 3482 3483 777 
7436 777 3483 3484 778 
7437 778 3484 3485 779 
7438 779 3485 3486 780 
7439 780 3486 3487 781 
7440 90 91 3488 3477 
7441 3477 3488 3489 3478 
7442 3478 3489 3490 3479 
7443 3479 3490 3491 3480 
7444 3480 3491 3492 3481 
7445 3481 3492 3493 3482 
7446 3482 3493 3494 3483 
7447 3483 3494 3495 3484 
7448 3484 3495 3496 3485 
7449 3485 3496 3497 3486 
7450 3486 3497 3498 3487 
7451 91 92 2993 3488 
7452 3488 2993 2994 3489 
7453 3489 2994 2995 3490 
7454 3490 2995 2996 3491 
7455 3491 2996 2997 3492 
7456 3492 2997 2998 3493 
7457 3493 2998 2999 3494 
7458 3494 2999 3000 3495 
7459 3495 3000 3001 3496 
7460 3496 3001 3002 3497 
7461 3497 3002 3003 3498 
7462 92 93 3004 2993 
7463 2993 3004 3005 2994 
7464 2994 3005 3006 2995 
7465 2995 3006 3007 2996 
7466 2996 3007 3008 2997 
7467 2997 3008 3009 2998 
7468 2998 3009 3010 2999 
7469 2999 3010 3011 3000 
7470 3000 3011 3012 3001 
7471 3001 3012 3013 3002 
7472 3002 3013 3014 3003 
7473 93 94 1343 3004 
7474 3004 1343 1344 3005 
7475 3005 1344 1345 3006 
7476 3006 1345 1346 3007 
7477 3007 1346 1347 3008 
7478 3008 1347 1348 3009 
7479 3009 1348 1349 3010 
7480 3010 1349 1350 3011 
7481 3011 1350 1351 3012 
7482 3012 1351 1352 3013 
7483 3013 1352 1353 3014 
7484 94 95 1354 1343 
7485 1343 1354 1355 1344 
7486 1344 1355 1356 1345 
7487 1345 1356 1357 1346 
7488 1346 1357 1358 1347 
7489 1347 1358 1359 1348 
7490 1348 1359 1360 1349 
7491 1349 1360 1361 1350 
7492 1350 1361 1362 1351 
7493 1351 1362 1363 1352 
7494 1352 1363 1364 1353 
7495 95 96 2960 1354 
7496 1354 2960 2961 1355 
7497 1355 2961 2962 1356 
7498 1356 2962 2963 1357 
7499 1357 2963 2964 1358 
7500 1358 2964 2965 1359 
7501 1359 2965 2966 1360 
7502 1360 2966 2967 1361 
7503 1361 2967 2968 1362 
7504 1362 2968 2969 1363 
7505 1363 2969 2970 1364 
7506 96 97 2971 2960 
7507 2960 2971 2972 2961 
7508 2961 2972 2973 2962 
7509 2962 2973 2974 2963 
7510 2963 2974 2975 2964 
7511 2964 2975 2976 2965 
7512 2965 2976 2977 2966 
7513 2966 2977 2978 2967 
7514 2967 2978 2979 2968 
7515 2968 2979 2980 2969 
7516 2969 2980 2981 2970 
7517 97 98 1101 2971 
7518 2971 1101 1102 2972 
7519 2972 1102 1103 2973 
7520 2973 1103 1104 2974 
7521 2974 1104 1105 2975 
7522 2975 1105 1106 2976 
7523 2976 1106 1107 2977 
7524 2977 1107 1108 2978 
7525 2978 1108 1109 2979 
7526 2979 1109 1110 2980 
7527 2980 1110 1111 2981 
7528 98 99 1112 1101 
7529 1101 1112 1113 1102 
7530 1102 1113 1114 1103 
7531 1103 1114 1115 1104 
7532 1104 1115 1116 1105 
7533 1105 1116 1117 1106 
7534 1106 1117 1118 1107 
7535 1107 1118 1119 1108 
7536 1108 1119 1120 1109 
7537 1109 1120 1121 1110 
7538 1110 1121 1122 1111 
7539 99 100 1167 1112 
7540 1112 1167 1168 1113 
7541 1113 1168 1169 1114 
7542 1114 1169 1170 1115 
7543 1115 1170 1171 1116 
7544 1116 1171 1172 1117 
7545 1117 1172 1173 1118 
7546 1118 1173 1174 1119 
7547 1119 1174 1175 1120 
7548 1120 1175 1176 1121 
7549 1121 1176 1177 1122 
7550 192 193 2608 2597 
7551 2597 2608 2609 2598 
7552 2598 2609 2610 2599 
7553 2599 2610 2611 2600 
7554 2600 2611 2612 2601 
7555 2601 2612 2613 2602 
7556 2602 2613 2614 2603 
7557 2603 2614 2615 2604 
7558 2604 2615 2616 2605 
7559 2605 2616 2617 2606 
7560 2606 2617 2618 2607 
7561 193 194 2553 2608 
7562 2608 2553 2554 2609 
7563 2609 2554 2555 2610 
7564 2610 2555 2556 2611 
7565 2611 2556 2557 2612 
7566 2612 2557 2558 2613 
7567 2613 2558 2559 2614 
7568 2614 2559 2560 2615 
7569 2615 2560 2561 2616 
7570 2616 2561 2562 2617 
7571 2617 2562 2563 2618 
7572 194 195 2564 2553 
7573 2553 2564 2565 2554 
7574 2554 2565 2566 2555 
7575 2555 2566 2567 2556 
7576 2556 2567 2568 2557 
7577 2557 2568 2569 2558 
7578 2558 2569 2570 2559 
7579 2559 2570 2571 2560 
7580 2560 2571 2572 2561 
7581 2561 2572 2573 2562 
7582 2562 2573 2574 2563 
7583 195 196 2575 2564 
7584 2564 2575 2576 2565 
7585 2565 2576 2577 2566 
7586 2566 2577 2578 2567 
7587 2567 2578 2579 2568 
7588 2568 2579 2580 2569 
7589 2569 2580 2581 2570 
7590 2570 2581 2582 2571 
7591 2571 2582 2583 2572 
7592 2572 2583 2584 2573 
7593 2573 2584 2585 2574 
7594 196 197 2652 2575 
7595 2575 2652 2653 2576 
7596 2576 2653 2654 2577 
7597 2577 2654 2655 2578 
7598 2578 2655 2656 2579 
7599 2579 2656 2657 2580 
7600 2580 2657 2658 2581 
7601 2581 2658 2659 2582 
7602 2582 2659 2660 2583 
7603 2583 2660 2661 2584 
7604 2584 2661 2662 2585 
7605 197 198 2663 2652 
7606 2652 2663 2664 2653 
7607 2653 2664 2665 2654 
7608 2654 2665 2666 2655 
7609 2655 2666 2667 2656 
7610 2656 2667 2668 2657 
7611 2657 2668 2669 2658 
7612 2658 2669 2670 2659 
7613 2659 2670 2671 2660 
7614 2660 2671 2672 2661 
7615 2661 2672 2673 2662 
7616 198 199 2674 2663 
7617 2663 2674 2675 2664 
7618 2664 2675 2676 2665 
7619 2665 2676 2677 2666 
7620 2666 2677 2678 2667 
7621 2667 2678 2679 2668 
7622 2668 2679 2680 2669 
7623 2669 2680 2681 2670 
7624 2670 2681 2682 2671 
7625 2671 2682 2683 2672 
7626 2672 2683 2684 2673 
7627 199 200 2619 2674 
7628 2674 2619 2620 2675 
7629 2675 2620 2621 2676 
7630 2676 2621 2622 2677 
7631 2677 2622 2623 2678 
7632 2678 2623 2624 2679 
7633 2679 2624 2625 2680 
7634 2680 2625 2626 2681 
7635 2681 2626 2627 2682 
7636 2682 2627 2628 2683 
7637 2683 2628 2629 2684 
7638 200 201 2630 2619 
7639 2619 2630 2631 2620 
7640 2620 2631 2632 2621 
7641 2621 2632 2633 2622 
7642 2622 2633 2634 2623 
7643 2623 2634 2635 2624 
7644 2624 2635 2636 2625 
7645 2625 2636 2637 2626 
7646 2626 2637 2638 2627 
7647 2627 2638 2639 2628 
7648 2628 2639 2640 2629 
7649 201 202 2641 2630 
7650 2630 2641 2642 2631 
7651 2631 2642 2643 2632 
7652 2632 2643 2644 2633 
7653 2633 2644 2645 2634 
7654 2634 2645 2646 2635 
7655 2635 2646 2647 2636 
7656 2636 2647 2648 2637 
7657 2637 2648 2649 2638 
7658 2638 2649 2650 2639 
7659 2639 2650 2651 2640 
7660 105 106 3741 1574 
7661 1574 3741 3742 1575 
7662 1575 3742 3743 1576 
7663 1576 3743 3744 1577 
7664 1577 3744 3745 1578 
7665 1578 3745 3746 1579 
7666 1579 3746 3747 1580 
7667 1580 3747 3748 1581 
7668 1581 3748 3749 1582 
7669 1582 3749 3750 1583 
7670 1583 3750 3751 1584 
7671 106 107 3752 3741 
7672 3741 3752 3753 3742 
7673 3742 3753 3754 3743 
7674 3743 3754 3755 3744 
7675 3744 3755 3756 3745 
7676 3745 3756 3757 3746 
7677 3746 3757 3758 3747 
7678 3747 3758 3759 3748 
7679 3748 3759 3760 3749 
7680 3749 3760 3761 3750 
7681 3750 3761 3762 3751 
7682 107 108 3114 3752 
7683 3752 3114 3115 3753 
7684 3753 3115 3116 3754 
7685 3754 3116 3117 3755 
7686 3755 3117 3118 3756 
7687 3756 3118 3119 3757 
7688 3757 3119 3120 3758 
7689 3758 3120 3121 3759 
7690 3759 3121 3122 3760 
7691 3760 3122 3123 3761 
7692 3761 3123 3124 3762 
7693 108 109 3125 3114 
7694 3114 3125 3126 3115 
7695 3115 3126 3127 3116 
7696 3116 3127 3128 3117 
7697 3117 3128 3129 3118 
7698 3118 3129 3130 3119 
7699 3119 3130 3131 3120 
7700 3120 3131 3132 3121 
7701 3121 3132 3133 3122 
7702 3122 3133 3134 3123 
7703 3123 3134 3135 3124 
7704 109 110 3664 3125 
7705 3125 3664 3665 3126 
7706 3126 3665 3666 3127 
7707 3127 3666 3667 3128 
7708 3128 3667 3668 3129 
7709 3129 3668 3669 3130 
7710 3130 3669 3670 3131 
7711 3131 3670 3671 3132 
7712 3132 3671 3672 3133 
7713 3133 3672 3673 3134 
7714 3134 3673 3674 3135 
7715 110 111 3675 3664 
7716 3664 3675 3676 3665 
7717 3665 3676 3677 3666 
7718 3666 3677 3678 3667 
7719 3667 3678 3679 3668 
7720 3668 3679 3680 3669 
7721 3669 3680 3681 3670 
7722 3670 3681 3682 3671 
7723 3671 3682 3683 3672 
7724 3672 3683 3684 3673 
7725 3673 3684 3685 3674 
7726 111 112 375 3675 
7727 3675 375 376 3676 
7728 3676 376 377 3677 
7729 3677 377 378 3678 
7730 3678 378 379 3679 
7731 3679 379 380 3680 
7732 3680 380 381 3681 
7733 3681 381 382 3682 
7734 3682 382 383 3683 
7735 3683 383 384 3684 
7736 3684 384 385 3685 
7737 112 113 386 375 
7738 375 386 387 376 
7739 376 387 388 377 
7740 377 388 389 378 
7741 378 389 390 379 
7742 379 390 391 380 
7743 380 391 392 381 
7744 381 392 393 382 
7745 382 393 394 383 
7746 383 394 395 384 
7747 384 395 396 385 
7748 113 114 2894 386 
7749 386 2894 2895 387 
7750 387 2895 2896 388 
7751 388 2896 2897 389 
7752 389 2897 2898 390 
7753 390 2898 2899 391 
7754 391 2899 2900 392 
7755 392 2900 2901 393 
7756 393 2901 2902 394 
7757 394 2902 2903 395 
7758 395 2903 2904 396 
7759 114 115 2905 2894 
7760 2894 2905 2906 2895 
7761 2895 2906 2907 2896 
7762 2896 2907 2908 2897 
7763 2897 2908 2909 2898 
7764 2898 2909 2910 2899 
7765 2899 2910 2911 2900 
7766 2900 2911 2912 2901 
7767 2901 2912 2913 2902 
7768 2902 2913 2914 2903 
7769 2903 2914 2915 2904 
7770 115 116 3609 2905 
7771 2905 3609 3610 2906 
7772 2906 3610 3611 2907 
7773 2907 3611 3612 2908 
7774 2908 3612 3613 2909 
7775 2909 3613 3614 2910 
7776 2910 3614 3615 2911 
7777 2911 3615 3616 2912 
7778 2912 3616 3617 2913 
7779 2913 3617 3618 2914 
7780 2914 3618 3619 2915 
7781 116 117 3620 3609 
7782 3609 3620 3621 3610 
7783 3610 3621 3622 3611 
7784 3611 3622 3623 3612 
7785 3612 3623 3624 3613 
7786 3613 3624 3625 3614 
7787 3614 3625 3626 3615 
7788 3615 3626 3627 3616 
7789 3616 3627 3628 3617 
7790 3617 3628 3629 3618 
7791 3618 3629 3630 3619 
7792 117 118 3312 3620 
7793 3620 3312 3313 3621 
7794 3621 3313 3314 3622 
7795 3622 3314 3315 3623 
7796 3623 3315 3316 3624 
7797 3624 3316 3317 3625 
7798 3625 3317 3318 3626 
7799 3626 3318 3319 3627 
7800 3627 3319 3320 3628 
7801 3628 3320 3321 3629 
7802 3629 3321 3322 3630 
7803 118 119 3323 3312 
7804 3312 3323 3324 3313 
7805 3313 3324 3325 3314 
7806 3314 3325 3326 3315 
7807 3315 3326 3327 3316 
7808 3316 3327 3328 3317 
7809 3317 3328 3329 3318 
7810 3318 3329 3330 3319 
7811 3319 3330 3331 3320 
7812 3320 3331 3332 3321 
7813 3321 3332 3333 3322 
7814 119 120 3422 3323 
7815 3323 3422 3423 3324 
7816 3324 3423 3424 3325 
7817 3325 3424 3425 3326 
7818 3326 3425 3426 3327 
7819 3327 3426 3427 3328 
7820 3328 3427 3428 3329 
7821 3329 3428 3429 3330 
7822 3330 3429 3430 3331 
7823 3331 3430 3431 3332 
7824 3332 3431 3432 3333 
7825 120 121 3433 3422 
7826 3422 3433 3434 3423 
7827 3423 3434 3435 3424 
7828 3424 3435 3436 3425 
7829 3425 3436 3437 3426 
7830 3426 3437 3438 3427 
7831 3427 3438 3439 3428 
7832 3428 3439 3440 3429 
7833 3429 3440 3441 3430 
7834 3430 3441 3442 3431 
7835 3431 3442 3443 3432 
7836 121 122 3631 3433 
7837 3433 3631 3632 3434 
7838 3434 3632 3633 3435 
7839 3435 3633 3634 3436 
7840 3436 3634 3635 3437 
7841 3437 3635 3636 3438 
7842 3438 3636 3637 3439 
7843 3439 3637 3638 3440 
7844 3440 3638 3639 3441 
7845 3441 3639 3640 3442 
7846 3442 3640 3641 3443 
7847 122 123 3642 3631 
7848 3631 3642 3643 3632 
7849 3632 3643 3644 3633 
7850 3633 3644 3645 3634 
7851 3634 3645 3646 3635 
7852 3635 3646 3647 3636 
7853 3636 3647 3648 3637 
7854 3637 3648 3649 3638 
7855 3638 3649 3650 3639 
7856 3639 3650 3651 3640 
7857 3640 3651 3652 3641 
7858 123 124 1486 3642 
7859 3642 1486 1487 3643 
7860 3643 1487 1488 3644 
7861 3644 1488 1489 3645 
7862 3645 1489 1490 3646 
7863 3646 1490 1491 3647 
7864 3647 1491 1492 3648 
7865 3648 1492 1493 3649 
7866 3649 1493 1494 3650 
7867 3650 1494 1495 3651 
7868 3651 1495 1496 3652 
7869 124 125 1497 1486 
7870 1486 1497 1498 1487 
7871 1487 1498 1499 1488 
7872 1488 1499 1500 1489 
7873 1489 1500 1501 1490 
7874 1490 1501 1502 1491 
7875 1491 1502 1503 1492 
7876 1492 1503 1504 1493 
7877 1493 1504 1505 1494 
7878 1494 1505 1506 1495 
7879 1495 1506 1507 1496 
7880 125 126 3565 1497 
7881 1497 3565 3566 1498 
7882 1498 3566 3567 1499 
7883 1499 3567 3568 1500 
7884 1500 3568 3569 1501 
7885 1501 3569 3570 1502 
7886 1502 3570 3571 1503 
7887 1503 3571 3572 1504 
7888 1504 3572 3573 1505 
7889 1505 3573 3574 1506 
7890 1506 3574 3575 1507 
7891 126 127 3576 3565 
7892 3565 3576 3577 3566 
7893 3566 3577 3578 3567 
7894 3567 3578 3579 3568 
7895 3568 3579 3580 3569 
7896 3569 3580 3581 3570 
7897 3570 3581 3582 3571 
7898 3571 3582 3583 3572 
7899 3572 3583 3584 3573 
7900 3573 3584 3585 3574 
7901 3574 3585 3586 3575 
7902 127 128 3851 3576 
7903 3576 3851 3852 3577 
7904 3577 3852 3853 3578 
7905 3578 3853 3854 3579 
7906 3579 3854 3855 3580 
7907 3580 3855 3856 3581 
7908 3581 3856 3857 3582 
7909 3582 3857 3858 3583 
7910 3583 3858 3859 3584 
7911 3584 3859 3860 3585 
7912 3585 3860 3861 3586 
7913 128 129 3862 3851 
7914 3851 3862 3863 3852 
7915 3852 3863 3864 3853 
7916 3853 3864 3865 3854 
7917 3854 3865 3866 3855 
7918 3855 3866 3867 3856 
7919 3856 3867 3868 3857 
7920 3857 3868 3869 3858 
7921 3858 3869 3870 3859 
7922 3859 3870 3871 3860 
7923 3860 3871 3872 3861 
7924 129 130 804 3862 
7925 3862 804 805 3863 
7926 3863 805 806 3864 
7927 3864 806 807 3865 
7928 3865 807 808 3866 
7929 3866 808 809 3867 
7930 3867 809 810 3868 
7931 3868 810 811 3869 
7932 3869 811 812 3870 
7933 3870 812 813 3871 
7934 3871 813 814 3872 
7935 130 131 815 804 
7936 804 815 816 805 
7937 805 816 817 806 
7938 806 817 818 807 
7939 807 818 819 808 
7940 808 819 820 809 
7941 809 820 821 810 
7942 810 821 822 811 
7943 811 822 823 812 
7944 812 823 824 813 
7945 813 824 825 814 
7946 131 132 1211 815 
7947 815 1211 1212 816 
7948 816 1212 1213 817 
7949 817 1213 1214 818 
7950 818 1214 1215 819 
7951 819 1215 1216 820 
7952 820 1216 1217 821 
7953 821 1217 1218 822 
7954 822 1218 1219 823 
7955 823 1219 1220 824 
7956 824 1220 1221 825 
7957 132 133 1222 1211 
7958 1211 1222 1223 1212 
7959 1212 1223 1224 1213 
7960 1213 1224 1225 1214 
7961 1214 1225 1226 1215 
7962 1215 1226 1227 1216 
7963 1216 1227 1228 1217 
7964 1217 1228 1229 1218 
7965 1218 1229 1230 1219 
7966 1219 1230 1231 1220 
7967 1220 1231 1232 1221 
7968 133 134 3686 1222 
7969 1222 3686 3687 1223 
7970 1223 3687 3688 1224 
7971 1224 3688 3689 1225 
7972 1225 3689 3690 1226 
7973 1226 3690 3691 1227 
7974 1227 3691 3692 1228 
7975 1228 3692 3693 1229 
7976 1229 3693 3694 1230 
7977 1230 3694 3695 1231 
7978 1231 3695 3696 1232 
7979 261 262 3224 3213 
7980 3213 3224 3225 3214 
7981 3214 3225 3226 3215 
7982 3215 3226 3227 3216 
7983 3216 3227 3228 3217 
7984 3217 3228 3229 3218 
7985 3218 3229 3230 3219 
7986 3219 3230 3231 3220 
7987 3220 3231 3232 3221 
7988 3221 3232 3233 3222 
7989 3222 3233 3234 3223 
7990 262 263 1761 3224 
7991 3224 1761 1762 3225 
7992 3225 1762 1763 3226 
7993 3226 1763 1764 3227 
7994 3227 1764 1765 3228 
7995 3228 1765 1766 3229 
7996 3229 1766 1767 3230 
7997 3230 1767 1768 3231 
7998 3231 1768 1769 3232 
7999 3232 1769 1770 3233 
8000 3233 1770 1771 3234 
8001 134 135 3697 3686 
8002 3686 3697 3698 3687 
8003 3687 3698 3699 3688 
8004 3688 3699 3700 3689 
8005 3689 3700 3701 3690 
8006 3690 3701 3702 3691 
8007 3691 3702 3703 3692 
8008 3692 3703 3704 3693 
8009 3693 3704 3705 3694 
8010 3694 3705 3706 3695 
8011 3695 3706 3707 3696 
8012 135 136 3026 3697 
8013 3697 3026 3027 3698 
8014 3698 3027 3028 3699 
8015 3699 3028 3029 3700 
8016 3700 3029 3030 3701 
8017 3701 3030 3031 3702 
8018 3702 3031 3032 3703 
8019 3703 3032 3033 3704 
8020 3704 3033 3034 3705 
8021 3705 3034 3035 3706 
8022 3706 3035 3036 3707 
8023 136 137 3037 3026 
8024 3026 3037 3038 3027 
8025 3027 3038 3039 3028 
8026 3028 3039 3040 3029 
8027 3029 3040 3041 3030 
8028 3030 3041 3042 3031 
8029 3031 3042 3043 3032 
8030 3032 3043 3044 3033 
8031 3033 3044 3045 3034 
8032 3034 3045 3046 3035 
8033 3035 3046 3047 3036 
8034 137 138 1464 3037 
8035 3037 1464 1465 3038 
8036 3038 1465 1466 3039 
8037 3039 1466 1467 3040 
8038 3040 1467 1468 3041 
8039 3041 1468 1469 3042 
8040 3042 1469 1470 3043 
8041 3043 1470 1471 3044 
8042 3044 1471 1472 3045 
8043 3045 1472 1473 3046 
8044 3046 1473 1474 3047 
8045 138 139 1475 1464 
8046 1464 1475 1476 1465 
8047 1465 1476 1477 1466 
8048 1466 1477 1478 1467 
8049 1467 1478 1479 1468 
8050 1468 1479 1480 1469 
8051 1469 1480 1481 1470 
8052 1470 1481 1482 1471 
8053 1471 1482 1483 1472 
8054 1472 1483 1484 1473 
8055 1473 1484 1485 1474 
8056 139 140 3235 1475 
8057 1475 3235 3236 1476 
8058 1476 3236 3237 1477 
8059 1477 3237 3238 1478 
8060 1478 3238 3239 1479 
8061 1479 3239 3240 1480 
8062 1480 3240 3241 1481 
8063 1481 3241 3242 1482 
8064 1482 3242 3243 1483 
8065 1483 3243 3244 1484 
8066 1484 3244 3245 1485 
8067 140 141 3246 3235 
8068 3235 3246 3247 3236 
8069 3236 3247 3248 3237 
8070 3237 3248 3249 3238 
8071 3238 3249 3250 3239 
8072 3239 3250 3251 3240 
8073 3240 3251 3252 3241 
8074 3241 3252 3253 3242 
8075 3242 3253 3254 3243 
8076 3243 3254 3255 3244 
8077 3244 3255 3256 3245 
8078 141 142 3499 3246 
8079 3246 3499 3500 3247 
8080 3247 3500 3501 3248 
8081 3248 3501 3502 3249 
8082 3249 3502 3503 3250 
8083 3250 3503 3504 3251 
8084 3251 3504 3505 3252 
8085 3252 3505 3506 3253 
8086 3253 3506 3507 3254 
8087 3254 3507 3508 3255 
8088 3255 3508 3509 3256 
8089 142 143 3510 3499 
8090 3499 3510 3511 3500 
8091 3500 3511 3512 3501 
8092 3501 3512 3513 3502 
8093 3502 3513 3514 3503 
8094 3503 3514 3515 3504 
8095 3504 3515 3516 3505 
8096 3505 3516 3517 3506 
8097 3506 3517 3518 3507 
8098 3507 3518 3519 3508 
8099 3508 3519 3520 3509 
8100 143 144 2509 3510 
8101 3510 2509 2510 3511 
8102 3511 2510 2511 3512 
8103 3512 2511 2512 3513 
8104 3513 2512 2513 3514 
8105 3514 2513 2514 3515 
8106 3515 2514 2515 3516 
8107 3516 2515 2516 3517 
8108 3517 2516 2517 3518 
8109 3518 2517 2518 3519 
8110 3519 2518 2519 3520 
8111 144 145 2520 2509 
8112 2509 2520 2521 2510 
8113 2510 2521 2522 2511 
8114 2511 2522 2523 2512 
8115 2512 2523 2524 2513 
8116 2513 2524 2525 2514 
8117 2514 2525 2526 2515 
8118 2515 2526 2527 2516 
8119 2516 2527 2528 2517 
8120 2517 2528 2529 2518 
8121 2518 2529 2530 2519 
8122 145 146 3763 2520 
8123 2520 3763 3764 2521 
8124 2521 3764 3765 2522 
8125 2522 3765 3766 2523 
8126 2523 3766 3767 2524 
8127 2524 3767 3768 2525 
8128 2525 3768 3769 2526 
8129 2526 3769 3770 2527 
8130 2527 3770 3771 2528 
8131 2528 3771 3772 2529 
8132 2529 3772 3773 2530 
8133 146 147 3774 3763 
8134 3763 3774 3775 3764 
8135 3764 3775 3776 3765 
8136 3765 3776 3777 3766 
8137 3766 3777 3778 3767 
8138 3767 3778 3779 3768 
8139 3768 3779 3780 3769 
8140 3769 3780 3781 3770 
8141 3770 3781 3782 3771 
8142 3771 3782 3783 3772 
8143 3772 3783 3784 3773 
8144 147 148 3785 3774 
8145 3774 3785 3786 3775 
8146 3775 3786 3787 3776 
8147 3776 3787 3788 3777 
8148 3777 3788 3789 3778 
8149 3778 3789 3790 3779 
8150 3779 3790 3791 3780 
8151 3780 3791 3792 3781 
8152 3781 3792 3793 3782 
8153 3782 3793 3794 3783 
8154 3783 3794 3795 3784 
8155 148 149 3796 3785 
8156 3785 3796 3797 3786 
8157 3786 3797 3798 3787 
8158 3787 3798 3799 3788 
8159 3788 3799 3800 3789 
8160 3789 3800 3801 3790 
8161 3790 3801 3802 3791 
8162 3791 3802 3803 3792 
8163 3792 3803 3804 3793 
8164 3793 3804 3805 3794 
8165 3794 3805 3806 3795 
8166 149 150 3807 3796 
8167 3796 3807 3808 3797 
8168 3797 3808 3809 3798 
8169 3798 3809 3810 3799 
8170 3799 3810 3811 3800 
8171 3800 3811 3812 3801 
8172 3801 3812 3813 3802 
8173 3802 3813 3814 3803 
8174 3803 3814 3815 3804 
8175 3804 3815 3816 3805 
8176 3805 3816 3817 3806 
8177 150 151 3444 3807 
8178 3807 3444 3445 3808 
8179 3808 3445 3446 3809 
8180 3809 3446 3447 3810 
8181 3810 3447 3448 3811 
8182 3811 3448 3449 3812 
8183 3812 3449 3450 3813 
8184 3813 3450 3451 3814 
8185 3814 3451 3452 3815 
8186 3815 3452 3453 3816 
8187 3816 3453 3454 3817 
8188 151 152 3455 3444 
8189 3444 3455 3456 3445 
8190 3445 3456 3457 3446 
8191 3446 3457 3458 3447 
8192 3447 3458 3459 3448 
8193 3448 3459 3460 3449 
8194 3449 3460 3461 3450 
8195 3450 3461 3462 3451 
8196 3451 3462 3463 3452 
8197 3452 3463 3464 3453 
8198 3453 3464 3465 3454 
8199 152 153 3466 3455 
8200 3455 3466 3467 3456 
8201 3456 3467 3468 3457 
8202 3457 3468 3469 3458 
8203 3458 3469 3470 3459 
8204 3459 3470 3471 3460 
8205 3460 3471 3472 3461 
8206 3461 3472 3473 3462 
8207 3462 3473 3474 3463 
8208 3463 3474 3475 3464 
8209 3464 3475 3476 3465 
8210 153 154 1849 3466 
8211 3466 1849 1850 3467 
8212 3467 1850 1851 3468 
8213 3468 1851 1852 3469 
8214 3469 1852 1853 3470 
8215 3470 1853 1854 3471 
8216 3471 1854 1855 3472 
8217 3472 1855 1856 3473 
8218 3473 1856 1857 3474 
8219 3474 1857 1858 3475 
8220 3475 1858 1859 3476 
8221 154 2 749 1849 
8222 1849 749 750 1850 
8223 1850 750 751 1851 
8224 1851 751 752 1852 
8225 1852 752 753 1853 
8226 1853 753 754 1854 
8227 1854 754 755 1855 
8228 1855 755 756 1856 
8229 1856 756 757 1857 
8230 1857 757 758 1858 
8231 1858 758 759 1859 
8232 2 155 3708 749 
8233 749 3708 3709 750 
8234 750 3709 3710 751 
8235 751 3710 3711 752 
8236 752 3711 3712 753 
8237 753 3712 3713 754 
8238 754 3713 3714 755 
8239 755 3714 3715 756 
8240 756 3715 3716 757 
8241 757 3716 3717 758 
8242 758 3717 3718 759 
8243 155 156 3719 3708 
8244 3708 3719 3720 3709 
8245 3709 3720 3721 3710 
8246 3710 3721 3722 3711 
8247 3711 3722 3723 3712 
8248 3712 3723 3724 3713 
8249 3713 3724 3725 3714 
8250 3714 3725 3726 3715 
8251 3715 3726 3727 3716 
8252 3716 3727 3728 3717 
8253 3717 3728 3729 3718 
8254 156 157 3730 3719 
8255 3719 3730 3731 3720 
8256 3720 3731 3732 3721 
8257 3721 3732 3733 3722 
8258 3722 3733 3734 3723 
8259 3723 3734 3735 3724 
8260 3724 3735 3736 3725 
8261 3725 3736 3737 3726 
8262 3726 3737 3738 3727 
8263 3727 3738 3739 3728 
8264 3728 3739 3740 3729 
8265 157 158 1695 3730 
8266 3730 1695 1696 3731 
8267 3731 1696 1697 3732 
8268 3732 1697 1698 3733 
8269 3733 1698 1699 3734 
8270 3734 1699 1700 3735 
8271 3735 1700 1701 3736 
8272 3736 1701 1702 3737 
8273 3737 1702 1703 3738 
8274 3738 1703 1704 3739 
8275 3739 1704 1705 3740 
8276 158 159 1706 1695 
8277 1695 1706 1707 1696 
8278 1696 1707 1708 1697 
8279 1697 1708 1709 1698 
8280 1698 1709 1710 1699 
8281 1699 1710 1711 1700 
8282 1700 1711 1712 1701 
8283 1701 1712 1713 1702 
8284 1702 1713 1714 1703 
8285 1703 1714 1715 1704 
8286 1704 1715 1716 1705 
8287 159 160 1717 1706 
8288 1706 1717 1718 1707 
8289 1707 1718 1719 1708 
8290 1708 1719 1720 1709 
8291 1709 1720 1721 1710 
8292 1710 1721 1722 1711 
8293 1711 1722 1723 1712 
8294 1712 1723 1724 1713 
8295 1713 1724 1725 1714 
8296 1714 1725 1726 1715 
8297 1715 1726 1727 1716 
8298 160 161 1860 1717 
8299 1717 1860 1861 1718 
8300 1718 1861 1862 1719 
8301 1719 1862 1863 1720 
8302 1720 1863 1864 1721 
8303 1721 1864 1865 1722 
8304 1722 1865 1866 1723 
8305 1723 1866 1867 1724 
8306 1724 1867 1868 1725 
8307 1725 1868 1869 1726 
8308 1726 1869 1870 1727 
8309 161 162 1871 1860 
8310 1860 1871 1872 1861 
8311 1861 1872 1873 1862 
8312 1862 1873 1874 1863 
8313 1863 1874 1875 1864 
8314 1864 1875 1876 1865 
8315 1865 1876 1877 1866 
8316 1866 1877 1878 1867 
8317 1867 1878 1879 1868 
8318 1868 1879 1880 1869 
8319 1869 1880 1881 1870 
8320 162 163 1882 1871 
8321 1871 1882 1883 1872 
8322 1872 1883 1884 1873 
8323 1873 1884 1885 1874 
8324 1874 1885 1886 1875 
8325 1875 1886 1887 1876 
8326 1876 1887 1888 1877 
8327 1877 1888 1889 1878 
8328 1878 1889 1890 1879 
8329 1879 1890 1891 1880 
8330 1880 1891 1892 1881 
8331 163 164 1816 1882 
8332 1882 1816 1817 1883 
8333 1883 1817 1818 1884 
8334 1884 1818 1819 1885 
8335 1885 1819 1820 1886 
8336 1886 1820 1821 1887 
8337 1887 1821 1822 1888 
8338 1888 1822 1823 1889 
8339 1889 1823 1824 1890 
8340 1890 1824 1825 1891 
8341 1891 1825 1826 1892 
8342 164 165 1827 1816 
8343 1816 1827 1828 1817 
8344 1817 1828 1829 1818 
8345 1818 1829 1830 1819 
8346 1819 1830 1831 1820 
8347 1820 1831 1832 1821 
8348 1821 1832 1833 1822 
8349 1822 1833 1834 1823 
8350 1823 1834 1835 1824 
8351 1824 1835 1836 1825 
8352 1825 1836 1837 1826 
8353 165 166 1838 1827 
8354 1827 1838 1839 1828 
8355 1828 1839 1840 1829 
8356 1829 1840 1841 1830 
8357 1830 1841 1842 1831 
8358 1831 1842 1843 1832 
8359 1832 1843 1844 1833 
8360 1833 1844 1845 1834 
8361 1834 1845 1846 1835 
8362 1835 1846 1847 1836 
8363 1836 1847 1848 1837 
8364 166 167 2795 1838 
8365 1838 2795 2796 1839 
8366 1839 2796 2797 1840 
8367 1840 2797 2798 1841 
8368 1841 2798 2799 1842 
8369 1842 2799 2800 1843 
8370 1843 2800 2801 1844 
8371 1844 2801 2802 1845 
8372 1845 2802 2803 1846 
8373 1846 2803 2804 1847 
8374 1847 2804 2805 1848 
8375 167 168 2806 2795 
8376 2795 2806 2807 2796 
8377 2796 2807 2808 2797 
8378 2797 2808 2809 2798 
8379 2798 2809 2810 2799 
8380 2799 2810 2811 2800 
8381 2800 2811 2812 2801 
8382 2801 2812 2813 2802 
8383 2802 2813 2814 2803 
8384 2803 2814 2815 2804 
8385 2804 2815 2816 2805 
8386 168 169 2817 2806 
8387 2806 2817 2818 2807 
8388 2807 2818 2819 2808 
8389 2808 2819 2820 2809 
8390 2809 2820 2821 2810 
8391 2810 2821 2822 2811 
8392 2811 2822 2823 2812 
8393 2812 2823 2824 2813 
8394 2813 2824 2825 2814 
8395 2814 2825 2826 2815 
8396 2815 2826 2827 2816 
8397 169 170 3169 2817 
8398 2817 3169 3170 2818 
8399 2818 3170 3171 2819 
8400 2819 3171 3172 2820 
8401 2820 3172 3173 2821 
8402 2821 3173 3174 2822 
8403 2822 3174 3175 2823 
8404 2823 3175 3176 2824 
8405 2824 3176 3177 2825 
8406 2825 3177 3178 2826 
8407 2826 3178 3179 2827 
8408 170 171 3180 3169 
8409 3169 3180 3181 3170 
8410 3170 3181 3182 3171 
8411 3171 3182 3183 3172 
8412 3172 3183 3184 3173 
8413 3173 3184 3185 3174 
8414 3174 3185 3186 3175 
8415 3175 3186 3187 3176 
8416 3176 3187 3188 3177 
8417 3177 3188 3189 3178 
8418 3178 3189 3190 3179 
8419 171 172 3191 3180 
8420 3180 3191 3192 3181 
8421 3181 3192 3193 3182 
8422 3182 3193 3194 3183 
8423 3183 3194 3195 3184 
8424 3184 3195 3196 3185 
8425 3185 3196 3197 3186 
8426 3186 3197 3198 3187 
8427 3187 3198 3199 3188 
8428 3188 3199 3200 3189 
8429 3189 3200 3201 3190 
8430 172 173 3257 3191 
8431 3191 3257 3258 3192 
8432 3192 3258 3259 3193 
8433 3193 3259 3260 3194 
8434 3194 3260 3261 3195 
8435 3195 3261 3262 3196 
8436 3196 3262 3263 3197 
8437 3197 3263 3264 3198 
8438 3198 3264 3265 3199 
8439 3199 3265 3266 3200 
8440 3200 3266 3267 3201 
8441 173 174 3268 3257 
8442 3257 3268 3269 3258 
8443 3258 3269 3270 3259 
8444 3259 3270 3271 3260 
8445 3260 3271 3272 3261 
8446 3261 3272 3273 3262 
8447 3262 3273 3274 3263 
8448 3263 3274 3275 3264 
8449 3264 3275 3276 3265 
8450 3265 3276 3277 3266 
8451 3266 3277 3278 3267 
8452 174 175 3279 3268 
8453 3268 3279 3280 3269 
8454 3269 3280 3281 3270 
8455 3270 3281 3282 3271 
8456 3271 3282 3283 3272 
8457 3272 3283 3284 3273 
8458 3273 3284 3285 3274 
8459 3274 3285 3286 3275 
8460 3275 3286 3287 3276 
8461 3276 3287 3288 3277 
8462 3277 3288 3289 3278 
8463 175 176 2322 3279 
8464 3279 2322 2323 3280 
8465 3280 2323 2324 3281 
8466 3281 2324 2325 3282 
8467 3282 2325 2326 3283 
8468 3283 2326 2327 3284 
8469 3284 2327 2328 3285 
8470 3285 2328 2329 3286 
8471 3286 2329 2330 3287 
8472 3287 2330 2331 3288 
8473 3288 2331 2332 3289 
8474 176 177 2333 2322 
8475 2322 2333 2334 2323 
8476 2323 2334 2335 2324 
8477 2324 2335 2336 2325 
8478 2325 2336 2337 2326 
8479 2326 2337 2338 2327 
8480 2327 2338 2339 2328 
8481 2328 2339 2340 2329 
8482 2329 2340 2341 2330 
8483 2330 2341 2342 2331 
8484 2331 2342 2343 2332 
8485 177 178 2344 2333 
8486 2333 2344 2345 2334 
8487 2334 2345 2346 2335 
8488 2335 2346 2347 2336 
8489 2336 2347 2348 2337 
8490 2337 2348 2349 2338 
8491 2338 2349 2350 2339 
8492 2339 2350 2351 2340 
8493 2340 2351 2352 2341 
8494 2341 2352 2353 2342 
8495 2342 2353 2354 2343 
8496 178 179 1926 2344 
8497 2344 1926 1927 2345 
8498 2345 1927 1928 2346 
8499 2346 1928 1929 2347 
8500 2347 1929 1930 2348 
8501 2348 1930 1931 2349 
8502 2349 1931 1932 2350 
8503 2350 1932 1933 2351 
8504 2351 1933 1934 2352 
8505 2352 1934 1935 2353 
8506 2353 1935 1936 2354 
8507 179 180 1937 1926 
8508 1926 1937 1938 1927 
8509 1927 1938 1939 1928 
8510 1928 1939 1940 1929 
8511 1929 1940 1941 1930 
8512 1930 1941 1942 1931 
8513 1931 1942 1943 1932 
8514 1932 1943 1944 1933 
8515 1933 1944 1945 1934 
8516 1934 1945 1946 1935 
8517 1935 1946 1947 1936 
8518 180 181 1948 1937 
8519 1937 1948 1949 1938 
8520 1938 1949 1950 1939 
8521 1939 1950 1951 1940 
8522 1940 1951 1952 1941 
8523 1941 1952 1953 1942 
8524 1942 1953 1954 1943 
8525 1943 1954 1955 1944 
8526 1944 1955 1956 1945 
8527 1945 1956 1957 1946 
8528 1946 1957 1958 1947 
8529 181 182 2762 1948 
8530 1948 2762 2763 1949 
8531 1949 2763 2764 1950 
8532 1950 2764 2765 1951 
8533 1951 2765 2766 1952 
8534 1952 2766 2767 1953 
8535 1953 2767 2768 1954 
8536 1954 2768 2769 1955 
8537 1955 2769 2770 1956 
8538 1956 2770 2771 1957 
8539 1957 2771 2772 1958 
8540 182 183 2773 2762 
8541 2762 2773 2774 2763 
8542 2763 2774 2775 2764 
8543 2764 2775 2776 2765 
8544 2765 2776 2777 2766 
8545 2766 2777 2778 2767 
8546 2767 2778 2779 2768 
8547 2768 2779 2780 2769 
8548 2769 2780 2781 2770 
8549 2770 2781 2782 2771 
8550 2771 2782 2783 2772 
8551 183 184 2784 2773 
8552 2773 2784 2785 2774 
8553 2774 2785 2786 2775 
8554 2775 2786 2787 2776 
8555 2776 2787 2788 2777 
8556 2777 2788 2789 2778 
8557 2778 2789 2790 2779 
8558 2779 2790 2791 2780 
8559 2780 2791 2792 2781 
8560 2781 2792 2793 2782 
8561 2782 2793 2794 2783 
8562 184 185 2729 2784 
8563 2784 2729 2730 2785 
8564 2785 2730 2731 2786 
8565 2786 2731 2732 2787 
8566 2787 2732 2733 2788 
8567 2788 2733 2734 2789 
8568 2789 2734 2735 2790 
8569 2790 2735 2736 2791 
8570 2791 2736 2737 2792 
8571 2792 2737 2738 2793 
8572 2793 2738 2739 2794 
8573 185 186 2740 2729 
8574 2729 2740 2741 2730 
8575 2730 2741 2742 2731 
8576 2731 2742 2743 2732 
8577 2732 2743 2744 2733 
8578 2733 2744 2745 2734 
8579 2734 2745 2746 2735 
8580 2735 2746 2747 2736 
8581 2736 2747 2748 2737 
8582 2737 2748 2749 2738 
8583 2738 2749 2750 2739 
8584 186 187 2751 2740 
8585 2740 2751 2752 2741 
8586 2741 2752 2753 2742 
8587 2742 2753 2754 2743 
8588 2743 2754 2755 2744 
8589 2744 2755 2756 2745 
8590 2745 2756 2757 2746 
8591 2746 2757 2758 2747 
8592 2747 2758 2759 2748 
8593 2748 2759 2760 2749 
8594 2749 2760 2761 2750 
8595 187 188 2476 2751 
8596 2751 2476 2477 2752 
8597 2752 2477 2478 2753 
8598 2753 2478 2479 2754 
8599 2754 2479 2480 2755 
8600 2755 2480 2481 2756 
8601 2756 2481 2482 2757 
8602 2757 2482 2483 2758 
8603 2758 2483 2484 2759 
8604 2759 2484 2485 2760 
8605 2760 2485 2486 2761 
8606 188 189 2487 2476 
8607 2476 2487 2488 2477 
8608 2477 2488 2489 2478 
8609 2478 2489 2490 2479 
8610 2479 2490 2491 2480 
8611 2480 2491 2492 2481 
8612 2481 2492 2493 2482 
8613 2482 2493 2494 2483 
8614 2483 2494 2495 2484 
8615 2484 2495 2496 2485 
8616 2485 2496 2497 2486 
8617 189 190 2498 2487 
8618 2487 2498 2499 2488 
8619 2488 2499 2500 2489 
8620 2489 2500 2501 2490 
8621 2490 2501 2502 2491 
8622 2491 2502 2503 2492 
8623 2492 2503 2504 2493 
8624 2493 2504 2505 2494 
8625 2494 2505 2506 2495 
8626 2495 2506 2507 2496 
8627 2496 2507 2508 2497 
8628 190 191 2586 2498 
8629 2498 2586 2587 2499 
8630 2499 2587 2588 2500 
8631 2500 2588 2589 2501 
8632 2501 2589 2590 2502 
8633 2502 2590 2591 2503 
8634 2503 2591 2592 2504 
8635 2504 2592 2593 2505 
8636 2505 2593 2594 2506 
8637 2506 2594 2595 2507 
8638 2507 2595 2596 2508 
8639 191 192 2597 2586 
8640 2586 2597 2598 2587 
8641 2587 2598 2599 2588 
8642 2588 2599 2600 2589 
8643 2589 2600 2601 2590 
8644 2590 2601 2602 2591 
8645 2591 2602 2603 2592 
8646 2592 2603 2604 2593 
8647 2593 2604 2605 2594 
8648 2594 2605 2606 2595 
8649 2595 2606 2607 2596 
8650 202 203 3334 2641 
8651 2641 3334 3335 2642 
8652 2642 3335 3336 2643 
8653 2643 3336 3337 2644 
8654 2644 3337 3338 2645 
8655 2645 3338 3339 2646 
8656 2646 3339 3340 2647 
8657 2647 3340 3341 2648 
8658 2648 3341 3342 2649 
8659 2649 3342 3343 2650 
8660 2650 3343 3344 2651 
8661 203 204 3345 3334 
8662 3334 3345 3346 3335 
8663 3335 3346 3347 3336 
8664 3336 3347 3348 3337 
8665 3337 3348 3349 3338 
8666 3338 3349 3350 3339 
8667 3339 3350 3351 3340 
8668 3340 3351 3352 3341 
8669 3341 3352 3353 3342 
8670 3342 3353 3354 3343 
8671 3343 3354 3355 3344 
8672 204 205 3356 3345 
8673 3345 3356 3357 3346 
8674 3346 3357 3358 3347 
8675 3347 3358 3359 3348 
8676 3348 3359 3360 3349 
8677 3349 3360 3361 3350 
8678 3350 3361 3362 3351 
8679 3351 3362 3363 3352 
8680 3352 3363 3364 3353 
8681 3353 3364 3365 3354 
8682 3354 3365 3366 3355 
8683 205 206 2388 3356 
8684 3356 2388 2389 3357 
8685 3357 2389 2390 3358 
8686 3358 2390 2391 3359 
8687 3359 2391 2392 3360 
8688 3360 2392 2393 3361 
8689 3361 2393 2394 3362 
8690 3362 2394 2395 3363 
8691 3363 2395 2396 3364 
8692 3364 2396 2397 3365 
8693 3365 2397 2398 3366 
8694 206 207 2399 2388 
8695 2388 2399 2400 2389 
8696 2389 2400 2401 2390 
8697 2390 2401 2402 2391 
8698 2391 2402 2403 2392 
8699 2392 2403 2404 2393 
8700 2393 2404 2405 2394 
8701 2394 2405 2406 2395 
8702 2395 2406 2407 2396 
8703 2396 2407 2408 2397 
8704 2397 2408 2409 2398 
8705 207 208 2410 2399 
8706 2399 2410 2411 2400 
8707 2400 2411 2412 2401 
8708 2401 2412 2413 2402 
8709 2402 2413 2414 2403 
8710 2403 2414 2415 2404 
8711 2404 2415 2416 2405 
8712 2405 2416 2417 2406 
8713 2406 2417 2418 2407 
8714 2407 2418 2419 2408 
8715 2408 2419 2420 2409 
8716 208 209 540 2410 
8717 2410 540 541 2411 
8718 2411 541 542 2412 
8719 2412 542 543 2413 
8720 2413 543 544 2414 
8721 2414 544 545 2415 
8722 2415 545 546 2416 
8723 2416 546 547 2417 
8724 2417 547 548 2418 
8725 2418 548 549 2419 
8726 2419 549 550 2420 
8727 209 210 551 540 
8728 540 551 552 541 
8729 541 552 553 542 
8730 542 553 554 543 
8731 543 554 555 544 
8732 544 555 556 545 
8733 545 556 557 546 
8734 546 557 558 547 
8735 547 558 559 548 
8736 548 559 560 549 
8737 549 560 561 550 
8738 210 211 562 551 
8739 551 562 563 552 
8740 552 563 564 553 
8741 553 564 565 554 
8742 554 565 566 555 
8743 555 566 567 556 
8744 556 567 568 557 
8745 557 568 569 558 
8746 558 569 570 559 
8747 559 570 571 560 
8748 560 571 572 561 
8749 211 212 3081 562 
8750 562 3081 3082 563 
8751 563 3082 3083 564 
8752 564 3083 3084 565 
8753 565 3084 3085 566 
8754 566 3085 3086 567 
8755 567 3086 3087 568 
8756 568 3087 3088 569 
8757 569 3088 3089 570 
8758 570 3089 3090 571 
8759 571 3090 3091 572 
8760 212 213 3092 3081 
8761 3081 3092 3093 3082 
8762 3082 3093 3094 3083 
8763 3083 3094 3095 3084 
8764 3084 3095 3096 3085 
8765 3085 3096 3097 3086 
8766 3086 3097 3098 3087 
8767 3087 3098 3099 3088 
8768 3088 3099 3100 3089 
8769 3089 3100 3101 3090 
8770 3090 3101 3102 3091 
8771 213 214 3103 3092 
8772 3092 3103 3104 3093 
8773 3093 3104 3105 3094 
8774 3094 3105 3106 3095 
8775 3095 3106 3107 3096 
8776 3096 3107 3108 3097 
8777 3097 3108 3109 3098 
8778 3098 3109 3110 3099 
8779 3099 3110 3111 3100 
8780 3100 3111 3112 3101 
8781 3101 3112 3113 3102 
8782 214 215 3521 3103 
8783 3103 3521 3522 3104 
8784 3104 3522 3523 3105 
8785 3105 3523 3524 3106 
8786 3106 3524 3525 3107 
8787 3107 3525 3526 3108 
8788 3108 3526 3527 3109 
8789 3109 3527 3528 3110 
8790 3110 3528 3529 3111 
8791 3111 3529 3530 3112 
8792 3112 3530 3531 3113 
8793 215 216 3532 3521 
8794 3521 3532 3533 3522 
8795 3522 3533 3534 3523 
8796 3523 3534 3535 3524 
8797 3524 3535 3536 3525 
8798 3525 3536 3537 3526 
8799 3526 3537 3538 3527 
8800 3527 3538 3539 3528 
8801 3528 3539 3540 3529 
8802 3529 3540 3541 3530 
8803 3530 3541 3542 3531 
8804 216 217 3543 3532 
8805 3532 3543 3544 3533 
8806 3533 3544 3545 3534 
8807 3534 3545 3546 3535 
8808 3535 3546 3547 3536 
8809 3536 3547 3548 3537 
8810 3537 3548 3549 3538 
8811 3538 3549 3550 3539 
8812 3539 3550 3551 3540 
8813 3540 3551 3552 3541 
8814 3541 3552 3553 3542 
8815 217 218 1310 3543 
8816 3543 1310 1311 3544 
8817 3544 1311 1312 3545 
8818 3545 1312 1313 3546 
8819 3546 1313 1314 3547 
8820 3547 1314 1315 3548 
8821 3548 1315 1316 3549 
8822 3549 1316 1317 3550 
8823 3550 1317 1318 3551 
8824 3551 1318 1319 3552 
8825 3552 1319 1320 3553 
8826 218 219 1321 1310 
8827 1310 1321 1322 1311 
8828 1311 1322 1323 1312 
8829 1312 1323 1324 1313 
8830 1313 1324 1325 1314 
8831 1314 1325 1326 1315 
8832 1315 1326 1327 1316 
8833 1316 1327 1328 1317 
8834 1317 1328 1329 1318 
8835 1318 1329 1330 1319 
8836 1319 1330 1331 1320 
8837 219 220 1332 1321 
8838 1321 1332 1333 1322 
8839 1322 1333 1334 1323 
8840 1323 1334 1335 1324 
8841 1324 1335 1336 1325 
8842 1325 1336 1337 1326 
8843 1326 1337 1338 1327 
8844 1327 1338 1339 1328 
8845 1328 1339 1340 1329 
8846 1329 1340 1341 1330 
8847 1330 1341 1342 1331 
8848 220 221 1123 1332 
8849 1332 1123 1124 1333 
8850 1333 1124 1125 1334 
8851 1334 1125 1126 1335 
8852 1335 1126 1127 1336 
8853 1336 1127 1128 1337 
8854 1337 1128 1129 1338 
8855 1338 1129 1130 1339 
8856 1339 1130 1131 1340 
8857 1340 1131 1132 1341 
8858 1341 1132 1133 1342 
8859 221 222 1134 1123 
8860 1123 1134 1135 1124 
8861 1124 1135 1136 1125 
8862 1125 1136 1137 1126 
8863 1126 1137 1138 1127 
8864 1127 1138 1139 1128 
8865 1128 1139 1140 1129 
8866 1129 1140 1141 1130 
8867 1130 1141 1142 1131 
8868 1131 1142 1143 1132 
8869 1132 1143 1144 1133 
8870 222 223 1145 1134 
8871 1134 1145 1146 1135 
8872 1135 1146 1147 1136 
8873 1136 1147 1148 1137 
8874 1137 1148 1149 1138 
8875 1138 1149 1150 1139 
8876 1139 1150 1151 1140 
8877 1140 1151 1152 1141 
8878 1141 1152 1153 1142 
8879 1142 1153 1154 1143 
8880 1143 1154 1155 1144 
8881 223 224 1398 1145 
8882 1145 1398 1399 1146 
8883 1146 1399 1400 1147 
8884 1147 1400 1401 1148 
8885 1148 1401 1402 1149 
8886 1149 1402 1403 1150 
8887 1150 1403 1404 1151 
8888 1151 1404 1405 1152 
8889 1152 1405 1406 1153 
8890 1153 1406 1407 1154 
8891 1154 1407 1408 1155 
8892 224 225 1409 1398 
8893 1398 1409 1410 1399 
8894 1399 1410 1411 1400 
8895 1400 1411 1412 1401 
8896 1401 1412 1413 1402 
8897 1402 1413 1414 1403 
8898 1403 1414 1415 1404 
8899 1404 1415 1416 1405 
8900 1405 1416 1417 1406 
8901 1406 1417 1418 1407 
8902 1407 1418 1419 1408 
8903 225 226 1420 1409 
8904 1409 1420 1421 1410 
8905 1410 1421 1422 1411 
8906 1411 1422 1423 1412 
8907 1412 1423 1424 1413 
8908 1413 1424 1425 1414 
8909 1414 1425 1426 1415 
8910 1415 1426 1427 1416 
8911 1416 1427 1428 1417 
8912 1417 1428 1429 1418 
8913 1418 1429 1430 1419 
8914 226 227 2223 1420 
8915 1420 2223 2224 1421 
8916 1421 2224 2225 1422 
8917 1422 2225 2226 1423 
8918 1423 2226 2227 1424 
8919 1424 2227 2228 1425 
8920 1425 2228 2229 1426 
8921 1426 2229 2230 1427 
8922 1427 2230 2231 1428 
8923 1428 2231 2232 1429 
8924 1429 2232 2233 1430 
8925 227 228 2234 2223 
8926 2223 2234 2235 2224 
8927 2224 2235 2236 2225 
8928 2225 2236 2237 2226 
8929 2226 2237 2238 2227 
8930 2227 2238 2239 2228 
8931 2228 2239 2240 2229 
8932 2229 2240 2241 2230 
8933 2230 2241 2242 2231 
8934 2231 2242 2243 2232 
8935 2232 2243 2244 2233 
8936 228 229 2245 2234 
8937 2234 2245 2246 2235 
8938 2235 2246 2247 2236 
8939 2236 2247 2248 2237 
8940 2237 2248 2249 2238 
8941 2238 2249 2250 2239 
8942 2239 2250 2251 2240 
8943 2240 2251 2252 2241 
8944 2241 2252 2253 2242 
8945 2242 2253 2254 2243 
8946 2243 2254 2255 2244 
8947 229 230 1618 2245 
8948 2245 1618 1619 2246 
8949 2246 1619 1620 2247 
8950 2247 1620 1621 2248 
8951 2248 1621 1622 2249 
8952 2249 1622 1623 2250 
8953 2250 1623 1624 2251 
8954 2251 1624 1625 2252 
8955 2252 1625 1626 2253 
8956 2253 1626 1627 2254 
8957 2254 1627 1628 2255 
8958 230 231 1629 1618 
8959 1618 1629 1630 1619 
8960 1619 1630 1631 1620 
8961 1620 1631 1632 1621 
8962 1621 1632 1633 1622 
8963 1622 1633 1634 1623 
8964 1623 1634 1635 1624 
8965 1624 1635 1636 1625 
8966 1625 1636 1637 1626 
8967 1626 1637 1638 1627 
8968 1627 1638 1639 1628 
8969 231 232 1640 1629 
8970 1629 1640 1641 1630 
8971 1630 1641 1642 1631 
8972 1631 1642 1643 1632 
8973 1632 1643 1644 1633 
8974 1633 1644 1645 1634 
8975 1634 1645 1646 1635 
8976 1635 1646 1647 1636 
8977 1636 1647 1648 1637 
8978 1637 1648 1649 1638 
8979 1638 1649 1650 1639 
8980 232 233 1585 1640 
8981 1640 1585 1586 1641 
8982 1641 1586 1587 1642 
8983 1642 1587 1588 1643 
8984 1643 1588 1589 1644 
8985 1644 1589 1590 1645 
8986 1645 1590 1591 1646 
8987 1646 1591 1592 1647 
8988 1647 1592 1593 1648 
8989 1648 1593 1594 1649 
8990 1649 1594 1595 1650 
8991 233 234 1596 1585 
8992 1585 1596 1597 1586 
8993 1586 1597 1598 1587 
8994 1587 1598 1599 1588 
8995 1588 1599 1600 1589 
8996 1589 1600 1601 1590 
8997 1590 1601 1602 1591 
8998 1591 1602 1603 1592 
8999 1592 1603 1604 1593 
9000 1593 1604 1605 1594 
9001 1594 1605 1606 1595 
9002 234 235 1607 1596 
9003 1596 1607 1608 1597 
9004 1597 1608 1609 1598 
9005 1598 1609 1610 1599 
9006 1599 1610 1611 1600 
9007 1600 1611 1612 1601 
9008 1601 1612 1613 1602 
9009 1602 1613 1614 1603 
9010 1603 1614 1615 1604 
9011 1604 1615 1616 1605 
9012 1605 1616 1617 1606 
9013 235 236 2421 1607 
9014 1607 2421 2422 1608 
9015 1608 2422 2423 1609 
9016 1609 2423 2424 1610 
9017 1610 2424 2425 1611 
9018 1611 2425 2426 1612 
9019 1612 2426 2427 1613 
9020 1613 2427 2428 1614 
9021 1614 2428 2429 1615 
9022 1615 2429 2430 1616 
9023 1616 2430 2431 1617 
9024 236 237 2432 2421 
9025 2421 2432 2433 2422 
9026 2422 2433 2434 2423 
9027 2423 2434 2435 2424 
9028 2424 2435 2436 2425 
9029 2425 2436 2437 2426 
9030 2426 2437 2438 2427 
9031 2427 2438 2439 2428 
9032 2428 2439 2440 2429 
9033 2429 2440 2441 2430 
9034 2430 2441 2442 2431 
9035 237 238 2443 2432 
9036 2432 2443 2444 2433 
9037 2433 2444 2445 2434 
9038 2434 2445 2446 2435 
9039 2435 2446 2447 2436 
9040 2436 2447 2448 2437 
9041 2437 2448 2449 2438 
9042 2438 2449 2450 2439 
9043 2439 2450 2451 2440 
9044 2440 2451 2452 2441 
9045 2441 2452 2453 2442 
9046 238 239 1046 2443 
9047 2443 1046 1047 2444 
9048 2444 1047 1048 2445 
9049 2445 1048 1049 2446 
9050 2446 1049 1050 2447 
9051 2447 1050 1051 2448 
9052 2448 1051 1052 2449 
9053 2449 1052 1053 2450 
9054 2450 1053 1054 2451 
9055 2451 1054 1055 2452 
9056 2452 1055 1056 2453 
9057 239 240 1057 1046 
9058 1046 1057 1058 1047 
9059 1047 1058 1059 1048 
9060 1048 1059 1060 1049 
9061 1049 1060 1061 1050 
9062 1050 1061 1062 1051 
9063 1051 1062 1063 1052 
9064 1052 1063 1064 1053 
9065 1053 1064 1065 1054 
9066 1054 1065 1066 1055 
9067 1055 1066 1067 1056 
9068 240 241 1068 1057 
9069 1057 1068 1069 1058 
9070 1058 1069 1070 1059 
9071 1059 1070 1071 1060 
9072 1060 1071 1072 1061 
9073 1061 1072 1073 1062 
9074 1062 1073 1074 1063 
9075 1063 1074 1075 1064 
9076 1064 1075 1076 1065 
9077 1065 1076 1077 1066 
9078 1066 1077 1078 1067 
9079 241 242 980 1068 
9080 1068 980 981 1069 
9081 1069 981 982 1070 
9082 1070 982 983 1071 
9083 1071 983 984 1072 
9084 1072 984 985 1073 
9085 1073 985 986 1074 
9086 1074 986 987 1075 
9087 1075 987 988 1076 
9088 1076 988 989 1077 
9089 1077 989 990 1078 
9090 242 243 991 980 
9091 980 991 992 981 
9092 981 992 993 982 
9093 982 993 994 983 
9094 983 994 995 984 
9095 984 995 996 985 
9096 985 996 997 986 
9097 986 997 998 987 
9098 987 998 999 988 
9099 988 999 1000 989 
9100 989 1000 1001 990 
9101 243 244 1002 991 
9102 991 1002 1003 992 
9103 992 1003 1004 993 
9104 993 1004 1005 994 
9105 994 1005 1006 995 
9106 995 1006 1007 996 
9107 996 1007 1008 997 
9108 997 1008 1009 998 
9109 998 1009 1010 999 
9110 999 1010 1011 1000 
9111 1000 1011 1012 1001 
9112 244 245 2256 1002 
9113 1002 2256 2257 1003 
9114 1003 2257 2258 1004 
9115 1004 2258 2259 1005 
9116 1005 2259 2260 1006 
9117 1006 2260 2261 1007 
9118 1007 2261 2262 1008 
9119 1008 2262 2263 1009 
9120 1009 2263 2264 1010 
9121 1010 2264 2265 1011 
9122 1011 2265 2266 1012 
9123 245 246 2267 2256 
9124 2256 2267 2268 2257 
9125 2257 2268 2269 2258 
9126 2258 2269 2270 2259 
9127 2259 2270 2271 2260 
9128 2260 2271 2272 2261 
9129 2261 2272 2273 2262 
9130 2262 2273 2274 2263 
9131 2263 2274 2275 2264 
9132 2264 2275 2276 2265 
9133 2265 2276 2277 2266 
9134 246 247 2278 2267 
9135 2267 2278 2279 2268 
9136 2268 2279 2280 2269 
9137 2269 2280 2281 2270 
9138 2270 2281 2282 2271 
9139 2271 2282 2283 2272 
9140 2272 2283 2284 2273 
9141 2273 2284 2285 2274 
9142 2274 2285 2286 2275 
9143 2275 2286 2287 2276 
9144 2276 2287 2288 2277 
9145 247 248 397 2278 
9146 2278 397 398 2279 
9147 2279 398 399 2280 
9148 2280 399 400 2281 
9149 2281 400 401 2282 
9150 2282 401 402 2283 
9151 2283 402 403 2284 
9152 2284 403 404 2285 
9153 2285 404 405 2286 
9154 2286 405 406 2287 
9155 2287 406 407 2288 
9156 248 249 408 397 
9157 397 408 409 398 
9158 398 409 410 399 
9159 399 410 411 400 
9160 400 411 412 401 
9161 401 412 413 402 
9162 402 413 414 403 
9163 403 414 415 404 
9164 404 415 416 405 
9165 405 416 417 406 
9166 406 417 418 407 
9167 249 250 419 408 
9168 408 419 420 409 
9169 409 420 421 410 
9170 410 421 422 411 
9171 411 422 423 412 
9172 412 423 424 413 
9173 413 424 425 414 
9174 414 425 426 415 
9175 415 426 427 416 
9176 416 427 428 417 
9177 417 428 429 418 
9178 250 251 2355 419 
9179 419 2355 2356 420 
9180 420 2356 2357 421 
9181 421 2357 2358 422 
9182 422 2358 2359 423 
9183 423 2359 2360 424 
9184 424 2360 2361 425 
9185 425 2361 2362 426 
9186 426 2362 2363 427 
9187 427 2363 2364 428 
9188 428 2364 2365 429 
9189 251 252 2366 2355 
9190 2355 2366 2367 2356 
9191 2356 2367 2368 2357 
9192 2357 2368 2369 2358 
9193 2358 2369 2370 2359 
9194 2359 2370 2371 2360 
9195 2360 2371 2372 2361 
9196 2361 2372 2373 2362 
9197 2362 2373 2374 2363 
9198 2363 2374 2375 2364 
9199 2364 2375 2376 2365 
9200 252 253 2377 2366 
9201 2366 2377 2378 2367 
9202 2367 2378 2379 2368 
9203 2368 2379 2380 2369 
9204 2369 2380 2381 2370 
9205 2370 2381 2382 2371 
9206 2371 2382 2383 2372 
9207 2372 2383 2384 2373 
9208 2373 2384 2385 2374 
9209 2374 2385 2386 2375 
9210 2375 2386 2387 2376 
9211 253 254 1728 2377 
9212 2377 1728 1729 2378 
9213 2378 1729 1730 2379 
9214 2379 1730 1731 2380 
9215 2380 1731 1732 2381 
9216 2381 1732 1733 2382 
9217 2382 1733 1734 2383 
9218 2383 1734 1735 2384 
9219 2384 1735 1736 2385 
9220 2385 1736 1737 2386 
9221 2386 1737 1738 2387 
9222 254 255 1739 1728 
9223 1728 1739 1740 1729 
9224 1729 1740 1741 1730 
9225 1730 1741 1742 1731 
9226 1731 1742 1743 1732 
9227 1732 1743 1744 1733 
9228 1733 1744 1745 1734 
9229 1734 1745 1746 1735 
9230 1735 1746 1747 1736 
9231 1736 1747 1748 1737 
9232 1737 1748 1749 1738 
9233 255 256 1750 1739 
9234 1739 1750 1751 1740 
9235 1740 1751 1752 1741 
9236 1741 1752 1753 1742 
9237 1742 1753 1754 1743 
9238 1743 1754 1755 1744 
9239 1744 1755 1756 1745 
9240 1745 1756 1757 1746 
9241 1746 1757 1758 1747 
9242 1747 1758 1759 1748 
9243 1748 1759 1760 1749 
9244 256 257 2861 1750 
9245 1750 2861 2862 1751 
9246 1751 2862 2863 1752 
9247 1752 2863 2864 1753 
9248 1753 2864 2865 1754 
9249 1754 2865 2866 1755 
9250 1755 2866 2867 1756 
9251 1756 2867 2868 1757 
9252 1757 2868 2869 1758 
9253 1758 2869 2870 1759 
9254 1759 2870 2871 1760 
9255 257 258 2872 2861 
9256 2861 2872 2873 2862 
9257 2862 2873 2874 2863 
9258 2863 2874 2875 2864 
9259 2864 2875 2876 2865 
9260 2865 2876 2877 2866 
9261 2866 2877 2878 2867 
9262 2867 2878 2879 2868 
9263 2868 2879 2880 2869 
9264 2869 2880 2881 2870 
9265 2870 2881 2882 2871 
9266 258 259 2883 2872 
9267 2872 2883 2884 2873 
9268 2873 2884 2885 2874 
9269 2874 2885 2886 2875 
9270 2875 2886 2887 2876 
9271 2876 2887 2888 2877 
9272 2877 2888 2889 2878 
9273 2878 2889 2890 2879 
9274 2879 2890 2891 2880 
9275 2880 2891 2892 2881 
9276 2881 2892 2893 2882 
9277 259 260 3202 2883 
9278 2883 3202 3203 2884 
9279 2884 3203 3204 2885 
9280 2885 3204 3205 2886 
9281 2886 3205 3206 2887 
9282 2887 3206 3207 2888 
9283 2888 3207 3208 2889 
9284 2889 3208 3209 2890 
9285 2890 3209 3210 2891 
9286 2891 3210 3211 2892 
9287 2892 3211 3212 2893 
9288 260 261 3213 3202 
9289 3202 3213 3214 3203 
9290 3203 3214 3215 3204 
9291 3204 3215 3216 3205 
9292 3205 3216 3217 3206 
9293 3206 3217 3218 3207 
9294 3207 3218 3219 3208 
9295 3208 3219 3220 3209 
9296 3209 3220 3221 3210 
9297 3210 3221 3222 3211 
9298 3211 3222 3223 3212 
9299 263 264 1772 1761 
9300 1761 1772 1773 1762 
9301 1762 1773 1774 1763 
9302 1763 1774 1775 1764 
9303 1764 1775 1776 1765 
9304 1765 1776 1777 1766 
9305 1766 1777 1778 1767 
9306 1767 1778 1779 1768 
9307 1768 1779 1780 1769 
9308 1769 1780 1781 1770 
9309 1770 1781 1782 1771 
9310 264 265 1783 1772 
9311 1772 1783 1784 1773 
9312 1773 1784 1785 1774 
9313 1774 1785 1786 1775 
9314 1775 1786 1787 1776 
9315 1776 1787 1788 1777 
9316 1777 1788 1789 1778 
9317 1778 1789 1790 1779 
9318 1779 1790 1791 1780 
9319 1780 1791 1792 1781 
9320 1781 1792 1793 1782 
9321 265 266 936 1783 
9322 1783 936 937 1784 
9323 1784 937 938 1785 
9324 1785 938 939 1786 
9325 1786 939 940 1787 
9326 1787 940 941 1788 
9327 1788 941 942 1789 
9328 1789 942 943 1790 
9329 1790 943 944 1791 
9330 1791 944 945 1792 
9331 1792 945 946 1793 
9332 266 267 947 936 
9333 936 947 948 937 
9334 937 948 949 938 
9335 938 949 950 939 
9336 939 950 951 940 
9337 940 951 952 941 
9338 941 952 953 942 
9339 942 953 954 943 
9340 943 954 955 944 
9341 944 955 956 945 
9342 945 956 957 946 
9343 267 268 958 947 
9344 947 958 959 948 
9345 948 959 960 949 
9346 949 960 961 950 
9347 950 961 962 951 
9348 951 962 963 952 
9349 952 963 964 953 
9350 953 964 965 954 
9351 954 965 966 955 
9352 955 966 967 956 
9353 956 967 968 957 
9354 268 269 694 958 
9355 958 694 695 959 
9356 959 695 696 960 
9357 960 696 697 961 
9358 961 697 698 962 
9359 962 698 699 963 
9360 963 699 700 964 
9361 964 700 701 965 
9362 965 701 702 966 
9363 966 702 703 967 
9364 967 703 704 968 
9365 269 270 705 694 
9366 694 705 706 695 
9367 695 706 707 696 
9368 696 707 708 697 
9369 697 708 709 698 
9370 698 709 710 699 
9371 699 710 711 700 
9372 700 711 712 701 
9373 701 712 713 702 
9374 702 713 714 703 
9375 703 714 715 704 
9376 270 271 716 705 
9377 705 716 717 706 
9378 706 717 718 707 
9379 707 718 719 708 
9380 708 719 720 709 
9381 709 720 721 710 
9382 710 721 722 711 
9383 711 722 723 712 
9384 712 723 724 713 
9385 713 724 725 714 
9386 714 725 726 715 
9387 271 272 1530 716 
9388 716 1530 1531 717 
9389 717 1531 1532 718 
9390 718 1532 1533 719 
9391 719 1533 1534 720 
9392 720 1534 1535 721 
9393 721 1535 1536 722 
9394 722 1536 1537 723 
9395 723 1537 1538 724 
9396 724 1538 1539 725 
9397 725 1539 1540 726 
9398 272 273 1541 1530 
9399 1530 1541 1542 1531 
9400 1531 1542 1543 1532 
9401 1532 1543 1544 1533 
9402 1533 1544 1545 1534 
9403 1534 1545 1546 1535 
9404 1535 1546 1547 1536 
9405 1536 1547 1548 1537 
9406 1537 1548 1549 1538 
9407 1538 1549 1550 1539 
9408 1539 1550 1551 1540 
9409 273 274 1552 1541 
9410 1541 1552 1553 1542 
9411 1542 1553 1554 1543 
9412 1543 1554 1555 1544 
9413 1544 1555 1556 1545 
9414 1545 1556 1557 1546 
9415 1546 1557 1558 1547 
9416 1547 1558 1559 1548 
9417 1548 1559 1560 1549 
9418 1549 1560 1561 1550 
9419 1550 1561 1562 1551 
9420 274 275 2828 1552 
9421 1552 2828 2829 1553 
9422 1553 2829 2830 1554 
9423 1554 2830 2831 1555 
9424 1555 2831 2832 1556 
9425 1556 2832 2833 1557 
9426 1557 2833 2834 1558 
9427 1558 2834 2835 1559 
9428 1559 2835 2836 1560 
9429 1560 2836 2837 1561 
9430 1561 2837 2838 1562 
9431 275 276 2839 2828 
9432 2828 2839 2840 2829 
9433 2829 2840 2841 2830 
9434 2830 2841 2842 2831 
9435 2831 2842 2843 2832 
9436 2832 2843 2844 2833 
9437 2833 2844 2845 2834 
9438 2834 2845 2846 2835 
9439 2835 2846 2847 2836 
9440 2836 2847 2848 2837 
9441 2837 2848 2849 2838 
9442 276 277 2850 2839 
9443 2839 2850 2851 2840 
9444 2840 2851 2852 2841 
9445 2841 2852 2853 2842 
9446 2842 2853 2854 2843 
9447 2843 2854 2855 2844 
9448 2844 2855 2856 2845 
9449 2845 2856 2857 2846 
9450 2846 2857 2858 2847 
9451 2847 2858 2859 2848 
9452 2848 2859 2860 2849 
9453 277 278 1266 2850 
9454 2850 1266 1267 2851 
9455 2851 1267 1268 2852 
9456 2852 1268 1269 2853 
9457 2853 1269 1270 2854 
9458 2854 1270 1271 2855 
9459 2855 1271 1272 2856 
9460 2856 1272 1273 2857 
9461 2857 1273 1274 2858 
9462 2858 1274 1275 2859 
9463 2859 1275 1276 2860 
9464 278 279 1277 1266 
9465 1266 1277 1278 1267 
9466 1267 1278 1279 1268 
9467 1268 1279 1280 1269 
9468 1269 1280 1281 1270 
9469 1270 1281 1282 1271 
9470 1271 1282 1283 1272 
9471 1272 1283 1284 1273 
9472 1273 1284 1285 1274 
9473 1274 1285 1286 1275 
9474 1275 1286 1287 1276 
9475 279 280 1288 1277 
9476 1277 1288 1289 1278 
9477 1278 1289 1290 1279 
9478 1279 1290 1291 1280 
9479 1280 1291 1292 1281 
9480 1281 1292 1293 1282 
9481 1282 1293 1294 1283 
9482 1283 1294 1295 1284 
9483 1284 1295 1296 1285 
9484 1285 1296 1297 1286 
9485 1286 1297 1298 1287 
9486 280 281 2289 1288 
9487 1288 2289 2290 1289 
9488 1289 2290 2291 1290 
9489 1290 2291 2292 1291 
9490 1291 2292 2293 1292 
9491 1292 2293 2294 1293 
9492 1293 2294 2295 1294 
9493 1294 2295 2296 1295 
9494 1295 2296 2297 1296 
9495 1296 2297 2298 1297 
9496 1297 2298 2299 1298 
9497 281 282 2300 2289 
9498 2289 2300 2301 2290 
9499 2290 2301 2302 2291 
9500 2291 2302 2303 2292 
9501 2292 2303 2304 2293 
9502 2293 2304 2305 2294 
9503 2294 2305 2306 2295 
9504 2295 2306 2307 2296 
9505 2296 2307 2308 2297 
9506 2297 2308 2309 2298 
9507 2298 2309 2310 2299 
9508 282 283 2311 2300 
9509 2300 2311 2312 2301 
9510 2301 2312 2313 2302 
9511 2302 2313 2314 2303 
9512 2303 2314 2315 2304 
9513 2304 2315 2316 2305 
9514 2305 2316 2317 2306 
9515 2306 2317 2318 2307 
9516 2307 2318 2319 2308 
9517 2308 2319 2320 2309 
9518 2309 2320 2321 2310 
9519 283 284 3048 2311 
9520 2311 3048 3049 2312 
9521 2312 3049 3050 2313 
9522 2313 3050 3051 2314 
9523 2314 3051 3052 2315 
9524 2315 3052 3053 2316 
9525 2316 3053 3054 2317 
9526 2317 3054 3055 2318 
9527 2318 3055 3056 2319 
9528 2319 3056 3057 2320 
9529 2320 3057 3058 2321 
9530 284 285 3059 3048 
9531 3048 3059 3060 3049 
9532 3049 3060 3061 3050 
9533 3050 3061 3062 3051 
9534 3051 3062 3063 3052 
9535 3052 3063 3064 3053 
9536 3053 3064 3065 3054 
9537 3054 3065 3066 3055 
9538 3055 3066 3067 3056 
9539 3056 3067 3068 3057 
9540 3057 3068 3069 3058 
9541 285 286 3070 3059 
9542 3059 3070 3071 3060 
9543 3060 3071 3072 3061 
9544 3061 3072 3073 3062 
9545 3062 3073 3074 3063 
9546 3063 3074 3075 3064 
9547 3064 3075 3076 3065 
9548 3065 3076 3077 3066 
9549 3066 3077 3078 3067 
9550 3067 3078 3079 3068 
9551 3068 3079 3080 3069 
9552 286 287 2685 3070 
9553 3070 2685 2686 3071 
9554 3071 2686 2687 3072 
9555 3072 2687 2688 3073 
9556 3073 2688 2689 3074 
9557 3074 2689 2690 3075 
9558 3075 2690 2691 3076 
9559 3076 2691 2692 3077 
9560 3077 2692 2693 3078 
9561 3078 2693 2694 3079 
9562 3079 2694 2695 3080 
9563 287 288 2696 2685 
9564 2685 2696 2697 2686 
9565 2686 2697 2698 2687 
9566 2687 2698 2699 2688 
9567 2688 2699 2700 2689 
9568 2689 2700 2701 2690 
9569 2690 2701 2702 2691 
9570 2691 2702 2703 2692 
9571 2692 2703 2704 2693 
9572 2693 2704 2705 2694 
9573 2694 2705 2706 2695 
9574 288 289 2707 2696 
9575 2696 2707 2708 2697 
9576 2697 2708 2709 2698 
9577 2698 2709 2710 2699 
9578 2699 2710 2711 2700 
9579 2700 2711 2712 2701 
9580 2701 2712 2713 2702 
9581 2702 2713 2714 2703 
9582 2703 2714 2715 2704 
9583 2704 2715 2716 2705 
9584 2705 2716 2717 2706 
9585 289 290 3389 2707 
9586 2707 3389 3390 2708 
9587 2708 3390 3391 2709 
9588 2709 3391 3392 2710 
9589 2710 3392 3393 2711 
9590 2711 3393 3394 2712 
9591 2712 3394 3395 2713 
9592 2713 3395 3396 2714 
9593 2714 3396 3397 2715 
9594 2715 3397 3398 2716 
9595 2716 3398 3399 2717 
9596 10 11 3653 3136 
9597 3136 3653 3654 3137 
9598 3137 3654 3655 3138 
9599 3138 3655 3656 3139 
9600 3139 3656 3657 3140 
9601 3140 3657 3658 3141 
9602 3141 3658 3659 3142 
9603 3142 3659 3660 3143 
9604 3143 3660 3661 3144 
9605 3144 3661 3662 3145 
9606 3145 3662 3663 3146 
9607 21 22 727 793 
9608 793 727 728 794 
9609 794 728 729 795 
9610 795 729 730 796 
9611 796 730 731 797 
9612 797 731 732 798 
9613 798 732 733 799 
9614 799 733 734 800 
9615 800 734 735 801 
9616 801 735 736 802 
9617 802 736 737 803 
9618 11 12 1387 3653 
9619 3653 1387 1388 3654 
9620 3654 1388 1389 3655 
9621 3655 1389 1390 3656 
9622 3656 1390 1391 3657 
9623 3657 1391 1392 3658 
9624 3658 1392 1393 3659 
9625 3659 1393 1394 3660 
9626 3660 1394 1395 3661 
9627 3661 1395 1396 3662 
9628 3662 1396 1397 3663 
9629 15 16 1442 1013 
9630 1013 1442 1443 1014 
9631 1014 1443 1444 1015 
9632 1015 1444 1445 1016 
9633 1016 1445 1446 1017 
9634 1017 1446 1447 1018 
9635 1018 1447 1448 1019 
9636 1019 1448 1449 1020 
9637 1020 1449 1450 1021 
9638 1021 1450 1451 1022 
9639 1022 1451 1452 1023 
9640 12 13 441 1387 
9641 1387 441 442 1388 
9642 1388 442 443 1389 
9643 1389 443 444 1390 
9644 1390 444 445 1391 
9645 1391 445 446 1392 
9646 1392 446 447 1393 
9647 1393 447 448 1394 
9648 1394 448 449 1395 
9649 1395 449 450 1396 
9650 1396 450 451 1397 
9651 8 9 2982 430 
9652 430 2982 2983 431 
9653 431 2983 2984 432 
9654 432 2984 2985 433 
9655 433 2985 2986 434 
9656 434 2986 2987 435 
9657 435 2987 2988 436 
9658 436 2988 2989 437 
9659 437 2989 2990 438 
9660 438 2990 2991 439 
9661 439 2991 2992 440 
9662 16 17 3840 1442 
9663 1442 3840 3841 1443 
9664 1443 3841 3842 1444 
9665 1444 3842 3843 1445 
9666 1445 3843 3844 1446 
9667 1446 3844 3845 1447 
9668 1447 3845 3846 1448 
9669 1448 3846 3847 1449 
9670 1449 3847 3848 1450 
9671 1450 3848 3849 1451 
9672 1451 3849 3850 1452 
9673 14 15 1013 3015 
9674 3015 1013 1014 3016 
9675 3016 1014 1015 3017 
9676 3017 1015 1016 3018 
9677 3018 1016 1017 3019 
9678 3019 1017 1018 3020 
9679 3020 1018 1019 3021 
9680 3021 1019 1020 3022 
9681 3022 1020 1021 3023 
9682 3023 1021 1022 3024 
9683 3024 1022 1023 3025 
9684 19 20 1156 3554 
9685 3554 1156 1157 3555 
9686 3555 1157 1158 3556 
9687 3556 1158 1159 3557 
9688 3557 1159 1160 3558 
9689 3558 1160 1161 3559 
9690 3559 1161 1162 3560 
9691 3560 1162 1163 3561 
9692 3561 1163 1164 3562 
9693 3562 1164 1165 3563 
9694 3563 1165 1166 3564 
9695 20 21 793 1156 
9696 1156 793 794 1157 
9697 1157 794 795 1158 
9698 1158 795 796 1159 
9699 1159 796 797 1160 
9700 1160 797 798 1161 
9701 1161 798 799 1162 
9702 1162 799 800 1163 
9703 1163 800 801 1164 
9704 1164 801 802 1165 
9705 1165 802 803 1166 
9706 1 7 1431 1959 
9707 1959 1431 1432 1960 
9708 1960 1432 1433 1961 
9709 1961 1433 1434 1962 
9710 1962 1434 1435 1963 
9711 1963 1435 1436 1964 
9712 1964 1436 1437 1965 
9713 1965 1437 1438 1966 
9714 1966 1438 1439 1967 
9715 1967 1439 1440 1968 
9716 1968 1440 1441 1969 
9717 13 14 3015 441 
9718 441 3015 3016 442 
9719 442 3016 3017 443 
9720 443 3017 3018 444 
9721 444 3018 3019 445 
9722 445 3019 3020 446 
9723 446 3020 3021 447 
9724 447 3021 3022 448 
9725 448 3022 3023 449 
9726 449 3023 3024 450 
9727 450 3024 3025 451 
9728 7 8 430 1431 
9729 1431 430 431 1432 
9730 1432 431 432 1433 
9731 1433 432 433 1434 
9732 1434 433 434 1435 
9733 1435 434 435 1436 
9734 1436 435 436 1437 
9735 1437 436 437 1438 
9736 1438 437 438 1439 
9737 1439 438 439 1440 
9738 1440 439 440 1441 
9739 17 18 1299 3840 
9740 3840 1299 1300 3841 
9741 3841 1300 1301 3842 
9742 3842 1301 1302 3843 
9743 3843 1302 1303 3844 
9744 3844 1303 1304 3845 
9745 3845 1304 1305 3846 
9746 3846 1305 1306 3847 
9747 3847 1306 1307 3848 
9748 3848 1307 1308 3849 
9749 3849 1308 1309 3850 
9750 18 19 3554 1299 
9751 1299 3554 3555 1300 
9752 1300 3555 3556 1301 
9753 1301 3556 3557 1302 
9754 1302 3557 3558 1303 
9755 1303 3558 3559 1304 
9756 1304 3559 3560 1305 
9757 1305 3560 3561 1306 
9758 1306 3561 3562 1307 
9759 1307 3562 3563 1308 
9760 1308 3563 3564 1309 
9761 30 31 573 903 
9762 903 573 574 904 
9763 904 574 575 905 
9764 905 575 576 906 
9765 906 576 577 907 
9766 907 577 578 908 
9767 908 578 579 909 
9768 909 579 580 910 
9769 910 580 581 911 
9770 911 581 582 912 
9771 912 582 583 913 
9772 22 23 826 727 
9773 727 826 827 728 
9774 728 827 828 729 
9775 729 828 829 730 
9776 730 829 830 731 
9777 731 830 831 732 
9778 732 831 832 733 
9779 733 832 833 734 
9780 734 833 834 735 
9781 735 834 835 736 
9782 736 835 836 737 
9783 23 24 914 826 
9784 826 914 915 827 
9785 827 915 916 828 
9786 828 916 917 829 
9787 829 917 918 830 
9788 830 918 919 831 
9789 831 919 920 832 
9790 832 920 921 833 
9791 833 921 922 834 
9792 834 922 923 835 
9793 835 923 924 836 
9794 24 25 496 914 
9795 914 496 497 915 
9796 915 497 498 916 
9797 916 498 499 917 
9798 917 499 500 918 
9799 918 500 501 919 
9800 919 501 502 920 
9801 920 502 503 921 
9802 921 503 504 922 
9803 922 504 505 923 
9804 923 505 506 924 
9805 25 26 606 496 
9806 496 606 607 497 
9807 497 607 608 498 
9808 498 608 609 499 
9809 499 609 610 500 
9810 500 610 611 501 
9811 501 611 612 502 
9812 502 612 613 503 
9813 503 613 614 504 
9814 504 614 615 505 
9815 505 615 616 506 
9816 26 27 617 606 
9817 606 617 618 607 
9818 607 618 619 608 
9819 608 619 620 609 
9820 609 620 621 610 
9821 610 621 622 611 
9822 611 622 623 612 
9823 612 623 624 613 
9824 613 624 625 614 
9825 614 625 626 615 
9826 615 626 627 616 
9827 27 28 672 617 
9828 617 672 673 618 
9829 618 673 674 619 
9830 619 674 675 620 
9831 620 675 676 621 
9832 621 676 677 622 
9833 622 677 678 623 
9834 623 678 679 624 
9835 624 679 680 625 
9836 625 680 681 626 
9837 626 681 682 627 
9838 28 29 628 672 
9839 672 628 629 673 
9840 673 629 630 674 
9841 674 630 631 675 
9842 675 631 632 676 
9843 676 632 633 677 
9844 677 633 634 678 
9845 678 634 635 679 
9846 679 635 636 680 
9847 680 636 637 681 
9848 681 637 638 682 
9849 9 10 3136 2982 
9850 2982 3136 3137 2983 
9851 2983 3137 3138 2984 
9852 2984 3138 3139 2985 
9853 2985 3139 3140 2986 
9854 2986 3140 3141 2987 
9855 2987 3141 3142 2988 
9856 2988 3142 3143 2989 
9857 2989 3143 3144 2990 
9858 2990 3144 3145 2991 
9859 2991 3145 3146 2992 
9860 29 30 903 628 
9861 628 903 904 629 
9862 629 904 905 630 
9863 630 905 906 631 
9864 631 906 907 632 
9865 632 907 908 633 
9866 633 908 909 634 
9867 634 909 910 635 
9868 635 910 911 636 
9869 636 911 912 637 
9870 637 912 913 638 
9871 53 54 1024 1662 
9872 1662 1024 1025 1663 
9873 1663 1025 1026 1664 
9874 1664 1026 1027 1665 
9875 1665 1027 1028 1666 
9876 1666 1028 1029 1667 
9877 1667 1029 1030 1668 
9878 1668 1030 1031 1669 
9879 1669 1031 1032 1670 
9880 1670 1032 1033 1671 
9881 1671 1033 1034 1672 
9882 54 55 1035 1024 
9883 1024 1035 1036 1025 
9884 1025 1036 1037 1026 
9885 1026 1037 1038 1027 
9886 1027 1038 1039 1028 
9887 1028 1039 1040 1029 
9888 1029 1040 1041 1030 
9889 1030 1041 1042 1031 
9890 1031 1042 1043 1032 
9891 1032 1043 1044 1033 
9892 1033 1044 1045 1034 
9893 31 32 881 573 
9894 573 881 882 574 
9895 574 882 883 575 
9896 575 883 884 576 
9897 576 884 885 577 
9898 577 885 886 578 
9899 578 886 887 579 
9900 579 887 888 580 
9901 580 888 889 581 
9902 581 889 890 582 
9903 582 890 891 583 
9904 32 33 2718 881 
9905 881 2718 2719 882 
9906 882 2719 2720 883 
9907 883 2720 2721 884 
9908 884 2721 2722 885 
9909 885 2722 2723 886 
9910 886 2723 2724 887 
9911 887 2724 2725 888 
9912 888 2725 2726 889 
9913 889 2726 2727 890 
9914 890 2727 2728 891 
9915 33 34 507 2718 
9916 2718 507 508 2719 
9917 2719 508 509 2720 
9918 2720 509 510 2721 
9919 2721 510 511 2722 
9920 2722 511 512 2723 
9921 2723 512 513 2724 
9922 2724 513 514 2725 
9923 2725 514 515 2726 
9924 2726 515 516 2727 
9925 2727 516 517 2728 
9926 34 35 485 507 
9927 507 485 486 508 
9928 508 486 487 509 
9929 509 487 488 510 
9930 510 488 489 511 
9931 511 489 490 512 
9932 512 490 491 513 
9933 513 491 492 514 
9934 514 492 493 515 
9935 515 493 494 516 
9936 516 494 495 517 
9937 35 36 518 485 
9938 485 518 519 486 
9939 486 519 520 487 
9940 487 520 521 488 
9941 488 521 522 489 
9942 489 522 523 490 
9943 490 523 524 491 
9944 491 524 525 492 
9945 492 525 526 493 
9946 493 526 527 494 
9947 494 527 528 495 
9948 36 37 529 518 
9949 518 529 530 519 
9950 519 530 531 520 
9951 520 531 532 521 
9952 521 532 533 522 
9953 522 533 534 523 
9954 523 534 535 524 
9955 524 535 536 525 
9956 525 536 537 526 
9957 526 537 538 527 
9958 527 538 539 528 
9959 37 38 925 529 
9960 529 925 926 530 
9961 530 926 927 531 
9962 531 927 928 532 
9963 532 928 929 533 
9964 533 929 930 534 
9965 534 930 931 535 
9966 535 931 932 536 
9967 536 932 933 537 
9968 537 933 934 538 
9969 538 934 935 539 
9970 38 39 452 925 
9971 925 452 453 926 
9972 926 453 454 927 
9973 927 454 455 928 
9974 928 455 456 929 
9975 929 456 457 930 
9976 930 457 458 931 
9977 931 458 459 932 
9978 932 459 460 933 
9979 933 460 461 934 
9980 934 461 462 935 
9981 39 40 683 452 
9982 452 683 684 453 
9983 453 684 685 454 
9984 454 685 686 455 
9985 455 686 687 456 
9986 456 687 688 457 
9987 457 688 689 458 
9988 458 689 690 459 
9989 459 690 691 460 
9990 460 691 692 461 
9991 461 692 693 462 
9992 40 41 892 683 
9993 683 892 893 684 
9994 684 893 894 685 
9995 685 894 895 686 
9996 686 895 896 687 
9997 687 896 897 688 
9998 688 897 898 689 
9999 689 898 899 690 
10000 690 899 900 691 
10001 691 900 901 692 
10002 692 901 902 693 
10003 41 42 848 892 
10004 892 848 849 893 
10005 893 849 850 894 
10006 894 850 851 895 
10007 895 851 852 896 
10008 896 852 853 897 
10009 897 853 854 898 
10010 898 854 855 899 
10011 899 855 856 900 
10012 900 856 857 901 
10013 901 857 858 902 
10014 42 43 969 848 
10015 848 969 970 849 
10016 849 970 971 850 
10017 850 971 972 851 
10018 851 972 973 852 
10019 852 973 974 853 
10020 853 974 975 854 
10021 854 975 976 855 
10022 855 976 977 856 
10023 856 977 978 857 
10024 857 978 979 858 
10025 43 44 837 969 
10026 969 837 838 970 
10027 970 838 839 971 
10028 971 839 840 972 
10029 972 840 841 973 
10030 973 841 842 974 
10031 974 842 843 975 
10032 975 843 844 976 
10033 976 844 845 977 
10034 977 845 846 978 
10035 978 846 847 979 
10036 44 45 870 837 
10037 837 870 871 838 
10038 838 871 872 839 
10039 839 872 873 840 
10040 840 873 874 841 
10041 841 874 875 842 
10042 842 875 876 843 
10043 843 876 877 844 
10044 844 877 878 845 
10045 845 878 879 846 
10046 846 879 880 847 
10047 45 46 859 870 
10048 870 859 860 871 
10049 871 860 861 872 
10050 872 861 862 873 
10051 873 862 863 874 
10052 874 863 864 875 
10053 875 864 865 876 
10054 876 865 866 877 
10055 877 866 867 878 
10056 878 867 868 879 
10057 879 868 869 880 
10058 46 47 639 859 
10059 859 639 640 860 
10060 860 640 641 861 
10061 861 641 642 862 
10062 862 642 643 863 
10063 863 643 644 864 
10064 864 644 645 865 
10065 865 645 646 866 
10066 866 646 647 867 
10067 867 647 648 868 
10068 868 648 649 869 
10069 47 48 738 639 
10070 639 738 739 640 
10071 640 739 740 641 
10072 641 740 741 642 
10073 642 741 742 643 
10074 643 742 743 644 
10075 644 743 744 645 
10076 645 744 745 646 
10077 646 745 746 647 
10078 647 746 747 648 
10079 648 747 748 649 
10080 48 49 782 738 
10081 738 782 783 739 
10082 739 783 784 740 
10083 740 784 785 741 
10084 741 785 786 742 
10085 742 786 787 743 
10086 743 787 788 744 
10087 744 788 789 745 
10088 745 789 790 746 
10089 746 790 791 747 
10090 747 791 792 748 
10091 49 50 3587 782 
10092 782 3587 3588 783 
10093 783 3588 3589 784 
10094 784 3589 3590 785 
10095 785 3590 3591 786 
10096 786 3591 3592 787 
10097 787 3592 3593 788 
10098 788 3593 3594 789 
10099 789 3594 3595 790 
10100 790 3595 3596 791 
10101 791 3596 3597 792 
10102 50 51 3598 3587 
10103 3587 3598 3599 3588 
10104 3588 3599 3600 3589 
10105 3589 3600 3601 3590 
10106 3590 3601 3602 3591 
10107 3591 3602 3603 3592 
10108 3592 3603 3604 3593 
10109 3593 3604 3605 3594 
10110 3594 3605 3606 3595 
10111 3595 3606 3607 3596 
10112 3596 3607 3608 3597 
10113 51 52 1651 3598 
10114 3598 1651 1652 3599 
10115 3599 1652 1653 3600 
10116 3600 1653 1654 3601 
10117 3601 1654 1655 3602 
10118 3602 1655 1656 3603 
10119 3603 1656 1657 3604 
10120 3604 1657 1658 3605 
10121 3605 1658 1659 3606 
10122 3606 1659 1660 3607 
10123 3607 1660 1661 3608 
10124 52 53 1662 1651 
10125 1651 1662 1663 1652 
10126 1652 1663 1664 1653 
10127 1653 1664 1665 1654 
10128 1654 1665 1666 1655 
10129 1655 1666 1667 1656 
10130 1656 1667 1668 1657 
10131 1657 1668 1669 1658 
10132 1658 1669 1670 1659 
10133 1659 1670 1671 1660 
10134 1660 1671 1672 1661 
10135 100 101 1178 1167 
10136 1167 1178 1179 1168 
10137 1168 1179 1180 1169 
10138 1169 1180 1181 1170 
10139 1170 1181 1182 1171 
10140 1171 1182 1183 1172 
10141 1172 1183 1184 1173 
10142 1173 1184 1185 1174 
10143 1174 1185 1186 1175 
10144 1175 1186 1187 1176 
10145 1176 1187 1188 1177 
10146 101 102 650 1178 
10147 1178 650 651 1179 
10148 1179 651 652 1180 
10149 1180 652 653 1181 
10150 1181 653 654 1182 
10151 1182 654 655 1183 
10152 1183 655 656 1184 
10153 1184 656 657 1185 
10154 1185 657 658 1186 
10155 1186 658 659 1187 
10156 1187 659 660 1188 
10157 102 103 661 650 
10158 650 661 662 651 
10159 651 662 663 652 
10160 652 663 664 653 
10161 653 664 665 654 
10162 654 665 666 655 
10163 655 666 667 656 
10164 656 667 668 657 
10165 657 668 669 658 
10166 658 669 670 659 
10167 659 670 671 660 
10168 103 104 1563 661 
10169 661 1563 1564 662 
10170 662 1564 1565 663 
10171 663 1565 1566 664 
10172 664 1566 1567 665 
10173 665 1567 1568 666 
10174 666 1568 1569 667 
10175 667 1569 1570 668 
10176 668 1570 1571 669 
10177 669 1571 1572 670 
10178 670 1572 1573 671 
10179 104 105 1574 1563 
10180 1563 1574 1575 1564 
10181 1564 1575 1576 1565 
10182 1565 1576 1577 1566 
10183 1566 1577 1578 1567 
10184 1567 1578 1579 1568 
10185 1568 1579 1580 1569 
10186 1569 1580 1581 1570 
10187 1570 1581 1582 1571 
10188 1571 1582 1583 1572 
10189 1572 1583 1584 1573 
10190 290 291 3400 3389 
10191 3389 3400 3401 3390 
10192 3390 3401 3402 3391 
10193 3391 3402 3403 3392 
10194 3392 3403 3404 3393 
10195 3393 3404 3405 3394 
10196 3394 3405 3406 3395 
10197 3395 3406 3407 3396 
10198 3396 3407 3408 3397 
10199 3397 3408 3409 3398 
10200 3398 3409 3410 3399 
10201 291 292 3411 3400 
10202 3400 3411 3412 3401 
10203 3401 3412 3413 3402 
10204 3402 3413 3414 3403 
10205 3403 3414 3415 3404 
10206 3404 3415 3416 3405 
10207 3405 3416 3417 3406 
10208 3406 3417 3418 3407 
10209 3407 3418 3419 3408 
10210 3408 3419 3420 3409 
10211 3409 3420 3421 3410 
10212 292 293 1893 3411 
10213 3411 1893 1894 3412 
10214 3412 1894 1895 3413 
10215 3413 1895 1896 3414 
10216 3414 1896 1897 3415 
10217 3415 1897 1898 3416 
10218 3416 1898 1899 3417 
10219 3417 1899 1900 3418 
10220 3418 1900 1901 3419 
10221 3419 1901 1902 3420 
10222 3420 1902 1903 3421 
10223 293 294 1904 1893 
10224 1893 1904 1905 1894 
10225 1894 1905 1906 1895 
10226 1895 1906 1907 1896 
10227 1896 1907 1908 1897 
10228 1897 1908 1909 1898 
10229 1898 1909 1910 1899 
10230 1899 1910 1911 1900 
10231 1900 1911 1912 1901 
10232 1901 1912 1913 1902 
10233 1902 1913 1914 1903 
10234 294 295 1915 1904 
10235 1904 1915 1916 1905 
10236 1905 1916 1917 1906 
10237 1906 1917 1918 1907 
10238 1907 1918 1919 1908 
10239 1908 1919 1920 1909 
10240 1909 1920 1921 1910 
10241 1910 1921 1922 1911 
10242 1911 1922 1923 1912 
10243 1912 1923 1924 1913 
10244 1913 1924 1925 1914 
10245 295 296 1233 1915 
10246 1915 1233 1234 1916 
10247 1916 1234 1235 1917 
10248 1917 1235 1236 1918 
10249 1918 1236 1237 1919 
10250 1919 1237 1238 1920 
10251 1920 1238 1239 1921 
10252 1921 1239 1240 1922 
10253 1922 1240 1241 1923 
10254 1923 1241 1242 1924 
10255 1924 1242 1243 1925 
10256 296 297 1244 1233 
10257 1233 1244 1245 1234 
10258 1234 1245 1246 1235 
10259 1235 1246 1247 1236 
10260 1236 1247 1248 1237 
10261 1237 1248 1249 1238 
10262 1238 1249 1250 1239 
10263 1239 1250 1251 1240 
10264 1240 1251 1252 1241 
10265 1241 1252 1253 1242 
10266 1242 1253 1254 1243 
10267 297 298 1255 1244 
10268 1244 1255 1256 1245 
10269 1245 1256 1257 1246 
10270 1246 1257 1258 1247 
10271 1247 1258 1259 1248 
10272 1248 1259 1260 1249 
10273 1249 1260 1261 1250 
10274 1250 1261 1262 1251 
10275 1251 1262 1263 1252 
10276 1252 1263 1264 1253 
10277 1253 1264 1265 1254 
10278 298 299 2190 1255 
10279 1255 2190 2191 1256 
10280 1256 2191 2192 1257 
10281 1257 2192 2193 1258 
10282 1258 2193 2194 1259 
10283 1259 2194 2195 1260 
10284 1260 2195 2196 1261 
10285 1261 2196 2197 1262 
10286 1262 2197 2198 1263 
10287 1263 2198 2199 1264 
10288 1264 2199 2200 1265 
10289 299 300 2201 2190 
10290 2190 2201 2202 2191 
10291 2191 2202 2203 2192 
10292 2192 2203 2204 2193 
10293 2193 2204 2205 2194 
10294 2194 2205 2206 2195 
10295 2195 2206 2207 2196 
10296 2196 2207 2208 2197 
10297 2197 2208 2209 2198 
10298 2198 2209 2210 2199 
10299 2199 2210 2211 2200 
10300 300 301 2212 2201 
10301 2201 2212 2213 2202 
10302 2202 2213 2214 2203 
10303 2203 2214 2215 2204 
10304 2204 2215 2216 2205 
10305 2205 2216 2217 2206 
10306 2206 2217 2218 2207 
10307 2207 2218 2219 2208 
10308 2208 2219 2220 2209 
10309 2209 2220 2221 2210 
10310 2210 2221 2222 2211 
10311 301 302 1453 2212 
10312 2212 1453 1454 2213 
10313 2213 1454 1455 2214 
10314 2214 1455 1456 2215 
10315 2215 1456 1457 2216 
10316 2216 1457 1458 2217 
10317 2217 1458 1459 2218 
10318 2218 1459 1460 2219 
10319 2219 1460 1461 2220 
10320 2220 1461 1462 2221 
10321 2221 1462 1463 2222 
10322 302 1 2179 1453 
10323 1453 2179 2180 1454 
10324 1454 2180 2181 1455 
10325 1455 2181 2182 1456 
10326 1456 2182 2183 1457 
10327 1457 2183 2184 1458 
10328 1458 2184 2185 1459 
10329 1459 2185 2186 1460 
10330 1460 2186 2187 1461 
10331 1461 2187 2188 1462 
10332 1462 2188 2189 1463 
10333 1959 1960 1971 1970 
10334 1960 1961 1972 1971 
10335 1961 1962 1973 1972 
10336 1962 1963 1974 1973 
10337 1963 1964 1975 1974 
10338 1964 1965 1976 1975 
10339 1965 1966 1977 1976 
10340 1966 1967 1978 1977 
10341 1967 1968 1979 1978 
10342 1968 1969 1980 1979 
10343 1970 1971 1982 1981 
10344 1971 1972 1983 1982 
10345 1972 1973 1984 1983 
10346 1973 1974 1985 1984 
10347 1974 1975 1986 1985 
10348 1975 1976 1987 1986 
10349 1976 1977 1988 1987 
10350 1977 1978 1989 1988 
10351 1978 1979 1990 1989 
10352 1979 1980 1991 1990 
10353 1981 1982 1993 1992 
10354 1982 1983 1994 1993 
10355 1983 1984 1995 1994 
10356 1984 1985 1996 1995 
10357 1985 1986 1997 1996 
10358 1986 1987 1998 1997 
10359 1987 1988 1999 1998 
10360 1988 1989 2000 1999 
10361 1989 1990 2001 2000 
10362 1990 1991 2002 2001 
10363 1992 1993 2004 2003 
10364 1993 1994 2005 2004 
10365 1994 1995 2006 2005 
10366 1995 1996 2007 2006 
10367 1996 1997 2008 2007 
10368 1997 1998 2009 2008 
10369 1998 1999 2010 2009 
10370 1999 2000 2011 2010 
10371 2000 2001 2012 2011 
10372 2001 2002 2013 2012 
10373 2003 2004 2015 2014 
10374 2004 2005 2016 2015 
10375 2005 2006 2017 2016 
10376 2006 2007 2018 2017 
10377 2007 2008 2019 2018 
10378 2008 2009 2020 2019 
10379 2009 2010 2021 2020 
10380 2010 2011 2022 2021 
10381 2011 2012 2023 2022 
10382 2012 2013 2024 2023 
10383 2014 2015 2026 2025 
10384 2015 2016 2027 2026 
10385 2016 2017 2028 2027 
10386 2017 2018 2029 2028 
10387 2018 2019 2030 2029 
10388 2019 2020 2031 2030 
10389 2020 2021 2032 2031 
10390 2021 2022 2033 2032 
10391 2022 2023 2034 2033 
10392 2023 2024 2035 2034 
10393 2025 2026 2037 2036 
10394 2026 2027 2038 2037 
10395 2027 2028 2039 2038 
10396 2028 2029 2040 2039 
10397 2029 2030 2041 2040 
10398 2030 2031 2042 2041 
10399 2031 2032 2043 2042 
10400 2032 2033 2044 2043 
10401 2033 2034 2045 2044 
10402 2034 2035 2046 2045 
10403 2036 2037 2048 2047 
10404 2037 2038 2049 2048 
10405 2038 2039 2050 2049 
10406 2039 2040 2051 2050 
10407 2040 2041 2052 2051 
10408 2041 2042 2053 2052 
10409 2042 2043 2054 2053 
10410 2043 2044 2055 2054 
10411 2044 2045 2056 2055 
10412 2045 2046 2057 2056 
10413 2047 2048 2059 2058 
10414 2048 2049 2060 2059 
10415 2049 2050 2061 2060 
10416 2050 2051 2062 2061 
10417 2051 2052 2063 2062 
10418 2052 2053 2064 2063 
10419 2053 2054 2065 2064 
10420 2054 2055 2066 2065 
10421 2055 2056 2067 2066 
10422 2056 2057 2068 2067 
10423 2058 2059 2070 2069 
10424 2059 2060 2071 2070 
10425 2060 2061 2072 2071 
10426 2061 2062 2073 2072 
10427 2062 2063 2074 2073 
10428 2063 2064 2075 2074 
10429 2064 2065 2076 2075 
10430 2065 2066 2077 2076 
10431 2066 2067 2078 2077 
10432 2067 2068 2079 2078 
10433 2069 2070 2081 2080 
10434 2070 2071 2082 2081 
10435 2071 2072 2083 2082 
10436 2072 2073 2084 2083 
10437 2073 2074 2085 2084 
10438 2074 2075 2086 2085 
10439 2075 2076 2087 2086 
10440 2076 2077 2088 2087 
10441 2077 2078 2089 2088 
10442 2078 2079 2090 2089 
10443 2080 2081 2092 2091 
10444 2081 2082 2093 2092 
10445 2082 2083 2094 2093 
10446 2083 2084 2095 2094 
10447 2084 2085 2096 2095 
10448 2085 2086 2097 2096 
10449 2086 2087 2098 2097 
10450 2087 2088 2099 2098 
10451 2088 2089 2100 2099 
10452 2089 2090 2101 2100 
10453 2091 2092 2103 2102 
10454 2092 2093 2104 2103 
10455 2093 2094 2105 2104 
10456 2094 2095 2106 2105 
10457 2095 2096 2107 2106 
10458 2096 2097 2108 2107 
10459 2097 2098 2109 2108 
10460 2098 2099 2110 2109 
10461 2099 2100 2111 2110 
10462 2100 2101 2112 2111 
10463 2102 2103 2114 2113 
10464 2103 2104 2115 2114 
10465 2104 2105 2116 2115 
10466 2105 2106 2117 2116 
10467 2106 2107 2118 2117 
10468 2107 2108 2119 2118 
10469 2108 2109 2120 2119 
10470 2109 2110 2121 2120 
10471 2110 2111 2122 2121 
10472 2111 2112 2123 2122 
10473 2113 2114 2125 2124 
10474 2114 2115 2126 2125 
10475 2115 2116 2127 2126 
10476 2116 2117 2128 2127 
10477 2117 2118 2129 2128 
10478 2118 2119 2130 2129 
10479 2119 2120 2131 2130 
10480 2120 2121 2132 2131 
10481 2121 2122 2133 2132 
10482 2122 2123 2134 2133 
10483 2124 2125 2136 2135 
10484 2125 2126 2137 2136 
10485 2126 2127 2138 2137 
10486 2127 2128 2139 2138 
10487 2128 2129 2140 2139 
10488 2129 2130 2141 2140 
10489 2130 2131 2142 2141 
10490 2131 2132 2143 2142 
10491 2132 2133 2144 2143 
10492 2133 2134 2145 2144 
10493 2135 2136 2147 2146 
10494 2136 2137 2148 2147 
10495 2137 2138 2149 2148 
10496 2138 2139 2150 2149 
10497 2139 2140 2151 2150 
10498 2140 2141 2152 2151 
10499 2141 2142 2153 2152 
10500 2142 2143 2154 2153 
10501 2143 2144 2155 2154 
10502 2144 2145 2156 2155 
10503 2146 2147 2158 2157 
10504 2147 2148 2159 2158 
10505 2148 2149 2160 2159 
10506 2149 2150 2161 2160 
10507 2150 2151 2162 2161 
10508 2151 2152 2163 2162 
10509 2152 2153 2164 2163 
10510 2153 2154 2165 2164 
10511 2154 2155 2166 2165 
10512 2155 2156 2167 2166 
10513 2157 2158 2169 2168 
10514 2158 2159 2170 2169 
10515 2159 2160 2171 2170 
10516 2160 2161 2172 2171 
10517 2161 2162 2173 2172 
10518 2162 2163 2174 2173 
10519 2163 2164 2175 2174 
10520 2164 2165 2176 2175 
10521 2165 2166 2177 2176 
10522 2166 2167 2178 2177 
10523 2168 2169 2180 2179 
10524 2169 2170 2181 2180 
10525 2170 2171 2182 2181 
10526 2171 2172 2183 2182 
10527 2172 2173 2184 2183 
10528 2173 2174 2185 2184 
10529 2174 2175 2186 2185 
10530 2175 2176 2187 2186 
10531 2176 2177 2188 2187 
10532 2177 2178 2189 2188 
$EndElements
