$MeshFormat
4.1 0 8
$EndMeshFormat
$PhysicalNames
3
1 7 "farfield"
1 8 "airfoil"
2 9 "fluid"
$EndPhysicalNames
$Entities
54 6 1 0
1 1 0 0 0 
2 0.95009 0.00512 0 0 
3 0.90019 0.01067 0 0 
4 0.85027 0.01663 0 0 
5 0.80032 0.02267 0 0 
6 0.75034 0.02861 0 0 
7 0.70033 0.0343 0 0 
8 0.65029 0.03958 0 0 
9 0.60022 0.04429 0 0 
10 0.5501200000000001 0.04834 0 0 
11 0.5 0.05159 0 0 
12 0.44986 0.05391 0 0 
13 0.39971 0.05518 0 0 
14 0.34956 0.0553 0 0 
15 0.2994 0.05414 0 0 
16 0.24925 0.05169 0 0 
17 0.19912 0.04792 0 0 
18 0.14901 0.04263 0 0 
19 0.09894 0.03539 0 0 
20 0.07394000000000001 0.03077 0 0 
21 0.04897 0.0251 0 0 
22 0.02408 0.01765 0 0 
23 0.0117 0.01255 0 0 
24 0.0068 0.009730000000000001 0 0 
25 0.00436 0.00796 0 0 
26 0 0 0 0 
27 0.00563 -0.00696 0 0 
28 0.008200000000000001 -0.008330000000000001 0 0 
29 0.0133 -0.01041 0 0 
30 0.02592 -0.01393 0 0 
31 0.05103 -0.01878 0 0 
32 0.07606 -0.02229 0 0 
33 0.10106 -0.02505 0 0 
34 0.15099 -0.02917 0 0 
35 0.20088 -0.032 0 0 
36 0.25075 -0.03379 0 0 
37 0.3006 -0.0347 0 0 
38 0.35044 -0.0347 0 0 
39 0.40029 -0.03376 0 0 
40 0.45014 -0.03201 0 0 
41 0.5 -0.02953 0 0 
42 0.54988 -0.02644 0 0 
43 0.59978 -0.02287 0 0 
44 0.64971 -0.01898 0 0 
45 0.69967 -0.01486 0 0 
46 0.74966 -0.01071 0 0 
47 0.7996799999999999 -0.00675 0 0 
48 0.84973 -0.00317 0 0 
49 0.89981 -0.00033 0 0 
50 0.94991 0.0012 0 0 
81 -25 -25 0 0 
82 25 -25 0 0 
83 25 25 0 0 
84 -25 25 0 0 
1 0 0 0 1 0.05433253772290809 0 1 8 2 1 -26 
2 0 -0.03474510288065844 0 1 0 0 1 8 2 26 -1 
3 -25 -25 0 25 -25 0 1 7 2 81 -82 
4 25 -25 0 25 25 0 1 7 2 82 -83 
5 -25 25 0 25 25 0 1 7 2 83 -84 
6 -25 -25 0 -25 25 0 1 7 2 84 -81 
1 -25 -25 0 25 25 0 1 9 6 1 2 -5 -4 -3 -6 
$EndEntities
$Nodes
13 6840 1 6840
0 1 0 1
1
1 0 0
0 26 0 1
2
0 0 0
0 81 0 1
3
-25 -25 0
0 82 0 1
4
25 -25 0
0 83 0 1
5
25 25 0
0 84 0 1
6
-25 25 0
1 1 0 148
7
8
9
10
11
12
13
14
15
16
17
18
19
20
21
22
23
24
25
26
27
28
29
30
31
32
33
34
35
36
37
38
39
40
41
42
43
44
45
46
47
48
49
50
51
52
53
54
55
56
57
58
59
60
61
62
63
64
65
66
67
68
69
70
71
72
73
74
75
76
77
78
79
80
81
82
83
84
85
86
87
88
89
90
91
92
93
94
95
96
97
98
99
100
101
102
103
104
105
106
107
108
109
110
111
112
113
114
115
116
117
118
119
120
121
122
123
124
125
126
127
128
129
130
131
132
133
134
135
136
137
138
139
140
141
142
143
144
145
146
147
148
149
150
151
152
153
154
0.9972437620151662 0.0002821267664728418 0
0.994430836946202 0.0005689267655325789 0
0.9915603455096378 0.0008606588257093282 0
0.988631403911956 0.001157608946459394 0
0.9856431368215377 0.001460091194861527 0
0.9825946643487565 0.001768451364237918 0
0.9794851145743489 0.002083068170449056 0
0.9763136208243253 0.002404356123487705 0
0.973079318721822 0.002732768554240254 0
0.9697813530375556 0.003068799784507807 0
0.9664188794969079 0.003412987939400182 0
0.962991059521807 0.003765918621020803 0
0.9594970680383159 0.004128227386070179 0
0.9559360947274537 0.004500603021575475 0
0.9523073414236261 0.004883791361986048 0
0.9486100098779641 0.005278415022577262 0
0.9448431266085716 0.005683404569514779 0
0.9410058197757593 0.006098584276992221 0
0.9370972697294203 0.006524156931114826 0
0.9331166672037777 0.006960325437135972 0
0.9290632222571608 0.007407291640880238 0
0.9249361545906837 0.00786525717381203 0
0.9207347057637184 0.00833442187385362 0
0.9164581318199627 0.008814984350773892 0
0.9121057092593433 0.009307141056567974 0
0.9076767364428999 0.009811085839467288 0
0.90317053196357 0.01032700982803598 0
0.898586458948946 0.01085527623938116 0
0.8939241108966991 0.01139799913260263 0
0.8891828860030544 0.01195539436274507 0
0.8843621260693045 0.01252694317772846 0
0.8794611842970632 0.01311204488260143 0
0.8744794324966507 0.01371001119514007 0
0.869416257993688 0.01432006169258764 0
0.8642710704752771 0.01494131794738838 0
0.8590432926705456 0.01557279949812223 0
0.8537323712964328 0.01621341727047262 0
0.8483378242076873 0.01686234962763268 0
0.8428597054635327 0.01752292171179435 0
0.8372977899145809 0.01819576429536113 0
0.8316517422402804 0.01888025346919824 0
0.8259212603916625 0.01957569417491768 0
0.8201060768500034 0.0202813170510074 0
0.8142059559316452 0.02099627575725931 0
0.8082207045251524 0.02171964267949076 0
0.8021501630114275 0.02245040705781461 0
0.7959943635930583 0.02318869946931569 0
0.7897536788669078 0.02393706029462801 0
0.7834281504910958 0.02469481529401585 0
0.7770178399696909 0.02546099475699762 0
0.7705228533381232 0.02623454891872999 0
0.7639433452906301 0.02701434528288436 0
0.7572795192947458 0.02779916652548863 0
0.7505316263865655 0.0285877086627484 0
0.743700285765267 0.02938126421047708 0
0.7367862123200422 0.03018143450426368 0
0.7297898331331989 0.03098677364189909 0
0.7227116246182756 0.03179573608255227 0
0.7155521192569957 0.03260667664526892 0
0.708311907581891 0.03341784899870689 0
0.7009916374376874 0.03422740468751567 0
0.6935923307221896 0.03503626031633225 0
0.6861152059370536 0.03584652462501145 0
0.6785611099548762 0.03665628834242528 0
0.6709309474249503 0.03746351040285299 0
0.6632256858190703 0.03826604543183534 0
0.6554463575165634 0.03906164390524678 0
0.6475940970958023 0.03984831723812846 0
0.6396705464079623 0.04062841969370082 0
0.6316771495796634 0.04140168315067947 0
0.6236152884805358 0.0421665075012344 0
0.6154864148991956 0.04292123719114617 0
0.6072920470029249 0.04366416334196868 0
0.5990337797932024 0.04439358879150572 0
0.5907135930613099 0.04511144395297609 0
0.5823333503510778 0.04581766966654695 0
0.5738947812577829 0.04650979366456176 0
0.5653996770372515 0.04718526966021403 0
0.5568498989168926 0.04784148022967731 0
0.5482473913118414 0.04847592811895472 0
0.539594542978828 0.04909125837707836 0
0.5308935813785536 0.04968736076269128 0
0.5221466294945306 0.05026166935154891 0
0.5133558699100886 0.05081157270315709 0
0.5045235600255367 0.05133441859280433 0
0.4956520697017127 0.05182845993937059 0
0.4867440943925897 0.05229696197156738 0
0.4778021071830752 0.05273847579758742 0
0.4688285782427056 0.05315052427239689 0
0.4598260398906395 0.05353061604625147 0
0.4507970790228798 0.05387625223786442 0
0.4417444380658013 0.05418784481107183 0
0.4326709357199774 0.054467446960269 0
0.4235792769188446 0.05471303054570831 0
0.4144722088481485 0.05492254545339769 0
0.4053525199210996 0.05509396374733853 0
0.3962230447960614 0.05522583654527376 0
0.3870866968902801 0.05532159170926299 0
0.3779463307229706 0.05538025105790241 0
0.3688048116292003 0.05539940200464319 0
0.3596650373848618 0.05537668316665156 0
0.3505299355136819 0.05530979300047414 0
0.3414024318595228 0.05519860874057805 0
0.3322854092675862 0.05504539263417213 0
0.3231817521457486 0.05485020512269154 0
0.3140943308283772 0.05461312866494245 0
0.3050259946710429 0.05433429334258995 0
0.2959795683075568 0.05401396915350162 0
0.2869578179077216 0.0536532222615644 0
0.2779635068214117 0.05325225946988187 0
0.2689993765553072 0.05281107073955398 0
0.2600681384535322 0.05232970112975659 0
0.251172463035603 0.05180825051864842 0
0.2423148564122175 0.051248847953506 0
0.2334977011866448 0.05065450093567019 0
0.2247236858971338 0.05002284699787649 0
0.2159954849975706 0.04935148885405559 0
0.2073157519548317 0.04863817576734345 0
0.1986871159341678 0.04788083381014047 0
0.1901112955381352 0.04708690397273564 0
0.181590269054559 0.04625969837264333 0
0.1731267859213692 0.04539392934522209 0
0.1647235877058512 0.04448460752481281 0
0.1563834146986681 0.04352705559033906 0
0.1481090218390449 0.04251677009130911 0
0.1399031176383959 0.04144258532928489 0
0.1317635010250962 0.04031709085339436 0
0.1236887059484125 0.03915607903643887 0
0.11567984182597 0.03796899634928165 0
0.1077407733959105 0.03676185065469282 0
0.09987966680921037 0.03553822947351486 0
0.09211768053607461 0.03427842003528504 0
0.08450236042061261 0.03291145810329289 0
0.07708075102619706 0.03141881820941279 0
0.06983337098866002 0.02991843844772121 0
0.06275021829525887 0.02840082653534943 0
0.05584431709491598 0.02682006081245004 0
0.04912790860231288 0.02514150062019971 0
0.04260618452450184 0.02335242057776375 0
0.03626230235758505 0.02149696818192063 0
0.03009246409390699 0.01960102900512515 0
0.02411664859931607 0.01766233705512927 0
0.01842989506524184 0.01556215823541664 0
0.01316314053283191 0.01323031541085136 0
0.008426871473539248 0.0108043084380201 0
0.004703750660228642 0.008424961348289729 0
0.002843476186855512 0.005387380003479171 0
0.001354777736666199 0.002556672211103215 0
1 2 0 148
155
156
157
158
159
160
161
162
163
164
165
166
167
168
169
170
171
172
173
174
175
176
177
178
179
180
181
182
183
184
185
186
187
188
189
190
191
192
193
194
195
196
197
198
199
200
201
202
203
204
205
206
207
208
209
210
211
212
213
214
215
216
217
218
219
220
221
222
223
224
225
226
227
228
229
230
231
232
233
234
235
236
237
238
239
240
241
242
243
244
245
246
247
248
249
250
251
252
253
254
255
256
257
258
259
260
261
262
263
264
265
266
267
268
269
270
271
272
273
274
275
276
277
278
279
280
281
282
283
284
285
286
287
288
289
290
291
292
293
294
295
296
297
298
299
300
301
302
0.001782166917614247 -0.002259943885671599 0
0.003747311798211646 -0.004764967639006375 0
0.006108035837953669 -0.007418559882936794 0
0.01016295529549153 -0.009253827723129819 0
0.01519173665417973 -0.01101623869660122 0
0.02070900410913741 -0.01265863837417993 0
0.02659307794362432 -0.0140783689362233 0
0.03272638086560316 -0.01536786339072567 0
0.03904169252570462 -0.01661488598663119 0
0.04552227781516106 -0.01782212568434022 0
0.05217059123797903 -0.01896822627702742 0
0.05899772152050724 -0.02002132147769228 0
0.06599948353326171 -0.02099703877283677 0
0.07316814550475111 -0.02192604194263076 0
0.08049674949373056 -0.02284744161120973 0
0.0880016870376801 -0.02374456584412804 0
0.09567958330217748 -0.02454227701819413 0
0.1034835163976642 -0.02527137620371145 0
0.1113774403789543 -0.02597818233212421 0
0.1193452067745783 -0.02667110401118647 0
0.127379369470158 -0.02734824116133907 0
0.1354761320432105 -0.02800564930826246 0
0.1436340640084589 -0.02863669506990246 0
0.1518538899525085 -0.02922991919293068 0
0.1601365667639652 -0.02978180260577477 0
0.1684801764994357 -0.03029877377488182 0
0.1768825345113123 -0.03078336513424573 0
0.1853414212946995 -0.03123829495147592 0
0.1938545776058284 -0.0316664608299831 0
0.2024197180261424 -0.03207073717825578 0
0.2110348725839488 -0.032446107720469 0
0.2196978597900854 -0.03279042996618303 0
0.2284062742126848 -0.03310560016591858 0
0.2371576830619774 -0.03339362578068612 0
0.2459496149315281 -0.03365661997062296 0
0.2547795887819813 -0.03389632300790613 0
0.2636451905119377 -0.03411048141709194 0
0.2725439288052042 -0.03429768338600849 0
0.2814732553137193 -0.03445705259542686 0
0.2904305729804255 -0.03458773482794045 0
0.2994132463039296 -0.03468890073649732 0
0.3084185966484155 -0.03476048870418265 0
0.3174439170425546 -0.03480293618772994 0
0.3264864819843723 -0.03481552367820755 0
0.3355435385669031 -0.03479754887825849 0
0.3446123099245183 -0.03474834629856081 0
0.3536899967309518 -0.03466709904342152 0
0.3627737675271059 -0.03455193776621632 0
0.3718608202026675 -0.03440439716502212 0
0.3809483806203285 -0.03422686478997841 0
0.3900336980935624 -0.03402176226385599 0
0.3991140468922112 -0.03379153819462358 0
0.408186648397875 -0.03353593038404477 0
0.4172486658932869 -0.03325250085122906 0
0.4262973882641373 -0.03294283099092265 0
0.4353301354846739 -0.03260858027236696 0
0.4443442598743604 -0.03225142298179864 0
0.4533371319013611 -0.03187263606528436 0
0.4623059734895236 -0.03146944941696304 0
0.4712481945786833 -0.03104291319818091 0
0.4801613109123328 -0.03059545251210101 0
0.4890428881360857 -0.03012947446943946 0
0.4978905429029095 -0.02964736161601816 0
0.5067018161299439 -0.0291492219143536 0
0.5154741184601366 -0.02863222111157051 0
0.5242051971142949 -0.02809866995925771 0
0.5328928719887628 -0.02755105685898388 0
0.5415350210739966 -0.02699181889632241 0
0.5501295746404283 -0.02642333369106484 0
0.5586742316251602 -0.02584352052503463 0
0.5671667843444763 -0.02525112738528092 0
0.5756053660077572 -0.02464894277089101 0
0.5839881763891899 -0.0240396704478247 0
0.5923134724912739 -0.02342592559665083 0
0.6005795722720554 -0.02281019820456807 0
0.6087845435642921 -0.02219074711485141 0
0.6169265596340643 -0.02156645865180718 0
0.6250040560034643 -0.02093883704341923 0
0.6330155321992005 -0.0203093302746024 0
0.6409595514726331 -0.0196793287380211 0
0.6488347404260746 -0.01905016412541174 0
0.6566395744576002 -0.01842048165960979 0
0.6643725527018802 -0.01778834269922661 0
0.6720325939000859 -0.01715621935886891 0
0.6796186841810747 -0.01652649865049598 0
0.6871298642308783 -0.01590143868305117 0
0.6945652340085791 -0.01528316863214341 0
0.7019239082218665 -0.01467326690715492 0
0.709204579003446 -0.01406735537081136 0
0.7164063679470408 -0.01346546299754233 0
0.7235286356701559 -0.01286966875465884 0
0.730570794358707 -0.01228191696569093 0
0.7375323027396028 -0.01170401987345506 0
0.7444126732950238 -0.01113765943560265 0
0.7512114467744951 -0.01058419425557745 0
0.7579278214962885 -0.01004000930188407 0
0.7645612865601831 -0.009504247758620372 0
0.7711115616567 -0.008978173182962807 0
0.7775784140491138 -0.008462946895032179 0
0.7839616532016103 -0.007959631270583977 0
0.7902611400279387 -0.007469191987868353 0
0.7964767724715144 -0.006992502236715872 0
0.8026084271734092 -0.006529425255703583 0
0.8086556772633232 -0.006075104392051703 0
0.814618572602816 -0.005630200679958195 0
0.8204972822816373 -0.005196359725742425 0
0.8262920055983372 -0.004775075155218643 0
0.8320029691460625 -0.004367695002694059 0
0.837630429738521 -0.003975427655318518 0
0.8431746726022439 -0.003599348114648569 0
0.8486360013769908 -0.003240404729544373 0
0.8540145449723419 -0.002896099627396636 0
0.8593102834937102 -0.002560897627156617 0
0.8645237066459239 -0.002236351618040829 0
0.8696553301579437 -0.001924055818060302 0
0.8747056806179035 -0.001625433028097572 0
0.8796753035414997 -0.001341743165330097 0
0.8845647552678729 -0.001074092514694186 0
0.8893746041812771 -0.0008234421429947833 0
0.8941054301844293 -0.0005906161561612467 0
0.8987578243155706 -0.0003763096856621243 0
0.9033321850971802 -0.0001763371337171103 0
0.9078287673606946 1.82622960203229e-05 0
0.912248359783413 0.0002050450200403595 0
0.9165917647022097 0.0003814298449816228 0
0.9208597814836043 0.0005451210452662599 0
0.9250531973824569 0.0006940901716380396 0
0.9291727867291313 0.0008265591724475698 0
0.9332193148554025 0.0009409845492995892 0
0.9371935331075228 0.001036042061998497 0
0.941096181277017 0.001110612486270507 0
0.9449279887835896 0.001163768050349042 0
0.9486896737391004 0.001194759536290066 0
0.9523819508350206 0.001201658506254401 0
0.9560055017690445 0.001182115227097984 0
0.9595610411628956 0.001140217307912606 0
0.9630493607774033 0.001080084769735887 0
0.9664713127505213 0.001005472520432518 0
0.9698277965196513 0.0009197917929420584 0
0.9731197401472598 0.0008261316787461842 0
0.9763480921447615 0.000727280059557622 0
0.9795138091563471 0.0006257440254070558 0
0.9826178527579966 0.0005237692370548178 0
0.9856611815305608 0.0004233585464414821 0
0.9886447472194189 0.000326289553452255 0
0.9915694896325551 0.0002341312387789138 0
0.9944363397905178 0.0001482593774636975 0
0.9972462096616151 6.987143385090967e-05 0
1 3 0 18
303
304
305
306
307
308
309
310
311
312
313
314
315
316
317
318
319
320
-22.36842105263604 -25 0
-19.73684210527208 -25 0
-17.10526315791981 -25 0
-14.47368421056976 -25 0
-11.84210526321515 -25 0
-9.210526315860241 -25 0
-6.578947368496678 -25 0
-3.947368421132708 -25 0
-1.315789473768739 -25 0
1.315789473595224 -25 0
3.94736842095919 -25 0
6.578947368323163 -25 0
9.210526315704001 -25 0
11.84210526308667 -25 0
14.47368421046934 -25 0
17.105263157852 -25 0
19.73684210523467 -25 0
22.36842105261733 -25 0
1 4 0 18
321
322
323
324
325
326
327
328
329
330
331
332
333
334
335
336
337
338
25 -22.36842105263604 0
25 -19.73684210527208 0
25 -17.10526315791981 0
25 -14.47368421056976 0
25 -11.84210526321515 0
25 -9.210526315860241 0
25 -6.578947368496678 0
25 -3.947368421132708 0
25 -1.315789473768739 0
25 1.315789473595224 0
25 3.94736842095919 0
25 6.578947368323163 0
25 9.210526315704001 0
25 11.84210526308667 0
25 14.47368421046934 0
25 17.105263157852 0
25 19.73684210523467 0
25 22.36842105261733 0
1 5 0 18
339
340
341
342
343
344
345
346
347
348
349
350
351
352
353
354
355
356
22.36842105263604 25 0
19.73684210527208 25 0
17.10526315791981 25 0
14.47368421056976 25 0
11.84210526321515 25 0
9.210526315860241 25 0
6.578947368496678 25 0
3.947368421132708 25 0
1.315789473768739 25 0
-1.315789473595224 25 0
-3.94736842095919 25 0
-6.578947368323163 25 0
-9.210526315704001 25 0
-11.84210526308667 25 0
-14.47368421046934 25 0
-17.105263157852 25 0
-19.73684210523467 25 0
-22.36842105261733 25 0
1 6 0 18
357
358
359
360
361
362
363
364
365
366
367
368
369
370
371
372
373
374
-25 22.36842105263604 0
-25 19.73684210527208 0
-25 17.10526315791981 0
-25 14.47368421056976 0
-25 11.84210526321515 0
-25 9.210526315860241 0
-25 6.578947368496678 0
-25 3.947368421132708 0
-25 1.315789473768739 0
-25 -1.315789473595224 0
-25 -3.94736842095919 0
-25 -6.578947368323163 0
-25 -9.210526315704001 0
-25 -11.84210526308667 0
-25 -14.47368421046934 0
-25 -17.105263157852 0
-25 -19.73684210523467 0
-25 -22.36842105261733 0
2 1 0 6466
375
376
377
378
379
380
381
382
383
384
385
386
387
388
389
390
391
392
393
394
395
396
397
398
399
400
401
402
403
404
405
406
407
408
409
410
411
412
413
414
415
416
417
418
419
420
421
422
423
424
425
426
427
428
429
430
431
432
433
434
435
436
437
438
439
440
441
442
443
444
445
446
447
448
449
450
451
452
453
454
455
456
457
458
459
460
461
462
463
464
465
466
467
468
469
470
471
472
473
474
475
476
477
478
479
480
481
482
483
484
485
486
487
488
489
490
491
492
493
494
495
496
497
498
499
500
501
502
503
504
505
506
507
508
509
510
511
512
513
514
515
516
517
518
519
520
521
522
523
524
525
526
527
528
529
530
531
532
533
534
535
536
537
538
539
540
541
542
543
544
545
546
547
548
549
550
551
552
553
554
555
556
557
558
559
560
561
562
563
564
565
566
567
568
569
570
571
572
573
574
575
576
577
578
579
580
581
582
583
584
585
586
587
588
589
590
591
592
593
594
595
596
597
598
599
600
601
602
603
604
605
606
607
608
609
610
611
612
613
614
615
616
617
618
619
620
621
622
623
624
625
626
627
628
629
630
631
632
633
634
635
636
637
638
639
640
641
642
643
644
645
646
647
648
649
650
651
652
653
654
655
656
657
658
659
660
661
662
663
664
665
666
667
668
669
670
671
672
673
674
675
676
677
678
679
680
681
682
683
684
685
686
687
688
689
690
691
692
693
694
695
696
697
698
699
700
701
702
703
704
705
706
707
708
709
710
711
712
713
714
715
716
717
718
719
720
721
722
723
724
725
726
727
728
729
730
731
732
733
734
735
736
737
738
739
740
741
742
743
744
745
746
747
748
749
750
751
752
753
754
755
756
757
758
759
760
761
762
763
764
765
766
767
768
769
770
771
772
773
774
775
776
777
778
779
780
781
782
783
784
785
786
787
788
789
790
791
792
793
794
795
796
797
798
799
800
801
802
803
804
805
806
807
808
809
810
811
812
813
814
815
816
817
818
819
820
821
822
823
824
825
826
827
828
829
830
831
832
833
834
835
836
837
838
839
840
841
842
843
844
845
846
847
848
849
850
851
852
853
854
855
856
857
858
859
860
861
862
863
864
865
866
867
868
869
870
871
872
873
874
875
876
877
878
879
880
881
882
883
884
885
886
887
888
889
890
891
892
893
894
895
896
897
898
899
900
901
902
903
904
905
906
907
908
909
910
911
912
913
914
915
916
917
918
919
920
921
922
923
924
925
926
927
928
929
930
931
932
933
934
935
936
937
938
939
940
941
942
943
944
945
946
947
948
949
950
951
952
953
954
955
956
957
958
959
960
961
962
963
964
965
966
967
968
969
970
971
972
973
974
975
976
977
978
979
980
981
982
983
984
985
986
987
988
989
990
991
992
993
994
995
996
997
998
999
1000
1001
1002
1003
1004
1005
1006
1007
1008
1009
1010
1011
1012
1013
1014
1015
1016
1017
1018
1019
1020
1021
1022
1023
1024
1025
1026
1027
1028
1029
1030
1031
1032
1033
1034
1035
1036
1037
1038
1039
1040
1041
1042
1043
1044
1045
1046
1047
1048
1049
1050
1051
1052
1053
1054
1055
1056
1057
1058
1059
1060
1061
1062
1063
1064
1065
1066
1067
1068
1069
1070
1071
1072
1073
1074
1075
1076
1077
1078
1079
1080
1081
1082
1083
1084
1085
1086
1087
1088
1089
1090
1091
1092
1093
1094
1095
1096
1097
1098
1099
1100
1101
1102
1103
1104
1105
1106
1107
1108
1109
1110
1111
1112
1113
1114
1115
1116
1117
1118
1119
1120
1121
1122
1123
1124
1125
1126
1127
1128
1129
1130
1131
1132
1133
1134
1135
1136
1137
1138
1139
1140
1141
1142
1143
1144
1145
1146
1147
1148
1149
1150
1151
1152
1153
1154
1155
1156
1157
1158
1159
1160
1161
1162
1163
1164
1165
1166
1167
1168
1169
1170
1171
1172
1173
1174
1175
1176
1177
1178
1179
1180
1181
1182
1183
1184
1185
1186
1187
1188
1189
1190
1191
1192
1193
1194
1195
1196
1197
1198
1199
1200
1201
1202
1203
1204
1205
1206
1207
1208
1209
1210
1211
1212
1213
1214
1215
1216
1217
1218
1219
1220
1221
1222
1223
1224
1225
1226
1227
1228
1229
1230
1231
1232
1233
1234
1235
1236
1237
1238
1239
1240
1241
1242
1243
1244
1245
1246
1247
1248
1249
1250
1251
1252
1253
1254
1255
1256
1257
1258
1259
1260
1261
1262
1263
1264
1265
1266
1267
1268
1269
1270
1271
1272
1273
1274
1275
1276
1277
1278
1279
1280
1281
1282
1283
1284
1285
1286
1287
1288
1289
1290
1291
1292
1293
1294
1295
1296
1297
1298
1299
1300
1301
1302
1303
1304
1305
1306
1307
1308
1309
1310
1311
1312
1313
1314
1315
1316
1317
1318
1319
1320
1321
1322
1323
1324
1325
1326
1327
1328
1329
1330
1331
1332
1333
1334
1335
1336
1337
1338
1339
1340
1341
1342
1343
1344
1345
1346
1347
1348
1349
1350
1351
1352
1353
1354
1355
1356
1357
1358
1359
1360
1361
1362
1363
1364
1365
1366
1367
1368
1369
1370
1371
1372
1373
1374
1375
1376
1377
1378
1379
1380
1381
1382
1383
1384
1385
1386
1387
1388
1389
1390
1391
1392
1393
1394
1395
1396
1397
1398
1399
1400
1401
1402
1403
1404
1405
1406
1407
1408
1409
1410
1411
1412
1413
1414
1415
1416
1417
1418
1419
1420
1421
1422
1423
1424
1425
1426
1427
1428
1429
1430
1431
1432
1433
1434
1435
1436
1437
1438
1439
1440
1441
1442
1443
1444
1445
1446
1447
1448
1449
1450
1451
1452
1453
1454
1455
1456
1457
1458
1459
1460
1461
1462
1463
1464
1465
1466
1467
1468
1469
1470
1471
1472
1473
1474
1475
1476
1477
1478
1479
1480
1481
1482
1483
1484
1485
1486
1487
1488
1489
1490
1491
1492
1493
1494
1495
1496
1497
1498
1499
1500
1501
1502
1503
1504
1505
1506
1507
1508
1509
1510
1511
1512
1513
1514
1515
1516
1517
1518
1519
1520
1521
1522
1523
1524
1525
1526
1527
1528
1529
1530
1531
1532
1533
1534
1535
1536
1537
1538
1539
1540
1541
1542
1543
1544
1545
1546
1547
1548
1549
1550
1551
1552
1553
1554
1555
1556
1557
1558
1559
1560
1561
1562
1563
1564
1565
1566
1567
1568
1569
1570
1571
1572
1573
1574
1575
1576
1577
1578
1579
1580
1581
1582
1583
1584
1585
1586
1587
1588
1589
1590
1591
1592
1593
1594
1595
1596
1597
1598
1599
1600
1601
1602
1603
1604
1605
1606
1607
1608
1609
1610
1611
1612
1613
1614
1615
1616
1617
1618
1619
1620
1621
1622
1623
1624
1625
1626
1627
1628
1629
1630
1631
1632
1633
1634
1635
1636
1637
1638
1639
1640
1641
1642
1643
1644
1645
1646
1647
1648
1649
1650
1651
1652
1653
1654
1655
1656
1657
1658
1659
1660
1661
1662
1663
1664
1665
1666
1667
1668
1669
1670
1671
1672
1673
1674
1675
1676
1677
1678
1679
1680
1681
1682
1683
1684
1685
1686
1687
1688
1689
1690
1691
1692
1693
1694
1695
1696
1697
1698
1699
1700
1701
1702
1703
1704
1705
1706
1707
1708
1709
1710
1711
1712
1713
1714
1715
1716
1717
1718
1719
1720
1721
1722
1723
1724
1725
1726
1727
1728
1729
1730
1731
1732
1733
1734
1735
1736
1737
1738
1739
1740
1741
1742
1743
1744
1745
1746
1747
1748
1749
1750
1751
1752
1753
1754
1755
1756
1757
1758
1759
1760
1761
1762
1763
1764
1765
1766
1767
1768
1769
1770
1771
1772
1773
1774
1775
1776
1777
1778
1779
1780
1781
1782
1783
1784
1785
1786
1787
1788
1789
1790
1791
1792
1793
1794
1795
1796
1797
1798
1799
1800
1801
1802
1803
1804
1805
1806
1807
1808
1809
1810
1811
1812
1813
1814
1815
1816
1817
1818
1819
1820
1821
1822
1823
1824
1825
1826
1827
1828
1829
1830
1831
1832
1833
1834
1835
1836
1837
1838
1839
1840
1841
1842
1843
1844
1845
1846
1847
1848
1849
1850
1851
1852
1853
1854
1855
1856
1857
1858
1859
1860
1861
1862
1863
1864
1865
1866
1867
1868
1869
1870
1871
1872
1873
1874
1875
1876
1877
1878
1879
1880
1881
1882
1883
1884
1885
1886
1887
1888
1889
1890
1891
1892
1893
1894
1895
1896
1897
1898
1899
1900
1901
1902
1903
1904
1905
1906
1907
1908
1909
1910
1911
1912
1913
1914
1915
1916
1917
1918
1919
1920
1921
1922
1923
1924
1925
1926
1927
1928
1929
1930
1931
1932
1933
1934
1935
1936
1937
1938
1939
1940
1941
1942
1943
1944
1945
1946
1947
1948
1949
1950
1951
1952
1953
1954
1955
1956
1957
1958
1959
1960
1961
1962
1963
1964
1965
1966
1967
1968
1969
1970
1971
1972
1973
1974
1975
1976
1977
1978
1979
1980
1981
1982
1983
1984
1985
1986
1987
1988
1989
1990
1991
1992
1993
1994
1995
1996
1997
1998
1999
2000
2001
2002
2003
2004
2005
2006
2007
2008
2009
2010
2011
2012
2013
2014
2015
2016
2017
2018
2019
2020
2021
2022
2023
2024
2025
2026
2027
2028
2029
2030
2031
2032
2033
2034
2035
2036
2037
2038
2039
2040
2041
2042
2043
2044
2045
2046
2047
2048
2049
2050
2051
2052
2053
2054
2055
2056
2057
2058
2059
2060
2061
2062
2063
2064
2065
2066
2067
2068
2069
2070
2071
2072
2073
2074
2075
2076
2077
2078
2079
2080
2081
2082
2083
2084
2085
2086
2087
2088
2089
2090
2091
2092
2093
2094
2095
2096
2097
2098
2099
2100
2101
2102
2103
2104
2105
2106
2107
2108
2109
2110
2111
2112
2113
2114
2115
2116
2117
2118
2119
2120
2121
2122
2123
2124
2125
2126
2127
2128
2129
2130
2131
2132
2133
2134
2135
2136
2137
2138
2139
2140
2141
2142
2143
2144
2145
2146
2147
2148
2149
2150
2151
2152
2153
2154
2155
2156
2157
2158
2159
2160
2161
2162
2163
2164
2165
2166
2167
2168
2169
2170
2171
2172
2173
2174
2175
2176
2177
2178
2179
2180
2181
2182
2183
2184
2185
2186
2187
2188
2189
2190
2191
2192
2193
2194
2195
2196
2197
2198
2199
2200
2201
2202
2203
2204
2205
2206
2207
2208
2209
2210
2211
2212
2213
2214
2215
2216
2217
2218
2219
2220
2221
2222
2223
2224
2225
2226
2227
2228
2229
2230
2231
2232
2233
2234
2235
2236
2237
2238
2239
2240
2241
2242
2243
2244
2245
2246
2247
2248
2249
2250
2251
2252
2253
2254
2255
2256
2257
2258
2259
2260
2261
2262
2263
2264
2265
2266
2267
2268
2269
2270
2271
2272
2273
2274
2275
2276
2277
2278
2279
2280
2281
2282
2283
2284
2285
2286
2287
2288
2289
2290
2291
2292
2293
2294
2295
2296
2297
2298
2299
2300
2301
2302
2303
2304
2305
2306
2307
2308
2309
2310
2311
2312
2313
2314
2315
2316
2317
2318
2319
2320
2321
2322
2323
2324
2325
2326
2327
2328
2329
2330
2331
2332
2333
2334
2335
2336
2337
2338
2339
2340
2341
2342
2343
2344
2345
2346
2347
2348
2349
2350
2351
2352
2353
2354
2355
2356
2357
2358
2359
2360
2361
2362
2363
2364
2365
2366
2367
2368
2369
2370
2371
2372
2373
2374
2375
2376
2377
2378
2379
2380
2381
2382
2383
2384
2385
2386
2387
2388
2389
2390
2391
2392
2393
2394
2395
2396
2397
2398
2399
2400
2401
2402
2403
2404
2405
2406
2407
2408
2409
2410
2411
2412
2413
2414
2415
2416
2417
2418
2419
2420
2421
2422
2423
2424
2425
2426
2427
2428
2429
2430
2431
2432
2433
2434
2435
2436
2437
2438
2439
2440
2441
2442
2443
2444
2445
2446
2447
2448
2449
2450
2451
2452
2453
2454
2455
2456
2457
2458
2459
2460
2461
2462
2463
2464
2465
2466
2467
2468
2469
2470
2471
2472
2473
2474
2475
2476
2477
2478
2479
2480
2481
2482
2483
2484
2485
2486
2487
2488
2489
2490
2491
2492
2493
2494
2495
2496
2497
2498
2499
2500
2501
2502
2503
2504
2505
2506
2507
2508
2509
2510
2511
2512
2513
2514
2515
2516
2517
2518
2519
2520
2521
2522
2523
2524
2525
2526
2527
2528
2529
2530
2531
2532
2533
2534
2535
2536
2537
2538
2539
2540
2541
2542
2543
2544
2545
2546
2547
2548
2549
2550
2551
2552
2553
2554
2555
2556
2557
2558
2559
2560
2561
2562
2563
2564
2565
2566
2567
2568
2569
2570
2571
2572
2573
2574
2575
2576
2577
2578
2579
2580
2581
2582
2583
2584
2585
2586
2587
2588
2589
2590
2591
2592
2593
2594
2595
2596
2597
2598
2599
2600
2601
2602
2603
2604
2605
2606
2607
2608
2609
2610
2611
2612
2613
2614
2615
2616
2617
2618
2619
2620
2621
2622
2623
2624
2625
2626
2627
2628
2629
2630
2631
2632
2633
2634
2635
2636
2637
2638
2639
2640
2641
2642
2643
2644
2645
2646
2647
2648
2649
2650
2651
2652
2653
2654
2655
2656
2657
2658
2659
2660
2661
2662
2663
2664
2665
2666
2667
2668
2669
2670
2671
2672
2673
2674
2675
2676
2677
2678
2679
2680
2681
2682
2683
2684
2685
2686
2687
2688
2689
2690
2691
2692
2693
2694
2695
2696
2697
2698
2699
2700
2701
2702
2703
2704
2705
2706
2707
2708
2709
2710
2711
2712
2713
2714
2715
2716
2717
2718
2719
2720
2721
2722
2723
2724
2725
2726
2727
2728
2729
2730
2731
2732
2733
2734
2735
2736
2737
2738
2739
2740
2741
2742
2743
2744
2745
2746
2747
2748
2749
2750
2751
2752
2753
2754
2755
2756
2757
2758
2759
2760
2761
2762
2763
2764
2765
2766
2767
2768
2769
2770
2771
2772
2773
2774
2775
2776
2777
2778
2779
2780
2781
2782
2783
2784
2785
2786
2787
2788
2789
2790
2791
2792
2793
2794
2795
2796
2797
2798
2799
2800
2801
2802
2803
2804
2805
2806
2807
2808
2809
2810
2811
2812
2813
2814
2815
2816
2817
2818
2819
2820
2821
2822
2823
2824
2825
2826
2827
2828
2829
2830
2831
2832
2833
2834
2835
2836
2837
2838
2839
2840
2841
2842
2843
2844
2845
2846
2847
2848
2849
2850
2851
2852
2853
2854
2855
2856
2857
2858
2859
2860
2861
2862
2863
2864
2865
2866
2867
2868
2869
2870
2871
2872
2873
2874
2875
2876
2877
2878
2879
2880
2881
2882
2883
2884
2885
2886
2887
2888
2889
2890
2891
2892
2893
2894
2895
2896
2897
2898
2899
2900
2901
2902
2903
2904
2905
2906
2907
2908
2909
2910
2911
2912
2913
2914
2915
2916
2917
2918
2919
2920
2921
2922
2923
2924
2925
2926
2927
2928
2929
2930
2931
2932
2933
2934
2935
2936
2937
2938
2939
2940
2941
2942
2943
2944
2945
2946
2947
2948
2949
2950
2951
2952
2953
2954
2955
2956
2957
2958
2959
2960
2961
2962
2963
2964
2965
2966
2967
2968
2969
2970
2971
2972
2973
2974
2975
2976
2977
2978
2979
2980
2981
2982
2983
2984
2985
2986
2987
2988
2989
2990
2991
2992
2993
2994
2995
2996
2997
2998
2999
3000
3001
3002
3003
3004
3005
3006
3007
3008
3009
3010
3011
3012
3013
3014
3015
3016
3017
3018
3019
3020
3021
3022
3023
3024
3025
3026
3027
3028
3029
3030
3031
3032
3033
3034
3035
3036
3037
3038
3039
3040
3041
3042
3043
3044
3045
3046
3047
3048
3049
3050
3051
3052
3053
3054
3055
3056
3057
3058
3059
3060
3061
3062
3063
3064
3065
3066
3067
3068
3069
3070
3071
3072
3073
3074
3075
3076
3077
3078
3079
3080
3081
3082
3083
3084
3085
3086
3087
3088
3089
3090
3091
3092
3093
3094
3095
3096
3097
3098
3099
3100
3101
3102
3103
3104
3105
3106
3107
3108
3109
3110
3111
3112
3113
3114
3115
3116
3117
3118
3119
3120
3121
3122
3123
3124
3125
3126
3127
3128
3129
3130
3131
3132
3133
3134
3135
3136
3137
3138
3139
3140
3141
3142
3143
3144
3145
3146
3147
3148
3149
3150
3151
3152
3153
3154
3155
3156
3157
3158
3159
3160
3161
3162
3163
3164
3165
3166
3167
3168
3169
3170
3171
3172
3173
3174
3175
3176
3177
3178
3179
3180
3181
3182
3183
3184
3185
3186
3187
3188
3189
3190
3191
3192
3193
3194
3195
3196
3197
3198
3199
3200
3201
3202
3203
3204
3205
3206
3207
3208
3209
3210
3211
3212
3213
3214
3215
3216
3217
3218
3219
3220
3221
3222
3223
3224
3225
3226
3227
3228
3229
3230
3231
3232
3233
3234
3235
3236
3237
3238
3239
3240
3241
3242
3243
3244
3245
3246
3247
3248
3249
3250
3251
3252
3253
3254
3255
3256
3257
3258
3259
3260
3261
3262
3263
3264
3265
3266
3267
3268
3269
3270
3271
3272
3273
3274
3275
3276
3277
3278
3279
3280
3281
3282
3283
3284
3285
3286
3287
3288
3289
3290
3291
3292
3293
3294
3295
3296
3297
3298
3299
3300
3301
3302
3303
3304
3305
3306
3307
3308
3309
3310
3311
3312
3313
3314
3315
3316
3317
3318
3319
3320
3321
3322
3323
3324
3325
3326
3327
3328
3329
3330
3331
3332
3333
3334
3335
3336
3337
3338
3339
3340
3341
3342
3343
3344
3345
3346
3347
3348
3349
3350
3351
3352
3353
3354
3355
3356
3357
3358
3359
3360
3361
3362
3363
3364
3365
3366
3367
3368
3369
3370
3371
3372
3373
3374
3375
3376
3377
3378
3379
3380
3381
3382
3383
3384
3385
3386
3387
3388
3389
3390
3391
3392
3393
3394
3395
3396
3397
3398
3399
3400
3401
3402
3403
3404
3405
3406
3407
3408
3409
3410
3411
3412
3413
3414
3415
3416
3417
3418
3419
3420
3421
3422
3423
3424
3425
3426
3427
3428
3429
3430
3431
3432
3433
3434
3435
3436
3437
3438
3439
3440
3441
3442
3443
3444
3445
3446
3447
3448
3449
3450
3451
3452
3453
3454
3455
3456
3457
3458
3459
3460
3461
3462
3463
3464
3465
3466
3467
3468
3469
3470
3471
3472
3473
3474
3475
3476
3477
3478
3479
3480
3481
3482
3483
3484
3485
3486
3487
3488
3489
3490
3491
3492
3493
3494
3495
3496
3497
3498
3499
3500
3501
3502
3503
3504
3505
3506
3507
3508
3509
3510
3511
3512
3513
3514
3515
3516
3517
3518
3519
3520
3521
3522
3523
3524
3525
3526
3527
3528
3529
3530
3531
3532
3533
3534
3535
3536
3537
3538
3539
3540
3541
3542
3543
3544
3545
3546
3547
3548
3549
3550
3551
3552
3553
3554
3555
3556
3557
3558
3559
3560
3561
3562
3563
3564
3565
3566
3567
3568
3569
3570
3571
3572
3573
3574
3575
3576
3577
3578
3579
3580
3581
3582
3583
3584
3585
3586
3587
3588
3589
3590
3591
3592
3593
3594
3595
3596
3597
3598
3599
3600
3601
3602
3603
3604
3605
3606
3607
3608
3609
3610
3611
3612
3613
3614
3615
3616
3617
3618
3619
3620
3621
3622
3623
3624
3625
3626
3627
3628
3629
3630
3631
3632
3633
3634
3635
3636
3637
3638
3639
3640
3641
3642
3643
3644
3645
3646
3647
3648
3649
3650
3651
3652
3653
3654
3655
3656
3657
3658
3659
3660
3661
3662
3663
3664
3665
3666
3667
3668
3669
3670
3671
3672
3673
3674
3675
3676
3677
3678
3679
3680
3681
3682
3683
3684
3685
3686
3687
3688
3689
3690
3691
3692
3693
3694
3695
3696
3697
3698
3699
3700
3701
3702
3703
3704
3705
3706
3707
3708
3709
3710
3711
3712
3713
3714
3715
3716
3717
3718
3719
3720
3721
3722
3723
3724
3725
3726
3727
3728
3729
3730
3731
3732
3733
3734
3735
3736
3737
3738
3739
3740
3741
3742
3743
3744
3745
3746
3747
3748
3749
3750
3751
3752
3753
3754
3755
3756
3757
3758
3759
3760
3761
3762
3763
3764
3765
3766
3767
3768
3769
3770
3771
3772
3773
3774
3775
3776
3777
3778
3779
3780
3781
3782
3783
3784
3785
3786
3787
3788
3789
3790
3791
3792
3793
3794
3795
3796
3797
3798
3799
3800
3801
3802
3803
3804
3805
3806
3807
3808
3809
3810
3811
3812
3813
3814
3815
3816
3817
3818
3819
3820
3821
3822
3823
3824
3825
3826
3827
3828
3829
3830
3831
3832
3833
3834
3835
3836
3837
3838
3839
3840
3841
3842
3843
3844
3845
3846
3847
3848
3849
3850
3851
3852
3853
3854
3855
3856
3857
3858
3859
3860
3861
3862
3863
3864
3865
3866
3867
3868
3869
3870
3871
3872
3873
3874
3875
3876
3877
3878
3879
3880
3881
3882
3883
3884
3885
3886
3887
3888
3889
3890
3891
3892
3893
3894
3895
3896
3897
3898
3899
3900
3901
3902
3903
3904
3905
3906
3907
3908
3909
3910
3911
3912
3913
3914
3915
3916
3917
3918
3919
3920
3921
3922
3923
3924
3925
3926
3927
3928
3929
3930
3931
3932
3933
3934
3935
3936
3937
3938
3939
3940
3941
3942
3943
3944
3945
3946
3947
3948
3949
3950
3951
3952
3953
3954
3955
3956
3957
3958
3959
3960
3961
3962
3963
3964
3965
3966
3967
3968
3969
3970
3971
3972
3973
3974
3975
3976
3977
3978
3979
3980
3981
3982
3983
3984
3985
3986
3987
3988
3989
3990
3991
3992
3993
3994
3995
3996
3997
3998
3999
4000
4001
4002
4003
4004
4005
4006
4007
4008
4009
4010
4011
4012
4013
4014
4015
4016
4017
4018
4019
4020
4021
4022
4023
4024
4025
4026
4027
4028
4029
4030
4031
4032
4033
4034
4035
4036
4037
4038
4039
4040
4041
4042
4043
4044
4045
4046
4047
4048
4049
4050
4051
4052
4053
4054
4055
4056
4057
4058
4059
4060
4061
4062
4063
4064
4065
4066
4067
4068
4069
4070
4071
4072
4073
4074
4075
4076
4077
4078
4079
4080
4081
4082
4083
4084
4085
4086
4087
4088
4089
4090
4091
4092
4093
4094
4095
4096
4097
4098
4099
4100
4101
4102
4103
4104
4105
4106
4107
4108
4109
4110
4111
4112
4113
4114
4115
4116
4117
4118
4119
4120
4121
4122
4123
4124
4125
4126
4127
4128
4129
4130
4131
4132
4133
4134
4135
4136
4137
4138
4139
4140
4141
4142
4143
4144
4145
4146
4147
4148
4149
4150
4151
4152
4153
4154
4155
4156
4157
4158
4159
4160
4161
4162
4163
4164
4165
4166
4167
4168
4169
4170
4171
4172
4173
4174
4175
4176
4177
4178
4179
4180
4181
4182
4183
4184
4185
4186
4187
4188
4189
4190
4191
4192
4193
4194
4195
4196
4197
4198
4199
4200
4201
4202
4203
4204
4205
4206
4207
4208
4209
4210
4211
4212
4213
4214
4215
4216
4217
4218
4219
4220
4221
4222
4223
4224
4225
4226
4227
4228
4229
4230
4231
4232
4233
4234
4235
4236
4237
4238
4239
4240
4241
4242
4243
4244
4245
4246
4247
4248
4249
4250
4251
4252
4253
4254
4255
4256
4257
4258
4259
4260
4261
4262
4263
4264
4265
4266
4267
4268
4269
4270
4271
4272
4273
4274
4275
4276
4277
4278
4279
4280
4281
4282
4283
4284
4285
4286
4287
4288
4289
4290
4291
4292
4293
4294
4295
4296
4297
4298
4299
4300
4301
4302
4303
4304
4305
4306
4307
4308
4309
4310
4311
4312
4313
4314
4315
4316
4317
4318
4319
4320
4321
4322
4323
4324
4325
4326
4327
4328
4329
4330
4331
4332
4333
4334
4335
4336
4337
4338
4339
4340
4341
4342
4343
4344
4345
4346
4347
4348
4349
4350
4351
4352
4353
4354
4355
4356
4357
4358
4359
4360
4361
4362
4363
4364
4365
4366
4367
4368
4369
4370
4371
4372
4373
4374
4375
4376
4377
4378
4379
4380
4381
4382
4383
4384
4385
4386
4387
4388
4389
4390
4391
4392
4393
4394
4395
4396
4397
4398
4399
4400
4401
4402
4403
4404
4405
4406
4407
4408
4409
4410
4411
4412
4413
4414
4415
4416
4417
4418
4419
4420
4421
4422
4423
4424
4425
4426
4427
4428
4429
4430
4431
4432
4433
4434
4435
4436
4437
4438
4439
4440
4441
4442
4443
4444
4445
4446
4447
4448
4449
4450
4451
4452
4453
4454
4455
4456
4457
4458
4459
4460
4461
4462
4463
4464
4465
4466
4467
4468
4469
4470
4471
4472
4473
4474
4475
4476
4477
4478
4479
4480
4481
4482
4483
4484
4485
4486
4487
4488
4489
4490
4491
4492
4493
4494
4495
4496
4497
4498
4499
4500
4501
4502
4503
4504
4505
4506
4507
4508
4509
4510
4511
4512
4513
4514
4515
4516
4517
4518
4519
4520
4521
4522
4523
4524
4525
4526
4527
4528
4529
4530
4531
4532
4533
4534
4535
4536
4537
4538
4539
4540
4541
4542
4543
4544
4545
4546
4547
4548
4549
4550
4551
4552
4553
4554
4555
4556
4557
4558
4559
4560
4561
4562
4563
4564
4565
4566
4567
4568
4569
4570
4571
4572
4573
4574
4575
4576
4577
4578
4579
4580
4581
4582
4583
4584
4585
4586
4587
4588
4589
4590
4591
4592
4593
4594
4595
4596
4597
4598
4599
4600
4601
4602
4603
4604
4605
4606
4607
4608
4609
4610
4611
4612
4613
4614
4615
4616
4617
4618
4619
4620
4621
4622
4623
4624
4625
4626
4627
4628
4629
4630
4631
4632
4633
4634
4635
4636
4637
4638
4639
4640
4641
4642
4643
4644
4645
4646
4647
4648
4649
4650
4651
4652
4653
4654
4655
4656
4657
4658
4659
4660
4661
4662
4663
4664
4665
4666
4667
4668
4669
4670
4671
4672
4673
4674
4675
4676
4677
4678
4679
4680
4681
4682
4683
4684
4685
4686
4687
4688
4689
4690
4691
4692
4693
4694
4695
4696
4697
4698
4699
4700
4701
4702
4703
4704
4705
4706
4707
4708
4709
4710
4711
4712
4713
4714
4715
4716
4717
4718
4719
4720
4721
4722
4723
4724
4725
4726
4727
4728
4729
4730
4731
4732
4733
4734
4735
4736
4737
4738
4739
4740
4741
4742
4743
4744
4745
4746
4747
4748
4749
4750
4751
4752
4753
4754
4755
4756
4757
4758
4759
4760
4761
4762
4763
4764
4765
4766
4767
4768
4769
4770
4771
4772
4773
4774
4775
4776
4777
4778
4779
4780
4781
4782
4783
4784
4785
4786
4787
4788
4789
4790
4791
4792
4793
4794
4795
4796
4797
4798
4799
4800
4801
4802
4803
4804
4805
4806
4807
4808
4809
4810
4811
4812
4813
4814
4815
4816
4817
4818
4819
4820
4821
4822
4823
4824
4825
4826
4827
4828
4829
4830
4831
4832
4833
4834
4835
4836
4837
4838
4839
4840
4841
4842
4843
4844
4845
4846
4847
4848
4849
4850
4851
4852
4853
4854
4855
4856
4857
4858
4859
4860
4861
4862
4863
4864
4865
4866
4867
4868
4869
4870
4871
4872
4873
4874
4875
4876
4877
4878
4879
4880
4881
4882
4883
4884
4885
4886
4887
4888
4889
4890
4891
4892
4893
4894
4895
4896
4897
4898
4899
4900
4901
4902
4903
4904
4905
4906
4907
4908
4909
4910
4911
4912
4913
4914
4915
4916
4917
4918
4919
4920
4921
4922
4923
4924
4925
4926
4927
4928
4929
4930
4931
4932
4933
4934
4935
4936
4937
4938
4939
4940
4941
4942
4943
4944
4945
4946
4947
4948
4949
4950
4951
4952
4953
4954
4955
4956
4957
4958
4959
4960
4961
4962
4963
4964
4965
4966
4967
4968
4969
4970
4971
4972
4973
4974
4975
4976
4977
4978
4979
4980
4981
4982
4983
4984
4985
4986
4987
4988
4989
4990
4991
4992
4993
4994
4995
4996
4997
4998
4999
5000
5001
5002
5003
5004
5005
5006
5007
5008
5009
5010
5011
5012
5013
5014
5015
5016
5017
5018
5019
5020
5021
5022
5023
5024
5025
5026
5027
5028
5029
5030
5031
5032
5033
5034
5035
5036
5037
5038
5039
5040
5041
5042
5043
5044
5045
5046
5047
5048
5049
5050
5051
5052
5053
5054
5055
5056
5057
5058
5059
5060
5061
5062
5063
5064
5065
5066
5067
5068
5069
5070
5071
5072
5073
5074
5075
5076
5077
5078
5079
5080
5081
5082
5083
5084
5085
5086
5087
5088
5089
5090
5091
5092
5093
5094
5095
5096
5097
5098
5099
5100
5101
5102
5103
5104
5105
5106
5107
5108
5109
5110
5111
5112
5113
5114
5115
5116
5117
5118
5119
5120
5121
5122
5123
5124
5125
5126
5127
5128
5129
5130
5131
5132
5133
5134
5135
5136
5137
5138
5139
5140
5141
5142
5143
5144
5145
5146
5147
5148
5149
5150
5151
5152
5153
5154
5155
5156
5157
5158
5159
5160
5161
5162
5163
5164
5165
5166
5167
5168
5169
5170
5171
5172
5173
5174
5175
5176
5177
5178
5179
5180
5181
5182
5183
5184
5185
5186
5187
5188
5189
5190
5191
5192
5193
5194
5195
5196
5197
5198
5199
5200
5201
5202
5203
5204
5205
5206
5207
5208
5209
5210
5211
5212
5213
5214
5215
5216
5217
5218
5219
5220
5221
5222
5223
5224
5225
5226
5227
5228
5229
5230
5231
5232
5233
5234
5235
5236
5237
5238
5239
5240
5241
5242
5243
5244
5245
5246
5247
5248
5249
5250
5251
5252
5253
5254
5255
5256
5257
5258
5259
5260
5261
5262
5263
5264
5265
5266
5267
5268
5269
5270
5271
5272
5273
5274
5275
5276
5277
5278
5279
5280
5281
5282
5283
5284
5285
5286
5287
5288
5289
5290
5291
5292
5293
5294
5295
5296
5297
5298
5299
5300
5301
5302
5303
5304
5305
5306
5307
5308
5309
5310
5311
5312
5313
5314
5315
5316
5317
5318
5319
5320
5321
5322
5323
5324
5325
5326
5327
5328
5329
5330
5331
5332
5333
5334
5335
5336
5337
5338
5339
5340
5341
5342
5343
5344
5345
5346
5347
5348
5349
5350
5351
5352
5353
5354
5355
5356
5357
5358
5359
5360
5361
5362
5363
5364
5365
5366
5367
5368
5369
5370
5371
5372
5373
5374
5375
5376
5377
5378
5379
5380
5381
5382
5383
5384
5385
5386
5387
5388
5389
5390
5391
5392
5393
5394
5395
5396
5397
5398
5399
5400
5401
5402
5403
5404
5405
5406
5407
5408
5409
5410
5411
5412
5413
5414
5415
5416
5417
5418
5419
5420
5421
5422
5423
5424
5425
5426
5427
5428
5429
5430
5431
5432
5433
5434
5435
5436
5437
5438
5439
5440
5441
5442
5443
5444
5445
5446
5447
5448
5449
5450
5451
5452
5453
5454
5455
5456
5457
5458
5459
5460
5461
5462
5463
5464
5465
5466
5467
5468
5469
5470
5471
5472
5473
5474
5475
5476
5477
5478
5479
5480
5481
5482
5483
5484
5485
5486
5487
5488
5489
5490
5491
5492
5493
5494
5495
5496
5497
5498
5499
5500
5501
5502
5503
5504
5505
5506
5507
5508
5509
5510
5511
5512
5513
5514
5515
5516
5517
5518
5519
5520
5521
5522
5523
5524
5525
5526
5527
5528
5529
5530
5531
5532
5533
5534
5535
5536
5537
5538
5539
5540
5541
5542
5543
5544
5545
5546
5547
5548
5549
5550
5551
5552
5553
5554
5555
5556
5557
5558
5559
5560
5561
5562
5563
5564
5565
5566
5567
5568
5569
5570
5571
5572
5573
5574
5575
5576
5577
5578
5579
5580
5581
5582
5583
5584
5585
5586
5587
5588
5589
5590
5591
5592
5593
5594
5595
5596
5597
5598
5599
5600
5601
5602
5603
5604
5605
5606
5607
5608
5609
5610
5611
5612
5613
5614
5615
5616
5617
5618
5619
5620
5621
5622
5623
5624
5625
5626
5627
5628
5629
5630
5631
5632
5633
5634
5635
5636
5637
5638
5639
5640
5641
5642
5643
5644
5645
5646
5647
5648
5649
5650
5651
5652
5653
5654
5655
5656
5657
5658
5659
5660
5661
5662
5663
5664
5665
5666
5667
5668
5669
5670
5671
5672
5673
5674
5675
5676
5677
5678
5679
5680
5681
5682
5683
5684
5685
5686
5687
5688
5689
5690
5691
5692
5693
5694
5695
5696
5697
5698
5699
5700
5701
5702
5703
5704
5705
5706
5707
5708
5709
5710
5711
5712
5713
5714
5715
5716
5717
5718
5719
5720
5721
5722
5723
5724
5725
5726
5727
5728
5729
5730
5731
5732
5733
5734
5735
5736
5737
5738
5739
5740
5741
5742
5743
5744
5745
5746
5747
5748
5749
5750
5751
5752
5753
5754
5755
5756
5757
5758
5759
5760
5761
5762
5763
5764
5765
5766
5767
5768
5769
5770
5771
5772
5773
5774
5775
5776
5777
5778
5779
5780
5781
5782
5783
5784
5785
5786
5787
5788
5789
5790
5791
5792
5793
5794
5795
5796
5797
5798
5799
5800
5801
5802
5803
5804
5805
5806
5807
5808
5809
5810
5811
5812
5813
5814
5815
5816
5817
5818
5819
5820
5821
5822
5823
5824
5825
5826
5827
5828
5829
5830
5831
5832
5833
5834
5835
5836
5837
5838
5839
5840
5841
5842
5843
5844
5845
5846
5847
5848
5849
5850
5851
5852
5853
5854
5855
5856
5857
5858
5859
5860
5861
5862
5863
5864
5865
5866
5867
5868
5869
5870
5871
5872
5873
5874
5875
5876
5877
5878
5879
5880
5881
5882
5883
5884
5885
5886
5887
5888
5889
5890
5891
5892
5893
5894
5895
5896
5897
5898
5899
5900
5901
5902
5903
5904
5905
5906
5907
5908
5909
5910
5911
5912
5913
5914
5915
5916
5917
5918
5919
5920
5921
5922
5923
5924
5925
5926
5927
5928
5929
5930
5931
5932
5933
5934
5935
5936
5937
5938
5939
5940
5941
5942
5943
5944
5945
5946
5947
5948
5949
5950
5951
5952
5953
5954
5955
5956
5957
5958
5959
5960
5961
5962
5963
5964
5965
5966
5967
5968
5969
5970
5971
5972
5973
5974
5975
5976
5977
5978
5979
5980
5981
5982
5983
5984
5985
5986
5987
5988
5989
5990
5991
5992
5993
5994
5995
5996
5997
5998
5999
6000
6001
6002
6003
6004
6005
6006
6007
6008
6009
6010
6011
6012
6013
6014
6015
6016
6017
6018
6019
6020
6021
6022
6023
6024
6025
6026
6027
6028
6029
6030
6031
6032
6033
6034
6035
6036
6037
6038
6039
6040
6041
6042
6043
6044
6045
6046
6047
6048
6049
6050
6051
6052
6053
6054
6055
6056
6057
6058
6059
6060
6061
6062
6063
6064
6065
6066
6067
6068
6069
6070
6071
6072
6073
6074
6075
6076
6077
6078
6079
6080
6081
6082
6083
6084
6085
6086
6087
6088
6089
6090
6091
6092
6093
6094
6095
6096
6097
6098
6099
6100
6101
6102
6103
6104
6105
6106
6107
6108
6109
6110
6111
6112
6113
6114
6115
6116
6117
6118
6119
6120
6121
6122
6123
6124
6125
6126
6127
6128
6129
6130
6131
6132
6133
6134
6135
6136
6137
6138
6139
6140
6141
6142
6143
6144
6145
6146
6147
6148
6149
6150
6151
6152
6153
6154
6155
6156
6157
6158
6159
6160
6161
6162
6163
6164
6165
6166
6167
6168
6169
6170
6171
6172
6173
6174
6175
6176
6177
6178
6179
6180
6181
6182
6183
6184
6185
6186
6187
6188
6189
6190
6191
6192
6193
6194
6195
6196
6197
6198
6199
6200
6201
6202
6203
6204
6205
6206
6207
6208
6209
6210
6211
6212
6213
6214
6215
6216
6217
6218
6219
6220
6221
6222
6223
6224
6225
6226
6227
6228
6229
6230
6231
6232
6233
6234
6235
6236
6237
6238
6239
6240
6241
6242
6243
6244
6245
6246
6247
6248
6249
6250
6251
6252
6253
6254
6255
6256
6257
6258
6259
6260
6261
6262
6263
6264
6265
6266
6267
6268
6269
6270
6271
6272
6273
6274
6275
6276
6277
6278
6279
6280
6281
6282
6283
6284
6285
6286
6287
6288
6289
6290
6291
6292
6293
6294
6295
6296
6297
6298
6299
6300
6301
6302
6303
6304
6305
6306
6307
6308
6309
6310
6311
6312
6313
6314
6315
6316
6317
6318
6319
6320
6321
6322
6323
6324
6325
6326
6327
6328
6329
6330
6331
6332
6333
6334
6335
6336
6337
6338
6339
6340
6341
6342
6343
6344
6345
6346
6347
6348
6349
6350
6351
6352
6353
6354
6355
6356
6357
6358
6359
6360
6361
6362
6363
6364
6365
6366
6367
6368
6369
6370
6371
6372
6373
6374
6375
6376
6377
6378
6379
6380
6381
6382
6383
6384
6385
6386
6387
6388
6389
6390
6391
6392
6393
6394
6395
6396
6397
6398
6399
6400
6401
6402
6403
6404
6405
6406
6407
6408
6409
6410
6411
6412
6413
6414
6415
6416
6417
6418
6419
6420
6421
6422
6423
6424
6425
6426
6427
6428
6429
6430
6431
6432
6433
6434
6435
6436
6437
6438
6439
6440
6441
6442
6443
6444
6445
6446
6447
6448
6449
6450
6451
6452
6453
6454
6455
6456
6457
6458
6459
6460
6461
6462
6463
6464
6465
6466
6467
6468
6469
6470
6471
6472
6473
6474
6475
6476
6477
6478
6479
6480
6481
6482
6483
6484
6485
6486
6487
6488
6489
6490
6491
6492
6493
6494
6495
6496
6497
6498
6499
6500
6501
6502
6503
6504
6505
6506
6507
6508
6509
6510
6511
6512
6513
6514
6515
6516
6517
6518
6519
6520
6521
6522
6523
6524
6525
6526
6527
6528
6529
6530
6531
6532
6533
6534
6535
6536
6537
6538
6539
6540
6541
6542
6543
6544
6545
6546
6547
6548
6549
6550
6551
6552
6553
6554
6555
6556
6557
6558
6559
6560
6561
6562
6563
6564
6565
6566
6567
6568
6569
6570
6571
6572
6573
6574
6575
6576
6577
6578
6579
6580
6581
6582
6583
6584
6585
6586
6587
6588
6589
6590
6591
6592
6593
6594
6595
6596
6597
6598
6599
6600
6601
6602
6603
6604
6605
6606
6607
6608
6609
6610
6611
6612
6613
6614
6615
6616
6617
6618
6619
6620
6621
6622
6623
6624
6625
6626
6627
6628
6629
6630
6631
6632
6633
6634
6635
6636
6637
6638
6639
6640
6641
6642
6643
6644
6645
6646
6647
6648
6649
6650
6651
6652
6653
6654
6655
6656
6657
6658
6659
6660
6661
6662
6663
6664
6665
6666
6667
6668
6669
6670
6671
6672
6673
6674
6675
6676
6677
6678
6679
6680
6681
6682
6683
6684
6685
6686
6687
6688
6689
6690
6691
6692
6693
6694
6695
6696
6697
6698
6699
6700
6701
6702
6703
6704
6705
6706
6707
6708
6709
6710
6711
6712
6713
6714
6715
6716
6717
6718
6719
6720
6721
6722
6723
6724
6725
6726
6727
6728
6729
6730
6731
6732
6733
6734
6735
6736
6737
6738
6739
6740
6741
6742
6743
6744
6745
6746
6747
6748
6749
6750
6751
6752
6753
6754
6755
6756
6757
6758
6759
6760
6761
6762
6763
6764
6765
6766
6767
6768
6769
6770
6771
6772
6773
6774
6775
6776
6777
6778
6779
6780
6781
6782
6783
6784
6785
6786
6787
6788
6789
6790
6791
6792
6793
6794
6795
6796
6797
6798
6799
6800
6801
6802
6803
6804
6805
6806
6807
6808
6809
6810
6811
6812
6813
6814
6815
6816
6817
6818
6819
6820
6821
6822
6823
6824
6825
6826
6827
6828
6829
6830
6831
6832
6833
6834
6835
6836
6837
6838
6839
6840
0.97681814306547 0.007378836764499153 0
0.9773731175307291 0.01285076546961175 0
0.9779835894425142 0.0188698870452356 0
0.9786551085454777 0.02549092077842184 0
0.9793937795587376 0.0327740578849267 0
0.9802063176733236 0.04078550870208204 0
0.981100109599368 0.04959810460095293 0
0.982083280718017 0.0592919600897109 0
0.9831647689485308 0.06995520112734468 0
0.984354406002096 0.08168476626874183 0
0.9856630067610178 0.09458728792427869 0
0.9891353468511926 0.006132148289322464 0
0.9896896840843529 0.01160414156647184 0
0.9902994550408291 0.01762333417133616 0
0.9909702030929529 0.0242444460366869 0
0.9917080259502892 0.03152766908857272 0
0.9925196310933591 0.03953921444564713 0
0.993412396750736 0.04835191433842898 0
0.9943944389738505 0.058045884220489 0
0.9954746854192765 0.06870925109075504 0
0.9966629565092452 0.08043895464804768 0
0.9979700547082107 0.09334162856106958 0
0.9830979202495713 0.00674306024355701 0
0.9836515017404676 0.01221513001080801 0
0.9842604413804533 0.01823440675478412 0
0.9849302749844379 0.02485561117315783 0
0.9856670919488207 0.03213893603336891 0
0.9864775906096419 0.0401505933796011 0
0.9873691391365451 0.04896341646045652 0
0.9883498425161388 0.05865752184939747 0
0.9894286162336917 0.06932103777723253 0
0.990615267323 0.08105090529785108 0
0.9919205835212391 0.09395375957053149 0
0.9799887448763847 0.007057639168851366 0
0.9805427382086239 0.01252966726709391 0
0.981152130874087 0.01854889817516071 0
0.9818224628060965 0.02517005217403418 0
0.982559827931307 0.032453321572795 0
0.9833709295690385 0.04046491791143191 0
0.9842631413705432 0.0492776738839325 0
0.9852445743521983 0.05897170545368316 0
0.9863241506320189 0.06963514018040888 0
0.9875116845398216 0.08136491837980718 0
0.9888179718384046 0.09426767439914531 0
0.9735852810099523 0.007707102973348415 0
0.9741418395268958 0.01317887083436739 0
0.9747540538955336 0.01919781548148827 0
0.9754274897010352 0.02581865459332123 0
0.976168269087087 0.03310157761633749 0
0.9769831264117439 0.04111279294165537 0
0.9778794694688665 0.04992512979950505 0
0.9788654468317013 0.05961870034313969 0
0.9799500219308197 0.07028162794113782 0
0.9811430545398498 0.08201084829893573 0
0.9824553904097831 0.09491299069251344 0
0.9702893351684101 0.00804292840302586 0
0.9708481155123498 0.01351446988339572 0
0.9714627738906837 0.01953316551180257 0
0.9721388981068509 0.0261537307030501 0
0.9728826347446349 0.03343635241342238 0
0.9737007450461972 0.04144723629483189 0
0.9746006663779158 0.05025920856438236 0
0.9755905798428062 0.05995237806088787 0
0.9766794846541856 0.07061486450704393 0
0.977877279946703 0.08234359959781561 0
0.9791948547684721 0.09524520819766444 0
0.9977519154041822 0.005256237854873148 0
0.9983108841320998 0.01072776005211348 0
0.9989257497328092 0.01674643446907785 0
0.9996021018935894 0.02336697632773866 0
1.000346089270448 0.03064957237226555 0
1.001164475384992 0.03866042802124513 0
1.002064700110991 0.04747236923512267 0
1.003054947309589 0.05716550457038796 0
1.004144219228047 0.06782795343917979 0
1.005342418338351 0.07955664719485078 0
1.006660437359686 0.09245821032608889 0
0.9949371975334932 0.005543220645914455 0
0.9954941941795135 0.01101494391433452 0
0.9961068904901358 0.01703383950959659 0
0.9967808564318202 0.02365462466438487 0
0.9975222189676732 0.03093748833465198 0
0.9983377177571116 0.03894863837194579 0
0.9992347664254936 0.04776090341296899 0
1.000221519960714 0.05745439495809451 0
1.001306948849456 0.06811723565773259 0
1.002500920627073 0.07984636042733446 0
1.003814289582451 0.09274839767389653 0
0.9920652942055682 0.005835096199611273 0
0.9926207377710917 0.01130697731090341 0
0.9932317256931676 0.01732604653332476 0
0.9939038124074511 0.02394702267798825 0
0.9946431077931628 0.03123009643711809 0
0.9954563327174458 0.03924147757216091 0
0.9963508801341571 0.04805399682070802 0
0.9973348822925394 0.05774776799410983 0
0.9984172846667601 0.06841091628485185 0
0.9996079272784028 0.08014037940466805 0
1.00091763415121 0.09304278883646586 0
0.9861465063936912 0.006434688576022235 0
0.9867002129230599 0.01190674569529901 0
0.9873092901053655 0.01792600852650347 0
0.9879792750059018 0.02454719764082837 0
0.9887162583964916 0.03183050566658577 0
0.9895269401261404 0.03984214449491889 0
0.990418690028754 0.04865494720608534 0
0.9913996149216291 0.05834903018836844 0
0.9924786323037917 0.06901252146887984 0
0.9936655514241705 0.08074236187744238 0
0.9949711624565872 0.09364518632686118 0
0.9669294940828022 0.008386847099175638 0
0.9674911701272859 0.01385809217492864 0
0.9681090137762179 0.01987646175825694 0
0.9687886417900433 0.02649666829991807 0
0.9695362326052511 0.03377889549574532 0
0.9703585825019798 0.04178934541115529 0
0.9712631673883813 0.05060084031810626 0
0.9722582107634229 0.06029348471575233 0
0.9733527584759687 0.07095539355316299 0
0.9745567609597691 0.08268349327431473 0
0.9758811636919495 0.09558440296758167 0
-0.005945277317974557 -0.0005184906359803929 0
-0.01248508236774657 -0.001088830335558825 0
-0.01967886792249578 -0.001716204005095101 0
-0.02759203203271992 -0.002406315041585004 0
-0.03629651255396647 -0.003165437181723897 0
-0.04587144112733767 -0.00400047153587668 0
-0.056403862558046 -0.004919009325444741 0
-0.06798952613182516 -0.005929400893969609 0
-0.08073375606298225 -0.007040831619346963 0
-0.09475240898725502 -0.008263405417262053 0
-0.1101729272039551 -0.009608236594968652 0
1.000509136545174 0.004974010452177253 0
1.001069186744865 0.01044542194957223 0
1.001685241964525 0.01646397459670671 0
1.002362902706151 0.02308438250855464 0
1.00310832952194 0.03036683121158735 0
1.003928299019308 0.03837752478492334 0
1.004830265466412 0.04718928771559293 0
1.005822428558227 0.05688222693932948 0
1.006913807959224 0.0675444600854397 0
1.00811432530032 0.07927291654616092 0
1.009434894375526 0.09217421865295426 0
1.001227107123719 0.004847082432445196 0
1.002576924959809 0.01017887310813491 0
1.004061724579509 0.0160438428513936 0
1.005695004161179 0.02249530956897815 0
1.007491611701015 0.02959192295832117 0
1.009467879994835 0.03739819768659848 0
1.011641775118037 0.04598509988770352 0
1.01403305975356 0.05543069230891907 0
1.016663472852634 0.0658208439722562 0
1.019556927261617 0.077250010801927 0
1.022739727111497 0.08982209431456491 0
1.001918984865801 0.004617087511064538 0
1.004029868218181 0.00969588377323553 0
1.0063518399058 0.01528255966162362 0
1.008906008762181 0.02142790313885052 0
1.011715594504199 0.02818778096380011 0
1.01480613882042 0.03562364657124466 0
1.018205737568263 0.04380309873943367 0
1.021945296190889 0.05280049612444158 0
1.026058810675779 0.06269763324795027 0
1.030583676609158 0.07358448408380984 0
1.035561029135874 0.08556002000325537 0
1.002570057891399 0.00428891623080446 0
1.005397121571938 0.009006724084689366 0
1.008506891620531 0.01419631272396276 0
1.011927638673983 0.0199048602271635 0
1.01569046043278 0.02618426248068431 0
1.019829564367457 0.0330916049595572 0
1.024382578695601 0.04068968168631738 0
1.02939089445656 0.04904756608575359 0
1.034900041793615 0.05824123892513342 0
1.040960103864376 0.06835427904845122 0
1.047626172142213 0.0794786231841008 0
1.0031664819797 0.003869546726973752 0
1.006649612157371 0.008126048126644881 0
1.010481055352808 0.01280819966628312 0
1.014695642867789 0.01795856635988519 0
1.019331689134268 0.02362396972284746 0
1.024431340027395 0.02985591342210595 0
1.030040956009835 0.0367110514912903 0
1.036211533590519 0.04425170336739309 0
1.042999168929271 0.05254642043110616 0
1.050465567801899 0.06167060920119053 0
1.058678606561789 0.07170721684828334 0
1.003695574948442 0.003367896346452348 0
1.007760707391729 0.007072582327549932 0
1.012232353079343 0.01114773690675727 0
1.01715116333572 0.01563040694388535 0
1.022561854617734 0.02056134398472623 0
1.028513615027949 0.0259853747296512 0
1.035060551479186 0.03195180854906868 0
1.042262181575547 0.03851488575042789 0
1.050183974681544 0.04573427067192304 0
1.058897947098141 0.05367559408556769 0
1.068483316756397 0.06241104984057681 0
1.004146086324018 0.002794632031911798 0
1.008706781280439 0.005868727267014777 0
1.013723545732501 0.009250232025628054 0
1.01924198662977 0.01296988726010266 0
1.025312271616765 0.01706150801802472 0
1.03198958510246 0.02156229085173899 0
1.039334629936724 0.02651315196882469 0
1.047414179254415 0.03195909919761896 0
1.056301683503875 0.03794964114929266 0
1.066077938178281 0.04453923729613373 0
1.076831818320127 0.0517877930576589 0
1.004508436568164 0.00216194350315755 0
1.009467716793144 0.004540081356630856 0
1.014922925040622 0.007156032995451492 0
1.020923654112847 0.01003357979815419 0
1.027524456092296 0.01319888128112716 0
1.034785338269689 0.01668071291239743 0
1.042772308664821 0.02051072770679472 0
1.051557976099467 0.02472374398063175 0
1.061222210277577 0.02935806188185247 0
1.071852867873499 0.03445581157319527 0
1.083546591229012 0.04006333623367235 0
1.00477492077437 0.001483284058596665 0
1.010027333626178 0.003114896523052996 0
1.015804987763166 0.004909670233954961 0
1.022160407313853 0.006883921315947122 0
1.029151368819608 0.009055597506138499 0
1.036841426475939 0.01144444131534901 0
1.045300489897903 0.01407216950548058 0
1.054605459662064 0.0169626705146253 0
1.064840926402641 0.0201422216246845 0
1.076099939817275 0.02363972784574962 0
1.088484854573373 0.02748698468892125 0
1.004939872502702 0.0007730845083505525 0
1.010373732255674 0.00162347746753616 0
1.016350977983943 0.002558909722640329 0
1.022925948285039 0.003587885203254914 0
1.030158415616244 0.004719758231930959 0
1.03811412968057 0.005964818563474607 0
1.046865415151329 0.007334384928172621 0
1.056491829169164 0.008840907929340435 0
1.067080884588782 0.01049808323062503 0
1.078728845550362 0.01232097606203809 0
1.0915416026081 0.01432615817659245 0
1.004999784269265 4.644632185289732e-05 0
1.010499546965456 9.753727589108436e-05 0
1.016549285931266 0.0001537373253330901 0
1.023203998793657 0.0002155573797192965 0
1.030524182942288 0.0002835594395441234 0
1.038576385505781 0.0003583617053514331 0
1.047433808325624 0.0004406441977394737 0
1.057176973427451 0.0005311549393663185 0
1.067894455039461 0.0006307167551558477 0
1.079683684812671 0.0007402347525243298 0
1.092651837563203 0.0008607045496296601 0
1.004953382128291 -0.0006811794852501595 0
1.010402102469411 -0.001430476919025335 0
1.016395694844644 -0.002254704096178028 0
1.022988646457399 -0.00316135399104599 0
1.03024089323143 -0.004158668875400749 0
1.038218364682865 -0.005255715248190983 0
1.046993583279442 -0.006462466258260241 0
1.056646323735678 -0.007789892369336426 0
1.067264338237537 -0.009250061091520229 0
1.078944154189581 -0.01085624668592241 0
1.091791951736831 -0.01262305083976481 0
1.004801652760938 -0.001394320896845234 0
1.010083470797969 -0.002928073883374992 0
1.015893470638704 -0.004615202168557726 0
1.022284470463512 -0.006471043282258733 0
1.029314570270801 -0.00851246850732984 0
1.037047680058819 -0.01075803625490806 0
1.045554100825638 -0.0132281607772441 0
1.05491116366914 -0.01594529775181374 0
1.065203932796991 -0.01893414842384036 0
1.076525978837628 -0.02222188416306962 0
1.088980229482329 -0.02583839347622182 0
1.004547822494794 -0.00207781388864456 0
1.009550427239068 -0.004363409166153576 0
1.015053292457769 -0.006877563971413494 0
1.02110644419834 -0.009643134257199402 0
1.027764911112968 -0.0126852615715639 0
1.035089224719059 -0.01603160161736485 0
1.043145969685759 -0.0197125756677459 0
1.052008389149129 -0.02376164712316505 0
1.061757050558836 -0.02821562572412612 0
1.072480578109514 -0.03311500218518329 0
1.084276458415259 -0.03850431629234618 0
1.004197288700225 -0.002717124871433366 0
1.008814306270473 -0.005705962230010068 0
1.013893025597745 -0.008993683324444442 0
1.019479616857745 -0.01261017652832225 0
1.025624867243745 -0.01658831905258784 0
1.032384642668345 -0.02096427582927999 0
1.039820395635404 -0.02577782828364136 0
1.04799972389917 -0.03107273598343886 0
1.056996984989312 -0.03689713445321612 0
1.066893972188468 -0.0433039727699711 0
1.077780658107541 -0.05035149491840157 0
1.003757505022312 -0.003298659728935664 0
1.007890760546855 -0.006927185430764895 0
1.012437341623852 -0.01091856370277705 0
1.017438580808549 -0.01530907980199042 0
1.022939943911715 -0.02013864751112512 0
1.028991443325199 -0.0254511719911733 0
1.03564809268003 -0.0312949489192263 0
1.042970406970345 -0.0377231035400846 0
1.051024952689692 -0.04479407362302872 0
1.059884952980972 -0.05257214071426726 0
1.069630953301381 -0.06112801451462965 0
1.003237822888786 -0.003810052879010283 0
1.00679942806645 -0.008001111045921593 0
1.010717193761881 -0.01261127502952404 0
1.015026736026855 -0.01768245541148672 0
1.019767232518326 -0.02326075383164568 0
1.024981778658945 -0.02939688209382053 0
1.030717779413625 -0.03614662318221287 0
1.037027380243774 -0.04357133837944444 0
1.043967941156937 -0.05173852509639917 0
1.051602558161416 -0.06072243048504937 0
1.060000636866344 -0.07060472641256459 0
1.002649292664086 -0.004240430211666914 0
1.005563514594582 -0.00890490344450052 0
1.008769158718126 -0.01403582400061749 0
1.012295367254025 -0.01967983661234615 0
1.016174196643514 -0.02588825048524768 0
1.020440908971952 -0.03271750574543936 0
1.025134292533234 -0.04022968653165021 0
1.030297014450644 -0.04849308539648215 0
1.035976008559795 -0.05758282414779729 0
1.042222902079861 -0.06758153677424393 0
1.049094484951933 -0.07858012066333525 0
1.002004428677737 -0.004580640312867331 0
1.004209300223248 -0.009619344657021396 0
1.00663465892331 -0.01516191943559087 0
1.009302553493378 -0.02125875169201728 0
1.012237237520452 -0.02796526717408634 0
1.015465389950235 -0.03534243420436231 0
1.019016357622995 -0.04345731793766587 0
1.022922422063032 -0.0523836900442998 0
1.027219092947072 -0.06220269936159711 0
1.031945430919516 -0.07300360961062416 0
1.037144402689205 -0.0848846108845539 0
1.001316943123409 -0.00482344905743851 0
1.00276558055916 -0.01012924302062087 0
1.004359081738485 -0.01596561638012147 0
1.006111933035744 -0.02238562707557213 0
1.008040069462727 -0.02944763884056785 0
1.01016101953241 -0.03721585178206314 0
1.01249406460906 -0.04576088601770797 0
1.015060414193375 -0.05516042367691729 0
1.017883398736122 -0.06549991510204754 0
1.020988681733144 -0.07687335566969081 0
1.024404493029868 -0.0893841402940984 0
1.000601454486966 -0.004963693433332498 0
1.001263054422629 -0.01042375620999825 0
1.001990814351858 -0.01642982526433057 0
1.00279135027401 -0.02303650122409612 0
1.003671939788378 -0.03030384477983824 0
1.004640588254182 -0.03829792269115456 0
1.005706101566566 -0.04709140839360251 0
1.006878166210189 -0.05676424266629527 0
1.008167437318174 -0.0674043603662573 0
1.009585635536958 -0.07910848983621553 0
1.01114565357762 -0.09198303225316959 0
0.9998731767033776 -0.004998391326360296 0
0.9997336710770931 -0.01049662178535662 0
0.9995802148881801 -0.01654467529025258 0
0.9994114130803757 -0.02319753414563814 0
0.9992257310917909 -0.03051567888656224 0
0.9990214809043476 -0.03856563810157877 0
0.9987968056981601 -0.04742059323809694 0
0.9985496629713537 -0.05716104388826693 0
0.9982778059718668 -0.06787553960345394 0
0.9979787632724311 -0.07966148489015963 0
0.9976498163030518 -0.09262602470553588 0
0.8088194630348198 0.0266836621841791 0
0.809478097395454 0.03214408363933627 0
0.8102025951921514 0.03815054724000916 0
0.8109995427685188 0.04475765720074934 0
0.8118761851025228 0.05202547815756354 0
0.8128404916699272 0.06002008121005915 0
0.8139012288940721 0.06881414456780433 0
0.8150680398406315 0.07848761426132403 0
0.8163515318818468 0.0891284309241957 0
0.8177633731271836 0.1008333292533546 0
0.8193163984970542 0.1137087174154293 0
0.7903486958937554 0.02890152953414561 0
0.7910032146232877 0.03436244569761497 0
0.7917231852257733 0.04036945347743127 0
0.7925151528885075 0.0469771620352292 0
0.793386317317515 0.05424564144880692 0
0.7943445981894233 0.06224096880374241 0
0.7953987071485225 0.07103582889417145 0
0.7965582270035314 0.0807101749936434 0
0.7978336988440414 0.09135195570306255 0
0.7992367178686023 0.1030579144834236 0
0.8007800387956193 0.1159344691418208 0
0.9453792806901117 0.0106545756232003 0
0.9459690501798058 0.01612286378225438 0
0.9466177966184692 0.02213798075721386 0
0.947331417700999 0.0287546094296693 0
0.948116400891782 0.03603290096937027 0
0.948979882401643 0.04403902166304134 0
0.9499297120624902 0.05284575442607953 0
0.9509745246894222 0.06253316046542154 0
0.9521238185790473 0.07318930710869774 0
0.9533880418576349 0.08491106841630157 0
0.9547786874640813 0.09780500585466577 0
0.9296129469969402 0.01237698033164636 0
0.9302176442106975 0.01784363789148909 0
0.9308828111458306 0.02385696120731609 0
0.931614494774477 0.0304716168547258 0
0.932419346765988 0.03774773806687647 0
0.9333046839566502 0.04575147140024222 0
0.9342785548663786 0.05455557806694454 0
0.9353498128670799 0.0642400954003171 0
0.9365281966678511 0.0748930644670269 0
0.9378244188486996 0.0866113304404077 0
0.9392502632476328 0.09950142301112656 0
0.9600149223296934 0.009101338246692944 0
0.9605845620502086 0.01457176019337799 0
0.9612111657427753 0.02058922433473153 0
0.9619004298045988 0.02720843489022043 0
0.9626586202726045 0.03448956650125822 0
0.9634926297874109 0.04249881127339979 0
0.9644100402536979 0.05130898052275552 0
0.9654191917666136 0.06100016669704682 0
0.9665292584308208 0.07166047148876725 0
0.9677503317614488 0.08338680675965973 0
0.9690935124251395 0.09628577555764145 0
0.7840222064065024 0.02965939966864102 0
0.7846756679134498 0.0351204424807287 0
0.7853944755710919 0.04112758957402515 0
0.7861851639944982 0.04773545137665126 0
0.7870549212602451 0.05500409935953997 0
0.7880116542525667 0.06299961214071755 0
0.7890640605441205 0.07179467620001288 0
0.7902217074648296 0.08146924666523775 0
0.7914951190776096 0.09211127417698511 0
0.7928958718516678 0.1038175044399072 0
0.7944366999031316 0.1166943577291215 0
0.8027466609442209 0.02741469869058911 0
0.8034028086702937 0.03287541948664107 0
0.8041245711689737 0.03888221236229822 0
0.8049185099175218 0.04548968452552108 0
0.8057918425409246 0.05275790390506623 0
0.8067525084266677 0.06075294522256589 0
0.8078092409009852 0.06954749067181554 0
0.8089716466227344 0.07922149066599013 0
0.8102502929166584 0.0898628906595822 0
0.811656803839975 0.1015684306525335 0
0.813203965855623 0.1144445246447798 0
0.8750764231420525 0.01867424360654189 0
0.8757331128519945 0.0241348992590839 0
0.8764554715329307 0.03014162047688011 0
0.8772500660819604 0.03674901381645594 0
0.8781241200858932 0.04401714648998936 0
0.8790855794902193 0.05201209243087611 0
0.880143184834978 0.06080653296585155 0
0.8813065507142125 0.07048041755432452 0
0.8825862531813705 0.0811216906016448 0
0.8839939258952443 0.09282709095369709 0
0.8855423658805054 0.1057030313409546 0
0.8489356947418845 0.02182647606978607 0
0.8495933523295014 0.0272870151561548 0
0.8503167756758799 0.03329360815116041 0
0.8511125413568963 0.03990086044566657 0
0.8519878836060144 0.04716883796962335 0
0.8529507600800442 0.05516361324597581 0
0.854009924201477 0.06395786604996352 0
0.8551750047350531 0.07363154413435 0
0.8564565933219869 0.08427259002717513 0
0.857866340767614 0.09597774050928277 0
0.8594170629578038 0.1088534060396012 0
0.83789891101319 0.02315949815563991 0
0.8385601442216599 0.02861960540194657 0
0.8392875007509769 0.03462572337288389 0
0.8400875929332255 0.04123245314091494 0
0.8409676943336991 0.0484998558857491 0
0.84193580587422 0.05649399890506668 0
0.8430007285687929 0.065287556226316 0
0.8441721435328232 0.07496046927969027 0
0.8454606999932565 0.08560067363840196 0
0.8468781120997331 0.09730489843298484 0
0.8484372654168574 0.110179545707026 0
0.7776102017804098 0.03042578161760695 0
0.7782617997722007 0.03588704716427721 0
0.7789785575631706 0.04189443926561449 0
0.7797669911332376 0.04850257057708551 0
0.7806342680603112 0.05577151501970364 0
0.7815882726800921 0.06376735390658356 0
0.7826376777618512 0.07256277668215148 0
0.7837920233517862 0.0822377417352762 0
0.7850618035007147 0.0928802032937134 0
0.7864585616645361 0.1045869110079943 0
0.7879949956447395 0.1174642894937033 0
0.8434592360082477 0.0224868479850919 0
0.8441187196074341 0.02794716688571921 0
0.8448441515665392 0.03395351767640924 0
0.8456421267215548 0.04056050354616828 0
0.846519899392072 0.04782818800290322 0
0.8474854493296409 0.05582264090531165 0
0.8485475542609666 0.06461653909796093 0
0.8497158696854249 0.07428982710987515 0
0.8510010166523291 0.0849304439229808 0
0.8524146783159237 0.09663512241739698 0
0.8539697061458777 0.1095102687612548 0
0.7645300049282517 0.03197980939501629 0
0.7651753305296356 0.03744181991836142 0
0.7658851886911577 0.04345003149404105 0
0.7666660326688322 0.05005906422728865 0
0.767524961044274 0.05732900023386102 0
0.76846978225726 0.06532592984109062 0
0.7695090855915446 0.07412255240904317 0
0.7706523192592577 0.08379883723379099 0
0.7719098762937421 0.09444275054101359 0
0.773293189031675 0.1061510551789584 0
0.774814833043401 0.1190301902806978 0
0.956458627601565 0.009473224647826175 0
0.9570334137630875 0.01494310843670195 0
0.9576656785407621 0.0209599806044653 0
0.9583611697962043 0.02757853998900498 0
0.9591262101771907 0.03485895531199864 0
0.9599677545962757 0.04286741216729165 0
0.9608934534572692 0.05167671470811398 0
0.9619117222043621 0.06136694750301853 0
0.9630318178261642 0.07202620357741353 0
0.9642639230101466 0.08375138525924804 0
0.9656192387125272 0.09664908510926601 0
0.925489313492825 0.01283456479417678 0
0.9260977882851806 0.01830080317657801 0
0.9267671105567716 0.02431366539721935 0
0.9275033650555219 0.03092781383992484 0
0.928313245004147 0.03820337712690087 0
0.9292041129476348 0.04620649674257449 0
0.9301840676854712 0.05500992831981549 0
0.9312620178970914 0.0646937030547806 0
0.9324477631298735 0.07534585526324222 0
0.9337520828859339 0.08706322269254999 0
0.9351868346176003 0.09995232686478854 0
0.7711127594092813 0.03119962826153842 0
0.7717616560875552 0.03666121553862769 0
0.7724754424336564 0.04266896154342589 0
0.7732606074143679 0.04927748214870391 0
0.7741242888931503 0.05654685481450972 0
0.7750743385198111 0.06454316474689611 0
0.776119393109138 0.07333910567252117 0
0.7772689531573975 0.08301464069070871 0
0.7785334692104831 0.09365772921071501 0
0.7799244368688771 0.1053651265827219 0
0.7814545012931106 0.1182432636919296 0
0.7965897250931812 0.02815312740072299 0
0.7972446227433162 0.03361399812527101 0
0.7979650101584648 0.03962095592227385 0
0.7987574363151282 0.04622860949897696 0
0.799629105087458 0.05349702843335039 0
0.8005879407370208 0.06149228926116115 0
0.8016426599515398 0.070287076171753 0
0.8028028510875107 0.07996134177340404 0
0.8040790613370787 0.09060303393522019 0
0.8054828926116037 0.1023088953132179 0
0.8070271070135809 0.1151853428290155 0
0.9170181946017847 0.01378351861295644 0
0.9176342636617889 0.01924890630135723 0
0.9183119396277936 0.02526083275859811 0
0.9190573831903986 0.03187395186156308 0
0.9198773711092643 0.03914838287482454 0
0.9207793578200165 0.04715025698941215 0
0.9217715432018438 0.05595231851545852 0
0.922862947121854 0.06563458619410953 0
0.9240634914338651 0.07628508064062565 0
0.9253840901770773 0.08800062453179337 0
0.9268367487946109 0.1008877228120779 0
0.832253806616239 0.02384387297332804 0
0.8329160774297937 0.02930385442787083 0
0.8336445753247037 0.03530983402786789 0
0.8344459230091048 0.04191641158786466 0
0.8353274054619459 0.04918364690386112 0
0.8362970361600712 0.05717760575145721 0
0.8373636299280091 0.0659709604838129 0
0.8385368830727407 0.07564365068940418 0
0.8398274615319454 0.0862836099155546 0
0.8412470978370706 0.09798756506432005 0
0.8428086977727084 0.110861915727962 0
0.8849528137984799 0.01749192979898638 0
0.8856025703005727 0.02295341508237009 0
0.8863173024528749 0.02896104889409218 0
0.8871035078204071 0.03556944608698646 0
0.8879683337246927 0.04283868299917019 0
0.8889196422194069 0.05083484360257228 0
0.8899660815635925 0.05963062026631458 0
0.8911171648421965 0.06930597459643112 0
0.8923833564486611 0.07994886435955931 0
0.893776167215772 0.09165604309900033 0
0.8953082590595941 0.1045339397123854 0
0.9336629724497708 0.01193039118350894 0
0.9342639082203633 0.01739746350451921 0
0.934924937568015 0.0234112430576305 0
0.9356520698504318 0.03002640056605292 0
0.9364519153610904 0.03730307382531758 0
0.9373317454228148 0.0453074144105087 0
0.9382995584907117 0.05411218905421895 0
0.9393641528653982 0.06379744116230023 0
0.9405352066775533 0.07445121848118962 0
0.9418233658709241 0.08617037353196795 0
0.9432403409836319 0.09906144408782412 0
0.9126692372672249 0.01427528348920808 0
0.9132891180758946 0.01974024016511221 0
0.9139709869654314 0.02575169250860674 0
0.9147210427439217 0.03236429008645073 0
0.9155461041002613 0.03963814742207911 0
0.9164536715922347 0.04763939049127035 0
0.9174519958334053 0.05644075786738069 0
0.9185501524986932 0.06612226198110208 0
0.9197581248305098 0.07677191650619561 0
0.9210868943955079 0.08848653648379849 0
0.922548540917006 0.1013726184591617 0
0.9082437353599769 0.01477883334543015 0
0.9088674341687617 0.0202433556019893 0
0.9095535028584248 0.02625433008420437 0
0.9103081784170544 0.03286640201464094 0
0.9111383215315468 0.04013968113812118 0
0.9120514789574886 0.04814028817394943 0
0.9130559521260244 0.05694095591336051 0
0.9141608726114139 0.0666216904267127 0
0.9153762851453423 0.07727049839140011 0
0.9167132389326637 0.08898418715255627 0
0.918183888098717 0.101869244789828 0
0.8991617114698436 0.01582207529011424 0
0.8997944892428311 0.02128555424592063 0
0.9004905447931173 0.02729538109730766 0
0.901256205898432 0.03390619063383339 0
0.9020984331142784 0.0411780811240117 0
0.9030248830517092 0.04917716066320783 0
0.9040439779828833 0.05797614815632358 0
0.9051649824071747 0.06765503439875091 0
0.9063980872738953 0.07830180926542098 0
0.9077545026272879 0.09001326161875804 0
0.9092465595160197 0.1028958592074288 0
0.9635049531293627 0.008739440175983468 0
0.9640702360976738 0.0142103138864424 0
0.9646920473628162 0.02022827496794723 0
0.9653760397544728 0.02684803215760254 0
0.966128431385295 0.03412976506622338 0
0.9669560621791995 0.0421396712657063 0
0.9678664560524944 0.05095056808513752 0
0.9688678893131188 0.06064255458651186 0
0.9699694658998057 0.07130373973802363 0
0.9711812001451612 0.08303104340468657 0
0.9725141078150523 0.09593107743801582 0
0.9376401721318486 0.01149459553306378 0
0.9382373647745198 0.01696207799520764 0
0.938894276681458 0.02297630870356587 0
0.9396168797790901 0.02959196248275994 0
0.9404117431864853 0.03686918163987341 0
0.9412860929346202 0.04487412271269823 0
0.9422478776575685 0.05367955789280553 0
0.9433058408528117 0.06336553659092356 0
0.9444696003675791 0.0740201131588534 0
0.9457497358338233 0.08574014738357622 0
0.9471578848466918 0.09863218503077133 0
0.9491425663023464 0.01024997286519567 0
0.949728378369167 0.01571868649207591 0
0.9503727716426696 0.02173427148164418 0
0.9510816042435225 0.02835141497016928 0
0.9518613201044607 0.03563027280754689 0
0.9527190075514926 0.04363701642866225 0
0.9536624637432278 0.05244443441188915 0
0.9547002655541366 0.06213259419343876 0
0.9558418475461361 0.07278956995314333 0
0.9570975877373357 0.08451224328881833 0
0.9584789019476552 0.09740718395806085 0
0.921291311410548 0.01330334461135877 0
0.9219035776220604 0.01876915962261444 0
0.9225770704547241 0.02478155613499567 0
0.9233179125706543 0.03139519229861503 0
0.9241328388981774 0.03867019207859632 0
0.9250292578584529 0.04667269183657574 0
0.9260153187147558 0.05547544157035311 0
0.9270999856566892 0.06515846627750821 0
0.9282931192928158 0.07580979345537883 0
0.929605566292555 0.0875262533510365 0
0.9310492579922682 0.10041435923626 0
0.9415453378640571 0.01106939136568433 0
0.942138807761185 0.01653727916324564 0
0.9427916246480255 0.02255195574056309 0
0.94350972322355 0.02916809997561229 0
0.944299631656627 0.0364458586341664 0
0.9451685309330117 0.04445139315857592 0
0.9461243201370348 0.05325748113542639 0
0.9471756882614604 0.06294417790996193 0
0.9483321931983284 0.07359954436195101 0
0.9496043486288833 0.08532044745913901 0
0.9510037196024936 0.09821344086604579 0
0.9037410996210608 0.01529434874853496 0
0.9043687240443006 0.02075842156108384 0
0.9050591109098644 0.0267689016548876 0
0.9058185364619845 0.03338042975807174 0
0.9066539045693167 0.0406531106715743 0
0.9075728094873821 0.04865305967642711 0
0.908583604897254 0.05745300358176519 0
0.9096954798481132 0.0671329418776371 0
0.9109185422940582 0.0777808740030962 0
0.9122639109845977 0.0894935993411012 0
0.9137438165441912 0.1023775972129067 0
0.9528351855925822 0.009855852141531916 0
0.9534158141784338 0.01532511899903237 0
0.9540545056228706 0.02134131254228288 0
0.9547570662117512 0.02795912543985843 0
0.9555298828595198 0.03523871962719154 0
0.9563799811720652 0.04324627323325796 0
0.9573150893158652 0.05205458219993103 0
0.9583437082740451 0.0617437220632714 0
0.9594751891280432 0.07240177591294582 0
0.960719818067441 0.08412563514758767 0
0.9620889099007786 0.0970218803056937 0
0.8945050574552328 0.01636413538257384 0
0.8951440986696197 0.02182688525754216 0
0.8958470440054455 0.02783591012000732 0
0.8966202838748538 0.03444583746871899 0
0.8974708477312029 0.04171675755230184 0
0.898406467973187 0.04971476964424296 0
0.8994356502393694 0.05851258294537819 0
0.9005677507321701 0.06819017757662696 0
0.9018130612742509 0.0788355316710006 0
0.9031829028705397 0.0905454211748116 0
0.9046897286264575 0.1034262996290037 0
0.8800554756118316 0.01807660129444943 0
0.8807091960580767 0.02353761334748224 0
0.8814282885489465 0.02954472660581832 0
0.8822192902889031 0.03615255118998802 0
0.8830893922028555 0.04342115823257468 0
0.8840465043082031 0.05141662597942 0
0.8850993276240855 0.06021164050094985 0
0.886257433271556 0.0698861564746327 0
0.8875313494837737 0.08052812404568384 0
0.888932657317213 0.09223428837384008 0
0.8904740959339964 0.105111069134812 0
0.8207079660362637 0.02524495780873071 0
0.8213700441411501 0.03070496264222635 0
0.8220983300565251 0.03671096795907156 0
0.8228994445634377 0.04331757380760128 0
0.8237806705210414 0.05058484024098397 0
0.8247500190744056 0.05857883331770494 0
0.8258163024831062 0.067372225702098 0
0.8269892142326768 0.07704495732493037 0
0.8282794171572045 0.08768496211004598 0
0.8296986403741851 0.09938896737367316 0
0.8312597859128635 0.112263373163663 0
0.8148066650331497 0.02596005951484548 0
0.8154674450448045 0.03142022164819026 0
0.8161943030576247 0.03742639999486953 0
0.8169938468717272 0.04403319617621673 0
0.8178733450672397 0.05130067197569864 0
0.8188407930823035 0.05929489535512874 0
0.8199049858988737 0.06808854107250185 0
0.8210755979971011 0.07776155136161228 0
0.822363271305151 0.08840186267963376 0
0.823779711944006 0.1001062051294574 0
0.8253377966467464 0.1129809818242634 0
0.8700149973904829 0.01928408340254413 0
0.8706736107269573 0.02474450728349627 0
0.8713980853970791 0.03075097355254362 0
0.8721950075342131 0.03735808644849571 0
0.8730716218850605 0.04462591063404301 0
0.8740358976709927 0.05262051723814504 0
0.875096601035518 0.06141458450265726 0
0.8762633747364958 0.07108805849362071 0
0.8775468258075715 0.08172887988368052 0
0.8789586219857548 0.0934337834127463 0
0.8805115977817564 0.1063091772947186 0
0.8648705603828235 0.01990524903725673 0
0.8655299992811246 0.02536557323611191 0
0.8662553820692558 0.03137192985485262 0
0.8670533031362001 0.0379789221354674 0
0.8679310163098388 0.04524661364414365 0
0.8688965008008415 0.05324107430368753 0
0.8699585337409443 0.0620349810291858 0
0.8711267699750574 0.07170827842723389 0
0.8724118298325819 0.0823489055650868 0
0.8738253956758588 0.09405359541672499 0
0.8753803181034634 0.106928754253527 0
0.8596424858244547 0.02053676643409083 0
0.8603015982937547 0.02599713006365628 0
0.8610266220099848 0.03200353005617828 0
0.8618241480978379 0.03861057004795248 0
0.8627014267944763 0.04587831403890409 0
0.8636664333607784 0.05387283242895087 0
0.8647279405837109 0.06266680265800233 0
0.8658955985289366 0.07234016990995894 0
0.8671800222686848 0.08298087388711121 0
0.8685928883824079 0.0946856482619787 0
0.8701470411075032 0.1075609000743329 0
0.8543303446994699 0.02117753133694032 0
0.8549881154428108 0.02663805681005479 0
0.8557116632604859 0.03264463483048071 0
0.8565075658599284 0.03925187065294922 0
0.8573830587193151 0.04651983005766458 0
0.8583461008646405 0.05451458540285148 0
0.8594054472244984 0.06330881628255706 0
0.8605707282203422 0.07298247025023322 0
0.8618525373157703 0.08362348961467699 0
0.8632625273207413 0.09532861091556513 0
0.8648135163262093 0.1082042443465421 0
0.8265235909559305 0.02453928137502204 0
0.8271861545766254 0.02999922729513684 0
0.8279149745593897 0.03600516780726312 0
0.8287166765404305 0.04261170237060204 0
0.8295985487195754 0.04987889039027484 0
0.8305686081166347 0.05787279721191492 0
0.8316356734533999 0.06666609471571901 0
0.8328094453238417 0.07633872196990352 0
0.8341005943813277 0.08697861194950647 0
0.8355208583445622 0.09868249092706972 0
0.8370831487041204 0.1115567578023893 0
0.8897691109042575 0.01692091008623774 0
0.8904139582955809 0.02238297738207966 0
0.8911232904260367 0.02839125140750579 0
0.8919035557695381 0.03500035283547453 0
0.8927618476473895 0.04227036440624014 0
0.8937059687130261 0.05026737713408232 0
0.8947445018852265 0.05906409113470871 0
0.8958868883746468 0.06874047653539773 0
0.8971435135130091 0.07938450047615568 0
0.8985258011652077 0.09109292681098941 0
0.9000463175826261 0.1039721957793065 0
0.6401562383280431 0.04560477593239798 0
0.6406904994401321 0.05107876779496485 0
0.6412781866634299 0.05710015884378841 0
0.6419246426090575 0.06372368899749432 0
0.6426357441492478 0.07100957216657083 0
0.6434179558434573 0.07902404365255498 0
0.6442783887070876 0.08783996228713756 0
0.645224864857081 0.09753747278517838 0
0.6462659886220737 0.1082047343330233 0
0.6474112247635657 0.1199387220356527 0
0.6486709845192069 0.1328461085085451 0
0.5827476777779166 0.05080047651515694 0
0.5832034379474393 0.05628156404862794 0
0.5837047741339143 0.06231076033544604 0
0.5842562439390367 0.06894287625094594 0
0.5848628607246715 0.07623820375799585 0
0.5855301391888698 0.08426306401575073 0
0.5862641454994877 0.09309041029928111 0
0.5870715524411676 0.1028004912111645 0
0.5879597000770154 0.1134815802142363 0
0.5889366624764479 0.1252307781176152 0
0.5900113211158238 0.1381548958113321 0
0.7373595105644505 0.03514845891359773 0
0.7379901386332998 0.04061218576386519 0
0.7386838295090339 0.04662228529915939 0
0.7394468894723414 0.05323339478798301 0
0.7402862554319797 0.06050561522568899 0
0.7412095579875818 0.06850505770716557 0
0.7422251907987442 0.07730444443678981 0
0.7433423868910227 0.08698376983937647 0
0.7445713025925291 0.09763102778222181 0
0.7459231098641862 0.1093430115193517 0
0.747410097863009 0.1222261936301945 0
0.557225132845108 0.05282738587730754 0
0.5576378901661448 0.05831188208970078 0
0.5580919232192854 0.06434482792333335 0
0.5585913595777399 0.07098106834032919 0
0.5591407395720399 0.07828093279902459 0
0.55974505756577 0.08631078370358955 0
0.560409807358873 0.09514361969861099 0
0.5611410321312864 0.1048597392931346 0
0.5619453793809411 0.1155474708471105 0
0.5628301613555613 0.1273039755564841 0
0.5638034215276435 0.140236130736795 0
0.4959224173278559 0.05682115176688389 0
0.4962197997166133 0.06231311277714852 0
0.4965469203442466 0.06835426988843962 0
0.4969067530346432 0.07499954271085982 0
0.4973025689940794 0.08230934281552205 0
0.4977379665494592 0.09035012293065049 0
0.498216903860377 0.09919498105729178 0
0.4987437349023867 0.1089243249965972 0
0.4993232490485973 0.1196266033298332 0
0.4999607146094289 0.1313991094963927 0
0.5006619267263437 0.1443488662796082 0
0.4869987255248633 0.05729048050872432 0
0.4872788197703644 0.06278335089959697 0
0.4875869234404154 0.06882550832955688 0
0.4879258374774716 0.07547188150251277 0
0.4882986429182335 0.08278289199276426 0
0.4887087289030715 0.0908250035320409 0
0.4891598234863934 0.09967132622524519 0
0.4896560275280474 0.1094022811877699 0
0.4902018519738668 0.1201063316465471 0
0.4908022588642681 0.1318807871512021 0
0.4914627064437096 0.1448326882063225 0
0.4600271789293745 0.05852657839398171 0
0.460248431871983 0.06402213697648498 0
0.4604918101088523 0.07006725141723857 0
0.4607595261694086 0.07671687730206753 0
0.4610540138360205 0.08403146577537937 0
0.4613779502692936 0.09207751309602241 0
0.461734280345894 0.1009281651487297 0
0.4621262434301544 0.1106638824067078 0
0.4625574028228409 0.1213731713904837 0
0.463031678154796 0.1331533892726372 0
0.4635533810199466 0.146111628943006 0
0.4509787589303959 0.05887295968626238 0
0.4511786068286636 0.06436933787950014 0
0.4513984395167581 0.07041535389206167 0
0.451640255473662 0.07706597150587936 0
0.4519062530262564 0.08438165088107882 0
0.4521988503341101 0.09242889819379821 0
0.4525207073727493 0.1012808702377896 0
0.4528747501152523 0.11101803948618 0
0.4532641971320057 0.1217289256594096 0
0.4536925888504344 0.1335109004499621 0
0.454163819740706 0.1464710727195698 0
0.7232768821523385 0.03676368236606133 0
0.7238986654398077 0.04222842327792131 0
0.7245826270560238 0.04823963828096728 0
0.7253349848338615 0.05485197478431784 0
0.7261625783894829 0.06212554493800347 0
0.7270729313006665 0.07012647210705766 0
0.7280743195029685 0.07892749199301727 0
0.7291758465255007 0.08860861386757284 0
0.730387526250286 0.09925784792958398 0
0.73172037394755 0.1109720053977962 0
0.7331865064145403 0.1238575786128297 0
0.4419074841644045 0.05918519380977996 0
0.442086834872868 0.06468227770835892 0
0.4422841206521778 0.07072906999679576 0
0.4425011350094186 0.07738054151407631 0
0.4427398508023835 0.08469716018308489 0
0.4430024381746449 0.09274544071899435 0
0.4432912842841324 0.1015985493084947 0
0.4436090150045687 0.1113369687569452 0
0.4439585187970486 0.1220492301502407 0
0.4443429729687765 0.1338327176828657 0
0.4447658725576772 0.1467945539687532 0
0.5994686642675545 0.04937464302854814 0
0.5999470371893419 0.0548538026892948 0
0.600473247403308 0.06088087831611613 0
0.6010520786386707 0.0675106615056196 0
0.6016887929975697 0.0748034230140734 0
0.6023891787923586 0.0828254606733726 0
0.6031596031666264 0.0916497020986017 0
0.604007069978321 0.1013563676663537 0
0.604939283471185 0.1120336997908809 0
0.6059647183133354 0.1237787651278609 0
0.6070926966397008 0.1366983369985388 0
0.5312282842783149 0.05467615063042101 0
0.5315964574680523 0.06016381948492371 0
0.5320014479767635 0.06620025522487667 0
0.5324469375363459 0.07284033453882494 0
0.5329369760518864 0.08014442178416803 0
0.533476018418981 0.08817891775404543 0
0.534068965022785 0.09701686332091058 0
0.5347212062869694 0.1067386034444622 0
0.5354386716775723 0.1174325175803691 0
0.5362278836072355 0.1291958231298666 0
0.5370960167298651 0.1421354592343138 0
0.5048103443518333 0.05632619494710592 0
0.5051258071107594 0.06181714893683767 0
0.5054728161455783 0.0678571983255426 0
0.5058545260838789 0.07450125265311802 0
0.5062744070160098 0.08180971241345099 0
0.5067362760413536 0.08984901814981724 0
0.5072443319692318 0.09869225445982013 0
0.5078031934898979 0.1084198144008233 0
0.5084179411626306 0.1191201303359268 0
0.5090941636026365 0.1308904778645407 0
0.5098380082866431 0.1438378601460159 0
0.7511102743291054 0.03355411274268241 0
0.7517467870658994 0.03901715723060983 0
0.7524469510763727 0.04502650616732998 0
0.7532171314878934 0.05163678999772215 0
0.754064329940566 0.05890810221115354 0
0.7549962482385061 0.06690654564592806 0
0.7560213583662401 0.07570483342418005 0
0.7571489795067474 0.08538294998025722 0
0.7583893627613056 0.09602887819194213 0
0.7597537843413196 0.1077393992247955 0
0.761254648079335 0.1206209723609342 0
0.4328154903290679 0.05946536594916343 0
0.4329745003990675 0.0649630768369473 0
0.4331494114760669 0.07101055881350957 0
0.4333418136607664 0.07766278898772806 0
0.4335534560639358 0.08498024217936839 0
0.4337862627074221 0.09302944069017277 0
0.4340423500152571 0.1018835590520576 0
0.4343240460538755 0.1116230892501309 0
0.4346339116963558 0.1223365724680115 0
0.4349747639030841 0.1341214040076802 0
0.4353497013304853 0.1470847187013158 0
0.7015381245455979 0.0391974511434154 0
0.7021392603642996 0.0446645022449051 0
0.7028005097648714 0.05067825845654377 0
0.7035278841055003 0.05729339028934631 0
0.7043279958801921 0.0645700353054291 0
0.7052081188323531 0.07257434482312017 0
0.7061762540797303 0.08137908529258034 0
0.7072412028518451 0.09106429980898655 0
0.7084126465011714 0.1017180357770334 0
0.7097012345154303 0.1134371453418849 0
0.7111186813311152 0.1263281658632215 0
0.591138454224598 0.05009336303913318 0
0.5916058015042148 0.05557347403390599 0
0.5921198835117933 0.06160159612815608 0
0.5926853737201299 0.06823253043183117 0
0.5933074129492999 0.07552655816587378 0
0.5939916561013869 0.08354998867332064 0
0.5947443235686827 0.09237576223151218 0
0.5955722577827081 0.1020841131455229 0
0.5964829854181359 0.1127632991509347 0
0.5974847858171066 0.1245104037568876 0
0.5985867662559744 0.1374322188234359 0
0.6321540071006847 0.04637889404897745 0
0.632678550373808 0.05185382603710523 0
0.6332555479742439 0.05787625122404579 0
0.6338902453347232 0.06450091892968039 0
0.6345884124312504 0.07178805340587846 0
0.6353563962374305 0.07980390132969634 0
0.6362011784242284 0.08862133404589601 0
0.6371304388297062 0.09832051003371564 0
0.6381526252757318 0.1089896036203173 0
0.63927703036636 0.120725606565579 0
0.6405138759660509 0.1336352098053669 0
0.7303596003729736 0.03595420450452366 0
0.7309863443367259 0.04141837845341068 0
0.7316757626968534 0.0474289697971864 0
0.7324341228929937 0.05404062027533969 0
0.733268319108748 0.06131343580130832 0
0.7341859349460778 0.06931353287987381 0
0.7351953123671404 0.07811363966629585 0
0.7363056275303094 0.0877937571313601 0
0.7375269742097952 0.09844188634293077 0
0.7388704555572296 0.1101548284756585 0
0.7403482850394074 0.123039064821659 0
0.6159432937967069 0.04790032254382636 0
0.6164458605839692 0.05337731643177458 0
0.6169986840499578 0.05940200970851761 0
0.6176067898625452 0.06602917231293495 0
0.6182757062563914 0.07331905117779403 0
0.6190115142896222 0.081337917929139 0
0.6198209031261761 0.09015867135561847 0
0.6207112308463854 0.09986150012474591 0
0.6216905913386156 0.1105346117707861 0
0.6227678878800688 0.1222750345814303 0
0.6239529140756673 0.1351894996731389 0
0.5742973327794867 0.05149356643243361 0
0.574740139453361 0.05697571647709265 0
0.5752272267946226 0.0630060815262176 0
0.5757630228700104 0.06963948308025504 0
0.576352398552937 0.07693622478969622 0
0.5770007118041561 0.08496264067008152 0
0.5777138563804973 0.09379169813850535 0
0.5784983154144725 0.1035036613537716 0
0.5793612203518453 0.1141868208905644 0
0.5803104157829554 0.1259382963810365 0
0.5813545307571765 0.1388649194205559 0
0.5657891870170184 0.05217007949318492 0
0.566217647994762 0.05765337030945289 0
0.5666889550702801 0.06368499020734766 0
0.5672073928533499 0.0703197720950319 0
0.5677776744147267 0.07761803217148458 0
0.5684049841322412 0.08564611825558252 0
0.5690950248215071 0.09447701294809026 0
0.5698540695796995 0.1041909971098488 0
0.5706890188137114 0.1148763796877831 0
0.5716074629711243 0.1266303005235109 0
0.5726177515442785 0.1395596134428115 0
0.5136597277405059 0.05580233821205067 0
0.5139939713539651 0.06129218027183361 0
0.5143616393287701 0.06733100653759484 0
0.5147660741010556 0.0739737154299322 0
0.5152109523505697 0.0812806952115033 0
0.5157003184250351 0.0893183729712315 0
0.5162386211069471 0.09815981850693253 0
0.5168307540570503 0.1078854085962037 0
0.5174821003021638 0.1185835576944019 0
0.5181985811717887 0.13035152170242 0
0.518986710128376 0.1432962821112398 0
0.6866510197377563 0.04081773292255433 0
0.6872404149185294 0.0462860620498515 0
0.6878887496173797 0.05230122408987839 0
0.688601917786115 0.05891790233390796 0
0.6893864027717239 0.06619624840234051 0
0.6902493362558938 0.07420242907761629 0
0.6911985630884805 0.08300922782041967 0
0.692242712604326 0.09269670643750337 0
0.693391277071756 0.1033529329162955 0
0.694654697985929 0.1150747820429667 0
0.6960444609915193 0.1279688160823051 0
0.4780401136671187 0.05773281532092252 0
0.4783019207995666 0.06322658879659113 0
0.4785899086452592 0.0692697396198266 0
0.4789066952755211 0.07591720552538561 0
0.4792551605688092 0.08322941802150054 0
0.4796384723914262 0.09127285176722695 0
0.4800601153963047 0.100120628887526 0
0.4805239227016712 0.109853183719855 0
0.4810341107375743 0.1205589940354168 0
0.4815953175770677 0.1323353853825349 0
0.4822126451005105 0.1452894158643647 0
0.5399427847657099 0.0540791206043684 0
0.5403258507312799 0.05956576905438746 0
0.540747223293407 0.06560108234940842 0
0.5412107331117468 0.07223992697393147 0
0.5417205939119205 0.07954265606090682 0
0.5422814407921116 0.08757565805657971 0
0.5428983723603219 0.0964119602518199 0
0.5435769970853531 0.1061318926665841 0
0.5443234842828875 0.1168238183228247 0
0.5451446202001753 0.1285849365446894 0
0.5460478697091919 0.1415221665887406 0
0.7442761695091697 0.03434798939473899 0
0.7449096416274626 0.03981138709742708 0
0.745606460957585 0.04582112457038399 0
0.7463729622207195 0.05243183579063659 0
0.7472161136101674 0.05970361813291445 0
0.7481435801385601 0.06770257870942009 0
0.7491637933197921 0.07650143534357631 0
0.7502860278191472 0.08618017764114815 0
0.751520485768438 0.09682679416847717 0
0.7528783895126577 0.1085380723485391 0
0.7543720836312995 0.1214204783466072 0
0.6941333492892908 0.04000690458153722 0
0.6947284697131022 0.0454746132732627 0
0.6953831021792947 0.05148909283416072 0
0.6961031978921064 0.05810502035114855 0
0.6968953031761993 0.06538254061983514 0
0.6977666189887015 0.07338781291539043 0
0.698725066382454 0.08219361244050122 0
0.6997793585155816 0.0918799919181231 0
0.7009390798620221 0.1025350093435072 0
0.7022147733431066 0.1142555285114296 0
0.7036180361722995 0.1271480995961443 0
0.7161118557409393 0.0375752483009154 0
0.7167275658732772 0.04304067712212653 0
0.7174048470188491 0.04905264882545878 0
0.718149856278978 0.05566581769912425 0
0.7189693664651199 0.06294030346015628 0
0.7198708276698759 0.0709422377972915 0
0.7208624349951075 0.07974436556814024 0
0.7219532030528624 0.08942670611607387 0
0.7231530479163926 0.1000772807188008 0
0.724472877266276 0.1117929127818005 0
0.7259246895511475 0.1246801080511002 0
0.6480882817307018 0.04482383730167953 0
0.6486318848290913 0.05029690937158569 0
0.6492298482373197 0.05631728864848248 0
0.649887607986371 0.06293970585306895 0
0.6506111437103274 0.07022436477811406 0
0.6514070330066793 0.07823748959566368 0
0.6522825112326667 0.08705192689496827 0
0.6532455372812526 0.09674780792420333 0
0.6543048659346972 0.1074132770563619 0
0.6554701274534861 0.1191452931017363 0
0.6567519151241541 0.1320505107516481 0
0.6637390441628143 0.04323962411463224 0
0.6643037383409328 0.04871056066570883 0
0.664924901936863 0.05472859087189308 0
0.6656081818923864 0.06134842409869576 0
0.6663597898434621 0.0686302406481787 0
0.6671865585896453 0.07664023885260993 0
0.6680960042104468 0.08545123687748429 0
0.6690963943933286 0.09514333470484609 0
0.6701968235944984 0.1058046423149441 0
0.6714072957157853 0.1175320806860518 0
0.6727388150492009 0.1304322628942704 0
0.7088650787939245 0.03838715623041004 0
0.7094735671271614 0.04385339418528351 0
0.7101429042937218 0.04986625593564432 0
0.7108791751769384 0.05648040386104122 0
0.7116890731484766 0.06375596657897781 0
0.7125799609171687 0.07175908556870805 0
0.7135599374627299 0.08056251645741132 0
0.7146379116628473 0.09024629043498492 0
0.7158236832829764 0.1008984418103159 0
0.7171280320651184 0.1126158083231799 0
0.7185628157254748 0.1255049114873304 0
0.6790906052059252 0.04162817397928377 0
0.6796730499820792 0.04709724817982809 0
0.6803137392358486 0.05311322980042686 0
0.6810184974149949 0.0597308095830855 0
0.6817937314120558 0.06701014734401001 0
0.6826464888088228 0.07501741888102695 0
0.6835845219452665 0.08382541757174561 0
0.6846163583953547 0.09351421613153613 0
0.6857513784904516 0.1041718945473057 0
0.6869999005950582 0.1158953408046522 0
0.6883732749101255 0.1287911316877334 0
0.6559499472621927 0.04403622167918225 0
0.6565038959823848 0.04950825723051128 0
0.6571132395745962 0.05552749633697319 0
0.6577835175260287 0.06214865935408131 0
0.6585208232726044 0.06943193867290025 0
0.6593318595938378 0.07744354592360106 0
0.6602239995471944 0.08625631389937197 0
0.6612053534958867 0.09595035867271996 0
0.6622848428394482 0.1066138079234028 0
0.6634722811173659 0.1183436020991538 0
0.6647784632230754 0.13124637569248 0
0.6077377684161411 0.0486442603286693 0
0.6082280619706789 0.05412236701403998 0
0.6087673848806706 0.06014828436794773 0
0.6093606400816614 0.06677679345724626 0
0.6100132208027512 0.07406815345547463 0
0.61073105959595 0.08208864945352584 0
0.6115206822684687 0.09091119505138218 0
0.6123892672082393 0.1006159952090242 0
0.6133447106419869 0.1112912753824303 0
0.6143956984191093 0.1230340835731771 0
0.6155517849739439 0.1359511725829985 0
0.5486086385933515 0.05346286540133178 0
0.5490060106030126 0.05894849641194654 0
0.5494431198136398 0.06498269052362278 0
0.5499239399453297 0.07162030404646665 0
0.5504528420901886 0.07892167892159489 0
0.5510346344495334 0.08695319128423597 0
0.5516746060448127 0.09578785488314115 0
0.5523785747996198 0.1055059848419369 0
0.5531529404299078 0.1161959277966121 0
0.5540047426232245 0.1279548650467549 0
0.5549417250358729 0.140889696021912 0
0.6714529683872698 0.04243618679977348 0
0.672027191445821 0.04790613083638602 0
0.6726588368102275 0.05392306927665982 0
0.6733536467110747 0.060541701560961 0
0.6741179376020066 0.06782219707369229 0
0.6749586575820316 0.07583074213769672 0
0.6758834495600592 0.08464014170810158 0
0.6769007207358895 0.09433048123554694 0
0.6780197190293028 0.1049898547157368 0
0.6792506171520575 0.1167151655439457 0
0.6806046050870875 0.1296130074549755 0
0.52246654297011 0.05525143037510238 0
0.5228184477932474 0.0607401675010112 0
0.5232055430986984 0.0667777783395109 0
0.5236313479346946 0.07341915026186056 0
0.5240997332542903 0.08072465937644521 0
0.5246149571058457 0.08876071940248831 0
0.5251817033425565 0.09760038543113572 0
0.5258051242029386 0.1073240180626479 0
0.5264908871493588 0.1180200139573113 0
0.5272452263904209 0.129785609441441 0
0.5280749995555893 0.1427277644739836 0
0.4690487568964746 0.05814568257679562 0
0.4692909534156205 0.06364035671163422 0
0.4695573695866811 0.06968449825995668 0
0.4698504273748477 0.07633305396311138 0
0.470172790941831 0.08364646523658156 0
0.4705273908655125 0.09169121763739875 0
0.4709174507815623 0.1005404452782977 0
0.471346516689217 0.1102745956832865 0
0.4718184891876371 0.1209821611287742 0
0.4723376589358994 0.1327604831188106 0
0.4729087456589878 0.1457166373078507 0
0.6240825471078515 0.04714462908786985 0
0.6245965315978987 0.05262056283316885 0
0.6251619145369508 0.05864408995299775 0
0.6257838357699079 0.06526996978480953 0
0.6264679491261609 0.0725584375998025 0
0.627220473818039 0.08057575219629476 0
0.6280482509791051 0.08939479825243626 0
0.6289588058562777 0.0990957489141919 0
0.6299604162211676 0.1097667946421231 0
0.6310621876225465 0.1215049449428474 0
0.6322741361640632 0.1344169102736442 0
0.7578621123456533 0.032765109581733 0
0.7585029647016515 0.0382276469436018 0
0.7592079022932495 0.04423643804165749 0
0.7599833336440073 0.05084610824951875 0
0.7608363081298409 0.05811674547816613 0
0.7617745800642579 0.06611444642967824 0
0.7628066791921166 0.07491191747634157 0
0.7639419882327612 0.08458913562767124 0
0.7651908281774701 0.09523407559413388 0
0.76656455211665 0.1069435095572428 0
0.768075648449748 0.1198238869166626 0
0.1149375282927845 0.0429135952521939 0
0.1141209834062804 0.04835265404539738 0
0.1132227840311258 0.0543356187179212 0
0.1122347647184559 0.06091687985769739 0
0.1111479434745189 0.06815626711145122 0
0.1099524401061883 0.07611959309058042 0
0.1086373864010245 0.08487925166762256 0
0.1071908273253444 0.09451487610236889 0
0.1055996123420963 0.1051140629805899 0
0.1038492758605234 0.1167731685466329 0
0.1019239057307932 0.1295981846692803 0
0.304860750518882 0.0593315755875744 0
0.3046789819515051 0.06482858605705728 0
0.3044790365273904 0.07087529757348847 0
0.3042590965608644 0.07752668024156277 0
0.3040171625976857 0.0848432011764445 0
0.3037510352381891 0.0928913742048144 0
0.3034582951427429 0.1017443645360213 0
0.3031362810377521 0.1114826539003489 0
0.3027820655222622 0.1221947722011092 0
0.3023924284552233 0.1339781023319456 0
0.3019638276814805 0.1469397654758656 0
0.3413300303298271 0.06019809787560212 0
0.3412503886471619 0.06569753592412861 0
0.3411627827962301 0.07174691777750775 0
0.3410664163602052 0.07840123781622478 0
0.3409604132805777 0.08572098985881353 0
0.3408438098929875 0.09377271710566115 0
0.3407155461666384 0.1026296170771935 0
0.3405744560676542 0.1123722070458792 0
0.3404192569587717 0.1230890560114334 0
0.3402485379390009 0.134877589873543 0
0.340060747017253 0.1478449771218635 0
0.2419891953309489 0.05623824240088929 0
0.2416309681415535 0.06172657629301092 0
0.2412369182332185 0.06776374357434471 0
0.24080346333405 0.07440462758381187 0
0.2403266629449647 0.08170959999422577 0
0.2398021825169708 0.08974506964568105 0
0.2392252540461775 0.09858408626228185 0
0.238590632728305 0.1083070045405427 0
0.2378925492786451 0.1190022146466297 0
0.2371246574840193 0.1307669457633254 0
0.2362799765099309 0.1437081499916906 0
0.3871289915693906 0.0603214231387864 0
0.3871755157164121 0.06582123771126214 0
0.3872266922781357 0.07187103374098547 0
0.3872829864960317 0.07852580937368112 0
0.3873449101357173 0.08584606256964634 0
0.3874130261393714 0.09389834108520809 0
0.387487953743391 0.102755847452326 0
0.3875703741078125 0.1124991044561557 0
0.3876610365086762 0.1232166871603684 0
0.3877607651496262 0.1350060281350023 0
0.3878704666546713 0.1479743032070997 0
0.3596405778212002 0.06037663795922767 0
0.3596136723011724 0.06587658823106138 0
0.3595840762291418 0.07192653353007847 0
0.3595515205499082 0.07858147335899726 0
0.3595157093027512 0.08590190717080795 0
0.3594763169308786 0.09395438436379969 0
0.3594329853218186 0.1028121092760906 0
0.3593853205518526 0.1125556066796106 0
0.3593328893048901 0.1232734538234826 0
0.3592752149332313 0.1350630856817419 0
0.3592117731244067 0.148031680725827 0
0.1896393297927435 0.05206459145556662 0
0.1891201674728127 0.0575400476866807 0
0.1885490889208888 0.06356304954090619 0
0.1879209025137724 0.07018835158055423 0
0.1872298974659445 0.07747618382416706 0
0.1864697919133338 0.08549279929214118 0
0.1856336758054619 0.09431107630691273 0
0.184713948086803 0.1040111810231614 0
0.1837022475962781 0.114681296211035 0
0.1825893770567007 0.1264184229176959 0
0.1813652194631656 0.1393292622950229 0
0.1474816312377327 0.04747729935258348 0
0.1467915015762893 0.05293388153998528 0
0.1460323589487016 0.05893612194612727 0
0.145197302058355 0.06553858639288346 0
0.1442787394789738 0.07280129728431525 0
0.1432683206416545 0.08079027926489024 0
0.1421568599206033 0.08957815944352272 0
0.140934253127447 0.09924482764001846 0
0.139589385654975 0.1098781626561638 0
0.1381100314352558 0.1215748311739236 0
0.1364827417935647 0.1344411665434594 0
0.3962854026581624 0.06022545749860068 0
0.3963539963064736 0.06572504054726029 0
0.3964294493196159 0.07177458190078587 0
0.3965124476340725 0.078429077389664 0
0.3966037457799746 0.08574902242742995 0
0.396704173740467 0.09380096196897247 0
0.3968146444970087 0.1026580954646693 0
0.3969361623292044 0.1124009423099357 0
0.3970698319446198 0.1231180738397289 0
0.3972168685215767 0.1349069185225013 0
0.3973786087562293 0.147874647673551 0
0.286746649294394 0.05864877420389591 0
0.2865143638197337 0.06414388134046056 0
0.2862588497976073 0.07018849919068171 0
0.2859777843732683 0.07683757882592494 0
0.2856686124064953 0.08415156642469251 0
0.2853285232430451 0.09219695278333684 0
0.2849544251632499 0.1010468777778456 0
0.2845429172754751 0.1107817952718052 0
0.284090258598923 0.1214902045151608 0
0.2835923340547155 0.133269454682852 0
0.2830446170560873 0.1462266298673123 0
0.1641695473312451 0.04945384337303466 0
0.1635601029191783 0.0549200028060787 0
0.1628897140659049 0.06093277818242714 0
0.1621522863273041 0.06754683109641044 0
0.1613411158148433 0.07482228930179205 0
0.1604488282511363 0.08282529332771182 0
0.1594673119310587 0.09162859775622359 0
0.1583876439789733 0.1013122326275865 0
0.1572000092316794 0.1119642309860858 0
0.1558936110096561 0.1236814291804349 0
0.1544565729654305 0.136570347194219 0
0.1310653397907584 0.04526812642359218 0
0.130297362432987 0.05071426555080978 0
0.1294525873394383 0.05670501859074914 0
0.1285233347365348 0.06329484693468244 0
0.1275011568733409 0.07054365811300907 0
0.1263767612238277 0.07851735040916835 0
0.1251399260093631 0.08728841193494358 0
0.1237794072734521 0.09693657961329633 0
0.12228283666395 0.1075495640594843 0
0.1206366089934976 0.1192238469502911 0
0.1188257585560001 0.1320655581301787 0
0.36880389168103 0.06039941503398034 0
0.3688028797380427 0.06589942936625122 0
0.3688017666007566 0.07194944513174918 0
0.368800542149742 0.07860446247379693 0
0.3687991952536259 0.08592498155004946 0
0.3687977136678982 0.09397755253392726 0
0.3687960839235978 0.1028353806161928 0
0.3687942912048672 0.1125789915066849 0
0.3687923192142636 0.1232969634862263 0
0.3687901500245997 0.1350867326637218 0
0.3687877639159694 0.1480554787589668 0
0.1069804979546225 0.04170371859232923 0
0.1061441949692057 0.04713977332372928 0
0.1052242616852472 0.05311943352826934 0
0.1042123350728928 0.05969705975326341 0
0.103099215799303 0.06693244860075688 0
0.1018747845983542 0.07489137633299969 0
0.1005279102773105 0.08364619683846679 0
0.0990463485241625 0.0932764993944806 0
0.09741663059569967 0.1038698322060958 0
0.09562394087439055 0.1155224982988725 0
0.09365198218095053 0.1283404310009269 0
0.2155990544524098 0.05433576551010164 0
0.2151629808527328 0.05981846983175229 0
0.2146832998930882 0.06584944458556802 0
0.2141556508374791 0.07248351681476531 0
0.2135752368763091 0.07978099626688231 0
0.2129367815190221 0.08780822366421104 0
0.2122344806260064 0.09663817380127265 0
0.2114619496436891 0.1063511189520404 0
0.2106121655631401 0.1170353586178849 0
0.2096774030745362 0.1287880222503139 0
0.2086491643370719 0.1417159522459858 0
0.09909470924440404 0.04047625585552801 0
0.09823125592311709 0.04590808487574247 0
0.09728145726970143 0.05188309679797838 0
0.0962366787509442 0.05845560991243788 0
0.09508742238031126 0.06568537433834333 0
0.09382324037261502 0.07363811520683933 0
0.09243264016414915 0.08238613016218493 0
0.0909029799348367 0.09200894661306508 0
0.08922035368259301 0.1025940447090333 0
0.08736946480512495 0.1142376526145983 0
0.08533348703991007 0.1270456213107198 0
0.3230630213153423 0.05984880871306911 0
0.3229324174018954 0.06534727266248443 0
0.3227887530971038 0.07139558300684129 0
0.322630722361833 0.07804872438563383 0
0.3224568885530352 0.08536717990230562 0
0.3222656713633575 0.09341748097064459 0
0.3220553324547122 0.1022728121458175 0
0.3218239596552022 0.1120136764385076 0
0.3215694495757413 0.1227286271604668 0
0.3212894884883343 0.1345150729546219 0
0.3209815312921866 0.1474801633281925 0
0.1557953446889283 0.04849238501721026 0
0.1551484676782146 0.05395424738676857 0
0.1544369029664295 0.05996229599328272 0
0.1536541817834659 0.06657114946044829 0
0.1527931884822059 0.0738408882743304 0
0.1518460958508199 0.08183760096960072 0
0.1508042939562954 0.09063398493439809 0
0.1496583118723183 0.1003100072956752 0
0.1483977315799436 0.11095363189308 0
0.1470110932583314 0.1226616189502253 0
0.145485791104558 0.1355404047130851 0
0.09127561072133027 0.03920717883190102 0
0.09034933392511149 0.04462881350817859 0
0.08933042944927085 0.05059261165208392 0
0.08820963452584613 0.05715278961037978 0
0.08697676011007893 0.06436898536450524 0
0.08562059825273502 0.07230680069404323 0
0.08412882020965673 0.08103839755653502 0
0.0824878643622706 0.09064315410527601 0
0.08068281293014584 0.1012083863088911 0
0.07869725635480863 0.1128301417328677 0
0.07651314412193769 0.1256140726992419 0
0.08356788783044757 0.03782363496823084 0
0.08253996798126602 0.04322702951966258 0
0.08140925614716631 0.04917076352623749 0
0.08016547312965663 0.05570887093346989 0
0.078797311810396 0.06290078908142553 0
0.07729233435920928 0.07081189904417673 0
0.0756368591629039 0.07951412000320307 0
0.07381583644696799 0.08908656305813203 0
0.07181271145943847 0.0996162504185539 0
0.06960927397315601 0.1111989065150179 0
0.06718549273824531 0.1239398282211284 0
0.07608106810130699 0.03631788289208272 0
0.07498141688392793 0.04170685404301963 0
0.07377180054481096 0.04763472230905025 0
0.07244122257178227 0.05415537740168393 0
0.07097758680145073 0.06132809800358097 0
0.06936758745408604 0.06921809066566771 0
0.06759658817198487 0.07789708259396314 0
0.06564848896167359 0.08744397371508811 0
0.06350557983033119 0.09794555394832558 0
0.06114837978585453 0.1094972922048868 0
0.05855545973693022 0.1222042042871041 0
0.2597873524074312 0.05732182468852277 0
0.2594784877567202 0.06281316060316557 0
0.259138736640938 0.06885363010927265 0
0.2587650104135777 0.07549814656599042 0
0.2583539115634813 0.08280711466837998 0
0.2579017028283753 0.0908469795810085 0
0.2574042732197586 0.09969083098489986 0
0.2568571006502803 0.1094190675291804 0
0.2562552108238542 0.1201201277278889 0
0.2555931320147855 0.1318912939464684 0
0.2548648453248098 0.1448395767869057 0
0.2508686489414906 0.05679902447444448 0
0.250534453437967 0.06228887582582014 0
0.250166838384091 0.06832771231233338 0
0.2497624618248275 0.07497043244749793 0
0.2493176476096376 0.08227742459617894 0
0.2488283519729286 0.09031511595972805 0
0.2482901267725488 0.09915657645963208 0
0.2476980790521311 0.1088821830095265 0
0.2470468265596715 0.1195803502144104 0
0.246330448817966 0.1313483341397826 0
0.2455424333020899 0.1442931164576921 0
0.3504812395086118 0.06030957061826843 0
0.3504276739030347 0.06580932599784214 0
0.3503687517368999 0.07185905691537323 0
0.3503039373541516 0.07851376092465742 0
0.3502326415331284 0.08583393533487003 0
0.3501542161300029 0.0938861271861039 0
0.3500679481865649 0.1027435382224612 0
0.3499730534487832 0.1124866903624542 0
0.3498686692372232 0.1232041577164465 0
0.3497538466045072 0.134993371805838 0
0.3496275417085196 0.1479615073041686 0
0.2777293305763119 0.05824678600534458 0
0.2774717367067023 0.06374076519435357 0
0.2771883834501316 0.06978414230226344 0
0.2768766948679038 0.07643185712096431 0
0.2765338374274533 0.08374434342153526 0
0.2761566942429577 0.09178807835216331 0
0.2757418367400126 0.1006361867758542 0
0.275285493486773 0.1103691060419141 0
0.2747835159082094 0.12107531723458 0
0.2742313405717894 0.1328521495465126 0
0.2736239477017275 0.1458066650896384 0
0.3139523548098312 0.05961112609420646 0
0.3137961811894306 0.06510892326639688 0
0.31362439020699 0.07115650015580634 0
0.3134354201263053 0.07780883473415674 0
0.3132275530375521 0.08512640277034218 0
0.3129988992399236 0.09317572761014617 0
0.3127473800625322 0.1020299849339306 0
0.3124707089674017 0.1117696679900934 0
0.3121663707627581 0.1224833193518725 0
0.3118315987376502 0.1342683358498296 0
0.3114633495100315 0.1472318539975823 0
0.2068924675763242 0.05362024589908579 0
0.2064268547599659 0.05910052304400235 0
0.2059146806619718 0.06512882790341058 0
0.2053512891541783 0.07175996324875963 0
0.2047315584956054 0.07905421212864358 0
0.2040498547711753 0.08707788589651594 0
0.2032999806743021 0.09590392704117552 0
0.2024751191677417 0.1056125723003011 0
0.2015677715105252 0.1162920820853392 0
0.200569689087587 0.1280395428488811 0
0.199471798422355 0.1409617496887772 0
0.1982381270914154 0.0528606481757735 0
0.1977442393643877 0.05833844397796982 0
0.1972009628646573 0.06436401936038577 0
0.1966033587149538 0.07099215228104333 0
0.19594599415028 0.07828309849376663 0
0.1952228931291388 0.08630313932776228 0
0.1944274820058835 0.09512518424515748 0
0.1935525297703026 0.1048294336542922 0
0.1925900823111637 0.1155041080043404 0
0.1915313901061108 0.1272462497893934 0
0.1903668286805527 0.1401626057529518 0
0.4145767437522319 0.05992146364564811 0
0.4146917321467236 0.06542027365712358 0
0.4148182193806645 0.07146896466974659 0
0.4149573553379994 0.07812252478363189 0
0.4151104048910679 0.08544144090890574 0
0.4152787593994433 0.09349224864670697 0
0.4154639493586561 0.1023481371582883 0
0.4156676583137902 0.1120896145210278 0
0.4158917381644378 0.1228052396200413 0
0.41613822600015 0.134592427228956 0
0.4164093626194336 0.1475583335987623 0
0.4237043316501111 0.05971147645419206 0
0.4238418918545043 0.06520976695352418 0
0.4239932080793367 0.07125788650278951 0
0.4241596559266524 0.07791081800698138 0
0.4243427485586997 0.08522904266159244 0
0.4245441504539517 0.0932790897816646 0
0.424765692538729 0.102134141613744 0
0.4250093888319839 0.1118746986290313 0
0.4252774547545643 0.1225893113458474 0
0.4255723272694028 0.134375385334345 0
0.4258966870357251 0.1473400667216924 0
0.4054356654430502 0.06009328421307153 0
0.4055271255171959 0.06559253672537782 0
0.4056277315987561 0.07164171448891475 0
0.4057383982884724 0.07829581002880537 0
0.4058601316471603 0.08561531512268505 0
0.405994038341717 0.09366677072595272 0
0.4061413357057294 0.1025233718895471 0
0.406303362806143 0.112265633169501 0
0.4064815926165979 0.1229821205774503 0
0.4066776454080984 0.1347702567261944 0
0.4068933034787489 0.147737206489813 0
0.3779676656340906 0.06038021721796207 0
0.3779911340363226 0.06588017999402769 0
0.3780169492787777 0.07193013904769989 0
0.3780453460454784 0.0785850940067393 0
0.3780765824888491 0.08590554446168264 0
0.3781109425765569 0.09395803996212032 0
0.3781487386730355 0.1028157850126018 0
0.378190314379162 0.1125593045681314 0
0.3782360476559011 0.1232771760792139 0
0.3782863542603141 0.1350668347414047 0
0.3783416915251684 0.1480354592698147 0
0.2687419911086291 0.05780445525379274 0
0.2684588671172832 0.06329717821945539 0
0.2681474307268027 0.06933917348168431 0
0.2678048506972742 0.07598536827013611 0
0.2674280126647928 0.08329618253743308 0
0.2670134908290633 0.09133807823145976 0
0.2665575168097608 0.1001841634948891 0
0.2660559453885281 0.1099148572846614 0
0.2655042168251721 0.1206186204534109 0
0.2648973154054804 0.1323927599390354 0
0.2642297238438197 0.1453443133732223 0
0.2331501034804961 0.05564241691992055 0
0.2327677460037327 0.06112912450259594 0
0.2323471527792928 0.06716450284353889 0
0.231884500232409 0.07380341901857612 0
0.2313755824308368 0.08110622681111708 0
0.2308157728491074 0.08913931538291214 0
0.2301999823092051 0.09797571281188669 0
0.2295226127153125 0.1076957499837587 0
0.2287775061620306 0.1183877908728179 0
0.2279578889534206 0.1301490358507831 0
0.2270563100239496 0.1430864053265447 0
0.1810943608550169 0.05123506185689383 0
0.1805488618355207 0.05670796168956937 0
0.1799488129140748 0.06272815150551247 0
0.1792887591004843 0.06935036030304989 0
0.1785626999055348 0.07663478998034104 0
0.1777640347910903 0.0846476626253613 0
0.1768855031652015 0.09346182253488361 0
0.1759191183767237 0.1031573984353581 0
0.1748560951093981 0.1138225319258801 0
0.17368676951534 0.1255541787654543 0
0.172400511361876 0.1384589902889859 0
0.1229664112605772 0.04410364494767917 0
0.1221718871039582 0.0495459674500435 0
0.1212979105316774 0.05553252220264426 0
0.1203365363021685 0.0621177324305051 0
0.1192790246497088 0.06936146368115204 0
0.118115761832003 0.07732956805686364 0
0.1168361727325267 0.08609448287014643 0
0.1154286247231027 0.09573588916475748 0
0.1138803219127363 0.1063414360888296 0
0.1121771888213333 0.118007537705309 0
0.11030374242079 0.1308402494834363 0
0.3321898694739693 0.06004449318561676 0
0.3320847757009909 0.06554350379220586 0
0.3319691725507146 0.07159241545945387 0
0.3318420090854106 0.07824621829342668 0
0.3317021292735763 0.08556540141079676 0
0.3315482614805585 0.09361650283990386 0
0.331379006908239 0.1024727144119217 0
0.3311928268786874 0.1122145471411412 0
0.3309880288461808 0.1229305631432828 0
0.3307627510104234 0.1347181807456385 0
0.3305149453910904 0.1476845601082298 0
0.29579127121874 0.05901043538379628 0
0.2955841444210415 0.0645065482371204 0
0.2953563049435732 0.07055227237577694 0
0.295105681518358 0.07720256892829913 0
0.2948299957506214 0.08451789513607354 0
0.294526741406111 0.09256475396462539 0
0.2941931616271496 0.1014162986760324 0
0.2938262238702921 0.1111529978585802 0
0.2934225923377488 0.1218633669593827 0
0.2929785976519512 0.1336447729702654 0
0.2924902034975738 0.1466043195822365 0
0.2243525011026525 0.05500906519317915 0
0.2239441978287231 0.06049390520801208 0
0.2234950642274008 0.0665272292243283 0
0.2230010172659462 0.07316388564227615 0
0.2224575656083461 0.08046420770201879 0
0.2218597687849861 0.08849456196773567 0
0.22120219227929 0.09732795166002425 0
0.2204788581230244 0.1070446803215417 0
0.2196831905511321 0.1177330818492109 0
0.2188079562220507 0.129490323529647 0
0.2178451984600611 0.1424232893781267 0
0.1726034864705426 0.05036649123180494 0
0.1720278570746333 0.05583630930704609 0
0.1713946647391332 0.06185310918981135 0
0.170698153170083 0.06847158906085313 0
0.1699319904441278 0.0757519169189991 0
0.169089211445577 0.08376027756295965 0
0.1681621545471712 0.09256947427131627 0
0.1671423919589248 0.1022595906505085 0
0.1660206531118538 0.1129187186676201 0
0.1647867403800757 0.1246437594864427 0
0.1634294363751198 0.1375413043871477 0
0.1392362807241039 0.04639795171499511 0
0.1385027601183827 0.05184885473927636 0
0.1376958874520894 0.05784484806598573 0
0.1368083275191667 0.06444044072536603 0
0.1358320115929518 0.07169559265068437 0
0.1347580640741154 0.07967625976853454 0
0.1335767218033954 0.08845499359816975 0
0.1322772453056033 0.09811160081076846 0
0.1308478211580321 0.108733868744627 0
0.1292754545957037 0.1204183634718715 0
0.1275458513771425 0.1332713076718404 0
0.07253494123371196 -0.02688579423293009 0
0.0718384165355689 -0.03234152175225935 0
0.07107223936761152 -0.03834282202352154 0
0.07022944448285841 -0.04494425232190995 0
0.06930237010962999 -0.0522058256501372 0
0.06828258829907873 -0.06019355631118718 0
0.06716082830747235 -0.06898006003834214 0
0.06592689231670532 -0.07864521413821263 0
0.06456956272686158 -0.08927688364807015 0
0.06307650017803348 -0.1009717201089134 0
0.06143413137432257 -0.113836040215841 0
0.06166875594861154 0.03328259435067225 0
0.06047914736729947 0.03865253894752735 0
0.0591705779278562 0.04455947800406797 0
0.0577311515444686 0.05105711096626264 0
0.05614778252274224 0.05820450722467678 0
0.05440607659884324 0.06606664310893234 0
0.05249020008255434 0.07471499258161346 0
0.05038273591463656 0.08422817700156268 0
0.04806452532992699 0.09469267986350682 0
0.04551449368674647 0.1062036330116454 0
0.0427094588792479 0.1188656814745978 0
0.03172752800222797 -0.02026717299493682 0
0.03062878985251525 -0.02565641355956909 0
0.02942017788783127 -0.03158457818066458 0
0.02809070472667889 -0.03810555926386963 0
0.02662828424941127 -0.04527863845539518 0
0.02501962172441689 -0.05316902556607328 0
0.02325009294692307 -0.06184845138781919 0
0.02130361129167987 -0.0713958197917397 0
0.01916248147091235 -0.08189792503605227 0
0.01680723866806807 -0.09345024080479608 0
0.01421647158493937 -0.1061577881504143 0
0.0110102158775314 0.01774528230538599 0
0.008641998756700835 0.02271174588937409 0
0.006036959923787215 0.02817485583176099 0
0.00317141720758223 0.03418427676838658 0
1.932021975674901e-05 0.04079463979867472 0
-0.00344798646685128 0.04806603913199169 0
-0.007262023822120114 0.05606457839864035 0
-0.01145746491291583 0.06486297159195388 0
-0.01607245011279113 0.07454120410459877 0
-0.02114893383265394 0.08518725986850814 0
-0.02673306592450304 0.09689792120880845 0
0.09518853454400508 -0.02951817322857668 0
0.09464838091001546 -0.03499165905999748 0
0.09405421191262686 -0.04101249347456036 0
0.09340062601549941 -0.04763541133057954 0
0.09268168152865922 -0.05492062097220063 0
0.091890842593135 -0.06293435157798383 0
0.09102091976405835 -0.07174945524434534 0
0.09006400465207405 -0.08144606927734302 0
0.08901139802889133 -0.09211234471364046 0
0.08785353074339031 -0.1038452476935676 0
0.0865798767293392 -0.1167514409714875 0
0.1269670502297692 -0.03233121734484177 0
0.1265134990653416 -0.03781249114669474 0
0.1260145927844711 -0.04384189232873302 0
0.1254657958755137 -0.05047423362897512 0
0.1248621192756605 -0.05776980905924144 0
0.1241980750158219 -0.06579494203253437 0
0.1234676263299995 -0.07462258830315661 0
0.1226641327755949 -0.08433299920084107 0
0.1217802898657498 -0.09501445118829399 0
0.1208080626649202 -0.1067640483744922 0
0.1197386127440076 -0.1196886052793102 0
0.1432612327280749 -0.033622792032333 0
0.1428511183196525 -0.03910749869100659 0
0.1423999924703879 -0.04514067601554754 0
0.1419037540361968 -0.05177717107254259 0
0.1413578917585867 -0.05907731563523713 0
0.1407574432532154 -0.06710747465420114 0
0.1400969498973071 -0.07594064957506155 0
0.139370407205808 -0.085657141988008 0
0.1385712102451589 -0.09634528364224909 0
0.1376920935884449 -0.1081022394619143 0
0.1367250652660595 -0.121034890863546 0
0.1515076531242301 -0.03421793582973899 0
0.1511267926131239 -0.03970475413022813 0
0.1507078460509071 -0.04574025426076618 0
0.1502470048324686 -0.05237930440435805 0
0.1497400794921862 -0.05968225956230909 0
0.1491824616178756 -0.06771551023605524 0
0.1485690819561339 -0.07655208597717601 0
0.1478943643282181 -0.08627231929240885 0
0.1471521749375106 -0.09696457593916498 0
0.1463357666077325 -0.1087260582505967 0
0.1454377174449765 -0.1216636887931716 0
0.05827133351728638 -0.02496841050288069 0
0.05747230671374345 -0.03041020843058793 0
0.05659337722984621 -0.03639618615106591 0
0.05562655479755926 -0.04298076164359167 0
0.0545630501220436 -0.05022379468537001 0
0.05339319497897638 -0.05819113103132619 0
0.05210635432160245 -0.06695520101187799 0
0.05069082959849111 -0.07659567799048497 0
0.04913375240306864 -0.08720020266695265 0
0.04742096748810393 -0.09886517981106709 0
0.04553690408164274 -0.111696654669593 0
0.003074151878263499 -0.0115324611334337 0
-0.0002631204773956867 -0.01605775250898029 0
-0.003934120068620791 -0.02103557302208154 0
-0.007972219618968407 -0.02651117558649293 0
-0.01241412912435078 -0.03253433840734544 0
-0.0173002295802714 -0.0391598175102832 0
-0.02267494008178407 -0.04644784452351475 0
-0.02858712163344802 -0.05446467423806945 0
-0.03509052134027837 -0.06328318692407964 0
-0.04224426101779174 -0.07298355087869082 0
-0.05011337466305645 -0.08365395122876314 0
0.1598156943778986 -0.03477150962626222 0
0.1594627347532253 -0.04026018734879841 0
0.1590744791660847 -0.04629773284358822 0
0.15864739802023 -0.05293903288785702 0
0.1581776087597899 -0.0602444629365527 0
0.1576608405733058 -0.06828043599011793 0
0.1570923955681732 -0.0771200063490397 0
0.1564671060625274 -0.08684353374385365 0
0.155779287606317 -0.09753941387814899 0
0.1550226873044855 -0.1093048820258739 0
0.1541904269724709 -0.1222468969883712 0
0.02858674375266894 0.02436908131812567 0
0.02693045137730708 0.02961393886242625 0
0.02510852976440904 0.03538328216115688 0
0.02310441599022119 0.04172955978976058 0
0.02089989083861456 0.04871046518122464 0
0.01847491317184728 0.05638946111183511 0
0.01580743773840325 0.06483635663550663 0
0.01287321476161482 0.0741279417115453 0
0.009645569487147555 0.08434868529518785 0
0.006095159685233564 0.09559150323719465 0
0.002189708903128168 0.1079586029734021 0
-0.00214784438534127 -0.005351068503911739 0
-0.00647085681859234 -0.008751305583975893 0
-0.01122617049516852 -0.01249156637204646 0
-0.01645701553940231 -0.01660585323892409 0
-0.02221094508805949 -0.02113156879248948 0
-0.02854026759158237 -0.02610985590141141 0
-0.03550252234545755 -0.03158597172122553 0
-0.04316100257472025 -0.03760969912302106 0
-0.05158533082690923 -0.04423579926499616 0
-0.06085209190431709 -0.05152450942116875 0
-0.07104552908946575 -0.05954209059295861 0
-0.003066941009528825 0.004890866749066912 0
-0.00793083163034335 0.007458480740826978 0
-0.01328111131323933 0.01028285613176305 0
-0.01916641896442491 0.01338966906179273 0
-0.02564025738072905 0.01680716328482538 0
-0.03276147963866358 0.02056640693016129 0
-0.04059482412239159 0.0247015749400308 0
-0.0492115030544924 0.02925025975088725 0
-0.05868984987980329 0.03425381304282936 0
-0.06911603138764527 0.03975772166396567 0
-0.08058483104627144 0.04581202114721562 0
-0.001505389989458089 0.007860043788043704 0
-0.006289142783403051 0.01057997395106469 0
-0.01155127085674251 0.01357189713038778 0
-0.01733961173741591 0.01686301262764317 0
-0.02370678670615666 0.02048323967462411 0
-0.03071067917177148 0.02446548942630313 0
-0.03841496088394778 0.02884596415315006 0
-0.04688967076734171 0.03366448635268169 0
-0.05621185163907505 0.03896486077216649 0
-0.06646625059798171 0.04479527263359975 0
-0.07774608945277904 0.05120872568117635 0
0.008300651285834189 -0.01389927778976762 0
0.006252116875211108 -0.01900927286306919 0
0.00399872902352572 -0.02463026744370093 0
0.001520002386671793 -0.03081336148239584 0
-0.001206596913867528 -0.03761476492496024 0
-0.004205856144460778 -0.04509630871178108 0
-0.007505041298113356 -0.05332600687728401 0
-0.01113414496713119 -0.06237867485933723 0
-0.01512615900305081 -0.07233660963959579 0
-0.01951737444256239 -0.08329033789788018 0
-0.02434771142602513 -0.09533943898199301 0
0.04124311229894745 0.02816322080205728 0
0.03974373285083763 0.03345510104878016 0
0.03809441545791682 0.03927616932017533 0
0.03628016632570394 0.04567934441871002 0
0.03428449228026977 0.05272283702709818 0
0.03208925083029218 0.06047067889632515 0
0.02967448523531682 0.06899330495247483 0
0.02701824308084393 0.07836819361423947 0
0.02409637671092376 0.08868057114218057 0
0.02088232370401157 0.1000241864229158 0
0.01734686539640815 0.1125021632317245 0
0.02549173154305684 -0.01895612330519898 0
0.0242802505024326 -0.02432165311107223 0
0.02294762135774594 -0.0302237358975328 0
0.02148172929859061 -0.03671602696263944 0
0.01986924803351976 -0.04385754713425673 0
0.01809551864194181 -0.05171321932303574 0
0.01614441631120607 -0.06035445873069267 0
0.01399820374739675 -0.0698598220791153 0
0.01163736992720651 -0.08031572176238018 0
0.009040452724997237 -0.09181721141397155 0
0.006183843802567042 -0.1044688500307221 0
0.04463952568859512 -0.02274369875616827 0
0.04366849834937258 -0.02815742913517912 0
0.04260036827622779 -0.03411253255209105 0
0.04142542519576852 -0.04066314631069419 0
0.04013298780726332 -0.04786882144515763 0
0.0387113066799076 -0.05579506409306742 0
0.03714745743981631 -0.06451393100576819 0
0.03542722327571589 -0.07410468460973904 0
0.03353496569520543 -0.08465451357410697 0
0.03145348235664392 -0.0962593254349117 0
0.02916385068422626 -0.1090246184817969 0
0.07988807535098305 -0.02781027831180746 0
0.07921853379396078 -0.03326939868246497 0
0.07848203808123629 -0.03927443109018822 0
0.07767189279723934 -0.0458799667386838 0
0.0767807329848427 -0.05314605595202895 0
0.07580045719120639 -0.0611387540867086 0
0.07472215381820646 -0.06993072203485622 0
0.07353602010790652 -0.0796018867778186 0
0.07223127302657661 -0.09024016799507723 0
0.07079605123711369 -0.1019422773340617 0
0.06921730726870449 -0.1148145976069447 0
0.06533300748216533 -0.02595247862930806 0
0.06459988382595931 -0.03140346247142647 0
0.06379344780413271 -0.03739954469775674 0
0.06290636818012342 -0.04399523514672003 0
0.06193058059371322 -0.05125049464057965 0
0.06085721424866199 -0.05923128008382524 0
0.05967651126910564 -0.06801014407139537 0
0.05837773799159366 -0.07766689445772253 0
0.05694908738633048 -0.0882893198826824 0
0.05537757172054097 -0.09997398785013827 0
0.05364890448817252 -0.1128271226143397 0
0.1681815743031516 -0.03528986090785771 0
0.1678531118872392 -0.0407800567541312 0
0.1674918032297355 -0.04681927218503204 0
0.1670943637064815 -0.05346240915902296 0
0.166657180230902 -0.06076985983041298 0
0.1661762784077646 -0.068808055568942 0
0.1656472864023134 -0.07765007088132392 0
0.1650653951963172 -0.08737628772494403 0
0.1644253148697213 -0.09807512625292615 0
0.1637212265104658 -0.1098438486337065 0
0.1629467293152848 -0.1227894432525649 0
-9.165777009654272e-05 -0.007972184177490616 0
-0.004314524295235551 -0.01150012236982328 0
-0.00895967747288846 -0.01538085438138922 0
-0.01406934596830666 -0.01964965959411175 0
-0.01968998131326668 -0.02434534532810652 0
-0.0258726801927227 -0.02951059963550078 0
-0.03267364896012433 -0.03519237937363447 0
-0.04015471460426612 -0.04144233708558152 0
-0.04838388681282209 -0.04831729056872328 0
-0.05743597624223365 -0.05587973940017922 0
-0.06739327461458637 -0.06419843311478074 0
0.1109378584685462 -0.03095882571069605 0
0.1104543183670973 -0.03643753342712507 0
0.1099224242555035 -0.042464111915197 0
0.1093373407327503 -0.04909334825207612 0
0.1086937488577218 -0.05638550822264315 0
0.1079857977951904 -0.06440688419026688 0
0.1072070516264059 -0.073230397754653 0
0.1063504308407429 -0.08293626267547771 0
0.1054081479765137 -0.09361271408838492 0
0.1043716368258615 -0.1053568106425828 0
0.1032314745601441 -0.1182753168522005 0
0.03482626206090302 0.02628642980457166 0
0.03324661773455278 0.03155483758948778 0
0.03150900897556752 0.03735008615289552 0
0.02959763934068374 0.04372485957264403 0
0.02749513274231157 0.0507371103343674 0
0.0251823754841022 0.05845058617226309 0
0.02263834250007188 0.06693540959394836 0
0.01983990621763853 0.07626871535780215 0
0.01676162630696184 0.08653535169804134 0
0.01337551840521749 0.09782865167230444 0
0.009650799713298699 0.1102512816439938 0
0.1766042821415601 -0.03577562611549739 0
0.1762982045348327 -0.04126711319487422 0
0.1759615191674326 -0.04730774898218872 0
0.1755911652632925 -0.05395244834823468 0
0.1751837759687384 -0.06126161765088524 0
0.1747356477447289 -0.06930170388380084 0
0.1742427066983184 -0.07814579874000802 0
0.1737004715472668 -0.08787430308183591 0
0.1731040128811101 -0.0985756578578466 0
0.1724479083483378 -0.1103471481114583 0
0.1717261933622882 -0.1232957873904313 0
0.01365016383356294 -0.01577415990140522 0
0.01195443373088448 -0.02100787322668962 0
0.01008913061793816 -0.02676495788450246 0
0.00803729719369722 -0.03309775100809659 0
0.005780280427032181 -0.04006382344405013 0
0.003297561983700638 -0.04772650312359903 0
0.000566571696035939 -0.05615545077110282 0
-0.002437517620395228 -0.06542729318335698 0
-0.005742015868469518 -0.07562631983683657 0
-0.009376963941351232 -0.08684524915566411 0
-0.01337540682152111 -0.09918607140637441 0
0.05136448056194252 -0.02390301465506999 0
0.05047775881830235 -0.02933128187091682 0
0.04950236490029817 -0.03530237580834833 0
0.04842943159049357 -0.041870579139523 0
0.04724920494970851 -0.04909560280381513 0
0.04595095564484494 -0.05704312883453647 0
0.04452288140949502 -0.06578540746832995 0
0.04295199975061011 -0.07540191396550278 0
0.04122402992583671 -0.08598007111239291 0
0.03932326311858596 -0.09761604397397203 0
0.03723241963061014 -0.1104156141217091 0
0.01940781647192367 -0.01748815102914835 0
0.01797651007098857 -0.02280061494961362 0
0.01640207302995995 -0.02864432526212541 0
0.01467019228482847 -0.03507240660588838 0
0.01276512346518384 -0.04214329608402764 0
0.01066954776357475 -0.04992127450998084 0
0.008364414491804747 -0.05847705077852935 0
0.005828767892857746 -0.06788840467393271 0
0.003039556634016043 -0.07824089395887643 0
-2.857575070982707e-05 -0.08962863217231451 0
-0.003403521373908286 -0.1021551442070964 0
0.03809939659062145 -0.02152536502418658 0
0.03706287106202995 -0.02692689196549751 0
0.03592269298057931 -0.03286857160093953 0
0.0346684970909836 -0.03940441919992577 0
0.03328888161242833 -0.04659385155881062 0
0.03177130458601753 -0.05450222715358397 0
0.03010196985696564 -0.06320144030783463 0
0.02826570165500857 -0.07277057477751038 0
0.02624580663285578 -0.08329662269415371 0
0.02402392210848772 -0.09487527540246135 0
0.02157984913168286 -0.1076117933815998 0
0.08744637872881342 -0.0287137835070525 0
0.08683553958906005 -0.0341799229362694 0
0.08616361653533136 -0.040192676308408 0
0.08542450117622979 -0.04680670501776046 0
0.08461147428121808 -0.05408213659804816 0
0.08371714469670519 -0.06208511133636463 0
0.08273338215374101 -0.07088838354851275 0
0.08165124335648041 -0.08057198298187569 0
0.08046089067949375 -0.09122394235857492 0
0.07915150273480842 -0.1029410976729441 0
0.07771117599565457 -0.1158299685187501 0
0.1350809560748868 -0.03299001757125781 0
0.1346462625097306 -0.03847282266055269 0
0.1341680995880589 -0.04450390825877706 0
0.1336421203742199 -0.05113810241682386 0
0.1330635432389971 -0.05843571599067535 0
0.132427108390252 -0.06646309092191198 0
0.1317270300566324 -0.07529320334627228 0
0.1309569438896508 -0.08500632701306861 0
0.1301098491059711 -0.09569076304654459 0
0.1291780448439234 -0.1074436426833681 0
0.1281530601556709 -0.1203718102838741 0
0.001045237060687642 0.01202229679297065 0
-0.002979127898807457 0.01597936578211967 0
-0.007405929354252067 0.02033214167018359 0
-0.01227541095524114 0.02512019514705391 0
-0.01763184071632912 0.03038705397161125 0
-0.02352391345352589 0.03618059867862432 0
-0.03000519346444235 0.04255349785633872 0
-0.03713460147645045 0.04956368695182453 0
-0.04497695028965937 0.05727489495685895 0
-0.05360353398418916 0.0657572237623968 0
-0.06309277604817196 0.07508778544848843 0
0.06880287573803164 0.03481112475560753 0
0.06766933096234042 0.0401930796942825 0
0.06642243170908006 0.04611323012682496 0
0.06505084253049367 0.05262539560262167 0
0.06354209443404867 0.05978877762599805 0
0.06188247152795914 0.06766849785171206 0
0.06005688633126066 0.07633619009999748 0
0.05804874261489234 0.08587065157311144 0
0.05583978452688718 0.09635855919353681 0
0.05340993063008151 0.1078952575760047 0
0.05073709134359528 0.1205856257967194 0
0.04786048234851926 0.0299785338561937 0
0.04646631346934628 0.03529927041578709 0
0.044932727702256 0.04115208063133981 0
0.04324578335845669 0.04759017186844781 0
0.04139014458027745 0.05467207222926661 0
0.03934894192428029 0.06246216262616729 0
0.03710361900268341 0.07103126206275803 0
0.03463376378892684 0.08045727144300785 0
0.03191692305379461 0.09082588176128266 0
0.02892839824514916 0.1022313531113849 0
0.02564102095563917 0.1147773715964975 0
0.0224788881126032 0.02238756457007914 0
0.02067735157721903 0.02758531483652401 0
0.01869566138829645 0.03330284012961336 0
0.01651580218048162 0.03959211795201165 0
0.0141179570518853 0.04651032355664977 0
0.01148032741042935 0.0541203497217517 0
0.008578934804827796 0.06249137850336384 0
0.005387402938666092 0.07169951016313716 0
0.001876717885888217 0.08182845498888784 0
-0.001985035672167443 0.09297029429721358 0
-0.006232964586028671 0.1052263175363719 0
0.005936269812416625 0.01514639655419743 0
0.003196607985181736 0.01992269348199249 0
0.0001829799752233602 0.02517662010256705 0
-0.003132010835730854 0.03095593938519907 0
-0.006778500727780488 0.03731319059609428 0
-0.01078963960903509 0.04430616692807902 0
-0.01520189237841514 0.05199844089326224 0
-0.02005537042473321 0.06045994225496378 0
-0.02539419627568308 0.06976759375283548 0
-0.03126690471172795 0.08000601040049435 0
-0.03772688399137729 0.0912682687129191 0
0.01655054923990791 0.02019820266640298 0
0.01448326883204059 0.02529785154048796 0
0.01220926038338654 0.03090746530198144 0
0.009707851089867089 0.03707804043962427 0
0.006956300866995687 0.04386567309103138 0
0.003929595621837147 0.0513320690075792 0
0.0006002198521627526 0.0595451045157818 0
-0.003062093494479081 0.06857944357480467 0
-0.007090638175785102 0.07851721653972982 0
-0.01152203732522172 0.08944876680114748 0
-0.016396576389602 0.1014734720887069 0
0.1030279587502997 -0.03025058901313367 0
0.1025268453381988 -0.03572772310349811 0
0.1019756205848877 -0.041752570602899 0
0.1013692733562456 -0.04837990285223998 0
0.1007022914047393 -0.05566996832651505 0
0.09996861125808229 -0.06368904034821764 0
0.09916156309675961 -0.07251001957209048 0
0.09827381011930467 -0.08221309671835061 0
0.09729728184410423 -0.09288648157923676 0
0.09622310074138375 -0.1046272049262115 0
0.09504150152839123 -0.1175420006078838 0
0.05468046310392747 0.0316829728825681 0
0.05340022371384012 0.03703217615969797 0
0.05199196038474402 0.04291629976454082 0
0.05044287072273832 0.04938883572986796 0
0.04873887209453204 0.05650862529172782 0
0.04686447360350515 0.06434039380977366 0
0.04480263526337556 0.07295533917962409 0
0.04253461308923301 0.08243177908645956 0
0.0400397886976762 0.09285586298397858 0
0.03729548186696372 0.1043223552712495 0
0.03427674435317999 0.1169354967872475 0
0.1189186153292285 -0.03165287719845769 0
0.1184493647393438 -0.03713282770445604 0
0.1179331890904706 -0.04316077326105423 0
0.11736539587671 -0.04979151337331222 0
0.1167408233415734 -0.05708532749679603 0
0.1160537935529232 -0.06510852303262821 0
0.1152980607854079 -0.0739340381220436 0
0.1144667547411411 -0.08364210472040055 0
0.1135523180924476 -0.09432097797859319 0
0.1125464377788848 -0.1060677385626051 0
0.1114399694339656 -0.1189891752050182 0
0.4174122892520932 -0.03824982828875994 0
0.4175922749467801 -0.0437468884700439 0
0.4177902592109357 -0.04979365466945627 0
0.4180080419015069 -0.05644509748880987 0
0.4182476028611352 -0.06376168459009882 0
0.4185111199167263 -0.07180993040151668 0
0.4188009886778766 -0.08066300079407632 0
0.4191198443151418 -0.09040137822589192 0
0.4194705855161336 -0.1011135934008891 0
0.4198564008372246 -0.112897030093386 0
0.4202807976904247 -0.1258588104551325 0
0.4625373242933416 -0.03646409892393653 0
0.4627918101775414 -0.04195821338160738 0
0.4630717446501612 -0.04800173928504531 0
0.4633796725700429 -0.05464961777882703 0
0.4637183932819129 -0.06196228412198693 0
0.4640909860649698 -0.07000621709946281 0
0.4645008381263325 -0.07885454337468628 0
0.4649516753938314 -0.08858770227743211 0
0.4654475963880801 -0.09929417707045252 0
0.4659931094817538 -0.111071299342775 0
0.4665931738847948 -0.1240261338423297 0
0.489309871772967 -0.03512234390645681 0
0.4896035537735364 -0.0406145002871759 0
0.4899266039741628 -0.04665587230596689 0
0.4902819591948518 -0.05330138152663699 0
0.4906728499376098 -0.06061144166937409 0
0.4911028297546435 -0.06865250782638489 0
0.4915758075533806 -0.07749768059909679 0
0.4920960831319914 -0.08722737064907987 0
0.4926683862684632 -0.09793002970406128 0
0.4932979197185823 -0.1097029546645408 0
0.4939904065137132 -0.1226531721210683 0
0.3083869253278209 -0.03976039498221416 0
0.3083520868751667 -0.04526029188804884 0
0.3083137645772472 -0.05131017848446697 0
0.3082716100495357 -0.05796505374052692 0
0.3082252400690531 -0.06528541652219287 0
0.3081742330905221 -0.0733378155820254 0
0.3081181254141381 -0.0821954545478412 0
0.3080564069701157 -0.09193885741023858 0
0.3079885166816911 -0.1026566005588757 0
0.307913837364424 -0.1144461180223765 0
0.3078316901154301 -0.1274145872322274 0
0.4981676528427448 -0.03463967931728884 0
0.4984724737765637 -0.04013122878868659 0
0.4988077768037644 -0.04617193320722412 0
0.4991766101336853 -0.0528167080676154 0
0.4995823267965982 -0.0601259604140458 0
0.5000286151258024 -0.06816613799511925 0
0.500519532287927 -0.07701033333430005 0
0.5010595411662642 -0.08673894820739891 0
0.5016535509324349 -0.09744042456780769 0
0.5023069616752228 -0.1092120485642573 0
0.5030257134922895 -0.1221608349603519 0
0.4804176156451425 -0.03558888216801609 0
0.4806995508512332 -0.04108165478952268 0
0.481009679577933 -0.04712370467317992 0
0.4813508211773028 -0.0537699595452029 0
0.4817260769366095 -0.06108083990442817 0
0.4821388582718469 -0.06912280829957596 0
0.482592917740608 -0.07796897353423854 0
0.4830923831562453 -0.08769975529236737 0
0.4836417951134463 -0.0984036152263091 0
0.4842461482663674 -0.110177861153645 0
0.4849109367345806 -0.1231295316737145 0
0.5157736647625907 -0.03362324318481962 0
0.5161031656952901 -0.03911336746539364 0
0.5164656167212596 -0.04515250417402507 0
0.5168643128498259 -0.05179555455351963 0
0.5173028785912489 -0.05910290997096365 0
0.5177853009068143 -0.06714100093015207 0
0.5183159654539361 -0.07598290098525935 0
0.5188996964557701 -0.08570899104587736 0
0.5195418005577875 -0.09640769011255715 0
0.5202481150700067 -0.1081762590859049 0
0.5210250610334478 -0.1211216849565875 0
0.399247783066535 -0.03878975430132841 0
0.3993948928582912 -0.04428779201870372 0
0.399556713629223 -0.05033563350781656 0
0.399734716477248 -0.05698825914584069 0
0.3999305196100754 -0.06430614734766724 0
0.4001459030561856 -0.07235582436967643 0
0.4003828248469068 -0.08121046909388654 0
0.4006434388167002 -0.09095057829051767 0
0.4009301141834729 -0.1016646984068119 0
0.4012454570869229 -0.1134502305347356 0
0.4015923342807178 -0.1264143158754516 0
0.5245149339039596 -0.03308906934987657 0
0.5248556443725909 -0.03857850867955732 0
0.5252304258880853 -0.04461689194220615 0
0.5256426855551292 -0.05125911353111985 0
0.5260961711888773 -0.05856555727892493 0
0.5265950053860003 -0.06660264540151051 0
0.5271437230028356 -0.07544344233635465 0
0.5277473123813545 -0.08516831896468322 0
0.5284112606977253 -0.09586568325584464 0
0.5291416038457331 -0.1076327839761222 0
0.5299449813085416 -0.1205765947684275 0
0.471492624730974 -0.03603693891709642 0
0.4717614978984936 -0.04153036720790348 0
0.4720572583827653 -0.04757313832779125 0
0.4723825949154641 -0.05422018655966779 0
0.4727404651014327 -0.06153193961473198 0
0.4731341223059983 -0.0695748679753026 0
0.4735671452310204 -0.07842208917193028 0
0.4740434704485448 -0.08815403248822072 0
0.4745674281878215 -0.09885917013614021 0
0.475143781701026 -0.1106348215488517 0
0.4757777705655509 -0.1235880381028343 0
0.2458069896034042 -0.03865459013623689 0
0.2456501017424678 -0.04415235731841222 0
0.2454775250954379 -0.05019990121880508 0
0.245287690783705 -0.05685219950923722 0
0.2450788730407987 -0.06416972762871258 0
0.2448491735236019 -0.07221900856013547 0
0.2445965040546853 -0.08107321758470065 0
0.2443185676388771 -0.09081284751172236 0
0.2440128375814881 -0.1015264404314462 0
0.2436765345183602 -0.1133113926431425 0
0.2433066011489195 -0.1262748400760084 0
0.2546513373861179 -0.03889468347880069 0
0.2545102608506682 -0.04439287999678471 0
0.2543550766616736 -0.05044089616656713 0
0.2541843740537795 -0.0570937139533278 0
0.253996601185096 -0.06441181351876453 0
0.2537900510295441 -0.07246172304074494 0
0.2535628458584371 -0.08131662351492337 0
0.2533129201702193 -0.09105701403651967 0
0.2530380019131798 -0.1017714436102756 0
0.2527355918304363 -0.1135573161414071 0
0.2524029407394185 -0.1265217759256518 0
0.4083351696679087 -0.03853373005059443 0
0.4084985430649457 -0.04403130968379906 0
0.4086782538016864 -0.05007864728032414 0
0.4088759356121012 -0.05673071863650174 0
0.4090933856035575 -0.06404799712829709 0
0.4093325805941594 -0.07209700346927198 0
0.4095956950838215 -0.08095091044434437 0
0.4098851210224499 -0.09069020811692399 0
0.410203489554941 -0.1014034355567616 0
0.4105536949406813 -0.1131879857405829 0
0.4109389208649956 -0.1261509909427864 0
0.2021929788568663 -0.03706560167414266 0
0.2019435657706626 -0.04255995261961824 0
0.2016692113758386 -0.04860373865964137 0
0.2013674215415321 -0.05525190330366682 0
0.2010354527237949 -0.0625648844120948 0
0.2006702870242841 -0.0706091636313656 0
0.2002686047548222 -0.07945787077256346 0
0.1998267542584141 -0.08919144862788111 0
0.1993407187123651 -0.09989838426873054 0
0.1988060796117113 -0.1116760134736649 0
0.1982179766009921 -0.1246314055990927 0
0.5069899811563277 -0.0341409146848837 0
0.5073069626853498 -0.03963177673246682 0
0.5076556423672742 -0.04567172498480825 0
0.508039190017391 -0.05231566806238382 0
0.5084610924325195 -0.05962400544771694 0
0.5089251850891608 -0.06766317657158338 0
0.5094356870114662 -0.07650626480783647 0
0.5099972391260023 -0.08623366186771488 0
0.5106149464519919 -0.09693379863358111 0
0.5112944245105804 -0.108703949076034 0
0.5120418503750278 -0.1216511145627321 0
0.5332115613290935 -0.03254089198078625 0
0.5335621196034573 -0.03802971061476887 0
0.5339477337052576 -0.04406741111214973 0
0.5343719092172378 -0.0507088816592687 0
0.5348385022804161 -0.05801449926109956 0
0.5353517546499121 -0.06605067862311349 0
0.5359163322563578 -0.07489047592132883 0
0.5365373676234481 -0.0846142529493657 0
0.5372205065272473 -0.09531040768020627 0
0.5379719593214265 -0.1070761778841309 0
0.5387985573950236 -0.120018525108448 0
0.2813921323725444 -0.03945640109208053 0
0.2813028971372521 -0.04495568443839957 0
0.2812047383784305 -0.05100489611935051 0
0.2810967637437268 -0.05765902896839654 0
0.2809779916455527 -0.06497857510234718 0
0.2808473423375612 -0.07303007584969287 0
0.2807036280987705 -0.08188672667177316 0
0.2805455424361009 -0.09162904257606146 0
0.2803716482071641 -0.1023455900707786 0
0.2801803645553338 -0.1141337923149674 0
0.2799699525383204 -0.1271008147835752 0
0.5418614436538893 -0.03198115362628108 0
0.5422205084917713 -0.03746942182923562 0
0.5426154798134414 -0.04350651685248562 0
0.5430499482672786 -0.05014732137806062 0
0.5435278635664995 -0.05745220635619311 0
0.5440535703956424 -0.06548757983213885 0
0.5446318479076997 -0.07432649065567917 0
0.5452679531709627 -0.08404929256157352 0
0.5459676689605519 -0.09474437465805731 0
0.5467373563291001 -0.1065089649641895 0
0.5475840124345032 -0.1194500143009349 0
0.3264879214633673 -0.03981553059707292 0
0.3264895048902618 -0.04531553820782484 0
0.3264912466598457 -0.05136554657965195 0
0.3264931626063881 -0.05802055578866177 0
0.3264952701475847 -0.06534106591857257 0
0.3264975884429009 -0.07339362706147445 0
0.3265001385677488 -0.08225144431866652 0
0.3265029437050814 -0.09199504330157779 0
0.3265060293561473 -0.1027130021827802 0
0.3265094235723198 -0.1145027569521028 0
0.3265131572101096 -0.1274714871983578 0
0.3174286379968717 -0.0398029196948853 0
0.3174118310466204 -0.0453029015527562 0
0.317393343401344 -0.05135288159641419 0
0.3173730069915399 -0.05800785964443798 0
0.3173506369407554 -0.06532833549726415 0
0.3173260298848924 -0.07338085893537294 0
0.3172989621234433 -0.08223863471729261 0
0.3172691875858491 -0.09198218807740424 0
0.3172364355944956 -0.102700096773527 0
0.3172004084040067 -0.1144897963392621 0
0.3171607784944689 -0.1274584658615707 0
0.2993651778081762 -0.03968867653151854 0
0.2993123024628475 -0.04518842990604188 0
0.2992541395829859 -0.05123815861801756 0
0.2991901604151381 -0.0578928602011908 0
0.2991197833305055 -0.06521303194268138 0
0.2990423685374098 -0.073265220858321 0
0.2989572122650044 -0.0821226286655246 0
0.2988635403653585 -0.09186577725344855 0
0.298760501275748 -0.1025832407001649 0
0.2986471582771764 -0.1143724504915529 0
0.2985224809787477 -0.1273405812620797 0
0.2724466957705251 -0.03929674422305164 0
0.2723397394323781 -0.04479571114379911 0
0.2722220874604163 -0.05084457475662132 0
0.2720926702912584 -0.05749832473072576 0
0.2719503114051847 -0.06481744970224065 0
0.2717937166305037 -0.07286848717090702 0
0.2716214623783545 -0.08172462838644001 0
0.2714319827009904 -0.09146638372352633 0
0.2712235550558899 -0.1021823145943213 0
0.2709942846462793 -0.1139698385521957 0
0.2707420871957077 -0.1269361149058576 0
0.2108267127156108 -0.03744178190667544 0
0.2105977368604391 -0.04293702351150253 0
0.2103458634197502 -0.04898178927681232 0
0.2100688026349924 -0.0556310316186531 0
0.2097640357717589 -0.06294519819467795 0
0.209428792222202 -0.07099078142830528 0
0.2090600243176893 -0.07984092298529537 0
0.2086543796227255 -0.08957607869798445 0
0.2082081704582652 -0.1002847499819425 0
0.2077173403773589 -0.1120642883942962 0
0.207177427288362 -0.1250217806478854 0
0.34464820438233 -0.03974822521986453 0
0.3446876882859229 -0.04524809203329861 0
0.3447311205798751 -0.05129794552807611 0
0.3447788961032225 -0.05795278437233135 0
0.3448314491789046 -0.06527310710101211 0
0.3448892575621549 -0.07332546210256097 0
0.3449528467837303 -0.08218305260426469 0
0.3450227949274632 -0.09192640215613879 0
0.3450997378855695 -0.1026440866632003 0
0.3451843751394863 -0.114433539620968 0
0.3452774761187948 -0.1274019378745124 0
0.3901534522090525 -0.03902033277571032 0
0.3902851817360915 -0.04451876033875008 0
0.3904300842158345 -0.05056703065809381 0
0.3905894769435518 -0.05722012800937193 0
0.3907648089440408 -0.06453853509577785 0
0.3909576741445787 -0.07258878289082436 0
0.3911698258651704 -0.08144405546537553 0
0.3914031927578213 -0.09118485529738182 0
0.3916598963397372 -0.1018997351125887 0
0.3919422702798447 -0.1136861029093164 0
0.392252881613963 -0.1266511074857167 0
0.2370006608213841 -0.03839116518619935 0
0.2368279363567314 -0.04388845853226391 0
0.2366379394456135 -0.04993548121293493 0
0.2364289428433839 -0.05658720616167305 0
0.2361990465809312 -0.06390410360528498 0
0.2359461606922333 -0.07195269079325811 0
0.2356679862146656 -0.08080613670002855 0
0.2353619942893411 -0.09054492719747603 0
0.2350254031714842 -0.1012575967446683 0
0.2346551529418416 -0.1130415332465797 0
0.2342478776892347 -0.1260038633986823 0
0.3719501950394444 -0.03940360511558214 0
0.3720485073598991 -0.04490273386119817 0
0.3721566509123992 -0.0509517754813758 0
0.3722756088201493 -0.05760572126357119 0
0.3724064625186744 -0.06492506162398612 0
0.372550401587052 -0.07297633602044254 0
0.3727087345622674 -0.08183273785654462 0
0.3728829008350044 -0.0915747798762569 0
0.373074483735015 -0.1022910260979404 0
0.3732852249250267 -0.1140788969417922 0
0.3735170402340396 -0.1270455548700293 0
0.4264753077954691 -0.03793966927968411 0
0.4266710192799341 -0.04343619139732172 0
0.4268863019128456 -0.04948236572672308 0
0.4271231128090482 -0.0561331574890646 0
0.4273836047948711 -0.06344902842764025 0
0.4276701459792763 -0.07149648646007348 0
0.427985341282122 -0.08034869029575001 0
0.4283320561152523 -0.09008611451499421 0
0.4287134424316956 -0.1007972811561628 0
0.4291329673797832 -0.1125795644614483 0
0.4295944448226796 -0.1255400760972624 0
0.2903659076547065 -0.03958732356677537 0
0.2902947757964157 -0.04508687117949378 0
0.2902165307522957 -0.05113637355348404 0
0.2901304612037637 -0.05779082616487331 0
0.2900357847003786 -0.06511072403740152 0
0.2899316405466549 -0.07316261169718255 0
0.2898170819775589 -0.08201968812294168 0
0.2896910675515533 -0.09176247219127673 0
0.2895524516829471 -0.1024795346664453 0
0.2893999742274803 -0.1142683033891307 0
0.2892322490264668 -0.1272359489840846 0
0.2635321981746166 -0.03910921060341763 0
0.2634079066035636 -0.04460781270837588 0
0.2632711858754051 -0.05065627502382997 0
0.2631207930744309 -0.05730958357082946 0
0.2629553609933591 -0.0646282229725289 0
0.2627733857041803 -0.07267872631439828 0
0.2625732128860835 -0.08153427999045459 0
0.2623530227861771 -0.09127538903411656 0
0.26211081367628 -0.1019906089821447 0
0.2618443836553933 -0.1137773509249757 0
0.2615513106324178 -0.1267427670620898 0
0.3628460007339573 -0.03955142388791599 0
0.362925457261494 -0.04505085862178563 0
0.3630128594417843 -0.05110023682904223 0
0.3631090018401036 -0.05775455285702449 0
0.3632147584782549 -0.06507430048780498 0
0.3633310907802212 -0.0731260228816635 0
0.3634590563123843 -0.08198291751490791 0
0.3635998183977636 -0.09172550161147675 0
0.3637546566916808 -0.1024423441177024 0
0.3639249788149899 -0.1142308708745507 0
0.3641123331506297 -0.1271982503070839 0
0.2195081081132922 -0.03778683598025814 0
0.2192993812688196 -0.04328288259574076 0
0.2190697817398997 -0.04932853387277164 0
0.2188172222580878 -0.05597875027750561 0
0.2185394068280948 -0.06329398832271298 0
0.2182338098551025 -0.07134075017244107 0
0.2178976531848109 -0.080192188207142 0
0.2175278808474902 -0.08992877004531299 0
0.2171211312764374 -0.1006390100673011 0
0.2166737067482793 -0.112420274091488 0
0.2161815397673054 -0.1253796645180936 0
0.353744016899446 -0.03966681589932786 0
0.3538034390847897 -0.04516650444082483 0
0.3538688034886678 -0.0512161618364715 0
0.3539407043329337 -0.05787078497168283 0
0.3540197952616262 -0.0651908704204153 0
0.3541067952831879 -0.07324296441402101 0
0.3542024953069059 -0.08210026780698729 0
0.3543077653329956 -0.09184330153925022 0
0.3544235623616943 -0.1025606386447394 0
0.3545509390932628 -0.1143497094607775 0
0.3546910534979882 -0.1273176873584195 0
0.3355620209010066 -0.03979752211808963 0
0.3355823514685204 -0.04529749268190388 0
0.3356047150927857 -0.05134746030209955 0
0.3356293150794774 -0.0580024246843148 0
0.3356563750648384 -0.06532288550475157 0
0.3356861410487354 -0.07337539240723201 0
0.3357188836310221 -0.08223314999996049 0
0.3357549004715376 -0.09197668335196184 0
0.3357945189961045 -0.1026945700391633 0
0.3358380993731282 -0.1144842453950849 0
0.3358860377878542 -0.1274528882865987 0
0.1936110915993631 -0.03666053473084797 0
0.1933432569922514 -0.04215401602179934 0
0.1930486389244285 -0.04819684544184584 0
0.1927245590498232 -0.05484395780389699 0
0.1923680711877575 -0.06215578140215325 0
0.1919759345394852 -0.07019878736023513 0
0.1915445842263857 -0.07904609391412522 0
0.1910700988819762 -0.0887781311234043 0
0.1905481650031257 -0.09948337205361131 0
0.1899740377363902 -0.111259137076839 0
0.1893424977429812 -0.1242124786023895 0
0.3810535966934742 -0.03922576339509369 0
0.3811693343739346 -0.0447245518607205 0
0.3812966458224409 -0.05077321917290999 0
0.3814366884157979 -0.05742675321631842 0
0.3815907352684906 -0.0647456406640677 0
0.3817601868064525 -0.0727964168565919 0
0.3819465834982106 -0.08165227066836853 0
0.3821516198591446 -0.09139370986132282 0
0.382377159856172 -0.1021092929735725 0
0.3826252538529021 -0.1138964343970472 0
0.3828981572493052 -0.1268622899628694 0
0.4355215281081486 -0.03760492008900744 0
0.4357320599939709 -0.04310089388731198 0
0.4359636450683754 -0.04914646506544695 0
0.4362183886502204 -0.05579659336139544 0
0.4364986065902498 -0.06311173448693877 0
0.4368068463242822 -0.07115838972503644 0
0.4371459100317178 -0.08000971048694386 0
0.437518880109897 -0.08974616332504204 0
0.4379291471958941 -0.10045626144695 0
0.4383804409904909 -0.1122373693810488 0
0.4388768641645474 -0.1251965881085575 0
0.1850815403296697 -0.03623154413961917 0
0.1847956712681368 -0.04172411824657676 0
0.1844812153004506 -0.04776594976423011 0
0.1841353137359958 -0.05441196443364879 0
0.1837548220150956 -0.06172258057000933 0
0.1833362811221053 -0.06976425832000593 0
0.182875886139816 -0.07861010384500219 0
0.1823694516592977 -0.08834053392249808 0
0.1818123737307277 -0.09904400700774357 0
0.1811995880093006 -0.1108178274015136 0
0.1805255237157308 -0.1237690298346606 0
0.2282335783302327 -0.03810262359924455 0
0.2280436128595353 -0.04359934937590311 0
0.2278346508417682 -0.04964574773022754 0
0.2276047926222243 -0.0562967859199844 0
0.2273519485807261 -0.06361292792871695 0
0.227073820135078 -0.07166068413832274 0
0.2267678788448652 -0.08051321596888913 0
0.226431343425631 -0.09025100098251217 0
0.2260611544644735 -0.1009625644974975 0
0.2256539466072002 -0.1127452843639814 0
0.2252060179641995 -0.1257062762171136 0
0.4445484151315759 -0.03724725719911776 0
0.444772985914513 -0.04274267483816879 0
0.4450200137757439 -0.04878763424112492 0
0.4452917444230977 -0.05543708958437667 0
0.445590648135187 -0.06275149046195359 0
0.4459194422184852 -0.07079733142728821 0
0.4462811157101133 -0.07964775648915629 0
0.4466789565509041 -0.08938322405721118 0
0.447116581475774 -0.1000922383820716 0
0.4475979688931309 -0.111872154139418 0
0.4481274950522235 -0.124830061472499 0
0.4535545778828143 -0.03686791055522574 0
0.4537937684624129 -0.04236271249416127 0
0.4540568780999714 -0.04840699462699034 0
0.4543462987012856 -0.05505570497310233 0
0.4546646613627314 -0.06236928635382552 0
0.4550148602903216 -0.07041422587262103 0
0.4554000791106709 -0.07926365934329607 0
0.4558238198130551 -0.08899803616103863 0
0.4562899345856778 -0.09970585066055547 0
0.4568026608355628 -0.111484446610024 0
0.4573666597104362 -0.1244409021544393 0
0.820862567337579 -0.01018299930291607 0
0.8212643808991148 -0.01566830283780707 0
0.8217063758168043 -0.02170213672618718 0
0.8221925702262627 -0.0283393540034053 0
0.8227273840766669 -0.03564029300834522 0
0.8233156793121115 -0.04367132591377915 0
0.8239628040711006 -0.05250546210975646 0
0.8246746413059886 -0.06222301192533151 0
0.8254576622643653 -0.07291231672246408 0
0.8263189853185798 -0.08467055199930988 0
0.8272664406782158 -0.09760461080384028 0
0.8266511782581579 -0.009762159131197195 0
0.8270462681839608 -0.0152479515047736 0
0.8274808671023438 -0.02128232311570766 0
0.8279589259125653 -0.02792013188773511 0
0.8284847906038088 -0.03522172153696531 0
0.8290632417641767 -0.04325347015111854 0
0.8296995380405814 -0.05208839362668708 0
0.8303994639446265 -0.06180680944981248 0
0.8311693824390762 -0.07249706685525044 0
0.8320162927829708 -0.08425635000123217 0
0.8329478941612549 -0.09719156146181208 0
0.6800328216604341 -0.02150931817494846 0
0.6804883728877295 -0.02699041965184619 0
0.6809894792377542 -0.03301963127643369 0
0.6815406962227816 -0.03965176406347994 0
0.6821470349063117 -0.04694711012923082 0
0.6828140074581946 -0.05497199080155679 0
0.6835476772652661 -0.06379935954111536 0
0.6843547140530446 -0.07350946515462978 0
0.685242454519601 -0.08419058132949564 0
0.6862189690328129 -0.09593980912184809 0
0.6872931349973461 -0.1088639596934358 0
0.5843531909392725 -0.02902632975619438 0
0.5847547069443634 -0.03451165499540103 0
0.5851963745499633 -0.04054551275852834 0
0.5856822089161232 -0.04718275629796838 0
0.5862166267188992 -0.05448372419135242 0
0.5868044863019527 -0.06251478887407488 0
0.5874511318433115 -0.07134896002506957 0
0.5881624419388063 -0.08106654829116375 0
0.5889448830438506 -0.09175589538386733 0
0.5898055682593992 -0.1035141771858413 0
0.5907523219965027 -0.1164482871680126 0
0.6334090010040482 -0.0252938247910697 0
0.6338418166893807 -0.03077676875918374 0
0.6343179139432463 -0.03680800712410918 0
0.6348416209224986 -0.04344236932552716 0
0.6354176985996761 -0.05074016774708695 0
0.6360513840445714 -0.05876774601080271 0
0.6367484380339562 -0.06759808210089005 0
0.6375151974222795 -0.07731145179998611 0
0.6383586327494351 -0.08799615846899179 0
0.6392864116093062 -0.09974933580489805 0
0.6403069683551644 -0.1126778308743949 0
0.6492348694939144 -0.02403412846577663 0
0.6496750114685382 -0.02951648924017802 0
0.6501591676406244 -0.03554708609201955 0
0.6506917394299192 -0.04218074262904523 0
0.6512775683981434 -0.04947776481977348 0
0.6519219802631901 -0.05750448922957455 0
0.6526308333147416 -0.06633388608035573 0
0.653410571671448 -0.07604622261621503 0
0.6542682838638252 -0.08672979280566029 0
0.6552117672754401 -0.09848172001405003 0
0.6562495990282164 -0.1114088399432788 0
0.7096201253426647 -0.01905005765070375 0
0.7100772263158054 -0.02453103015858536 0
0.7105800373862601 -0.03056009991725515 0
0.7111331295637603 -0.0371920766517919 0
0.7117415309590104 -0.04448725105978234 0
0.7124107724937856 -0.05251194290857182 0
0.7131469381820383 -0.06133910394224025 0
0.7139567204391163 -0.07104898107927551 0
0.7148474809219021 -0.08172984593001434 0
0.7158273174529665 -0.093478797265827 0
0.7169051376371373 -0.106402643735221 0
0.55046380803256 -0.03141215180705097 0
0.5508314647639048 -0.03689985173463571 0
0.551235887168384 -0.04293632165497893 0
0.5516807518133112 -0.04957643856735647 0
0.5521701029227312 -0.05688056717097176 0
0.5527083891430931 -0.06491510863494858 0
0.5533005039854911 -0.07375310424532308 0
0.5539518303121291 -0.08347489941673504 0
0.5546682892714307 -0.09416887410528819 0
0.5554563941266627 -0.1059322462626966 0
0.5563233094674177 -0.118871955635846 0
0.5675186777725875 -0.03023873071605927 0
0.5679057605435096 -0.03572509437991545 0
0.568331551591524 -0.04176009441015725 0
0.5687999217443399 -0.04839859444342323 0
0.5693151289124374 -0.05570094448001581 0
0.5698818567973446 -0.06373352952026765 0
0.5705052574707425 -0.07256937306454467 0
0.5711909982114802 -0.08228880096324939 0
0.5719453130262918 -0.09298017165182459 0
0.5727750593225844 -0.1047406794092573 0
0.5736877802485063 -0.1176772379424333 0
0.6570442897254145 -0.02340407600296122 0
0.6574894765200102 -0.0288860297806478 0
0.6579791819940655 -0.03491617893610303 0
0.6585178580155262 -0.04154934300710379 0
0.659110401639133 -0.04884582348520463 0
0.6597621996251006 -0.05687195201111554 0
0.6604791774096649 -0.06570069338961756 0
0.6612678529726856 -0.07541230890596977 0
0.6621353960920084 -0.08609508597395721 0
0.6630896935232635 -0.0978461407487434 0
0.6641394206976441 -0.1107723010010082 0
0.672445007961243 -0.02213918194238768 0
0.6728986634285158 -0.02762044078425832 0
0.6733976844425159 -0.03364982551031603 0
0.6739466075579161 -0.0402821487089795 0
0.6745504229848562 -0.04757770422750933 0
0.6752146199544904 -0.05560281529789214 0
0.675945236621088 -0.06443043747531324 0
0.6767489149543453 -0.07414082187047644 0
0.6776329611209284 -0.08482224470515597 0
0.6786054119041698 -0.09657180982330343 0
0.6796751077657354 -0.1094963314532657 0
0.7379442278053188 -0.01668702305852051 0
0.7383973453776063 -0.02216832656209249 0
0.7388957747071225 -0.02819776041602168 0
0.7394440469695905 -0.03483013765534379 0
0.7400471464583052 -0.04212575261859811 0
0.7407105558958914 -0.05015092907817785 0
0.7414403062772362 -0.05897862318371558 0
0.7422430316967155 -0.06868908669980707 0
0.7431260296581427 -0.07937059656750774 0
0.7440973274157127 -0.09112025742197845 0
0.7451657549490396 -0.1040448843618962 0
0.7649626919200272 -0.01448810921373645 0
0.7654042378158559 -0.01997035681436415 0
0.7658899383012673 -0.02600082917505461 0
0.7664242088352199 -0.03263434877181412 0
0.7670119064225677 -0.03993122032824958 0
0.7676583737686503 -0.04795777904032859 0
0.7683694878493412 -0.0567869936236155 0
0.7691517133381012 -0.0664991296652311 0
0.7700121613757372 -0.07718247931100826 0
0.7709586542171368 -0.08893416392136314 0
0.7719997963426763 -0.1018610169927535 0
0.5926829716700395 -0.02841225430633486 0
0.5930894207666817 -0.03389721588698729 0
0.5935365147729882 -0.03993067362570496 0
0.5940283181799252 -0.04656747713829441 0
0.594569301927556 -0.0538679610021428 0
0.5951643840499499 -0.06189849325237602 0
0.5958189743845831 -0.07073207872763257 0
0.5965390237526796 -0.08044902275041477 0
0.5973310780575859 -0.0911376611754752 0
0.5982023377929827 -0.1028951634430417 0
0.5991607235019193 -0.1158284159373648 0
0.6009534730961196 -0.02779619905325626 0
0.6013647640025901 -0.03328079998681328 0
0.6018171839997076 -0.039313861013726 0
0.6023148459965371 -0.04595022814332998 0
0.6028622741930494 -0.05325023198589438 0
0.6034644452092128 -0.06128023621271519 0
0.6041268333269928 -0.07011324086221811 0
0.6048554602565507 -0.0798295459766713 0
0.6056569498790643 -0.09051748160256984 0
0.6065385884638294 -0.1022742107910582 0
0.6075083909070709 -0.1152066128983954 0
0.7168229825012252 -0.01844807600175157 0
0.717281258510828 -0.02392895030638173 0
0.7177853621213911 -0.02995791204147491 0
0.7183398760930105 -0.03658976995007741 0
0.718949841461792 -0.04388481364954015 0
0.7196208033674514 -0.05190936171894917 0
0.7203588614636769 -0.06073636459529909 0
0.7211707253695249 -0.07044606775928401 0
0.7220637756659577 -0.08112674123966743 0
0.7230461309920337 -0.09287548206808917 0
0.7241267218507174 -0.1057990969793531 0
0.7715102590919721 -0.01396225212438506 0
0.7719488262707714 -0.01944473895994955 0
0.7724312501674507 -0.02547547447907048 0
0.7729619164537979 -0.03210928355010351 0
0.7735456493687798 -0.03940647352823983 0
0.7741877555752599 -0.0474333825041898 0
0.7748940724023879 -0.05626298237773475 0
0.7756710209122289 -0.06597554223863419 0
0.7765256642730539 -0.0766593580856236 0
0.7774657719699614 -0.08841155551731193 0
0.7784998904365596 -0.1013389726921691 0
0.7843522269601153 -0.01294435375637596 0
0.7847818580944709 -0.01842754849074714 0
0.785254452342262 -0.02445906269855544 0
0.7857743060148323 -0.03109372832714456 0
0.7863461450546596 -0.0383918605185926 0
0.7869751679984696 -0.04641980592918545 0
0.7876670932366605 -0.05525054588083758 0
0.7884282109986707 -0.06496435982765492 0
0.7892654405368817 -0.075649555169154 0
0.790186393028914 -0.087403270044803 0
0.7911994407701495 -0.1003323564080169 0
0.8323547129509186 -0.009355308929055891 0
0.8327416311362601 -0.01484168424805391 0
0.8331672411401359 -0.02087669709895172 0
0.8336354121443992 -0.02751521123493932 0
0.8341504002490888 -0.03481757678452568 0
0.8347168871642474 -0.04285017888907067 0
0.8353400227709219 -0.05168604120407017 0
0.8360254719382638 -0.06140548975056962 0
0.83677946602234 -0.07209688315171901 0
0.8376088595148237 -0.08385741589298334 0
0.8385211923565559 -0.09679400190837412 0
0.8379734884632506 -0.00896364702122927 0
0.8383508530604532 -0.0144506883237311 0
0.8387659541173761 -0.02048643375648311 0
0.8392225652799913 -0.02712575373251032 0
0.839724837558868 -0.03442900570614026 0
0.8402773370656322 -0.04246258287713318 0
0.840885086523073 -0.0512995177652254 0
0.8415536109262579 -0.06102014614212684 0
0.8422889877697612 -0.07171283735671843 0
0.8430979022976148 -0.08347479769276916 0
0.8439877082782539 -0.096412954062425 0
0.7583309828811017 -0.01502372892739625 0
0.7587744604043961 -0.02050582051545965 0
0.7592622856800201 -0.02653612126232939 0
0.7597988934832064 -0.0331694520838861 0
0.7603891620667114 -0.04046611598759849 0
0.7610384575085668 -0.04849244628168211 0
0.7617526824946078 -0.05732140960517409 0
0.7625383299792529 -0.06703326926101527 0
0.7634025422123625 -0.07771631488244057 0
0.764353175668783 -0.08946766506600841 0
0.7653988724708457 -0.102394150267933 0
0.7906463707172376 -0.01245433046657527 0
0.7910701244754664 -0.01793798279315287 0
0.7915362536095181 -0.02397000035238825 0
0.792048995656975 -0.03060521966754715 0
0.7926130119091775 -0.03790396091422195 0
0.7932334297866004 -0.04593257628556423 0
0.7939158894517654 -0.05476405319404073 0
0.7946665950834471 -0.06447867779336489 0
0.7954923712782968 -0.07516476485262147 0
0.7964007250926315 -0.0869194606178037 0
0.7973999142883997 -0.09984962595950415 0
0.7968562255710104 -0.01197808382752925 0
0.7972736239804561 -0.01746222357742396 0
0.7977327622308462 -0.02349477730230815 0
0.7982378143062755 -0.03013058639968075 0
0.7987933715892477 -0.03742997640679061 0
0.7994044846005169 -0.04545930541461146 0
0.8000767089129133 -0.0542915673232144 0
0.8008161556565492 -0.06400705542267762 0
0.8016295470745487 -0.07469409233208718 0
0.8025242776343482 -0.08644983293243769 0
0.8035084812501276 -0.09938114759282325 0
0.8090289901217705 -0.01106114883212326 0
0.8094396342660625 -0.01654579771620197 0
0.8098913428247837 -0.02257891148868855 0
0.810388222239377 -0.02921533663842379 0
0.8109347895954296 -0.03651540430313255 0
0.8115360136870876 -0.04454547873431219 0
0.8121973601879113 -0.05337856060860979 0
0.8129248413388174 -0.06309495067033716 0
0.813725070604814 -0.07378297973823728 0
0.8146053227974104 -0.08553981171292739 0
0.8155736002092664 -0.09847232688508652 0
0.7023377391198503 -0.01965611194791233 0
0.7027929531076327 -0.02513724149274549 0
0.7032936884941932 -0.03116648399206196 0
0.7038444974194098 -0.03779865074131007 0
0.704450387237148 -0.045094034165483 0
0.7051168660366601 -0.05311895593207322 0
0.7058499927161234 -0.06194636987532247 0
0.7066564320635329 -0.07165652521289664 0
0.7075435153456835 -0.08233769608422824 0
0.7085193069560491 -0.09408698404269297 0
0.7095926777274513 -0.1070112007970042 0
0.6091638624876433 -0.02717633892787558 0
0.6095811133033298 -0.03266048992220216 0
0.6100400892005847 -0.0386930560159614 0
0.6105449626875652 -0.04532887871909657 0
0.6111003235232437 -0.05262828369254526 0
0.61171122044249 -0.06065762916333881 0
0.6123832070536611 -0.06948990918121171 0
0.6131223923259492 -0.07920541720087192 0
0.6139354961254662 -0.08989247602249814 0
0.6148299103049348 -0.101648240726287 0
0.6158137659023504 -0.1145795819004547 0
0.7309855532413214 -0.01726468490231338 0
0.7314417880121973 -0.02274572963259808 0
0.7319436462601607 -0.02877487883591125 0
0.7324956903329206 -0.03540694295955573 0
0.7331029388129564 -0.04270221349556466 0
0.7337709121409958 -0.05072701108517449 0
0.734505682801839 -0.0595542884337453 0
0.7353139305287667 -0.0692642935171732 0
0.7362030030283871 -0.07994529910894388 0
0.7371809827779696 -0.09169440525989164 0
0.7382567605025103 -0.1046184220259342 0
0.7516161944462352 -0.01556778535307803 0
0.7520614168851492 -0.02104973556032866 0
0.7525511615679545 -0.02707988078830437 0
0.7530898807190405 -0.03371304053907764 0
0.753682471785235 -0.04100951626492823 0
0.7543343219580489 -0.04903563956336389 0
0.7550513571481443 -0.05786437519164311 0
0.7558400958572492 -0.06757598438275027 0
0.7567077084372645 -0.07825875449296814 0
0.7576620822752815 -0.09000980161420778 0
0.7587118934971001 -0.1029359534475714 0
0.5590174246555388 -0.03083173070888021 0
0.5593949369889554 -0.03631876191111034 0
0.5598102005557135 -0.04235449623356349 0
0.5602669904791476 -0.04899380398826196 0
0.560769459394925 -0.05629704251843027 0
0.5613221752022801 -0.06433060490161541 0
0.5619301625903708 -0.07316752352311906 0
0.5625989487172706 -0.0828881340067731 0
0.5633346134568602 -0.09358080553879253 0
0.5641438446704089 -0.1053427442240139 0
0.5650339990053125 -0.1182808767777574 0
0.6173113397234482 -0.02655163174537702 0
0.6177345978217706 -0.03203532214830383 0
0.6182001817299252 -0.03806738159152333 0
0.6187123240288952 -0.04470264697906479 0
0.6192756805577623 -0.05200143890536039 0
0.619895372739516 -0.06003011002428554 0
0.6205770341394452 -0.06886164825510321 0
0.6213268616793672 -0.07857634030900265 0
0.6221516719732815 -0.08926250156829205 0
0.6230589632965872 -0.1010172789535104 0
0.6240569837522234 -0.1139475340772505 0
0.6253935470408354 -0.02592364410745461 0
0.6258219871819435 -0.03140693187789352 0
0.6262932713371624 -0.03743854842537632 0
0.6268116839079032 -0.04407332662760741 0
0.6273819377357182 -0.0513715826500616 0
0.6280092169463145 -0.0593996642747612 0
0.6286992240779706 -0.06823055406193078 0
0.6294582319227923 -0.07794453282781731 0
0.6302931405520961 -0.08862990947029251 0
0.6312115400443302 -0.1003838237770152 0
0.6322217794857878 -0.1133131295144102 0
0.7239449726634134 -0.01785230497774366 0
0.7244029433559968 -0.02333320482313696 0
0.7249067111178383 -0.02936219465306961 0
0.725460855655864 -0.0359940834659955 0
0.7260704146476924 -0.04328916116021399 0
0.7267409295387036 -0.05131374662385433 0
0.7274784959188159 -0.06014079063385871 0
0.7282898189369394 -0.06985053904486352 0
0.7291822742568753 -0.08053126229696882 0
0.7301639751088048 -0.09228005787428464 0
0.7312438460459272 -0.1052037330093321 0
0.6875443580141918 -0.02088422855714906 0
0.6880003011758365 -0.02636529741865674 0
0.6885018386536458 -0.03239447316631519 0
0.6890535298792361 -0.03902656648873948 0
0.6896603902273852 -0.0463218691434062 0
0.6903279366103494 -0.05434670206353959 0
0.6910622376316099 -0.06317401827568633 0
0.6918699687549965 -0.07288406610904774 0
0.6927584729907218 -0.08356511872574529 0
0.6937358276500196 -0.0953142766041126 0
0.6948109177752473 -0.1082383502703166 0
0.7448206249237782 -0.01612098970378852 0
0.7452693717154081 -0.02160265299879299 0
0.7457629931862009 -0.02763248262329789 0
0.7463059768040731 -0.03426529521025329 0
0.7469032587837324 -0.04156138905590423 0
0.7475602689613576 -0.04958709228612025 0
0.7482829801567454 -0.0584153658393579 0
0.749077962471672 -0.06812646674791929 0
0.7499524430180913 -0.07880867774733684 0
0.7509143716191524 -0.09055910984669613 0
0.7519724930803197 -0.1034845851559914 0
0.7779734887517273 -0.01344731447307276 0
0.7784080709246022 -0.01893011880891741 0
0.7788861113147645 -0.02496120357834651 0
0.7794119557439432 -0.03159539682471854 0
0.7799903846160396 -0.03889300939572776 0
0.7806266563753457 -0.0469203832238379 0
0.7813265553105824 -0.05575049443475906 0
0.7820964441393428 -0.06546361676677234 0
0.7829433218509793 -0.07614805133198693 0
0.7838748873337793 -0.08790092935372301 0
0.7848996093648594 -0.1008290951776327 0
0.5759645243987419 -0.02963602769422448 0
0.5763595986288249 -0.0351218211098913 0
0.5767941802819163 -0.04115619386712481 0
0.5772722201003168 -0.04779400390008166 0
0.5777980639005573 -0.05509559493633421 0
0.578376492080822 -0.06312734507621201 0
0.5790127630791131 -0.07196227023007758 0
0.5797126611772332 -0.08168068789932971 0
0.5804825490851655 -0.09237094733550708 0
0.5813294257838909 -0.1041302327153022 0
0.5822609901524889 -0.1170654466330767 0
0.6413562822050836 -0.02466356457227656 0
0.641792686010779 -0.03014622398995757 0
0.642272730197044 -0.03617714934940669 0
0.6428007788019356 -0.04281116724480072 0
0.6433816322673163 -0.05010858692973415 0
0.644020571079235 -0.05813574858316092 0
0.6447234037723457 -0.06696562640193038 0
0.6454965197347674 -0.07667849200257677 0
0.6463469472934313 -0.08736264416328783 0
0.6472824176079617 -0.09911521154006997 0
0.6483114349539449 -0.1120430356545303 0
0.6647818350066829 -0.0227715637169437 0
0.6652320455419658 -0.0282531068364325 0
0.6657272771307771 -0.03428280426787018 0
0.6662720318784694 -0.04091547144245163 0
0.666871262100931 -0.04821140533449122 0
0.6675304153456387 -0.05623693261573477 0
0.6682554839148173 -0.06506501262510268 0
0.6690530593409136 -0.07477590063540737 0
0.6699303923096196 -0.08545787744674255 0
0.6708954585751962 -0.09720805193921125 0
0.6719570314673304 -0.1101332438809268 0
0.6949789007624085 -0.02026602727633751 0
0.6954339341916208 -0.02574717178495103 0
0.6959344709637545 -0.03177643074442589 0
0.6964850614131014 -0.03840861559984825 0
0.6970907109073831 -0.04570401894081284 0
0.6977569253510929 -0.05372896261587388 0
0.6984897612391737 -0.06255640065844104 0
0.6992958807160626 -0.07226658250526491 0
0.7001826121406404 -0.08294778253677117 0
0.7011580167076759 -0.09469710257142805 0
0.702230961731415 -0.1076213546095506 0
0.8029839952157179 -0.01151530026458141 0
0.8033971200622575 -0.01699976277434703 0
0.8038515573934512 -0.0230326715350892 0
0.804351438457764 -0.0296688711719056 0
0.8049013076285083 -0.03696869077240363 0
0.8055061637163269 -0.04499849233295146 0
0.8061715054129275 -0.05383127404955408 0
0.806903381279188 -0.06354733393781697 0
0.8077084447320746 -0.07423499981490615 0
0.8085940145302499 -0.08599143227970424 0
0.8095681413082427 -0.09892350799098214 0
0.8149885920318766 -0.01061649085519374 0
0.8153956134038431 -0.01610141004795285 0
0.8158433369130064 -0.02213482115998787 0
0.816335832773086 -0.02877157338322639 0
0.8168775782191735 -0.03607200082878876 0
0.8174734982098698 -0.04410247101890737 0
0.8181290101996358 -0.05293598822803784 0
0.8188500733883783 -0.06265285715808136 0
0.8196432428959951 -0.07334141298112923 0
0.8205157293543736 -0.08509882438648189 0
0.8214754644585899 -0.09803197693236981 0
0.9854974430340481 -0.004573959836404384 0
0.9853173306878842 -0.01007101005753484 0
0.9851192071071038 -0.01611776530077834 0
0.9849012711682453 -0.02276919606834618 0
0.9846615416355011 -0.03008576991267082 0
0.9843978391494824 -0.03813400114142791 0
0.984107766414862 -0.04698705549306072 0
0.9837886864067793 -0.05672541527985681 0
0.9834376983978885 -0.06743761104533251 0
0.9830516115881086 -0.07922102638735577 0
0.9826269160973506 -0.09218278326358137 0
0.9884847054188228 -0.004671149107579383 0
0.9883086594381673 -0.01016833163471419 0
0.988115008859446 -0.01621523241456247 0
0.9879019932228528 -0.02286682327239558 0
0.9876676760226002 -0.030183573216012 0
0.9874099271023222 -0.03823199815399007 0
0.9871264032900167 -0.04708526558576594 0
0.9868145270964803 -0.05682385976071941 0
0.9864714632835905 -0.06753631335316823 0
0.9860940930894116 -0.07932001230486192 0
0.9856789858758149 -0.09228208115172498 0
0.9449833325297274 -0.00383594547853589 0
0.9450442106504789 -0.009335630360309318 0
0.9451111765833056 -0.01538528373026009 0
0.945184839109415 -0.02203990243720593 0
0.9452658678881353 -0.02935998301484636 0
0.9453549995447276 -0.03741207165025084 0
0.9454530443669791 -0.04626936914919576 0
0.9455608936714558 -0.05601239639803518 0
0.9456795279063802 -0.06672972637175854 0
0.945810025564797 -0.07851878934285424 0
0.9459535729890555 -0.0914867586110595 0
0.9914158846699426 -0.004763510267859886 0
0.9912469192110688 -0.01026091592516257 0
0.9910610572063075 -0.01630806214819551 0
0.9908566090010703 -0.02295992299353175 0
0.9906317159753093 -0.03027696992340162 0
0.9903843336469722 -0.03832572154625848 0
0.9901122130858013 -0.04717934833140101 0
0.9898128804685135 -0.05691833779505781 0
0.9894836145894967 -0.06763122620508029 0
0.9891214221225784 -0.07941540345610501 0
0.9887230104089682 -0.09237799843223221 0
0.9942917479403289 -0.004849652143658957 0
0.9941326969051213 -0.01034735481689388 0
0.9939577407663928 -0.01639482775745229 0
0.9937652890137914 -0.02304704799206655 0
0.9935535920859299 -0.03036449025014223 0
0.9933207254652823 -0.03841367673402547 0
0.9930645721825698 -0.04726778186629705 0
0.9927828035715862 -0.05700729751179578 0
0.9924728580995043 -0.06772076472184439 0
0.9921319180802141 -0.07950557865289787 0
0.9917568840589948 -0.09246887397705668 0
0.8989820766016775 -0.005371281679883309 0
0.8992287541163951 -0.01086575087352661 0
0.8995000993825845 -0.01690966698653425 0
0.8997985791753929 -0.02355797471084264 0
0.900126906947482 -0.03087111320758188 0
0.90048806749678 -0.03891556555399504 0
0.9008853441010078 -0.04776446313504951 0
0.9013223483656585 -0.05749825047420944 0
0.9018030530567742 -0.06820541654728537 0
0.9023318282170015 -0.07998329922766888 0
0.9029134808932515 -0.09293897017609075 0
0.8648309151868605 -0.007226906194575692 0
0.8651688445818907 -0.01271651622876404 0
0.8655405669164239 -0.01875508726637123 0
0.8659494614844104 -0.02539751540773913 0
0.8663992455091957 -0.03270418636324383 0
0.8668940079364594 -0.04074152441429899 0
0.8674382466064495 -0.04958259627045968 0
0.8680369091434386 -0.05930777531223643 0
0.8686954379341266 -0.07000547225819086 0
0.8694198196038835 -0.08177293889874072 0
0.8702166394406159 -0.09471715220334558 0
0.9971130501655527 -0.004928359085554923 0
0.996966574719884 -0.01042641265690134 0
0.9968054517296485 -0.0164742715853824 0
0.9966282164403895 -0.02312691640671156 0
0.9964332576222045 -0.03044482571017364 0
0.9962188029222009 -0.03849452594398192 0
0.995982902752197 -0.04734919620117104 0
0.9957234125651928 -0.05708933348407907 0
0.9954379733594881 -0.06780348449527791 0
0.9951239902332131 -0.07958905060759663 0
0.9947786087943103 -0.09255317333114722 0
0.9293238489323715 -0.004171167716287021 0
0.9294900173559358 -0.009668667293895072 0
0.9296728026218566 -0.01571591682926392 0
0.9298738664143694 -0.02236789131816967 0
0.9300950365861336 -0.02968506325596598 0
0.9303383237750741 -0.03773395238754193 0
0.9306059396829086 -0.04658773043227547 0
0.9309003171815267 -0.05632688628148237 0
0.9312241324300066 -0.06703995771560996 0
0.9315803292033343 -0.0788243362931503 0
0.9319721456539949 -0.09178715272844469 0
0.9523732289318113 -0.003798366845738334 0
0.9523636348382811 -0.009298394732930343 0
0.9523530813353979 -0.01534842540884155 0
0.9523414724822262 -0.02200345915234389 0
0.9523287027437375 -0.02932399627019645 0
0.9523146560313999 -0.03737658709983428 0
0.9522992046478285 -0.04623443701243588 0
0.9522822081258999 -0.05597807191629765 0
0.9522635119517786 -0.0666960703105456 0
0.9522429461602451 -0.07848586854421832 0
0.9522203237895582 -0.09145464660125834 0
0.8799544594285089 -0.006333947701129441 0
0.880261530904219 -0.01182537269050872 0
0.8805993095275001 -0.01786594017882593 0
0.8809708660131094 -0.02451056441597485 0
0.8813795781472795 -0.03181965107683868 0
0.8818291614948667 -0.03985964640378888 0
0.8823237031772125 -0.0487036412634341 0
0.8828676990277931 -0.05843203560904385 0
0.8834660944634315 -0.06913326938921459 0
0.884124329442634 -0.08090462654740238 0
0.8848483879197565 -0.09385311942140895 0
0.9124553831756992 -0.004790668975620174 0
0.9126831089072139 -0.01028595437084676 0
0.9129336072118802 -0.01633076830559601 0
0.9132091553470132 -0.02298006363382018 0
0.9135122582956593 -0.03029428849486676 0
0.9138456715391702 -0.03833993584201801 0
0.914212426107032 -0.04719014792388439 0
0.9146158561316801 -0.0569253812139374 0
0.915059629158793 -0.06763413783299571 0
0.9155477794886172 -0.07941377011395986 0
0.9160847448514238 -0.09237136562302042 0
0.9373011331866675 -0.003962814481621818 0
0.9374194932737266 -0.009461556679604164 0
0.9375496893694917 -0.01551017309738474 0
0.9376929050748333 -0.02216365115694338 0
0.9378504423507089 -0.02948247702245789 0
0.9380237333541722 -0.03753318547452384 0
0.9382143534579818 -0.0463889647717964 0
0.9384240355721724 -0.0561303219987962 0
0.9386546858977819 -0.06684581494849601 0
0.9389084012559525 -0.07863285719316578 0
0.9391874881499401 -0.09159860366230252 0
0.8699547786546507 -0.006915082678981579 0
0.8702841720010284 -0.01240521222599499 0
0.8706465046820437 -0.01844435472770973 0
0.8710450706311608 -0.02508741147959595 0
0.8714834931751895 -0.0323947739066708 0
0.871965757973621 -0.04043287257645312 0
0.8724962492518956 -0.04927478111321368 0
0.8730797896579978 -0.0590008805036503 0
0.8737216841047102 -0.0696995898331306 0
0.8744277679960938 -0.0814681700955589 0
0.8752044602766158 -0.09441360838423005 0
0.9035494679468346 -0.005171613838960164 0
0.9037884790814543 -0.01066641821472752 0
0.904051391329536 -0.01671070302807162 0
0.9043405948024259 -0.02335941632275012 0
0.9046587186226048 -0.03067300094689648 0
0.9050086548248016 -0.03871794403345747 0
0.9053935846472182 -0.04756738142867456 0
0.9058170074518763 -0.05730176256341336 0
0.9062827725370002 -0.06800958181162604 0
0.9067951141306366 -0.07978818298465999 0
0.9073586898836365 -0.09274464427499733 0
0.9080424336420256 -0.004977170931692272 0
0.9082774665514898 -0.01047214748217613 0
0.9085360027519003 -0.01651662168770837 0
0.9088203925723518 -0.02316554331379383 0
0.9091332213748485 -0.03047935710248784 0
0.9094773330575949 -0.03852455227005126 0
0.909855855908616 -0.04737426695437101 0
0.9102722310447391 -0.05710895310712275 0
0.9107302436944745 -0.06781710787514966 0
0.9112340576091835 -0.07959607811997925 0
0.9117882529153635 -0.0925529453892918 0
0.8489596898829448 -0.008229918120017953 0
0.8493157472394941 -0.01371838284953889 0
0.8497074103316984 -0.01975569405201192 0
0.8501382397331231 -0.02639673637473226 0
0.8506121520746903 -0.03370188292972463 0
0.8511334556504142 -0.04173754414021622 0
0.8517068895837105 -0.05057677147175699 0
0.8523376669103365 -0.06029992153645184 0
0.853031521969625 -0.07099538660761617 0
0.8537947625348424 -0.08276039818589694 0
0.8546343271565815 -0.09570191092200578 0
0.8848315379716304 -0.006066974440548273 0
0.8851249989457637 -0.01155914455898777 0
0.8854478060173102 -0.01760053168927122 0
0.8858028937960115 -0.02424605753258301 0
0.8861934903525829 -0.03155613596022598 0
0.8866231465648113 -0.03959722223063325 0
0.8870957683982627 -0.04844241712808124 0
0.8876156524150591 -0.05817213151527404 0
0.8881875248335352 -0.06887481734118613 0
0.888816584493859 -0.0806477717496894 0
0.8895085501202151 -0.09359802159904301 0
0.8543321887316281 -0.007885999990962067 0
0.854681596866843 -0.01337489039088404 0
0.8550659458155794 -0.01941266983079822 0
0.8554887296591893 -0.02605422721470381 0
0.8559537918871604 -0.03335994033699996 0
0.8564653603379284 -0.04139622477152573 0
0.8570280856337734 -0.05023613764950407 0
0.8576470834592028 -0.05996004181528025 0
0.8583279810671751 -0.07065633639763405 0
0.8590769684359447 -0.08242226043822323 0
0.8599008545415913 -0.09536477688287133 0
0.8749957512929423 -0.00661701443569454 0
0.875314829035485 -0.01210775398405121 0
0.8756658145522819 -0.01814756748724354 0
0.8760518986207585 -0.02479136234075511 0
0.8764765910960827 -0.03209953667961783 0
0.8769437528189394 -0.04013852845236683 0
0.8774576307140818 -0.04898141940239072 0
0.8780228963987383 -0.05870859944741701 0
0.8786446886518606 -0.06940849749694593 0
0.8793286601302951 -0.08117838535142773 0
0.880081028756573 -0.09412526199135772 0
0.8896276317363538 -0.005817040970561941 0
0.8899059620469382 -0.01130999968088582 0
0.890212125388581 -0.01735225426224208 0
0.890548905064388 -0.02399873430173397 0
0.8909193627077757 -0.03130986234517505 0
0.8913268661155023 -0.03935210319296023 0
0.8917751198640015 -0.04819856812552394 0
0.8922681989873505 -0.05792967955134401 0
0.8928105860230346 -0.0686339021197461 0
0.8934072117622871 -0.08040854694498839 0
0.8940635000754648 -0.09336065625275491 0
0.9210443843273484 -0.004451474961522303 0
0.9212474474554669 -0.009947730568989722 0
0.9214708168963974 -0.01599361173720389 0
0.921716523281421 -0.02264408102223946 0
0.9219868003049467 -0.0299595972357786 0
0.9222841050308251 -0.03800666507067164 0
0.9226111402292914 -0.046858439689054 0
0.9229708789476042 -0.05659539176927459 0
0.9233665915377484 -0.06730603905751725 0
0.9238018753869069 -0.07908775107458417 0
0.9242806876209814 -0.09204763429335777 0
0.9252223431835115 -0.004303055059368521 0
0.9254084035646716 -0.009799914813475736 0
0.9256130699839475 -0.01584646054299368 0
0.9258382030451512 -0.02249766084546341 0
0.9260858494124752 -0.02981398117818012 0
0.9263582604165316 -0.0378619335441685 0
0.9266579125209936 -0.04671468114675571 0
0.9269875298359018 -0.05645270350960165 0
0.9273501088823008 -0.06716452810873218 0
0.9277489458333398 -0.07894753516777575 0
0.9281876664794826 -0.09190884293272369 0
0.8943433950034657 -0.005584956404654458 0
0.8946051563044058 -0.01107873067799699 0
0.8948930937354399 -0.01712188237867377 0
0.8952098249095773 -0.02376934924941824 0
0.8955582292011286 -0.03108156280723715 0
0.895941473921835 -0.03912499772083795 0
0.896363043114612 -0.04797277612579884 0
0.8968267692266666 -0.05770533237125581 0
0.8973368679499268 -0.06841114424125849 0
0.897897976545513 -0.08018753729826143 0
0.8985151960006578 -0.09314156966096467 0
0.8596235511474736 -0.007551074993045849 0
0.8599681455666132 -0.01304027009552401 0
0.8603471994276668 -0.01907838470824998 0
0.8607641586748258 -0.02572031078224855 0
0.8612228138467007 -0.03302642946364697 0
0.8617273345357631 -0.04106316001318524 0
0.8622823072937318 -0.04990356361767734 0
0.8628927773274973 -0.05962800758261864 0
0.8635642943646393 -0.07032489594405408 0
0.8643029631054956 -0.08209147314163306 0
0.8651154987204375 -0.09503470805896995 0
0.8435078489558286 -0.008588237875049701 0
0.8438743429447718 -0.01407601661149095 0
0.8442774863326094 -0.02011257322157632 0
0.8447209440592306 -0.02675278549267023 0
0.8452087475585141 -0.03405701899087352 0
0.8457453314077258 -0.04209167583889715 0
0.8463355736418587 -0.05092979837172314 0
0.846984840099405 -0.06065173315783173 0
0.8476990332027058 -0.0713458614225512 0
0.8484846456163367 -0.08310940251374259 0
0.8493488192713308 -0.09604929771405313 0
0.941178684472988 -0.003888723913899227 0
0.9412694379885561 -0.009387993954085936 0
0.9413692668556811 -0.01543719099829131 0
0.9414790786095185 -0.02209130774691723 0
0.9415998715387397 -0.02941083617040574 0
0.9417327437608829 -0.03746231743624311 0
0.9418789032052406 -0.04631894682866421 0
0.9420396785940339 -0.05606123916032742 0
0.9422165315217066 -0.06677776072515695 0
0.9424110697421466 -0.07856593444646943 0
0.9426250617846306 -0.09153292553991317 0
0.9487150205449599 -0.003805201578663961 0
0.9487429020314054 -0.009305158805113388 0
0.9487735716664955 -0.01535511175420776 0
0.9488073082650945 -0.02201005999821157 0
0.9488444185235535 -0.02933050306661576 0
0.9488852398078583 -0.03738299044186037 0
0.9489301432205937 -0.04624072655462944 0
0.9489795369746026 -0.05598423627867542 0
0.9490338701040123 -0.066702096975126 0
0.949093636546363 -0.07849174374122163 0
0.9491593796329488 -0.09146035518392684 0
0.9559626399248191 -0.003817726576426013 0
0.9559154918961712 -0.009317552560302412 0
0.9558636290646585 -0.01536736114256645 0
0.9558065799499944 -0.02202215058305689 0
0.9557438259238641 -0.02934241896759638 0
0.9556747964951207 -0.03739471419058981 0
0.9555988641235028 -0.04625223893588259 0
0.9555153385147233 -0.05599551615570465 0
0.9554234603450658 -0.06671312109750892 0
0.9553223943584425 -0.07850248653349361 0
0.9552112217731569 -0.09147078851307677 0
0.9167890458876292 -0.004614679828301875 0
0.9170060551915907 -0.01011040046891372 0
0.9172447654259483 -0.01615569317358676 0
0.9175073466837418 -0.0228055151487271 0
0.9177961860673146 -0.03012031932138146 0
0.9181139093892446 -0.03816660391130126 0
0.9184634050433677 -0.04701751696021306 0
0.9188478502629029 -0.05675352131401603 0
0.9192707400043918 -0.06746312610319929 0
0.9197359187200296 -0.07924369137130088 0
0.9202476153072311 -0.09220231316621263 0
0.959488561647772 -0.003859275924686241 0
0.959408834181136 -0.009358718480544974 0
0.9593211339678362 -0.01540810529198958 0
0.9592246637332067 -0.02206243078457865 0
0.9591185464751142 -0.02938218882642662 0
0.9590018174912123 -0.03743392267245939 0
0.9588734156089204 -0.04629082990309544 0
0.9587321735383991 -0.0560334278567951 0
0.9585768072608258 -0.06675028560586471 0
0.9584059043554951 -0.07853882912984129 0
0.9582179111596314 -0.09150622700621554 0
0.9629518307391074 -0.003918976950255247 0
0.9628445476969819 -0.009417944842245497 0
0.9627265363506439 -0.01546680952343477 0
0.9625967238696721 -0.02212056067274297 0
0.9624539301406031 -0.02943968693698199 0
0.9622968570386271 -0.03749072582764491 0
0.9621240766264536 -0.04634686860737412 0
0.9619340181730628 -0.05608862566507627 0
0.9617249538743328 -0.06680455842854863 0
0.9614949831457298 -0.07859208446836823 0
0.9612420153442666 -0.09155836311216976 0
0.9663530650103369 -0.003993137686534335 0
0.966222992496134 -0.009491608914197876 0
0.9660799127305109 -0.01553992726462777 0
0.9659225249883254 -0.02219307745010066 0
0.9657493984719213 -0.02951154265412083 0
0.9655589593038769 -0.03756185437854302 0
0.965349476219028 -0.04641719727540743 0
0.9651190448256942 -0.05615807446195829 0
0.9648655702930271 -0.06687303936716422 0
0.9645867483070932 -0.07865950076289076 0
0.964280044122566 -0.09162460829818994 0
0.9696929365129376 -0.004078394493186603 0
0.9695445905055525 -0.00957639940792813 0
0.9693814098974289 -0.01562420481414381 0
0.9692019112284931 -0.02227679076098106 0
0.9690044626926635 -0.02959463530250203 0
0.968787269303251 -0.03764426429817511 0
0.9685483565748974 -0.04649885619341548 0
0.9682855525737082 -0.0562389072781799 0
0.9679964681724001 -0.06695296347142077 0
0.9676784753309614 -0.07873842528398571 0
0.9673286832053787 -0.09170243327780715 0
0.9729721536643564 -0.004171692604834817 0
0.9728098085331627 -0.009669299316773919 0
0.9726312288888496 -0.01571666669990693 0
0.9724347912801051 -0.02236877082135325 0
0.9722187099104863 -0.02968608535494419 0
0.9719810204039055 -0.03773513134189423 0
0.9717195619466668 -0.04658908192753927 0
0.9714319576437042 -0.05632842757174882 0
0.9711155929104451 -0.06704170778037934 0
0.9707675917038603 -0.0788263160098729 0
0.970384790376617 -0.09178938506231581 0
0.976191453517801 -0.004270267091198793 0
0.9760191510281445 -0.009767568957030851 0
0.9758296182895224 -0.01581460100944611 0
0.9756211322770381 -0.0224663362671029 0
0.9753917976633053 -0.02978324505052537 0
0.9751395295881992 -0.03783184471229008 0
0.9748620347055825 -0.04668530434023128 0
0.9745567903347042 -0.05642410993096659 0
0.9742210215267381 -0.06713679608077543 0
0.9738516758379753 -0.07892075084556516 0
0.9734453955803362 -0.09188310108683385 0
0.9793515896211862 -0.00437162414228019 0
0.9791731481325092 -0.009868729126736161 0
0.9789768624949646 -0.01591554460963773 0
0.9787609482936654 -0.02256704164082945 0
0.9785234426722365 -0.02988368837514035 0
0.9782621864886645 -0.03793199978288234 0
0.9779748046867354 -0.04678514233139852 0
0.9776586847046133 -0.05652359913476633 0
0.9773109527242789 -0.06723590161847093 0
0.9769284475459112 -0.07901943435054598 0
0.9765076918497069 -0.09198132035582852 0
0.9824533287934606 -0.004473523228860845 0
0.9822723524324709 -0.009970544941368077 0
0.9820732784353822 -0.01601726882512603 0
0.9818542970385846 -0.02266866509725978 0
0.9816134175021074 -0.02998520099660691 0
0.9813484500119823 -0.03803339048588874 0
0.9810569857728448 -0.04688639892409876 0
0.9807363751097936 -0.05662470820612978 0
0.9803837033804372 -0.06733684841636392 0
0.9799957644781452 -0.07912020264762146 0
0.979569031685624 -0.09208189230200475 0
0.9333498141997457 -0.004057324015437152 0
0.9334933634785232 -0.009555463436647565 0
0.9336512676851785 -0.01560341679997902 0
0.9338249623124992 -0.02225616549964362 0
0.9340160264025521 -0.02957418906927469 0
0.9342261969016102 -0.03762401499586885 0
0.9344573844505742 -0.04647882351512244 0
0.9347116907544346 -0.05621911288630139 0
0.934991427688681 -0.06693343119459824 0
0.935299138316352 -0.07871918133372477 0
0.9356376200067902 -0.09168350648676395 0
0.8874075930490133 -0.09773569782621069 0
0.9566857847221204 -0.09418850193506839 0
0.9263567693109307 -0.09529052585254895 0
0.9096523906129317 -0.09643916832913597 0
0.9409609609585419 -0.09445512300892153 0
10.71217639776572 22.46580979918556 0
10.67029890511728 -22.89943722702409 0
-7.778010787925794 -22.79939663847593 0
-22.76158778409191 8.275800541248882 0
-7.985904444639014 22.5406271122175 0
-22.93432687106114 -7.797359306219962 0
22.62320217226543 -8.015802507320204 0
22.76848997351325 7.540494769429142 0
2.483361603768099 22.74553621954663 0
2.599393404282237 -22.96200940848188 0
-22.52663690018569 0.1155622255459125 0
22.65168230156854 -0.1296088776655796 0
-22.87992745440286 -15.87223080340468 0
-15.79516513068495 22.82358332862501 0
22.46036198256431 16.04236035801631 0
22.71276178641312 -15.81623924599463 0
-15.84418002570936 -22.84234698650333 0
-22.81096681042969 16.03025428173596 0
-2.537962576754213 22.76820203597534 0
-2.727821121312384 -22.78232456043385 0
15.96839317697714 22.87340725334875 0
15.74235328611375 -22.56360937675743 0
0.9008030661897659 -0.09694858454283974 0
0.9183102950609083 -0.09583563135182931 0
0.9338947579225977 -0.09489151864851833 0
0.9475788253684782 -0.09418709694653687 0
-22.89321156725757 -21.22299412850433 0
21.01763758084014 -22.61570587241548 0
-20.9398861425457 22.78516029151384 0
22.648731876341 20.86180478057107 0
-0.04248848835899898 22.79950057709592 0
-1.31416638197245 20.75282029878062 0
-3.483192464621654 20.62116155746472 0
-2.464302165264817 18.83881430527396 0
-4.424866027376667 18.70390598096622 0
-3.470316912435531 17.02813499538481 0
-1.540391058191289 17.11268630019193 0
-2.452310371544321 15.47530038214123 0
-0.7068740368494232 15.51076089071898 0
-1.470772602631272 14.07724469510363 0
0.0907031550826724 14.08362677502864 0
-0.6642125901290953 12.75966895308694 0
0.8398737851992953 12.76381689395101 0
-2.133903438478022 12.72237654744857 0
-1.314312902328062 11.27557874041393 0
-2.732265679478023 11.40567765599988 0
-2.121516083128653 10.2178536239102 0
-3.343893198060752 10.24064919191017 0
-2.639730326616673 9.190256563816117 0
-1.587871265955291 9.161820417901989 0
-3.87589302555408 9.115446035032882 0
-2.006193795618893 8.242314948257279 0
-1.020838179257638 8.249226653385021 0
0.8462175283940297 0.1154240126121838 0
-1.434261831071377 7.420321765525274 0
0.6773768856016612 0.136793127527134 0
0.5243541383948976 0.1515522305750704 0
-0.5315402131227198 7.428755561082498 0
-0.9203246825730501 6.676972607840883 0
0.373580277907528 0.1562673134763596 0
-0.1099144387736515 6.683900991306368 0
-0.497038277672353 5.994773096254123 0
-1.252874619826967 5.966864524494961 0
0.2311157363072115 0.1515238939529391 0
0.2763026893592836 6.002507881610248 0
-0.8617348583880322 5.347677827039725 0
-1.549752331983941 5.305536876553669 0
-1.188542151298943 4.732466324291946 0
-1.841084807129228 4.696834281803495 0
-1.495058394539446 4.189235564220885 0
-2.137624872649093 4.156290682542511 0
-0.8925933477563115 4.20527314482699 0
-1.227024886896109 3.64781130280369 0
-0.06554556095800351 0.09700082191180977 0
0.02798432015266879 0.1233668980492256 0
0.1221530659990106 0.1401372971601067 0
-0.6482026080552313 3.71168965910696 0
0.003424582929587333 0.115478807986131 0
-0.8552987901691457 3.275137107870867 0
-0.4041528910247899 3.30226492540313 0
0.6811146083165096 6.660409817419122 0
1.061798237916902 5.991438467775475 0
1.481949039729604 6.674743618870425 0
1.877268998607665 5.958540487213705 0
2.323272729369767 6.684455120682269 0
2.753132761162143 5.934265742871073 0
3.218906672339424 6.696990274937479 0
3.672846907785309 5.891757749477952 0
4.150271842688424 6.693136338700463 0
4.686071926728777 5.8472330356354 0
5.203351968148723 6.876827670585501 0
5.728161349625685 5.794758128649995 0
6.328193952625493 6.741389176328438 0
6.855703183934326 5.731614682560026 0
6.134970418996435 4.671791192374383 0
7.350145511419072 4.699116341733479 0
6.756897199910353 3.719503368164124 0
7.868323047920049 3.71512918235563 0
7.292714142156201 2.879684396367761 0
7.50250097374536 6.734469620666478 0
-0.5913918476693159 2.92447214286622 0
-0.2048374426251211 2.935254303981247 0
-1.052138372137239 2.851339782046962 0
-0.3572947843469579 2.608969458389884 0
-0.02365976666045648 2.612300682299291 0
8.370151142471094 2.770058083289749 0
7.789900166690304 2.027412961992974 0
-4.62854205382866 10.20105318745225 0
-5.224526510255203 8.99364657764918 0
-0.1521934615929007 2.325664305568065 0
0.1562672023382836 2.335269277416153 0
8.877600154251867 1.823956110505752 0
8.11687689223676 0.9474306685195137 0
0.03566336136129623 2.02438530655789 0
-0.2633920710753535 2.044608227232621 0
0.3319293891936516 2.067332843158625 0
-5.977569607624131 10.1344545129031 0
-6.608575153117274 8.866412933041895 0
-0.1226472444935965 1.805714462453789 0
-0.3672567344652637 1.796661438078897 0
9.396429166332064 0.8274729723112172 0
8.766895766485334 -0.1259861852820655 0
7.645816452490125 -0.1000297414220802 0
8.16594001434142 -1.066033314038648 0
7.133310301894555 -1.034604296049229 0
7.575650195339705 -1.947593262252394 0
6.583093518766796 -1.914530692140952 0
0.5442086451409934 -0.1294786610407621 0
0.7210520583019338 -0.1124741909625087 0
0.8069307283354699 -0.1042802743965981 0
0.8469809570242371 -0.1008409263896306 0
0.7690702899361109 -0.1076220532306221 0
7.003525204064796 -2.80323910316195 0
5.881091614656378 -2.766728387191399 0
0.2567862786907723 -0.1345327643946402 0
6.43162383947447 -3.653136993806808 0
5.372242526995338 -3.713825914532567 0
5.868769789426819 -4.555818243377767 0
4.8126725947963 -4.524461287326661 0
5.297214375125343 -5.442044246694402 0
4.237602191748193 -5.37412142388628 0
6.566062477356951 -5.493462809045565 0
4.713939692082848 -6.354096544077544 0
3.46292640123748 -6.166746056811855 0
0.8304614566478273 -0.1022712999698635 0
0.8628034881572935 -0.09967587054611628 0
8.683786277876333 -2.094029721696099 0
4.0750804703298 -7.303301985667613 0
2.920897022753659 -7.198837689237419 0
2.350322459265899 -6.216432073549399 0
1.816826595418556 -7.109924681879583 0
1.371799291768533 -6.12732968883294 0
0.7901985373844219 -6.990755593793548 0
0.4247667852378248 -6.120750084789199 0
-0.1927125895214716 -6.901868148996553 0
-0.6200494734154959 -6.001060285019314 0
-1.182521583667405 -6.808194262016356 0
-1.650495279180782 -5.925158217809317 0
-2.204130027245255 -6.738080276427867 0
-2.622059545246921 -5.808632392227971 0
-3.253834571592432 -6.65901554856789 0
-3.723294477801719 -5.682699152839824 0
-4.404761740725133 -6.586396127742651 0
-4.923060672817401 -5.517206183751805 0
-5.587060079096073 -6.478278720795574 0
-6.136685885686136 -5.3477211345654 0
-5.414680316852566 -4.436297243469577 0
-6.640817890117104 -4.208337665404073 0
-0.7037200824507912 -7.816926945603324 0
-6.685803545051738 -6.538494813160253 0
9.007792027175695 3.635303157910678 0
0.4633217015492668 2.335688290678093 0
0.6285916407522877 2.073023254470682 0
0.9568083546530475 0.1010108062884554 0
0.9074204396444319 0.1071551083275162 0
-5.012018975593952 -7.609639348196816 0
-0.2243413049204632 1.592421059497486 0
-0.4657571405829932 1.574476818024598 0
2.250506137685197 -8.131269932961144 0
6.220838818888422 2.999394781832381 0
0.7724510113761517 2.344334083617746 0
0.9206645574821722 2.076839001433462 0
0.7820790697045084 1.824390315241559 0
1.030983425753673 0.0978969101735005 0
0.9868421433308989 0.09754347516726673 0
1.001195049962341 0.0960852373120368 0
1.0555707658926 1.825015190403916 0
0.9748001206643818 0.09949788545965368 0
1.215854447540504 2.066292326067508 0
1.350263210767694 1.808021675441488 0
1.523326290263295 2.061319129057774 0
1.671386596097891 1.783643570168918 0
-7.424949591308142 10.06847983287143 0
-8.069481802662249 8.730732934310875 0
1.857559879462739 2.057509477736031 0
2.006558589514448 1.745245485887491 0
0.8844148704851017 -5.307487410703975 0
0.8948093354504355 1.616934334408737 0
1.676852470771697 2.350983088495468 0
-5.727289240515717 -3.217767730972034 0
-7.116836360448811 -3.043928557852384 0
-0.3307389422470944 1.382355956770496 0
-0.5620415504285211 1.361213394750522 0
6.921018067233568 7.797582261661281 0
8.202270752485932 7.827008912598957 0
7.488885087841068 8.993546477173044 0
8.936266761364664 9.02155423681033 0
5.653686500576792 -1.71760625909263 0
-2.020517220582096 -5.13626753606643 0
-6.360384410695379 -2.047099647547686 0
-7.641596396959619 -1.875721352345467 0
-8.468197910723186 -2.934720084220984 0
-9.020279103098327 -1.667697784991719 0
-8.952503282579878 10.00019674572049 0
-9.626908934682726 8.577466225814677 0
2.06659174258791 2.35628910736231 0
-9.889591102692032 -2.81975469201006 0
-6.87529171353824 -0.875066355569097 0
1.784967673438118 1.467434322945672 0
2.153361581980802 1.438894428195745 0
-10.46828417585637 -1.413105244229561 0
-0.4291145029499022 1.180458735882358 0
-0.658751657852306 1.128283263951588 0
-0.220042271077685 1.200827908203743 0
0.08587543866948034 3.229264912413966 0
1.971381264321462 1.175513896664372 0
2.307410019533222 1.131609745928841 0
2.522259652459132 1.42562293619392 0
2.085522497684305 0.8480499246832458 0
2.454957393855334 0.8155576981784278 0
2.267976697228954 0.5221532406451398 0
-0.3010187699131288 1.020058756057525 0
-0.1238337236930026 1.035207659306685 0
-0.1901619382599004 0.8914946009508278 0
-0.046147782053624 0.9078578775230781 0
-0.1014416695501966 0.7841927053559697 0
-0.2314055742933823 0.7575753233299639 0
0.02114312480895246 0.7960348603970909 0
-0.01978889366723644 0.6795740719496535 0
0.0886219851764123 0.7008804677536716 0
0.4495093655346867 0.1532330879379175 0
0.4114323257324232 0.1568340476526131 0
0.2972089807070324 0.1555810264792308 0
0.3342486396686016 0.1564338784928195 0
0.2683005854612025 0.1536818242974651 0
0.4780910984263696 0.155739877786615 0
0.1324388648466385 0.7979457374671086 0
0.1877645708148115 0.7060365681384383 0
0.1480327123490918 0.6210967473895659 0
0.2356500564126461 0.6309697141344714 0
0.765834242297134 0.1271598700734036 0
0.723013265393152 0.131493728984758 0
0.8054780098998229 0.1217349874380181 0
0.6034895231450256 0.1445925136895275 0
0.568777525153268 0.147283057641551 0
0.6378988651394391 0.1411973828000801 0
0.7005404919781723 0.1342400617749481 0
0.7853982590538848 0.1236380992935817 0
0.7445782074619148 0.1287053259583865 0
0.8232909335479843 0.1195665016360996 0
0.2843813632902324 0.7065664051296697 0
0.3247617615187713 0.6205073900248026 0
0.376471646405095 0.7054964007822953 0
0.4207325020900011 0.6269462877369422 0
0.4700621620400733 0.7059778649008747 0
0.5133768724549357 0.6152863175406242 0
0.4242043685946161 0.7914335128750865 0
0.5620208453074631 0.7040162701335586 0
0.6085752050158357 0.6255535248617827 0
0.6553443065229236 0.7061246357504702 0
0.7090734416786466 0.6289083428520919 0
0.7507493545286924 0.7072055594050224 0
0.7970158186368136 0.6245499972887996 0
2.610342441759818 0.4997174322509862 0
2.420675497291933 0.2299171855727819 0
-5.152604371626768 -2.240067850863175 0
8.176275816454377 10.29900589964585 0
1.628863684652649 14.06306502078789 0
9.706768993687476 10.31682145862509 0
10.47997888188181 8.963291175311317 0
0.5619027877658412 0.5509317388506527 0
-7.194695496835028 7.55404720847848 0
0.198807967566568 0.5507319231883464 0
0.1762832742662547 0.1472067183103085 0
0.1490462378430177 0.144053312865507 0
0.2041574295635012 0.1494949469263289 0
0.3801480215981861 0.5529761107750963 0
0.7512713691341675 0.5444095411363415 0
0.8384439611972905 0.5449961174418816 0
0.88893477629715 0.6221939084675301 0
0.9286526736845576 0.5243303068606606 0
-10.5548250309044 9.918270088544347 0
-11.30527726345314 8.408339633580233 0
-11.43710092266282 -2.686510973418706 0
0.8013270317585283 0.4679657462425933 0
2.771094011045429 0.1799620738666076 0
2.501997167150845 -0.1172615790014286 0
2.983643175817467 0.504017866723544 0
11.31614469355471 10.31122867072242 0
-12.07714303641497 -1.224894989403142 0
0.9878382107882817 0.6154572538495984 0
1.026683097169012 0.5247417724607701 0
-0.7123271268438556 1.556343164153547 0
12.12339748986642 8.802957811846342 0
8.839235525201373 11.85260463821867 0
-9.807378886000471 11.43592522793034 0
-12.27184024515307 9.839826311818578 0
-2.51668481335804 4.684578598797225 0
-2.83303687156281 4.070217837587444 0
0.9805046924164618 0.448956157552161 0
1.063934186851925 0.4409643335985483 0
1.123668459269469 0.51330065833516 0
1.157210896356706 0.4281766718321072 0
1.082867887727938 0.06629372431899079 0
1.060073022718705 0.08604551306823634 0
-13.07904712341341 -2.54467534556888 0
-12.45146845668735 -4.018664652160448 0
1.858884573553507 2.713875354681501 0
2.34423100514608 2.691711570535669 0
2.949019889630471 -0.1690307187308601 0
2.710241365953785 -0.5033588694475837 0
2.29703404781087 -0.4695278002589319 0
2.465079985738045 -0.8314931833411993 0
2.0895267592686 -0.7943701291784008 0
2.21908646236225 -1.156062579063783 0
0.3973799356560175 -0.1353700226337975 0
1.804847280075299 -1.085564879406947 0
1.972564070481392 -1.496400024513999 0
1.548311268038783 -1.441303788658965 0
0.07262215541450115 -0.1224521442781465 0
0.1580660550811512 -0.1305698712235898 0
1.714564406185277 -1.855483686081871 0
1.278781352577479 -1.769341517516259 0
2.41479263269963 -1.562290736099907 0
3.676996274344821 7.590574046107588 0
-0.08870741277497954 0.06867335085539206 0
-0.09349150999035136 0.103339475956665 0
-0.02409106744899725 0.1108262987488693 0
0.7020277677968528 0.796610144267583 0
-13.05959410543331 8.238129450050558 0
13.01898424777656 10.3205374970533 0
1.120531962945699 -1.349479726895904 0
0.8711952775049445 -1.678324982026402 0
0.7255203189038948 -1.297417433032892 0
0.4995466262114133 -1.622320223814768 0
0.3825688926167223 -1.311318799934271 0
-0.04396395580530921 -0.1043433877975112 0
0.01870801785508294 -0.1144641955567935 0
0.150818308874145 -1.574805424240405 0
0.2680753348114018 -1.919046622578467 0
-0.0993220820734307 -1.845221165716659 0
-0.2195830783443793 -1.441423256906548 0
-0.4732903538976743 -1.761073994936229 0
-0.6183716720845835 -1.370578969934716 0
-0.8812306497962462 -1.687536179655241 0
-1.014366147378088 -1.267456077226111 0
0.0107102944356671 -2.231172972113746 0
-1.336847857904244 -1.598358520713213 0
-1.478348793515232 -1.133816402016811 0
1.010353221667333 0.3716665978662131 0
2.10276023905369 0.280927939249473 0
0.001108010367366142 1.203736454313765 0
-14.08102322141973 9.754515100466698 0
-11.08433943126265 0.1110002435243537 0
-12.73089392531321 0.2948207819165553 0
1.366416657044494 -2.248210223138582 0
1.227990671311072 0.5037722368595408 0
1.258754405800777 0.3860309058288561 0
1.102386669224189 0.02407071746916598 0
-3.258203579087086 4.657951121610994 0
-3.583415511408665 3.942442015970125 0
-3.013529811290085 3.323497647563638 0
-3.915767057227026 3.190808335597656 0
-3.397877548026847 2.543803290755282 0
0.5395932540794411 -1.057982978165002 0
0.6451836979035128 -0.1199218887437753 0
0.5954914233132144 -0.1233941467650479 0
0.2858095211839112 -1.048425675563037 0
0.1179077585282639 0.543443598259757 0
0.1568127080635685 0.4821627502004082 0
0.08961046191983466 0.4759596149677318 0
0.1282135568653298 0.4149591188857849 0
0.1891540469179379 0.4259086317502229 0
0.06322453579111734 0.4142530035497399 0
0.0707417726895907 0.1327214332362376 0
0.1680628907004347 0.3751293087350416 0
0.2146882462586523 0.3798351475545299 0
0.1944451697787901 0.3317064766925772 0
0.1531625096683412 0.3309816893789981 0
0.237865536907545 0.3399226598452526 0
0.2230108053263984 0.3027242836866753 0
0.2609129934971729 0.3011469985877401 0
0.277443291169605 0.3398402934026565 0
0.299095881115604 0.3065104974498413 0
0.3154989116608515 0.3398969851008608 0
0.3357325118632966 0.3078557701642693 0
0.3536137081025086 0.3405513254229701 0
0.3727390437623883 0.3103523443842501 0
0.3914150273731968 0.3411926207360452 0
0.4104954227522444 0.3109778822437149 0
0.4293080406768895 0.3411383146785649 0
0.4493387908561822 0.304608537897205 0
0.4674347722621581 0.3406055521442529 0
0.4873442601378664 0.3079770911644705 0
0.5055793787617997 0.3412559997687699 0
0.5241887415046088 0.3087018802611788 0
0.5437937284620741 0.3418607708564119 0
0.5624192596604479 0.3032038519184612 0
0.5041610539979053 0.2802477864082437 0
0.2398268828131342 0.2735026673880542 0
0.2113603704871581 0.2705657044024533 0
0.5826841160249961 0.3415923311555253 0
0.6004690877773311 0.3070851340073623 0
0.585528007968027 0.2755189314076602 0
0.6185718533058625 0.2707908295290852 0
0.63710600764629 0.304975184219944 0
0.6525956241156619 0.274024498159842 0
0.3522978180506396 0.2783781542963817 0
0.4273734815571809 0.2796428141379533 0
0.6715380443786143 0.3027713105824184 0
0.6849825473302733 0.2720105339019531 0
0.6678612371952432 0.2430721930371887 0
0.6984710552424614 0.2436208539572052 0
0.7158938448687748 0.2684723328076924 0
0.7271853342502701 0.240622127800167 0
0.7458836185364704 0.263189680600907 0
0.7571549963265685 0.2350038288741015 0
0.7759893371621707 0.2595745561365386 0
0.7875880156129951 0.2327243276553388 0
0.8784772641164014 0.1110191948881489 0
0.8066400946363493 0.2563190977877437 0
0.8192838062326785 0.2260553286365933 0
-14.11330305441494 -3.922914311722624 0
-13.43850037321643 -5.494273712128788 0
0.4377687233744012 -0.8282738077863993 0
0.4709463367255726 -0.1327985971593013 0
0.4345326293073723 -0.1333937794138225 0
0.5075689004425203 -0.131526222763828 0
0.6454777225244639 -0.8511385946836821 0
0.2200955475949502 -0.8200004371837403 0
13.87394837028177 8.706941663074103 0
-1.847349667758067 -1.506498137843225 0
-2.002136669197971 -0.9872286359285964 0
-0.3582437262926224 4.160662284799303 0
0.8378094675389384 0.252150088928485 0
0.8512148278915848 0.2235624723079476 0
0.5775296993520541 -0.6897141537237551 0
0.7337982586515733 -0.6924901993529369 0
1.005161147434851 -0.100169664650336 0
0.9782100013791378 -0.09452809225971631 0
0.987014424933393 -0.09631904835169333 0
0.968664943763752 -0.09500587010137468 0
2.11262688477518 3.132507959613205 0
2.62382494139673 3.125567128610943 0
3.153352802586375 -0.5636224947201304 0
0.5969338182119711 0.246659159578962 0
-1.542937576430807 -0.6006417177632996 0
-2.141326294201468 -0.4479377849354217 0
0.05324454544957053 0.1281658206866851 0
0.663864939964276 -0.5425810155613647 0
0.8024994724902659 -0.55896849784999 0
0.5211517232139337 -0.5423508672914273 0
0.3225157476495481 -0.1361288870483462 0
0.3500556956905685 -0.1359108406935457 0
0.2945858367279477 -0.1366360809110518 0
-4.468459713997918 3.886199257729514 0
0.08870339246560788 0.133805803929488 0
-1.182707862471006 -2.030820192465022 0
14.8284084715783 10.26389446942187 0
13.94353899474558 11.72346620294147 0
-10.22146083180251 7.204218135970017 0
0.751516662728911 -0.4496912332588154 0
0.8640251609506998 -0.4466432443908033 0
0.9224478285349944 -0.5532819933038083 0
1.072720320251824 -0.07407688810566082 0
1.049638933326745 -0.09283404090319569 0
0.9742410080013322 -0.4442246424786774 0
0.7991693481839015 -0.3694399872236319 0
0.7203661201615393 -0.3625070610548223 0
0.2266769087782734 0.2485982232462614 0
0.2559765970172794 0.2490808170021822 0
0.199956510521658 0.2443021471775459 0
9.979377538840325 -0.2282264083129681 0
10.64463690988765 0.818285418537434 0
11.26592366970887 -0.3178543367055074 0
11.97999139615163 0.8457160487022833 0
12.67470103931104 -0.4053138389534571 0
13.45309217680014 0.8540213069136038 0
14.18743979134558 -0.4892077362940357 0
13.35054147179454 -1.79126465757053 0
14.95471799047866 -1.905717580527245 0
14.04317869532378 -3.30022429314405 0
14.94878571858566 0.8099768882461429 0
12.69017830276375 2.080357624644702 0
0.7097129199608849 0.2187098854904541 0
0.8347544984035407 0.1167380398364883 0
0.660996068231344 0.1391933167999563 0
0.9494400909969153 0.1017225968364766 0
0.9293492865338853 0.1042665948044169 0
0.9207160735620414 0.1054820750961695 0
0.5057047172969754 0.152184193805254 0
0.2497217981346996 0.1527832588957522 0
0.9416228576115844 0.1027054061507157 0
0.898167128067989 0.1083800158608794 0
0.8885354988050139 0.1102182869579013 0
6.707551209544453 10.16854487275963 0
-4.852820867177143 3.021465755454035 0
0.5421013974047194 0.1495569277997816 0
0.7721815230160756 0.2107217331859391 0
1.34291720973712 0.491547780604293 0
1.278864009872983 0.6182028559007736 0
1.384428143132473 0.371984352519645 0
0.3543660744205085 0.1561065858695 0
0.6204261838348848 0.1429754056174 0
0.3927108419291312 0.1561587680430669 0
0.8572697127520716 0.1139730979240821 0
0.3175334148856362 0.1560405461383344 0
1.944509114179931 -0.4648923209360429 0
1.102627311583958 -0.02218942701313233 0
0.8680497609548044 0.1125599304485695 0
0.8689071762558475 0.2478107829442864 0
0.8792251221459122 0.2191052150575596 0
0.8570032966082637 0.2807669100351154 0
0.863209432539997 0.1973229532892263 0
0.8895386520619346 0.1894865177895537 0
0.9065395954131847 0.2123344846223427 0
0.9152927727067635 0.1875494190788416 0
0.9317712666747449 0.2063446571848914 0
0.9384032975250972 0.1835416456189357 0
0.9566661428152928 0.2007202785806462 0
0.963178487185922 0.1755914618698596 0
0.9824211099444938 0.1954789956827712 0
0.8929405580032153 0.275665727557829 0
-14.88776096313108 8.082233882503836 0
0.5862949920928013 0.1459723755281231 0
0.9641808417521087 0.100023175244931 0
15.79041576283494 -3.405733925371801 0
14.79362518605585 -4.840470972786484 0
13.07046772090293 -4.716151877744411 0
13.81504211985786 -6.26721901696772 0
0.4308439132157876 0.1553834377346517 0
1.311281285684154 0.2772081683562401 0
1.424584779594888 0.2581491410955815 0
1.349229552679885 0.1747142426246509 0
1.460413794654433 0.1485083725530697 0
1.377148856465821 0.0727237730567544 0
-14.73359614678206 -2.377146809559226 0
-5.443460731184829 3.807621317457178 0
12.12364547900982 -6.127229928942744 0
12.83916154076092 -7.703832159374606 0
14.61202723265945 -7.856165611247666 0
13.56970105993069 -9.343914499556854 0
11.78151553413228 -9.163226280452815 0
12.50002093414091 -10.84032852830514 0
10.65425168020166 -10.65303653141526 0
11.39471828662156 -12.33136680816247 0
9.531278466620154 -12.15047778069074 0
13.07170000846334 -12.33704697742086 0
10.34211057566331 -13.83490521712037 0
8.423187015173056 -13.64463654530001 0
15.42877788009539 -9.549597477444699 0
1.046970633333332 -0.5486611996523216 0
1.103397881306694 -0.4381407373263509 0
0.7577898148725667 -0.2998528965701318 0
0.6841788213035248 -0.115984624597248 0
0.8257960496960839 -0.3029851501876211 0
0.6907531692279141 -0.3016733907501469 0
0.7363202431293133 -0.1120118116929474 0
0.7491733077188555 -0.1110487387347623 0
0.6678000166663329 -0.1186926753641181 0
0.6284646174975331 -0.1209312633810856 0
-0.6754011083321904 -0.9660442897631243 0
0.6125123862478672 -0.1236333353366716 0
0.1050568932307641 0.136400718532083 0
0.699050699255505 -0.1143432293163325 0
0.7936235817188902 -0.2502847485412303 0
0.8471503595134093 -0.2520945563595912 0
-13.22687943252964 11.40913343097553 0
0.657282310843515 0.337213700897353 0
0.6963991561770415 0.335764382128471 0
-0.1030706282492806 8.255940846359046 0
6.718974506792778 -0.2082589982095472 0
-15.16867966889212 11.33939764972859 0
-14.2286741837597 13.13729107859662 0
3.841525736399665 -4.438587367033962 0
2.85235961701259 2.636401648694286 0
3.176242589819919 3.101706578468432 0
3.431845878690159 2.555033149610436 0
0.5792312085231963 -0.1264256288378262 0
0.4898622299605978 -0.1307357027819246 0
0.9227054262300006 0.1652570663434858 0
0.5611889044619531 -0.1260959396018881 0
-3.522246067135881 12.5926153695956 0
-5.464319192724835 16.91765631931977 0
-15.18869422366224 -5.375572237037513 0
-14.40969413235512 -7.047964990325108 0
-12.75028375747942 -7.06770349413725 0
-13.63090888290315 -8.715306981585258 0
-11.65146778270527 -8.57672970058452 0
-12.77936465561937 -10.37242564081999 0
-10.90417931370956 -10.55868720988497 0
-11.96389959946356 -12.1212666211805 0
-10.01694740014955 -12.28255025146779 0
-11.13726116798263 -13.90321008549214 0
-9.182279295563156 -14.02068895852858 0
-13.12123104819372 -13.73016067064509 0
-14.46299763307161 -10.14929911921903 0
0.8724532449554914 0.1742592827243772 0
0.8515784678624844 0.1781577786071331 0
-1.72425162465598 -0.03957278242204409 0
-2.317169844899738 0.1358132744604441 0
-2.764932854919524 -0.315814253021928 0
0.8230752525282039 -0.2119767221134819 0
0.8679707266223966 -0.2084620235470364 0
0.7882984711830796 -0.2152528989585531 0
0.8922558972689575 -0.2475507774674086 0
0.9028153675088135 -0.2061571111530529 0
0.02238955772243876 0.4689682559940758 0
-0.004639482468132864 0.4030032520642527 0
-0.04896303659175258 0.460593760245132 0
-0.07484934383028854 0.3909116956492971 0
-0.02422540690822243 0.3297545734407649 0
-0.0970008938465927 0.3222608114366751 0
-0.1500357075080355 0.3757569413213293 0
-0.176171305324685 0.2803166635031727 0
-0.2479086147239812 0.373259062077 0
-0.2838475584652461 0.2635946837931217 0
-0.3609805609696817 0.3537031396341284 0
-0.4065137541448087 0.2186879250488596 0
-0.5143401287351543 0.3296144167978312 0
-0.5599122496978577 0.1573825987958393 0
0.2154602677677163 0.2236526145428375 0
0.1898929137198591 0.2214989343660294 0
0.174875058332604 0.2393213032919134 0
0.1663489351438987 0.2137384855634512 0
0.1509392027377787 0.2346156716051128 0
0.1426152277822557 0.212417743155476 0
0.1265741734449303 0.2314992477955033 0
0.1178978495976164 0.204356504665773 0
0.1013889987828834 0.2271893285461993 0
0.09241510866210811 0.2030699483391823 0
0.07538939473242505 0.2237395579486859 0
0.06507880217670066 0.1966061366160492 0
0.04859591910307417 0.2194885612236782 0
0.03749664994406995 0.194826047288691 0
0.01992734730040396 0.2161417512563351 0
0.9890132008466593 0.1705483596976136 0
1.012192854595908 0.1874989981321911 0
0.5259788262323556 -0.1288868968971058 0
0.8085683560056252 0.8016976770047123 0
0.7482769747484804 0.9065227366975315 0
0.8807091246948296 0.9077643249934081 0
-2.90285916833444 -7.677729499244593 0
0.8478800856404385 -0.8274854381587586 0
0.6683908080202572 1.619494843499038 0
3.781366698271747 3.073294474353198 0
0.0845646443933368 0.2516565903271131 0
-0.70580094069777 0.2977838420407244 0
7.513819286331971 -11.95296986968876 0
6.52868237513265 -13.51572216094589 0
7.288325873317004 -15.15355010477557 0
5.423689072542875 -14.91363982964517 0
-5.898701941451131 2.814348353572832 0
-5.18541624225197 2.07798442065407 0
-6.578851896799623 3.679584592199687 0
5.28427258590336 -7.384826645298045 0
4.616759047156392 -8.445326677865605 0
-7.053262112845957 2.616360105020006 0
0.01111029266762402 0.1887788897860492 0
0.4867824484680974 0.3700978528406314 0
0.8463658808830454 -0.18199826025932 0
-2.399915205812707 -1.411572188182031 0
4.041803777641878 2.502107892852371 0
-12.26709895702285 -15.61548774706451 0
-14.41223636937339 -15.4139805250513 0
-1.872258870831075 0.545991236199266 0
0.2964186635385344 0.3750687831535627 0
0.3756426361600437 0.374180294804782 0
-8.084863964008374 -12.42987877014087 0
-7.258465335728497 -14.04689453447758 0
-6.230231529664661 -12.55528881625727 0
-5.410595022145306 -14.11922880617432 0
-4.436732037437953 -12.67832354808309 0
-3.621650309612615 -14.26888297259924 0
-2.657091841513804 -12.80330433503406 0
-1.842810053839041 -14.37715411636637 0
-0.8851437126870392 -12.91806465071494 0
-2.221341344940094 -1.98252956173222 0
1.616576210609487 3.093466125560385 0
1.867629409657541 3.576212633313849 0
2.880101707352228 3.626099839448359 0
15.65252560561068 8.64709845818383 0
16.7759289433249 10.23680490434396 0
-6.759712893914468 11.31023002709309 0
-1.976127501994303 5.91392390874458 0
3.41654287935256 -0.1766791243463002 0
3.639022252491462 -0.649794289252222 0
3.943938516081851 -0.1763500382114411 0
4.664969521234134 -13.40845523001237 0
-4.756342242903123 -15.62476325475842 0
7.569163620662716 -3.885402638592727 0
0.2300689967132505 17.04058448886486 0
0.5626045000069169 0.379208490962454 0
0.6788709723084188 0.3736297830417766 0
-13.88546937742658 6.565626228296379 0
-15.72477561949421 6.380570924363086 0
1.188096987123344 -0.5485950000247101 0
1.249541134471956 -0.4043195272694552 0
1.921268758919499 -2.302252380793751 0
1.600344844044021 -2.762185587950361 0
-0.07389877490457539 0.1314590460996733 0
6.132373782469593 -16.68715488532903 0
4.201619107634524 -16.40140499812681 0
1.475578765270123 0.474622792369461 0
1.547951972093927 0.2367349980441176 0
-0.5645878886251318 1.998014047446298 0
0.7948587790892381 0.2866009441684743 0
-11.74069463146844 1.654583941393607 0
0.8602389001487618 0.1589860758307841 0
0.8767578095070864 0.1565557451256267 0
0.842539863049048 0.1606072166923696 0
1.490585081779775 0.02384738831680152 0
0.9723022973061175 0.1532407313190034 0
0.9938049334670505 0.1483153395725076 0
16.55664735878623 -4.961064635988702 0
1.247293583936387 0.193287819825988 0
-2.948892117033683 0.3465497006430658 0
-3.476411763475364 -0.2080698682144508 0
0.9742681837735672 0.2267509494857795 0
-5.124052789782847 4.714381351157072 0
-7.828586946576031 3.698735847260416 0
0.005142641358665628 -0.1161786764391294 0
0.01809799095948769 -0.1293407150093351 0
0.04962334792992066 -0.1195619773232445 0
2.350965070692637 12.73098367125117 0
3.191895466021148 14.06299010100449 0
0.9816640681471612 0.09867482239256628 0
0.9851087357363557 0.1032038102814067 0
-8.154626768046127 -15.55449068187265 0
10.11388179597434 -8.918700586207111 0
0.935749974837224 -0.2353404029736362 0
0.956950544721492 -0.1993527829520403 0
0.9285060735975915 -0.1705996979744865 0
0.9680384545819057 -0.1671702439932739 0
0.9852028371367709 -0.1875415547105327 0
0.1842873986149003 0.2005007706271764 0
0.03076728247389202 0.2527462980878477 0
0.8164726098854616 1.026615092006616 0
0.9636098185080648 1.023641850630462 0
0.6688473922395621 1.022338176327916 0
11.06427568830379 7.584410249023968 0
2.179676414310078 -2.807612844482098 0
1.830976243761095 -3.29431146082316 0
1.255188880972277 -3.244760004710985 0
0.9925607118919926 0.0970333019741719 0
14.71789298335845 7.054940361048339 0
16.53038947839778 6.984132077622509 0
1.858830676253708 7.433637801457729 0
1.351929942544545 -0.5448166327805614 0
8.087463837834989 -16.95237495279692 0
16.87484230207426 -1.914437708569406 0
-16.304438093268 -6.914839493441313 0
-17.10091165058444 -5.13389847812371 0
1.289904212927978 3.505554021570343 0
0.6522814975557422 -0.3475164805470561 0
0.6342863722767231 -0.2878383671095384 0
0.6723010623784541 -0.2500167003485572 0
0.6212643417027315 -0.2422441327479939 0
0.5876055390663858 -0.2740289037178447 0
0.5763436903995874 -0.2300401418665274 0
0.542184480357373 -0.2597716046767341 0
0.5485431591458132 -0.3070963791534217 0
0.5050162195483093 -0.2867109466008478 0
0.4997301421331606 -0.2413717382921107 0
0.4618239504811331 -0.2680636076026091 0
0.4662712907538145 -0.3176439587337463 0
0.4203450447485778 -0.2954392173336824 0
0.4230956188131363 -0.3489354733630434 0
0.3661380575542044 -0.3187498975272179 0
0.3768583573407472 -0.3960981254331309 0
0.3098287810159652 -0.3606552269813788 0
0.3074277718442228 -0.297354303667948 0
0.2023611839990117 -0.1325499759291476 0
0.2503324409831139 -0.3180795911994193 0
0.2199591715734426 -0.1324099839535672 0
0.18455032240076 -0.1316195273124657 0
0.239002514828373 -0.1350900588606957 0
0.249280188390856 -0.3965426708692621 0
0.1888019233260586 -0.3572962293911378 0
0.1894358140987947 -0.2889864392172242 0
0.1148229386805367 -0.1264746305366918 0
0.1321695417180987 -0.3183693226148642 0
0.1215469252680181 -0.3935069912638214 0
0.06218303081951951 -0.3462037572977441 0
0.03694661357797194 -0.4270563194683408 0
0.1318700102585434 -0.1280598026836402 0
0.09708217830363954 -0.12627337133459 0
0.119358439569195 -0.4895756174693395 0
0.0175964224294524 -0.5431297950903724 0
-0.080627553965301 -0.4554207430333093 0
0.4262797818245758 -0.2497317903257869 0
0.1483012817433909 -0.2515223710251216 0
0.64784910622462 -0.209503449517908 0
-0.1100836981074962 -0.6031742032489219 0
-0.2244445000363274 -0.4936743294757385 0
0.5714755465609328 0.2482457685392961 0
0.5835808592662316 0.2255449267110133 0
0.5601761574640796 0.2251754512408851 0
0.5732602754015526 0.2064066044178697 0
0.5936700406122756 0.2057951334066577 0
0.55210115728269 0.2028070563516056 0
0.8786852980599299 0.31381993108038 0
-0.01107633573501853 0.2055067574531445 0
0.1959449414803631 -0.2383814540111374 0
-16.32031689281489 13.03062108545726 0
-15.36455994622809 14.91783227002011 0
-13.20537716004817 15.00048627058801 0
-0.7691894989729788 0.09124453812776413 0
0.9931965616360047 -0.09506265462453237 0
0.9903717473948254 -0.101946998535531 0
1.439724671503571 -0.3837954348230611 0
1.580933230267512 11.48232948053289 0
-13.37815148683586 1.844145880843619 0
0.9419400126152218 -0.1428644011945756 0
3.680021131463862 1.986036859249125 0
4.302299866477339 1.922497246679233 0
-16.80648082736815 7.943932103273815 0
-17.59379508671539 6.110457380427271 0
1.688396300559483 1.186964195238688 0
0.8686662963720352 0.1447566835738898 0
0.8815051169719241 0.142865205964433 0
-0.02138492324603274 1.588299893705997 0
1.604224932497373 4.05363288646675 0
0.6865348220489579 -0.2109484749012597 0
0.6726994986459989 -0.1781628256023986 0
0.702118945074016 -0.1832180854444861 0
0.6432189321077915 -0.1760744773525048 0
0.1362487583381058 0.1897847654467405 0
0.5834621917726656 0.1894923990798755 0
0.6020450178402017 0.1864436941209594 0
0.6130237238116284 0.2038530471985435 0
0.6206822675461479 0.1872168792640634 0
-2.862742853507364 -1.885323601751518 0
-2.639439487713256 -2.563599864846536 0
6.860236644913918 -18.56659458623157 0
0.9165031440031993 -0.2919952911349091 0
-0.134015298188363 0.07428701015787194 0
0.5391297412222105 0.2226036185229213 0
0.5311409279414956 0.2037100075859272 0
0.5187064510211613 0.2203677313825529 0
0.5111411365920233 0.1994095214496853 0
0.4989353051079037 0.2177805863104446 0
0.4911553213663682 0.2000988815657808 0
0.4793487239564478 0.2161401188176684 0
0.4720117284446251 0.1965998303704427 0
0.4599719843251456 0.2140461167727949 0
0.4526715376803621 0.1967755377084585 0
0.4412751804534253 0.2121426397268099 0
0.4343730268512926 0.1927250758560529 0
0.422666544154267 0.209996245010327 0
0.4156739131785561 0.1932977332406277 0
0.4046840624107406 0.2081388977669545 0
0.3988287939332654 0.1913243840118062 0
0.3846112628150025 0.2031951828573664 0
0.3936627234966209 0.2235688750116246 0
0.3739156816270524 0.2207925671166227 0
0.36527751525995 0.2027224743858738 0
0.3545696830684051 0.2180228328496769 0
0.3477895719558435 0.2001998761199887 0
0.3355584843318287 0.214884736723131 0
0.3296260833110128 0.195315182049334 0
0.3168395909685923 0.2114349349332953 0
0.3107990161716782 0.1941472612569556 0
0.2986068455143359 0.2082399777820908 0
0.3037720378166032 0.2274956287118552 0
0.2931485771752338 0.1890748624915742 0
-0.4019103945833959 0.07354335424165555 0
0.8333444382254982 0.1768622507117489 0
0.825250622530311 0.1624379834574263 0
0.8163149234627078 0.1764131235714225 0
0.8105842002039518 0.162637775551959 0
0.1462399475455789 -0.2119096842935539 0
0.1135307048033613 -0.2204850453425266 0
5.91843594873939 -8.508745960624942 0
-9.225482050708083 -4.028160289048948 0
-2.629187373884638 2.616939059803153 0
-4.447943997207751 7.935503613881184 0
0.8309835805907839 0.1493841271449117 0
0.606560148197566 2.632145035114188 0
4.21025183598522 -0.6741935935873036 0
3.88125068881235 -1.201001940582694 0
4.531272586060384 -0.1738257780195723 0
-1.67353990879878 -11.416758602834 0
-0.03294898011888514 -11.52466110284399 0
0.2810231712800313 0.2047482111624763 0
0.2751084233984213 0.1884255793570071 0
0.2635827094725361 0.2020674533442272 0
0.6314219426360969 0.2018244004726463 0
0.6386646170856743 0.1835317504063564 0
1.266483598435981 -0.7034552944603136 0
11.43402110196896 -4.639087917476492 0
-0.6094330045622113 0.5100171104769192 0
-0.8767138729821535 0.4722451604840052 0
1.036802834729948 0.87514978085775 0
-0.1769501351446021 -0.3310967957904723 0
-0.3468631616516389 -0.3823911781686928 0
0.6388547895793596 5.397051596449892 0
1.038755214260326 4.035199058036973 0
3.024515229352156 11.43095966327832 0
3.925566708060669 1.422719911252312 0
4.566710493959845 1.319068606203608 0
0.5408991107842986 0.1877112053500449 0
0.2581972687661083 0.184101547462232 0
-0.1155016704152557 0.1427981105857682 0
1.127418743680224 1.020901461251515 0
-14.36043573639771 16.84861451068247 0
-12.07297898874065 16.86649122008065 0
-16.63080345304049 16.64662145469784 0
0.08413979592363265 0.1807950685789712 0
0.4676699409058947 0.2327298243958638 0
4.444249400456274 3.039667966921082 0
4.133089089041846 3.671645578449405 0
-7.040931372370048 -10.9481946121084 0
15.58088110766994 5.436958073876899 0
17.48766463758727 5.340393348004761 0
0.1898428159335195 -0.1909198288497529 0
-13.46673734207939 -17.41484895648021 0
-15.70200301810246 -17.24693503443455 0
-16.6583066901348 -15.15163390989856 0
-9.671156926906466 -9.06417179419736 0
0.6503802488959742 0.1997252500401243 0
0.6564454465630788 0.183832353018574 0
0.693310325856519 -0.1598796581298806 0
0.7159245561243681 -0.159132699017108 0
-0.04240089393272944 -14.52084830291319 0
-1.052915108118536 -16.06598538240472 0
0.9972659871695324 -0.1570966867721744 0
1.023410661684897 -0.1831372706590578 0
0.9716078225002065 -0.2825663365619976 0
0.4332947407874468 -2.306671977006471 0
0.1470098388066242 -2.667636930823568 0
-8.294552686680532 2.464620193785366 0
-9.167453833054939 3.562290027746057 0
-0.2090597866420632 0.4588012715356247 0
0.06771310736714609 -0.9920550131033918 0
0.9813992270057277 0.1336201819950048 0
0.9643425976750071 0.1369119211445117 0
0.9978059997095452 0.131289365352994 0
1.012219404376388 0.139488079086685 0
0.9686624483182721 0.1232683163192181 0
0.9558809905677005 0.127021176570648 0
0.9505488157538778 0.13777101581759 0
0.9444454090477287 0.1271786682482371 0
0.6483977803905745 0.1701918655598564 0
0.6634499727799752 0.1675654371508354 0
0.6727088730917199 0.181611196285341 0
0.6787699537479768 0.1673003249641891 0
0.6878783623366238 0.179147611734082 0
0.6931402704840492 0.1654724601063544 0
0.7026732587403589 0.1770144733412127 0
0.7074490303509041 0.1614155693551658 0
0.7173904665869251 0.1745118289994447 0
0.7222791940063396 0.1616080344598197 0
0.7319526390034816 0.1723420132199218 0
0.7364401667683771 0.1579980163057384 0
0.7463221540673022 0.170023793222828 0
0.7519407368089746 0.1567306535101385 0
0.7604130030615617 0.1671255931978205 0
0.7650709821445671 0.1544886923238798 0
0.7980965134371409 0.1738765284101123 0
0.7257285714691835 0.371520644461388 0
-0.1756297092008237 0.1242453257844686 0
-16.53839279151674 4.646724074154875 0
-18.43395249674812 4.266056469398738 0
-17.02534798193584 2.648726564884554 0
0.7422191779384303 1.158011454514324 0
0.5840315403711257 1.147678243437836 0
13.76860712901618 5.495294332457139 0
0.5000748087109277 0.1846755415607035 0
2.291180118986681 10.25868756878733 0
-3.636869525710822 0.5376677365731405 0
-4.263269298077576 -0.05289442323508919 0
0.1340311207378245 0.2608277601889092 0
-0.1983583849765498 0.0457981799024901 0
-0.1911232353187272 -0.03522877991798831 0
0.1132394496600072 -0.187383744402348 0
0.08566570731864209 -0.1926160599020262 0
0.03009419342123485 0.1699712176391865 0
0.00435333184829057 0.163788572855359 0
0.8733735414421029 0.1334756086473374 0
0.8846413661943828 0.130170973118094 0
0.8930727135357881 0.1397889917972358 0
0.897048668827283 0.128057426122251 0
0.9039824591312535 0.1368471325484036 0
0.9078795429899477 0.1278119031886804 0
0.9143995857193038 0.1345248484974887 0
0.862523240717362 0.1342574791148719 0
0.9176417209717147 0.123432200939196 0
10.5421856144398 -5.961432864582685 0
5.194721944380156 -9.670767086538202 0
0.7047107930002345 0.4168932553982574 0
0.6453836986213171 0.4127155135673359 0
-2.357963243572295 7.349577894014988 0
0.9360450256835996 0.1375011143395688 0
0.4616629557584416 0.1833000109640944 0
3.702346203891078 10.19812045142461 0
0.6121830898954697 0.1731296082425126 0
-6.550665059773493 18.90542745415451 0
-7.45164183869105 16.85995971719085 0
1.334490411423122 -0.271964267477178 0
1.428080655968023 -3.841768993677315 0
0.7163959147685778 -3.675046043510282 0
2.274188784085954 -3.891814731829303 0
-0.4068060125408198 -2.51467816362695 0
-0.1979945810969882 -3.068496452814306 0
-0.7823059290474365 -2.959778938603637 0
-0.5750867509265583 -3.549267065372055 0
-1.193450194294341 -3.403739167125061 0
0.7276450545280619 -0.182674556094333 0
0.7380939719121666 -0.1615172901161401 0
-18.0197068692588 -17.04738301252482 0
0.7298552623114318 -0.1449073277972486 0
0.7468955295116589 -0.1428424964140411 0
0.7581222523272892 -0.1592691898539013 0
0.7662314271685046 -0.1423545537471128 0
0.7893232828131193 -0.1075658971068608 0
0.7767063603492323 -0.1565722850921102 0
0.7833874950827071 -0.1406121089040244 0
0.7944476574365729 -0.154562916726881 0
0.8003870647312137 -0.1364308596357349 0
0.812101278641345 -0.1511738292222442 0
0.8176416622786239 -0.135678505291686 0
-2.918076657678603 1.927320421729208 0
-2.228809688506932 2.083025461286869 0
-12.34708873086469 3.14173121314091 0
1.024641907743861 1.206101165788262 0
0.3580993557461794 0.1873847347742205 0
0.7412922818758965 0.1846421963612827 0
-11.07393234304372 14.98061588365283 0
-8.778148733159028 18.7497021995835 0
-6.382978443659316 15.16618611911544 0
-3.370599113839269 -2.402098768328747 0
-3.120371008933991 -3.185570041991821 0
-3.57116101647164 -1.640246679766191 0
0.1484182332542101 -0.1705168105202175 0
0.9498417414869984 0.1181847653427444 0
0.9397793738718249 0.1183548714294314 0
-18.29785042427347 -6.742898445001756 0
-19.134871381062 -4.849368439646788 0
5.028870890464825 1.863812349487612 0
5.255553570025942 1.218219757095213 0
0.2464134822359461 0.1990155117787925 0
0.2409669835205681 0.1832274927785538 0
0.9356400703367842 10.25800213082992 0
8.746338276370722 6.715846614167877 0
0.681214759750567 0.1993721162485878 0
-0.2702764045428599 -0.6671553989801017 0
-7.26606879692859 4.790123030572822 0
-13.30017733099317 18.80942830515572 0
1.034062787412724 -0.1447186003046201 0
1.062367592169955 -0.1744417620532428 0
1.049224120872918 -0.2218660619113957 0
1.097001352176334 -0.1931152538371816 0
1.124359932990331 -0.1453143948872369 0
4.575957600197899 11.30527854203883 0
0.7576602402486239 0.1451116579070325 0
0.7695582347727525 0.1430042970996752 0
0.7773934823223951 0.1519564307328012 0
0.4884765069942517 -0.3719000685710308 0
0.7141187975716241 0.1501990960675728 0
1.017316047889195 0.09794852978374231 0
1.023638629261098 0.1076782699843028 0
1.038910351018306 0.1123329739411574 0
1.012074153929365 0.1095666346345143 0
0.9204720976248516 0.3085056708517651 0
8.918572705345035 -18.83436735396491 0
0.9576673957272251 2.638060197446278 0
0.7677026100376491 2.949110851445507 0
18.5816405671734 7.081701275291526 0
19.54086106730102 5.217118971879132 0
18.40532522259947 3.482085165876778 0
0.9017587639247133 0.1501512089177995 0
-11.34239234672108 -17.50747397409376 0
-12.47859993520462 -19.42196269079109 0
10.15113701968967 -17.13501500219905 0
11.03045052346351 -19.07162605721543 0
12.30860650809967 -17.32562740719878 0
0.429013419148927 0.2281323767230221 0
4.860875545119286 3.635222114040834 0
0.07193349268851822 -0.2294447086500245 0
0.0453177615742717 -0.2059456519419578 0
0.02628862392206612 -0.2485883155496112 0
-0.008328687796381989 -0.2096718102218503 0
-0.005696775183953267 -0.1385295451598851 0
7.628363308846525 -20.52397405815301 0
10.53946348378221 -1.37086954269904 0
0.9055305987096786 0.3525680048362627 0
0.8543749919529813 0.3638362437787738 0
-17.84305223147938 -3.373579729360925 0
0.8095218303702734 -0.1242846046879147 0
0.8189119367298147 -0.1034106411806395 0
0.8219795988039011 -0.1237815574317577 0
0.831074110723069 -0.1327237249866523 0
0.833633902356682 -0.1203037272832681 0
0.8430088223437752 -0.1294755365116278 0
0.8454751792828601 -0.1183824354295619 0
0.8556037016306808 -0.1250866608953921 0
0.8515552504732243 -0.1397633363287301 0
0.8651048325344813 -0.1352338231051757 0
0.8675893113921007 -0.1219038275006377 0
0.8788009877016524 -0.1284325313259571 0
0.8758608930332468 -0.1455600910497909 0
0.8904171019769694 -0.1391224121407147 0
0.8942268913686853 -0.1228388223066134 0
0.905450810958593 -0.1307087355284925 0
0.9045233604571845 -0.1198778896167596 0
0.8884810784943137 -0.1567123642761839 0
0.89342462274012 -0.1116152797745668 0
0.9173755163309967 -0.1262000396695138 0
0.9180887412698743 -0.1145419206128161 0
0.9269183846389704 -0.1214896236946265 0
0.927772502851683 -0.1098803596319791 0
0.936267970870142 -0.1169127437489833 0
3.139713068961262 5.095044921976327 0
-0.07896058056594607 0.1793025585240238 0
1.547597131413095 -0.5624053931506205 0
0.3204309806656989 0.1820542037668729 0
4.84465938744467 -0.7046009148456573 0
0.9811085646072458 0.119466464303578 0
3.90653040461251 -9.502672836679279 0
0.780808703535942 0.1407022948530614 0
0.2416780039278709 0.4258618709038083 0
-1.899903099023943 2.682023268117043 0
-1.620199286605462 2.149835525649936 0
-1.836789154734296 1.652952840263892 0
0.08735390487050067 -0.1634534095954677 0
9.869789226701744 -4.571063174880635 0
8.852279701529099 -5.8139824469094 0
0.3820292673182922 0.2409867536640251 0
-17.47330458770159 -8.703190148250769 0
0.9368961359467434 -0.106390882623369 0
0.9453173213843954 -0.1114553401332968 0
5.192986640194787 -0.1181593092374854 0
0.6529971117791235 0.1581317876367266 0
-17.20337706756833 11.20650374614689 0
-18.47559364636201 12.93231029478379 0
-19.43099595513 10.94641500170594 0
1.210271636234527 0.8643413207732265 0
-19.24777433137804 2.35465168631005 0
-20.62142691068856 4.102095359457943 0
-18.03747070116029 0.7092176846567271 0
0.4241833662782983 0.1795450036026749 0
20.49435056518173 3.191261968683842 0
19.26640089524136 1.539594020559758 0
-0.7430889160614833 -10.13234904294692 0
-2.220922804745951 -10.04656483843821 0
0.7449739333854499 -10.22078732693669 0
1.548006836488326 -11.59544565321332 0
0.9058735094343559 -0.1069735421466494 0
-14.37156667023472 0.5652209936814451 0
16.43826957575458 -7.991658376992192 0
17.40002077900673 -9.777246849012915 0
18.60916729382465 -7.72696998142401 0
19.44493135668882 -9.828130511141509 0
18.29653122767309 -11.68782314680302 0
20.68789328763073 -11.83722533828286 0
19.18460492090945 -13.79727781316778 0
17.01525722330095 -13.60722201843176 0
17.89874394365209 -15.66203141965822 0
1.232710325750994 1.183517527179911 0
1.491621087363576 -0.2371634912900106 0
0.2843099280687535 0.1752469806647075 0
13.17059568205332 -19.35869033265676 0
0.9454843923804442 0.1496734658263349 0
0.77338639317458 -0.1264800029486605 0
0.7580638844350291 -0.1296210160333832 0
0.7873378624917249 -0.126210152299335 0
0.7446198579242184 -0.128049785851017 0
0.3422294014580856 0.2340180963145939 0
0.8112129538472148 -16.16878351088653 0
-0.2183800492651745 -17.75543225485361 0
-1.010030323589853 -4.049837028173698 0
-0.3422134437785395 -4.187567169707503 0
0.5223416964123633 1.013678130147963 0
0.4276570379412875 1.136499856121048 0
0.3708984165766583 0.9837813051240885 0
0.2766004140923617 1.118993125722903 0
0.3374863752997846 1.273582475290572 0
-2.128128011030533 -17.47481393531049 0
0.9735312137496251 0.1116460432761649 0
-7.511019720587967 1.423949554786057 0
-19.99728704104687 -2.96743552966402 0
0.9641206285402258 0.1140766367946969 0
1.70662167607594 -14.58201273768418 0
-0.02949956120912669 -0.272539495599004 0
-0.07038425120384571 -0.2136464155342308 0
0.6279857592626458 0.2218332198511859 0
-3.937600024263035 -3.064606642686815 0
0.8063510892167121 -0.1695549122240716 0
1.018695063366855 -0.1018687678628118 0
1.010518044046604 -0.1143698848044732 0
0.6413776509476716 0.1591168673211964 0
2.463391286371253 15.4763357290144 0
4.146247064585065 15.48049876210821 0
3.106481120681364 17.33246424674484 0
5.041877891369806 17.09868338510407 0
5.95324666397967 15.42694005827274 0
6.925434118896029 17.01935541150214 0
5.974839476222051 18.68648586161063 0
7.83179831062303 15.3408207230864 0
8.839066865130363 16.97059263203897 0
9.761641724056933 15.25215044801411 0
10.79091593995492 16.92347318509892 0
11.75765928864607 15.14786286496898 0
12.8839976179878 16.8606348205513 0
11.86135120352401 18.72834982683079 0
14.02296965717662 18.70560764958612 0
15.06764839496385 16.73420660053666 0
16.27531024899657 18.64792636907702 0
17.31303432540443 16.60696299617091 0
18.60776410924896 18.57017637119509 0
6.84128417187673 13.90764587160847 0
0.6836689818312562 0.1531605683195277 0
-18.91670690570185 -14.87078266983137 0
-17.64071650699439 -12.95037673881635 0
-19.89742711030823 -12.53934670121987 0
16.16344372016636 14.75370167515718 0
18.3422835115976 14.5756284084784 0
0.9280629276079251 0.2338138478784864 0
3.686801314663417 0.3530151970660911 0
0.9160426061949667 -0.1399388000928935 0
0.788921914557869 0.1489567597006821 0
0.7916207015524429 0.1368286815507831 0
6.504319899104027 -7.430448976318506 0
7.253672904496909 -8.546395531443023 0
-0.7923253641351538 0.7172929093962284 0
-1.076444376324473 0.6793933976387687 0
0.8846463671834015 -0.1161125466977879 0
0.8778896492171048 -0.09844513396476667 0
0.2338838494039195 -0.2599344974621853 0
0.2299796898888832 0.1959913134733598 0
0.2248135256579753 0.1792258759487811 0
0.213567370036703 0.1924253277786843 0
0.2087614370651147 0.177476202255721 0
-0.02463208281726193 0.5303347005772807 0
-8.794140223607567 1.301845283315642 0
1.322158070690491 4.564607432373682 0
1.877824653827208 4.669112131403161 0
0.8927827444246367 0.3961202015858801 0
-10.12899683062552 -19.20997362854626 0
15.72441234726042 -15.56749331007284 0
16.61497345022374 -17.78251224278242 0
18.91915380776083 -17.84467125808072 0
-3.663995402786264 1.786116199583527 0
0.7349249339951994 0.2930952169658684 0
-3.607141731375681 -3.927885489553456 0
14.56979869513668 3.865983126103115 0
0.678258845945954 0.4654604832007461 0
-21.28661471320686 -4.514654571085527 0
1.201024575584045 0.2839752543192106 0
1.165191179072043 0.2004967091183116 0
1.188390964412251 0.145860678603955 0
1.118799007384064 0.1632648659770387 0
1.151472058630697 0.1085023699852553 0
1.104753178992552 0.2128944085898767 0
1.072966111630445 0.1752957755074372 0
1.091087524466025 0.1335445269539361 0
0.6583797084535841 -0.1564087253476737 0
0.6375564104637755 -0.1540022376865605 0
0.6223053822508543 -0.1697872526491767 0
0.6169092186600129 -0.14809946532115 0
0.6014036454991266 -0.162389469729558 0
0.6059312129535502 -0.1848831338710086 0
0.5845826552307991 -0.1762956049907095 0
0.5816930404541483 -0.1528913634548333 0
0.5646059277919004 -0.1671998543784272 0
0.2170208245342046 0.168226956970222 0
0.1177630430799217 -0.1528129616256035 0
1.662564687128309 -17.88918298333878 0
0.4089261438670372 -19.40338999849261 0
5.442056849749569 -20.16390085041659 0
-0.02380005175477929 -0.1077850310933344 0
0.8901167732944495 0.1217552936072384 0
0.8967737832687308 0.1187016328404058 0
0.907519456831075 0.1157438869528891 0
0.5269341632456863 0.2400640624988423 0
-1.170504214596569 0.3802385951251473 0
-0.3011639904985609 -0.2265294225408797 0
-0.4810797561082155 -0.253510902286289 0
-0.5289687663180893 -0.461750426891739 0
-0.7007868494100387 -0.3003819117417155 0
-18.78528146784515 7.457834902303951 0
0.2304609089587891 -0.214259407005038 0
0.2650671547398851 -0.2323220653500115 0
0.2624696827752984 -0.1934745551380709 0
0.2930350387152147 -0.2110779784608142 0
0.2374930305243223 -0.1827980867888997 0
0.2898261109243051 -0.1812803739304487 0
0.3185882574970111 -0.1901707736633076 0
0.3240788308550532 -0.2255802235618385 0
0.3464950714955694 -0.2041581373690834 0
0.3612056543502753 -0.2341559455913741 0
0.3442700327149238 -0.1776180003413437 0
0.3671500769979235 -0.1858511146871089 0
0.27003453932215 -0.1680210320882514 0
0.2753841836413148 -0.1355234601266084 0
0.3634099613848729 -0.1614317621871409 0
0.3856842078699406 -0.1705714555441321 0
0.3776142936973883 -0.1372108563098929 0
0.3908449524664497 -0.193635471254072 0
0.407053953809229 -0.1762563262285027 0
3.360054925127306 1.481191616533119 0
1.145170321605393 1.354210777458008 0
4.567189076385377 4.313148291234863 0
0.8391057095737193 -0.1103311111268392 0
-1.287544290575793 1.735903194052709 0
-1.459982821087102 1.27826390844194 0
-1.17286207208473 2.173035523690987 0
0.9454067680648079 -0.1208461689051218 0
0.9546432781814841 -0.1161278626182142 0
0.9537019952589525 -0.1060428705714777 0
0.9630380699846152 -0.1104744157390122 0
0.9645264142930581 -0.122003661976693 0
0.9745084721679111 -0.1138026783075531 0
0.8667303350645905 0.1243000226080564 0
0.8760643518185455 0.1239611888733069 0
0.856324300461513 0.125148124346326 0
0.8522562961485516 0.1340778273681433 0
0.3339656330519973 -0.6631475726655229 0
1.277574213164364 0.1090881409283031 0
1.294091567184143 0.01606217817891418 0
1.23154616598801 0.05082181519484376 0
1.223384070690652 -0.01732669716200461 0
1.163234923140627 -0.005035741831130205 0
1.169919206295657 -0.06030658473507344 0
1.091288515914737 -0.05005343368976783 0
1.620805651847951 9.215127897333462 0
2.46830504452641 -2.349968221943657 0
2.785679784679504 -2.857533089146776 0
3.096237892810427 -2.258351433464194 0
3.449537676407756 -2.929254245580015 0
3.847415220040291 -2.353318620758463 0
2.982315887525785 -3.478811341732807 0
0.9450604538835435 -0.1026456525618415 0
0.8790623422957541 -0.3490834694544224 0
0.8073733254347599 0.1918248816689641 0
4.144144003159896 -3.01181838790675 0
0.6505473470539822 -0.1387446697510261 0
0.6678202546203799 -0.1409444285271912 0
2.119898414157538 -0.1788790149086824 0
1.820670425041627 -0.151316107722715 0
0.01944862099652182 0.1452171601253187 0
0.0402684989345315 0.1484645459539247 0
0.04972863670397243 0.1655705293508903 0
0.05708284891022628 0.1517493772271878 0
-0.002112873607377036 0.1432490686140712 0
-0.01915120290042287 0.156999870475051 0
1.223727794377357 -0.09032282703885408 0
1.167381090570657 -0.1933997566846417 0
0.6212104784670506 0.4669975628957497 0
5.530647532466167 -0.7976769785195216 0
0.2052674347205672 0.9799739172498581 0
-1.653460171847771 -3.81148037565152 0
-0.524091327826106 0.7436479316289848 0
0.7360457221387792 0.2152655198511058 0
-17.03013064273792 -19.09631740734095 0
-19.50239441313204 -18.90977708918467 0
0.9372762673726532 0.690782137529364 0
1.036653007799631 0.7264281097149392 0
0.9769245076424733 -0.129296014040747 0
0.9875051285915554 -0.1201525955282789 0
-20.72664884433517 12.78695923019706 0
1.702160576812351 -4.469546895292953 0
2.467499107709437 -4.758907680434971 0
0.1050629591643957 0.1839507273904622 0
0.09790168309872367 0.1664572277940104 0
0.1150281724456773 0.1685008563370113 0
0.6527288889300877 0.5167003276471356 0
0.2490850034166381 0.1717074530141881 0
0.2369198112906213 0.1707259474787764 0
-0.7768286940528832 -4.721336802138786 0
-19.59392325179136 14.60884341382718 0
0.07903450408152153 0.1620668003849181 0
-2.928449615523033 5.311851404322827 0
-3.711235106775975 5.353717617382971 0
-3.330444362292023 6.131102190739568 0
-4.394456869583576 6.046584214201038 0
-0.06413997136480669 0.2720042807463308 0
5.704543007678692 1.680059857450224 0
6.023492343963508 1.091592883201322 0
12.94900395596972 20.66566188521106 0
0.9195261629366436 -0.105353434309027 0
0.5334020290308232 0.2794640086617611 0
0.9611653112940891 -0.1017367716547707 0
-19.46988433399718 -8.544371959269622 0
-2.301932986373435 3.202325070537361 0
10.6654974650975 13.49330020766978 0
0.2522380800472557 0.2158628783113847 0
0.8297675453592487 -0.1120046363118162 0
0.7445453644833799 -0.2482727439789705 0
0.4066402457904773 0.2426580556794713 0
0.3918976981503982 0.2595240218764824 0
0.7810212499982536 -0.115291612393509 0
1.382736620406934 -0.03699734160536981 0
-1.915847909769867 -2.59450292549586 0
0.6960464689035997 0.1523214499456972 0
0.6895425090047866 0.1433582441648444 0
1.057404806570622 0.2218428886329374 0
1.082667937457963 0.2619696990019189 0
1.033326114920102 0.2657316302342725 0
0.6259987182401254 0.1722311112250252 0
0.6177039765736125 0.1601201369715683 0
0.6052215630860784 0.1619389427936526 0
-1.279361991501285 -0.2245873445159803 0
4.399460401216261 -10.85112809544025 0
7.023104991938409 0.7591793062502233 0
0.8472004359819115 0.1266006029455355 0
0.8427494804971987 0.1338105841276965 0
0.8475088714016314 0.1422882723060219 0
0.7121278022944987 0.1887762839804342 0
0.1187093376913926 -0.6095974923721639 0
-0.1389801772093933 0.1993997572034892 0
0.2702352587061584 0.1729972079652342 0
1.364589019458053 1.349109573915015 0
-8.204770844778936 15.00590716014268 0
0.3433377829649968 0.1845255803525883 0
0.3064600000081092 0.178990850118391 0
0.287639141056749 -0.1576796513635521 0
0.3074933868373015 -0.166670746883426 0
0.6636969796426457 1.294593748975833 0
0.8379229390508174 1.290616952174119 0
0.5248315625148792 0.1863257187113736 0
0.5345926304480585 0.1741632439034625 0
0.5483845614812466 0.1744034331147443 0
0.5200833565975279 0.1709163039999999 0
0.4851514432634005 0.1842482519691264 0
0.4936888546611209 0.1717159633590751 0
0.4794747975972271 0.1702742895539864 0
0.4471415274688509 0.1809473656436037 0
1.967519656117308 0.5390679851513395 0
1.801923115321695 0.7560475592634509 0
1.848205226729834 0.3113413580877621 0
0.7997950530707791 0.1455823822678315 0
0.8030579160251563 0.1344461751883242 0
0.8105525727513712 0.1429257634915343 0
0.8138621295233154 0.1329614485448201 0
0.7960255513322807 0.1284375987223084 0
-0.7874382644432665 -0.5833204811087757 0
0.9436643093636035 0.1117434129652925 0
0.9357399910636965 0.1114563070144494 0
0.9316532119097078 0.1178037210258692 0
0.9504267651538199 0.1099347223132485 0
1.432687858291521 -1.112280183036333 0
1.095367899096273 -0.2722386094360717 0
10.64854829710687 -3.373198654639947 0
0.6712533864282186 0.1562397045748299 0
-11.29112879334478 -21.1560856703639 0
-4.413286646467449 0.7644663198019153 0
-5.088050879999393 0.1802830531576499 0
-4.849026917376627 -0.7220801063601162 0
0.1547484072737779 0.1941832117101185 0
0.1487535833495403 0.1764042237342416 0
0.1647539278543975 0.179336779680042 0
0.159762988934011 0.1636491026855111 0
0.1740732822896336 0.167511938587861 0
0.1446844326220804 0.1609526686544313 0
0.0298793597915192 -0.11956406368153 0
0.03721220811028937 -0.1358170297541415 0
0.02076777456422232 -0.1519753514910611 0
0.0477254381847305 -0.1547441332210374 0
0.4717050536141789 0.2771921068770679 0
17.49166618478252 -20.01407793762447 0
0.4514250085278966 0.5495871525974368 0
0.4121967353745315 0.4888826457822182 0
0.3485827315367687 0.487338027533317 0
0.5138467000929908 0.4844932021761857 0
-13.97769538571389 3.40777262420827 0
0.8870952268626026 -0.1069102844630815 0
0.8778190441850877 -0.1085598671273854 0
0.8947132538363255 -0.1033477905023929 0
0.5634492015505278 -0.1482350917398342 0
0.5455092049422579 -0.1568801794390611 0
0.5472680096697784 -0.1796898512337247 0
0.5269944584555533 -0.1706286988383197 0
0.5288145183981356 -0.1962512250663464 0
0.5070300732565989 -0.1839808284699409 0
0.5065092729712782 -0.1590534951623799 0
0.4867284826072276 -0.171974023014769 0
0.4858121812686961 -0.1953705280898142 0
0.465250162722842 -0.1821192669049196 0
0.4678706027369826 -0.1587461512223949 0
0.4521153208059672 -0.1362067965130238 0
0.4487496810949388 -0.1700209845742798 0
0.4424660709171538 -0.1922590643543599 0
0.4863118893375662 -0.1514941151101285 0
0.5255134717590427 -0.1495651840972267 0
1.152330168458821 0.05702641297619082 0
0.9622688111772448 -0.09556048615172071 0
0.5666234856178537 0.1885953370454491 0
0.5758247654122215 0.1747271816456828 0
0.5898777969429563 0.1746874649768547 0
0.5824020811340923 0.1623749567622054 0
0.9308017947677454 -0.1030905944401073 0
0.6846594198524664 0.2216332936255495 0
0.9017666144523432 0.1699811230650031 0
-0.09117773119871858 0.5206927689168375 0
1.740395642616955 0.539669513508749 0
1.6025631710543 0.7242948206401005 0
0.5971564548023468 -0.4637353349972972 0
0.7859203404016243 0.1622816427453212 0
0.8154922328193017 -0.1150414302612593 0
0.9504196594627535 -0.3434257977205795 0
0.744730072422837 0.1450626868616712 0
0.7323022058003066 0.1461114657424228 0
4.546626181893872 -2.400326883355264 0
-1.089529214699869 -0.8608379622541282 0
0.633773759597794 -0.1374909054627036 0
21.64531551153934 5.109373241855545 0
0.7698113472341592 -0.1752877721844317 0
-1.962158158945875 1.114520305701244 0
0.1084881673264153 0.1558953075777871 0
0.09353043253839766 0.1508443160960381 0
0.1217940066718633 0.1567868713176566 0
0.1804597294410348 1.249314284235819 0
0.2497725899467692 1.418536254425623 0
0.2037200351036791 0.1648586468743222 0
0.1943623344421687 0.1743346924663438 0
0.1698483968368275 0.2983654937834651 0
7.897109366538777 -7.132256837015395 0
0.8056700895585227 -0.115510405751294 0
0.7800220542519971 3.611587989116469 0
0.5139821000657862 4.003312764380909 0
0.4093840557707091 0.1784075584286527 0
0.3936092102731756 0.1757898015882305 0
0.3826289365827439 0.1847953282275453 0
0.3791786899665346 0.1720748209329438 0
0.3440869137219023 -0.156975029778625 0
-0.2567089593697373 0.101532705563739 0
0.9833554593412945 -0.6730319107299825 0
1.092858760107958 -0.8337179916068436 0
0.9389747630187688 -1.05670367648117 0
0.1907567167249474 0.1607873474763268 0
6.461255256903074 1.693538785464504 0
0.7027814659411264 -0.1433730189544586 0
0.7172161713035479 -0.1272406430188447 0
1.054493907610368 0.3142026062409623 0
1.115586522456676 0.3085184178926117 0
-0.1364973084731581 -0.05311904845891523 0
-0.1673570094142272 -0.09611525091211755 0
0.5691883255192306 0.163699326559429 0
0.9627056260703133 -0.1395952346830801 0
0.4922436630980492 1.79823770889853 0
0.2332779927746258 1.804947994510265 0
-5.168785829831514 22.43069158541086 0
-0.9221686875987605 0.9795126999699988 0
0.4211632945551219 1.435454895236001 0
0.6203402832001959 -2.733173625556478 0
0.3177568461215289 0.2792208012287094 0
0.2880289334103621 0.2778212861993062 0
-1.677458653770818 3.226267629171924 0
0.8381310712052903 0.1257608766626478 0
0.8337154772002836 0.1332453881536243 0
-21.67363035567787 10.80208703350103 0
0.3098768926073364 0.5407852480131 0
0.6374857135244782 0.2475940871355164 0
0.0635871936527342 0.6114723653804389 0
0.3529473857142013 0.1745121951008494 0
-18.40671006541996 -21.25305916040644 0
-0.1150576662577008 -0.7782556925733887 0
-0.3222568464684383 -0.9043417798500691 0
17.38436919143853 1.923102487331143 0
0.1060796937619096 -4.815610597983656 0
5.256588397244235 3.028469129764129 0
0.4557776148282441 0.1688179281404411 0
0.4421479503419086 0.1679108677749091 0
1.06041980404281 0.1399395218888244 0
4.78142518603071 0.5516331930639016 0
3.588665917546106 0.9529158192833993 0
0.9252701962937168 0.1311038339977512 0
0.9223616870128705 0.1421756960086044 0
0.8289735047914513 0.1258067629842265 0
0.0924282897542167 0.3632955987725804 0
0.2884693924360155 0.8819250453398277 0
0.4008609351615422 -0.1556973191766099 0
0.4163695664042683 -0.1344856525129126 0
0.4190456799011891 -0.1598817863850719 0
0.09441284996326473 -8.840870012074275 0
0.1603569147072439 11.4616347539884 0
-0.2899856224679419 10.23396487988799 0
3.079767134582064 2.009289867914965 0
0.978375502981867 0.1035403970630352 0
0.2805476746790727 0.163676761340962 0
-7.102298235965361 13.63914960932982 0
-5.475958087739984 13.73115485221692 0
-4.345699956613784 15.14022209338569 0
-2.792045883943605 -3.974346825720235 0
-0.493456850596373 0.9768660894317434 0
3.277136620486344 -5.078474563386215 0
0.9669225972361191 0.107329784805421 0
0.9606377657250595 0.1081430980894763 0
3.003273637663336 -19.46414018507357 0
17.81306788059412 -0.09804937087916246 0
0.9288926870646496 0.1122100027138385 0
3.097159387939173 0.9788089113912462 0
12.81916185347781 4.199902115351613 0
12.0749056815144 5.445529852004178 0
11.22243222521114 4.332715182725883 0
10.55566763140198 5.508606709278411 0
0.8283349758800647 -0.1471048886216442 0
1.222461137096784 20.61460409286759 0
3.431425329929322 20.61431079362932 0
5.057482714481261 22.37352938774574 0
7.6477789886181 22.58389116081793 0
8.98927469807696 20.59058657623061 0
2.89819968509452 9.207350076516907 0
4.208620082231792 8.809099266795359 0
5.967390040822693 -10.9351296427079 0
-0.1371795013262568 5.362455777050211 0
0.2983455507966728 4.880761957483008 0
-8.918745352043588 -10.77139819284111 0
-7.87215155731567 -9.354260670673364 0
-8.63444424299696 -7.804783076632529 0
-6.1187808736695 -9.643793866592601 0
-10.18814921159282 -7.395592166026027 0
-9.321086759032223 -6.352682556320035 0
-10.68993183899515 -5.840903059271915 0
0.08030133800731093 0.1471269032767701 0
-0.1198375519101421 1.39312970933251 0
5.75453266846807 3.710138698613967 0
0.7642429013428574 -0.1187686681105279 0
0.8482324769114293 -0.1098605593352185 0
0.8546808044567806 -0.1146145813321172 0
0.8550505494743322 -0.1064045600665583 0
0.8610203782083633 -0.1095002242991232 0
-5.310377431603678 -11.11456071312893 0
-4.550747997181148 -9.860628675854299 0
-3.457361789630087 -11.09355889509198 0
0.4167015365169052 -0.1964110963002844 0
20.14660991318006 -0.2945472020600666 0
18.92017454457552 -2.023367510482094 0
21.1020188715023 -2.193935974542994 0
19.76612429996045 -4.00682430654387 0
22.1300549729575 -4.100989632208698 0
20.69154703390224 -6.139803463187548 0
0.7551318929202335 0.4107301237459182 0
0.7715654259732752 0.3652826331726856 0
0.8082710643131241 0.4027438867657138 0
0.1319252477252431 0.1693130361872135 0
0.4047070136784685 2.925785251461852 0
-0.1429126517935492 0.6688005637677283 0
-0.272448390770662 0.6291843118468951 0
0.7366792359434794 0.1375528640565142 0
0.4514703836031474 -0.1518500067349896 0
0.924361090440045 0.1172188273934617 0
1.807733970387951 -5.31993143521033 0
0.3389292394122407 0.1692340843741971 0
-0.7232659515245353 2.56645386018834 0
0.1369815737177335 0.2954076449051685 0
-0.1099255889631789 -0.105971549943991 0
-6.956613529328163 -8.031904094702034 0
0.04429018697244481 1.019803986750616 0
0.773295633547475 0.1324568597516702 0
1.073074092162283 0.1152077555012118 0
1.097599312124352 0.1006527179727079 0
9.543343590656605 -7.315824087098136 0
0.2209552373623782 -0.5510282360750661 0
0.7873376697038617 0.1918632976164402 0
0.03939440433910867 0.3539813443165208 0
0.07272710002399969 0.3173718177018816 0
0.02909836330097743 0.3009739377768217 0
1.417859186700692 5.291174957945618 0
0.8213364782184224 0.1417100150784542 0
0.9509765047433376 -0.09958574511383494 0
12.22337907821004 -3.094566924838551 0
0.9911050815101156 0.1025263038628196 0
0.9973843535269813 0.1014082769148858 0
0.9952708309127318 0.1084443928129231 0
0.6460909908042867 0.1479225753333163 0
-8.732883584709585 13.01089772877997 0
0.384222730330358 0.436187648123684 0
0.4446541253238206 0.4325894833395998 0
0.3246330148054205 0.4296599179950534 0
8.773471774351615 -10.48449499172966 0
19.95113142160375 -20.07690096009281 0
-0.1014271350164391 -22.95291592420108 0
-5.273451953560472 -22.81576206602249 0
-6.436159598757479 -20.73536243826587 0
-4.172381587414766 -20.74082650095504 0
-5.33338388928376 -18.75196974167028 0
-7.712814141834127 -18.94942149791794 0
-1.45540277762787 -20.7497727812899 0
-22.83609518800338 2.809371753719066 0
2.165901141588178 -10.30275143307174 0
0.982246133587138 -0.1010850193109855 0
0.8671558625928841 -0.1647233035336486 0
0.8862713578780957 -0.1784205065232237 0
22.87922614504141 -10.64200372795869 0
1.104437142802503 -0.006507635499022949 0
1.116484894916744 -0.01787254750672345 0
1.111863054557403 -0.03992910960944127 0
1.125814015232706 0.00039924103159858 0
1.137838690887203 -0.02949724602880899 0
-1.381117682976893 2.546529902937462 0
-18.64624455206415 -10.55532987971772 0
-20.75333706876572 -10.42100850865869 0
-10.96508745180051 18.80280499031216 0
-12.20957952122263 20.85325610799316 0
-9.892285465607987 20.86862775022186 0
-3.113130739683783 1.149172212752096 0
1.03410707794107 -0.09947856092884672 0
1.046448339130128 -0.1138893686434926 0
1.067740918066146 -0.1024934339114114 0
2.51669181526733 2.176337882720417 0
-22.51735266246477 -2.574156318395014 0
12.69855046312768 7.061982292976426 0
1.686095499617608 -0.3523981991565222 0
0.8672309705583363 0.4819681391538493 0
5.259090294041807 -23.12879888654404 0
0.5424024533693581 0.1642042152720494 0
0.887556183755993 -4.48160832715244 0
0.4618752105360981 -0.2335504686935162 0
1.091815785443968 0.05315827662297153 0
1.099508140212381 0.06661231403520311 0
1.116026809280823 0.05118139606879109 0
1.121834650604366 0.08363629678338309 0
17.15638164010978 12.52352398111142 0
19.08768003353157 12.74608319379401 0
1.065874739779512 -0.1350825741801165 0
-22.1451783532786 -12.21165689305421 0
0.6850390773581164 -0.1404177239026664 0
0.6961429895374148 -0.1294539722713688 0
1.036937294828598 0.1654776415617745 0
0.8378825160670944 0.2008820993066076 0
0.8262965262027097 -0.1656478387345931 0
0.8459291576318332 -0.1557112433619388 0
1.045573713358454 0.09365386765983899 0
1.07225546968587 0.07747720722236463 0
-20.07478495361392 0.4330062987795179 0
-0.4339288250801653 4.712483322308246 0
0.6069799577200775 0.3785969030248433 0
0.6606492745502246 -0.1277281509577047 0
0.1972320139238737 0.1884506403819513 0
0.7537562850819559 -0.1191451633238637 0
1.028827037127186 -0.3368852065119772 0
3.733991125722977 4.353211121314978 0
0.4507633997091488 0.256678395832558 0
0.982773216622469 0.1101318856662459 0
8.762099806773863 13.62117065237648 0
1.021085438515426 0.1216804842435489 0
1.035578985504986 0.1362245386742667 0
13.03920901507915 -22.92156186248332 0
0.4022815249756973 0.1652015072177772 0
4.167159917007978 0.8232975562950023 0
9.242865474621693 -3.30164910595491 0
1.026204936340265 -0.1179886471982989 0
-3.126291956012992 8.171097207673467 0
-3.392806988767699 7.186699376281544 0
-1.321097199810072 -8.879762829462329 0
-7.890861886611809 0.2122596797727158 0
-9.321697671234354 -0.1186986170764396 0
4.985549761156649 13.90922160659086 0
5.876454180802722 12.47204907519632 0
0.4921476074181621 0.2561793610743546 0
-0.04275890670534688 -0.1772327949647267 0
1.083713123223781 -0.06550931852486995 0
1.105923174680922 -0.0663195060481928 0
1.129947187083958 -0.05757009890827224 0
0.5987024394392457 -0.14416471298825 0
3.540858306322191 -1.735961265971951 0
4.207591201529853 -1.767008028893335 0
3.246966158276469 -1.176233973734612 0
-0.4941587082365322 -0.6875049126275604 0
0.4164486193969721 0.1673972981435011 0
0.282435288507455 0.4717667656694893 0
0.3829571223541379 -0.1511669207519851 0
18.49851703218463 -22.40539585500709 0
17.48447950354176 20.68303161987599 0
19.88978451588916 20.69297994183524 0
21.07267296869328 18.50577379419487 0
0.6483391529690357 0.2285773628460644 0
22.83731958926131 10.34018785308073 0
20.38224331196734 9.037770694687383 0
22.70820146625756 12.99929879623759 0
1.596228936125116 -0.8085363804403796 0
-0.3512699882371572 0.8509156952074122 0
-22.82214769091387 5.355898588542837 0
-12.29355390462927 13.10129124788893 0
0.5304442916989636 0.1612876062449993 0
-1.129210373956554 1.423658653531395 0
22.8051023808506 2.749740511726905 0
-5.84487945778258 7.75114364767045 0
-6.359894663031847 6.44440370485009 0
-7.756625610619461 6.180371568981414 0
-8.587375584199373 4.955201774991584 0
-10.10122389854762 4.712991583665112 0
-8.621488202775186 7.350638762257841 0
0.4983868508415837 -0.1405566150471179 0
-0.02297178158998683 0.1318815768041003 0
0.0845952808521262 -1.24941345022827 0
-0.1597550665847881 -1.128452531621967 0
22.89719665701436 -13.13372586551419 0
0.5557420022742178 0.163037808464619 0
0.9393399205363702 -0.1004505364992497 0
0.621834295271749 -0.1303973783483844 0
0.9140547098276415 -0.09615819760530467 0
0.9120548203353495 -0.1000565715668675 0
0.9074386257253517 -0.1008242440648267 0
0.9128647816082605 -0.1079276182983002 0
1.972095628316048 0.07076361728162006 0
1.725823718217989 0.1252536294924789 0
1.099501544036276 0.03860104436482531 0
1.106002853698716 0.008750951625999748 0
0.5891411794036238 0.4216687841051604 0
0.5386088693486509 0.4237975448675293 0
1.064778717363285 -0.08506764588865334 0
1.088188416261737 -0.0868044680313871 0
-10.61085812299457 3.01419261572893 0
16.45969996658994 3.750066848725531 0
0.6841106364651567 -0.1273946145439725 0
0.8680289610758144 -0.09931377841896373 0
0.8654605472786272 -0.1043913737419855 0
0.8715378866964874 -0.1039188168525093 0
0.5395026193112826 -0.1422886465756394 0
0.8920310272498165 -0.09779588192054736 0
0.9564462122671238 0.1131360888800459 0
0.0572134184145457 -0.1390084506258258 0
-3.232437441903955 -0.8823010151451516 0
18.53848943887102 -5.75228883040745 0
0.9028162677130338 -0.1015105164457185 0
0.9995744801323543 0.3099340466196376 0
1.162378799085783 2.961089020329124 0
0.6079201578446015 0.8856353037476467 0
-12.89176367488862 4.891877152350446 0
0.3035579860555244 -0.1479271400922589 0
0.3172554712986163 -0.1551785220323445 0
1.135246816005882 0.03200037052212816 0
7.668336139295103 -6.026713857879852 0
0.7623261858364557 0.1355888804826959 0
0.7522054624591712 0.1353615778593453 0
0.7576811239237295 0.1288796988562974 0
0.7896033886711367 -0.1158546186939671 0
-0.1504666571923856 -0.1833926099200068 0
22.69031348538493 -20.60997976003468 0
0.8827211075967296 -0.09817257172565005 0
0.8575326512980036 -0.1003289796095246 0
0.9551580735595957 0.3383981972744428 0
-15.38391154257463 -13.38525903832314 0
-9.744873817831552 16.55476705184343 0
-22.30096510247405 -18.6425251237565 0
-18.4113498213241 22.72658769959426 0
-19.72662799633406 20.48943457262581 0
-22.56943475735429 20.73347584033749 0
-21.29727848408101 18.38582114839274 0
-17.0883700760185 20.62273289365257 0
13.96639858155189 14.99385029277894 0
1.126412993309439 -0.09461212435076773 0
-20.77588804245084 6.674456218234643 0
0.180946250455181 0.180863273588237 0
0.3154877357811356 0.1677045771011224 0
0.8964970301115944 -0.09704836042724041 0
-0.4394317139903989 18.86082675382727 0
1.435779170521038 18.33075123784487 0
-0.9070080981791147 1.863885651059002 0
12.79110952378655 13.38865008486794 0
-0.04441546633150181 0.109054679385248 0
0.9340780729782041 0.1259518706346006 0
0.8360745010451588 -0.1017040928164104 0
3.006463144711712 -11.43065988191561 0
0.06516828703800459 0.1750337693335458 0
21.3106913371852 -18.10737073838761 0
-6.482186004441591 -16.90676296598446 0
0.9224000446936209 -0.09554656879900786 0
0.9246404711692039 -0.0984981912798186 0
0.2200013209424682 0.4803491989610414 0
0.01910830155894387 0.1218276719886657 0
1.095807113990737 -0.03530293601618189 0
0.3051414447366503 0.2519036064560787 0
20.61551660866376 14.43346033957024 0
0.9115405141119526 -2.334019284340471 0
0.8415748421625056 -0.1011738293073005 0
0.8522622413334114 -0.1006314627523983 0
-1.419593914494666 0.6296455759206387 0
-18.55255707700526 18.27272507634486 0
16.23977011626191 -11.53220656211561 0
-6.612795750418653 20.8699478151567 0
1.368295731598964 2.611613101578328 0
1.631989859385377 0.9476706030728091 0
1.423537663750058 0.8734631062890635 0
0.4184014001006424 9.187417813447745 0
0.8247359507409494 -0.1027641601788012 0
0.8223947590845216 -0.1092315974573264 0
-11.94500632785945 6.688113584135615 0
6.11076767046947 8.930355419396507 0
5.19035199745647 9.930707784178104 0
5.195038338775267 8.106623937505221 0
0.091925605996514 0.8958753962340449 0
5.54028108607146 0.5047378084863039 0
2.282034498750484 5.279401807606523 0
0.743314344886389 -0.1170800689292249 0
0.7339577055237432 -0.1219038284517256 0
0.7580252751944212 -0.1108637952446746 0
-0.2850898431849982 -0.004098846537915896 0
0.9712366452303718 0.1033342713757948 0
-0.1723897433944551 3.689277114265872 0
1.182429725798119 1.564297062816532 0
0.3849361646859092 -0.2667474941522702 0
0.03674884358735377 0.1255210153593428 0
0.03117080076883175 0.1346832479789688 0
11.17255824330817 -7.525297558909903 0
0.1817742524304792 0.2658326590781978 0
8.548936950832852 -4.522615724192457 0
0.3024827283899629 0.1659201557533863 0
0.3254192990986878 0.1628021315231489 0
-0.1177501437959219 0.2595116424919569 0
0.4889270140326081 0.1605670655148526 0
0.4684044572883875 0.1627327965433485 0
-0.4203512153030758 0.5933365867032211 0
0.9301824743259771 -0.09506232484995047 0
0.7908432637798245 -13.03075501449496 0
-0.2497849882220523 -0.1094346001663207 0
0.8005899204181226 -0.1051442169647638 0
-6.165972728577746 5.296509083976426 0
-2.423012332667476 1.452863105029518 0
1.639913085551743 -0.04954757675925824 0
0.8921446390213482 0.115069771315799 0
7.924190717555429 -22.70258408746735 0
0.5080200122394702 -0.2099732321162655 0
0.03736664387961295 -3.636327768911482 0
0.463566551367336 -0.1428286069708367 0
0.9335227004983625 0.1038070885616059 0
3.496678550240845 -14.74294354908164 0
2.965688676463762 -1.65985359839841 0
0.2723185042076285 -0.1501970972619657 0
0.2566579144991928 -0.156481786745279 0
0.7759553544289268 -0.1077175574539381 0
-7.331461640012255 -5.334029863134522 0
0.6851233378863308 0.1360290883778757 0
0.8864107780720312 0.1155040088142517 0
0.9165284290659523 -0.1000082215088765 0
0.911947416486397 0.1065609742959228 0
0.910226612760815 0.1112059243108384 0
0.9148985526890506 0.1105517534073734 0
0.9133315184316185 0.1162722076275687 0
0.9163987744502569 0.105922134816481 0
0.9374841426802453 -0.09463424286102722 0
0.9248862004577691 0.1051435092600903 0
0.8405212918008986 0.1159771888154041 0
0.9234157260396945 0.1101842116313865 0
0.9460423584597702 0.1060394649739716 0
0.7982082750203002 -0.1218587486536657 0
-0.07127894524220524 -0.08740074157986599 0
-0.08795202331566609 -0.06263892607167314 0
0.8289135336712943 0.1176952737979508 0
0.8199929894936724 0.1262654754928081 0
0.8164516947055259 0.1197881094079574 0
-6.208384412422341 1.573362862647955 0
-6.693433789829097 0.3886010049651457 0
0.1946673634046414 0.1492424744881358 0
0.6694595608692802 0.1376928948797868 0
0.6747288170258902 0.1457950901511656 0
0.6654938020973712 0.1475113064256851 0
0.9028342736976027 0.1076651909551898 0
0.901421239365582 0.1133820566610779 0
0.9376238614457815 0.1032838471895943 0
0.3639797186521782 0.1563926636952478 0
0.3704579731167521 0.1650150358948149 0
-0.1146025508832478 0.03433151478898969 0
1.534474095947936 -9.104697635383536 0
0.2214614205505446 0.1508984939526124 0
0.2403985241493774 0.1521575696935039 0
0.9548254815977475 0.1058270120610816 0
0.7302754097402319 0.1306238026988465 0
0.515063012108099 0.1519252688409044 0
0.5111112275115939 0.1608201981746689 0
8.003675141515409 5.689984570699221 0
0.9455490420750763 0.1020489536272496 0
-0.4115150565492787 -1.148079764949887 0
0.7080837677024745 0.133282599029433 0
0.7056316074725475 0.1411505816250314 0
0.7142435530949618 0.1400158801562815 0
0.5749662600372979 -0.1389764156207454 0
0.0817165140949683 -0.1242168217827335 0
0.07616268462038721 -0.1317660381146575 0
0.08754155041227521 -0.1339237727555067 0
0.9528984684955183 0.1016921655924568 0
0.2590614596870839 0.1533751607709034 0
0.2633571884230227 0.1625794214037134 0
11.26930769335868 1.945784615683804 0
0.652983711452031 0.1396457933415645 0
0.7919026620636377 0.1227880500749253 0
7.190787850791265 11.46105173253109 0
0.2127930465543428 0.1487722866529418 0
0.6929160045151568 0.1349766821733494 0
0.5510290276367185 0.148738385327198 0
17.73438930619248 -3.488980454300788 0
0.5330965416025821 0.1502148312302862 0
0.7159234785584838 0.1324140164456109 0
0.8934114797579811 0.1090492678685857 0
0.7273912536319016 0.1381528978053416 0
0.7187830064283367 -0.2112846914563533 0
0.7452331384134587 -0.2056734547187981 0
0.7078689869035997 -0.2382380286720568 0
0.8517859806410734 0.1146727644947298 0
0.9506947389535229 -0.09407804201834719 0
0.3976033268763186 -0.2228970871529527 0
0.3831566750154728 0.1562153739776325 0
0.4959148469579513 0.1524202228877385 0
-3.018134982555702 14.02519373984707 0
0.4022131426504143 0.15559919205235 0
0.7983071203485623 0.1218058150558437 0
0.05723399861928408 -0.1264976696500053 0
0.07259790973416047 -0.1466350990720869 0
4.128605866694114 5.079680676890714 0
2.973117054540622 4.280948555736164 0
0.3447428286378222 0.156220973478127 0
0.5599205355522812 0.1478971723156713 0
0.3682221810534393 -0.1451751742276026 0
0.772138834738031 0.1253162634355783 0
0.628860608067588 0.1420871715929116 0
0.6249368787906722 0.1507478743133803 0
-0.4621989254173024 2.30293581204732 0
-0.814383885731734 2.235274174556299 0
0.7788099054037183 0.1243340282809885 0
0.783205624692388 0.1311167550072169 0
0.8626952155433579 0.1133021888478932 0
0.8606867934666296 0.1188624757526009 0
11.87843019042846 -1.513463156064848 0
0.9688817854768059 -0.1046648021569599 0
0.3222255600667561 7.407028684907637 0
1.031846326468575 8.140960541748974 0
-20.44405473940654 -16.64010464204225 0
0.7374703983110311 0.1295994079103002 0
-13.83070011043854 -21.09914379245439 0
-14.73492088947883 -19.17723077164163 0
0.6119915535875966 0.1438581178723594 0
-0.367485468534053 0.7158514698454282 0
9.174587040956144 -15.38612010256996 0
0.5775682462103017 0.1465548443304319 0
0.8835447997061338 0.1103037848192873 0
0.7424460822372216 -0.109760785148953 0
0.4218499390839148 0.1572096397560044 0
0.28718280899336 0.1549912395291199 0
0.2912925174359027 0.1648707823371765 0
0.9443316333339975 -0.09437730779265732 0
0.06173335997571679 -0.1737365029343124 0
0.3064597006731132 0.155342943050206 0
4.133430230712356 18.67555511743734 0
0.1671225619384283 0.145912597159459 0
0.1699924380500832 0.1557528245439456 0
20.18820908648693 -15.90311464705884 0
0.1857276557963849 0.1489600319688891 0
-18.54078517629696 -1.376700430469052 0
-16.86408141016826 -0.5611481050454488 0
4.000889551370535 12.65191377656 0
11.37874604237179 -15.54526973376284 0
13.49668936863115 -15.56845268317654 0
0.2033000715234022 0.2057333232284421 0
0.4584432540384107 0.1563366927191271 0
0.321953562524555 1.602545622902799 0
0.5949388345274241 0.1454051864768133 0
0.5908986236277922 0.1539815905384505 0
21.01100930339123 22.86158357278577 0
0.7281957664500567 -0.1116038456875822 0
0.1580710215471946 0.1451116539328326 0
0.4410763308272501 0.1565015583076677 0
-10.24051319200429 -15.65769803708586 0
-2.324745005462052 -3.337844402169102 0
-16.27101169552968 -10.95702932925315 0
0.8735166024392402 0.1120884925663171 0
0.8713311520906595 0.1179360002597935 0
19.73527225102872 16.4557270446043 0
-10.77626614070472 -4.284442005863851 0
0.3159323293602262 -0.4362625268838787 0
0.3762045250112048 -0.4743215119825839 0
20.63129112127399 6.900585374566232 0
18.42026944419444 9.145045857418507 0
-3.035402340149045 -4.791711165926877 0
0.6670716426528206 -0.413895035436621 0
0.7137977180802553 -0.1132373505460535 0
0.1399893587903284 0.1430193138986041 0
-1.733005668858703 6.638736069381077 0
-13.69186801755016 -1.019085577806523 0
-2.439437010676938 0.7908183057976057 0
0.794835257622317 -0.1053095230293707 0
1.009090582514059 0.1014108058249785 0
-0.2237903681563125 0.1911948764524091 0
0.9462224361948112 -0.09741597851233011 0
1.010694656348407 0.1622985811458853 0
0.7253172446231563 -0.1190776998341721 0
-20.76718518286375 -6.696654872002815 0
0.9882634988765308 0.2634876967996538 0
15.17766762217995 -19.70429129531627 0
-2.562276197463419 6.514237901294234 0
14.31851853587606 -11.02060699362849 0
-15.52696492371963 18.70078142600151 0
0.5521010773543367 -0.2050929596319302 0
-14.51431963527621 20.78271998752254 0
-5.346936490655637 11.2887777276181 0
0.8686344608819705 -0.111983088306567 0
0.2445164219024547 0.1612803134841332 0
1.003304862004237 0.106825386219986 0
1.000334656786087 0.1165567458638581 0
-17.48237088957292 14.75078661226739 0
-5.809704824882651 -0.3138972568223634 0
-16.16278658745617 0.8890102867782042 0
0.812956908988439 -0.1038362902384062 0
15.51375204277831 -6.397646267184415 0
-13.83540910355766 -11.96725264738092 0
-15.43373598608401 -8.593360588162344 0
18.46171443756141 22.90815111112141 0
0.7985342253659393 0.2102086956890556 0
0.7695705656659131 0.1892780583337457 0
-4.029250912044845 11.32260835914302 0
-16.01334566291697 9.623714401197741 0
-20.85241296418313 -22.84310613676502 0
4.946956303013891 -18.19687319612321 0
0.04288745951934654 0.134256578762262 0
9.6244117838511 7.79532403033899 0
-0.06762765764890048 0.6061888980280474 0
0.08053122426348075 0.1357661025068257 0
1.09666310657397 0.3687071173001644 0
0.9360630648514273 -0.09780734688103102 0
0.7064671721169287 -0.1139312366361183 0
0.8731635787233555 -0.09892839318009938 0
0.3880209464803994 0.1653872319795434 0
9.908641141579309 18.71302782401512 0
0.9594183272448975 -0.09404800661463278 0
0.9583482974912908 -0.09721109986842282 0
0.9662990711941635 -0.09845235551981509 0
0.7822605400246262 -0.1067580182021958 0
10.48051754191058 11.6623417352611 0
0.1310082604643555 0.1415416381303216 0
14.2029052556264 2.155168646759322 0
-15.88528793125219 -3.750569781023812 0
0.6916107748032227 -0.1150545997549659 0
15.76192211595267 -0.5449082787306663 0
0.9537011428986513 -0.0940527290308921 0
14.41549082974138 -17.55117787853393 0
2.764663550825955 -12.97940403334672 0
0.0617655030969733 0.1312250295693024 0
0.05347031364701163 0.1394077830107369 0
0.7805577269165959 0.1767776816781389 0
0.7115098916248803 4.455840052506354 0
6.551128360069763 -9.705941153296987 0
5.090337378180014 4.985510488382218 0
0.08772610247701769 -0.2778165722774629 0
12.13393363061901 11.7340880621381 0
0.6604503751446906 -0.1175660974430099 0
0.6726258730632232 -0.1281354256331436 0
2.838405054929457 -0.8535256423566605 0
-3.975614068185406 -0.8691159383270923 0
6.773581818923153 20.45672138861622 0
0.6368262783803416 -0.1201171517473374 0
0.4621809204988722 -0.1321075132154185 0
7.901806353137978 18.73946161566894 0
0.5877942318953898 -0.1347206151678646 0
-5.200600367054431 6.740405497182388 0
0.6767245811218838 -0.1183061525787791 0
0.3118876881682116 -0.1363242748093739 0
0.6528280472974347 -0.1185793196972018 0
-11.46030812138846 11.33847895844962 0
3.444605485299886 -8.289380376216016 0
-4.237017168234869 2.39894827674131 0
0.3315593704525702 -0.1350224860855901 0
1.20115965359551 -7.972685494064979 0
0.5669251317116147 0.4746787922270066 0
-2.543989333518462 -8.76800040237918 0
13.34207665904261 22.89394782952189 0
0.7109617954557904 -0.120647550192971 0
-8.234647734691503 11.30181125066468 0
9.756922211415462 -20.75639500288896 0
-10.22989994393599 1.536249135086406 0
20.62684763919949 -8.147188971533735 0
0.7527514867126885 0.1997719233115373 0
0.4426436098031467 -0.132622580320995 0
0.2116086147141505 -0.1336856692151574 0
0.2066138742482426 -0.1432835471046924 0
0.1931896345411052 -0.1413398000955417 0
0.1995141923532203 -0.1542460323855794 0
0.1815912431567077 -0.1518084304924564 0
0.2136111949445787 -0.1550808671998592 0
0.2039817291050161 -0.1719686750170122 0
0.3406258374283516 -0.1355525497744632 0
0.2276875004129202 -7.72527894828972 0
0.09626338364833339 0.1384702255586088 0
8.498117641192703 4.67209622480526 0
0.1132793472317978 0.1388326754391568 0
0.1223648308948295 -0.1287168349068828 0
0.1258923781227205 -0.1396411793036509 0
0.1396026516884805 -0.1380265444236938 0
0.1318035573038956 -0.1496544810589835 0
0.1444628584175684 -0.1542504020641908 0
0.1130372722185918 -0.1373741350499951 0
9.317518873060482 -1.190772954844403 0
0.8893152720577353 -0.1015389981492408 0
0.6204799600626099 -0.1213660818292597 0
0.6085445265217349 -0.1336910312246618 0
-0.7394180615838931 -2.107626907752967 0
0.3689472141774267 -0.1352844397398172 0
0.3595054367603975 -0.1354413249402844 0
0.3551110513890933 -0.1464791936667471 0
-3.860175696876336 -7.440978022194866 0
0.08959232421372271 -0.1237414814904403 0
0.09968347610068162 -0.1369506082854902 0
1.086222713302591 2.340512193966104 0
0.0452654797558228 0.1254789444159214 0
15.1679848213431 20.58945215386712 0
10.00456295487072 1.835187262119486 0
10.34965854814752 3.175678970905637 0
0.8253931879190898 0.1331372508707825 0
-13.157894736778 23.02918121282386 0
0.2845632700333648 -0.1355351115075371 0
1.007251453511584 0.09629163857422801 0
1.168302184605876 -0.1236033822241349 0
-0.585661858964497 -0.06608260281576932 0
0.9080136827078596 15.50161988052214 0
0.880770727347012 -0.1029708811161848 0
0.4806969197265155 -0.1315198480905884 0
0.4764535953681525 -0.1416310099072072 0
9.790807836409019 4.490554442771842 0
11.88352432415842 -21.0388597800585 0
0.1405891006633353 -0.1276608773370513 0
-2.828247434227475 -15.82219151223323 0
0.9051637535029952 -0.09690102130560149 0
-0.01371857737181912 0.120002346385601 0
0.6418299504416174 -0.1286447372286981 0
0.3032302570937812 -0.1352150967573929 0
0.9677614466543555 0.099570917963188 0
0.1065495515495932 -0.1273895395439976 0
0.8293343824372644 0.3138066616005771 0
4.216012008894584 0.2880937106242425 0
0.2294694629213411 -0.1336784659080036 0
0.2334715381480396 -0.144271404186354 0
0.1493100586586167 -0.1295194599212048 0
-0.005023795439911355 -0.1704223313363142 0
-22.99655849674758 13.09595196445921 0
0.5616076359358942 0.1749868477753058 0
0.9606008478857693 0.1005015274452741 0
0.9628450996430888 0.10388882787619 0
0.04445568684997434 0.5375803389394461 0
0.6034423960173176 -0.1241456018576432 0
0.1341373441269262 0.1524707820754509 0
-0.04106156439804899 -0.1404131704760903 0
-7.89965002971717 -4.116435381717626 0
-4.621118513169379 -3.710421806804345 0
-4.295416527173552 -4.6762637381038 0
0.5962993798951068 -0.3279034217955402 0
0.5461481490504023 -0.3599360683321662 0
0.5315154110895103 -0.4287394974985939 0
0.4407451516092941 -0.1426385747722866 0
0.4267524780524803 -0.1435749824743345 0
2.294630810427543 4.072126191594552 0
-1.809719565837737 -7.781449035855607 0
0.9549102655353338 -0.1281814212790104 0
0.940127296972039 0.1070243863020904 0
-4.52220151018669 -1.522629932870832 0
0.666025440162143 0.1976137991433532 0
4.527454273596542 -1.214761646014461 0
4.892542605355821 -1.799688719265212 0
0.9251777088774078 0.2673758938912507 0
0.19353232305697 -0.1308706375077274 0
0.1760130740535519 -0.1321171353302434 0
-2.23256808154734 5.296352173137575 0
0.425505983255445 -0.1325706601906929 0
0.4134058926891758 -0.1468864742697494 0
0.8337666648514177 -0.1064792386450595 0
0.8612969041638 -0.148655260562728 0
5.775055464060908 -6.374393052230616 0
0.2147688769346351 -0.1904197899778582 0
0.7732340480185391 0.1648207269098913 0
0.1526481764816717 0.1532963786524028 0
0.2474353646613286 -0.1337511750232701 0
0.4988007422350463 -0.1299798531541022 0
0.5870383258885259 -0.1240719695246319 0
6.830147699871475 -4.532199543376021 0
0.5029819547663006 1.287630383740963 0
1.011014365168017 -0.1324275611168592 0
0.7397746973644633 0.3250102345960368 0
2.355762750721844 3.506502750516181 0
0.6210642048449537 0.3397609402835782 0
-11.509500004949 5.350169122716756 0
1.490850387148251 1.578631498525579 0
0.286929379459678 0.2223888006582817 0
0.2663161939558789 -0.1364213368827479 0
0.5128291968976907 -0.141100252248909 0
2.410567422872483 -3.266016693602829 0
0.4891807479039411 0.8891426610449331 0
4.792764167885685 2.473007159710168 0
0.6452316855762029 0.1390494139577746 0
0.2349142521533135 0.2122262645241844 0
0.5068318036967978 0.2368536490602193 0
0.5855053849335818 -0.200330884029716 0
0.8073486377505869 0.1283890016829336 0
0.5700542880387021 -0.1270482067271577 0
0.7372745795627318 0.4652700704770952 0
0.8754980342688428 -0.117398372191667 0
-5.202291246924721 1.121330794829865 0
0.9377607330702766 -0.1282371287111412 0
-14.75243387050591 4.890938422658635 0
14.57601069055039 -13.36788831635449 0
0.01104639023775626 0.1314662276701987 0
-10.57579174605689 23.06370750385985 0
0.3614757202578747 0.2364436927933027 0
0.2258748749744392 0.1599439235402591 0
-0.3896562972021327 -0.1015589855846616 0
0.3288205580426831 0.2542013539484516 0
0.6657337168737073 -1.977864627167089 0
0.8202149556426801 -0.1845685257391518 0
0.8605148261874059 -0.1043822414963427 0
0.5489411021542852 0.2439363192284799 0
0.3220602528924071 0.2323230595145676 0
0.9982391503947046 -0.109904070906025 0
0.5169909964425535 -0.1291498205986202 0
0.7034351258369814 0.2992672622214166 0
0.8853969766846432 -0.1016810251268807 0
0.4459644201093642 0.2326138351611522 0
0.7219852388237247 0.1447145650671838 0
0.4284955683871778 -0.1755020935031755 0
0.2694691447484416 0.2187960208943331 0
0.2741693759449361 0.2373387137714912 0
2.766800236977156 7.491691621782511 0
2.340657040681777 8.302898316928182 0
0.4113333990002066 0.2224988900382799 0
0.4285808292822305 0.250967209330899 0
0.1669041154741737 -0.1311419044915595 0
0.1721672482252117 -0.1425593181248304 0
0.9657374138079577 -0.09428614849244238 0
0.1804831599343511 0.1579793155521978 0
0.06451702151332267 0.1415147338043401 0
8.013854610335041 -2.8809298227943 0
9.883072482533549 -2.27165238499455 0
6.264746495787103 -1.045195270320396 0
0.3273250223761237 -0.1658532818032052 0
0.6301090473684879 0.1599012015988354 0
-20.2266893057197 8.928716270343509 0
0.5521920442659998 -0.1266223864116188 0
0.6084925099887691 0.1523649539352019 0
0.4115078736419789 0.368211815635387 0
0.448752593488237 0.383596168512619 0
0.8176591228377812 0.1518698473461871 0
0.8805125870407191 1.14384255254322 0
0.3350161892581022 0.3745613956912809 0
0.06236597148699139 0.2750786530178793 0
-0.01232599519962507 0.2696397569992079 0
0.1022389625463225 0.2820182807266893 0
3.44631804412489 3.684484357961756 0
0.5163623166317716 0.7858558552123878 0
0.300633154628517 -0.25214735266067 0
0.2714688743199317 -0.2719675620680468 0
0.4071900509396881 -0.1356633639872264 0
0.3876384660459494 -0.1370825846295358 0
4.466067026586634 -3.713873326763894 0
-9.010254880612122 -17.29763679758349 0
-1.352891634899087 -2.831153783235567 0
23.17675122920567 -2.337538475863744 0
1.088603203260071 0.6104126586224521 0
1.173815259349221 0.6950551774665155 0
0.2586641587779258 0.3794261517036597 0
0.8993445824174304 0.2426405232699657 0
0.3397608505490767 3.603439716574567 0
0.2846896185738567 2.621029329453455 0
0.9919514068240699 -0.2245694788314797 0
0.9914019879471196 -0.1349709408914185 0
0.7984275507338683 0.1575764180047905 0
-4.107281437758303 4.650314049483132 0
0.4354481031898714 -0.218221844911971 0
0.9211216686438204 -0.09992172577705208 0
0.60478651395338 0.2221667807415193 0
0.5209817079721188 0.3795867056488787 0
12.22063541328754 -13.913199653244 0
0.9253916910161939 -0.1025152465183477 0
0.5349143825043129 -0.1298385614626047 0
1.075193242167031 7.263356092880777 0
0.5668126109960793 -0.1857218308529015 0
0.2522358054810052 0.5253334318218548 0
0.6972056232175337 0.1921916409211203 0
0.3106716193560624 -3.117494840483248 0
8.56389819816294 -8.682396858925411 0
21.07282921120446 1.411288084248972 0
0.1562926235754949 0.2757186936361172 0
-1.661598179290579 -1.953801239773193 0
0.4684851565752938 0.153559222327585 0
-15.01106888945133 2.103630284580381 0
0.727225484098966 0.187096401368563 0
0.3676475835986467 0.1767337984031916 0
0.9897438071947984 0.1145751884432928 0
-1.133383333947343 -0.5144752748836033 0
0.6565629444335357 0.148094429899181 0
0.7505347176979056 -0.1800645480781142 0
0.04126273541695968 -0.1213694372777633 0
0.277365732663816 0.1542925342676752 0
1.075100818568914 0.0940918191549297 0
-0.6781587776017398 0.9091205788757087 0
-8.720611986742259 -20.8792738274423 0
0.6087350788207225 0.7756484418223293 0
5.916351023512067 -0.1906959519806932 0
0.2399734144913486 0.2310934150755353 0
0.9569226644690809 0.1596746091789106 0
-0.6015137445741348 1.762963392407254 0
2.69453415623338 1.763104562674387 0
0.520548338991954 0.1599031744283407 0
0.5065275973816719 0.1716857229809347 0
0.2900056003282573 -4.176621427204052 0
1.742302651456975 -0.5638047229960781 0
0.8450012057644551 0.7060992082483435 0
0.6269709986165038 -0.1934132317287545 0
2.188011395047213 -1.913417180621455 0
0.7262839271876333 -0.1315857695909193 0
0.7972786237118998 -0.1118722913868598 0
-2.579497791813277 -0.8961027987381344 0
0.8776552570435565 0.1172303209527462 0
0.9322606086464017 -0.09844784442096417 0
-0.3039158401326572 0.4870604590968839 0
0.9973105630411225 -0.09969032585185425 0
0.9318693584027811 0.1078165857707921 0
-22.94512319428865 -10.02707213270504 0
0.9534989871130974 0.2476724695452494 0
1.286954541290253 1.019955741452212 0
1.452314283746861 1.141565865364893 0
1.303365456494038 0.7440700640937782 0
9.32195296538338 2.64803671694626 0
0.9407269875898703 0.1647264358039429 0
0.488521322785174 0.421299574597476 0
0.3685511545138281 0.2586990054210823 0
0.9315250948925691 0.1521994976671946 0
0.8905363264251256 0.1542793582154496 0
0.7214257750079858 0.2017654998938863 0
2.681911539252726 1.095279347599861 0
2.178300791111436 2.026384823688287 0
2.544813208124846 -16.26250238836325 0
0.8108764334103373 0.1192675172749684 0
20.83795136995303 11.37364008825314 0
0.7854114866303595 0.3209133612634315 0
1.207892771333883 -0.2783734564925596 0
0.6759983387486544 -0.154407813127519 0
0.825129204062011 0.2779287405040791 0
-18.07769504775804 9.351186070828639 0
2.345035402349751 1.739335652013045 0
2.919392832777706 1.435687155254201 0
0.9282723015394088 -0.09881745456028954 0
0.88273597436188 0.1204900580696487 0
0.4298232965258833 0.1671796902156957 0
0.8573311644106856 0.143939615969774 0
0.9270996789593654 0.1235954089856732 0
-1.259428718484741 3.183236197421488 0
0.7515080797327557 0.1271545846619968 0
-5.506439767477546 -1.35308957689928 0
1.499289830514866 -0.1022343260854404 0
0.8497128713655782 0.1201851051182598 0
0.8433364133442273 0.1207681821695488 0
0.5003123763069869 0.1615655611204206 0
15.7376819197956 2.216118829718915 0
-0.1216079750140963 0.4501851243948093 0
0.9438910551869752 0.3914991336378986 0
0.3307376688174358 -0.14652960610254 0
0.7628071421296502 0.2913973322885428 0
0.254393822497011 0.1622602896817609 0
0.1145401531034528 0.324237602873154 0
1.649094008247754 0.3621546675475247 0
-23.04030196613159 -5.816229753549297 0
0.4358764904413713 -0.1572447380740229 0
-0.09526749814828595 -0.2825391717477796 0
-0.03563492423686276 -0.3548594360077687 0
0.9125035144777958 0.1458440633165358 0
0.9121122739086962 0.157019333864811 0
0.6348790068530241 0.15016217882662 0
0.1837040719862763 -0.4369569652370349 0
-21.18578703072982 -14.38870543455277 0
0.7715869323431332 -0.1147839650465189 0
0.1097595799810595 0.2506382415168828 0
-0.04724160880369738 0.1517990961593843 0
-0.03793823745980594 0.184448165846054 0
-0.04189685999211719 0.2248816394609186 0
0.06033664243794389 0.2445419321210408 0
1.290109454046316 -0.07520734071877913 0
1.376284352838899 -0.1502510475393265 0
0.9711075326443441 0.09903742952548304 0
-1.877352355378889 3.68733595860039 0
0.2365456688660636 0.7914233688622984 0
10.03677484317424 6.615088436508033 0
15.06298340354777 13.12437643745433 0
3.19971799963082 0.2136022948472192 0
-10.26695848276364 -22.99528094074191 0
1.114345906852872 0.03439949246744251 0
0.855155931737373 0.1185683135271998 0
0.6507320487132616 -0.1274307901051615 0
0.616710220555107 0.150013297741982 0
-0.3458944302113071 -2.101047909861508 0
0.4867831022005576 0.2342141360835103 0
-1.525897687990402 0.2880279270275062 0
-5.255393178891464 5.717122692471887 0
0.4872584337880667 0.1520043948932943 0
0.7631430024571608 -0.1074741388469939 0
0.9968162665092226 0.09630272621780506 0
0.6983164446420762 0.1426000035503362 0
0.8659706052232209 0.1174760461097652 0
0.8399804634103933 -0.1409557459621186 0
0.2080668553752409 -0.6706844099203139 0
2.691669828411602 -1.206576618832429 0
0.6940994857976688 0.2072189108227332 0
0.8868237896742541 0.1681756822521729 0
0.5323685905972031 -0.2283805214098016 0
0.3194180596663679 -0.524502184775126 0
0.4109684689783082 -0.5625225552165076 0
-23.335536010373 18.39833130673162 0
4.928735932792886 -3.034065219445327 0
0.7890235215187187 -0.1693510783437268 0
0.9058102417017075 0.1110984867198404 0
0.5995645222191551 0.1537251758351226 0
0.1281536793423874 -0.1667686186215197 0
0.1632714398865078 -0.1572850499261439 0
0.18383116362404 -0.1691492867928277 0
0.1630184486455309 -0.1852672351781363 0
0.903039656355813 -0.147272018191996 0
0.9083686492697518 -0.1709493051070005 0
0.794439597013693 -0.1888509907234997 0
1.223017229603429 0.1066168237851531 0
0.9570241410306395 0.2892289958303332 0
0.07605506713602943 1.39663751701815 0
0.1317745438558443 4.33897656835542 0
2.762439729012424 -9.263069921381689 0
0.1527882884707409 -0.1413224082634328 0
1.178773789505326 -1.051128944527294 0
11.96511473820223 3.129970234920123 0
1.012104049262691 0.2224082983089484 0
-4.394831931827167 1.553115076770765 0
1.133844678712655 0.2535708977843859 0
1.165847901354435 0.35508167343459 0
0.1615194373902777 0.1527445113948302 0
0.192708534586684 0.8714894138400432 0
0.8106557965575842 0.3517824365026305 0
0.5557036480696391 3.261184141179463 0
-0.01313165295665246 0.1805128056241657 0
23.25494357316008 18.42105263154334 0
0.971076161645132 -0.09946005456162224 0
0.06959832770238325 0.1516723112426309 0
0.8103236705685034 -0.1094398662099096 0
1.430373950859603 0.6419757562399114 0
-10.50593556072975 13.08084953977384 0
-9.286774813145442 6.043191576407708 0
0.7895362698309093 0.1286129024678926 0
-0.6349794853087345 9.183982520160137 0
0.2521207599286474 -0.1713941239691253 0
0.2399255972564196 -0.1589122807641054 0
0.1216417209672029 0.1826936168156279 0
0.9717194194711697 -0.09493863512901553 0
18.77674245718018 10.84381145326807 0
0.2897119741441444 -0.1445674872377445 0
0.7562604764944537 0.1810245286743957 0
0.2477705724930798 -0.1439478982170957 0
-0.1785012412429669 0.548792368299571 0
-0.01134990649908368 -0.1148293112490719 0
-3.036540933179896 -18.99951506058335 0
1.089955345761397 0.08316305053603833 0
1.496327533667833 0.3407291903152659 0
0.5531811708041373 -0.1377762923415856 0
-1.705368802333818 -3.194475339466251 0
-1.269438090196835 0.909572588808492 0
-0.005078266606914957 0.1145477753076208 0
0.3332036223835763 0.7936748248383015 0
-0.8710367904328538 1.315818980180174 0
0.1441011099728049 0.1507584912292792 0
0.3728845259055675 -0.2085983792096591 0
-20.79113882249335 -20.57429232772339 0
10.88408947938314 20.23268718229463 0
0.3944580229921202 -0.1447979149761178 0
3.985937281613341 -21.46557278676663 0
-0.944419550009955 0.2417905611422983 0
-1.006330517065795 -0.03189180688522791 0
2.223485389194011 0.05709362963875282 0
-3.352120506129295 -9.734771552271262 0
-3.869563415239337 -8.584788896715917 0
0.3834650196162395 0.8729093973290718 0
0.3407366056530303 -0.2657892028602198 0
9.225977480814795 5.616380998171795 0
0.2194443302740037 0.2060057687095016 0
-12.75936774949359 -23.13692950816937 0
1.684183010849306 16.78483859192223 0
1.1226133195965 0.1222106601983254 0
0.2838912108653472 0.4160281553621487 0
0.594668707198387 0.1633842270151305 0
3.659730231176742 -3.635287231256007 0
3.081177964778291 -4.220999028585471 0
1.057900900898093 0.103927661858303 0
0.3598166086528363 0.1654053478872581 0
0.2342932226991208 0.1608181182580996 0
0.6652664624990818 0.2159562942381136 0
0.8224712430770652 0.1908089921259603 0
5.18053656705515 -2.343683093669966 0
-1.468789678853259 -4.558964901410741 0
0.6026026948625842 -0.3906870364023535 0
23.09634820347686 -5.913304684361347 0
0.7071836091753119 -0.1300988273452838 0
0.9762816835652528 -0.103843715435042 0
0.983970692033559 -0.1093841814353806 0
-4.243595921462007 6.910653113143509 0
0.7707386005360675 1.446294892000867 0
0.9757550402644108 1.418156389562987 0
1.027395657284131 -0.2676251386505843 0
0.005590223383500592 -0.6891653124625303 0
0.4517362535919666 -0.4449209738303623 0
1.374130458235853 2.308867196803829 0
17.09285159390379 -6.447164381723917 0
1.42619784770531 -0.6998417552521119 0
0.9779831420507663 0.09850854321610025 0
1.180730131831624 0.5878275398715864 0
1.082095964262687 -2.760404158875078 0
0.1988695730028587 0.156552381963203 0
2.765602787724904 0.7786762512288132 0
0.009758044776834103 0.1198739664449195 0
0.3257395660672405 0.154088255918145 0
-1.611010698434624 0.9063439071760955 0
5.908220567758562 11.06752640134079 0
0.6819267481991674 0.1426423372592176 0
0.7440375268183945 0.1355926345801319 0
0.2957759258376212 0.1743249567951395 0
1.252598294170873 -0.1690174397393534 0
0.935776641676532 0.1066776429677064 0
0.9425408329555383 -0.09776258972549169 0
0.9187747515002196 0.1144178290652103 0
0.7176689975529368 -0.11853548691091 0
0.6369669488874649 0.168345441999374 0
-18.38908166370087 -23.38770245673496 0
0.5137121145891752 0.2571015188137478 0
-20.86772505991771 -1.286543245734995 0
0.8963091349252907 0.112677953387691 0
0.6419162288676564 0.3683833681629774 0
-0.002920912230492963 0.2337832406514907 0
-1.176958789732831 -5.282433233971283 0
0.257857977353221 -0.4690585167680736 0
-6.069438141124758 12.46485218091972 0
0.8508864302939675 0.1517095149233568 0
0.1156762943101073 0.1476629605819898 0
0.3283685953784062 0.1728237630703729 0
0.8494283511631093 -0.1046082249469009 0
0.4682617921702936 0.1736186187441995 0
1.328337446387828 -21.31265304849136 0
-8.156444626670851 20.32011273431426 0
3.334057321449734 0.597573862617138 0
0.6171527316516676 0.2418088153672537 0
5.713605757761368 2.390918085823463 0
-5.382506611019855 -8.58902724386191 0
0.5738133220162235 0.1543959556014062 0
-4.763754768450207 -2.908039106682758 0
-4.094138085844396 -17.26333607842337 0
0.2903973658256925 0.2389770118491483 0
0.8995067958249249 -0.1061781137284999 0
-11.96895047263377 -5.448518875260563 0
0.8579962209317133 -0.6610516078790952 0
0.8172038772240099 0.2051293154527568 0
0.2599698927693105 -0.1443161767003457 0
0.9787782511059628 -0.1485526532034853 0
0.8440869207833073 -0.1053828515482398 0
7.665325443302847 -9.639173933985623 0
-7.984824280656365 -6.628228143910018 0
-8.585550338604619 -5.276634598194282 0
0.4562768495941389 -0.6572017913367225 0
0.1038769977281156 -0.150422798420723 0
0.3912600801888073 0.2861903781855341 0
0.0485091416981999 -0.128450912926196 0
23.38217891174096 -18.36787711043188 0
-11.41678057834264 4.186233670230266 0
0.8721535585554808 -0.2887418489207905 0
-18.63330260182514 16.12378629867772 0
0.7026178560176849 -0.1215929928851762 0
0.7545334320485279 0.2151907513056709 0
0.5125316923594059 0.1826025617405394 0
6.244440790455645 0.3913110095495217 0
0.9099866715054694 0.1210040572798436 0
0.141545155118755 1.114364353654592 0
0.5306700990272979 -0.1376997475782188 0
5.281581017429836 4.263162156929254 0
0.08984472741491767 -0.1479757822391509 0
2.513464017301424 4.679326721663344 0
21.11453575823779 -14.15699360784379 0
0.1738599956912416 -0.2146923589815328 0
5.660412905155225 -12.21667601862852 0
0.1060087969999291 -0.1689095987612813 0
0.6957323166580764 -0.1207610374251472 0
0.9632735876157695 4.943913967296594 0
0.06408026050000089 -0.1209950835543298 0
0.9574821068156032 0.1477389555483085 0
-16.37697550131328 -2.248511524377603 0
0.9591435099009424 0.1038742543520955 0
11.08546231304041 -2.326624965912137 0
0.2200732131612015 -0.1420812155075667 0
-15.30742633583892 -0.8021990680122966 0
-9.419380962054719 2.37583945113248 0
0.3716529308005045 0.1909663037296395 0
23.0735505063891 23.07355050638409 0
0.7018566672460655 0.5117854750007131 0
-6.412443074652929 -15.25042804865349 0
0.828225275336793 -0.1065501865125734 0
0.5645679649785236 -0.1356263892062422 0
-0.002584975563458304 0.1259295080029889 0
0.5855368292489134 1.44652813308024 0
23.07355050638409 -23.0735505063891 0
-23.07355050638409 23.07355050638911 0
0.2642122893415062 0.2705351087719435 0
0.02167218342376429 0.1301251736295178 0
0.9206902188516698 0.7906867155935766 0
0.787708026973335 -3.126414189421346 0
0.6044786888515283 0.5154588319420428 0
0.07338590966679885 0.1413512041698115 0
0.7052215859781948 0.149553001618147 0
-23.12231472785236 -23.13899922044594 0
0.4978576314893793 1.580452240723322 0
-4.219653467472934 -2.29628149686642 0
-0.9997578378936973 -2.47516105198894 0
3.271845388712981 -17.64282075020512 0
1.115553087668382 -0.6614922792948342 0
-1.046312307980668 2.495369167402264 0
-15.96932834675692 -20.69361962366935 0
-21.0705278231141 1.978871951426167 0
0.510393831623263 -0.3307191819913966 0
0.6894122982036384 -0.12177116892749 0
0.2119853148976528 0.1569639481256985 0
0.3506749304646222 0.2523480605547624 0
0.8988672827351289 -0.1010066731293383 0
1.563052558481049 1.364709495417593 0
0.7359365172483684 -0.1344082389514622 0
0.9111422648746095 3.257705204728182 0
-8.149945354288469 -0.8649848860420015 0
0.2242883796883071 -0.1674888131972854 0
0.4355338334932468 0.1776616006185873 0
1.355431664150449 -0.875682034657983 0
0.5585305686767985 0.2687076464849593 0
1.571386941231853 0.1051338407391712 0
0.6223839339981105 0.5588146931461714 0
0.8123349824638766 0.1247344233069176 0
-0.4330966072316519 -5.251961738466261 0
0.9242323189551889 -0.1514860610371838 0
0.9461304890335707 -0.1576090265387164 0
0.3501604273675218 0.1642958373419863 0
1.835842607454464 0.9828492357845131 0
0.4685768148509937 0.4829600396425782 0
15.65180756917118 11.56518945759571 0
0.8299045461378274 0.1396494458120215 0
0.5822971394967623 0.1528265730652721 0
0.6333703363509087 -0.1274265208648098 0
5.089798059887999 -1.246866903547496 0
0.7394892288334015 -1.018145624104301 0
0.4859176397469652 -0.1391493151244713 0
7.240461592465035 -10.65771296297627 0
0.8379263100730087 0.1412705829228461 0
0.1702169838684311 0.193724504233805 0
0.9997357352296 -0.122365010649411 0
0.861505731313979 -0.1166176764667674 0
4.1105847499493 -12.14534794191335 0
1.153288554355384 0.08186361051649067 0
1.183137426240153 0.08302488907448394 0
0.9556377219449392 -0.1006310336907442 0
0.8020244835132277 0.1261392722561088 0
-4.706727413426457 12.39797629719937 0
-4.512723319112403 5.310929398684621 0
0.7673015712303454 -0.1979412165490267 0
0.9487913238246637 0.2237719989733174 0
-0.07113624913410657 -0.1182912492767195 0
-0.08095553626615209 -0.1564912983526275 0
0.01555454295400967 -0.3045368236161869 0
0.3552234515805343 0.4058325325059881 0
0.9145675377602392 0.4435324934800795 0
23.60365372365716 5.263157894641177 0
0.462848439879821 -0.2067384909967993 0
0.8234988346784607 -0.1157729859496481 0
0.8334117947948627 0.1214446621220615 0
0.1009414123400121 2.884987439751152 0
0.6841247492352895 0.5660938882438237 0
0.1847731695597173 0.1695052982951234 0
0.1815611950710163 -0.1405986988580116 0
-0.0131034904806724 0.110415242013434 0
0.8160159016381162 -0.1081919650695082 0
4.486855701237805 7.615252251938826 0
0.1595824515628363 0.25526321756005 0
6.882176669271153 -6.491455106497987 0
0.04122617261073958 -0.8276440684580502 0
0.3787466019540806 0.1631283017201594 0
0.05045191399741783 0.181516585518044 0
0.2585341798387013 0.2307101080347423 0
0.5475628634227107 0.1561527631916644 0
0.9188862398713791 0.1091790786858817 0
0.6104769195433959 -0.2126381823048019 0
0.280502091340699 -0.1438625276557191 0
0.5538826753105952 0.1854579998219103 0
-0.380610859314349 -0.5424170991715531 0
7.558169385695697 12.71216229258636 0
0.9551552305716725 -0.09671314598422801 0
5.955642553094752 7.593810912822454 0
-0.8059236694149592 -0.1220201304181564 0
-0.9566171095440777 -0.2980774088827927 0
0.1053824197143026 0.1446843672976106 0
-3.844422849295097 1.158107509096289 0
0.714651679573183 -0.2676107520639727 0
0.563910824088482 0.1552059181438127 0
0.3441234334094703 -0.1442894440031842 0
1.137005344667199 -0.3459915074072829 0
0.7205113579004447 0.1373582176918351 0
0.736286431694457 0.1981684555217715 0
0.9819670731470933 -0.09657208140197983 0
-19.24206880088961 5.722180065964509 0
-15.46098778382474 3.539558394097343 0
-20.64503978722941 16.32598905003222 0
0.4032467918697644 -0.1444150983987919 0
0.9902499797078732 0.1233877902609582 0
0.2269339675706214 0.169277061398986 0
-0.4236044085975553 0.4449774805424004 0
0.7652972749404878 -0.225334227535365 0
-5.924800548017956 -7.449468844143317 0
-4.197218559820774 13.59471697765626 0
0.05720412858234014 -0.1187435786715521 0
0.950534476658825 0.1055741316480153 0
17.18912769956087 8.41718811568613 0
8.343705164113075 -3.647649322883598 0
0.9589904042360642 0.1191373967814706 0
1.114385684528332 0.7902435972031077 0
0.4725281990157453 0.2515226726119619 0
1.585791379838603 0.5676288737819105 0
7.715118772436412 -5.073177032057236 0
0.7165408320072366 -0.1393897142873105 0
3.178254663866013 8.280322665626107 0
0.0909768049567259 3.959133689675214 0
-2.425014338044433 3.702085502325972 0
0.5384589651300713 0.1563937211860286 0
-10.56127362545158 5.958591324007967 0
-1.285905125447287 -18.87658480610599 0
16.32916536527332 0.8612481111372745 0
0.9208016705876468 -0.4000933553029012 0
1.825537673555053 -0.7755206411386577 0
-2.187340994919742 -4.335883026976422 0
0.02703197517710799 -0.1777492968577555 0
0.5083104811201188 0.5388673816844207 0
1.05390984591057 0.1218730461858259 0
0.135433410541846 -0.190388523059717 0
-23.64061620146686 10.5263157895377 0
-23.17021003550522 -13.93597397216741 0
0.1380948176285386 -5.482229380485562 0
0.4098874791036662 0.2644482908732593 0
0.8669409569941053 -0.1834010234658071 0
0.9010873699271356 -0.1134248209609836 0
-2.929150861901789 -1.343109256716605 0
0.2595015240921818 0.1710454543672684 0
0.8423250405651025 0.1491468344851989 0
0.9091726930904438 -0.1136860980415505 0
0.6417325322009508 0.2137824631555399 0
1.629357826436143 -0.1886282069061249 0
-21.44302667999815 14.48413632926296 0
-1.422560684864847 -2.377087838591716 0
-0.3114044993679898 0.1780801228664634 0
2.629454650927083 -1.938871034159816 0
13.62328810152946 -21.02746479105994 0
-9.71966342560896 -5.156564501739807 0
1.008209993564423 0.1244884298846935 0
0.9665893261032088 0.102829395453105 0
1.038321023377653 0.1945047204286577 0
0.3321587335237598 0.1814002966776927 0
0.8564257234613076 0.426027785167815 0
-0.1509383299397812 0.008716709483771618 0
1.116759252202873 0.01992415462326699 0
0.8073590092944918 0.1521198607668538 0
0.945794100318384 -0.1777721167938562 0
-0.9647391835072318 1.601560303202288 0
1.232922845477897 0.1416592960977586 0
-9.663631781169812 14.59412707180838 0
0.1538997963932258 1.597478403294559 0
1.093159158509615 -0.1194821399846292 0
0.05576179655790371 1.7641652121045 0
11.27382625011823 6.379997745877019 0
0.6008219640007572 0.1719564938357955 0
0.597931851933266 -0.1327203432610412 0
0.8762361772338094 -0.1025646184481891 0
0.9519508390263317 -0.09622557483564428 0
0.9494846688572963 -0.09629848748533867 0
7.207454305992474 1.513699410205294 0
13.37051903467534 3.06028576075818 0
0.4733125434467976 0.1816082003203699 0
0.4033339017541621 0.4000996571536766 0
-0.1032694215093893 -0.9459467312499112 0
0.9273782619676034 -0.1350360090666557 0
0.8380893760263043 0.1202873661903821 0
0.8389217276832217 -0.1050142246887699 0
-0.09130359237461577 0.2251126500850106 0
21.25242012016517 -9.694070211247402 0
1.012828029339302 -2.005437392311814 0
0.06665173788381323 -0.1312257475491753 0
0.9206945853484556 0.1528888675090133 0
2.730454301752809 19.25196625146368 0
-0.002128767906163578 0.5953034984573933 0
0.06340133230943502 0.1615806810347432 0
0.9759644132584082 -0.09698380888160632 0
0.6619514435036448 0.1555085331374516 0
0.7254251205940744 0.1521262355285475 0
0.8816484906216242 0.1146200479790722 0
1.003352055791942 0.1010047518607584 0
0.2262739846397093 -0.1535669161710342 0
0.9393031599537507 -0.09712432151733486 0
5.068699591457399 19.90123862619924 0
0.5348758494261143 0.2581794287835302 0
0.7653941730899753 -0.1121657732518642 0
5.177474065974577 8.950071020421278 0
0.9888889670581511 0.1078635394243909 0
0.9293449396573592 -0.1941288325107639 0
1.299466257831766 -4.866710164026478 0
0.9350723049497376 -0.1012374409729442 0
2.646081288110323 -5.503814868093711 0
9.696579368349518 12.66636563895124 0
6.748871117156069 2.35339770758974 0
-5.164016957378619 20.21017413515098 0
-22.96106733545081 -4.213102265997257 0
0.281974591170595 0.2557583096480347 0
-11.42326577126578 -6.866040380042019 0
0.555633050594882 0.1542064094885931 0
0.4497951814341727 0.279530463686196 0
1.086944018037713 -0.1528204812715604 0
-0.02631330973403095 -0.1236977730831333 0
1.18147992842069 0.03341850812908531 0
0.8041586065185037 -0.1092494109418851 0
0.1971798379181737 0.293149471703033 0
-1.226512616022899 10.01552450997904 0
0.08786595418462612 0.1412026702735461 0
-21.2500546546313 -8.633981857933893 0
0.9142228462317971 -0.1034700533306036 0
0.7855521153767839 -0.1113675365991332 0
0.9125983958458534 -0.119370796613794 0
0.9276826516997559 0.1079241808361049 0
6.365186619439769 -21.60948343766137 0
3.263753087546616 -10.33445266796486 0
-1.280553246595757 0.1081825592387283 0
-1.143699278291618 1.164678007017352 0
-1.462927472184917 2.90294958716041 0
0.5220056889291659 -0.1367501758242812 0
0.2653124483355522 0.5766415248891618 0
0.1328428353021583 0.3617290071825416 0
0.910490916667023 -0.1038504058814495 0
0.7680071640314128 0.1758053177587984 0
0.2717327855073688 0.1614095673047456 0
0.4849217099132369 -0.2181399355830957 0
1.024128903243704 0.1513141581332329 0
-6.082723134024755 4.429882553491222 0
0.1192856246195245 -0.7240347026615014 0
0.2009755077997097 -0.2097345677650638 0
-6.914027735139835 5.694606476091556 0
0.162639429427557 -0.1405757104059113 0
-7.379796118081136 12.34538815935746 0
0.1249537943144526 0.1477199098531051 0
1.1520332528642 0.1459100576293383 0
0.7069143212557143 0.2017324442217256 0
0.9034984187256221 0.1212618255225034 0
-5.81340527374403 0.5636596197601839 0
-2.583309419295494 5.865387968603659 0
0.3171909123978672 -0.1444176860169727 0
0.4493183169770267 0.1613570408048196 0
0.4357806611758621 0.161754666659289 0
$EndNodes
$Elements
8 10192 1 10192
1 1 1 149
1 1 7 
2 7 8 
3 8 9 
4 9 10 
5 10 11 
6 11 12 
7 12 13 
8 13 14 
9 14 15 
10 15 16 
11 16 17 
12 17 18 
13 18 19 
14 19 20 
15 20 21 
16 21 22 
17 22 23 
18 23 24 
19 24 25 
20 25 26 
21 26 27 
22 27 28 
23 28 29 
24 29 30 
25 30 31 
26 31 32 
27 32 33 
28 33 34 
29 34 35 
30 35 36 
31 36 37 
32 37 38 
33 38 39 
34 39 40 
35 40 41 
36 41 42 
37 42 43 
38 43 44 
39 44 45 
40 45 46 
41 46 47 
42 47 48 
43 48 49 
44 49 50 
45 50 51 
46 51 52 
47 52 53 
48 53 54 
49 54 55 
50 55 56 
51 56 57 
52 57 58 
53 58 59 
54 59 60 
55 60 61 
56 61 62 
57 62 63 
58 63 64 
59 64 65 
60 65 66 
61 66 67 
62 67 68 
63 68 69 
64 69 70 
65 70 71 
66 71 72 
67 72 73 
68 73 74 
69 74 75 
70 75 76 
71 76 77 
72 77 78 
73 78 79 
74 79 80 
75 80 81 
76 81 82 
77 82 83 
78 83 84 
79 84 85 
80 85 86 
81 86 87 
82 87 88 
83 88 89 
84 89 90 
85 90 91 
86 91 92 
87 92 93 
88 93 94 
89 94 95 
90 95 96 
91 96 97 
92 97 98 
93 98 99 
94 99 100 
95 100 101 
96 101 102 
97 102 103 
98 103 104 
99 104 105 
100 105 106 
101 106 107 
102 107 108 
103 108 109 
104 109 110 
105 110 111 
106 111 112 
107 112 113 
108 113 114 
109 114 115 
110 115 116 
111 116 117 
112 117 118 
113 118 119 
114 119 120 
115 120 121 
116 121 122 
117 122 123 
118 123 124 
119 124 125 
120 125 126 
121 126 127 
122 127 128 
123 128 129 
124 129 130 
125 130 131 
126 131 132 
127 132 133 
128 133 134 
129 134 135 
130 135 136 
131 136 137 
132 137 138 
133 138 139 
134 139 140 
135 140 141 
136 141 142 
137 142 143 
138 143 144 
139 144 145 
140 145 146 
141 146 147 
142 147 148 
143 148 149 
144 149 150 
145 150 151 
146 151 152 
147 152 153 
148 153 154 
149 154 2 
1 2 1 149
150 2 155 
151 155 156 
152 156 157 
153 157 158 
154 158 159 
155 159 160 
156 160 161 
157 161 162 
158 162 163 
159 163 164 
160 164 165 
161 165 166 
162 166 167 
163 167 168 
164 168 169 
165 169 170 
166 170 171 
167 171 172 
168 172 173 
169 173 174 
170 174 175 
171 175 176 
172 176 177 
173 177 178 
174 178 179 
175 179 180 
176 180 181 
177 181 182 
178 182 183 
179 183 184 
180 184 185 
181 185 186 
182 186 187 
183 187 188 
184 188 189 
185 189 190 
186 190 191 
187 191 192 
188 192 193 
189 193 194 
190 194 195 
191 195 196 
192 196 197 
193 197 198 
194 198 199 
195 199 200 
196 200 201 
197 201 202 
198 202 203 
199 203 204 
200 204 205 
201 205 206 
202 206 207 
203 207 208 
204 208 209 
205 209 210 
206 210 211 
207 211 212 
208 212 213 
209 213 214 
210 214 215 
211 215 216 
212 216 217 
213 217 218 
214 218 219 
215 219 220 
216 220 221 
217 221 222 
218 222 223 
219 223 224 
220 224 225 
221 225 226 
222 226 227 
223 227 228 
224 228 229 
225 229 230 
226 230 231 
227 231 232 
228 232 233 
229 233 234 
230 234 235 
231 235 236 
232 236 237 
233 237 238 
234 238 239 
235 239 240 
236 240 241 
237 241 242 
238 242 243 
239 243 244 
240 244 245 
241 245 246 
242 246 247 
243 247 248 
244 248 249 
245 249 250 
246 250 251 
247 251 252 
248 252 253 
249 253 254 
250 254 255 
251 255 256 
252 256 257 
253 257 258 
254 258 259 
255 259 260 
256 260 261 
257 261 262 
258 262 263 
259 263 264 
260 264 265 
261 265 266 
262 266 267 
263 267 268 
264 268 269 
265 269 270 
266 270 271 
267 271 272 
268 272 273 
269 273 274 
270 274 275 
271 275 276 
272 276 277 
273 277 278 
274 278 279 
275 279 280 
276 280 281 
277 281 282 
278 282 283 
279 283 284 
280 284 285 
281 285 286 
282 286 287 
283 287 288 
284 288 289 
285 289 290 
286 290 291 
287 291 292 
288 292 293 
289 293 294 
290 294 295 
291 295 296 
292 296 297 
293 297 298 
294 298 299 
295 299 300 
296 300 301 
297 301 302 
298 302 1 
1 3 1 19
299 3 303 
300 303 304 
301 304 305 
302 305 306 
303 306 307 
304 307 308 
305 308 309 
306 309 310 
307 310 311 
308 311 312 
309 312 313 
310 313 314 
311 314 315 
312 315 316 
313 316 317 
314 317 318 
315 318 319 
316 319 320 
317 320 4 
1 4 1 19
318 4 321 
319 321 322 
320 322 323 
321 323 324 
322 324 325 
323 325 326 
324 326 327 
325 327 328 
326 328 329 
327 329 330 
328 330 331 
329 331 332 
330 332 333 
331 333 334 
332 334 335 
333 335 336 
334 336 337 
335 337 338 
336 338 5 
1 5 1 19
337 5 339 
338 339 340 
339 340 341 
340 341 342 
341 342 343 
342 343 344 
343 344 345 
344 345 346 
345 346 347 
346 347 348 
347 348 349 
348 349 350 
349 350 351 
350 351 352 
351 352 353 
352 353 354 
353 354 355 
354 355 356 
355 356 6 
1 6 1 19
356 6 357 
357 357 358 
358 358 359 
359 359 360 
360 360 361 
361 361 362 
362 362 363 
363 363 364 
364 364 365 
365 365 366 
366 366 367 
367 367 368 
368 368 369 
369 369 370 
370 370 371 
371 371 372 
372 372 373 
373 373 374 
374 374 3 
2 1 2 6330
375 1 507 518 
376 1 518 529 
377 1 540 551 
378 1 551 562 
379 1 529 540 
380 1 573 584 
381 1 562 573 
382 1 584 595 
383 1 595 606 
384 1 606 617 
385 1 617 628 
386 1 628 639 
387 1 639 650 
388 1 650 661 
389 1 683 694 
390 1 661 672 
391 1 672 683 
392 1 705 716 
393 1 694 705 
394 1 716 727 
395 1 727 738 
396 5065 5838 4918 
397 5386 6016 6015 
398 5839 5840 2354 
399 6076 6081 4679 
400 4090 5516 4112 
401 4139 5726 5550 
402 4999 6184 5126 
403 4513 5802 5310 
404 5504 6661 4223 
405 4232 5429 4230 
406 4405 5934 5747 
407 4134 5804 5326 
408 5241 6029 6005 
409 4911 5066 5064 
410 5084 6350 5730 
411 5980 6026 5140 
412 3476 6687 3465 
413 4690 4702 4678 
414 5692 6084 4459 
415 4250 6558 5549 
416 4834 4838 4835 
417 5030 5232 5209 
418 4059 6108 6097 
419 5256 6589 5257 
420 5627 6408 4332 
421 4970 6314 5393 
422 5219 5220 5218 
423 4579 6167 6140 
424 4112 5516 4250 
425 6350 6351 4793 
426 3861 6777 3850 
427 5412 6558 4250 
428 4495 5996 5956 
429 5188 6462 6236 
430 5460 5608 4085 
431 5589 5724 5222 
432 6145 6475 4944 
433 4901 6174 5231 
434 5507 6408 5627 
435 4967 5964 5670 
436 5150 6639 5152 
437 4999 5126 5002 
438 5017 5078 4838 
439 4579 6140 5902 
440 4948 5643 5599 
441 5956 5996 5735 
442 5190 6462 5188 
443 5151 5155 5154 
444 2464 3962 2508 
445 4367 4452 4366 
446 4725 5156 4723 
447 5440 5441 4004 
448 5157 5236 5156 
449 4892 5754 5467 
450 737 4337 748 
451 4348 5966 4360 
452 5979 6413 4617 
453 5707 6046 4453 
454 4501 4559 4502 
455 5118 6527 5466 
456 4656 4691 4655 
457 5326 5803 4134 
458 5759 6241 4627 
459 4514 6301 4832 
460 5453 6528 4303 
461 5753 6359 5686 
462 4464 4501 4465 
463 5640 5661 4130 
464 5502 6043 6040 
465 4452 4464 4454 
466 5475 5646 4057 
467 6410 6830 6399 
468 5241 5796 5240 
469 5395 6705 5396 
470 5066 5631 5064 
471 5443 6449 4111 
472 6188 6258 4446 
473 5902 6234 4579 
474 5257 6589 4792 
475 5181 5185 5183 
476 4603 6347 5698 
477 4096 6629 5249 
478 5168 6525 5579 
479 4612 4834 4611 
480 5944 6258 6188 
481 5965 6134 5144 
482 5059 5604 4709 
483 5423 6577 4752 
484 5918 6210 4646 
485 5888 5889 5288 
486 5436 5840 5547 
487 5183 5193 5186 
488 4206 5774 4577 
489 5176 5730 4793 
490 4303 6528 4344 
491 5929 6330 4429 
492 5237 6037 5618 
493 4871 6358 6233 
494 5243 6029 5241 
495 5730 6350 4793 
496 5159 5692 5405 
497 4306 6547 6312 
498 5225 5918 5777 
499 5310 5974 4513 
500 4780 5465 5031 
501 4678 5128 4672 
502 5063 5291 5065 
503 4617 6413 4420 
504 3910 5980 5360 
505 5231 6471 4901 
506 5282 6016 5386 
507 5559 5786 5136 
508 5594 5736 4805 
509 4614 5150 5149 
510 4527 6433 5263 
511 5670 5963 4967 
512 5008 5280 5010 
513 5354 6130 5536 
514 5589 5590 5587 
515 6067 6400 6068 
516 5239 5812 5698 
517 6312 6547 5290 
518 5466 5641 5118 
519 5028 5997 5956 
520 4876 5241 5240 
521 506 5840 5436 
522 4821 5432 4822 
523 4691 4723 4722 
524 4328 5217 4323 
525 4266 4323 4263 
526 4420 6413 4536 
527 5380 5817 5541 
528 5541 6138 5380 
529 6097 6108 5495 
530 4723 4821 4724 
531 5249 6220 4096 
532 4871 6233 5546 
533 5972 6297 4914 
534 4360 4366 4361 
535 5241 6005 5796 
536 5821 6172 5194 
537 5397 5966 4348 
538 4456 5928 5787 
539 5578 6241 5759 
540 5752 6369 4358 
541 5470 5557 5556 
542 5066 5787 5631 
543 5360 5664 3910 
544 5612 5613 5385 
545 4818 5510 5509 
546 4348 4360 4349 
547 5193 5316 5186 
548 5010 5391 5029 
549 4916 5065 4918 
550 4323 4335 4327 
551 5255 6452 5737 
552 4335 4348 4336 
553 4132 5801 5544 
554 5467 5468 4892 
555 5006 6727 5002 
556 5159 5405 5157 
557 3985 5517 3983 
558 5222 6803 5221 
559 5128 6237 4672 
560 5507 5627 5506 
561 5135 5559 5136 
562 4388 5836 5834 
563 5279 6453 3889 
564 5393 6389 4413 
565 5225 6210 5918 
566 4690 6564 4702 
567 4766 5621 4497 
568 4879 5214 4878 
569 4432 4614 4430 
570 5197 6239 5663 
571 5579 6525 5573 
572 5328 5329 4117 
573 3911 6112 5717 
574 5743 6369 5752 
575 5220 6405 5218 
576 3903 5959 5667 
577 5392 6388 4944 
578 5278 5431 5304 
579 4347 6094 6005 
580 4992 5203 4994 
581 5776 6307 5775 
582 4223 6708 5504 
583 5766 6320 5615 
584 4073 4643 418 
585 4478 6161 5685 
586 4725 5157 5156 
587 2310 4236 2431 
588 4834 4835 4611 
589 4879 6329 5214 
590 5793 6170 5312 
591 4502 5584 4505 
592 4403 6013 5640 
593 6347 6443 4602 
594 4818 5509 5508 
595 4654 4655 4455 
596 5190 5893 5794 
597 318 5664 319 
598 4944 6475 5392 
599 5547 5840 5839 
600 5787 5788 4456 
601 5602 6796 367 
602 4858 6252 5398 
603 5190 6451 5893 
604 5791 6365 6116 
605 4430 5148 4256 
606 4770 6564 4690 
607 5232 5561 5209 
608 5552 6467 5613 
609 6081 6117 4679 
610 4413 6389 4496 
611 4839 4934 4841 
612 4911 5064 4913 
613 6176 6529 4938 
614 4459 6628 5692 
615 4605 6321 6118 
616 4702 5181 5128 
617 4874 6721 4771 
618 5395 5396 5329 
619 4367 4455 4452 
620 4781 5525 5044 
621 5584 6403 4505 
622 4691 4725 4723 
623 4918 4988 4920 
624 4460 5660 5458 
625 5143 6202 6166 
626 350 5442 3893 
627 4360 4367 4366 
628 4788 6614 5428 
629 5479 5791 5078 
630 5846 5939 5430 
631 5078 5081 4838 
632 3961 6333 5448 
633 5558 6232 4510 
634 5804 5946 5462 
635 4654 4656 4655 
636 5460 6291 5608 
637 4838 4839 4835 
638 5328 5395 5329 
639 4934 5337 4935 
640 6232 6516 6361 
641 4240 5865 5688 
642 5747 5934 5800 
643 4913 5063 4916 
644 4250 6407 5412 
645 366 5602 367 
646 4452 5288 4464 
647 5155 5464 5154 
648 5149 6833 5151 
649 4210 5238 4185 
650 3889 6056 5279 
651 4712 6766 6186 
652 6286 6310 4419 
653 4350 5397 4348 
654 2508 5753 2145 
655 5264 5410 5271 
656 5156 6323 4723 
657 5611 6442 5613 
658 4988 5399 4990 
659 6027 6637 4587 
660 4464 4503 4501 
661 4061 5440 4004 
662 5788 5951 4456 
663 5238 6458 4185 
664 5671 6320 5766 
665 4614 5149 5148 
666 4950 6250 4826 
667 4702 6828 5181 
668 4335 4350 4348 
669 5151 5154 5153 
670 5470 5556 4272 
671 5410 5515 5271 
672 5379 6107 5383 
673 4212 4406 4210 
674 4918 5838 4988 
675 4719 4878 4718 
676 4516 6301 4514 
677 5737 5919 5255 
678 4249 5330 5328 
679 4822 4910 4908 
680 5191 5195 5192 
681 5453 5668 5085 
682 4608 4718 4607 
683 4460 5404 5336 
684 5017 5635 5078 
685 4585 5659 4343 
686 4144 6354 5566 
687 5150 6833 5149 
688 4128 5454 4127 
689 5366 5368 5006 
690 5181 5183 5182 
691 3889 5501 344 
692 5469 5841 4148 
693 5218 6750 4614 
694 5536 6130 5411 
695 4085 5543 4040 
696 4632 6540 4825 
697 5447 6587 4280 
698 4413 4496 4412 
699 4988 4990 4920 
700 5956 5997 4495 
701 5029 5691 5232 
702 4307 6725 6547 
703 4406 5239 5238 
704 4876 5240 4877 
705 4252 6060 5648 
706 3926 5483 3924 
707 4004 5441 4002 
708 5051 5716 5532 
709 5819 6027 4587 
710 4834 5017 4838 
711 5633 6234 5902 
712 4604 6287 5751 
713 5350 5536 4726 
714 4398 6426 4602 
715 4878 5213 4885 
716 5393 6353 4970 
717 5489 6004 5169 
718 4805 5736 4927 
719 4496 4607 4497 
720 6070 6400 6067 
721 5186 5317 5187 
722 5183 5186 5184 
723 5544 5903 4132 
724 4501 4502 4465 
725 4934 4935 4841 
726 4232 6630 5429 
727 5777 5918 4469 
728 4282 5447 4280 
729 4959 6101 5973 
730 4831 5682 4619 
731 5111 5848 5344 
732 5379 5383 5376 
733 4602 6705 6347 
734 4666 6489 4668 
735 5384 5711 5370 
736 5148 6415 5435 
737 5209 6640 5282 
738 5391 6791 5029 
739 3889 5502 5501 
740 5126 5366 5006 
741 4464 4465 4454 
742 5263 5264 4807 
743 5385 5724 5612 
744 4234 4263 4232 
745 4266 4328 4323 
746 3939 5644 4775 
747 4899 5608 4900 
748 5063 6357 5291 
749 4266 5687 4833 
750 4577 5774 5719 
751 5629 6036 4458 
752 5417 5725 5026 
753 5517 6560 3983 
754 4752 6577 4755 
755 4976 6212 6204 
756 5247 6322 5342 
757 5492 6527 4186 
758 4649 6024 5490 
759 5222 5590 5589 
760 5010 5029 5011 
761 5191 5425 5195 
762 4942 5476 4710 
763 4723 6323 4821 
764 4452 4454 4366 
765 5063 5065 4916 
766 4577 5719 4652 
767 5719 6610 4652 
768 4953 5942 5650 
769 4588 6533 5759 
770 5002 6727 5004 
771 5398 6030 4858 
772 5421 5422 4751 
773 5148 6416 4256 
774 5713 5859 5340 
775 5195 5905 5663 
776 5488 5859 5713 
777 4942 5477 5476 
778 6166 6202 4468 
779 5558 6231 4635 
780 5765 6199 4763 
781 4234 4266 4263 
782 4954 5727 5401 
783 5061 6026 5980 
784 5851 6835 5173 
785 5277 6529 5431 
786 5078 5635 5479 
787 3311 5789 3377 
788 5029 5232 5030 
789 5157 5405 5236 
790 429 4625 4073 
791 4928 5736 5594 
792 5078 5487 5081 
793 4776 6626 5560 
794 5401 5402 4853 
795 2211 5839 2354 
796 5588 5654 5224 
797 5121 5912 5019 
798 4415 5393 4413 
799 5201 5793 5312 
800 5661 6330 5929 
801 5621 6538 4320 
802 5375 5384 5372 
803 4612 4836 4834 
804 5366 6083 5368 
805 6037 6046 5707 
806 5317 6221 5187 
807 5185 6431 5183 
808 4417 4479 4415 
809 4838 6702 4839 
810 5360 5980 5140 
811 5556 5558 4510 
812 4780 6119 5465 
813 5730 5808 5437 
814 5484 5965 5144 
815 5119 6620 6402 
816 4881 5171 4879 
817 5026 5553 5417 
818 4119 5328 4117 
819 5518 6357 5063 
820 4818 5508 4489 
821 6090 6460 4064 
822 4910 4911 4908 
823 4345 6275 5404 
824 5570 6230 4565 
825 5021 5022 4922 
826 5712 5748 5368 
827 4432 5218 4614 
828 4397 5999 5555 
829 4074 6781 6101 
830 4535 4611 4419 
831 4976 6211 5289 
832 345 5501 5500 
833 5836 6812 5834 
834 4691 6670 6294 
835 5644 5645 4775 
836 6005 6029 4347 
837 3910 5664 318 
838 4559 5623 5583 
839 6306 6307 5776 
840 5817 6107 5379 
841 4934 6702 5713 
842 4230 5341 4217 
843 4795 5507 5506 
844 4978 6034 4980 
845 5783 6661 5504 
846 5524 5525 5523 
847 3899 5602 366 
848 4726 6433 4527 
849 4186 6497 5492 
850 5121 6429 5912 
851 5008 5010 5009 
852 4163 4249 4119 
853 6399 6830 6214 
854 4329 5603 4192 
855 4573 5525 4781 
856 5650 5942 5649 
857 6052 6343 4351 
858 5478 5601 4474 
859 4697 5387 4699 
860 4497 5621 4412 
861 5250 5784 5549 
862 5872 5900 5871 
863 4434 5219 5218 
864 4876 6666 5242 
865 4821 5618 5432 
866 5441 6754 4002 
867 4406 5238 4210 
868 5516 6407 4250 
869 5336 5660 4460 
870 6056 6095 5279 
871 4691 4722 4655 
872 5727 6503 5401 
873 5511 5524 5523 
874 4406 6716 6292 
875 4913 5064 5063 
876 4323 4327 4263 
877 4040 5543 4038 
878 5511 5523 4811 
879 5623 6155 5583 
880 5702 6311 5364 
881 5221 6803 5220 
882 5236 5237 5156 
883 3900 5529 5527 
884 6116 6741 5791 
885 4881 5172 5171 
886 5351 5352 5350 
887 4821 4822 4724 
888 5265 5409 5264 
889 4527 5263 4529 
890 4793 6351 4688 
891 4771 6721 4770 
892 5020 5762 5662 
893 357 5740 358 
894 5163 5656 5160 
895 5111 6502 5848 
896 396 6382 4074 
897 5114 5592 5113 
898 5448 6366 3961 
899 5372 5384 5370 
900 4723 4724 4722 
901 5376 5383 5375 
902 4609 4776 4767 
903 5751 5910 4604 
904 4065 5516 4090 
905 4207 5601 4104 
906 5759 6533 5577 
907 5239 5697 5238 
908 4399 6426 4398 
909 4924 6229 5319 
910 4719 4879 4878 
911 5349 5350 4726 
912 5443 6816 6449 
913 4113 6420 5537 
914 5857 6605 6192 
915 4957 6489 4666 
916 5138 6241 5578 
917 4410 4412 4334 
918 5685 6631 4478 
919 6120 6574 4673 
920 5962 6489 6392 
921 5668 6732 5085 
922 5239 5698 5697 
923 5766 5959 3903 
924 5476 5477 3933 
925 4345 5404 4247 
926 4709 5604 5014 
927 4498 5302 4345 
928 4335 4336 4327 
929 6227 6311 4558 
930 5319 6486 4924 
931 5640 5897 4403 
932 4608 4719 4718 
933 5320 6555 4739 
934 5163 6044 5656 
935 5280 6259 5010 
936 5566 6354 5090 
937 5343 5562 4789 
938 6221 6343 5425 
939 5553 5797 4628 
940 4112 4121 4120 
941 4348 4349 4336 
942 5014 6292 5672 
943 5187 5191 5189 
944 4728 5389 4727 
945 5663 5905 5197 
946 5064 5518 5063 
947 5464 5638 5620 
948 5510 5548 5509 
949 6273 6473 5455 
950 4510 6232 5276 
951 4360 4361 4349 
952 5542 6508 4886 
953 4249 5328 4119 
954 3926 5896 5483 
955 4496 4608 4607 
956 5195 5663 5196 
957 4992 6653 5287 
958 5321 5676 5323 
959 4434 5218 4432 
960 5628 5701 4890 
961 4068 6529 5461 
962 4455 6681 4452 
963 5294 5295 5111 
964 4199 4248 4198 
965 4529 4807 4531 
966 4476 5478 4474 
967 5022 5204 5023 
968 5219 5221 5220 
969 4878 5214 5213 
970 4934 5340 5337 
971 5446 5447 4282 
972 4533 4876 4557 
973 6055 6141 5646 
974 4085 6724 5460 
975 5461 6529 6176 
976 5332 5335 5121 
977 5548 6543 4058 
978 4843 5032 4842 
979 4419 6310 4417 
980 4344 4695 4694 
981 5490 5528 4649 
982 5209 5282 5210 
983 4695 4697 4696 
984 5613 6442 5552 
985 5002 5126 5006 
986 5274 6484 5645 
987 5288 5890 5888 
988 4074 6382 5564 
989 4795 5506 3953 
990 4087 5774 4206 
991 4836 6692 4834 
992 4727 5388 5387 
993 5987 6636 5522 
994 4353 6115 5722 
995 5502 6040 5501 
996 5172 6835 5851 
997 6142 6186 5207 
998 4680 4690 4678 
999 4050 6134 5965 
1000 5022 5206 5204 
1001 5002 5004 5003 
1002 4689 5609 4663 
1003 5594 5596 4928 
1004 5454 6775 4127 
1005 4800 5321 5320 
1006 4992 5287 5203 
1007 5498 5749 3920 
1008 5304 6556 5278 
1009 3909 6095 6056 
1010 4610 6616 5812 
1011 5485 5673 5252 
1012 4231 4232 4230 
1013 5275 6484 5274 
1014 5223 5590 5222 
1015 5580 5674 5038 
1016 4867 5325 5324 
1017 5442 5773 3893 
1018 5299 5300 4895 
1019 5367 5987 5710 
1020 6496 6605 4174 
1021 5030 5209 5208 
1022 4619 5682 4946 
1023 3892 6223 5745 
1024 4148 5842 5469 
1025 4192 5603 4639 
1026 6077 6081 6076 
1027 6204 6212 5634 
1028 4368 4520 4370 
1029 5772 6188 5982 
1030 4271 4274 4270 
1031 5550 5906 4139 
1032 5638 6825 5620 
1033 4298 4368 4299 
1034 4698 4727 4697 
1035 4123 4124 4122 
1036 5330 5395 5328 
1037 6118 6324 4605 
1038 4334 5621 4320 
1039 5389 5390 5388 
1040 4275 4276 4274 
1041 4784 5311 4801 
1042 4217 5341 4215 
1043 5138 6282 5345 
1044 5440 5947 5441 
1045 4941 5268 5130 
1046 5213 5215 4885 
1047 4614 5148 4430 
1048 5567 6058 4194 
1049 5214 5958 5213 
1050 4090 4112 4110 
1051 5341 5672 4215 
1052 5637 5638 4961 
1053 4878 4885 4718 
1054 4529 5263 4807 
1055 5535 6744 4986 
1056 4496 4497 4412 
1057 4121 4123 4122 
1058 4126 4127 4124 
1059 4278 4279 4276 
1060 4507 5556 4510 
1061 5263 5265 5264 
1062 4121 4122 4120 
1063 4849 5294 4847 
1064 5288 6695 4464 
1065 4761 5315 4764 
1066 5560 6228 4776 
1067 6529 6794 5431 
1068 6460 6530 4064 
1069 4757 5314 4759 
1070 5203 5519 4994 
1071 4303 4344 4302 
1072 5742 5983 5771 
1073 4857 4954 4855 
1074 5771 5983 4806 
1075 4607 4609 4497 
1076 5653 5704 4363 
1077 4085 6790 5543 
1078 5268 6693 5130 
1079 4564 5971 5408 
1080 4280 4298 4279 
1081 4410 4413 4412 
1082 1496 5728 1353 
1083 4855 5401 4853 
1084 4276 5416 4277 
1085 5630 5746 4634 
1086 5337 5338 4935 
1087 4317 4397 4315 
1088 5465 5785 5031 
1089 6392 6489 4350 
1090 6080 6410 6399 
1091 4749 5421 4751 
1092 5431 6761 5304 
1093 5334 6098 5842 
1094 4774 5021 4922 
1095 4315 6554 5253 
1096 5662 6468 5020 
1097 5233 6551 4734 
1098 6282 6371 5345 
1099 4535 4612 4611 
1100 5964 6435 5670 
1101 5401 5540 5402 
1102 4737 5320 4739 
1103 4503 6404 4501 
1104 4961 6472 5624 
1105 2277 4235 2211 
1106 4479 5393 4415 
1107 4745 5327 4747 
1108 5656 6085 5159 
1109 5386 6017 5282 
1110 5060 5480 5311 
1111 5618 5619 5432 
1112 4765 6736 5426 
1113 4741 5324 4743 
1114 4921 5597 5142 
1115 5236 5629 5237 
1116 5264 5271 4807 
1117 4171 4268 4267 
1118 4138 4171 4137 
1119 5361 5362 4175 
1120 4779 5659 4585 
1121 4252 5648 4109 
1122 5383 5685 5375 
1123 4502 6726 5584 
1124 4121 5549 4123 
1125 5631 5787 4457 
1126 4523 5349 4525 
1127 5451 6223 3892 
1128 345 5500 346 
1129 3897 5498 3919 
1130 5613 6467 5152 
1131 5406 5963 3896 
1132 5648 6060 5134 
1133 4169 6054 5364 
1134 3919 5498 3920 
1135 5194 6671 5821 
1136 5380 6042 5817 
1137 6175 6461 5074 
1138 4831 5705 5683 
1139 3918 5667 5666 
1140 3908 5579 5573 
1141 5722 6115 6047 
1142 4074 6101 462 
1143 5555 6000 4397 
1144 4114 4717 4107 
1145 4177 4183 4176 
1146 5378 5379 5376 
1147 5024 6566 4875 
1148 319 5664 3916 
1149 4910 6609 4911 
1150 5532 6061 5051 
1151 5428 6599 4788 
1152 4851 4958 4849 
1153 5729 6810 4914 
1154 5059 6733 5604 
1155 4710 5476 3931 
1156 4635 6232 5558 
1157 5519 6523 5521 
1158 5043 5646 5475 
1159 5569 6311 6227 
1160 5510 6543 5548 
1161 5387 6672 4699 
1162 825 5843 759 
1163 4453 6604 5707 
1164 5711 6260 4016 
1165 4689 6254 5609 
1166 5524 6459 5525 
1167 4847 5111 4845 
1168 5672 6492 5014 
1169 4702 5128 4678 
1170 5670 6435 6320 
1171 5737 6452 3915 
1172 4313 4383 4311 
1173 5477 6806 3933 
1174 4893 5462 5327 
1175 5816 6265 4900 
1176 4774 4922 4921 
1177 4925 5455 5314 
1178 4525 4726 4527 
1179 5406 5678 5041 
1180 4458 6037 5629 
1181 4787 5299 4730 
1182 4234 5687 4266 
1183 4315 5253 4313 
1184 5315 6504 4764 
1185 4112 4120 4110 
1186 4226 5753 5686 
1187 5327 6613 4747 
1188 5676 6289 5323 
1189 4057 6072 5475 
1190 5458 5865 4460 
1191 5375 6173 5384 
1192 4868 5503 5225 
1193 3896 6651 5406 
1194 4857 4955 4954 
1195 4699 4800 4737 
1196 4845 5344 4843 
1197 4123 4126 4124 
1198 5982 6188 4446 
1199 6040 6043 5097 
1200 5349 5351 5350 
1201 5461 5517 4068 
1202 4801 5267 4941 
1203 5285 6035 6019 
1204 4068 5517 3985 
1205 6687 6777 4338 
1206 4311 5392 4310 
1207 4305 5453 4303 
1208 4914 6297 5729 
1209 5130 5165 5132 
1210 5354 5536 5350 
1211 5261 5608 4899 
1212 5606 5814 314 
1213 4487 5512 4818 
1214 6220 6284 4470 
1215 4248 6342 4198 
1216 5160 5656 5159 
1217 4523 6634 5349 
1218 4677 4678 4672 
1219 5717 6112 5695 
1220 4755 4925 4757 
1221 5434 5718 4248 
1222 4960 5637 4961 
1223 4820 4842 4787 
1224 6068 6399 6214 
1225 5698 6616 4603 
1226 3960 5627 4332 
1227 5409 5410 5264 
1228 6166 6344 5143 
1229 4309 4310 4305 
1230 4764 5060 4784 
1231 4739 4867 4741 
1232 5429 6411 4230 
1233 2299 4620 2420 
1234 5685 6161 4326 
1235 4759 5015 4761 
1236 4106 6335 4098 
1237 4521 4634 4523 
1238 6231 6362 4635 
1239 4730 4895 4728 
1240 5164 5369 5163 
1241 4747 5040 4749 
1242 4657 4658 4656 
1243 5821 6539 6172 
1244 6394 6477 4022 
1245 4902 6597 6086 
1246 5550 5726 4955 
1247 4525 5349 4726 
1248 4743 4893 4745 
1249 5854 6473 6273 
1250 6194 6199 5765 
1251 4268 4271 4270 
1252 5321 5323 5320 
1253 5352 5354 5350 
1254 5351 5353 5352 
1255 4366 5233 4361 
1256 5901 6033 5202 
1257 5421 5661 5640 
1258 5585 5689 5054 
1259 4613 5883 5716 
1260 4032 6792 5486 
1261 5432 6707 4822 
1262 5406 6651 5678 
1263 5400 5632 4365 
1264 5794 5893 4689 
1265 4268 4270 4269 
1266 5374 5375 5372 
1267 4695 4696 4694 
1268 5489 6598 6004 
1269 3377 5789 4457 
1270 4697 4699 4696 
1271 4901 6471 5262 
1272 4886 6557 4883 
1273 5158 5159 5157 
1274 3465 6687 3872 
1275 4292 5359 4290 
1276 4822 6707 4910 
1277 4183 5535 5533 
1278 4284 5446 4282 
1279 5325 5326 5324 
1280 5599 5616 4948 
1281 5267 5268 4941 
1282 5074 5471 5250 
1283 3956 5627 3960 
1284 5941 6571 5940 
1285 4344 4694 4302 
1286 357 6586 5740 
1287 5340 5837 5337 
1288 4286 4306 4284 
1289 5394 6439 6007 
1290 4363 5704 5703 
1291 5698 6347 5330 
1292 4480 6444 6224 
1293 5265 5411 5409 
1294 4847 5294 5111 
1295 4271 4275 4274 
1296 3978 6033 5901 
1297 4541 6141 6055 
1298 4301 4302 4296 
1299 4727 5387 4697 
1300 3924 5483 4482 
1301 4290 4307 4288 
1302 4136 4137 4128 
1303 5622 5623 4559 
1304 4800 5320 4737 
1305 5390 5438 5388 
1306 5992 6335 4106 
1307 5242 5243 5241 
1308 4152 4175 4150 
1309 6314 6389 5393 
1310 5519 5521 5520 
1311 4294 4297 4292 
1312 4154 5361 4152 
1313 4925 5314 4757 
1314 5060 5311 4784 
1315 6343 6838 4351 
1316 5367 6184 5987 
1317 4789 5562 4427 
1318 6395 6404 5407 
1319 5213 5914 5215 
1320 5439 6621 4712 
1321 4875 6566 4874 
1322 5939 6216 5430 
1323 5015 5315 4761 
1324 328 6480 5531 
1325 4126 4128 4127 
1326 3891 5575 5574 
1327 5557 5558 5556 
1328 6649 6764 4566 
1329 6024 6714 5490 
1330 4510 5276 4511 
1331 349 5442 350 
1332 4157 4169 4154 
1333 528 4959 4072 
1334 4022 4096 4015 
1335 4867 5324 4741 
1336 5040 5421 4749 
1337 5165 5414 5132 
1338 5466 5492 5200 
1339 4190 4198 4179 
1340 4792 6703 5257 
1341 4489 5508 4491 
1342 4391 6143 5837 
1343 4954 5401 4855 
1344 5032 5566 5090 
1345 4644 5603 4329 
1346 4233 4234 4232 
1347 4893 5327 4745 
1348 4368 4370 4299 
1349 3894 6348 5978 
1350 4298 4299 4279 
1351 6121 6574 6120 
1352 4820 4843 4842 
1353 5592 5956 5113 
1354 5820 6387 5659 
1355 4235 5839 2211 
1356 4653 4654 4455 
1357 4042 4085 4040 
1358 5428 6614 6411 
1359 4263 6630 4232 
1360 5353 5937 5352 
1361 5019 5550 4955 
1362 4385 5849 5847 
1363 5900 6772 5871 
1364 3965 3967 3961 
1365 4520 4521 4370 
1366 3990 3992 3989 
1367 5032 5090 4842 
1368 3968 3989 3967 
1369 5021 5591 5022 
1370 4665 4689 4663 
1371 4275 4278 4276 
1372 5187 6221 5191 
1373 3993 3998 3992 
1374 4296 5281 4294 
1375 5505 6632 4547 
1376 5571 6266 4628 
1377 3999 4002 3998 
1378 3987 4068 3985 
1379 4990 4992 4991 
1380 4443 5571 4628 
1381 5300 5301 4895 
1382 4461 6084 5692 
1383 3960 3965 3961 
1384 5337 6143 5338 
1385 4313 5253 4383 
1386 4787 6510 5299 
1387 5946 6839 5462 
1388 4038 6792 4032 
1389 5314 6743 4759 
1390 5869 6044 5163 
1391 4593 5780 5721 
1392 4383 5392 4311 
1393 4739 6555 4867 
1394 4310 5453 4305 
1395 4244 4460 4242 
1396 4730 5299 4895 
1397 4487 6798 5512 
1398 4986 6419 5535 
1399 4849 6593 5294 
1400 5151 5153 5149 
1401 5550 5912 5911 
1402 4727 5389 5388 
1403 4695 4698 4697 
1404 4075 4086 4071 
1405 4309 4311 4310 
1406 4307 6547 4288 
1407 4286 6547 4306 
1408 5803 6339 5895 
1409 3960 3961 3958 
1410 5462 5463 5327 
1411 4698 4728 4727 
1412 4276 4277 4274 
1413 4631 6789 6403 
1414 6092 6117 6081 
1415 5421 5640 5422 
1416 4406 5604 5239 
1417 5566 6177 4144 
1418 4278 4280 4279 
1419 4988 5418 5399 
1420 344 5501 345 
1421 5409 6679 5410 
1422 4298 4369 4368 
1423 5362 5363 4175 
1424 6200 6483 4708 
1425 5166 6081 6077 
1426 4086 4543 4071 
1427 4317 5999 4397 
1428 4474 5601 4207 
1429 4811 5523 4569 
1430 4161 4176 4159 
1431 5940 6571 4987 
1432 5289 6212 4976 
1433 4096 6220 4015 
1434 4992 4994 4993 
1435 5646 6141 4057 
1436 4109 5648 4101 
1437 3956 3960 3958 
1438 3850 6777 6434 
1439 3892 6722 5451 
1440 5554 6391 5217 
1441 4171 4267 4137 
1442 4002 4007 4003 
1443 4365 5632 4451 
1444 4227 5720 4539 
1445 4297 5359 4292 
1446 4656 6670 4691 
1447 5984 6262 6180 
1448 5195 5196 5192 
1449 3946 3947 3943 
1450 4157 6656 6617 
1451 3941 3943 3940 
1452 4728 6756 5389 
1453 4088 6532 6133 
1454 5262 6471 5486 
1455 5505 6565 5303 
1456 4990 6653 4992 
1457 4661 4662 4659 
1458 5478 6327 6288 
1459 4023 6438 6160 
1460 4718 6331 4607 
1461 4669 4670 4667 
1462 5114 5593 5592 
1463 4547 6565 5505 
1464 5287 6154 5203 
1465 4616 6039 4870 
1466 4890 5701 5248 
1467 4296 6615 5281 
1468 4775 6045 5679 
1469 4272 5556 4507 
1470 5111 5344 4845 
1471 5498 5750 5749 
1472 4800 5322 5321 
1473 6123 6131 4982 
1474 5752 6035 5285 
1475 4831 5683 5682 
1476 4306 5446 4284 
1477 4894 5782 5504 
1478 3897 3919 347 
1479 3965 3968 3967 
1480 4533 6666 4876 
1481 312 5573 3898 
1482 5525 6459 5044 
1483 5392 6475 4310 
1484 5196 5472 5199 
1485 3891 5574 309 
1486 3938 3940 3937 
1487 4999 5002 5001 
1488 4808 6204 5634 
1489 4152 5361 4175 
1490 364 5674 5580 
1491 5072 6175 5074 
1492 5004 6811 5003 
1493 4747 6613 5040 
1494 5661 5929 4130 
1495 5606 6813 5814 
1496 4260 5284 4774 
1497 5304 6761 4001 
1498 4520 6285 6178 
1499 5181 5182 5128 
1500 6265 6590 4900 
1501 4221 4230 4217 
1502 5364 6054 5702 
1503 4013 4470 4011 
1504 5869 6182 4477 
1505 6403 6789 4505 
1506 6624 6719 5364 
1507 5436 6745 506 
1508 4628 5797 4441 
1509 5537 6655 4113 
1510 5710 6758 5367 
1511 4986 6744 5137 
1512 5191 5192 5189 
1513 5567 6831 6058 
1514 5302 6275 4345 
1515 4270 5470 4272 
1516 5890 6681 4655 
1517 4301 4303 4302 
1518 4136 4138 4137 
1519 6007 6439 5538 
1520 4098 4164 4088 
1521 5640 6013 5422 
1522 5381 5541 5379 
1523 4507 4510 4509 
1524 4294 5281 4297 
1525 5578 6282 5138 
1526 5022 5023 4922 
1527 5657 5659 4779 
1528 5204 5205 5023 
1529 3949 3950 3947 
1530 4431 4432 4430 
1531 321 5731 322 
1532 3900 6243 5529 
1533 4886 6508 5831 
1534 4798 5200 4713 
1535 5750 6774 5093 
1536 5408 6500 4564 
1537 6565 6637 5303 
1538 4886 6332 5542 
1539 5629 6048 6036 
1540 4775 6484 6045 
1541 5043 5475 5045 
1542 5426 5790 4765 
1543 4078 6170 5793 
1544 5860 5887 5540 
1545 5221 5223 5222 
1546 3938 3941 3940 
1547 4781 5043 4782 
1548 4839 4841 4840 
1549 6404 6644 5407 
1550 4260 4774 4262 
1551 5761 6259 6255 
1552 4501 6196 4559 
1553 4807 5757 4531 
1554 4720 5516 4065 
1555 6080 6398 6079 
1556 759 5843 4148 
1557 4011 5304 4001 
1558 3968 3990 3989 
1559 5162 5163 5160 
1560 4457 5789 5631 
1561 5311 6729 4801 
1562 4306 6194 5446 
1563 3935 3938 3937 
1564 5987 6184 4998 
1565 4769 6252 4858 
1566 6034 6648 4980 
1567 6552 6690 5771 
1568 5172 5813 5171 
1569 5183 5184 5182 
1570 5085 6528 5453 
1571 4712 6142 5439 
1572 5716 5883 5530 
1573 5355 6278 5356 
1574 5171 6329 4879 
1575 3927 3928 3926 
1576 4323 6545 4335 
1577 4868 5225 4942 
1578 6097 6309 4059 
1579 4559 6726 4502 
1580 3905 6465 306 
1581 4007 4720 4065 
1582 5370 6444 5369 
1583 5539 6301 5805 
1584 5362 5568 5363 
1585 5531 6243 328 
1586 4350 6489 6137 
1587 5291 5729 5065 
1588 6099 6190 5595 
1589 3920 3922 3921 
1590 5225 5777 4942 
1591 3941 3946 3943 
1592 5425 6089 5195 
1593 4959 4960 4072 
1594 4825 6165 4948 
1595 4013 6220 4470 
1596 5549 5784 4123 
1597 4713 5478 4476 
1598 5405 6114 5236 
1599 5193 5821 5316 
1600 5028 5956 5592 
1601 5251 6717 5955 
1602 5186 5187 5184 
1603 4841 5754 4892 
1604 5715 6039 4616 
1605 4007 4065 4008 
1606 5596 6190 3893 
1607 4350 6137 5397 
1608 1353 5728 4139 
1609 4198 6650 4179 
1610 4400 4430 4256 
1611 4071 5440 4061 
1612 4542 6537 5427 
1613 5745 6223 5180 
1614 4958 5868 5867 
1615 5284 6366 5448 
1616 3990 3993 3992 
1617 5723 6343 6221 
1618 5506 5627 3954 
1619 5754 6332 5467 
1620 5324 6763 4743 
1621 3919 3920 3907 
1622 4998 6636 5987 
1623 5200 6327 5478 
1624 5780 6169 5721 
1625 5455 5544 5314 
1626 5145 6340 6021 
1627 6361 6516 4701 
1628 5837 5864 4391 
1629 5638 6720 4961 
1630 4751 5423 4752 
1631 4070 4071 4061 
1632 4775 5679 3997 
1633 5019 5912 5550 
1634 4088 6133 4055 
1635 5325 6339 5803 
1636 5813 5886 4393 
1637 3972 5786 5559 
1638 5462 6839 5463 
1639 4876 4877 4557 
1640 5154 5296 5153 
1641 3950 3954 3951 
1642 4779 5658 5657 
1643 5416 5546 4277 
1644 5023 5811 4922 
1645 4670 6462 4667 
1646 5155 5551 5464 
1647 5098 5636 5110 
1648 5410 6807 5515 
1649 5544 6622 5903 
1650 5012 5901 5633 
1651 5408 5811 5023 
1652 5667 6422 3903 
1653 5124 5252 4790 
1654 6239 6454 5663 
1655 3929 3930 3928 
1656 4634 6634 4523 
1657 5356 6548 5714 
1658 5493 5495 5494 
1659 5495 6108 5496 
1660 4571 5525 4573 
1661 4658 6390 5984 
1662 4611 6286 4419 
1663 3925 3926 3924 
1664 5576 5579 3908 
1665 4690 4771 4770 
1666 4249 5697 5330 
1667 4068 6794 6529 
1668 4297 5651 5359 
1669 4911 4913 4912 
1670 3953 5506 3950 
1671 4230 6411 5341 
1672 5647 5845 4106 
1673 5487 5488 5081 
1674 4995 6636 4998 
1675 5422 5424 5423 
1676 4039 4040 4038 
1677 4868 4942 4710 
1678 4632 6621 5439 
1679 5642 6218 4035 
1680 6543 6544 5824 
1681 5574 5576 3908 
1682 3918 6422 5667 
1683 5548 6696 6530 
1684 5322 5607 5321 
1685 4268 4269 4267 
1686 4918 4920 4919 
1687 6214 6658 6068 
1688 4065 4090 4066 
1689 4499 5971 4564 
1690 3993 3999 3998 
1691 4776 6228 4767 
1692 4573 4781 4575 
1693 4183 6183 4176 
1694 5408 5971 5811 
1695 4764 6504 5060 
1696 5252 5805 4790 
1697 5011 6186 5009 
1698 5526 6254 5893 
1699 4002 4003 3998 
1700 4880 4881 4879 
1701 6402 6620 6403 
1702 4103 5684 4359 
1703 3954 3956 3955 
1704 4916 4918 4917 
1705 3890 5639 316 
1706 4107 6170 4080 
1707 4029 4473 4027 
1708 5470 6346 5557 
1709 6321 6344 6166 
1710 4302 6615 4296 
1711 5040 5661 5421 
1712 5676 5884 3945 
1713 5466 6527 5492 
1714 3937 5644 3939 
1715 5206 5751 5204 
1716 5093 6466 5750 
1717 5151 6467 5155 
1718 5200 5478 4713 
1719 4596 6322 4898 
1720 5113 5956 5735 
1721 4628 6266 5553 
1722 5369 5869 5163 
1723 4111 6281 5443 
1724 5204 5677 5205 
1725 4882 4883 4881 
1726 5378 5381 5379 
1727 4254 6495 5767 
1728 4393 5826 5813 
1729 4596 4898 4709 
1730 5872 6091 4685 
1731 6047 6838 5722 
1732 3946 3949 3947 
1733 5316 5722 5317 
1734 6140 6562 5902 
1735 5697 6458 5238 
1736 4480 6582 6444 
1737 4565 6468 5570 
1738 5692 6085 4461 
1739 4458 6046 6037 
1740 4959 5973 4962 
1741 4279 6805 4276 
1742 4236 5355 4621 
1743 6070 6612 6157 
1744 4913 4916 4915 
1745 5440 6595 5947 
1746 5550 5911 5906 
1747 4161 4177 4176 
1748 5722 6436 4353 
1749 6075 6679 6521 
1750 5620 5976 4536 
1751 5475 6072 6053 
1752 5183 6431 5193 
1753 3935 3937 3936 
1754 5316 5317 5186 
1755 3897 5499 5498 
1756 5645 5981 5274 
1757 5817 6042 4324 
1758 4955 5726 4954 
1759 4887 5025 4789 
1760 325 5689 5585 
1761 4412 5621 4334 
1762 5152 6639 6638 
1763 5240 5244 4877 
1764 5217 6545 4323 
1765 5570 6649 6230 
1766 5711 6444 5370 
1767 5595 6190 5596 
1768 3933 3935 3934 
1769 5507 6568 6031 
1770 5659 6387 6038 
1771 5572 5731 3916 
1772 4569 5523 4571 
1773 4460 5865 4242 
1774 4276 6805 5416 
1775 5562 5915 4378 
1776 5880 6605 5857 
1777 6619 6724 4044 
1778 4884 4886 4883 
1779 4242 5865 4240 
1780 4567 4811 4569 
1781 3999 4004 4002 
1782 5509 5511 4811 
1783 4894 5503 4868 
1784 4953 5782 4894 
1785 4995 4998 4997 
1786 4781 5044 5043 
1787 4310 5668 5453 
1788 5751 6287 4191 
1789 4154 6719 5361 
1790 5456 6511 6003 
1791 4839 6702 4934 
1792 3922 3924 3923 
1793 335 5671 3903 
1794 5847 5849 5848 
1795 5284 5448 5021 
1796 6232 6361 5276 
1797 5727 6334 4147 
1798 3931 5476 3930 
1799 4520 5945 4521 
1800 4012 4013 4011 
1801 5509 5548 5511 
1802 3916 5664 5572 
1803 4929 5482 5481 
1804 5459 5706 4969 
1805 4174 6605 5880 
1806 5823 6018 5291 
1807 5523 5525 4571 
1808 5596 6526 4928 
1809 5706 6340 5145 
1810 4175 5452 4150 
1811 5012 5786 3974 
1812 5333 5334 5332 
1813 5025 5799 5642 
1814 4798 5466 5200 
1815 6341 6439 5394 
1816 4921 5811 5597 
1817 5631 5789 5518 
1818 4797 4868 4710 
1819 3920 3921 3907 
1820 5252 6281 5485 
1821 5047 5717 5695 
1822 4248 6009 5434 
1823 4328 6386 5217 
1824 5788 5977 5951 
1825 3925 3927 3926 
1826 5433 6509 5977 
1827 4658 6670 4656 
1828 4634 5945 5630 
1829 5331 5332 5121 
1830 4171 5762 4268 
1831 3930 3933 3932 
1832 4798 5641 5466 
1833 5472 5474 5199 
1834 3901 5919 5737 
1835 4819 6732 6475 
1836 4712 6186 6142 
1837 4956 5019 4955 
1838 5771 6690 5741 
1839 4179 6650 5605 
1840 4842 6510 4787 
1841 5495 5496 5494 
1842 5145 5493 4866 
1843 3922 3925 3924 
1844 4437 4789 4427 
1845 5503 6210 5225 
1846 4609 4767 4766 
1847 5120 5121 5019 
1848 3956 3958 3957 
1849 5424 6273 5423 
1850 4735 4802 4225 
1851 4607 6520 4609 
1852 4025 6394 4022 
1853 3950 5506 3954 
1854 6313 6773 4479 
1855 5747 5801 4405 
1856 4558 6311 6257 
1857 4139 5728 5726 
1858 4240 5688 5687 
1859 3970 4795 3953 
1860 5179 6103 5177 
1861 5799 6701 5642 
1862 6620 6766 4712 
1863 4414 4415 4413 
1864 4306 6606 6194 
1865 2134 4620 2299 
1866 4771 4875 4874 
1867 6363 6505 5246 
1868 4734 5400 5233 
1869 4062 5873 5859 
1870 3954 5627 3956 
1871 3930 5476 3933 
1872 5720 6283 6235 
1873 5620 6742 5154 
1874 3949 3953 3950 
1875 5215 5305 5216 
1876 5446 5765 5447 
1877 5294 6383 5295 
1878 4023 6539 6438 
1879 4925 6273 5455 
1880 5374 5376 5375 
1881 4662 6390 4659 
1882 5092 5649 4624 
1883 5487 6127 5488 
1884 4994 5520 4995 
1885 4961 5624 4072 
1886 5367 6105 5366 
1887 5568 5570 5363 
1888 5468 6313 4892 
1889 4014 4015 4013 
1890 5228 5820 5657 
1891 5659 6038 4343 
1892 4041 4042 4040 
1893 4250 5549 4121 
1894 6086 6376 4902 
1895 4690 6034 4771 
1896 5362 5569 5568 
1897 4693 4793 4688 
1898 5532 6480 3895 
1899 6003 6452 5456 
1900 5493 5494 4866 
1901 5435 6416 5148 
1902 4767 4769 4768 
1903 4190 4199 4198 
1904 5361 6624 5362 
1905 3895 6061 5532 
1906 3896 5670 5669 
1907 4559 6196 5622 
1908 4280 6587 4298 
1909 5687 5688 4833 
1910 4818 5512 5510 
1911 4129 6839 5946 
1912 5114 5617 5593 
1913 2310 5355 4236 
1914 4774 4921 4262 
1915 4795 6568 5507 
1916 4781 4782 4575 
1917 4048 4097 4046 
1918 4699 4737 4736 
1919 4344 6256 4695 
1920 4130 5897 5640 
1921 4547 5571 4445 
1922 5325 5803 5326 
1923 5043 5045 4782 
1924 4822 4908 4907 
1925 4037 4038 4032 
1926 5685 6173 5375 
1927 5149 6415 5148 
1928 3950 3951 3947 
1929 5126 5367 5366 
1930 4326 6173 5685 
1931 5215 6337 5305 
1932 4073 5563 4643 
1933 346 5500 3897 
1934 5623 6385 4996 
1935 5344 6778 4843 
1936 3927 3929 3928 
1937 4209 4210 4185 
1938 5553 6266 5417 
1939 4221 4231 4230 
1940 5641 6119 5118 
1941 5842 6618 5334 
1942 5548 6530 5511 
1943 5601 6317 4104 
1944 4416 4417 4415 
1945 5575 5577 5576 
1946 3925 5749 4590 
1947 5671 5766 3903 
1948 5249 6284 6220 
1949 6236 6462 4670 
1950 5921 6465 3905 
1951 6449 6816 5677 
1952 5414 5430 5415 
1953 5305 5449 5306 
1954 4137 5454 4128 
1955 5152 6833 5150 
1956 4231 4233 4232 
1957 5540 5887 5402 
1958 4244 5404 4460 
1959 4044 6724 4042 
1960 5812 6616 5698 
1961 3922 5749 3925 
1962 4598 6495 4254 
1963 4699 6672 4800 
1964 348 3919 3907 
1965 5575 5576 5574 
1966 3908 5573 311 
1967 310 5574 3908 
1968 4477 6044 5869 
1969 5801 6522 5544 
1970 4472 5675 4466 
1971 4443 4628 4441 
1972 5298 6413 5979 
1973 4623 4710 3931 
1974 5364 6719 4169 
1975 5285 5636 5100 
1976 6028 6217 4273 
1977 4498 6815 5302 
1978 5223 5744 5655 
1979 4437 4887 4789 
1980 5015 5747 5315 
1981 4929 5481 5313 
1982 5025 5343 4789 
1983 4270 4272 4269 
1984 4887 5026 5025 
1985 4801 4941 4940 
1986 4445 5571 4443 
1987 4027 6240 4025 
1988 4491 5508 4567 
1989 5734 6342 4248 
1990 4764 4784 4783 
1991 4539 5720 4638 
1992 4784 4801 4785 
1993 4652 5419 4796 
1994 4177 5605 4183 
1995 4386 5864 5837 
1996 5449 5469 5450 
1997 6071 6343 6052 
1998 4479 6353 5393 
1999 5090 6354 6222 
2000 4891 5981 5645 
2001 4521 5945 4634 
2002 5650 6674 5879 
2003 4663 5609 4662 
2004 4482 5483 4929 
2005 4755 4757 4756 
2006 3984 3985 3983 
2007 4761 4764 4762 
2008 4844 4845 4843 
2009 4757 4759 4758 
2010 5060 5931 5480 
2011 5415 5746 5630 
2012 4070 4075 4071 
2013 4737 4739 4738 
2014 5649 5942 4624 
2015 5110 5649 5095 
2016 4010 4011 4001 
2017 4759 4761 4760 
2018 4567 4569 4568 
2019 4141 6618 6319 
2020 4274 6820 4270 
2021 4487 4818 4489 
2022 6240 6394 4025 
2023 5633 5902 5012 
2024 5042 5459 4969 
2025 4569 4571 4570 
2026 5359 6800 4290 
2027 4876 5242 5241 
2028 4812 4866 4644 
2029 4941 5130 5129 
2030 4368 6285 4520 
2031 5207 6186 5011 
2032 5293 5955 4732 
2033 5508 5509 4811 
2034 5355 5356 4621 
2035 4749 4751 4750 
2036 5095 5649 5092 
2037 5010 5011 5009 
2038 5025 5642 5343 
2039 4427 5562 4380 
2040 4739 4741 4740 
2041 4747 4749 4748 
2042 4552 5844 4551 
2043 3976 5901 5012 
2044 5110 5650 5649 
2045 4745 4747 4746 
2046 5338 5491 5339 
2047 4983 6059 5814 
2048 4743 4745 4744 
2049 4856 4857 4855 
2050 5176 5808 5730 
2051 4741 4743 4742 
2052 4212 6716 4406 
2053 2464 4224 3962 
2054 3922 3923 3921 
2055 4883 6835 4881 
2056 4846 4847 4845 
2057 5119 6766 6620 
2058 5330 6347 5395 
2059 5343 6573 5562 
2060 3961 6366 3958 
2061 6761 6794 3995 
2062 5805 5924 5539 
2063 4946 5682 5681 
2064 4211 4212 4210 
2065 5044 5646 5043 
2066 4927 5675 4705 
2067 4001 6761 3995 
2068 4112 4250 4121 
2069 3986 3987 3985 
2070 3906 6393 5741 
2071 5100 5636 5098 
2072 4854 4855 4853 
2073 3933 6806 3935 
2074 5130 5132 5131 
2075 4007 4008 4003 
2076 5295 6502 5111 
2077 4927 6427 5675 
2078 4814 6400 6070 
2079 3905 6511 5456 
2080 5978 6348 5147 
2081 5396 5776 5775 
2082 4159 6656 4157 
2083 5029 5030 5011 
2084 4958 6593 4849 
2085 6455 6525 5489 
2086 4084 4107 4080 
2087 5117 6247 6148 
2088 4848 4849 4847 
2089 5787 5928 4457 
2090 3930 3932 3928 
2091 4521 4523 4522 
2092 3929 3931 3930 
2093 5209 5210 5208 
2094 5475 6053 5856 
2095 4852 4853 4851 
2096 329 3900 330 
2097 5072 5074 5073 
2098 326 3895 327 
2099 332 3896 333 
2100 5361 6719 6624 
2101 5872 6561 5900 
2102 4996 6155 5623 
2103 6248 6420 4113 
2104 3896 5669 333 
2105 3898 5606 313 
2106 4705 5675 4472 
2107 5571 6542 6266 
2108 4240 5687 4237 
2109 4638 5720 5072 
2110 5560 6098 5334 
2111 5776 6308 5036 
2112 6400 6401 6399 
2113 4942 5777 5477 
2114 4850 4851 4849 
2115 365 5580 3899 
2116 5074 5250 5075 
2117 4108 4114 4107 
2118 5281 6785 6512 
2119 346 3897 347 
2120 5540 5920 5860 
2121 312 3898 313 
2122 343 3889 344 
2123 315 3890 316 
2124 348 3907 349 
2125 4029 5486 4473 
2126 310 3908 311 
2127 4270 6820 5470 
2128 308 3891 309 
2129 350 3893 351 
2130 362 3892 363 
2131 5512 5513 5510 
2132 5462 6524 5804 
2133 4729 4730 4728 
2134 6008 6807 4355 
2135 4310 6475 5668 
2136 5741 6690 3906 
2137 368 3894 369 
2138 365 3899 366 
2139 3893 6526 5596 
2140 4655 6681 4455 
2141 4584 6370 5118 
2142 6321 6419 6118 
2143 5282 6017 5916 
2144 4281 4282 4280 
2145 5673 5924 5252 
2146 4900 6291 5816 
2147 4482 4929 4897 
2148 4003 5909 3998 
2149 5281 6512 4297 
2150 4134 6270 5804 
2151 4409 4410 4334 
2152 5046 5807 4782 
2153 4058 6696 5548 
2154 3907 5442 349 
2155 5472 6153 5474 
2156 5572 5758 5731 
2157 5748 6607 5368 
2158 4312 4313 4311 
2159 4090 4110 4091 
2160 4002 6754 4007 
2161 4149 4150 4138 
2162 3995 6794 3987 
2163 5103 5743 5102 
2164 5169 6455 5489 
2165 5352 6159 5354 
2166 4819 4820 4787 
2167 321 6585 5731 
2168 4006 5679 4170 
2169 4448 4547 4445 
2170 4863 6271 5993 
2171 4786 4787 4730 
2172 4260 6710 5284 
2173 4771 6034 4978 
2174 4812 5145 4866 
2175 5528 5883 4649 
2176 4948 5616 4949 
2177 6123 6718 4981 
2178 3976 5012 3974 
2179 5589 6746 5724 
2180 6070 6157 4814 
2181 4863 6689 6271 
2182 5451 6124 5260 
2183 4115 4117 4114 
2184 4502 4505 4504 
2185 5514 6536 5960 
2186 4632 4825 4633 
2187 5098 5110 5095 
2188 5410 6679 6073 
2189 4881 6835 5172 
2190 5418 6425 5399 
2191 5300 6225 5301 
2192 5789 6786 5518 
2193 5905 6087 5197 
2194 4135 4136 4128 
2195 4359 5780 4181 
2196 3997 5679 4006 
2197 5332 6641 5335 
2198 4938 6529 5277 
2199 326 5585 3895 
2200 5232 5975 5561 
2201 5742 5771 5739 
2202 5240 6189 5244 
2203 4614 6750 5150 
2204 3989 3991 3967 
2205 4685 6117 6092 
2206 4333 4334 4320 
2207 5164 5370 5369 
2208 3954 3955 3951 
2209 4677 4680 4678 
2210 4654 4657 4656 
2211 4304 4305 4303 
2212 4752 4755 4754 
2213 4016 6444 5711 
2214 5761 6328 6259 
2215 4179 5605 4177 
2216 4118 4119 4117 
2217 5697 5698 5330 
2218 4805 4927 4705 
2219 5724 6372 5612 
2220 4151 4152 4150 
2221 4283 4284 4282 
2222 5322 5690 5607 
2223 4043 4044 4042 
2224 4249 6458 5697 
2225 4037 4039 4038 
2226 5008 5009 5007 
2227 4513 5974 4515 
2228 4162 4163 4119 
2229 5679 5680 4170 
2230 5775 6307 4717 
2231 5521 5522 5520 
2232 4797 4894 4868 
2233 5756 6637 6027 
2234 4470 5304 4011 
2235 4959 4962 4960 
2236 4661 4663 4662 
2237 5196 5663 5472 
2238 5247 6505 6322 
2239 6077 6079 5166 
2240 4153 4154 4152 
2241 5228 5657 5230 
2242 3892 5674 363 
2243 4517 6736 4765 
2244 5486 6471 4473 
2245 4866 5603 4644 
2246 317 5639 3910 
2247 3943 4891 3940 
2248 5422 5423 4751 
2249 4320 5999 4317 
2250 5152 6638 5613 
2251 5738 5742 5739 
2252 4894 5504 5503 
2253 4285 4286 4284 
2254 3912 5693 3586 
2255 4563 5735 4494 
2256 4127 5538 4124 
2257 4782 5807 4575 
2258 3992 5545 3989 
2259 4550 4587 4548 
2260 5608 6291 4900 
2261 4308 4309 4305 
2262 4319 4320 4317 
2263 4287 4288 4286 
2264 5851 6514 5172 
2265 4491 4567 4493 
2266 3892 5745 5674 
2267 4437 5797 4887 
2268 5046 6027 5807 
2269 4289 4290 4288 
2270 4056 4088 4055 
2271 4887 5797 5553 
2272 5102 5285 5100 
2273 3970 5559 4795 
2274 5388 6125 5387 
2275 4725 5158 5157 
2276 4638 5072 4865 
2277 5575 5578 5577 
2278 6144 6335 5348 
2279 5042 5490 5459 
2280 3586 5693 3630 
2281 4860 5310 4802 
2282 5845 5992 4106 
2283 5690 6125 5438 
2284 6073 6807 5410 
2285 5456 6601 3905 
2286 5944 6188 5139 
2287 5711 6559 6260 
2288 4291 4292 4290 
2289 5720 6235 6175 
2290 5228 6737 5820 
2291 4418 4419 4417 
2292 4904 6597 4902 
2293 5162 5164 5163 
2294 4929 5483 5482 
2295 3900 5678 330 
2296 4169 6719 4154 
2297 5050 5772 4449 
2298 4669 4672 4670 
2299 5756 6027 5046 
2300 4316 4317 4315 
2301 5669 5671 334 
2302 4107 6608 6170 
2303 5601 6326 6317 
2304 4462 6679 6075 
2305 5396 5775 5329 
2306 5154 6742 5296 
2307 5417 6663 5725 
2308 3935 3936 3934 
2309 3933 3934 3932 
2310 4623 4797 4710 
2311 4646 6261 5918 
2312 5568 6764 6649 
2313 3982 3983 3980 
2314 3899 6602 5626 
2315 4447 5943 5925 
2316 4672 6237 4670 
2317 370 6304 5617 
2318 4924 6486 5201 
2319 4293 4294 4292 
2320 3924 4482 3923 
2321 4314 4315 4313 
2322 4812 5706 5145 
2323 347 3919 348 
2324 343 6056 3889 
2325 311 5573 312 
2326 309 5574 310 
2327 4397 6554 4315 
2328 3989 5545 3991 
2329 3909 5998 5665 
2330 4076 5791 5479 
2331 4380 5562 4378 
2332 5666 5998 5950 
2333 5116 5614 5115 
2334 5159 6085 5692 
2335 334 5671 335 
2336 5990 6740 4962 
2337 4576 6269 5293 
2338 4213 4215 4212 
2339 5683 6428 5682 
2340 4561 4713 4476 
2341 4567 5508 4811 
2342 6227 6764 5569 
2343 5678 6651 331 
2344 5562 6573 5915 
2345 4927 6751 6427 
2346 6405 6639 5150 
2347 4156 4157 4154 
2348 4021 4022 4015 
2349 4529 4531 4530 
2350 3939 4775 3997 
2351 5007 6811 5008 
2352 5814 6059 3890 
2353 4929 5313 4897 
2354 5267 5988 5268 
2355 3630 5693 3887 
2356 4720 6407 5516 
2357 4324 6107 5817 
2358 5420 6408 6031 
2359 5675 6049 4466 
2360 4571 4573 4572 
2361 4039 4041 4040 
2362 4510 4511 4509 
2363 316 5639 317 
2364 3630 3887 3619 
2365 5106 5743 5103 
2366 4448 4548 4547 
2367 4006 4170 4082 
2368 4428 4437 4427 
2369 5724 6803 5222 
2370 4367 4653 4455 
2371 4032 5486 4029 
2372 5955 6717 5484 
2373 4599 6359 5753 
2374 5464 5620 5154 
2375 4065 4066 4008 
2376 5695 6821 5047 
2377 4054 4055 4052 
2378 4933 6398 6080 
2379 5536 6433 4726 
2380 4295 4296 4294 
2381 5439 6540 4632 
2382 3902 6099 5985 
2383 5549 6558 5250 
2384 5411 6521 5409 
2385 4300 4301 4296 
2386 4657 4659 4658 
2387 4774 5284 5021 
2388 5481 5567 5313 
2389 5557 6231 5558 
2390 5122 6663 5417 
2391 4417 6310 4479 
2392 3992 5909 5545 
2393 4981 6718 4979 
2394 4346 4498 4345 
2395 6426 6705 4602 
2396 5809 6297 5972 
2397 5533 6183 4183 
2398 4998 6184 4999 
2399 5905 6088 6087 
2400 5582 6777 6687 
2401 5674 5745 5038 
2402 5738 5739 3917 
2403 5002 5003 5001 
2404 6399 6401 4933 
2405 4124 4125 4122 
2406 4192 4639 4168 
2407 4527 4529 4528 
2408 5079 5845 5647 
2409 5451 6722 6124 
2410 5665 5998 5666 
2411 4426 4427 4380 
2412 6009 6416 5435 
2413 5552 6280 5551 
2414 5414 6605 6496 
2415 4817 5735 4563 
2416 3902 5742 5738 
2417 5108 5115 5106 
2418 3972 5559 3970 
2419 5705 6550 5683 
2420 3893 6190 351 
2421 4523 4525 4524 
2422 5427 5428 4542 
2423 5877 6276 4385 
2424 5578 5759 5577 
2425 5543 6792 4038 
2426 3943 5969 4891 
2427 4766 6476 5621 
2428 4599 5753 3962 
2429 4239 4240 4237 
2430 5978 6808 3894 
2431 4639 6006 4168 
2432 5546 6268 4871 
2433 4895 6756 4728 
2434 4058 6543 5824 
2435 4164 6532 4088 
2436 4714 4798 4713 
2437 3956 3957 3955 
2438 5115 5743 5106 
2439 4659 6390 4658 
2440 313 5606 314 
2441 364 5580 365 
2442 5323 6289 5862 
2443 5155 5552 5551 
2444 5726 5727 4954 
2445 4569 4570 4568 
2446 324 5689 325 
2447 4148 5843 5842 
2448 4767 6228 4769 
2449 3951 5969 3947 
2450 5681 6829 4946 
2451 341 3909 342 
2452 317 3910 318 
2453 333 5669 334 
2454 3920 5749 3922 
2455 4567 4568 4493 
2456 4024 4025 4022 
2457 5173 6396 5851 
2458 3994 3995 3987 
2459 5053 5772 5050 
2460 3904 5689 324 
2461 6347 6705 5395 
2462 5112 5113 4817 
2463 4573 4575 4574 
2464 4385 6276 5849 
2465 6311 6624 5364 
2466 5113 5735 4817 
2467 4120 5673 5485 
2468 4867 6290 5325 
2469 5419 5420 4796 
2470 5335 6429 5121 
2471 5305 6338 5449 
2472 5215 6373 6337 
2473 5165 6605 5414 
2474 5666 5950 3918 
2475 3960 4332 3965 
2476 4158 4159 4157 
2477 5045 5856 5581 
2478 4990 4991 4920 
2479 4543 5440 4071 
2480 4199 6009 4248 
2481 4010 4012 4011 
2482 5597 6680 5142 
2483 5686 6583 6113 
2484 6257 6311 5702 
2485 3937 3939 3936 
2486 4026 4027 4025 
2487 4525 4527 4526 
2488 4485 6798 4487 
2489 5618 5707 5619 
2490 5036 6306 5776 
2491 5110 6674 5650 
2492 4825 4948 4826 
2493 3932 5896 3928 
2494 5045 5581 5046 
2495 5867 6593 4958 
2496 4331 4345 4247 
2497 5022 5591 5206 
2498 6330 6840 4429 
2499 4227 6283 5720 
2500 5191 6221 5425 
2501 363 5674 364 
2502 4810 6234 5633 
2503 4961 6720 6472 
2504 5334 6181 5332 
2505 5430 6496 5846 
2506 4499 4564 4498 
2507 5501 6040 5500 
2508 330 5678 331 
2509 4082 5684 4103 
2510 4117 6623 4114 
2511 5925 5943 4973 
2512 5158 5160 5159 
2513 5607 5676 5321 
2514 4979 5933 4875 
2515 6310 6313 4479 
2516 4361 6715 4365 
2517 4322 4485 4484 
2518 5739 5740 3917 
2519 4686 6355 5554 
2520 3652 3884 3575 
2521 5008 5696 5280 
2522 3784 3912 3586 
2523 4485 4487 4486 
2524 4501 6404 6196 
2525 3896 5963 5670 
2526 5749 5750 4590 
2527 4222 6387 5820 
2528 5515 6807 6008 
2529 4609 6730 4776 
2530 5039 5940 5626 
2531 3729 4034 3663 
2532 325 5585 326 
2533 5064 5631 5518 
2534 4839 4840 4835 
2535 6370 6527 5118 
2536 5721 6550 4923 
2537 5533 5534 4859 
2538 5246 6505 6102 
2539 4012 4014 4013 
2540 5739 5741 5740 
2541 4923 5705 4606 
2542 4359 6712 5780 
2543 4041 4043 4042 
2544 4823 5082 5068 
2545 4181 5780 4228 
2546 5057 5139 5056 
2547 5035 6325 6223 
2548 5093 6774 5935 
2549 5576 6441 5579 
2550 5055 5056 5053 
2551 5726 5728 5727 
2552 335 3903 336 
2553 323 3904 324 
2554 4531 4533 4532 
2555 4400 4431 4430 
2556 4233 4237 4234 
2557 4645 4812 4644 
2558 6157 6612 5185 
2559 5614 6435 4581 
2560 4604 5909 4003 
2561 5634 6704 4808 
2562 5570 6468 5662 
2563 5178 5660 5336 
2564 5541 5817 5379 
2565 5532 5716 5530 
2566 5920 6503 4147 
2567 4124 5538 4125 
2568 2145 5753 4226 
2569 4442 4443 4441 
2570 5486 6792 5262 
2571 4487 4489 4488 
2572 4832 6439 6341 
2573 5102 5752 5285 
2574 6103 6193 5177 
2575 4606 6060 4252 
2576 5026 5799 5025 
2577 4440 4441 4438 
2578 373 5737 3915 
2579 355 5738 3917 
2580 6245 6703 5036 
2581 4369 6285 4368 
2582 5792 6248 4113 
2583 5039 5941 5940 
2584 371 3901 372 
2585 305 3905 306 
2586 353 3902 354 
2587 359 3906 360 
2588 5404 6275 5336 
2589 5012 6562 5786 
2590 4580 4644 4329 
2591 5115 6369 5743 
2592 4420 4535 4419 
2593 4898 5059 4709 
2594 3958 3959 3957 
2595 5390 6531 5438 
2596 4350 6545 6392 
2597 3901 5737 372 
2598 3902 5738 354 
2599 5078 5791 5487 
2600 5692 6628 5405 
2601 4987 6022 4651 
2602 4103 4359 4181 
2603 5862 6290 5323 
2604 6470 6471 5231 
2605 4054 4056 4055 
2606 6222 6354 5908 
2607 4685 6092 5872 
2608 4934 5713 5340 
2609 4699 4736 4696 
2610 4649 5883 4425 
2611 332 6651 3896 
2612 3784 5760 3912 
2613 5196 5199 5198 
2614 337 3918 338 
2615 6192 6605 5165 
2616 5494 5603 4866 
2617 4719 4880 4879 
2618 4444 4445 4443 
2619 5465 5641 4799 
2620 4425 5883 4613 
2621 4028 4029 4027 
2622 4433 4434 4432 
2623 3520 3911 3718 
2624 4361 4365 4362 
2625 5422 6013 5424 
2626 5368 6083 5712 
2627 319 3916 320 
2628 5206 5910 5751 
2629 372 5737 373 
2630 354 5738 355 
2631 5329 6623 4117 
2632 3962 5753 2508 
2633 373 3915 374 
2634 355 3917 356 
2635 4922 5811 4921 
2636 4843 6778 5032 
2637 5056 5772 5053 
2638 3982 3984 3983 
2639 4823 5807 5082 
2640 5253 6315 4383 
2641 4992 4993 4991 
2642 6233 6346 5546 
2643 3902 5985 5742 
2644 4060 4061 4004 
2645 4654 6135 4657 
2646 5108 5116 5115 
2647 4201 6009 4199 
2648 5003 6811 5007 
2649 5702 6054 5701 
2650 5743 5752 5102 
2651 4089 4098 4088 
2652 3909 6056 342 
2653 5527 6267 3900 
2654 307 6465 6371 
2655 5500 6784 5499 
2656 4266 4833 4328 
2657 5809 6804 6297 
2658 4857 4956 4955 
2659 4708 6483 5582 
2660 5657 5658 5230 
2661 6288 6326 5601 
2662 4228 4593 4422 
2663 4552 6185 5844 
2664 341 5998 3909 
2665 5284 6710 6366 
2666 5958 6384 5213 
2667 4160 4161 4159 
2668 6153 6238 5473 
2669 4216 4217 4215 
2670 3969 3970 3953 
2671 4988 5838 5418 
2672 4939 5785 5465 
2673 6185 6836 5844 
2674 5569 6764 5568 
2675 5414 5415 5132 
2676 5691 6507 5232 
2677 4078 5793 4075 
2678 5459 6340 5706 
2679 4799 5641 4798 
2680 5573 6525 3898 
2681 5512 5514 5513 
2682 5112 5114 5113 
2683 4667 5794 4665 
2684 3998 5909 3992 
2685 5763 6498 6189 
2686 3984 3986 3985 
2687 5036 6308 6245 
2688 5579 6713 5168 
2689 4271 5020 4275 
2690 5396 6426 5776 
2691 5475 5856 5045 
2692 5588 5655 5654 
2693 4441 5797 4438 
2694 4571 4572 4570 
2695 5859 6572 4062 
2696 5781 5782 4394 
2697 6223 6325 5180 
2698 4183 6744 5535 
2699 5082 6027 5819 
2700 6530 6696 4064 
2701 4237 5687 4234 
2702 3707 3886 3696 
2703 4473 6471 6470 
2704 2420 6440 2398 
2705 3979 6661 5783 
2706 4859 6166 4468 
2707 4861 4863 4862 
2708 4185 6458 4163 
2709 4615 5971 4499 
2710 4939 5465 4799 
2711 5449 6654 5469 
2712 4481 5896 3932 
2713 4819 6475 6145 
2714 4197 4260 4259 
2715 3921 5442 3907 
2716 362 6722 3892 
2717 5041 5042 4969 
2718 5848 5849 5344 
2719 4890 6515 5628 
2720 4998 4999 4997 
2721 4383 6388 5392 
2722 5094 5095 5092 
2723 314 5814 315 
2724 5504 6708 5503 
2725 4551 5844 4556 
2726 4093 6006 4943 
2727 3986 3994 3987 
2728 4228 5780 4593 
2729 4030 6706 5725 
2730 5282 5916 5210 
2731 3897 5500 5499 
2732 4099 4106 4098 
2733 3925 4590 3927 
2734 5739 5771 5741 
2735 4820 4844 4843 
2736 3696 5760 3784 
2737 5905 6089 6088 
2738 5527 5528 5490 
2739 5811 5971 5597 
2740 4594 4861 4716 
2741 4126 4135 4128 
2742 4863 5039 5037 
2743 4609 4766 4497 
2744 5639 6738 3910 
2745 4674 6149 6066 
2746 5338 5339 4935 
2747 6044 6162 4265 
2748 5116 5615 5614 
2749 3928 5896 3926 
2750 5096 5098 5095 
2751 4426 4428 4427 
2752 5985 6099 5595 
2753 3740 4019 3223 
2754 5629 6374 6048 
2755 5056 6188 5772 
2756 4075 5793 4086 
2757 5265 5536 5411 
2758 4260 4262 4261 
2759 5989 5990 4962 
2760 5363 5452 4175 
2761 3940 5644 3937 
2762 4937 4987 4651 
2763 5244 6583 5686 
2764 5855 6745 4735 
2765 315 5814 3890 
2766 4548 6565 4547 
2767 4395 6051 4552 
2768 4994 4995 4993 
2769 4482 4897 4896 
2770 4521 4522 4370 
2771 5654 5704 5653 
2772 4505 6789 4629 
2773 5800 5934 4131 
2774 3898 6525 6455 
2775 4804 4805 4705 
2776 4447 4448 4445 
2777 5250 6418 5784 
2778 4094 5781 4394 
2779 3980 6033 3978 
2780 5342 6684 5632 
2781 5203 6541 5519 
2782 4395 4552 4551 
2783 4069 4070 4061 
2784 3025 4033 3014 
2785 6138 6349 6139 
2786 4489 4491 4490 
2787 4869 5597 4615 
2788 4000 4001 3995 
2789 4732 5955 4931 
2790 5215 5216 4885 
2791 6139 6153 5473 
2792 4077 4078 4075 
2793 4870 6039 5348 
2794 5680 5681 4170 
2795 5399 6653 4990 
2796 5079 5647 5134 
2797 5714 6772 5900 
2798 5473 6152 6139 
2799 4947 5594 4805 
2800 4166 4623 3931 
2801 4737 4738 4736 
2802 5338 6303 5491 
2803 5617 6723 370 
2804 4971 6241 5138 
2805 4648 4973 4964 
2806 4247 5404 4244 
2807 4704 4705 4472 
2808 4969 5706 4813 
2809 4278 4281 4280 
2810 6181 6618 4141 
2811 4764 4783 4762 
2812 4549 4550 4548 
2813 4968 4969 4813 
2814 4757 4758 4756 
2815 4911 4912 4908 
2816 5580 6602 3899 
2817 4711 4923 4606 
2818 4035 6219 5642 
2819 5365 5721 4923 
2820 4784 4785 4783 
2821 5957 6299 4318 
2822 4801 4940 4785 
2823 5783 6676 3979 
2824 5333 5560 5334 
2825 4759 4760 4758 
2826 5099 5100 5098 
2827 4761 4762 4760 
2828 6296 6707 5433 
2829 5331 5333 5332 
2830 4941 5129 4940 
2831 4556 5079 4830 
2832 5296 5298 5297 
2833 4887 5553 5026 
2834 4136 4149 4138 
2835 4253 4606 4252 
2836 5120 5331 5121 
2837 5896 6697 5483 
2838 5299 6222 5300 
2839 5048 6575 5993 
2840 4428 4438 4437 
2841 5531 5532 5530 
2842 4410 4414 4413 
2843 5055 5057 5056 
2844 4956 5120 5019 
2845 4698 4729 4728 
2846 4755 4756 4754 
2847 5603 6755 4639 
2848 4739 4740 4738 
2849 5520 6636 4995 
2850 5521 5769 5733 
2851 4550 5819 4587 
2852 4813 5706 4812 
2853 5812 6336 4610 
2854 4880 4882 4881 
2855 4215 6716 4212 
2856 353 6099 3902 
2857 4188 4252 4109 
2858 4562 4971 4815 
2859 4741 4742 4740 
2860 4617 6305 5979 
2861 5479 6493 4076 
2862 4485 4486 4484 
2863 4751 4752 4750 
2864 5984 6180 4658 
2865 6148 6247 4421 
2866 5682 6428 5681 
2867 5595 5596 5594 
2868 4745 4746 4744 
2869 4749 4750 4748 
2870 5570 5662 5363 
2871 4971 5138 4972 
2872 5057 5140 5139 
2873 4743 4744 4742 
2874 4747 4748 4746 
2875 5642 6219 5343 
2876 6039 6144 5348 
2877 4092 5781 4094 
2878 4043 4045 4044 
2879 5686 6113 4226 
2880 4170 5684 4082 
2881 5101 5102 5100 
2882 4335 6545 4350 
2883 4893 6524 5462 
2884 6101 6781 5973 
2885 4094 4394 4165 
2886 4625 4626 4073 
2887 5051 6491 5716 
2888 5210 5916 5212 
2889 4031 4032 4029 
2890 5383 6631 5685 
2891 4583 5969 3951 
2892 5230 5658 5403 
2893 3941 4469 3946 
2894 4209 4211 4210 
2895 4931 5484 5144 
2896 6245 6308 4399 
2897 4014 4021 4015 
2898 5637 6740 4837 
2899 3890 6109 5639 
2900 4045 4046 4044 
2901 5530 5883 5528 
2902 4767 4768 4766 
2903 4932 6039 5715 
2904 4858 6030 5555 
2905 5464 6720 5638 
2906 3889 6453 5502 
2907 5181 6157 5185 
2908 5747 6522 5801 
2909 6071 6683 6343 
2910 5758 5938 3904 
2911 4098 6335 4164 
2912 5124 6281 5252 
2913 6102 6505 5247 
2914 3906 6124 360 
2915 6029 6217 6028 
2916 5555 6030 6000 
2917 6255 6259 5280 
2918 5074 5075 5073 
2919 3968 4113 3990 
2920 3553 5806 3707 
2921 5072 5073 4865 
2922 4338 6777 3861 
2923 5130 5131 5129 
2924 4841 4892 4840 
2925 4580 4645 4644 
2926 3947 5969 3943 
2927 3498 4707 4339 
2928 5139 6026 5944 
2929 3883 3913 3553 
2930 4576 5293 4732 
2931 5271 5757 4807 
2932 4176 6656 4159 
2933 4309 4312 4311 
2934 4193 6674 5636 
2935 5529 5530 5528 
2936 5975 6760 5561 
2937 4147 6503 5727 
2938 5438 6125 5388 
2939 6136 6479 6137 
2940 4440 4442 4441 
2941 5480 6823 5311 
2942 4178 4179 4177 
2943 4086 6485 4543 
2944 4665 5794 4689 
2945 4769 4858 4768 
2946 4487 4488 4486 
2947 5187 5189 5188 
2948 4882 4884 4883 
2949 3729 5708 4034 
2950 4393 5927 5826 
2951 4896 6526 5773 
2952 5363 5662 5452 
2953 4464 6695 4503 
2954 4973 4975 4974 
2955 5798 6268 5416 
2956 4810 5633 5202 
2957 5045 5046 4782 
2958 4844 4846 4845 
2959 4816 4817 4563 
2960 6290 6339 5325 
2961 3974 5786 3972 
2962 4575 4823 4574 
2963 3531 5708 3729 
2964 5356 5714 5358 
2965 5141 5758 5572 
2966 3443 4018 3256 
2967 4853 6779 4851 
2968 329 6243 3900 
2969 4489 4490 4488 
2970 4191 6749 5751 
2971 5669 6320 5671 
2972 5298 5979 5718 
2973 4301 4304 4303 
2974 3971 3972 3970 
2975 4491 4493 4492 
2976 5572 5664 5360 
2977 5538 5539 4125 
2978 4448 4549 4548 
2979 4332 5792 3965 
2980 5351 5746 5353 
2981 4686 5554 5309 
2982 5618 6323 5237 
2983 5657 5820 5659 
2984 5140 6026 5139 
2985 5718 5734 4248 
2986 4899 4900 4642 
2987 4517 4765 4519 
2988 4442 4444 4443 
2989 4197 6710 4260 
2990 5960 6739 5514 
2991 4444 4447 4445 
2992 3983 6033 3980 
2993 5725 6706 5026 
2994 1870 4273 1859 
2995 5217 6386 5554 
2996 5808 6193 5790 
2997 4909 5112 4817 
2998 5526 6206 5382 
2999 5105 5106 5103 
3000 4851 6779 4958 
3001 4566 6764 6226 
3002 5742 5985 5983 
3003 5666 5667 5109 
3004 5626 6513 3899 
3005 5879 6501 5650 
3006 5667 5959 5109 
3007 3945 6289 5676 
3008 5294 6593 6383 
3009 4828 5767 5445 
3010 3641 5769 3740 
3011 4373 4984 4371 
3012 4573 4574 4572 
3013 4846 4848 4847 
3014 4593 4594 4422 
3015 5877 6177 5566 
3016 5799 6706 4589 
3017 4182 4205 4204 
3018 5652 6123 4981 
3019 4149 4151 4150 
3020 3886 5760 3696 
3021 4801 6729 5267 
3022 5107 5108 5106 
3023 4641 4642 4598 
3024 5937 6417 5352 
3025 5467 6332 4886 
3026 4918 4919 4917 
3027 5084 5652 4981 
3028 4950 6487 6250 
3029 3966 6583 6498 
3030 5762 6263 5662 
3031 5448 6817 5021 
3032 4828 6195 5767 
3033 4584 5118 4586 
3034 3718 5748 3685 
3035 4884 5467 4886 
3036 5597 5971 4615 
3037 5581 5756 5046 
3038 5038 6602 5580 
3039 5298 5718 5434 
3040 3899 6513 5602 
3041 4267 5454 4137 
3042 4281 4283 4282 
3043 4076 6365 5791 
3044 3911 5748 3718 
3045 4169 6591 6054 
3046 6441 6713 5579 
3047 4151 4153 4152 
3048 5438 6682 5690 
3049 5458 6765 5688 
3050 5305 5306 5216 
3051 4556 5844 5079 
3052 4931 5955 5484 
3053 5026 6706 5799 
3054 4794 5176 4793 
3055 5521 6197 5522 
3056 4322 6536 4485 
3057 3891 6371 6282 
3058 5909 5910 5545 
3059 4377 4378 4375 
3060 4438 5797 4437 
3061 4854 4856 4855 
3062 4729 4786 4730 
3063 5042 5527 5490 
3064 5843 6618 5842 
3065 5276 5802 4511 
3066 4100 4773 4105 
3067 4600 4601 4550 
3068 4861 4862 4716 
3069 5254 5456 5255 
3070 4090 4091 4066 
3071 4913 4915 4912 
3072 4786 4819 4787 
3073 4848 4850 4849 
3074 6752 6754 5441 
3075 4852 4854 4853 
3076 5796 6588 5240 
3077 3965 5792 3968 
3078 4937 5080 4987 
3079 4163 6458 4249 
3080 5313 5736 4897 
3081 4645 4813 4812 
3082 4036 4037 4032 
3083 4561 4714 4713 
3084 4652 6610 5419 
3085 5223 6102 5744 
3086 6331 6520 4607 
3087 6031 6408 5507 
3088 4863 5037 4862 
3089 5232 6507 5975 
3090 5736 6751 4927 
3091 5201 6486 5793 
3092 4205 4322 4321 
3093 4379 4380 4378 
3094 4850 4852 4851 
3095 4804 4947 4805 
3096 5449 5450 5306 
3097 4283 4285 4284 
3098 4533 4557 4534 
3099 5688 5865 5458 
3100 5141 5572 5360 
3101 4790 6694 4518 
3102 6096 6097 5876 
3103 4916 4917 4915 
3104 5389 6469 5390 
3105 4554 5122 4772 
3106 4120 5485 4110 
3107 5039 5626 5037 
3108 5021 6817 5591 
3109 367 6348 368 
3110 4055 6134 4052 
3111 5735 5996 4494 
3112 5235 6394 6240 
3113 5094 5096 5095 
3114 6535 6607 5717 
3115 4079 4080 4078 
3116 6055 6460 4541 
3117 1012 5828 1078 
3118 3223 5768 3212 
3119 5141 5360 5140 
3120 4056 4089 4088 
3121 4287 4289 4288 
3122 4285 4287 4286 
3123 5401 6503 5540 
3124 5844 5845 5079 
3125 3707 5806 3886 
3126 5774 6093 4965 
3127 4337 6302 748 
3128 4704 4804 4705 
3129 4888 5018 4555 
3130 3967 6333 3961 
3131 4131 5931 5800 
3132 4425 4426 4380 
3133 5414 6496 5430 
3134 4575 5807 4823 
3135 4610 5292 4434 
3136 5480 5931 5930 
3137 4365 6715 5400 
3138 5609 6824 4662 
3139 5837 6699 4386 
3140 4095 6006 4093 
3141 4822 4907 4724 
3142 5135 6568 5559 
3143 4983 5169 4733 
3144 4015 6220 4013 
3145 327 6480 328 
3146 5054 5055 5053 
3147 4289 4291 4290 
3148 4568 4627 4493 
3149 561 5625 572 
3150 4189 4190 4179 
3151 4167 4168 4095 
3152 4386 6699 5873 
3153 4590 6104 3927 
3154 4268 5762 4271 
3155 6178 6464 4520 
3156 5107 5665 5109 
3157 4470 6556 5304 
3158 4114 6623 4717 
3159 4581 6625 5614 
3160 5114 6356 5617 
3161 5096 5099 5098 
3162 5122 5417 5123 
3163 4009 4010 4001 
3164 6269 6735 5293 
3165 3949 3969 3953 
3166 5804 6270 5946 
3167 4123 5784 4126 
3168 5107 5109 5108 
3169 5681 6428 5684 
3170 5052 5053 5050 
3171 6139 6349 5474 
3172 4601 5819 4550 
3173 4482 4896 3923 
3174 4657 6135 4660 
3175 4648 5925 4973 
3176 5960 6536 4205 
3177 4471 5033 4703 
3178 3597 5833 3883 
3179 4564 6378 4498 
3180 4947 5595 5594 
3181 5977 6296 5433 
3182 6122 6410 6078 
3183 5069 5077 4824 
3184 4711 5365 4923 
3185 4042 6724 4085 
3186 6040 6784 5500 
3187 5719 5774 4965 
3188 4897 4928 4896 
3189 4971 4972 4815 
3190 6163 6706 4030 
3191 3973 3974 3972 
3192 4322 4484 4483 
3193 5033 5035 5034 
3194 5822 6539 5821 
3195 5722 5723 5317 
3196 5035 5451 5260 
3197 4816 4909 4817 
3198 5416 6805 5798 
3199 4763 6534 5765 
3200 5254 5255 4909 
3201 4374 4382 4376 
3202 5138 5345 4972 
3203 3999 4060 4004 
3204 5665 6095 3909 
3205 4253 4711 4606 
3206 3740 5769 4019 
3207 5665 5666 5109 
3208 5650 6501 4953 
3209 4372 5876 4374 
3210 3751 3888 3597 
3211 4374 5876 4382 
3212 5680 6379 5810 
3213 359 6393 3906 
3214 4650 5028 4936 
3215 4562 5954 4971 
3216 5099 5101 5100 
3217 4541 6460 6090 
3218 4629 6789 4630 
3219 4973 4974 4964 
3220 5717 6607 3911 
3221 4153 4156 4154 
3222 4291 4293 4292 
3223 4491 4492 4490 
3224 4975 5061 4974 
3225 4006 4082 4081 
3226 4304 4308 4305 
3227 5969 5981 4891 
3228 5947 6752 5441 
3229 4452 6681 5288 
3230 5803 6380 4134 
3231 4577 4652 4578 
3232 5057 5141 5140 
3233 4414 4416 4415 
3234 6169 6550 5721 
3235 369 6304 370 
3236 4188 4253 4252 
3237 5793 6486 4086 
3238 5368 6607 6535 
3239 5856 6409 5581 
3240 5195 6089 5905 
3241 4187 4192 4168 
3242 4968 5041 4969 
3243 4082 4103 4102 
3244 307 6371 308 
3245 4549 4648 4600 
3246 3887 6112 3619 
3247 5028 5592 5283 
3248 5652 6131 6123 
3249 4639 6368 6006 
3250 3652 5712 3884 
3251 1001 4388 990 
3252 4220 4221 4217 
3253 5534 6166 4859 
3254 2541 5795 2123 
3255 5260 5270 5034 
3256 3910 6738 5980 
3257 4103 4181 4180 
3258 5101 5103 5102 
3259 5551 6720 5464 
3260 5062 6310 6286 
3261 3929 4166 3931 
3262 4047 4048 4046 
3263 4290 6800 4307 
3264 339 5950 340 
3265 5568 6649 5570 
3266 4652 4796 4721 
3267 4084 4108 4107 
3268 5893 6254 4689 
3269 4181 4228 4195 
3270 4823 5068 4824 
3271 3939 3997 3996 
3272 5105 5107 5106 
3273 4067 6409 5856 
3274 946 4387 1056 
3275 3994 4000 3995 
3276 5399 6660 5779 
3277 4093 4943 3988 
3278 4228 4422 4251 
3279 3685 5712 3652 
3280 5068 5167 5069 
3281 5889 6695 5288 
3282 5167 5489 5168 
3283 4816 5254 4909 
3284 5296 6413 5298 
3285 957 3942 858 
3286 5455 6622 5544 
3287 6231 6233 4545 
3288 6148 6406 6305 
3289 6383 6593 5867 
3290 1078 5832 1001 
3291 4024 4026 4025 
3292 3978 5901 3976 
3293 5049 5051 5050 
3294 4857 6158 4956 
3295 4021 4024 4022 
3296 4648 4964 4733 
3297 3997 4006 4005 
3298 3146 4020 3234 
3299 5130 6693 5165 
3300 4797 4953 4894 
3301 4026 4028 4027 
3302 5679 6045 5680 
3303 4454 5233 4366 
3304 4622 6698 5899 
3305 990 5834 946 
3306 3975 3976 3974 
3307 4668 6489 5962 
3308 4206 4577 4341 
3309 5377 5378 5376 
3310 4201 6416 6009 
3311 1122 4384 1188 
3312 2277 5170 4235 
3313 4448 5925 4549 
3314 6144 6596 4164 
3315 4549 4600 4550 
3316 4394 5879 4165 
3317 4229 4329 4192 
3318 4271 5762 5020 
3319 3663 5733 3641 
3320 4473 6240 4027 
3321 5345 5921 4972 
3322 5385 6803 5724 
3323 5827 6255 5280 
3324 1100 4063 1012 
3325 5020 6246 4275 
3326 4743 6763 4893 
3327 792 4391 979 
3328 5949 6469 6397 
3329 5471 6418 5250 
3330 4194 6427 5567 
3331 4439 5049 4449 
3332 5416 6268 5546 
3333 5079 5134 4830 
3334 5465 6119 5641 
3335 5494 6755 5603 
3336 5402 6779 4853 
3337 4897 5736 4928 
3338 1188 5835 957 
3339 5647 5648 5134 
3340 4531 6666 4533 
3341 4815 4816 4563 
3342 6105 6203 5366 
3343 1606 5825 1562 
3344 4683 6351 4682 
3345 759 4148 1133 
3346 6143 6506 5338 
3347 5039 5993 5941 
3348 4594 4716 4715 
3349 6355 6518 5554 
3350 4357 4580 4329 
3351 4229 4358 4357 
3352 4898 6364 5059 
3353 4293 4295 4294 
3354 5684 6428 4359 
3355 5491 5542 5339 
3356 4650 4651 4483 
3357 4493 5954 4492 
3358 1540 3944 1606 
3359 4051 4064 4053 
3360 5772 5982 4449 
3361 5427 6599 5428 
3362 5519 5520 4994 
3363 1133 5841 1122 
3364 5844 6836 5845 
3365 4205 4321 4204 
3366 5067 6199 6194 
3367 4594 4715 4422 
3368 5054 6770 5585 
3369 4725 6294 5158 
3370 1034 4386 1067 
3371 4447 5925 4448 
3372 5116 5766 5615 
3373 4667 6462 5794 
3374 5013 6361 6360 
3375 5527 5529 5528 
3376 4200 4201 4199 
3377 3903 6422 336 
3378 4928 6526 4896 
3379 4166 4624 4623 
3380 5354 6450 6130 
3381 4110 5485 4111 
3382 4562 4815 4563 
3383 1573 5847 1540 
3384 5575 6282 5578 
3385 4019 5768 3223 
3386 4048 5965 4097 
3387 4034 5733 3663 
3388 4439 4440 4438 
3389 5780 6712 6169 
3390 6371 6465 5345 
3391 5678 6267 5041 
3392 6301 6439 4832 
3393 979 5864 1034 
3394 4936 4937 4651 
3395 4973 5943 4975 
3396 3934 4481 3932 
3397 4000 4009 4001 
3398 4251 4466 4195 
3399 4714 4799 4798 
3400 1518 5860 1298 
3401 4523 4524 4522 
3402 6085 6129 4461 
3403 5869 6582 6182 
3404 4388 6669 5836 
3405 4619 4946 4553 
3406 4492 4494 4490 
3407 1452 3945 1617 
3408 4820 6145 4844 
3409 4637 4792 4540 
3410 1793 3948 2002 
3411 4122 5673 4120 
3412 6014 6043 5502 
3413 5052 5054 5053 
3414 5722 6838 5723 
3415 5193 5822 5821 
3416 4554 6156 5122 
3417 4704 4806 4804 
3418 4549 5925 4648 
3419 781 4062 1045 
3420 4028 4031 4029 
3421 5895 6380 5803 
3422 4492 4562 4494 
3423 5837 6143 5337 
3424 5636 6793 4193 
3425 2024 3952 1694 
3426 1694 5858 1903 
3427 5592 5593 5283 
3428 858 5891 880 
3429 4156 4158 4157 
3430 4703 4704 4472 
3431 4322 4483 4321 
3432 5492 6327 5200 
3433 5566 6276 5877 
3434 4911 6609 5066 
3435 4295 4300 4296 
3436 4471 4472 4466 
3437 5101 5104 5103 
3438 4937 5147 5080 
3439 4984 6082 4371 
3440 4272 4507 4506 
3441 4182 5960 4205 
3442 3913 5806 3553 
3443 6259 6328 5391 
3444 4054 5824 4056 
3445 4442 4446 4444 
3446 5147 5602 5080 
3447 4312 4314 4313 
3448 3987 6794 4068 
3449 5511 6530 5524 
3450 3212 5755 3025 
3451 4138 6819 4171 
3452 1067 5873 781 
3453 4321 4435 4204 
3454 5035 5260 5034 
3455 6475 6732 5668 
3456 4717 6608 4107 
3457 1529 4385 1573 
3458 1716 5853 1793 
3459 5080 5940 4987 
3460 4360 5966 4367 
3461 4484 4650 4483 
3462 1342 5861 1452 
3463 5491 5836 5542 
3464 4089 4099 4098 
3465 1199 5850 1100 
3466 4759 6743 5015 
3467 3014 5778 3454 
3468 5781 6676 5783 
3469 4863 5993 5039 
3470 3575 5732 3674 
3471 4977 5461 4809 
3472 1617 5884 1331 
3473 337 6422 3918 
3474 4053 4054 4052 
3475 4891 5645 5644 
3476 5993 6575 5941 
3477 5104 5279 5105 
3478 4378 5915 4375 
3479 4562 4563 4494 
3480 4436 4618 4354 
3481 4253 5048 4711 
3482 5066 6609 5788 
3483 968 4392 1199 
3484 4105 4109 4101 
3485 5033 5034 4703 
3486 4126 5784 4135 
3487 4150 6819 4138 
3488 4905 5071 5070 
3489 5167 5168 5069 
3490 5028 5283 4936 
3491 1463 4145 1507 
3492 4379 4425 4380 
3493 4182 4188 4109 
3494 5230 5403 5235 
3495 5529 5531 5530 
3496 4837 5638 5637 
3497 5943 5944 4975 
3498 4943 5863 3988 
3499 1683 5903 1914 
3500 5104 5105 5103 
3501 2002 5894 1705 
3502 303 6003 304 
3503 5747 5800 5315 
3504 5093 5094 5092 
3505 880 4404 847 
3506 4803 5036 4792 
3507 6045 6379 5680 
3508 1551 4140 1518 
3509 1914 4401 1716 
3510 6233 6358 4545 
3511 5636 6674 5110 
3512 5371 5372 5370 
3513 4053 4058 4054 
3514 4488 4495 4486 
3515 4051 4053 4052 
3516 4779 6146 5658 
3517 1892 5874 2013 
3518 3267 5994 3443 
3519 869 5878 814 
3520 1815 5880 2079 
3521 4921 5142 4262 
3522 4597 5226 4640 
3523 4333 4409 4334 
3524 5226 6737 5228 
3525 4256 6416 4201 
3526 4051 4052 4050 
3527 5950 5998 340 
3528 5141 5938 5758 
3529 4650 4936 4651 
3530 4103 4180 4102 
3531 4228 4251 4195 
3532 1903 4390 1892 
3533 4181 4195 4180 
3534 4082 4102 4081 
3535 5068 5069 4824 
3536 5300 6222 5908 
3537 4106 6611 5647 
3538 770 4141 935 
3539 5535 6419 5534 
3540 5785 6284 5031 
3541 1331 4396 1485 
3542 4164 6596 6532 
3543 4597 6295 5226 
3544 4425 4613 4426 
3545 4339 6687 3476 
3546 3487 5932 3751 
3547 1947 4174 1815 
3548 1562 5881 1463 
3549 1749 5897 1991 
3550 5132 5630 5131 
3551 1507 5866 1375 
3552 1254 4389 1342 
3553 305 6511 3905 
3554 1650 5906 891 
3555 5474 6349 6206 
3556 4823 4824 4574 
3557 323 6549 3904 
3558 847 5913 1177 
3559 4755 6577 4925 
3560 1485 5882 1595 
3561 5226 5228 5227 
3562 4475 4476 4474 
3563 5051 5052 5050 
3564 4046 6517 4044 
3565 5228 5230 5229 
3566 4645 4967 4813 
3567 4471 4703 4472 
3568 4006 4081 4005 
3569 4909 5919 5112 
3570 4716 5180 4715 
3571 4469 6430 5777 
3572 4167 4187 4168 
3573 1177 4408 1166 
3574 5037 5038 4862 
3575 5074 6461 5471 
3576 4182 4204 4188 
3577 4105 4182 4109 
3578 340 5998 341 
3579 4319 4333 4320 
3580 4870 5348 5347 
3581 3977 3978 3976 
3582 4648 4733 4600 
3583 1705 4403 1749 
3584 5513 6544 6543 
3585 4037 4067 4039 
3586 5373 5374 5372 
3587 5773 6526 3893 
3588 4108 4115 4114 
3589 4964 4983 4733 
3590 4572 4588 4570 
3591 4047 4049 4048 
3592 6391 6392 5217 
3593 6008 6592 5515 
3594 4428 4439 4438 
3595 5077 6111 4824 
3596 3619 6112 3520 
3597 4650 5997 5028 
3598 1375 5885 1551 
3599 5071 6291 5460 
3600 1056 5818 913 
3601 924 4146 869 
3602 4377 4379 4378 
3603 4373 5915 4984 
3604 4086 6486 6485 
3605 5091 5092 4624 
3606 5531 6480 5532 
3607 1243 4143 1441 
3608 4316 4319 4317 
3609 1639 4144 1397 
3610 3904 6549 5758 
3611 4049 4050 4048 
3612 4968 5406 5041 
3613 5690 6668 5607 
3614 3969 3971 3970 
3615 3762 3914 3487 
3616 4187 4229 4192 
3617 5071 5460 5269 
3618 5109 5959 5108 
3619 3939 3996 3936 
3620 4070 4077 4075 
3621 4502 4504 4465 
3622 3979 3980 3978 
3623 4045 4047 4046 
3624 370 6723 371 
3625 4229 4357 4329 
3626 3884 5732 3575 
3627 4100 4105 4101 
3628 5049 5050 4449 
3629 5533 5535 5534 
3630 5055 5938 5057 
3631 4903 5816 4905 
3632 4618 6253 4354 
3633 5681 5684 4170 
3634 4357 4581 4580 
3635 4031 4036 4032 
3636 4165 4193 4167 
3637 4627 5954 4493 
3638 4251 4471 4466 
3639 4777 5537 4966 
3640 1210 5877 1529 
3641 4314 4316 4315 
3642 3981 3982 3980 
3643 6498 6583 6189 
3644 5436 5547 5437 
3645 5452 6819 4150 
3646 1111 5886 968 
3647 1419 5907 1639 
3648 4115 4118 4117 
3649 4172 6216 5939 
3650 5940 6513 5626 
3651 4180 4194 4102 
3652 4336 4542 4327 
3653 2057 4132 1683 
3654 1991 4130 1969 
3655 3982 5863 3984 
3656 6485 6486 5319 
3657 5605 6744 4183 
3658 1595 5904 1243 
3659 4905 5816 5071 
3660 2079 5857 2024 
3661 1408 4147 1232 
3662 5984 6390 5373 
3663 5721 6187 4593 
3664 5255 5919 4909 
3665 4975 6026 5061 
3666 2013 4133 1925 
3667 4010 6082 4012 
3668 1441 5926 1430 
3669 4100 4101 4099 
3670 3377 4457 3135 
3671 5469 6654 5841 
3672 4888 5303 5018 
3673 4118 4162 4119 
3674 3520 6112 3911 
3675 4589 6706 6163 
3676 4162 4184 4163 
3677 3968 5792 4113 
3678 4492 5954 4562 
3679 5495 6412 6097 
3680 913 5852 792 
3681 836 4393 1111 
3682 6183 6579 4176 
3683 4342 4474 4207 
3684 4379 4649 4425 
3685 4539 4638 4636 
3686 5703 5704 5600 
3687 1584 4402 1419 
3688 4009 4371 4010 
3689 4012 6082 4035 
3690 3608 6012 3531 
3691 4967 4968 4813 
3692 1298 5920 1408 
3693 6068 6400 6399 
3694 3981 4092 3988 
3695 4594 6187 4861 
3696 1958 5846 1947 
3697 4260 4261 4259 
3698 1265 5895 1254 
3699 4012 4035 4014 
3700 5648 6611 4101 
3701 1672 5934 1936 
3702 6292 6716 5672 
3703 1287 5946 1276 
3704 4544 4561 4476 
3705 5368 6535 5006 
3706 6097 6412 5876 
3707 5108 5959 5116 
3708 4060 4069 4061 
3709 5122 5123 4772 
3710 4241 4242 4240 
3711 5943 6258 5944 
3712 4184 4185 4163 
3713 5461 6176 4809 
3714 5278 5785 4939 
3715 814 5898 770 
3716 1628 4134 1474 
3717 5689 6563 5054 
3718 1969 5929 1980 
3719 4835 6570 4611 
3720 4213 4216 4215 
3721 5018 6050 4555 
3722 4834 6692 5017 
3723 4439 4449 4440 
3724 5066 5788 5787 
3725 4773 5960 4105 
3726 1430 4423 1221 
3727 4049 4051 4050 
3728 4164 6335 6144 
3729 5701 6054 5248 
3730 4889 6183 5533 
3731 5791 6741 5487 
3732 4288 6547 4286 
3733 3973 3975 3974 
3734 5733 5769 3641 
3735 5629 6037 5237 
3736 3981 3988 3982 
3737 4094 4165 4095 
3738 1353 4139 1650 
3739 4255 4256 4201 
3740 1936 4405 1837 
3741 5807 6027 5082 
3742 4092 6676 5781 
3743 1727 5939 1958 
3744 891 5911 924 
3745 4331 4346 4345 
3746 4860 5974 5310 
3747 1320 5923 1584 
3748 4624 5942 4623 
3749 4158 4160 4159 
3750 5373 6390 5815 
3751 4246 4247 4244 
3752 6517 6619 4044 
3753 4097 6517 4046 
3754 4157 6617 4169 
3755 3979 3981 3980 
3756 4081 4582 4005 
3757 352 6190 6099 
3758 5540 6503 5920 
3759 1980 4429 1364 
3760 1166 5957 1155 
3761 5169 6004 4733 
3762 3135 5928 3300 
3763 5075 5412 5076 
3764 4165 4167 4095 
3765 4022 6477 4096 
3766 4778 4779 4585 
3767 1221 5948 1386 
3768 4211 4213 4212 
3769 6160 6438 4675 
3770 6273 6577 5423 
3771 5049 6491 5051 
3772 6110 6122 6078 
3773 4110 4111 4091 
3774 4043 4057 4045 
3775 5094 5097 5096 
3776 4621 5357 4982 
3777 5491 6812 5836 
3778 3300 4456 3355 
3779 3997 4005 3996 
3780 4920 5497 4919 
3781 4416 4418 4417 
3782 4676 4677 4672 
3783 1760 5930 2068 
3784 528 4072 539 
3785 4410 6247 4414 
3786 4100 6132 4773 
3787 5213 6384 5914 
3788 4888 5505 5303 
3789 4736 6198 4696 
3790 2068 4131 1672 
3791 5013 6359 4599 
3792 6080 6399 4933 
3793 3986 4059 3994 
3794 5746 6634 4634 
3795 4376 4377 4375 
3796 5538 6439 5539 
3797 3883 5833 3913 
3798 3921 6795 5442 
3799 2266 4224 2464 
3800 4664 4665 4663 
3801 1386 4142 1320 
3802 3977 3979 3978 
3803 5757 6666 4531 
3804 4374 4375 4373 
3805 5032 6276 5566 
3806 1364 5953 1309 
3807 1144 5927 836 
3808 2035 4172 1727 
3809 4047 4541 4049 
3810 4682 6034 4680 
3811 4005 5986 3996 
3812 4507 4509 4508 
3813 338 6578 5 
3814 5 6578 339 
3815 4875 5933 5024 
3816 5488 5713 5081 
3817 4641 4899 4642 
3818 4050 5965 4048 
3819 4816 5922 5254 
3820 5642 6701 6218 
3821 5091 5093 5092 
3822 4168 6006 4095 
3823 320 6585 4 
3824 4 6585 321 
3825 5777 6430 5477 
3826 356 6586 6 
3827 6 6586 357 
3828 2486 3963 2541 
3829 4471 6002 5033 
3830 4301 6168 4304 
3831 1309 4129 1287 
3832 4792 6589 4540 
3833 5740 6586 3917 
3834 3975 3977 3976 
3835 5463 6839 5953 
3836 4815 5922 4816 
3837 4243 4244 4242 
3838 5057 5938 5141 
3839 5759 6580 4588 
3840 4033 5778 3014 
3841 5136 6562 6140 
3842 1155 4318 1144 
3843 4165 5879 4193 
3844 5776 6426 6308 
3845 4912 6277 4908 
3846 4630 6748 4632 
3847 5633 5901 5202 
3848 5099 6014 5101 
3849 5705 6060 4606 
3850 4967 5963 4968 
3851 3025 5755 4033 
3852 5107 6095 5665 
3853 3891 6282 5575 
3854 5933 6718 5358 
3855 5683 6712 6428 
3856 4039 6053 4041 
3857 4239 4241 4240 
3858 5958 6299 5957 
3859 4346 4499 4498 
3860 5524 6530 6460 
3861 6305 6406 5979 
3862 4500 5715 4616 
3863 3685 5748 5712 
3864 4166 5091 4624 
3865 3355 5951 3179 
3866 4370 5798 4299 
3867 5212 6483 5259 
3868 616 5700 627 
3869 3311 6381 5789 
3870 4972 5922 4815 
3871 1397 6177 1210 
3872 4469 5917 3946 
3873 2090 5936 2035 
3874 342 6056 343 
3875 3946 5917 3949 
3876 4529 4530 4528 
3877 5205 5408 5023 
3878 4058 5824 4054 
3879 4891 5644 3940 
3880 583 5610 594 
3881 3179 4017 3080 
3882 4309 6202 4312 
3883 4556 4830 4619 
3884 5398 6158 6030 
3885 6320 6435 5615 
3886 5583 6726 4559 
3887 5093 5935 5094 
3888 6224 6444 4016 
3889 6147 6477 5403 
3890 4974 6059 4964 
3891 4358 6035 5752 
3892 4516 6694 6301 
3893 1859 6008 1826 
3894 4496 6389 4608 
3895 4372 6096 5876 
3896 4623 5942 4797 
3897 4717 6623 5775 
3898 4036 6050 4037 
3899 3190 5823 3146 
3900 4469 5918 5917 
3901 4525 4526 4524 
3902 5758 6549 5731 
3903 5921 5922 4972 
3904 5944 6026 4975 
3905 1881 6028 1870 
3906 374 6594 3 
3907 3 6594 303 
3908 3955 4583 3951 
3909 4964 6059 4983 
3910 4089 4100 4099 
3911 5862 6339 6290 
3912 5910 6600 5545 
3913 5199 6206 5526 
3914 4376 4381 4377 
3915 5619 6481 5432 
3916 5062 6313 6310 
3917 5598 5643 5088 
3918 4365 4451 4450 
3919 4372 4373 4371 
3920 4772 4888 4555 
3921 4600 6004 4601 
3922 4431 4433 4432 
3923 4009 4372 4371 
3924 4031 4554 4036 
3925 4161 4178 4177 
3926 5788 6609 6296 
3927 4216 4220 4217 
3928 4527 4528 4526 
3929 4332 6709 5792 
3930 5116 5959 5766 
3931 3927 6104 3929 
3932 4520 6464 5945 
3933 4094 4095 4093 
3934 3971 3973 3972 
3935 352 6099 353 
3936 4796 5135 4721 
3937 4361 4362 4349 
3938 3256 5809 3245 
3939 4638 4865 4864 
3940 4374 4376 4375 
3941 5481 6831 5567 
3942 4080 6170 4078 
3943 5270 5991 5034 
3944 4083 4084 4080 
3945 4531 4532 4530 
3946 4186 6527 6370 
3947 6189 6588 5763 
3948 5634 6212 4307 
3949 4554 4772 4555 
3950 1771 5952 2090 
3951 5499 6774 5498 
3952 5309 6488 4687 
3953 5084 6647 5652 
3954 5497 6385 5623 
3955 5478 6288 5601 
3956 4830 4831 4619 
3957 4486 5997 4484 
3958 3975 4223 3977 
3959 4440 5982 4442 
3960 6018 6810 5291 
3961 4660 4661 4659 
3962 5625 6442 4202 
3963 4547 6632 5571 
3964 5081 6702 4838 
3965 5561 6759 6675 
3966 4545 6362 6231 
3967 5105 6095 5107 
3968 4715 6002 4422 
3969 5041 6267 5042 
3970 4652 4721 4578 
3971 5779 6653 5399 
3972 4680 6034 4690 
3973 4831 6576 5705 
3974 4372 4374 4373 
3975 2156 5870 2442 
3976 4935 5754 4841 
3977 6397 6469 5301 
3978 6274 6692 5990 
3979 5604 6733 5239 
3980 3988 5863 3982 
3981 4092 4094 4093 
3982 4484 5997 4650 
3983 4554 4555 4036 
3984 1738 5968 1848 
3985 4394 6501 5879 
3986 3983 6560 6033 
3987 5068 6318 5167 
3988 4375 5915 4373 
3989 4752 4754 4753 
3990 5490 6714 5459 
3991 4804 5983 4947 
3992 4439 5995 5049 
3993 5810 6379 4618 
3994 5044 6055 5646 
3995 4238 4239 4237 
3996 4382 6021 4376 
3997 5645 6484 4775 
3998 4454 6551 5233 
3999 4682 6648 6034 
4000 4591 5702 5701 
4001 4105 5960 4182 
4002 4735 4860 4802 
4003 4426 5995 4428 
4004 4477 6162 6044 
4005 5139 6188 5056 
4006 4026 4030 4028 
4007 4938 4939 4799 
4008 3443 5994 4018 
4009 6066 6658 4674 
4010 4551 4556 4553 
4011 5696 6809 5280 
4012 5233 6715 4361 
4013 4700 4986 4985 
4014 5591 6817 3991 
4015 4008 4604 4003 
4016 3959 4196 3957 
4017 5658 6147 5403 
4018 360 6124 361 
4019 4890 5248 5146 
4020 4632 4633 4630 
4021 5482 6519 5481 
4022 5431 6794 6761 
4023 1848 4173 1771 
4024 5017 6274 5635 
4025 4272 4506 4269 
4026 4052 6134 4050 
4027 4613 5995 4426 
4028 4135 6367 4136 
4029 3795 3885 3773 
4030 6219 6573 5343 
4031 5615 6435 5614 
4032 4936 5978 4937 
4033 5277 5278 4939 
4034 4171 6263 5762 
4035 4422 6002 4251 
4036 4188 5970 4253 
4037 5015 6522 5747 
4038 5419 6248 5420 
4039 5413 5444 5076 
4040 5263 6433 5265 
4041 3901 6356 5919 
4042 4937 5978 5147 
4043 5279 6095 5105 
4044 5819 6318 5082 
4045 2101 6020 1738 
4046 4435 5970 4204 
4047 5887 6205 5402 
4048 3454 4989 3267 
4049 3388 6018 3190 
4050 3888 5833 3597 
4051 5493 6412 5495 
4052 4910 6707 6296 
4053 5101 6014 5104 
4054 5714 5900 5358 
4055 4704 5991 4806 
4056 4968 5963 5406 
4057 5632 6684 4451 
4058 4719 6314 4880 
4059 4490 5996 4488 
4060 4577 4578 4341 
4061 5831 6557 4886 
4062 4220 4254 4221 
4063 3245 5972 3201 
4064 5237 6323 5156 
4065 4077 4079 4078 
4066 4666 4667 4665 
4067 6364 6505 6363 
4068 5845 6836 5992 
4069 5071 5269 5070 
4070 737 5088 4337 
4071 4092 4093 3988 
4072 5828 5832 1078 
4073 5544 6743 5314 
4074 5061 6109 4974 
4075 4418 4420 4419 
4076 4556 4619 4553 
4077 4953 6501 5782 
4078 4947 5985 5595 
4079 4978 4979 4875 
4080 5585 6770 3895 
4081 4722 5890 4655 
4082 5258 6540 5439 
4083 4326 6201 6173 
4084 4651 6022 4483 
4085 3959 4197 4196 
4086 4592 4890 4889 
4087 4700 6118 4986 
4088 5582 6687 4339 
4089 4229 6035 4358 
4090 6414 6680 5346 
4091 4806 5983 4804 
4092 4398 4400 4256 
4093 4113 6655 3990 
4094 4625 5479 4626 
4095 6180 6670 4658 
4096 5497 5623 5622 
4097 4612 4837 4836 
4098 4979 6718 5933 
4099 4797 5942 4953 
4100 5283 5978 4936 
4101 4278 6246 4281 
4102 4069 6093 4070 
4103 5715 6728 4932 
4104 4063 5828 1012 
4105 4204 5970 4188 
4106 5151 6833 6467 
4107 5790 6193 4765 
4108 5161 5162 5160 
4109 4583 5981 5969 
4110 5617 6304 5593 
4111 4449 5982 4440 
4112 4703 5991 4704 
4113 3212 5768 5755 
4114 4627 6580 5759 
4115 5300 6375 6225 
4116 1001 5832 4388 
4117 5172 6514 5813 
4118 4930 4932 4731 
4119 4388 5834 990 
4120 5275 6379 6045 
4121 4262 6051 4261 
4122 4021 4589 4024 
4123 4127 6007 5538 
4124 3531 6012 5708 
4125 3991 6600 5591 
4126 6536 6798 4485 
4127 4475 4544 4476 
4128 4258 5272 4196 
4129 5838 6297 5418 
4130 946 5834 4387 
4131 4544 4809 4561 
4132 4696 6198 4694 
4133 5442 6795 5773 
4134 4691 6294 4725 
4135 4442 5982 4446 
4136 5158 6294 5161 
4137 3674 5127 3608 
4138 4544 4810 4809 
4139 4253 5970 5048 
4140 4938 5277 4939 
4141 5496 6463 6368 
4142 5420 6031 4796 
4143 5740 6393 358 
4144 3080 5967 3278 
4145 4208 4584 4343 
4146 5953 6839 4129 
4147 4233 4238 4237 
4148 4714 4938 4799 
4149 6073 6679 4462 
4150 3201 4914 3388 
4151 5322 6125 5690 
4152 5277 5431 5278 
4153 4668 4669 4667 
4154 4956 6158 5398 
4155 5613 6638 5385 
4156 5033 6325 5035 
4157 5226 5227 4640 
4158 4905 5070 4906 
4159 957 5835 3942 
4160 4494 5996 4490 
4161 5382 6254 5526 
4162 4873 6745 5436 
4163 5075 5076 5073 
4164 5229 5231 5227 
4165 5034 5991 4703 
4166 4698 6256 4729 
4167 3278 6011 3432 
4168 5412 5413 5076 
4169 4051 6090 4064 
4170 4384 5835 1188 
4171 4858 5555 5234 
4172 4466 6049 4195 
4173 4977 5517 5461 
4174 1045 6126 1089 
4175 5094 5935 5097 
4176 5805 6694 4790 
4177 4411 6118 4700 
4178 3432 4463 3366 
4179 5230 5235 5229 
4180 1276 6270 1628 
4181 5228 5229 5227 
4182 5196 5198 5192 
4183 6522 6743 5544 
4184 5135 5136 4721 
4185 6082 6219 4035 
4186 6336 6364 5292 
4187 4037 6050 4067 
4188 5070 5251 4906 
4189 1122 5841 4384 
4190 5146 6183 4889 
4191 4551 4553 4436 
4192 3894 6304 369 
4193 4395 4551 4436 
4194 4495 5997 4486 
4195 4596 4709 4647 
4196 5010 6259 5391 
4197 4251 6002 4471 
4198 4330 4576 4560 
4199 4844 6145 4944 
4200 306 6465 307 
4201 5088 5089 4337 
4202 4267 6128 5454 
4203 6457 6815 6456 
4204 4653 6135 4654 
4205 5474 6206 5199 
4206 2442 4218 2321 
4207 4208 4209 4185 
4208 4604 5910 5909 
4209 4342 4475 4474 
4210 4148 5841 1133 
4211 4000 6096 4009 
4212 4096 6477 6147 
4213 5829 6396 5173 
4214 5604 6292 5014 
4215 3942 5891 858 
4216 4733 6004 4600 
4217 4132 6499 5801 
4218 4901 5261 4899 
4219 4720 6752 6407 
4220 4584 4586 4585 
4221 4601 6318 5819 
4222 5564 6781 4074 
4223 5937 6216 4172 
4224 5498 6774 5750 
4225 5731 6585 3916 
4226 1540 5847 3944 
4227 6021 6762 5145 
4228 4681 4682 4680 
4229 5565 6274 5990 
4230 4500 6298 5715 
4231 3949 5917 3969 
4232 5348 5992 5347 
4233 4391 5864 979 
4234 4952 6753 5744 
4235 4586 4780 4778 
4236 4447 6258 5943 
4237 5489 6525 5168 
4238 4641 4901 4899 
4239 5144 6134 6133 
4240 4079 4083 4080 
4241 5675 6427 6049 
4242 6003 6511 304 
4243 4796 6031 5135 
4244 6226 6764 6227 
4245 1925 6279 1760 
4246 3936 6001 3934 
4247 4330 4331 4247 
4248 4488 5996 4495 
4249 5291 6357 5823 
4250 6198 6785 6615 
4251 4946 6826 4553 
4252 5254 6601 5456 
4253 5353 6216 5937 
4254 4503 6644 6404 
4255 4444 6258 4447 
4256 4321 6022 4435 
4257 1793 5853 3948 
4258 4780 5031 5016 
4259 4861 6689 4863 
4260 351 6190 352 
4261 4905 4906 4904 
4262 5801 6499 4405 
4263 4067 6053 4039 
4264 5125 5443 5124 
4265 1100 5850 4063 
4266 4451 4596 4595 
4267 5189 6451 5190 
4268 4428 5995 4439 
4269 3952 5858 1694 
4270 1496 6334 5728 
4271 3366 6023 3036 
4272 3421 4458 3113 
4273 4265 6757 6044 
4274 368 6348 3894 
4275 4635 6516 6232 
4276 4483 6022 4321 
4277 5955 6445 5251 
4278 5173 5831 5829 
4279 4640 4641 4598 
4280 5206 6600 5910 
4281 5867 5868 5866 
4282 3934 6001 4481 
4283 1034 5864 4386 
4284 5326 6763 5324 
4285 328 6243 329 
4286 4275 6246 4278 
4287 4582 5986 4005 
4288 5051 6061 5052 
4289 5316 6671 6436 
4290 3948 5894 2002 
4291 3944 5825 1606 
4292 1452 5861 3945 
4293 4342 4579 4475 
4294 4261 4395 4354 
4295 4193 6019 4167 
4296 4385 5847 1573 
4297 4591 5628 4300 
4298 4371 6082 4010 
4299 5273 5274 5272 
4300 3410 4264 3058 
4301 4243 4356 4246 
4302 4220 4597 4254 
4303 5720 6175 5072 
4304 3945 5884 1617 
4305 5096 6043 5099 
4306 5813 5826 5171 
4307 5027 5289 4753 
4308 4777 6249 5537 
4309 4870 5346 4869 
4310 6131 6646 4235 
4311 825 6319 5843 
4312 5630 5945 5131 
4313 4246 4330 4247 
4314 3993 6249 3999 
4315 3124 6046 3421 
4316 5688 6765 4833 
4317 4576 4732 4731 
4318 4819 6145 4820 
4319 5707 6604 5619 
4320 5773 6795 4896 
4321 4642 6495 4598 
4322 3113 6036 3069 
4323 5413 5947 5444 
4324 308 6371 3891 
4325 4018 5809 3256 
4326 5262 5543 5261 
4327 5564 6382 4643 
4328 4593 6187 4594 
4329 5856 6053 4067 
4330 4555 6050 4036 
4331 5216 6331 4885 
4332 4732 4931 4930 
4333 4791 5124 4790 
4334 4616 4869 4615 
4335 3751 5932 3888 
4336 4586 4778 4585 
4337 3036 4453 3124 
4338 3069 6048 3410 
4339 4243 4246 4244 
4340 4386 5873 1067 
4341 367 6796 6348 
4342 5483 6697 5482 
4343 4780 5016 4778 
4344 4401 5853 1716 
4345 2662 4324 2574 
4346 6062 6437 4926 
4347 6430 6806 5477 
4348 5599 5643 5598 
4349 4810 5202 4977 
4350 6521 6679 5409 
4351 5983 5985 4947 
4352 5031 5249 5016 
4353 5670 6320 5669 
4354 5782 6787 5504 
4355 5873 6699 5859 
4356 5919 6356 5112 
4357 4974 6109 6059 
4358 4197 4259 4258 
4359 4597 4598 4254 
4360 4693 4794 4793 
4361 5365 6187 5721 
4362 2574 6042 3003 
4363 4500 4615 4499 
4364 5716 6491 4613 
4365 3971 4646 3973 
4366 4932 6144 6039 
4367 4434 5292 5219 
4368 4931 5144 5086 
4369 4592 4859 4468 
4370 4467 4468 4308 
4371 5144 6133 5086 
4372 4889 5533 4859 
4373 5199 5526 5198 
4374 1903 5858 4390 
4375 4167 6019 4187 
4376 4765 6193 6103 
4377 5563 5564 4643 
4378 1782 3964 2101 
4379 5174 6198 4736 
4380 880 5891 4404 
4381 5830 5832 5828 
4382 5167 6598 5489 
4383 4901 5262 5261 
4384 5614 6369 5115 
4385 2761 4351 2772 
4386 4618 6826 5810 
4387 1914 5903 4401 
4388 4958 6779 6205 
4389 5821 6671 5316 
4390 4377 6024 4379 
4391 4856 6158 4857 
4392 4389 5861 1342 
4393 4533 4534 4532 
4394 5318 5319 4864 
4395 1331 5884 4396 
4396 3773 6025 3564 
4397 5798 6805 4299 
4398 4670 6237 6236 
4399 4072 5624 539 
4400 781 5873 4062 
4401 2024 5857 3952 
4402 6048 6374 4264 
4403 3929 6104 4166 
4404 5824 6132 4056 
4405 4344 6528 6256 
4406 4999 5001 5000 
4407 1705 5894 4403 
4408 4695 6256 4698 
4409 4195 6049 4180 
4410 4597 4640 4598 
4411 3996 6001 3936 
4412 5341 6614 5672 
4413 5313 6751 5736 
4414 4395 4436 4354 
4415 4379 6024 4649 
4416 3941 6430 4469 
4417 3912 5827 5693 
4418 4637 4803 4792 
4419 4829 4902 4245 
4420 4810 4977 4809 
4421 4392 5850 1199 
4422 6000 6062 4397 
4423 5296 5297 5153 
4424 3564 5892 3762 
4425 3058 6041 3344 
4426 4411 4421 4409 
4427 4824 6111 4574 
4428 4715 6325 6002 
4429 4187 6035 4229 
4430 5825 5881 1562 
4431 6124 6722 361 
4432 4208 4343 4209 
4433 4638 4864 4636 
4434 5075 6558 5412 
4435 4390 5874 1892 
4436 4738 5174 4736 
4437 4762 4763 4760 
4438 5786 6562 5136 
4439 4758 5067 4756 
4440 4376 6021 4381 
4441 3003 5380 2992 
4442 4888 6032 5505 
4443 792 5852 4391 
4444 2772 6047 2596 
4445 5142 6051 4262 
4446 1463 5881 4145 
4447 4261 4354 4259 
4448 4744 4808 4742 
4449 2530 6091 2156 
4450 5415 5630 5132 
4451 4174 5880 1815 
4452 4190 4200 4199 
4453 4194 6058 4102 
4454 5863 6074 3984 
4455 4940 5286 4785 
4456 4984 6219 6082 
4457 4605 6344 6321 
4458 5632 6487 5342 
4459 4748 4976 4746 
4460 4584 4585 4343 
4461 3984 6074 3986 
4462 3900 6267 5678 
4463 4546 4790 4518 
4464 4178 4189 4179 
4465 5298 5434 5297 
4466 5030 5208 5207 
4467 4865 5318 4864 
4468 4403 5897 1749 
4469 5842 6098 5469 
4470 6185 6414 5346 
4471 5180 6688 5745 
4472 4608 6314 4719 
4473 1529 5877 4385 
4474 4508 5133 4506 
4475 5861 6289 3945 
4476 4404 5913 847 
4477 4140 5860 1518 
4478 4132 5903 1683 
4479 4752 4753 4750 
4480 5390 6469 5949 
4481 2046 6075 1782 
4482 5436 5437 4873 
4483 3999 6249 4060 
4484 5126 6184 5367 
4485 4151 4155 4153 
4486 4568 6580 4627 
4487 4411 6324 6118 
4488 4060 4777 4069 
4489 4206 4341 4207 
4490 4574 6111 4572 
4491 4387 5818 1056 
4492 4931 5086 4930 
4493 2805 4671 2706 
4494 5040 6330 5661 
4495 4903 4905 4904 
4496 2926 6052 2761 
4497 4721 6140 4578 
4498 6136 6137 4957 
4499 4828 5445 4829 
4500 4070 6093 4077 
4501 4522 5798 4370 
4502 5964 6700 4581 
4503 3898 6455 5606 
4504 1826 4355 1804 
4505 4396 5882 1485 
4506 2618 6106 2662 
4507 5522 6197 5709 
4508 2079 5880 5857 
4509 4180 6049 4194 
4510 4300 6168 4301 
4511 5179 6677 6103 
4512 5902 6562 5012 
4513 5316 6436 5722 
4514 4145 5866 1507 
4515 4102 6058 4081 
4516 2123 6094 2475 
4517 5210 5212 5211 
4518 1551 5885 4140 
4519 539 5624 550 
4520 6133 6134 4055 
4521 4381 6024 4377 
4522 5378 5382 5381 
4523 2013 5874 4133 
4524 4049 6090 4051 
4525 6146 6147 5658 
4526 5953 6840 5463 
4527 5577 6441 5576 
4528 4777 4965 4069 
4529 1991 5897 4130 
4530 4987 6571 6022 
4531 3895 6480 327 
4532 5784 6418 4135 
4533 4281 4565 4283 
4534 4732 4930 4731 
4535 5123 6032 4772 
4536 5187 5188 5184 
4537 3344 4459 3333 
4538 4087 4206 4104 
4539 5048 6271 4711 
4540 4616 4870 4869 
4541 4870 5347 5346 
4542 2849 6087 2893 
4543 4056 6132 4089 
4544 4285 4566 4287 
4545 1254 5895 4389 
4546 5054 6563 5055 
4547 4041 6072 4043 
4548 4197 4258 4196 
4549 6322 6684 5342 
4550 2167 4679 2552 
4551 5035 6223 5451 
4552 4708 6302 6200 
4553 4238 4828 4245 
4554 4591 6257 5702 
4555 1804 6073 1661 
4556 4903 6265 5816 
4557 6002 6325 5033 
4558 4772 6032 4888 
4559 4291 4558 4293 
4560 4227 4538 4160 
4561 1947 5846 4174 
4562 6096 6309 6097 
4563 5013 6360 6359 
4564 1177 5913 4408 
4565 968 5886 4392 
4566 5262 6792 5543 
4567 5099 6043 6014 
4568 4341 4342 4207 
4569 4500 4616 4615 
4570 4308 6202 4309 
4571 5273 5275 5274 
4572 6427 6751 5567 
4573 5725 6663 4030 
4574 5612 5699 5610 
4575 5295 5881 5825 
4576 4572 6111 4588 
4577 6361 6769 5276 
4578 6114 6374 5236 
4579 5474 6153 6139 
4580 3958 6366 3959 
4581 2948 5197 2849 
4582 5750 6466 4590 
4583 4451 6684 4596 
4584 6005 6094 5795 
4585 4213 4222 4216 
4586 5908 6375 5300 
4587 4099 6611 4106 
4588 4158 4227 4160 
4589 6074 6108 4059 
4590 4079 4087 4083 
4591 1243 5904 4143 
4592 5118 6119 4586 
4593 5986 6001 3996 
4594 1661 4462 2046 
4595 4336 6537 4542 
4596 4536 6742 5620 
4597 5882 5904 1595 
4598 572 5625 4202 
4599 5860 5920 1298 
4600 4507 4508 4506 
4601 1639 5907 4144 
4602 4966 5719 4965 
4603 5866 5885 1375 
4604 4143 5926 1441 
4605 4238 4245 4239 
4606 770 5898 4141 
4607 4906 6242 4904 
4608 5097 6043 5096 
4609 5767 6771 4254 
4610 4304 6168 4467 
4611 5545 6600 3991 
4612 638 4407 649 
4613 5829 5830 5828 
4614 5663 6454 5472 
4615 4729 5085 4786 
4616 5728 6334 5727 
4617 4130 5929 1969 
4618 4162 4186 4184 
4619 4564 6500 5770 
4620 4687 6488 4692 
4621 5282 6640 6016 
4622 2739 5194 2794 
4623 5020 6468 6246 
4624 5374 5377 5376 
4625 3986 6074 4059 
4626 5693 5694 3887 
4627 5285 6793 5636 
4628 4330 4560 4331 
4629 5248 5266 5146 
4630 4844 4944 4846 
4631 4576 4731 4560 
4632 2904 6064 2805 
4633 4295 4591 4300 
4634 4206 4207 4104 
4635 2893 6088 2915 
4636 5214 6299 5958 
4637 4590 6466 6104 
4638 3146 5823 4020 
4639 5204 6749 5677 
4640 2596 6115 2783 
4641 4402 5907 1419 
4642 726 5088 737 
4643 5993 6271 5048 
4644 5647 6611 5648 
4645 4724 5888 4722 
4646 4261 6051 4395 
4647 5695 6112 3887 
4648 5854 6273 5424 
4649 3333 6084 3289 
4650 2816 6071 2926 
4651 4146 5878 869 
4652 4081 6058 4582 
4653 3979 6676 3981 
4654 4297 6512 5651 
4655 4637 4924 4803 
4656 4184 4208 4185 
4657 5813 6514 5886 
4658 5651 6512 6179 
4659 4227 4539 4538 
4660 4241 6086 4243 
4661 2563 5473 2695 
4662 4967 6700 5964 
4663 4241 4243 4242 
4664 4269 6128 4267 
4665 5169 6813 6455 
4666 4924 5201 5058 
4667 4754 5027 4753 
4668 1430 5926 4423 
4669 4587 6565 4548 
4670 6216 6657 5430 
4671 1408 5920 4147 
4672 3938 6430 3941 
4673 4610 6336 5292 
4674 4539 4636 4540 
4675 1936 5934 4405 
4676 4825 6251 6165 
4677 2992 6063 2959 
4678 2871 6100 2739 
4679 924 5911 4146 
4680 4848 5308 4850 
4681 5704 6753 5600 
4682 5868 5885 5866 
4683 4346 4500 4499 
4684 4393 5886 1111 
4685 2552 6117 2365 
4686 4189 6244 4190 
4687 1958 5939 5846 
4688 4087 4104 4083 
4689 5559 6568 4795 
4690 4885 6331 4718 
4691 1980 5929 4429 
4692 5513 6543 5510 
4693 5878 5898 814 
4694 4408 5957 1166 
4695 4675 6438 6121 
4696 3806 6015 3795 
4697 2585 4478 2618 
4698 5651 6704 5359 
4699 4108 4116 4115 
4700 5729 6297 5838 
4701 4144 6177 1397 
4702 5443 6281 5124 
4703 3914 5932 3487 
4704 1584 5923 4402 
4705 5145 6762 5493 
4706 2453 6076 2167 
4707 5529 6243 5531 
4708 4890 5146 4889 
4709 4399 6494 6245 
4710 5810 6826 4946 
4711 4505 4629 4504 
4712 4903 4904 4902 
4713 4414 6247 5117 
4714 6206 6349 5381 
4715 4304 4467 4308 
4716 4420 4536 4535 
4717 1210 6177 5877 
4718 4777 4966 4965 
4719 4457 5928 3135 
4720 3904 6563 5689 
4721 5252 5924 5805 
4722 4692 5457 4945 
4723 5351 6634 5746 
4724 5080 6513 5940 
4725 5142 6680 6414 
4726 4995 4997 4996 
4727 4131 5934 1672 
4728 2706 6149 2937 
4729 4258 5273 5272 
4730 5745 6688 5038 
4731 5906 5911 891 
4732 4312 6202 5143 
4733 2365 4685 2530 
4734 4591 5701 5628 
4735 6019 6035 4187 
4736 4139 5906 1650 
4737 5082 6318 5068 
4738 4423 5948 1221 
4739 572 4202 583 
4740 2783 4353 2871 
4741 4541 6090 4049 
4742 5417 6266 5123 
4743 6381 6786 5789 
4744 4166 6104 5091 
4745 5965 6717 4097 
4746 5469 6098 5450 
4747 4235 6802 6131 
4748 902 6116 803 
4749 4047 6141 4541 
4750 4622 6548 6278 
4751 5818 5852 913 
4752 4802 5013 4599 
4753 6424 6776 5271 
4754 4539 4540 4538 
4755 4636 4637 4540 
4756 5359 6704 5634 
4757 5077 6713 6441 
4758 4172 5939 1727 
4759 4035 6218 4014 
4760 4009 6096 4372 
4761 5293 6445 5955 
4762 4673 6574 6064 
4763 2981 4673 2904 
4764 4429 5953 1364 
4765 5189 5190 5188 
4766 3289 4461 3168 
4767 2068 5930 4131 
4768 2860 6152 2563 
4769 5271 6776 5757 
4770 5394 6007 5133 
4771 4852 4926 4854 
4772 1474 6380 1265 
4773 4129 5946 1287 
4774 5712 6083 3884 
4775 2475 4347 1881 
4776 6682 6799 5690 
4777 4142 5923 1320 
4778 5027 5290 5289 
4779 4956 5398 5120 
4780 1089 4424 902 
4781 5607 6711 5676 
4782 2915 4352 2816 
4783 4365 4450 4362 
4784 4089 6132 4100 
4785 3674 5732 5127 
4786 4273 6008 1859 
4787 4043 6072 4057 
4788 6051 6414 4552 
4789 1386 5948 4142 
4790 4543 6595 5440 
4791 5676 6711 5884 
4792 5164 5371 5370 
4793 4592 6515 4890 
4794 4281 6246 4565 
4795 4700 4963 4421 
4796 5236 6374 5629 
4797 2178 4684 2453 
4798 4603 6443 6347 
4799 6456 6815 5175 
4800 5201 5312 5058 
4801 836 5927 4393 
4802 4592 4889 4859 
4803 4711 6271 5365 
4804 1870 6028 4273 
4805 2189 6110 2178 
4806 3300 5928 4456 
4807 4627 6241 5954 
4808 1309 5953 4129 
4809 4980 4981 4979 
4810 4986 5137 4985 
4811 4045 6141 4047 
4812 4446 6258 4444 
4813 935 6319 825 
4814 6360 6361 4701 
4815 6059 6109 3890 
4816 3991 6333 3967 
4817 2607 6161 2585 
4818 4209 6038 4211 
4819 4720 6754 6752 
4820 2035 5936 4172 
4821 4409 6247 4410 
4822 4200 4255 4201 
4823 4581 6435 5964 
4824 4433 4610 4434 
4825 4625 6493 5479 
4826 4333 4411 4409 
4827 4467 4592 4468 
4828 6053 6072 4041 
4829 4965 6093 4069 
4830 6351 6648 4682 
4831 6108 6463 5496 
4832 5708 5709 4034 
4833 4589 6701 5799 
4834 5954 6241 4971 
4835 6467 6833 5152 
4836 4858 5234 4768 
4837 5407 6277 4912 
4838 5042 6267 5527 
4839 4809 6176 4561 
4840 4316 4605 4319 
4841 5938 6563 3904 
4842 4778 6146 4779 
4843 5879 6674 4193 
4844 550 4203 561 
4845 5333 6228 5560 
4846 4526 4871 4524 
4847 5484 6717 5965 
4848 6062 6686 5253 
4849 5485 6281 4111 
4850 2838 6120 2981 
4851 4059 6309 3994 
4852 4133 6279 1925 
4853 2794 6172 2882 
4854 1155 5957 4318 
4855 5853 5854 3948 
4856 6175 6235 4155 
4857 4924 5058 4803 
4858 3168 6129 3157 
4859 5444 6164 5076 
4860 5557 6346 6233 
4861 4514 4832 4512 
4862 5847 5848 3944 
4863 5240 6588 6189 
4864 5291 6810 5729 
4865 4456 5951 3355 
4866 1628 6270 4134 
4867 5708 6012 5710 
4868 4161 6293 4178 
4869 1232 6334 1496 
4870 4828 4829 4245 
4871 4729 6256 5085 
4872 4783 6171 4762 
4873 4985 5734 4963 
4874 3234 6381 3311 
4875 4031 6156 4554 
4876 4829 4903 4902 
4877 5946 6270 1276 
4878 4468 6202 4308 
4879 4312 5143 4314 
4880 5654 5744 5704 
4881 5628 6168 4300 
4882 5857 6192 3952 
4883 4588 6580 4570 
4884 4907 5889 5888 
4885 5723 6221 5317 
4886 4057 6141 4045 
4887 3957 6151 3955 
4888 5755 6154 4033 
4889 4661 4664 4663 
4890 4765 6103 4519 
4891 5446 6194 5765 
4892 2959 4325 2860 
4893 4318 5927 1144 
4894 3454 5778 4989 
4895 2937 4674 2970 
4896 5212 5259 5258 
4897 4880 6314 4970 
4898 5384 6559 5711 
4899 3994 6309 4000 
4900 4825 4826 4633 
4901 5137 6744 6650 
4902 4255 4398 4256 
4903 5311 6823 5875 
4904 4024 6163 4026 
4905 4160 6293 4161 
4906 5047 6821 5696 
4907 5858 5988 4390 
4908 4586 6119 4780 
4909 4028 6156 4031 
4910 358 6393 359 
4911 6014 6453 5104 
4912 5718 6406 5734 
4913 4581 6700 4580 
4914 6547 6725 5290 
4915 4896 6795 3923 
4916 5353 6657 6216 
4917 4773 6739 5960 
4918 5709 5987 5522 
4919 5894 6013 4403 
4920 4989 5994 3267 
4921 4255 4399 4398 
4922 4561 6176 4714 
4923 4536 5976 4535 
4924 4389 5862 5861 
4925 4645 6700 4967 
4926 5352 6417 6159 
4927 5539 6439 6301 
4928 4626 5563 4073 
4929 5129 6178 4940 
4930 5620 6825 5976 
4931 5357 6123 4982 
4932 4740 6179 4738 
4933 4530 4545 4528 
4934 5730 6647 5084 
4935 1760 6279 5930 
4936 6000 6437 6062 
4937 5276 6769 5802 
4938 6131 6802 4982 
4939 5569 6624 6311 
4940 5031 6284 5249 
4941 6181 6641 5332 
4942 5497 5622 4919 
4943 4557 4701 4534 
4944 4026 6163 4030 
4945 2827 6239 2948 
4946 6153 6691 6238 
4947 2717 4326 2607 
4948 5168 6713 5069 
4949 2090 5952 5936 
4950 3179 5951 4017 
4951 2673 4675 2838 
4952 5555 5999 5234 
4953 5741 6393 5740 
4954 4178 5256 4189 
4955 4669 4676 4672 
4956 6251 6540 5258 
4957 4091 4191 4066 
4958 3157 4265 3047 
4959 5038 6688 4862 
4960 5256 5257 4189 
4961 5930 6279 5480 
4962 2970 6150 2387 
4963 5874 5875 4133 
4964 748 6302 4707 
4965 5546 6346 4277 
4966 3975 6209 4223 
4967 5804 6524 5326 
4968 4657 4660 4659 
4969 6356 6723 5617 
4970 6246 6468 4565 
4971 5591 6600 5206 
4972 6294 6670 5161 
4973 4141 6319 935 
4974 4511 4513 4512 
4975 4808 6704 6377 
4976 4535 5976 4612 
4977 5306 5307 5216 
4978 5371 5373 5372 
4979 4125 5673 4122 
4980 5323 6555 5320 
4981 4062 6126 1045 
4982 5073 6164 4865 
4983 6198 6615 4694 
4984 4358 6625 4357 
4985 5134 6576 4830 
4986 4053 6696 4058 
4987 5036 6703 4792 
4988 4030 6156 4028 
4989 2695 6238 2640 
4990 4880 4970 4882 
4991 5914 6373 5215 
4992 6121 6782 6574 
4993 4716 6688 5180 
4994 5731 6549 322 
4995 5723 6838 6343 
4996 4254 6771 4221 
4997 5112 6356 5114 
4998 4020 6381 3234 
4999 4343 6038 4209 
5000 4087 6490 5774 
5001 5136 6140 4721 
5002 5373 5815 5374 
5003 4014 6218 4021 
5004 5781 6787 5782 
5005 3963 5795 2541 
5006 4243 6086 4356 
5007 4984 6573 6219 
5008 3895 6770 6061 
5009 6192 6693 6474 
5010 5729 5838 5065 
5011 2684 6160 2673 
5012 6132 6544 4773 
5013 6129 6757 4265 
5014 5662 6263 5452 
5015 336 6422 337 
5016 6448 6461 4155 
5017 1265 6380 5895 
5018 4962 6740 5637 
5019 2222 6122 2189 
5020 5708 5710 5709 
5021 4473 6470 6240 
5022 5244 5686 5245 
5023 5272 6151 4196 
5024 4145 5867 5866 
5025 6078 6410 6080 
5026 4402 5908 5907 
5027 5744 6102 4952 
5028 3047 6162 3399 
5029 4134 6380 1474 
5030 4908 6277 4907 
5031 4833 6664 4328 
5032 5059 6364 6336 
5033 4411 4700 4421 
5034 4932 6728 4731 
5035 3886 5761 5760 
5036 2629 6201 2717 
5037 5346 6680 4869 
5038 6033 6560 5202 
5039 5862 6289 5861 
5040 6060 6576 5134 
5041 5770 6378 4564 
5042 5796 6005 5795 
5043 5083 5084 4981 
5044 3906 6734 6124 
5045 6006 6368 4943 
5046 4963 6148 4421 
5047 4421 6247 4409 
5048 6125 6672 5387 
5049 6138 6139 4325 
5050 5356 5358 5357 
5051 4832 6341 4512 
5052 5231 6174 5227 
5053 5930 5931 4131 
5054 4367 5966 4653 
5055 4398 4602 4400 
5056 682 4363 693 
5057 4589 6163 4024 
5058 4806 6552 5771 
5059 4340 6423 6017 
5060 6398 6566 5166 
5061 4892 5062 4840 
5062 6424 6592 6217 
5063 4140 5887 5860 
5064 5518 6786 6357 
5065 5760 6255 3912 
5066 6278 6548 5356 
5067 3955 6151 4583 
5068 4423 5949 5948 
5069 4884 5468 5467 
5070 2882 4023 2684 
5071 5336 6678 5179 
5072 5158 5161 5160 
5073 5180 6325 4715 
5074 6195 6771 5767 
5075 5037 6602 5038 
5076 5024 5933 5900 
5077 4173 5952 1771 
5078 5504 6787 5783 
5079 6148 6305 5117 
5080 6524 6763 5326 
5081 4142 6225 5923 
5082 4147 6334 1232 
5083 4900 6590 4642 
5084 4865 6164 5318 
5085 6308 6426 4399 
5086 4000 6309 6096 
5087 5127 6012 3608 
5088 4508 5394 5133 
5089 5242 6776 5243 
5090 3399 4477 3102 
5091 4688 6351 4683 
5092 4369 6797 6208 
5093 6401 6721 4933 
5094 4664 4666 4665 
5095 5694 5695 3887 
5096 5289 6211 4753 
5097 4060 6249 4777 
5098 4511 4512 4509 
5099 5945 6464 5131 
5100 6482 6777 5582 
5101 4355 6807 6073 
5102 4414 5117 4416 
5103 6135 6136 4660 
5104 4709 5014 4647 
5105 2288 5763 2486 
5106 5052 6770 5054 
5107 4511 5802 4513 
5108 5792 6709 6248 
5109 5307 6331 5216 
5110 5814 6813 4983 
5111 4646 6210 6209 
5112 5502 6453 6014 
5113 5312 6608 6307 
5114 3817 5386 3806 
5115 5016 6146 4778 
5116 2387 6213 2343 
5117 5386 6215 6017 
5118 1848 5968 4173 
5119 4235 6646 5839 
5120 4063 5829 5828 
5121 4208 6370 4584 
5122 3973 6209 3975 
5123 3935 6806 3938 
5124 3190 6018 5823 
5125 4544 6234 4810 
5126 6049 6427 4194 
5127 2057 6499 4132 
5128 6318 6598 5167 
5129 5816 6291 5071 
5130 4641 6174 4901 
5131 4342 6167 4579 
5132 6065 6069 6067 
5133 5751 6749 5204 
5134 4756 6191 4754 
5135 5809 5972 3245 
5136 4907 6277 5889 
5137 4700 4985 4963 
5138 4760 6199 4758 
5139 4714 6176 4938 
5140 5347 6185 5346 
5141 5911 5912 4146 
5142 6045 6484 5275 
5143 5339 5754 4935 
5144 4746 6204 4744 
5145 3102 6182 3322 
5146 6085 6757 6129 
5147 4596 4647 4595 
5148 5936 5937 4172 
5149 5161 6670 6180 
5150 5243 6217 6029 
5151 4034 6197 5733 
5152 5374 5815 5377 
5153 4958 6205 5868 
5154 4750 6211 4748 
5155 4190 6244 4200 
5156 2651 4537 2629 
5157 4785 6207 4783 
5158 4392 5851 5850 
5159 4991 5497 4920 
5160 4404 5914 5913 
5161 5515 6592 6424 
5162 4287 6226 4289 
5163 4405 6499 1837 
5164 4283 6230 4285 
5165 4742 6377 4740 
5166 5539 5924 4125 
5167 4017 5967 3080 
5168 6067 6068 6066 
5169 3938 6806 6430 
5170 5794 6462 5190 
5171 4948 6165 5643 
5172 4837 6740 4836 
5173 4330 6269 4576 
5174 4021 6218 4589 
5175 4694 6615 4302 
5176 6446 6500 5205 
5177 4552 6414 6185 
5178 3942 6337 5891 
5179 4116 6327 6316 
5180 5203 6768 6541 
5181 6455 6813 5606 
5182 5120 6252 5331 
5183 4196 6151 3957 
5184 4506 6128 4269 
5185 5170 6802 4235 
5186 715 5598 726 
5187 4289 6227 4291 
5188 4677 4681 4680 
5189 4803 6306 5036 
5190 4578 6167 4341 
5191 5251 6445 4906 
5192 1738 6020 5968 
5193 5428 5429 4542 
5194 4821 6323 5618 
5195 2343 4219 2222 
5196 6368 6463 4943 
5197 5161 6180 5162 
5198 6065 6066 4671 
5199 5076 6164 5073 
5200 3322 4480 3091 
5201 4408 5958 5957 
5202 5295 6383 5881 
5203 4640 6174 4641 
5204 4666 4668 4667 
5205 4264 6374 6114 
5206 5990 6692 4836 
5207 4153 6235 4156 
5208 4116 6326 6288 
5209 627 5586 638 
5210 5077 6533 6111 
5211 6137 6479 5397 
5212 4902 6376 4245 
5213 4224 4225 3962 
5214 4513 4515 4514 
5215 5349 6634 5351 
5216 5403 6394 5235 
5217 4676 6355 4677 
5218 5433 6707 6481 
5219 5870 6091 5872 
5220 4136 6367 4149 
5221 5734 6406 4963 
5222 5205 6816 6446 
5223 2519 6659 2497 
5224 5070 6478 5251 
5225 5029 6791 5691 
5226 4791 5175 5125 
5227 5521 6523 5769 
5228 4436 6826 4618 
5229 6444 6582 5369 
5230 6345 6729 5875 
5231 1837 6499 2057 
5232 6017 6423 5916 
5233 5900 5933 5358 
5234 4674 6658 6150 
5235 4668 5961 4669 
5236 4957 6603 6136 
5237 4995 4996 4993 
5238 4534 4635 4532 
5239 5322 6672 6125 
5240 4171 6819 6263 
5241 6147 6629 4096 
5242 6228 6747 4769 
5243 2728 6260 2651 
5244 4418 4617 4420 
5245 2640 4214 2827 
5246 4999 5000 4997 
5247 5434 6009 5435 
5248 5795 6094 2123 
5249 5458 5660 4945 
5250 550 5624 4203 
5251 304 6511 305 
5252 4791 5125 5124 
5253 5005 5583 5000 
5254 3977 6661 3979 
5255 5283 6808 5978 
5256 4771 4978 4875 
5257 3762 5892 3914 
5258 5672 6716 4215 
5259 4754 6191 5027 
5260 5463 6613 5327 
5261 6104 6466 5091 
5262 4923 6550 5705 
5263 5227 6174 4640 
5264 5829 5831 5830 
5265 4919 5622 5087 
5266 4066 6287 4008 
5267 5456 6452 5255 
5268 4630 6250 4629 
5269 5600 6753 5616 
5270 4203 5625 561 
5271 4173 6159 5952 
5272 6187 6689 4861 
5273 6069 6612 6070 
5274 6074 6463 6108 
5275 4612 5976 4837 
5276 4387 6303 5818 
5277 6140 6167 4578 
5278 5027 6312 5290 
5279 3091 6224 2750 
5280 5133 6128 4506 
5281 6078 6080 6079 
5282 4668 5962 5961 
5283 4664 4957 4666 
5284 4465 6551 4454 
5285 4919 5087 4917 
5286 4546 4791 4790 
5287 6408 6709 4332 
5288 4231 6195 4233 
5289 4914 6018 3388 
5290 6338 6767 5449 
5291 4451 4595 4450 
5292 3201 5972 4914 
5293 5301 6756 4895 
5294 4915 5407 4912 
5295 4225 4599 3962 
5296 5261 6790 5608 
5297 5824 6544 6132 
5298 4341 6167 4342 
5299 5732 6105 5127 
5300 6295 6737 5226 
5301 3969 6261 3971 
5302 4846 6264 4848 
5303 4354 6253 4259 
5304 6121 6438 6432 
5305 6128 6775 5454 
5306 5833 6010 3913 
5307 5918 6261 5917 
5308 5319 6229 4864 
5309 3872 6687 4338 
5310 4293 6257 4295 
5311 5733 6197 5521 
5312 5357 6718 6123 
5313 4340 6434 6423 
5314 5863 6463 6074 
5315 4320 6538 5999 
5316 5312 6307 5058 
5317 4701 6421 6360 
5318 5371 5984 5373 
5319 5090 6510 4842 
5320 3971 6261 4646 
5321 605 4257 616 
5322 4907 5888 4724 
5323 5007 5119 5003 
5324 4298 6587 4369 
5325 4331 6298 4346 
5326 5434 5435 5297 
5327 5445 6265 4829 
5328 5622 6196 5087 
5329 6019 6793 5285 
5330 1826 6008 4355 
5331 4686 5309 4687 
5332 5916 6482 5212 
5333 4850 6272 4852 
5334 6288 6327 4116 
5335 704 4364 715 
5336 3991 6817 6333 
5337 5691 6791 6010 
5338 322 6549 323 
5339 5746 6657 5353 
5340 5852 6143 4391 
5341 5967 6011 3278 
5342 6587 6797 4369 
5343 2750 4016 2728 
5344 5537 6420 4966 
5345 5259 6483 6200 
5346 6191 6312 5027 
5347 4681 4686 4683 
5348 6020 6130 5968 
5349 4205 6536 4322 
5350 4259 6253 4258 
5351 4475 6234 4544 
5352 5381 6349 5541 
5353 4233 6195 4238 
5354 4637 6229 4924 
5355 3432 6011 4463 
5356 5104 6453 5279 
5357 4178 6293 5256 
5358 5994 6425 4018 
5359 4762 6171 4763 
5360 693 5703 704 
5361 6207 6208 6171 
5362 5280 6809 5827 
5363 4538 6293 4160 
5364 6378 6815 4498 
5365 5239 6733 5812 
5366 4647 4788 4595 
5367 5774 6490 6093 
5368 4948 4949 4826 
5369 4681 4683 4682 
5370 5178 6673 5660 
5371 4220 6295 4597 
5372 4579 6234 4475 
5373 5778 5779 4989 
5374 649 5764 660 
5375 4646 6209 3973 
5376 4560 6298 4331 
5377 5488 6572 5859 
5378 6403 6620 4631 
5379 4692 4945 4693 
5380 5178 5179 5177 
5381 5812 6733 6336 
5382 3885 6025 3773 
5383 4738 6179 5174 
5384 331 6651 332 
5385 5178 5336 5179 
5386 5246 6102 5223 
5387 3918 6578 338 
5388 4940 6178 5286 
5389 4349 6537 4336 
5390 5030 5207 5011 
5391 6307 6608 4717 
5392 5348 6335 5992 
5393 6064 6574 6065 
5394 5058 6307 6306 
5395 3915 6452 6003 
5396 4519 4706 4546 
5397 6449 6749 4191 
5398 4692 4693 4688 
5399 3915 6594 374 
5400 5142 6414 6051 
5401 5382 6206 5381 
5402 5526 5893 5198 
5403 4299 6805 4279 
5404 4156 6283 4158 
5405 3916 6585 320 
5406 6179 6377 5651 
5407 5782 6501 4394 
5408 594 5699 605 
5409 5192 6451 5189 
5410 6131 6647 6646 
5411 3964 6020 2101 
5412 3917 6586 356 
5413 5182 6237 5128 
5414 4618 6643 6253 
5415 4007 6754 4720 
5416 4463 6023 3366 
5417 803 6365 1023 
5418 3993 6655 6249 
5419 6021 6340 4381 
5420 5470 6820 6346 
5421 5783 6787 5781 
5422 6432 6782 6121 
5423 5193 6431 5822 
5424 4238 6195 4828 
5425 4202 6442 5611 
5426 6135 6479 6136 
5427 6571 6575 4435 
5428 5479 5635 4626 
5429 5493 6762 6412 
5430 3884 6203 5732 
5431 5018 6814 6409 
5432 6178 6285 5286 
5433 6113 6659 4226 
5434 5345 6465 5921 
5435 4504 6551 4465 
5436 4684 6078 6077 
5437 4708 5582 4339 
5438 4758 6199 5067 
5439 5557 6233 6231 
5440 4083 6317 4084 
5441 5767 6495 5445 
5442 4431 4603 4433 
5443 6412 6762 4382 
5444 5362 6624 5569 
5445 4794 5177 5176 
5446 4744 6204 4808 
5447 5514 6739 5513 
5448 5377 6652 5378 
5449 5175 5770 5125 
5450 5815 6390 4662 
5451 5382 6652 6254 
5452 5257 6244 4189 
5453 6164 6584 5318 
5454 4149 6448 4151 
5455 4748 6211 4976 
5456 4008 6287 4604 
5457 6146 6629 6147 
5458 5820 6737 4222 
5459 5917 6261 3969 
5460 5067 6191 4756 
5461 4347 6028 1881 
5462 5001 5005 5000 
5463 5457 5458 4945 
5464 4327 6630 4263 
5465 5602 6513 5080 
5466 5619 6604 6567 
5467 4763 6199 4760 
5468 371 6723 3901 
5469 5412 6407 5413 
5470 5250 6558 5075 
5471 3990 6655 3993 
5472 5876 6412 4382 
5473 361 6722 362 
5474 4406 6292 5604 
5475 5680 6829 5681 
5476 4864 6229 4636 
5477 4976 6204 4746 
5478 4669 5961 4676 
5479 5223 5655 5590 
5480 4509 6341 4508 
5481 6322 6505 4898 
5482 5131 6464 5129 
5483 4216 6295 4220 
5484 5496 6755 5494 
5485 4808 6377 4742 
5486 5286 6207 4785 
5487 5785 6556 6284 
5488 5542 6332 5339 
5489 6409 6814 5581 
5490 4346 6298 4500 
5491 5616 6801 4949 
5492 4141 6641 6181 
5493 3421 6046 4458 
5494 4753 6211 4750 
5495 5253 6554 6062 
5496 5962 6392 6391 
5497 4458 6036 3113 
5498 5365 6689 6187 
5499 4155 6235 4153 
5500 4538 6589 6293 
5501 4800 6672 5322 
5502 5515 6424 5271 
5503 4542 6630 4327 
5504 4356 6269 4246 
5505 3036 6023 4453 
5506 4566 6226 4287 
5507 5153 6415 5149 
5508 3913 6300 5806 
5509 3410 6048 4264 
5510 5655 5744 5654 
5511 5610 5699 594 
5512 2321 6569 2112 
5513 5235 6470 5229 
5514 4829 6265 4903 
5515 6050 6409 4067 
5516 4565 6230 4283 
5517 5184 6236 5182 
5518 6066 6149 4671 
5519 6664 6765 5457 
5520 5806 6328 3886 
5521 4285 6230 4566 
5522 4291 6227 4558 
5523 4258 6253 5273 
5524 5951 5977 4017 
5525 4155 6461 6175 
5526 6036 6048 3069 
5527 5269 6478 5070 
5528 4997 6155 4996 
5529 4636 6229 4637 
5530 5577 6533 6441 
5531 6369 6625 4358 
5532 6316 6327 5492 
5533 2156 6091 5870 
5534 6293 6589 5256 
5535 2442 5870 4218 
5536 4324 6042 2574 
5537 5091 6466 5093 
5538 4453 6046 3124 
5539 5608 6790 4085 
5540 6366 6710 3959 
5541 5779 6581 5287 
5542 5430 6657 5415 
5543 5292 6363 5219 
5544 5155 6467 5552 
5545 671 5653 682 
5546 4079 6490 4087 
5547 4930 6596 4932 
5548 6139 6152 4325 
5549 4202 5610 583 
5550 4158 6283 4227 
5551 5018 6409 6050 
5552 6413 6742 4536 
5553 5826 6780 6329 
5554 6275 6678 5336 
5555 4692 6488 5457 
5556 5710 5987 5709 
5557 3795 6015 3885 
5558 4245 6376 4239 
5559 4239 6376 4241 
5560 6650 6744 5605 
5561 5060 6504 5931 
5562 4084 6326 4108 
5563 5202 6560 4977 
5564 4951 6801 4952 
5565 5541 6349 6138 
5566 5677 6816 5205 
5567 4115 6316 4118 
5568 4264 6041 3058 
5569 6474 6693 5268 
5570 4687 4688 4683 
5571 5547 6647 5730 
5572 4246 6269 4330 
5573 4629 6250 4827 
5574 726 5598 5088 
5575 6276 6778 5849 
5576 6639 6803 5385 
5577 4558 6257 4293 
5578 4794 5178 5177 
5579 4660 6603 4661 
5580 638 5586 4407 
5581 3003 6042 5380 
5582 4517 4519 4518 
5583 4854 6437 4856 
5584 4213 6387 4222 
5585 4222 6295 4216 
5586 6266 6542 5123 
5587 4295 6257 4591 
5588 4319 6324 4333 
5589 4151 6448 4155 
5590 4125 5924 5673 
5591 5565 5989 5564 
5592 4362 6537 4349 
5593 4802 5310 5013 
5594 6111 6533 4588 
5595 5221 5246 5223 
5596 4783 6207 6171 
5597 5415 6657 5746 
5598 5267 6729 6345 
5599 5257 6245 6244 
5600 4351 6047 2772 
5601 5769 6523 4019 
5602 5424 6665 5854 
5603 6329 6780 6299 
5604 5265 6433 5536 
5605 5471 6461 6448 
5606 2662 6106 4324 
5607 5162 6262 5164 
5608 2761 6052 4351 
5609 5308 6315 6272 
5610 4104 6317 4083 
5611 5175 6378 5770 
5612 5870 5872 5871 
5613 4677 6355 4681 
5614 6352 6773 5468 
5615 3564 6025 5892 
5616 4962 5637 4960 
5617 4932 6596 6144 
5618 4515 4516 4514 
5619 4943 6463 5863 
5620 4513 4514 4512 
5621 660 5224 671 
5622 4277 6820 4274 
5623 4127 6775 6007 
5624 2200 6278 2409 
5625 5289 6725 6212 
5626 6296 6609 4910 
5627 5543 6790 5261 
5628 4944 6264 4846 
5629 6336 6733 5059 
5630 4740 6377 6179 
5631 4369 6667 6285 
5632 5005 5584 5583 
5633 4519 4546 4518 
5634 5823 6357 4020 
5635 1782 6075 3964 
5636 4570 6580 4568 
5637 5244 5245 4877 
5638 4116 6316 4115 
5639 6377 6704 5651 
5640 3828 6215 3817 
5641 5274 6837 5272 
5642 6180 6262 5162 
5643 5133 6775 6128 
5644 6240 6470 5235 
5645 4978 4980 4979 
5646 6304 6808 5593 
5647 5205 6500 5408 
5648 4450 5427 4362 
5649 5444 6584 6164 
5650 4686 4687 4683 
5651 4162 6497 4186 
5652 4735 4872 4860 
5653 4519 6103 4706 
5654 4768 6476 4766 
5655 5888 5890 4722 
5656 4307 6800 5634 
5657 5367 6758 6105 
5658 4687 4692 4688 
5659 5229 6470 5231 
5660 4848 6264 5308 
5661 6068 6658 6066 
5662 5835 6338 3942 
5663 627 5700 5586 
5664 5967 6057 6011 
5665 4629 4827 4734 
5666 4587 6637 6565 
5667 6069 6070 6067 
5668 4952 5247 4951 
5669 5308 6272 4850 
5670 5554 6386 5309 
5671 4314 6344 4316 
5672 5270 6690 6552 
5673 5369 6582 5869 
5674 5581 6814 5756 
5675 3344 6041 4459 
5676 4101 6611 4099 
5677 5089 6200 4337 
5678 5693 5827 5694 
5679 5634 6800 5359 
5680 4135 6418 6367 
5681 3952 6474 5858 
5682 5390 6627 6531 
5683 3914 5975 5932 
5684 5705 6576 6060 
5685 4108 6326 4116 
5686 6249 6655 5537 
5687 3894 6808 6304 
5688 5921 6601 5922 
5689 4515 4517 4516 
5690 5058 6306 4803 
5691 5398 6252 5120 
5692 4364 5703 5600 
5693 5900 6561 5024 
5694 5839 6646 5547 
5695 1089 6126 4424 
5696 6156 6663 5122 
5697 6065 6067 6066 
5698 4601 6598 6318 
5699 5210 5211 5208 
5700 4639 6755 6368 
5701 4949 6801 4951 
5702 5460 6724 6619 
5703 5013 6769 6361 
5704 339 6578 5950 
5705 6478 6717 5251 
5706 5677 6749 6449 
5707 4355 6073 1804 
5708 6346 6820 4277 
5709 3850 6434 3839 
5710 4241 6376 6086 
5711 5895 6339 4389 
5712 4390 6345 5874 
5713 5907 6354 4144 
5714 4407 5764 649 
5715 6057 6509 5433 
5716 4557 6421 4701 
5717 4852 6272 4926 
5718 5583 6155 5000 
5719 6047 6115 2596 
5720 4347 6029 6028 
5721 4077 6490 4079 
5722 6065 6574 6069 
5723 5744 6753 5704 
5724 4462 6075 2046 
5725 2332 4622 2200 
5726 5197 6087 2849 
5727 5571 6632 6542 
5728 6093 6490 4077 
5729 6226 6227 4289 
5730 4512 6341 4509 
5731 5426 5974 4860 
5732 5561 6675 6640 
5733 2926 6071 6052 
5734 5129 6464 6178 
5735 5380 6063 2992 
5736 5619 6553 6481 
5737 5292 6364 6363 
5738 2805 6064 4671 
5739 5757 6776 5242 
5740 6297 6804 5418 
5741 6242 6597 4904 
5742 4255 6494 4399 
5743 4684 6110 6078 
5744 5949 6627 5390 
5745 5756 6814 5303 
5746 4882 6352 4884 
5747 1661 6073 4462 
5748 4211 6387 4213 
5749 3963 5796 5795 
5750 5083 6351 6350 
5751 6438 6539 5822 
5752 6481 6707 5432 
5753 4257 5700 616 
5754 5016 6629 6146 
5755 4184 6370 4208 
5756 5534 6321 6166 
5757 4685 6091 2530 
5758 4401 6473 5853 
5759 4186 6370 4184 
5760 5765 6797 5447 
5761 4019 6541 5768 
5762 4333 6324 4411 
5763 5400 6715 5233 
5764 6353 6773 6352 
5765 6087 6088 2893 
5766 4191 6287 4066 
5767 5267 6345 5988 
5768 484 6382 396 
5769 5915 6573 4984 
5770 6431 6432 5822 
5771 4735 6745 4872 
5772 5565 5990 5989 
5773 5303 6637 5756 
5774 6286 6570 5062 
5775 4478 6106 2618 
5776 5626 6602 5037 
5777 3923 6795 3921 
5778 4613 6491 5995 
5779 4459 6084 3333 
5780 6194 6606 5067 
5781 4679 6117 2552 
5782 5055 6563 5938 
5783 3905 6601 5921 
5784 4671 6149 2706 
5785 5342 6487 4950 
5786 5097 6784 6040 
5787 5125 6446 5443 
5788 5297 6415 5153 
5789 5991 6552 4806 
5790 6133 6532 5086 
5791 5709 6197 4034 
5792 4203 6280 5625 
5793 4629 4734 4504 
5794 2475 6094 4347 
5795 4926 6437 4854 
5796 6192 6474 3952 
5797 5788 6296 5977 
5798 5858 6474 5988 
5799 5482 6642 6519 
5800 6079 6398 5166 
5801 2497 6447 2233 
5802 5340 6699 5837 
5803 4605 6324 4319 
5804 5611 5613 5612 
5805 5891 6373 4404 
5806 5941 6575 6571 
5807 6317 6326 4084 
5808 4528 6358 4526 
5809 5950 6578 3918 
5810 2167 6076 4679 
5811 5992 6836 5347 
5812 5208 6142 5207 
5813 5660 6673 4945 
5814 2739 6100 5194 
5815 5188 6236 5184 
5816 6150 6658 6214 
5817 5275 6643 6379 
5818 2486 5763 3963 
5819 6359 6360 5245 
5820 4611 6570 6286 
5821 4316 6344 4605 
5822 5881 6383 4145 
5823 3981 6676 4092 
5824 5874 6345 5875 
5825 6402 6403 5005 
5826 4827 5632 5400 
5827 2112 6698 2332 
5828 6083 6203 3884 
5829 6038 6387 4211 
5830 6677 6678 6457 
5831 4602 6443 4400 
5832 4264 6114 6041 
5833 5318 6485 5319 
5834 5258 5439 5211 
5835 6017 6215 4340 
5836 4827 5400 4734 
5837 4892 6313 5062 
5838 1023 4076 495 
5839 5428 6411 5429 
5840 5419 6420 6248 
5841 4545 6358 4528 
5842 5853 6473 5854 
5843 6298 6728 5715 
5844 5561 6640 5209 
5845 4970 6353 6352 
5846 6508 6669 5830 
5847 2783 6115 4353 
5848 5923 6375 4402 
5849 6170 6608 5312 
5850 6340 6714 4381 
5851 4673 6064 2904 
5852 6315 6834 4383 
5853 5270 6552 5991 
5854 5334 6618 6181 
5855 5567 6751 5313 
5856 4389 6339 5862 
5857 6078 6079 6077 
5858 4944 6388 6264 
5859 6106 6107 4324 
5860 4118 6497 4162 
5861 2365 6117 4685 
5862 6235 6283 4156 
5863 6124 6734 5260 
5864 5212 5258 5211 
5865 4353 6100 2871 
5866 5913 6384 4408 
5867 5085 6732 4786 
5868 6222 6510 5090 
5869 4352 6071 2816 
5870 4435 6575 5970 
5871 5995 6491 5049 
5872 5962 6391 5961 
5873 6003 6594 3915 
5874 4357 6625 4581 
5875 5287 6653 5779 
5876 5850 6396 4063 
5877 5988 6345 4390 
5878 5335 5898 5878 
5879 2915 6088 4352 
5880 5181 6828 6157 
5881 4827 6487 5632 
5882 5980 6738 5061 
5883 2563 6152 5473 
5884 4522 6662 5798 
5885 5005 6403 5584 
5886 4791 6456 5175 
5887 5611 5612 5610 
5888 6118 6419 4986 
5889 5586 5589 5587 
5890 5482 6697 6642 
5891 3289 6084 4461 
5892 5552 6442 6280 
5893 4620 6440 2420 
5894 5219 6363 5221 
5895 6367 6448 4149 
5896 5683 6550 6169 
5897 3959 6710 4197 
5898 5908 6354 5907 
5899 4985 6342 5734 
5900 5032 6778 6276 
5901 5290 6725 5289 
5902 4830 6576 4831 
5903 5875 6729 5311 
5904 4840 6570 4835 
5905 303 6594 6003 
5906 4033 6581 5778 
5907 5194 6172 2794 
5908 4653 6479 6135 
5909 4526 6358 4871 
5910 5948 6397 4142 
5911 4980 5083 4981 
5912 5396 6705 6426 
5913 5826 6329 5171 
5914 5143 6344 4314 
5915 2409 5355 2310 
5916 5198 6451 5192 
5917 4871 6662 4524 
5918 6092 6561 5872 
5919 5234 6476 4768 
5920 2585 6161 4478 
5921 5588 5764 4407 
5922 4684 6076 2453 
5923 5164 6262 5371 
5924 4993 6385 4991 
5925 5931 6504 5800 
5926 3911 6607 5748 
5927 4681 6355 4686 
5928 4532 6362 4530 
5929 4706 6677 6457 
5930 4917 6395 4915 
5931 5696 6731 5047 
5932 2948 6239 5197 
5933 5000 6155 4997 
5934 407 4643 484 
5935 6236 6237 5182 
5936 5044 6459 6055 
5937 6225 6375 5923 
5938 6137 6489 4957 
5939 5563 5565 5564 
5940 6532 6596 5086 
5941 4862 6688 4716 
5942 5173 6835 6557 
5943 3912 6255 5827 
5944 5185 6432 6431 
5945 4481 6697 5896 
5946 4133 6823 6279 
5947 4580 6700 4645 
5948 6196 6404 5087 
5949 4402 6375 5908 
5950 4706 6457 6456 
5951 6217 6592 4273 
5952 6004 6598 4601 
5953 4222 6737 6295 
5954 4363 5703 693 
5955 4869 6680 5597 
5956 4517 4518 4516 
5957 4960 4961 4072 
5958 5922 6601 5254 
5959 4400 6443 4431 
5960 5582 6483 6482 
5961 4977 6560 5517 
5962 2959 6063 4325 
5963 5836 6508 5542 
5964 5083 6350 5084 
5965 5846 6496 4174 
5966 5259 6251 5258 
5967 5775 6623 5329 
5968 5303 6814 5018 
5969 6447 6583 3966 
5970 5460 6619 5269 
5971 5377 6824 6652 
5972 5802 6769 5310 
5973 4873 5790 4872 
5974 5514 6798 6536 
5975 5690 6799 6668 
5976 6210 6708 6209 
5977 5854 6665 3948 
5978 2981 6120 4673 
5979 4145 6383 5867 
5980 4633 6250 4630 
5981 6126 6127 4424 
5982 5643 6165 5089 
5983 2937 6149 4674 
5984 5069 6713 5077 
5985 5966 6479 4653 
5986 5949 6397 5948 
5987 4146 6429 5878 
5988 5137 6342 4985 
5989 5429 6630 4542 
5990 5278 6556 5785 
5991 5848 6502 3944 
5992 5008 6731 5696 
5993 4364 5600 5599 
5994 5836 6669 6508 
5995 5366 6203 6083 
5996 6154 6581 4033 
5997 2178 6110 4684 
5998 5894 6665 6013 
5999 2376 6498 2288 
6000 5619 6567 6553 
6001 4461 6129 3168 
6002 5185 6612 6432 
6003 4142 6397 6225 
6004 5512 6798 5514 
6005 6411 6614 5341 
6006 5086 6596 4930 
6007 6088 6089 4352 
6008 6495 6590 5445 
6009 4325 6152 2860 
6010 5899 6548 4622 
6011 5473 6238 2695 
6012 6432 6438 5822 
6013 4424 6116 902 
6014 5248 6591 5266 
6015 4970 6352 4882 
6016 6151 6837 4583 
6017 6063 6138 4325 
6018 6407 6752 5413 
6019 5593 6808 5283 
6020 5457 6765 5458 
6021 5586 5587 4407 
6022 5249 6629 5016 
6023 6136 6603 4660 
6024 6031 6568 5135 
6025 5886 6514 4392 
6026 5260 6734 5270 
6027 4364 5598 715 
6028 5979 6406 5718 
6029 6064 6065 4671 
6030 5177 6193 5176 
6031 5242 6666 5757 
6032 5083 6648 6351 
6033 4707 4708 4339 
6034 4530 6362 4545 
6035 5123 6542 6032 
6036 4353 6436 6100 
6037 4952 6102 5247 
6038 5952 6417 5936 
6039 4143 6531 5926 
6040 4770 6721 6401 
6041 5970 6575 5048 
6042 5652 6647 6131 
6043 6007 6775 5133 
6044 4508 6341 5394 
6045 6615 6785 5281 
6046 3839 4340 3828 
6047 4560 6728 6298 
6048 4626 6788 5563 
6049 5885 6685 4140 
6050 5339 6332 5754 
6051 4926 6686 6062 
6052 4064 6696 4053 
6053 4867 6555 6290 
6054 5800 6504 5315 
6055 5624 6472 4203 
6056 4608 6389 6314 
6057 4326 6161 2607 
6058 5999 6538 5234 
6059 4877 6421 4557 
6060 5001 6402 5005 
6061 4664 6603 4957 
6062 4582 6519 5986 
6063 5612 6372 5699 
6064 6315 6686 6272 
6065 3942 6338 6337 
6066 5003 6402 5001 
6067 4675 6120 2838 
6068 682 5653 4363 
6069 5798 6662 6268 
6070 6242 6445 5293 
6071 6032 6632 5505 
6072 4423 6627 5949 
6073 6209 6708 4223 
6074 4111 6449 4091 
6075 4983 6813 5169 
6076 5371 6262 5984 
6077 4635 6362 4532 
6078 4906 6445 6242 
6079 4231 6771 6195 
6080 5936 6417 5937 
6081 6316 6497 4118 
6082 3944 6502 5825 
6083 4540 6589 4538 
6084 5306 6633 5307 
6085 3157 6129 4265 
6086 5356 5357 4621 
6087 6253 6643 5273 
6088 5088 5643 5089 
6089 6420 6610 4966 
6090 5386 6015 3806 
6091 4884 6352 5468 
6092 2189 6122 6110 
6093 4218 6569 2321 
6094 6157 6828 4814 
6095 6476 6538 5621 
6096 6022 6571 4435 
6097 5947 6595 5444 
6098 5269 6619 6517 
6099 6200 6302 4337 
6100 5333 6747 6228 
6101 5547 5730 5437 
6102 4404 6373 5914 
6103 4674 6150 2970 
6104 6169 6712 5683 
6105 5912 6429 4146 
6106 6459 6460 6055 
6107 5914 6384 5913 
6108 495 6493 440 
6109 6272 6686 4926 
6110 4202 5611 5610 
6111 4675 6121 6120 
6112 6519 6831 5481 
6113 6159 6417 5952 
6114 4946 6829 5810 
6115 4408 6384 5958 
6116 4223 6661 3977 
6117 5859 6699 5340 
6118 6252 6747 5331 
6119 5810 6829 5680 
6120 5587 5588 4407 
6121 704 5703 4364 
6122 4982 6440 4620 
6123 2882 6172 4023 
6124 451 6101 517 
6125 6337 6373 5891 
6126 5433 6481 6057 
6127 5586 5700 5589 
6128 5273 6643 5275 
6129 5047 6535 5717 
6130 5272 6837 6151 
6131 4221 6771 4231 
6132 2673 6160 4675 
6133 6299 6780 4318 
6134 5851 6396 5850 
6135 6245 6494 6244 
6136 4734 6551 4504 
6137 6285 6667 5286 
6138 605 5699 4257 
6139 5968 6450 4173 
6140 5176 6193 5808 
6141 6205 6779 5402 
6142 4872 5426 4860 
6143 6201 6818 6173 
6144 5087 6404 6395 
6145 4872 5790 5426 
6146 5173 6557 5831 
6147 5403 6477 6394 
6148 5266 6579 5146 
6149 5450 6633 5306 
6150 4951 5342 4950 
6151 2717 6201 4326 
6152 5732 6203 6105 
6153 5761 6255 5760 
6154 4265 6162 3047 
6155 6488 6664 5457 
6156 3886 6328 5761 
6157 5147 6796 5602 
6158 5062 6570 4840 
6159 4467 6515 4592 
6160 5686 6359 5245 
6161 5522 6636 5520 
6162 5988 6474 5268 
6163 5435 6415 5297 
6164 6179 6512 5174 
6165 5524 6460 6459 
6166 5778 6581 5779 
6167 4063 6396 5829 
6168 4949 4951 4950 
6169 4684 6077 6076 
6170 4553 6826 4436 
6171 4224 5855 4735 
6172 6290 6555 5323 
6173 6481 6553 6057 
6174 4392 6514 5851 
6175 4382 6762 6021 
6176 4836 6740 5990 
6177 5413 6752 5947 
6178 6130 6450 5968 
6179 5310 6769 5013 
6180 4173 6450 6159 
6181 4524 6662 4522 
6182 4966 6610 5719 
6183 6268 6662 4871 
6184 5427 6537 4362 
6185 5425 6683 6089 
6186 4991 6385 5497 
6187 4949 4950 4826 
6188 6343 6683 5425 
6189 5472 6691 6153 
6190 6054 6591 5248 
6191 5243 6424 6217 
6192 6617 6656 5266 
6193 4503 6695 6644 
6194 4023 6160 2684 
6195 4583 6837 5981 
6196 5903 6622 4401 
6197 5269 6517 6478 
6198 6150 6213 2387 
6199 4872 6745 4873 
6200 4788 6599 4595 
6201 5755 6768 6154 
6202 5288 6681 5890 
6203 4833 6765 6664 
6204 4225 4802 4599 
6205 5770 6446 5125 
6206 6472 6720 5551 
6207 5932 6507 3888 
6208 4091 6449 4191 
6209 5499 6784 5935 
6210 4982 6802 6440 
6211 5146 6579 6183 
6212 6150 6214 6213 
6213 5870 5871 4218 
6214 5418 6804 6425 
6215 5117 6645 4416 
6216 4236 4620 2134 
6217 6015 6016 3885 
6218 6519 6642 5986 
6219 4707 6302 4708 
6220 6482 6483 5212 
6221 3399 6162 4477 
6222 6360 6421 5245 
6223 4582 6831 6519 
6224 5307 6520 6331 
6225 2398 6440 5170 
6226 6280 6442 5625 
6227 6256 6528 5085 
6228 6030 6822 6000 
6229 5459 6714 6340 
6230 5981 6837 5274 
6231 6312 6606 4306 
6232 3948 6665 5894 
6233 5887 6685 6205 
6234 4621 4982 4620 
6235 6357 6786 4020 
6236 2398 5170 2277 
6237 5308 6834 6315 
6238 5926 6627 4423 
6239 4731 6728 4560 
6240 6368 6755 5496 
6241 5935 6774 5499 
6242 6107 6631 5383 
6243 5699 6372 4257 
6244 4273 6592 6008 
6245 4416 6645 4418 
6246 5841 6654 4384 
6247 5007 6766 5119 
6248 6478 6517 4097 
6249 4786 6732 4819 
6250 5211 6142 5208 
6251 5331 6747 5333 
6252 5989 6781 5564 
6253 4537 6201 2629 
6254 5378 6652 5382 
6255 6168 6515 4467 
6256 4214 6239 2827 
6257 5878 6429 5335 
6258 4364 5599 5598 
6259 4431 6443 4603 
6260 4418 6645 4617 
6261 4219 6122 2222 
6262 6330 6613 5463 
6263 4219 6410 6122 
6264 4874 6566 6398 
6265 5234 6538 6476 
6266 4915 6395 5407 
6267 6001 6642 4481 
6268 6642 6697 4481 
6269 5893 6451 5198 
6270 6469 6756 5301 
6271 4661 6603 4664 
6272 6523 6541 4019 
6273 6225 6397 5301 
6274 2640 6238 4214 
6275 5635 6788 4626 
6276 6075 6521 3964 
6277 4477 6182 3102 
6278 6010 6300 3913 
6279 4996 6385 4993 
6280 5825 6502 5295 
6281 5061 6738 6109 
6282 6086 6597 4356 
6283 6644 6695 5889 
6284 3901 6723 6356 
6285 6379 6643 4618 
6286 5818 6506 5852 
6287 6205 6685 5868 
6288 660 5764 5224 
6289 6441 6533 5077 
6290 5127 6758 6012 
6291 5087 6395 4917 
6292 4200 6494 4255 
6293 4596 6684 6322 
6294 5973 5989 4962 
6295 2343 6213 4219 
6296 6303 6506 5818 
6297 6251 6635 6165 
6298 6244 6494 4200 
6299 5439 6142 5211 
6300 440 4625 429 
6301 4963 6406 6148 
6302 5384 6818 6559 
6303 5214 6329 6299 
6304 6208 6534 6171 
6305 4387 6812 6303 
6306 4328 6827 6386 
6307 5534 6419 6321 
6308 5672 6614 6492 
6309 4214 6454 6239 
6310 4097 6717 6478 
6311 6186 6766 5009 
6312 5397 6479 5966 
6313 6391 6518 5961 
6314 3888 6783 5833 
6315 6116 6365 803 
6316 4401 6622 6473 
6317 6172 6539 4023 
6318 6238 6691 4214 
6319 5831 6508 5830 
6320 5768 6768 5755 
6321 6425 6804 4018 
6322 6013 6665 5424 
6323 4140 6685 5887 
6324 5614 6625 6369 
6325 5832 6669 4388 
6326 4396 6668 5882 
6327 3322 6182 4480 
6328 5220 6639 6405 
6329 5904 6682 4143 
6330 4193 6793 6019 
6331 5770 6500 6446 
6332 4706 6456 4546 
6333 6342 6650 4198 
6334 4989 6660 5994 
6335 5884 6711 4396 
6336 4381 6714 6024 
6337 4384 6767 5835 
6338 5868 6685 5885 
6339 2651 6260 4537 
6340 6020 6832 6130 
6341 5628 6515 6168 
6342 4794 6673 5178 
6343 5014 6492 4647 
6344 6612 6782 6432 
6345 6392 6545 5217 
6346 4062 6572 6126 
6347 5444 6595 6584 
6348 5224 5653 671 
6349 4642 6590 6495 
6350 5293 6735 6242 
6351 5463 6840 6330 
6352 6437 6822 4856 
6353 4017 6509 5967 
6354 4518 6694 4516 
6355 5040 6613 6330 
6356 6113 6583 6447 
6357 5449 6767 6654 
6358 5590 5655 5588 
6359 5898 6641 4141 
6360 6305 6645 5117 
6361 6061 6770 5052 
6362 5445 6590 6265 
6363 4236 4621 4620 
6364 4546 6456 4791 
6365 5119 6402 5003 
6366 5600 5616 5599 
6367 6165 6635 5089 
6368 6300 6328 5806 
6369 6520 6730 4609 
6370 5257 6703 6245 
6371 2145 4226 2519 
6372 6274 6788 5635 
6373 6081 6546 6092 
6374 4480 6224 3091 
6375 6173 6818 5384 
6376 6191 6606 6312 
6377 6271 6689 5365 
6378 5935 6784 5097 
6379 6620 6621 4631 
6380 5834 6812 4387 
6381 5927 6780 5826 
6382 5986 6642 6001 
6383 4383 6834 6388 
6384 5221 6363 5246 
6385 4534 6516 4635 
6386 6044 6757 5656 
6387 4030 6663 6156 
6388 6207 6667 6208 
6389 4693 6673 4794 
6390 5656 6757 6085 
6391 6284 6556 4470 
6392 6531 6627 5926 
6393 4701 6516 4534 
6394 4018 6804 5809 
6395 4945 6673 4693 
6396 5487 6741 6127 
6397 6254 6652 5609 
6398 4647 6492 4788 
6399 4020 6786 6381 
6400 5835 6767 6338 
6401 6171 6534 4763 
6402 6279 6823 5480 
6403 4016 6260 2728 
6404 6367 6418 5471 
6405 4873 5808 5790 
6406 4143 6682 6531 
6407 2750 6224 4016 
6408 6109 6738 5639 
6409 5994 6660 6425 
6410 5852 6506 6143 
6411 2233 3966 2376 
6412 4203 6472 6280 
6413 4515 6736 4517 
6414 4214 6691 6454 
6415 6212 6725 4307 
6416 4814 6401 6400 
6417 5426 6736 5974 
6418 5779 6660 4989 
6419 5974 6736 4515 
6420 6638 6639 5385 
6421 6062 6554 4397 
6422 5875 6823 4133 
6423 5977 6509 4017 
6424 5492 6497 6316 
6425 6423 6777 6482 
6426 5713 6702 5081 
6427 4617 6645 6305 
6428 5961 6518 4676 
6429 6159 6450 5354 
6430 5318 6584 6485 
6431 6127 6572 5488 
6432 5358 6718 5357 
6433 6011 6553 4463 
6434 5849 6778 5344 
6435 5299 6510 6222 
6436 5067 6606 6191 
6437 5967 6509 6057 
6438 5882 6799 5904 
6439 6058 6831 4582 
6440 5833 6783 6010 
6441 5174 6785 6198 
6442 6012 6758 5710 
6443 6584 6595 4543 
6444 5468 6773 6313 
6445 5471 6448 6367 
6446 3817 6215 5386 
6447 4676 6518 6355 
6448 5899 6772 5714 
6449 5175 6815 6378 
6450 5009 6766 5007 
6451 6591 6617 5266 
6452 6541 6768 5768 
6453 5411 6832 6521 
6454 5335 6641 5898 
6455 5815 6824 5377 
6456 6492 6614 4788 
6457 6230 6649 4566 
6458 6640 6675 6016 
6459 6218 6701 4589 
6460 5150 6750 6405 
6461 5419 6610 6420 
6462 6057 6553 6011 
6463 5437 5808 4873 
6464 6457 6678 5302 
6465 5407 6644 6277 
6466 6260 6559 4537 
6467 4433 6616 4610 
6468 5973 6781 5989 
6469 6626 6633 5450 
6470 5179 6678 6677 
6471 6250 6487 4827 
6472 5309 6827 6488 
6473 6534 6797 5765 
6474 4224 4735 4225 
6475 6405 6750 5218 
6476 6542 6632 6032 
6477 6319 6618 5843 
6478 4463 6567 6023 
6479 5296 6742 6413 
6480 6348 6796 5147 
6481 5047 6731 6727 
6482 5691 6783 6507 
6483 5245 6421 4877 
6484 6654 6767 4384 
6485 5587 5590 5588 
6486 4396 6711 6668 
6487 4925 6577 6273 
6488 4603 6616 4433 
6489 6569 6698 2112 
6490 5286 6667 6207 
6491 5224 5654 5653 
6492 5565 6788 6274 
6493 6512 6785 5174 
6494 6105 6758 5127 
6495 2497 6659 6447 
6496 5830 6669 5832 
6497 4429 6840 5953 
6498 6668 6799 5882 
6499 5503 6708 6210 
6500 4595 6599 4450 
6501 5302 6678 6275 
6502 6557 6835 4883 
6503 5347 6836 6185 
6504 5302 6815 6457 
6505 6546 6561 6092 
6506 5287 6581 6154 
6507 4318 6780 5927 
6508 6098 6626 5450 
6509 5975 6507 5932 
6510 385 4073 418 
6511 6579 6656 4176 
6512 4769 6747 6252 
6513 5047 6727 6535 
6514 5017 6692 6274 
6515 6126 6572 6127 
6516 5220 6803 6639 
6517 5694 6821 5695 
6518 6248 6709 5420 
6519 5420 6709 6408 
6520 5904 6799 6682 
6521 6182 6582 4480 
6522 5137 6650 6342 
6523 6023 6604 4453 
6524 5024 6561 6546 
6525 6154 6768 5203 
6526 6337 6338 5305 
6527 4980 6648 5083 
6528 4169 6617 6591 
6529 4825 6540 6251 
6530 6428 6712 4359 
6531 6130 6832 5411 
6532 5266 6656 6579 
6533 5405 6628 6114 
6534 6652 6824 5609 
6535 5827 6809 5694 
6536 5563 6788 5565 
6537 2288 6498 5763 
6538 6114 6628 6041 
6539 6041 6628 4459 
6540 4450 6599 5427 
6541 6106 6631 6107 
6542 6597 6735 4356 
6543 5584 6726 5583 
6544 3885 6675 6025 
6545 5560 6626 6098 
6546 3872 4338 3861 
6547 5243 6776 6424 
6548 2332 6698 4622 
6549 4933 6721 6398 
6550 4478 6631 6106 
6551 5513 6739 6544 
6552 5270 6734 6690 
6553 6208 6667 4369 
6554 5391 6328 6300 
6555 6010 6783 5691 
6556 3914 6760 5975 
6557 3964 6832 6020 
6558 6507 6783 3888 
6559 4814 6564 6401 
6560 5892 6760 3914 
6561 5259 6635 6251 
6562 6263 6819 5452 
6563 6277 6644 5889 
6564 5763 6588 3963 
6565 5165 6693 6192 
6566 3963 6588 5796 
6567 1023 6365 4076 
6568 6423 6482 5916 
6569 6388 6834 6264 
6570 6000 6822 6437 
6571 4356 6735 6269 
6572 6485 6584 4543 
6573 4914 6810 6018 
6574 5338 6506 6303 
6575 6069 6782 6612 
6576 6521 6832 3964 
6577 6100 6671 5194 
6578 4351 6838 6047 
6579 6546 6566 5024 
6580 6089 6683 4352 
6581 4856 6822 6158 
6582 6544 6739 4773 
6583 4814 6828 6564 
6584 4837 6825 5638 
6585 6436 6671 6100 
6586 6446 6816 5443 
6587 6440 6802 5170 
6588 4352 6683 6071 
6589 6189 6583 5244 
6590 5976 6825 4837 
6591 6473 6622 5455 
6592 6103 6677 4706 
6593 5166 6546 6081 
6594 6386 6827 5309 
6595 5447 6797 6587 
6596 4479 6773 6353 
6597 4622 6278 2200 
6598 6621 6748 4631 
6599 4898 6505 6364 
6600 6434 6777 6423 
6601 6690 6734 3906 
6602 4712 6621 6620 
6603 4662 6824 5815 
6604 5008 6811 6731 
6605 5554 6518 6391 
6606 5253 6686 6315 
6607 6553 6567 4463 
6608 6127 6741 4424 
6609 6633 6730 5307 
6610 6264 6834 5308 
6611 6531 6682 5438 
6612 6454 6691 5472 
6613 5389 6756 6469 
6614 6303 6812 5491 
6615 4340 6215 3828 
6616 2409 6278 5355 
6617 6158 6822 6030 
6618 6025 6759 5892 
6619 6208 6797 6534 
6620 3839 6434 4340 
6621 5166 6566 6546 
6622 4776 6730 6633 
6623 4643 6382 484 
6624 4776 6633 6626 
6625 6016 6675 3885 
6626 4424 6741 6116 
6627 6567 6604 6023 
6628 473 4074 462 
6629 4257 6746 5700 
6630 6200 6635 5259 
6631 5015 6743 6522 
6632 6280 6472 5551 
6633 5307 6730 6520 
6634 4226 6659 2519 
6635 6214 6830 6213 
6636 6535 6727 5006 
6637 4893 6763 6524 
6638 6333 6817 5448 
6639 506 6745 5855 
6640 5519 6541 6523 
6641 6668 6711 5607 
6642 6664 6827 4328 
6643 6242 6735 6597 
6644 3498 4339 3476 
6645 4219 6830 6410 
6646 6401 6564 4770 
6647 4076 6493 495 
6648 6301 6694 5805 
6649 5724 6746 6372 
6650 6488 6827 6664 
6651 3542 4707 3509 
6652 6010 6791 6300 
6653 5714 6548 5899 
6654 6559 6818 4537 
6655 6372 6746 4257 
6656 4537 6818 6201 
6657 6809 6821 5694 
6658 5871 6772 4218 
6659 6753 6801 5616 
6660 4218 6772 6569 
6661 6213 6830 4219 
6662 6425 6660 5399 
6663 6300 6791 5391 
6664 6748 6789 4631 
6665 2233 6447 3966 
6666 5089 6635 6200 
6667 6398 6721 4874 
6668 6564 6828 4702 
6669 440 6493 4625 
6670 6727 6731 5004 
6671 6447 6659 6113 
6672 3966 6498 2376 
6673 6759 6760 5892 
6674 5700 6746 5589 
6675 6675 6759 6025 
6676 6574 6782 6069 
6677 4632 6748 6621 
6678 4630 6789 6748 
6679 2431 4236 2134 
6680 5561 6760 6759 
6681 6731 6811 5004 
6682 6646 6647 5547 
6683 5899 6698 6569 
6684 6569 6772 5899 
6685 5696 6821 6809 
6686 4952 6801 6753 
6687 429 4073 385 
6688 396 4074 473 
6689 418 4643 407 
6690 462 6101 451 
6691 748 4707 3542 
6692 2244 5840 506 
6693 506 5855 2255 
6694 517 4959 528 
6695 517 6101 4959 
6696 2354 5840 2244 
6697 2255 4224 2266 
6698 2255 5855 4224 
6699 3509 4707 3498 
6700 4826 6250 4633 
6701 5247 5342 4951 
6702 5224 5764 5588 
6703 5380 6138 6063 
6704 5618 6037 5707 
2 1 3 3488
6705 28 29 1046 903 
6706 903 1046 1047 904 
6707 904 1047 1048 905 
6708 905 1048 1049 906 
6709 906 1049 1050 907 
6710 907 1050 1051 908 
6711 908 1051 1052 909 
6712 909 1052 1053 910 
6713 910 1053 1054 911 
6714 911 1054 1055 912 
6715 912 1055 1056 913 
6716 26 27 782 969 
6717 969 782 783 970 
6718 970 783 784 971 
6719 971 784 785 972 
6720 972 785 786 973 
6721 973 786 787 974 
6722 974 787 788 975 
6723 975 788 789 976 
6724 976 789 790 977 
6725 977 790 791 978 
6726 978 791 792 979 
6727 27 28 903 782 
6728 782 903 904 783 
6729 783 904 905 784 
6730 784 905 906 785 
6731 785 906 907 786 
6732 786 907 908 787 
6733 787 908 909 788 
6734 788 909 910 789 
6735 789 910 911 790 
6736 790 911 912 791 
6737 791 912 913 792 
6738 17 18 1013 485 
6739 485 1013 1014 486 
6740 486 1014 1015 487 
6741 487 1015 1016 488 
6742 488 1016 1017 489 
6743 489 1017 1018 490 
6744 490 1018 1019 491 
6745 491 1019 1020 492 
6746 492 1020 1021 493 
6747 493 1021 1022 494 
6748 494 1022 1023 495 
6749 18 19 793 1013 
6750 1013 793 794 1014 
6751 1014 794 795 1015 
6752 1015 795 796 1016 
6753 1016 796 797 1017 
6754 1017 797 798 1018 
6755 1018 798 799 1019 
6756 1019 799 800 1020 
6757 1020 800 801 1021 
6758 1021 801 802 1022 
6759 1022 802 803 1023 
6760 19 20 892 793 
6761 793 892 893 794 
6762 794 893 894 795 
6763 795 894 895 796 
6764 796 895 896 797 
6765 797 896 897 798 
6766 798 897 898 799 
6767 799 898 899 800 
6768 800 899 900 801 
6769 801 900 901 802 
6770 802 901 902 803 
6771 7 8 452 441 
6772 441 452 453 442 
6773 442 453 454 443 
6774 443 454 455 444 
6775 444 455 456 445 
6776 445 456 457 446 
6777 446 457 458 447 
6778 447 458 459 448 
6779 448 459 460 449 
6780 449 460 461 450 
6781 450 461 462 451 
6782 1 7 441 507 
6783 507 441 442 508 
6784 508 442 443 509 
6785 509 443 444 510 
6786 510 444 445 511 
6787 511 445 446 512 
6788 512 446 447 513 
6789 513 447 448 514 
6790 514 448 449 515 
6791 515 449 450 516 
6792 516 450 451 517 
6793 9 10 386 463 
6794 463 386 387 464 
6795 464 387 388 465 
6796 465 388 389 466 
6797 466 389 390 467 
6798 467 390 391 468 
6799 468 391 392 469 
6800 469 392 393 470 
6801 470 393 394 471 
6802 471 394 395 472 
6803 472 395 396 473 
6804 10 11 474 386 
6805 386 474 475 387 
6806 387 475 476 388 
6807 388 476 477 389 
6808 389 477 478 390 
6809 390 478 479 391 
6810 391 479 480 392 
6811 392 480 481 393 
6812 393 481 482 394 
6813 394 482 483 395 
6814 395 483 484 396 
6815 8 9 463 452 
6816 452 463 464 453 
6817 453 464 465 454 
6818 454 465 466 455 
6819 455 466 467 456 
6820 456 467 468 457 
6821 457 468 469 458 
6822 458 469 470 459 
6823 459 470 471 460 
6824 460 471 472 461 
6825 461 472 473 462 
6826 11 12 397 474 
6827 474 397 398 475 
6828 475 398 399 476 
6829 476 399 400 477 
6830 477 400 401 478 
6831 478 401 402 479 
6832 479 402 403 480 
6833 480 403 404 481 
6834 481 404 405 482 
6835 482 405 406 483 
6836 483 406 407 484 
6837 13 14 375 408 
6838 408 375 376 409 
6839 409 376 377 410 
6840 410 377 378 411 
6841 411 378 379 412 
6842 412 379 380 413 
6843 413 380 381 414 
6844 414 381 382 415 
6845 415 382 383 416 
6846 416 383 384 417 
6847 417 384 385 418 
6848 12 13 408 397 
6849 397 408 409 398 
6850 398 409 410 399 
6851 399 410 411 400 
6852 400 411 412 401 
6853 401 412 413 402 
6854 402 413 414 403 
6855 403 414 415 404 
6856 404 415 416 405 
6857 405 416 417 406 
6858 406 417 418 407 
6859 14 15 419 375 
6860 375 419 420 376 
6861 376 420 421 377 
6862 377 421 422 378 
6863 378 422 423 379 
6864 379 423 424 380 
6865 380 424 425 381 
6866 381 425 426 382 
6867 382 426 427 383 
6868 383 427 428 384 
6869 384 428 429 385 
6870 15 16 430 419 
6871 419 430 431 420 
6872 420 431 432 421 
6873 421 432 433 422 
6874 422 433 434 423 
6875 423 434 435 424 
6876 424 435 436 425 
6877 425 436 437 426 
6878 426 437 438 427 
6879 427 438 439 428 
6880 428 439 440 429 
6881 16 17 485 430 
6882 430 485 486 431 
6883 431 486 487 432 
6884 432 487 488 433 
6885 433 488 489 434 
6886 434 489 490 435 
6887 435 490 491 436 
6888 436 491 492 437 
6889 437 492 493 438 
6890 438 493 494 439 
6891 439 494 495 440 
6892 23 24 1057 771 
6893 771 1057 1058 772 
6894 772 1058 1059 773 
6895 773 1059 1060 774 
6896 774 1060 1061 775 
6897 775 1061 1062 776 
6898 776 1062 1063 777 
6899 777 1063 1064 778 
6900 778 1064 1065 779 
6901 779 1065 1066 780 
6902 780 1066 1067 781 
6903 24 25 1024 1057 
6904 1057 1024 1025 1058 
6905 1058 1025 1026 1059 
6906 1059 1026 1027 1060 
6907 1060 1027 1028 1061 
6908 1061 1028 1029 1062 
6909 1062 1029 1030 1063 
6910 1063 1030 1031 1064 
6911 1064 1031 1032 1065 
6912 1065 1032 1033 1066 
6913 1066 1033 1034 1067 
6914 25 26 969 1024 
6915 1024 969 970 1025 
6916 1025 970 971 1026 
6917 1026 971 972 1027 
6918 1027 972 973 1028 
6919 1028 973 974 1029 
6920 1029 974 975 1030 
6921 1030 975 976 1031 
6922 1031 976 977 1032 
6923 1032 977 978 1033 
6924 1033 978 979 1034 
6925 20 21 1079 892 
6926 892 1079 1080 893 
6927 893 1080 1081 894 
6928 894 1081 1082 895 
6929 895 1082 1083 896 
6930 896 1083 1084 897 
6931 897 1084 1085 898 
6932 898 1085 1086 899 
6933 899 1086 1087 900 
6934 900 1087 1088 901 
6935 901 1088 1089 902 
6936 21 22 1035 1079 
6937 1079 1035 1036 1080 
6938 1080 1036 1037 1081 
6939 1081 1037 1038 1082 
6940 1082 1038 1039 1083 
6941 1083 1039 1040 1084 
6942 1084 1040 1041 1085 
6943 1085 1041 1042 1086 
6944 1086 1042 1043 1087 
6945 1087 1043 1044 1088 
6946 1088 1044 1045 1089 
6947 22 23 771 1035 
6948 1035 771 772 1036 
6949 1036 772 773 1037 
6950 1037 773 774 1038 
6951 1038 774 775 1039 
6952 1039 775 776 1040 
6953 1040 776 777 1041 
6954 1041 777 778 1042 
6955 1042 778 779 1043 
6956 1043 779 780 1044 
6957 1044 780 781 1045 
6958 68 69 1453 1497 
6959 1497 1453 1454 1498 
6960 1498 1454 1455 1499 
6961 1499 1455 1456 1500 
6962 1500 1456 1457 1501 
6963 1501 1457 1458 1502 
6964 1502 1458 1459 1503 
6965 1503 1459 1460 1504 
6966 1504 1460 1461 1505 
6967 1505 1461 1462 1506 
6968 1506 1462 1463 1507 
6969 70 71 1596 1552 
6970 1552 1596 1597 1553 
6971 1553 1597 1598 1554 
6972 1554 1598 1599 1555 
6973 1555 1599 1600 1556 
6974 1556 1600 1601 1557 
6975 1557 1601 1602 1558 
6976 1558 1602 1603 1559 
6977 1559 1603 1604 1560 
6978 1560 1604 1605 1561 
6979 1561 1605 1606 1562 
6980 69 70 1552 1453 
6981 1453 1552 1553 1454 
6982 1454 1553 1554 1455 
6983 1455 1554 1555 1456 
6984 1456 1555 1556 1457 
6985 1457 1556 1557 1458 
6986 1458 1557 1558 1459 
6987 1459 1558 1559 1460 
6988 1460 1559 1560 1461 
6989 1461 1560 1561 1462 
6990 1462 1561 1562 1463 
6991 72 73 1563 1530 
6992 1530 1563 1564 1531 
6993 1531 1564 1565 1532 
6994 1532 1565 1566 1533 
6995 1533 1566 1567 1534 
6996 1534 1567 1568 1535 
6997 1535 1568 1569 1536 
6998 1536 1569 1570 1537 
6999 1537 1570 1571 1538 
7000 1538 1571 1572 1539 
7001 1539 1572 1573 1540 
7002 71 72 1530 1596 
7003 1596 1530 1531 1597 
7004 1597 1531 1532 1598 
7005 1598 1532 1533 1599 
7006 1599 1533 1534 1600 
7007 1600 1534 1535 1601 
7008 1601 1535 1536 1602 
7009 1602 1536 1537 1603 
7010 1603 1537 1538 1604 
7011 1604 1538 1539 1605 
7012 1605 1539 1540 1606 
7013 73 74 1519 1563 
7014 1563 1519 1520 1564 
7015 1564 1520 1521 1565 
7016 1565 1521 1522 1566 
7017 1566 1522 1523 1567 
7018 1567 1523 1524 1568 
7019 1568 1524 1525 1569 
7020 1569 1525 1526 1570 
7021 1570 1526 1527 1571 
7022 1571 1527 1528 1572 
7023 1572 1528 1529 1573 
7024 31 32 991 980 
7025 980 991 992 981 
7026 981 992 993 982 
7027 982 993 994 983 
7028 983 994 995 984 
7029 984 995 996 985 
7030 985 996 997 986 
7031 986 997 998 987 
7032 987 998 999 988 
7033 988 999 1000 989 
7034 989 1000 1001 990 
7035 30 31 980 936 
7036 936 980 981 937 
7037 937 981 982 938 
7038 938 982 983 939 
7039 939 983 984 940 
7040 940 984 985 941 
7041 941 985 986 942 
7042 942 986 987 943 
7043 943 987 988 944 
7044 944 988 989 945 
7045 945 989 990 946 
7046 29 30 936 1046 
7047 1046 936 937 1047 
7048 1047 937 938 1048 
7049 1048 938 939 1049 
7050 1049 939 940 1050 
7051 1050 940 941 1051 
7052 1051 941 942 1052 
7053 1052 942 943 1053 
7054 1053 943 944 1054 
7055 1054 944 945 1055 
7056 1055 945 946 1056 
7057 32 33 1068 991 
7058 991 1068 1069 992 
7059 992 1069 1070 993 
7060 993 1070 1071 994 
7061 994 1071 1072 995 
7062 995 1072 1073 996 
7063 996 1073 1074 997 
7064 997 1074 1075 998 
7065 998 1075 1076 999 
7066 999 1076 1077 1000 
7067 1000 1077 1078 1001 
7068 34 35 1090 1002 
7069 1002 1090 1091 1003 
7070 1003 1091 1092 1004 
7071 1004 1092 1093 1005 
7072 1005 1093 1094 1006 
7073 1006 1094 1095 1007 
7074 1007 1095 1096 1008 
7075 1008 1096 1097 1009 
7076 1009 1097 1098 1010 
7077 1010 1098 1099 1011 
7078 1011 1099 1100 1012 
7079 33 34 1002 1068 
7080 1068 1002 1003 1069 
7081 1069 1003 1004 1070 
7082 1070 1004 1005 1071 
7083 1071 1005 1006 1072 
7084 1072 1006 1007 1073 
7085 1073 1007 1008 1074 
7086 1074 1008 1009 1075 
7087 1075 1009 1010 1076 
7088 1076 1010 1011 1077 
7089 1077 1011 1012 1078 
7090 36 37 958 1189 
7091 1189 958 959 1190 
7092 1190 959 960 1191 
7093 1191 960 961 1192 
7094 1192 961 962 1193 
7095 1193 962 963 1194 
7096 1194 963 964 1195 
7097 1195 964 965 1196 
7098 1196 965 966 1197 
7099 1197 966 967 1198 
7100 1198 967 968 1199 
7101 37 38 1101 958 
7102 958 1101 1102 959 
7103 959 1102 1103 960 
7104 960 1103 1104 961 
7105 961 1104 1105 962 
7106 962 1105 1106 963 
7107 963 1106 1107 964 
7108 964 1107 1108 965 
7109 965 1108 1109 966 
7110 966 1109 1110 967 
7111 967 1110 1111 968 
7112 35 36 1189 1090 
7113 1090 1189 1190 1091 
7114 1091 1190 1191 1092 
7115 1092 1191 1192 1093 
7116 1093 1192 1193 1094 
7117 1094 1193 1194 1095 
7118 1095 1194 1195 1096 
7119 1096 1195 1196 1097 
7120 1097 1196 1197 1098 
7121 1098 1197 1198 1099 
7122 1099 1198 1199 1100 
7123 38 39 826 1101 
7124 1101 826 827 1102 
7125 1102 827 828 1103 
7126 1103 828 829 1104 
7127 1104 829 830 1105 
7128 1105 830 831 1106 
7129 1106 831 832 1107 
7130 1107 832 833 1108 
7131 1108 833 834 1109 
7132 1109 834 835 1110 
7133 1110 835 836 1111 
7134 39 40 1134 826 
7135 826 1134 1135 827 
7136 827 1135 1136 828 
7137 828 1136 1137 829 
7138 829 1137 1138 830 
7139 830 1138 1139 831 
7140 831 1139 1140 832 
7141 832 1140 1141 833 
7142 833 1141 1142 834 
7143 834 1142 1143 835 
7144 835 1143 1144 836 
7145 42 43 1167 1156 
7146 1156 1167 1168 1157 
7147 1157 1168 1169 1158 
7148 1158 1169 1170 1159 
7149 1159 1170 1171 1160 
7150 1160 1171 1172 1161 
7151 1161 1172 1173 1162 
7152 1162 1173 1174 1163 
7153 1163 1174 1175 1164 
7154 1164 1175 1176 1165 
7155 1165 1176 1177 1166 
7156 41 42 1156 1145 
7157 1145 1156 1157 1146 
7158 1146 1157 1158 1147 
7159 1147 1158 1159 1148 
7160 1148 1159 1160 1149 
7161 1149 1160 1161 1150 
7162 1150 1161 1162 1151 
7163 1151 1162 1163 1152 
7164 1152 1163 1164 1153 
7165 1153 1164 1165 1154 
7166 1154 1165 1166 1155 
7167 40 41 1145 1134 
7168 1134 1145 1146 1135 
7169 1135 1146 1147 1136 
7170 1136 1147 1148 1137 
7171 1137 1148 1149 1138 
7172 1138 1149 1150 1139 
7173 1139 1150 1151 1140 
7174 1140 1151 1152 1141 
7175 1141 1152 1153 1142 
7176 1142 1153 1154 1143 
7177 1143 1154 1155 1144 
7178 44 45 870 837 
7179 837 870 871 838 
7180 838 871 872 839 
7181 839 872 873 840 
7182 840 873 874 841 
7183 841 874 875 842 
7184 842 875 876 843 
7185 843 876 877 844 
7186 844 877 878 845 
7187 845 878 879 846 
7188 846 879 880 847 
7189 45 46 848 870 
7190 870 848 849 871 
7191 871 849 850 872 
7192 872 850 851 873 
7193 873 851 852 874 
7194 874 852 853 875 
7195 875 853 854 876 
7196 876 854 855 877 
7197 877 855 856 878 
7198 878 856 857 879 
7199 879 857 858 880 
7200 43 44 837 1167 
7201 1167 837 838 1168 
7202 1168 838 839 1169 
7203 1169 839 840 1170 
7204 1170 840 841 1171 
7205 1171 841 842 1172 
7206 1172 842 843 1173 
7207 1173 843 844 1174 
7208 1174 844 845 1175 
7209 1175 845 846 1176 
7210 1176 846 847 1177 
7211 48 49 1112 1178 
7212 1178 1112 1113 1179 
7213 1179 1113 1114 1180 
7214 1180 1114 1115 1181 
7215 1181 1115 1116 1182 
7216 1182 1116 1117 1183 
7217 1183 1117 1118 1184 
7218 1184 1118 1119 1185 
7219 1185 1119 1120 1186 
7220 1186 1120 1121 1187 
7221 1187 1121 1122 1188 
7222 46 47 947 848 
7223 848 947 948 849 
7224 849 948 949 850 
7225 850 949 950 851 
7226 851 950 951 852 
7227 852 951 952 853 
7228 853 952 953 854 
7229 854 953 954 855 
7230 855 954 955 856 
7231 856 955 956 857 
7232 857 956 957 858 
7233 47 48 1178 947 
7234 947 1178 1179 948 
7235 948 1179 1180 949 
7236 949 1180 1181 950 
7237 950 1181 1182 951 
7238 951 1182 1183 952 
7239 952 1183 1184 953 
7240 953 1184 1185 954 
7241 954 1185 1186 955 
7242 955 1186 1187 956 
7243 956 1187 1188 957 
7244 49 50 1123 1112 
7245 1112 1123 1124 1113 
7246 1113 1124 1125 1114 
7247 1114 1125 1126 1115 
7248 1115 1126 1127 1116 
7249 1116 1127 1128 1117 
7250 1117 1128 1129 1118 
7251 1118 1129 1130 1119 
7252 1119 1130 1131 1120 
7253 1120 1131 1132 1121 
7254 1121 1132 1133 1122 
7255 50 51 749 1123 
7256 1123 749 750 1124 
7257 1124 750 751 1125 
7258 1125 751 752 1126 
7259 1126 752 753 1127 
7260 1127 753 754 1128 
7261 1128 754 755 1129 
7262 1129 755 756 1130 
7263 1130 756 757 1131 
7264 1131 757 758 1132 
7265 1132 758 759 1133 
7266 53 54 760 925 
7267 925 760 761 926 
7268 926 761 762 927 
7269 927 762 763 928 
7270 928 763 764 929 
7271 929 764 765 930 
7272 930 765 766 931 
7273 931 766 767 932 
7274 932 767 768 933 
7275 933 768 769 934 
7276 934 769 770 935 
7277 52 53 925 815 
7278 815 925 926 816 
7279 816 926 927 817 
7280 817 927 928 818 
7281 818 928 929 819 
7282 819 929 930 820 
7283 820 930 931 821 
7284 821 931 932 822 
7285 822 932 933 823 
7286 823 933 934 824 
7287 824 934 935 825 
7288 51 52 815 749 
7289 749 815 816 750 
7290 750 816 817 751 
7291 751 817 818 752 
7292 752 818 819 753 
7293 753 819 820 754 
7294 754 820 821 755 
7295 755 821 822 756 
7296 756 822 823 757 
7297 757 823 824 758 
7298 758 824 825 759 
7299 56 57 914 859 
7300 859 914 915 860 
7301 860 915 916 861 
7302 861 916 917 862 
7303 862 917 918 863 
7304 863 918 919 864 
7305 864 919 920 865 
7306 865 920 921 866 
7307 866 921 922 867 
7308 867 922 923 868 
7309 868 923 924 869 
7310 55 56 859 804 
7311 804 859 860 805 
7312 805 860 861 806 
7313 806 861 862 807 
7314 807 862 863 808 
7315 808 863 864 809 
7316 809 864 865 810 
7317 810 865 866 811 
7318 811 866 867 812 
7319 812 867 868 813 
7320 813 868 869 814 
7321 54 55 804 760 
7322 760 804 805 761 
7323 761 805 806 762 
7324 762 806 807 763 
7325 763 807 808 764 
7326 764 808 809 765 
7327 765 809 810 766 
7328 766 810 811 767 
7329 767 811 812 768 
7330 768 812 813 769 
7331 769 813 814 770 
7332 57 58 881 914 
7333 914 881 882 915 
7334 915 882 883 916 
7335 916 883 884 917 
7336 917 884 885 918 
7337 918 885 886 919 
7338 919 886 887 920 
7339 920 887 888 921 
7340 921 888 889 922 
7341 922 889 890 923 
7342 923 890 891 924 
7343 59 60 1343 1640 
7344 1640 1343 1344 1641 
7345 1641 1344 1345 1642 
7346 1642 1345 1346 1643 
7347 1643 1346 1347 1644 
7348 1644 1347 1348 1645 
7349 1645 1348 1349 1646 
7350 1646 1349 1350 1647 
7351 1647 1350 1351 1648 
7352 1648 1351 1352 1649 
7353 1649 1352 1353 1650 
7354 58 59 1640 881 
7355 881 1640 1641 882 
7356 882 1641 1642 883 
7357 883 1642 1643 884 
7358 884 1643 1644 885 
7359 885 1644 1645 886 
7360 886 1645 1646 887 
7361 887 1646 1647 888 
7362 888 1647 1648 889 
7363 889 1648 1649 890 
7364 890 1649 1650 891 
7365 61 62 1222 1486 
7366 1486 1222 1223 1487 
7367 1487 1223 1224 1488 
7368 1488 1224 1225 1489 
7369 1489 1225 1226 1490 
7370 1490 1226 1227 1491 
7371 1491 1227 1228 1492 
7372 1492 1228 1229 1493 
7373 1493 1229 1230 1494 
7374 1494 1230 1231 1495 
7375 1495 1231 1232 1496 
7376 60 61 1486 1343 
7377 1343 1486 1487 1344 
7378 1344 1487 1488 1345 
7379 1345 1488 1489 1346 
7380 1346 1489 1490 1347 
7381 1347 1490 1491 1348 
7382 1348 1491 1492 1349 
7383 1349 1492 1493 1350 
7384 1350 1493 1494 1351 
7385 1351 1494 1495 1352 
7386 1352 1495 1496 1353 
7387 62 63 1398 1222 
7388 1222 1398 1399 1223 
7389 1223 1399 1400 1224 
7390 1224 1400 1401 1225 
7391 1225 1401 1402 1226 
7392 1226 1402 1403 1227 
7393 1227 1403 1404 1228 
7394 1228 1404 1405 1229 
7395 1229 1405 1406 1230 
7396 1230 1406 1407 1231 
7397 1231 1407 1408 1232 
7398 63 64 1288 1398 
7399 1398 1288 1289 1399 
7400 1399 1289 1290 1400 
7401 1400 1290 1291 1401 
7402 1401 1291 1292 1402 
7403 1402 1292 1293 1403 
7404 1403 1293 1294 1404 
7405 1404 1294 1295 1405 
7406 1405 1295 1296 1406 
7407 1406 1296 1297 1407 
7408 1407 1297 1298 1408 
7409 64 65 1508 1288 
7410 1288 1508 1509 1289 
7411 1289 1509 1510 1290 
7412 1290 1510 1511 1291 
7413 1291 1511 1512 1292 
7414 1292 1512 1513 1293 
7415 1293 1513 1514 1294 
7416 1294 1514 1515 1295 
7417 1295 1515 1516 1296 
7418 1296 1516 1517 1297 
7419 1297 1517 1518 1298 
7420 66 67 1365 1541 
7421 1541 1365 1366 1542 
7422 1542 1366 1367 1543 
7423 1543 1367 1368 1544 
7424 1544 1368 1369 1545 
7425 1545 1369 1370 1546 
7426 1546 1370 1371 1547 
7427 1547 1371 1372 1548 
7428 1548 1372 1373 1549 
7429 1549 1373 1374 1550 
7430 1550 1374 1375 1551 
7431 67 68 1497 1365 
7432 1365 1497 1498 1366 
7433 1366 1498 1499 1367 
7434 1367 1499 1500 1368 
7435 1368 1500 1501 1369 
7436 1369 1501 1502 1370 
7437 1370 1502 1503 1371 
7438 1371 1503 1504 1372 
7439 1372 1504 1505 1373 
7440 1373 1505 1506 1374 
7441 1374 1506 1507 1375 
7442 65 66 1541 1508 
7443 1508 1541 1542 1509 
7444 1509 1542 1543 1510 
7445 1510 1543 1544 1511 
7446 1511 1544 1545 1512 
7447 1512 1545 1546 1513 
7448 1513 1546 1547 1514 
7449 1514 1547 1548 1515 
7450 1515 1548 1549 1516 
7451 1516 1549 1550 1517 
7452 1517 1550 1551 1518 
7453 110 111 1827 2047 
7454 2047 1827 1828 2048 
7455 2048 1828 1829 2049 
7456 2049 1829 1830 2050 
7457 2050 1830 1831 2051 
7458 2051 1831 1832 2052 
7459 2052 1832 1833 2053 
7460 2053 1833 1834 2054 
7461 2054 1834 1835 2055 
7462 2055 1835 1836 2056 
7463 2056 1836 1837 2057 
7464 111 112 1926 1827 
7465 1827 1926 1927 1828 
7466 1828 1927 1928 1829 
7467 1829 1928 1929 1830 
7468 1830 1929 1930 1831 
7469 1831 1930 1931 1832 
7470 1832 1931 1932 1833 
7471 1833 1932 1933 1834 
7472 1834 1933 1934 1835 
7473 1835 1934 1935 1836 
7474 1836 1935 1936 1837 
7475 112 113 1662 1926 
7476 1926 1662 1663 1927 
7477 1927 1663 1664 1928 
7478 1928 1664 1665 1929 
7479 1929 1665 1666 1930 
7480 1930 1666 1667 1931 
7481 1931 1667 1668 1932 
7482 1932 1668 1669 1933 
7483 1933 1669 1670 1934 
7484 1934 1670 1671 1935 
7485 1935 1671 1672 1936 
7486 114 115 1750 2058 
7487 2058 1750 1751 2059 
7488 2059 1751 1752 2060 
7489 2060 1752 1753 2061 
7490 2061 1753 1754 2062 
7491 2062 1754 1755 2063 
7492 2063 1755 1756 2064 
7493 2064 1756 1757 2065 
7494 2065 1757 1758 2066 
7495 2066 1758 1759 2067 
7496 2067 1759 1760 2068 
7497 113 114 2058 1662 
7498 1662 2058 2059 1663 
7499 1663 2059 2060 1664 
7500 1664 2060 2061 1665 
7501 1665 2061 2062 1666 
7502 1666 2062 2063 1667 
7503 1667 2063 2064 1668 
7504 1668 2064 2065 1669 
7505 1669 2065 2066 1670 
7506 1670 2066 2067 1671 
7507 1671 2067 2068 1672 
7508 115 116 1915 1750 
7509 1750 1915 1916 1751 
7510 1751 1916 1917 1752 
7511 1752 1917 1918 1753 
7512 1753 1918 1919 1754 
7513 1754 1919 1920 1755 
7514 1755 1920 1921 1756 
7515 1756 1921 1922 1757 
7516 1757 1922 1923 1758 
7517 1758 1923 1924 1759 
7518 1759 1924 1925 1760 
7519 116 117 2003 1915 
7520 1915 2003 2004 1916 
7521 1916 2004 2005 1917 
7522 1917 2005 2006 1918 
7523 1918 2006 2007 1919 
7524 1919 2007 2008 1920 
7525 1920 2008 2009 1921 
7526 1921 2009 2010 1922 
7527 1922 2010 2011 1923 
7528 1923 2011 2012 1924 
7529 1924 2012 2013 1925 
7530 117 118 1882 2003 
7531 2003 1882 1883 2004 
7532 2004 1883 1884 2005 
7533 2005 1884 1885 2006 
7534 2006 1885 1886 2007 
7535 2007 1886 1887 2008 
7536 2008 1887 1888 2009 
7537 2009 1888 1889 2010 
7538 2010 1889 1890 2011 
7539 2011 1890 1891 2012 
7540 2012 1891 1892 2013 
7541 75 76 1387 1200 
7542 1200 1387 1388 1201 
7543 1201 1388 1389 1202 
7544 1202 1389 1390 1203 
7545 1203 1390 1391 1204 
7546 1204 1391 1392 1205 
7547 1205 1392 1393 1206 
7548 1206 1393 1394 1207 
7549 1207 1394 1395 1208 
7550 1208 1395 1396 1209 
7551 1209 1396 1397 1210 
7552 74 75 1200 1519 
7553 1519 1200 1201 1520 
7554 1520 1201 1202 1521 
7555 1521 1202 1203 1522 
7556 1522 1203 1204 1523 
7557 1523 1204 1205 1524 
7558 1524 1205 1206 1525 
7559 1525 1206 1207 1526 
7560 1526 1207 1208 1527 
7561 1527 1208 1209 1528 
7562 1528 1209 1210 1529 
7563 77 78 1409 1629 
7564 1629 1409 1410 1630 
7565 1630 1410 1411 1631 
7566 1631 1411 1412 1632 
7567 1632 1412 1413 1633 
7568 1633 1413 1414 1634 
7569 1634 1414 1415 1635 
7570 1635 1415 1416 1636 
7571 1636 1416 1417 1637 
7572 1637 1417 1418 1638 
7573 1638 1418 1419 1639 
7574 76 77 1629 1387 
7575 1387 1629 1630 1388 
7576 1388 1630 1631 1389 
7577 1389 1631 1632 1390 
7578 1390 1632 1633 1391 
7579 1391 1633 1634 1392 
7580 1392 1634 1635 1393 
7581 1393 1635 1636 1394 
7582 1394 1636 1637 1395 
7583 1395 1637 1638 1396 
7584 1396 1638 1639 1397 
7585 78 79 1574 1409 
7586 1409 1574 1575 1410 
7587 1410 1575 1576 1411 
7588 1411 1576 1577 1412 
7589 1412 1577 1578 1413 
7590 1413 1578 1579 1414 
7591 1414 1579 1580 1415 
7592 1415 1580 1581 1416 
7593 1416 1581 1582 1417 
7594 1417 1582 1583 1418 
7595 1418 1583 1584 1419 
7596 79 80 1310 1574 
7597 1574 1310 1311 1575 
7598 1575 1311 1312 1576 
7599 1576 1312 1313 1577 
7600 1577 1313 1314 1578 
7601 1578 1314 1315 1579 
7602 1579 1315 1316 1580 
7603 1580 1316 1317 1581 
7604 1581 1317 1318 1582 
7605 1582 1318 1319 1583 
7606 1583 1319 1320 1584 
7607 80 81 1376 1310 
7608 1310 1376 1377 1311 
7609 1311 1377 1378 1312 
7610 1312 1378 1379 1313 
7611 1313 1379 1380 1314 
7612 1314 1380 1381 1315 
7613 1315 1381 1382 1316 
7614 1316 1382 1383 1317 
7615 1317 1383 1384 1318 
7616 1318 1384 1385 1319 
7617 1319 1385 1386 1320 
7618 81 82 1211 1376 
7619 1376 1211 1212 1377 
7620 1377 1212 1213 1378 
7621 1378 1213 1214 1379 
7622 1379 1214 1215 1380 
7623 1380 1215 1216 1381 
7624 1381 1216 1217 1382 
7625 1382 1217 1218 1383 
7626 1383 1218 1219 1384 
7627 1384 1219 1220 1385 
7628 1385 1220 1221 1386 
7629 84 85 1233 1431 
7630 1431 1233 1234 1432 
7631 1432 1234 1235 1433 
7632 1433 1235 1236 1434 
7633 1434 1236 1237 1435 
7634 1435 1237 1238 1436 
7635 1436 1238 1239 1437 
7636 1437 1239 1240 1438 
7637 1438 1240 1241 1439 
7638 1439 1241 1242 1440 
7639 1440 1242 1243 1441 
7640 82 83 1420 1211 
7641 1211 1420 1421 1212 
7642 1212 1421 1422 1213 
7643 1213 1422 1423 1214 
7644 1214 1423 1424 1215 
7645 1215 1424 1425 1216 
7646 1216 1425 1426 1217 
7647 1217 1426 1427 1218 
7648 1218 1427 1428 1219 
7649 1219 1428 1429 1220 
7650 1220 1429 1430 1221 
7651 83 84 1431 1420 
7652 1420 1431 1432 1421 
7653 1421 1432 1433 1422 
7654 1422 1433 1434 1423 
7655 1423 1434 1435 1424 
7656 1424 1435 1436 1425 
7657 1425 1436 1437 1426 
7658 1426 1437 1438 1427 
7659 1427 1438 1439 1428 
7660 1428 1439 1440 1429 
7661 1429 1440 1441 1430 
7662 85 86 1585 1233 
7663 1233 1585 1586 1234 
7664 1234 1586 1587 1235 
7665 1235 1587 1588 1236 
7666 1236 1588 1589 1237 
7667 1237 1589 1590 1238 
7668 1238 1590 1591 1239 
7669 1239 1591 1592 1240 
7670 1240 1592 1593 1241 
7671 1241 1593 1594 1242 
7672 1242 1594 1595 1243 
7673 86 87 1475 1585 
7674 1585 1475 1476 1586 
7675 1586 1476 1477 1587 
7676 1587 1477 1478 1588 
7677 1588 1478 1479 1589 
7678 1589 1479 1480 1590 
7679 1590 1480 1481 1591 
7680 1591 1481 1482 1592 
7681 1592 1482 1483 1593 
7682 1593 1483 1484 1594 
7683 1594 1484 1485 1595 
7684 88 89 1607 1321 
7685 1321 1607 1608 1322 
7686 1322 1608 1609 1323 
7687 1323 1609 1610 1324 
7688 1324 1610 1611 1325 
7689 1325 1611 1612 1326 
7690 1326 1612 1613 1327 
7691 1327 1613 1614 1328 
7692 1328 1614 1615 1329 
7693 1329 1615 1616 1330 
7694 1330 1616 1617 1331 
7695 89 90 1442 1607 
7696 1607 1442 1443 1608 
7697 1608 1443 1444 1609 
7698 1609 1444 1445 1610 
7699 1610 1445 1446 1611 
7700 1611 1446 1447 1612 
7701 1612 1447 1448 1613 
7702 1613 1448 1449 1614 
7703 1614 1449 1450 1615 
7704 1615 1450 1451 1616 
7705 1616 1451 1452 1617 
7706 87 88 1321 1475 
7707 1475 1321 1322 1476 
7708 1476 1322 1323 1477 
7709 1477 1323 1324 1478 
7710 1478 1324 1325 1479 
7711 1479 1325 1326 1480 
7712 1480 1326 1327 1481 
7713 1481 1327 1328 1482 
7714 1482 1328 1329 1483 
7715 1483 1329 1330 1484 
7716 1484 1330 1331 1485 
7717 91 92 1244 1332 
7718 1332 1244 1245 1333 
7719 1333 1245 1246 1334 
7720 1334 1246 1247 1335 
7721 1335 1247 1248 1336 
7722 1336 1248 1249 1337 
7723 1337 1249 1250 1338 
7724 1338 1250 1251 1339 
7725 1339 1251 1252 1340 
7726 1340 1252 1253 1341 
7727 1341 1253 1254 1342 
7728 90 91 1332 1442 
7729 1442 1332 1333 1443 
7730 1443 1333 1334 1444 
7731 1444 1334 1335 1445 
7732 1445 1335 1336 1446 
7733 1446 1336 1337 1447 
7734 1447 1337 1338 1448 
7735 1448 1338 1339 1449 
7736 1449 1339 1340 1450 
7737 1450 1340 1341 1451 
7738 1451 1341 1342 1452 
7739 92 93 1255 1244 
7740 1244 1255 1256 1245 
7741 1245 1256 1257 1246 
7742 1246 1257 1258 1247 
7743 1247 1258 1259 1248 
7744 1248 1259 1260 1249 
7745 1249 1260 1261 1250 
7746 1250 1261 1262 1251 
7747 1251 1262 1263 1252 
7748 1252 1263 1264 1253 
7749 1253 1264 1265 1254 
7750 95 96 1266 1618 
7751 1618 1266 1267 1619 
7752 1619 1267 1268 1620 
7753 1620 1268 1269 1621 
7754 1621 1269 1270 1622 
7755 1622 1270 1271 1623 
7756 1623 1271 1272 1624 
7757 1624 1272 1273 1625 
7758 1625 1273 1274 1626 
7759 1626 1274 1275 1627 
7760 1627 1275 1276 1628 
7761 94 95 1618 1464 
7762 1464 1618 1619 1465 
7763 1465 1619 1620 1466 
7764 1466 1620 1621 1467 
7765 1467 1621 1622 1468 
7766 1468 1622 1623 1469 
7767 1469 1623 1624 1470 
7768 1470 1624 1625 1471 
7769 1471 1625 1626 1472 
7770 1472 1626 1627 1473 
7771 1473 1627 1628 1474 
7772 93 94 1464 1255 
7773 1255 1464 1465 1256 
7774 1256 1465 1466 1257 
7775 1257 1466 1467 1258 
7776 1258 1467 1468 1259 
7777 1259 1468 1469 1260 
7778 1260 1469 1470 1261 
7779 1261 1470 1471 1262 
7780 1262 1471 1472 1263 
7781 1263 1472 1473 1264 
7782 1264 1473 1474 1265 
7783 96 97 1277 1266 
7784 1266 1277 1278 1267 
7785 1267 1278 1279 1268 
7786 1268 1279 1280 1269 
7787 1269 1280 1281 1270 
7788 1270 1281 1282 1271 
7789 1271 1282 1283 1272 
7790 1272 1283 1284 1273 
7791 1273 1284 1285 1274 
7792 1274 1285 1286 1275 
7793 1275 1286 1287 1276 
7794 97 98 1299 1277 
7795 1277 1299 1300 1278 
7796 1278 1300 1301 1279 
7797 1279 1301 1302 1280 
7798 1280 1302 1303 1281 
7799 1281 1303 1304 1282 
7800 1282 1304 1305 1283 
7801 1283 1305 1306 1284 
7802 1284 1306 1307 1285 
7803 1285 1307 1308 1286 
7804 1286 1308 1309 1287 
7805 98 99 1354 1299 
7806 1299 1354 1355 1300 
7807 1300 1355 1356 1301 
7808 1301 1356 1357 1302 
7809 1302 1357 1358 1303 
7810 1303 1358 1359 1304 
7811 1304 1359 1360 1305 
7812 1305 1360 1361 1306 
7813 1306 1361 1362 1307 
7814 1307 1362 1363 1308 
7815 1308 1363 1364 1309 
7816 99 100 1970 1354 
7817 1354 1970 1971 1355 
7818 1355 1971 1972 1356 
7819 1356 1972 1973 1357 
7820 1357 1973 1974 1358 
7821 1358 1974 1975 1359 
7822 1359 1975 1976 1360 
7823 1360 1976 1977 1361 
7824 1361 1977 1978 1362 
7825 1362 1978 1979 1363 
7826 1363 1979 1980 1364 
7827 100 101 1959 1970 
7828 1970 1959 1960 1971 
7829 1971 1960 1961 1972 
7830 1972 1961 1962 1973 
7831 1973 1962 1963 1974 
7832 1974 1963 1964 1975 
7833 1975 1964 1965 1976 
7834 1976 1965 1966 1977 
7835 1977 1966 1967 1978 
7836 1978 1967 1968 1979 
7837 1979 1968 1969 1980 
7838 101 102 1981 1959 
7839 1959 1981 1982 1960 
7840 1960 1982 1983 1961 
7841 1961 1983 1984 1962 
7842 1962 1984 1985 1963 
7843 1963 1985 1986 1964 
7844 1964 1986 1987 1965 
7845 1965 1987 1988 1966 
7846 1966 1988 1989 1967 
7847 1967 1989 1990 1968 
7848 1968 1990 1991 1969 
7849 103 104 1695 1739 
7850 1739 1695 1696 1740 
7851 1740 1696 1697 1741 
7852 1741 1697 1698 1742 
7853 1742 1698 1699 1743 
7854 1743 1699 1700 1744 
7855 1744 1700 1701 1745 
7856 1745 1701 1702 1746 
7857 1746 1702 1703 1747 
7858 1747 1703 1704 1748 
7859 1748 1704 1705 1749 
7860 102 103 1739 1981 
7861 1981 1739 1740 1982 
7862 1982 1740 1741 1983 
7863 1983 1741 1742 1984 
7864 1984 1742 1743 1985 
7865 1985 1743 1744 1986 
7866 1986 1744 1745 1987 
7867 1987 1745 1746 1988 
7868 1988 1746 1747 1989 
7869 1989 1747 1748 1990 
7870 1990 1748 1749 1991 
7871 105 106 1783 1992 
7872 1992 1783 1784 1993 
7873 1993 1784 1785 1994 
7874 1994 1785 1786 1995 
7875 1995 1786 1787 1996 
7876 1996 1787 1788 1997 
7877 1997 1788 1789 1998 
7878 1998 1789 1790 1999 
7879 1999 1790 1791 2000 
7880 2000 1791 1792 2001 
7881 2001 1792 1793 2002 
7882 106 107 1706 1783 
7883 1783 1706 1707 1784 
7884 1784 1707 1708 1785 
7885 1785 1708 1709 1786 
7886 1786 1709 1710 1787 
7887 1787 1710 1711 1788 
7888 1788 1711 1712 1789 
7889 1789 1712 1713 1790 
7890 1790 1713 1714 1791 
7891 1791 1714 1715 1792 
7892 1792 1715 1716 1793 
7893 104 105 1992 1695 
7894 1695 1992 1993 1696 
7895 1696 1993 1994 1697 
7896 1697 1994 1995 1698 
7897 1698 1995 1996 1699 
7898 1699 1996 1997 1700 
7899 1700 1997 1998 1701 
7900 1701 1998 1999 1702 
7901 1702 1999 2000 1703 
7902 1703 2000 2001 1704 
7903 1704 2001 2002 1705 
7904 109 110 2047 1673 
7905 1673 2047 2048 1674 
7906 1674 2048 2049 1675 
7907 1675 2049 2050 1676 
7908 1676 2050 2051 1677 
7909 1677 2051 2052 1678 
7910 1678 2052 2053 1679 
7911 1679 2053 2054 1680 
7912 1680 2054 2055 1681 
7913 1681 2055 2056 1682 
7914 1682 2056 2057 1683 
7915 107 108 1904 1706 
7916 1706 1904 1905 1707 
7917 1707 1905 1906 1708 
7918 1708 1906 1907 1709 
7919 1709 1907 1908 1710 
7920 1710 1908 1909 1711 
7921 1711 1909 1910 1712 
7922 1712 1910 1911 1713 
7923 1713 1911 1912 1714 
7924 1714 1912 1913 1715 
7925 1715 1913 1914 1716 
7926 108 109 1673 1904 
7927 1904 1673 1674 1905 
7928 1905 1674 1675 1906 
7929 1906 1675 1676 1907 
7930 1907 1676 1677 1908 
7931 1908 1677 1678 1909 
7932 1909 1678 1679 1910 
7933 1910 1679 1680 1911 
7934 1911 1680 1681 1912 
7935 1912 1681 1682 1913 
7936 1913 1682 1683 1914 
7937 159 160 2410 2388 
7938 2388 2410 2411 2389 
7939 2389 2411 2412 2390 
7940 2390 2412 2413 2391 
7941 2391 2413 2414 2392 
7942 2392 2414 2415 2393 
7943 2393 2415 2416 2394 
7944 2394 2416 2417 2395 
7945 2395 2417 2418 2396 
7946 2396 2418 2419 2397 
7947 2397 2419 2420 2398 
7948 158 159 2388 2267 
7949 2267 2388 2389 2268 
7950 2268 2389 2390 2269 
7951 2269 2390 2391 2270 
7952 2270 2391 2392 2271 
7953 2271 2392 2393 2272 
7954 2272 2393 2394 2273 
7955 2273 2394 2395 2274 
7956 2274 2395 2396 2275 
7957 2275 2396 2397 2276 
7958 2276 2397 2398 2277 
7959 160 161 2289 2410 
7960 2410 2289 2290 2411 
7961 2411 2290 2291 2412 
7962 2412 2291 2292 2413 
7963 2413 2292 2293 2414 
7964 2414 2293 2294 2415 
7965 2415 2294 2295 2416 
7966 2416 2295 2296 2417 
7967 2417 2296 2297 2418 
7968 2418 2297 2298 2419 
7969 2419 2298 2299 2420 
7970 119 120 1684 1893 
7971 1893 1684 1685 1894 
7972 1894 1685 1686 1895 
7973 1895 1686 1687 1896 
7974 1896 1687 1688 1897 
7975 1897 1688 1689 1898 
7976 1898 1689 1690 1899 
7977 1899 1690 1691 1900 
7978 1900 1691 1692 1901 
7979 1901 1692 1693 1902 
7980 1902 1693 1694 1903 
7981 120 121 2014 1684 
7982 1684 2014 2015 1685 
7983 1685 2015 2016 1686 
7984 1686 2016 2017 1687 
7985 1687 2017 2018 1688 
7986 1688 2018 2019 1689 
7987 1689 2019 2020 1690 
7988 1690 2020 2021 1691 
7989 1691 2021 2022 1692 
7990 1692 2022 2023 1693 
7991 1693 2023 2024 1694 
7992 118 119 1893 1882 
7993 1882 1893 1894 1883 
7994 1883 1894 1895 1884 
7995 1884 1895 1896 1885 
7996 1885 1896 1897 1886 
7997 1886 1897 1898 1887 
7998 1887 1898 1899 1888 
7999 1888 1899 1900 1889 
8000 1889 1900 1901 1890 
8001 1890 1901 1902 1891 
8002 1891 1902 1903 1892 
8003 122 123 1805 2069 
8004 2069 1805 1806 2070 
8005 2070 1806 1807 2071 
8006 2071 1807 1808 2072 
8007 2072 1808 1809 2073 
8008 2073 1809 1810 2074 
8009 2074 1810 1811 2075 
8010 2075 1811 1812 2076 
8011 2076 1812 1813 2077 
8012 2077 1813 1814 2078 
8013 2078 1814 1815 2079 
8014 121 122 2069 2014 
8015 2014 2069 2070 2015 
8016 2015 2070 2071 2016 
8017 2016 2071 2072 2017 
8018 2017 2072 2073 2018 
8019 2018 2073 2074 2019 
8020 2019 2074 2075 2020 
8021 2020 2075 2076 2021 
8022 2021 2076 2077 2022 
8023 2022 2077 2078 2023 
8024 2023 2078 2079 2024 
8025 124 125 1948 1937 
8026 1937 1948 1949 1938 
8027 1938 1949 1950 1939 
8028 1939 1950 1951 1940 
8029 1940 1951 1952 1941 
8030 1941 1952 1953 1942 
8031 1942 1953 1954 1943 
8032 1943 1954 1955 1944 
8033 1944 1955 1956 1945 
8034 1945 1956 1957 1946 
8035 1946 1957 1958 1947 
8036 125 126 1717 1948 
8037 1948 1717 1718 1949 
8038 1949 1718 1719 1950 
8039 1950 1719 1720 1951 
8040 1951 1720 1721 1952 
8041 1952 1721 1722 1953 
8042 1953 1722 1723 1954 
8043 1954 1723 1724 1955 
8044 1955 1724 1725 1956 
8045 1956 1725 1726 1957 
8046 1957 1726 1727 1958 
8047 123 124 1937 1805 
8048 1805 1937 1938 1806 
8049 1806 1938 1939 1807 
8050 1807 1939 1940 1808 
8051 1808 1940 1941 1809 
8052 1809 1941 1942 1810 
8053 1810 1942 1943 1811 
8054 1811 1943 1944 1812 
8055 1812 1944 1945 1813 
8056 1813 1945 1946 1814 
8057 1814 1946 1947 1815 
8058 127 128 2080 2025 
8059 2025 2080 2081 2026 
8060 2026 2081 2082 2027 
8061 2027 2082 2083 2028 
8062 2028 2083 2084 2029 
8063 2029 2084 2085 2030 
8064 2030 2085 2086 2031 
8065 2031 2086 2087 2032 
8066 2032 2087 2088 2033 
8067 2033 2088 2089 2034 
8068 2034 2089 2090 2035 
8069 128 129 1761 2080 
8070 2080 1761 1762 2081 
8071 2081 1762 1763 2082 
8072 2082 1763 1764 2083 
8073 2083 1764 1765 2084 
8074 2084 1765 1766 2085 
8075 2085 1766 1767 2086 
8076 2086 1767 1768 2087 
8077 2087 1768 1769 2088 
8078 2088 1769 1770 2089 
8079 2089 1770 1771 2090 
8080 126 127 2025 1717 
8081 1717 2025 2026 1718 
8082 1718 2026 2027 1719 
8083 1719 2027 2028 1720 
8084 1720 2028 2029 1721 
8085 1721 2029 2030 1722 
8086 1722 2030 2031 1723 
8087 1723 2031 2032 1724 
8088 1724 2032 2033 1725 
8089 1725 2033 2034 1726 
8090 1726 2034 2035 1727 
8091 130 131 1728 1838 
8092 1838 1728 1729 1839 
8093 1839 1729 1730 1840 
8094 1840 1730 1731 1841 
8095 1841 1731 1732 1842 
8096 1842 1732 1733 1843 
8097 1843 1733 1734 1844 
8098 1844 1734 1735 1845 
8099 1845 1735 1736 1846 
8100 1846 1736 1737 1847 
8101 1847 1737 1738 1848 
8102 129 130 1838 1761 
8103 1761 1838 1839 1762 
8104 1762 1839 1840 1763 
8105 1763 1840 1841 1764 
8106 1764 1841 1842 1765 
8107 1765 1842 1843 1766 
8108 1766 1843 1844 1767 
8109 1767 1844 1845 1768 
8110 1768 1845 1846 1769 
8111 1769 1846 1847 1770 
8112 1770 1847 1848 1771 
8113 131 132 2091 1728 
8114 1728 2091 2092 1729 
8115 1729 2092 2093 1730 
8116 1730 2093 2094 1731 
8117 1731 2094 2095 1732 
8118 1732 2095 2096 1733 
8119 1733 2096 2097 1734 
8120 1734 2097 2098 1735 
8121 1735 2098 2099 1736 
8122 1736 2099 2100 1737 
8123 1737 2100 2101 1738 
8124 133 134 2036 1772 
8125 1772 2036 2037 1773 
8126 1773 2037 2038 1774 
8127 1774 2038 2039 1775 
8128 1775 2039 2040 1776 
8129 1776 2040 2041 1777 
8130 1777 2041 2042 1778 
8131 1778 2042 2043 1779 
8132 1779 2043 2044 1780 
8133 1780 2044 2045 1781 
8134 1781 2045 2046 1782 
8135 132 133 1772 2091 
8136 2091 1772 1773 2092 
8137 2092 1773 1774 2093 
8138 2093 1774 1775 2094 
8139 2094 1775 1776 2095 
8140 2095 1776 1777 2096 
8141 2096 1777 1778 2097 
8142 2097 1778 1779 2098 
8143 2098 1779 1780 2099 
8144 2099 1780 1781 2100 
8145 2100 1781 1782 2101 
8146 134 135 1651 2036 
8147 2036 1651 1652 2037 
8148 2037 1652 1653 2038 
8149 2038 1653 1654 2039 
8150 2039 1654 1655 2040 
8151 2040 1655 1656 2041 
8152 2041 1656 1657 2042 
8153 2042 1657 1658 2043 
8154 2043 1658 1659 2044 
8155 2044 1659 1660 2045 
8156 2045 1660 1661 2046 
8157 135 136 1794 1651 
8158 1651 1794 1795 1652 
8159 1652 1795 1796 1653 
8160 1653 1796 1797 1654 
8161 1654 1797 1798 1655 
8162 1655 1798 1799 1656 
8163 1656 1799 1800 1657 
8164 1657 1800 1801 1658 
8165 1658 1801 1802 1659 
8166 1659 1802 1803 1660 
8167 1660 1803 1804 1661 
8168 136 137 1816 1794 
8169 1794 1816 1817 1795 
8170 1795 1817 1818 1796 
8171 1796 1818 1819 1797 
8172 1797 1819 1820 1798 
8173 1798 1820 1821 1799 
8174 1799 1821 1822 1800 
8175 1800 1822 1823 1801 
8176 1801 1823 1824 1802 
8177 1802 1824 1825 1803 
8178 1803 1825 1826 1804 
8179 137 138 1849 1816 
8180 1816 1849 1850 1817 
8181 1817 1850 1851 1818 
8182 1818 1851 1852 1819 
8183 1819 1852 1853 1820 
8184 1820 1853 1854 1821 
8185 1821 1854 1855 1822 
8186 1822 1855 1856 1823 
8187 1823 1856 1857 1824 
8188 1824 1857 1858 1825 
8189 1825 1858 1859 1826 
8190 138 139 1860 1849 
8191 1849 1860 1861 1850 
8192 1850 1861 1862 1851 
8193 1851 1862 1863 1852 
8194 1852 1863 1864 1853 
8195 1853 1864 1865 1854 
8196 1854 1865 1866 1855 
8197 1855 1866 1867 1856 
8198 1856 1867 1868 1857 
8199 1857 1868 1869 1858 
8200 1858 1869 1870 1859 
8201 139 140 1871 1860 
8202 1860 1871 1872 1861 
8203 1861 1872 1873 1862 
8204 1862 1873 1874 1863 
8205 1863 1874 1875 1864 
8206 1864 1875 1876 1865 
8207 1865 1876 1877 1866 
8208 1866 1877 1878 1867 
8209 1867 1878 1879 1868 
8210 1868 1879 1880 1869 
8211 1869 1880 1881 1870 
8212 142 143 2531 2113 
8213 2113 2531 2532 2114 
8214 2114 2532 2533 2115 
8215 2115 2533 2534 2116 
8216 2116 2534 2535 2117 
8217 2117 2535 2536 2118 
8218 2118 2536 2537 2119 
8219 2119 2537 2538 2120 
8220 2120 2538 2539 2121 
8221 2121 2539 2540 2122 
8222 2122 2540 2541 2123 
8223 141 142 2113 2465 
8224 2465 2113 2114 2466 
8225 2466 2114 2115 2467 
8226 2467 2115 2116 2468 
8227 2468 2116 2117 2469 
8228 2469 2117 2118 2470 
8229 2470 2118 2119 2471 
8230 2471 2119 2120 2472 
8231 2472 2120 2121 2473 
8232 2473 2121 2122 2474 
8233 2474 2122 2123 2475 
8234 140 141 2465 1871 
8235 1871 2465 2466 1872 
8236 1872 2466 2467 1873 
8237 1873 2467 2468 1874 
8238 1874 2468 2469 1875 
8239 1875 2469 2470 1876 
8240 1876 2470 2471 1877 
8241 1877 2471 2472 1878 
8242 1878 2472 2473 1879 
8243 1879 2473 2474 1880 
8244 1880 2474 2475 1881 
8245 143 144 2476 2531 
8246 2531 2476 2477 2532 
8247 2532 2477 2478 2533 
8248 2533 2478 2479 2534 
8249 2534 2479 2480 2535 
8250 2535 2480 2481 2536 
8251 2536 2481 2482 2537 
8252 2537 2482 2483 2538 
8253 2538 2483 2484 2539 
8254 2539 2484 2485 2540 
8255 2540 2485 2486 2541 
8256 145 146 2366 2278 
8257 2278 2366 2367 2279 
8258 2279 2367 2368 2280 
8259 2280 2368 2369 2281 
8260 2281 2369 2370 2282 
8261 2282 2370 2371 2283 
8262 2283 2371 2372 2284 
8263 2284 2372 2373 2285 
8264 2285 2373 2374 2286 
8265 2286 2374 2375 2287 
8266 2287 2375 2376 2288 
8267 144 145 2278 2476 
8268 2476 2278 2279 2477 
8269 2477 2279 2280 2478 
8270 2478 2280 2281 2479 
8271 2479 2281 2282 2480 
8272 2480 2282 2283 2481 
8273 2481 2283 2284 2482 
8274 2482 2284 2285 2483 
8275 2483 2285 2286 2484 
8276 2484 2286 2287 2485 
8277 2485 2287 2288 2486 
8278 147 148 2487 2223 
8279 2223 2487 2488 2224 
8280 2224 2488 2489 2225 
8281 2225 2489 2490 2226 
8282 2226 2490 2491 2227 
8283 2227 2491 2492 2228 
8284 2228 2492 2493 2229 
8285 2229 2493 2494 2230 
8286 2230 2494 2495 2231 
8287 2231 2495 2496 2232 
8288 2232 2496 2497 2233 
8289 146 147 2223 2366 
8290 2366 2223 2224 2367 
8291 2367 2224 2225 2368 
8292 2368 2225 2226 2369 
8293 2369 2226 2227 2370 
8294 2370 2227 2228 2371 
8295 2371 2228 2229 2372 
8296 2372 2229 2230 2373 
8297 2373 2230 2231 2374 
8298 2374 2231 2232 2375 
8299 2375 2232 2233 2376 
8300 149 150 2135 2509 
8301 2509 2135 2136 2510 
8302 2510 2136 2137 2511 
8303 2511 2137 2138 2512 
8304 2512 2138 2139 2513 
8305 2513 2139 2140 2514 
8306 2514 2140 2141 2515 
8307 2515 2141 2142 2516 
8308 2516 2142 2143 2517 
8309 2517 2143 2144 2518 
8310 2518 2144 2145 2519 
8311 150 151 2498 2135 
8312 2135 2498 2499 2136 
8313 2136 2499 2500 2137 
8314 2137 2500 2501 2138 
8315 2138 2501 2502 2139 
8316 2139 2502 2503 2140 
8317 2140 2503 2504 2141 
8318 2141 2504 2505 2142 
8319 2142 2505 2506 2143 
8320 2143 2506 2507 2144 
8321 2144 2507 2508 2145 
8322 148 149 2509 2487 
8323 2487 2509 2510 2488 
8324 2488 2510 2511 2489 
8325 2489 2511 2512 2490 
8326 2490 2512 2513 2491 
8327 2491 2513 2514 2492 
8328 2492 2514 2515 2493 
8329 2493 2515 2516 2494 
8330 2494 2516 2517 2495 
8331 2495 2517 2518 2496 
8332 2496 2518 2519 2497 
8333 152 153 2256 2454 
8334 2454 2256 2257 2455 
8335 2455 2257 2258 2456 
8336 2456 2258 2259 2457 
8337 2457 2259 2260 2458 
8338 2458 2260 2261 2459 
8339 2459 2261 2262 2460 
8340 2460 2262 2263 2461 
8341 2461 2263 2264 2462 
8342 2462 2264 2265 2463 
8343 2463 2265 2266 2464 
8344 153 154 2245 2256 
8345 2256 2245 2246 2257 
8346 2257 2246 2247 2258 
8347 2258 2247 2248 2259 
8348 2259 2248 2249 2260 
8349 2260 2249 2250 2261 
8350 2261 2250 2251 2262 
8351 2262 2251 2252 2263 
8352 2263 2252 2253 2264 
8353 2264 2253 2254 2265 
8354 2265 2254 2255 2266 
8355 151 152 2454 2498 
8356 2498 2454 2455 2499 
8357 2499 2455 2456 2500 
8358 2500 2456 2457 2501 
8359 2501 2457 2458 2502 
8360 2502 2458 2459 2503 
8361 2503 2459 2460 2504 
8362 2504 2460 2461 2505 
8363 2505 2461 2462 2506 
8364 2506 2462 2463 2507 
8365 2507 2463 2464 2508 
8366 154 2 496 2245 
8367 2245 496 497 2246 
8368 2246 497 498 2247 
8369 2247 498 499 2248 
8370 2248 499 500 2249 
8371 2249 500 501 2250 
8372 2250 501 502 2251 
8373 2251 502 503 2252 
8374 2252 503 504 2253 
8375 2253 504 505 2254 
8376 2254 505 506 2255 
8377 2 155 2234 496 
8378 496 2234 2235 497 
8379 497 2235 2236 498 
8380 498 2236 2237 499 
8381 499 2237 2238 500 
8382 500 2238 2239 501 
8383 501 2239 2240 502 
8384 502 2240 2241 503 
8385 503 2241 2242 504 
8386 504 2242 2243 505 
8387 505 2243 2244 506 
8388 155 156 2344 2234 
8389 2234 2344 2345 2235 
8390 2235 2345 2346 2236 
8391 2236 2346 2347 2237 
8392 2237 2347 2348 2238 
8393 2238 2348 2349 2239 
8394 2239 2349 2350 2240 
8395 2240 2350 2351 2241 
8396 2241 2351 2352 2242 
8397 2242 2352 2353 2243 
8398 2243 2353 2354 2244 
8399 156 157 2201 2344 
8400 2344 2201 2202 2345 
8401 2345 2202 2203 2346 
8402 2346 2203 2204 2347 
8403 2347 2204 2205 2348 
8404 2348 2205 2206 2349 
8405 2349 2206 2207 2350 
8406 2350 2207 2208 2351 
8407 2351 2208 2209 2352 
8408 2352 2209 2210 2353 
8409 2353 2210 2211 2354 
8410 157 158 2267 2201 
8411 2201 2267 2268 2202 
8412 2202 2268 2269 2203 
8413 2203 2269 2270 2204 
8414 2204 2270 2271 2205 
8415 2205 2271 2272 2206 
8416 2206 2272 2273 2207 
8417 2207 2273 2274 2208 
8418 2208 2274 2275 2209 
8419 2209 2275 2276 2210 
8420 2210 2276 2277 2211 
8421 203 204 2938 2839 
8422 2839 2938 2939 2840 
8423 2840 2939 2940 2841 
8424 2841 2940 2941 2842 
8425 2842 2941 2942 2843 
8426 2843 2942 2943 2844 
8427 2844 2943 2944 2845 
8428 2845 2944 2945 2846 
8429 2846 2945 2946 2847 
8430 2847 2946 2947 2848 
8431 2848 2947 2948 2849 
8432 205 206 2630 2817 
8433 2817 2630 2631 2818 
8434 2818 2631 2632 2819 
8435 2819 2632 2633 2820 
8436 2820 2633 2634 2821 
8437 2821 2634 2635 2822 
8438 2822 2635 2636 2823 
8439 2823 2636 2637 2824 
8440 2824 2637 2638 2825 
8441 2825 2638 2639 2826 
8442 2826 2639 2640 2827 
8443 204 205 2817 2938 
8444 2938 2817 2818 2939 
8445 2939 2818 2819 2940 
8446 2940 2819 2820 2941 
8447 2941 2820 2821 2942 
8448 2942 2821 2822 2943 
8449 2943 2822 2823 2944 
8450 2944 2823 2824 2945 
8451 2945 2824 2825 2946 
8452 2946 2825 2826 2947 
8453 2947 2826 2827 2948 
8454 161 162 2124 2289 
8455 2289 2124 2125 2290 
8456 2290 2125 2126 2291 
8457 2291 2126 2127 2292 
8458 2292 2127 2128 2293 
8459 2293 2128 2129 2294 
8460 2294 2129 2130 2295 
8461 2295 2130 2131 2296 
8462 2296 2131 2132 2297 
8463 2297 2132 2133 2298 
8464 2298 2133 2134 2299 
8465 163 164 2300 2421 
8466 2421 2300 2301 2422 
8467 2422 2301 2302 2423 
8468 2423 2302 2303 2424 
8469 2424 2303 2304 2425 
8470 2425 2304 2305 2426 
8471 2426 2305 2306 2427 
8472 2427 2306 2307 2428 
8473 2428 2307 2308 2429 
8474 2429 2308 2309 2430 
8475 2430 2309 2310 2431 
8476 162 163 2421 2124 
8477 2124 2421 2422 2125 
8478 2125 2422 2423 2126 
8479 2126 2423 2424 2127 
8480 2127 2424 2425 2128 
8481 2128 2425 2426 2129 
8482 2129 2426 2427 2130 
8483 2130 2427 2428 2131 
8484 2131 2428 2429 2132 
8485 2132 2429 2430 2133 
8486 2133 2430 2431 2134 
8487 166 167 2322 2190 
8488 2190 2322 2323 2191 
8489 2191 2323 2324 2192 
8490 2192 2324 2325 2193 
8491 2193 2325 2326 2194 
8492 2194 2326 2327 2195 
8493 2195 2327 2328 2196 
8494 2196 2328 2329 2197 
8495 2197 2329 2330 2198 
8496 2198 2330 2331 2199 
8497 2199 2331 2332 2200 
8498 164 165 2399 2300 
8499 2300 2399 2400 2301 
8500 2301 2400 2401 2302 
8501 2302 2401 2402 2303 
8502 2303 2402 2403 2304 
8503 2304 2403 2404 2305 
8504 2305 2404 2405 2306 
8505 2306 2405 2406 2307 
8506 2307 2406 2407 2308 
8507 2308 2407 2408 2309 
8508 2309 2408 2409 2310 
8509 165 166 2190 2399 
8510 2399 2190 2191 2400 
8511 2400 2191 2192 2401 
8512 2401 2192 2193 2402 
8513 2402 2193 2194 2403 
8514 2403 2194 2195 2404 
8515 2404 2195 2196 2405 
8516 2405 2196 2197 2406 
8517 2406 2197 2198 2407 
8518 2407 2198 2199 2408 
8519 2408 2199 2200 2409 
8520 167 168 2102 2322 
8521 2322 2102 2103 2323 
8522 2323 2103 2104 2324 
8523 2324 2104 2105 2325 
8524 2325 2105 2106 2326 
8525 2326 2106 2107 2327 
8526 2327 2107 2108 2328 
8527 2328 2108 2109 2329 
8528 2329 2109 2110 2330 
8529 2330 2110 2111 2331 
8530 2331 2111 2112 2332 
8531 168 169 2311 2102 
8532 2102 2311 2312 2103 
8533 2103 2312 2313 2104 
8534 2104 2313 2314 2105 
8535 2105 2314 2315 2106 
8536 2106 2315 2316 2107 
8537 2107 2316 2317 2108 
8538 2108 2317 2318 2109 
8539 2109 2318 2319 2110 
8540 2110 2319 2320 2111 
8541 2111 2320 2321 2112 
8542 169 170 2432 2311 
8543 2311 2432 2433 2312 
8544 2312 2433 2434 2313 
8545 2313 2434 2435 2314 
8546 2314 2435 2436 2315 
8547 2315 2436 2437 2316 
8548 2316 2437 2438 2317 
8549 2317 2438 2439 2318 
8550 2318 2439 2440 2319 
8551 2319 2440 2441 2320 
8552 2320 2441 2442 2321 
8553 170 171 2146 2432 
8554 2432 2146 2147 2433 
8555 2433 2147 2148 2434 
8556 2434 2148 2149 2435 
8557 2435 2149 2150 2436 
8558 2436 2150 2151 2437 
8559 2437 2151 2152 2438 
8560 2438 2152 2153 2439 
8561 2439 2153 2154 2440 
8562 2440 2154 2155 2441 
8563 2441 2155 2156 2442 
8564 171 172 2520 2146 
8565 2146 2520 2521 2147 
8566 2147 2521 2522 2148 
8567 2148 2522 2523 2149 
8568 2149 2523 2524 2150 
8569 2150 2524 2525 2151 
8570 2151 2525 2526 2152 
8571 2152 2526 2527 2153 
8572 2153 2527 2528 2154 
8573 2154 2528 2529 2155 
8574 2155 2529 2530 2156 
8575 172 173 2355 2520 
8576 2520 2355 2356 2521 
8577 2521 2356 2357 2522 
8578 2522 2357 2358 2523 
8579 2523 2358 2359 2524 
8580 2524 2359 2360 2525 
8581 2525 2360 2361 2526 
8582 2526 2361 2362 2527 
8583 2527 2362 2363 2528 
8584 2528 2363 2364 2529 
8585 2529 2364 2365 2530 
8586 173 174 2542 2355 
8587 2355 2542 2543 2356 
8588 2356 2543 2544 2357 
8589 2357 2544 2545 2358 
8590 2358 2545 2546 2359 
8591 2359 2546 2547 2360 
8592 2360 2547 2548 2361 
8593 2361 2548 2549 2362 
8594 2362 2549 2550 2363 
8595 2363 2550 2551 2364 
8596 2364 2551 2552 2365 
8597 174 175 2157 2542 
8598 2542 2157 2158 2543 
8599 2543 2158 2159 2544 
8600 2544 2159 2160 2545 
8601 2545 2160 2161 2546 
8602 2546 2161 2162 2547 
8603 2547 2162 2163 2548 
8604 2548 2163 2164 2549 
8605 2549 2164 2165 2550 
8606 2550 2165 2166 2551 
8607 2551 2166 2167 2552 
8608 177 178 2179 2168 
8609 2168 2179 2180 2169 
8610 2169 2180 2181 2170 
8611 2170 2181 2182 2171 
8612 2171 2182 2183 2172 
8613 2172 2183 2184 2173 
8614 2173 2184 2185 2174 
8615 2174 2185 2186 2175 
8616 2175 2186 2187 2176 
8617 2176 2187 2188 2177 
8618 2177 2188 2189 2178 
8619 175 176 2443 2157 
8620 2157 2443 2444 2158 
8621 2158 2444 2445 2159 
8622 2159 2445 2446 2160 
8623 2160 2446 2447 2161 
8624 2161 2447 2448 2162 
8625 2162 2448 2449 2163 
8626 2163 2449 2450 2164 
8627 2164 2450 2451 2165 
8628 2165 2451 2452 2166 
8629 2166 2452 2453 2167 
8630 176 177 2168 2443 
8631 2443 2168 2169 2444 
8632 2444 2169 2170 2445 
8633 2445 2170 2171 2446 
8634 2446 2171 2172 2447 
8635 2447 2172 2173 2448 
8636 2448 2173 2174 2449 
8637 2449 2174 2175 2450 
8638 2450 2175 2176 2451 
8639 2451 2176 2177 2452 
8640 2452 2177 2178 2453 
8641 179 180 2333 2212 
8642 2212 2333 2334 2213 
8643 2213 2334 2335 2214 
8644 2214 2335 2336 2215 
8645 2215 2336 2337 2216 
8646 2216 2337 2338 2217 
8647 2217 2338 2339 2218 
8648 2218 2339 2340 2219 
8649 2219 2340 2341 2220 
8650 2220 2341 2342 2221 
8651 2221 2342 2343 2222 
8652 180 181 2377 2333 
8653 2333 2377 2378 2334 
8654 2334 2378 2379 2335 
8655 2335 2379 2380 2336 
8656 2336 2380 2381 2337 
8657 2337 2381 2382 2338 
8658 2338 2382 2383 2339 
8659 2339 2383 2384 2340 
8660 2340 2384 2385 2341 
8661 2341 2385 2386 2342 
8662 2342 2386 2387 2343 
8663 178 179 2212 2179 
8664 2179 2212 2213 2180 
8665 2180 2213 2214 2181 
8666 2181 2214 2215 2182 
8667 2182 2215 2216 2183 
8668 2183 2216 2217 2184 
8669 2184 2217 2218 2185 
8670 2185 2218 2219 2186 
8671 2186 2219 2220 2187 
8672 2187 2220 2221 2188 
8673 2188 2221 2222 2189 
8674 182 183 2927 2960 
8675 2960 2927 2928 2961 
8676 2961 2928 2929 2962 
8677 2962 2929 2930 2963 
8678 2963 2930 2931 2964 
8679 2964 2931 2932 2965 
8680 2965 2932 2933 2966 
8681 2966 2933 2934 2967 
8682 2967 2934 2935 2968 
8683 2968 2935 2936 2969 
8684 2969 2936 2937 2970 
8685 181 182 2960 2377 
8686 2377 2960 2961 2378 
8687 2378 2961 2962 2379 
8688 2379 2962 2963 2380 
8689 2380 2963 2964 2381 
8690 2381 2964 2965 2382 
8691 2382 2965 2966 2383 
8692 2383 2966 2967 2384 
8693 2384 2967 2968 2385 
8694 2385 2968 2969 2386 
8695 2386 2969 2970 2387 
8696 183 184 2696 2927 
8697 2927 2696 2697 2928 
8698 2928 2697 2698 2929 
8699 2929 2698 2699 2930 
8700 2930 2699 2700 2931 
8701 2931 2700 2701 2932 
8702 2932 2701 2702 2933 
8703 2933 2702 2703 2934 
8704 2934 2703 2704 2935 
8705 2935 2704 2705 2936 
8706 2936 2705 2706 2937 
8707 184 185 2795 2696 
8708 2696 2795 2796 2697 
8709 2697 2796 2797 2698 
8710 2698 2797 2798 2699 
8711 2699 2798 2799 2700 
8712 2700 2799 2800 2701 
8713 2701 2800 2801 2702 
8714 2702 2801 2802 2703 
8715 2703 2802 2803 2704 
8716 2704 2803 2804 2705 
8717 2705 2804 2805 2706 
8718 185 186 2894 2795 
8719 2795 2894 2895 2796 
8720 2796 2895 2896 2797 
8721 2797 2896 2897 2798 
8722 2798 2897 2898 2799 
8723 2799 2898 2899 2800 
8724 2800 2899 2900 2801 
8725 2801 2900 2901 2802 
8726 2802 2901 2902 2803 
8727 2803 2902 2903 2804 
8728 2804 2903 2904 2805 
8729 186 187 2971 2894 
8730 2894 2971 2972 2895 
8731 2895 2972 2973 2896 
8732 2896 2973 2974 2897 
8733 2897 2974 2975 2898 
8734 2898 2975 2976 2899 
8735 2899 2976 2977 2900 
8736 2900 2977 2978 2901 
8737 2901 2978 2979 2902 
8738 2902 2979 2980 2903 
8739 2903 2980 2981 2904 
8740 188 189 2663 2828 
8741 2828 2663 2664 2829 
8742 2829 2664 2665 2830 
8743 2830 2665 2666 2831 
8744 2831 2666 2667 2832 
8745 2832 2667 2668 2833 
8746 2833 2668 2669 2834 
8747 2834 2669 2670 2835 
8748 2835 2670 2671 2836 
8749 2836 2671 2672 2837 
8750 2837 2672 2673 2838 
8751 187 188 2828 2971 
8752 2971 2828 2829 2972 
8753 2972 2829 2830 2973 
8754 2973 2830 2831 2974 
8755 2974 2831 2832 2975 
8756 2975 2832 2833 2976 
8757 2976 2833 2834 2977 
8758 2977 2834 2835 2978 
8759 2978 2835 2836 2979 
8760 2979 2836 2837 2980 
8761 2980 2837 2838 2981 
8762 190 191 2872 2674 
8763 2674 2872 2873 2675 
8764 2675 2873 2874 2676 
8765 2676 2874 2875 2677 
8766 2677 2875 2876 2678 
8767 2678 2876 2877 2679 
8768 2679 2877 2878 2680 
8769 2680 2878 2879 2681 
8770 2681 2879 2880 2682 
8771 2682 2880 2881 2683 
8772 2683 2881 2882 2684 
8773 191 192 2784 2872 
8774 2872 2784 2785 2873 
8775 2873 2785 2786 2874 
8776 2874 2786 2787 2875 
8777 2875 2787 2788 2876 
8778 2876 2788 2789 2877 
8779 2877 2789 2790 2878 
8780 2878 2790 2791 2879 
8781 2879 2791 2792 2880 
8782 2880 2792 2793 2881 
8783 2881 2793 2794 2882 
8784 189 190 2674 2663 
8785 2663 2674 2675 2664 
8786 2664 2675 2676 2665 
8787 2665 2676 2677 2666 
8788 2666 2677 2678 2667 
8789 2667 2678 2679 2668 
8790 2668 2679 2680 2669 
8791 2669 2680 2681 2670 
8792 2670 2681 2682 2671 
8793 2671 2682 2683 2672 
8794 2672 2683 2684 2673 
8795 192 193 2729 2784 
8796 2784 2729 2730 2785 
8797 2785 2730 2731 2786 
8798 2786 2731 2732 2787 
8799 2787 2732 2733 2788 
8800 2788 2733 2734 2789 
8801 2789 2734 2735 2790 
8802 2790 2735 2736 2791 
8803 2791 2736 2737 2792 
8804 2792 2737 2738 2793 
8805 2793 2738 2739 2794 
8806 193 194 2861 2729 
8807 2729 2861 2862 2730 
8808 2730 2862 2863 2731 
8809 2731 2863 2864 2732 
8810 2732 2864 2865 2733 
8811 2733 2865 2866 2734 
8812 2734 2866 2867 2735 
8813 2735 2867 2868 2736 
8814 2736 2868 2869 2737 
8815 2737 2869 2870 2738 
8816 2738 2870 2871 2739 
8817 194 195 2773 2861 
8818 2861 2773 2774 2862 
8819 2862 2774 2775 2863 
8820 2863 2775 2776 2864 
8821 2864 2776 2777 2865 
8822 2865 2777 2778 2866 
8823 2866 2778 2779 2867 
8824 2867 2779 2780 2868 
8825 2868 2780 2781 2869 
8826 2869 2781 2782 2870 
8827 2870 2782 2783 2871 
8828 196 197 2762 2586 
8829 2586 2762 2763 2587 
8830 2587 2763 2764 2588 
8831 2588 2764 2765 2589 
8832 2589 2765 2766 2590 
8833 2590 2766 2767 2591 
8834 2591 2767 2768 2592 
8835 2592 2768 2769 2593 
8836 2593 2769 2770 2594 
8837 2594 2770 2771 2595 
8838 2595 2771 2772 2596 
8839 195 196 2586 2773 
8840 2773 2586 2587 2774 
8841 2774 2587 2588 2775 
8842 2775 2588 2589 2776 
8843 2776 2589 2590 2777 
8844 2777 2590 2591 2778 
8845 2778 2591 2592 2779 
8846 2779 2592 2593 2780 
8847 2780 2593 2594 2781 
8848 2781 2594 2595 2782 
8849 2782 2595 2596 2783 
8850 198 199 2916 2751 
8851 2751 2916 2917 2752 
8852 2752 2917 2918 2753 
8853 2753 2918 2919 2754 
8854 2754 2919 2920 2755 
8855 2755 2920 2921 2756 
8856 2756 2921 2922 2757 
8857 2757 2922 2923 2758 
8858 2758 2923 2924 2759 
8859 2759 2924 2925 2760 
8860 2760 2925 2926 2761 
8861 197 198 2751 2762 
8862 2762 2751 2752 2763 
8863 2763 2752 2753 2764 
8864 2764 2753 2754 2765 
8865 2765 2754 2755 2766 
8866 2766 2755 2756 2767 
8867 2767 2756 2757 2768 
8868 2768 2757 2758 2769 
8869 2769 2758 2759 2770 
8870 2770 2759 2760 2771 
8871 2771 2760 2761 2772 
8872 199 200 2806 2916 
8873 2916 2806 2807 2917 
8874 2917 2807 2808 2918 
8875 2918 2808 2809 2919 
8876 2919 2809 2810 2920 
8877 2920 2810 2811 2921 
8878 2921 2811 2812 2922 
8879 2922 2812 2813 2923 
8880 2923 2813 2814 2924 
8881 2924 2814 2815 2925 
8882 2925 2815 2816 2926 
8883 202 203 2839 2883 
8884 2883 2839 2840 2884 
8885 2884 2840 2841 2885 
8886 2885 2841 2842 2886 
8887 2886 2842 2843 2887 
8888 2887 2843 2844 2888 
8889 2888 2844 2845 2889 
8890 2889 2845 2846 2890 
8891 2890 2846 2847 2891 
8892 2891 2847 2848 2892 
8893 2892 2848 2849 2893 
8894 200 201 2905 2806 
8895 2806 2905 2906 2807 
8896 2807 2906 2907 2808 
8897 2808 2907 2908 2809 
8898 2809 2908 2909 2810 
8899 2810 2909 2910 2811 
8900 2811 2910 2911 2812 
8901 2812 2911 2912 2813 
8902 2813 2912 2913 2814 
8903 2814 2913 2914 2815 
8904 2815 2914 2915 2816 
8905 201 202 2883 2905 
8906 2905 2883 2884 2906 
8907 2906 2884 2885 2907 
8908 2907 2885 2886 2908 
8909 2908 2886 2887 2909 
8910 2909 2887 2888 2910 
8911 2910 2888 2889 2911 
8912 2911 2889 2890 2912 
8913 2912 2890 2891 2913 
8914 2913 2891 2892 2914 
8915 2914 2892 2893 2915 
8916 206 207 2685 2630 
8917 2630 2685 2686 2631 
8918 2631 2686 2687 2632 
8919 2632 2687 2688 2633 
8920 2633 2688 2689 2634 
8921 2634 2689 2690 2635 
8922 2635 2690 2691 2636 
8923 2636 2691 2692 2637 
8924 2637 2692 2693 2638 
8925 2638 2693 2694 2639 
8926 2639 2694 2695 2640 
8927 207 208 2553 2685 
8928 2685 2553 2554 2686 
8929 2686 2554 2555 2687 
8930 2687 2555 2556 2688 
8931 2688 2556 2557 2689 
8932 2689 2557 2558 2690 
8933 2690 2558 2559 2691 
8934 2691 2559 2560 2692 
8935 2692 2560 2561 2693 
8936 2693 2561 2562 2694 
8937 2694 2562 2563 2695 
8938 208 209 2850 2553 
8939 2553 2850 2851 2554 
8940 2554 2851 2852 2555 
8941 2555 2852 2853 2556 
8942 2556 2853 2854 2557 
8943 2557 2854 2855 2558 
8944 2558 2855 2856 2559 
8945 2559 2856 2857 2560 
8946 2560 2857 2858 2561 
8947 2561 2858 2859 2562 
8948 2562 2859 2860 2563 
8949 209 210 2949 2850 
8950 2850 2949 2950 2851 
8951 2851 2950 2951 2852 
8952 2852 2951 2952 2853 
8953 2853 2952 2953 2854 
8954 2854 2953 2954 2855 
8955 2855 2954 2955 2856 
8956 2856 2955 2956 2857 
8957 2857 2956 2957 2858 
8958 2858 2957 2958 2859 
8959 2859 2958 2959 2860 
8960 210 211 2982 2949 
8961 2949 2982 2983 2950 
8962 2950 2983 2984 2951 
8963 2951 2984 2985 2952 
8964 2952 2985 2986 2953 
8965 2953 2986 2987 2954 
8966 2954 2987 2988 2955 
8967 2955 2988 2989 2956 
8968 2956 2989 2990 2957 
8969 2957 2990 2991 2958 
8970 2958 2991 2992 2959 
8971 211 212 2993 2982 
8972 2982 2993 2994 2983 
8973 2983 2994 2995 2984 
8974 2984 2995 2996 2985 
8975 2985 2996 2997 2986 
8976 2986 2997 2998 2987 
8977 2987 2998 2999 2988 
8978 2988 2999 3000 2989 
8979 2989 3000 3001 2990 
8980 2990 3001 3002 2991 
8981 2991 3002 3003 2992 
8982 212 213 2564 2993 
8983 2993 2564 2565 2994 
8984 2994 2565 2566 2995 
8985 2995 2566 2567 2996 
8986 2996 2567 2568 2997 
8987 2997 2568 2569 2998 
8988 2998 2569 2570 2999 
8989 2999 2570 2571 3000 
8990 3000 2571 2572 3001 
8991 3001 2572 2573 3002 
8992 3002 2573 2574 3003 
8993 213 214 2652 2564 
8994 2564 2652 2653 2565 
8995 2565 2653 2654 2566 
8996 2566 2654 2655 2567 
8997 2567 2655 2656 2568 
8998 2568 2656 2657 2569 
8999 2569 2657 2658 2570 
9000 2570 2658 2659 2571 
9001 2571 2659 2660 2572 
9002 2572 2660 2661 2573 
9003 2573 2661 2662 2574 
9004 215 216 2575 2608 
9005 2608 2575 2576 2609 
9006 2609 2576 2577 2610 
9007 2610 2577 2578 2611 
9008 2611 2578 2579 2612 
9009 2612 2579 2580 2613 
9010 2613 2580 2581 2614 
9011 2614 2581 2582 2615 
9012 2615 2582 2583 2616 
9013 2616 2583 2584 2617 
9014 2617 2584 2585 2618 
9015 216 217 2597 2575 
9016 2575 2597 2598 2576 
9017 2576 2598 2599 2577 
9018 2577 2599 2600 2578 
9019 2578 2600 2601 2579 
9020 2579 2601 2602 2580 
9021 2580 2602 2603 2581 
9022 2581 2603 2604 2582 
9023 2582 2604 2605 2583 
9024 2583 2605 2606 2584 
9025 2584 2606 2607 2585 
9026 214 215 2608 2652 
9027 2652 2608 2609 2653 
9028 2653 2609 2610 2654 
9029 2654 2610 2611 2655 
9030 2655 2611 2612 2656 
9031 2656 2612 2613 2657 
9032 2657 2613 2614 2658 
9033 2658 2614 2615 2659 
9034 2659 2615 2616 2660 
9035 2660 2616 2617 2661 
9036 2661 2617 2618 2662 
9037 218 219 2619 2707 
9038 2707 2619 2620 2708 
9039 2708 2620 2621 2709 
9040 2709 2621 2622 2710 
9041 2710 2622 2623 2711 
9042 2711 2623 2624 2712 
9043 2712 2624 2625 2713 
9044 2713 2625 2626 2714 
9045 2714 2626 2627 2715 
9046 2715 2627 2628 2716 
9047 2716 2628 2629 2717 
9048 217 218 2707 2597 
9049 2597 2707 2708 2598 
9050 2598 2708 2709 2599 
9051 2599 2709 2710 2600 
9052 2600 2710 2711 2601 
9053 2601 2711 2712 2602 
9054 2602 2712 2713 2603 
9055 2603 2713 2714 2604 
9056 2604 2714 2715 2605 
9057 2605 2715 2716 2606 
9058 2606 2716 2717 2607 
9059 220 221 2718 2641 
9060 2641 2718 2719 2642 
9061 2642 2719 2720 2643 
9062 2643 2720 2721 2644 
9063 2644 2721 2722 2645 
9064 2645 2722 2723 2646 
9065 2646 2723 2724 2647 
9066 2647 2724 2725 2648 
9067 2648 2725 2726 2649 
9068 2649 2726 2727 2650 
9069 2650 2727 2728 2651 
9070 221 222 2740 2718 
9071 2718 2740 2741 2719 
9072 2719 2741 2742 2720 
9073 2720 2742 2743 2721 
9074 2721 2743 2744 2722 
9075 2722 2744 2745 2723 
9076 2723 2745 2746 2724 
9077 2724 2746 2747 2725 
9078 2725 2747 2748 2726 
9079 2726 2748 2749 2727 
9080 2727 2749 2750 2728 
9081 219 220 2641 2619 
9082 2619 2641 2642 2620 
9083 2620 2642 2643 2621 
9084 2621 2643 2644 2622 
9085 2622 2644 2645 2623 
9086 2623 2645 2646 2624 
9087 2624 2646 2647 2625 
9088 2625 2647 2648 2626 
9089 2626 2648 2649 2627 
9090 2627 2649 2650 2628 
9091 2628 2650 2651 2629 
9092 224 225 3092 3312 
9093 3312 3092 3093 3313 
9094 3313 3093 3094 3314 
9095 3314 3094 3095 3315 
9096 3315 3095 3096 3316 
9097 3316 3096 3097 3317 
9098 3317 3097 3098 3318 
9099 3318 3098 3099 3319 
9100 3319 3099 3100 3320 
9101 3320 3100 3101 3321 
9102 3321 3101 3102 3322 
9103 222 223 3081 2740 
9104 2740 3081 3082 2741 
9105 2741 3082 3083 2742 
9106 2742 3083 3084 2743 
9107 2743 3084 3085 2744 
9108 2744 3085 3086 2745 
9109 2745 3086 3087 2746 
9110 2746 3087 3088 2747 
9111 2747 3088 3089 2748 
9112 2748 3089 3090 2749 
9113 2749 3090 3091 2750 
9114 223 224 3312 3081 
9115 3081 3312 3313 3082 
9116 3082 3313 3314 3083 
9117 3083 3314 3315 3084 
9118 3084 3315 3316 3085 
9119 3085 3316 3317 3086 
9120 3086 3317 3318 3087 
9121 3087 3318 3319 3088 
9122 3088 3319 3320 3089 
9123 3089 3320 3321 3090 
9124 3090 3321 3322 3091 
9125 226 227 3037 3389 
9126 3389 3037 3038 3390 
9127 3390 3038 3039 3391 
9128 3391 3039 3040 3392 
9129 3392 3040 3041 3393 
9130 3393 3041 3042 3394 
9131 3394 3042 3043 3395 
9132 3395 3043 3044 3396 
9133 3396 3044 3045 3397 
9134 3397 3045 3046 3398 
9135 3398 3046 3047 3399 
9136 227 228 3147 3037 
9137 3037 3147 3148 3038 
9138 3038 3148 3149 3039 
9139 3039 3149 3150 3040 
9140 3040 3150 3151 3041 
9141 3041 3151 3152 3042 
9142 3042 3152 3153 3043 
9143 3043 3153 3154 3044 
9144 3044 3154 3155 3045 
9145 3045 3155 3156 3046 
9146 3046 3156 3157 3047 
9147 225 226 3389 3092 
9148 3092 3389 3390 3093 
9149 3093 3390 3391 3094 
9150 3094 3391 3392 3095 
9151 3095 3392 3393 3096 
9152 3096 3393 3394 3097 
9153 3097 3394 3395 3098 
9154 3098 3395 3396 3099 
9155 3099 3396 3397 3100 
9156 3100 3397 3398 3101 
9157 3101 3398 3399 3102 
9158 229 230 3279 3158 
9159 3158 3279 3280 3159 
9160 3159 3280 3281 3160 
9161 3160 3281 3282 3161 
9162 3161 3282 3283 3162 
9163 3162 3283 3284 3163 
9164 3163 3284 3285 3164 
9165 3164 3285 3286 3165 
9166 3165 3286 3287 3166 
9167 3166 3287 3288 3167 
9168 3167 3288 3289 3168 
9169 230 231 3323 3279 
9170 3279 3323 3324 3280 
9171 3280 3324 3325 3281 
9172 3281 3325 3326 3282 
9173 3282 3326 3327 3283 
9174 3283 3327 3328 3284 
9175 3284 3328 3329 3285 
9176 3285 3329 3330 3286 
9177 3286 3330 3331 3287 
9178 3287 3331 3332 3288 
9179 3288 3332 3333 3289 
9180 228 229 3158 3147 
9181 3147 3158 3159 3148 
9182 3148 3159 3160 3149 
9183 3149 3160 3161 3150 
9184 3150 3161 3162 3151 
9185 3151 3162 3163 3152 
9186 3152 3163 3164 3153 
9187 3153 3164 3165 3154 
9188 3154 3165 3166 3155 
9189 3155 3166 3167 3156 
9190 3156 3167 3168 3157 
9191 232 233 3048 3334 
9192 3334 3048 3049 3335 
9193 3335 3049 3050 3336 
9194 3336 3050 3051 3337 
9195 3337 3051 3052 3338 
9196 3338 3052 3053 3339 
9197 3339 3053 3054 3340 
9198 3340 3054 3055 3341 
9199 3341 3055 3056 3342 
9200 3342 3056 3057 3343 
9201 3343 3057 3058 3344 
9202 231 232 3334 3323 
9203 3323 3334 3335 3324 
9204 3324 3335 3336 3325 
9205 3325 3336 3337 3326 
9206 3326 3337 3338 3327 
9207 3327 3338 3339 3328 
9208 3328 3339 3340 3329 
9209 3329 3340 3341 3330 
9210 3330 3341 3342 3331 
9211 3331 3342 3343 3332 
9212 3332 3343 3344 3333 
9213 233 234 3400 3048 
9214 3048 3400 3401 3049 
9215 3049 3401 3402 3050 
9216 3050 3402 3403 3051 
9217 3051 3403 3404 3052 
9218 3052 3404 3405 3053 
9219 3053 3405 3406 3054 
9220 3054 3406 3407 3055 
9221 3055 3407 3408 3056 
9222 3056 3408 3409 3057 
9223 3057 3409 3410 3058 
9224 234 235 3059 3400 
9225 3400 3059 3060 3401 
9226 3401 3060 3061 3402 
9227 3402 3061 3062 3403 
9228 3403 3062 3063 3404 
9229 3404 3063 3064 3405 
9230 3405 3064 3065 3406 
9231 3406 3065 3066 3407 
9232 3407 3066 3067 3408 
9233 3408 3067 3068 3409 
9234 3409 3068 3069 3410 
9235 235 236 3103 3059 
9236 3059 3103 3104 3060 
9237 3060 3104 3105 3061 
9238 3061 3105 3106 3062 
9239 3062 3106 3107 3063 
9240 3063 3107 3108 3064 
9241 3064 3108 3109 3065 
9242 3065 3109 3110 3066 
9243 3066 3110 3111 3067 
9244 3067 3111 3112 3068 
9245 3068 3112 3113 3069 
9246 237 238 3114 3411 
9247 3411 3114 3115 3412 
9248 3412 3115 3116 3413 
9249 3413 3116 3117 3414 
9250 3414 3117 3118 3415 
9251 3415 3118 3119 3416 
9252 3416 3119 3120 3417 
9253 3417 3120 3121 3418 
9254 3418 3121 3122 3419 
9255 3419 3122 3123 3420 
9256 3420 3123 3124 3421 
9257 236 237 3411 3103 
9258 3103 3411 3412 3104 
9259 3104 3412 3413 3105 
9260 3105 3413 3414 3106 
9261 3106 3414 3415 3107 
9262 3107 3415 3416 3108 
9263 3108 3416 3417 3109 
9264 3109 3417 3418 3110 
9265 3110 3418 3419 3111 
9266 3111 3419 3420 3112 
9267 3112 3420 3421 3113 
9268 238 239 3026 3114 
9269 3114 3026 3027 3115 
9270 3115 3027 3028 3116 
9271 3116 3028 3029 3117 
9272 3117 3029 3030 3118 
9273 3118 3030 3031 3119 
9274 3119 3031 3032 3120 
9275 3120 3032 3033 3121 
9276 3121 3033 3034 3122 
9277 3122 3034 3035 3123 
9278 3123 3035 3036 3124 
9279 240 241 3422 3356 
9280 3356 3422 3423 3357 
9281 3357 3423 3424 3358 
9282 3358 3424 3425 3359 
9283 3359 3425 3426 3360 
9284 3360 3426 3427 3361 
9285 3361 3427 3428 3362 
9286 3362 3428 3429 3363 
9287 3363 3429 3430 3364 
9288 3364 3430 3431 3365 
9289 3365 3431 3432 3366 
9290 239 240 3356 3026 
9291 3026 3356 3357 3027 
9292 3027 3357 3358 3028 
9293 3028 3358 3359 3029 
9294 3029 3359 3360 3030 
9295 3030 3360 3361 3031 
9296 3031 3361 3362 3032 
9297 3032 3362 3363 3033 
9298 3033 3363 3364 3034 
9299 3034 3364 3365 3035 
9300 3035 3365 3366 3036 
9301 241 242 3268 3422 
9302 3422 3268 3269 3423 
9303 3423 3269 3270 3424 
9304 3424 3270 3271 3425 
9305 3425 3271 3272 3426 
9306 3426 3272 3273 3427 
9307 3427 3273 3274 3428 
9308 3428 3274 3275 3429 
9309 3429 3275 3276 3430 
9310 3430 3276 3277 3431 
9311 3431 3277 3278 3432 
9312 243 244 3169 3070 
9313 3070 3169 3170 3071 
9314 3071 3170 3171 3072 
9315 3072 3171 3172 3073 
9316 3073 3172 3173 3074 
9317 3074 3173 3174 3075 
9318 3075 3174 3175 3076 
9319 3076 3175 3176 3077 
9320 3077 3176 3177 3078 
9321 3078 3177 3178 3079 
9322 3079 3178 3179 3080 
9323 242 243 3070 3268 
9324 3268 3070 3071 3269 
9325 3269 3071 3072 3270 
9326 3270 3072 3073 3271 
9327 3271 3073 3074 3272 
9328 3272 3074 3075 3273 
9329 3273 3075 3076 3274 
9330 3274 3076 3077 3275 
9331 3275 3077 3078 3276 
9332 3276 3078 3079 3277 
9333 3277 3079 3080 3278 
9334 244 245 3345 3169 
9335 3169 3345 3346 3170 
9336 3170 3346 3347 3171 
9337 3171 3347 3348 3172 
9338 3172 3348 3349 3173 
9339 3173 3349 3350 3174 
9340 3174 3350 3351 3175 
9341 3175 3351 3352 3176 
9342 3176 3352 3353 3177 
9343 3177 3353 3354 3178 
9344 3178 3354 3355 3179 
9345 246 247 3125 3290 
9346 3290 3125 3126 3291 
9347 3291 3126 3127 3292 
9348 3292 3127 3128 3293 
9349 3293 3128 3129 3294 
9350 3294 3129 3130 3295 
9351 3295 3130 3131 3296 
9352 3296 3131 3132 3297 
9353 3297 3132 3133 3298 
9354 3298 3133 3134 3299 
9355 3299 3134 3135 3300 
9356 245 246 3290 3345 
9357 3345 3290 3291 3346 
9358 3346 3291 3292 3347 
9359 3347 3292 3293 3348 
9360 3348 3293 3294 3349 
9361 3349 3294 3295 3350 
9362 3350 3295 3296 3351 
9363 3351 3296 3297 3352 
9364 3352 3297 3298 3353 
9365 3353 3298 3299 3354 
9366 3354 3299 3300 3355 
9367 248 249 3301 3367 
9368 3367 3301 3302 3368 
9369 3368 3302 3303 3369 
9370 3369 3303 3304 3370 
9371 3370 3304 3305 3371 
9372 3371 3305 3306 3372 
9373 3372 3306 3307 3373 
9374 3373 3307 3308 3374 
9375 3374 3308 3309 3375 
9376 3375 3309 3310 3376 
9377 3376 3310 3311 3377 
9378 249 250 3224 3301 
9379 3301 3224 3225 3302 
9380 3302 3225 3226 3303 
9381 3303 3226 3227 3304 
9382 3304 3227 3228 3305 
9383 3305 3228 3229 3306 
9384 3306 3229 3230 3307 
9385 3307 3230 3231 3308 
9386 3308 3231 3232 3309 
9387 3309 3232 3233 3310 
9388 3310 3233 3234 3311 
9389 247 248 3367 3125 
9390 3125 3367 3368 3126 
9391 3126 3368 3369 3127 
9392 3127 3369 3370 3128 
9393 3128 3370 3371 3129 
9394 3129 3371 3372 3130 
9395 3130 3372 3373 3131 
9396 3131 3373 3374 3132 
9397 3132 3374 3375 3133 
9398 3133 3375 3376 3134 
9399 3134 3376 3377 3135 
9400 251 252 3180 3136 
9401 3136 3180 3181 3137 
9402 3137 3181 3182 3138 
9403 3138 3182 3183 3139 
9404 3139 3183 3184 3140 
9405 3140 3184 3185 3141 
9406 3141 3185 3186 3142 
9407 3142 3186 3187 3143 
9408 3143 3187 3188 3144 
9409 3144 3188 3189 3145 
9410 3145 3189 3190 3146 
9411 252 253 3378 3180 
9412 3180 3378 3379 3181 
9413 3181 3379 3380 3182 
9414 3182 3380 3381 3183 
9415 3183 3381 3382 3184 
9416 3184 3382 3383 3185 
9417 3185 3383 3384 3186 
9418 3186 3384 3385 3187 
9419 3187 3385 3386 3188 
9420 3188 3386 3387 3189 
9421 3189 3387 3388 3190 
9422 250 251 3136 3224 
9423 3224 3136 3137 3225 
9424 3225 3137 3138 3226 
9425 3226 3138 3139 3227 
9426 3227 3139 3140 3228 
9427 3228 3140 3141 3229 
9428 3229 3141 3142 3230 
9429 3230 3142 3143 3231 
9430 3231 3143 3144 3232 
9431 3232 3144 3145 3233 
9432 3233 3145 3146 3234 
9433 253 254 3191 3378 
9434 3378 3191 3192 3379 
9435 3379 3192 3193 3380 
9436 3380 3193 3194 3381 
9437 3381 3194 3195 3382 
9438 3382 3195 3196 3383 
9439 3383 3196 3197 3384 
9440 3384 3197 3198 3385 
9441 3385 3198 3199 3386 
9442 3386 3199 3200 3387 
9443 3387 3200 3201 3388 
9444 254 255 3235 3191 
9445 3191 3235 3236 3192 
9446 3192 3236 3237 3193 
9447 3193 3237 3238 3194 
9448 3194 3238 3239 3195 
9449 3195 3239 3240 3196 
9450 3196 3240 3241 3197 
9451 3197 3241 3242 3198 
9452 3198 3242 3243 3199 
9453 3199 3243 3244 3200 
9454 3200 3244 3245 3201 
9455 255 256 3246 3235 
9456 3235 3246 3247 3236 
9457 3236 3247 3248 3237 
9458 3237 3248 3249 3238 
9459 3238 3249 3250 3239 
9460 3239 3250 3251 3240 
9461 3240 3251 3252 3241 
9462 3241 3252 3253 3242 
9463 3242 3253 3254 3243 
9464 3243 3254 3255 3244 
9465 3244 3255 3256 3245 
9466 256 257 3433 3246 
9467 3246 3433 3434 3247 
9468 3247 3434 3435 3248 
9469 3248 3435 3436 3249 
9470 3249 3436 3437 3250 
9471 3250 3437 3438 3251 
9472 3251 3438 3439 3252 
9473 3252 3439 3440 3253 
9474 3253 3440 3441 3254 
9475 3254 3441 3442 3255 
9476 3255 3442 3443 3256 
9477 257 258 3257 3433 
9478 3433 3257 3258 3434 
9479 3434 3258 3259 3435 
9480 3435 3259 3260 3436 
9481 3436 3260 3261 3437 
9482 3437 3261 3262 3438 
9483 3438 3262 3263 3439 
9484 3439 3263 3264 3440 
9485 3440 3264 3265 3441 
9486 3441 3265 3266 3442 
9487 3442 3266 3267 3443 
9488 259 260 3004 3444 
9489 3444 3004 3005 3445 
9490 3445 3005 3006 3446 
9491 3446 3006 3007 3447 
9492 3447 3007 3008 3448 
9493 3448 3008 3009 3449 
9494 3449 3009 3010 3450 
9495 3450 3010 3011 3451 
9496 3451 3011 3012 3452 
9497 3452 3012 3013 3453 
9498 3453 3013 3014 3454 
9499 260 261 3015 3004 
9500 3004 3015 3016 3005 
9501 3005 3016 3017 3006 
9502 3006 3017 3018 3007 
9503 3007 3018 3019 3008 
9504 3008 3019 3020 3009 
9505 3009 3020 3021 3010 
9506 3010 3021 3022 3011 
9507 3011 3022 3023 3012 
9508 3012 3023 3024 3013 
9509 3013 3024 3025 3014 
9510 258 259 3444 3257 
9511 3257 3444 3445 3258 
9512 3258 3445 3446 3259 
9513 3259 3446 3447 3260 
9514 3260 3447 3448 3261 
9515 3261 3448 3449 3262 
9516 3262 3449 3450 3263 
9517 3263 3450 3451 3264 
9518 3264 3451 3452 3265 
9519 3265 3452 3453 3266 
9520 3266 3453 3454 3267 
9521 262 263 3213 3202 
9522 3202 3213 3214 3203 
9523 3203 3214 3215 3204 
9524 3204 3215 3216 3205 
9525 3205 3216 3217 3206 
9526 3206 3217 3218 3207 
9527 3207 3218 3219 3208 
9528 3208 3219 3220 3209 
9529 3209 3220 3221 3210 
9530 3210 3221 3222 3211 
9531 3211 3222 3223 3212 
9532 263 264 3730 3213 
9533 3213 3730 3731 3214 
9534 3214 3731 3732 3215 
9535 3215 3732 3733 3216 
9536 3216 3733 3734 3217 
9537 3217 3734 3735 3218 
9538 3218 3735 3736 3219 
9539 3219 3736 3737 3220 
9540 3220 3737 3738 3221 
9541 3221 3738 3739 3222 
9542 3222 3739 3740 3223 
9543 261 262 3202 3015 
9544 3015 3202 3203 3016 
9545 3016 3203 3204 3017 
9546 3017 3204 3205 3018 
9547 3018 3205 3206 3019 
9548 3019 3206 3207 3020 
9549 3020 3207 3208 3021 
9550 3021 3208 3209 3022 
9551 3022 3209 3210 3023 
9552 3023 3210 3211 3024 
9553 3024 3211 3212 3025 
9554 266 267 3719 3653 
9555 3653 3719 3720 3654 
9556 3654 3720 3721 3655 
9557 3655 3721 3722 3656 
9558 3656 3722 3723 3657 
9559 3657 3723 3724 3658 
9560 3658 3724 3725 3659 
9561 3659 3725 3726 3660 
9562 3660 3726 3727 3661 
9563 3661 3727 3728 3662 
9564 3662 3728 3729 3663 
9565 264 265 3631 3730 
9566 3730 3631 3632 3731 
9567 3731 3632 3633 3732 
9568 3732 3633 3634 3733 
9569 3733 3634 3635 3734 
9570 3734 3635 3636 3735 
9571 3735 3636 3637 3736 
9572 3736 3637 3638 3737 
9573 3737 3638 3639 3738 
9574 3738 3639 3640 3739 
9575 3739 3640 3641 3740 
9576 265 266 3653 3631 
9577 3631 3653 3654 3632 
9578 3632 3654 3655 3633 
9579 3633 3655 3656 3634 
9580 3634 3656 3657 3635 
9581 3635 3657 3658 3636 
9582 3636 3658 3659 3637 
9583 3637 3659 3660 3638 
9584 3638 3660 3661 3639 
9585 3639 3661 3662 3640 
9586 3640 3662 3663 3641 
9587 268 269 3598 3521 
9588 3521 3598 3599 3522 
9589 3522 3599 3600 3523 
9590 3523 3600 3601 3524 
9591 3524 3601 3602 3525 
9592 3525 3602 3603 3526 
9593 3526 3603 3604 3527 
9594 3527 3604 3605 3528 
9595 3528 3605 3606 3529 
9596 3529 3606 3607 3530 
9597 3530 3607 3608 3531 
9598 267 268 3521 3719 
9599 3719 3521 3522 3720 
9600 3720 3522 3523 3721 
9601 3721 3523 3524 3722 
9602 3722 3524 3525 3723 
9603 3723 3525 3526 3724 
9604 3724 3526 3527 3725 
9605 3725 3527 3528 3726 
9606 3726 3528 3529 3727 
9607 3727 3529 3530 3728 
9608 3728 3530 3531 3729 
9609 270 271 3565 3664 
9610 3664 3565 3566 3665 
9611 3665 3566 3567 3666 
9612 3666 3567 3568 3667 
9613 3667 3568 3569 3668 
9614 3668 3569 3570 3669 
9615 3669 3570 3571 3670 
9616 3670 3571 3572 3671 
9617 3671 3572 3573 3672 
9618 3672 3573 3574 3673 
9619 3673 3574 3575 3674 
9620 271 272 3642 3565 
9621 3565 3642 3643 3566 
9622 3566 3643 3644 3567 
9623 3567 3644 3645 3568 
9624 3568 3645 3646 3569 
9625 3569 3646 3647 3570 
9626 3570 3647 3648 3571 
9627 3571 3648 3649 3572 
9628 3572 3649 3650 3573 
9629 3573 3650 3651 3574 
9630 3574 3651 3652 3575 
9631 269 270 3664 3598 
9632 3598 3664 3665 3599 
9633 3599 3665 3666 3600 
9634 3600 3666 3667 3601 
9635 3601 3667 3668 3602 
9636 3602 3668 3669 3603 
9637 3603 3669 3670 3604 
9638 3604 3670 3671 3605 
9639 3605 3671 3672 3606 
9640 3606 3672 3673 3607 
9641 3607 3673 3674 3608 
9642 274 275 3510 3708 
9643 3708 3510 3511 3709 
9644 3709 3511 3512 3710 
9645 3710 3512 3513 3711 
9646 3711 3513 3514 3712 
9647 3712 3514 3515 3713 
9648 3713 3515 3516 3714 
9649 3714 3516 3517 3715 
9650 3715 3517 3518 3716 
9651 3716 3518 3519 3717 
9652 3717 3519 3520 3718 
9653 272 273 3675 3642 
9654 3642 3675 3676 3643 
9655 3643 3676 3677 3644 
9656 3644 3677 3678 3645 
9657 3645 3678 3679 3646 
9658 3646 3679 3680 3647 
9659 3647 3680 3681 3648 
9660 3648 3681 3682 3649 
9661 3649 3682 3683 3650 
9662 3650 3683 3684 3651 
9663 3651 3684 3685 3652 
9664 273 274 3708 3675 
9665 3675 3708 3709 3676 
9666 3676 3709 3710 3677 
9667 3677 3710 3711 3678 
9668 3678 3711 3712 3679 
9669 3679 3712 3713 3680 
9670 3680 3713 3714 3681 
9671 3681 3714 3715 3682 
9672 3682 3715 3716 3683 
9673 3683 3716 3717 3684 
9674 3684 3717 3718 3685 
9675 276 277 3620 3609 
9676 3609 3620 3621 3610 
9677 3610 3621 3622 3611 
9678 3611 3622 3623 3612 
9679 3612 3623 3624 3613 
9680 3613 3624 3625 3614 
9681 3614 3625 3626 3615 
9682 3615 3626 3627 3616 
9683 3616 3627 3628 3617 
9684 3617 3628 3629 3618 
9685 3618 3629 3630 3619 
9686 277 278 3576 3620 
9687 3620 3576 3577 3621 
9688 3621 3577 3578 3622 
9689 3622 3578 3579 3623 
9690 3623 3579 3580 3624 
9691 3624 3580 3581 3625 
9692 3625 3581 3582 3626 
9693 3626 3582 3583 3627 
9694 3627 3583 3584 3628 
9695 3628 3584 3585 3629 
9696 3629 3585 3586 3630 
9697 275 276 3609 3510 
9698 3510 3609 3610 3511 
9699 3511 3610 3611 3512 
9700 3512 3611 3612 3513 
9701 3513 3612 3613 3514 
9702 3514 3613 3614 3515 
9703 3515 3614 3615 3516 
9704 3516 3615 3616 3517 
9705 3517 3616 3617 3518 
9706 3518 3617 3618 3519 
9707 3519 3618 3619 3520 
9708 279 280 3686 3774 
9709 3774 3686 3687 3775 
9710 3775 3687 3688 3776 
9711 3776 3688 3689 3777 
9712 3777 3689 3690 3778 
9713 3778 3690 3691 3779 
9714 3779 3691 3692 3780 
9715 3780 3692 3693 3781 
9716 3781 3693 3694 3782 
9717 3782 3694 3695 3783 
9718 3783 3695 3696 3784 
9719 280 281 3697 3686 
9720 3686 3697 3698 3687 
9721 3687 3698 3699 3688 
9722 3688 3699 3700 3689 
9723 3689 3700 3701 3690 
9724 3690 3701 3702 3691 
9725 3691 3702 3703 3692 
9726 3692 3703 3704 3693 
9727 3693 3704 3705 3694 
9728 3694 3705 3706 3695 
9729 3695 3706 3707 3696 
9730 278 279 3774 3576 
9731 3576 3774 3775 3577 
9732 3577 3775 3776 3578 
9733 3578 3776 3777 3579 
9734 3579 3777 3778 3580 
9735 3580 3778 3779 3581 
9736 3581 3779 3780 3582 
9737 3582 3780 3781 3583 
9738 3583 3781 3782 3584 
9739 3584 3782 3783 3585 
9740 3585 3783 3784 3586 
9741 282 283 3873 3543 
9742 3543 3873 3874 3544 
9743 3544 3874 3875 3545 
9744 3545 3875 3876 3546 
9745 3546 3876 3877 3547 
9746 3547 3877 3878 3548 
9747 3548 3878 3879 3549 
9748 3549 3879 3880 3550 
9749 3550 3880 3881 3551 
9750 3551 3881 3882 3552 
9751 3552 3882 3883 3553 
9752 281 282 3543 3697 
9753 3697 3543 3544 3698 
9754 3698 3544 3545 3699 
9755 3699 3545 3546 3700 
9756 3700 3546 3547 3701 
9757 3701 3547 3548 3702 
9758 3702 3548 3549 3703 
9759 3703 3549 3550 3704 
9760 3704 3550 3551 3705 
9761 3705 3551 3552 3706 
9762 3706 3552 3553 3707 
9763 284 285 3741 3587 
9764 3587 3741 3742 3588 
9765 3588 3742 3743 3589 
9766 3589 3743 3744 3590 
9767 3590 3744 3745 3591 
9768 3591 3745 3746 3592 
9769 3592 3746 3747 3593 
9770 3593 3747 3748 3594 
9771 3594 3748 3749 3595 
9772 3595 3749 3750 3596 
9773 3596 3750 3751 3597 
9774 285 286 3477 3741 
9775 3741 3477 3478 3742 
9776 3742 3478 3479 3743 
9777 3743 3479 3480 3744 
9778 3744 3480 3481 3745 
9779 3745 3481 3482 3746 
9780 3746 3482 3483 3747 
9781 3747 3483 3484 3748 
9782 3748 3484 3485 3749 
9783 3749 3485 3486 3750 
9784 3750 3486 3487 3751 
9785 283 284 3587 3873 
9786 3873 3587 3588 3874 
9787 3874 3588 3589 3875 
9788 3875 3589 3590 3876 
9789 3876 3590 3591 3877 
9790 3877 3591 3592 3878 
9791 3878 3592 3593 3879 
9792 3879 3593 3594 3880 
9793 3880 3594 3595 3881 
9794 3881 3595 3596 3882 
9795 3882 3596 3597 3883 
9796 286 287 3752 3477 
9797 3477 3752 3753 3478 
9798 3478 3753 3754 3479 
9799 3479 3754 3755 3480 
9800 3480 3755 3756 3481 
9801 3481 3756 3757 3482 
9802 3482 3757 3758 3483 
9803 3483 3758 3759 3484 
9804 3484 3759 3760 3485 
9805 3485 3760 3761 3486 
9806 3486 3761 3762 3487 
9807 287 288 3554 3752 
9808 3752 3554 3555 3753 
9809 3753 3555 3556 3754 
9810 3754 3556 3557 3755 
9811 3755 3557 3558 3756 
9812 3756 3558 3559 3757 
9813 3757 3559 3560 3758 
9814 3758 3560 3561 3759 
9815 3759 3561 3562 3760 
9816 3760 3562 3563 3761 
9817 3761 3563 3564 3762 
9818 288 289 3763 3554 
9819 3554 3763 3764 3555 
9820 3555 3764 3765 3556 
9821 3556 3765 3766 3557 
9822 3557 3766 3767 3558 
9823 3558 3767 3768 3559 
9824 3559 3768 3769 3560 
9825 3560 3769 3770 3561 
9826 3561 3770 3771 3562 
9827 3562 3771 3772 3563 
9828 3563 3772 3773 3564 
9829 289 290 3785 3763 
9830 3763 3785 3786 3764 
9831 3764 3786 3787 3765 
9832 3765 3787 3788 3766 
9833 3766 3788 3789 3767 
9834 3767 3789 3790 3768 
9835 3768 3790 3791 3769 
9836 3769 3791 3792 3770 
9837 3770 3792 3793 3771 
9838 3771 3793 3794 3772 
9839 3772 3794 3795 3773 
9840 290 291 3796 3785 
9841 3785 3796 3797 3786 
9842 3786 3797 3798 3787 
9843 3787 3798 3799 3788 
9844 3788 3799 3800 3789 
9845 3789 3800 3801 3790 
9846 3790 3801 3802 3791 
9847 3791 3802 3803 3792 
9848 3792 3803 3804 3793 
9849 3793 3804 3805 3794 
9850 3794 3805 3806 3795 
9851 291 292 3807 3796 
9852 3796 3807 3808 3797 
9853 3797 3808 3809 3798 
9854 3798 3809 3810 3799 
9855 3799 3810 3811 3800 
9856 3800 3811 3812 3801 
9857 3801 3812 3813 3802 
9858 3802 3813 3814 3803 
9859 3803 3814 3815 3804 
9860 3804 3815 3816 3805 
9861 3805 3816 3817 3806 
9862 292 293 3818 3807 
9863 3807 3818 3819 3808 
9864 3808 3819 3820 3809 
9865 3809 3820 3821 3810 
9866 3810 3821 3822 3811 
9867 3811 3822 3823 3812 
9868 3812 3823 3824 3813 
9869 3813 3824 3825 3814 
9870 3814 3825 3826 3815 
9871 3815 3826 3827 3816 
9872 3816 3827 3828 3817 
9873 293 294 3829 3818 
9874 3818 3829 3830 3819 
9875 3819 3830 3831 3820 
9876 3820 3831 3832 3821 
9877 3821 3832 3833 3822 
9878 3822 3833 3834 3823 
9879 3823 3834 3835 3824 
9880 3824 3835 3836 3825 
9881 3825 3836 3837 3826 
9882 3826 3837 3838 3827 
9883 3827 3838 3839 3828 
9884 294 295 3840 3829 
9885 3829 3840 3841 3830 
9886 3830 3841 3842 3831 
9887 3831 3842 3843 3832 
9888 3832 3843 3844 3833 
9889 3833 3844 3845 3834 
9890 3834 3845 3846 3835 
9891 3835 3846 3847 3836 
9892 3836 3847 3848 3837 
9893 3837 3848 3849 3838 
9894 3838 3849 3850 3839 
9895 296 297 3862 3851 
9896 3851 3862 3863 3852 
9897 3852 3863 3864 3853 
9898 3853 3864 3865 3854 
9899 3854 3865 3866 3855 
9900 3855 3866 3867 3856 
9901 3856 3867 3868 3857 
9902 3857 3868 3869 3858 
9903 3858 3869 3870 3859 
9904 3859 3870 3871 3860 
9905 3860 3871 3872 3861 
9906 295 296 3851 3840 
9907 3840 3851 3852 3841 
9908 3841 3852 3853 3842 
9909 3842 3853 3854 3843 
9910 3843 3854 3855 3844 
9911 3844 3855 3856 3845 
9912 3845 3856 3857 3846 
9913 3846 3857 3858 3847 
9914 3847 3858 3859 3848 
9915 3848 3859 3860 3849 
9916 3849 3860 3861 3850 
9917 299 300 3488 3466 
9918 3466 3488 3489 3467 
9919 3467 3489 3490 3468 
9920 3468 3490 3491 3469 
9921 3469 3491 3492 3470 
9922 3470 3492 3493 3471 
9923 3471 3493 3494 3472 
9924 3472 3494 3495 3473 
9925 3473 3495 3496 3474 
9926 3474 3496 3497 3475 
9927 3475 3497 3498 3476 
9928 297 298 3455 3862 
9929 3862 3455 3456 3863 
9930 3863 3456 3457 3864 
9931 3864 3457 3458 3865 
9932 3865 3458 3459 3866 
9933 3866 3459 3460 3867 
9934 3867 3460 3461 3868 
9935 3868 3461 3462 3869 
9936 3869 3462 3463 3870 
9937 3870 3463 3464 3871 
9938 3871 3464 3465 3872 
9939 298 299 3466 3455 
9940 3455 3466 3467 3456 
9941 3456 3467 3468 3457 
9942 3457 3468 3469 3458 
9943 3458 3469 3470 3459 
9944 3459 3470 3471 3460 
9945 3460 3471 3472 3461 
9946 3461 3472 3473 3462 
9947 3462 3473 3474 3463 
9948 3463 3474 3475 3464 
9949 3464 3475 3476 3465 
9950 301 302 3532 3499 
9951 3499 3532 3533 3500 
9952 3500 3533 3534 3501 
9953 3501 3534 3535 3502 
9954 3502 3535 3536 3503 
9955 3503 3536 3537 3504 
9956 3504 3537 3538 3505 
9957 3505 3538 3539 3506 
9958 3506 3539 3540 3507 
9959 3507 3540 3541 3508 
9960 3508 3541 3542 3509 
9961 302 1 738 3532 
9962 3532 738 739 3533 
9963 3533 739 740 3534 
9964 3534 740 741 3535 
9965 3535 741 742 3536 
9966 3536 742 743 3537 
9967 3537 743 744 3538 
9968 3538 744 745 3539 
9969 3539 745 746 3540 
9970 3540 746 747 3541 
9971 3541 747 748 3542 
9972 300 301 3499 3488 
9973 3488 3499 3500 3489 
9974 3489 3500 3501 3490 
9975 3490 3501 3502 3491 
9976 3491 3502 3503 3492 
9977 3492 3503 3504 3493 
9978 3493 3504 3505 3494 
9979 3494 3505 3506 3495 
9980 3495 3506 3507 3496 
9981 3496 3507 3508 3497 
9982 3497 3508 3509 3498 
9983 507 508 519 518 
9984 508 509 520 519 
9985 509 510 521 520 
9986 510 511 522 521 
9987 511 512 523 522 
9988 512 513 524 523 
9989 513 514 525 524 
9990 514 515 526 525 
9991 515 516 527 526 
9992 516 517 528 527 
9993 518 519 530 529 
9994 519 520 531 530 
9995 520 521 532 531 
9996 521 522 533 532 
9997 522 523 534 533 
9998 523 524 535 534 
9999 524 525 536 535 
10000 525 526 537 536 
10001 526 527 538 537 
10002 527 528 539 538 
10003 540 541 552 551 
10004 541 542 553 552 
10005 542 543 554 553 
10006 543 544 555 554 
10007 544 545 556 555 
10008 545 546 557 556 
10009 546 547 558 557 
10010 547 548 559 558 
10011 548 549 560 559 
10012 549 550 561 560 
10013 551 552 563 562 
10014 552 553 564 563 
10015 553 554 565 564 
10016 554 555 566 565 
10017 555 556 567 566 
10018 556 557 568 567 
10019 557 558 569 568 
10020 558 559 570 569 
10021 559 560 571 570 
10022 560 561 572 571 
10023 529 530 541 540 
10024 530 531 542 541 
10025 531 532 543 542 
10026 532 533 544 543 
10027 533 534 545 544 
10028 534 535 546 545 
10029 535 536 547 546 
10030 536 537 548 547 
10031 537 538 549 548 
10032 538 539 550 549 
10033 573 574 585 584 
10034 574 575 586 585 
10035 575 576 587 586 
10036 576 577 588 587 
10037 577 578 589 588 
10038 578 579 590 589 
10039 579 580 591 590 
10040 580 581 592 591 
10041 581 582 593 592 
10042 582 583 594 593 
10043 562 563 574 573 
10044 563 564 575 574 
10045 564 565 576 575 
10046 565 566 577 576 
10047 566 567 578 577 
10048 567 568 579 578 
10049 568 569 580 579 
10050 569 570 581 580 
10051 570 571 582 581 
10052 571 572 583 582 
10053 584 585 596 595 
10054 585 586 597 596 
10055 586 587 598 597 
10056 587 588 599 598 
10057 588 589 600 599 
10058 589 590 601 600 
10059 590 591 602 601 
10060 591 592 603 602 
10061 592 593 604 603 
10062 593 594 605 604 
10063 595 596 607 606 
10064 596 597 608 607 
10065 597 598 609 608 
10066 598 599 610 609 
10067 599 600 611 610 
10068 600 601 612 611 
10069 601 602 613 612 
10070 602 603 614 613 
10071 603 604 615 614 
10072 604 605 616 615 
10073 606 607 618 617 
10074 607 608 619 618 
10075 608 609 620 619 
10076 609 610 621 620 
10077 610 611 622 621 
10078 611 612 623 622 
10079 612 613 624 623 
10080 613 614 625 624 
10081 614 615 626 625 
10082 615 616 627 626 
10083 617 618 629 628 
10084 618 619 630 629 
10085 619 620 631 630 
10086 620 621 632 631 
10087 621 622 633 632 
10088 622 623 634 633 
10089 623 624 635 634 
10090 624 625 636 635 
10091 625 626 637 636 
10092 626 627 638 637 
10093 628 629 640 639 
10094 629 630 641 640 
10095 630 631 642 641 
10096 631 632 643 642 
10097 632 633 644 643 
10098 633 634 645 644 
10099 634 635 646 645 
10100 635 636 647 646 
10101 636 637 648 647 
10102 637 638 649 648 
10103 639 640 651 650 
10104 640 641 652 651 
10105 641 642 653 652 
10106 642 643 654 653 
10107 643 644 655 654 
10108 644 645 656 655 
10109 645 646 657 656 
10110 646 647 658 657 
10111 647 648 659 658 
10112 648 649 660 659 
10113 650 651 662 661 
10114 651 652 663 662 
10115 652 653 664 663 
10116 653 654 665 664 
10117 654 655 666 665 
10118 655 656 667 666 
10119 656 657 668 667 
10120 657 658 669 668 
10121 658 659 670 669 
10122 659 660 671 670 
10123 683 684 695 694 
10124 684 685 696 695 
10125 685 686 697 696 
10126 686 687 698 697 
10127 687 688 699 698 
10128 688 689 700 699 
10129 689 690 701 700 
10130 690 691 702 701 
10131 691 692 703 702 
10132 692 693 704 703 
10133 661 662 673 672 
10134 662 663 674 673 
10135 663 664 675 674 
10136 664 665 676 675 
10137 665 666 677 676 
10138 666 667 678 677 
10139 667 668 679 678 
10140 668 669 680 679 
10141 669 670 681 680 
10142 670 671 682 681 
10143 672 673 684 683 
10144 673 674 685 684 
10145 674 675 686 685 
10146 675 676 687 686 
10147 676 677 688 687 
10148 677 678 689 688 
10149 678 679 690 689 
10150 679 680 691 690 
10151 680 681 692 691 
10152 681 682 693 692 
10153 705 706 717 716 
10154 706 707 718 717 
10155 707 708 719 718 
10156 708 709 720 719 
10157 709 710 721 720 
10158 710 711 722 721 
10159 711 712 723 722 
10160 712 713 724 723 
10161 713 714 725 724 
10162 714 715 726 725 
10163 694 695 706 705 
10164 695 696 707 706 
10165 696 697 708 707 
10166 697 698 709 708 
10167 698 699 710 709 
10168 699 700 711 710 
10169 700 701 712 711 
10170 701 702 713 712 
10171 702 703 714 713 
10172 703 704 715 714 
10173 716 717 728 727 
10174 717 718 729 728 
10175 718 719 730 729 
10176 719 720 731 730 
10177 720 721 732 731 
10178 721 722 733 732 
10179 722 723 734 733 
10180 723 724 735 734 
10181 724 725 736 735 
10182 725 726 737 736 
10183 727 728 739 738 
10184 728 729 740 739 
10185 729 730 741 740 
10186 730 731 742 741 
10187 731 732 743 742 
10188 732 733 744 743 
10189 733 734 745 744 
10190 734 735 746 745 
10191 735 736 747 746 
10192 736 737 748 747 
$EndElements
