$MeshFormat
4.1 0 8
$EndMeshFormat
$PhysicalNames
3
1 7 "airfoil"
1 9 "farfield"
2 8 "fluid"
$EndPhysicalNames
$Entities
84 6 1 0
1 1 0 0 0 
2 0.998474 0.000326 0 0 
3 0.993903 0.001298 0 0 
4 0.986314 0.002896 0 0 
5 0.975752 0.005092 0 0 
6 0.962276 0.007845 0 0 
7 0.945966 0.011105 0 0 
8 0.926917 0.014814 0 0 
9 0.90524 0.01891 0 0 
10 0.881064 0.023324 0 0 
11 0.854532 0.027985 0 0 
12 0.825802 0.032822 0 0 
13 0.7950469999999999 0.03776 0 0 
14 0.762452 0.042726 0 0 
15 0.728216 0.047648 0 0 
16 0.692545 0.052453 0 0 
17 0.655659 0.057071 0 0 
18 0.617783 0.061432 0 0 
19 0.579153 0.065468 0 0 
20 0.540006 0.06911299999999999 0 0 
21 0.500587 0.07230300000000001 0 0 
22 0.461143 0.074977 0 0 
23 0.421921 0.077082 0 0 
24 0.383032 0.07854700000000001 0 0 
25 0.34468 0.07918 0 0 
26 0.307289 0.07893 0 0 
27 0.271106 0.077795 0 0 
28 0.236371 0.07579 0 0 
29 0.203313 0.072945 0 0 
30 0.172151 0.06930799999999999 0 0 
31 0.143089 0.06494 0 0 
32 0.116313 0.059917 0 0 
33 0.09199599999999999 0.054325 0 0 
34 0.070289 0.048257 0 0 
35 0.051324 0.041808 0 0 
36 0.035214 0.035076 0 0 
37 0.022051 0.028152 0 0 
38 0.011907 0.02112 0 0 
39 0.004833 0.014049 0 0 
40 0.00086 0.006997 0 0 
41 0 0 0 0 
42 0.002223 -0.006689 0 0 
43 0.007479 -0.012828 0 0 
44 0.015723 -0.018404 0 0 
45 0.026892 -0.023408 0 0 
46 0.040906 -0.027826 0 0 
47 0.057669 -0.031651 0 0 
48 0.077071 -0.034878 0 0 
49 0.09898700000000001 -0.037507 0 0 
50 0.123281 -0.039546 0 0 
51 0.149805 -0.041012 0 0 
52 0.178401 -0.041933 0 0 
53 0.208902 -0.042343 0 0 
54 0.241131 -0.04229 0 0 
55 0.274904 -0.041827 0 0 
56 0.310028 -0.041016 0 0 
57 0.346303 -0.039923 0 0 
58 0.383522 -0.038617 0 0 
59 0.421645 -0.037134 0 0 
60 0.460398 -0.035388 0 0 
61 0.499413 -0.033414 0 0 
62 0.538453 -0.031267 0 0 
63 0.577282 -0.028997 0 0 
64 0.615662 -0.026651 0 0 
65 0.653358 -0.024269 0 0 
66 0.6901389999999999 -0.021884 0 0 
67 0.7257749999999999 -0.019529 0 0 
68 0.760046 -0.017226 0 0 
69 0.7927380000000001 -0.014999 0 0 
70 0.823646 -0.012865 0 0 
71 0.852575 -0.010842 0 0 
72 0.879342 -0.008946000000000001 0 0 
73 0.9037770000000001 -0.007191 0 0 
74 0.925723 -0.005594 0 0 
75 0.94504 -0.004169 0 0 
76 0.961603 -0.002931 0 0 
77 0.975305 -0.001896 0 0 
78 0.986056 -0.001076 0 0 
79 0.993785 -0.000481 0 0 
80 0.998444 -0.000121 0 0 
81 25 25 0 0 
82 25 -25 0 0 
83 -25 -25 0 0 
84 -25 25 0 0 
1 0 0 0 1 0.07746655144032924 0 1 7 2 1 -41 
2 0 -0.04217892592592593 0 1 0 0 1 7 2 41 -1 
3 -25 -25 0 -25 25 0 1 9 2 84 -83 
4 -25 -25 0 25 -25 0 1 9 2 83 -82 
5 25 -25 0 25 25 0 1 9 2 82 -81 
6 -25 25 0 25 25 0 1 9 2 81 -84 
1 -25 -25 0 25 25 0 1 8 6 3 4 5 6 -2 -1 
$EndEntities
$Nodes
13 2961 1 2961
0 1 0 1
1
1 -0 0
0 41 0 1
2
0 0 0
0 81 0 1
3
25 25 0
0 82 0 1
4
25 -25 0
0 83 0 1
5
-25 -25 0
0 84 0 1
6
-25 25 0
1 1 0 148
7
8
9
10
11
12
13
14
15
16
17
18
19
20
21
22
23
24
25
26
27
28
29
30
31
32
33
34
35
36
37
38
39
40
41
42
43
44
45
46
47
48
49
50
51
52
53
54
55
56
57
58
59
60
61
62
63
64
65
66
67
68
69
70
71
72
73
74
75
76
77
78
79
80
81
82
83
84
85
86
87
88
89
90
91
92
93
94
95
96
97
98
99
100
101
102
103
104
105
106
107
108
109
110
111
112
113
114
115
116
117
118
119
120
121
122
123
124
125
126
127
128
129
130
131
132
133
134
135
136
137
138
139
140
141
142
143
144
145
146
147
148
149
150
151
152
153
154
0.9970568717618271 0.0006281827931166538 0
0.9936384669772272 0.001353914118937942 0
0.9899169707969946 0.002139790255961806 0
0.9859455355257452 0.002973021347023343 0
0.9817557933867898 0.003847892348155312 0
0.9773694163903597 0.004758367649365131 0
0.9728022646991487 0.005698803890106624 0
0.9680679451525526 0.006668794817297602 0
0.9631766328407272 0.007663007020870341 0
0.958137258887621 0.008679152798940819 0
0.9529581741143104 0.009717392055477716 0
0.9476457789076277 0.01077334926943753 0
0.9422060009181672 0.01184477516862217 0
0.9366449884073081 0.01293297401403167 0
0.9309674891143781 0.01403471082300775 0
0.9251777604899011 0.01514704482555808 0
0.9192806071047325 0.01627155286380461 0
0.9132800233309921 0.01740666519667592 0
0.9071793761706036 0.01854939008836814 0
0.9009820508622228 0.01969839631641768 0
0.8946919029709763 0.02085544093711889 0
0.8883118685880842 0.0220182031339099 0
0.8818446205016103 0.02318419167766174 0
0.8752930713778492 0.02435321205398727 0
0.8686603470152544 0.02552640917670313 0
0.8619488592129071 0.02670165315038289 0
0.8551608647845771 0.02787685218086949 0
0.8482988874483527 0.02905213783823702 0
0.8413656050578289 0.03022852553445358 0
0.8343630844247995 0.03140400503060695 0
0.8272932771603173 0.03257659467179037 0
0.8201583109174189 0.03374590971888732 0
0.8129606282461916 0.03491344206268408 0
0.8057021073829135 0.03607756040635159 0
0.7983845213766609 0.0372365496630442 0
0.7910096762005286 0.0383893816516206 0
0.7835798087379874 0.0395377942358806 0
0.7760967014895255 0.04068070346597069 0
0.7685619959918217 0.04181657471154665 0
0.7609772813583461 0.04294395329355972 0
0.753344532614569 0.04406413405725019 0
0.7456655320292014 0.04517701382999 0
0.7379418105892557 0.04628109618934098 0
0.7301748472325912 0.04737487795935395 0
0.7223662455198557 0.04845800196368995 0
0.7145178740552599 0.049531903806 0
0.7066312200706755 0.05059539685063254 0
0.6987077109795933 0.05164714949014092 0
0.6907487480671737 0.05268590540291245 0
0.6827560541377937 0.05371294390971218 0
0.6747311828209817 0.0547281306546482 0
0.6666755055854324 0.05573015016541218 0
0.6585903650046997 0.05671766010861835 0
0.65047717544811 0.05769007404972655 0
0.642337612750487 0.05864890882591148 0
0.6341730497734738 0.05959318368685508 0
0.6259848048938172 0.06052163707465435 0
0.6177741754673218 0.06143296853648356 0
0.6095426582153526 0.06232774130402189 0
0.601291767178326 0.06320659753190887 0
0.5930228028360697 0.06406830692950505 0
0.5847370498569945 0.06491159862706741 0
0.5764358028915902 0.06573535405787195 0
0.5681206058880944 0.06654096615658753 0
0.559792833556501 0.06732807732099129 0
0.5514537685614492 0.06809545438431218 0
0.5431046869999128 0.06884181212493853 0
0.5347469272310976 0.06956654690963755 0
0.5263820090534692 0.07027111549282278 0
0.5180112432960727 0.07095457215261163 0
0.5096359169614987 0.07161566431398329 0
0.5012573193944746 0.07225307632255014 0
0.4928768571701712 0.07286694493976997 0
0.4844959883087473 0.07345813900517148 0
0.4761160290054997 0.07402557520435481 0
0.4677383008093652 0.07456809300867435 0
0.4593641421260919 0.07508456109531232 0
0.4509950650701935 0.07557657468538609 0
0.4426324510024073 0.07604365979861102 0
0.434277606543676 0.07648383425297604 0
0.4259318592642682 0.0768950844143807 0
0.4175966249667995 0.07727680677927558 0
0.4092735488586703 0.07763371336456484 0
0.400963882960684 0.07796178712531303 0
0.3926688763230844 0.07825557054282978 0
0.3843898532772225 0.07850950233652468 0
0.3761283228186399 0.07872196310368132 0
0.3678859232775641 0.07889720352350003 0
0.3596641518543477 0.07903406694741016 0
0.3514645504177478 0.07913104871680599 0
0.3432887227347949 0.07918644260179789 0
0.3351383214892588 0.0792002498157886 0
0.3270149759014205 0.07917284981937642 0
0.3189203369711808 0.07910388568989771 0
0.310856097265034 0.07899286952551371 0
0.3028239988528526 0.07883917176985526 0
0.2948257823508867 0.07864237879755442 0
0.2868631843478786 0.07840246453833992 0
0.2789379868551582 0.07811929888024352 0
0.2710520304076833 0.07779260931097996 0
0.2632072241574899 0.07742152165761601 0
0.2554054460370394 0.07700562769349256 0
0.2476485825081597 0.07654511145413991 0
0.2399385853986476 0.0760400106639768 0
0.2322775065252825 0.07548990035601301 0
0.2246674884258216 0.07489330621204149 0
0.217110554555494 0.07425057941752768 0
0.2096087833748171 0.07356218971019717 0
0.2021643484448442 0.07282840630939159 0
0.1947796942258228 0.07204740035152332 0
0.1874571249505735 0.07121875102053524 0
0.1801988898668341 0.07034322729348168 0
0.1730073492139762 0.06942143199411829 0
0.1658852073713895 0.06845208974676616 0
0.1588352524807671 0.06743344560957125 0
0.1518599519591124 0.06636666031123824 0
0.1449619003185987 0.06525275808383627 0
0.1381441006658449 0.06409107904621238 0
0.1314099764920656 0.06287877299726051 0
0.1247623578565291 0.06161703926524319 0
0.118204218292887 0.06030710570022052 0
0.111739092394479 0.05894831168255227 0
0.1053711951531283 0.05753723187665371 0
0.09910389530710062 0.05607515525607223 0
0.09294075824101974 0.05456344109782572 0
0.08688632726216218 0.05300054434310611 0
0.08094578564264217 0.05138310164976972 0
0.07512338059323423 0.04971243709101394 0
0.0694237924481636 0.04798955847585613 0
0.06385369119348154 0.04621025459662054 0
0.05841929979721359 0.04437290731152392 0
0.05312650723615695 0.04247859147584482 0
0.04798267649693266 0.04052611437951382 0
0.04299754328192194 0.0385097986056667 0
0.03817965179791519 0.03642936713068811 0
0.03353902754323179 0.03428382095539794 0
0.0290897796317888 0.03206641663833981 0
0.0248458410662711 0.02977451006312527 0
0.02082344064324094 0.02740582939857467 0
0.01704512726189477 0.02495293584170279 0
0.01353584267961927 0.02241170864392608 0
0.01032648851149475 0.01977887273100834 0
0.007457862758890108 0.01705042541306617 0
0.00497643912435428 0.0142310740683964 0
0.002938674536589743 0.01133489052479514 0
0.001402270714153544 0.008395510833671169 0
0.0004636549405482823 0.005460514373343374 0
0.0001857097658059344 0.002621688558687189 0
1 2 0 148
155
156
157
158
159
160
161
162
163
164
165
166
167
168
169
170
171
172
173
174
175
176
177
178
179
180
181
182
183
184
185
186
187
188
189
190
191
192
193
194
195
196
197
198
199
200
201
202
203
204
205
206
207
208
209
210
211
212
213
214
215
216
217
218
219
220
221
222
223
224
225
226
227
228
229
230
231
232
233
234
235
236
237
238
239
240
241
242
243
244
245
246
247
248
249
250
251
252
253
254
255
256
257
258
259
260
261
262
263
264
265
266
267
268
269
270
271
272
273
274
275
276
277
278
279
280
281
282
283
284
285
286
287
288
289
290
291
292
293
294
295
296
297
298
299
300
301
302
0.0006915673865981267 -0.002498061704205045 0
0.001504944607128891 -0.005188121019037301 0
0.002956910144471134 -0.007851057292236872 0
0.004985734232041929 -0.01040630023348229 0
0.007483862616694134 -0.01283221884024197 0
0.01039279442501295 -0.01510635526625382 0
0.01365685091089714 -0.01722599968353306 0
0.01722884988434233 -0.01919950316868245 0
0.02107314224407222 -0.02103479616545629 0
0.02515972618945121 -0.02274390738794708 0
0.02946523009052476 -0.02433736915975645 0
0.03397117957698668 -0.02582291577154099 0
0.03866125022485686 -0.02721045131591838 0
0.04352226595846268 -0.02850779786628506 0
0.04854345207032594 -0.02971970272762111 0
0.05371478726543768 -0.03085280713142445 0
0.05902773382350273 -0.03191277809016011 0
0.06447514182367904 -0.03290248354449263 0
0.07005013597560129 -0.03382619842719622 0
0.07574652611458239 -0.03468834069186794 0
0.08155895763452027 -0.03549166761722233 0
0.08748249157180094 -0.03623784893185844 0
0.09351227864270573 -0.03693056819920443 0
0.09964395551521295 -0.03757301666537958 0
0.1058736895140769 -0.0381659589169308 0
0.1121976403899622 -0.03871123828929227 0
0.1186121312877448 -0.03921190002016038 0
0.1251138032851032 -0.03967043998091497 0
0.1316996319612623 -0.04008652882336971 0
0.138366495960112 -0.04046207707852695 0
0.1451114241944612 -0.04079984933331991 0
0.151931663335041 -0.04110210560689802 0
0.1588246795510752 -0.04136800679658494 0
0.1657878588164371 -0.04159909955300526 0
0.1728187006609942 -0.0417978278213031 0
0.1799148573938529 -0.04196630668599415 0
0.1870741220597947 -0.04210338991359236 0
0.1942942327772439 -0.04221018093208572 0
0.2015730073492218 -0.04228926202383874 0
0.2089083831358116 -0.04234303631587864 0
0.216298384026052 -0.04237099282682563 0
0.2237410119902325 -0.04237280209227615 0
0.2312343253841024 -0.04235088390180895 0
0.2387764723510738 -0.04230751395764054 0
0.2463656622186447 -0.04224347467532361 0
0.2540000710576023 -0.04215694520736419 0
0.2616779316184522 -0.04205010617496595 0
0.2693975538783146 -0.04192530245831093 0
0.2771573062315219 -0.04178452004531543 0
0.2849554973865627 -0.04162569508433896 0
0.2927904769898602 -0.04144964068475684 0
0.3006606756127421 -0.04125863300544808 0
0.3085645747632262 -0.04105486277295906 0
0.3165006379382365 -0.04083844163742723 0
0.3244672597239728 -0.04060762018524711 0
0.3324629607766161 -0.0403645056405431 0
0.3404863044824726 -0.04011123759106021 0
0.3485358787617428 -0.03984971824983961 0
0.3566101948819827 -0.03957846113477834 0
0.3647077575252975 -0.03929751638385617 0
0.3728272042241343 -0.03900807707548439 0
0.3809670319821381 -0.03871132293484519 0
0.3891261177662185 -0.0384088682336256 0
0.3973028078506812 -0.03810140854960162 0
0.4054956807979921 -0.03778632356307834 0
0.4137032398597218 -0.037460861001129 0
0.4219239995151697 -0.03712227452469347 0
0.4301565817179405 -0.03677035037368023 0
0.4383996889942181 -0.03640695659177606 0
0.4466519951876993 -0.03603277072051207 0
0.4549121917681965 -0.03564841613496555 0
0.463178974134701 -0.03525431908346955 0
0.4714509637769531 -0.03484934906656734 0
0.4797268657787881 -0.03443421358768699 0
0.4880054254636557 -0.03401023282372609 0
0.4962853945936885 -0.03357869977228748 0
0.5045654905333848 -0.03314018978988966 0
0.512844324141022 -0.03269327131792509 0
0.5211206315436673 -0.03223883870814238 0
0.5293931641522904 -0.03177801890779116 0
0.5376606716786111 -0.03131192309724128 0
0.5459218268487182 -0.03084036045259601 0
0.5541752726709536 -0.03036253671324346 0
0.5624197542433317 -0.02987946187112973 0
0.5706540118023896 -0.02939214702826503 0
0.57887677291524 -0.02890154625448957 0
0.5870866572496404 -0.02840687270939363 0
0.5952823384088308 -0.02790810312224621 0
0.6034625323713243 -0.02740605026267824 0
0.611625941561707 -0.02690152112339992 0
0.6197712340313609 -0.02639506186674568 0
0.6278969993808379 -0.02588587865910057 0
0.6360019043535802 -0.02537434733992101 0
0.6440846128805926 -0.02486108191680885 0
0.652143765871949 -0.02434669534129571 0
0.6601779454322134 -0.02383119286981292 0
0.6681857199055662 -0.02331413344083723 0
0.676165716493676 -0.02279612203009491 0
0.6841165353013793 -0.02227778377136854 0
0.6920367398749004 -0.02175971315132877 0
0.6999248245656392 -0.02124161885827054 0
0.7077793202594531 -0.02072349090261614 0
0.7155987499614737 -0.02020564575076885 0
0.7233815960075023 -0.01968840076265008 0
0.7311262861824709 -0.01917188039469718 0
0.7388312410274596 -0.01865586116450749 0
0.746494911243424 -0.01814070636585784 0
0.7541157023933479 -0.01762682340945764 0
0.7616919631072765 -0.0171146108284957 0
0.7692219843408372 -0.01660399376133233 0
0.7767040866419103 -0.01609499473766118 0
0.7841365505353818 -0.01558781632866514 0
0.7915175892436968 -0.0150826631012872 0
0.7988453429691337 -0.01457960865595631 0
0.8061179675457417 -0.01407865077744816 0
0.8133336012044291 -0.01358005773480958 0
0.820490297347897 -0.01308410896266682 0
0.827586011412791 -0.01259102281627534 0
0.8346186721102101 -0.01210074038457394 0
0.8415862068442944 -0.01161346520250244 0
0.8484864411292298 -0.01112944869766551 0
0.8553170741591035 -0.01064892471499767 0
0.8620757446372547 -0.01017190857946982 0
0.8687600852408617 -0.009698564703331511 0
0.8753675950457163 -0.009229116814392474 0
0.8818956050622204 -0.008763760047312979 0
0.8883413497327359 -0.008302444158922026 0
0.8947020476620575 -0.007845505488732193 0
0.9009747282433878 -0.007393401129495068 0
0.9071561859684859 -0.006946511410388059 0
0.913243071609416 -0.006504776289509881 0
0.9192319377183831 -0.006068536061339834 0
0.9251190313480098 -0.005638225954401829 0
0.9309002558914249 -0.005214021563045781 0
0.9365713509545006 -0.004796056444654231 0
0.942127731726447 -0.004384985646348363 0
0.9475642685970727 -0.003981403900222611 0
0.9528753435324433 -0.003585234159722645 0
0.9580549131091566 -0.003197322088108661 0
0.9630960633972097 -0.002818783833825603 0
0.9679908536840804 -0.002449817553725662 0
0.9727303423648702 -0.002091212837277545 0
0.9773037878170381 -0.001744195630425049 0
0.9816981340052031 -0.001409308025919436 0
0.9858971563271899 -0.001088162262959959 0
0.9898789242787142 -0.0007822973415746382 0
0.9936120741910074 -0.0004943326901280568 0
0.9970433268257379 -0.0002293847041172878 0
1 3 0 18
303
304
305
306
307
308
309
310
311
312
313
314
315
316
317
318
319
320
-25 22.36842105263604 0
-25 19.73684210527208 0
-25 17.10526315791981 0
-25 14.47368421056976 0
-25 11.84210526321515 0
-25 9.210526315860241 0
-25 6.578947368496678 0
-25 3.947368421132708 0
-25 1.315789473768739 0
-25 -1.315789473595224 0
-25 -3.94736842095919 0
-25 -6.578947368323163 0
-25 -9.210526315704001 0
-25 -11.84210526308667 0
-25 -14.47368421046934 0
-25 -17.105263157852 0
-25 -19.73684210523467 0
-25 -22.36842105261733 0
1 4 0 18
321
322
323
324
325
326
327
328
329
330
331
332
333
334
335
336
337
338
-22.36842105263604 -25 0
-19.73684210527208 -25 0
-17.10526315791981 -25 0
-14.47368421056976 -25 0
-11.84210526321515 -25 0
-9.210526315860241 -25 0
-6.578947368496678 -25 0
-3.947368421132708 -25 0
-1.315789473768739 -25 0
1.315789473595224 -25 0
3.94736842095919 -25 0
6.578947368323163 -25 0
9.210526315704001 -25 0
11.84210526308667 -25 0
14.47368421046934 -25 0
17.105263157852 -25 0
19.73684210523467 -25 0
22.36842105261733 -25 0
1 5 0 18
339
340
341
342
343
344
345
346
347
348
349
350
351
352
353
354
355
356
25 -22.36842105263604 0
25 -19.73684210527208 0
25 -17.10526315791981 0
25 -14.47368421056976 0
25 -11.84210526321515 0
25 -9.210526315860241 0
25 -6.578947368496678 0
25 -3.947368421132708 0
25 -1.315789473768739 0
25 1.315789473595224 0
25 3.94736842095919 0
25 6.578947368323163 0
25 9.210526315704001 0
25 11.84210526308667 0
25 14.47368421046934 0
25 17.105263157852 0
25 19.73684210523467 0
25 22.36842105261733 0
1 6 0 18
357
358
359
360
361
362
363
364
365
366
367
368
369
370
371
372
373
374
22.36842105263604 25 0
19.73684210527208 25 0
17.10526315791981 25 0
14.47368421056976 25 0
11.84210526321515 25 0
9.210526315860241 25 0
6.578947368496678 25 0
3.947368421132708 25 0
1.315789473768739 25 0
-1.315789473595224 25 0
-3.94736842095919 25 0
-6.578947368323163 25 0
-9.210526315704001 25 0
-11.84210526308667 25 0
-14.47368421046934 25 0
-17.105263157852 25 0
-19.73684210523467 25 0
-22.36842105261733 25 0
2 1 0 2587
375
376
377
378
379
380
381
382
383
384
385
386
387
388
389
390
391
392
393
394
395
396
397
398
399
400
401
402
403
404
405
406
407
408
409
410
411
412
413
414
415
416
417
418
419
420
421
422
423
424
425
426
427
428
429
430
431
432
433
434
435
436
437
438
439
440
441
442
443
444
445
446
447
448
449
450
451
452
453
454
455
456
457
458
459
460
461
462
463
464
465
466
467
468
469
470
471
472
473
474
475
476
477
478
479
480
481
482
483
484
485
486
487
488
489
490
491
492
493
494
495
496
497
498
499
500
501
502
503
504
505
506
507
508
509
510
511
512
513
514
515
516
517
518
519
520
521
522
523
524
525
526
527
528
529
530
531
532
533
534
535
536
537
538
539
540
541
542
543
544
545
546
547
548
549
550
551
552
553
554
555
556
557
558
559
560
561
562
563
564
565
566
567
568
569
570
571
572
573
574
575
576
577
578
579
580
581
582
583
584
585
586
587
588
589
590
591
592
593
594
595
596
597
598
599
600
601
602
603
604
605
606
607
608
609
610
611
612
613
614
615
616
617
618
619
620
621
622
623
624
625
626
627
628
629
630
631
632
633
634
635
636
637
638
639
640
641
642
643
644
645
646
647
648
649
650
651
652
653
654
655
656
657
658
659
660
661
662
663
664
665
666
667
668
669
670
671
672
673
674
675
676
677
678
679
680
681
682
683
684
685
686
687
688
689
690
691
692
693
694
695
696
697
698
699
700
701
702
703
704
705
706
707
708
709
710
711
712
713
714
715
716
717
718
719
720
721
722
723
724
725
726
727
728
729
730
731
732
733
734
735
736
737
738
739
740
741
742
743
744
745
746
747
748
749
750
751
752
753
754
755
756
757
758
759
760
761
762
763
764
765
766
767
768
769
770
771
772
773
774
775
776
777
778
779
780
781
782
783
784
785
786
787
788
789
790
791
792
793
794
795
796
797
798
799
800
801
802
803
804
805
806
807
808
809
810
811
812
813
814
815
816
817
818
819
820
821
822
823
824
825
826
827
828
829
830
831
832
833
834
835
836
837
838
839
840
841
842
843
844
845
846
847
848
849
850
851
852
853
854
855
856
857
858
859
860
861
862
863
864
865
866
867
868
869
870
871
872
873
874
875
876
877
878
879
880
881
882
883
884
885
886
887
888
889
890
891
892
893
894
895
896
897
898
899
900
901
902
903
904
905
906
907
908
909
910
911
912
913
914
915
916
917
918
919
920
921
922
923
924
925
926
927
928
929
930
931
932
933
934
935
936
937
938
939
940
941
942
943
944
945
946
947
948
949
950
951
952
953
954
955
956
957
958
959
960
961
962
963
964
965
966
967
968
969
970
971
972
973
974
975
976
977
978
979
980
981
982
983
984
985
986
987
988
989
990
991
992
993
994
995
996
997
998
999
1000
1001
1002
1003
1004
1005
1006
1007
1008
1009
1010
1011
1012
1013
1014
1015
1016
1017
1018
1019
1020
1021
1022
1023
1024
1025
1026
1027
1028
1029
1030
1031
1032
1033
1034
1035
1036
1037
1038
1039
1040
1041
1042
1043
1044
1045
1046
1047
1048
1049
1050
1051
1052
1053
1054
1055
1056
1057
1058
1059
1060
1061
1062
1063
1064
1065
1066
1067
1068
1069
1070
1071
1072
1073
1074
1075
1076
1077
1078
1079
1080
1081
1082
1083
1084
1085
1086
1087
1088
1089
1090
1091
1092
1093
1094
1095
1096
1097
1098
1099
1100
1101
1102
1103
1104
1105
1106
1107
1108
1109
1110
1111
1112
1113
1114
1115
1116
1117
1118
1119
1120
1121
1122
1123
1124
1125
1126
1127
1128
1129
1130
1131
1132
1133
1134
1135
1136
1137
1138
1139
1140
1141
1142
1143
1144
1145
1146
1147
1148
1149
1150
1151
1152
1153
1154
1155
1156
1157
1158
1159
1160
1161
1162
1163
1164
1165
1166
1167
1168
1169
1170
1171
1172
1173
1174
1175
1176
1177
1178
1179
1180
1181
1182
1183
1184
1185
1186
1187
1188
1189
1190
1191
1192
1193
1194
1195
1196
1197
1198
1199
1200
1201
1202
1203
1204
1205
1206
1207
1208
1209
1210
1211
1212
1213
1214
1215
1216
1217
1218
1219
1220
1221
1222
1223
1224
1225
1226
1227
1228
1229
1230
1231
1232
1233
1234
1235
1236
1237
1238
1239
1240
1241
1242
1243
1244
1245
1246
1247
1248
1249
1250
1251
1252
1253
1254
1255
1256
1257
1258
1259
1260
1261
1262
1263
1264
1265
1266
1267
1268
1269
1270
1271
1272
1273
1274
1275
1276
1277
1278
1279
1280
1281
1282
1283
1284
1285
1286
1287
1288
1289
1290
1291
1292
1293
1294
1295
1296
1297
1298
1299
1300
1301
1302
1303
1304
1305
1306
1307
1308
1309
1310
1311
1312
1313
1314
1315
1316
1317
1318
1319
1320
1321
1322
1323
1324
1325
1326
1327
1328
1329
1330
1331
1332
1333
1334
1335
1336
1337
1338
1339
1340
1341
1342
1343
1344
1345
1346
1347
1348
1349
1350
1351
1352
1353
1354
1355
1356
1357
1358
1359
1360
1361
1362
1363
1364
1365
1366
1367
1368
1369
1370
1371
1372
1373
1374
1375
1376
1377
1378
1379
1380
1381
1382
1383
1384
1385
1386
1387
1388
1389
1390
1391
1392
1393
1394
1395
1396
1397
1398
1399
1400
1401
1402
1403
1404
1405
1406
1407
1408
1409
1410
1411
1412
1413
1414
1415
1416
1417
1418
1419
1420
1421
1422
1423
1424
1425
1426
1427
1428
1429
1430
1431
1432
1433
1434
1435
1436
1437
1438
1439
1440
1441
1442
1443
1444
1445
1446
1447
1448
1449
1450
1451
1452
1453
1454
1455
1456
1457
1458
1459
1460
1461
1462
1463
1464
1465
1466
1467
1468
1469
1470
1471
1472
1473
1474
1475
1476
1477
1478
1479
1480
1481
1482
1483
1484
1485
1486
1487
1488
1489
1490
1491
1492
1493
1494
1495
1496
1497
1498
1499
1500
1501
1502
1503
1504
1505
1506
1507
1508
1509
1510
1511
1512
1513
1514
1515
1516
1517
1518
1519
1520
1521
1522
1523
1524
1525
1526
1527
1528
1529
1530
1531
1532
1533
1534
1535
1536
1537
1538
1539
1540
1541
1542
1543
1544
1545
1546
1547
1548
1549
1550
1551
1552
1553
1554
1555
1556
1557
1558
1559
1560
1561
1562
1563
1564
1565
1566
1567
1568
1569
1570
1571
1572
1573
1574
1575
1576
1577
1578
1579
1580
1581
1582
1583
1584
1585
1586
1587
1588
1589
1590
1591
1592
1593
1594
1595
1596
1597
1598
1599
1600
1601
1602
1603
1604
1605
1606
1607
1608
1609
1610
1611
1612
1613
1614
1615
1616
1617
1618
1619
1620
1621
1622
1623
1624
1625
1626
1627
1628
1629
1630
1631
1632
1633
1634
1635
1636
1637
1638
1639
1640
1641
1642
1643
1644
1645
1646
1647
1648
1649
1650
1651
1652
1653
1654
1655
1656
1657
1658
1659
1660
1661
1662
1663
1664
1665
1666
1667
1668
1669
1670
1671
1672
1673
1674
1675
1676
1677
1678
1679
1680
1681
1682
1683
1684
1685
1686
1687
1688
1689
1690
1691
1692
1693
1694
1695
1696
1697
1698
1699
1700
1701
1702
1703
1704
1705
1706
1707
1708
1709
1710
1711
1712
1713
1714
1715
1716
1717
1718
1719
1720
1721
1722
1723
1724
1725
1726
1727
1728
1729
1730
1731
1732
1733
1734
1735
1736
1737
1738
1739
1740
1741
1742
1743
1744
1745
1746
1747
1748
1749
1750
1751
1752
1753
1754
1755
1756
1757
1758
1759
1760
1761
1762
1763
1764
1765
1766
1767
1768
1769
1770
1771
1772
1773
1774
1775
1776
1777
1778
1779
1780
1781
1782
1783
1784
1785
1786
1787
1788
1789
1790
1791
1792
1793
1794
1795
1796
1797
1798
1799
1800
1801
1802
1803
1804
1805
1806
1807
1808
1809
1810
1811
1812
1813
1814
1815
1816
1817
1818
1819
1820
1821
1822
1823
1824
1825
1826
1827
1828
1829
1830
1831
1832
1833
1834
1835
1836
1837
1838
1839
1840
1841
1842
1843
1844
1845
1846
1847
1848
1849
1850
1851
1852
1853
1854
1855
1856
1857
1858
1859
1860
1861
1862
1863
1864
1865
1866
1867
1868
1869
1870
1871
1872
1873
1874
1875
1876
1877
1878
1879
1880
1881
1882
1883
1884
1885
1886
1887
1888
1889
1890
1891
1892
1893
1894
1895
1896
1897
1898
1899
1900
1901
1902
1903
1904
1905
1906
1907
1908
1909
1910
1911
1912
1913
1914
1915
1916
1917
1918
1919
1920
1921
1922
1923
1924
1925
1926
1927
1928
1929
1930
1931
1932
1933
1934
1935
1936
1937
1938
1939
1940
1941
1942
1943
1944
1945
1946
1947
1948
1949
1950
1951
1952
1953
1954
1955
1956
1957
1958
1959
1960
1961
1962
1963
1964
1965
1966
1967
1968
1969
1970
1971
1972
1973
1974
1975
1976
1977
1978
1979
1980
1981
1982
1983
1984
1985
1986
1987
1988
1989
1990
1991
1992
1993
1994
1995
1996
1997
1998
1999
2000
2001
2002
2003
2004
2005
2006
2007
2008
2009
2010
2011
2012
2013
2014
2015
2016
2017
2018
2019
2020
2021
2022
2023
2024
2025
2026
2027
2028
2029
2030
2031
2032
2033
2034
2035
2036
2037
2038
2039
2040
2041
2042
2043
2044
2045
2046
2047
2048
2049
2050
2051
2052
2053
2054
2055
2056
2057
2058
2059
2060
2061
2062
2063
2064
2065
2066
2067
2068
2069
2070
2071
2072
2073
2074
2075
2076
2077
2078
2079
2080
2081
2082
2083
2084
2085
2086
2087
2088
2089
2090
2091
2092
2093
2094
2095
2096
2097
2098
2099
2100
2101
2102
2103
2104
2105
2106
2107
2108
2109
2110
2111
2112
2113
2114
2115
2116
2117
2118
2119
2120
2121
2122
2123
2124
2125
2126
2127
2128
2129
2130
2131
2132
2133
2134
2135
2136
2137
2138
2139
2140
2141
2142
2143
2144
2145
2146
2147
2148
2149
2150
2151
2152
2153
2154
2155
2156
2157
2158
2159
2160
2161
2162
2163
2164
2165
2166
2167
2168
2169
2170
2171
2172
2173
2174
2175
2176
2177
2178
2179
2180
2181
2182
2183
2184
2185
2186
2187
2188
2189
2190
2191
2192
2193
2194
2195
2196
2197
2198
2199
2200
2201
2202
2203
2204
2205
2206
2207
2208
2209
2210
2211
2212
2213
2214
2215
2216
2217
2218
2219
2220
2221
2222
2223
2224
2225
2226
2227
2228
2229
2230
2231
2232
2233
2234
2235
2236
2237
2238
2239
2240
2241
2242
2243
2244
2245
2246
2247
2248
2249
2250
2251
2252
2253
2254
2255
2256
2257
2258
2259
2260
2261
2262
2263
2264
2265
2266
2267
2268
2269
2270
2271
2272
2273
2274
2275
2276
2277
2278
2279
2280
2281
2282
2283
2284
2285
2286
2287
2288
2289
2290
2291
2292
2293
2294
2295
2296
2297
2298
2299
2300
2301
2302
2303
2304
2305
2306
2307
2308
2309
2310
2311
2312
2313
2314
2315
2316
2317
2318
2319
2320
2321
2322
2323
2324
2325
2326
2327
2328
2329
2330
2331
2332
2333
2334
2335
2336
2337
2338
2339
2340
2341
2342
2343
2344
2345
2346
2347
2348
2349
2350
2351
2352
2353
2354
2355
2356
2357
2358
2359
2360
2361
2362
2363
2364
2365
2366
2367
2368
2369
2370
2371
2372
2373
2374
2375
2376
2377
2378
2379
2380
2381
2382
2383
2384
2385
2386
2387
2388
2389
2390
2391
2392
2393
2394
2395
2396
2397
2398
2399
2400
2401
2402
2403
2404
2405
2406
2407
2408
2409
2410
2411
2412
2413
2414
2415
2416
2417
2418
2419
2420
2421
2422
2423
2424
2425
2426
2427
2428
2429
2430
2431
2432
2433
2434
2435
2436
2437
2438
2439
2440
2441
2442
2443
2444
2445
2446
2447
2448
2449
2450
2451
2452
2453
2454
2455
2456
2457
2458
2459
2460
2461
2462
2463
2464
2465
2466
2467
2468
2469
2470
2471
2472
2473
2474
2475
2476
2477
2478
2479
2480
2481
2482
2483
2484
2485
2486
2487
2488
2489
2490
2491
2492
2493
2494
2495
2496
2497
2498
2499
2500
2501
2502
2503
2504
2505
2506
2507
2508
2509
2510
2511
2512
2513
2514
2515
2516
2517
2518
2519
2520
2521
2522
2523
2524
2525
2526
2527
2528
2529
2530
2531
2532
2533
2534
2535
2536
2537
2538
2539
2540
2541
2542
2543
2544
2545
2546
2547
2548
2549
2550
2551
2552
2553
2554
2555
2556
2557
2558
2559
2560
2561
2562
2563
2564
2565
2566
2567
2568
2569
2570
2571
2572
2573
2574
2575
2576
2577
2578
2579
2580
2581
2582
2583
2584
2585
2586
2587
2588
2589
2590
2591
2592
2593
2594
2595
2596
2597
2598
2599
2600
2601
2602
2603
2604
2605
2606
2607
2608
2609
2610
2611
2612
2613
2614
2615
2616
2617
2618
2619
2620
2621
2622
2623
2624
2625
2626
2627
2628
2629
2630
2631
2632
2633
2634
2635
2636
2637
2638
2639
2640
2641
2642
2643
2644
2645
2646
2647
2648
2649
2650
2651
2652
2653
2654
2655
2656
2657
2658
2659
2660
2661
2662
2663
2664
2665
2666
2667
2668
2669
2670
2671
2672
2673
2674
2675
2676
2677
2678
2679
2680
2681
2682
2683
2684
2685
2686
2687
2688
2689
2690
2691
2692
2693
2694
2695
2696
2697
2698
2699
2700
2701
2702
2703
2704
2705
2706
2707
2708
2709
2710
2711
2712
2713
2714
2715
2716
2717
2718
2719
2720
2721
2722
2723
2724
2725
2726
2727
2728
2729
2730
2731
2732
2733
2734
2735
2736
2737
2738
2739
2740
2741
2742
2743
2744
2745
2746
2747
2748
2749
2750
2751
2752
2753
2754
2755
2756
2757
2758
2759
2760
2761
2762
2763
2764
2765
2766
2767
2768
2769
2770
2771
2772
2773
2774
2775
2776
2777
2778
2779
2780
2781
2782
2783
2784
2785
2786
2787
2788
2789
2790
2791
2792
2793
2794
2795
2796
2797
2798
2799
2800
2801
2802
2803
2804
2805
2806
2807
2808
2809
2810
2811
2812
2813
2814
2815
2816
2817
2818
2819
2820
2821
2822
2823
2824
2825
2826
2827
2828
2829
2830
2831
2832
2833
2834
2835
2836
2837
2838
2839
2840
2841
2842
2843
2844
2845
2846
2847
2848
2849
2850
2851
2852
2853
2854
2855
2856
2857
2858
2859
2860
2861
2862
2863
2864
2865
2866
2867
2868
2869
2870
2871
2872
2873
2874
2875
2876
2877
2878
2879
2880
2881
2882
2883
2884
2885
2886
2887
2888
2889
2890
2891
2892
2893
2894
2895
2896
2897
2898
2899
2900
2901
2902
2903
2904
2905
2906
2907
2908
2909
2910
2911
2912
2913
2914
2915
2916
2917
2918
2919
2920
2921
2922
2923
2924
2925
2926
2927
2928
2929
2930
2931
2932
2933
2934
2935
2936
2937
2938
2939
2940
2941
2942
2943
2944
2945
2946
2947
2948
2949
2950
2951
2952
2953
2954
2955
2956
2957
2958
2959
2960
2961
10.73142052014872 22.89465540481646 0
10.52631578939533 -22.72098577950309 0
-22.72098577951119 -7.894736842013582 0
-22.74674171374256 7.712049412369883 0
-7.774483757535712 -22.73291230913177 0
-7.806998133932002 22.77106756816656 0
22.69777978577318 -8.275526767312396 0
22.41895733961348 8.11858071375771 0
2.464634077340229 -22.42279008578183 0
2.470148996504461 23.01101507782262 0
-22.70951289679866 -0.3339747915349618 0
22.45046185398878 0.1598998974983406 0
-16.02165964778751 22.76315681011818 0
-22.86110362913685 -16.1189176424361 0
22.86086112734668 -15.65877285746024 0
22.87620093645949 15.60405673977737 0
-16.05146474111768 -22.6082006649001 0
-22.3005673476825 15.91434198895629 0
15.8242812454319 23.13270501243981 0
15.89804443290777 -22.65598163766991 0
-2.757298232465966 -22.80275702483706 0
-2.779882751973349 22.7445760607439 0
-21.06434106029068 22.77299703129378 0
20.92815244775912 -22.78896114216316 0
22.46575015980072 21.0521552657877 0
-22.78564898269993 -20.93903799328365 0
-5.287769893360975 22.81045952648207 0
-6.563513489973927 20.74149164017934 0
-8.862905635829993 20.65790278439651 0
-7.741911483196984 18.79607862834621 0
-9.855982063977091 18.71064619891719 0
-8.734710482603875 16.96793756806454 0
-6.764630751829874 17.01803279296452 0
-7.701587842589849 15.32231890029826 0
-5.900598058682108 15.36079231798621 0
-6.73706257953073 13.86192890296195 0
-5.101152536991053 13.88405841462609 0
-5.820357998085152 12.50665225409754 0
-4.368367859289508 12.54863506921098 0
-5.002872801062391 11.32454890570211 0
-3.697554753783806 11.34474273422621 0
-4.298559644895629 10.22761542608295 0
-3.115771167098333 10.24791215562593 0
-3.637655152829118 9.260866808262993 0
-2.578747419405325 9.266658190513969 0
-3.078817523138478 8.374926930442152 0
-2.057500632630709 8.38988383987633 0
-4.091786906086257 8.327891130997191 0
-3.464301204051266 7.405552430105542 0
-4.524131544285821 7.436682583477375 0
-4.036883661469437 6.598523685151429 0
-4.984199531829718 6.586969886202668 0
-4.456691923534001 5.810951690361677 0
-3.592584222765485 5.826037861449652 0
-3.973965205383639 5.06966849379431 0
-4.829020340560669 5.027871063303847 0
-4.370308267243546 4.31430831596725 0
-5.173422270702325 4.25725851593954 0
-4.729073456758022 3.570512703334193 0
-5.514679178361186 3.513914096611263 0
-5.055749911881447 2.866539983305086 0
-5.849007166457456 2.786106095609359 0
-5.379292981249262 2.152991589761804 0
-6.362389283766584 3.466015934774782 0
-6.188437338041403 2.052107610156093 0
-5.712322836936467 1.390990467226601 0
-6.555894227022295 1.295598663463584 0
-6.113000415001257 0.6086741629298744 0
-3.180371776520523 5.125181961777266 0
0.727225001644488 0.054854527125033 0
0.547925281143556 0.07569566652049714 0
-6.958539014550693 0.5044815055266837 0
-6.527160474907071 -0.2138485477846651 0
-1.54978896393173 9.245404608415786 0
-1.056167955749724 8.377546466595863 0
-0.5465832255975648 9.228919159264365 0
-0.07381574066350809 8.357804405678998 0
0.4544070941018118 9.207507960610668 0
0.9296924580113242 8.330860221757192 0
-7.382005263293271 12.4106778699837 0
1.466248235018724 9.173827625822907 0
1.959007295908927 8.290519941435793 0
2.497014290281581 9.154142713479581 0
2.999106191935668 8.247373527192638 0
-7.382905670291706 -0.3361912237835399 0
-7.902524895388448 0.4629474940361498 0
-6.860148033959097 -1.128990178229032 0
1.340751833320096 7.479529314108571 0
3.554916174186046 9.164166554696743 0
4.089440560061857 8.189359980405399 0
4.695087659191678 9.165927831284371 0
5.232281370101195 8.13490327388533 0
4.460908502483758 7.095424160256731 0
5.72380541696451 7.091636095574256 0
4.997834549942926 6.07424497281131 0
6.216177239769895 6.083655643321412 0
5.640672495926824 5.168918226799486 0
6.717959432343628 5.122178596736225 0
6.11819596590494 4.206037967163891 0
7.184413308335086 4.17669160276178 0
6.66712112239263 3.274817757535295 0
6.434641257106443 8.078242866645246 0
-7.82464480820546 -1.243148378820148 0
-7.216353624931529 -2.088046729100908 0
-6.146908641812371 -1.923830556290932 0
-6.573162783961592 -2.907785163423629 0
-5.552154771230652 -2.820245482887811 0
0.7345842629210045 -0.02463508792148445 0
0.5173759469234046 -0.0396320703873391 0
-5.96037266972372 -3.735590183956376 0
-4.943730816143799 -3.632402994395506 0
-5.343297279589011 -4.544297643582107 0
-4.324013762297875 -4.449731956537043 0
-6.395421347410606 -4.715809145838699 0
-4.744439938376303 -5.380704425183588 0
-3.674846176110812 -5.261661845426386 0
7.651666991437279 3.255830441114778 0
7.128370425244999 2.389056446214753 0
-4.137014130983045 -6.238005393391367 0
-3.015710102437666 -6.098752445514831 0
-4.241756562575492 2.836093808050707 0
8.094778940336504 2.358457480122241 0
7.556105164864645 1.525588233622447 0
8.584009688110235 1.437969718734005 0
7.888877044747967 0.3932293242628344 0
-5.218602776648006 0.6901634748157552 0
-3.472077948570656 -7.122353112241393 0
-2.372450804236238 -6.929893712280611 0
-8.294354133063303 -2.22350057917394 0
8.197080171634909 4.102531653511686 0
5.268814241148021 4.393664663873155 0
-1.916419338070126 -5.94740664511954 0
-1.263246688272426 -6.796286300246756 0
-0.8223158648450896 -5.79763630045943 0
-0.1471386530669188 -6.680781927872428 0
0.3096716068468547 -5.463170529377827 0
0.97284669733464 -6.558919825095527 0
1.485350526991746 -5.444296913317865 0
2.222495223046527 -6.409766738629153 0
9.11877886563971 0.4020707384390331 0
0.9837684681756965 10.16956603532214 0
6.517865419737527 1.45540466781185 0
-0.5812855665824402 -7.892676896022508 0
-4.482313324055095 -2.699244327509341 0
8.496825896063335 -0.6660983495243197 0
9.731917582577809 -0.6982444833477128 0
8.993676711242994 -1.753014081751437 0
-4.633357710612306 -7.262626896962372 0
4.115289763398964 10.21231614317766 0
-3.913989236977848 -8.229915738008383 0
-5.16095173326927 -8.379717539787331 0
10.45224344740114 0.2871635687017652 0
10.36026389530495 -1.877088222552717 0
9.625061909880987 -3.025216288725224 0
-4.380674336346784 -9.430455734168969 0
-5.738098232673408 -9.599686788886304 0
-3.650876422297476 13.81599241216301 0
-0.5238867197473007 -4.779708742663297 0
11.04123345461583 -3.146883011470979 0
10.19211061648695 -4.412362940453117 0
-4.895584648723043 -10.74253397508569 0
-6.34500435008593 -10.90991445852505 0
-7.202737114177964 -9.704206259471421 0
-7.868009240452769 -11.08541094279654 0
-8.789312038925578 -9.754566588446774 0
-9.476305218028022 -11.24989573224329 0
-10.44976867446677 -9.844346002346795 0
11.72521436011603 -4.511333320615522 0
10.84507133593224 -5.851076485800085 0
-11.17566333929234 -11.43399485133701 0
-5.457337831686248 -12.14618433065448 0
-3.923158651019441 -11.93586564644039 0
7.730399972213332 -1.722197149387329 0
-10.79281309996198 16.86128718929227 0
12.32410900293731 -5.925206752671489 0
11.45503654342697 -7.332709068688514 0
12.64497206055215 -3.374757797459182 0
-12.16692302309516 -9.994087234859499 0
-5.546835337831134 7.382548926223664 0
9.759575896095214 -7.372104228937208 0
10.57529211226049 -8.837265370888556 0
12.56162417810615 -8.871225711361149 0
11.32828560114389 -10.45451045611326 0
9.283494831960375 -10.32266095491144 0
10.18650421892431 -11.98147330418333 0
8.303071080377437 -11.90365764749142 0
12.10936520811935 -12.15738660635618 0
-0.6373870096753598 7.571575784824873 0
-13.0051167836102 -11.58609973760027 0
-11.8709240245874 -13.14182409082912 0
-4.508448793447632 -13.4281430768165 0
-2.845947497772175 -13.19928079614924 0
-11.42000334908775 -8.39954383746657 0
-13.15551663683383 -8.529509443095209 0
-12.42020129585337 -6.978526868034334 0
2.68041349173286 -5.294896084469922 0
1.941354589674729 -4.311358115841009 0
-14.13666892533267 -7.07467563716908 0
-13.39693730404555 -5.521045868871347 0
-15.11302618522375 -5.610241976368324 0
-14.34069195227044 -4.010860689019422 0
9.102272885828404 -13.50558450722848 0
7.197109169079433 -13.32351137935826 0
3.490596270762821 -6.287538788890788 0
2.95572557248408 -7.542468160797137 0
3.055954026256157 -4.23516654832585 0
2.478892880531458 -3.375201140593257 0
-13.8639757657458 -13.31857953459602 0
3.398355328805373 -3.278603712577103 0
2.781429657959829 -2.584490779757072 0
2.045454455430152 -2.653641517981721 0
0.2734129572075883 -0.04883093582033366 0
0.3934804414334549 -0.04532866672317858 0
0.8797719288331122 -0.01519746556178993 0
2.299898068521738 -1.980559440283201 0
1.664320939584004 -2.125294876491649 0
2.985318201071558 -1.90879723946431 0
2.531310702443519 -1.383523276698317 0
3.128360821830317 -1.283124596900661 0
2.775466770611003 -0.8522688790260331 0
3.289336860128456 -0.7280677848438633 0
2.891731220192032 -0.3273192239024943 0
3.461103414724533 -0.2103373636820867 0
3.109434215948586 0.1877338252369086 0
2.634676108437812 0.107418787825272 0
2.778503522228164 0.5190196317961182 0
0.872986644707328 0.03064952788047822 0
2.350102259574711 0.4162262877732258 0
2.498882421626532 0.7932168197114225 0
2.139397109997403 0.7246807634201318 0
2.255493292659154 1.054803783965546 0
1.931233811034799 0.9805721196020794 0
0.3978635872096821 0.08423549189729894 0
0.4641764259788841 0.08223509898053832 0
2.016086639536237 1.310079555558967 0
1.675516347662025 1.245967500115762 0
1.77967426846266 1.577975745813784 0
1.443969138382115 1.510122067262096 0
0.2357387096164129 0.08362211167773789 0
0.306707214716295 0.08585776469592324 0
1.548660518073926 1.85425312287444 0
1.221550048720579 1.77178225504793 0
1.303983400237349 2.136755507591021 0
0.9166326966065454 1.997899809619087 0
1.044374655901991 2.443611581720639 0
0.6398453067687562 2.347220865583488 0
0.5062298416881903 1.956730066880807 0
0.2423665187548745 2.258155207908788 0
0.12324687829579 1.888571160855566 0
0.1406902464975107 0.07115028341028404 0
-0.1411641851946985 2.15301035459948 0
-0.2527961541196832 1.788253623377464 0
-0.03442359820262504 2.52660235829684 0
-0.5168456782576485 2.066139508236422 0
-0.6289450053129719 1.709896617431989 0
2.612853936762565 1.143494157444704 0
1.973446847623745 1.928290447890133 0
-0.8990981066620641 1.979730487658565 0
-0.9959597415523966 1.60383634329202 0
0.3864143624878471 1.618780698720008 0
-0.720498619821567 1.402994920238429 0
-1.036247016842774 1.223446960642901 0
-1.344418704606234 1.497720781650959 0
-1.424983788529847 1.137648906061118 0
-1.172749107062174 0.883558282166694 0
-1.508633981739134 0.7919211055596751 0
-1.260135160246811 0.5637325832913145 0
-1.580996709273293 0.4558898831587438 0
-1.291162737581892 0.2183967345442142 0
-1.671067751475177 0.1103329491152768 0
-1.402560180250863 -0.1366730997092568 0
-1.79427582168748 1.029827839117038 0
-1.760080454979992 -0.2532217321180158 0
-2.046042750629619 0.01326024833285942 0
-1.404643893450612 -0.5248945001718187 0
1.361451694855475 1.241381480590288 0
0.9512127346562226 0.01498312709553056 0
-0.9901899520574023 0.6621079931230687 0
2.230988796220984 0.06744849275292916 0
-1.840488021706124 -0.6567761794215478 0
-1.532629129768848 -0.9500385897323287 0
-1.127857406753261 -0.8494326344646941 0
0.1485642134151126 -0.04772604174956913 0
-1.210831013471594 -1.238723157508569 0
-0.7844672108456668 -1.053970198014477 0
-1.639573572035796 -1.397722105390287 0
-0.8811741615570114 -1.510907261475973 0
1.808842680963062 0.663376159283616 0
-1.111168784379115 -0.02717219671484916 0
3.638225453284099 0.3366280511883198 0
-0.4813289601412117 -1.353086371948555 0
-0.5397056800967877 -1.808885269156859 0
1.384935303167396 -2.664719043976682 0
4.034357306641116 -0.1075544648885361 0
-3.339810364388545 -4.40121462492488 0
4.126333467820127 -4.060985983845425 0
0.7594280740600858 2.780828362851441 0
1.200501011689056 2.878470172393881 0
0.89461549647827 3.239711780112827 0
1.39257744513593 3.343425223940349 0
1.049285092621006 3.751148580680154 0
1.593845280031637 3.852216959586304 0
1.220400629171098 4.296717935970192 0
0.6461266498158689 4.173945524696109 0
1.831751218107695 4.400333385251711 0
1.907027441028907 3.426107467375759 0
-0.4078796778681046 -0.9529229560264167 0
-0.1463139704452824 -1.147772686663636 0
-0.008992661250646503 -0.8549388373927598 0
0.6323918497785307 -0.03263964085628378 0
0.5748631453231353 -0.03544014450040226 0
0.6805172304896322 -0.02840595635748896 0
0.1791485751954556 -1.066879411219825 0
-0.3141780529316645 -0.6620599952123447 0
0.08985539040679205 -0.0420558898538952 0
0.2357947353706249 -0.7349018568702262 0
0.4304435326998793 -0.9513082227907438 0
0.4922953627546418 -0.7129075967501356 0
0.9658230480900916 -0.007233615960350329 0
0.9278990413296825 -0.01072809703980974 0
0.6578717353692501 -0.8649648663892295 0
0.6611767354443258 -0.6194530768104688 0
0.8173396264382519 -0.01950359877228913 0
0.7808580314446508 -0.02225588402881147 0
0.8461725930010672 -0.7474167790513696 0
0.9258601801996625 -0.5565187637201432 0
1.062842282224334 -0.6986558603241805 0
1.094360741161084 -0.4996004964032685 0
1.255453327551878 -0.6321728716512385 0
1.280969376616767 -0.4242048871645854 0
1.457348056469508 -0.5646273042622894 0
0.4119459237840035 -1.248679817189545 0
-14.93881742147511 -8.665891744025426 0
0.518886689493027 -0.5265007681110494 0
0.4511147862811714 -0.04299052231862199 0
0.8197342875730445 4.764224590230077 0
0.1953934031970835 4.623037375183077 0
7.978551380309781 -15.07461862529715 0
6.027333724914457 -14.85685169706828 0
10.05013418377608 -15.30523059640306 0
-8.432006597107623 -12.58567010878824 0
5.367820594194992 10.2206158837975 0
4.720846766058436 11.35218704815065 0
6.093306510873566 11.35781438211033 0
5.388810016779139 12.61535491197407 0
6.901773864084781 12.64483245898051 0
6.120608033670474 13.99852864089131 0
7.739046386298192 14.01420164583203 0
8.52485749790136 12.58407866271743 0
9.429123273055158 14.01744769393275 0
10.26895841828322 12.47170049150891 0
4.668101586744827 13.81611514167051 0
11.2068419783788 13.99505107240205 0
12.08293264016462 12.37225458426818 0
13.08250244642505 13.98270115088809 0
13.98030578810443 12.28400440531132 0
12.94618224642876 10.65256123384617 0
6.920143516395253 15.35079917802602 0
-12.60423863385248 -15.01021303676304 0
14.86090317407743 10.57013066111149 0
13.86108542582867 8.943149251309935 0
-3.48254967475901 -14.80044895559004 0
-1.700747029778331 -14.56283091684276 0
-8.927801045739267 -1.290770217681767 0
7.438758019796254 6.105618603177822 0
-6.038213947734651 6.503946749093801 0
-6.632305432617455 7.372523812963526 0
-7.167631016639245 6.38224152071769 0
-7.793980381169085 7.369951881541848 0
-8.375153616246681 6.226495197680789 0
-9.077043903078179 7.347476618506609 0
-9.715215208070898 6.090113334229554 0
-10.48466071471301 7.322691583602049 0
-11.14836572602111 6.026925450425881 0
-12.00732482011843 7.294942673787421 0
-12.74619042488592 5.82923755003358 0
-13.66039655762298 7.242072165489984 0
-14.42626298668593 5.725961223631542 0
-13.46931159403585 4.280323252747207 0
-12.69535869454629 8.954442215755083 0
-14.61644880115725 8.71381493023229 0
-15.19495174280756 4.160811810120657 0
-13.80253720728556 10.38275597130326 0
-15.6966389610787 10.24248487499103 0
-10.30555766750747 4.717979835713878 0
-14.68916024978295 -15.22741593668066 0
-15.9844429558331 -13.40228849686562 0
4.365232753280875 -7.345234771699176 0
3.804803567108482 -8.650964316713146 0
-14.19570569098832 2.701946451442187 0
-0.9976806815479051 10.14720721809007 0
-16.11228768562493 -4.122810384860291 0
-1.138851133141796 -12.92126092539315 0
3.596796548067958 -1.730623309347891 0
-7.028438805296105 2.05060197858832 0
6.829254401996185 -16.68574348248857 0
4.871482615817136 -16.44367734785495 0
0.9479746490032598 -0.3875999960544843 0
4.211746890204361 0.4661075840884294 0
4.673301631003041 0.005402489643747177 0
-14.76223405867979 11.91733663660261 0
-5.130652115032661 -14.90273247878694 0
1.25304689886832 -0.875227499053181 0
-15.97946850514094 2.559713114067384 0
8.622584150632955 -4.179285662611783 0
15.02301061428068 13.98566902743562 0
-9.452151793625241 -2.337553572813167 0
-10.15335594979723 -1.328725294992247 0
15.72284693443799 8.865250840767718 0
14.68951422175315 7.300764236188458 0
12.88844717881844 7.372798548087359 0
13.69072969690209 5.81740522046735 0
15.48463046418912 5.660485040705859 0
14.46105485212675 4.192768947799119 0
16.25571074842755 4.006324764044971 0
16.82694964072909 10.50763126602243 0
15.21773482135694 2.468900812224795 0
-0.7882791542368399 2.37286585868855 0
-1.205196654412417 2.271516607659451 0
-1.081724708308116 2.706780337436548 0
-1.550021988618572 2.588517338429869 0
-1.415740279589921 3.069495792177801 0
-1.941849315113994 2.913467807502013 0
-2.03884046081386 2.432346363854398 0
-1.780152962194921 3.455380824775383 0
-0.9607163668762504 3.162740018471574 0
-5.02031680204195 16.8796952142757 0
-2.343824191235822 3.287469002266118 0
9.343181414482805 2.34302093967683 0
-2.810234780441067 5.818534886686308 0
1.486699511708288 -0.3513008809994066 0
1.68740563916514 -0.4920525412134452 0
1.331976870152392 -0.2627915336490551 0
1.478481891237406 -0.1632364043223024 0
1.380161355509366 -0.05685675553554242 0
10.30498743808989 15.58347488718576 0
1.494044049097689 0.02084021833929328 0
1.382855722026745 0.1423760533971391 0
-16.18511454755588 5.660406892335209 0
-9.730137119404022 8.790572705924836 0
-0.9953088501335762 -1.979146756047176 0
-0.6114943008743393 -2.314873614249631 0
-1.124189397676067 -2.505362970830676 0
1.245829102776046 0.0580461538661721 0
0.3864218580515808 5.253299173166439 0
-0.260980568366075 5.088444951468262 0
4.051542720342308 6.215296417595733 0
-10.66411345664737 -6.990519033233468 0
-12.78258036615794 11.98568195606608 0
14.07186134784844 15.7519642551819 0
0.8788720584779683 -1.080801293148566 0
-16.75775852153643 11.91823871247442 0
-15.52043934896005 13.47862983823972 0
-2.393495872528855 -16.27128322558064 0
1.046793590318457 5.396100428541399 0
-2.412413364604373 5.146405871169444 0
9.223146324947749 11.16705561157221 0
16.16201022908977 15.77012620096432 0
-0.197110947250125 -2.110146816606476 0
-0.1912598282915924 -2.692736653751808 0
4.234030628362921 -14.64692867491851 0
3.786320953118227 0.9003406022994404 0
4.383849986171611 1.05704156117478 0
3.919112138275238 1.514192966995177 0
4.543918017572165 1.66726824688467 0
4.06135426060751 2.15823329706191 0
-16.97432959546552 -5.79121500640365 0
-18.05929314891177 -4.197844820035431 0
17.09670706474603 2.313248052377205 0
16.00630178101597 0.731806926560651 0
-7.110341811539528 8.530285652883409 0
-2.047915031128488 5.79416380459827 0
18.18842414790129 3.907020526128371 0
-14.93999034292226 1.094422473913392 0
-16.78366739586121 0.8939898853056911 0
-17.8785468841202 2.472075250275616 0
-13.42636075267207 -16.94932865030745 0
-11.30084897234444 -16.69402515937328 0
-15.41215319755032 -17.21340539488519 0
-0.5129901969518416 -16.00807803084755 0
11.96316053553988 5.925944472655983 0
-8.759654685638985 -3.328722190570887 0
5.273141910117021 -8.485159294788845 0
2.335200313618505 -8.842928810492738 0
3.226112183738142 -10.03720348746746 0
1.64390114155107 -0.7526074852077165 0
11.22923350179672 7.381085971372451 0
5.894471246760792 -7.11637030944962 0
4.730056274162352 2.336683032272201 0
-9.999045028593788 -3.475496310158094 0
-12.12794889852304 -18.7056160673697 0
1.534914276017767 0.1904356588080506 0
1.382612271806887 0.2895181457946451 0
4.229519871393864 2.821504871383917 0
3.559431449664754 2.633968308453358 0
3.718971649774307 3.299005110557904 0
-5.854720303409885 -7.313645479748784 0
-12.97513046576046 1.202582827087658 0
5.570369179556934 -18.46306127473832 0
3.639709403897901 -18.09937139154513 0
-2.922832483259607 -9.316026188971906 0
3.361919871858365 11.19320057872896 0
0.5829138272363157 5.927790688175542 0
-17.71408736670787 10.08195751732991 0
-11.96041186703004 18.59769628392849 0
-1.252388894550769 -17.73384823922027 0
-3.302329568374755 -17.88480732346908 0
1.682032823084942 -10.19097016130492 0
17.74427221890554 8.710368411523287 0
18.86685797041416 10.42098235097897 0
-18.87594214372026 11.87077100774927 0
17.95237072970786 0.5709476648655336 0
16.82139901935631 -1.070080979957354 0
1.680203019437271 -0.08466820161248599 0
13.2338613758474 2.663091214298447 0
1.082949682534642 -2.134639701899218 0
-0.4242818585740366 4.456013592651374 0
-9.968122887154564 -18.420157278664 0
7.722305481394386 -18.57643629192074 0
18.83454423274445 -1.233050805239539 0
17.66363674795135 -2.933148342204363 0
19.80419442767381 -3.063026078055737 0
18.53161833275293 -4.841400020206817 0
4.353697067528049 -3.095307242803107 0
5.159391406118256 -3.825692015600704 0
16.47399610645485 -4.588843495701705 0
17.29065519403359 -6.501539221877344 0
15.12774779206695 17.65287836832041 0
17.37102540971871 17.65046766762096 0
-13.83543308861929 -0.2406359705505798 0
-7.639848712232714 5.229281533211465 0
5.029391787594006 1.23725877819587 0
-9.151999517475621 -16.44504483475827 0
-7.859263809000709 -18.00333808123336 0
1.918509821299877 -0.6585312825789533 0
-8.062791181304837 -8.377833093222561 0
10.40655942894185 6.009151888062008 0
9.670363183371469 7.359836938722816 0
11.09961737703185 4.678994028988727 0
4.428807023965923 -0.6410340813638427 0
5.170237441387867 -0.5302508484032022 0
-2.41658644675666 6.452184350764394 0
1.863885880325571 -0.9750432449910447 0
-9.255212612217537 -4.525382612979069 0
-1.670066639858569 5.153010691130561 0
-1.304011749236502 5.795292175065665 0
6.79491979464556 -8.28671543868386 0
5.389080503454055 -2.825730385969469 0
-2.79583657030497 4.559106875064954 0
2.610855984570934 -11.47522702746535 0
4.126508570682469 -11.33626630369177 0
1.330880084771387 -1.745732673623157 0
13.03018429253724 17.55671211451794 0
6.455237413603575 -20.63552800160191 0
-12.92167848942089 16.71615140747937 0
-14.12513910310143 18.50907771825766 0
-5.519240678375326 10.15208210029145 0
-5.673042887289185 4.939482347952981 0
-2.495149866708833 11.29234136330725 0
-18.9487445079668 -5.983844257758087 0
-20.13521664145273 -4.270515574390354 0
-19.09298766221671 -2.484532320822209 0
0.7158711006825935 -0.4669743708392022 0
0.5812866373633329 -0.3619358094921845 0
1.296096103892338 6.07028282277421 0
1.780089634428742 5.505853535844071 0
2.081324414381994 6.284063199465633 0
2.507193783436121 5.661195578360997 0
18.72122419083174 15.63830263943929 0
-9.571555359967123 -0.2891697106347711 0
-10.8479560793081 -0.2554631940315232 0
-10.24689692643458 0.9204786774634397 0
-11.48188782105884 -1.397547383479754 0
0.3733076247523191 3.119564842299339 0
6.306767578001627 -3.612264131090329 0
14.90389570298101 -0.8127730148359211 0
-0.5671118375008078 -0.7187149279813224 0
-0.4458849172799695 -0.4683889357823766 0
-0.252911247892062 -0.4484325301063781 0
-0.3960583195286579 -0.254501866452689 0
-0.2272449160697068 -0.2536752440316822 0
0.0500560836246817 -0.03431083356558917 0
-0.5980918290445688 -0.3142934993991032 0
-0.5316627150713359 -0.1406144098775188 0
6.276246808538669 -9.89876153088094 0
0.01477549306752289 -0.6325530599754301 0
0.2056363685764773 -0.04880028208829361 0
6.755395901926271 10.11129360858082 0
3.072908305698349 3.080026357819026 0
3.208807395250301 3.761188289997872 0
2.946416261112603 2.444192427507851 0
0.261979131735782 -0.5585178336056459 0
0.1028233582148769 -0.4274790838533354 0
-17.82484703207533 -7.67160102780908 0
-12.77160342656589 -3.949504596973304 0
1.218748432047406 -0.1037374627963356 0
1.56212930269311 0.3652755176300311 0
1.412494686604712 0.4704964068080049 0
1.250785638444446 0.4017946102884158 0
0.6392836218808988 0.06760296822060405 0
0.5995843634096052 0.07203732220005551 0
0.679454095350342 0.06026753813011672 0
0.8030995300187553 0.04331285406547013 0
0.7733098173707 0.04775249452638984 0
0.8318390045920158 0.03808478439167578 0
1.26618803531181 0.5665861059633434 0
1.122661128819479 0.4868180174455667 0
1.112937356851453 0.3379713832853028 0
0.9967825201493536 0.4219581390227319 0
0.997139907566854 0.5594482303552449 0
0.8898865777219527 0.4895254077621004 0
0.874140748141724 0.6254558309603075 0
0.7652005036152222 0.5376429503219399 0
0.7513214241043117 0.6971789188458342 0
0.6290199248661978 0.6202751620228276 0
0.6458709500262638 0.4871543822953222 0
0.5190692431822398 0.5292049993226785 0
0.5082794584636178 0.6759301301459295 0
0.3998142394427024 0.5973698344657319 0
0.08220226951044934 0.05740381218116526 0
0.1073412427684165 0.06372084384268871 0
0.382443617123346 0.7367276007108219 0
0.2737204687730028 0.6503505883336831 0
0.2987008205308725 0.5092226902518822 0
0.1735434127692528 0.5621148213837821 0
0.03953176194342273 0.04125631196068685 0
0.1438220550817167 0.7016487366080336 0
0.01904024769681563 0.5936670959036255 0
0.2008563580509973 0.4450819737885875 0
0.2862340332656318 0.402192524030943 0
0.2110524927015059 0.3432971522248623 0
0.1830541090335699 0.07718599997981773 0
0.205117760662585 0.07862238155660568 0
0.290203894302268 0.3154453939701989 0
0.3553967485491505 0.08629761146384049 0
0.1312390912729966 0.378700690431772 0
0.1405442857618051 0.2999145792442606 0
0.07343884051131316 0.3247776789644971 0
0.0915337412920815 0.2542619501864166 0
0.02425878641085518 0.2747213973384864 0
0.002472000177495395 0.7521733513247684 0
0.09472272957251988 0.06061765146688473 0
0.07097575768973841 0.05422001054989339 0
0.05429315353141669 0.04842646192865611 0
-0.1304720530258661 0.6589519189481371 0
0.1207292819409076 0.06585765478510854 0
0.1466395860274721 0.2352187937064965 0
0.897991320527016 0.362306085054758 0
0.1686105778541801 0.07507698335345822 0
0.2203347100192513 0.08108641723378841 0
0.3721654695821655 0.08632836449428939 0
0.3399194576070493 0.08632188441557884 0
0.1101018927512077 0.2008962542005971 0
0.4961291939049085 0.8292434400333939 0
0.1522248803113051 0.1894059422052626 0
0.1225258017085847 0.874704847083869 0
0.1225924441123615 0.1610237396818591 0
0.08421477241514366 0.1693304404579609 0
-0.05849459388927137 0.9300313556369226 0
0.1875189193735884 0.2141885041372166 0
0.1879547653795057 0.1715855477885509 0
0.2670324101848314 0.08547307061345186 0
0.2210873950632475 0.1924349366200354 0
0.2826382520441352 0.08553338581209735 0
0.2222651873059183 0.1543606495324804 0
0.2506387435045725 0.1748281336919904 0
0.09329226872628654 0.1330019632824003 0
0.06119984098855526 0.1425588655919835 0
0.3540643547658737 0.3583490426604704 0
0.359105958519694 0.2826094325649419 0
0.4148989948388824 0.3230477753324734 0
0.4194852146792962 0.261113038041892 0
0.5059519060927637 0.07812382165668551 0
0.4682052577675672 0.2918197695293942 0
0.4690464999255886 0.2299657770259301 0
0.5148374518366481 0.2617866879547264 0
0.5178487356509586 0.2118457705424245 0
0.557381700005539 0.2363144605699207 0
0.5583288994884824 0.185645369097198 0
0.5952445186169423 0.2117349693929543 0
0.5225750601669716 0.07681873849294665 0
0.4894771052044351 0.08124973838015977 0
0.423910734118819 0.2076064287880771 0
0.4304237026706401 0.08306488179003552 0
0.4142088737364405 0.08546252144992739 0
0.5969147570899799 0.1646763942111191 0
0.6316262614443745 0.1888110046870387 0
0.6332882731782541 0.2347326306648473 0
0.6700118894671823 0.2086955981538278 0
0.6733684975738449 0.2581382173451666 0
0.6638481166815281 0.1632163876460591 0
0.7028287875299484 0.1828823898203978 0
0.7008082215616135 0.1420407076810824 0
0.7351710330792313 0.1593497360626891 0
0.7405071233140514 0.2002212691367288 0
0.7716266149428512 0.1731665967701897 0
0.5215583575766579 0.1675282848793552 0
0.5651022622842813 0.2850297480439222 0
0.7632053197528663 0.1342867898279804 0
0.7997451610272269 0.1472362157259521 0
0.9112113766953508 0.02321889069516524 0
0.8925049662689638 0.02805249280348533 0
0.9292921610427368 0.02001335206379455 0
0.1239461015212486 0.1252992108294867 0
0.8102589604816682 0.1833972872789153 0
0.8370970627852987 0.1548470832648758 0
0.8233447355603751 0.1192516516815868 0
0.8602202397888227 0.1273745877771139 0
0.8746603734543514 0.1627567464627179 0
0.8987500435194433 0.126398977765367 0
0.9845886575259037 0.006944692932808793 0
0.9716043530491545 0.01030638565575976 0
0.9615312541294797 0.01261631211574692 0
0.9147090505173024 0.1675768712770377 0
0.9385905157592062 0.1346426531173294 0
0.9273377049287217 0.09494426858120864 0
0.9590507789950313 0.1045009275005455 0
0.9783080501045174 0.1396680240772321 0
1.000050631475419 0.1037370098944967 0
1.023075589661211 0.1447770654916479 0
0.988990050565467 0.1847804487834385 0
1.044951765632195 0.1026678514884286 0
1.077159919755121 0.1467698992479874 0
0.670454324049633 0.1294975101520756 0
0.8822576613056199 0.7827455061842772 0
0.1973066892377811 0.1421272963697929 0
0.2538632949457959 0.1439887440025659 0
0.2781033647385203 0.1621731961423984 0
0.84822022108046 0.0973754154933482 0
0.8522693235189306 0.03556894411348685 0
0.06706113514411767 0.1106631762299675 0
0.04195014813171577 0.1199249822361815 0
0.01313585195668684 0.02665774310378802 0
0.0208191865842578 0.03201273497215827 0
0.03080791715329409 0.1435472115081613 0
0.007605164428415422 0.1230316296794123 0
-0.0009790422395123907 0.1596946509018766 0
-0.03394816232599276 0.1194173564788234 0
-0.05801007195497977 0.1829339480877311 0
-0.10310159330715 0.1150500908229016 0
-0.1368273558630533 0.2087135605492156 0
-0.1977773357626822 0.1324313584186104 0
-0.2413435720854376 0.2300655589372907 0
-0.1614945408548727 0.05059752640647451 0
-0.1672330700008553 0.3141102018906939 0
-0.2847947608358897 0.3456063163961092 0
-0.375149292821003 0.243975850259937 0
-0.4306392743005688 0.3838242500625628 0
0.689942661700237 0.1106933787900633 0
0.7035783173684769 0.05796822137156674 0
0.2782743899401087 0.1911789158946591 0
0.3051005879357087 0.1752907125668291 0
0.9455136749370834 0.07336481389748742 0
0.3015178837047705 0.145801161425769 0
0.3288120974939642 0.1584691704996682 0
0.9141296212265566 0.0735176980957611 0
-0.5321756663253971 0.2601902677152041 0
0.82328883858904 0.08991589435133947 0
0.6671473723126303 0.1019781348242114 0
0.6482832993426246 0.1156624345915221 0
1.023897169474966 0.06485592495286659 0
1.054455511559666 0.05712397007899915 0
1.04623476697555 0.03380220916612068 0
1.080950688232236 0.02924360706927818 0
1.07055830381765 -0.002314421397228642 0
0.04999197498237137 0.09973007785046338 0
0.1043898803936371 1.070587448795615 0
-0.09187950974365827 1.13248762187843 0
-0.2692892504762273 0.9854743755673612 0
0.3261761053560978 0.13261392871785 0
0.3513045461887173 0.1401903609469836 0
0.3537837738826682 0.1707614402689196 0
0.3752369691180478 0.1523919246099739 0
1.107156176409914 -0.00277789798593294 0
1.082251087319674 -0.03417795397231762 0
1.036786202883322 -0.04143030883237047 0
0.9887219359686084 -0.004535890315333314 0
1.058215116727453 -0.07569955204435591 0
1.016566854590224 -0.07360778897502887 0
1.034395920963205 -0.1178758257067467 0
0.9811122221970604 -0.1122906194283229 0
1.004468365179456 -0.1692517272329937 0
0.945281174996929 -0.1511350251088285 0
0.918899123944391 -0.1132265164000768 0
0.8899173548930828 -0.1416028281146324 0
0.9047108449752876 -0.01182463496170491 0
0.8919624691068686 -0.01438264011862159 0
0.8685586430721582 -0.1067607206783802 0
0.8409663405461628 -0.1328531822165005 0
0.8454790638855846 -0.01764390111546153 0
0.8315249760273625 -0.01840819017752864 0
0.8596533434284722 -0.01679509489494129 0
0.8218776340192687 -0.1028417102173819 0
0.7933327697059832 -0.1258431861111101 0
0.8092749823247889 -0.179051685555383 0
0.7571775019442956 -0.169028043284956 0
0.9032889119323815 -0.2061093236408515 0
0.7524996777513862 -0.1209795026719906 0
0.713630581672099 -0.1473034834598086 0
0.6887131421942226 -0.1106599412958097 0
0.6678022004687353 -0.1400889417140466 0
0.7195802163338915 -0.2053942284662827 0
0.6593016078215301 -0.1101046075373781 0
0.6261463164288517 -0.123134295625774 0
0.656606566047826 -0.0310354042088155 0
0.6374039622978366 -0.1687603756074452 0
0.5924321723189041 -0.1573926834149041 0
0.6182191735673274 -0.0930417266490226 0
0.6001664068160297 -0.03598317141962985 0
1.069019079686186 -0.1692466721221939 0
0.7265473172700019 -0.07559257374601853 0
0.7583460712198503 -0.0239119737524277 0
0.7042997865753754 -0.02776962152224356 0
0.3735726197323237 0.1288360983998206 0
0.39393957583747 0.1364320516373947 0
-0.257773829782587 0.05219894320594709 0
0.07974241382836983 0.09002135552206127 0
1.010556065430215 0.03202602161432957 0
0.9961053712104768 0.003456879152058279 0
0.9566856246896567 -0.06629739074108548 0
0.9327745323028476 0.05220853600372582 0
0.8986996930313564 -0.06340813959393939 0
0.8389673021029865 0.07215255724236613 0
0.8620475889582485 0.0782393737770159 0
1.717508722707517 0.251551609652896 0
0.8869439474920913 0.2065183574954272 0
1.102210677442855 0.07081274684660183 0
0.6898751197416528 -0.07014725036510427 0
0.606465449938543 -0.208993743368079 0
0.5552297118428879 -0.186652322071543 0
0.3288368735486737 -0.04658307023601667 0
0.3535720593943953 -0.04761891572456411 0
0.3119077043241966 -0.04680486436405064 0
0.3690178006857863 -0.04617485042058639 0
0.5466732612944001 -0.1334947053286709 0
0.5097323743866625 -0.1651452896653023 0
0.4842499650431185 -0.04173213269580538 0
0.50080517348076 -0.04052965424515268 0
0.4995068707804186 -0.1254002258752995 0
0.4684069055847456 -0.147144660115429 0
0.4729278585418072 -0.1936742768429061 0
0.4315007315260733 -0.1704356691580051 0
0.4317435305726239 -0.2236876043036085 0
0.3787990907779925 -0.1842929788368154 0
0.3836246933214727 -0.2579827965507452 0
0.3284873122978641 -0.2263474393542129 0
0.3276266151850726 -0.1798490959038666 0
0.2833333101351949 -0.1910923882881957 0
0.2786455718269904 -0.1432046243190281 0
0.2380202366014255 -0.166380139951942 0
0.2342814011827837 -0.04788482786682847 0
0.2502575803624309 -0.04879212747758396 0
0.4389479946899465 -0.1215220311331722 0
0.4184555523366991 -0.04463251915952486 0
0.4345926335840017 -0.04372262979178908 0
0.2312717541619335 -0.2198028069585832 0
0.1925428559467721 -0.18180564075829 0
0.1891430363720855 -0.1426558385030945 0
0.1576512325518989 -0.1466282681444874 0
0.1149453618955224 -0.04477838207205187 0
0.1762215350375924 -0.04799959492240086 0
0.1280485894352137 -0.04554691539431497 0
0.1896595721766688 -0.04927008620066457 0
0.1374748943530534 -0.1977796973955925 0
0.09296822013660871 -0.1794324936179842 0
0.0829381104968583 -0.227249044610505 0
0.04822368982065547 -0.1798565775033447 0
0.01759497850672132 -0.02337645835421844 0
0.03035000321322969 -0.03020386608321565 0
0.01164319904509733 -0.2442920515789108 0
0.05194419420947768 -0.1361657568653181 0
0.0129667866459803 -0.1396714477751657 0
0.3203368815694961 -0.119951758085587 0
0.01561559619878268 -0.1032960440495091 0
-0.01915266306550923 -0.1042324068028734 0
0.5413391978610053 -0.095091479487172 0
0.5505006260368863 -0.03838530500390448 0
0.5330771762470283 -0.04057877039357384 0
0.05950342025450023 -0.08979426955238567 0
0.07211377591725757 -0.0394105139664546 0
0.153855037882621 -0.1117289518507525 0
-0.04428043232662349 -0.1557999612647583 0
-0.07754069561714499 -0.1039172855576743 0
0.190352643329452 -0.09889463859110237 0
0.5045675667597499 -0.08690806604220855 0
0.3290556449763884 -0.2994914250238225 0
0.3987929724632144 -0.3413167769395762 0
0.4709332455129168 0.3537824294436082 0
0.848896576229647 -0.05991087203875381 0
0.3054329333130406 0.1197763747601412 0
0.6919016758441205 0.08955210328055951 0
0.7083438564947264 0.09821441379275178 0
1.426272540399772 0.656763023530927 0
-0.01493860204303401 -0.06478955025179227 0
0.004200098441791205 -0.01371452430236712 0
0.2302064227285798 0.2367147468822926 0
-0.01911337803961822 0.07965124533230694 0
0.003324955853431734 0.01771336623341833 0
0.6437464082136153 -0.06964498241499356 0
-0.005838724330623231 0.3577991739638733 0
-0.2003834781794341 -0.03812410091175738 0
0.8180216195406264 0.07014899299643348 0
0.803884671603767 0.07871234594913851 0
0.8176637407699165 0.04240697624084633 0
1.263911076985934 0.7588409697803569 0
0.05849045381175966 0.07409413674338801 0
0.3141058507995136 0.2112415121492007 0
-0.607268558802618 0.4260542779684462 0
-0.476476123466457 0.5343761651657718 0
-0.7267330196811242 0.2794327015580167 0
0.02385252061209049 -0.05951236889022676 0
0.3885196562996026 0.1161636747048458 0
0.4087867390349091 0.1198219773152974 0
0.4149012185732289 0.1430770989712487 0
0.4311827591356805 0.1279570586003109 0
0.4366236621437233 0.1500398111911123 0
0.4529437329421993 0.1340802528350895 0
0.4627454461925455 0.160689002250303 0
0.4474205437027076 0.1126698242480242 0
0.4664648529600839 0.1182393754251625 0
0.4472304207517905 0.08328507087575487 0
1.030851930999314 0.0037616956247511 0
0.3244893559988137 0.1097625003203064 0
0.3231273938005859 0.08716215753008751 0
0.6468991164903177 0.09509107625468974 0
0.6302236243030387 0.1040618692310264 0
0.6554035133665532 0.06451281461923415 0
0.6288955584016362 0.1245675278622359 0
0.6119344074535514 0.1116857398314221 0
0.5729973905151798 0.07360861502416086 0
0.3838317379504211 0.2241235344055169 0
1.225942962193282 0.256503934629394 0
0.1060458460559992 0.1093026228483419 0
0.1236658642582696 0.1025269974060209 0
0.1434691530453238 0.1181771797022348 0
0.1465843413986593 0.09953347830201109 0
0.153469300733923 0.07530954000198636 0
0.1594220197989543 0.1100360704425486 0
0.1616149509707529 0.1329850417128562 0
0.1123875285882788 0.09005582164542443 0
0.6139793485551368 0.09155557219734098 0
0.5964236309713499 0.09984680716965105 0
0.5930778301846547 0.1182027662872435 0
0.5799922725452374 0.105794552934212 0
0.5744650662120724 0.1243268082936211 0
0.5610391149467538 0.1090110430526496 0
0.6226996491965163 0.06836011332889068 0
0.5549244384856087 0.1312092216365644 0
0.5389491026019777 0.1171378078811837 0
0.4852471503921923 -0.2462369723547898 0
0.1276804685507644 0.08706277508984427 0
0.4277601395152428 0.1079592786102065 0
0.6704561107853053 0.08337513665638197 0
0.5695221369731552 -0.1028201336944861 0
0.5589235628812653 -0.0779515083328447 0
0.5382028737774169 -0.07049257896579569 0
0.8545976751553888 0.05709316106452145 0
0.8727232530331528 0.06160131784258247 0
0.8832391706351639 0.07819415227047501 0
0.129582772133445 -0.2777012290559515 0
-10.8517518664794 -20.48935188300931 0
7.371243488315833 -6.880080047617087 0
1.035194488664297 -0.2391618127406206 0
1.124816715422902 -0.2333909850855905 0
0.07369986267744896 1.288893597196749 0
0.3218572617756775 1.183088599710068 0
4.917582931075488 3.012493097186003 0
5.41638522450531 2.420655758449098 0
5.928386529058328 -4.76893759933332 0
3.871673813813677 3.985415392942772 0
3.362876192954428 4.496363284126707 0
4.01549653499461 4.791311456317418 0
10.41713444990621 8.694360453895918 0
8.876973457715057 8.700204418008473 0
-0.3083291061526247 1.206909249843674 0
0.5450877793244739 0.09721992073661878 0
0.526235226712746 0.101613385358116 0
0.5209851756097301 0.1208411604553439 0
0.5097138526317537 0.1069909038053431 0
0.5016480578515879 0.1222955802710526 0
0.560504413244434 0.09130448561405952 0
0.7052825524819304 0.07875202548754673 0
0.7218462619346007 0.08613777335191035 0
0.7501979443335794 0.05245481137304289 0
0.72674370642451 0.1043908485323067 0
0.7398352210120073 0.09074384233873074 0
1.904818978712143 -0.3810871288718328 0
2.432650748933322 -0.2276465325089577 0
0.7853893488909863 -2.617354386303192 0
1.07110129695528 -3.215555051875224 0
-18.77868184467788 0.7466093447531524 0
-20.11705053244282 2.511701250909505 0
-18.95933235068758 4.256343995185214 0
-21.10194181979567 4.155808890915403 0
0.2322383187573157 0.1285071593547634 0
0.2512992192047201 0.1197473130013246 0
0.2348899367705433 0.1068563137649203 0
0.2511102389597638 0.08376359051092756 0
0.2860929717398905 0.1270749121200018 0
0.2887871408209121 0.1097043580958282 0
0.2179327717920232 0.1143316060862664 0
0.745025560972152 0.8610979143631725 0
0.8889755935784793 0.9608879990002188 0
0.6995894525549352 1.049730259125228 0
0.8962012517437277 1.168745650332773 0
19.86147875346728 17.89168311532922 0
18.51960333725295 19.56727423299263 0
-11.60006995273118 15.07959354722572 0
-10.43394693749546 -4.57172071204908 0
0.1620916334715901 0.09321508298350713 0
0.1740838683766965 0.1029081129951732 0
0.6930009212136372 1.276479836464721 0
0.3707213879481583 0.1070029187778276 0
0.3424994895163597 0.1191047821443052 0
0.7342593740971598 0.07150694586136842 0
0.7502907396521815 0.0778233324763615 0
0.7577896740849381 0.09432140049863497 0
0.766399739705006 0.07807996956605572 0
0.7777954975417442 0.09741816273776341 0
19.34808770568053 -6.735257319664317 0
18.11242146984977 -8.467392729418059 0
15.99613525391026 -8.199586255152107 0
16.81698407193685 -10.15969893488471 0
18.98562403936052 -10.47433955216757 0
17.57961928021545 -12.26705366724109 0
19.85368133884291 -12.55131943515445 0
18.43303833620143 -14.36893127897873 0
16.13400911968131 -14.07128396627305 0
16.99850766866708 -16.1778590387945 0
14.70914412915189 -15.84064854990227 0
15.55523536672671 -17.99689758107112 0
13.27233894364929 -17.63999383441478 0
18.12834423167907 -18.65083976263637 0
5.395828218093921 0.2218746320649095 0
6.001377406147888 -0.3860764348135871 0
4.875695011608965 -1.274310226448614 0
0.994799152615965 0.3117142031218519 0
13.95415125210965 19.5220023468973 0
-13.11401984259007 20.17334588036618 0
0.802433245207743 0.06292888441969199 0
0.7880089233103018 0.04566706362717329 0
0.6313284657401932 0.08540040635543614 0
-0.4841725345016156 1.038985264812007 0
-0.890822529129932 0.9125308319744527 0
11.86824781817518 19.47069415850522 0
1.451874924200537 0.8486413511865682 0
2.027639802148147 0.4597082327091769 0
3.397155731155703 1.335962656150713 0
-15.31614495652466 -2.483499113984479 0
-0.110098830184532 -0.1774334855773664 0
-19.966437386312 10.03304519841753 0
-18.58938433593705 7.954559541563232 0
-21.08180037571457 11.79801031140539 0
0.7409441245212411 0.4149968851018849 0
0.6606421407174756 0.3843604754115891 0
1.113097000423167 -0.08147810110296289 0
0.7164362037058846 1.686022800266311 0
0.4100709502952697 0.1028211195130714 0
0.3792859879984024 0.8764039457487898 0
-1.494734232472501 -2.143915698344287 0
-1.677204050102624 -2.683093447295392 0
-2.097083453623571 -2.187218836719449 0
-1.239531203290825 -3.092608371138619 0
-2.281860718759751 -2.8824218240863 0
-2.76744834976326 -2.437376233935432 0
-2.618025724798533 -1.780036340566822 0
-3.233487315163573 -1.967268004735397 0
-3.073476918073879 -1.325839206749323 0
-3.692839603660959 -1.545117758570189 0
-3.52933995446515 -0.8570598595320575 0
-4.191537368815899 -1.083564723535161 0
-4.008838289359435 -0.3708974182841573 0
-3.370041908440419 -0.2238733934921713 0
-3.819611847375683 0.2403764450019815 0
-3.210960172358294 0.3811553594998165 0
-3.626789054650754 0.8258517179788214 0
-3.056411083604467 0.9611010609905716 0
-3.450745124815778 1.392024429764251 0
-2.895355282130737 1.520562457664498 0
-3.283907705815984 1.945292994540695 0
-3.837982477326039 1.813201556148091 0
-4.695565150684797 -0.5492820979251203 0
-4.901605251552014 -1.298863103858471 0
-2.676274028292811 0.5572827604173063 0
-2.933774500227091 -3.106348132180879 0
-2.427310836986512 -3.590213598746699 0
-2.469121212256284 -1.109403403083329 0
0.2510839760335814 0.1015142543759321 0
17.93234960586181 12.22571322744844 0
20.43262716178757 12.07597426940928 0
-0.7296926088912419 -0.1464243241093569 0
-0.8151725401045813 -0.3568022023582148 0
-20.32967300887115 13.81399575583139 0
0.104392877658576 -0.1155245057280466 0
0.8530608470538483 -1.737039668891675 0
0.9755716366891757 -11.53681667917772 0
0.09960639760685686 -10.29192830863511 0
1.699474133424134 -12.92676020294059 0
1.005620201242337 -0.03970528121883236 0
0.8379690775743672 0.05528293935053305 0
2.864906794350248 6.507565068897244 0
0.375697341298025 -0.1419732764956717 0
-2.162878360866449 3.841997792827884 0
-1.615629721368071 4.028767860968404 0
-2.724706780884611 3.679275198288425 0
-2.91617145455968 3.114844257931905 0
-3.307902672042654 3.61859347216512 0
13.96623103628664 -19.65804002269278 0
11.81513928002482 -19.23313466488236 0
0.9858546479273668 0.07229739821173201 0
-4.135645938667999 0.6847606222850676 0
-2.764441678827141 2.081473427550062 0
-2.384872058864392 1.694660608731637 0
0.7646445982344147 0.06373485094146153 0
0.7763767626226455 0.06681039765442295 0
0.2202735482245325 0.09751464925812267 0
0.2054900521262625 0.1050070075844408 0
0.7361965311343683 0.3329831034944928 0
21.24709626315326 -10.66195960507359 0
0.2649816355240527 0.1104994630586385 0
0.5517800090403329 -0.2370989521052759 0
0.6009957849940414 -0.282299643678592 0
0.5846919479644648 0.08985166081750257 0
-0.1726506404275108 0.4225899269039677 0
0.6611966345139522 -17.63406334348767 0
-0.2687204098980802 -19.30885845222008 0
1.376899988961605 -15.99897860457086 0
1.014766322558522 -4.561870779010826 0
-1.009906915069844 0.3634232834411985 0
0.5533910548971307 -0.05793064154717766 0
0.5729523491943258 -0.06026812582942269 0
0.5818215237439652 -0.07962330456465713 0
0.5917978840452858 -0.06272510612907348 0
0.8674912814032164 0.04932326513838629 0
0.8816666244260519 0.04791381643152163 0
0.461097437470004 0.1016799820699407 0
0.4771621588103437 0.1055648065147149 0
0.3493357286856673 -3.167135159867058 0
-15.13838109764244 16.68887129419924 0
-16.39620336470811 18.44119446728079 0
-17.41527996116698 16.35237517461785 0
-18.67993312819826 18.28940383586883 0
1.150879824724186 0.02841766600607192 0
-0.3244126404683993 -0.03789655178515662 0
14.47363482545856 -9.955240902424073 0
0.4119688476444932 0.4813711763903688 0
1.521933046289792 -1.034253856750692 0
1.852751387475502 -1.314136478615129 0
1.197476190977563 -1.11704728981561 0
1.174381584107751 1.467736169156312 0
0.6902901539029511 0.07457023048934858 0
0.5534227293281919 -2.082958387438004 0
0.3860223475534837 0.09830910482552482 0
-12.99256903736266 -20.76297056865959 0
0.568452847523101 0.4218576987840416 0
1.166205361074496 0.09826994985505835 0
0.0910531989818585 0.4771348965618377 0
-0.03423511716389613 0.4516732670671295 0
0.309495296829395 0.1031589611920453 0
0.3275260230140126 -0.3938301913810488 0
0.2465626599496713 -0.3325118891788899 0
-0.4432164455095092 0.117828974814132 0
-1.45524747897526 -4.993529091461067 0
-1.036542591067337 -4.194702000859349 0
19.87550113249179 8.471277718724483 0
18.61059558003937 6.888120285312008 0
-3.824100167245013 -3.536755138483102 0
-8.050619639806175 -4.209357658315742 0
-8.453116640525321 -5.565967607317505 0
6.248020835591447 0.4720529708804134 0
6.891712423998546 -0.09421592923514663 0
0.8415994818832495 6.682339593756526 0
0.1064423574009636 6.487441635820912 0
0.9400975745344355 0.2055466582430485 0
-0.6462824927577348 0.5741816088947117 0
-19.85880174184868 -7.865995941052947 0
-18.66270983772437 -9.686057777487962 0
-20.93220413814468 -9.85649328853397 0
-19.55896786030013 -11.7199737266525 0
-21.91627749489396 -11.88555109499379 0
2.504197343928198 2.8032846795166 0
-0.1832012964451174 -3.896339847263197 0
-2.557840060574183 -5.032386667882204 0
0.2745512158097003 0.2285517404309817 0
19.98356305126124 0.4008708897902976 0
-21.31135602810128 -2.464820892616764 0
3.493140782200125 5.224329358927966 0
0.1757537267257762 0.09014209395345067 0
0.1856933602720804 0.09542673942575214 0
0.1887911281036448 0.1092468707855825 0
0.486511035005551 0.1855132093523657 0
-20.41301836973892 -13.69531436770754 0
0.3784193620144635 0.1832857182788314 0
-3.687259325650213 2.399190396742613 0
3.393188018186522 1.931026409489316 0
2.809200033506382 1.908455576441314 0
2.36232140466696 2.24391210009159 0
1.965005903733371 2.595377797108128 0
-0.05417747304487168 -0.2274073381482774 0
-0.03909987819452654 -0.3074486925799781 0
0.0631866373401756 0.2119932356995949 0
0.6279838965226099 0.284630412541378 0
0.4408537165591317 0.09834995343420098 0
-2.538427723176949 1.111141501091984 0
-5.391654302752988 -0.7105876609326846 0
0.2351358995796945 -0.1240721194212937 0
0.2710887445002698 -0.102462870070179 0
0.5138487014147685 0.09269179025171954 0
0.5008401278194595 0.09606997204350462 0
-2.93307370335391 -0.6851985146286347 0
-2.760965932549721 -0.07390866810861922 0
-4.17501543510397 20.38021436587657 0
-1.864515988338731 20.5029297608352 0
-2.765252035791237 18.52988015202437 0
-0.9259201996437018 18.55229725599706 0
-1.779056274758 16.84489055003039 0
0.06399416742971706 16.82530429845465 0
1.137364076571725 18.70961945381118 0
1.973780632733538 16.72592259699393 0
3.090946469763838 18.25310794647173 0
0.9441012732968868 15.18109640316577 0
3.906309356304641 16.48469514701728 0
5.110352379962157 18.14082250042251 0
4.302412643203976 19.80526434268607 0
6.300048381735035 19.71817049682811 0
5.676605704777653 21.58578642800883 0
7.597475842047608 21.32494117933996 0
8.318039270738879 19.38324257790803 0
-0.1445689918110411 22.44796719443074 0
0.095386236603411 0.09355776712885956 0
0.1005011509620375 0.0789323766798595 0
0.1122635887893731 0.07703277031432663 0
0.8016305654573191 0.09869874021813824 0
1.07363171195762 0.25106818271905 0
8.771754342831457 -20.73235173973073 0
22.57696095838838 -12.91151835254575 0
0.2988217855031673 0.09557346494094178 0
0.9165869686686786 0.2679565791028442 0
0.8426986058188357 0.2341594998578732 0
9.7555277977435 4.84465834594429 0
8.836868074130622 5.956601600274769 0
10.06794205012737 3.509842871492986 0
12.31599486713542 -15.57707541621063 0
-17.65093801625735 20.4422085372231 0
7.932790530932685 7.453681127784714 0
2.283381830358923 -0.8807795008255828 0
2.614125699484299 4.289517434164489 0
11.65595229795195 3.371132649386387 0
10.67834937759073 2.327387844880288 0
1.068023061380731 -0.3295158787522445 0
-10.31432640959108 22.80604079621056 0
0.3388634586196624 0.1035204920524937 0
0.7184416579559343 0.07114503006902853 0
-2.091631485853974 4.497553395167283 0
-0.4134680202758663 0.8345858623296595 0
12.8734552016693 21.53534388705332 0
0.813405763425622 0.05424623741755761 0
-4.671305983221549 2.213670809811643 0
-5.011145165525015 1.516994966757109 0
0.1507884677217154 0.0860153443847963 0
-2.479330653065403 7.617170146159539 0
-20.44081956117281 6.257599651398746 0
0.4695319455959706 -0.1101294818572613 0
0.4329391101746272 -0.0960674300279887 0
1.137922083872553 -0.02939426953489895 0
0.4188069837198805 0.1675651812699695 0
-9.646234793745252 15.23100509269542 0
-10.34128711446301 13.51543607372724 0
-1.109700084155259 -0.2971412078706404 0
2.619453370097351 15.07671469363708 0
1.623223919842092 13.63221217493042 0
0.04634891907465988 13.74848905246534 0
0.689679905812157 12.38801432466327 0
-0.6470156596583353 12.42363548671851 0
-1.418032954347686 13.75391776202446 0
-0.03034838003412653 11.10151896149416 0
0.5335918483264089 0.08953523725499742 0
1.062781988760012 0.8381013475549526 0
3.393745917938216 7.335916809261269 0
0.2941581506570157 7.400496841932758 0
-3.539035402336965 4.354093973535393 0
-5.278316099971512 -22.80868186670726 0
-6.327759493538663 -20.70763008379458 0
-3.826376743323595 -20.84416316498692 0
-0.2191360514567571 -22.82952312124106 0
-1.548995589309604 7.621166557474518 0
-1.07565746874063 6.753508437511897 0
-0.9812465381930298 4.98553105960573 0
0.7745307127792512 -0.09762771649174889 0
0.8042907223221274 -0.06385928723629575 0
0.4775286795974863 1.005195353594504 0
-3.710641492880927 -2.723014833563099 0
0.3093043634250291 0.258285769430861 0
0.01367875370401232 0.09115486033425407 0
-17.36077241615961 -11.56471782518755 0
14.13405521253452 0.9063147274792072 0
13.17367396986985 -0.5001570076801161 0
12.6507748493137 1.052301825119716 0
0.4913568989422914 0.1550168545974461 0
2.31259346223713 7.269593694394533 0
3.220379068893921 0.7682061312986355 0
0.745866756975932 0.06444019236216147 0
0.8462477538102362 0.04387112606187411 0
-9.695836357709766 -8.402071577721713 0
-2.173735303222883 0.7639796445550507 0
-22.33916097330378 -4.264010433813459 0
-12.47690054733229 2.893517454215018 0
-7.122856398792234 -16.20505547216285 0
-5.769575017396299 -17.78516359829248 0
-8.518022790705544 13.73549354194804 0
-9.13666371284706 12.10520523478264 0
-7.905846932778456 10.94882679368456 0
-9.498439224352962 10.48024761402307 0
13.25527407376022 -23.0137532429661 0
-6.412070179619743 11.22473437407148 0
-6.833102982684849 9.889684460504055 0
-2.474958169521516 -0.5196458263779727 0
15.68920125229564 -2.639662254084925 0
14.45416527172128 -4.303816958557101 0
15.34702120332514 -6.206660014107721 0
14.18048885666465 -7.72082873250482 0
1.474836531661716 20.85527633644312 0
10.99665395657196 -17.23739166220898 0
-4.750686011611235 9.202951835250886 0
-5.892244682109217 9.025372824408537 0
-11.06597184138555 11.72845784116 0
-11.18909251673663 9.933244797741789 0
-13.64395864656683 -2.673601451308001 0
0.5643749451734758 -0.04785344682637389 0
13.66427878584432 -13.66629644711798 0
0.5714047816020141 0.1468192077860487 0
0.2397132289718638 0.09530534896738559 0
7.19900672143545 -4.51332619040504 0
7.547690105094197 -3.233700553910913 0
0.5972099421846214 0.08323636104172362 0
0.6084834664032674 0.07715266865573435 0
1.25111836617996 0.1402180928196683 0
22.76949669589616 5.314843257155617 0
22.78329141468612 2.80060814116628 0
20.65367778799333 3.949520763616417 0
22.88356396771427 -5.575937539308929 0
22.47474528475132 -2.858504570139371 0
22.74314211558035 10.65635139893024 0
22.78991134918441 13.12471341252719 0
-10.56267841591455 -14.77010053733591 0
5.169903496912518 -22.74840968562761 0
4.230416595250166 -20.3346378189003 0
0.5333586576027491 0.1373726480263655 0
8.29116230416971 -8.016697516762322 0
-0.7965785712195427 15.27631810000091 0
-2.558053542750412 14.98652183134386 0
-0.08635757257505862 0.04436826160580907 0
-0.1140231989380172 -0.007898695076885714 0
-0.06088761906529881 0.001537859446880897 0
-0.06595084814877217 -0.04657598792717073 0
-0.03301969687037091 -0.02154896789246188 0
-0.02821869805558277 0.006355009752322907 0
-0.00294007750234019 0.006886397238819892 0
-0.002611912369340105 0.002006874508672258 0
-0.001557924261414779 -0.004348913294745078 0
-0.04231314205936514 0.03349833872806211 0
-0.01739690164783344 0.02673036738370272 0
6.663807763140462 -11.63756649047176 0
5.319818968823544 -12.77381592278265 0
1.117630051602269 0.6511686900294997 0
1.141643998105391 0.1787568961397005 0
0.04636511185633883 4.022330557129267 0
-0.4846432510769429 3.832328127631075 0
-0.06237096123757273 3.461357506695115 0
15.33995532786836 -12.0300263754467 0
-8.391459191091901 -14.52952896436143 0
-8.808725399768505 -7.006174730442098 0
-7.320150019664124 -7.108936059724686 0
2.504132866055675 3.470479366250134 0
0.7174972186717646 -8.812173766048419 0
-18.18633459061728 -13.58893268458501 0
-18.90703756664122 -15.89533952689066 0
-15.15306031003625 -11.31835864181239 0
-7.144008854774227 -5.792159581394966 0
0.3544490605685285 0.1071648060458893 0
-5.645494497896631 18.83523332786475 0
0.6076585614661281 0.1341100158018682 0
0.6292872300450809 0.1522899894703818 0
0.644735564943878 0.07867101185828392 0
10.95699227513377 10.57815722296002 0
-11.8362813125509 4.399838229938256 0
-10.77803010901058 3.072273977616929 0
-9.28253176226475 3.617141432757461 0
-8.872562561459775 4.986232280155269 0
-8.052431895443434 4.037847005921089 0
-8.381967792214352 2.79275405912058 0
-9.454599778915416 2.312233790507356 0
-8.466369274633438 1.564895877406512 0
-6.821459052522672 4.380769416446753 0
-11.46055554197723 1.753110260284922 0
5.71174512624783 3.256416859298897 0
-8.23955746252938 9.50046061486823 0
7.122115602279475 17.9956435708619 0
9.044133099562623 17.31248958457445 0
18.5593200374996 -22.81811675667863 0
19.7324557150778 -20.52125227704987 0
22.55813757433876 -20.73347396610186 0
20.65992166174029 -18.54214997554742 0
-17.75677171373772 -0.8548722459906322 0
18.40841179052113 22.90524033536051 0
-15.71103724319681 -0.7376559624042696 0
0.2097650120730623 0.09180292224243158 0
0.5854111227599758 -0.04821930733440979 0
2.278888407548883 12.15005167767638 0
-2.458492347834994 -11.76103800058305 0
22.42751763334641 18.19337821136915 0
-6.491006872979278 5.51734382945067 0
-1.013399614368907 4.150407319868451 0
-22.74887313872215 -18.44551159987249 0
-20.51547535893338 -19.76901206988533 0
-20.73951806692407 -22.575053350532 0
-18.34118982710086 -21.06845625642863 0
-18.62662515832028 -18.49075407677482 0
-16.14522755799129 -19.69284981487397 0
0.3155767095730396 -14.27338339667904 0
-22.65740555812883 18.66589900656956 0
0.5373022955579838 -0.0527234326955975 0
0.5237855081931995 -0.06034251813965659 0
16.58801908618007 7.174336712910824 0
-13.86330697947465 14.84234839693728 0
7.785447454461675 -22.80621253441056 0
-0.1909902118668531 -1.606151694816807 0
-12.26505359910864 -0.2724618137083916 0
20.66599149324386 6.396213653654437 0
-22.64523807012115 2.552566280791074 0
12.10948792105412 8.924526717533171 0
-1.625872838562864 2.153536549995986 0
0.785896027341302 0.08095438562400241 0
0.7875884937645216 0.1196158194119767 0
9.281877444193995 -5.727861149796337 0
6.581162645948002 -1.192999541982646 0
6.499753421805893 -2.418688119774818 0
-4.2861755150729 15.24121128036814 0
0.8757150094856465 0.1015831754134603 0
-20.28633139850278 20.27375743390352 0
0.1755984919810596 0.148759151488307 0
-3.099836708555753 12.45268920410788 0
0.2360350611689264 0.2918559167293697 0
-16.48206454058154 8.514883564184942 0
0.7461033006765201 0.1101391796552585 0
0.7308819522692419 0.1279570658350088 0
0.2010528848854281 0.1188382983702019 0
0.4618399742938819 -1.604281866973817 0
5.022465897789882 -5.893104561854397 0
0.4154437281997019 -0.4488279268593708 0
12.73063108225486 4.527372885202002 0
-19.76880289894187 16.18528198126769 0
-8.563986934218519 -20.23141050986916 0
-7.306488623968125 3.079044863704738 0
-0.2698647132831196 -0.1445036358277249 0
0.4196871863781155 0.0949794937184739 0
-10.30097076283452 -22.85108879134917 0
0.006577987179840086 1.558859546970705 0
0.4717090943160801 0.09075620881999175 0
0.4869329532501297 0.09279675309362186 0
-1.897151628625504 -4.144378894076601 0
1.140947266324464 -0.1408611283247254 0
-0.6258046897438247 0.04145166583490294 0
-0.8581378231005251 0.0974879733228631 0
-5.172906400516132 -2.021993871459491 0
-4.372277599559544 -1.798605908771967 0
-1.267650118918509 1.87602519708199 0
0.7834290303566394 0.218001286159019 0
0.7477934034810749 0.2387148827731229 0
2.383160740834332 1.762397057416935 0
20.26998164797401 -8.569933388892903 0
-6.556574764083246 -8.414004203473514 0
-1.379192647606143 -21.0006654011227 0
-7.640810328541794 -3.100408091042824 0
7.56922127087882 11.32822960140263 0
8.25011708652829 10.0058780853781 0
-18.58046448828917 22.74791050055566 0
-3.119311407015673 2.522103968549497 0
-2.54443454417087 2.63309861017505 0
0.2639095100304758 0.09698488499056634 0
-4.010904721784205 3.561050244454569 0
0.5971346409606834 -0.1025322082617035 0
1.268389422815281 1.005860252320426 0
-3.547217690604652 3.008646024649068 0
0.3533398854861093 0.2048717246876929 0
0.5990019283064141 -0.04780288468543615 0
0.6168655899683366 -0.03487147587882351 0
0.6089222533341236 -0.06055404414883851 0
19.28685403910319 -16.52888232401235 0
16.12672008779361 19.49366982258362 0
-0.01846468511220673 -0.009385946180344714 0
-0.0129783567397938 -0.03333920381740328 0
16.00207500925384 -20.24738365055885 0
-9.789464495817805 -5.757282108580418 0
0.4747656379380351 0.1379892189520739 0
2.008141809248309 -19.51408658220313 0
0.4933152479791159 0.1074424132948595 0
0.7350197872894071 0.05366333143312117 0
0.4569087719218656 0.19106336548921 0
-13.15606412565222 22.3663453858836 0
0.5563059794698378 0.07513931472973009 0
0.5522594837078588 0.08429337089505431 0
0.5423025064295157 0.08422015382034244 0
0.2684425700448973 0.1268391470431746 0
0.539850769487313 0.07509698114257357 0
0.7193650424248782 0.0557515440339567 0
0.1334045163568083 0.06968076295958124 0
0.1354224750905352 0.07830058502632864 0
0.1273174129478133 0.07517016106148078 0
20.95590025236091 23.04847362529416 0
12.00763158832104 -1.688892867128521 0
0.4912215023810383 3.628009798602135 0
-22.82173974554794 21.03837675059106 0
-0.6493036427018191 2.815824401003855 0
-11.0055283722158 20.46919323954579 0
-1.275301902668264 3.572659976539352 0
-22.58621219956378 10.28431921701189 0
0.1472134608814656 0.07167711978285929 0
0.8904532624505457 0.06172234046270271 0
0.897107205570133 0.04858585939425743 0
0.8911494252089425 0.03686115927930021 0
0.9029718666438395 0.03601438975838137 0
0.9107753843909909 0.04663828586123487 0
0.9155546361141021 0.03695547139150029 0
0.6038913166689234 -0.0775079609558694 0
-3.216074698393678 6.55689435667825 0
11.23809169160465 -13.69884114624994 0
2.200164132653229 4.957138956236922 0
3.206659071625332 13.70389041162597 0
2.089366905144157 10.85296765961989 0
0.7746135691311531 -0.2263936010575707 0
0.72972703744554 -0.2789389219442671 0
0.8042464197679102 -0.2964907455346489 0
0.8397793295937243 -0.2336384268078032 0
0.8998938848193071 -0.2838179187250482 0
-16.74902189583933 -15.3952493381174 0
0.1604396491802424 0.08212442910840156 0
-6.073874353544356 -13.50540803867731 0
-20.21295685158424 -0.6931765936118923 0
8.587239701804714 15.45518400697674 0
8.889025028004022 -16.95155674256086 0
0.9458415222715996 0.01595785478145164 0
0.9498350913751779 0.02124610792285393 0
0.941672810839942 0.02249829919335342 0
0.9477080758972882 0.02917404933790287 0
0.9571391184824604 0.02584388295744844 0
0.9542363379614052 0.03727903051972806 0
0.9654633358840904 0.03415699586028793 0
0.938596049603351 0.03185738566840073 0
0.9622911796407727 0.0473080403285938 0
0.967593197700601 0.02277420962932417 0
0.9765850202688715 0.03053636658283122 0
0.9786392040283038 0.01918494163782049 0
0.987537982015386 0.02712666578819685 0
0.9859215921750412 0.03901554608570649 0
0.9885772781580151 0.01640472490805259 0
0.9980684528444739 0.0236022763173555 0
0.9979717185461282 0.01379776808438166 0
1.008687396678061 0.0179857668681646 0
1.00491979873095 0.008719457809611423 0
1.025481733783587 0.02196217547959189 0
20.6595982782363 -5.047412560889096 0
0.9009990416400173 0.09054799615190838 0
-1.981317747811016 -1.096860862818434 0
0.9917928797083864 0.009853823222096807 0
15.93088911338641 12.26045818879937 0
0.9350514271261264 0.01854668170498446 0
4.680067327220467 -9.826349446001704 0
-4.543814581752216 0.2373698248703707 0
0.9403294387215613 0.01685645214336412 0
10.97005928838552 -0.7788592483158157 0
0.1269897180633041 0.0680246998859077 0
0.1892090788068108 0.2687691881657568 0
-13.94713471297084 -9.96039887898981 0
0.04888282255431143 0.0459066547211894 0
0.04922495858220381 0.05298328564334022 0
0.05756252132558831 0.05530271930579265 0
0.05018068133404294 0.06110969753423325 0
0.04047041783266225 0.05660991616451305 0
0.04278559862367851 0.06959641122106415 0
0.0293748780336823 0.06454284456858975 0
0.02875084054894659 0.05031143220675167 0
0.0292263074510341 0.03627199119233118 0
0.01627296632478665 0.0587370245502383 0
0.01610838419412926 0.04423917554164074 0
0.003716123092054553 0.05044959513277791 0
0.005357121432741011 0.03660752919122684 0
0.06471289509131638 0.05203817238407051 0
0.0652501406141717 0.05890722303870214 0
0.07364547705849675 0.06126570470658837 0
1.514271517096541 -7.779355290501995 0
-22.87878432901296 5.449669929350685 0
0.7114995196666775 0.05692312846398217 0
0.7087379776837925 0.06570326379397023 0
0.6984339358893015 0.06660676018010306 0
0.5142577694610142 0.08082117771722391 0
0.1753766039969629 0.07634962440336887 0
-21.20137607703394 -6.063533145291546 0
0.08796974866969338 0.05964395443483071 0
0.08996646503404111 0.06687951202501236 0
0.09884463197819332 0.06827514879986966 0
0.5315968533154254 0.07844172565730007 0
-3.509575173364297 -10.62676396835672 0
0.1137337528112275 0.06681495602903441 0
0.27576317167606 0.1017906846272456 0
-18.14361805731266 6.058263131577596 0
0.02465304293667305 0.03468581193286989 0
-17.8352143727532 14.13250079246418 0
0.9230989750142339 0.02145853109286575 0
0.9267337719600843 0.02623803565159194 0
-6.952406568473976 -12.27576916069141 0
13.79036488087091 -2.07049034994201 0
0.1903984243647169 0.07799540710770571 0
0.1857405686593032 0.08515443358761018 0
0.1947763993185019 0.08643627519808814 0
0.1010767389558717 0.0612452062484338 0
0.6118451136681831 -0.04675141385373765 0
0.6276927894459678 -0.05500285200574862 0
-22.75759691326118 13.12928325611459 0
-1.343214035553099 11.22540902250365 0
-15.25766517344163 20.37781125700849 0
0.2434259500686058 0.08362242083085686 0
-5.36671173442507 5.779152431754244 0
0.1614479975241004 0.07367929756403671 0
19.07930779923041 2.198720549658935 0
0.1977933593731492 0.07885486324202401 0
0.0597683121878033 0.04927010310533275 0
-4.022751501759231 1.228331964183848 0
0.07657853409891217 0.05479701323568614 0
0.08196757481776501 0.06511572644026623 0
0.08518950052531053 0.07472625594351168 0
0.07235776532795092 0.07420267533624202 0
7.906281209544201 -9.378471304415109 0
0.2279533806127047 0.08203315189836971 0
-1.710767225961296 1.39265579665389 0
-2.10176624661689 1.293987597624448 0
0.2116011934984152 0.08194145971570643 0
0.3638547513593428 0.08645866427219263 0
0.3600119906238939 0.09571712618858069 0
5.292528250099904 15.37539177014379 0
20.85233493185158 -1.380222488465586 0
-15.94299197856431 -7.399341770936691 0
3.426369332560859 -12.97581046762028 0
0.2591926369977847 0.08543403908605532 0
0.2656464505079459 -0.04871172554797853 0
0.2697159192895535 -0.0573910132279788 0
0.289025093405009 -0.04830687733898217 0
0.2579979316624357 -0.05651114578644204 0
0.2644114633342288 -0.06803174220004303 0
0.2504665608124806 -0.06823006622485922 0
0.2777974990661395 -0.06719924642215941 0
0.2580785570459367 -0.08280883775785459 0
0.2413169886591986 -0.0817051040728409 0
0.2353959445172952 -0.06798652426508678 0
0.2193985633171203 -0.04891688655790397 0
0.2244899901982619 -0.08012927745801496 0
0.219978037154225 -0.06512575621174305 0
0.2085364462661672 -0.07678074089821274 0
0.2046023183488146 -0.06404924849736426 0
0.1928036191183073 -0.07184485972411594 0
0.2098227952918521 -0.09270937908022003 0
0.2495548637957956 -0.1022413427082248 0
-4.162733983719013 -16.41803838632776 0
20.72027568817191 -14.66647130680935 0
0.3282182842407509 0.09758751939479379 0
0.3473155736411531 0.09404686884310177 0
0.905102657317749 0.02558262350180182 0
0.758125284349898 0.05033404149766477 0
-15.38552448273168 7.131704258697135 0
1.594981602327876 0.5570151659973681 0
0.4381601951838088 0.08387131725468883 0
0.2812003964259732 -0.0487722458899283 0
0.2854742488197249 -0.05750582449112521 0
0.2915045390811729 -0.0689875390230702 0
0.2970122358264089 -0.05636701729576726 0
0.3063097487615083 -0.06758349064734681 0
0.3009829743109886 -0.08364817514143522 0
0.3177491848345272 -0.07948307795780848 0
0.3196850837920366 -0.06378962948244109 0
0.3345753442631382 -0.07238947734750936 0
0.3300827702795066 -0.09508868719169433 0
0.3500215561579335 -0.08822713065619586 0
0.353463861203243 -0.06704005586149357 0
0.370033187442648 -0.07962283477066731 0
0.3682906654530282 -0.09821594906485266 0
0.3889181843639422 -0.09140655074242462 0
0.3899147165128073 -0.06925789668248605 0
0.4065251433054859 -0.08006438475824704 0
0.407373681806016 -0.06236556099687776 0
0.4227025624783913 -0.06954090244081086 0
0.3399938114460105 -0.05883350915569942 0
0.3722131693558751 -0.06375210792659958 0
0.2846971283881 -0.08435063193207516 0
0.2959048912236567 -0.108115283538454 0
0.4117428647384465 -0.1044369667355122 0
0.3871368421797402 -0.116733240929099 0
0.3485309153525613 -0.1150542607222798 0
-2.105119815130335 -1.582157710491869 0
0.9174181055238437 0.02148745155253588 0
-0.3655211249081565 1.468704734029165 0
0.581307766382144 0.07259494957583898 0
4.757545918592339 5.015586621458672 0
0.7426384139285382 0.05283563016895942 0
0.1394584300470298 0.08703900930150101 0
0.5646747542093122 0.07448863262348301 0
0.569013531051981 0.08247688342266271 0
0.2747417969502149 0.08511849074594544 0
0.1406981139635427 0.1438874215815249 0
0.695821758358534 0.05780312330748524 0
12.12992895940764 15.69224088845568 0
1.472881019779889 2.533447248556372 0
1.660843673804274 2.948074496979772 0
-0.1331608887223536 -0.2696760868431786 0
-0.1237451724616966 -0.3904646053989836 0
-0.1320768992693515 -0.5426218249383443 0
0.6881092404255038 0.06168812553975461 0
0.3313202934716596 0.08687289553503473 0
0.8595819243476358 0.03322160397037502 0
0.4556540526221519 0.08295339337385235 0
0.4512388848224909 0.09264556875348331 0
-17.0568386812708 4.194602365593612 0
0.6140324446206997 0.06939322499879447 0
1.483155582042044 4.886728138679062 0
4.374899975149733 3.485293716283473 0
-11.53905348361598 -5.333883026075074 0
0.6065869399654502 0.06882351093810302 0
-0.06105419010077081 0.2762074633541586 0
-0.1557238541798294 -0.112686638186342 0
0.663492196207016 0.06325901938212018 0
0.6617786952306703 0.07307140245239623 0
0.6712683237204475 0.07157781527193109 0
3.86931646016328 -5.120232725082325 0
-0.07219852590222625 5.739842668829533 0
0.3841894258772288 -0.05399946042645011 0
0.8454118052791568 0.03511445381345085 0
0.6472365238575298 0.06520798630597335 0
0.8988580975222776 0.02712694950137757 0
1.000509449356251 0.003564572396749761 0
0.9924253026866159 0.004813468569690936 0
0.988546212539092 0.006318330344989396 0
0.7321306742534704 0.06031955713456865 0
0.480188274242188 0.08231022848707209 0
0.7657925963596035 0.04923067249596059 0
0.7707752474703102 0.05637840015844303 0
0.7815649338910512 0.0552477825138316 0
7.424861638550122 8.963843804608885 0
0.498576989305447 0.07996315272303041 0
17.4211306407611 5.470035809084963 0
0.5903482650913023 0.07270582099366756 0
0.6715695724077171 0.06219313138317154 0
-9.984839464336972 -12.95183571414917 0
0.8103354426952187 0.04175611769954737 0
0.8271546715512038 0.04796629104741647 0
0.7805120369599131 0.04577716767384921 0
0.7926360062983675 0.05491091192464714 0
0.2303454154803843 0.09227583746440361 0
0.8393329385137964 0.03737175398966869 0
0.3806525996341367 0.08708446835997433 0
0.3887502062130936 0.08558270275444797 0
0.03344018111030489 0.04058939696299978 0
20.79997486745701 14.41770170985802 0
7.759065098936181 5.042238814956256 0
0.3045858223099033 -0.04811627472072472 0
-5.908998534528391 4.111488062345063 0
-0.02728734498041762 9.970943866956283 0
0.3200392327275596 -0.05032478988367063 0
0.2579312633388163 -0.04873382513535648 0
0.2913439487051198 0.08638579905291616 0
0.298832922380483 0.08524031253234632 0
-16.55763400307551 -9.502063617437379 0
0.947724867853022 0.05027651940956603 0
0.296836506369957 -0.04740107355317132 0
0.007151904245877186 0.2160588908922543 0
0.4719856248704035 0.08077904090012628 0
12.82499637492348 -10.70001249178569 0
0.7875823666478421 0.2760066872135204 0
0.4220955869229531 0.08432114284247827 0
0.8108084991986291 -0.01907122884645944 0
0.7956154886697552 -0.02115333516532688 0
0.8118130294448094 -0.02722605962153796 0
0.8246246245736022 -0.02637308074798812 0
0.8200343013748557 -0.03772311123860896 0
0.8340865549995238 -0.03571671805104959 0
0.8072040191795292 -0.03900148853432851 0
0.8312468059640812 -0.05059943364463595 0
6.749234492913956 6.962566867300689 0
-5.136417413661555 -0.066217401426479 0
0.4593867359140796 -0.04260756754793737 0
0.4543931501679964 -0.05257262270861807 0
0.4680380627029579 -0.05061172574273138 0
0.4620537916100394 -0.0634427551235639 0
0.4771923611173557 -0.06245222707508646 0
0.4476950888489347 -0.06394531499622436 0
0.4703077560484316 -0.08075561089912806 0
0.5249772481226271 -0.298606191964821 0
0.6675914820593039 -0.3425540822895497 0
-2.013392022374204 10.23748875974277 0
6.235546494589898 2.381490145774509 0
5.743987393289068 1.721789683153335 0
-5.227362004223761 -6.324956932678958 0
0.467600614698584 -0.04102599532644494 0
0.8585420616039419 0.04298785011784162 0
2.934923413542901 10.08747228273291 0
-0.01823389183394132 0.05264809961606105 0
-0.003893535459104323 0.02903069252433819 0
-0.05051129002352101 0.0741055654306607 0
0.3360657089697961 -0.04833209548626015 0
4.808883717643873 0.6193610339693689 0
-20.7409817165584 -17.39178601704172 0
0.4419742009571428 -0.04233025186148986 0
0.4416168432496338 -0.05173621676210064 0
0.4278096604398209 -0.05289945129192782 0
0.1691292177526029 -0.0478566328595159 0
0.172515327066123 -0.05586812678270722 0
0.1620080801640262 -0.05522822456549966 0
0.1671032767826564 -0.06679758924307584 0
0.1530166883652055 -0.06506979437915655 0
0.1597178553430937 -0.0800786683790061 0
0.1428971724788912 -0.07845431942085725 0
0.136150539534025 -0.06462492131414052 0
0.1258191521948994 -0.07652520937497112 0
0.1366559161338163 -0.09485442121558392 0
0.1192492326753039 -0.0609527963440578 0
0.1092345185302906 -0.07341356592399552 0
0.1036017533722247 -0.05950655236019774 0
0.09364843805710855 -0.07074021713061758 0
0.1017135212655308 -0.04261522057068552 0
0.09717088824077905 -0.08945855351226008 0
0.08971280835113613 -0.05626529406397821 0
0.07898397152809736 -0.06665539133401402 0
0.07621427721189034 -0.05461336170615575 0
0.06514897990683285 -0.06237576072074325 0
0.0603597625636999 -0.03779943602090827 0
0.1821834932427007 -0.05467235564384905 0
0.06464956662534198 -0.05007427431374287 0
0.05298545257038027 -0.0566113321813102 0
0.1775700575677721 -0.08023534060980661 0
0.05509056037059024 -0.04473940568432247 0
0.04468058729488442 -0.04798178546249303 0
0.03947821244182202 -0.03237055143263683 0
0.04501141633137785 -0.03415824313326454 0
0.04036262703861766 -0.03945454485591132 0
0.0321384982399678 -0.04515296188357633 0
0.03389045056345276 -0.03549438815436987 0
0.02471636989252094 -0.03558607065224936 0
0.02099439733391145 -0.04491312789244967 0
0.01385562559093192 -0.03543909158150532 0
0.01077418726671003 -0.01892800627195089 0
0.006034083817170414 -0.04991180744568186 0
0.02420777982129974 -0.0287685785444389 0
0.01371169453547998 -0.02058724794930181 0
0.009303606108729098 -0.02420627226812419 0
0.1208890215222779 -0.0439513394650388 0
0.4759483369642286 -0.04180701519151908 0
0.4899065089266093 -0.07473405563696466 0
0.4923534342302194 -0.05822629451297376 0
0.4088018575004561 -0.04814958171929901 0
0.4265876855187264 -0.04302944502832309 0
-17.00808706836877 -2.480202474682885 0
0.05249794732991217 -0.07125600678231329 0
0.4916202381343348 -0.03968027769517195 0
0.3446175238823451 -0.04846301788135869 0
0.2426263545166457 -0.04882749309125829 0
0.1830107159821219 -0.04720234667330019 0
0.1927676177546394 -0.0587694032950037 0
0.2124778035883559 -0.05523242009357238 0
0.07746976732751611 -0.03928663003570632 0
-8.424265367542251 -0.3437806601677574 0
0.2272749717271846 -0.04902811467818178 0
0.5589121305718572 -0.03807025419950845 0
0.8032533928663 -0.02068419143504548 0
0.800150918280873 -0.02952099953557381 0
0.7906565243413397 -0.04003473777747558 0
0.7859428606163259 -0.0593743696825361 0
0.772442925216994 -0.04172548515815269 0
0.7640749581522928 -0.05881500829131781 0
0.7554105486765643 -0.04376844642784797 0
0.7444346105023379 -0.05906852790339079 0
0.7894134776841505 -0.0290060059670631 0
0.7391107960188391 -0.04322492132040265 0
0.7193287149085521 -0.02820468493627822 0
0.7253349724555768 -0.05569361767286331 0
0.7524219988359515 -0.08136371399913012 0
0.7080130104115143 -0.06431173445056623 0
0.7112346990122762 -0.0468868767410837 0
0.7244850735273437 -0.03940685413004096 0
0.7488021223693626 -0.03237339842767535 0
0.06635544437934432 -0.03839326387749036 0
0.8523151094600379 -0.01676496953568574 0
0.8564657442910004 -0.02459604066031114 0
0.866943381456325 -0.02305106261728984 0
0.8623065542438351 -0.03404692387126404 0
0.8752560391762223 -0.03312767719733804 0
0.8671140860488344 -0.04752739599469948 0
0.8842965284188571 -0.04708378230854077 0
0.8879541046931126 -0.03048954705759742 0
0.9015969453747341 -0.03999852853650969 0
0.9192343625391627 -0.05521215526872228 0
0.9229767312934426 -0.03539758459458357 0
0.9505586552560197 -0.008325951297420572 0
0.9397221278906868 -0.009569253066521358 0
0.917136387813126 -0.01194032698315781 0
0.9095715613880323 -0.026919301416671 0
0.8491919278621459 -0.03358916076716124 0
0.9389155543951839 -0.04906415670648576 0
0.9417429710144014 -0.02888633691961077 0
0.9589438682820567 -0.04358922673693169 0
0.9579576285282111 -0.02359261002961143 0
0.9724492950610114 -0.03324566547122632 0
0.9711765667199455 -0.01951235409068812 0
0.9801491669182558 -0.00562227430376927 0
0.9300641672641278 -0.02319853144128246 0
0.8990687143883795 -0.02251848745549486 0
0.9467581161621104 -0.0191791168398064 0
0.988074636833723 -0.0235913557643943 0
0.9340357658718077 -0.01015037133620767 0
0.9381345533329327 -0.01715755590626612 0
0.9232749743924284 -0.01661708099001338 0
0.9562127785150552 -0.00823586666139392 0
0.8860073641769216 -0.02050927514068186 0
0.5419017393679662 -0.04038044868942388 0
0.5257015185036477 -0.0475063192823303 0
0.5471248464047609 -0.04804628229485575 0
0.3616529642474123 -0.05441938363726512 0
-10.77104555275876 -2.462180115691598 0
-11.29710746888643 -3.568581994783568 0
0.3610520903060125 -0.04571001433551074 0
0.08388006867924808 -0.04095058263516031 0
0.1978654081034444 -0.04852808040557028 0
0.3973119314964208 -0.5799629490660074 0
0.6646288475633362 -0.03049564774930627 0
0.6612149075046746 -0.03964158859024292 0
0.6492151241791826 -0.0396832645113714 0
0.6716050772655692 -0.03963538391462829 0
0.6681042210414546 -0.05104571993693333 0
0.6804676693256636 -0.04622848937631342 0
9.789378717399392 -18.9302308407924 0
0.6080088908294207 -0.0347510205965498 0
0.5917263971499913 -0.03734690619282611 0
0.7659236380893553 -0.02369919940113938 0
0.7883082275155271 -0.02061714091823076 0
0.1085667694220706 -0.04387667759091081 0
-6.546952243505935 2.686775296566658 0
0.6485074276621078 -0.03040662456170016 0
0.03513256996399002 -0.03051757447492012 0
-0.5212149072412298 -9.113438597636613 0
-1.692912310172971 -8.646391648735896 0
-1.387654656116411 -9.897629823795054 0
0.5820633913477931 -0.03744939428542096 0
0.3772725537697906 -0.04598630057000496 0
0.3850071141657662 -0.0444869237776209 0
0.824313107159981 -0.01799200029534961 0
0.6404870693309882 -0.03210667683020935 0
0.636676651112985 -0.0422116727641262 0
0.6253193291547803 -0.04127443445639117 0
0.6458070451490042 -0.0536075503090476 0
0.9445792753502318 -0.00806079711945685 0
3.579364924001956 -2.457640742059367 0
4.360592740578975 -2.148022168406727 0
0.7501732950064549 -0.02341302553901421 0
0.6964283465033765 -0.02831491780602278 0
0.7009698500628301 -0.03678685282618583 0
0.7120366884877727 -0.03504309904714888 0
0.6898660991419953 -0.03728594253084145 0
0.4056235145917664 0.08533466758254507 0
-1.938306129326293 0.3640719579108649 0
0.5479150269511024 0.1537149462851063 0
0.6243199724162707 -0.03292047714851846 0
0.05430173006930628 -0.03687662413597011 0
0.3148036343857267 0.08622933012569159 0
0.7734316996568587 -0.02320292577260018 0
0.2859624554374832 0.09515722331105728 0
0.7426458153981428 -0.02509504961580306 0
-0.6946463392576034 -2.912071476873415 0
-0.2918644956340667 -3.256030040907474 0
1.022241871543977 -0.01823243600461665 0
5.836879924734819 9.135290119350364 0
0.7222509164215456 -1.353057433695443 0
0.4009042269665581 -0.04481330438802181 0
0.6885242339954465 -0.02886155130546396 0
0.795640206243394 0.0452043359802142 0
0.8007025802557498 0.0517092549493298 0
0.7120509600640013 -0.02700170034342639 0
-6.979526285850477 -3.930654163487822 0
0.3991373607219991 0.09326339901058271 0
-2.682005539260217 -7.978562065274315 0
0.1621797838232951 -0.04664514708922588 0
-0.6366032085959299 0.8862397832285788 0
0.6308819315302505 0.06713928986722252 0
-20.69410152237963 8.171258196780297 0
-7.462333694808838 1.331856041515607 0
0.7618450462749996 -0.03253714364357523 0
-0.009500733937312593 -0.01954544414680714 0
0.6726233870620891 -0.02995149318419041 0
0.6481537057041006 0.1370467699444549 0
0.9105072722498956 -0.01259918140363351 0
0.5256561368131166 -0.03917547622041648 0
11.0861218150824 17.42651173563218 0
0.06173625311499186 -0.3236099806701332 0
-0.01500204473359154 0.01231581256883076 0
-0.01403177830724766 0.0006234872932040376 0
-0.007709082002592448 0.01889028307431407 0
0.004451990339238732 0.02729969273712636 0
-0.007147807840158785 0.003062739301352349 0
-0.006108189358922329 -0.002284374817520601 0
-0.007409140485548557 -0.01062816284138868 0
0.0002924268311394248 -0.02210246073143453 0
0.003134960587745864 -0.03273147902005455 0
0.8382595243282347 -0.018716119159675 0
0.8421325055630339 -0.0256964214430121 0
0.3595130370437544 2.669462270205604 0
-8.988609940997888 0.6221760237856439 0
0.8986028383090638 -0.01325247252769456 0
0.3313718030436909 0.1847124097971659 0
0.5676067066338275 -0.03783617385778063 0
-0.8101609419498521 0.4885650531979051 0
0.01373471733693264 0.03417531359082834 0
-0.5862696814106223 6.201155265807577 0
-0.8687317288324798 -11.40437798524042 0
0.8857069986553437 0.02931658580672781 0
0.8807265698408459 0.03614825235193798 0
0.8795748951065372 0.02940691029293506 0
-0.08820234840473126 0.3644760066359646 0
0.6435889828227057 -3.861920737008767 0
0.1340814235393941 -0.04518842897136574 0
0.1414480855353682 -0.04643939738783098 0
0.9526034511974617 -0.01440109446320773 0
0.9612099354424417 -0.01303063026424273 0
-5.149849824429574 8.249004758513955 0
0.9665529452233372 0.01152441249764393 0
0.9709393031027005 0.0155733837495134 0
0.8115945311760404 0.3438589412973968 0
-0.2074955456008443 0.7955838321845632 0
-0.3001933968653243 0.6191804290666968 0
1.662577473313295 2.198393935544793 0
0.7275103616281959 -0.02755429924357814 0
-13.15789473689246 -23.10216862997473 0
-1.817678402155007 -3.337495268666188 0
2.206350558829855 -0.5142944564066299 0
0.03983902737955326 -0.06133111234711561 0
0.6944064230211382 -0.05104694099530061 0
0.5097735711500654 0.1394495804013422 0
-0.3890283832653196 2.486135267604328 0
-0.1303531229142559 2.906733812130194 0
0.9564655736767034 0.01385083103737064 0
0.9603845224185832 0.01836692320653763 0
0.509481691031756 -0.04094017243299398 0
0.5024279146845423 -0.05030046690813354 0
0.5071507668761333 -0.06405988712129553 0
0.8247339855674019 0.03931306948386051 0
2.343342108705664 1.396729773380508 0
7.018804182815647 0.7796459130988054 0
0.2446679398955818 -0.05790938726670003 0
0.1438962119303451 -0.05555142490277377 0
8.635648776521867 3.188341152651026 0
0.8328721534994533 -0.4520726155483142 0
0.6227829724326261 0.766151697840265 0
2.136287157052004 3.926665253643352 0
0.790248394665035 0.06753769490252712 0
2.834642742397222 0.8816098730802889 0
0.9750167495820006 -0.006325106872506068 0
0.9796954692232314 -0.01293030143392716 0
0.9711391371769127 -0.01139999628157163 0
0.9880619531396285 -0.01397865807795331 0
0.9955106923038437 -0.00341651654316566 0
0.9705400261795911 -0.005899949901086246 0
20.85153593622778 19.72398268228017 0
-0.640941412621691 5.562053224155354 0
-14.1789593189517 -18.97754454984214 0
0.4163982923759312 0.3919226636380277 0
0.4825307887656174 0.4303738251189598 0
0.3184505232815394 0.09619217571868352 0
1.202271061329354 11.33242373175517 0
9.906660550552289 1.325681012786051 0
0.3974440583494201 -0.05398574515605221 0
-0.1370903781894301 1.331170949983745 0
-23.11389348250997 -10.1378825608664 0
-1.721193098316625 6.375868729339674 0
1.727732367883809 -3.296157069194016 0
0.2507984847770851 0.2061479489602296 0
-11.21111987820589 8.485946387353106 0
3.817310133143982 -0.6740441026278795 0
4.114212544994702 -1.264161647064441 0
0.3762223221240426 0.09489047312296141 0
1.679180852220432 0.8939981306112801 0
1.773697625630438 0.4426880272172258 0
-1.330333404655346 -1.675435127471966 0
0.6196884554501556 0.07779118390136423 0
0.4833805534181665 0.1200172707905381 0
0.1731467542243669 0.1172720151086779 0
0.05949286078603479 0.0632399496455449 0
0.1551490828323343 -0.04717377167152365 0
0.1104190929122969 -0.05174520003040351 0
0.03387208361662331 -0.07929202208789037 0
6.569741626794375 -5.780479996289921 0
-2.331861199453425 0.251299178884557 0
0.04373737108714379 0.04400190535698145 0
0.03842470598568559 0.04704919136311107 0
5.614378446243372 -1.061774801591254 0
3.125402288234605 -16.07305816866688 0
0.7079279891997858 0.2285366377435582 0
0.1310884370833542 -0.05314704088346567 0
-0.2999112972353978 0.4737674331264515 0
0.5239012390003455 0.3171541737211192 0
0.5958001301215252 0.2504884442426045 0
0.5935942319198415 0.339911948030708 0
0.4805448418523797 -0.05062631290084013 0
0.3506600440346813 -0.05527497645207619 0
0.9144268303346413 -0.01896104560517588 0
0.1332377961602619 -1.41949092049269 0
17.13528527874328 13.95062801145985 0
0.7794912717369776 -0.03099489956638523 0
-1.813702380862837 0.6856716468183746 0
-5.815889891613197 -5.495309789568346 0
0.8668484373342736 0.03098963890726905 0
0.844083704677297 -0.044886333451581 0
0.8734806410131847 -0.06954900751413329 0
0.2741116473661269 -0.2572845548081367 0
0.2550260337889257 0.7916125981263649 0
1.053868432008032 1.045234786522929 0
0.9867900714752958 0.6913839210168565 0
3.987849915614447 12.42274710690529 0
-2.036304731191009 1.993450033549509 0
0.6778340490371157 0.3154698163372691 0
0.9824371757975924 0.01334482791587859 0
1.220510302415376 -0.1984808874129437 0
1.208942782511894 -0.3143821494180251 0
-1.921016246843634 12.43194302850608 0
0.01723557323913615 0.02896498357504182 0
0.5149834208407765 -0.2057615626079634 0
-1.642112780209236 1.755845849834062 0
1.20200829573608 -0.02197457129781421 0
2.14996323771347 -1.2211762931293 0
0.4170078885248685 -0.05550663677420426 0
0.9608381230813511 -0.007419726445382519 0
0.9850682934394666 -0.06000397147207229 0
0.9234825860892624 0.04486257015635173 0
0.9972874200398013 0.007367661539098143 0
8.002875877405973 -5.511061269080074 0
1.311764262531118 0.2061036100000755 0
5.623996228658307 0.9546236276792911 0
-8.390212135544038 8.307749494744987 0
1.549311787824767 6.742188000400585 0
-1.469371525908282 4.580279531468311 0
0.254490992617108 0.09195553905027763 0
0.5732250686844875 0.09359517320880756 0
0.922511643759782 -0.01069906245886986 0
0.2305955862272489 -2.418918575009841 0
0.9938101824374723 0.2361769072326366 0
1.861375267147233 -1.712390482066626 0
0.3093364608589866 -0.05612824324848541 0
22.8561053585269 -18.03091878092099 0
0.2525026339623708 1.395628014685265 0
0.4739636956910407 1.328517630828794 0
20.8334773996237 10.15682327913736 0
0.8887636164376568 1.42351009371802 0
0.9053121420603956 0.0602201057846332 0
-2.651305960259302 -4.18270457718027 0
-5.608814084256897 -1.440001938108505 0
0.1065368734618496 0.07095521913315579 0
1.016013481016098 0.008707518936368331 0
1.014325981010342 -0.004632178115738166 0
1.005308563214594 -0.01763095236131755 0
-0.001917291720615818 -0.001424895061559694 0
0.6820033333100772 -0.1795877863260659 0
0.08431992461392764 -0.0478883288750425 0
0.02525353432697737 0.04053319451598593 0
-18.3948555796669 -23.25034205437214 0
9.506926850112349 21.07422949659121 0
-23.27200597964074 -2.46519280250392 0
0.2281002704335418 -0.09984019167344289 0
-3.463307497375698 16.71002278249748 0
0.4361456656172661 -0.06291838361517108 0
0.5219508897259284 -0.08010287127278859 0
0.5211453555255118 -21.01518472851376 0
0.487861711961133 -0.09671271159328848 0
0.006065216691498448 -0.01752163169351415 0
0.3474770105899792 0.08499677120822499 0
0.8239417286207692 -0.07172235623637789 0
0.09589314316227049 -0.04292253782830915 0
0.09976612191331111 -0.04966795220903951 0
0.05576625094271358 0.3954571863333649 0
-0.3025048283936985 0.1438345081440267 0
-0.008098260007153166 0.009719570252272495 0
-0.6902425437855247 -0.5371419342550394 0
-0.8322058424801706 -0.7427704131560233 0
0.850331790006449 0.1883357948719619 0
20.82611215023847 2.116227034172894 0
0.6353791328344984 0.07513735864275302 0
0.7683106133794437 -0.3670427263890833 0
-12.18635329566372 13.40090837561131 0
4.857250279820695 -4.817351843929216 0
-0.7150359339479105 1.120987658379554 0
0.04093033831725557 0.1738638825086385 0
0.1445070634953633 0.07824864698462593 0
0.62406040107961 -0.07414831070015306 0
1.04768200470985 -0.9038297442785814 0
-0.1817422240611569 -0.1889887849781174 0
0.02125292267783144 -0.02507426085684094 0
1.115508977429234 0.1197684552253456 0
0.397730445105393 0.1620688173884872 0
0.8365086892083238 0.04451537896823363 0
0.6633953237684619 -0.2380755402400402 0
0.9110120164489903 0.03017059865220333 0
-0.0007338061591561907 0.01368835803064987 0
0.9188309884666905 0.02782248512537015 0
0.9276490016756549 0.03352054790861811 0
0.9358815719001151 0.04167687006949498 0
-0.005124845971952416 -0.1894054752540913 0
9.544872718846214 9.829131158362941 0
0.3585094207908175 0.1204597932629653 0
0.1675623634782502 -0.09667033004576767 0
0.1315327477628588 -0.1201058385585449 0
0.6571986012514019 0.08400864923666151 0
-1.991220009613602 7.003697342653005 0
0.8566227646044198 -0.18335283961261 0
0.9521390482961858 0.1664429310996172 0
-22.93223179515008 -13.75387087116678 0
11.89646768215858 2.114077359993844 0
0.182169797054662 -0.2421807254645077 0
0.2069414928292069 -0.1163959671661546 0
0.3455804292043476 0.2413281048729054 0
23.3568122912039 -10.5263157895377 0
19.04222791900927 13.82349878467208 0
0.9581211175157105 0.06293992682541057 0
5.09274773942458 1.876731099791035 0
0.8774726498018859 -0.02353377661015384 0
1.006699573458145 0.001231902920733755 0
1.003105325180788 -0.006132151871465424 0
-12.20966479367405 -2.643232161111188 0
0.4058914808972358 -0.1393453871840865 0
1.682003158049709 -0.2784389919327835 0
0.4313819620924637 0.09294197683001068 0
0.7560098919949807 0.05905587055327086 0
0.9983703154041028 0.03666454481119237 0
0.9973594461049367 0.05525537616464691 0
1.659400072640292 0.07838688682694872 0
1.870330295941216 0.01377514894698953 0
1.94623519834201 0.233216469132414 0
2.078470521919902 -0.1570786522347817 0
-21.15049732118078 1.002330164619969 0
19.39940381782922 5.183927525407745 0
0.2125439005287634 -0.04753272357649484 0
-6.275510308630611 -6.333886612235453 0
-0.001057921418670389 -0.009243005378152529 0
0.9680437846670515 -0.2206682566288228 0
0.9838259737069294 -0.2921527725802441 0
6.027334578361138 16.71860758633594 0
0.08830558007163684 0.1073093770023261 0
0.9189280874806228 0.05664508381821168 0
0.7113440796900657 0.1166592829262426 0
2.89050178053883 5.077540344442959 0
-20.73860806629085 17.86573684931318 0
0.5887041993109697 0.1376270384759801 0
0.8506595440938748 -0.3574048004503158 0
0.4952382426907174 -7.544781541108176 0
0.9763942691320199 0.0133998108388765 0
0.9756888486965913 0.008468625236701196 0
0.9800668532137081 0.00828214323354505 0
0.1808238985886998 -0.06469794588309305 0
1.994264262432612 9.887595263395488 0
0.6202768333505294 -1.099762326642705 0
0.04825050078824301 -0.03958690613959177 0
-0.1154749660988905 -0.0674296876620296 0
2.699110478598358 1.503341739976874 0
-1.975823945232081 1.64494100428355 0
0.6571641699006009 -0.04980631009086528 0
0.6605967612865558 -0.06332002938538335 0
0.6768307065549732 -0.06081456693910995 0
0.3054065739717271 -12.84730789420853 0
5.443419726124141 -1.925236956308223 0
0.4944107665712678 -0.3882097675522155 0
-4.599771012896423 1.001526251949253 0
0.07907341918723151 -0.08326293486667452 0
0.07798092203228429 -0.1062775790044011 0
-0.3947239044541769 -0.1200550696594303 0
1.063470477883161 -1.410624603480283 0
0.5158549237931789 -0.04993336288131577 0
-0.9247743681261444 -0.1460103915460396 0
-0.991350213515593 -0.5545923710645844 0
0.9878031066441344 -0.03913656848163131 0
0.2215320679846421 -0.4438236576448966 0
0.150042186700296 -0.3568895375966043 0
0.3297302685641172 -0.4887181004025621 0
0.001613593752995285 -0.4527307704798706 0
0.766496457164118 0.1111562704263228 0
0.1174676834202033 -0.09498034905223368 0
0.7246259856908878 0.06272530745006451 0
21.17180227707566 -6.840813515213528 0
0.311578953935883 -0.09638344619712913 0
0.1529317081998247 -0.05507621078078449 0
2.97886498357759 1.218918635108495 0
2.536412286653727 -0.5542927676890999 0
0.2312632675022026 -0.05710896675496992 0
10.16264985821761 19.2013348497857 0
1.046591070492279 -0.01352841863251458 0
0.1855571805856859 0.1278755329663239 0
13.00508835343164 -4.79930027201239 0
0.2680601914869007 0.2661707134887408 0
10.64254395741707 -20.55784961234698 0
0.2129791472890495 0.1308034974853887 0
7.858392746021063 23.2734677782365 0
0.1687063639237778 0.08344851918727129 0
0.001109743187319289 0.07147567786412942 0
1.48728264835075 1.047169742964865 0
-12.98331100445325 -1.454367592120273 0
0.9960969545406564 -0.01225200153510549 0
-0.5180370418639693 3.280010759560415 0
1.466531145257095 -1.369126097438388 0
0.6804529645851296 0.06985871495750456 0
0.9728123580581249 0.0416846166894585 0
0.1979627749309025 0.09589375689202539 0
1.426336494146113 -0.7717778033850234 0
-3.035260365821292 -3.763447214303166 0
-13.82298280978723 13.1249810406914 0
0.455773415463688 -0.07552994897428296 0
0.03059115862801697 0.08013427094699684 0
0.03200006646891537 0.09969629669396461 0
-0.4516211339193719 -0.0227588843540624 0
0.2235036886862489 0.08832344921988559 0
0.8660607334534189 -0.01610790997862627 0
0.8723960623052199 -0.01613631604759731 0
4.547994318618888 4.222930704177482 0
0.8696919348090417 0.03874770782825854 0
0.7361897386438147 -0.03204826844316409 0
-3.058810003454712 4.091922900207433 0
-4.624041236469349 -19.07877867051312 0
5.017415278050552 3.676977523643088 0
0.5605516323366848 0.08154053745699792 0
1.279708711979009 -3.849372350585968 0
8.589104150028406 -6.798167546448268 0
0.118025692271957 -0.150362154774784 0
0.01742542788382596 -0.02882720940722172 0
-0.5187114638663748 1.247716365460566 0
0.008425304480806365 -0.07868050913292303 0
0.1199098493884356 0.08068206310587617 0
0.9448293806430362 0.03805277100101854 0
-4.377577698098081 1.664038317033089 0
-0.04152645584700078 -0.0743149567681031 0
0.5779105617461062 0.08191894493946457 0
0.5862936966737277 0.08006154747363944 0
23.07355050638911 23.07355050638409 0
-3.84646784177087 -2.144789677357748 0
0.9362028152853658 -0.06829863901253864 0
0.9467031196155029 -0.09600034568235334 0
23.07355050638409 -23.0735505063891 0
13.22210876218459 23.41007002906419 0
-23.0735505063891 -23.07355050638409 0
-23.07355050638409 23.0735505063891 0
1.14006818114416 0.2536751452282505 0
1.028413896805444 0.043348130862233 0
8.52091551751098 -2.733840639181225 0
0.9550074081218295 0.01885817444394824 0
-0.7861571052056935 -3.530058115949059 0
0.2472351857792318 0.09050642033069647 0
0.3977141178109735 0.1055412752549927 0
0.1521376690633345 -0.09235733818239347 0
0.8285109684097871 0.4231740958937698 0
0.8271036868389612 0.05995940361086134 0
0.4531327269072329 -0.2926733516109593 0
0.8855957433823719 -0.01343111700546568 0
0.01973598204476498 0.03711558724471738 0
-0.3577001859764672 0.05615571849964817 0
1.04875563628267 0.1959953714255863 0
-0.005940865990730115 0.0398342214427261 0
0.4607751790419222 0.0900540503995613 0
-0.0004440121039351386 -0.01565138762711193 0
0.3541626781099713 0.4289338497725613 0
0.9337067375018309 0.02542737089968228 0
17.10526315792 21.30465612409959 0
0.9191414034439651 -0.08157726863015635 0
0.8951093062480121 -0.09331781582330775 0
0.96579419745631 0.08199168134518528 0
0.8462869272501985 -0.09060630815025458 0
0.2042636408546525 -4.462013212822423 0
11.26633954595836 1.165223205481747 0
13.65997867430855 -11.9680122411162 0
0.6804693527144858 0.08044732777181543 0
0.6279955269503228 0.0747656704191333 0
3.059976843877868 1.58191854976467 0
0.3684769678735795 0.09388178050589259 0
-0.1281201615605869 -0.7015882610124408 0
0.8568985537470202 0.2992141999811634 0
0.8148789681878835 -0.05214510830388686 0
-6.093593903070439 -0.9278879138216332 0
0.9793950398918239 1.658820336166545 0
-6.093414464653784 8.118581250726082 0
0.5745452767387556 -0.0445110987723017 0
0.2711879317061401 0.09205510759368715 0
0.2784204338755052 0.09195564733731457 0
0.8966277675194509 0.03228049356074184 0
0.1200838332499212 0.07278516606972209 0
0.523305802804751 0.08690662050445784 0
2.143144662996312 0.2877441522160053 0
13.7432337937895 -5.9859539743928 0
0.2220606323178903 -0.2706627149967261 0
0.9654002445149402 0.01617104823975321 0
8.738509511025551 4.778633761423775 0
0.5331880021665554 1.168602335944663 0
5.158389923883772 23.44335470288648 0
0.4097455771447182 0.09237224025492009 0
-0.7518093940852479 0.7036399518690528 0
0.6529574848773222 0.07274316160293726 0
0.3298771018911123 -0.05716009723606769 0
0.0740495082919722 -0.04589204526782645 0
2.097129522765584 3.032721837860899 0
2.421407093323801 -14.54345175390606 0
0.4965394279698112 0.08769063376191663 0
2.665628795950035 19.77518248033484 0
19.71774410568058 21.26696371096912 0
0.3105691744339643 0.0932525857491765 0
0.04589128048734754 0.08511012830802452 0
0.2775202041617958 -0.05593985317030508 0
-11.56410326914174 0.630315261078104 0
-10.46802929749753 1.958328761263462 0
0.2774048745014899 0.1165874953251956 0
12.38037632423246 -21.14546171244118 0
-0.4481763256776547 6.893926937582226 0
0.854318569812352 -0.04399213722469192 0
-12.42599283858732 10.64527362041283 0
0.005916683624283333 0.02133134344305054 0
0.009433503546217218 0.02459101379164968 0
0.0002346300103069745 0.02233577201951144 0
14.76848214920264 21.33361826093757 0
0.4398412744750678 -0.07736431516486351 0
0.2713435705490699 -0.0786517289945448 0
0.09092594837840802 0.08359683279820855 0
0.5550434254562826 -0.04517643216998792 0
0.2740708713037046 0.9840791354125935 0
0.6250671536930719 1.477449172513985 0
-2.118569786907488 -0.3895002122371217 0
-2.346479567812354 -0.1436990559012595 0
0.202836083309436 0.08559194314114685 0
2.08676272333331 1.61207638192511 0
0.3000614692683172 0.1070314402093186 0
5.429578496855085 -10.86669769921805 0
0.06704154764131481 -0.07466887265122615 0
1.280066117401553 -0.03589211500723339 0
0.2172222545211855 -0.1430064078392316 0
0.9847835288461684 -0.009094334283476023 0
-23.22930485273748 -5.922311853006228 0
0.9306817004381959 -0.01557032734271587 0
0.04428222897503907 0.04937190347180036 0
-0.03531803442455091 -0.0489025916254426 0
9.078941661410639 4.084801557004752 0
-0.0645609143120065 20.21361800030346 0
0.3429913202471901 -0.1479708526337392 0
-7.35194251305199 -13.532297105404 0
3.293299380033326 5.834000696914069 0
-14.46386807769182 -1.498726772563724 0
0.8338519441125837 -0.02657354143730647 0
-1.067594065032844 0.1630339486483566 0
1.587357570414105 0.7308488801380743 0
0.6044796375135998 -0.04196315142519033 0
9.192856763986844 -8.840014952735345 0
0.8075478069899645 0.04861826083549854 0
0.7016980140452149 -0.08813689296953195 0
-0.2227184550414656 -0.837840500519766 0
0.9842499844130851 -0.0043499938382916 0
1.297629748033198 -0.1357220652039303 0
0.1347095804661618 0.09649928288078012 0
0.9867590409637543 0.01102590162178268 0
0.7393977967647687 0.05981882060169741 0
0.4038970982321707 0.1894706459479987 0
0.492000261237559 -0.04684918982634623 0
0.04337167889879352 -0.108542986607033 0
2.243145031389927 -17.32635168238296 0
0.7963905525654205 -0.5684871211938997 0
0.2762131421403602 0.1421896960759947 0
-1.355412186068873 -3.659848530137963 0
0.9453926965315738 -0.01278229478211317 0
-7.82758468327768 2.125943673115591 0
-4.289708834685661 18.2422185430306 0
-16.94657711429558 6.967155055505739 0
0.2220785286578177 -0.05508242885927422 0
4.101476647684272 5.525794920670862 0
1.850534536759799 -0.180814159337754 0
-6.909965855042093 -14.7651092545016 0
11.11672860174269 20.99418668701177 0
0.7980239032972489 -0.08557652857019488 0
0.3371274135160551 0.09366993204820058 0
-0.1530703761701966 0.5366383451693346 0
-1.718380181704859 -7.648762124512018 0
11.94583843579116 -0.1053627164831263 0
-2.529563174958992 13.48821284762906 0
0.9754506484111802 0.05721322652153335 0
-2.373888039410793 2.239889599929896 0
0.177584301073919 -0.1188289990502265 0
1.162507895450796 -0.08106898087760139 0
20.93765764746959 16.23966441332293 0
4.017107367752704 15.07732190937367 0
0.5055360519416983 0.08660203265718097 0
0.9915705569805456 -0.008444995556104503 0
0.5870501149048868 -0.1251267663391054 0
1.336019770307226 0.04489201092405005 0
0.6078429148616069 0.9053982726024901 0
0.8988266476025357 0.07284045855309608 0
0.9200628529345347 -0.02421870880954526 0
0.9290303918927342 0.06690621221716012 0
1.991009656112349 2.251411262450098 0
0.3731049550462097 -0.05336122091958032 0
-5.81013870864346 -0.02596145827827196 0
-14.73825082448478 -21.10453189014281 0
0.4218412975581475 -0.08591974237356718 0
-0.3039469204853553 -0.3433594261446997 0
0.1559121565971709 0.1609127087639565 0
3.606073812602411 -1.116935994191689 0
-2.194006271908454 -0.8037269140379334 0
0.6689613322729713 -0.0829187927700609 0
5.529042652837836 3.883274253494757 0
0.2014182304706804 -0.05562159715353387 0
0.2592108127335472 -0.1268069584644338 0
7.539461470366841 -0.6819307734603024 0
3.624670432663601 21.41264656136366 0
0.1361347659346119 0.1077455998268263 0
0.4537574116965015 -0.09361812488087562 0
7.640348247940718 -10.66859962934887 0
0.7630695236818416 0.05574676712936016 0
0.009234164165980399 0.03006672209099875 0
0.770626916195037 -0.03043193070837054 0
-21.06113199605979 -15.44537011400353 0
-2.442174916703781 -19.30852020858869 0
1.050111415716769 0.01215447455166644 0
0.4423301443668238 0.1715424100293741 0
0.06797995719898701 -0.04327123403380918 0
7.64496596014911 16.55495456459812 0
0.4501526456385835 0.1013363321264123 0
0.8005946189294413 -0.05088299830690455 0
-6.622941492009652 -19.10613015287715 0
-9.394702786188507 1.438798954943742 0
0.1207732892539948 -0.05002027903155543 0
1.083134876824895 -0.1170322558601969 0
-4.143258191489846 2.197613855495857 0
0.6807593771797336 -0.0359418586023942 0
0.7165340366844341 0.06244965476220043 0
-17.31500281461113 -17.04411398879728 0
2.139059732660292 -1.522357194158515 0
1.163073990417619 -0.391925852934531 0
0.06288705822759269 -0.04285552278605462 0
-0.5369729131743027 0.6966056126936313 0
0.1786823340894395 0.08262158461206602 0
1.006134542173133 0.08032381206633102 0
0.1315726218994624 -0.5437462962570337 0
0.5278824705443644 0.3726160150196873 0
0.1959951026034666 -0.08474385870420276 0
0.1812364390642697 -0.298704833616892 0
0.9061480102742168 -0.01767918722839579 0
-11.82579660089226 -21.8013949682482 0
0.06598050684461132 0.06678597160560841 0
-1.73336889558351 -1.797289895683571 0
0.09190947768948748 -0.04776000056605291 0
0.8491168702123604 -0.02365809870432635 0
14.30040017528819 -21.34412405326576 0
0.6077677381756216 -0.4569737349963097 0
-16.06427800460822 15.20144370065196 0
-5.641877506635579 -16.28557799556652 0
-7.332162582401011 -4.878145602085012 0
0.4921849438600292 0.1349537010024906 0
0.06187996451868494 0.0882058426878931 0
0.7175100564583234 0.2786937047350388 0
0.1651658211487677 -1.873658043556272 0
0.4434209407384707 0.09024776491444308 0
-2.537931881760757 4.131212363827681 0
-7.931500228683045 -6.368309494719814 0
0.09308553937559812 0.07448202524929234 0
-0.006559829617388194 0.1016251456649504 0
0.3081397650312668 -0.1483640004614784 0
0.7225851219614793 -0.1040060180237149 0
-2.749119268423399 6.979743057959865 0
-0.8504196353708665 3.599629240414174 0
0.01747829299860685 0.07334440623001698 0
-15.14916161188943 -9.861678220566251 0
17.82038291224104 -20.98401493703314 0
0.6785571050407214 0.09249403961412735 0
0.08413418116874617 -0.1427021252040486 0
0.5169832497304392 -0.1029516765999046 0
0.7749988867362142 -0.07655146740698555 0
3.493278271730035 6.606178230469259 0
-0.2082018291262349 -0.3411215785049845 0
1.133198605114645 1.227749770005838 0
0.7548496809047944 0.06758085475955251 0
0.6418904652477031 -0.08913829802644571 0
1.011719378643933 0.04642999968105369 0
0.2162932169917972 0.08716420794981432 0
21.27680357497779 -16.68543904895007 0
-2.35055995304255 -10.5881861671858 0
12.84047633573828 -7.1885831172959 0
$EndNodes
$Elements
7 5922 1 5922
1 1 1 149
1 1 7 
2 7 8 
3 8 9 
4 9 10 
5 10 11 
6 11 12 
7 12 13 
8 13 14 
9 14 15 
10 15 16 
11 16 17 
12 17 18 
13 18 19 
14 19 20 
15 20 21 
16 21 22 
17 22 23 
18 23 24 
19 24 25 
20 25 26 
21 26 27 
22 27 28 
23 28 29 
24 29 30 
25 30 31 
26 31 32 
27 32 33 
28 33 34 
29 34 35 
30 35 36 
31 36 37 
32 37 38 
33 38 39 
34 39 40 
35 40 41 
36 41 42 
37 42 43 
38 43 44 
39 44 45 
40 45 46 
41 46 47 
42 47 48 
43 48 49 
44 49 50 
45 50 51 
46 51 52 
47 52 53 
48 53 54 
49 54 55 
50 55 56 
51 56 57 
52 57 58 
53 58 59 
54 59 60 
55 60 61 
56 61 62 
57 62 63 
58 63 64 
59 64 65 
60 65 66 
61 66 67 
62 67 68 
63 68 69 
64 69 70 
65 70 71 
66 71 72 
67 72 73 
68 73 74 
69 74 75 
70 75 76 
71 76 77 
72 77 78 
73 78 79 
74 79 80 
75 80 81 
76 81 82 
77 82 83 
78 83 84 
79 84 85 
80 85 86 
81 86 87 
82 87 88 
83 88 89 
84 89 90 
85 90 91 
86 91 92 
87 92 93 
88 93 94 
89 94 95 
90 95 96 
91 96 97 
92 97 98 
93 98 99 
94 99 100 
95 100 101 
96 101 102 
97 102 103 
98 103 104 
99 104 105 
100 105 106 
101 106 107 
102 107 108 
103 108 109 
104 109 110 
105 110 111 
106 111 112 
107 112 113 
108 113 114 
109 114 115 
110 115 116 
111 116 117 
112 117 118 
113 118 119 
114 119 120 
115 120 121 
116 121 122 
117 122 123 
118 123 124 
119 124 125 
120 125 126 
121 126 127 
122 127 128 
123 128 129 
124 129 130 
125 130 131 
126 131 132 
127 132 133 
128 133 134 
129 134 135 
130 135 136 
131 136 137 
132 137 138 
133 138 139 
134 139 140 
135 140 141 
136 141 142 
137 142 143 
138 143 144 
139 144 145 
140 145 146 
141 146 147 
142 147 148 
143 148 149 
144 149 150 
145 150 151 
146 151 152 
147 152 153 
148 153 154 
149 154 2 
1 2 1 149
150 2 155 
151 155 156 
152 156 157 
153 157 158 
154 158 159 
155 159 160 
156 160 161 
157 161 162 
158 162 163 
159 163 164 
160 164 165 
161 165 166 
162 166 167 
163 167 168 
164 168 169 
165 169 170 
166 170 171 
167 171 172 
168 172 173 
169 173 174 
170 174 175 
171 175 176 
172 176 177 
173 177 178 
174 178 179 
175 179 180 
176 180 181 
177 181 182 
178 182 183 
179 183 184 
180 184 185 
181 185 186 
182 186 187 
183 187 188 
184 188 189 
185 189 190 
186 190 191 
187 191 192 
188 192 193 
189 193 194 
190 194 195 
191 195 196 
192 196 197 
193 197 198 
194 198 199 
195 199 200 
196 200 201 
197 201 202 
198 202 203 
199 203 204 
200 204 205 
201 205 206 
202 206 207 
203 207 208 
204 208 209 
205 209 210 
206 210 211 
207 211 212 
208 212 213 
209 213 214 
210 214 215 
211 215 216 
212 216 217 
213 217 218 
214 218 219 
215 219 220 
216 220 221 
217 221 222 
218 222 223 
219 223 224 
220 224 225 
221 225 226 
222 226 227 
223 227 228 
224 228 229 
225 229 230 
226 230 231 
227 231 232 
228 232 233 
229 233 234 
230 234 235 
231 235 236 
232 236 237 
233 237 238 
234 238 239 
235 239 240 
236 240 241 
237 241 242 
238 242 243 
239 243 244 
240 244 245 
241 245 246 
242 246 247 
243 247 248 
244 248 249 
245 249 250 
246 250 251 
247 251 252 
248 252 253 
249 253 254 
250 254 255 
251 255 256 
252 256 257 
253 257 258 
254 258 259 
255 259 260 
256 260 261 
257 261 262 
258 262 263 
259 263 264 
260 264 265 
261 265 266 
262 266 267 
263 267 268 
264 268 269 
265 269 270 
266 270 271 
267 271 272 
268 272 273 
269 273 274 
270 274 275 
271 275 276 
272 276 277 
273 277 278 
274 278 279 
275 279 280 
276 280 281 
277 281 282 
278 282 283 
279 283 284 
280 284 285 
281 285 286 
282 286 287 
283 287 288 
284 288 289 
285 289 290 
286 290 291 
287 291 292 
288 292 293 
289 293 294 
290 294 295 
291 295 296 
292 296 297 
293 297 298 
294 298 299 
295 299 300 
296 300 301 
297 301 302 
298 302 1 
1 3 1 19
299 6 303 
300 303 304 
301 304 305 
302 305 306 
303 306 307 
304 307 308 
305 308 309 
306 309 310 
307 310 311 
308 311 312 
309 312 313 
310 313 314 
311 314 315 
312 315 316 
313 316 317 
314 317 318 
315 318 319 
316 319 320 
317 320 5 
1 4 1 19
318 5 321 
319 321 322 
320 322 323 
321 323 324 
322 324 325 
323 325 326 
324 326 327 
325 327 328 
326 328 329 
327 329 330 
328 330 331 
329 331 332 
330 332 333 
331 333 334 
332 334 335 
333 335 336 
334 336 337 
335 337 338 
336 338 4 
1 5 1 19
337 4 339 
338 339 340 
339 340 341 
340 341 342 
341 342 343 
342 343 344 
343 344 345 
344 345 346 
345 346 347 
346 347 348 
347 348 349 
348 349 350 
349 350 351 
350 351 352 
351 352 353 
352 353 354 
353 354 355 
354 355 356 
355 356 3 
1 6 1 19
356 3 357 
357 357 358 
358 358 359 
359 359 360 
360 360 361 
361 361 362 
362 362 363 
363 363 364 
364 364 365 
365 365 366 
366 366 367 
367 367 368 
368 368 369 
369 369 370 
370 370 371 
371 371 372 
372 372 373 
373 373 374 
374 374 6 
2 1 2 5548
375 476 1619 2120 
376 966 690 2304 
377 1065 1757 2369 
378 1759 1347 1805 
379 1704 561 1901 
380 1717 1464 2529 
381 1255 1233 2862 
382 1619 476 2160 
383 2400 2399 2476 
384 797 802 1853 
385 1716 896 1936 
386 1278 1631 2126 
387 438 1768 1828 
388 1250 1329 1330 
389 1481 1655 1855 
390 1308 1307 1314 
391 1892 1311 2569 
392 941 1674 2517 
393 2076 1346 2697 
394 551 1693 1986 
395 1308 1314 1325 
396 1439 1441 1666 
397 1706 1371 2130 
398 954 955 1829 
399 1131 1284 1837 
400 1078 1307 1308 
401 592 594 1620 
402 1326 1287 1432 
403 1065 1061 1757 
404 2134 1956 2541 
405 1265 1123 2948 
406 1607 1081 1808 
407 1371 1490 2130 
408 1607 1393 1807 
409 1202 2415 2643 
410 1411 1022 1612 
411 2271 2273 2277 
412 1687 814 1771 
413 1277 1607 1807 
414 1343 1823 2469 
415 1536 1131 1837 
416 1956 2134 2472 
417 1090 1130 2873 
418 1617 1704 1901 
419 1527 2133 2359 
420 1060 1053 1705 
421 739 1615 1619 
422 1084 1813 1937 
423 1284 1503 1838 
424 1745 715 2125 
425 1625 1874 1889 
426 1029 1027 1031 
427 2283 2281 2510 
428 1103 1132 1197 
429 1078 1041 1307 
430 2385 948 2418 
431 1425 1891 2364 
432 1242 2225 2226 
433 505 2076 2697 
434 979 2127 2424 
435 683 690 960 
436 1705 1053 2341 
437 2005 1191 2006 
438 692 696 708 
439 1370 1369 1371 
440 1021 1027 1029 
441 1097 1740 2738 
442 1202 2258 2415 
443 926 2524 2683 
444 2163 709 2185 
445 1515 1826 1982 
446 1263 2268 2793 
447 1252 1796 2295 
448 1127 1090 2873 
449 1413 1874 1995 
450 378 1636 2364 
451 1280 1952 2465 
452 1111 1109 2568 
453 1491 1564 2686 
454 1197 1132 1276 
455 1636 378 1966 
456 392 1467 1826 
457 1330 1329 1504 
458 700 702 772 
459 1432 1287 2730 
460 1740 1608 2738 
461 2261 2347 2699 
462 1476 1218 2605 
463 1541 1459 1666 
464 941 1475 1674 
465 1123 1098 1133 
466 1719 1745 2125 
467 1472 1794 2781 
468 1021 1013 1027 
469 1031 1041 1078 
470 1285 2223 2709 
471 669 490 1557 
472 1691 1461 2882 
473 1218 1476 2821 
474 975 1709 2123 
475 614 1611 2143 
476 556 1519 1695 
477 1144 1264 1297 
478 952 688 953 
479 1464 1717 1718 
480 2249 2247 2486 
481 1320 1355 2520 
482 1101 1369 1370 
483 379 1827 1831 
484 2213 2217 2414 
485 1370 1371 1462 
486 1067 1098 1123 
487 1250 1328 1329 
488 1090 1084 1937 
489 1227 1214 1637 
490 690 692 2304 
491 2427 2237 2668 
492 1992 1273 2330 
493 165 164 2224 
494 1810 2473 2645 
495 1539 382 2529 
496 1874 1413 1889 
497 1764 1762 1765 
498 1957 2134 2541 
499 659 681 951 
500 2053 2140 2525 
501 2289 2537 2681 
502 1004 1005 1008 
503 383 1721 1870 
504 627 2385 2418 
505 1710 975 2100 
506 1104 1677 2109 
507 1123 1133 2948 
508 1334 1240 2373 
509 383 1870 2549 
510 867 1306 2514 
511 1638 1227 2890 
512 1467 392 1993 
513 1823 862 2469 
514 1172 1168 1663 
515 1011 1013 1021 
516 1103 1081 1132 
517 384 365 1603 
518 1546 462 1654 
519 1537 532 1538 
520 1039 1035 1100 
521 1655 431 1855 
522 1347 1759 2584 
523 2041 1896 2111 
524 1493 381 1845 
525 2057 2066 2298 
526 1868 1383 2099 
527 987 1428 2732 
528 1004 1003 1005 
529 1101 1039 1369 
530 1782 2313 2323 
531 1428 990 1429 
532 500 1943 2647 
533 518 1541 1666 
534 2422 1212 2839 
535 1331 1197 1474 
536 920 919 1662 
537 2101 1113 2147 
538 2176 2092 2698 
539 759 1761 1762 
540 592 1620 2507 
541 1091 1090 1127 
542 1459 1439 1666 
543 1633 500 2647 
544 1422 838 1569 
545 1709 975 1710 
546 1194 1155 2510 
547 1616 803 1623 
548 1756 1060 2628 
549 585 584 589 
550 798 797 1853 
551 1067 1065 1098 
552 1240 1244 2373 
553 2273 2280 2286 
554 1191 1105 2933 
555 454 1686 1689 
556 1198 1197 1331 
557 518 485 1541 
558 1458 1449 1585 
559 1544 516 2515 
560 1679 646 2010 
561 1827 1335 1831 
562 2219 2224 2707 
563 1144 1128 1264 
564 1423 1780 2233 
565 873 874 1721 
566 822 1868 2099 
567 1743 948 1886 
568 1584 1461 1691 
569 2612 653 2613 
570 1286 1188 1387 
571 1612 1022 2757 
572 1943 1485 2647 
573 1053 1051 1071 
574 1044 1008 1667 
575 585 589 590 
576 1874 387 1995 
577 1389 1357 1627 
578 2535 1934 2602 
579 1693 1692 1986 
580 1280 2006 2933 
581 1358 1676 2077 
582 1826 1467 1982 
583 1741 1743 1886 
584 1049 1046 1057 
585 1233 1232 2862 
586 960 690 2917 
587 690 966 2917 
588 1286 1387 1527 
589 1866 1268 2223 
590 1209 1250 2950 
591 1581 1223 2068 
592 2524 1522 2683 
593 998 1003 1004 
594 1355 1350 1876 
595 2154 2245 2246 
596 803 1616 2429 
597 2646 2169 2734 
598 1221 1218 2821 
599 1185 2252 2256 
600 1227 1637 2890 
601 867 973 1306 
602 1643 649 2654 
603 973 981 982 
604 2287 1161 2294 
605 2099 1383 2300 
606 634 1832 2527 
607 1314 1604 1605 
608 454 1685 1686 
609 1019 1015 2407 
610 1096 1201 2574 
611 1866 2223 2382 
612 1005 1011 1947 
613 440 500 1633 
614 636 1418 2567 
615 704 805 807 
616 2271 2272 2273 
617 1051 1049 1565 
618 1082 1081 1103 
619 1075 2073 2580 
620 581 584 585 
621 516 2173 2515 
622 1523 825 2651 
623 1879 1877 1976 
624 1811 1810 2645 
625 376 1609 1800 
626 825 1523 2571 
627 932 1768 2138 
628 600 598 1675 
629 1508 1331 2176 
630 1311 1634 2569 
631 772 702 1624 
632 1325 1314 2710 
633 342 343 1610 
634 1105 1140 2933 
635 389 342 1610 
636 683 687 690 
637 1631 1278 2127 
638 983 1022 1411 
639 599 602 653 
640 2261 1186 2334 
641 1488 1392 2955 
642 1706 613 1996 
643 1015 1033 2407 
644 1177 1174 2883 
645 1496 1495 2169 
646 1046 1044 1305 
647 1547 1546 1654 
648 1060 1756 1757 
649 1512 1556 2398 
650 1300 1315 1416 
651 1634 1311 1911 
652 2506 1639 2863 
653 708 696 2928 
654 1293 1289 1326 
655 1428 1429 1492 
656 1728 1729 1730 
657 682 683 2832 
658 2350 1296 2536 
659 1297 1264 1533 
660 1214 1213 1637 
661 982 983 1411 
662 1690 845 1699 
663 2069 1638 2878 
664 1804 1368 1966 
665 1416 1315 2462 
666 1320 1350 1355 
667 1285 2217 2220 
668 1615 739 2136 
669 508 532 1537 
670 1079 1613 1842 
671 1315 1709 1710 
672 1232 1231 2813 
673 1637 1213 2550 
674 1356 1265 1525 
675 2429 1616 2819 
676 1081 1074 1808 
677 1782 1860 2313 
678 1158 1157 2719 
679 2587 2196 2661 
680 928 873 1721 
681 1622 889 1825 
682 1529 991 2445 
683 1036 1854 2018 
684 599 600 602 
685 814 1687 1701 
686 1133 1134 1299 
687 990 991 1529 
688 969 2099 2300 
689 1266 1265 1356 
690 1459 1541 2688 
691 1332 1331 1508 
692 1172 1663 2257 
693 1213 1209 2950 
694 2540 2302 2779 
695 1763 1762 1764 
696 1289 1287 1326 
697 381 1493 2597 
698 1357 1356 1627 
699 1389 1627 2662 
700 454 1684 1685 
701 952 953 2879 
702 490 494 1557 
703 2257 1185 2942 
704 1331 1677 2176 
705 1299 1300 1416 
706 690 691 692 
707 310 1804 1966 
708 1287 1286 2730 
709 1218 1216 2605 
710 1034 1029 1035 
711 1174 2831 2883 
712 1952 1280 1954 
713 1611 614 2785 
714 1189 1188 1286 
715 920 1662 2442 
716 2467 2316 2555 
717 1817 1005 1947 
718 639 641 652 
719 2537 2536 2603 
720 1264 1373 1374 
721 1031 1032 1041 
722 1285 2220 2223 
723 1550 377 1552 
724 1276 1277 1414 
725 1327 1133 2588 
726 983 985 1022 
727 1073 1068 1820 
728 1891 378 2364 
729 1458 1585 2470 
730 2401 2274 2845 
731 1248 1246 2840 
732 1371 1375 1490 
733 2476 1236 2905 
734 834 1512 2522 
735 1689 1686 1690 
736 495 1568 1858 
737 1210 1209 1213 
738 339 340 1776 
739 1780 1778 2233 
740 1114 1726 2180 
741 1768 932 1786 
742 1768 1764 1828 
743 1969 1525 2090 
744 896 1716 2015 
745 2579 1272 2797 
746 1313 2464 2671 
747 830 923 1628 
748 1407 1775 1777 
749 1293 1326 1577 
750 1197 1276 2733 
751 905 744 1763 
752 384 1603 1696 
753 157 156 2619 
754 1105 1106 1140 
755 1778 1365 1913 
756 936 1778 1913 
757 2127 979 2576 
758 1565 1049 1873 
759 2328 1992 2330 
760 987 990 1428 
761 704 807 2501 
762 1573 1424 2087 
763 2199 2197 2467 
764 802 1480 1853 
765 1939 2113 2512 
766 890 590 926 
767 1559 386 2562 
768 2126 1631 2830 
769 1320 1323 1350 
770 1112 1114 2180 
771 1191 1604 2623 
772 1133 1299 2588 
773 948 1743 2418 
774 1927 1925 2405 
775 1442 1461 1584 
776 1041 1042 1105 
777 1314 1605 1606 
778 1571 1555 1572 
779 1715 1716 1936 
780 634 623 1832 
781 321 322 1790 
782 475 1770 2172 
783 1519 556 2149 
784 1061 1060 1757 
785 1129 1128 1144 
786 1361 2413 2614 
787 1076 1895 2394 
788 1312 1310 1384 
789 382 1539 1803 
790 1484 1093 2747 
791 2063 2231 2449 
792 1005 1010 1011 
793 1487 1453 1578 
794 1180 1203 2577 
795 1933 1934 2535 
796 973 982 1306 
797 2061 2062 2063 
798 1649 1724 1725 
799 2123 1709 2715 
800 1547 1654 2792 
801 1145 1144 1388 
802 1037 1035 1039 
803 1053 1071 2341 
804 517 1749 2630 
805 1294 1293 1510 
806 2477 1498 2856 
807 1387 2013 2755 
808 1600 1601 2676 
809 1860 1183 2313 
810 1261 2646 2734 
811 919 830 1628 
812 1670 889 1672 
813 1613 1079 2561 
814 1011 1012 1013 
815 1734 2379 2619 
816 1316 1318 1497 
817 2248 2247 2249 
818 1175 1174 1177 
819 1279 1652 1739 
820 152 151 2579 
821 759 1760 1761 
822 2255 2260 2410 
823 1532 1274 2556 
824 1791 391 1793 
825 1331 1474 1677 
826 1318 1320 2520 
827 696 937 2928 
828 1040 1039 1101 
829 993 998 1520 
830 1795 1814 1887 
831 1600 2774 2888 
832 1300 1303 1315 
833 307 1891 1993 
834 1758 974 2110 
835 635 636 2567 
836 1565 1292 1673 
837 1503 1284 2390 
838 1013 1014 1575 
839 2115 1389 2662 
840 679 1621 1902 
841 2284 2289 2436 
842 1847 1659 2549 
843 2074 635 2708 
844 1649 1725 2859 
845 2006 1191 2933 
846 598 664 1675 
847 1366 1368 1804 
848 1276 1414 1631 
849 2280 2282 2288 
850 571 581 2453 
851 1425 1427 1891 
852 1315 1316 1709 
853 621 623 634 
854 581 583 584 
855 1627 1356 1968 
856 982 1411 1608 
857 982 981 983 
858 649 656 2654 
859 1089 1084 1090 
860 2109 1677 2131 
861 1992 2328 2329 
862 1066 1065 1067 
863 659 951 2560 
864 926 590 2524 
865 822 1746 1868 
866 731 1759 1805 
867 1043 1008 1044 
868 2087 1424 2572 
869 604 606 662 
870 512 571 1502 
871 1615 912 1619 
872 1443 1445 1840 
873 1843 2150 2934 
874 1623 803 2448 
875 991 1520 2445 
876 923 443 1655 
877 681 682 2832 
878 2273 2279 2280 
879 1838 1503 2826 
880 1625 370 1874 
881 1127 1195 2145 
882 1586 402 1755 
883 1578 1679 2010 
884 2258 2256 2259 
885 1891 1427 1993 
886 838 840 1569 
887 1360 1357 1389 
888 571 580 581 
889 2016 968 2144 
890 706 1822 2352 
891 1080 1074 1081 
892 462 453 1654 
893 1762 1761 1766 
894 1186 2261 2366 
895 1326 1432 1830 
896 1582 1583 2866 
897 1475 1653 1674 
898 1708 547 1811 
899 965 1555 1571 
900 1227 1638 2069 
901 1273 1992 2570 
902 1198 1333 1813 
903 1445 1457 1840 
904 1216 1214 1227 
905 938 1496 2169 
906 2436 2289 2438 
907 1115 1113 2101 
908 1223 1222 2941 
909 659 665 681 
910 2578 1075 2580 
911 1556 1512 2349 
912 1720 928 1721 
913 1291 1289 1293 
914 1834 1833 2116 
915 925 1738 2810 
916 1794 1501 2781 
917 2774 384 2888 
918 1876 1350 1877 
919 1837 1284 1838 
920 1384 1310 1634 
921 365 366 1603 
922 1476 2070 2071 
923 2113 1193 2512 
924 1220 1218 1221 
925 1580 1224 2886 
926 596 599 1362 
927 1045 1044 1046 
928 744 746 1763 
929 1247 2068 2941 
930 596 598 599 
931 1619 1348 2120 
932 1855 495 1858 
933 1048 1046 1049 
934 2061 2063 2449 
935 998 999 1003 
936 1039 1100 2675 
937 1270 1558 2673 
938 510 1502 2749 
939 1246 1245 2840 
940 1571 631 1844 
941 1068 1067 1820 
942 2217 1285 2414 
943 2239 2208 2634 
944 1786 932 1997 
945 1306 982 2724 
946 2413 1362 2614 
947 1896 2041 2578 
948 1050 1049 1051 
949 1462 1371 1706 
950 636 639 1418 
951 1147 1145 1188 
952 1041 1105 2623 
953 2428 2400 2476 
954 1138 1148 1517 
955 333 376 1800 
956 928 1720 1800 
957 2058 2061 2066 
958 967 2659 2917 
959 822 1678 1746 
960 740 1786 1997 
961 1191 2005 2801 
962 1978 1606 2534 
963 1771 814 2516 
964 707 2016 2144 
965 1644 1595 1645 
966 2295 1796 2297 
967 589 591 592 
968 653 2612 2614 
969 1264 1374 2809 
970 1814 1795 2627 
971 1935 1296 2897 
972 987 989 990 
973 1049 1057 1873 
974 1749 517 2320 
975 1517 818 1530 
976 1449 1447 1585 
977 1683 881 2037 
978 396 401 1586 
979 1677 1104 2176 
980 1366 1804 2615 
981 1674 462 2517 
982 401 402 1586 
983 985 987 2732 
984 2269 1196 2271 
985 1178 1182 1856 
986 1726 1727 1728 
987 1245 1241 2949 
988 1934 1932 2512 
989 699 700 2842 
990 890 926 1469 
991 386 1713 2562 
992 693 2402 2437 
993 347 386 1716 
994 382 1717 2529 
995 1655 1481 2700 
996 825 2352 2651 
997 1052 1051 1053 
998 316 1554 2451 
999 618 621 1431 
1000 991 993 1520 
1001 1054 1053 1060 
1002 1747 910 1846 
1003 2539 1180 2577 
1004 385 1560 1913 
1005 1600 2676 2774 
1006 339 1776 2720 
1007 1612 1548 2523 
1008 1770 1342 2172 
1009 714 1617 1901 
1010 1250 1209 1328 
1011 1832 2074 2450 
1012 955 954 2879 
1013 589 592 2911 
1014 1429 990 1529 
1015 510 512 1502 
1016 2269 2268 2491 
1017 1617 714 1697 
1018 1299 1416 1758 
1019 669 1557 2532 
1020 2212 2207 2343 
1021 1103 1197 1198 
1022 1387 1754 2013 
1023 1136 1135 2725 
1024 377 1550 1972 
1025 2054 2057 2065 
1026 1029 1031 2880 
1027 970 2506 2863 
1028 1192 1931 1933 
1029 508 510 532 
1030 1787 1890 2944 
1031 1925 1920 2420 
1032 1070 1068 1073 
1033 889 788 1825 
1034 1008 1005 1817 
1035 1030 2493 2803 
1036 1170 1168 1172 
1037 2058 2060 2061 
1038 1538 532 1556 
1039 1204 1181 1209 
1040 610 612 650 
1041 653 602 2768 
1042 1693 551 2672 
1043 1297 1533 2446 
1044 629 635 2074 
1045 1606 1978 2766 
1046 1492 1429 2498 
1047 1350 1323 1351 
1048 1641 1382 1642 
1049 1103 1198 1813 
1050 1373 1128 2843 
1051 1350 1351 1651 
1052 571 2453 2704 
1053 1943 500 2161 
1054 1465 1837 1838 
1055 1126 1102 1128 
1056 2057 2058 2066 
1057 1510 1293 2901 
1058 1877 1651 1976 
1059 1500 1847 2549 
1060 1770 473 2884 
1061 1793 853 2910 
1062 321 1790 2722 
1063 443 429 1655 
1064 1305 1044 2596 
1065 2417 627 2418 
1066 1504 1505 1703 
1067 643 645 663 
1068 692 695 696 
1069 1145 1388 2585 
1070 1569 965 1570 
1071 2438 2289 2681 
1072 2260 2255 2337 
1073 1554 316 2592 
1074 871 1747 1846 
1075 1407 1777 1863 
1076 2493 1433 2803 
1077 1785 1380 2864 
1078 1078 1308 2889 
1079 1167 1163 2748 
1080 1153 1150 1473 
1081 2543 375 2676 
1082 1783 876 2496 
1083 539 910 1678 
1084 1861 1991 2329 
1085 2202 1468 2661 
1086 379 1656 1657 
1087 1329 1328 1506 
1088 2112 1934 2512 
1089 454 410 1684 
1090 1198 1331 1332 
1091 808 809 2834 
1092 1733 1732 2378 
1093 395 1659 1847 
1094 812 1711 2869 
1095 1392 1390 2955 
1096 599 598 600 
1097 1487 1578 2010 
1098 2283 2510 2655 
1099 845 1690 1771 
1100 1201 1138 1517 
1101 1371 1369 1375 
1102 1314 1307 1604 
1103 1356 1525 1969 
1104 951 688 952 
1105 807 808 2834 
1106 1560 385 2544 
1107 2089 960 2659 
1108 2581 1984 2743 
1109 905 1763 1764 
1110 1340 1665 2773 
1111 604 662 1421 
1112 1392 1488 1489 
1113 2194 2191 2428 
1114 456 462 1674 
1115 1726 1728 1735 
1116 1137 1136 2725 
1117 392 1826 2627 
1118 652 641 1503 
1119 1422 1569 2754 
1120 1564 1491 1821 
1121 602 604 1421 
1122 1224 1223 2886 
1123 2459 610 2679 
1124 473 471 505 
1125 1231 1224 2813 
1126 1676 1358 2608 
1127 1315 1303 1316 
1128 488 1753 2488 
1129 1722 1071 2416 
1130 428 429 443 
1131 993 997 998 
1132 759 748 1760 
1133 1155 1194 2719 
1134 410 408 1684 
1135 475 473 1770 
1136 532 510 2749 
1137 777 1521 2687 
1138 2291 2288 2845 
1139 1664 2248 2854 
1140 1739 1652 2495 
1141 1063 1061 1065 
1142 1671 1885 1986 
1143 1496 2170 2577 
1144 1148 1149 1639 
1145 1793 391 2877 
1146 1649 1646 1724 
1147 1593 1595 1644 
1148 506 508 1537 
1149 1661 920 2392 
1150 494 506 1557 
1151 1570 965 1571 
1152 1532 1002 2856 
1153 1162 1159 2746 
1154 2270 2271 2287 
1155 1604 1191 2801 
1156 2259 2256 2260 
1157 1305 1567 2838 
1158 1163 1162 2748 
1159 1222 1221 2941 
1160 1250 1330 2548 
1161 1159 1158 2746 
1162 1071 1051 1565 
1163 1820 1067 2625 
1164 1351 1353 1582 
1165 954 952 2879 
1166 1385 1384 1562 
1167 512 570 571 
1168 2230 2229 2423 
1169 421 1635 1660 
1170 1133 1098 1134 
1171 696 699 2842 
1172 1144 1297 1388 
1173 1978 1020 2766 
1174 2116 1833 2148 
1175 602 603 604 
1176 1388 1297 1626 
1177 898 922 2333 
1178 1531 1002 1532 
1179 1823 1343 2566 
1180 1118 1275 1727 
1181 548 1382 1641 
1182 1174 1173 2942 
1183 2119 2129 2433 
1184 592 593 594 
1185 1686 1687 1771 
1186 1157 1155 2719 
1187 481 485 518 
1188 2281 1194 2510 
1189 1380 1785 2441 
1190 1368 1636 1966 
1191 1123 1265 1266 
1192 1399 1397 1744 
1193 1056 1834 2116 
1194 1727 1275 2638 
1195 1738 1737 2810 
1196 1465 1838 2653 
1197 791 889 1670 
1198 2068 1223 2941 
1199 518 1666 2717 
1200 396 367 401 
1201 379 327 1656 
1202 330 383 1659 
1203 2026 1581 2800 
1204 2090 1525 2684 
1205 954 1829 2650 
1206 2198 2197 2199 
1207 748 750 1760 
1208 702 704 2912 
1209 1923 2581 2743 
1210 953 688 2089 
1211 505 471 2076 
1212 1586 1755 2847 
1213 1182 1178 2956 
1214 1815 1313 2671 
1215 1460 1835 2412 
1216 1728 1730 1731 
1217 1819 1073 1820 
1218 1291 1293 1294 
1219 1714 847 1999 
1220 2333 922 2645 
1221 1646 1595 1724 
1222 386 348 1713 
1223 1021 1029 1034 
1224 1787 1478 1890 
1225 2197 2194 2476 
1226 999 1002 1531 
1227 541 539 1678 
1228 1512 1363 2522 
1229 547 1708 2726 
1230 420 423 1635 
1231 1736 1731 2374 
1232 1071 1722 2341 
1233 1149 1139 2670 
1234 1888 2417 2418 
1235 1057 1046 1305 
1236 1231 1232 1233 
1237 485 487 1541 
1238 369 370 1625 
1239 1080 1081 1082 
1240 1716 386 2015 
1241 1926 1925 1927 
1242 1645 1646 1647 
1243 1714 1712 1803 
1244 700 772 2430 
1245 1397 1519 1744 
1246 2271 2277 2287 
1247 1114 1118 1726 
1248 515 1650 2139 
1249 1241 1245 1246 
1250 2083 1969 2090 
1251 386 1559 2015 
1252 469 467 821 
1253 629 633 635 
1254 1332 1508 1509 
1255 425 427 428 
1256 1369 1039 2675 
1257 1473 1150 2350 
1258 1299 1134 1300 
1259 1185 2256 2258 
1260 618 1431 2760 
1261 869 963 965 
1262 1447 1584 1585 
1263 1754 1387 2585 
1264 2480 1576 2498 
1265 433 435 495 
1266 1663 1168 2854 
1267 417 416 418 
1268 415 414 416 
1269 397 1814 1851 
1270 1161 2287 2387 
1271 1274 1532 2397 
1272 413 412 414 
1273 1794 1472 2644 
1274 411 410 412 
1275 2393 2322 2960 
1276 739 1619 2160 
1277 1390 1389 1676 
1278 1471 2322 2393 
1279 2854 2248 2951 
1280 2231 2063 2508 
1281 409 408 410 
1282 419 418 420 
1283 2259 2260 2337 
1284 590 589 2524 
1285 1189 1286 1287 
1286 1031 1027 1032 
1287 1665 1340 2803 
1288 639 652 1418 
1289 700 701 702 
1290 2258 2259 2415 
1291 1071 1565 1673 
1292 1557 1537 1835 
1293 759 1762 1763 
1294 2412 1835 2844 
1295 681 665 682 
1296 679 1902 2097 
1297 1089 1090 1091 
1298 2701 1658 2896 
1299 1266 1356 1357 
1300 965 963 1555 
1301 1621 679 2432 
1302 1360 1389 1390 
1303 1057 1640 2898 
1304 1147 1188 1189 
1305 1035 1029 2880 
1306 1590 1588 2546 
1307 1601 2543 2676 
1308 1283 2408 2914 
1309 995 1975 1990 
1310 1519 1396 1695 
1311 579 513 1965 
1312 631 1571 2874 
1313 1521 777 1523 
1314 1814 1618 1851 
1315 641 643 1503 
1316 1792 1793 2910 
1317 2166 2230 2481 
1318 1294 1510 1511 
1319 428 427 429 
1320 1568 495 2907 
1321 664 836 1675 
1322 379 1657 1827 
1323 1264 1128 1373 
1324 2478 1072 2480 
1325 1994 933 2171 
1326 487 669 1541 
1327 1894 1509 1895 
1328 1428 1492 2406 
1329 1564 1563 2686 
1330 469 821 2850 
1331 2076 469 2850 
1332 1792 1751 2183 
1333 582 563 1752 
1334 401 380 402 
1335 1451 1449 1458 
1336 1242 2226 2707 
1337 1645 1595 1646 
1338 964 1621 1748 
1339 683 682 687 
1340 1276 1132 1277 
1341 1447 1444 1584 
1342 1545 499 2426 
1343 1608 1740 2724 
1344 621 634 1431 
1345 821 467 2952 
1346 990 989 991 
1347 2251 2249 2366 
1348 2280 2281 2282 
1349 1857 1420 2679 
1350 1953 1956 2472 
1351 1669 761 1752 
1352 1442 1440 1461 
1353 594 595 596 
1354 881 1683 2701 
1355 1411 1612 2523 
1356 1666 1441 2717 
1357 1951 1962 1963 
1358 1893 1509 1894 
1359 1222 1223 1224 
1360 1672 889 2593 
1361 867 972 973 
1362 1504 1329 1505 
1363 1209 1181 2868 
1364 2321 875 2322 
1365 1647 1648 1650 
1366 1173 1172 2942 
1367 350 382 1712 
1368 1587 1586 1588 
1369 1681 872 1769 
1370 1396 1694 1695 
1371 973 980 981 
1372 602 600 603 
1373 1656 395 1658 
1374 2170 1906 2577 
1375 2167 2163 2185 
1376 1700 1642 2565 
1377 920 1661 2452 
1378 681 688 951 
1379 487 490 669 
1380 1135 1096 2916 
1381 2054 2056 2057 
1382 1005 1003 1010 
1383 1840 518 2717 
1384 887 950 1692 
1385 764 872 1681 
1386 1673 1292 1869 
1387 1281 1859 2596 
1388 613 1706 2130 
1389 2018 1854 2519 
1390 913 911 1614 
1391 575 969 1702 
1392 905 1764 1768 
1393 650 612 1524 
1394 429 431 1655 
1395 2017 1472 2781 
1396 407 406 408 
1397 2379 2375 2380 
1398 1316 1497 1709 
1399 1641 1642 1684 
1400 1684 1642 1685 
1401 2271 1196 2272 
1402 1609 928 1800 
1403 1004 1008 1043 
1404 1589 1588 1590 
1405 1667 1008 2673 
1406 2064 2186 2508 
1407 1813 1333 1937 
1408 1022 985 2732 
1409 499 1545 2887 
1410 1741 1742 1743 
1411 994 1964 2003 
1412 1609 376 2674 
1413 1444 1442 1584 
1414 1902 940 2097 
1415 1796 1252 2296 
1416 1618 387 1851 
1417 376 334 1688 
1418 1160 2387 2921 
1419 1427 1467 1993 
1420 1671 1670 1672 
1421 1582 1353 1583 
1422 1918 1941 1944 
1423 1754 1626 2040 
1424 1178 1177 2956 
1425 1188 1145 2585 
1426 1490 1375 1491 
1427 1505 1507 1782 
1428 881 2701 2896 
1429 690 687 691 
1430 1313 1815 2880 
1431 2140 2053 2778 
1432 396 1586 1587 
1433 678 1741 1886 
1434 823 1700 2565 
1435 1746 1543 1868 
1436 1615 2136 2772 
1437 636 638 639 
1438 818 1517 2506 
1439 769 1828 2846 
1440 1647 1646 1648 
1441 1370 1462 1494 
1442 2159 1263 2490 
1443 746 759 1763 
1444 855 861 911 
1445 409 410 411 
1446 411 412 413 
1447 413 414 415 
1448 1489 1488 2118 
1449 840 869 1569 
1450 506 1537 1557 
1451 412 454 1689 
1452 1480 1852 1853 
1453 415 416 417 
1454 1093 1091 2747 
1455 911 912 1615 
1456 1453 1451 1578 
1457 1451 1458 1578 
1458 1129 1144 1145 
1459 1084 1082 1813 
1460 1128 1102 2843 
1461 1815 1035 2880 
1462 2195 2194 2197 
1463 407 801 1755 
1464 2333 1410 2457 
1465 1817 1270 2673 
1466 2226 2221 2707 
1467 1296 2535 2536 
1468 765 1994 2171 
1469 786 785 855 
1470 1593 1591 1595 
1471 869 965 1569 
1472 1199 2611 2612 
1473 2268 1263 2491 
1474 1446 1444 1447 
1475 1034 1035 1037 
1476 407 408 409 
1477 1859 1281 2388 
1478 2082 1313 2880 
1479 1007 2011 2807 
1480 353 390 1718 
1481 1223 1581 2886 
1482 1713 1712 1714 
1483 1895 1076 2765 
1484 1448 1447 1449 
1485 1669 1752 2144 
1486 1701 754 2455 
1487 516 1544 2426 
1488 2229 1259 2423 
1489 606 610 2459 
1490 1527 2132 2133 
1491 1486 1453 1487 
1492 1105 1191 2623 
1493 589 584 591 
1494 1512 834 2349 
1495 2226 2222 2551 
1496 2111 1896 2765 
1497 2408 2477 2856 
1498 1698 931 1699 
1499 754 1701 2794 
1500 417 418 419 
1501 402 403 404 
1502 1220 1221 1222 
1503 1396 901 1694 
1504 456 453 462 
1505 1764 1765 1828 
1506 761 1669 1750 
1507 725 831 1759 
1508 1055 1976 2767 
1509 2013 1754 2040 
1510 1070 1073 1074 
1511 1719 907 1745 
1512 1832 626 2074 
1513 1509 1508 2698 
1514 421 420 1635 
1515 950 1670 1671 
1516 1578 1458 1679 
1517 437 440 1633 
1518 1292 1565 1873 
1519 836 1422 1675 
1520 467 1653 2952 
1521 872 904 1802 
1522 1195 1127 2873 
1523 1527 1387 2458 
1524 1309 1310 1312 
1525 1620 594 2667 
1526 2144 1752 2946 
1527 1499 1500 1870 
1528 667 590 890 
1529 1149 1430 1639 
1530 1168 1167 2854 
1531 467 464 1653 
1532 2343 956 2637 
1533 1243 165 2224 
1534 1531 1532 2556 
1535 994 1973 2004 
1536 813 1980 2095 
1537 1155 1153 2510 
1538 1126 1128 1129 
1539 416 931 1698 
1540 404 407 1755 
1541 419 420 421 
1542 1828 769 2317 
1543 1830 1059 2151 
1544 1330 1504 1796 
1545 1275 1829 2102 
1546 814 1701 2455 
1547 1653 458 1674 
1548 1596 1593 1644 
1549 621 622 623 
1550 639 640 641 
1551 1351 1582 2767 
1552 2265 2601 2696 
1553 404 405 406 
1554 1632 437 1633 
1555 479 481 1839 
1556 830 443 923 
1557 1034 1270 1947 
1558 1021 1034 1947 
1559 1499 1870 2841 
1560 2252 1185 2257 
1561 404 406 407 
1562 440 442 500 
1563 1490 1491 1781 
1564 1832 1339 2527 
1565 1393 1607 1808 
1566 581 580 583 
1567 2173 906 2515 
1568 1962 1951 2001 
1569 1896 1895 2765 
1570 1532 1498 2397 
1571 571 570 580 
1572 2250 2249 2251 
1573 831 723 1849 
1574 1520 998 2742 
1575 1934 2112 2602 
1576 562 1660 1661 
1577 1037 1039 1040 
1578 618 620 621 
1579 836 838 1422 
1580 1057 1305 2838 
1581 1496 938 2170 
1582 1011 1010 1012 
1583 1980 1367 2095 
1584 784 735 785 
1585 761 582 1752 
1586 366 396 1603 
1587 912 1348 1619 
1588 1481 1855 1858 
1589 569 567 822 
1590 1903 1783 2496 
1591 1991 1861 2312 
1592 1758 2110 2777 
1593 476 2120 2351 
1594 495 435 1632 
1595 1653 1475 2952 
1596 1205 2140 2778 
1597 950 844 1670 
1598 2034 2239 2634 
1599 1614 911 1615 
1600 2411 1831 2922 
1601 2028 2024 2427 
1602 449 421 1660 
1603 1741 891 1742 
1604 1031 2082 2880 
1605 383 1720 1721 
1606 1725 531 2859 
1607 1511 1510 1833 
1608 2286 2280 2291 
1609 1588 1586 2847 
1610 1312 1384 1385 
1611 1415 2119 2128 
1612 1097 1096 2574 
1613 1651 1351 2767 
1614 577 1737 1738 
1615 567 541 1678 
1616 1587 1588 1589 
1617 451 449 562 
1618 1210 1213 1214 
1619 2602 1 2603 
1620 1721 874 1870 
1621 995 1978 2534 
1622 635 633 636 
1623 1575 1014 2147 
1624 1657 1656 1658 
1625 2685 1929 2860 
1626 1589 1590 1591 
1627 492 475 2172 
1628 468 467 469 
1629 1307 1041 2623 
1630 855 785 861 
1631 855 911 913 
1632 1968 1356 1969 
1633 1585 1584 1691 
1634 2193 2191 2194 
1635 453 451 1654 
1636 513 511 1965 
1637 1610 343 2597 
1638 900 1692 1693 
1639 1440 1436 2072 
1640 1040 1101 1102 
1641 1414 1277 2433 
1642 1429 1529 2480 
1643 458 456 1674 
1644 623 625 626 
1645 1196 2269 2491 
1646 1885 551 1986 
1647 1471 882 1749 
1648 1150 1149 2670 
1649 462 1546 2517 
1650 844 791 1670 
1651 2039 1297 2446 
1652 765 1650 1994 
1653 470 469 471 
1654 1078 1309 2082 
1655 1041 1032 1042 
1656 2196 1255 2731 
1657 1852 1480 1858 
1658 431 433 1855 
1659 1178 1856 2868 
1660 368 380 401 
1661 328 395 1656 
1662 395 329 1659 
1663 1067 1123 2625 
1664 1678 910 1746 
1665 575 573 969 
1666 767 737 1794 
1667 1712 382 1803 
1668 1930 1927 2499 
1669 2282 2284 2402 
1670 2147 1111 2568 
1671 910 537 1846 
1672 1066 1067 1068 
1673 1402 1399 1744 
1674 2408 1629 2914 
1675 1296 1935 2535 
1676 564 733 1719 
1677 1637 2168 2890 
1678 2641 2330 2642 
1679 387 1618 1995 
1680 810 1773 1914 
1681 1591 1590 1724 
1682 2028 2427 2668 
1683 1426 1636 1980 
1684 1715 346 1716 
1685 1204 1209 1210 
1686 2280 2288 2291 
1687 472 471 473 
1688 998 997 999 
1689 2254 2261 2699 
1690 1903 726 2865 
1691 391 1791 2542 
1692 1043 1044 1045 
1693 861 785 1805 
1694 2061 2060 2062 
1695 349 1712 1713 
1696 1833 608 2148 
1697 1731 1730 1865 
1698 2063 2062 2064 
1699 656 658 659 
1700 1310 1309 2889 
1701 2323 685 2762 
1702 2129 1415 2355 
1703 1470 1471 2393 
1704 2169 1324 2734 
1705 900 895 1692 
1706 1450 1449 1451 
1707 402 380 403 
1708 1157 1158 1159 
1709 1045 1046 1048 
1710 1566 2592 2895 
1711 643 663 2826 
1712 381 345 1715 
1713 546 1784 1977 
1714 1098 1065 2369 
1715 1233 1255 2587 
1716 1468 2202 2649 
1717 435 437 1632 
1718 2150 1492 2934 
1719 1347 861 1805 
1720 913 1614 1616 
1721 2166 2229 2230 
1722 451 562 1654 
1723 1922 1920 1925 
1724 711 891 1741 
1725 1650 515 2447 
1726 1469 926 2651 
1727 474 473 475 
1728 791 788 889 
1729 911 861 912 
1730 1711 812 2514 
1731 764 848 872 
1732 497 492 516 
1733 1768 438 2138 
1734 750 753 1760 
1735 753 764 1681 
1736 852 907 1719 
1737 423 425 1900 
1738 807 805 808 
1739 1063 1065 1066 
1740 1515 1982 2929 
1741 895 887 1692 
1742 534 779 1809 
1743 420 422 423 
1744 1623 2448 2750 
1745 663 645 1643 
1746 2553 2159 2758 
1747 2230 2422 2839 
1748 1058 2045 2607 
1749 1048 1049 1050 
1750 1471 2320 2322 
1751 1241 1239 2949 
1752 2522 1526 2935 
1753 822 567 1678 
1754 1096 1135 1136 
1755 479 480 481 
1756 1822 1469 2352 
1757 1767 460 2365 
1758 1309 1313 2082 
1759 569 822 2099 
1760 1535 1260 2492 
1761 1570 1571 1844 
1762 2151 1058 2607 
1763 346 347 1716 
1764 562 449 1660 
1765 383 331 1720 
1766 2022 1226 2427 
1767 1692 950 1986 
1768 922 1811 2645 
1769 882 858 1749 
1770 382 351 1717 
1771 1105 1042 1106 
1772 1686 1685 1687 
1773 1533 1611 2785 
1774 344 345 381 
1775 350 351 382 
1776 347 348 386 
1777 2127 1278 2424 
1778 491 475 492 
1779 1091 1127 2747 
1780 1308 1325 2835 
1781 2181 2065 2236 
1782 1765 1766 1767 
1783 784 785 786 
1784 1904 1783 2447 
1785 1738 925 2017 
1786 1784 2393 2960 
1787 804 443 830 
1788 969 573 2099 
1789 429 430 431 
1790 835 2017 2781 
1791 1519 2149 2751 
1792 1760 1681 1761 
1793 733 852 1719 
1794 325 1831 2411 
1795 1724 1590 1725 
1796 649 655 656 
1797 428 443 804 
1798 368 369 380 
1799 326 327 379 
1800 366 367 396 
1801 328 329 395 
1802 311 312 385 
1803 333 334 376 
1804 330 331 383 
1805 361 362 375 
1806 364 365 384 
1807 314 315 377 
1808 308 309 378 
1809 835 713 1738 
1810 692 708 2304 
1811 2120 962 2351 
1812 1766 1761 2789 
1813 889 1622 2593 
1814 1941 1918 2743 
1815 2102 1829 2572 
1816 855 913 1825 
1817 1932 1930 1939 
1818 2647 2002 2712 
1819 600 1675 2434 
1820 1170 1172 1173 
1821 1650 765 2139 
1822 2157 2278 2384 
1823 688 681 2832 
1824 1697 714 1915 
1825 1226 2022 2141 
1826 2557 1536 2737 
1827 389 1610 2038 
1828 1446 1447 1448 
1829 1410 2333 2645 
1830 375 1630 2721 
1831 1644 1903 2865 
1832 423 424 425 
1833 1404 1402 1704 
1834 2077 1676 2837 
1835 1143 1417 1629 
1836 604 605 606 
1837 1555 1748 2780 
1838 406 548 1641 
1839 1389 2115 2837 
1840 2168 1637 2550 
1841 1744 1519 2751 
1842 922 949 1811 
1843 431 432 433 
1844 2131 1677 2576 
1845 1748 680 2780 
1846 425 426 427 
1847 1882 1325 1883 
1848 1502 571 2704 
1849 1050 1051 1052 
1850 907 908 1682 
1851 1172 2257 2942 
1852 1599 1597 1772 
1853 349 350 1712 
1854 1423 575 1702 
1855 906 2182 2515 
1856 1707 779 1708 
1857 1631 2356 2830 
1858 735 731 1805 
1859 856 1542 1848 
1860 1617 1404 1704 
1861 408 1641 1684 
1862 957 954 958 
1863 683 960 2756 
1864 818 2506 2812 
1865 1746 910 1747 
1866 1704 1402 1744 
1867 713 577 1738 
1868 433 434 435 
1869 983 984 985 
1870 1489 2119 2433 
1871 1101 1370 1878 
1872 596 597 598 
1873 1783 1647 2447 
1874 2398 1556 2749 
1875 1309 1078 2889 
1876 1602 1599 1772 
1877 380 369 1625 
1878 1406 1404 1617 
1879 1271 1112 2180 
1880 408 406 1641 
1881 931 1690 1699 
1882 852 892 907 
1883 466 464 467 
1884 1259 2550 2950 
1885 412 410 454 
1886 1567 1305 1859 
1887 2063 2064 2508 
1888 1834 1583 1871 
1889 1206 2298 2301 
1890 2488 1753 2618 
1891 1173 1174 1175 
1892 1645 1647 1783 
1893 887 844 950 
1894 1238 1233 2706 
1895 2607 2045 2936 
1896 494 502 506 
1897 1054 1060 1061 
1898 1557 1835 2532 
1899 811 812 2869 
1900 1468 2587 2661 
1901 404 403 405 
1902 1911 1311 1998 
1903 335 394 1688 
1904 1928 1927 1930 
1905 1537 1538 1835 
1906 416 414 931 
1907 1387 1188 2585 
1908 402 404 1755 
1909 1270 1817 1947 
1910 1175 1177 1178 
1911 1494 1462 1854 
1912 1052 1053 1054 
1913 1685 1642 1700 
1914 2448 526 2750 
1915 1033 1143 2407 
1916 1751 1792 2910 
1917 2039 1298 2091 
1918 1795 392 2627 
1919 626 628 629 
1920 907 1682 1745 
1921 461 478 479 
1922 913 1622 1825 
1923 897 895 900 
1924 2197 2476 2905 
1925 1060 1705 2628 
1926 1714 1803 2616 
1927 1595 1591 1724 
1928 623 626 1832 
1929 1457 1839 1840 
1930 869 870 963 
1931 1769 872 2788 
1932 2545 2035 2595 
1933 872 1802 2788 
1934 755 758 1818 
1935 1742 1787 2944 
1936 1093 1484 2916 
1937 2054 2065 2778 
1938 650 1857 2679 
1939 2088 2089 2659 
1940 2441 399 2784 
1941 1706 1996 2729 
1942 2053 2054 2778 
1943 1074 1073 1808 
1944 1717 352 1718 
1945 1470 2393 2644 
1946 420 418 422 
1947 1956 1959 2541 
1948 2481 2230 2839 
1949 612 616 1524 
1950 2108 587 2325 
1951 976 2090 2684 
1952 731 728 1759 
1953 872 848 904 
1954 1765 1762 1766 
1955 2050 2053 2525 
1956 809 811 2869 
1957 1652 1279 1857 
1958 1505 1506 1507 
1959 1452 1451 1453 
1960 1508 2176 2698 
1961 1654 562 2792 
1962 840 868 869 
1963 1631 2127 2733 
1964 998 1004 2742 
1965 728 725 1759 
1966 1885 1671 2858 
1967 650 1524 2954 
1968 1351 1352 1353 
1969 1658 395 1847 
1970 1659 383 2549 
1971 548 929 1382 
1972 702 703 704 
1973 1894 1895 1896 
1974 1774 398 1775 
1975 348 349 1713 
1976 327 328 1656 
1977 367 368 401 
1978 329 330 1659 
1979 359 393 1779 
1980 1014 2101 2147 
1981 1406 1617 1697 
1982 352 353 1718 
1983 406 405 548 
1984 566 767 1784 
1985 1897 1896 1898 
1986 2119 1415 2129 
1987 596 1362 2667 
1988 585 590 667 
1989 1113 1111 2147 
1990 399 1884 2784 
1991 1464 1718 2135 
1992 692 691 695 
1993 464 458 1653 
1994 564 1719 2125 
1995 2546 1588 2847 
1996 846 830 919 
1997 592 591 593 
1998 1563 1562 1988 
1999 2158 2154 2246 
2000 1582 1970 2767 
2001 974 1758 2563 
2002 753 1681 1760 
2003 831 1849 1850 
2004 891 1662 1787 
2005 734 731 735 
2006 1602 1772 1773 
2007 771 713 835 
2008 1483 1406 1697 
2009 2536 2535 2602 
2010 2137 2049 2525 
2011 678 711 1741 
2012 591 584 2332 
2013 1628 923 2937 
2014 334 335 1688 
2015 876 1783 1904 
2016 448 421 449 
2017 1100 1035 1815 
2018 949 1708 1811 
2019 2390 1549 2776 
2020 1970 1582 2866 
2021 1439 1436 1440 
2022 1441 1440 1442 
2023 1788 400 1789 
2024 558 2007 2891 
2025 1183 1860 2828 
2026 1121 1536 2557 
2027 2267 2270 2601 
2028 1592 1591 1593 
2029 1792 1791 1793 
2030 2205 2203 2540 
2031 1644 1645 1903 
2032 481 484 485 
2033 1224 1580 2813 
2034 606 609 610 
2035 2228 2164 2481 
2036 506 507 508 
2037 345 346 1715 
2038 2050 2052 2053 
2039 568 567 569 
2040 1082 1103 1813 
2041 1095 1548 2591 
2042 646 1679 2487 
2043 2750 526 2858 
2044 711 820 891 
2045 539 537 910 
2046 1470 882 1471 
2047 332 333 1800 
2048 1397 1396 1519 
2049 967 2656 2657 
2050 985 986 987 
2051 1680 313 2815 
2052 2410 2260 2699 
2053 1132 1081 1607 
2054 1898 1896 2578 
2055 2207 2212 2913 
2056 1448 1449 1450 
2057 1316 1317 1318 
2058 2072 1436 2924 
2059 1350 1651 1877 
2060 725 723 831 
2061 1759 831 2584 
2062 1789 1791 1792 
2063 730 728 731 
2064 1676 1389 2837 
2065 740 742 1786 
2066 1594 1593 1596 
2067 973 972 980 
2068 331 332 1720 
2069 1562 1384 2677 
2070 1362 653 2614 
2071 2204 2203 2205 
2072 481 518 1839 
2073 1133 1327 2948 
2074 2031 2668 2849 
2075 2460 1199 2613 
2076 2223 1268 2709 
2077 1927 2405 2631 
2078 1964 994 2004 
2079 1382 1799 2565 
2080 1902 1621 2626 
2081 737 854 1794 
2082 351 352 1717 
2083 577 560 1737 
2084 450 449 451 
2085 608 1833 2740 
2086 783 735 784 
2087 1395 901 1396 
2088 485 486 487 
2089 335 336 394 
2090 359 360 393 
2091 1454 1453 1486 
2092 599 653 1362 
2093 337 398 1774 
2094 1388 1626 1754 
2095 572 569 573 
2096 901 900 1694 
2097 305 392 1795 
2098 385 312 2544 
2099 1931 1930 1932 
2100 1690 1686 1771 
2101 1854 1036 2763 
2102 2592 388 2895 
2103 1945 1885 2858 
2104 487 489 490 
2105 1657 1658 2701 
2106 824 927 2084 
2107 1711 1306 1740 
2108 1119 1115 2101 
2109 1324 1495 2504 
2110 1596 2014 2622 
2111 907 892 908 
2112 900 1693 1694 
2113 856 918 1542 
2114 906 2173 2600 
2115 552 541 567 
2116 1611 1374 2346 
2117 2402 2284 2437 
2118 1385 1562 1563 
2119 835 1738 2017 
2120 394 336 1774 
2121 1503 643 2826 
2122 666 833 1801 
2123 1523 777 2571 
2124 1535 2492 2770 
2125 1551 1553 1669 
2126 2289 1473 2537 
2127 531 1725 1812 
2128 610 611 612 
2129 964 1345 1621 
2130 1571 1572 2874 
2131 1597 1596 2622 
2132 1421 662 2460 
2133 311 385 1804 
2134 358 359 1779 
2135 1789 400 1790 
2136 2247 2248 2902 
2137 428 804 1900 
2138 452 451 453 
2139 943 2135 2864 
2140 1315 1710 2462 
2141 2221 2219 2707 
2142 1003 999 1531 
2143 610 650 2679 
2144 1976 1651 2767 
2145 812 866 867 
2146 1697 1915 2311 
2147 2200 2199 2203 
2148 304 305 1795 
2149 2659 960 2917 
2150 944 738 2242 
2151 1732 152 2579 
2152 785 735 1805 
2153 355 399 1785 
2154 1682 908 1683 
2155 435 436 437 
2156 543 534 1809 
2157 621 620 622 
2158 758 878 1818 
2159 566 737 767 
2160 1159 1162 1163 
2161 1163 1167 1168 
2162 1747 871 2618 
2163 546 566 1784 
2164 854 1501 1794 
2165 742 744 905 
2166 1318 1319 1320 
2167 1403 1402 1404 
2168 1789 1790 1791 
2169 2348 1437 2728 
2170 2273 2272 2279 
2171 1199 2612 2613 
2172 912 1347 1348 
2173 1761 1681 1769 
2174 1775 1776 1777 
2175 1401 1399 1402 
2176 1775 398 1776 
2177 508 509 510 
2178 664 773 836 
2179 2108 2061 2449 
2180 1865 1730 2367 
2181 414 412 1689 
2182 1002 1019 2856 
2183 1558 1270 2454 
2184 2394 1895 2395 
2185 1929 2610 2860 
2186 862 1336 2469 
2187 1814 397 1887 
2188 2027 2024 2028 
2189 897 900 901 
2190 927 1419 2372 
2191 156 1734 2619 
2192 594 596 2667 
2193 353 354 390 
2194 341 342 389 
2195 1601 1599 1602 
2196 854 1499 1501 
2197 1563 1988 1989 
2198 390 354 1785 
2199 1662 919 2518 
2200 1027 1013 1575 
2201 418 416 1698 
2202 768 2333 2457 
2203 923 1655 2700 
2204 1977 1784 2960 
2205 775 757 823 
2206 455 453 456 
2207 1450 1451 1452 
2208 534 528 779 
2209 1405 1404 1406 
2210 319 400 1788 
2211 594 593 595 
2212 795 798 1806 
2213 641 642 643 
2214 317 318 388 
2215 323 324 391 
2216 371 372 387 
2217 305 306 392 
2218 1748 1621 2432 
2219 1320 1322 1323 
2220 1631 1414 2356 
2221 375 362 2676 
2222 1661 1660 2589 
2223 1933 1932 1934 
2224 746 748 759 
2225 1781 2686 2807 
2226 388 318 1788 
2227 858 579 1965 
2228 310 311 1804 
2229 393 2721 2798 
2230 1658 1847 2896 
2231 1023 1911 1998 
2232 656 659 2560 
2233 878 1425 1426 
2234 1552 377 2451 
2235 1720 332 1800 
2236 1735 1731 1736 
2237 407 409 801 
2238 1742 891 1787 
2239 1572 2085 2409 
2240 2057 2056 2058 
2241 336 337 1774 
2242 662 606 2459 
2243 355 356 399 
2244 833 2522 2935 
2245 354 355 1785 
2246 1482 1406 1483 
2247 510 511 512 
2248 2395 1509 2698 
2249 1789 1792 2183 
2250 429 427 430 
2251 2254 2251 2261 
2252 344 381 2597 
2253 1382 929 1799 
2254 987 988 989 
2255 604 603 605 
2256 919 1628 2518 
2257 1664 2553 2758 
2258 1443 1442 1444 
2259 337 338 398 
2260 1636 1426 2364 
2261 318 319 1788 
2262 466 467 468 
2263 788 786 1825 
2264 319 320 400 
2265 373 374 397 
2266 958 954 2650 
2267 526 1945 2858 
2268 364 384 2774 
2269 2161 500 2876 
2270 2613 653 2768 
2271 2203 2199 2555 
2272 2252 2251 2254 
2273 479 478 480 
2274 2526 389 2959 
2275 396 1587 1603 
2276 933 417 2171 
2277 468 469 470 
2278 849 1778 1780 
2279 787 786 788 
2280 1640 1057 2838 
2281 596 595 597 
2282 639 638 640 
2283 2030 2028 2031 
2284 1605 1604 2801 
2285 574 573 575 
2286 1539 883 1540 
2287 587 2108 2449 
2288 550 543 554 
2289 2530 1379 2954 
2290 470 471 472 
2291 500 442 2876 
2292 2478 2480 2918 
2293 761 1750 1910 
2294 2491 1263 2748 
2295 433 495 1855 
2296 371 387 1874 
2297 1699 845 2761 
2298 1300 1302 1303 
2299 521 519 547 
2300 1332 1509 1893 
2301 557 555 558 
2302 1253 2234 2468 
2303 554 543 1809 
2304 472 473 474 
2305 411 413 531 
2306 804 916 1900 
2307 387 372 1851 
2308 361 375 2721 
2309 559 558 560 
2310 2470 1585 2806 
2311 1635 423 2943 
2312 1334 2373 2657 
2313 753 756 764 
2314 1044 1667 2596 
2315 1083 1082 1084 
2316 2298 1206 2482 
2317 730 731 734 
2318 750 752 753 
2319 1577 1326 2607 
2320 2175 2164 2228 
2321 878 1426 1818 
2322 1775 1407 2947 
2323 1395 1396 1397 
2324 793 795 1806 
2325 963 964 1748 
2326 474 475 491 
2327 1541 669 2688 
2328 786 855 1825 
2329 1011 1021 1947 
2330 1622 1616 1623 
2331 1446 1448 1943 
2332 1867 394 2947 
2333 824 902 927 
2334 2049 2137 2146 
2335 1718 390 2135 
2336 1555 963 1748 
2337 1669 1553 1750 
2338 827 1799 2929 
2339 891 820 1662 
2340 944 2242 2386 
2341 742 905 1786 
2342 659 661 665 
2343 1648 1646 1649 
2344 1031 1078 2082 
2345 991 992 993 
2346 1581 2067 2800 
2347 1589 1591 1592 
2348 2413 1620 2667 
2349 373 397 1851 
2350 793 1806 1841 
2351 1328 1209 2868 
2352 2182 1408 2515 
2353 733 851 852 
2354 415 417 933 
2355 1445 1444 1446 
2356 1606 1605 2534 
2357 423 422 424 
2358 1708 779 2726 
2359 326 379 1831 
2360 629 632 633 
2361 491 492 496 
2362 927 1412 1419 
2363 1327 2104 2105 
2364 875 2321 2360 
2365 1991 1992 2329 
2366 869 868 870 
2367 804 830 846 
2368 1540 883 1798 
2369 762 862 1823 
2370 1363 890 1526 
2371 431 430 432 
2372 2135 943 2598 
2373 2121 1047 2866 
2374 1228 2186 2232 
2375 764 778 848 
2376 1288 1287 1289 
2377 325 326 1831 
2378 789 788 791 
2379 2267 2269 2270 
2380 423 1900 2943 
2381 576 560 577 
2382 1660 1635 2589 
2383 1391 1390 1392 
2384 852 865 892 
2385 552 567 568 
2386 846 919 920 
2387 734 735 783 
2388 490 493 494 
2389 1485 2002 2647 
2390 419 421 448 
2391 1728 1727 1729 
2392 968 1551 2144 
2393 1452 1453 1454 
2394 457 456 458 
2395 1401 1402 1403 
2396 433 432 434 
2397 1354 1352 2416 
2398 1527 2359 2730 
2399 1575 2147 2568 
2400 460 1767 2386 
2401 2124 976 2684 
2402 2031 2028 2668 
2403 656 655 658 
2404 1384 1634 1911 
2405 561 1704 2751 
2406 1474 1197 2733 
2407 843 791 844 
2408 1403 1404 1405 
2409 2186 2064 2547 
2410 425 424 426 
2411 516 492 2172 
2412 1975 995 2534 
2413 712 577 713 
2414 1752 563 1948 
2415 568 569 572 
2416 578 762 1823 
2417 471 469 2076 
2418 435 434 436 
2419 602 1421 2768 
2420 1497 1318 2520 
2421 309 310 1966 
2422 1448 1485 1943 
2423 905 1768 1786 
2424 307 308 1891 
2425 652 1503 2390 
2426 1114 1116 1118 
2427 1019 2407 2408 
2428 1594 1596 1597 
2429 795 797 798 
2430 766 575 1423 
2431 437 439 440 
2432 1085 2499 2633 
2433 473 505 2884 
2434 696 695 699 
2435 1777 2526 2959 
2436 862 921 1336 
2437 1405 1406 1482 
2438 1439 1440 1441 
2439 700 699 701 
2440 1059 1830 2775 
2441 801 409 1812 
2442 306 307 1993 
2443 512 513 570 
2444 2407 1629 2408 
2445 1749 858 1965 
2446 1592 1593 1594 
2447 1611 2142 2143 
2448 2298 1208 2301 
2449 847 1714 2616 
2450 963 870 964 
2451 1290 1289 1291 
2452 1750 1751 1910 
2453 1973 1974 2004 
2454 1365 1366 2615 
2455 886 844 887 
2456 1913 1365 2615 
2457 768 591 2332 
2458 762 857 862 
2459 1852 1486 1853 
2460 1506 1328 1856 
2461 1130 1090 1937 
2462 626 629 2074 
2463 896 895 897 
2464 849 1365 1778 
2465 1782 2323 2762 
2466 1009 2013 2040 
2467 946 944 2386 
2468 894 887 895 
2469 890 1469 1526 
2470 425 428 1900 
2471 1454 1486 1852 
2472 1830 2151 2607 
2473 612 615 616 
2474 357 358 1884 
2475 670 580 2106 
2476 1542 918 1543 
2477 929 1513 1799 
2478 303 304 1887 
2479 1848 1542 2358 
2480 2011 1781 2807 
2481 388 1788 2183 
2482 722 720 723 
2483 448 449 450 
2484 1624 702 2912 
2485 548 879 929 
2486 1486 1487 2861 
2487 580 570 2106 
2488 2206 2205 2209 
2489 1102 1101 2843 
2490 912 861 1347 
2491 1553 1566 1750 
2492 1096 1093 2916 
2493 876 1904 2177 
2494 623 622 625 
2495 403 380 1625 
2496 2299 947 2604 
2497 2056 2055 2071 
2498 770 713 771 
2499 308 378 1891 
2500 1580 2545 2595 
2501 440 441 442 
2502 481 480 484 
2503 2452 1661 2589 
2504 783 784 1798 
2505 1932 1939 2512 
2506 719 726 2496 
2507 1906 2170 2564 
2508 1282 1549 2390 
2509 583 670 898 
2510 1513 1514 1515 
2511 626 625 628 
2512 550 554 555 
2513 782 738 944 
2514 1394 901 1395 
2515 557 558 559 
2516 1192 1935 2725 
2517 873 771 874 
2518 821 2823 2850 
2519 784 786 787 
2520 1626 1297 2039 
2521 836 837 838 
2522 643 644 645 
2523 450 451 452 
2524 496 492 497 
2525 461 479 2759 
2526 1521 860 2687 
2527 636 637 638 
2528 1608 1411 2523 
2529 1822 706 2484 
2530 1581 2026 2036 
2531 1239 1238 2706 
2532 430 427 1997 
2533 1778 936 2233 
2534 1047 1970 2866 
2535 935 842 936 
2536 853 1793 2443 
2537 391 324 2411 
2538 812 867 2514 
2539 479 1839 2533 
2540 1433 1665 2803 
2541 2823 1561 2850 
2542 2695 2265 2696 
2543 525 522 871 
2544 2248 2249 2250 
2545 616 618 2760 
2546 1284 1282 2390 
2547 559 560 576 
2548 560 558 2891 
2549 1366 850 1367 
2550 718 716 962 
2551 1750 1566 1751 
2552 495 1632 2907 
2553 1907 1906 2564 
2554 2261 2251 2366 
2555 2084 927 2372 
2556 1687 1700 1701 
2557 1461 1440 2072 
2558 763 579 858 
2559 2250 2252 2257 
2560 2320 517 2321 
2561 1845 381 2663 
2562 1146 1145 1147 
2563 1773 810 2372 
2564 1576 1072 2479 
2565 1398 1397 1399 
2566 493 489 2174 
2567 1263 2159 2553 
2568 2006 1280 2923 
2569 2307 2327 2328 
2570 802 1479 1480 
2571 452 453 455 
2572 939 829 940 
2573 1743 1742 2682 
2574 1368 1367 1636 
2575 583 898 2332 
2576 531 413 1816 
2577 2603 2439 2681 
2578 1657 2701 2903 
2579 1400 1399 1401 
2580 2282 2283 2284 
2581 1429 2480 2498 
2582 572 573 574 
2583 936 842 2233 
2584 1228 2231 2508 
2585 784 787 1798 
2586 578 1823 2106 
2587 927 902 1412 
2588 1523 2651 2683 
2589 576 577 712 
2590 1726 1118 1727 
2591 536 530 537 
2592 372 373 1851 
2593 606 605 609 
2594 1079 1074 1080 
2595 675 677 678 
2596 1216 1227 2605 
2597 841 934 968 
2598 929 930 1513 
2599 1403 1405 1407 
2600 1374 1979 2346 
2601 940 829 2097 
2602 409 411 1812 
2603 1441 1442 1443 
2604 980 1279 1739 
2605 554 1723 2829 
2606 1137 1935 2897 
2607 652 2390 2776 
2608 1592 1696 2820 
2609 667 890 1363 
2610 1359 1357 1360 
2611 704 705 805 
2612 1092 1091 1093 
2613 1553 1554 1566 
2614 779 528 2726 
2615 1253 2468 2840 
2616 1630 375 2853 
2617 903 832 943 
2618 358 1779 1884 
2619 753 752 756 
2620 390 1785 2864 
2621 523 717 876 
2622 455 456 457 
2623 1367 850 2095 
2624 1970 1055 2767 
2625 1538 1556 2728 
2626 897 901 1394 
2627 1797 1796 2296 
2628 1539 1540 1803 
2629 1474 2127 2576 
2630 666 816 833 
2631 945 944 946 
2632 393 360 2721 
2633 411 531 1812 
2634 852 851 865 
2635 993 996 997 
2636 1551 1552 1553 
2637 378 309 1966 
2638 913 1616 1622 
2639 304 1795 1887 
2640 968 1550 1551 
2641 904 848 1780 
2642 1143 1629 2407 
2643 1842 1613 2150 
2644 898 899 922 
2645 2349 2348 2728 
2646 892 865 1335 
2647 1339 1141 1340 
2648 859 858 882 
2649 1515 1514 1516 
2650 908 892 1827 
2651 949 1707 1708 
2652 787 788 789 
2653 779 1707 2513 
2654 1931 1192 2609 
2655 413 415 1816 
2656 323 391 2542 
2657 1834 1056 2782 
2658 2759 1579 2876 
2659 1398 1400 1493 
2660 610 609 611 
2661 952 954 957 
2662 645 649 1643 
2663 1339 1832 2450 
2664 394 1774 2947 
2665 1019 2408 2856 
2666 641 640 642 
2667 1419 1412 1630 
2668 315 316 2451 
2669 724 723 725 
2670 938 2646 2928 
2671 313 314 2815 
2672 760 582 761 
2673 671 673 948 
2674 2170 938 2928 
2675 1487 2497 2861 
2676 548 405 879 
2677 1515 1516 1826 
2678 485 484 486 
2679 676 674 680 
2680 712 713 770 
2681 893 928 1609 
2682 1237 2239 2303 
2683 1516 1618 1814 
2684 2242 460 2386 
2685 1839 518 1840 
2686 538 537 539 
2687 487 486 489 
2688 1698 1699 2403 
2689 2205 2540 2779 
2690 1013 1012 1014 
2691 1700 823 2794 
2692 376 1688 2791 
2693 506 502 507 
2694 2656 1535 2657 
2695 770 873 893 
2696 547 1810 1811 
2697 1495 1324 2169 
2698 924 882 1470 
2699 490 489 493 
2700 2034 2033 2239 
2701 2322 875 2960 
2702 1849 962 1850 
2703 1650 1648 1994 
2704 723 720 1849 
2705 840 863 868 
2706 862 857 921 
2707 877 1546 1547 
2708 818 2812 2869 
2709 764 756 778 
2710 843 844 886 
2711 836 773 837 
2712 2565 1799 2689 
2713 1904 515 2635 
2714 2229 2168 2550 
2715 790 783 883 
2716 729 728 730 
2717 903 1380 1381 
2718 535 545 546 
2719 2172 1342 2173 
2720 789 791 843 
2721 612 611 615 
2722 585 667 2453 
2723 1258 2211 2586 
2724 758 826 878 
2725 149 148 2795 
2726 1427 885 1467 
2727 1455 1454 1568 
2728 678 710 711 
2729 574 575 766 
2730 629 628 632 
2731 1336 921 1723 
2732 598 597 664 
2733 727 725 728 
2734 556 555 557 
2735 848 778 849 
2736 1516 1514 1618 
2737 1395 1397 1398 
2738 2270 2287 2294 
2739 540 539 541 
2740 415 933 1816 
2741 576 712 714 
2742 1477 799 1478 
2743 1513 930 1514 
2744 1398 1399 1400 
2745 2280 2279 2281 
2746 1492 2150 2406 
2747 854 880 1499 
2748 2270 2294 2601 
2749 1480 1481 1858 
2750 790 884 1463 
2751 886 887 894 
2752 892 1335 1827 
2753 880 828 881 
2754 770 771 873 
2755 463 458 464 
2756 1687 1685 1700 
2757 719 721 726 
2758 544 541 552 
2759 1953 1955 1956 
2760 878 885 1425 
2761 1908 1907 1909 
2762 442 446 447 
2763 983 981 984 
2764 711 819 820 
2765 838 839 840 
2766 903 943 1380 
2767 1493 1610 2597 
2768 2157 2384 2825 
2769 896 897 1936 
2770 931 1689 1690 
2771 2543 2669 2853 
2772 884 883 1539 
2773 737 828 854 
2774 2066 2061 2108 
2775 2074 1349 2450 
2776 796 794 800 
2777 754 749 2455 
2778 1511 1834 1871 
2779 2213 2212 2637 
2780 2277 2273 2872 
2781 659 658 661 
2782 941 940 942 
2783 729 780 824 
2784 437 436 439 
2785 1493 1400 1610 
2786 1598 1597 1599 
2787 2004 2005 2006 
2788 751 749 754 
2789 2506 970 2812 
2790 370 371 1874 
2791 2649 1253 2840 
2792 1675 1422 2666 
2793 1227 2069 2605 
2794 2198 2199 2200 
2795 426 553 740 
2796 794 792 1888 
2797 524 529 875 
2798 624 1892 2569 
2799 549 543 550 
2800 1374 1373 2790 
2801 747 745 814 
2802 557 559 561 
2803 1573 1244 2583 
2804 718 962 1849 
2805 1696 1592 2783 
2806 894 895 896 
2807 1072 1576 2480 
2808 1268 1249 2709 
2809 519 499 2887 
2810 566 736 737 
2811 1125 1102 1126 
2812 1325 1882 2078 
2813 550 555 556 
2814 1954 1280 2786 
2815 733 760 851 
2816 935 936 1560 
2817 1600 1599 1601 
2818 515 1904 2447 
2819 1088 1084 1089 
2820 1394 1395 1845 
2821 1569 1570 2754 
2822 341 389 2526 
2823 1961 2377 2893 
2824 542 534 543 
2825 525 871 1846 
2826 1416 2462 2753 
2827 2129 2355 2356 
2828 2581 1923 2582 
2829 902 832 903 
2830 1568 1454 1852 
2831 636 633 637 
2832 848 849 1780 
2833 1230 1224 1231 
2834 546 565 566 
2835 1335 865 1528 
2836 950 1671 1986 
2837 1526 1469 1822 
2838 1026 2040 2855 
2839 1121 1131 1536 
2840 1112 1271 2940 
2841 1643 1466 2653 
2842 2132 1527 2458 
2843 824 832 902 
2844 874 771 2474 
2845 1553 1552 1554 
2846 316 317 2592 
2847 2320 2321 2322 
2848 1483 1697 2311 
2849 1787 1662 2518 
2850 758 757 775 
2851 734 783 790 
2852 2193 2194 2195 
2853 2155 1165 2326 
2854 826 775 827 
2855 533 542 551 
2856 806 909 1361 
2857 573 569 2099 
2858 856 864 918 
2859 533 528 534 
2860 859 924 925 
2861 1799 1513 2929 
2862 1645 1783 1903 
2863 544 563 564 
2864 2051 2067 2068 
2865 1476 2071 2821 
2866 809 808 811 
2867 2510 1473 2655 
2868 817 815 1434 
2869 1551 1550 1552 
2870 1435 1434 1436 
2871 1861 2329 2342 
2872 2782 2121 2866 
2873 537 530 1846 
2874 503 781 856 
2875 1806 2497 2505 
2876 722 723 724 
2877 2528 1340 2773 
2878 564 582 733 
2879 2224 164 2573 
2880 968 934 1550 
2881 457 458 463 
2882 1448 1450 1485 
2883 1506 1856 1899 
2884 763 858 859 
2885 893 873 928 
2886 514 520 526 
2887 1401 1403 1863 
2888 851 760 853 
2889 527 521 528 
2890 932 430 1997 
2891 1353 1354 1871 
2892 897 1394 1936 
2893 929 879 930 
2894 1418 652 2776 
2895 1192 1933 1935 
2896 522 493 2174 
2897 440 439 441 
2898 1146 1567 1859 
2899 886 894 1559 
2900 1247 2055 2664 
2901 2032 2031 2033 
2902 1499 880 1500 
2903 680 1748 2432 
2904 1277 1807 2433 
2905 1926 1927 1928 
2906 1330 1796 1797 
2907 1799 827 2689 
2908 729 730 780 
2909 1438 1436 1439 
2910 1870 874 2841 
2911 883 783 1798 
2912 2211 1258 2919 
2913 1405 1482 1867 
2914 1873 1057 2898 
2915 1702 969 2604 
2916 2366 2249 2894 
2917 1629 1417 2362 
2918 616 617 618 
2919 675 678 1886 
2920 1366 1367 1368 
2921 812 811 866 
2922 867 971 972 
2923 1443 1444 1445 
2924 1348 1850 2120 
2925 1250 2548 2950 
2926 2300 2299 2604 
2927 618 619 620 
2928 527 533 1885 
2929 930 879 1413 
2930 442 441 446 
2931 985 984 986 
2932 921 857 959 
2933 544 552 563 
2934 789 843 847 
2935 494 501 502 
2936 1696 1603 2820 
2937 727 728 729 
2938 2253 698 2486 
2939 680 674 2086 
2940 964 1344 1345 
2941 2307 2318 2327 
2942 568 572 707 
2943 1452 1454 1455 
2944 538 539 540 
2945 721 720 722 
2946 1249 1248 2709 
2947 1273 2570 2956 
2948 1463 884 1464 
2949 1714 1999 2562 
2950 1445 1446 1456 
2951 724 727 810 
2952 447 459 461 
2953 859 882 924 
2954 1246 1248 1249 
2955 757 754 2794 
2956 755 754 757 
2957 1425 885 1427 
2958 536 537 538 
2959 762 763 857 
2960 1894 1896 1897 
2961 736 565 776 
2962 540 541 544 
2963 804 846 916 
2964 1915 893 2311 
2965 924 1470 1472 
2966 494 493 501 
2967 878 826 885 
2968 1740 1097 2574 
2969 556 1695 2961 
2970 2053 2052 2054 
2971 2212 2343 2637 
2972 1471 1749 2320 
2973 790 883 884 
2974 2069 2070 2605 
2975 1498 1532 2856 
2976 570 513 578 
2977 1403 1407 1863 
2978 748 749 750 
2979 512 511 513 
2980 750 751 752 
2981 740 741 742 
2982 758 775 826 
2983 520 519 521 
2984 733 582 760 
2985 854 828 880 
2986 824 780 832 
2987 542 543 549 
2988 1480 1479 1481 
2989 1536 1837 2693 
2990 1648 1649 2502 
2991 1407 1405 1867 
2992 802 799 1477 
2993 2256 2254 2260 
2994 737 736 828 
2995 584 583 2332 
2996 708 1824 2304 
2997 465 464 466 
2998 931 414 1689 
2999 724 725 727 
3000 581 585 2453 
3001 15 14 2404 
3002 461 477 478 
3003 756 752 813 
3004 503 477 738 
3005 1935 1933 2535 
3006 529 525 530 
3007 1494 1854 1979 
3008 1431 634 2804 
3009 841 842 934 
3010 1551 1669 2144 
3011 535 530 536 
3012 1152 1150 1153 
3013 841 766 842 
3014 1838 663 2653 
3015 1069 1068 1070 
3016 546 545 565 
3017 797 799 802 
3018 719 718 720 
3019 762 579 763 
3020 797 796 799 
3021 849 778 850 
3022 819 710 829 
3023 750 749 751 
3024 746 747 748 
3025 392 306 1993 
3026 663 1643 2653 
3027 1395 1398 1845 
3028 533 534 542 
3029 1398 1493 1845 
3030 1594 1597 1598 
3031 1621 1345 2626 
3032 574 766 841 
3033 578 579 762 
3034 527 528 533 
3035 748 747 749 
3036 1695 1694 2769 
3037 1033 1142 1143 
3038 2210 2209 2212 
3039 1809 779 2513 
3040 802 1477 1479 
3041 1478 1787 2518 
3042 1922 1925 1926 
3043 849 850 1365 
3044 935 1560 1680 
3045 1603 1587 2820 
3046 841 968 2016 
3047 1726 1735 2180 
3048 51 50 444 
3049 565 545 1912 
3050 1062 1061 1063 
3051 2601 588 2696 
3052 1345 1346 1561 
3053 73 72 445 
3054 510 509 511 
3055 755 757 758 
3056 1636 1367 1980 
3057 438 1828 2317 
3058 566 565 736 
3059 720 718 1849 
3060 508 507 509 
3061 795 796 797 
3062 520 521 527 
3063 2288 2401 2845 
3064 422 418 1698 
3065 782 944 945 
3066 755 1818 2043 
3067 1351 1323 1352 
3068 1776 398 2720 
3069 2073 1983 2580 
3070 903 1381 1864 
3071 564 563 582 
3072 800 794 1888 
3073 1543 918 1868 
3074 1240 1239 1241 
3075 934 842 935 
3076 2391 1107 2503 
3077 678 677 710 
3078 743 741 845 
3079 1215 1214 1216 
3080 578 513 579 
3081 616 615 617 
3082 2721 1630 2798 
3083 806 1361 2606 
3084 1979 1854 2763 
3085 711 710 819 
3086 999 1001 1002 
3087 987 986 988 
3088 1421 2460 2613 
3089 538 540 715 
3090 877 829 939 
3091 1365 850 1366 
3092 917 860 1521 
3093 1118 1190 1275 
3094 1135 2610 2957 
3095 1788 1789 2183 
3096 17 16 2419 
3097 2085 1572 2086 
3098 1828 1765 2846 
3099 942 940 1902 
3100 1279 1420 1857 
3101 1203 1496 2577 
3102 2065 2057 2482 
3103 1566 1554 2592 
3104 1412 902 1864 
3105 535 536 545 
3106 529 530 535 
3107 939 940 941 
3108 530 525 1846 
3109 417 419 2171 
3110 1143 1349 1417 
3111 503 856 1848 
3112 2250 2251 2252 
3113 721 722 732 
3114 480 478 1848 
3115 1352 1722 2416 
3116 1548 1095 2523 
3117 814 745 2516 
3118 991 989 992 
3119 523 876 2177 
3120 478 477 503 
3121 1138 1137 2897 
3122 902 903 1864 
3123 2372 1419 2669 
3124 356 3 2716 
3125 3 357 2716 
3126 981 980 1739 
3127 2656 967 2917 
3128 751 754 755 
3129 427 426 1997 
3130 1956 1958 1959 
3131 338 4 2720 
3132 4 339 2720 
3133 320 5 2722 
3134 5 321 2722 
3135 374 6 2723 
3136 6 303 2723 
3137 555 554 2829 
3138 868 863 1341 
3139 2059 2056 2071 
3140 702 701 703 
3141 1632 1633 2712 
3142 2324 2108 2325 
3143 1296 2670 2897 
3144 403 1625 1889 
3145 1400 1401 2038 
3146 1477 1478 1628 
3147 620 619 671 
3148 1790 400 2722 
3149 1598 1599 1600 
3150 2337 2255 2357 
3151 964 870 1344 
3152 2747 2599 2860 
3153 922 899 949 
3154 1871 1354 2463 
3155 1208 2298 2875 
3156 1428 2406 2732 
3157 2292 694 2521 
3158 645 647 649 
3159 447 446 459 
3160 1401 1863 2038 
3161 426 740 1997 
3162 474 491 504 
3163 1544 1545 2426 
3164 391 2411 2877 
3165 524 525 529 
3166 840 839 863 
3167 719 720 721 
3168 1237 2208 2239 
3169 466 468 476 
3170 740 553 741 
3171 1568 1852 1858 
3172 1462 1706 2729 
3173 877 939 1546 
3174 461 459 477 
3175 405 403 1889 
3176 819 829 877 
3177 2195 2197 2198 
3178 675 676 677 
3179 962 716 2351 
3180 12 11 2633 
3181 1542 1543 2931 
3182 768 2332 2333 
3183 918 864 1383 
3184 535 546 1977 
3185 1408 1409 1544 
3186 2044 971 2460 
3187 717 716 718 
3188 1316 1303 1317 
3189 795 794 796 
3190 980 1267 1279 
3191 971 1199 2460 
3192 856 781 864 
3193 1341 863 1342 
3194 2209 2205 2779 
3195 1765 1767 2846 
3196 948 673 1886 
3197 760 761 1910 
3198 673 674 675 
3199 470 472 739 
3200 877 1547 2107 
3201 2505 2497 2640 
3202 2186 1228 2508 
3203 1583 1353 1871 
3204 770 893 1915 
3205 1478 799 1890 
3206 2279 1194 2281 
3207 514 499 519 
3208 14 13 1086 
3209 459 446 460 
3210 2007 558 2829 
3211 426 424 553 
3212 645 644 647 
3213 1543 1753 2931 
3214 717 718 719 
3215 959 1737 2891 
3216 1730 1866 2367 
3217 524 522 525 
3218 839 837 906 
3219 942 2626 2823 
3220 436 434 438 
3221 514 519 520 
3222 632 792 793 
3223 463 464 465 
3224 559 576 1901 
3225 1181 1178 2868 
3226 898 670 899 
3227 498 497 499 
3228 746 745 747 
3229 941 942 1475 
3230 533 551 1885 
3231 1180 1178 1181 
3232 501 493 522 
3233 452 455 515 
3234 790 1463 1940 
3235 1467 885 1982 
3236 1023 1971 2677 
3237 838 837 839 
3238 385 1913 2615 
3239 1276 1631 2733 
3240 742 743 744 
3241 1776 340 2526 
3242 1959 2391 2736 
3243 776 2852 2930 
3244 643 642 644 
3245 698 2253 2315 
3246 1345 1344 1346 
3247 516 2172 2173 
3248 503 738 781 
3249 774 915 1408 
3250 16 15 1087 
3251 694 2292 2816 
3252 2024 2022 2427 
3253 1338 1624 2501 
3254 124 123 624 
3255 1438 1459 1460 
3256 949 899 1343 
3257 1667 1281 2596 
3258 2423 1259 2548 
3259 793 794 795 
3260 1364 1363 1512 
3261 2048 2025 2067 
3262 1217 1216 1218 
3263 1282 1122 1283 
3264 1353 1352 1354 
3265 1291 1294 1869 
3266 730 734 1940 
3267 1002 1015 1019 
3268 521 547 2726 
3269 671 948 2385 
3270 448 450 765 
3271 1610 1400 2038 
3272 2055 1247 2071 
3273 1560 936 1913 
3274 2434 1675 2666 
3275 486 484 488 
3276 796 800 1890 
3277 780 730 1940 
3278 1784 767 2393 
3279 576 714 1901 
3280 667 1364 2453 
3281 833 816 834 
3282 879 405 1889 
3283 2402 693 2509 
3284 2436 2438 2814 
3285 682 665 1801 
3286 1679 1458 2470 
3287 2669 1419 2853 
3288 50 49 1872 
3289 1140 2692 2786 
3290 432 430 932 
3291 2027 2028 2030 
3292 11 10 1085 
3293 479 2533 2759 
3294 1392 1489 1807 
3295 1100 1815 2671 
3296 2610 1135 2916 
3297 2181 1205 2778 
3298 1286 1527 2730 
3299 782 945 947 
3300 552 568 1948 
3301 583 580 670 
3302 2218 1243 2219 
3303 1618 1514 1995 
3304 2049 2050 2525 
3305 1530 818 1711 
3306 2387 2287 2921 
3307 714 712 1915 
3308 2776 1549 2914 
3309 1753 1747 2618 
3310 1203 1181 1204 
3311 947 945 1802 
3312 949 1343 1707 
3313 1822 2484 2935 
3314 618 617 619 
3315 810 2084 2372 
3316 781 738 782 
3317 622 620 2385 
3318 1219 1218 1220 
3319 937 696 2842 
3320 744 745 746 
3321 1435 1436 1438 
3322 1504 1703 2802 
3323 712 770 1915 
3324 871 522 2174 
3325 1438 1439 1459 
3326 881 828 2037 
3327 21 20 1941 
3328 1141 1030 2803 
3329 1071 1673 2416 
3330 1154 1153 1155 
3331 633 632 1841 
3332 1200 1613 2561 
3333 1380 943 2864 
3334 18 17 651 
3335 1200 1612 1613 
3336 665 661 666 
3337 664 668 773 
3338 1341 1342 1770 
3339 1381 1380 2441 
3340 1709 1497 2715 
3341 1434 815 2461 
3342 2381 2226 2551 
3343 140 139 2471 
3344 671 672 673 
3345 817 1434 1435 
3346 2332 898 2333 
3347 637 633 1841 
3348 742 741 743 
3349 1156 1155 1157 
3350 1171 1909 2620 
3351 125 124 1881 
3352 561 559 1901 
3353 126 125 1946 
3354 1540 1798 2122 
3355 853 760 1910 
3356 619 617 2085 
3357 1850 962 2120 
3358 463 465 523 
3359 1511 1833 1834 
3360 563 552 1948 
3361 1701 1700 2794 
3362 1671 1672 2858 
3363 943 832 2485 
3364 123 122 1892 
3365 288 287 694 
3366 278 277 2695 
3367 729 824 2084 
3368 675 674 676 
3369 72 71 1875 
3370 313 1680 2544 
3371 799 796 1890 
3372 776 565 1912 
3373 2393 767 2644 
3374 19 18 1916 
3375 671 619 672 
3376 381 1715 2663 
3377 1456 1446 1943 
3378 557 561 2149 
3379 957 958 1465 
3380 377 315 2451 
3381 478 503 1848 
3382 2284 2436 2437 
3383 1445 1456 1457 
3384 52 51 1880 
3385 496 497 498 
3386 1837 958 2693 
3387 1073 1819 2660 
3388 677 676 679 
3389 76 75 1055 
3390 993 992 996 
3391 875 529 1977 
3392 1844 631 2808 
3393 2208 1237 2238 
3394 1354 2416 2932 
3395 2588 1758 2777 
3396 1106 1110 2692 
3397 1526 1822 2935 
3398 75 74 1976 
3399 74 73 1879 
3400 673 672 674 
3401 605 603 630 
3402 1457 1456 1579 
3403 2439 1151 2867 
3404 673 675 1886 
3405 2122 847 2616 
3406 1911 1023 2677 
3407 1753 488 2931 
3408 1790 322 2542 
3409 893 1609 2311 
3410 772 1624 2621 
3411 1914 1773 2900 
3412 501 522 524 
3413 918 1383 1868 
3414 2330 1273 2642 
3415 1772 1597 2622 
3416 1298 2039 2446 
3417 1318 1317 1319 
3418 498 499 514 
3419 632 628 792 
3420 441 439 769 
3421 1300 1134 1302 
3422 1127 2145 2599 
3423 726 721 2014 
3424 2104 1327 2588 
3425 2340 1679 2470 
3426 859 925 1942 
3427 625 622 627 
3428 1465 958 1837 
3429 734 790 1940 
3430 1363 1526 2522 
3431 1349 2074 2708 
3432 826 827 1982 
3433 509 507 517 
3434 1802 904 2680 
3435 2270 2269 2271 
3436 1189 1287 1288 
3437 715 1745 2822 
3438 523 716 717 
3439 615 611 631 
3440 2401 2282 2402 
3441 640 638 646 
3442 1534 1260 1535 
3443 2058 2059 2060 
3444 1951 1963 2465 
3445 1505 1329 1506 
3446 1959 1961 2391 
3447 959 857 1942 
3448 1647 1650 2447 
3449 627 622 2385 
3450 793 792 794 
3451 2178 1960 2678 
3452 1780 1423 2824 
3453 1514 930 1995 
3454 22 21 1077 
3455 2428 2191 2665 
3456 1628 1478 2518 
3457 1136 1137 1138 
3458 857 763 1942 
3459 1413 879 1889 
3460 2164 2166 2481 
3461 2484 1801 2935 
3462 2821 1247 2941 
3463 119 118 1971 
3464 1543 1746 2938 
3465 2550 1213 2950 
3466 2194 2428 2476 
3467 1377 1099 1652 
3468 128 127 1978 
3469 1824 708 2646 
3470 1836 1430 2906 
3471 1713 1714 2562 
3472 649 654 655 
3473 1888 792 2417 
3474 1530 1711 1740 
3475 1268 1866 2818 
3476 49 48 2077 
3477 2467 2197 2905 
3478 2523 1095 2738 
3479 1198 1332 1333 
3480 722 724 1914 
3481 2211 2034 2634 
3482 1450 1452 2002 
3483 121 120 1998 
3484 744 743 745 
3485 2236 2065 2482 
3486 1314 1606 2710 
3487 1320 1319 1322 
3488 774 1408 2182 
3489 2199 2467 2555 
3490 527 1885 1945 
3491 77 76 1970 
3492 556 557 2149 
3493 1378 1665 2870 
3494 53 52 1967 
3495 780 1940 2485 
3496 1110 1668 2692 
3497 1244 1573 1574 
3498 71 70 2079 
3499 120 119 1023 
3500 1781 1491 2686 
3501 726 1903 2496 
3502 1407 1867 2947 
3503 956 2215 2637 
3504 127 126 1020 
3505 763 859 1942 
3506 2494 1857 2954 
3507 647 644 648 
3508 1616 1614 2819 
3509 1490 1781 2958 
3510 526 520 1945 
3511 817 1435 1437 
3512 886 1559 1999 
3513 1169 1168 1170 
3514 662 2044 2460 
3515 394 1867 2927 
3516 117 116 1987 
3517 851 853 2443 
3518 820 819 2107 
3519 2150 1613 2757 
3520 1723 921 2007 
3521 523 465 716 
3522 112 111 2008 
3523 1785 399 2441 
3524 294 293 2509 
3525 1550 934 1972 
3526 658 655 660 
3527 937 2170 2928 
3528 843 886 1999 
3529 2142 1611 2346 
3530 2204 2205 2206 
3531 2252 2254 2256 
3532 1436 1434 2924 
3533 1020 1946 2766 
3534 132 131 1973 
3535 885 826 1982 
3536 2350 2536 2537 
3537 295 294 693 
3538 568 707 1948 
3539 116 115 2000 
3540 110 109 1996 
3541 130 129 1990 
3542 280 279 588 
3543 1473 2350 2537 
3544 766 1423 2233 
3545 289 288 2290 
3546 544 564 2125 
3547 2221 2226 2382 
3548 2030 2031 2032 
3549 324 325 2411 
3550 732 722 1914 
3551 114 113 2011 
3552 1275 1518 1829 
3553 1491 1375 1821 
3554 925 924 2017 
3555 1798 787 2122 
3556 118 117 1006 
3557 570 578 2106 
3558 572 574 2016 
3559 813 752 2043 
3560 930 1413 1995 
3561 111 110 613 
3562 524 875 2360 
3563 47 46 2042 
3564 69 68 2075 
3565 2677 1971 2915 
3566 1737 959 2810 
3567 1484 2610 2916 
3568 1540 2122 2616 
3569 724 810 1914 
3570 96 95 1009 
3571 1275 2102 2638 
3572 1108 2391 2503 
3573 1516 1814 2627 
3574 632 793 1841 
3575 868 1341 2098 
3576 827 775 2689 
3577 955 2087 2572 
3578 2189 2361 2466 
3579 203 202 586 
3580 2130 1490 2694 
3581 752 751 2043 
3582 457 463 2177 
3583 86 85 2045 
3584 134 133 2003 
3585 1528 865 2443 
3586 1559 894 2015 
3587 1634 1310 2078 
3588 2422 2423 2652 
3589 25 24 1075 
3590 921 959 2007 
3591 202 201 2019 
3592 87 86 1058 
3593 2282 2281 2283 
3594 48 47 1358 
3595 2680 904 2824 
3596 529 535 1977 
3597 946 1769 2788 
3598 141 140 1000 
3599 70 69 1304 
3600 847 843 1999 
3601 108 107 2018 
3602 2217 2216 2218 
3603 59 58 2103 
3604 78 77 1047 
3605 10 9 2114 
3606 665 666 1801 
3607 2179 2376 2797 
3608 2520 2080 2714 
3609 1080 1082 1083 
3610 113 112 1024 
3611 870 868 2098 
3612 20 19 1944 
3613 122 121 1311 
3614 1567 1147 2575 
3615 129 128 995 
3616 24 23 2073 
3617 2220 2219 2221 
3618 2065 2181 2778 
3619 1292 1291 1869 
3620 520 527 1945 
3621 115 114 1007 
3622 2458 1387 2755 
3623 54 53 1124 
3624 2530 1431 2804 
3625 55 54 2083 
3626 736 776 2037 
3627 934 935 1972 
3628 655 654 1938 
3629 649 647 654 
3630 23 22 1983 
3631 789 847 2122 
3632 109 108 1372 
3633 894 896 2015 
3634 79 78 2121 
3635 1426 1425 2364 
3636 1255 2196 2587 
3637 828 736 2037 
3638 1443 1840 2717 
3639 133 132 994 
3640 935 1680 1972 
3641 2107 1547 2392 
3642 1360 1390 1391 
3643 536 538 1985 
3644 2105 2124 2684 
3645 95 94 2012 
3646 2049 2048 2050 
3647 85 84 1295 
3648 496 498 803 
3649 1393 1392 1807 
3650 64 63 1321 
3651 1614 1615 2772 
3652 1882 624 2569 
3653 1833 1510 2740 
3654 787 789 2122 
3655 131 130 1016 
3656 707 572 2016 
3657 810 727 2084 
3658 1804 385 2615 
3659 1928 1930 1931 
3660 778 756 2095 
3661 850 778 2095 
3662 1563 1989 2686 
3663 65 64 2096 
3664 816 815 817 
3665 727 729 2084 
3666 1485 1450 2002 
3667 68 67 2123 
3668 1912 545 1985 
3669 1410 914 2457 
3670 447 2759 2876 
3671 2067 1581 2068 
3672 924 1472 2017 
3673 107 106 1036 
3674 2034 2211 2919 
3675 287 286 2521 
3676 1243 2218 2319 
3677 56 55 2090 
3678 46 45 2117 
3679 1589 1592 2820 
3680 767 1794 2644 
3681 842 766 2233 
3682 100 99 1298 
3683 545 536 1985 
3684 999 997 1001 
3685 137 136 2001 
3686 60 59 1301 
3687 99 98 2091 
3688 2105 2684 2752 
3689 666 661 815 
3690 81 80 2116 
3691 666 815 816 
3692 1982 827 2929 
3693 638 637 2009 
3694 66 65 2100 
3695 88 87 2151 
3696 58 57 2124 
3697 290 289 2275 
3698 34 33 1104 
3699 980 972 1267 
3700 1129 1145 1146 
3701 1961 2179 2377 
3702 1525 1265 2752 
3703 2411 1528 2877 
3704 1452 1455 2002 
3705 1426 1980 2848 
3706 1266 1357 1359 
3707 1296 2350 2670 
3708 2626 1561 2823 
3709 721 732 2014 
3710 204 203 2046 
3711 2883 1273 2956 
3712 80 79 1056 
3713 751 755 2043 
3714 1456 1943 2161 
3715 45 44 978 
3716 992 989 2431 
3717 26 25 2041 
3718 829 710 2097 
3719 574 841 2016 
3720 2692 2691 2786 
3721 664 597 668 
3722 1545 1409 1810 
3723 419 448 2171 
3724 1288 1289 1290 
3725 84 83 2093 
3726 771 835 2474 
3727 93 92 2132 
3728 2047 2048 2049 
3729 2209 2779 2899 
3730 2217 2218 2219 
3731 1466 1643 2654 
3732 2631 2632 2633 
3733 1034 1037 1270 
3734 756 813 2095 
3735 1143 1142 1349 
3736 106 105 2081 
3737 67 66 975 
3738 2852 1682 2930 
3739 57 56 976 
3740 450 452 2139 
3741 749 747 2455 
3742 33 32 2092 
3743 44 43 2128 
3744 2213 2216 2217 
3745 1940 1463 2485 
3746 2088 953 2089 
3747 82 81 2148 
3748 538 715 1985 
3749 1544 1409 1545 
3750 201 200 2141 
3751 1290 1291 1292 
3752 1642 1382 2565 
3753 676 680 2432 
3754 738 477 2242 
3755 1703 1505 2762 
3756 2044 662 2827 
3757 1839 1457 2533 
3758 2244 1703 2389 
3759 1370 1494 1878 
3760 39 38 1278 
3761 43 42 1415 
3762 142 141 2134 
3763 135 134 1017 
3764 2108 2324 2875 
3765 1860 1862 1991 
3766 2646 708 2928 
3767 1893 1894 2531 
3768 104 103 2142 
3769 35 34 2109 
3770 540 544 2125 
3771 1507 1506 1899 
3772 1533 1264 2809 
3773 1139 1138 2897 
3774 1089 1091 1092 
3775 1935 1137 2725 
3776 98 97 1026 
3777 1094 1093 1096 
3778 867 866 971 
3779 710 677 2097 
3780 1120 1119 1498 
3781 139 138 1949 
3782 377 1972 2815 
3783 1633 2647 2712 
3784 94 93 1025 
3785 207 206 2137 
3786 208 207 1207 
3787 1131 1122 1282 
3788 2202 2648 2649 
3789 819 877 2107 
3790 434 432 2138 
3791 1283 1122 2477 
3792 1898 2578 2580 
3793 1580 2036 2545 
3794 136 135 1962 
3795 2104 2588 2777 
3796 200 199 1226 
3797 497 516 2426 
3798 1148 1139 1149 
3799 466 476 2351 
3800 1364 1512 2398 
3801 271 270 697 
3802 1277 1132 1607 
3803 2799 2064 2878 
3804 472 474 2136 
3805 205 204 2021 
3806 225 224 709 
3807 1391 1392 1393 
3808 138 137 1018 
3809 1897 1898 2511 
3810 1835 1538 2844 
3811 209 208 2140 
3812 2548 1259 2950 
3813 2206 2209 2210 
3814 2032 2033 2034 
3815 1140 1106 2692 
3816 1818 1426 2848 
3817 206 205 2146 
3818 499 497 2426 
3819 2106 1823 2566 
3820 1806 798 2497 
3821 1282 1283 1549 
3822 83 82 608 
3823 1841 1806 2505 
3824 908 1827 2903 
3825 1009 2040 2552 
3826 514 526 2448 
3827 1740 1306 2724 
3828 89 88 1059 
3829 226 225 2162 
3830 224 223 2184 
3831 1070 1074 1079 
3832 1524 616 2760 
3833 465 466 2351 
3834 101 100 2344 
3835 1782 1507 1860 
3836 2200 2203 2204 
3837 773 668 774 
3838 1010 1003 1531 
3839 916 846 2452 
3840 1045 1048 1262 
3841 1585 1691 2806 
3842 210 209 1205 
3843 1040 1102 1125 
3844 1472 1470 2644 
3845 1677 1474 2576 
3846 468 470 2160 
3847 223 222 1229 
3848 1801 833 2935 
3849 1898 2580 2581 
3850 2054 2055 2056 
3851 1979 1374 2790 
3852 1146 1147 1567 
3853 1579 1456 2161 
3854 1323 1322 1722 
3855 1408 915 1409 
3856 92 91 2133 
3857 105 104 1038 
3858 293 292 2293 
3859 2651 926 2683 
3860 807 2500 2501 
3861 715 540 2125 
3862 1767 2365 2846 
3863 227 226 2175 
3864 199 198 2237 
3865 222 221 2232 
3866 1749 1965 2630 
3867 1596 1644 2865 
3868 1517 1148 1639 
3869 220 219 2231 
3870 282 281 1161 
3871 228 227 2228 
3872 1781 2011 2958 
3873 1652 1099 2495 
3874 1344 870 2098 
3875 229 228 1211 
3876 291 290 2331 
3877 178 177 2554 
3878 1326 1830 2607 
3879 1856 1182 1899 
3880 8 7 1193 
3881 1333 1332 1893 
3882 1117 1115 1119 
3883 1378 1379 1386 
3884 221 220 1228 
3885 2296 1252 2371 
3886 63 62 2363 
3887 211 210 2181 
3888 865 851 2443 
3889 1836 1338 2500 
3890 1494 1979 2790 
3891 660 655 1938 
3892 1002 1001 1015 
3893 1309 1312 1313 
3894 2278 2157 2490 
3895 272 271 2326 
3896 646 638 2009 
3897 646 2009 2010 
3898 103 102 2143 
3899 1340 1141 2803 
3900 1864 2744 2798 
3901 1464 884 2529 
3902 237 236 1251 
3903 9 8 2113 
3904 90 89 2339 
3905 97 96 2552 
3906 212 211 2236 
3907 61 60 2110 
3908 774 668 914 
3909 42 41 2355 
3910 1909 1907 2629 
3911 40 39 2126 
3912 620 671 2385 
3913 1361 909 2413 
3914 667 1363 1364 
3915 2210 2212 2213 
3916 1185 2258 2831 
3917 1293 1577 2901 
3918 1142 1141 1339 
3919 644 642 2340 
3920 808 805 2606 
3921 1895 1509 2395 
3922 277 276 1166 
3923 677 679 2097 
3924 270 269 2152 
3925 296 295 2440 
3926 2499 2631 2633 
3927 213 212 1206 
3928 1162 2491 2748 
3929 281 280 2735 
3930 660 1938 2072 
3931 2642 1273 2883 
3932 1554 1552 2451 
3933 424 422 2403 
3934 820 2107 2442 
3935 198 197 1225 
3936 2392 920 2442 
3937 837 773 2182 
3938 1572 2409 2874 
3939 915 914 1410 
3940 2681 2439 2867 
3941 704 703 705 
3942 245 244 1861 
3943 238 237 2244 
3944 269 268 2245 
3945 197 196 2243 
3946 244 243 2312 
3947 1857 650 2954 
3948 476 468 2160 
3949 2219 1243 2224 
3950 214 213 2301 
3951 243 242 1183 
3952 1662 820 2442 
3953 2173 1342 2600 
3954 196 195 2029 
3955 29 28 2394 
3956 480 1848 2358 
3957 2405 1086 2631 
3958 1850 1348 2584 
3959 2040 1026 2552 
3960 739 472 2136 
3961 1054 1061 1062 
3962 250 249 1179 
3963 216 215 2324 
3964 2294 588 2601 
3965 484 480 2358 
3966 242 241 2313 
3967 946 2386 2904 
3968 268 267 2153 
3969 1118 1116 1190 
3970 1773 1772 2900 
3971 1546 939 2517 
3972 1869 1294 2463 
3973 1769 946 2789 
3974 1530 1740 2574 
3975 249 248 2318 
3976 13 12 2632 
3977 279 278 2696 
3978 2240 961 2885 
3979 246 245 2342 
3980 2286 2291 2816 
3981 215 214 1208 
3982 219 218 2353 
3983 474 504 2136 
3984 988 1099 1376 
3985 190 189 1235 
3986 1383 864 2300 
3987 144 143 1981 
3988 845 741 2761 
3989 562 1661 2792 
3990 1489 2118 2119 
3991 177 176 689 
3992 273 272 1165 
3993 2276 2292 2521 
3994 248 247 2327 
3995 263 262 1186 
3996 1050 1052 1072 
3997 2362 2776 2914 
3998 547 519 2887 
3999 1131 1282 1284 
4000 550 556 2961 
4001 27 26 2111 
4002 191 190 2238 
4003 691 687 706 
4004 846 920 2452 
4005 989 988 2431 
4006 1394 1845 2663 
4007 256 255 1187 
4008 194 193 961 
4009 1938 1461 2072 
4010 1303 1302 1756 
4011 267 266 2315 
4012 192 191 1237 
4013 1505 1782 2762 
4014 193 192 2303 
4015 2511 1898 2581 
4016 217 216 2325 
4017 247 246 684 
4018 1844 2425 2639 
4019 670 2106 2566 
4020 1385 1563 1564 
4021 230 229 2235 
4022 672 619 2085 
4023 782 947 2299 
4024 1755 801 2847 
4025 917 1521 1522 
4026 477 459 2242 
4027 952 957 2559 
4028 1244 1574 2373 
4029 181 180 1234 
4030 2553 1664 2854 
4031 1015 1001 1030 
4032 251 250 2305 
4033 1758 1416 2563 
4034 236 235 2295 
4035 1033 1141 1142 
4036 266 265 698 
4037 1777 1776 2526 
4038 1253 2648 2811 
4039 2823 821 2952 
4040 257 256 2357 
4041 1991 2312 2828 
4042 2499 1085 2836 
4043 1083 1084 1088 
4044 262 261 2334 
4045 2408 1283 2477 
4046 264 263 2314 
4047 265 264 2345 
4048 1983 1984 2580 
4049 1482 1483 2791 
4050 292 291 2274 
4051 1125 1126 1281 
4052 502 501 2360 
4053 2033 2031 2240 
4054 1033 1030 1141 
4055 2265 2267 2601 
4056 845 1771 2516 
4057 2354 686 2908 
4058 470 739 2160 
4059 2029 2240 2849 
4060 1376 1377 1378 
4061 2307 2328 2330 
4062 314 377 2815 
4063 147 146 1107 
4064 255 254 2335 
4065 340 341 2526 
4066 218 217 587 
4067 984 981 1739 
4068 888 808 2606 
4069 864 781 2299 
4070 1231 1233 1238 
4071 1581 2036 2886 
4072 258 257 2255 
4073 2000 1007 2807 
4074 2406 2150 2757 
4075 1121 1122 1131 
4076 717 719 2496 
4077 2420 1920 2727 
4078 188 187 2361 
4079 2107 2392 2442 
4080 2559 1466 2654 
4081 439 436 2317 
4082 438 434 2138 
4083 91 90 607 
4084 988 986 1099 
4085 276 275 2263 
4086 452 515 2139 
4087 2071 1247 2821 
4088 2694 1490 2958 
4089 1066 1068 1069 
4090 747 814 2455 
4091 1570 1844 2639 
4092 283 282 2387 
4093 14 1086 2404 
4094 1707 1343 2469 
4095 189 188 2187 
4096 239 238 2389 
4097 1359 1360 1819 
4098 996 992 1028 
4099 1279 1267 1420 
4100 1847 1500 2896 
4101 483 2296 2371 
4102 1438 1460 2412 
4103 252 251 2368 
4104 241 240 2323 
4105 1567 2575 2838 
4106 1928 1931 2609 
4107 1683 2037 2930 
4108 445 1876 1877 
4109 41 40 977 
4110 463 523 2177 
4111 176 175 2302 
4112 180 179 2316 
4113 2678 1668 2940 
4114 459 460 2242 
4115 2080 1355 2703 
4116 972 971 2044 
4117 38 37 2424 
4118 906 837 2182 
4119 491 496 2429 
4120 254 253 2354 
4121 274 273 2383 
4122 553 424 2403 
4123 1077 1941 2743 
4124 1729 1257 2713 
4125 36 35 2131 
4126 2648 1253 2649 
4127 322 323 2542 
4128 2595 1258 2862 
4129 1341 1770 2702 
4130 102 101 614 
4131 1342 863 2600 
4132 1524 2530 2954 
4133 432 932 2138 
4134 899 670 2566 
4135 765 450 2139 
4136 163 162 1242 
4137 716 465 2351 
4138 2383 1165 2825 
4139 971 866 1199 
4140 686 2368 2908 
4141 448 765 2171 
4142 460 446 2365 
4143 1408 1544 2515 
4144 1835 1460 2532 
4145 1360 1391 1819 
4146 781 782 2299 
4147 1601 1602 2543 
4148 1121 1120 1122 
4149 774 914 915 
4150 444 50 1872 
4151 551 542 2672 
4152 231 230 1212 
4153 253 252 686 
4154 1095 1094 2738 
4155 1393 1808 2660 
4156 1184 1338 1836 
4157 679 676 2432 
4158 1592 1594 2783 
4159 179 178 2201 
4160 1292 1873 2898 
4161 62 61 974 
4162 235 234 1252 
4163 1165 2155 2825 
4164 2047 2025 2048 
4165 488 484 2358 
4166 1723 554 2705 
4167 145 144 1108 
4168 446 441 2365 
4169 1791 1790 2542 
4170 174 173 1254 
4171 160 159 2551 
4172 2104 2103 2105 
4173 2551 1269 2741 
4174 1153 1473 2510 
4175 682 1801 2484 
4176 1583 1834 2782 
4177 175 174 2241 
4178 674 672 2086 
4179 1149 1150 1152 
4180 445 72 1875 
4181 1611 1533 2809 
4182 1384 1911 2677 
4183 286 285 2276 
4184 2744 1381 2784 
4185 1694 1693 2769 
4186 275 274 1164 
4187 261 260 2347 
4188 73 445 1879 
4189 16 1087 2419 
4190 634 2527 2528 
4191 195 194 2617 
4192 832 780 2485 
4193 51 444 1880 
4194 259 258 2410 
4195 685 2389 2762 
4196 2050 2051 2052 
4197 1991 1862 1992 
4198 1803 1540 2616 
4199 240 239 685 
4200 982 1608 2724 
4201 823 757 2794 
4202 996 1028 1433 
4203 1688 394 2927 
4204 384 1696 2888 
4205 182 181 2227 
4206 501 524 2360 
4207 1728 1731 1735 
4208 805 705 806 
4209 173 172 2262 
4210 2480 1529 2918 
4211 1881 1882 1883 
4212 1830 1432 2775 
4213 1015 1030 1033 
4214 2490 1263 2793 
4215 2118 978 2119 
4216 164 163 2573 
4217 2543 1602 2669 
4218 285 284 2370 
4219 436 438 2317 
4220 2373 1574 2659 
4221 2513 1336 2705 
4222 1827 1657 2903 
4223 184 183 2399 
4224 593 591 768 
4225 1222 1224 1230 
4226 172 171 2207 
4227 284 283 1160 
4228 1725 1590 2546 
4229 1500 880 2896 
4230 1124 1968 1969 
4231 997 996 2493 
4232 1746 1747 2938 
4233 637 1841 2505 
4234 1663 2854 2951 
4235 876 717 2496 
4236 834 2348 2349 
4237 1378 1377 1379 
4238 422 1698 2403 
4239 648 644 2340 
4240 1306 1711 2514 
4241 2247 2246 2253 
4242 1251 2295 2297 
4243 232 231 2421 
4244 2676 363 2774 
4245 504 491 2429 
4246 486 488 2488 
4247 234 233 2371 
4248 388 2183 2895 
4249 1704 1744 2751 
4250 317 388 2592 
4251 155 2 2538 
4252 1796 1504 2297 
4253 1761 1769 2789 
4254 1522 2524 2911 
4255 28 27 1076 
4256 1988 1987 1989 
4257 817 1437 2348 
4258 798 1853 2861 
4259 2321 517 2857 
4260 168 167 2214 
4261 1965 511 2630 
4262 634 2528 2804 
4263 2062 2060 2069 
4264 1210 1214 1215 
4265 312 313 2544 
4266 945 946 2788 
4267 1779 393 2744 
4268 1918 1923 2743 
4269 1376 1099 1377 
4270 2507 1522 2911 
4271 143 142 1957 
4272 609 605 2425 
4273 297 296 2435 
4274 2381 1866 2382 
4275 1364 2398 2704 
4276 1412 1864 2798 
4277 2292 2276 2483 
4278 773 774 2182 
4279 260 259 482 
4280 2502 1649 2859 
4281 2469 1336 2513 
4282 1069 1070 1842 
4283 1196 2491 2746 
4284 909 860 917 
4285 628 625 2417 
4286 1497 2520 2714 
4287 1556 532 2749 
4288 171 170 2343 
4289 1501 1499 2841 
4290 864 2299 2300 
4291 1816 933 2502 
4292 2376 2579 2797 
4293 1092 1093 1094 
4294 625 627 2417 
4295 672 2085 2086 
4296 124 624 1881 
4297 1483 2311 2674 
4298 875 1977 2960 
4299 1339 1340 2527 
4300 343 344 2597 
4301 2217 2219 2220 
4302 1062 1063 1064 
4303 884 1539 2529 
4304 11 1085 2633 
4305 909 917 1620 
4306 943 2485 2598 
4307 1346 2076 2850 
4308 1477 1628 2937 
4309 769 439 2317 
4310 1171 1908 1909 
4311 1386 2530 2804 
4312 1267 972 2044 
4313 2164 2165 2166 
4314 169 168 2215 
4315 1860 1507 1862 
4316 2166 2168 2229 
4317 183 182 1236 
4318 1001 997 2493 
4319 2284 2283 2289 
4320 1468 2649 2949 
4321 233 232 483 
4322 2174 489 2488 
4323 2085 617 2409 
4324 603 600 2434 
4325 1702 2680 2824 
4326 951 952 2559 
4327 1498 1119 2397 
4328 1117 1120 1121 
4329 1829 955 2572 
4330 489 486 2488 
4331 811 808 888 
4332 624 123 1892 
4333 1925 2420 2771 
4334 1433 1028 1665 
4335 32 31 2489 
4336 1028 992 2431 
4337 1201 1517 1530 
4338 170 169 956 
4339 2308 2309 2310 
4340 1867 1482 2927 
4341 834 816 2348 
4342 2719 2718 2745 
4343 939 941 2517 
4344 2248 1664 2902 
4345 617 615 2409 
4346 792 628 2417 
4347 1528 2443 2877 
4348 2040 1626 2855 
4349 1327 2105 2752 
4350 1974 1016 1975 
4351 1087 15 2404 
4352 1281 1126 2388 
4353 2453 1364 2704 
4354 2036 1580 2886 
4355 1920 1917 2727 
4356 2416 1673 2932 
4357 801 1812 2546 
4358 1170 1173 1176 
4359 806 860 909 
4360 1032 1027 1575 
4361 2165 2163 2167 
4362 2288 2282 2401 
4363 2620 1909 2621 
4364 1572 1555 2780 
4365 37 36 979 
4366 1175 1178 1180 
4367 1085 2114 2836 
4368 1117 1119 1120 
4369 1435 1438 2412 
4370 7 1 2112 
4371 1695 2769 2961 
4372 2094 1577 2936 
4373 2500 1338 2501 
4374 816 817 2348 
4375 1348 1347 2584 
4376 441 769 2365 
4377 1014 1274 2101 
4378 942 1902 2626 
4379 30 29 2396 
4380 1269 2619 2741 
4381 1919 1917 1920 
4382 1574 1573 2087 
4383 1745 1682 2852 
4384 167 166 2319 
4385 1731 1865 2375 
4386 2185 1229 2186 
4387 125 1881 1946 
4388 2168 2690 2890 
4389 839 906 2600 
4390 2162 2163 2164 
4391 1665 1378 2773 
4392 1870 1500 2549 
4393 1238 1239 1240 
4394 1484 2747 2860 
4395 1346 1344 2697 
4396 498 514 2448 
4397 1055 75 1976 
4398 1931 1932 1933 
4399 745 743 2516 
4400 933 1994 2502 
4401 74 1879 1976 
4402 957 1465 1466 
4403 187 186 2466 
4404 1070 1079 1842 
4405 2468 1285 2709 
4406 362 363 2676 
4407 445 1877 1879 
4408 1330 1797 2548 
4409 1094 1097 2738 
4410 1261 1824 2646 
4411 1737 560 2891 
4412 1909 772 2621 
4413 357 1884 2716 
4414 2190 2192 2211 
4415 1774 1775 2947 
4416 651 17 2419 
4417 2328 684 2329 
4418 2023 2022 2024 
4419 185 184 2400 
4420 1008 1817 2673 
4421 18 651 1916 
4422 1682 1683 2930 
4423 1881 1883 1946 
4424 2190 2189 2191 
4425 1888 2418 2682 
4426 1275 1190 1518 
4427 588 2294 2735 
4428 2158 2246 2247 
4429 703 701 777 
4430 1125 1281 1558 
4431 2026 2024 2027 
4432 831 1850 2584 
4433 2311 1609 2674 
4434 1437 1435 2412 
4435 1184 1836 2906 
4436 1134 1098 2369 
4437 2403 1699 2761 
4438 1872 49 2077 
4439 1963 1017 1964 
4440 2007 959 2891 
4441 515 455 2635 
4442 303 1887 2723 
4443 2367 1866 2381 
4444 1808 1073 2660 
4445 558 555 2829 
4446 1180 1181 1203 
4447 1652 1857 2494 
4448 1187 2336 2337 
4449 2293 2402 2509 
4450 1146 1859 2388 
4451 1854 1462 2519 
4452 1355 1876 2703 
4453 2020 2023 2025 
4454 2547 2064 2799 
4455 1352 1323 1722 
4456 2177 1904 2635 
4457 2306 1179 2307 
4458 2170 937 2564 
4459 806 705 860 
4460 2009 637 2505 
4461 1062 1064 1576 
4462 1441 1443 2717 
4463 1680 1560 2544 
4464 2305 2306 2308 
4465 654 2805 2882 
4466 2020 2019 2022 
4467 1953 2472 2817 
4468 1166 2264 2265 
4469 76 1055 1970 
4470 2021 2047 2049 
4471 1921 1920 1922 
4472 605 630 2425 
4473 2682 1742 2944 
4474 1106 1109 1110 
4475 1907 2564 2629 
4476 2303 2239 2885 
4477 1875 71 2079 
4478 1157 1159 1171 
4479 1288 1290 1640 
4480 166 165 1243 
4481 1457 1579 2533 
4482 1080 1083 2561 
4483 1608 2523 2738 
4484 1256 1424 1573 
4485 772 1909 2629 
4486 1810 1409 2473 
4487 1431 2530 2760 
4488 302 301 2439 
4489 52 1880 1967 
4490 1020 126 1946 
4491 1916 1917 1918 
4492 1756 1302 1757 
4493 2265 2266 2267 
4494 1558 1281 1667 
4495 615 631 2409 
4496 1215 1216 1217 
4497 953 2088 2953 
4498 496 803 2429 
4499 2560 2559 2654 
4500 1956 1955 1958 
4501 2190 2211 2634 
4502 1355 2080 2520 
4503 2336 2335 2338 
4504 1147 1189 2575 
4505 2575 1640 2838 
4506 1203 1204 1495 
4507 2294 1161 2735 
4508 699 695 825 
4509 2422 2230 2423 
4510 1960 2178 2739 
4511 2058 2056 2059 
4512 2192 2191 2193 
4513 1064 2475 2934 
4514 1602 1773 2669 
4515 1101 1878 2843 
4516 801 2546 2847 
4517 1235 2188 2208 
4518 2430 772 2629 
4519 1598 1600 2888 
4520 2260 2254 2699 
4521 2060 2059 2070 
4522 957 1466 2559 
4523 988 1376 2431 
4524 1317 1303 1756 
4525 2394 2395 2396 
4526 1126 1129 2388 
4527 2051 2048 2067 
4528 2105 2103 2124 
4529 1950 1018 1951 
4530 661 658 2461 
4531 743 845 2516 
4532 630 603 2434 
4533 1918 1919 1923 
4534 298 297 2285 
4535 1345 1561 2626 
4536 1420 2459 2679 
4537 2389 1703 2762 
4538 1988 1562 2915 
4539 2167 2185 2547 
4540 1722 1322 2341 
4541 457 2177 2635 
4542 360 361 2721 
4543 162 161 2225 
4544 2338 2310 2415 
4545 2155 2156 2157 
4546 1322 1319 1705 
4547 697 2154 2155 
4548 1000 140 2471 
4549 1423 1702 2824 
4550 2068 1247 2664 
4551 1077 21 1941 
4552 2179 1736 2376 
4553 2398 1502 2704 
4554 1294 1511 2463 
4555 288 694 2290 
4556 1217 1218 1219 
4557 2020 2025 2787 
4558 2352 825 2636 
4559 775 823 2689 
4560 658 660 2461 
4561 2215 2216 2637 
4562 1779 2744 2784 
4563 1023 119 1971 
4564 1723 2007 2829 
4565 1030 1001 2493 
4566 1069 1842 1843 
4567 1154 1155 1156 
4568 800 1888 2682 
4569 914 2456 2457 
4570 640 646 2487 
4571 122 1311 1892 
4572 1163 1168 1169 
4573 1219 1220 1260 
4574 1481 1479 2700 
4575 2267 2268 2269 
4576 1921 2145 2711 
4577 1343 899 2566 
4578 363 364 2774 
4579 2119 978 2128 
4580 648 2340 2470 
4581 1629 2362 2914 
4582 2218 2214 2319 
4583 120 1023 1998 
4584 1377 1652 2494 
4585 127 1020 1978 
4586 1883 1325 2710 
4587 1561 1346 2850 
4588 1921 1924 2145 
4589 150 149 1272 
4590 2223 2221 2382 
4591 2156 2154 2158 
4592 399 356 2716 
4593 1622 1623 2593 
4594 511 509 2630 
4595 1853 1486 2861 
4596 1679 2340 2487 
4597 1169 1170 1905 
4598 815 661 2461 
4599 597 595 2456 
4600 1362 2413 2667 
4601 2365 769 2846 
4602 118 1006 1971 
4603 1812 1725 2546 
4604 2468 1248 2840 
4605 642 640 2487 
4606 19 1916 1944 
4607 398 338 2720 
4608 1359 1819 1820 
4609 400 320 2722 
4610 397 374 2723 
4611 2246 2153 2253 
4612 1240 1241 1244 
4613 1047 77 1970 
4614 1379 2494 2954 
4615 803 498 2448 
4616 48 1358 2077 
4617 70 1304 2079 
4618 1989 1987 2000 
4619 1375 1369 2675 
4620 601 2395 2698 
4621 1038 2142 2346 
4622 904 1780 2824 
4623 694 287 2521 
4624 2278 2264 2926 
4625 2004 1974 2005 
4626 1430 1836 2863 
4627 1006 117 1987 
4628 2336 2259 2337 
4629 1272 149 2795 
4630 111 613 2008 
4631 1106 1042 1109 
4632 186 185 657 
4633 1946 1883 2766 
4634 1085 10 2114 
4635 2466 657 2665 
4636 483 2421 2652 
4637 1941 20 1944 
4638 1299 1758 2588 
4639 833 834 2522 
4640 613 110 1996 
4641 995 128 1978 
4642 1807 1489 2433 
4643 1604 1307 2623 
4644 1987 116 2000 
4645 1124 53 1967 
4646 1311 121 1998 
4647 1166 2265 2695 
4648 2022 2019 2141 
4649 2188 2187 2189 
4650 1123 1266 2625 
4651 1124 1969 2083 
4652 1810 547 2887 
4653 1463 1464 2598 
4654 1169 1905 1908 
4655 2423 1797 2652 
4656 1024 112 2008 
4657 2101 1274 2397 
4658 2212 2209 2913 
4659 22 1077 1983 
4660 693 294 2509 
4661 1843 1842 2150 
4662 2266 2264 2278 
4663 1138 1139 1148 
4664 874 2474 2841 
4665 1826 1516 2627 
4666 1579 2161 2876 
4667 1587 1589 2820 
4668 1086 13 2632 
4669 1203 1495 1496 
4670 693 2437 2440 
4671 1545 1810 2887 
4672 1304 69 2075 
4673 1707 2469 2513 
4674 1187 2337 2357 
4675 914 668 2456 
4676 1058 86 2045 
4677 1964 2004 2006 
4678 115 1007 2000 
4679 1043 1045 2444 
4680 1577 2607 2936 
4681 113 1024 2011 
4682 697 2155 2326 
4683 2216 2214 2218 
4684 109 1372 1996 
4685 1959 1960 1961 
4686 1007 114 2011 
4687 2186 1229 2232 
4688 2485 1463 2598 
4689 1950 1953 2817 
4690 159 158 1269 
4691 1715 1936 2663 
4692 517 507 2857 
4693 129 995 1990 
4694 455 457 2635 
4695 1270 1037 2454 
4696 2443 1793 2877 
4697 2674 376 2791 
4698 1464 2135 2598 
4699 1009 95 2012 
4700 2511 2581 2582 
4701 1773 2372 2669 
4702 1358 47 2042 
4703 1374 1611 2809 
4704 2519 1462 2729 
4705 1975 1016 1990 
4706 994 132 1973 
4707 148 147 2796 
4708 445 1875 1876 
4709 447 461 2759 
4710 1152 1153 1154 
4711 631 611 2808 
4712 1864 1381 2744 
4713 78 1047 2121 
4714 586 202 2019 
4715 2127 1474 2733 
4716 1079 1080 2561 
4717 85 1295 2045 
4718 2162 2164 2175 
4719 1235 2208 2238 
4720 1576 1064 2498 
4721 1388 1754 2585 
4722 1016 130 1990 
4723 54 1124 2083 
4724 863 839 2600 
4725 1372 108 2018 
4726 1302 1134 2369 
4727 2075 68 2123 
4728 2329 684 2342 
4729 1564 1821 2671 
4730 554 1809 2705 
4731 1120 1498 2477 
4732 1964 1017 2003 
4733 2308 2310 2908 
4734 2296 483 2652 
4735 1037 1040 2454 
4736 131 1016 1973 
4737 961 2240 2617 
4738 2239 2033 2885 
4739 2728 1437 2844 
4740 1122 1120 2477 
4741 707 2144 2946 
4742 31 30 601 
4743 1075 24 2073 
4744 2054 2052 2055 
4745 1089 1092 2591 
4746 1219 1260 1261 
4747 2307 1179 2318 
4748 2189 2466 2665 
4749 1261 1534 1824 
4750 1256 1257 1424 
4751 2021 2049 2146 
4752 133 994 2003 
4753 2340 642 2487 
4754 87 1058 2151 
4755 1520 2444 2445 
4756 1245 2649 2840 
4757 107 1036 2018 
4758 2201 2554 2555 
4759 1110 1112 2940 
4760 442 447 2876 
4761 687 682 2484 
4762 1256 1249 1257 
4763 986 984 2495 
4764 444 1872 2115 
4765 909 1620 2413 
4766 203 586 2046 
4767 23 1983 2073 
4768 937 2430 2564 
4769 2042 46 2117 
4770 1513 1515 2929 
4771 55 2083 2090 
4772 64 1321 2096 
4773 1083 1088 1200 
4774 966 2304 2658 
4775 2240 2029 2617 
4776 1215 1217 1324 
4777 2305 2308 2368 
4778 1894 1897 2531 
4779 1301 59 2103 
4780 1048 1050 2478 
4781 2078 1882 2569 
4782 528 521 2726 
4783 1142 1339 2450 
4784 1200 1088 1548 
4785 542 549 2672 
4786 2103 58 2124 
4787 96 1009 2552 
4788 1130 1937 2871 
4789 2039 2091 2855 
4790 2437 2435 2440 
4791 1156 1157 2620 
4792 2275 289 2290 
4793 1231 1238 2594 
4794 1056 79 2121 
4795 960 2089 2756 
4796 65 2096 2100 
4797 2293 2401 2402 
4798 553 2403 2761 
4799 1511 1871 2463 
4800 915 1410 2473 
4801 2604 947 2680 
4802 1295 84 2093 
4803 1972 1680 2815 
4804 1064 1063 2475 
4805 1386 1379 2530 
4806 1905 1906 1907 
4807 25 1075 2041 
4808 1534 1535 2656 
4809 1482 2791 2927 
4810 1632 2712 2907 
4811 161 160 2222 
4812 1349 1142 2450 
4813 2527 1340 2528 
4814 1910 1751 2910 
4815 1298 99 2091 
4816 1950 1952 1953 
4817 1312 1385 2464 
4818 80 1056 2116 
4819 2378 1732 2558 
4820 277 1166 2695 
4821 1937 1333 2871 
4822 1424 1257 2102 
4823 1114 1115 1116 
4824 1510 2094 2740 
4825 67 975 2123 
4826 2019 201 2141 
4827 1116 1115 1117 
4828 2057 2298 2482 
4829 1936 1394 2663 
4830 1881 624 1882 
4831 2069 2060 2070 
4832 1063 1066 2475 
4833 1017 134 2003 
4834 2338 2335 2354 
4835 1336 1723 2705 
4836 509 517 2630 
4837 1129 1146 2388 
4838 45 978 2117 
4839 1092 1094 1095 
4840 976 56 2090 
4841 1036 106 2081 
4842 975 66 2100 
4843 1014 1012 1274 
4844 1200 1548 1612 
4845 1434 2461 2924 
4846 1605 1975 2534 
4847 2475 1843 2934 
4848 996 1433 2493 
4849 1262 1048 2478 
4850 81 2116 2148 
4851 1025 2132 2458 
4852 654 647 2805 
4853 57 976 2124 
4854 1884 399 2716 
4855 2035 1258 2595 
4856 1992 1862 2570 
4857 2089 688 2756 
4858 2253 2153 2315 
4859 1313 1312 2464 
4860 2189 2187 2361 
4861 94 1025 2012 
4862 139 1949 2471 
4863 1916 1918 1944 
4864 2336 2338 2415 
4865 1052 1054 2479 
4866 1409 915 2473 
4867 2444 1262 2445 
4868 1860 1991 2828 
4869 978 44 2128 
4870 141 1000 2134 
4871 2359 1432 2730 
4872 2370 1160 2921 
4873 2690 2799 2890 
4874 2611 888 2612 
4875 98 1026 2091 
4876 1887 397 2723 
4877 1376 1378 2870 
4878 2050 2048 2051 
4879 2379 2380 2619 
4880 1984 1077 2743 
4881 1170 1176 1905 
4882 668 597 2456 
4883 2191 2189 2665 
4884 34 1104 2109 
4885 1767 1766 2904 
4886 2030 2032 2035 
4887 588 279 2696 
4888 1260 1220 2492 
4889 2392 1547 2792 
4890 43 1415 2128 
4891 2310 2338 2908 
4892 1259 2229 2550 
4893 1574 2087 2088 
4894 1025 93 2132 
4895 2375 2378 2558 
4896 706 2352 2636 
4897 2631 1086 2632 
4898 1951 1018 2001 
4899 1999 1559 2562 
4900 1736 2374 2376 
4901 1185 2831 2942 
4902 1088 1089 2591 
4903 2234 2414 2468 
4904 2096 1710 2100 
4905 1104 33 2092 
4906 2358 1542 2931 
4907 2021 204 2046 
4908 1026 97 2552 
4909 1059 88 2151 
4910 100 1298 2344 
4911 2649 1245 2949 
4912 1094 1096 1097 
4913 146 145 2503 
4914 1989 2000 2807 
4915 2210 2213 2414 
4916 135 1017 1962 
4917 1321 63 2363 
4918 1736 2179 2739 
4919 83 608 2093 
4920 2166 2165 2168 
4921 1238 1240 1334 
4922 2129 1414 2433 
4923 2155 2157 2825 
4924 136 1962 2001 
4925 1905 1176 1906 
4926 1230 1231 2594 
4927 1018 137 2001 
4928 1829 1518 2650 
4929 200 1226 2141 
4930 916 2452 2589 
4931 776 1912 2852 
4932 2164 2163 2165 
4933 608 82 2148 
4934 2384 2383 2825 
4935 2079 1304 2080 
4936 1495 1204 2504 
4937 138 1018 1949 
4938 1980 813 2848 
4939 1124 1967 1968 
4940 1574 2088 2659 
4941 1862 1507 1899 
4942 1379 1377 2494 
4943 1994 1648 2502 
4944 295 693 2440 
4945 1261 1260 1534 
4946 60 1301 2110 
4947 2193 2195 2196 
4948 105 1038 2081 
4949 1905 1907 1908 
4950 1517 1639 2506 
4951 2132 92 2133 
4952 2632 12 2633 
4953 1908 1171 2590 
4954 1207 207 2137 
4955 208 1207 2140 
4956 2474 1501 2841 
4957 1112 1113 1114 
4958 2789 946 2904 
4959 1006 1987 1988 
4960 2008 613 2130 
4961 1753 1543 2938 
4962 1038 104 2142 
4963 2051 2068 2664 
4964 225 709 2162 
4965 1502 2398 2749 
4966 2010 2009 2640 
4967 709 224 2184 
4968 205 2021 2146 
4969 2137 206 2146 
4970 1809 2513 2705 
4971 290 2275 2331 
4972 502 2360 2857 
4973 1831 1335 2922 
4974 2025 2047 2787 
4975 1338 1337 1624 
4976 2258 1202 2831 
4977 680 2086 2780 
4978 871 2174 2618 
4979 1119 2101 2397 
4980 1246 1249 1256 
4981 1390 1676 2955 
4982 2308 2306 2309 
4983 2185 2186 2547 
4984 2145 2582 2711 
4985 1372 2018 2519 
4986 1205 209 2140 
4987 1816 2502 2859 
4988 1415 42 2355 
4989 1072 1052 2479 
4990 2744 393 2798 
4991 39 1278 2126 
4992 1226 199 2237 
4993 223 1229 2184 
4994 1414 2129 2356 
4995 1919 1920 1921 
4996 2491 1162 2746 
4997 2142 103 2143 
4998 1114 1113 1115 
4999 1295 2093 2094 
5000 2178 1736 2739 
5001 226 2162 2175 
5002 531 1816 2859 
5003 1916 651 1917 
5004 280 588 2735 
5005 2445 1262 2918 
5006 2023 2024 2026 
5007 1747 1753 2938 
5008 2198 2200 2202 
5009 2020 2022 2023 
5010 2026 2027 2036 
5011 2360 2321 2857 
5012 488 2358 2931 
5013 947 1802 2680 
5014 1460 1459 2688 
5015 2014 1596 2865 
5016 1229 222 2232 
5017 1154 1156 1184 
5018 984 1739 2495 
5019 2404 1086 2405 
5020 1009 2012 2013 
5021 1045 1262 2444 
5022 2304 1824 2658 
5023 1322 1705 2341 
5024 1161 281 2735 
5025 1301 2103 2104 
5026 2206 2210 2234 
5027 271 697 2326 
5028 2421 2422 2652 
5029 1661 2392 2792 
5030 227 2175 2228 
5031 9 2113 2114 
5032 1752 1948 2946 
5033 1419 1630 2853 
5034 89 1059 2339 
5035 1884 1779 2784 
5036 1189 1288 2575 
5037 26 2041 2111 
5038 210 1205 2181 
5039 1211 228 2228 
5040 1099 986 2495 
5041 1040 1125 2454 
5042 2362 1417 2567 
5043 1918 1917 1919 
5044 662 2459 2827 
5045 697 270 2152 
5046 221 1228 2232 
5047 2419 1087 2420 
5048 2190 2191 2192 
5049 1012 1010 2556 
5050 2211 2192 2586 
5051 2610 1484 2860 
5052 293 2293 2509 
5053 1953 1954 1955 
5054 1206 2236 2482 
5055 1244 1241 2583 
5056 1228 220 2231 
5057 1220 1222 2492 
5058 1204 1210 2504 
5059 706 687 2484 
5060 2096 1321 2462 
5061 2117 978 2118 
5062 951 2559 2560 
5063 1233 2587 2706 
5064 1256 1573 2583 
5065 648 2470 2806 
5066 1184 1156 1337 
5067 2066 2108 2875 
5068 211 2181 2236 
5069 198 1225 2237 
5070 2014 732 2622 
5071 1710 2096 2462 
5072 1004 1043 2742 
5073 970 1836 2500 
5074 1766 2789 2904 
5075 1673 1869 2932 
5076 2338 2354 2908 
5077 1206 212 2236 
5078 1630 1412 2798 
5079 1136 1138 1201 
5080 1117 1121 2557 
5081 1973 1016 1974 
5082 237 1251 2244 
5083 1278 38 2424 
5084 1639 1430 2863 
5085 1906 1176 2577 
5086 969 2300 2604 
5087 1184 1337 1338 
5088 1271 2678 2940 
5089 1926 1928 1929 
5090 2231 219 2353 
5091 2606 1361 2851 
5092 2501 1624 2912 
5093 2113 1939 2114 
5094 153 152 1732 
5095 229 1211 2235 
5096 35 2109 2131 
5097 213 1206 2301 
5098 1683 908 2903 
5099 1802 945 2788 
5100 2344 1298 2446 
5101 2062 2069 2878 
5102 691 706 2636 
5103 917 1522 2507 
5104 2686 1989 2807 
5105 2152 269 2245 
5106 1521 1523 2683 
5107 177 689 2554 
5108 1225 197 2243 
5109 1620 917 2507 
5110 2188 2189 2190 
5111 2094 1510 2901 
5112 2240 2031 2849 
5113 1424 2102 2572 
5114 1861 244 2312 
5115 2395 601 2396 
5116 1487 2010 2640 
5117 243 1183 2312 
5118 1050 1072 2478 
5119 278 2695 2696 
5120 196 2029 2243 
5121 2250 2257 2951 
5122 1334 2657 2920 
5123 1983 1077 1984 
5124 1183 242 2313 
5125 91 607 2133 
5126 1165 272 2326 
5127 609 2425 2808 
5128 1010 1531 2556 
5129 1385 1564 2464 
5130 245 1861 2342 
5131 1251 236 2295 
5132 2567 1417 2708 
5133 1208 214 2301 
5134 1797 2423 2548 
5135 268 2153 2245 
5136 2558 1732 2579 
5137 2580 1984 2581 
5138 215 1208 2324 
5139 1179 249 2318 
5140 1757 1302 2369 
5141 2373 967 2657 
5142 614 101 2344 
5143 1703 2244 2802 
5144 1594 1598 2783 
5145 1257 1249 2713 
5146 1963 1964 2923 
5147 1083 1200 2561 
5148 2368 2308 2908 
5149 607 2339 2359 
5150 823 2565 2689 
5151 1054 1062 2479 
5152 1062 1576 2479 
5153 607 90 2339 
5154 2643 2642 2883 
5155 1522 1521 2683 
5156 1950 1951 1952 
5157 2145 1195 2582 
5158 2318 248 2327 
5159 216 2324 2325 
5160 2041 1075 2578 
5161 2098 1341 2702 
5162 1266 1359 2625 
5163 190 1235 2238 
5164 1417 1349 2708 
5165 684 246 2342 
5166 2216 2213 2637 
5167 2265 2264 2266 
5168 2375 1865 2380 
5169 282 1161 2387 
5170 2259 2336 2415 
5171 250 1179 2305 
5172 1257 1729 2638 
5173 2805 1691 2882 
5174 2153 267 2315 
5175 1929 1928 2609 
5176 247 684 2327 
5177 1921 1922 1924 
5178 805 806 2606 
5179 1672 2750 2858 
5180 2274 291 2331 
5181 1237 191 2238 
5182 2155 2154 2156 
5183 961 193 2303 
5184 102 614 2143 
5185 292 2274 2293 
5186 192 1237 2303 
5187 238 2244 2389 
5188 41 977 2355 
5189 1151 2814 2867 
5190 977 40 2126 
5191 2067 2025 2800 
5192 1166 276 2263 
5193 218 587 2353 
5194 1378 1386 2773 
5195 2157 2156 2159 
5196 2029 195 2617 
5197 1149 1152 1430 
5198 62 974 2363 
5199 1110 1111 1112 
5200 256 1187 2357 
5201 813 2043 2848 
5202 1186 262 2334 
5203 741 553 2761 
5204 263 1186 2314 
5205 2313 241 2323 
5206 266 698 2315 
5207 2292 2286 2816 
5208 587 217 2325 
5209 974 61 2110 
5210 1066 1069 2475 
5211 959 1942 2810 
5212 586 2019 2020 
5213 1187 255 2335 
5214 1626 2039 2855 
5215 1949 1018 1950 
5216 1962 1017 1963 
5217 299 298 2833 
5218 1733 2379 2538 
5219 689 176 2302 
5220 657 2428 2665 
5221 194 961 2617 
5222 698 265 2345 
5223 286 2276 2521 
5224 2461 660 2924 
5225 264 2314 2345 
5226 1751 1566 2895 
5227 2255 257 2357 
5228 2593 1623 2750 
5229 1157 1171 2620 
5230 1957 142 2134 
5231 2570 1182 2956 
5232 251 2305 2368 
5233 273 1165 2383 
5234 1234 180 2316 
5235 2267 2266 2268 
5236 2355 977 2356 
5237 1577 2094 2901 
5238 593 768 2881 
5239 1821 1100 2671 
5240 1235 189 2187 
5241 1212 230 2235 
5242 1959 1958 1960 
5243 1232 2595 2862 
5244 2335 254 2354 
5245 1173 1175 2539 
5246 1358 2042 2608 
5247 2459 1420 2827 
5248 1107 146 2503 
5249 2009 2505 2640 
5250 2149 561 2751 
5251 235 1252 2295 
5252 1125 1558 2454 
5253 2298 2066 2875 
5254 2162 709 2163 
5255 2701 1683 2903 
5256 1108 144 1981 
5257 1613 1612 2757 
5258 1104 2092 2176 
5259 163 1242 2573 
5260 2184 1229 2185 
5261 811 888 2611 
5262 1199 866 2611 
5263 2021 2046 2047 
5264 1201 1530 2574 
5265 2092 32 2489 
5266 1211 2228 2481 
5267 2363 974 2563 
5268 611 609 2808 
5269 1207 2137 2525 
5270 2201 178 2554 
5271 686 252 2368 
5272 2334 261 2347 
5273 2436 2435 2437 
5274 1953 1952 1954 
5275 181 1234 2227 
5276 1862 1899 2570 
5277 179 2201 2316 
5278 253 686 2354 
5279 2457 2456 2881 
5280 1975 1605 2939 
5281 880 881 2896 
5282 2639 630 2666 
5283 2 154 1733 
5284 1475 942 2823 
5285 258 2255 2410 
5286 2622 732 2900 
5287 175 2241 2302 
5288 1176 1173 2539 
5289 630 2434 2666 
5290 1042 1032 2568 
5291 701 699 2571 
5292 685 239 2389 
5293 1169 1908 2590 
5294 1226 2237 2427 
5295 275 1164 2263 
5296 1271 2178 2678 
5297 8 1193 2113 
5298 240 685 2323 
5299 28 1076 2394 
5300 2114 1939 2836 
5301 2234 2210 2414 
5302 1863 1777 2959 
5303 1821 1375 2675 
5304 2187 188 2361 
5305 2384 2278 2926 
5306 2425 630 2639 
5307 1333 1893 2871 
5308 2473 1410 2645 
5309 1455 1568 2907 
5310 1092 1095 2591 
5311 1344 2098 2697 
5312 1164 274 2383 
5313 2002 1455 2712 
5314 1076 27 2111 
5315 1069 1843 2475 
5316 174 1254 2241 
5317 1335 1528 2922 
5318 1878 1494 2790 
5319 2027 2030 2545 
5320 1556 2349 2728 
5321 2435 296 2440 
5322 1160 283 2387 
5323 2353 587 2449 
5324 1466 1465 2653 
5325 979 2131 2576 
5326 2614 2612 2851 
5327 2532 1460 2688 
5328 2249 2486 2894 
5329 2043 1818 2848 
5330 1112 1111 1113 
5331 1254 173 2262 
5332 1558 1667 2673 
5333 1225 2243 2668 
5334 647 648 2805 
5335 231 1212 2421 
5336 938 2169 2646 
5337 549 550 2961 
5338 1420 1267 2827 
5339 143 1957 1981 
5340 1859 1305 2596 
5341 2286 2292 2872 
5342 2052 2051 2664 
5343 2327 684 2328 
5344 1252 234 2371 
5345 2425 1844 2808 
5346 916 2589 2943 
5347 1000 2471 2472 
5348 1238 1334 2594 
5349 1479 1477 2937 
5350 2257 1663 2951 
5351 1222 1230 2492 
5352 172 2207 2262 
5353 2305 1179 2306 
5354 2589 1635 2943 
5355 1241 1246 2583 
5356 2483 2370 2921 
5357 2145 1924 2599 
5358 1373 1878 2790 
5359 697 2152 2154 
5360 2276 285 2370 
5361 1288 1640 2575 
5362 2769 549 2961 
5363 29 2394 2396 
5364 2374 1731 2375 
5365 866 811 2611 
5366 1219 1261 2734 
5367 2421 1212 2422 
5368 2038 1863 2959 
5369 2297 1504 2802 
5370 156 155 1734 
5371 695 691 2636 
5372 966 2656 2917 
5373 1187 2335 2336 
5374 1900 916 2943 
5375 860 705 2687 
5376 284 1160 2370 
5377 1418 2362 2567 
5378 2309 2641 2642 
5379 2463 1354 2932 
5380 260 482 2347 
5381 1210 1215 2504 
5382 2712 1455 2907 
5383 482 259 2410 
5384 1942 925 2810 
5385 1696 2783 2888 
5386 2183 1751 2895 
5387 2174 2488 2618 
5388 2207 171 2343 
5389 2245 2153 2246 
5390 37 979 2424 
5391 2418 1743 2682 
5392 1176 2539 2577 
5393 979 36 2131 
5394 2287 2277 2921 
5395 1899 1182 2570 
5396 1242 162 2225 
5397 2314 1186 2366 
5398 726 2014 2865 
5399 777 701 2571 
5400 1634 2078 2569 
5401 1236 182 2227 
5402 1548 1088 2591 
5403 1159 1163 2590 
5404 300 299 1151 
5405 698 2345 2486 
5406 1939 1930 2836 
5407 2691 1954 2786 
5408 1693 2672 2769 
5409 2275 2290 2291 
5410 2414 1285 2468 
5411 183 1236 2399 
5412 1624 1337 2621 
5413 2786 1280 2933 
5414 168 2214 2215 
5415 1319 1317 2628 
5416 483 232 2421 
5417 233 483 2371 
5418 1529 2445 2918 
5419 2430 937 2842 
5420 1359 1820 2625 
5421 2361 187 2466 
5422 2474 835 2781 
5423 595 593 2881 
5424 1166 2263 2264 
5425 1215 1324 2504 
5426 1890 800 2944 
5427 1235 2187 2188 
5428 2379 1734 2538 
5429 1043 2444 2742 
5430 2088 2087 2953 
5431 1938 654 2882 
5432 145 1108 2503 
5433 2055 2052 2664 
5434 699 825 2571 
5435 1381 2441 2784 
5436 2702 1770 2884 
5437 1100 1821 2675 
5438 2214 167 2319 
5439 1528 2411 2922 
5440 170 956 2343 
5441 1668 2678 2945 
5442 2078 1310 2835 
5443 1164 2383 2384 
5444 2273 2286 2872 
5445 2444 1520 2742 
5446 1234 2316 2467 
5447 147 1107 2796 
5448 2226 2381 2382 
5449 1461 1938 2882 
5450 2118 1488 2892 
5451 1337 1156 2620 
5452 2700 1479 2937 
5453 1952 1951 2465 
5454 1668 1110 2940 
5455 2310 2309 2643 
5456 1955 1954 2691 
5457 1171 1159 2590 
5458 2200 2204 2648 
5459 956 169 2215 
5460 1912 1985 2822 
5461 1985 715 2822 
5462 2772 504 2819 
5463 1897 2511 2624 
5464 2220 2221 2223 
5465 2464 1564 2671 
5466 184 2399 2400 
5467 507 502 2857 
5468 2530 1524 2760 
5469 1190 1116 2557 
5470 689 2302 2540 
5471 1249 1268 2713 
5472 1583 2782 2866 
5473 2178 1271 2180 
5474 1501 2474 2781 
5475 1032 1575 2568 
5476 2135 390 2864 
5477 2670 1139 2897 
5478 1158 2719 2745 
5479 2456 595 2881 
5480 1175 1180 2539 
5481 1705 1319 2628 
5482 1638 2799 2878 
5483 2208 2188 2634 
5484 1107 2391 2893 
5485 2306 2307 2641 
5486 2391 1108 2736 
5487 1028 2431 2870 
5488 1964 2006 2923 
5489 1880 444 2662 
5490 2799 1638 2890 
5491 2446 1533 2785 
5492 1274 1012 2556 
5493 2362 1418 2776 
5494 2564 2430 2629 
5495 1475 2823 2952 
5496 635 2567 2708 
5497 1195 2511 2582 
5498 2204 2206 2811 
5499 2497 1487 2640 
5500 2511 1195 2624 
5501 2136 504 2772 
5502 2276 2370 2483 
5503 967 2373 2659 
5504 1337 2620 2621 
5505 2399 1236 2476 
5506 159 1269 2551 
5507 1672 2593 2750 
5508 1221 2821 2941 
5509 1116 1117 2557 
5510 1893 2531 2871 
5511 2381 2551 2741 
5512 2035 2032 2919 
5513 1819 1391 2660 
5514 853 1910 2910 
5515 1865 2367 2380 
5516 1866 1730 2818 
5517 970 2500 2834 
5518 1878 1373 2843 
5519 2037 776 2930 
5520 1391 1393 2660 
5521 660 2072 2924 
5522 2086 1572 2780 
5523 1258 2035 2919 
5524 2036 2027 2545 
5525 2405 1925 2771 
5526 2533 1579 2759 
5527 2406 1022 2732 
5528 2064 2062 2878 
5529 2167 2547 2799 
5530 166 1243 2319 
5531 1665 1028 2870 
5532 2293 2274 2401 
5533 1193 7 2112 
5534 1979 2763 2764 
5535 1280 2465 2923 
5536 663 1838 2826 
5537 1735 2178 2180 
5538 1772 2622 2900 
5539 2697 2098 2702 
5540 1246 1256 2583 
5541 2612 888 2851 
5542 2195 2198 2661 
5543 1202 2643 2883 
5544 2791 1688 2927 
5545 1194 2279 2718 
5546 2033 2240 2885 
5547 1110 1109 1111 
5548 2215 2214 2216 
5549 1267 2044 2827 
5550 2157 2159 2490 
5551 657 2400 2428 
5552 732 1914 2900 
5553 1248 2468 2709 
5554 1549 1283 2914 
5555 703 777 2687 
5556 1702 2604 2680 
5557 2165 2167 2690 
5558 768 2457 2881 
5559 1929 2609 2610 
5560 2285 297 2435 
5561 2582 1923 2711 
5562 1317 1756 2628 
5563 1473 2289 2655 
5564 1251 2297 2802 
5565 1875 2079 2703 
5566 2499 1927 2631 
5567 923 2700 2937 
5568 2224 2573 2707 
5569 1640 1290 2898 
5570 2292 2483 2872 
5571 2431 1376 2870 
5572 656 2560 2654 
5573 1922 1926 2685 
5574 1163 1169 2590 
5575 2650 1518 2693 
5576 1627 1968 2909 
5577 444 2115 2662 
5578 1735 1736 2178 
5579 2241 1254 2779 
5580 2352 1469 2651 
5581 2528 1386 2804 
5582 1856 1328 2868 
5583 825 695 2636 
5584 705 703 2687 
5585 389 2038 2959 
5586 669 2532 2688 
5587 1960 1958 2678 
5588 2030 2035 2545 
5589 1024 2008 2694 
5590 186 657 2466 
5591 1432 2359 2775 
5592 800 2682 2944 
5593 1258 2586 2862 
5594 1154 1184 2906 
5595 657 185 2400 
5596 2307 2330 2641 
5597 504 2429 2819 
5598 482 2410 2699 
5599 2279 2272 2718 
5600 1562 2677 2915 
5601 31 601 2489 
5602 1290 1292 2898 
5603 1386 2528 2773 
5604 2032 2034 2919 
5605 1876 1875 2703 
5606 1729 1727 2638 
5607 1869 2463 2932 
5608 161 2222 2225 
5609 1167 2553 2854 
5610 2706 1468 2949 
5611 1437 2412 2844 
5612 1824 1534 2658 
5613 601 30 2396 
5614 2203 2555 2925 
5615 2531 1897 2624 
5616 1325 2078 2835 
5617 2248 2250 2951 
5618 2193 2196 2731 
5619 592 2507 2911 
5620 1038 2346 2764 
5621 1923 1919 2711 
5622 1981 1957 2541 
5623 2386 1767 2904 
5624 2812 809 2869 
5625 2102 1257 2638 
5626 1109 1042 2568 
5627 2278 2490 2793 
5628 2079 2080 2703 
5629 2796 1107 2893 
5630 2025 2023 2800 
5631 1036 2081 2763 
5632 1605 2801 2939 
5633 1676 2608 2955 
5634 2489 601 2698 
5635 2374 2375 2558 
5636 2289 2283 2655 
5637 651 2419 2727 
5638 2795 148 2796 
5639 1872 2077 2837 
5640 2115 1872 2837 
5641 1263 2553 2748 
5642 1304 2075 2714 
5643 2206 2234 2811 
5644 2179 1961 2739 
5645 2309 2306 2641 
5646 1996 1372 2729 
5647 2008 2130 2694 
5648 1968 1967 2909 
5649 1177 2883 2956 
5650 2619 2380 2741 
5651 2192 2193 2731 
5652 1193 2112 2512 
5653 2272 1196 2745 
5654 1836 970 2863 
5655 2609 1192 2957 
5656 704 2501 2912 
5657 1518 1190 2737 
5658 1194 2718 2719 
5659 1025 2458 2755 
5660 1924 1922 2685 
5661 2657 1535 2920 
5662 1087 2404 2771 
5663 2672 549 2769 
5664 1614 2772 2819 
5665 888 2606 2851 
5666 2080 1304 2714 
5667 2075 2123 2715 
5668 2222 160 2551 
5669 2498 1064 2934 
5670 2309 2642 2643 
5671 2497 798 2861 
5672 1948 707 2946 
5673 2524 589 2911 
5674 700 2430 2842 
5675 1797 2296 2652 
5676 2409 631 2874 
5677 2610 2609 2957 
5678 1372 2519 2729 
5679 2573 1242 2707 
5680 2693 1518 2737 
5681 505 2697 2702 
5682 2156 2158 2758 
5683 1127 2599 2747 
5684 2188 2190 2634 
5685 1483 2674 2791 
5686 2070 1476 2605 
5687 1538 2728 2844 
5688 2196 2195 2661 
5689 1006 1988 2915 
5690 2168 2165 2690 
5691 1534 2656 2658 
5692 2087 955 2953 
5693 2012 1025 2755 
5694 1295 2094 2936 
5695 1967 1880 2909 
5696 1361 2614 2851 
5697 2563 1416 2753 
5698 2094 2093 2740 
5699 2202 2200 2648 
5700 2648 2204 2811 
5701 1421 2613 2768 
5702 2555 2554 2925 
5703 2639 2666 2754 
5704 2013 2012 2755 
5705 2285 2436 2814 
5706 1076 2111 2765 
5707 2359 2339 2775 
5708 1580 2595 2813 
5709 1272 2795 2797 
5710 2093 608 2740 
5711 2536 2602 2603 
5712 2042 2117 2892 
5713 1324 1217 2734 
5714 2324 1208 2875 
5715 2462 1321 2753 
5716 2805 648 2806 
5717 1971 1006 2915 
5718 2599 1924 2860 
5719 1730 1729 2818 
5720 2198 2202 2661 
5721 1262 2478 2918 
5722 2117 2118 2892 
5723 2483 2277 2872 
5724 1321 2363 2753 
5725 375 2543 2853 
5726 1924 2685 2860 
5727 2419 2420 2727 
5728 2266 2278 2793 
5729 1301 2104 2777 
5730 1217 1219 2734 
5731 2339 1059 2775 
5732 1917 651 2727 
5733 2023 2026 2800 
5734 2363 2563 2753 
5735 1919 1921 2711 
5736 2404 2405 2771 
5737 961 2303 2885 
5738 1734 155 2538 
5739 2608 2042 2892 
5740 1883 2710 2766 
5741 2312 1183 2828 
5742 2081 1038 2764 
5743 2046 586 2787 
5744 2587 1468 2706 
5745 2285 2435 2436 
5746 1974 1975 2939 
5747 1930 2499 2836 
5748 2091 1026 2855 
5749 2344 2446 2785 
5750 2290 694 2816 
5751 2110 1301 2777 
5752 2690 2167 2799 
5753 2045 1295 2936 
5754 2745 1196 2746 
5755 1958 1955 2945 
5756 2756 688 2832 
5757 2465 1963 2923 
5758 2005 1974 2939 
5759 1108 1981 2736 
5760 2244 1251 2802 
5761 1056 2121 2782 
5762 2812 970 2834 
5763 2586 2192 2731 
5764 1926 1929 2685 
5765 2285 2814 2833 
5766 2801 2005 2939 
5767 2234 1253 2811 
5768 2356 977 2830 
5769 1192 2725 2957 
5770 2420 1087 2771 
5771 614 2344 2785 
5772 1022 2406 2757 
5773 1981 2541 2736 
5774 2471 1949 2817 
5775 1733 2378 2379 
5776 2346 1979 2764 
5777 2624 1195 2873 
5778 2011 1024 2958 
5779 1190 2557 2737 
5780 977 2126 2830 
5781 2350 1150 2670 
5782 2 1733 2538 
5783 586 2020 2787 
5784 2047 2046 2787 
5785 2531 1130 2871 
5786 1535 2770 2920 
5787 2684 1525 2752 
5788 298 2285 2833 
5789 2159 2156 2758 
5790 2225 2222 2226 
5791 1880 2662 2909 
5792 1912 2822 2852 
5793 2472 2471 2817 
5794 1949 1950 2817 
5795 1211 2481 2839 
5796 2331 2275 2845 
5797 2243 2029 2849 
5798 1691 2805 2806 
5799 2235 1211 2839 
5800 2158 2247 2902 
5801 1230 2594 2770 
5802 2380 2367 2741 
5803 2261 2334 2347 
5804 1664 2758 2902 
5805 2714 2075 2715 
5806 1536 2693 2737 
5807 2814 1151 2833 
5808 2668 2243 2849 
5809 2662 1627 2909 
5810 2831 1174 2942 
5811 1570 2639 2754 
5812 2268 2266 2793 
5813 2814 2438 2867 
5814 2783 1598 2888 
5815 2492 1230 2770 
5816 2541 1959 2736 
5817 809 2812 2834 
5818 2763 2081 2764 
5819 2666 1422 2754 
5820 1152 1154 2906 
5821 958 2650 2693 
5822 1955 2691 2945 
5823 2822 1745 2852 
5824 1024 2694 2958 
5825 1492 2498 2934 
5826 955 2879 2953 
5827 2277 2483 2921 
5828 2710 1606 2766 
5829 2500 807 2834 
5830 2540 2203 2925 
5831 1130 2531 2624 
5832 2345 2314 2894 
5833 2314 2366 2894 
5834 505 2702 2884 
5835 1140 2786 2933 
5836 2486 2345 2894 
5837 2678 1958 2945 
5838 2377 2796 2893 
5839 1254 2262 2899 
5840 1430 1152 2906 
5841 2291 2290 2816 
5842 2554 689 2925 
5843 1164 2384 2926 
5844 2227 1234 2905 
5845 2835 1310 2889 
5846 1158 2745 2746 
5847 2263 1164 2926 
5848 1234 2467 2905 
5849 2275 2291 2845 
5850 2264 2263 2926 
5851 1151 299 2833 
5852 2262 2207 2913 
5853 2718 2272 2745 
5854 2752 1265 2948 
5855 1255 2586 2731 
5856 689 2540 2925 
5857 2779 1254 2899 
5858 2438 2681 2867 
5859 1497 2714 2715 
5860 2553 1167 2748 
5861 1668 2691 2692 
5862 2367 2381 2741 
5863 2378 2375 2379 
5864 2656 966 2658 
5865 2376 2374 2558 
5866 1239 2706 2949 
5867 2595 1232 2813 
5868 1130 2624 2873 
5869 1327 2752 2948 
5870 2758 2158 2902 
5871 2586 1255 2862 
5872 1961 1960 2739 
5873 2377 2795 2796 
5874 2608 1488 2955 
5875 2594 1334 2920 
5876 683 2756 2832 
5877 1488 2608 2892 
5878 2713 1268 2818 
5879 2725 1135 2957 
5880 2391 1961 2893 
5881 2770 2594 2920 
5882 2377 2179 2797 
5883 1308 2835 2889 
5884 2899 2262 2913 
5885 2376 2558 2579 
5886 2879 953 2953 
5887 1729 2713 2818 
5888 2537 2603 2681 
5889 2795 2377 2797 
5890 2209 2899 2913 
5891 2691 1668 2945 
5892 1 302 2439 
5893 2112 1 2602 
5894 1 2439 2603 
5895 151 150 2579 
5896 150 1272 2579 
5897 154 153 1733 
5898 153 1732 1733 
5899 158 157 2619 
5900 1269 158 2619 
5901 301 300 2439 
5902 300 1151 2439 
5903 2347 482 2699 
5904 2133 607 2359 
5905 709 2184 2185 
5906 1711 818 2869 
5907 2134 1000 2472 
5908 1096 1136 1201 
5909 2831 1202 2883 
5910 2140 1207 2525 
5911 1212 2235 2839 
5912 2237 1225 2668 
5913 1236 2227 2905 
5914 2070 2059 2071 
5915 2092 2489 2698 
5916 2154 2152 2245 
5917 2316 2201 2555 
5918 2231 2353 2449 
5919 2302 2241 2779 
5920 2247 2253 2486 
5921 2274 2331 2845 
5922 2415 2310 2643 
$EndElements
