iter,cl_p,cd_p,cmz
50,1.3782340463738283,0.24816258929230622,-0.6047720540890852
100,1.6511292316993007,0.26961576874011894,-0.34959433259136163
150,1.8741382243094078,0.15817820675488023,-0.2724668207754188
200,1.484081818061802,0.13144538171975437,-0.19092217885505883
250,1.107264446179976,0.043022467145144655,0.012798636975838716
300,0.8755749850078495,-0.004322166033914145,-0.00036315508794432233
350,0.8670210159546424,-0.011015356884423351,0.01718020945458004
400,0.8818750709633634,-0.0062043646255336374,-0.032888614318279934
450,0.9187802028576895,0.00391668212580351,-0.02326102633524035
500,0.9439447168633519,0.0073420757163167915,-0.03373643490274663
550,0.9720707435057612,0.011300563356674303,-0.03649615445233955
600,0.9878011986318903,0.0136898819574525,-0.04087217264299447
650,0.9979436727886596,0.013887369239833075,-0.04191668342282822
700,0.9973716068855696,0.01262299355655198,-0.038239851241163296
750,0.9956090457899155,0.010553648606282742,-0.03632867328016847
800,0.9881455422387592,0.008398889939120939,-0.03188116534525164
850,0.980868783008206,0.006799374404653817,-0.02926559566712311
900,0.9714774983129426,0.005320446180894195,-0.025442421951275825
950,0.9629138475212613,0.004332498250754551,-0.022499322533377216
1000,0.9552850377324078,0.003527623851109168,-0.019578683292033324
1050,0.9511597167360237,0.003428043516956286,-0.018177407763912686
1100,0.9509783525189272,0.0036350161658730553,-0.01774174597765493
1150,0.9540753343578341,0.003991863150934288,-0.01810993654609294
1200,0.9606557132094237,0.0044514118375285055,-0.019300748391870567
1250,0.9694829314770832,0.004826910141298432,-0.020808689775603236
1300,0.9792027296904692,0.004921409235404889,-0.02222229026983546
1350,0.9906835274665406,0.005174691188660805,-0.024439321765741536
1400,1.004787327440357,0.00574808106704883,-0.02759665485342899
1450,1.0187638653528133,0.0059263438212677245,-0.030163861563725632
1500,1.0320226397976557,0.005816757300332854,-0.032401842182114275
1550,1.0455719198385887,0.005826297401060734,-0.034994175205699245
1600,1.0611081584235769,0.006277833720012374,-0.038764932770106446
1650,1.0792059298388172,0.0070911913914651035,-0.04356588015882317
1700,1.0988299494741203,0.00786453731005186,-0.04855772678360042
1750,1.1176469456613296,0.008118468477957358,-0.05260763888800395
1800,1.1336507787362986,0.007722686653007697,-0.05528767217289481
1850,1.1463870260115268,0.006966990707834801,-0.056977300382492206
1900,1.1561885327729735,0.0061469187727253944,-0.05807783549349604
1950,1.1636294450253402,0.005412295513997972,-0.05881402208854774
2000,1.1693153622063663,0.004806095068196495,-0.05931143964250651
2050,1.1737437017824137,0.004313029379218566,-0.05964660838793933
2100,1.1772314917726736,0.003899500871683753,-0.05986606610588196
2150,1.1799549520686765,0.0035365232062707936,-0.05999299994459833
2200,1.1820158726387893,0.003210415681143779,-0.06003696873772973
2250,1.1834915886165178,0.0029192582393058105,-0.06000448519763168
2300,1.184476396781398,0.002662452407857448,-0.059905923925625264
2350,1.185090893323532,0.002443960970641052,-0.05976370303358013
2400,1.1854725300221878,0.0022708809011425957,-0.05961311784288408
2450,1.1857547305083511,0.0021430660310730685,-0.059486913414931446
2500,1.1860407236906838,0.0020526584111923156,-0.05940349531620009
2550,1.1863949841885668,0.001991360897403642,-0.059369048755636415
2600,1.186853554951415,0.0019535728219888873,-0.05938427700765691
2650,1.1874425043156245,0.00193581928089627,-0.05945021125162569
2700,1.188190325575752,0.0019372192359311863,-0.0595724863001204
2750,1.1891275193403046,0.001957644868091803,-0.05975969016652898
2800,1.1902757116798577,0.0019941618979714484,-0.06001604161937068
2850,1.191633737492621,0.0020401612124364456,-0.06033525942211459
2900,1.193170525529333,0.0020870261906576633,-0.06069998544401544
2950,1.1948297466113498,0.002126237601070431,-0.06108615139616274
3000,1.196542960756333,0.002151377712389273,-0.06146967753582893
3050,1.1982447231266993,0.002159662965938503,-0.0618325814158771
3100,1.1998833742221942,0.002151839988714701,-0.062165261128377385
3150,1.201423603577004,0.0021306075898309463,-0.06246422217003888
3200,1.202842396617859,0.0020989966718021396,-0.0627281714017741
3250,1.2041242387949664,0.0020595943960874026,-0.06295584133267083
3300,1.2052595978272551,0.002014581218209157,-0.06314636662852756
3350,1.206246022719324,0.001966169065307746,-0.06330077395003962
3400,1.207089003958468,0.001916755391232992,-0.06342274170668542
3450,1.207800743243505,0.0018685063301806914,-0.06351774244348905
3500,1.2083967995443832,0.0018229034945742451,-0.06359127245586098
3550,1.208892555499269,0.0017806652731038812,-0.06364753905063746
3600,1.2093016206998652,0.0017419655160943659,-0.06368937492225583
3650,1.2096363363274494,0.0017068570855902198,-0.0637191077527882
3700,1.2099091879789134,0.001675575365135031,-0.06373949065202471
3750,1.2101335671160736,0.0016484925403032736,-0.06375392468797174
3800,1.210323166465386,0.0016258593336557334,-0.063765921437324
3850,1.2104905168110724,0.001607593894834975,-0.06377832896936884
3900,1.2106456837965547,0.001593271882589503,-0.06379289902223999
3950,1.2107959141073148,0.001582287053643203,-0.06381042087038045
4000,1.2109461948992193,0.0015740467987194141,-0.06383118830508987
4050,1.2111000840190287,0.001568074552171207,-0.06385540279225942
4100,1.2112601656853825,0.0015639751403295858,-0.06388325193435877
4150,1.2114279294697505,0.0015613286068667952,-0.06391469659115244
4200,1.2116033780509168,0.001559625929182157,-0.06394922442501115
4250,1.2117848683997867,0.001558307538670142,-0.06398581761716536
4300,1.2119694663386218,0.001556874573578945,-0.06402318254308258
4350,1.2121536937440878,0.0015549940635350807,-0.06406009326590105
4400,1.2123342901241219,0.0015525325012485137,-0.06409564281268652
4450,1.2125086483577563,0.0015495062716965686,-0.06412928687803963
4500,1.212674839435102,0.0015459929978354867,-0.06416071790984189
4550,1.2128314007842387,0.0015420645753442478,-0.06418970608785961
4600,1.2129771503641509,0.0015377733544833737,-0.06421602758235749
4650,1.2131111778816615,0.0015331784315825306,-0.06423950459603227
4700,1.2132329765309129,0.0015283746656515802,-0.06426009224438782
4750,1.213342565503331,0.0015234947285966013,-0.0642779258239523
4800,1.213440478368238,0.0015186816754833325,-0.06429328765730906
4850,1.2135276066213747,0.0015140532141374957,-0.0643065187858921
4900,1.213604991025141,0.0015096824185636415,-0.06431793615311458
4950,1.2136736735470575,0.001505604084321501,-0.06432780118681007
5000,1.2137346604445456,0.0015018365292140898,-0.06433634140527443
5050,1.2137889621797227,0.0014984002525339811,-0.0643437904020147
5100,1.2138376326527407,0.0014953210954388163,-0.0643504070406503
5150,1.2138817502739245,0.001492619097314132,-0.06435645832720131
5200,1.213922339705233,0.0014902943039549854,-0.06436218006688892
5250,1.2139602793861055,0.0014883209899300247,-0.06436774335166483
5300,1.2139962462494482,0.0014866538893747304,-0.06437324670437865
5350,1.2140307189077022,0.0014852412379548162,-0.06437873354316058
5400,1.214064021986469,0.0014840359820997853,-0.06438421884746025
5450,1.2140963751985356,0.001482999606999994,-0.06438970729076841
5500,1.2141279198264137,0.0014820991635709534,-0.06439519565092504
5550,1.214158720104356,0.001481302427864649,-0.06440066519558944
5600,1.2141887571231664,0.0014805760986683213,-0.06440607565190713
5650,1.2142179354890648,0.0014798884844432808,-0.06441136873682472
5700,1.214246109987619,0.0014792143850494,-0.06441648060097892
5750,1.2142731232732558,0.0014785385083995975,-0.06442135596924496
5800,1.2142988381833375,0.0014778552371778838,-0.06442595639760683
5850,1.2143231531808905,0.001477165290560079,-0.06443025993720512
5900,1.214346001000003,0.0014764716936453025,-0.06443425524885608
5950,1.2143673397376766,0.0014757773698403566,-0.06443793578078531
6000,1.2143871468012126,0.001475085069279016,-0.06444129793594931
6050,1.214405420245443,0.0014743986362323392,-0.06444434325894448
6100,1.2144221846386116,0.001473723974397855,-0.06444708167863965
6150,1.214437495035291,0.0014730686927973352,-0.06444953258713941
6200,1.2144514345077633,0.0014724406048135352,-0.06445172259943176
6250,1.2144641055320802,0.001471846072904647,-0.0644536813121016
6300,1.214475619377233,0.00147128915761186,-0.06445543747969072
6350,1.2144860880525574,0.0014707718424592548,-0.06445701728340357
6400,1.2144956207444852,0.0014702948728427799,-0.0644584446672161
6450,1.214504323422465,0.001469858478459188,-0.06445974241681833
6500,1.2145122987362078,0.0014694625283943959,-0.06446093255222661
6550,1.2145196441449748,0.0014691061909330684,-0.06446203550957706
6600,1.2145264483254692,0.001468787525125172,-0.06446306866377675
6650,1.2145327875607077,0.001468503412177681,-0.0644640452134415
6700,1.2145387239529146,0.0014682499311502698,-0.06446497411222023
6750,1.2145443061210284,0.0014680229622023291,-0.06446586097811206
6800,1.214549571600675,0.0014678186864687047,-0.06446670934236869
6850,1.214554549481664,0.001467633778662393,-0.06446752155858797
6900,1.214559262197313,0.0014674653232873659,-0.06446829909966255
6950,1.21456372633324,0.0014673106459384127,-0.06446904245495237
7000,1.2145679530902138,0.001467167246429238,-0.06446975105873497
7050,1.214571949140322,0.0014670328901808878,-0.06447042354629227
7100,1.214575718136089,0.0014669057744016107,-0.06447105831359905
7150,1.2145792625385807,0.0014667846355872643,-0.06447165411552767
7200,1.2145825851590935,0.001466668719628307,-0.06447221042453764
7250,1.214585689995064,0.001466557636554748,-0.06447272745286335
7300,1.2145885823699198,0.0014664511900926483,-0.0644732059534636
7350,1.2145912687264888,0.0014663492675001403,-0.06447364700848666
7400,1.214593756463173,0.0014662518159066636,-0.06447405195125348
7450,1.2145960539845462,0.00146615886795545,-0.0644744224237062
7500,1.2145981708678626,0.0014660705572039213,-0.06447476046184673
7550,1.2146001179174506,0.0014659870866455594,-0.06447506849404093
7600,1.2146019069532883,0.0014659086583253388,-0.06447534921393548
7650,1.2146035503602925,0.0014658354017101486,-0.06447560538166557
7700,1.214605060566808,0.0014657673363407436,-0.06447583964632463
7750,1.2146064496312512,0.0014657043783786283,-0.06447605445351055
7800,1.2146077290171773,0.0014656463732137146,-0.06447625203797878
7850,1.2146089095096935,0.001465593125908839,-0.0644764344516796
7900,1.2146100011692504,0.0014655444122545808,-0.06447660357391526
7950,1.2146110132445218,0.0014654999721467098,-0.06447676108309179
8000,1.2146119540447176,0.001465459500774197,-0.06447690840953589
8050,1.2146128308308892,0.001465422652127639,-0.06447704670589637
8100,1.2146136497900262,0.0014653890582065857,-0.06447717685908876
8150,1.214614416111784,0.0014653583556406271,-0.06447729953960311
8200,1.2146151341345934,0.0014653302073427935,-0.06447741526357935
8250,1.214615807502577,0.0014653043117239704,-0.06447752444154324
8300,1.2146164392903194,0.0014652804005813045,-0.06447762740321299
8350,1.2146170320888836,0.0014652582332521,-0.06447772440628245
8400,1.2146175880746308,0.0014652375937858342,-0.06447781564459935
8450,1.214618109087495,0.0014652182935858018,-0.06447790126703072
8500,1.214618596727023,0.001465200176227209,-0.06447798140552795
8550,1.2146190524538505,0.0014651831199027758,-0.06447805620288792
8600,1.21461947767313,0.001465167034390238,-0.06447812582961175
8650,1.2146198737851317,0.0014651518536531924,-0.06447819048682328
8700,1.214620242203857,0.001465137527561401,-0.06447825039940512
8750,1.2146205843570756,0.0014651240158486962,-0.06447830580766921
8800,1.2146209016831562,0.0014651112854018908,-0.0644783569630422
8850,1.2146211956323942,0.001465099309664724,-0.0644784041281654
8900,1.214621467669639,0.0014650880678721816,-0.06447844757768022
8950,1.2146217192709794,0.0014650775427722778,-0.06447848759563445
9000,1.2146219519094292,0.001465067717257564,-0.06447852446842954
9050,1.2146221670321553,0.0014650585712194628,-0.06447855847537264
9100,1.2146223660354134,0.0014650500799203825,-0.06447858988052889
9150,1.2146225502447188,0.00146504221419913,-0.0644786189281099
9200,1.214622720903431,0.00146503494182431,-0.06447864584161049
9250,1.2146228791678884,0.0014650282288317044,-0.06447867082464696
9300,1.214623026105627,0.001465022040254229,-0.06447869406150801
9350,1.2146231626931159,0.0014650163401594236,-0.06447871571665097
9400,1.21462328981346,0.0014650110916547012,-0.06447873593379698
9450,1.214623408255809,0.001465006257368266,-0.06447875483580749
9500,1.2146235187183152,0.001465001800351252,-0.0644787725263468
9550,1.214623621815564,0.00146499768529745,-0.06447878909282138
9600,1.2146237180890787,0.001464993879504411,-0.0644788046099548
9650,1.214623808017691,0.0014649903532464959,-0.06447881914267982
9700,1.2146238920272767,0.0014649870798110472,-0.06447883274815351
9750,1.2146239704982182,0.001464984035173032,-0.06447884547701592
9800,1.2146240437718478,0.0014649811978580981,-0.06447885737446422
9850,1.214624112157623,0.001464978548953204,-0.06447886848171129
9900,1.2146241759390337,0.0014649760721093489,-0.06447887883746227
9950,1.2146242353807137,0.0014649737535584561,-0.06447888847942589
10000,1.2146242907329716,0.0014649715817589809,-0.064478897445136
10000,1.2146242907329716,0.0014649715817589809,-0.064478897445136
50,1.3782340463738283,0.24816258929230622,-0.6047720540890852
100,1.6511292316993007,0.26961576874011894,-0.34959433259136163
150,1.8741382243094078,0.15817820675488023,-0.2724668207754188
200,1.484081818061802,0.13144538171975437,-0.19092217885505883
250,1.107264446179976,0.043022467145144655,0.012798636975838716
300,0.8755749850078495,-0.004322166033914145,-0.00036315508794432233
350,0.8670210159546424,-0.011015356884423351,0.01718020945458004
400,0.8818750709633634,-0.0062043646255336374,-0.032888614318279934
450,0.9187802028576895,0.00391668212580351,-0.02326102633524035
500,0.9439447168633519,0.0073420757163167915,-0.03373643490274663
550,0.9720707435057612,0.011300563356674303,-0.03649615445233955
600,0.9878011986318903,0.0136898819574525,-0.04087217264299447
650,0.9979436727886596,0.013887369239833075,-0.04191668342282822
700,0.9973716068855696,0.01262299355655198,-0.038239851241163296
750,0.9956090457899155,0.010553648606282742,-0.03632867328016847
800,0.9881455422387592,0.008398889939120939,-0.03188116534525164
850,0.980868783008206,0.006799374404653817,-0.02926559566712311
900,0.9714774983129426,0.005320446180894195,-0.025442421951275825
950,0.9629138475212613,0.004332498250754551,-0.022499322533377216
1000,0.9552850377324078,0.003527623851109168,-0.019578683292033324
1050,0.9511597167360237,0.003428043516956286,-0.018177407763912686
1100,0.9509783525189272,0.0036350161658730553,-0.01774174597765493
1150,0.9540753343578341,0.003991863150934288,-0.01810993654609294
1200,0.9606557132094237,0.0044514118375285055,-0.019300748391870567
1250,0.9694829314770832,0.004826910141298432,-0.020808689775603236
1300,0.9792027296904692,0.004921409235404889,-0.02222229026983546
1350,0.9906835274665406,0.005174691188660805,-0.024439321765741536
1400,1.004787327440357,0.00574808106704883,-0.02759665485342899
1450,1.0187638653528133,0.0059263438212677245,-0.030163861563725632
1500,1.0320226397976557,0.005816757300332854,-0.032401842182114275
1550,1.0455719198385887,0.005826297401060734,-0.034994175205699245
1600,1.0611081584235769,0.006277833720012374,-0.038764932770106446
1650,1.0792059298388172,0.0070911913914651035,-0.04356588015882317
1700,1.0988299494741203,0.00786453731005186,-0.04855772678360042
1750,1.1176469456613296,0.008118468477957358,-0.05260763888800395
1800,1.1336507787362986,0.007722686653007697,-0.05528767217289481
1850,1.1463870260115268,0.006966990707834801,-0.056977300382492206
1900,1.1561885327729735,0.0061469187727253944,-0.05807783549349604
1950,1.1636294450253402,0.005412295513997972,-0.05881402208854774
2000,1.1693153622063663,0.004806095068196495,-0.05931143964250651
2050,1.1737437017824137,0.004313029379218566,-0.05964660838793933
2100,1.1772314917726736,0.003899500871683753,-0.05986606610588196
2150,1.1799549520686765,0.0035365232062707936,-0.05999299994459833
2200,1.1820158726387893,0.003210415681143779,-0.06003696873772973
2250,1.1834915886165178,0.0029192582393058105,-0.06000448519763168
2300,1.184476396781398,0.002662452407857448,-0.059905923925625264
2350,1.185090893323532,0.002443960970641052,-0.05976370303358013
2400,1.1854725300221878,0.0022708809011425957,-0.05961311784288408
2450,1.1857547305083511,0.0021430660310730685,-0.059486913414931446
2500,1.1860407236906838,0.0020526584111923156,-0.05940349531620009
2550,1.1863949841885668,0.001991360897403642,-0.059369048755636415
2600,1.186853554951415,0.0019535728219888873,-0.05938427700765691
2650,1.1874425043156245,0.00193581928089627,-0.05945021125162569
2700,1.188190325575752,0.0019372192359311863,-0.0595724863001204
2750,1.1891275193403046,0.001957644868091803,-0.05975969016652898
2800,1.1902757116798577,0.0019941618979714484,-0.06001604161937068
2850,1.191633737492621,0.0020401612124364456,-0.06033525942211459
2900,1.193170525529333,0.0020870261906576633,-0.06069998544401544
2950,1.1948297466113498,0.002126237601070431,-0.06108615139616274
3000,1.196542960756333,0.002151377712389273,-0.06146967753582893
3050,1.1982447231266993,0.002159662965938503,-0.0618325814158771
3100,1.1998833742221942,0.002151839988714701,-0.062165261128377385
3150,1.201423603577004,0.0021306075898309463,-0.06246422217003888
3200,1.202842396617859,0.0020989966718021396,-0.0627281714017741
3250,1.2041242387949664,0.0020595943960874026,-0.06295584133267083
3300,1.2052595978272551,0.002014581218209157,-0.06314636662852756
3350,1.206246022719324,0.001966169065307746,-0.06330077395003962
3400,1.207089003958468,0.001916755391232992,-0.06342274170668542
3450,1.207800743243505,0.0018685063301806914,-0.06351774244348905
3500,1.2083967995443832,0.0018229034945742451,-0.06359127245586098
3550,1.208892555499269,0.0017806652731038812,-0.06364753905063746
3600,1.2093016206998652,0.0017419655160943659,-0.06368937492225583
3650,1.2096363363274494,0.0017068570855902198,-0.0637191077527882
3700,1.2099091879789134,0.001675575365135031,-0.06373949065202471
3750,1.2101335671160736,0.0016484925403032736,-0.06375392468797174
3800,1.210323166465386,0.0016258593336557334,-0.063765921437324
3850,1.2104905168110724,0.001607593894834975,-0.06377832896936884
3900,1.2106456837965547,0.001593271882589503,-0.06379289902223999
3950,1.2107959141073148,0.001582287053643203,-0.06381042087038045
4000,1.2109461948992193,0.0015740467987194141,-0.06383118830508987
4050,1.2111000840190287,0.001568074552171207,-0.06385540279225942
4100,1.2112601656853825,0.0015639751403295858,-0.06388325193435877
4150,1.2114279294697505,0.0015613286068667952,-0.06391469659115244
4200,1.2116033780509168,0.001559625929182157,-0.06394922442501115
4250,1.2117848683997867,0.001558307538670142,-0.06398581761716536
4300,1.2119694663386218,0.001556874573578945,-0.06402318254308258
4350,1.2121536937440878,0.0015549940635350807,-0.06406009326590105
4400,1.2123342901241219,0.0015525325012485137,-0.06409564281268652
4450,1.2125086483577563,0.0015495062716965686,-0.06412928687803963
4500,1.212674839435102,0.0015459929978354867,-0.06416071790984189
4550,1.2128314007842387,0.0015420645753442478,-0.06418970608785961
4600,1.2129771503641509,0.0015377733544833737,-0.06421602758235749
4650,1.2131111778816615,0.0015331784315825306,-0.06423950459603227
4700,1.2132329765309129,0.0015283746656515802,-0.06426009224438782
4750,1.213342565503331,0.0015234947285966013,-0.0642779258239523
4800,1.213440478368238,0.0015186816754833325,-0.06429328765730906
4850,1.2135276066213747,0.0015140532141374957,-0.0643065187858921
4900,1.213604991025141,0.0015096824185636415,-0.06431793615311458
4950,1.2136736735470575,0.001505604084321501,-0.06432780118681007
5000,1.2137346604445456,0.0015018365292140898,-0.06433634140527443
5050,1.2137889621797227,0.0014984002525339811,-0.0643437904020147
5100,1.2138376326527407,0.0014953210954388163,-0.0643504070406503
5150,1.2138817502739245,0.001492619097314132,-0.06435645832720131
5200,1.213922339705233,0.0014902943039549854,-0.06436218006688892
5250,1.2139602793861055,0.0014883209899300247,-0.06436774335166483
5300,1.2139962462494482,0.0014866538893747304,-0.06437324670437865
5350,1.2140307189077022,0.0014852412379548162,-0.06437873354316058
5400,1.214064021986469,0.0014840359820997853,-0.06438421884746025
5450,1.2140963751985356,0.001482999606999994,-0.06438970729076841
5500,1.2141279198264137,0.0014820991635709534,-0.06439519565092504
5550,1.214158720104356,0.001481302427864649,-0.06440066519558944
5600,1.2141887571231664,0.0014805760986683213,-0.06440607565190713
5650,1.2142179354890648,0.0014798884844432808,-0.06441136873682472
5700,1.214246109987619,0.0014792143850494,-0.06441648060097892
5750,1.2142731232732558,0.0014785385083995975,-0.06442135596924496
5800,1.2142988381833375,0.0014778552371778838,-0.06442595639760683
5850,1.2143231531808905,0.001477165290560079,-0.06443025993720512
5900,1.214346001000003,0.0014764716936453025,-0.06443425524885608
5950,1.2143673397376766,0.0014757773698403566,-0.06443793578078531
6000,1.2143871468012126,0.001475085069279016,-0.06444129793594931
6050,1.214405420245443,0.0014743986362323392,-0.06444434325894448
6100,1.2144221846386116,0.001473723974397855,-0.06444708167863965
6150,1.214437495035291,0.0014730686927973352,-0.06444953258713941
6200,1.2144514345077633,0.0014724406048135352,-0.06445172259943176
6250,1.2144641055320802,0.001471846072904647,-0.0644536813121016
6300,1.214475619377233,0.00147128915761186,-0.06445543747969072
6350,1.2144860880525574,0.0014707718424592548,-0.06445701728340357
6400,1.2144956207444852,0.0014702948728427799,-0.0644584446672161
6450,1.214504323422465,0.001469858478459188,-0.06445974241681833
6500,1.2145122987362078,0.0014694625283943959,-0.06446093255222661
6550,1.2145196441449748,0.0014691061909330684,-0.06446203550957706
6600,1.2145264483254692,0.001468787525125172,-0.06446306866377675
6650,1.2145327875607077,0.001468503412177681,-0.0644640452134415
6700,1.2145387239529146,0.0014682499311502698,-0.06446497411222023
6750,1.2145443061210284,0.0014680229622023291,-0.06446586097811206
6800,1.214549571600675,0.0014678186864687047,-0.06446670934236869
6850,1.214554549481664,0.001467633778662393,-0.06446752155858797
6900,1.214559262197313,0.0014674653232873659,-0.06446829909966255
6950,1.21456372633324,0.0014673106459384127,-0.06446904245495237
7000,1.2145679530902138,0.001467167246429238,-0.06446975105873497
7050,1.214571949140322,0.0014670328901808878,-0.06447042354629227
7100,1.214575718136089,0.0014669057744016107,-0.06447105831359905
7150,1.2145792625385807,0.0014667846355872643,-0.06447165411552767
7200,1.2145825851590935,0.001466668719628307,-0.06447221042453764
7250,1.214585689995064,0.001466557636554748,-0.06447272745286335
7300,1.2145885823699198,0.0014664511900926483,-0.0644732059534636
7350,1.2145912687264888,0.0014663492675001403,-0.06447364700848666
7400,1.214593756463173,0.0014662518159066636,-0.06447405195125348
7450,1.2145960539845462,0.00146615886795545,-0.0644744224237062
7500,1.2145981708678626,0.0014660705572039213,-0.06447476046184673
7550,1.2146001179174506,0.0014659870866455594,-0.06447506849404093
7600,1.2146019069532883,0.0014659086583253388,-0.06447534921393548
7650,1.2146035503602925,0.0014658354017101486,-0.06447560538166557
7700,1.214605060566808,0.0014657673363407436,-0.06447583964632463
7750,1.2146064496312512,0.0014657043783786283,-0.06447605445351055
7800,1.2146077290171773,0.0014656463732137146,-0.06447625203797878
7850,1.2146089095096935,0.001465593125908839,-0.0644764344516796
7900,1.2146100011692504,0.0014655444122545808,-0.06447660357391526
7950,1.2146110132445218,0.0014654999721467098,-0.06447676108309179
8000,1.2146119540447176,0.001465459500774197,-0.06447690840953589
8050,1.2146128308308892,0.001465422652127639,-0.06447704670589637
8100,1.2146136497900262,0.0014653890582065857,-0.06447717685908876
8150,1.214614416111784,0.0014653583556406271,-0.06447729953960311
8200,1.2146151341345934,0.0014653302073427935,-0.06447741526357935
8250,1.214615807502577,0.0014653043117239704,-0.06447752444154324
8300,1.2146164392903194,0.0014652804005813045,-0.06447762740321299
8350,1.2146170320888836,0.0014652582332521,-0.06447772440628245
8400,1.2146175880746308,0.0014652375937858342,-0.06447781564459935
8450,1.214618109087495,0.0014652182935858018,-0.06447790126703072
8500,1.214618596727023,0.001465200176227209,-0.06447798140552795
8550,1.2146190524538505,0.0014651831199027758,-0.06447805620288792
8600,1.21461947767313,0.001465167034390238,-0.06447812582961175
8650,1.2146198737851317,0.0014651518536531924,-0.06447819048682328
8700,1.214620242203857,0.001465137527561401,-0.06447825039940512
8750,1.2146205843570756,0.0014651240158486962,-0.06447830580766921
8800,1.2146209016831562,0.0014651112854018908,-0.0644783569630422
8850,1.2146211956323942,0.001465099309664724,-0.0644784041281654
8900,1.214621467669639,0.0014650880678721816,-0.06447844757768022
8950,1.2146217192709794,0.0014650775427722778,-0.06447848759563445
9000,1.2146219519094292,0.001465067717257564,-0.06447852446842954
9050,1.2146221670321553,0.0014650585712194628,-0.06447855847537264
9100,1.2146223660354134,0.0014650500799203825,-0.06447858988052889
9150,1.2146225502447188,0.00146504221419913,-0.0644786189281099
9200,1.214622720903431,0.00146503494182431,-0.06447864584161049
9250,1.2146228791678884,0.0014650282288317044,-0.06447867082464696
9300,1.214623026105627,0.001465022040254229,-0.06447869406150801
9350,1.2146231626931159,0.0014650163401594236,-0.06447871571665097
9400,1.21462328981346,0.0014650110916547012,-0.06447873593379698
9450,1.214623408255809,0.001465006257368266,-0.06447875483580749
9500,1.2146235187183152,0.001465001800351252,-0.0644787725263468
9550,1.214623621815564,0.00146499768529745,-0.06447878909282138
9600,1.2146237180890787,0.001464993879504411,-0.0644788046099548
9650,1.214623808017691,0.0014649903532464959,-0.06447881914267982
9700,1.2146238920272767,0.0014649870798110472,-0.06447883274815351
9750,1.2146239704982182,0.001464984035173032,-0.06447884547701592
9800,1.2146240437718478,0.0014649811978580981,-0.06447885737446422
9850,1.214624112157623,0.001464978548953204,-0.06447886848171129
9900,1.2146241759390337,0.0014649760721093489,-0.06447887883746227
9950,1.2146242353807137,0.0014649737535584561,-0.06447888847942589
10000,1.2146242907329716,0.0014649715817589809,-0.064478897445136
10000,1.2146242907329716,0.0014649715817589809,-0.064478897445136
50,1.3782340463738283,0.24816258929230622,-0.6047720540890852
100,1.6511292316993007,0.26961576874011894,-0.34959433259136163
150,1.8741382243094078,0.15817820675488023,-0.2724668207754188
200,1.484081818061802,0.13144538171975437,-0.19092217885505883
250,1.107264446179976,0.043022467145144655,0.012798636975838716
300,0.8755749850078495,-0.004322166033914145,-0.00036315508794432233
350,0.8670210159546424,-0.011015356884423351,0.01718020945458004
400,0.8818750709633634,-0.0062043646255336374,-0.032888614318279934
450,0.9187802028576895,0.00391668212580351,-0.02326102633524035
500,0.9439447168633519,0.0073420757163167915,-0.03373643490274663
550,0.9720707435057612,0.011300563356674303,-0.03649615445233955
600,0.9878011986318903,0.0136898819574525,-0.04087217264299447
650,0.9979436727886596,0.013887369239833075,-0.04191668342282822
700,0.9973716068855696,0.01262299355655198,-0.038239851241163296
750,0.9956090457899155,0.010553648606282742,-0.03632867328016847
800,0.9881455422387592,0.008398889939120939,-0.03188116534525164
850,0.980868783008206,0.006799374404653817,-0.02926559566712311
900,0.9714774983129426,0.005320446180894195,-0.025442421951275825
950,0.9629138475212613,0.004332498250754551,-0.022499322533377216
1000,0.9552850377324078,0.003527623851109168,-0.019578683292033324
1050,0.9511597167360237,0.003428043516956286,-0.018177407763912686
1100,0.9509783525189272,0.0036350161658730553,-0.01774174597765493
1150,0.9540753343578341,0.003991863150934288,-0.01810993654609294
1200,0.9606557132094237,0.0044514118375285055,-0.019300748391870567
1250,0.9694829314770832,0.004826910141298432,-0.020808689775603236
1300,0.9792027296904692,0.004921409235404889,-0.02222229026983546
1350,0.9906835274665406,0.005174691188660805,-0.024439321765741536
1400,1.004787327440357,0.00574808106704883,-0.02759665485342899
1450,1.0187638653528133,0.0059263438212677245,-0.030163861563725632
1500,1.0320226397976557,0.005816757300332854,-0.032401842182114275
1550,1.0455719198385887,0.005826297401060734,-0.034994175205699245
1600,1.0611081584235769,0.006277833720012374,-0.038764932770106446
1650,1.0792059298388172,0.0070911913914651035,-0.04356588015882317
1700,1.0988299494741203,0.00786453731005186,-0.04855772678360042
1750,1.1176469456613296,0.008118468477957358,-0.05260763888800395
1800,1.1336507787362986,0.007722686653007697,-0.05528767217289481
1850,1.1463870260115268,0.006966990707834801,-0.056977300382492206
1900,1.1561885327729735,0.0061469187727253944,-0.05807783549349604
1950,1.1636294450253402,0.005412295513997972,-0.05881402208854774
2000,1.1693153622063663,0.004806095068196495,-0.05931143964250651
2050,1.1737437017824137,0.004313029379218566,-0.05964660838793933
2100,1.1772314917726736,0.003899500871683753,-0.05986606610588196
2150,1.1799549520686765,0.0035365232062707936,-0.05999299994459833
2200,1.1820158726387893,0.003210415681143779,-0.06003696873772973
2250,1.1834915886165178,0.0029192582393058105,-0.06000448519763168
2300,1.184476396781398,0.002662452407857448,-0.059905923925625264
2350,1.185090893323532,0.002443960970641052,-0.05976370303358013
2400,1.1854725300221878,0.0022708809011425957,-0.05961311784288408
2450,1.1857547305083511,0.0021430660310730685,-0.059486913414931446
2500,1.1860407236906838,0.0020526584111923156,-0.05940349531620009
2550,1.1863949841885668,0.001991360897403642,-0.059369048755636415
2600,1.186853554951415,0.0019535728219888873,-0.05938427700765691
2650,1.1874425043156245,0.00193581928089627,-0.05945021125162569
2700,1.188190325575752,0.0019372192359311863,-0.0595724863001204
2750,1.1891275193403046,0.001957644868091803,-0.05975969016652898
2800,1.1902757116798577,0.0019941618979714484,-0.06001604161937068
2850,1.191633737492621,0.0020401612124364456,-0.06033525942211459
2900,1.193170525529333,0.0020870261906576633,-0.06069998544401544
2950,1.1948297466113498,0.002126237601070431,-0.06108615139616274
3000,1.196542960756333,0.002151377712389273,-0.06146967753582893
3050,1.1982447231266993,0.002159662965938503,-0.0618325814158771
3100,1.1998833742221942,0.002151839988714701,-0.062165261128377385
3150,1.201423603577004,0.0021306075898309463,-0.06246422217003888
3200,1.202842396617859,0.0020989966718021396,-0.0627281714017741
3250,1.2041242387949664,0.0020595943960874026,-0.06295584133267083
3300,1.2052595978272551,0.002014581218209157,-0.06314636662852756
3350,1.206246022719324,0.001966169065307746,-0.06330077395003962
3400,1.207089003958468,0.001916755391232992,-0.06342274170668542
3450,1.207800743243505,0.0018685063301806914,-0.06351774244348905
3500,1.2083967995443832,0.0018229034945742451,-0.06359127245586098
3550,1.208892555499269,0.0017806652731038812,-0.06364753905063746
3600,1.2093016206998652,0.0017419655160943659,-0.06368937492225583
3650,1.2096363363274494,0.0017068570855902198,-0.0637191077527882
3700,1.2099091879789134,0.001675575365135031,-0.06373949065202471
3750,1.2101335671160736,0.0016484925403032736,-0.06375392468797174
3800,1.210323166465386,0.0016258593336557334,-0.063765921437324
3850,1.2104905168110724,0.001607593894834975,-0.06377832896936884
3900,1.2106456837965547,0.001593271882589503,-0.06379289902223999
3950,1.2107959141073148,0.001582287053643203,-0.06381042087038045
4000,1.2109461948992193,0.0015740467987194141,-0.06383118830508987
4050,1.2111000840190287,0.001568074552171207,-0.06385540279225942
4100,1.2112601656853825,0.0015639751403295858,-0.06388325193435877
4150,1.2114279294697505,0.0015613286068667952,-0.06391469659115244
4200,1.2116033780509168,0.001559625929182157,-0.06394922442501115
4250,1.2117848683997867,0.001558307538670142,-0.06398581761716536
4300,1.2119694663386218,0.001556874573578945,-0.06402318254308258
4350,1.2121536937440878,0.0015549940635350807,-0.06406009326590105
4400,1.2123342901241219,0.0015525325012485137,-0.06409564281268652
4450,1.2125086483577563,0.0015495062716965686,-0.06412928687803963
4500,1.212674839435102,0.0015459929978354867,-0.06416071790984189
4550,1.2128314007842387,0.0015420645753442478,-0.06418970608785961
4600,1.2129771503641509,0.0015377733544833737,-0.06421602758235749
4650,1.2131111778816615,0.0015331784315825306,-0.06423950459603227
4700,1.2132329765309129,0.0015283746656515802,-0.06426009224438782
4750,1.213342565503331,0.0015234947285966013,-0.0642779258239523
4800,1.213440478368238,0.0015186816754833325,-0.06429328765730906
4850,1.2135276066213747,0.0015140532141374957,-0.0643065187858921
4900,1.213604991025141,0.0015096824185636415,-0.06431793615311458
4950,1.2136736735470575,0.001505604084321501,-0.06432780118681007
5000,1.2137346604445456,0.0015018365292140898,-0.06433634140527443
5050,1.2137889621797227,0.0014984002525339811,-0.0643437904020147
5100,1.2138376326527407,0.0014953210954388163,-0.0643504070406503
5150,1.2138817502739245,0.001492619097314132,-0.06435645832720131
5200,1.213922339705233,0.0014902943039549854,-0.06436218006688892
5250,1.2139602793861055,0.0014883209899300247,-0.06436774335166483
5300,1.2139962462494482,0.0014866538893747304,-0.06437324670437865
5350,1.2140307189077022,0.0014852412379548162,-0.06437873354316058
5400,1.214064021986469,0.0014840359820997853,-0.06438421884746025
5450,1.2140963751985356,0.001482999606999994,-0.06438970729076841
5500,1.2141279198264137,0.0014820991635709534,-0.06439519565092504
5550,1.214158720104356,0.001481302427864649,-0.06440066519558944
5600,1.2141887571231664,0.0014805760986683213,-0.06440607565190713
5650,1.2142179354890648,0.0014798884844432808,-0.06441136873682472
5700,1.214246109987619,0.0014792143850494,-0.06441648060097892
5750,1.2142731232732558,0.0014785385083995975,-0.06442135596924496
5800,1.2142988381833375,0.0014778552371778838,-0.06442595639760683
5850,1.2143231531808905,0.001477165290560079,-0.06443025993720512
5900,1.214346001000003,0.0014764716936453025,-0.06443425524885608
5950,1.2143673397376766,0.0014757773698403566,-0.06443793578078531
6000,1.2143871468012126,0.001475085069279016,-0.06444129793594931
6050,1.214405420245443,0.0014743986362323392,-0.06444434325894448
6100,1.2144221846386116,0.001473723974397855,-0.06444708167863965
6150,1.214437495035291,0.0014730686927973352,-0.06444953258713941
6200,1.2144514345077633,0.0014724406048135352,-0.06445172259943176
6250,1.2144641055320802,0.001471846072904647,-0.0644536813121016
6300,1.214475619377233,0.00147128915761186,-0.06445543747969072
6350,1.2144860880525574,0.0014707718424592548,-0.06445701728340357
6400,1.2144956207444852,0.0014702948728427799,-0.0644584446672161
6450,1.214504323422465,0.001469858478459188,-0.06445974241681833
6500,1.2145122987362078,0.0014694625283943959,-0.06446093255222661
6550,1.2145196441449748,0.0014691061909330684,-0.06446203550957706
6600,1.2145264483254692,0.001468787525125172,-0.06446306866377675
6650,1.2145327875607077,0.001468503412177681,-0.0644640452134415
6700,1.2145387239529146,0.0014682499311502698,-0.06446497411222023
6750,1.2145443061210284,0.0014680229622023291,-0.06446586097811206
6800,1.214549571600675,0.0014678186864687047,-0.06446670934236869
6850,1.214554549481664,0.001467633778662393,-0.06446752155858797
6900,1.214559262197313,0.0014674653232873659,-0.06446829909966255
6950,1.21456372633324,0.0014673106459384127,-0.06446904245495237
7000,1.2145679530902138,0.001467167246429238,-0.06446975105873497
7050,1.214571949140322,0.0014670328901808878,-0.06447042354629227
7100,1.214575718136089,0.0014669057744016107,-0.06447105831359905
7150,1.2145792625385807,0.0014667846355872643,-0.06447165411552767
7200,1.2145825851590935,0.001466668719628307,-0.06447221042453764
7250,1.214585689995064,0.001466557636554748,-0.06447272745286335
7300,1.2145885823699198,0.0014664511900926483,-0.0644732059534636
7350,1.2145912687264888,0.0014663492675001403,-0.06447364700848666
7400,1.214593756463173,0.0014662518159066636,-0.06447405195125348
7450,1.2145960539845462,0.00146615886795545,-0.0644744224237062
7500,1.2145981708678626,0.0014660705572039213,-0.06447476046184673
7550,1.2146001179174506,0.0014659870866455594,-0.06447506849404093
7600,1.2146019069532883,0.0014659086583253388,-0.06447534921393548
7650,1.2146035503602925,0.0014658354017101486,-0.06447560538166557
7700,1.214605060566808,0.0014657673363407436,-0.06447583964632463
7750,1.2146064496312512,0.0014657043783786283,-0.06447605445351055
7800,1.2146077290171773,0.0014656463732137146,-0.06447625203797878
7850,1.2146089095096935,0.001465593125908839,-0.0644764344516796
7900,1.2146100011692504,0.0014655444122545808,-0.06447660357391526
7950,1.2146110132445218,0.0014654999721467098,-0.06447676108309179
8000,1.2146119540447176,0.001465459500774197,-0.06447690840953589
8050,1.2146128308308892,0.001465422652127639,-0.06447704670589637
8100,1.2146136497900262,0.0014653890582065857,-0.06447717685908876
8150,1.214614416111784,0.0014653583556406271,-0.06447729953960311
8200,1.2146151341345934,0.0014653302073427935,-0.06447741526357935
8250,1.214615807502577,0.0014653043117239704,-0.06447752444154324
8300,1.2146164392903194,0.0014652804005813045,-0.06447762740321299
8350,1.2146170320888836,0.0014652582332521,-0.06447772440628245
8400,1.2146175880746308,0.0014652375937858342,-0.06447781564459935
8450,1.214618109087495,0.0014652182935858018,-0.06447790126703072
8500,1.214618596727023,0.001465200176227209,-0.06447798140552795
8550,1.2146190524538505,0.0014651831199027758,-0.06447805620288792
8600,1.21461947767313,0.001465167034390238,-0.06447812582961175
8650,1.2146198737851317,0.0014651518536531924,-0.06447819048682328
8700,1.214620242203857,0.001465137527561401,-0.06447825039940512
8750,1.2146205843570756,0.0014651240158486962,-0.06447830580766921
8800,1.2146209016831562,0.0014651112854018908,-0.0644783569630422
8850,1.2146211956323942,0.001465099309664724,-0.0644784041281654
8900,1.214621467669639,0.0014650880678721816,-0.06447844757768022
8950,1.2146217192709794,0.0014650775427722778,-0.06447848759563445
9000,1.2146219519094292,0.001465067717257564,-0.06447852446842954
9050,1.2146221670321553,0.0014650585712194628,-0.06447855847537264
9100,1.2146223660354134,0.0014650500799203825,-0.06447858988052889
9150,1.2146225502447188,0.00146504221419913,-0.0644786189281099
9200,1.214622720903431,0.00146503494182431,-0.06447864584161049
9250,1.2146228791678884,0.0014650282288317044,-0.06447867082464696
9300,1.214623026105627,0.001465022040254229,-0.06447869406150801
9350,1.2146231626931159,0.0014650163401594236,-0.06447871571665097
9400,1.21462328981346,0.0014650110916547012,-0.06447873593379698
9450,1.214623408255809,0.001465006257368266,-0.06447875483580749
9500,1.2146235187183152,0.001465001800351252,-0.0644787725263468
9550,1.214623621815564,0.00146499768529745,-0.06447878909282138
9600,1.2146237180890787,0.001464993879504411,-0.0644788046099548
9650,1.214623808017691,0.0014649903532464959,-0.06447881914267982
9700,1.2146238920272767,0.0014649870798110472,-0.06447883274815351
9750,1.2146239704982182,0.001464984035173032,-0.06447884547701592
9800,1.2146240437718478,0.0014649811978580981,-0.06447885737446422
9850,1.214624112157623,0.001464978548953204,-0.06447886848171129
9900,1.2146241759390337,0.0014649760721093489,-0.06447887883746227
9950,1.2146242353807137,0.0014649737535584561,-0.06447888847942589
10000,1.2146242907329716,0.0014649715817589809,-0.064478897445136
10000,1.2146242907329716,0.0014649715817589809,-0.064478897445136
50,1.3782340463738283,0.24816258929230622,-0.6047720540890852
100,1.6511292316993007,0.26961576874011894,-0.34959433259136163
150,1.8741382243094078,0.15817820675488023,-0.2724668207754188
200,1.484081818061802,0.13144538171975437,-0.19092217885505883
250,1.107264446179976,0.043022467145144655,0.012798636975838716
300,0.8755749850078495,-0.004322166033914145,-0.00036315508794432233
350,0.8670210159546424,-0.011015356884423351,0.01718020945458004
400,0.8818750709633634,-0.0062043646255336374,-0.032888614318279934
450,0.9187802028576895,0.00391668212580351,-0.02326102633524035
500,0.9439447168633519,0.0073420757163167915,-0.03373643490274663
550,0.9720707435057612,0.011300563356674303,-0.03649615445233955
600,0.9878011986318903,0.0136898819574525,-0.04087217264299447
650,0.9979436727886596,0.013887369239833075,-0.04191668342282822
700,0.9973716068855696,0.01262299355655198,-0.038239851241163296
750,0.9956090457899155,0.010553648606282742,-0.03632867328016847
800,0.9881455422387592,0.008398889939120939,-0.03188116534525164
850,0.980868783008206,0.006799374404653817,-0.02926559566712311
900,0.9714774983129426,0.005320446180894195,-0.025442421951275825
950,0.9629138475212613,0.004332498250754551,-0.022499322533377216
1000,0.9552850377324078,0.003527623851109168,-0.019578683292033324
1050,0.9511597167360237,0.003428043516956286,-0.018177407763912686
1100,0.9509783525189272,0.0036350161658730553,-0.01774174597765493
1150,0.9540753343578341,0.003991863150934288,-0.01810993654609294
1200,0.9606557132094237,0.0044514118375285055,-0.019300748391870567
1250,0.9694829314770832,0.004826910141298432,-0.020808689775603236
1300,0.9792027296904692,0.004921409235404889,-0.02222229026983546
1350,0.9906835274665406,0.005174691188660805,-0.024439321765741536
1400,1.004787327440357,0.00574808106704883,-0.02759665485342899
1450,1.0187638653528133,0.0059263438212677245,-0.030163861563725632
1500,1.0320226397976557,0.005816757300332854,-0.032401842182114275
1550,1.0455719198385887,0.005826297401060734,-0.034994175205699245
1600,1.0611081584235769,0.006277833720012374,-0.038764932770106446
1650,1.0792059298388172,0.0070911913914651035,-0.04356588015882317
1700,1.0988299494741203,0.00786453731005186,-0.04855772678360042
1750,1.1176469456613296,0.008118468477957358,-0.05260763888800395
1800,1.1336507787362986,0.007722686653007697,-0.05528767217289481
1850,1.1463870260115268,0.006966990707834801,-0.056977300382492206
1900,1.1561885327729735,0.0061469187727253944,-0.05807783549349604
1950,1.1636294450253402,0.005412295513997972,-0.05881402208854774
2000,1.1693153622063663,0.004806095068196495,-0.05931143964250651
2050,1.1737437017824137,0.004313029379218566,-0.05964660838793933
2100,1.1772314917726736,0.003899500871683753,-0.05986606610588196
2150,1.1799549520686765,0.0035365232062707936,-0.05999299994459833
2200,1.1820158726387893,0.003210415681143779,-0.06003696873772973
2250,1.1834915886165178,0.0029192582393058105,-0.06000448519763168
2300,1.184476396781398,0.002662452407857448,-0.059905923925625264
2350,1.185090893323532,0.002443960970641052,-0.05976370303358013
2400,1.1854725300221878,0.0022708809011425957,-0.05961311784288408
2450,1.1857547305083511,0.0021430660310730685,-0.059486913414931446
2500,1.1860407236906838,0.0020526584111923156,-0.05940349531620009
2550,1.1863949841885668,0.001991360897403642,-0.059369048755636415
2600,1.186853554951415,0.0019535728219888873,-0.05938427700765691
2650,1.1874425043156245,0.00193581928089627,-0.05945021125162569
2700,1.188190325575752,0.0019372192359311863,-0.0595724863001204
2750,1.1891275193403046,0.001957644868091803,-0.05975969016652898
2800,1.1902757116798577,0.0019941618979714484,-0.06001604161937068
2850,1.191633737492621,0.0020401612124364456,-0.06033525942211459
2900,1.193170525529333,0.0020870261906576633,-0.06069998544401544
2950,1.1948297466113498,0.002126237601070431,-0.06108615139616274
3000,1.196542960756333,0.002151377712389273,-0.06146967753582893
3050,1.1982447231266993,0.002159662965938503,-0.0618325814158771
3100,1.1998833742221942,0.002151839988714701,-0.062165261128377385
3150,1.201423603577004,0.0021306075898309463,-0.06246422217003888
3200,1.202842396617859,0.0020989966718021396,-0.0627281714017741
3250,1.2041242387949664,0.0020595943960874026,-0.06295584133267083
3300,1.2052595978272551,0.002014581218209157,-0.06314636662852756
3350,1.206246022719324,0.001966169065307746,-0.06330077395003962
3400,1.207089003958468,0.001916755391232992,-0.06342274170668542
3450,1.207800743243505,0.0018685063301806914,-0.06351774244348905
3500,1.2083967995443832,0.0018229034945742451,-0.06359127245586098
3550,1.208892555499269,0.0017806652731038812,-0.06364753905063746
3600,1.2093016206998652,0.0017419655160943659,-0.06368937492225583
3650,1.2096363363274494,0.0017068570855902198,-0.0637191077527882
3700,1.2099091879789134,0.001675575365135031,-0.06373949065202471
3750,1.2101335671160736,0.0016484925403032736,-0.06375392468797174
3800,1.210323166465386,0.0016258593336557334,-0.063765921437324
3850,1.2104905168110724,0.001607593894834975,-0.06377832896936884
3900,1.2106456837965547,0.001593271882589503,-0.06379289902223999
3950,1.2107959141073148,0.001582287053643203,-0.06381042087038045
4000,1.2109461948992193,0.0015740467987194141,-0.06383118830508987
4050,1.2111000840190287,0.001568074552171207,-0.06385540279225942
4100,1.2112601656853825,0.0015639751403295858,-0.06388325193435877
4150,1.2114279294697505,0.0015613286068667952,-0.06391469659115244
4200,1.2116033780509168,0.001559625929182157,-0.06394922442501115
4250,1.2117848683997867,0.001558307538670142,-0.06398581761716536
4300,1.2119694663386218,0.001556874573578945,-0.06402318254308258
4350,1.2121536937440878,0.0015549940635350807,-0.06406009326590105
4400,1.2123342901241219,0.0015525325012485137,-0.06409564281268652
4450,1.2125086483577563,0.0015495062716965686,-0.06412928687803963
4500,1.212674839435102,0.0015459929978354867,-0.06416071790984189
4550,1.2128314007842387,0.0015420645753442478,-0.06418970608785961
4600,1.2129771503641509,0.0015377733544833737,-0.06421602758235749
4650,1.2131111778816615,0.0015331784315825306,-0.06423950459603227
4700,1.2132329765309129,0.0015283746656515802,-0.06426009224438782
4750,1.213342565503331,0.0015234947285966013,-0.0642779258239523
4800,1.213440478368238,0.0015186816754833325,-0.06429328765730906
4850,1.2135276066213747,0.0015140532141374957,-0.0643065187858921
4900,1.213604991025141,0.0015096824185636415,-0.06431793615311458
4950,1.2136736735470575,0.001505604084321501,-0.06432780118681007
5000,1.2137346604445456,0.0015018365292140898,-0.06433634140527443
5050,1.2137889621797227,0.0014984002525339811,-0.0643437904020147
5100,1.2138376326527407,0.0014953210954388163,-0.0643504070406503
5150,1.2138817502739245,0.001492619097314132,-0.06435645832720131
5200,1.213922339705233,0.0014902943039549854,-0.06436218006688892
5250,1.2139602793861055,0.0014883209899300247,-0.06436774335166483
5300,1.2139962462494482,0.0014866538893747304,-0.06437324670437865
5350,1.2140307189077022,0.0014852412379548162,-0.06437873354316058
5400,1.214064021986469,0.0014840359820997853,-0.06438421884746025
5450,1.2140963751985356,0.001482999606999994,-0.06438970729076841
5500,1.2141279198264137,0.0014820991635709534,-0.06439519565092504
5550,1.214158720104356,0.001481302427864649,-0.06440066519558944
5600,1.2141887571231664,0.0014805760986683213,-0.06440607565190713
5650,1.2142179354890648,0.0014798884844432808,-0.06441136873682472
5700,1.214246109987619,0.0014792143850494,-0.06441648060097892
5750,1.2142731232732558,0.0014785385083995975,-0.06442135596924496
5800,1.2142988381833375,0.0014778552371778838,-0.06442595639760683
5850,1.2143231531808905,0.001477165290560079,-0.06443025993720512
5900,1.214346001000003,0.0014764716936453025,-0.06443425524885608
5950,1.2143673397376766,0.0014757773698403566,-0.06443793578078531
6000,1.2143871468012126,0.001475085069279016,-0.06444129793594931
6050,1.214405420245443,0.0014743986362323392,-0.06444434325894448
6100,1.2144221846386116,0.001473723974397855,-0.06444708167863965
6150,1.214437495035291,0.0014730686927973352,-0.06444953258713941
6200,1.2144514345077633,0.0014724406048135352,-0.06445172259943176
6250,1.2144641055320802,0.001471846072904647,-0.0644536813121016
6300,1.214475619377233,0.00147128915761186,-0.06445543747969072
6350,1.2144860880525574,0.0014707718424592548,-0.06445701728340357
6400,1.2144956207444852,0.0014702948728427799,-0.0644584446672161
6450,1.214504323422465,0.001469858478459188,-0.06445974241681833
6500,1.2145122987362078,0.0014694625283943959,-0.06446093255222661
6550,1.2145196441449748,0.0014691061909330684,-0.06446203550957706
6600,1.2145264483254692,0.001468787525125172,-0.06446306866377675
6650,1.2145327875607077,0.001468503412177681,-0.0644640452134415
6700,1.2145387239529146,0.0014682499311502698,-0.06446497411222023
6750,1.2145443061210284,0.0014680229622023291,-0.06446586097811206
6800,1.214549571600675,0.0014678186864687047,-0.06446670934236869
6850,1.214554549481664,0.001467633778662393,-0.06446752155858797
6900,1.214559262197313,0.0014674653232873659,-0.06446829909966255
6950,1.21456372633324,0.0014673106459384127,-0.06446904245495237
7000,1.2145679530902138,0.001467167246429238,-0.06446975105873497
7050,1.214571949140322,0.0014670328901808878,-0.06447042354629227
7100,1.214575718136089,0.0014669057744016107,-0.06447105831359905
7150,1.2145792625385807,0.0014667846355872643,-0.06447165411552767
7200,1.2145825851590935,0.001466668719628307,-0.06447221042453764
7250,1.214585689995064,0.001466557636554748,-0.06447272745286335
7300,1.2145885823699198,0.0014664511900926483,-0.0644732059534636
7350,1.2145912687264888,0.0014663492675001403,-0.06447364700848666
7400,1.214593756463173,0.0014662518159066636,-0.06447405195125348
7450,1.2145960539845462,0.00146615886795545,-0.0644744224237062
7500,1.2145981708678626,0.0014660705572039213,-0.06447476046184673
7550,1.2146001179174506,0.0014659870866455594,-0.06447506849404093
7600,1.2146019069532883,0.0014659086583253388,-0.06447534921393548
7650,1.2146035503602925,0.0014658354017101486,-0.06447560538166557
7700,1.214605060566808,0.0014657673363407436,-0.06447583964632463
7750,1.2146064496312512,0.0014657043783786283,-0.06447605445351055
7800,1.2146077290171773,0.0014656463732137146,-0.06447625203797878
7850,1.2146089095096935,0.001465593125908839,-0.0644764344516796
7900,1.2146100011692504,0.0014655444122545808,-0.06447660357391526
7950,1.2146110132445218,0.0014654999721467098,-0.06447676108309179
8000,1.2146119540447176,0.001465459500774197,-0.06447690840953589
8050,1.2146128308308892,0.001465422652127639,-0.06447704670589637
8100,1.2146136497900262,0.0014653890582065857,-0.06447717685908876
8150,1.214614416111784,0.0014653583556406271,-0.06447729953960311
8200,1.2146151341345934,0.0014653302073427935,-0.06447741526357935
8250,1.214615807502577,0.0014653043117239704,-0.06447752444154324
8300,1.2146164392903194,0.0014652804005813045,-0.06447762740321299
8350,1.2146170320888836,0.0014652582332521,-0.06447772440628245
8400,1.2146175880746308,0.0014652375937858342,-0.06447781564459935
8450,1.214618109087495,0.0014652182935858018,-0.06447790126703072
8500,1.214618596727023,0.001465200176227209,-0.06447798140552795
8550,1.2146190524538505,0.0014651831199027758,-0.06447805620288792
8600,1.21461947767313,0.001465167034390238,-0.06447812582961175
8650,1.2146198737851317,0.0014651518536531924,-0.06447819048682328
8700,1.214620242203857,0.001465137527561401,-0.06447825039940512
8750,1.2146205843570756,0.0014651240158486962,-0.06447830580766921
8800,1.2146209016831562,0.0014651112854018908,-0.0644783569630422
8850,1.2146211956323942,0.001465099309664724,-0.0644784041281654
8900,1.214621467669639,0.0014650880678721816,-0.06447844757768022
8950,1.2146217192709794,0.0014650775427722778,-0.06447848759563445
9000,1.2146219519094292,0.001465067717257564,-0.06447852446842954
9050,1.2146221670321553,0.0014650585712194628,-0.06447855847537264
9100,1.2146223660354134,0.0014650500799203825,-0.06447858988052889
9150,1.2146225502447188,0.00146504221419913,-0.0644786189281099
9200,1.214622720903431,0.00146503494182431,-0.06447864584161049
9250,1.2146228791678884,0.0014650282288317044,-0.06447867082464696
9300,1.214623026105627,0.001465022040254229,-0.06447869406150801
9350,1.2146231626931159,0.0014650163401594236,-0.06447871571665097
9400,1.21462328981346,0.0014650110916547012,-0.06447873593379698
9450,1.214623408255809,0.001465006257368266,-0.06447875483580749
9500,1.2146235187183152,0.001465001800351252,-0.0644787725263468
9550,1.214623621815564,0.00146499768529745,-0.06447878909282138
9600,1.2146237180890787,0.001464993879504411,-0.0644788046099548
9650,1.214623808017691,0.0014649903532464959,-0.06447881914267982
9700,1.2146238920272767,0.0014649870798110472,-0.06447883274815351
9750,1.2146239704982182,0.001464984035173032,-0.06447884547701592
9800,1.2146240437718478,0.0014649811978580981,-0.06447885737446422
9850,1.214624112157623,0.001464978548953204,-0.06447886848171129
9900,1.2146241759390337,0.0014649760721093489,-0.06447887883746227
9950,1.2146242353807137,0.0014649737535584561,-0.06447888847942589
10000,1.2146242907329716,0.0014649715817589809,-0.064478897445136
10000,1.2146242907329716,0.0014649715817589809,-0.064478897445136
50,1.3782340463738283,0.24816258929230622,-0.6047720540890852
100,1.6511292316993007,0.26961576874011894,-0.34959433259136163
150,1.8741382243094078,0.15817820675488023,-0.2724668207754188
200,1.484081818061802,0.13144538171975437,-0.19092217885505883
250,1.107264446179976,0.043022467145144655,0.012798636975838716
300,0.8755749850078495,-0.004322166033914145,-0.00036315508794432233
350,0.8670210159546424,-0.011015356884423351,0.01718020945458004
400,0.8818750709633634,-0.0062043646255336374,-0.032888614318279934
450,0.9187802028576895,0.00391668212580351,-0.02326102633524035
500,0.9439447168633519,0.0073420757163167915,-0.03373643490274663
550,0.9720707435057612,0.011300563356674303,-0.03649615445233955
600,0.9878011986318903,0.0136898819574525,-0.04087217264299447
650,0.9979436727886596,0.013887369239833075,-0.04191668342282822
700,0.9973716068855696,0.01262299355655198,-0.038239851241163296
750,0.9956090457899155,0.010553648606282742,-0.03632867328016847
800,0.9881455422387592,0.008398889939120939,-0.03188116534525164
850,0.980868783008206,0.006799374404653817,-0.02926559566712311
900,0.9714774983129426,0.005320446180894195,-0.025442421951275825
950,0.9629138475212613,0.004332498250754551,-0.022499322533377216
1000,0.9552850377324078,0.003527623851109168,-0.019578683292033324
1050,0.9511597167360237,0.003428043516956286,-0.018177407763912686
1100,0.9509783525189272,0.0036350161658730553,-0.01774174597765493
1150,0.9540753343578341,0.003991863150934288,-0.01810993654609294
1200,0.9606557132094237,0.0044514118375285055,-0.019300748391870567
1250,0.9694829314770832,0.004826910141298432,-0.020808689775603236
1300,0.9792027296904692,0.004921409235404889,-0.02222229026983546
1350,0.9906835274665406,0.005174691188660805,-0.024439321765741536
1400,1.004787327440357,0.00574808106704883,-0.02759665485342899
1450,1.0187638653528133,0.0059263438212677245,-0.030163861563725632
1500,1.0320226397976557,0.005816757300332854,-0.032401842182114275
1550,1.0455719198385887,0.005826297401060734,-0.034994175205699245
1600,1.0611081584235769,0.006277833720012374,-0.038764932770106446
1650,1.0792059298388172,0.0070911913914651035,-0.04356588015882317
1700,1.0988299494741203,0.00786453731005186,-0.04855772678360042
1750,1.1176469456613296,0.008118468477957358,-0.05260763888800395
1800,1.1336507787362986,0.007722686653007697,-0.05528767217289481
1850,1.1463870260115268,0.006966990707834801,-0.056977300382492206
1900,1.1561885327729735,0.0061469187727253944,-0.05807783549349604
1950,1.1636294450253402,0.005412295513997972,-0.05881402208854774
2000,1.1693153622063663,0.004806095068196495,-0.05931143964250651
2050,1.1737437017824137,0.004313029379218566,-0.05964660838793933
2100,1.1772314917726736,0.003899500871683753,-0.05986606610588196
2150,1.1799549520686765,0.0035365232062707936,-0.05999299994459833
2200,1.1820158726387893,0.003210415681143779,-0.06003696873772973
2250,1.1834915886165178,0.0029192582393058105,-0.06000448519763168
2300,1.184476396781398,0.002662452407857448,-0.059905923925625264
2350,1.185090893323532,0.002443960970641052,-0.05976370303358013
2400,1.1854725300221878,0.0022708809011425957,-0.05961311784288408
2450,1.1857547305083511,0.0021430660310730685,-0.059486913414931446
2500,1.1860407236906838,0.0020526584111923156,-0.05940349531620009
2550,1.1863949841885668,0.001991360897403642,-0.059369048755636415
2600,1.186853554951415,0.0019535728219888873,-0.05938427700765691
2650,1.1874425043156245,0.00193581928089627,-0.05945021125162569
2700,1.188190325575752,0.0019372192359311863,-0.0595724863001204
2750,1.1891275193403046,0.001957644868091803,-0.05975969016652898
2800,1.1902757116798577,0.0019941618979714484,-0.06001604161937068
2850,1.191633737492621,0.0020401612124364456,-0.06033525942211459
2900,1.193170525529333,0.0020870261906576633,-0.06069998544401544
2950,1.1948297466113498,0.002126237601070431,-0.06108615139616274
3000,1.196542960756333,0.002151377712389273,-0.06146967753582893
3050,1.1982447231266993,0.002159662965938503,-0.0618325814158771
3100,1.1998833742221942,0.002151839988714701,-0.062165261128377385
3150,1.201423603577004,0.0021306075898309463,-0.06246422217003888
3200,1.202842396617859,0.0020989966718021396,-0.0627281714017741
3250,1.2041242387949664,0.0020595943960874026,-0.06295584133267083
3300,1.2052595978272551,0.002014581218209157,-0.06314636662852756
3350,1.206246022719324,0.001966169065307746,-0.06330077395003962
3400,1.207089003958468,0.001916755391232992,-0.06342274170668542
3450,1.207800743243505,0.0018685063301806914,-0.06351774244348905
3500,1.2083967995443832,0.0018229034945742451,-0.06359127245586098
3550,1.208892555499269,0.0017806652731038812,-0.06364753905063746
3600,1.2093016206998652,0.0017419655160943659,-0.06368937492225583
3650,1.2096363363274494,0.0017068570855902198,-0.0637191077527882
3700,1.2099091879789134,0.001675575365135031,-0.06373949065202471
3750,1.2101335671160736,0.0016484925403032736,-0.06375392468797174
3800,1.210323166465386,0.0016258593336557334,-0.063765921437324
3850,1.2104905168110724,0.001607593894834975,-0.06377832896936884
3900,1.2106456837965547,0.001593271882589503,-0.06379289902223999
3950,1.2107959141073148,0.001582287053643203,-0.06381042087038045
4000,1.2109461948992193,0.0015740467987194141,-0.06383118830508987
4050,1.2111000840190287,0.001568074552171207,-0.06385540279225942
4100,1.2112601656853825,0.0015639751403295858,-0.06388325193435877
4150,1.2114279294697505,0.0015613286068667952,-0.06391469659115244
4200,1.2116033780509168,0.001559625929182157,-0.06394922442501115
4250,1.2117848683997867,0.001558307538670142,-0.06398581761716536
4300,1.2119694663386218,0.001556874573578945,-0.06402318254308258
4350,1.2121536937440878,0.0015549940635350807,-0.06406009326590105
4400,1.2123342901241219,0.0015525325012485137,-0.06409564281268652
4450,1.2125086483577563,0.0015495062716965686,-0.06412928687803963
4500,1.212674839435102,0.0015459929978354867,-0.06416071790984189
4550,1.2128314007842387,0.0015420645753442478,-0.06418970608785961
4600,1.2129771503641509,0.0015377733544833737,-0.06421602758235749
4650,1.2131111778816615,0.0015331784315825306,-0.06423950459603227
4700,1.2132329765309129,0.0015283746656515802,-0.06426009224438782
4750,1.213342565503331,0.0015234947285966013,-0.0642779258239523
4800,1.213440478368238,0.0015186816754833325,-0.06429328765730906
4850,1.2135276066213747,0.0015140532141374957,-0.0643065187858921
4900,1.213604991025141,0.0015096824185636415,-0.06431793615311458
4950,1.2136736735470575,0.001505604084321501,-0.06432780118681007
5000,1.2137346604445456,0.0015018365292140898,-0.06433634140527443
5050,1.2137889621797227,0.0014984002525339811,-0.0643437904020147
5100,1.2138376326527407,0.0014953210954388163,-0.0643504070406503
5150,1.2138817502739245,0.001492619097314132,-0.06435645832720131
5200,1.213922339705233,0.0014902943039549854,-0.06436218006688892
5250,1.2139602793861055,0.0014883209899300247,-0.06436774335166483
5300,1.2139962462494482,0.0014866538893747304,-0.06437324670437865
5350,1.2140307189077022,0.0014852412379548162,-0.06437873354316058
5400,1.214064021986469,0.0014840359820997853,-0.06438421884746025
5450,1.2140963751985356,0.001482999606999994,-0.06438970729076841
5500,1.2141279198264137,0.0014820991635709534,-0.06439519565092504
5550,1.214158720104356,0.001481302427864649,-0.06440066519558944
5600,1.2141887571231664,0.0014805760986683213,-0.06440607565190713
5650,1.2142179354890648,0.0014798884844432808,-0.06441136873682472
5700,1.214246109987619,0.0014792143850494,-0.06441648060097892
5750,1.2142731232732558,0.0014785385083995975,-0.06442135596924496
5800,1.2142988381833375,0.0014778552371778838,-0.06442595639760683
5850,1.2143231531808905,0.001477165290560079,-0.06443025993720512
5900,1.214346001000003,0.0014764716936453025,-0.06443425524885608
5950,1.2143673397376766,0.0014757773698403566,-0.06443793578078531
6000,1.2143871468012126,0.001475085069279016,-0.06444129793594931
6050,1.214405420245443,0.0014743986362323392,-0.06444434325894448
6100,1.2144221846386116,0.001473723974397855,-0.06444708167863965
6150,1.214437495035291,0.0014730686927973352,-0.06444953258713941
6200,1.2144514345077633,0.0014724406048135352,-0.06445172259943176
6250,1.2144641055320802,0.001471846072904647,-0.0644536813121016
6300,1.214475619377233,0.00147128915761186,-0.06445543747969072
6350,1.2144860880525574,0.0014707718424592548,-0.06445701728340357
6400,1.2144956207444852,0.0014702948728427799,-0.0644584446672161
6450,1.214504323422465,0.001469858478459188,-0.06445974241681833
6500,1.2145122987362078,0.0014694625283943959,-0.06446093255222661
6550,1.2145196441449748,0.0014691061909330684,-0.06446203550957706
6600,1.2145264483254692,0.001468787525125172,-0.06446306866377675
6650,1.2145327875607077,0.001468503412177681,-0.0644640452134415
6700,1.2145387239529146,0.0014682499311502698,-0.06446497411222023
6750,1.2145443061210284,0.0014680229622023291,-0.06446586097811206
6800,1.214549571600675,0.0014678186864687047,-0.06446670934236869
6850,1.214554549481664,0.001467633778662393,-0.06446752155858797
6900,1.214559262197313,0.0014674653232873659,-0.06446829909966255
6950,1.21456372633324,0.0014673106459384127,-0.06446904245495237
7000,1.2145679530902138,0.001467167246429238,-0.06446975105873497
7050,1.214571949140322,0.0014670328901808878,-0.06447042354629227
7100,1.214575718136089,0.0014669057744016107,-0.06447105831359905
7150,1.2145792625385807,0.0014667846355872643,-0.06447165411552767
7200,1.2145825851590935,0.001466668719628307,-0.06447221042453764
7250,1.214585689995064,0.001466557636554748,-0.06447272745286335
7300,1.2145885823699198,0.0014664511900926483,-0.0644732059534636
7350,1.2145912687264888,0.0014663492675001403,-0.06447364700848666
7400,1.214593756463173,0.0014662518159066636,-0.06447405195125348
7450,1.2145960539845462,0.00146615886795545,-0.0644744224237062
7500,1.2145981708678626,0.0014660705572039213,-0.06447476046184673
7550,1.2146001179174506,0.0014659870866455594,-0.06447506849404093
7600,1.2146019069532883,0.0014659086583253388,-0.06447534921393548
7650,1.2146035503602925,0.0014658354017101486,-0.06447560538166557
7700,1.214605060566808,0.0014657673363407436,-0.06447583964632463
7750,1.2146064496312512,0.0014657043783786283,-0.06447605445351055
7800,1.2146077290171773,0.0014656463732137146,-0.06447625203797878
7850,1.2146089095096935,0.001465593125908839,-0.0644764344516796
7900,1.2146100011692504,0.0014655444122545808,-0.06447660357391526
7950,1.2146110132445218,0.0014654999721467098,-0.06447676108309179
8000,1.2146119540447176,0.001465459500774197,-0.06447690840953589
8050,1.2146128308308892,0.001465422652127639,-0.06447704670589637
8100,1.2146136497900262,0.0014653890582065857,-0.06447717685908876
8150,1.214614416111784,0.0014653583556406271,-0.06447729953960311
8200,1.2146151341345934,0.0014653302073427935,-0.06447741526357935
8250,1.214615807502577,0.0014653043117239704,-0.06447752444154324
8300,1.2146164392903194,0.0014652804005813045,-0.06447762740321299
8350,1.2146170320888836,0.0014652582332521,-0.06447772440628245
8400,1.2146175880746308,0.0014652375937858342,-0.06447781564459935
8450,1.214618109087495,0.0014652182935858018,-0.06447790126703072
8500,1.214618596727023,0.001465200176227209,-0.06447798140552795
8550,1.2146190524538505,0.0014651831199027758,-0.06447805620288792
8600,1.21461947767313,0.001465167034390238,-0.06447812582961175
8650,1.2146198737851317,0.0014651518536531924,-0.06447819048682328
8700,1.214620242203857,0.001465137527561401,-0.06447825039940512
8750,1.2146205843570756,0.0014651240158486962,-0.06447830580766921
8800,1.2146209016831562,0.0014651112854018908,-0.0644783569630422
8850,1.2146211956323942,0.001465099309664724,-0.0644784041281654
8900,1.214621467669639,0.0014650880678721816,-0.06447844757768022
8950,1.2146217192709794,0.0014650775427722778,-0.06447848759563445
9000,1.2146219519094292,0.001465067717257564,-0.06447852446842954
9050,1.2146221670321553,0.0014650585712194628,-0.06447855847537264
9100,1.2146223660354134,0.0014650500799203825,-0.06447858988052889
9150,1.2146225502447188,0.00146504221419913,-0.0644786189281099
9200,1.214622720903431,0.00146503494182431,-0.06447864584161049
9250,1.2146228791678884,0.0014650282288317044,-0.06447867082464696
9300,1.214623026105627,0.001465022040254229,-0.06447869406150801
9350,1.2146231626931159,0.0014650163401594236,-0.06447871571665097
9400,1.21462328981346,0.0014650110916547012,-0.06447873593379698
9450,1.214623408255809,0.001465006257368266,-0.06447875483580749
9500,1.2146235187183152,0.001465001800351252,-0.0644787725263468
9550,1.214623621815564,0.00146499768529745,-0.06447878909282138
9600,1.2146237180890787,0.001464993879504411,-0.0644788046099548
9650,1.214623808017691,0.0014649903532464959,-0.06447881914267982
9700,1.2146238920272767,0.0014649870798110472,-0.06447883274815351
9750,1.2146239704982182,0.001464984035173032,-0.06447884547701592
9800,1.2146240437718478,0.0014649811978580981,-0.06447885737446422
9850,1.214624112157623,0.001464978548953204,-0.06447886848171129
9900,1.2146241759390337,0.0014649760721093489,-0.06447887883746227
9950,1.2146242353807137,0.0014649737535584561,-0.06447888847942589
10000,1.2146242907329716,0.0014649715817589809,-0.064478897445136
10000,1.2146242907329716,0.0014649715817589809,-0.064478897445136
50,1.3782340463738283,0.24816258929230622,-0.6047720540890852
100,1.6511292316993007,0.26961576874011894,-0.34959433259136163
150,1.8741382243094078,0.15817820675488023,-0.2724668207754188
200,1.484081818061802,0.13144538171975437,-0.19092217885505883
250,1.107264446179976,0.043022467145144655,0.012798636975838716
300,0.8755749850078495,-0.004322166033914145,-0.00036315508794432233
350,0.8670210159546424,-0.011015356884423351,0.01718020945458004
400,0.8818750709633634,-0.0062043646255336374,-0.032888614318279934
450,0.9187802028576895,0.00391668212580351,-0.02326102633524035
500,0.9439447168633519,0.0073420757163167915,-0.03373643490274663
550,0.9720707435057612,0.011300563356674303,-0.03649615445233955
600,0.9878011986318903,0.0136898819574525,-0.04087217264299447
650,0.9979436727886596,0.013887369239833075,-0.04191668342282822
700,0.9973716068855696,0.01262299355655198,-0.038239851241163296
750,0.9956090457899155,0.010553648606282742,-0.03632867328016847
800,0.9881455422387592,0.008398889939120939,-0.03188116534525164
850,0.980868783008206,0.006799374404653817,-0.02926559566712311
900,0.9714774983129426,0.005320446180894195,-0.025442421951275825
950,0.9629138475212613,0.004332498250754551,-0.022499322533377216
1000,0.9552850377324078,0.003527623851109168,-0.019578683292033324
1050,0.9511597167360237,0.003428043516956286,-0.018177407763912686
1100,0.9509783525189272,0.0036350161658730553,-0.01774174597765493
1150,0.9540753343578341,0.003991863150934288,-0.01810993654609294
1200,0.9606557132094237,0.0044514118375285055,-0.019300748391870567
1250,0.9694829314770832,0.004826910141298432,-0.020808689775603236
1300,0.9792027296904692,0.004921409235404889,-0.02222229026983546
1350,0.9906835274665406,0.005174691188660805,-0.024439321765741536
1400,1.004787327440357,0.00574808106704883,-0.02759665485342899
1450,1.0187638653528133,0.0059263438212677245,-0.030163861563725632
1500,1.0320226397976557,0.005816757300332854,-0.032401842182114275
1550,1.0455719198385887,0.005826297401060734,-0.034994175205699245
1600,1.0611081584235769,0.006277833720012374,-0.038764932770106446
1650,1.0792059298388172,0.0070911913914651035,-0.04356588015882317
1700,1.0988299494741203,0.00786453731005186,-0.04855772678360042
1750,1.1176469456613296,0.008118468477957358,-0.05260763888800395
1800,1.1336507787362986,0.007722686653007697,-0.05528767217289481
1850,1.1463870260115268,0.006966990707834801,-0.056977300382492206
1900,1.1561885327729735,0.0061469187727253944,-0.05807783549349604
1950,1.1636294450253402,0.005412295513997972,-0.05881402208854774
2000,1.1693153622063663,0.004806095068196495,-0.05931143964250651
2050,1.1737437017824137,0.004313029379218566,-0.05964660838793933
2100,1.1772314917726736,0.003899500871683753,-0.05986606610588196
2150,1.1799549520686765,0.0035365232062707936,-0.05999299994459833
2200,1.1820158726387893,0.003210415681143779,-0.06003696873772973
2250,1.1834915886165178,0.0029192582393058105,-0.06000448519763168
2300,1.184476396781398,0.002662452407857448,-0.059905923925625264
2350,1.185090893323532,0.002443960970641052,-0.05976370303358013
2400,1.1854725300221878,0.0022708809011425957,-0.05961311784288408
2450,1.1857547305083511,0.0021430660310730685,-0.059486913414931446
2500,1.1860407236906838,0.0020526584111923156,-0.05940349531620009
2550,1.1863949841885668,0.001991360897403642,-0.059369048755636415
2600,1.186853554951415,0.0019535728219888873,-0.05938427700765691
2650,1.1874425043156245,0.00193581928089627,-0.05945021125162569
2700,1.188190325575752,0.0019372192359311863,-0.0595724863001204
2750,1.1891275193403046,0.001957644868091803,-0.05975969016652898
2800,1.1902757116798577,0.0019941618979714484,-0.06001604161937068
2850,1.191633737492621,0.0020401612124364456,-0.06033525942211459
2900,1.193170525529333,0.0020870261906576633,-0.06069998544401544
2950,1.1948297466113498,0.002126237601070431,-0.06108615139616274
3000,1.196542960756333,0.002151377712389273,-0.06146967753582893
3050,1.1982447231266993,0.002159662965938503,-0.0618325814158771
3100,1.1998833742221942,0.002151839988714701,-0.062165261128377385
3150,1.201423603577004,0.0021306075898309463,-0.06246422217003888
3200,1.202842396617859,0.0020989966718021396,-0.0627281714017741
3250,1.2041242387949664,0.0020595943960874026,-0.06295584133267083
3300,1.2052595978272551,0.002014581218209157,-0.06314636662852756
3350,1.206246022719324,0.001966169065307746,-0.06330077395003962
3400,1.207089003958468,0.001916755391232992,-0.06342274170668542
3450,1.207800743243505,0.0018685063301806914,-0.06351774244348905
3500,1.2083967995443832,0.0018229034945742451,-0.06359127245586098
3550,1.208892555499269,0.0017806652731038812,-0.06364753905063746
3600,1.2093016206998652,0.0017419655160943659,-0.06368937492225583
3650,1.2096363363274494,0.0017068570855902198,-0.0637191077527882
3700,1.2099091879789134,0.001675575365135031,-0.06373949065202471
3750,1.2101335671160736,0.0016484925403032736,-0.06375392468797174
3800,1.210323166465386,0.0016258593336557334,-0.063765921437324
3850,1.2104905168110724,0.001607593894834975,-0.06377832896936884
3900,1.2106456837965547,0.001593271882589503,-0.06379289902223999
3950,1.2107959141073148,0.001582287053643203,-0.06381042087038045
4000,1.2109461948992193,0.0015740467987194141,-0.06383118830508987
4050,1.2111000840190287,0.001568074552171207,-0.06385540279225942
4100,1.2112601656853825,0.0015639751403295858,-0.06388325193435877
4150,1.2114279294697505,0.0015613286068667952,-0.06391469659115244
4200,1.2116033780509168,0.001559625929182157,-0.06394922442501115
4250,1.2117848683997867,0.001558307538670142,-0.06398581761716536
4300,1.2119694663386218,0.001556874573578945,-0.06402318254308258
4350,1.2121536937440878,0.0015549940635350807,-0.06406009326590105
4400,1.2123342901241219,0.0015525325012485137,-0.06409564281268652
4450,1.2125086483577563,0.0015495062716965686,-0.06412928687803963
4500,1.212674839435102,0.0015459929978354867,-0.06416071790984189
4550,1.2128314007842387,0.0015420645753442478,-0.06418970608785961
4600,1.2129771503641509,0.0015377733544833737,-0.06421602758235749
4650,1.2131111778816615,0.0015331784315825306,-0.06423950459603227
4700,1.2132329765309129,0.0015283746656515802,-0.06426009224438782
4750,1.213342565503331,0.0015234947285966013,-0.0642779258239523
4800,1.213440478368238,0.0015186816754833325,-0.06429328765730906
4850,1.2135276066213747,0.0015140532141374957,-0.0643065187858921
4900,1.213604991025141,0.0015096824185636415,-0.06431793615311458
4950,1.2136736735470575,0.001505604084321501,-0.06432780118681007
5000,1.2137346604445456,0.0015018365292140898,-0.06433634140527443
5050,1.2137889621797227,0.0014984002525339811,-0.0643437904020147
5100,1.2138376326527407,0.0014953210954388163,-0.0643504070406503
5150,1.2138817502739245,0.001492619097314132,-0.06435645832720131
5200,1.213922339705233,0.0014902943039549854,-0.06436218006688892
5250,1.2139602793861055,0.0014883209899300247,-0.06436774335166483
5300,1.2139962462494482,0.0014866538893747304,-0.06437324670437865
5350,1.2140307189077022,0.0014852412379548162,-0.06437873354316058
5400,1.214064021986469,0.0014840359820997853,-0.06438421884746025
5450,1.2140963751985356,0.001482999606999994,-0.06438970729076841
5500,1.2141279198264137,0.0014820991635709534,-0.06439519565092504
5550,1.214158720104356,0.001481302427864649,-0.06440066519558944
5600,1.2141887571231664,0.0014805760986683213,-0.06440607565190713
5650,1.2142179354890648,0.0014798884844432808,-0.06441136873682472
5700,1.214246109987619,0.0014792143850494,-0.06441648060097892
5750,1.2142731232732558,0.0014785385083995975,-0.06442135596924496
5800,1.2142988381833375,0.0014778552371778838,-0.06442595639760683
5850,1.2143231531808905,0.001477165290560079,-0.06443025993720512
5900,1.214346001000003,0.0014764716936453025,-0.06443425524885608
5950,1.2143673397376766,0.0014757773698403566,-0.06443793578078531
6000,1.2143871468012126,0.001475085069279016,-0.06444129793594931
6050,1.214405420245443,0.0014743986362323392,-0.06444434325894448
6100,1.2144221846386116,0.001473723974397855,-0.06444708167863965
6150,1.214437495035291,0.0014730686927973352,-0.06444953258713941
6200,1.2144514345077633,0.0014724406048135352,-0.06445172259943176
6250,1.2144641055320802,0.001471846072904647,-0.0644536813121016
6300,1.214475619377233,0.00147128915761186,-0.06445543747969072
6350,1.2144860880525574,0.0014707718424592548,-0.06445701728340357
6400,1.2144956207444852,0.0014702948728427799,-0.0644584446672161
6450,1.214504323422465,0.001469858478459188,-0.06445974241681833
6500,1.2145122987362078,0.0014694625283943959,-0.06446093255222661
6550,1.2145196441449748,0.0014691061909330684,-0.06446203550957706
6600,1.2145264483254692,0.001468787525125172,-0.06446306866377675
6650,1.2145327875607077,0.001468503412177681,-0.0644640452134415
6700,1.2145387239529146,0.0014682499311502698,-0.06446497411222023
6750,1.2145443061210284,0.0014680229622023291,-0.06446586097811206
6800,1.214549571600675,0.0014678186864687047,-0.06446670934236869
6850,1.214554549481664,0.001467633778662393,-0.06446752155858797
6900,1.214559262197313,0.0014674653232873659,-0.06446829909966255
6950,1.21456372633324,0.0014673106459384127,-0.06446904245495237
7000,1.2145679530902138,0.001467167246429238,-0.06446975105873497
7050,1.214571949140322,0.0014670328901808878,-0.06447042354629227
7100,1.214575718136089,0.0014669057744016107,-0.06447105831359905
7150,1.2145792625385807,0.0014667846355872643,-0.06447165411552767
7200,1.2145825851590935,0.001466668719628307,-0.06447221042453764
7250,1.214585689995064,0.001466557636554748,-0.06447272745286335
7300,1.2145885823699198,0.0014664511900926483,-0.0644732059534636
7350,1.2145912687264888,0.0014663492675001403,-0.06447364700848666
7400,1.214593756463173,0.0014662518159066636,-0.06447405195125348
7450,1.2145960539845462,0.00146615886795545,-0.0644744224237062
7500,1.2145981708678626,0.0014660705572039213,-0.06447476046184673
7550,1.2146001179174506,0.0014659870866455594,-0.06447506849404093
7600,1.2146019069532883,0.0014659086583253388,-0.06447534921393548
7650,1.2146035503602925,0.0014658354017101486,-0.06447560538166557
7700,1.214605060566808,0.0014657673363407436,-0.06447583964632463
7750,1.2146064496312512,0.0014657043783786283,-0.06447605445351055
7800,1.2146077290171773,0.0014656463732137146,-0.06447625203797878
7850,1.2146089095096935,0.001465593125908839,-0.0644764344516796
7900,1.2146100011692504,0.0014655444122545808,-0.06447660357391526
7950,1.2146110132445218,0.0014654999721467098,-0.06447676108309179
8000,1.2146119540447176,0.001465459500774197,-0.06447690840953589
8050,1.2146128308308892,0.001465422652127639,-0.06447704670589637
8100,1.2146136497900262,0.0014653890582065857,-0.06447717685908876
8150,1.214614416111784,0.0014653583556406271,-0.06447729953960311
8200,1.2146151341345934,0.0014653302073427935,-0.06447741526357935
8250,1.214615807502577,0.0014653043117239704,-0.06447752444154324
8300,1.2146164392903194,0.0014652804005813045,-0.06447762740321299
8350,1.2146170320888836,0.0014652582332521,-0.06447772440628245
8400,1.2146175880746308,0.0014652375937858342,-0.06447781564459935
8450,1.214618109087495,0.0014652182935858018,-0.06447790126703072
8500,1.214618596727023,0.001465200176227209,-0.06447798140552795
8550,1.2146190524538505,0.0014651831199027758,-0.06447805620288792
8600,1.21461947767313,0.001465167034390238,-0.06447812582961175
8650,1.2146198737851317,0.0014651518536531924,-0.06447819048682328
8700,1.214620242203857,0.001465137527561401,-0.06447825039940512
8750,1.2146205843570756,0.0014651240158486962,-0.06447830580766921
8800,1.2146209016831562,0.0014651112854018908,-0.0644783569630422
8850,1.2146211956323942,0.001465099309664724,-0.0644784041281654
8900,1.214621467669639,0.0014650880678721816,-0.06447844757768022
8950,1.2146217192709794,0.0014650775427722778,-0.06447848759563445
9000,1.2146219519094292,0.001465067717257564,-0.06447852446842954
9050,1.2146221670321553,0.0014650585712194628,-0.06447855847537264
9100,1.2146223660354134,0.0014650500799203825,-0.06447858988052889
9150,1.2146225502447188,0.00146504221419913,-0.0644786189281099
9200,1.214622720903431,0.00146503494182431,-0.06447864584161049
9250,1.2146228791678884,0.0014650282288317044,-0.06447867082464696
9300,1.214623026105627,0.001465022040254229,-0.06447869406150801
9350,1.2146231626931159,0.0014650163401594236,-0.06447871571665097
9400,1.21462328981346,0.0014650110916547012,-0.06447873593379698
9450,1.214623408255809,0.001465006257368266,-0.06447875483580749
9500,1.2146235187183152,0.001465001800351252,-0.0644787725263468
9550,1.214623621815564,0.00146499768529745,-0.06447878909282138
9600,1.2146237180890787,0.001464993879504411,-0.0644788046099548
9650,1.214623808017691,0.0014649903532464959,-0.06447881914267982
9700,1.2146238920272767,0.0014649870798110472,-0.06447883274815351
9750,1.2146239704982182,0.001464984035173032,-0.06447884547701592
9800,1.2146240437718478,0.0014649811978580981,-0.06447885737446422
9850,1.214624112157623,0.001464978548953204,-0.06447886848171129
9900,1.2146241759390337,0.0014649760721093489,-0.06447887883746227
9950,1.2146242353807137,0.0014649737535584561,-0.06447888847942589
10000,1.2146242907329716,0.0014649715817589809,-0.064478897445136
10000,1.2146242907329716,0.0014649715817589809,-0.064478897445136
50,1.3782340463738283,0.24816258929230622,-0.6047720540890852
100,1.6511292316993007,0.26961576874011894,-0.34959433259136163
150,1.8741382243094078,0.15817820675488023,-0.2724668207754188
200,1.484081818061802,0.13144538171975437,-0.19092217885505883
250,1.107264446179976,0.043022467145144655,0.012798636975838716
300,0.8755749850078495,-0.004322166033914145,-0.00036315508794432233
350,0.8670210159546424,-0.011015356884423351,0.01718020945458004
400,0.8818750709633634,-0.0062043646255336374,-0.032888614318279934
450,0.9187802028576895,0.00391668212580351,-0.02326102633524035
500,0.9439447168633519,0.0073420757163167915,-0.03373643490274663
550,0.9720707435057612,0.011300563356674303,-0.03649615445233955
600,0.9878011986318903,0.0136898819574525,-0.04087217264299447
650,0.9979436727886596,0.013887369239833075,-0.04191668342282822
700,0.9973716068855696,0.01262299355655198,-0.038239851241163296
750,0.9956090457899155,0.010553648606282742,-0.03632867328016847
800,0.9881455422387592,0.008398889939120939,-0.03188116534525164
850,0.980868783008206,0.006799374404653817,-0.02926559566712311
900,0.9714774983129426,0.005320446180894195,-0.025442421951275825
950,0.9629138475212613,0.004332498250754551,-0.022499322533377216
1000,0.9552850377324078,0.003527623851109168,-0.019578683292033324
1050,0.9511597167360237,0.003428043516956286,-0.018177407763912686
1100,0.9509783525189272,0.0036350161658730553,-0.01774174597765493
1150,0.9540753343578341,0.003991863150934288,-0.01810993654609294
1200,0.9606557132094237,0.0044514118375285055,-0.019300748391870567
1250,0.9694829314770832,0.004826910141298432,-0.020808689775603236
1300,0.9792027296904692,0.004921409235404889,-0.02222229026983546
1350,0.9906835274665406,0.005174691188660805,-0.024439321765741536
1400,1.004787327440357,0.00574808106704883,-0.02759665485342899
1450,1.0187638653528133,0.0059263438212677245,-0.030163861563725632
1500,1.0320226397976557,0.005816757300332854,-0.032401842182114275
1550,1.0455719198385887,0.005826297401060734,-0.034994175205699245
1600,1.0611081584235769,0.006277833720012374,-0.038764932770106446
1650,1.0792059298388172,0.0070911913914651035,-0.04356588015882317
1700,1.0988299494741203,0.00786453731005186,-0.04855772678360042
1750,1.1176469456613296,0.008118468477957358,-0.05260763888800395
1800,1.1336507787362986,0.007722686653007697,-0.05528767217289481
1850,1.1463870260115268,0.006966990707834801,-0.056977300382492206
1900,1.1561885327729735,0.0061469187727253944,-0.05807783549349604
1950,1.1636294450253402,0.005412295513997972,-0.05881402208854774
2000,1.1693153622063663,0.004806095068196495,-0.05931143964250651
2050,1.1737437017824137,0.004313029379218566,-0.05964660838793933
2100,1.1772314917726736,0.003899500871683753,-0.05986606610588196
2150,1.1799549520686765,0.0035365232062707936,-0.05999299994459833
2200,1.1820158726387893,0.003210415681143779,-0.06003696873772973
2250,1.1834915886165178,0.0029192582393058105,-0.06000448519763168
2300,1.184476396781398,0.002662452407857448,-0.059905923925625264
2350,1.185090893323532,0.002443960970641052,-0.05976370303358013
2400,1.1854725300221878,0.0022708809011425957,-0.05961311784288408
2450,1.1857547305083511,0.0021430660310730685,-0.059486913414931446
2500,1.1860407236906838,0.0020526584111923156,-0.05940349531620009
2550,1.1863949841885668,0.001991360897403642,-0.059369048755636415
2600,1.186853554951415,0.0019535728219888873,-0.05938427700765691
2650,1.1874425043156245,0.00193581928089627,-0.05945021125162569
2700,1.188190325575752,0.0019372192359311863,-0.0595724863001204
2750,1.1891275193403046,0.001957644868091803,-0.05975969016652898
2800,1.1902757116798577,0.0019941618979714484,-0.06001604161937068
2850,1.191633737492621,0.0020401612124364456,-0.06033525942211459
2900,1.193170525529333,0.0020870261906576633,-0.06069998544401544
2950,1.1948297466113498,0.002126237601070431,-0.06108615139616274
3000,1.196542960756333,0.002151377712389273,-0.06146967753582893
3050,1.1982447231266993,0.002159662965938503,-0.0618325814158771
3100,1.1998833742221942,0.002151839988714701,-0.062165261128377385
3150,1.201423603577004,0.0021306075898309463,-0.06246422217003888
3200,1.202842396617859,0.0020989966718021396,-0.0627281714017741
3250,1.2041242387949664,0.0020595943960874026,-0.06295584133267083
3300,1.2052595978272551,0.002014581218209157,-0.06314636662852756
3350,1.206246022719324,0.001966169065307746,-0.06330077395003962
3400,1.207089003958468,0.001916755391232992,-0.06342274170668542
3450,1.207800743243505,0.0018685063301806914,-0.06351774244348905
3500,1.2083967995443832,0.0018229034945742451,-0.06359127245586098
3550,1.208892555499269,0.0017806652731038812,-0.06364753905063746
3600,1.2093016206998652,0.0017419655160943659,-0.06368937492225583
3650,1.2096363363274494,0.0017068570855902198,-0.0637191077527882
3700,1.2099091879789134,0.001675575365135031,-0.06373949065202471
3750,1.2101335671160736,0.0016484925403032736,-0.06375392468797174
3800,1.210323166465386,0.0016258593336557334,-0.063765921437324
3850,1.2104905168110724,0.001607593894834975,-0.06377832896936884
3900,1.2106456837965547,0.001593271882589503,-0.06379289902223999
3950,1.2107959141073148,0.001582287053643203,-0.06381042087038045
4000,1.2109461948992193,0.0015740467987194141,-0.06383118830508987
4050,1.2111000840190287,0.001568074552171207,-0.06385540279225942
4100,1.2112601656853825,0.0015639751403295858,-0.06388325193435877
4150,1.2114279294697505,0.0015613286068667952,-0.06391469659115244
4200,1.2116033780509168,0.001559625929182157,-0.06394922442501115
4250,1.2117848683997867,0.001558307538670142,-0.06398581761716536
4300,1.2119694663386218,0.001556874573578945,-0.06402318254308258
4350,1.2121536937440878,0.0015549940635350807,-0.06406009326590105
4400,1.2123342901241219,0.0015525325012485137,-0.06409564281268652
4450,1.2125086483577563,0.0015495062716965686,-0.06412928687803963
4500,1.212674839435102,0.0015459929978354867,-0.06416071790984189
4550,1.2128314007842387,0.0015420645753442478,-0.06418970608785961
4600,1.2129771503641509,0.0015377733544833737,-0.06421602758235749
4650,1.2131111778816615,0.0015331784315825306,-0.06423950459603227
4700,1.2132329765309129,0.0015283746656515802,-0.06426009224438782
4750,1.213342565503331,0.0015234947285966013,-0.0642779258239523
4800,1.213440478368238,0.0015186816754833325,-0.06429328765730906
4850,1.2135276066213747,0.0015140532141374957,-0.0643065187858921
4900,1.213604991025141,0.0015096824185636415,-0.06431793615311458
4950,1.2136736735470575,0.001505604084321501,-0.06432780118681007
5000,1.2137346604445456,0.0015018365292140898,-0.06433634140527443
5050,1.2137889621797227,0.0014984002525339811,-0.0643437904020147
5100,1.2138376326527407,0.0014953210954388163,-0.0643504070406503
5150,1.2138817502739245,0.001492619097314132,-0.06435645832720131
5200,1.213922339705233,0.0014902943039549854,-0.06436218006688892
5250,1.2139602793861055,0.0014883209899300247,-0.06436774335166483
5300,1.2139962462494482,0.0014866538893747304,-0.06437324670437865
5350,1.2140307189077022,0.0014852412379548162,-0.06437873354316058
5400,1.214064021986469,0.0014840359820997853,-0.06438421884746025
5450,1.2140963751985356,0.001482999606999994,-0.06438970729076841
5500,1.2141279198264137,0.0014820991635709534,-0.06439519565092504
5550,1.214158720104356,0.001481302427864649,-0.06440066519558944
5600,1.2141887571231664,0.0014805760986683213,-0.06440607565190713
5650,1.2142179354890648,0.0014798884844432808,-0.06441136873682472
5700,1.214246109987619,0.0014792143850494,-0.06441648060097892
5750,1.2142731232732558,0.0014785385083995975,-0.06442135596924496
5800,1.2142988381833375,0.0014778552371778838,-0.06442595639760683
5850,1.2143231531808905,0.001477165290560079,-0.06443025993720512
5900,1.214346001000003,0.0014764716936453025,-0.06443425524885608
5950,1.2143673397376766,0.0014757773698403566,-0.06443793578078531
6000,1.2143871468012126,0.001475085069279016,-0.06444129793594931
6050,1.214405420245443,0.0014743986362323392,-0.06444434325894448
6100,1.2144221846386116,0.001473723974397855,-0.06444708167863965
6150,1.214437495035291,0.0014730686927973352,-0.06444953258713941
6200,1.2144514345077633,0.0014724406048135352,-0.06445172259943176
6250,1.2144641055320802,0.001471846072904647,-0.0644536813121016
6300,1.214475619377233,0.00147128915761186,-0.06445543747969072
6350,1.2144860880525574,0.0014707718424592548,-0.06445701728340357
6400,1.2144956207444852,0.0014702948728427799,-0.0644584446672161
6450,1.214504323422465,0.001469858478459188,-0.06445974241681833
6500,1.2145122987362078,0.0014694625283943959,-0.06446093255222661
6550,1.2145196441449748,0.0014691061909330684,-0.06446203550957706
6600,1.2145264483254692,0.001468787525125172,-0.06446306866377675
6650,1.2145327875607077,0.001468503412177681,-0.0644640452134415
6700,1.2145387239529146,0.0014682499311502698,-0.06446497411222023
6750,1.2145443061210284,0.0014680229622023291,-0.06446586097811206
6800,1.214549571600675,0.0014678186864687047,-0.06446670934236869
6850,1.214554549481664,0.001467633778662393,-0.06446752155858797
6900,1.214559262197313,0.0014674653232873659,-0.06446829909966255
6950,1.21456372633324,0.0014673106459384127,-0.06446904245495237
7000,1.2145679530902138,0.001467167246429238,-0.06446975105873497
7050,1.214571949140322,0.0014670328901808878,-0.06447042354629227
7100,1.214575718136089,0.0014669057744016107,-0.06447105831359905
7150,1.2145792625385807,0.0014667846355872643,-0.06447165411552767
7200,1.2145825851590935,0.001466668719628307,-0.06447221042453764
7250,1.214585689995064,0.001466557636554748,-0.06447272745286335
7300,1.2145885823699198,0.0014664511900926483,-0.0644732059534636
7350,1.2145912687264888,0.0014663492675001403,-0.06447364700848666
7400,1.214593756463173,0.0014662518159066636,-0.06447405195125348
7450,1.2145960539845462,0.00146615886795545,-0.0644744224237062
7500,1.2145981708678626,0.0014660705572039213,-0.06447476046184673
7550,1.2146001179174506,0.0014659870866455594,-0.06447506849404093
7600,1.2146019069532883,0.0014659086583253388,-0.06447534921393548
7650,1.2146035503602925,0.0014658354017101486,-0.06447560538166557
7700,1.214605060566808,0.0014657673363407436,-0.06447583964632463
7750,1.2146064496312512,0.0014657043783786283,-0.06447605445351055
7800,1.2146077290171773,0.0014656463732137146,-0.06447625203797878
7850,1.2146089095096935,0.001465593125908839,-0.0644764344516796
7900,1.2146100011692504,0.0014655444122545808,-0.06447660357391526
7950,1.2146110132445218,0.0014654999721467098,-0.06447676108309179
8000,1.2146119540447176,0.001465459500774197,-0.06447690840953589
8050,1.2146128308308892,0.001465422652127639,-0.06447704670589637
8100,1.2146136497900262,0.0014653890582065857,-0.06447717685908876
8150,1.214614416111784,0.0014653583556406271,-0.06447729953960311
8200,1.2146151341345934,0.0014653302073427935,-0.06447741526357935
8250,1.214615807502577,0.0014653043117239704,-0.06447752444154324
8300,1.2146164392903194,0.0014652804005813045,-0.06447762740321299
8350,1.2146170320888836,0.0014652582332521,-0.06447772440628245
8400,1.2146175880746308,0.0014652375937858342,-0.06447781564459935
8450,1.214618109087495,0.0014652182935858018,-0.06447790126703072
8500,1.214618596727023,0.001465200176227209,-0.06447798140552795
8550,1.2146190524538505,0.0014651831199027758,-0.06447805620288792
8600,1.21461947767313,0.001465167034390238,-0.06447812582961175
8650,1.2146198737851317,0.0014651518536531924,-0.06447819048682328
8700,1.214620242203857,0.001465137527561401,-0.06447825039940512
8750,1.2146205843570756,0.0014651240158486962,-0.06447830580766921
8800,1.2146209016831562,0.0014651112854018908,-0.0644783569630422
8850,1.2146211956323942,0.001465099309664724,-0.0644784041281654
8900,1.214621467669639,0.0014650880678721816,-0.06447844757768022
8950,1.2146217192709794,0.0014650775427722778,-0.06447848759563445
9000,1.2146219519094292,0.001465067717257564,-0.06447852446842954
9050,1.2146221670321553,0.0014650585712194628,-0.06447855847537264
9100,1.2146223660354134,0.0014650500799203825,-0.06447858988052889
9150,1.2146225502447188,0.00146504221419913,-0.0644786189281099
9200,1.214622720903431,0.00146503494182431,-0.06447864584161049
9250,1.2146228791678884,0.0014650282288317044,-0.06447867082464696
9300,1.214623026105627,0.001465022040254229,-0.06447869406150801
9350,1.2146231626931159,0.0014650163401594236,-0.06447871571665097
9400,1.21462328981346,0.0014650110916547012,-0.06447873593379698
9450,1.214623408255809,0.001465006257368266,-0.06447875483580749
9500,1.2146235187183152,0.001465001800351252,-0.0644787725263468
9550,1.214623621815564,0.00146499768529745,-0.06447878909282138
9600,1.2146237180890787,0.001464993879504411,-0.0644788046099548
9650,1.214623808017691,0.0014649903532464959,-0.06447881914267982
9700,1.2146238920272767,0.0014649870798110472,-0.06447883274815351
9750,1.2146239704982182,0.001464984035173032,-0.06447884547701592
9800,1.2146240437718478,0.0014649811978580981,-0.06447885737446422
9850,1.214624112157623,0.001464978548953204,-0.06447886848171129
9900,1.2146241759390337,0.0014649760721093489,-0.06447887883746227
9950,1.2146242353807137,0.0014649737535584561,-0.06447888847942589
10000,1.2146242907329716,0.0014649715817589809,-0.064478897445136
10000,1.2146242907329716,0.0014649715817589809,-0.064478897445136
50,1.3782340463738283,0.24816258929230622,-0.6047720540890852
100,1.6511292316993007,0.26961576874011894,-0.34959433259136163
150,1.8741382243094078,0.15817820675488023,-0.2724668207754188
200,1.484081818061802,0.13144538171975437,-0.19092217885505883
250,1.107264446179976,0.043022467145144655,0.012798636975838716
300,0.8755749850078495,-0.004322166033914145,-0.00036315508794432233
350,0.8670210159546424,-0.011015356884423351,0.01718020945458004
400,0.8818750709633634,-0.0062043646255336374,-0.032888614318279934
450,0.9187802028576895,0.00391668212580351,-0.02326102633524035
500,0.9439447168633519,0.0073420757163167915,-0.03373643490274663
550,0.9720707435057612,0.011300563356674303,-0.03649615445233955
600,0.9878011986318903,0.0136898819574525,-0.04087217264299447
650,0.9979436727886596,0.013887369239833075,-0.04191668342282822
700,0.9973716068855696,0.01262299355655198,-0.038239851241163296
750,0.9956090457899155,0.010553648606282742,-0.03632867328016847
800,0.9881455422387592,0.008398889939120939,-0.03188116534525164
850,0.980868783008206,0.006799374404653817,-0.02926559566712311
900,0.9714774983129426,0.005320446180894195,-0.025442421951275825
950,0.9629138475212613,0.004332498250754551,-0.022499322533377216
1000,0.9552850377324078,0.003527623851109168,-0.019578683292033324
1050,0.9511597167360237,0.003428043516956286,-0.018177407763912686
1100,0.9509783525189272,0.0036350161658730553,-0.01774174597765493
1150,0.9540753343578341,0.003991863150934288,-0.01810993654609294
1200,0.9606557132094237,0.0044514118375285055,-0.019300748391870567
1250,0.9694829314770832,0.004826910141298432,-0.020808689775603236
1300,0.9792027296904692,0.004921409235404889,-0.02222229026983546
1350,0.9906835274665406,0.005174691188660805,-0.024439321765741536
1400,1.004787327440357,0.00574808106704883,-0.02759665485342899
1450,1.0187638653528133,0.0059263438212677245,-0.030163861563725632
1500,1.0320226397976557,0.005816757300332854,-0.032401842182114275
1550,1.0455719198385887,0.005826297401060734,-0.034994175205699245
1600,1.0611081584235769,0.006277833720012374,-0.038764932770106446
1650,1.0792059298388172,0.0070911913914651035,-0.04356588015882317
1700,1.0988299494741203,0.00786453731005186,-0.04855772678360042
1750,1.1176469456613296,0.008118468477957358,-0.05260763888800395
1800,1.1336507787362986,0.007722686653007697,-0.05528767217289481
1850,1.1463870260115268,0.006966990707834801,-0.056977300382492206
1900,1.1561885327729735,0.0061469187727253944,-0.05807783549349604
1950,1.1636294450253402,0.005412295513997972,-0.05881402208854774
2000,1.1693153622063663,0.004806095068196495,-0.05931143964250651
2050,1.1737437017824137,0.004313029379218566,-0.05964660838793933
2100,1.1772314917726736,0.003899500871683753,-0.05986606610588196
2150,1.1799549520686765,0.0035365232062707936,-0.05999299994459833
2200,1.1820158726387893,0.003210415681143779,-0.06003696873772973
2250,1.1834915886165178,0.0029192582393058105,-0.06000448519763168
2300,1.184476396781398,0.002662452407857448,-0.059905923925625264
2350,1.185090893323532,0.002443960970641052,-0.05976370303358013
2400,1.1854725300221878,0.0022708809011425957,-0.05961311784288408
2450,1.1857547305083511,0.0021430660310730685,-0.059486913414931446
2500,1.1860407236906838,0.0020526584111923156,-0.05940349531620009
2550,1.1863949841885668,0.001991360897403642,-0.059369048755636415
2600,1.186853554951415,0.0019535728219888873,-0.05938427700765691
2650,1.1874425043156245,0.00193581928089627,-0.05945021125162569
2700,1.188190325575752,0.0019372192359311863,-0.0595724863001204
2750,1.1891275193403046,0.001957644868091803,-0.05975969016652898
2800,1.1902757116798577,0.0019941618979714484,-0.06001604161937068
2850,1.191633737492621,0.0020401612124364456,-0.06033525942211459
2900,1.193170525529333,0.0020870261906576633,-0.06069998544401544
2950,1.1948297466113498,0.002126237601070431,-0.06108615139616274
3000,1.196542960756333,0.002151377712389273,-0.06146967753582893
3050,1.1982447231266993,0.002159662965938503,-0.0618325814158771
3100,1.1998833742221942,0.002151839988714701,-0.062165261128377385
3150,1.201423603577004,0.0021306075898309463,-0.06246422217003888
3200,1.202842396617859,0.0020989966718021396,-0.0627281714017741
3250,1.2041242387949664,0.0020595943960874026,-0.06295584133267083
3300,1.2052595978272551,0.002014581218209157,-0.06314636662852756
3350,1.206246022719324,0.001966169065307746,-0.06330077395003962
3400,1.207089003958468,0.001916755391232992,-0.06342274170668542
3450,1.207800743243505,0.0018685063301806914,-0.06351774244348905
3500,1.2083967995443832,0.0018229034945742451,-0.06359127245586098
3550,1.208892555499269,0.0017806652731038812,-0.06364753905063746
3600,1.2093016206998652,0.0017419655160943659,-0.06368937492225583
3650,1.2096363363274494,0.0017068570855902198,-0.0637191077527882
3700,1.2099091879789134,0.001675575365135031,-0.06373949065202471
3750,1.2101335671160736,0.0016484925403032736,-0.06375392468797174
3800,1.210323166465386,0.0016258593336557334,-0.063765921437324
3850,1.2104905168110724,0.001607593894834975,-0.06377832896936884
3900,1.2106456837965547,0.001593271882589503,-0.06379289902223999
3950,1.2107959141073148,0.001582287053643203,-0.06381042087038045
4000,1.2109461948992193,0.0015740467987194141,-0.06383118830508987
4050,1.2111000840190287,0.001568074552171207,-0.06385540279225942
4100,1.2112601656853825,0.0015639751403295858,-0.06388325193435877
4150,1.2114279294697505,0.0015613286068667952,-0.06391469659115244
4200,1.2116033780509168,0.001559625929182157,-0.06394922442501115
4250,1.2117848683997867,0.001558307538670142,-0.06398581761716536
4300,1.2119694663386218,0.001556874573578945,-0.06402318254308258
4350,1.2121536937440878,0.0015549940635350807,-0.06406009326590105
4400,1.2123342901241219,0.0015525325012485137,-0.06409564281268652
4450,1.2125086483577563,0.0015495062716965686,-0.06412928687803963
4500,1.212674839435102,0.0015459929978354867,-0.06416071790984189
4550,1.2128314007842387,0.0015420645753442478,-0.06418970608785961
4600,1.2129771503641509,0.0015377733544833737,-0.06421602758235749
4650,1.2131111778816615,0.0015331784315825306,-0.06423950459603227
4700,1.2132329765309129,0.0015283746656515802,-0.06426009224438782
4750,1.213342565503331,0.0015234947285966013,-0.0642779258239523
4800,1.213440478368238,0.0015186816754833325,-0.06429328765730906
4850,1.2135276066213747,0.0015140532141374957,-0.0643065187858921
4900,1.213604991025141,0.0015096824185636415,-0.06431793615311458
4950,1.2136736735470575,0.001505604084321501,-0.06432780118681007
5000,1.2137346604445456,0.0015018365292140898,-0.06433634140527443
5050,1.2137889621797227,0.0014984002525339811,-0.0643437904020147
5100,1.2138376326527407,0.0014953210954388163,-0.0643504070406503
5150,1.2138817502739245,0.001492619097314132,-0.06435645832720131
5200,1.213922339705233,0.0014902943039549854,-0.06436218006688892
5250,1.2139602793861055,0.0014883209899300247,-0.06436774335166483
5300,1.2139962462494482,0.0014866538893747304,-0.06437324670437865
5350,1.2140307189077022,0.0014852412379548162,-0.06437873354316058
5400,1.214064021986469,0.0014840359820997853,-0.06438421884746025
5450,1.2140963751985356,0.001482999606999994,-0.06438970729076841
5500,1.2141279198264137,0.0014820991635709534,-0.06439519565092504
5550,1.214158720104356,0.001481302427864649,-0.06440066519558944
5600,1.2141887571231664,0.0014805760986683213,-0.06440607565190713
5650,1.2142179354890648,0.0014798884844432808,-0.06441136873682472
5700,1.214246109987619,0.0014792143850494,-0.06441648060097892
5750,1.2142731232732558,0.0014785385083995975,-0.06442135596924496
5800,1.2142988381833375,0.0014778552371778838,-0.06442595639760683
5850,1.2143231531808905,0.001477165290560079,-0.06443025993720512
5900,1.214346001000003,0.0014764716936453025,-0.06443425524885608
5950,1.2143673397376766,0.0014757773698403566,-0.06443793578078531
6000,1.2143871468012126,0.001475085069279016,-0.06444129793594931
6050,1.214405420245443,0.0014743986362323392,-0.06444434325894448
6100,1.2144221846386116,0.001473723974397855,-0.06444708167863965
6150,1.214437495035291,0.0014730686927973352,-0.06444953258713941
6200,1.2144514345077633,0.0014724406048135352,-0.06445172259943176
6250,1.2144641055320802,0.001471846072904647,-0.0644536813121016
6300,1.214475619377233,0.00147128915761186,-0.06445543747969072
6350,1.2144860880525574,0.0014707718424592548,-0.06445701728340357
6400,1.2144956207444852,0.0014702948728427799,-0.0644584446672161
6450,1.214504323422465,0.001469858478459188,-0.06445974241681833
6500,1.2145122987362078,0.0014694625283943959,-0.06446093255222661
6550,1.2145196441449748,0.0014691061909330684,-0.06446203550957706
6600,1.2145264483254692,0.001468787525125172,-0.06446306866377675
6650,1.2145327875607077,0.001468503412177681,-0.0644640452134415
6700,1.2145387239529146,0.0014682499311502698,-0.06446497411222023
6750,1.2145443061210284,0.0014680229622023291,-0.06446586097811206
6800,1.214549571600675,0.0014678186864687047,-0.06446670934236869
6850,1.214554549481664,0.001467633778662393,-0.06446752155858797
6900,1.214559262197313,0.0014674653232873659,-0.06446829909966255
6950,1.21456372633324,0.0014673106459384127,-0.06446904245495237
7000,1.2145679530902138,0.001467167246429238,-0.06446975105873497
7050,1.214571949140322,0.0014670328901808878,-0.06447042354629227
7100,1.214575718136089,0.0014669057744016107,-0.06447105831359905
7150,1.2145792625385807,0.0014667846355872643,-0.06447165411552767
7200,1.2145825851590935,0.001466668719628307,-0.06447221042453764
7250,1.214585689995064,0.001466557636554748,-0.06447272745286335
7300,1.2145885823699198,0.0014664511900926483,-0.0644732059534636
7350,1.2145912687264888,0.0014663492675001403,-0.06447364700848666
7400,1.214593756463173,0.0014662518159066636,-0.06447405195125348
7450,1.2145960539845462,0.00146615886795545,-0.0644744224237062
7500,1.2145981708678626,0.0014660705572039213,-0.06447476046184673
7550,1.2146001179174506,0.0014659870866455594,-0.06447506849404093
7600,1.2146019069532883,0.0014659086583253388,-0.06447534921393548
7650,1.2146035503602925,0.0014658354017101486,-0.06447560538166557
7700,1.214605060566808,0.0014657673363407436,-0.06447583964632463
7750,1.2146064496312512,0.0014657043783786283,-0.06447605445351055
7800,1.2146077290171773,0.0014656463732137146,-0.06447625203797878
7850,1.2146089095096935,0.001465593125908839,-0.0644764344516796
7900,1.2146100011692504,0.0014655444122545808,-0.06447660357391526
7950,1.2146110132445218,0.0014654999721467098,-0.06447676108309179
8000,1.2146119540447176,0.001465459500774197,-0.06447690840953589
8050,1.2146128308308892,0.001465422652127639,-0.06447704670589637
8100,1.2146136497900262,0.0014653890582065857,-0.06447717685908876
8150,1.214614416111784,0.0014653583556406271,-0.06447729953960311
8200,1.2146151341345934,0.0014653302073427935,-0.06447741526357935
8250,1.214615807502577,0.0014653043117239704,-0.06447752444154324
8300,1.2146164392903194,0.0014652804005813045,-0.06447762740321299
8350,1.2146170320888836,0.0014652582332521,-0.06447772440628245
8400,1.2146175880746308,0.0014652375937858342,-0.06447781564459935
8450,1.214618109087495,0.0014652182935858018,-0.06447790126703072
8500,1.214618596727023,0.001465200176227209,-0.06447798140552795
8550,1.2146190524538505,0.0014651831199027758,-0.06447805620288792
8600,1.21461947767313,0.001465167034390238,-0.06447812582961175
8650,1.2146198737851317,0.0014651518536531924,-0.06447819048682328
8700,1.214620242203857,0.001465137527561401,-0.06447825039940512
8750,1.2146205843570756,0.0014651240158486962,-0.06447830580766921
8800,1.2146209016831562,0.0014651112854018908,-0.0644783569630422
8850,1.2146211956323942,0.001465099309664724,-0.0644784041281654
8900,1.214621467669639,0.0014650880678721816,-0.06447844757768022
8950,1.2146217192709794,0.0014650775427722778,-0.06447848759563445
9000,1.2146219519094292,0.001465067717257564,-0.06447852446842954
9050,1.2146221670321553,0.0014650585712194628,-0.06447855847537264
9100,1.2146223660354134,0.0014650500799203825,-0.06447858988052889
9150,1.2146225502447188,0.00146504221419913,-0.0644786189281099
9200,1.214622720903431,0.00146503494182431,-0.06447864584161049
9250,1.2146228791678884,0.0014650282288317044,-0.06447867082464696
9300,1.214623026105627,0.001465022040254229,-0.06447869406150801
9350,1.2146231626931159,0.0014650163401594236,-0.06447871571665097
9400,1.21462328981346,0.0014650110916547012,-0.06447873593379698
9450,1.214623408255809,0.001465006257368266,-0.06447875483580749
9500,1.2146235187183152,0.001465001800351252,-0.0644787725263468
9550,1.214623621815564,0.00146499768529745,-0.06447878909282138
9600,1.2146237180890787,0.001464993879504411,-0.0644788046099548
9650,1.214623808017691,0.0014649903532464959,-0.06447881914267982
9700,1.2146238920272767,0.0014649870798110472,-0.06447883274815351
9750,1.2146239704982182,0.001464984035173032,-0.06447884547701592
9800,1.2146240437718478,0.0014649811978580981,-0.06447885737446422
9850,1.214624112157623,0.001464978548953204,-0.06447886848171129
9900,1.2146241759390337,0.0014649760721093489,-0.06447887883746227
9950,1.2146242353807137,0.0014649737535584561,-0.06447888847942589
10000,1.2146242907329716,0.0014649715817589809,-0.064478897445136
10000,1.2146242907329716,0.0014649715817589809,-0.064478897445136
50,1.3782340463738283,0.24816258929230622,-0.6047720540890852
100,1.6511292316993007,0.26961576874011894,-0.34959433259136163
150,1.8741382243094078,0.15817820675488023,-0.2724668207754188
200,1.484081818061802,0.13144538171975437,-0.19092217885505883
250,1.107264446179976,0.043022467145144655,0.012798636975838716
300,0.8755749850078495,-0.004322166033914145,-0.00036315508794432233
350,0.8670210159546424,-0.011015356884423351,0.01718020945458004
400,0.8818750709633634,-0.0062043646255336374,-0.032888614318279934
450,0.9187802028576895,0.00391668212580351,-0.02326102633524035
500,0.9439447168633519,0.0073420757163167915,-0.03373643490274663
550,0.9720707435057612,0.011300563356674303,-0.03649615445233955
600,0.9878011986318903,0.0136898819574525,-0.04087217264299447
650,0.9979436727886596,0.013887369239833075,-0.04191668342282822
700,0.9973716068855696,0.01262299355655198,-0.038239851241163296
750,0.9956090457899155,0.010553648606282742,-0.03632867328016847
800,0.9881455422387592,0.008398889939120939,-0.03188116534525164
850,0.980868783008206,0.006799374404653817,-0.02926559566712311
900,0.9714774983129426,0.005320446180894195,-0.025442421951275825
950,0.9629138475212613,0.004332498250754551,-0.022499322533377216
1000,0.9552850377324078,0.003527623851109168,-0.019578683292033324
1050,0.9511597167360237,0.003428043516956286,-0.018177407763912686
1100,0.9509783525189272,0.0036350161658730553,-0.01774174597765493
1150,0.9540753343578341,0.003991863150934288,-0.01810993654609294
1200,0.9606557132094237,0.0044514118375285055,-0.019300748391870567
1250,0.9694829314770832,0.004826910141298432,-0.020808689775603236
1300,0.9792027296904692,0.004921409235404889,-0.02222229026983546
1350,0.9906835274665406,0.005174691188660805,-0.024439321765741536
1400,1.004787327440357,0.00574808106704883,-0.02759665485342899
1450,1.0187638653528133,0.0059263438212677245,-0.030163861563725632
1500,1.0320226397976557,0.005816757300332854,-0.032401842182114275
1550,1.0455719198385887,0.005826297401060734,-0.034994175205699245
1600,1.0611081584235769,0.006277833720012374,-0.038764932770106446
1650,1.0792059298388172,0.0070911913914651035,-0.04356588015882317
1700,1.0988299494741203,0.00786453731005186,-0.04855772678360042
1750,1.1176469456613296,0.008118468477957358,-0.05260763888800395
1800,1.1336507787362986,0.007722686653007697,-0.05528767217289481
1850,1.1463870260115268,0.006966990707834801,-0.056977300382492206
1900,1.1561885327729735,0.0061469187727253944,-0.05807783549349604
1950,1.1636294450253402,0.005412295513997972,-0.05881402208854774
2000,1.1693153622063663,0.004806095068196495,-0.05931143964250651
2050,1.1737437017824137,0.004313029379218566,-0.05964660838793933
2100,1.1772314917726736,0.003899500871683753,-0.05986606610588196
2150,1.1799549520686765,0.0035365232062707936,-0.05999299994459833
2200,1.1820158726387893,0.003210415681143779,-0.06003696873772973
2250,1.1834915886165178,0.0029192582393058105,-0.06000448519763168
2300,1.184476396781398,0.002662452407857448,-0.059905923925625264
2350,1.185090893323532,0.002443960970641052,-0.05976370303358013
2400,1.1854725300221878,0.0022708809011425957,-0.05961311784288408
2450,1.1857547305083511,0.0021430660310730685,-0.059486913414931446
2500,1.1860407236906838,0.0020526584111923156,-0.05940349531620009
2550,1.1863949841885668,0.001991360897403642,-0.059369048755636415
2600,1.186853554951415,0.0019535728219888873,-0.05938427700765691
2650,1.1874425043156245,0.00193581928089627,-0.05945021125162569
2700,1.188190325575752,0.0019372192359311863,-0.0595724863001204
2750,1.1891275193403046,0.001957644868091803,-0.05975969016652898
2800,1.1902757116798577,0.0019941618979714484,-0.06001604161937068
2850,1.191633737492621,0.0020401612124364456,-0.06033525942211459
2900,1.193170525529333,0.0020870261906576633,-0.06069998544401544
2950,1.1948297466113498,0.002126237601070431,-0.06108615139616274
3000,1.196542960756333,0.002151377712389273,-0.06146967753582893
3050,1.1982447231266993,0.002159662965938503,-0.0618325814158771
3100,1.1998833742221942,0.002151839988714701,-0.062165261128377385
3150,1.201423603577004,0.0021306075898309463,-0.06246422217003888
3200,1.202842396617859,0.0020989966718021396,-0.0627281714017741
3250,1.2041242387949664,0.0020595943960874026,-0.06295584133267083
3300,1.2052595978272551,0.002014581218209157,-0.06314636662852756
3350,1.206246022719324,0.001966169065307746,-0.06330077395003962
3400,1.207089003958468,0.001916755391232992,-0.06342274170668542
3450,1.207800743243505,0.0018685063301806914,-0.06351774244348905
3500,1.2083967995443832,0.0018229034945742451,-0.06359127245586098
3550,1.208892555499269,0.0017806652731038812,-0.06364753905063746
3600,1.2093016206998652,0.0017419655160943659,-0.06368937492225583
3650,1.2096363363274494,0.0017068570855902198,-0.0637191077527882
3700,1.2099091879789134,0.001675575365135031,-0.06373949065202471
3750,1.2101335671160736,0.0016484925403032736,-0.06375392468797174
3800,1.210323166465386,0.0016258593336557334,-0.063765921437324
3850,1.2104905168110724,0.001607593894834975,-0.06377832896936884
3900,1.2106456837965547,0.001593271882589503,-0.06379289902223999
3950,1.2107959141073148,0.001582287053643203,-0.06381042087038045
4000,1.2109461948992193,0.0015740467987194141,-0.06383118830508987
4050,1.2111000840190287,0.001568074552171207,-0.06385540279225942
4100,1.2112601656853825,0.0015639751403295858,-0.06388325193435877
4150,1.2114279294697505,0.0015613286068667952,-0.06391469659115244
4200,1.2116033780509168,0.001559625929182157,-0.06394922442501115
4250,1.2117848683997867,0.001558307538670142,-0.06398581761716536
4300,1.2119694663386218,0.001556874573578945,-0.06402318254308258
4350,1.2121536937440878,0.0015549940635350807,-0.06406009326590105
4400,1.2123342901241219,0.0015525325012485137,-0.06409564281268652
4450,1.2125086483577563,0.0015495062716965686,-0.06412928687803963
4500,1.212674839435102,0.0015459929978354867,-0.06416071790984189
4550,1.2128314007842387,0.0015420645753442478,-0.06418970608785961
4600,1.2129771503641509,0.0015377733544833737,-0.06421602758235749
4650,1.2131111778816615,0.0015331784315825306,-0.06423950459603227
4700,1.2132329765309129,0.0015283746656515802,-0.06426009224438782
4750,1.213342565503331,0.0015234947285966013,-0.0642779258239523
4800,1.213440478368238,0.0015186816754833325,-0.06429328765730906
4850,1.2135276066213747,0.0015140532141374957,-0.0643065187858921
4900,1.213604991025141,0.0015096824185636415,-0.06431793615311458
4950,1.2136736735470575,0.001505604084321501,-0.06432780118681007
5000,1.2137346604445456,0.0015018365292140898,-0.06433634140527443
5050,1.2137889621797227,0.0014984002525339811,-0.0643437904020147
5100,1.2138376326527407,0.0014953210954388163,-0.0643504070406503
5150,1.2138817502739245,0.001492619097314132,-0.06435645832720131
5200,1.213922339705233,0.0014902943039549854,-0.06436218006688892
5250,1.2139602793861055,0.0014883209899300247,-0.06436774335166483
5300,1.2139962462494482,0.0014866538893747304,-0.06437324670437865
5350,1.2140307189077022,0.0014852412379548162,-0.06437873354316058
5400,1.214064021986469,0.0014840359820997853,-0.06438421884746025
5450,1.2140963751985356,0.001482999606999994,-0.06438970729076841
5500,1.2141279198264137,0.0014820991635709534,-0.06439519565092504
5550,1.214158720104356,0.001481302427864649,-0.06440066519558944
5600,1.2141887571231664,0.0014805760986683213,-0.06440607565190713
5650,1.2142179354890648,0.0014798884844432808,-0.06441136873682472
5700,1.214246109987619,0.0014792143850494,-0.06441648060097892
5750,1.2142731232732558,0.0014785385083995975,-0.06442135596924496
5800,1.2142988381833375,0.0014778552371778838,-0.06442595639760683
5850,1.2143231531808905,0.001477165290560079,-0.06443025993720512
5900,1.214346001000003,0.0014764716936453025,-0.06443425524885608
5950,1.2143673397376766,0.0014757773698403566,-0.06443793578078531
6000,1.2143871468012126,0.001475085069279016,-0.06444129793594931
6050,1.214405420245443,0.0014743986362323392,-0.06444434325894448
6100,1.2144221846386116,0.001473723974397855,-0.06444708167863965
6150,1.214437495035291,0.0014730686927973352,-0.06444953258713941
6200,1.2144514345077633,0.0014724406048135352,-0.06445172259943176
6250,1.2144641055320802,0.001471846072904647,-0.0644536813121016
6300,1.214475619377233,0.00147128915761186,-0.06445543747969072
6350,1.2144860880525574,0.0014707718424592548,-0.06445701728340357
6400,1.2144956207444852,0.0014702948728427799,-0.0644584446672161
6450,1.214504323422465,0.001469858478459188,-0.06445974241681833
6500,1.2145122987362078,0.0014694625283943959,-0.06446093255222661
6550,1.2145196441449748,0.0014691061909330684,-0.06446203550957706
6600,1.2145264483254692,0.001468787525125172,-0.06446306866377675
6650,1.2145327875607077,0.001468503412177681,-0.0644640452134415
6700,1.2145387239529146,0.0014682499311502698,-0.06446497411222023
6750,1.2145443061210284,0.0014680229622023291,-0.06446586097811206
6800,1.214549571600675,0.0014678186864687047,-0.06446670934236869
6850,1.214554549481664,0.001467633778662393,-0.06446752155858797
6900,1.214559262197313,0.0014674653232873659,-0.06446829909966255
6950,1.21456372633324,0.0014673106459384127,-0.06446904245495237
7000,1.2145679530902138,0.001467167246429238,-0.06446975105873497
7050,1.214571949140322,0.0014670328901808878,-0.06447042354629227
7100,1.214575718136089,0.0014669057744016107,-0.06447105831359905
7150,1.2145792625385807,0.0014667846355872643,-0.06447165411552767
7200,1.2145825851590935,0.001466668719628307,-0.06447221042453764
7250,1.214585689995064,0.001466557636554748,-0.06447272745286335
7300,1.2145885823699198,0.0014664511900926483,-0.0644732059534636
7350,1.2145912687264888,0.0014663492675001403,-0.06447364700848666
7400,1.214593756463173,0.0014662518159066636,-0.06447405195125348
7450,1.2145960539845462,0.00146615886795545,-0.0644744224237062
7500,1.2145981708678626,0.0014660705572039213,-0.06447476046184673
7550,1.2146001179174506,0.0014659870866455594,-0.06447506849404093
7600,1.2146019069532883,0.0014659086583253388,-0.06447534921393548
7650,1.2146035503602925,0.0014658354017101486,-0.06447560538166557
7700,1.214605060566808,0.0014657673363407436,-0.06447583964632463
7750,1.2146064496312512,0.0014657043783786283,-0.06447605445351055
7800,1.2146077290171773,0.0014656463732137146,-0.06447625203797878
7850,1.2146089095096935,0.001465593125908839,-0.0644764344516796
7900,1.2146100011692504,0.0014655444122545808,-0.06447660357391526
7950,1.2146110132445218,0.0014654999721467098,-0.06447676108309179
8000,1.2146119540447176,0.001465459500774197,-0.06447690840953589
8050,1.2146128308308892,0.001465422652127639,-0.06447704670589637
8100,1.2146136497900262,0.0014653890582065857,-0.06447717685908876
8150,1.214614416111784,0.0014653583556406271,-0.06447729953960311
8200,1.2146151341345934,0.0014653302073427935,-0.06447741526357935
8250,1.214615807502577,0.0014653043117239704,-0.06447752444154324
8300,1.2146164392903194,0.0014652804005813045,-0.06447762740321299
8350,1.2146170320888836,0.0014652582332521,-0.06447772440628245
8400,1.2146175880746308,0.0014652375937858342,-0.06447781564459935
8450,1.214618109087495,0.0014652182935858018,-0.06447790126703072
8500,1.214618596727023,0.001465200176227209,-0.06447798140552795
8550,1.2146190524538505,0.0014651831199027758,-0.06447805620288792
8600,1.21461947767313,0.001465167034390238,-0.06447812582961175
8650,1.2146198737851317,0.0014651518536531924,-0.06447819048682328
8700,1.214620242203857,0.001465137527561401,-0.06447825039940512
8750,1.2146205843570756,0.0014651240158486962,-0.06447830580766921
8800,1.2146209016831562,0.0014651112854018908,-0.0644783569630422
8850,1.2146211956323942,0.001465099309664724,-0.0644784041281654
8900,1.214621467669639,0.0014650880678721816,-0.06447844757768022
8950,1.2146217192709794,0.0014650775427722778,-0.06447848759563445
9000,1.2146219519094292,0.001465067717257564,-0.06447852446842954
9050,1.2146221670321553,0.0014650585712194628,-0.06447855847537264
9100,1.2146223660354134,0.0014650500799203825,-0.06447858988052889
9150,1.2146225502447188,0.00146504221419913,-0.0644786189281099
9200,1.214622720903431,0.00146503494182431,-0.06447864584161049
9250,1.2146228791678884,0.0014650282288317044,-0.06447867082464696
9300,1.214623026105627,0.001465022040254229,-0.06447869406150801
9350,1.2146231626931159,0.0014650163401594236,-0.06447871571665097
9400,1.21462328981346,0.0014650110916547012,-0.06447873593379698
9450,1.214623408255809,0.001465006257368266,-0.06447875483580749
9500,1.2146235187183152,0.001465001800351252,-0.0644787725263468
9550,1.214623621815564,0.00146499768529745,-0.06447878909282138
9600,1.2146237180890787,0.001464993879504411,-0.0644788046099548
9650,1.214623808017691,0.0014649903532464959,-0.06447881914267982
9700,1.2146238920272767,0.0014649870798110472,-0.06447883274815351
9750,1.2146239704982182,0.001464984035173032,-0.06447884547701592
9800,1.2146240437718478,0.0014649811978580981,-0.06447885737446422
9850,1.214624112157623,0.001464978548953204,-0.06447886848171129
9900,1.2146241759390337,0.0014649760721093489,-0.06447887883746227
9950,1.2146242353807137,0.0014649737535584561,-0.06447888847942589
10000,1.2146242907329716,0.0014649715817589809,-0.064478897445136
10000,1.2146242907329716,0.0014649715817589809,-0.064478897445136
50,-0.44194807279859644,-0.1938923497999071,0.6336334749622154
100,1.2400353535776316,0.1936972357045475,-0.46935480834636994
150,0.22681014756705067,-0.08848340393756667,-0.05827672923362503
200,1.1556508220934991,0.029700230520387123,-0.08450866513940446
250,0.7869988863786893,0.19703059705422246,-0.1664118840328396
300,0.7177043891700534,-0.03006466366904719,0.0999415794830205
350,1.2666067801928738,0.14512466387835032,-0.234785123904567
400,0.12153236492219567,-0.0855116032605038,0.143664768633657
450,1.7234835165813507,0.13014378255239986,-0.2679069329057301
500,0.5760355460183154,-0.0577580715899301,0.07713659357698881
550,0.9398893307101954,0.051795322992195185,0.04538267424173125
600,1.3338365656239026,0.08264909891370723,-0.1427489516417704
650,0.37218688417705115,-0.08453612949792973,0.1456309826776053
700,1.335204548314292,0.10720100381184412,-0.17307664454443564
750,0.8285315426634275,-0.023594016969936456,-0.05665098334128454
800,1.0958349295897212,0.03511819429551988,-0.046775913727815914
850,1.041602400117583,0.046602346308246625,-0.07796615418929202
900,1.072100907326805,0.020758583443195464,-0.040133964970429085
950,1.0713306334118609,0.01883091641990042,-0.03235486214149263
1000,0.946087892486514,0.01765314038320812,-0.03494540646836463
1050,1.2375664055757192,0.02454582733685175,-0.071759030130418
1100,0.9309563202241989,0.0016758443068805348,-0.02121793354672302
1150,1.1275618213442016,0.03234794401585491,-0.05550072717743353
1200,1.1317633795196023,0.019126624357708365,-0.07120083202014348
1250,0.9961679277137101,0.009496720348186941,-0.028732097651777696
1300,1.1526852331079431,0.027770804686990114,-0.06858942489621904
1350,1.1208809731506886,0.020597480383750526,-0.06792282856113717
1400,1.0636935012459638,0.007943675370372268,-0.026125912966355743
1450,1.1533311810862068,0.03292888461882553,-0.0725216350363239
1500,1.1149288716835337,0.010037369354318332,-0.045094418350183345
1550,1.0900449197062139,0.015286394919532457,-0.044065146903525525
1600,1.1439216173386786,0.023910331504961684,-0.06529478811258675
1650,1.1248719322705447,0.010683815487841232,-0.05073698413846916
1700,1.1173804347810474,0.020438623971233024,-0.055497391701954384
1750,1.133688186446209,0.016688808392037565,-0.05590594954941185
1800,1.1543402201141233,0.019351895992109933,-0.0620068347690697
1850,1.102644778085779,0.012523893856341941,-0.04553789655915435
1900,1.1607564546035833,0.0215415490985411,-0.06307566191634666
1950,1.1410033461879912,0.014824213140394633,-0.05545180398972698
2000,1.1165138703885271,0.014131001681537086,-0.04822187569695629
2050,1.1680936397141015,0.02152840240329354,-0.06463437766866252
2100,1.1266359786391718,0.011761012714715779,-0.051100280166453675
2150,1.143616994633863,0.018234745654856978,-0.056299692383421356
2200,1.149926340687174,0.016783584493095947,-0.059272204846951
2250,1.144113359780462,0.015258348761969328,-0.0553107376926723
2300,1.1410807870616293,0.016368550735200608,-0.055207330537000714
2350,1.152157189607694,0.01709494734728077,-0.05880834883980334
2400,1.1484831361098367,0.015317456194784789,-0.05571506077370058
2450,1.1387688971755185,0.015667483373152314,-0.05470040241834228
2500,1.159091519208601,0.017436029437453118,-0.059405285167336834
2550,1.1426210264075536,0.014458801376922702,-0.054795705675365895
2600,1.1472946264872104,0.016570211029963745,-0.05629226479202664
2650,1.15485099036245,0.016345592737774237,-0.058398172781480566
2700,1.145629858493789,0.015183082678411265,-0.055599844299916705
2750,1.1494570977170737,0.016165519581405715,-0.05646231390855904
2800,1.153585642502873,0.016346813261811456,-0.05821605394343842
2850,1.1481118620368138,0.015171060824427133,-0.05555518869862774
2900,1.149617977691565,0.016177960461773968,-0.05681357212845433
2950,1.154160134558721,0.016137843022269425,-0.05774559281343932
3000,1.1480744519986237,0.015167566713790933,-0.05573985935688335
3050,1.151446327116365,0.016304701906400917,-0.05718719939116628
3100,1.152960930404808,0.015725876299350405,-0.05721606493135772
3150,1.1497046152689703,0.015597219333419031,-0.056385436424780104
3200,1.1514346612904078,0.01593520517494955,-0.05687719018001441
3250,1.1532211437051756,0.015902173025953325,-0.05740539150785178
3300,1.1501071056442644,0.015500169793719683,-0.05630729907072501
3350,1.151896271659769,0.01595144869647397,-0.05701716894106756
3400,1.153286004979706,0.01586474869813561,-0.05729962587794762
3450,1.1501164728178608,0.015451415075292501,-0.05629177425431619
3500,1.1528695872654795,0.016059472315911223,-0.057256722806316156
3550,1.1523675093424601,0.015639833980245186,-0.056968017533835784
3600,1.1512277763084515,0.01567184995852368,-0.05664112545385041
3650,1.1525744125589479,0.01587955374910783,-0.05709879028339137
3700,1.1524860232856349,0.01570359290537621,-0.057004243303465645
3750,1.1516123443242663,0.015677570205097708,-0.05671323028118707
3800,1.1524639069743046,0.015827499451865592,-0.05705456728579971
3850,1.1527374940370516,0.015736272631128853,-0.057026607235319264
3900,1.1515322797994074,0.01564013197018043,-0.05670328007148783
3950,1.1528481843722953,0.015861272054463048,-0.057117902481784714
4000,1.1524167489758517,0.015669513689936517,-0.056930724167521256
4050,1.1519341705112487,0.01570709215208024,-0.05681516132739899
4100,1.1527801989703856,0.015801696437272788,-0.05706799448912669
4150,1.15238715859727,0.015686825731055773,-0.056933085318371095
4200,1.1521795679314506,0.01571546859853287,-0.05685848211343796
4250,1.1526691300293714,0.0157754599880435,-0.05704180155226695
4300,1.1524950214241847,0.015700826992660833,-0.05693838979383136
4350,1.1522050527717598,0.015707500845941306,-0.05687400642627876
4400,1.152739123601026,0.015776673428618906,-0.05704286855734569
4450,1.1524322536211633,0.015685610057545433,-0.0569159564850985
4500,1.1523462454075546,0.01572926592354382,-0.056917544094539634
4550,1.152694925082357,0.015749893745890697,-0.05701128777226421
4600,1.152447067994532,0.01569939458510325,-0.05692959856140877
4650,1.15242787561815,0.015726654148814412,-0.05692792325276141
4700,1.1526536445524884,0.015741281684886848,-0.05700057205705599
4750,1.1524881674719478,0.01570610687710325,-0.05693508439994637
4800,1.1524478535536584,0.015721956028572674,-0.05693304427424605
4850,1.15266795942602,0.01574207520690083,-0.0569996884473789
4900,1.152470089753278,0.01570066613027631,-0.05692718590916828
4950,1.1525117163767786,0.01573069863561949,-0.056952178364093324
5000,1.1526324331171018,0.015729829386280033,-0.05698252576637474
5050,1.1524922722992341,0.01570830829620165,-0.05693653078534532
5100,1.1525396688945522,0.01572848671859512,-0.05695580742028083
5150,1.1526082415347552,0.015725565238701788,-0.056974966422207445
5200,1.152520761269522,0.01571321344350598,-0.056943293914817054
5250,1.152540027448638,0.01572450288193057,-0.05695510886736948
5300,1.1526140039397066,0.01572664481780776,-0.05697446887717033
5350,1.1525177162433433,0.015711713055052264,-0.0569421737255632
5400,1.1525628324416561,0.01572682089471019,-0.05696098965362744
5450,1.1525989896337085,0.015722492482045203,-0.0569679502042647
5500,1.1525288819092552,0.01571474066975034,-0.05694649770049825
5550,1.1525739187584194,0.015725679778304504,-0.05696209183013167
5600,1.1525859457494265,0.015720743589369236,-0.056964293173616946
5650,1.152544885958935,0.015717150740905506,-0.056950369454826504
5700,1.1525717286474557,0.015723602973502112,-0.05696116738313078
5750,1.1525867104436573,0.015721231824915326,-0.05696364810121312
5800,1.1525476882176806,0.01571702836644492,-0.05695116519282422
5850,1.152577448843806,0.015723863237720643,-0.05696244381929865
5900,1.1525815420746133,0.015719971058683436,-0.05696127051739996
5950,1.1525535996525278,0.01571831006731343,-0.05695345801336182
6000,1.1525801305395138,0.015723042960702305,-0.05696215322903014
6050,1.1525768242140455,0.015719575742707822,-0.05696009705521559
6100,1.152560798565283,0.015719237187776708,-0.05695524580412863
6150,1.1525783809870886,0.015722040905892864,-0.05696139379105097
6200,1.152577005419172,0.015719924220805894,-0.05695996389596391
6250,1.1525630470911579,0.01571920846837999,-0.05695580425618962
6300,1.152579539677915,0.015721987711313244,-0.05696157345659452
6350,1.152575144287857,0.015719552569266902,-0.05695911637836614
6400,1.1525662357938216,0.015719736242395605,-0.056956932010744636
6450,1.1525795342220073,0.0157215193522622,-0.056961135840853654
6500,1.1525737429311635,0.015719527579903587,-0.05695879874684783
6550,1.1525694785486063,0.015720092048001826,-0.05695776860853984
6600,1.1525780992186152,0.015721014062065188,-0.05696056842397073
6650,1.1525742559354462,0.01571979212799223,-0.056958924796736414
6700,1.1525705249413942,0.015720033634827726,-0.0569580177485332
6750,1.1525780958564606,0.01572094070097173,-0.05696047821598798
6800,1.1525738241718289,0.01571973238921585,-0.056958723269732996
6850,1.1525718955710422,0.015720196848329336,-0.05695846286945249
6900,1.1525777571575262,0.015720733790419498,-0.05696020749716701
6950,1.1525734892600719,0.015719772169619776,-0.05695867996781539
7000,1.1525732892927947,0.015720314828839812,-0.05695880788403467
7050,1.1525768728277335,0.015720507705414808,-0.05695989149871044
7100,1.15257393626511,0.015719923984349227,-0.05695881157287557
7150,1.1525737315079938,0.01572026719155173,-0.056958905280000964
7200,1.1525766334041254,0.015720459764150395,-0.05695978329442047
7250,1.1525740017089205,0.015719943709057858,-0.056958812159201004
7300,1.1525742225298197,0.015720300029127183,-0.05695905691673469
7350,1.1525763758627767,0.015720376253384297,-0.05695963816560178
7400,1.1525740253387116,0.015719985262723377,-0.056958851069870135
7450,1.1525747313226886,0.015720323066886577,-0.05695917015700879
7500,1.1525759435110243,0.015720288840138125,-0.05695949093609403
7550,1.1525743137545628,0.015720061592091463,-0.05695894224428815
7600,1.1525748779744336,0.015720287812197805,-0.056959191230211696
7650,1.1525757762422577,0.015720270929997178,-0.05695943111388157
7700,1.15257444340387,0.015720082835914723,-0.05695897489599588
7750,1.152575029549933,0.015720286156851785,-0.05695923369799793
7800,1.1525756313229165,0.015720240994517236,-0.05695936358375702
7850,1.152574534484858,0.01572010856718442,-0.056959015640833936
7900,1.1525751849850168,0.015720283231445014,-0.0569592617023093
7950,1.1525754409405087,0.015720210531664856,-0.056959300876326106
8000,1.1525747053569813,0.0157201447062558,-0.05695907038308772
8050,1.152575205169659,0.015720259827074992,-0.056959255157634774
8100,1.152575365364763,0.015720207819859097,-0.056959276618116776
8150,1.1525747980524905,0.015720156610612813,-0.056959096234139577
8200,1.152575233445941,0.015720251974609332,-0.05695925980192528
8250,1.1525753050650587,0.015720200228178754,-0.05695925130733969
8300,1.1525748640567592,0.01572016838254644,-0.056959120888598606
8350,1.152575268937164,0.015720245892270685,-0.056959261732425485
8400,1.1525752302013956,0.01572019144807598,-0.056959228066141836
8450,1.1525749539653047,0.01572018369547026,-0.056959148923862994
8500,1.1525752547504462,0.0157202328160106,-0.056959251514158975
8550,1.15257520373935,0.01572019320899044,-0.05695922058653185
8600,1.1525750065820632,0.015720188912078614,-0.05695916368080311
8650,1.1525752470524835,0.01572022665051035,-0.05695924689956416
8700,1.152575186066287,0.015720192941120797,-0.056959213395618706
8750,1.1525750421331709,0.0157201932863541,-0.056959175906841346
8800,1.1525752471939088,0.015720222300620177,-0.05695924298313864
8850,1.1525751623483862,0.015720191577032114,-0.05695920674109178
8900,1.1525750835985995,0.015720198863819302,-0.05695918838680147
8950,1.1525752312922273,0.015720215873425505,-0.05695923554181192
9000,1.1525751568655227,0.015720193835022545,-0.05695920588355829
9050,1.1525751086151255,0.015720200495884577,-0.056959195098502106
9100,1.1525752197812196,0.015720212489642775,-0.05695923104415689
9150,1.1525751549695877,0.015720195049019548,-0.05695920498266643
9200,1.1525751248094356,0.015720201693641835,-0.05695920025969441
9250,1.1525752135151324,0.015720210183880555,-0.05695922754692106
9300,1.152575150219397,0.015720195533915415,-0.05695920402052911
9350,1.1525751418987908,0.01572020336408112,-0.05695920517330005
9400,1.152575202849943,0.01572020731886495,-0.0569592232454244
9450,1.1525751517614882,0.015720197178661757,-0.05695920503461515
9500,1.152575151914052,0.015720203545093205,-0.056959207643465785
9550,1.1525751950953864,0.015720205796983005,-0.05695922051332652
9600,1.152575154115399,0.01572019823276862,-0.05695920578188823
9650,1.1525751579923198,0.0157202035978716,-0.0569592093926291
9700,1.1525751903658645,0.015720204822046356,-0.05695921850452367
9750,1.1525751547726664,0.015720198832662326,-0.05695920625829048
9800,1.1525751641615993,0.015720203909797545,-0.05695921102384093
9850,1.1525751846406342,0.015720203688557633,-0.05695921639336104
9900,1.1525751573757732,0.01572019977171949,-0.05695920732479847
9950,1.1525751674589422,0.0157202037003873,-0.05695921169612677
10000,1.1525751805607758,0.015720203114398857,-0.056959215049168226
10000,1.1525751805607758,0.015720203114398857,-0.056959215049168226
50,-0.44194807279859644,-0.1938923497999071,0.6336334749622154
100,1.2400353535776316,0.1936972357045475,-0.46935480834636994
150,0.22681014756705067,-0.08848340393756667,-0.05827672923362503
200,1.1556508220934991,0.029700230520387123,-0.08450866513940446
250,0.7869988863786893,0.19703059705422246,-0.1664118840328396
300,0.7177043891700534,-0.03006466366904719,0.0999415794830205
350,1.2666067801928738,0.14512466387835032,-0.234785123904567
400,0.12153236492219567,-0.0855116032605038,0.143664768633657
450,1.7234835165813507,0.13014378255239986,-0.2679069329057301
500,0.5760355460183154,-0.0577580715899301,0.07713659357698881
550,0.9398893307101954,0.051795322992195185,0.04538267424173125
600,1.3338365656239026,0.08264909891370723,-0.1427489516417704
650,0.37218688417705115,-0.08453612949792973,0.1456309826776053
700,1.335204548314292,0.10720100381184412,-0.17307664454443564
750,0.8285315426634275,-0.023594016969936456,-0.05665098334128454
800,1.0958349295897212,0.03511819429551988,-0.046775913727815914
850,1.041602400117583,0.046602346308246625,-0.07796615418929202
900,1.072100907326805,0.020758583443195464,-0.040133964970429085
950,1.0713306334118609,0.01883091641990042,-0.03235486214149263
1000,0.946087892486514,0.01765314038320812,-0.03494540646836463
1050,1.2375664055757192,0.02454582733685175,-0.071759030130418
1100,0.9309563202241989,0.0016758443068805348,-0.02121793354672302
1150,1.1275618213442016,0.03234794401585491,-0.05550072717743353
1200,1.1317633795196023,0.019126624357708365,-0.07120083202014348
1250,0.9961679277137101,0.009496720348186941,-0.028732097651777696
1300,1.1526852331079431,0.027770804686990114,-0.06858942489621904
1350,1.1208809731506886,0.020597480383750526,-0.06792282856113717
1400,1.0636935012459638,0.007943675370372268,-0.026125912966355743
1450,1.1533311810862068,0.03292888461882553,-0.0725216350363239
1500,1.1149288716835337,0.010037369354318332,-0.045094418350183345
1550,1.0900449197062139,0.015286394919532457,-0.044065146903525525
1600,1.1439216173386786,0.023910331504961684,-0.06529478811258675
1650,1.1248719322705447,0.010683815487841232,-0.05073698413846916
1700,1.1173804347810474,0.020438623971233024,-0.055497391701954384
1750,1.133688186446209,0.016688808392037565,-0.05590594954941185
1800,1.1543402201141233,0.019351895992109933,-0.0620068347690697
1850,1.102644778085779,0.012523893856341941,-0.04553789655915435
1900,1.1607564546035833,0.0215415490985411,-0.06307566191634666
1950,1.1410033461879912,0.014824213140394633,-0.05545180398972698
2000,1.1165138703885271,0.014131001681537086,-0.04822187569695629
2050,1.1680936397141015,0.02152840240329354,-0.06463437766866252
2100,1.1266359786391718,0.011761012714715779,-0.051100280166453675
2150,1.143616994633863,0.018234745654856978,-0.056299692383421356
2200,1.149926340687174,0.016783584493095947,-0.059272204846951
2250,1.144113359780462,0.015258348761969328,-0.0553107376926723
2300,1.1410807870616293,0.016368550735200608,-0.055207330537000714
2350,1.152157189607694,0.01709494734728077,-0.05880834883980334
2400,1.1484831361098367,0.015317456194784789,-0.05571506077370058
2450,1.1387688971755185,0.015667483373152314,-0.05470040241834228
2500,1.159091519208601,0.017436029437453118,-0.059405285167336834
2550,1.1426210264075536,0.014458801376922702,-0.054795705675365895
2600,1.1472946264872104,0.016570211029963745,-0.05629226479202664
2650,1.15485099036245,0.016345592737774237,-0.058398172781480566
2700,1.145629858493789,0.015183082678411265,-0.055599844299916705
2750,1.1494570977170737,0.016165519581405715,-0.05646231390855904
2800,1.153585642502873,0.016346813261811456,-0.05821605394343842
2850,1.1481118620368138,0.015171060824427133,-0.05555518869862774
2900,1.149617977691565,0.016177960461773968,-0.05681357212845433
2950,1.154160134558721,0.016137843022269425,-0.05774559281343932
3000,1.1480744519986237,0.015167566713790933,-0.05573985935688335
3050,1.151446327116365,0.016304701906400917,-0.05718719939116628
3100,1.152960930404808,0.015725876299350405,-0.05721606493135772
3150,1.1497046152689703,0.015597219333419031,-0.056385436424780104
3200,1.1514346612904078,0.01593520517494955,-0.05687719018001441
3250,1.1532211437051756,0.015902173025953325,-0.05740539150785178
3300,1.1501071056442644,0.015500169793719683,-0.05630729907072501
3350,1.151896271659769,0.01595144869647397,-0.05701716894106756
3400,1.153286004979706,0.01586474869813561,-0.05729962587794762
3450,1.1501164728178608,0.015451415075292501,-0.05629177425431619
3500,1.1528695872654795,0.016059472315911223,-0.057256722806316156
3550,1.1523675093424601,0.015639833980245186,-0.056968017533835784
3600,1.1512277763084515,0.01567184995852368,-0.05664112545385041
3650,1.1525744125589479,0.01587955374910783,-0.05709879028339137
3700,1.1524860232856349,0.01570359290537621,-0.057004243303465645
3750,1.1516123443242663,0.015677570205097708,-0.05671323028118707
3800,1.1524639069743046,0.015827499451865592,-0.05705456728579971
3850,1.1527374940370516,0.015736272631128853,-0.057026607235319264
3900,1.1515322797994074,0.01564013197018043,-0.05670328007148783
3950,1.1528481843722953,0.015861272054463048,-0.057117902481784714
4000,1.1524167489758517,0.015669513689936517,-0.056930724167521256
4050,1.1519341705112487,0.01570709215208024,-0.05681516132739899
4100,1.1527801989703856,0.015801696437272788,-0.05706799448912669
4150,1.15238715859727,0.015686825731055773,-0.056933085318371095
4200,1.1521795679314506,0.01571546859853287,-0.05685848211343796
4250,1.1526691300293714,0.0157754599880435,-0.05704180155226695
4300,1.1524950214241847,0.015700826992660833,-0.05693838979383136
4350,1.1522050527717598,0.015707500845941306,-0.05687400642627876
4400,1.152739123601026,0.015776673428618906,-0.05704286855734569
4450,1.1524322536211633,0.015685610057545433,-0.0569159564850985
4500,1.1523462454075546,0.01572926592354382,-0.056917544094539634
4550,1.152694925082357,0.015749893745890697,-0.05701128777226421
4600,1.152447067994532,0.01569939458510325,-0.05692959856140877
4650,1.15242787561815,0.015726654148814412,-0.05692792325276141
4700,1.1526536445524884,0.015741281684886848,-0.05700057205705599
4750,1.1524881674719478,0.01570610687710325,-0.05693508439994637
4800,1.1524478535536584,0.015721956028572674,-0.05693304427424605
4850,1.15266795942602,0.01574207520690083,-0.0569996884473789
4900,1.152470089753278,0.01570066613027631,-0.05692718590916828
4950,1.1525117163767786,0.01573069863561949,-0.056952178364093324
5000,1.1526324331171018,0.015729829386280033,-0.05698252576637474
5050,1.1524922722992341,0.01570830829620165,-0.05693653078534532
5100,1.1525396688945522,0.01572848671859512,-0.05695580742028083
5150,1.1526082415347552,0.015725565238701788,-0.056974966422207445
5200,1.152520761269522,0.01571321344350598,-0.056943293914817054
5250,1.152540027448638,0.01572450288193057,-0.05695510886736948
5300,1.1526140039397066,0.01572664481780776,-0.05697446887717033
5350,1.1525177162433433,0.015711713055052264,-0.0569421737255632
5400,1.1525628324416561,0.01572682089471019,-0.05696098965362744
5450,1.1525989896337085,0.015722492482045203,-0.0569679502042647
5500,1.1525288819092552,0.01571474066975034,-0.05694649770049825
5550,1.1525739187584194,0.015725679778304504,-0.05696209183013167
5600,1.1525859457494265,0.015720743589369236,-0.056964293173616946
5650,1.152544885958935,0.015717150740905506,-0.056950369454826504
5700,1.1525717286474557,0.015723602973502112,-0.05696116738313078
5750,1.1525867104436573,0.015721231824915326,-0.05696364810121312
5800,1.1525476882176806,0.01571702836644492,-0.05695116519282422
5850,1.152577448843806,0.015723863237720643,-0.05696244381929865
5900,1.1525815420746133,0.015719971058683436,-0.05696127051739996
5950,1.1525535996525278,0.01571831006731343,-0.05695345801336182
6000,1.1525801305395138,0.015723042960702305,-0.05696215322903014
6050,1.1525768242140455,0.015719575742707822,-0.05696009705521559
6100,1.152560798565283,0.015719237187776708,-0.05695524580412863
6150,1.1525783809870886,0.015722040905892864,-0.05696139379105097
6200,1.152577005419172,0.015719924220805894,-0.05695996389596391
6250,1.1525630470911579,0.01571920846837999,-0.05695580425618962
6300,1.152579539677915,0.015721987711313244,-0.05696157345659452
6350,1.152575144287857,0.015719552569266902,-0.05695911637836614
6400,1.1525662357938216,0.015719736242395605,-0.056956932010744636
6450,1.1525795342220073,0.0157215193522622,-0.056961135840853654
6500,1.1525737429311635,0.015719527579903587,-0.05695879874684783
6550,1.1525694785486063,0.015720092048001826,-0.05695776860853984
6600,1.1525780992186152,0.015721014062065188,-0.05696056842397073
6650,1.1525742559354462,0.01571979212799223,-0.056958924796736414
6700,1.1525705249413942,0.015720033634827726,-0.0569580177485332
6750,1.1525780958564606,0.01572094070097173,-0.05696047821598798
6800,1.1525738241718289,0.01571973238921585,-0.056958723269732996
6850,1.1525718955710422,0.015720196848329336,-0.05695846286945249
6900,1.1525777571575262,0.015720733790419498,-0.05696020749716701
6950,1.1525734892600719,0.015719772169619776,-0.05695867996781539
7000,1.1525732892927947,0.015720314828839812,-0.05695880788403467
7050,1.1525768728277335,0.015720507705414808,-0.05695989149871044
7100,1.15257393626511,0.015719923984349227,-0.05695881157287557
7150,1.1525737315079938,0.01572026719155173,-0.056958905280000964
7200,1.1525766334041254,0.015720459764150395,-0.05695978329442047
7250,1.1525740017089205,0.015719943709057858,-0.056958812159201004
7300,1.1525742225298197,0.015720300029127183,-0.05695905691673469
7350,1.1525763758627767,0.015720376253384297,-0.05695963816560178
7400,1.1525740253387116,0.015719985262723377,-0.056958851069870135
7450,1.1525747313226886,0.015720323066886577,-0.05695917015700879
7500,1.1525759435110243,0.015720288840138125,-0.05695949093609403
7550,1.1525743137545628,0.015720061592091463,-0.05695894224428815
7600,1.1525748779744336,0.015720287812197805,-0.056959191230211696
7650,1.1525757762422577,0.015720270929997178,-0.05695943111388157
7700,1.15257444340387,0.015720082835914723,-0.05695897489599588
7750,1.152575029549933,0.015720286156851785,-0.05695923369799793
7800,1.1525756313229165,0.015720240994517236,-0.05695936358375702
7850,1.152574534484858,0.01572010856718442,-0.056959015640833936
7900,1.1525751849850168,0.015720283231445014,-0.0569592617023093
7950,1.1525754409405087,0.015720210531664856,-0.056959300876326106
8000,1.1525747053569813,0.0157201447062558,-0.05695907038308772
8050,1.152575205169659,0.015720259827074992,-0.056959255157634774
8100,1.152575365364763,0.015720207819859097,-0.056959276618116776
8150,1.1525747980524905,0.015720156610612813,-0.056959096234139577
8200,1.152575233445941,0.015720251974609332,-0.05695925980192528
8250,1.1525753050650587,0.015720200228178754,-0.05695925130733969
8300,1.1525748640567592,0.01572016838254644,-0.056959120888598606
8350,1.152575268937164,0.015720245892270685,-0.056959261732425485
8400,1.1525752302013956,0.01572019144807598,-0.056959228066141836
8450,1.1525749539653047,0.01572018369547026,-0.056959148923862994
8500,1.1525752547504462,0.0157202328160106,-0.056959251514158975
8550,1.15257520373935,0.01572019320899044,-0.05695922058653185
8600,1.1525750065820632,0.015720188912078614,-0.05695916368080311
8650,1.1525752470524835,0.01572022665051035,-0.05695924689956416
8700,1.152575186066287,0.015720192941120797,-0.056959213395618706
8750,1.1525750421331709,0.0157201932863541,-0.056959175906841346
8800,1.1525752471939088,0.015720222300620177,-0.05695924298313864
8850,1.1525751623483862,0.015720191577032114,-0.05695920674109178
8900,1.1525750835985995,0.015720198863819302,-0.05695918838680147
8950,1.1525752312922273,0.015720215873425505,-0.05695923554181192
9000,1.1525751568655227,0.015720193835022545,-0.05695920588355829
9050,1.1525751086151255,0.015720200495884577,-0.056959195098502106
9100,1.1525752197812196,0.015720212489642775,-0.05695923104415689
9150,1.1525751549695877,0.015720195049019548,-0.05695920498266643
9200,1.1525751248094356,0.015720201693641835,-0.05695920025969441
9250,1.1525752135151324,0.015720210183880555,-0.05695922754692106
9300,1.152575150219397,0.015720195533915415,-0.05695920402052911
9350,1.1525751418987908,0.01572020336408112,-0.05695920517330005
9400,1.152575202849943,0.01572020731886495,-0.0569592232454244
9450,1.1525751517614882,0.015720197178661757,-0.05695920503461515
9500,1.152575151914052,0.015720203545093205,-0.056959207643465785
9550,1.1525751950953864,0.015720205796983005,-0.05695922051332652
9600,1.152575154115399,0.01572019823276862,-0.05695920578188823
9650,1.1525751579923198,0.0157202035978716,-0.0569592093926291
9700,1.1525751903658645,0.015720204822046356,-0.05695921850452367
9750,1.1525751547726664,0.015720198832662326,-0.05695920625829048
9800,1.1525751641615993,0.015720203909797545,-0.05695921102384093
9850,1.1525751846406342,0.015720203688557633,-0.05695921639336104
9900,1.1525751573757732,0.01572019977171949,-0.05695920732479847
9950,1.1525751674589422,0.0157202037003873,-0.05695921169612677
10000,1.1525751805607758,0.015720203114398857,-0.056959215049168226
10000,1.1525751805607758,0.015720203114398857,-0.056959215049168226
